"week","property_id","impressions","views","view_rate","days_observed","measurement_scope","source_row_present","adstock_impressions","delta_used"
2024-01-01 00:00:00,"carolina_hurricanes",1690723,424596,0.25113279940002,7,"impressions_views_only_experimental",true,1690723,0.8
2024-01-01 00:00:00,"ducati",578387,0,0,7,"impressions_views_only_experimental",true,578387,0.8
2024-01-01 00:00:00,"f1",0,0,,7,"impressions_views_only_experimental",true,0,0.8
2024-01-01 00:00:00,"fcwc",0,0,,7,"impressions_views_only_experimental",true,0,0.8
2024-01-01 00:00:00,"fifa",0,0,,7,"impressions_views_only_experimental",true,0,0.8
2024-01-01 00:00:00,"fifae",0,0,,7,"impressions_views_only_experimental",true,0,0.8
2024-01-01 00:00:00,"fifaewc",0,0,,7,"impressions_views_only_experimental",true,0,0.8
2024-01-01 00:00:00,"fwc",0,0,,7,"impressions_views_only_experimental",true,0,0.8
2024-01-01 00:00:00,"fwwc",0,0,,7,"impressions_views_only_experimental",true,0,0.8
2024-01-01 00:00:00,"infantino",0,0,,7,"impressions_views_only_experimental",true,0,0.8
2024-01-01 00:00:00,"montreal_canadiens",891006,86723,0.09733155556752704,7,"impressions_views_only_experimental",true,891006,0.8
2024-01-01 00:00:00,"motogp",2913912,0,0,7,"impressions_views_only_experimental",true,2913912,0.8
2024-01-01 00:00:00,"ny_yankees",0,0,,7,"impressions_views_only_experimental",true,0,0.8
2024-01-08 00:00:00,"carolina_hurricanes",1654685,517050,0.31247639278775113,7,"impressions_views_only_experimental",true,3007263.4000000004,0.8
2024-01-08 00:00:00,"ducati",1119792,0,0,7,"impressions_views_only_experimental",true,1582501.6,0.8
2024-01-08 00:00:00,"f1",38300,0,0,7,"impressions_views_only_experimental",true,38300,0.8
2024-01-08 00:00:00,"fcwc",0,0,,7,"impressions_views_only_experimental",true,0,0.8
2024-01-08 00:00:00,"fifa",0,0,,7,"impressions_views_only_experimental",true,0,0.8
2024-01-08 00:00:00,"fifae",0,0,,7,"impressions_views_only_experimental",true,0,0.8
2024-01-08 00:00:00,"fifaewc",0,0,,7,"impressions_views_only_experimental",true,0,0.8
2024-01-08 00:00:00,"fwc",0,0,,7,"impressions_views_only_experimental",true,0,0.8
2024-01-08 00:00:00,"fwwc",0,0,,7,"impressions_views_only_experimental",true,0,0.8
2024-01-08 00:00:00,"infantino",0,0,,7,"impressions_views_only_experimental",true,0,0.8
2024-01-08 00:00:00,"montreal_canadiens",0,0,,7,"impressions_views_only_experimental",true,712804.8,0.8
2024-01-08 00:00:00,"motogp",3758737,0,0,7,"impressions_views_only_experimental",true,6089866.6,0.8
2024-01-08 00:00:00,"ny_yankees",0,0,,7,"impressions_views_only_experimental",true,0,0.8
2024-01-15 00:00:00,"carolina_hurricanes",694103,283638,0.4086396399381648,7,"impressions_views_only_experimental",true,3099913.72,0.8
2024-01-15 00:00:00,"ducati",123053,0,0,7,"impressions_views_only_experimental",true,1389054.2800000003,0.8
2024-01-15 00:00:00,"f1",11637622,0,0,7,"impressions_views_only_experimental",true,11668262,0.8
2024-01-15 00:00:00,"fcwc",0,0,,7,"impressions_views_only_experimental",true,0,0.8
2024-01-15 00:00:00,"fifa",0,0,,7,"impressions_views_only_experimental",true,0,0.8
2024-01-15 00:00:00,"fifae",0,0,,7,"impressions_views_only_experimental",true,0,0.8
2024-01-15 00:00:00,"fifaewc",0,0,,7,"impressions_views_only_experimental",true,0,0.8
2024-01-15 00:00:00,"fwc",0,0,,7,"impressions_views_only_experimental",true,0,0.8
2024-01-15 00:00:00,"fwwc",0,0,,7,"impressions_views_only_experimental",true,0,0.8
2024-01-15 00:00:00,"infantino",0,0,,7,"impressions_views_only_experimental",true,0,0.8
2024-01-15 00:00:00,"montreal_canadiens",0,0,,7,"impressions_views_only_experimental",true,570243.8400000001,0.8
2024-01-15 00:00:00,"motogp",3752040,0,0,7,"impressions_views_only_experimental",true,8623933.280000001,0.8
2024-01-15 00:00:00,"ny_yankees",0,0,,7,"impressions_views_only_experimental",true,0,0.8
2024-01-22 00:00:00,"carolina_hurricanes",3232611,1477654,0.4571085107363676,7,"impressions_views_only_experimental",true,5712541.976,0.8
2024-01-22 00:00:00,"ducati",3020967,0,0,7,"impressions_views_only_experimental",true,4132210.4240000006,0.8
2024-01-22 00:00:00,"f1",0,0,,7,"impressions_views_only_experimental",true,9334609.6,0.8
2024-01-22 00:00:00,"fcwc",0,0,,7,"impressions_views_only_experimental",true,0,0.8
2024-01-22 00:00:00,"fifa",0,0,,7,"impressions_views_only_experimental",true,0,0.8
2024-01-22 00:00:00,"fifae",0,0,,7,"impressions_views_only_experimental",true,0,0.8
2024-01-22 00:00:00,"fifaewc",0,0,,7,"impressions_views_only_experimental",true,0,0.8
2024-01-22 00:00:00,"fwc",0,0,,7,"impressions_views_only_experimental",true,0,0.8
2024-01-22 00:00:00,"fwwc",0,0,,7,"impressions_views_only_experimental",true,0,0.8
2024-01-22 00:00:00,"infantino",0,0,,7,"impressions_views_only_experimental",true,0,0.8
2024-01-22 00:00:00,"montreal_canadiens",0,0,,7,"impressions_views_only_experimental",true,456195.0720000001,0.8
2024-01-22 00:00:00,"motogp",23214206,3119113,0.13436225214853353,7,"impressions_views_only_experimental",true,30113352.624,0.8
2024-01-22 00:00:00,"ny_yankees",0,0,,7,"impressions_views_only_experimental",true,0,0.8
2024-01-29 00:00:00,"carolina_hurricanes",511384,219172,0.4285859549770818,7,"impressions_views_only_experimental",true,5081417.5808,0.8
2024-01-29 00:00:00,"ducati",602039,0,0,7,"impressions_views_only_experimental",true,3907807.3392000007,0.8
2024-01-29 00:00:00,"f1",0,0,,7,"impressions_views_only_experimental",true,7467687.68,0.8
2024-01-29 00:00:00,"fcwc",0,0,,7,"impressions_views_only_experimental",true,0,0.8
2024-01-29 00:00:00,"fifa",0,0,,7,"impressions_views_only_experimental",true,0,0.8
2024-01-29 00:00:00,"fifae",0,0,,7,"impressions_views_only_experimental",true,0,0.8
2024-01-29 00:00:00,"fifaewc",0,0,,7,"impressions_views_only_experimental",true,0,0.8
2024-01-29 00:00:00,"fwc",0,0,,7,"impressions_views_only_experimental",true,0,0.8
2024-01-29 00:00:00,"fwwc",0,0,,7,"impressions_views_only_experimental",true,0,0.8
2024-01-29 00:00:00,"infantino",0,0,,7,"impressions_views_only_experimental",true,0,0.8
2024-01-29 00:00:00,"montreal_canadiens",0,0,,7,"impressions_views_only_experimental",true,364956.0576000001,0.8
2024-01-29 00:00:00,"motogp",27538413,7002732,0.25428959904116477,7,"impressions_views_only_experimental",true,51629095.0992,0.8
2024-01-29 00:00:00,"ny_yankees",0,0,,7,"impressions_views_only_experimental",true,0,0.8
2024-02-05 00:00:00,"carolina_hurricanes",1757831,969199,0.551360739456751,7,"impressions_views_only_experimental",true,5822965.06464,0.8
2024-02-05 00:00:00,"ducati",2447549,0,0,7,"impressions_views_only_experimental",true,5573794.87136,0.8
2024-02-05 00:00:00,"f1",872965,0,0,7,"impressions_views_only_experimental",true,6847115.144,0.8
2024-02-05 00:00:00,"fcwc",0,0,,7,"impressions_views_only_experimental",true,0,0.8
2024-02-05 00:00:00,"fifa",0,0,,7,"impressions_views_only_experimental",true,0,0.8
2024-02-05 00:00:00,"fifae",0,0,,7,"impressions_views_only_experimental",true,0,0.8
2024-02-05 00:00:00,"fifaewc",0,0,,7,"impressions_views_only_experimental",true,0,0.8
2024-02-05 00:00:00,"fwc",0,0,,7,"impressions_views_only_experimental",true,0,0.8
2024-02-05 00:00:00,"fwwc",0,0,,7,"impressions_views_only_experimental",true,0,0.8
2024-02-05 00:00:00,"infantino",0,0,,7,"impressions_views_only_experimental",true,0,0.8
2024-02-05 00:00:00,"montreal_canadiens",0,0,,7,"impressions_views_only_experimental",true,291964.8460800001,0.8
2024-02-05 00:00:00,"motogp",49694833,14549809,0.2927831350192886,7,"impressions_views_only_experimental",true,90998109.07936001,0.8
2024-02-05 00:00:00,"ny_yankees",0,0,,7,"impressions_views_only_experimental",true,0,0.8
2024-02-12 00:00:00,"carolina_hurricanes",2735010,1629130,0.5956577855291205,7,"impressions_views_only_experimental",true,7393382.051712001,0.8
2024-02-12 00:00:00,"ducati",1555392,234870,0.15100373410690038,7,"impressions_views_only_experimental",true,6014427.897088001,0.8
2024-02-12 00:00:00,"f1",0,0,,7,"impressions_views_only_experimental",true,5477692.115200001,0.8
2024-02-12 00:00:00,"fcwc",0,0,,7,"impressions_views_only_experimental",true,0,0.8
2024-02-12 00:00:00,"fifa",0,0,,7,"impressions_views_only_experimental",true,0,0.8
2024-02-12 00:00:00,"fifae",0,0,,7,"impressions_views_only_experimental",true,0,0.8
2024-02-12 00:00:00,"fifaewc",0,0,,7,"impressions_views_only_experimental",true,0,0.8
2024-02-12 00:00:00,"fwc",0,0,,7,"impressions_views_only_experimental",true,0,0.8
2024-02-12 00:00:00,"fwwc",0,0,,7,"impressions_views_only_experimental",true,0,0.8
2024-02-12 00:00:00,"infantino",0,0,,7,"impressions_views_only_experimental",true,0,0.8
2024-02-12 00:00:00,"montreal_canadiens",0,0,,7,"impressions_views_only_experimental",true,233571.8768640001,0.8
2024-02-12 00:00:00,"motogp",18305488,5945539,0.3247954383953053,7,"impressions_views_only_experimental",true,91103975.26348801,0.8
2024-02-12 00:00:00,"ny_yankees",0,0,,7,"impressions_views_only_experimental",true,0,0.8
2024-02-19 00:00:00,"carolina_hurricanes",1446329,727276,0.502842714209561,7,"impressions_views_only_experimental",true,7361034.641369601,0.8
2024-02-19 00:00:00,"ducati",2795637,0,0,7,"impressions_views_only_experimental",true,7607179.3176704,0.8
2024-02-19 00:00:00,"f1",0,0,,7,"impressions_views_only_experimental",true,4382153.692160001,0.8
2024-02-19 00:00:00,"fcwc",0,0,,7,"impressions_views_only_experimental",true,0,0.8
2024-02-19 00:00:00,"fifa",0,0,,7,"impressions_views_only_experimental",true,0,0.8
2024-02-19 00:00:00,"fifae",0,0,,7,"impressions_views_only_experimental",true,0,0.8
2024-02-19 00:00:00,"fifaewc",0,0,,7,"impressions_views_only_experimental",true,0,0.8
2024-02-19 00:00:00,"fwc",0,0,,7,"impressions_views_only_experimental",true,0,0.8
2024-02-19 00:00:00,"fwwc",0,0,,7,"impressions_views_only_experimental",true,0,0.8
2024-02-19 00:00:00,"infantino",0,0,,7,"impressions_views_only_experimental",true,0,0.8
2024-02-19 00:00:00,"montreal_canadiens",59040,33941,0.5748814363143632,7,"impressions_views_only_experimental",true,245897.5014912001,0.8
2024-02-19 00:00:00,"motogp",27171699,10471730,0.3853910644306784,7,"impressions_views_only_experimental",true,100054879.21079041,0.8
2024-02-19 00:00:00,"ny_yankees",0,0,,7,"impressions_views_only_experimental",true,0,0.8
2024-02-26 00:00:00,"carolina_hurricanes",821428,383994,0.4674712817191525,7,"impressions_views_only_experimental",true,6710255.713095681,0.8
2024-02-26 00:00:00,"ducati",91835,0,0,7,"impressions_views_only_experimental",true,6177578.45413632,0.8
2024-02-26 00:00:00,"f1",6031570,936192,0.15521530878361686,7,"impressions_views_only_experimental",true,9537292.953728002,0.8
2024-02-26 00:00:00,"fcwc",0,0,,7,"impressions_views_only_experimental",true,0,0.8
2024-02-26 00:00:00,"fifa",0,0,,7,"impressions_views_only_experimental",true,0,0.8
2024-02-26 00:00:00,"fifae",0,0,,7,"impressions_views_only_experimental",true,0,0.8
2024-02-26 00:00:00,"fifaewc",0,0,,7,"impressions_views_only_experimental",true,0,0.8
2024-02-26 00:00:00,"fwc",0,0,,7,"impressions_views_only_experimental",true,0,0.8
2024-02-26 00:00:00,"fwwc",0,0,,7,"impressions_views_only_experimental",true,0,0.8
2024-02-26 00:00:00,"infantino",0,0,,7,"impressions_views_only_experimental",true,0,0.8
2024-02-26 00:00:00,"montreal_canadiens",0,0,,7,"impressions_views_only_experimental",true,196718.00119296007,0.8
2024-02-26 00:00:00,"motogp",8415180,5927769,0.7044138093302817,7,"impressions_views_only_experimental",true,88459083.36863233,0.8
2024-02-26 00:00:00,"ny_yankees",0,0,,7,"impressions_views_only_experimental",true,0,0.8
2024-03-04 00:00:00,"carolina_hurricanes",1346980,395036,0.29327532702786974,7,"impressions_views_only_experimental",true,6715184.570476545,0.8
2024-03-04 00:00:00,"ducati",4700768,0,0,7,"impressions_views_only_experimental",true,9642830.763309058,0.8
2024-03-04 00:00:00,"f1",12611149,2644480,0.20969381933398773,7,"impressions_views_only_experimental",true,20240983.3629824,0.8
2024-03-04 00:00:00,"fcwc",0,0,,7,"impressions_views_only_experimental",true,0,0.8
2024-03-04 00:00:00,"fifa",0,0,,7,"impressions_views_only_experimental",true,0,0.8
2024-03-04 00:00:00,"fifae",0,0,,7,"impressions_views_only_experimental",true,0,0.8
2024-03-04 00:00:00,"fifaewc",0,0,,7,"impressions_views_only_experimental",true,0,0.8
2024-03-04 00:00:00,"fwc",0,0,,7,"impressions_views_only_experimental",true,0,0.8
2024-03-04 00:00:00,"fwwc",0,0,,7,"impressions_views_only_experimental",true,0,0.8
2024-03-04 00:00:00,"infantino",0,0,,7,"impressions_views_only_experimental",true,0,0.8
2024-03-04 00:00:00,"montreal_canadiens",411200,232323,0.5649878404669261,7,"impressions_views_only_experimental",true,568574.4009543681,0.8
2024-03-04 00:00:00,"motogp",77569438,50056579,0.6453131579991594,7,"impressions_views_only_experimental",true,148336704.69490588,0.8
2024-03-04 00:00:00,"ny_yankees",0,0,,7,"impressions_views_only_experimental",true,0,0.8
2024-03-11 00:00:00,"carolina_hurricanes",3367384,1114306,0.33091147311978675,7,"impressions_views_only_experimental",true,8739531.656381236,0.8
2024-03-11 00:00:00,"ducati",842302,0,0,7,"impressions_views_only_experimental",true,8556566.610647246,0.8
2024-03-11 00:00:00,"f1",57900,0,0,7,"impressions_views_only_experimental",true,16250686.69038592,0.8
2024-03-11 00:00:00,"fcwc",0,0,,7,"impressions_views_only_experimental",true,0,0.8
2024-03-11 00:00:00,"fifa",0,0,,7,"impressions_views_only_experimental",true,0,0.8
2024-03-11 00:00:00,"fifae",0,0,,7,"impressions_views_only_experimental",true,0,0.8
2024-03-11 00:00:00,"fifaewc",0,0,,7,"impressions_views_only_experimental",true,0,0.8
2024-03-11 00:00:00,"fwc",0,0,,7,"impressions_views_only_experimental",true,0,0.8
2024-03-11 00:00:00,"fwwc",0,0,,7,"impressions_views_only_experimental",true,0,0.8
2024-03-11 00:00:00,"infantino",0,0,,7,"impressions_views_only_experimental",true,0,0.8
2024-03-11 00:00:00,"montreal_canadiens",0,0,,7,"impressions_views_only_experimental",true,454859.5207634945,0.8
2024-03-11 00:00:00,"motogp",34093778,10864356,0.3186609591931994,7,"impressions_views_only_experimental",true,152763141.7559247,0.8
2024-03-11 00:00:00,"ny_yankees",0,0,,7,"impressions_views_only_experimental",true,0,0.8
2024-03-18 00:00:00,"carolina_hurricanes",2427365,1326087,0.5463072096697448,7,"impressions_views_only_experimental",true,9418990.32510499,0.8
2024-03-18 00:00:00,"ducati",8700115,0,0,7,"impressions_views_only_experimental",true,15545368.288517797,0.8
2024-03-18 00:00:00,"f1",74780101,19580280,0.2618381058351339,7,"impressions_views_only_experimental",true,87780650.35230874,0.8
2024-03-18 00:00:00,"fcwc",0,0,,7,"impressions_views_only_experimental",true,0,0.8
2024-03-18 00:00:00,"fifa",0,0,,7,"impressions_views_only_experimental",true,0,0.8
2024-03-18 00:00:00,"fifae",0,0,,7,"impressions_views_only_experimental",true,0,0.8
2024-03-18 00:00:00,"fifaewc",0,0,,7,"impressions_views_only_experimental",true,0,0.8
2024-03-18 00:00:00,"fwc",0,0,,7,"impressions_views_only_experimental",true,0,0.8
2024-03-18 00:00:00,"fwwc",0,0,,7,"impressions_views_only_experimental",true,0,0.8
2024-03-18 00:00:00,"infantino",0,0,,7,"impressions_views_only_experimental",true,0,0.8
2024-03-18 00:00:00,"montreal_canadiens",0,0,,7,"impressions_views_only_experimental",true,363887.6166107956,0.8
2024-03-18 00:00:00,"motogp",60275041,34307647,0.5691849633084447,7,"impressions_views_only_experimental",true,182485554.40473977,0.8
2024-03-18 00:00:00,"ny_yankees",0,0,,7,"impressions_views_only_experimental",true,0,0.8
2024-03-25 00:00:00,"carolina_hurricanes",4089690,1681051,0.4110460695064907,7,"impressions_views_only_experimental",true,11624882.260083992,0.8
2024-03-25 00:00:00,"ducati",1279724,0,0,7,"impressions_views_only_experimental",true,13716018.63081424,0.8
2024-03-25 00:00:00,"f1",9625674,3796395,0.39440303089425216,7,"impressions_views_only_experimental",true,79850194.28184699,0.8
2024-03-25 00:00:00,"fcwc",0,0,,7,"impressions_views_only_experimental",true,0,0.8
2024-03-25 00:00:00,"fifa",0,0,,7,"impressions_views_only_experimental",true,0,0.8
2024-03-25 00:00:00,"fifae",0,0,,7,"impressions_views_only_experimental",true,0,0.8
2024-03-25 00:00:00,"fifaewc",0,0,,7,"impressions_views_only_experimental",true,0,0.8
2024-03-25 00:00:00,"fwc",1354708,0,0,7,"impressions_views_only_experimental",true,1354708,0.8
2024-03-25 00:00:00,"fwwc",0,0,,7,"impressions_views_only_experimental",true,0,0.8
2024-03-25 00:00:00,"infantino",0,0,,7,"impressions_views_only_experimental",true,0,0.8
2024-03-25 00:00:00,"montreal_canadiens",0,0,,7,"impressions_views_only_experimental",true,291110.0932886365,0.8
2024-03-25 00:00:00,"motogp",47335991,21259698,0.4491233319695367,7,"impressions_views_only_experimental",true,193324434.52379182,0.8
2024-03-25 00:00:00,"ny_yankees",454236,0,0,7,"impressions_views_only_experimental",true,454236,0.8
2024-04-01 00:00:00,"carolina_hurricanes",2298682,499234,0.2171827160085649,7,"impressions_views_only_experimental",true,11598587.808067193,0.8
2024-04-01 00:00:00,"ducati",494463,0,0,7,"impressions_views_only_experimental",true,11467277.904651392,0.8
2024-04-01 00:00:00,"f1",13457010,2486445,0.184769499316713,7,"impressions_views_only_experimental",true,77337165.4254776,0.8
2024-04-01 00:00:00,"fcwc",0,0,,7,"impressions_views_only_experimental",true,0,0.8
2024-04-01 00:00:00,"fifa",0,0,,7,"impressions_views_only_experimental",true,0,0.8
2024-04-01 00:00:00,"fifae",0,0,,7,"impressions_views_only_experimental",true,0,0.8
2024-04-01 00:00:00,"fifaewc",0,0,,7,"impressions_views_only_experimental",true,0,0.8
2024-04-01 00:00:00,"fwc",0,0,,7,"impressions_views_only_experimental",true,1083766.4000000001,0.8
2024-04-01 00:00:00,"fwwc",0,0,,7,"impressions_views_only_experimental",true,0,0.8
2024-04-01 00:00:00,"infantino",0,0,,7,"impressions_views_only_experimental",true,0,0.8
2024-04-01 00:00:00,"montreal_canadiens",0,0,,7,"impressions_views_only_experimental",true,232888.0746309092,0.8
2024-04-01 00:00:00,"motogp",12132082,8328820,0.686512010057301,7,"impressions_views_only_experimental",true,166791629.61903346,0.8
2024-04-01 00:00:00,"ny_yankees",0,0,,7,"impressions_views_only_experimental",true,363388.80000000005,0.8
2024-04-08 00:00:00,"carolina_hurricanes",3287794,1538352,0.4678979279115419,7,"impressions_views_only_experimental",true,12566664.246453755,0.8
2024-04-08 00:00:00,"ducati",3547554,0,0,7,"impressions_views_only_experimental",true,12721376.323721115,0.8
2024-04-08 00:00:00,"f1",1358648,432172,0.31808974804364337,7,"impressions_views_only_experimental",true,63228380.34038208,0.8
2024-04-08 00:00:00,"fcwc",0,0,,7,"impressions_views_only_experimental",true,0,0.8
2024-04-08 00:00:00,"fifa",0,0,,7,"impressions_views_only_experimental",true,0,0.8
2024-04-08 00:00:00,"fifae",0,0,,7,"impressions_views_only_experimental",true,0,0.8
2024-04-08 00:00:00,"fifaewc",0,0,,7,"impressions_views_only_experimental",true,0,0.8
2024-04-08 00:00:00,"fwc",0,0,,7,"impressions_views_only_experimental",true,867013.1200000001,0.8
2024-04-08 00:00:00,"fwwc",0,0,,7,"impressions_views_only_experimental",true,0,0.8
2024-04-08 00:00:00,"infantino",0,0,,7,"impressions_views_only_experimental",true,0,0.8
2024-04-08 00:00:00,"montreal_canadiens",0,0,,7,"impressions_views_only_experimental",true,186310.45970472737,0.8
2024-04-08 00:00:00,"motogp",13923284,9397990,0.6749837179217202,7,"impressions_views_only_experimental",true,147356587.6952268,0.8
2024-04-08 00:00:00,"ny_yankees",0,0,,7,"impressions_views_only_experimental",true,290711.04000000004,0.8
2024-04-15 00:00:00,"carolina_hurricanes",2104539,779590,0.3704326695775179,7,"impressions_views_only_experimental",true,12157870.397163004,0.8
2024-04-15 00:00:00,"ducati",1877684,0,0,7,"impressions_views_only_experimental",true,12054785.058976892,0.8
2024-04-15 00:00:00,"f1",32339590,455360,0.014080574305363797,7,"impressions_views_only_experimental",true,82922294.27230567,0.8
2024-04-15 00:00:00,"fcwc",0,0,,7,"impressions_views_only_experimental",true,0,0.8
2024-04-15 00:00:00,"fifa",0,0,,7,"impressions_views_only_experimental",true,0,0.8
2024-04-15 00:00:00,"fifae",0,0,,7,"impressions_views_only_experimental",true,0,0.8
2024-04-15 00:00:00,"fifaewc",0,0,,7,"impressions_views_only_experimental",true,0,0.8
2024-04-15 00:00:00,"fwc",0,0,,7,"impressions_views_only_experimental",true,693610.4960000002,0.8
2024-04-15 00:00:00,"fwwc",0,0,,7,"impressions_views_only_experimental",true,0,0.8
2024-04-15 00:00:00,"infantino",0,0,,7,"impressions_views_only_experimental",true,0,0.8
2024-04-15 00:00:00,"montreal_canadiens",0,0,,7,"impressions_views_only_experimental",true,149048.3677637819,0.8
2024-04-15 00:00:00,"motogp",19571138,8491941,0.4339012376285937,7,"impressions_views_only_experimental",true,137456408.15618145,0.8
2024-04-15 00:00:00,"ny_yankees",0,0,,7,"impressions_views_only_experimental",true,232568.83200000005,0.8
2024-04-22 00:00:00,"carolina_hurricanes",4364174,1777208,0.40722665961531324,7,"impressions_views_only_experimental",true,14090470.317730403,0.8
2024-04-22 00:00:00,"ducati",5032853,0,0,7,"impressions_views_only_experimental",true,14676681.047181515,0.8
2024-04-22 00:00:00,"f1",24530589,0,0,7,"impressions_views_only_experimental",true,90868424.41784453,0.8
2024-04-22 00:00:00,"fcwc",0,0,,7,"impressions_views_only_experimental",true,0,0.8
2024-04-22 00:00:00,"fifa",0,0,,7,"impressions_views_only_experimental",true,0,0.8
2024-04-22 00:00:00,"fifae",0,0,,7,"impressions_views_only_experimental",true,0,0.8
2024-04-22 00:00:00,"fifaewc",0,0,,7,"impressions_views_only_experimental",true,0,0.8
2024-04-22 00:00:00,"fwc",0,0,,7,"impressions_views_only_experimental",true,554888.3968000001,0.8
2024-04-22 00:00:00,"fwwc",0,0,,7,"impressions_views_only_experimental",true,0,0.8
2024-04-22 00:00:00,"infantino",0,0,,7,"impressions_views_only_experimental",true,0,0.8
2024-04-22 00:00:00,"montreal_canadiens",0,0,,7,"impressions_views_only_experimental",true,119238.69421102552,0.8
2024-04-22 00:00:00,"motogp",80833757,55351478,0.6847569636037083,7,"impressions_views_only_experimental",true,190798883.52494517,0.8
2024-04-22 00:00:00,"ny_yankees",0,0,,7,"impressions_views_only_experimental",true,186055.06560000006,0.8
2024-04-29 00:00:00,"carolina_hurricanes",2678807,1170816,0.4370662014844668,7,"impressions_views_only_experimental",true,13951183.254184322,0.8
2024-04-29 00:00:00,"ducati",2096741,0,0,7,"impressions_views_only_experimental",true,13838085.837745212,0.8
2024-04-29 00:00:00,"f1",0,0,,7,"impressions_views_only_experimental",true,72694739.53427564,0.8
2024-04-29 00:00:00,"fcwc",0,0,,7,"impressions_views_only_experimental",true,0,0.8
2024-04-29 00:00:00,"fifa",0,0,,7,"impressions_views_only_experimental",true,0,0.8
2024-04-29 00:00:00,"fifae",0,0,,7,"impressions_views_only_experimental",true,0,0.8
2024-04-29 00:00:00,"fifaewc",0,0,,7,"impressions_views_only_experimental",true,0,0.8
2024-04-29 00:00:00,"fwc",0,0,,7,"impressions_views_only_experimental",true,443910.7174400001,0.8
2024-04-29 00:00:00,"fwwc",0,0,,7,"impressions_views_only_experimental",true,0,0.8
2024-04-29 00:00:00,"infantino",0,0,,7,"impressions_views_only_experimental",true,0,0.8
2024-04-29 00:00:00,"montreal_canadiens",0,0,,7,"impressions_views_only_experimental",true,95390.95536882042,0.8
2024-04-29 00:00:00,"motogp",57208231,24583872,0.4297261350381556,7,"impressions_views_only_experimental",true,209847337.81995615,0.8
2024-04-29 00:00:00,"ny_yankees",0,0,,7,"impressions_views_only_experimental",true,148844.05248000004,0.8
2024-05-06 00:00:00,"carolina_hurricanes",2616708,1308324,0.49998853521294695,7,"impressions_views_only_experimental",true,13777654.603347458,0.8
2024-05-06 00:00:00,"ducati",5192707,0,0,7,"impressions_views_only_experimental",true,16263175.67019617,0.8
2024-05-06 00:00:00,"f1",2664159,871003,0.3269335651513292,7,"impressions_views_only_experimental",true,60819950.627420515,0.8
2024-05-06 00:00:00,"fcwc",0,0,,7,"impressions_views_only_experimental",true,0,0.8
2024-05-06 00:00:00,"fifa",0,0,,7,"impressions_views_only_experimental",true,0,0.8
2024-05-06 00:00:00,"fifae",0,0,,7,"impressions_views_only_experimental",true,0,0.8
2024-05-06 00:00:00,"fifaewc",0,0,,7,"impressions_views_only_experimental",true,0,0.8
2024-05-06 00:00:00,"fwc",0,0,,7,"impressions_views_only_experimental",true,355128.5739520001,0.8
2024-05-06 00:00:00,"fwwc",0,0,,7,"impressions_views_only_experimental",true,0,0.8
2024-05-06 00:00:00,"infantino",0,0,,7,"impressions_views_only_experimental",true,0,0.8
2024-05-06 00:00:00,"montreal_canadiens",0,0,,7,"impressions_views_only_experimental",true,76312.76429505633,0.8
2024-05-06 00:00:00,"motogp",60948189,42940831,0.7045464632263315,7,"impressions_views_only_experimental",true,228826059.25596493,0.8
2024-05-06 00:00:00,"ny_yankees",0,0,,7,"impressions_views_only_experimental",true,119075.24198400004,0.8
2024-05-13 00:00:00,"carolina_hurricanes",3420471,1270260,0.3713699078284833,7,"impressions_views_only_experimental",true,14442594.682677967,0.8
2024-05-13 00:00:00,"ducati",404998,0,0,7,"impressions_views_only_experimental",true,13415538.536156937,0.8
2024-05-13 00:00:00,"f1",25786610,20266610,0.7859354137670674,7,"impressions_views_only_experimental",true,74442570.5019364,0.8
2024-05-13 00:00:00,"fcwc",0,0,,7,"impressions_views_only_experimental",true,0,0.8
2024-05-13 00:00:00,"fifa",0,0,,7,"impressions_views_only_experimental",true,0,0.8
2024-05-13 00:00:00,"fifae",0,0,,7,"impressions_views_only_experimental",true,0,0.8
2024-05-13 00:00:00,"fifaewc",0,0,,7,"impressions_views_only_experimental",true,0,0.8
2024-05-13 00:00:00,"fwc",0,0,,7,"impressions_views_only_experimental",true,284102.8591616001,0.8
2024-05-13 00:00:00,"fwwc",0,0,,7,"impressions_views_only_experimental",true,0,0.8
2024-05-13 00:00:00,"infantino",0,0,,7,"impressions_views_only_experimental",true,0,0.8
2024-05-13 00:00:00,"montreal_canadiens",0,0,,7,"impressions_views_only_experimental",true,61050.211436045065,0.8
2024-05-13 00:00:00,"motogp",38591640,8400018,0.21766418840971774,7,"impressions_views_only_experimental",true,221652487.40477195,0.8
2024-05-13 00:00:00,"ny_yankees",0,0,,7,"impressions_views_only_experimental",true,95260.19358720003,0.8
2024-05-20 00:00:00,"carolina_hurricanes",720174,621978,0.8636496180089812,7,"impressions_views_only_experimental",true,12274249.746142374,0.8
2024-05-20 00:00:00,"ducati",6078335,0,0,7,"impressions_views_only_experimental",true,16810765.82892555,0.8
2024-05-20 00:00:00,"f1",52842344,20309310,0.38433779546191216,7,"impressions_views_only_experimental",true,112396400.40154913,0.8
2024-05-20 00:00:00,"fcwc",0,0,,7,"impressions_views_only_experimental",true,0,0.8
2024-05-20 00:00:00,"fifa",0,0,,7,"impressions_views_only_experimental",true,0,0.8
2024-05-20 00:00:00,"fifae",0,0,,7,"impressions_views_only_experimental",true,0,0.8
2024-05-20 00:00:00,"fifaewc",0,0,,7,"impressions_views_only_experimental",true,0,0.8
2024-05-20 00:00:00,"fwc",0,0,,7,"impressions_views_only_experimental",true,227282.2873292801,0.8
2024-05-20 00:00:00,"fwwc",0,0,,7,"impressions_views_only_experimental",true,0,0.8
2024-05-20 00:00:00,"infantino",0,0,,7,"impressions_views_only_experimental",true,0,0.8
2024-05-20 00:00:00,"montreal_canadiens",0,0,,7,"impressions_views_only_experimental",true,48840.16914883605,0.8
2024-05-20 00:00:00,"motogp",31836987,18468904,0.580108412897238,7,"impressions_views_only_experimental",true,209158976.92381757,0.8
2024-05-20 00:00:00,"ny_yankees",0,0,,7,"impressions_views_only_experimental",true,76208.15486976002,0.8
2024-05-27 00:00:00,"carolina_hurricanes",410237,0,0,7,"impressions_views_only_experimental",true,10229636.7969139,0.8
2024-05-27 00:00:00,"ducati",14140922,0,0,7,"impressions_views_only_experimental",true,27589534.66314044,0.8
2024-05-27 00:00:00,"f1",29147703,14737476,0.5056136327449199,7,"impressions_views_only_experimental",true,119064823.32123931,0.8
2024-05-27 00:00:00,"fcwc",0,0,,7,"impressions_views_only_experimental",true,0,0.8
2024-05-27 00:00:00,"fifa",0,0,,7,"impressions_views_only_experimental",true,0,0.8
2024-05-27 00:00:00,"fifae",0,0,,7,"impressions_views_only_experimental",true,0,0.8
2024-05-27 00:00:00,"fifaewc",0,0,,7,"impressions_views_only_experimental",true,0,0.8
2024-05-27 00:00:00,"fwc",0,0,,7,"impressions_views_only_experimental",true,181825.8298634241,0.8
2024-05-27 00:00:00,"fwwc",0,0,,7,"impressions_views_only_experimental",true,0,0.8
2024-05-27 00:00:00,"infantino",0,0,,7,"impressions_views_only_experimental",true,0,0.8
2024-05-27 00:00:00,"montreal_canadiens",0,0,,7,"impressions_views_only_experimental",true,39072.135319068846,0.8
2024-05-27 00:00:00,"motogp",46704393,26554465,0.5685646101855986,7,"impressions_views_only_experimental",true,214031574.53905407,0.8
2024-05-27 00:00:00,"ny_yankees",990022,455061,0.4596473613717675,7,"impressions_views_only_experimental",true,1050988.523895808,0.8
2024-06-03 00:00:00,"carolina_hurricanes",296520,25004,0.08432483474976393,7,"impressions_views_only_experimental",true,8480229.437531121,0.8
2024-06-03 00:00:00,"ducati",10705577,0,0,7,"impressions_views_only_experimental",true,32777204.73051235,0.8
2024-06-03 00:00:00,"f1",55704503,33598673,0.6031590121179252,7,"impressions_views_only_experimental",true,150956361.65699145,0.8
2024-06-03 00:00:00,"fcwc",0,0,,7,"impressions_views_only_experimental",true,0,0.8
2024-06-03 00:00:00,"fifa",0,0,,7,"impressions_views_only_experimental",true,0,0.8
2024-06-03 00:00:00,"fifae",0,0,,7,"impressions_views_only_experimental",true,0,0.8
2024-06-03 00:00:00,"fifaewc",0,0,,7,"impressions_views_only_experimental",true,0,0.8
2024-06-03 00:00:00,"fwc",0,0,,7,"impressions_views_only_experimental",true,145460.6638907393,0.8
2024-06-03 00:00:00,"fwwc",0,0,,7,"impressions_views_only_experimental",true,0,0.8
2024-06-03 00:00:00,"infantino",0,0,,7,"impressions_views_only_experimental",true,0,0.8
2024-06-03 00:00:00,"montreal_canadiens",0,0,,7,"impressions_views_only_experimental",true,31257.70825525508,0.8
2024-06-03 00:00:00,"motogp",42575690,18890604,0.44369460600638533,7,"impressions_views_only_experimental",true,213800949.63124326,0.8
2024-06-03 00:00:00,"ny_yankees",0,0,,7,"impressions_views_only_experimental",true,840790.8191166464,0.8
2024-06-10 00:00:00,"carolina_hurricanes",561291,220288,0.3924666527701317,7,"impressions_views_only_experimental",true,7345474.550024897,0.8
2024-06-10 00:00:00,"ducati",2173958,0,0,7,"impressions_views_only_experimental",true,28395721.78440988,0.8
2024-06-10 00:00:00,"f1",22215239,14866222,0.6691902796994441,7,"impressions_views_only_experimental",true,142980328.32559317,0.8
2024-06-10 00:00:00,"fcwc",0,0,,7,"impressions_views_only_experimental",true,0,0.8
2024-06-10 00:00:00,"fifa",0,0,,7,"impressions_views_only_experimental",true,0,0.8
2024-06-10 00:00:00,"fifae",0,0,,7,"impressions_views_only_experimental",true,0,0.8
2024-06-10 00:00:00,"fifaewc",0,0,,7,"impressions_views_only_experimental",true,0,0.8
2024-06-10 00:00:00,"fwc",0,0,,7,"impressions_views_only_experimental",true,116368.53111259144,0.8
2024-06-10 00:00:00,"fwwc",0,0,,7,"impressions_views_only_experimental",true,0,0.8
2024-06-10 00:00:00,"infantino",0,0,,7,"impressions_views_only_experimental",true,0,0.8
2024-06-10 00:00:00,"montreal_canadiens",0,0,,7,"impressions_views_only_experimental",true,25006.166604204063,0.8
2024-06-10 00:00:00,"motogp",5990106,3506278,0.5853449004074386,7,"impressions_views_only_experimental",true,177030865.70499462,0.8
2024-06-10 00:00:00,"ny_yankees",0,0,,7,"impressions_views_only_experimental",true,672632.6552933172,0.8
2024-06-17 00:00:00,"carolina_hurricanes",745644,306786,0.411437629753609,7,"impressions_views_only_experimental",true,6622023.640019918,0.8
2024-06-17 00:00:00,"ducati",846240,0,0,7,"impressions_views_only_experimental",true,23562817.427527905,0.8
2024-06-17 00:00:00,"f1",23224797,13956130,0.6009150478258217,7,"impressions_views_only_experimental",true,137609059.66047454,0.8
2024-06-17 00:00:00,"fcwc",0,0,,7,"impressions_views_only_experimental",true,0,0.8
2024-06-17 00:00:00,"fifa",0,0,,7,"impressions_views_only_experimental",true,0,0.8
2024-06-17 00:00:00,"fifae",0,0,,7,"impressions_views_only_experimental",true,0,0.8
2024-06-17 00:00:00,"fifaewc",0,0,,7,"impressions_views_only_experimental",true,0,0.8
2024-06-17 00:00:00,"fwc",0,0,,7,"impressions_views_only_experimental",true,93094.82489007316,0.8
2024-06-17 00:00:00,"fwwc",0,0,,7,"impressions_views_only_experimental",true,0,0.8
2024-06-17 00:00:00,"infantino",0,0,,7,"impressions_views_only_experimental",true,0,0.8
2024-06-17 00:00:00,"montreal_canadiens",0,0,,7,"impressions_views_only_experimental",true,20004.93328336325,0.8
2024-06-17 00:00:00,"motogp",5172971,3405340,0.6582948174269679,7,"impressions_views_only_experimental",true,146797663.5639957,0.8
2024-06-17 00:00:00,"ny_yankees",0,0,,7,"impressions_views_only_experimental",true,538106.1242346538,0.8
2024-06-24 00:00:00,"carolina_hurricanes",451258,353401,0.783146226770495,7,"impressions_views_only_experimental",true,5748876.9120159345,0.8
2024-06-24 00:00:00,"ducati",5291582,611332,0.11552915555310302,7,"impressions_views_only_experimental",true,24141835.942022324,0.8
2024-06-24 00:00:00,"f1",31999424,20425321,0.6383027706998726,7,"impressions_views_only_experimental",true,142086671.72837964,0.8
2024-06-24 00:00:00,"fcwc",0,0,,7,"impressions_views_only_experimental",true,0,0.8
2024-06-24 00:00:00,"fifa",0,0,,7,"impressions_views_only_experimental",true,0,0.8
2024-06-24 00:00:00,"fifae",0,0,,7,"impressions_views_only_experimental",true,0,0.8
2024-06-24 00:00:00,"fifaewc",0,0,,7,"impressions_views_only_experimental",true,0,0.8
2024-06-24 00:00:00,"fwc",0,0,,7,"impressions_views_only_experimental",true,74475.85991205853,0.8
2024-06-24 00:00:00,"fwwc",0,0,,7,"impressions_views_only_experimental",true,0,0.8
2024-06-24 00:00:00,"infantino",0,0,,7,"impressions_views_only_experimental",true,0,0.8
2024-06-24 00:00:00,"montreal_canadiens",78873,0,0,7,"impressions_views_only_experimental",true,94876.9466266906,0.8
2024-06-24 00:00:00,"motogp",59994057,43023969,0.7171371824379205,7,"impressions_views_only_experimental",true,177432187.85119656,0.8
2024-06-24 00:00:00,"ny_yankees",0,0,,7,"impressions_views_only_experimental",true,430484.89938772307,0.8
2024-07-01 00:00:00,"carolina_hurricanes",1660403,15790,0.009509739503000176,7,"impressions_views_only_experimental",true,6259504.529612748,0.8
2024-07-01 00:00:00,"ducati",21078569,6836115,0.3243158963969518,7,"impressions_views_only_experimental",true,40392037.75361786,0.8
2024-07-01 00:00:00,"f1",109177676,71954861,0.6590620320586418,7,"impressions_views_only_experimental",true,222847013.38270372,0.8
2024-07-01 00:00:00,"fcwc",0,0,,7,"impressions_views_only_experimental",true,0,0.8
2024-07-01 00:00:00,"fifa",0,0,,7,"impressions_views_only_experimental",true,0,0.8
2024-07-01 00:00:00,"fifae",0,0,,7,"impressions_views_only_experimental",true,0,0.8
2024-07-01 00:00:00,"fifaewc",0,0,,7,"impressions_views_only_experimental",true,0,0.8
2024-07-01 00:00:00,"fwc",0,0,,7,"impressions_views_only_experimental",true,59580.687929646825,0.8
2024-07-01 00:00:00,"fwwc",0,0,,7,"impressions_views_only_experimental",true,0,0.8
2024-07-01 00:00:00,"infantino",0,0,,7,"impressions_views_only_experimental",true,0,0.8
2024-07-01 00:00:00,"montreal_canadiens",0,0,,7,"impressions_views_only_experimental",true,75901.55730135248,0.8
2024-07-01 00:00:00,"motogp",36634616,20853598,0.5692320618291727,7,"impressions_views_only_experimental",true,178580366.28095725,0.8
2024-07-01 00:00:00,"ny_yankees",0,0,,7,"impressions_views_only_experimental",true,344387.9195101785,0.8
2024-07-08 00:00:00,"carolina_hurricanes",34969,0,0,7,"impressions_views_only_experimental",true,5042572.623690198,0.8
2024-07-08 00:00:00,"ducati",1251037,0,0,7,"impressions_views_only_experimental",true,33564667.202894285,0.8
2024-07-08 00:00:00,"f1",23234081,9923414,0.4271059397615081,7,"impressions_views_only_experimental",true,201511691.706163,0.8
2024-07-08 00:00:00,"fcwc",0,0,,7,"impressions_views_only_experimental",true,0,0.8
2024-07-08 00:00:00,"fifa",0,0,,7,"impressions_views_only_experimental",true,0,0.8
2024-07-08 00:00:00,"fifae",0,0,,7,"impressions_views_only_experimental",true,0,0.8
2024-07-08 00:00:00,"fifaewc",0,0,,7,"impressions_views_only_experimental",true,0,0.8
2024-07-08 00:00:00,"fwc",0,0,,7,"impressions_views_only_experimental",true,47664.55034371746,0.8
2024-07-08 00:00:00,"fwwc",0,0,,7,"impressions_views_only_experimental",true,0,0.8
2024-07-08 00:00:00,"infantino",0,0,,7,"impressions_views_only_experimental",true,0,0.8
2024-07-08 00:00:00,"montreal_canadiens",0,0,,7,"impressions_views_only_experimental",true,60721.24584108199,0.8
2024-07-08 00:00:00,"motogp",28441548,9295364,0.3268234204411096,7,"impressions_views_only_experimental",true,171305841.02476582,0.8
2024-07-08 00:00:00,"ny_yankees",0,0,,7,"impressions_views_only_experimental",true,275510.33560814284,0.8
2024-07-15 00:00:00,"carolina_hurricanes",895511,498000,0.5561070718282635,7,"impressions_views_only_experimental",true,4929569.098952159,0.8
2024-07-15 00:00:00,"ducati",1079967,0,0,7,"impressions_views_only_experimental",true,27931700.76231543,0.8
2024-07-15 00:00:00,"f1",46464123,18678266,0.4019932970649204,7,"impressions_views_only_experimental",true,207673476.3649304,0.8
2024-07-15 00:00:00,"fcwc",0,0,,7,"impressions_views_only_experimental",true,0,0.8
2024-07-15 00:00:00,"fifa",0,0,,7,"impressions_views_only_experimental",true,0,0.8
2024-07-15 00:00:00,"fifae",0,0,,7,"impressions_views_only_experimental",true,0,0.8
2024-07-15 00:00:00,"fifaewc",0,0,,7,"impressions_views_only_experimental",true,0,0.8
2024-07-15 00:00:00,"fwc",0,0,,7,"impressions_views_only_experimental",true,38131.64027497397,0.8
2024-07-15 00:00:00,"fwwc",0,0,,7,"impressions_views_only_experimental",true,0,0.8
2024-07-15 00:00:00,"infantino",0,0,,7,"impressions_views_only_experimental",true,0,0.8
2024-07-15 00:00:00,"montreal_canadiens",0,0,,7,"impressions_views_only_experimental",true,48576.99667286559,0.8
2024-07-15 00:00:00,"motogp",22511042,13048957,0.5796691685795797,7,"impressions_views_only_experimental",true,159555714.81981266,0.8
2024-07-15 00:00:00,"ny_yankees",0,0,,7,"impressions_views_only_experimental",true,220408.26848651428,0.8
2024-07-22 00:00:00,"carolina_hurricanes",2516462,2500017,0.9934650314608366,7,"impressions_views_only_experimental",true,6460117.279161727,0.8
2024-07-22 00:00:00,"ducati",9666384,4443716,0.45970820112257077,7,"impressions_views_only_experimental",true,32011744.609852344,0.8
2024-07-22 00:00:00,"f1",46188037,20523378,0.4443440192099959,7,"impressions_views_only_experimental",true,212326818.09194434,0.8
2024-07-22 00:00:00,"fcwc",0,0,,7,"impressions_views_only_experimental",true,0,0.8
2024-07-22 00:00:00,"fifa",0,0,,7,"impressions_views_only_experimental",true,0,0.8
2024-07-22 00:00:00,"fifae",0,0,,7,"impressions_views_only_experimental",true,0,0.8
2024-07-22 00:00:00,"fifaewc",0,0,,7,"impressions_views_only_experimental",true,0,0.8
2024-07-22 00:00:00,"fwc",0,0,,7,"impressions_views_only_experimental",true,30505.31221997918,0.8
2024-07-22 00:00:00,"fwwc",0,0,,7,"impressions_views_only_experimental",true,0,0.8
2024-07-22 00:00:00,"infantino",0,0,,7,"impressions_views_only_experimental",true,0,0.8
2024-07-22 00:00:00,"montreal_canadiens",0,0,,7,"impressions_views_only_experimental",true,38861.59733829248,0.8
2024-07-22 00:00:00,"motogp",15815264,8984241,0.5680740454285177,7,"impressions_views_only_experimental",true,143459835.85585013,0.8
2024-07-22 00:00:00,"ny_yankees",0,0,,7,"impressions_views_only_experimental",true,176326.61478921142,0.8
2024-07-29 00:00:00,"carolina_hurricanes",906802,0,0,7,"impressions_views_only_experimental",true,6074895.823329382,0.8
2024-07-29 00:00:00,"ducati",7326912,1566327,0.21377723657660963,7,"impressions_views_only_experimental",true,32936307.687881876,0.8
2024-07-29 00:00:00,"f1",24692568,22698343,0.9192378451686354,7,"impressions_views_only_experimental",true,194554022.47355548,0.8
2024-07-29 00:00:00,"fcwc",0,0,,7,"impressions_views_only_experimental",true,0,0.8
2024-07-29 00:00:00,"fifa",0,0,,7,"impressions_views_only_experimental",true,0,0.8
2024-07-29 00:00:00,"fifae",0,0,,7,"impressions_views_only_experimental",true,0,0.8
2024-07-29 00:00:00,"fifaewc",0,0,,7,"impressions_views_only_experimental",true,0,0.8
2024-07-29 00:00:00,"fwc",0,0,,7,"impressions_views_only_experimental",true,24404.249775983346,0.8
2024-07-29 00:00:00,"fwwc",0,0,,7,"impressions_views_only_experimental",true,0,0.8
2024-07-29 00:00:00,"infantino",0,0,,7,"impressions_views_only_experimental",true,0,0.8
2024-07-29 00:00:00,"montreal_canadiens",0,0,,7,"impressions_views_only_experimental",true,31089.277870633985,0.8
2024-07-29 00:00:00,"motogp",63030100,45903541,0.7282796790739663,7,"impressions_views_only_experimental",true,177797968.6846801,0.8
2024-07-29 00:00:00,"ny_yankees",94815,71737,0.7565996941412224,7,"impressions_views_only_experimental",true,235876.29183136913,0.8
2024-08-05 00:00:00,"carolina_hurricanes",354524,193891,0.5469051460549921,7,"impressions_views_only_experimental",true,5214440.658663506,0.8
2024-08-05 00:00:00,"ducati",910301,0,0,7,"impressions_views_only_experimental",true,27259347.150305502,0.8
2024-08-05 00:00:00,"f1",42103528,7213633,0.17133084429409337,7,"impressions_views_only_experimental",true,197746745.97884437,0.8
2024-08-05 00:00:00,"fcwc",0,0,,7,"impressions_views_only_experimental",true,0,0.8
2024-08-05 00:00:00,"fifa",0,0,,7,"impressions_views_only_experimental",true,0,0.8
2024-08-05 00:00:00,"fifae",0,0,,7,"impressions_views_only_experimental",true,0,0.8
2024-08-05 00:00:00,"fifaewc",0,0,,7,"impressions_views_only_experimental",true,0,0.8
2024-08-05 00:00:00,"fwc",0,0,,7,"impressions_views_only_experimental",true,19523.39982078668,0.8
2024-08-05 00:00:00,"fwwc",0,0,,7,"impressions_views_only_experimental",true,0,0.8
2024-08-05 00:00:00,"infantino",0,0,,7,"impressions_views_only_experimental",true,0,0.8
2024-08-05 00:00:00,"montreal_canadiens",0,0,,7,"impressions_views_only_experimental",true,24871.42229650719,0.8
2024-08-05 00:00:00,"motogp",35165064,12804802,0.3641341872717763,7,"impressions_views_only_experimental",true,177403438.9477441,0.8
2024-08-05 00:00:00,"ny_yankees",0,0,,7,"impressions_views_only_experimental",true,188701.03346509533,0.8
2024-08-12 00:00:00,"carolina_hurricanes",0,0,,7,"impressions_views_only_experimental",true,4171552.526930805,0.8
2024-08-12 00:00:00,"ducati",3290201,0,0,7,"impressions_views_only_experimental",true,25097678.720244404,0.8
2024-08-12 00:00:00,"f1",19747174,18147335,0.9189839011901146,7,"impressions_views_only_experimental",true,177944570.7830755,0.8
2024-08-12 00:00:00,"fcwc",0,0,,7,"impressions_views_only_experimental",true,0,0.8
2024-08-12 00:00:00,"fifa",0,0,,7,"impressions_views_only_experimental",true,0,0.8
2024-08-12 00:00:00,"fifae",0,0,,7,"impressions_views_only_experimental",true,0,0.8
2024-08-12 00:00:00,"fifaewc",0,0,,7,"impressions_views_only_experimental",true,0,0.8
2024-08-12 00:00:00,"fwc",0,0,,7,"impressions_views_only_experimental",true,15618.719856629345,0.8
2024-08-12 00:00:00,"fwwc",0,0,,7,"impressions_views_only_experimental",true,0,0.8
2024-08-12 00:00:00,"infantino",0,0,,7,"impressions_views_only_experimental",true,0,0.8
2024-08-12 00:00:00,"montreal_canadiens",0,0,,7,"impressions_views_only_experimental",true,19897.13783720575,0.8
2024-08-12 00:00:00,"motogp",41294757,28717618,0.695430124458657,7,"impressions_views_only_experimental",true,183217508.1581953,0.8
2024-08-12 00:00:00,"ny_yankees",110395,107724,0.9758050636351284,7,"impressions_views_only_experimental",true,261355.82677207628,0.8
2024-08-19 00:00:00,"carolina_hurricanes",408068,50018,0.12257270847015693,7,"impressions_views_only_experimental",true,3745310.021544644,0.8
2024-08-19 00:00:00,"ducati",487584,0,0,7,"impressions_views_only_experimental",true,20565726.976195525,0.8
2024-08-19 00:00:00,"f1",85958804,44955540,0.5229893612758968,7,"impressions_views_only_experimental",true,228314460.6264604,0.8
2024-08-19 00:00:00,"fcwc",0,0,,7,"impressions_views_only_experimental",true,0,0.8
2024-08-19 00:00:00,"fifa",0,0,,7,"impressions_views_only_experimental",true,0,0.8
2024-08-19 00:00:00,"fifae",0,0,,7,"impressions_views_only_experimental",true,0,0.8
2024-08-19 00:00:00,"fifaewc",0,0,,7,"impressions_views_only_experimental",true,0,0.8
2024-08-19 00:00:00,"fwc",0,0,,7,"impressions_views_only_experimental",true,12494.975885303476,0.8
2024-08-19 00:00:00,"fwwc",0,0,,7,"impressions_views_only_experimental",true,0,0.8
2024-08-19 00:00:00,"infantino",0,0,,7,"impressions_views_only_experimental",true,0,0.8
2024-08-19 00:00:00,"montreal_canadiens",0,0,,7,"impressions_views_only_experimental",true,15917.710269764602,0.8
2024-08-19 00:00:00,"motogp",28450553,7073309,0.2486176279244906,7,"impressions_views_only_experimental",true,175024559.52655622,0.8
2024-08-19 00:00:00,"ny_yankees",0,0,,7,"impressions_views_only_experimental",true,209084.66141766103,0.8
2024-08-26 00:00:00,"carolina_hurricanes",2222639,302755,0.13621420302622242,7,"impressions_views_only_experimental",true,5218887.017235715,0.8
2024-08-26 00:00:00,"ducati",2215995,0,0,7,"impressions_views_only_experimental",true,18668576.58095642,0.8
2024-08-26 00:00:00,"f1",81991457,44100503,0.5378670487585067,7,"impressions_views_only_experimental",true,264643025.50116834,0.8
2024-08-26 00:00:00,"fcwc",0,0,,7,"impressions_views_only_experimental",true,0,0.8
2024-08-26 00:00:00,"fifa",0,0,,7,"impressions_views_only_experimental",true,0,0.8
2024-08-26 00:00:00,"fifae",0,0,,7,"impressions_views_only_experimental",true,0,0.8
2024-08-26 00:00:00,"fifaewc",0,0,,7,"impressions_views_only_experimental",true,0,0.8
2024-08-26 00:00:00,"fwc",0,0,,7,"impressions_views_only_experimental",true,9995.980708242781,0.8
2024-08-26 00:00:00,"fwwc",0,0,,7,"impressions_views_only_experimental",true,0,0.8
2024-08-26 00:00:00,"infantino",0,0,,7,"impressions_views_only_experimental",true,0,0.8
2024-08-26 00:00:00,"montreal_canadiens",0,0,,7,"impressions_views_only_experimental",true,12734.168215811682,0.8
2024-08-26 00:00:00,"motogp",49090828,36853966,0.7507301771320704,7,"impressions_views_only_experimental",true,189110475.621245,0.8
2024-08-26 00:00:00,"ny_yankees",0,0,,7,"impressions_views_only_experimental",true,167267.72913412884,0.8
2024-09-02 00:00:00,"carolina_hurricanes",234048,113134,0.4833794777139732,7,"impressions_views_only_experimental",true,4409157.613788572,0.8
2024-09-02 00:00:00,"ducati",8793217,1461941,0.16625780985502803,7,"impressions_views_only_experimental",true,23728078.264765136,0.8
2024-09-02 00:00:00,"f1",23312257,13177899,0.5652776991948913,7,"impressions_views_only_experimental",true,235026677.4009347,0.8
2024-09-02 00:00:00,"fcwc",0,0,,7,"impressions_views_only_experimental",true,0,0.8
2024-09-02 00:00:00,"fifa",0,0,,7,"impressions_views_only_experimental",true,0,0.8
2024-09-02 00:00:00,"fifae",0,0,,7,"impressions_views_only_experimental",true,0,0.8
2024-09-02 00:00:00,"fifaewc",0,0,,7,"impressions_views_only_experimental",true,0,0.8
2024-09-02 00:00:00,"fwc",1195421,0,0,7,"impressions_views_only_experimental",true,1203417.7845665943,0.8
2024-09-02 00:00:00,"fwwc",0,0,,7,"impressions_views_only_experimental",true,0,0.8
2024-09-02 00:00:00,"infantino",0,0,,7,"impressions_views_only_experimental",true,0,0.8
2024-09-02 00:00:00,"montreal_canadiens",0,0,,7,"impressions_views_only_experimental",true,10187.334572649346,0.8
2024-09-02 00:00:00,"motogp",46719623,30003799,0.642209784098643,7,"impressions_views_only_experimental",true,198008003.49699602,0.8
2024-09-02 00:00:00,"ny_yankees",0,0,,7,"impressions_views_only_experimental",true,133814.1833073031,0.8
2024-09-09 00:00:00,"carolina_hurricanes",476018,0,0,7,"impressions_views_only_experimental",true,4003344.091030858,0.8
2024-09-09 00:00:00,"ducati",1381365,0,0,7,"impressions_views_only_experimental",true,20363827.61181211,0.8
2024-09-09 00:00:00,"f1",8274298,6658299,0.8046965434409058,7,"impressions_views_only_experimental",true,196295639.92074776,0.8
2024-09-09 00:00:00,"fcwc",0,0,,7,"impressions_views_only_experimental",true,0,0.8
2024-09-09 00:00:00,"fifa",0,0,,7,"impressions_views_only_experimental",true,0,0.8
2024-09-09 00:00:00,"fifae",0,0,,7,"impressions_views_only_experimental",true,0,0.8
2024-09-09 00:00:00,"fifaewc",0,0,,7,"impressions_views_only_experimental",true,0,0.8
2024-09-09 00:00:00,"fwc",0,0,,7,"impressions_views_only_experimental",true,962734.2276532755,0.8
2024-09-09 00:00:00,"fwwc",0,0,,7,"impressions_views_only_experimental",true,0,0.8
2024-09-09 00:00:00,"infantino",0,0,,7,"impressions_views_only_experimental",true,0,0.8
2024-09-09 00:00:00,"montreal_canadiens",120079,43124,0.3591302392591544,7,"impressions_views_only_experimental",true,128228.86765811947,0.8
2024-09-09 00:00:00,"motogp",12858683,8658330,0.6733450074163894,7,"impressions_views_only_experimental",true,171265085.7975968,0.8
2024-09-09 00:00:00,"ny_yankees",0,0,,7,"impressions_views_only_experimental",true,107051.34664584248,0.8
2024-09-16 00:00:00,"carolina_hurricanes",661345,273819,0.4140335225941075,7,"impressions_views_only_experimental",true,3864020.2728246865,0.8
2024-09-16 00:00:00,"ducati",6641837,0,0,7,"impressions_views_only_experimental",true,22932899.08944969,0.8
2024-09-16 00:00:00,"f1",32717633,13727566,0.4195769907927019,7,"impressions_views_only_experimental",true,189754144.9365982,0.8
2024-09-16 00:00:00,"fcwc",0,0,,7,"impressions_views_only_experimental",true,0,0.8
2024-09-16 00:00:00,"fifa",0,0,,7,"impressions_views_only_experimental",true,0,0.8
2024-09-16 00:00:00,"fifae",0,0,,7,"impressions_views_only_experimental",true,0,0.8
2024-09-16 00:00:00,"fifaewc",0,0,,7,"impressions_views_only_experimental",true,0,0.8
2024-09-16 00:00:00,"fwc",0,0,,7,"impressions_views_only_experimental",true,770187.3821226205,0.8
2024-09-16 00:00:00,"fwwc",0,0,,7,"impressions_views_only_experimental",true,0,0.8
2024-09-16 00:00:00,"infantino",0,0,,7,"impressions_views_only_experimental",true,0,0.8
2024-09-16 00:00:00,"montreal_canadiens",0,0,,7,"impressions_views_only_experimental",true,102583.09412649559,0.8
2024-09-16 00:00:00,"motogp",72982222,53244607,0.7295558499164359,7,"impressions_views_only_experimental",true,209994290.63807747,0.8
2024-09-16 00:00:00,"ny_yankees",0,0,,7,"impressions_views_only_experimental",true,85641.077316674,0.8
2024-09-23 00:00:00,"carolina_hurricanes",818979,148782,0.18166766180817823,7,"impressions_views_only_experimental",true,3910195.2182597495,0.8
2024-09-23 00:00:00,"ducati",5583594,0,0,7,"impressions_views_only_experimental",true,23929913.271559753,0.8
2024-09-23 00:00:00,"f1",6965213,5222859,0.7498491431633175,7,"impressions_views_only_experimental",true,158768528.94927856,0.8
2024-09-23 00:00:00,"fcwc",0,0,,7,"impressions_views_only_experimental",true,0,0.8
2024-09-23 00:00:00,"fifa",0,0,,7,"impressions_views_only_experimental",true,0,0.8
2024-09-23 00:00:00,"fifae",0,0,,7,"impressions_views_only_experimental",true,0,0.8
2024-09-23 00:00:00,"fifaewc",0,0,,7,"impressions_views_only_experimental",true,0,0.8
2024-09-23 00:00:00,"fwc",0,0,,7,"impressions_views_only_experimental",true,616149.9056980964,0.8
2024-09-23 00:00:00,"fwwc",0,0,,7,"impressions_views_only_experimental",true,0,0.8
2024-09-23 00:00:00,"infantino",0,0,,7,"impressions_views_only_experimental",true,0,0.8
2024-09-23 00:00:00,"montreal_canadiens",0,0,,7,"impressions_views_only_experimental",true,82066.47530119648,0.8
2024-09-23 00:00:00,"motogp",113325135,84067528,0.7418259682637925,7,"impressions_views_only_experimental",true,281320567.510462,0.8
2024-09-23 00:00:00,"ny_yankees",0,0,,7,"impressions_views_only_experimental",true,68512.8618533392,0.8
2024-09-30 00:00:00,"carolina_hurricanes",382631,115226,0.3011413084669041,7,"impressions_views_only_experimental",true,3510787.1746078,0.8
2024-09-30 00:00:00,"ducati",5872368,0,0,7,"impressions_views_only_experimental",true,25016298.6172478,0.8
2024-09-30 00:00:00,"f1",15992460,6557934,0.4100641177154734,7,"impressions_views_only_experimental",true,143007283.15942287,0.8
2024-09-30 00:00:00,"fcwc",0,0,,7,"impressions_views_only_experimental",true,0,0.8
2024-09-30 00:00:00,"fifa",0,0,,7,"impressions_views_only_experimental",true,0,0.8
2024-09-30 00:00:00,"fifae",0,0,,7,"impressions_views_only_experimental",true,0,0.8
2024-09-30 00:00:00,"fifaewc",0,0,,7,"impressions_views_only_experimental",true,0,0.8
2024-09-30 00:00:00,"fwc",0,0,,7,"impressions_views_only_experimental",true,492919.9245584771,0.8
2024-09-30 00:00:00,"fwwc",0,0,,7,"impressions_views_only_experimental",true,0,0.8
2024-09-30 00:00:00,"infantino",0,0,,7,"impressions_views_only_experimental",true,0,0.8
2024-09-30 00:00:00,"montreal_canadiens",0,0,,7,"impressions_views_only_experimental",true,65653.18024095718,0.8
2024-09-30 00:00:00,"motogp",130430247,90608642,0.6946904118030229,7,"impressions_views_only_experimental",true,355486701.00836957,0.8
2024-09-30 00:00:00,"ny_yankees",0,0,,7,"impressions_views_only_experimental",true,54810.28948267136,0.8
2024-10-07 00:00:00,"carolina_hurricanes",2051290,534602,0.2606174651073227,7,"impressions_views_only_experimental",true,4859919.7396862395,0.8
2024-10-07 00:00:00,"ducati",3161507,0,0,7,"impressions_views_only_experimental",true,23174545.893798243,0.8
2024-10-07 00:00:00,"f1",30047743,15401898,0.5125808617306131,7,"impressions_views_only_experimental",true,144453569.5275383,0.8
2024-10-07 00:00:00,"fcwc",0,0,,7,"impressions_views_only_experimental",true,0,0.8
2024-10-07 00:00:00,"fifa",0,0,,7,"impressions_views_only_experimental",true,0,0.8
2024-10-07 00:00:00,"fifae",0,0,,7,"impressions_views_only_experimental",true,0,0.8
2024-10-07 00:00:00,"fifaewc",0,0,,7,"impressions_views_only_experimental",true,0,0.8
2024-10-07 00:00:00,"fwc",0,0,,7,"impressions_views_only_experimental",true,394335.9396467817,0.8
2024-10-07 00:00:00,"fwwc",0,0,,7,"impressions_views_only_experimental",true,0,0.8
2024-10-07 00:00:00,"infantino",0,0,,7,"impressions_views_only_experimental",true,0,0.8
2024-10-07 00:00:00,"montreal_canadiens",0,0,,7,"impressions_views_only_experimental",true,52522.54419276575,0.8
2024-10-07 00:00:00,"motogp",34095813,12020644,0.352554843024274,7,"impressions_views_only_experimental",true,318485173.80669564,0.8
2024-10-07 00:00:00,"ny_yankees",0,0,,7,"impressions_views_only_experimental",true,43848.23158613709,0.8
2024-10-14 00:00:00,"carolina_hurricanes",3791046,1481594,0.39081403918601887,7,"impressions_views_only_experimental",true,7678981.791748991,0.8
2024-10-14 00:00:00,"ducati",9825619,0,0,7,"impressions_views_only_experimental",true,28365255.715038594,0.8
2024-10-14 00:00:00,"f1",66643144,35776783,0.5368411640363185,7,"impressions_views_only_experimental",true,182205999.62203065,0.8
2024-10-14 00:00:00,"fcwc",0,0,,7,"impressions_views_only_experimental",true,0,0.8
2024-10-14 00:00:00,"fifa",15133,0,0,7,"impressions_views_only_experimental",true,15133,0.8
2024-10-14 00:00:00,"fifae",0,0,,7,"impressions_views_only_experimental",true,0,0.8
2024-10-14 00:00:00,"fifaewc",0,0,,7,"impressions_views_only_experimental",true,0,0.8
2024-10-14 00:00:00,"fwc",0,0,,7,"impressions_views_only_experimental",true,315468.7517174254,0.8
2024-10-14 00:00:00,"fwwc",0,0,,7,"impressions_views_only_experimental",true,0,0.8
2024-10-14 00:00:00,"infantino",210621,0,0,7,"impressions_views_only_experimental",true,210621,0.8
2024-10-14 00:00:00,"montreal_canadiens",0,0,,7,"impressions_views_only_experimental",true,42018.0353542126,0.8
2024-10-14 00:00:00,"motogp",29567933,20693121,0.6998501045034159,7,"impressions_views_only_experimental",true,284356072.0453565,0.8
2024-10-14 00:00:00,"ny_yankees",0,0,,7,"impressions_views_only_experimental",true,35078.58526890967,0.8
2024-10-21 00:00:00,"carolina_hurricanes",2157673,945523,0.4382142243055366,7,"impressions_views_only_experimental",true,8300858.433399193,0.8
2024-10-21 00:00:00,"ducati",9222180,0,0,7,"impressions_views_only_experimental",true,31914384.572030876,0.8
2024-10-21 00:00:00,"f1",87901170,47375659,0.5389650558689947,7,"impressions_views_only_experimental",true,233665969.69762453,0.8
2024-10-21 00:00:00,"fcwc",0,0,,7,"impressions_views_only_experimental",true,0,0.8
2024-10-21 00:00:00,"fifa",0,0,,7,"impressions_views_only_experimental",true,12106.400000000001,0.8
2024-10-21 00:00:00,"fifae",0,0,,7,"impressions_views_only_experimental",true,0,0.8
2024-10-21 00:00:00,"fifaewc",0,0,,7,"impressions_views_only_experimental",true,0,0.8
2024-10-21 00:00:00,"fwc",0,0,,7,"impressions_views_only_experimental",true,252375.00137394035,0.8
2024-10-21 00:00:00,"fwwc",0,0,,7,"impressions_views_only_experimental",true,0,0.8
2024-10-21 00:00:00,"infantino",0,0,,7,"impressions_views_only_experimental",true,168496.80000000002,0.8
2024-10-21 00:00:00,"montreal_canadiens",405242,401609,0.9910349865018927,7,"impressions_views_only_experimental",true,438856.4282833701,0.8
2024-10-21 00:00:00,"motogp",45234965,29660582,0.6557003415388959,7,"impressions_views_only_experimental",true,272719822.6362852,0.8
2024-10-21 00:00:00,"ny_yankees",0,0,,7,"impressions_views_only_experimental",true,28062.86821512774,0.8
2024-10-28 00:00:00,"carolina_hurricanes",3593905,2058738,0.5728415191831726,7,"impressions_views_only_experimental",true,10234591.746719355,0.8
2024-10-28 00:00:00,"ducati",9483603,0,0,7,"impressions_views_only_experimental",true,35015110.65762471,0.8
2024-10-28 00:00:00,"f1",147219498,77624410,0.5272699000780454,7,"impressions_views_only_experimental",true,334152273.7580997,0.8
2024-10-28 00:00:00,"fcwc",0,0,,7,"impressions_views_only_experimental",true,0,0.8
2024-10-28 00:00:00,"fifa",0,0,,7,"impressions_views_only_experimental",true,9685.12,0.8
2024-10-28 00:00:00,"fifae",0,0,,7,"impressions_views_only_experimental",true,0,0.8
2024-10-28 00:00:00,"fifaewc",0,0,,7,"impressions_views_only_experimental",true,0,0.8
2024-10-28 00:00:00,"fwc",0,0,,7,"impressions_views_only_experimental",true,201900.0010991523,0.8
2024-10-28 00:00:00,"fwwc",0,0,,7,"impressions_views_only_experimental",true,0,0.8
2024-10-28 00:00:00,"infantino",0,0,,7,"impressions_views_only_experimental",true,134797.44000000003,0.8
2024-10-28 00:00:00,"montreal_canadiens",0,0,,7,"impressions_views_only_experimental",true,351085.1426266961,0.8
2024-10-28 00:00:00,"motogp",131746027,89506302,0.6793852083296599,7,"impressions_views_only_experimental",true,349921885.10902816,0.8
2024-10-28 00:00:00,"ny_yankees",0,0,,7,"impressions_views_only_experimental",true,22450.294572102193,0.8
2024-11-04 00:00:00,"carolina_hurricanes",2123645,966771,0.45524134212639117,7,"impressions_views_only_experimental",true,10311318.397375483,0.8
2024-11-04 00:00:00,"ducati",1208410,0,0,7,"impressions_views_only_experimental",true,29220498.526099768,0.8
2024-11-04 00:00:00,"f1",84471316,65457767,0.7749111781329416,7,"impressions_views_only_experimental",true,351793135.00647974,0.8
2024-11-04 00:00:00,"fcwc",0,0,,7,"impressions_views_only_experimental",true,0,0.8
2024-11-04 00:00:00,"fifa",0,0,,7,"impressions_views_only_experimental",true,7748.096000000001,0.8
2024-11-04 00:00:00,"fifae",0,0,,7,"impressions_views_only_experimental",true,0,0.8
2024-11-04 00:00:00,"fifaewc",0,0,,7,"impressions_views_only_experimental",true,0,0.8
2024-11-04 00:00:00,"fwc",0,0,,7,"impressions_views_only_experimental",true,161520.00087932183,0.8
2024-11-04 00:00:00,"fwwc",0,0,,7,"impressions_views_only_experimental",true,0,0.8
2024-11-04 00:00:00,"infantino",0,0,,7,"impressions_views_only_experimental",true,107837.95200000003,0.8
2024-11-04 00:00:00,"montreal_canadiens",0,0,,7,"impressions_views_only_experimental",true,280868.1141013569,0.8
2024-11-04 00:00:00,"motogp",39744181,16507045,0.4153323728069777,7,"impressions_views_only_experimental",true,319681689.0872225,0.8
2024-11-04 00:00:00,"ny_yankees",0,0,,7,"impressions_views_only_experimental",true,17960.235657681755,0.8
2024-11-11 00:00:00,"carolina_hurricanes",1159869,432449,0.37284296761099744,7,"impressions_views_only_experimental",true,9408923.717900388,0.8
2024-11-11 00:00:00,"ducati",10834316,0,0,7,"impressions_views_only_experimental",true,34210714.82087982,0.8
2024-11-11 00:00:00,"f1",9079004,6867116,0.7563732761875642,7,"impressions_views_only_experimental",true,290513512.0051838,0.8
2024-11-11 00:00:00,"fcwc",0,0,,7,"impressions_views_only_experimental",true,0,0.8
2024-11-11 00:00:00,"fifa",0,0,,7,"impressions_views_only_experimental",true,6198.476800000001,0.8
2024-11-11 00:00:00,"fifae",0,0,,7,"impressions_views_only_experimental",true,0,0.8
2024-11-11 00:00:00,"fifaewc",0,0,,7,"impressions_views_only_experimental",true,0,0.8
2024-11-11 00:00:00,"fwc",0,0,,7,"impressions_views_only_experimental",true,129216.00070345747,0.8
2024-11-11 00:00:00,"fwwc",0,0,,7,"impressions_views_only_experimental",true,0,0.8
2024-11-11 00:00:00,"infantino",0,0,,7,"impressions_views_only_experimental",true,86270.36160000003,0.8
2024-11-11 00:00:00,"montreal_canadiens",54937,18031,0.3282123159255147,7,"impressions_views_only_experimental",true,279631.49128108553,0.8
2024-11-11 00:00:00,"motogp",76926573,43974425,0.5716415444634457,7,"impressions_views_only_experimental",true,332671924.269778,0.8
2024-11-11 00:00:00,"ny_yankees",0,0,,7,"impressions_views_only_experimental",true,14368.188526145404,0.8
2024-11-18 00:00:00,"carolina_hurricanes",1340145,258021,0.19253215137167992,7,"impressions_views_only_experimental",true,8867283.974320311,0.8
2024-11-18 00:00:00,"ducati",7665217,0,0,7,"impressions_views_only_experimental",true,35033788.856703855,0.8
2024-11-18 00:00:00,"f1",27074789,9711547,0.3586933586075223,7,"impressions_views_only_experimental",true,259485598.60414708,0.8
2024-11-18 00:00:00,"fcwc",0,0,,7,"impressions_views_only_experimental",true,0,0.8
2024-11-18 00:00:00,"fifa",0,0,,7,"impressions_views_only_experimental",true,4958.781440000002,0.8
2024-11-18 00:00:00,"fifae",0,0,,7,"impressions_views_only_experimental",true,0,0.8
2024-11-18 00:00:00,"fifaewc",0,0,,7,"impressions_views_only_experimental",true,0,0.8
2024-11-18 00:00:00,"fwc",0,0,,7,"impressions_views_only_experimental",true,103372.80056276597,0.8
2024-11-18 00:00:00,"fwwc",0,0,,7,"impressions_views_only_experimental",true,0,0.8
2024-11-18 00:00:00,"infantino",0,0,,7,"impressions_views_only_experimental",true,69016.28928000003,0.8
2024-11-18 00:00:00,"montreal_canadiens",0,0,,7,"impressions_views_only_experimental",true,223705.19302486844,0.8
2024-11-18 00:00:00,"motogp",60960293,39656448,0.6505291567414219,7,"impressions_views_only_experimental",true,327097832.4158224,0.8
2024-11-18 00:00:00,"ny_yankees",0,0,,7,"impressions_views_only_experimental",true,11494.550820916324,0.8
2024-11-25 00:00:00,"carolina_hurricanes",2325891,709905,0.30521851625893043,7,"impressions_views_only_experimental",true,9419718.179456249,0.8
2024-11-25 00:00:00,"ducati",2817364,0,0,7,"impressions_views_only_experimental",true,30844395.085363086,0.8
2024-11-25 00:00:00,"f1",13087531,5190783,0.396620493200742,7,"impressions_views_only_experimental",true,220676009.88331768,0.8
2024-11-25 00:00:00,"fcwc",0,0,,7,"impressions_views_only_experimental",true,0,0.8
2024-11-25 00:00:00,"fifa",0,0,,7,"impressions_views_only_experimental",true,3967.0251520000015,0.8
2024-11-25 00:00:00,"fifae",0,0,,7,"impressions_views_only_experimental",true,0,0.8
2024-11-25 00:00:00,"fifaewc",0,0,,7,"impressions_views_only_experimental",true,0,0.8
2024-11-25 00:00:00,"fwc",0,0,,7,"impressions_views_only_experimental",true,82698.24045021279,0.8
2024-11-25 00:00:00,"fwwc",0,0,,7,"impressions_views_only_experimental",true,0,0.8
2024-11-25 00:00:00,"infantino",0,0,,7,"impressions_views_only_experimental",true,55213.03142400002,0.8
2024-11-25 00:00:00,"montreal_canadiens",0,0,,7,"impressions_views_only_experimental",true,178964.15441989477,0.8
2024-11-25 00:00:00,"motogp",5999723,1692879,0.2821595263648005,7,"impressions_views_only_experimental",true,267677988.93265793,0.8
2024-11-25 00:00:00,"ny_yankees",0,0,,7,"impressions_views_only_experimental",true,9195.64065673306,0.8
2024-12-02 00:00:00,"carolina_hurricanes",2506778,1127140,0.4496369443165689,7,"impressions_views_only_experimental",true,10042552.543565,0.8
2024-12-02 00:00:00,"ducati",872171,0,0,7,"impressions_views_only_experimental",true,25547687.068290472,0.8
2024-12-02 00:00:00,"f1",86484855,45865848,0.5303338717513025,7,"impressions_views_only_experimental",true,263025662.90665415,0.8
2024-12-02 00:00:00,"fcwc",0,0,,7,"impressions_views_only_experimental",true,0,0.8
2024-12-02 00:00:00,"fifa",0,0,,7,"impressions_views_only_experimental",true,3173.6201216000013,0.8
2024-12-02 00:00:00,"fifae",71278,63386,0.8892785992872976,7,"impressions_views_only_experimental",true,71278,0.8
2024-12-02 00:00:00,"fifaewc",0,0,,7,"impressions_views_only_experimental",true,0,0.8
2024-12-02 00:00:00,"fwc",0,0,,7,"impressions_views_only_experimental",true,66158.59236017024,0.8
2024-12-02 00:00:00,"fwwc",0,0,,7,"impressions_views_only_experimental",true,0,0.8
2024-12-02 00:00:00,"infantino",0,0,,7,"impressions_views_only_experimental",true,44170.42513920002,0.8
2024-12-02 00:00:00,"montreal_canadiens",0,0,,7,"impressions_views_only_experimental",true,143171.3235359158,0.8
2024-12-02 00:00:00,"motogp",24183494,13168345,0.5445178848019232,7,"impressions_views_only_experimental",true,238325885.14612636,0.8
2024-12-02 00:00:00,"ny_yankees",0,0,,7,"impressions_views_only_experimental",true,7356.512525386448,0.8
2024-12-09 00:00:00,"carolina_hurricanes",2451907,1510172,0.6159173247598706,7,"impressions_views_only_experimental",true,10485949.034852,0.8
2024-12-09 00:00:00,"ducati",197666,0,0,7,"impressions_views_only_experimental",true,20635815.65463238,0.8
2024-12-09 00:00:00,"f1",37615444,35281519,0.9379530120660013,7,"impressions_views_only_experimental",true,248035974.32532334,0.8
2024-12-09 00:00:00,"fcwc",0,0,,7,"impressions_views_only_experimental",true,0,0.8
2024-12-09 00:00:00,"fifa",0,0,,7,"impressions_views_only_experimental",true,2538.8960972800014,0.8
2024-12-09 00:00:00,"fifae",2065994,1928989,0.9336856738209307,7,"impressions_views_only_experimental",true,2123016.4,0.8
2024-12-09 00:00:00,"fifaewc",0,0,,7,"impressions_views_only_experimental",true,0,0.8
2024-12-09 00:00:00,"fwc",0,0,,7,"impressions_views_only_experimental",true,52926.87388813619,0.8
2024-12-09 00:00:00,"fwwc",0,0,,7,"impressions_views_only_experimental",true,0,0.8
2024-12-09 00:00:00,"infantino",0,0,,7,"impressions_views_only_experimental",true,35336.34011136002,0.8
2024-12-09 00:00:00,"montreal_canadiens",0,0,,7,"impressions_views_only_experimental",true,114537.05882873265,0.8
2024-12-09 00:00:00,"motogp",14733675,8685056,0.5894697690834093,7,"impressions_views_only_experimental",true,205394383.1169011,0.8
2024-12-09 00:00:00,"ny_yankees",0,0,,7,"impressions_views_only_experimental",true,5885.210020309159,0.8
2024-12-16 00:00:00,"carolina_hurricanes",3350287,1887660,0.5634323268424466,7,"impressions_views_only_experimental",true,11739046.227881601,0.8
2024-12-16 00:00:00,"ducati",200531,0,0,7,"impressions_views_only_experimental",true,16709183.523705903,0.8
2024-12-16 00:00:00,"f1",47183268,29357537,0.6222022815375993,7,"impressions_views_only_experimental",true,245612047.4602587,0.8
2024-12-16 00:00:00,"fcwc",0,0,,7,"impressions_views_only_experimental",true,0,0.8
2024-12-16 00:00:00,"fifa",0,0,,7,"impressions_views_only_experimental",true,2031.1168778240012,0.8
2024-12-16 00:00:00,"fifae",0,0,,7,"impressions_views_only_experimental",true,1698413.12,0.8
2024-12-16 00:00:00,"fifaewc",0,0,,7,"impressions_views_only_experimental",true,0,0.8
2024-12-16 00:00:00,"fwc",0,0,,7,"impressions_views_only_experimental",true,42341.49911050896,0.8
2024-12-16 00:00:00,"fwwc",0,0,,7,"impressions_views_only_experimental",true,0,0.8
2024-12-16 00:00:00,"infantino",0,0,,7,"impressions_views_only_experimental",true,28269.07208908802,0.8
2024-12-16 00:00:00,"montreal_canadiens",0,0,,7,"impressions_views_only_experimental",true,91629.64706298613,0.8
2024-12-16 00:00:00,"motogp",12770860,6318320,0.4947450680690259,7,"impressions_views_only_experimental",true,177086366.4935209,0.8
2024-12-16 00:00:00,"ny_yankees",0,0,,7,"impressions_views_only_experimental",true,4708.168016247327,0.8
2024-12-23 00:00:00,"carolina_hurricanes",1509914,233076,0.15436375846571393,7,"impressions_views_only_experimental",true,10901150.98230528,0.8
2024-12-23 00:00:00,"ducati",0,0,,7,"impressions_views_only_experimental",true,13367346.818964723,0.8
2024-12-23 00:00:00,"f1",14255222,5144207,0.36086474135583435,7,"impressions_views_only_experimental",true,210744859.96820697,0.8
2024-12-23 00:00:00,"fcwc",0,0,,7,"impressions_views_only_experimental",true,0,0.8
2024-12-23 00:00:00,"fifa",0,0,,7,"impressions_views_only_experimental",true,1624.8935022592011,0.8
2024-12-23 00:00:00,"fifae",0,0,,7,"impressions_views_only_experimental",true,1358730.4960000003,0.8
2024-12-23 00:00:00,"fifaewc",0,0,,7,"impressions_views_only_experimental",true,0,0.8
2024-12-23 00:00:00,"fwc",0,0,,7,"impressions_views_only_experimental",true,33873.199288407166,0.8
2024-12-23 00:00:00,"fwwc",0,0,,7,"impressions_views_only_experimental",true,0,0.8
2024-12-23 00:00:00,"infantino",0,0,,7,"impressions_views_only_experimental",true,22615.257671270418,0.8
2024-12-23 00:00:00,"montreal_canadiens",0,0,,7,"impressions_views_only_experimental",true,73303.7176503889,0.8
2024-12-23 00:00:00,"motogp",11870739,6802830,0.5730755263004266,7,"impressions_views_only_experimental",true,153539832.1948167,0.8
2024-12-23 00:00:00,"ny_yankees",0,0,,7,"impressions_views_only_experimental",true,3766.5344129978616,0.8
2024-12-30 00:00:00,"carolina_hurricanes",1364026,523703,0.3839391624499826,7,"impressions_views_only_experimental",true,10084946.785844225,0.8
2024-12-30 00:00:00,"ducati",246177,0,0,7,"impressions_views_only_experimental",true,10940054.455171779,0.8
2024-12-30 00:00:00,"f1",6947693,5464787,0.7865613808785161,7,"impressions_views_only_experimental",true,175543580.9745656,0.8
2024-12-30 00:00:00,"fcwc",0,0,,7,"impressions_views_only_experimental",true,0,0.8
2024-12-30 00:00:00,"fifa",0,0,,7,"impressions_views_only_experimental",true,1299.914801807361,0.8
2024-12-30 00:00:00,"fifae",0,0,,7,"impressions_views_only_experimental",true,1086984.3968000002,0.8
2024-12-30 00:00:00,"fifaewc",0,0,,7,"impressions_views_only_experimental",true,0,0.8
2024-12-30 00:00:00,"fwc",0,0,,7,"impressions_views_only_experimental",true,27098.559430725734,0.8
2024-12-30 00:00:00,"fwwc",0,0,,7,"impressions_views_only_experimental",true,0,0.8
2024-12-30 00:00:00,"infantino",0,0,,7,"impressions_views_only_experimental",true,18092.206137016336,0.8
2024-12-30 00:00:00,"montreal_canadiens",0,0,,7,"impressions_views_only_experimental",true,58642.974120311126,0.8
2024-12-30 00:00:00,"motogp",9428769,3517233,0.37303204691938047,7,"impressions_views_only_experimental",true,132260634.75585337,0.8
2024-12-30 00:00:00,"ny_yankees",0,0,,7,"impressions_views_only_experimental",true,3013.2275303982897,0.8
2025-01-06 00:00:00,"carolina_hurricanes",4637551,2790508,0.6017201751527907,7,"impressions_views_only_experimental",true,12705508.42867538,0.8
2025-01-06 00:00:00,"ducati",0,0,,7,"impressions_views_only_experimental",true,8752043.564137423,0.8
2025-01-06 00:00:00,"f1",6978018,0,0,7,"impressions_views_only_experimental",true,147412882.77965248,0.8
2025-01-06 00:00:00,"fcwc",0,0,,7,"impressions_views_only_experimental",true,0,0.8
2025-01-06 00:00:00,"fifa",0,0,,7,"impressions_views_only_experimental",true,1039.931841445889,0.8
2025-01-06 00:00:00,"fifae",0,0,,7,"impressions_views_only_experimental",true,869587.5174400002,0.8
2025-01-06 00:00:00,"fifaewc",0,0,,7,"impressions_views_only_experimental",true,0,0.8
2025-01-06 00:00:00,"fwc",0,0,,7,"impressions_views_only_experimental",true,21678.84754458059,0.8
2025-01-06 00:00:00,"fwwc",0,0,,7,"impressions_views_only_experimental",true,0,0.8
2025-01-06 00:00:00,"infantino",0,0,,7,"impressions_views_only_experimental",true,14473.76490961307,0.8
2025-01-06 00:00:00,"montreal_canadiens",0,0,,7,"impressions_views_only_experimental",true,46914.3792962489,0.8
2025-01-06 00:00:00,"motogp",14691744,6710297,0.45673930882541924,7,"impressions_views_only_experimental",true,120500251.8046827,0.8
2025-01-06 00:00:00,"ny_yankees",0,0,,7,"impressions_views_only_experimental",true,2410.5820243186317,0.8
2025-01-13 00:00:00,"carolina_hurricanes",1947105,1004357,0.5158206670929405,7,"impressions_views_only_experimental",true,12111511.742940305,0.8
2025-01-13 00:00:00,"ducati",0,0,,7,"impressions_views_only_experimental",true,7001634.851309939,0.8
2025-01-13 00:00:00,"f1",6617200,6117304,0.9244550565193738,7,"impressions_views_only_experimental",true,124547506.22372198,0.8
2025-01-13 00:00:00,"fcwc",0,0,,7,"impressions_views_only_experimental",true,0,0.8
2025-01-13 00:00:00,"fifa",0,0,,7,"impressions_views_only_experimental",true,831.9454731567112,0.8
2025-01-13 00:00:00,"fifae",4223,1257,0.297655695003552,7,"impressions_views_only_experimental",true,699893.0139520002,0.8
2025-01-13 00:00:00,"fifaewc",0,0,,7,"impressions_views_only_experimental",true,0,0.8
2025-01-13 00:00:00,"fwc",0,0,,7,"impressions_views_only_experimental",true,17343.078035664472,0.8
2025-01-13 00:00:00,"fwwc",0,0,,7,"impressions_views_only_experimental",true,0,0.8
2025-01-13 00:00:00,"infantino",0,0,,7,"impressions_views_only_experimental",true,11579.011927690457,0.8
2025-01-13 00:00:00,"montreal_canadiens",34204,14039,0.41044907028417726,7,"impressions_views_only_experimental",true,71735.50343699913,0.8
2025-01-13 00:00:00,"motogp",4612241,2571909,0.557626758879252,7,"impressions_views_only_experimental",true,101012442.44374616,0.8
2025-01-13 00:00:00,"ny_yankees",0,0,,7,"impressions_views_only_experimental",true,1928.4656194549054,0.8
2025-01-20 00:00:00,"carolina_hurricanes",4362641,1701630,0.3900458460826825,7,"impressions_views_only_experimental",true,14051850.394352244,0.8
2025-01-20 00:00:00,"ducati",9367879,3934934,0.4200453485789046,7,"impressions_views_only_experimental",true,14969186.881047953,0.8
2025-01-20 00:00:00,"f1",12537355,11444171,0.9128058509948869,7,"impressions_views_only_experimental",true,112175359.97897759,0.8
2025-01-20 00:00:00,"fcwc",0,0,,7,"impressions_views_only_experimental",true,0,0.8
2025-01-20 00:00:00,"fifa",0,0,,7,"impressions_views_only_experimental",true,665.5563785253689,0.8
2025-01-20 00:00:00,"fifae",0,0,,7,"impressions_views_only_experimental",true,559914.4111616001,0.8
2025-01-20 00:00:00,"fifaewc",0,0,,7,"impressions_views_only_experimental",true,0,0.8
2025-01-20 00:00:00,"fwc",3031589,0,0,7,"impressions_views_only_experimental",true,3045463.4624285316,0.8
2025-01-20 00:00:00,"fwwc",0,0,,7,"impressions_views_only_experimental",true,0,0.8
2025-01-20 00:00:00,"infantino",0,0,,7,"impressions_views_only_experimental",true,9263.209542152366,0.8
2025-01-20 00:00:00,"montreal_canadiens",0,0,,7,"impressions_views_only_experimental",true,57388.40274959931,0.8
2025-01-20 00:00:00,"motogp",29547004,10130856,0.3428725294787925,7,"impressions_views_only_experimental",true,110356957.95499694,0.8
2025-01-20 00:00:00,"ny_yankees",0,0,,7,"impressions_views_only_experimental",true,1542.7724955639244,0.8
2025-01-27 00:00:00,"carolina_hurricanes",4154870,1724901,0.4151516172587831,7,"impressions_views_only_experimental",true,15396350.315481797,0.8
2025-01-27 00:00:00,"ducati",3712043,434071,0.11693587601221214,7,"impressions_views_only_experimental",true,15687392.504838362,0.8
2025-01-27 00:00:00,"f1",12362874,6071712,0.49112463655295685,7,"impressions_views_only_experimental",true,102103161.98318207,0.8
2025-01-27 00:00:00,"fcwc",0,0,,7,"impressions_views_only_experimental",true,0,0.8
2025-01-27 00:00:00,"fifa",0,0,,7,"impressions_views_only_experimental",true,532.4451028202951,0.8
2025-01-27 00:00:00,"fifae",181832,178870,0.9837102380219104,7,"impressions_views_only_experimental",true,629763.5289292801,0.8
2025-01-27 00:00:00,"fifaewc",0,0,,7,"impressions_views_only_experimental",true,0,0.8
2025-01-27 00:00:00,"fwc",0,0,,7,"impressions_views_only_experimental",true,2436370.769942825,0.8
2025-01-27 00:00:00,"fwwc",0,0,,7,"impressions_views_only_experimental",true,0,0.8
2025-01-27 00:00:00,"infantino",0,0,,7,"impressions_views_only_experimental",true,7410.567633721894,0.8
2025-01-27 00:00:00,"montreal_canadiens",0,0,,7,"impressions_views_only_experimental",true,45910.72219967945,0.8
2025-01-27 00:00:00,"motogp",9382533,5529978,0.5893907327584139,7,"impressions_views_only_experimental",true,97668099.36399756,0.8
2025-01-27 00:00:00,"ny_yankees",0,0,,7,"impressions_views_only_experimental",true,1234.2179964511397,0.8
2025-02-03 00:00:00,"carolina_hurricanes",2502096,938105,0.3749276606493116,7,"impressions_views_only_experimental",true,14819176.252385437,0.8
2025-02-03 00:00:00,"ducati",12086032,4528928,0.3747241443676469,7,"impressions_views_only_experimental",true,24635946.00387069,0.8
2025-02-03 00:00:00,"f1",5725554,5650125,0.9868259036592791,7,"impressions_views_only_experimental",true,87408083.58654566,0.8
2025-02-03 00:00:00,"fcwc",0,0,,7,"impressions_views_only_experimental",true,0,0.8
2025-02-03 00:00:00,"fifa",0,0,,7,"impressions_views_only_experimental",true,425.95608225623613,0.8
2025-02-03 00:00:00,"fifae",0,0,,7,"impressions_views_only_experimental",true,503810.8231434241,0.8
2025-02-03 00:00:00,"fifaewc",0,0,,7,"impressions_views_only_experimental",true,0,0.8
2025-02-03 00:00:00,"fwc",0,0,,7,"impressions_views_only_experimental",true,1949096.6159542603,0.8
2025-02-03 00:00:00,"fwwc",0,0,,7,"impressions_views_only_experimental",true,0,0.8
2025-02-03 00:00:00,"infantino",0,0,,7,"impressions_views_only_experimental",true,5928.454106977515,0.8
2025-02-03 00:00:00,"montreal_canadiens",0,0,,7,"impressions_views_only_experimental",true,36728.57775974356,0.8
2025-02-03 00:00:00,"motogp",65727946,34712932,0.5281304850146998,7,"impressions_views_only_experimental",true,143862425.49119806,0.8
2025-02-03 00:00:00,"ny_yankees",0,0,,7,"impressions_views_only_experimental",true,987.3743971609118,0.8
2025-02-10 00:00:00,"carolina_hurricanes",344477,270133,0.7841829788345811,7,"impressions_views_only_experimental",true,12199818.00190835,0.8
2025-02-10 00:00:00,"ducati",5019760,1853547,0.369250123511881,7,"impressions_views_only_experimental",true,24728516.80309655,0.8
2025-02-10 00:00:00,"f1",598032,94470,0.1579681354843888,7,"impressions_views_only_experimental",true,70524498.86923653,0.8
2025-02-10 00:00:00,"fcwc",0,0,,7,"impressions_views_only_experimental",true,0,0.8
2025-02-10 00:00:00,"fifa",0,0,,7,"impressions_views_only_experimental",true,340.7648658049889,0.8
2025-02-10 00:00:00,"fifae",0,0,,7,"impressions_views_only_experimental",true,403048.6585147393,0.8
2025-02-10 00:00:00,"fifaewc",0,0,,7,"impressions_views_only_experimental",true,0,0.8
2025-02-10 00:00:00,"fwc",0,0,,7,"impressions_views_only_experimental",true,1559277.2927634083,0.8
2025-02-10 00:00:00,"fwwc",0,0,,7,"impressions_views_only_experimental",true,0,0.8
2025-02-10 00:00:00,"infantino",0,0,,7,"impressions_views_only_experimental",true,4742.763285582012,0.8
2025-02-10 00:00:00,"montreal_canadiens",0,0,,7,"impressions_views_only_experimental",true,29382.86220779485,0.8
2025-02-10 00:00:00,"motogp",37393020,17828078,0.47677555864704163,7,"impressions_views_only_experimental",true,152482960.39295846,0.8
2025-02-10 00:00:00,"ny_yankees",0,0,,7,"impressions_views_only_experimental",true,789.8995177287295,0.8
2025-02-17 00:00:00,"carolina_hurricanes",575671,95031,0.1650786647234271,7,"impressions_views_only_experimental",true,10335525.40152668,0.8
2025-02-17 00:00:00,"ducati",2856547,0,0,7,"impressions_views_only_experimental",true,22639360.44247724,0.8
2025-02-17 00:00:00,"f1",15326637,8360478,0.5454867887847804,7,"impressions_views_only_experimental",true,71746236.09538922,0.8
2025-02-17 00:00:00,"fcwc",0,0,,7,"impressions_views_only_experimental",true,0,0.8
2025-02-17 00:00:00,"fifa",0,0,,7,"impressions_views_only_experimental",true,272.61189264399115,0.8
2025-02-17 00:00:00,"fifae",0,0,,7,"impressions_views_only_experimental",true,322438.9268117915,0.8
2025-02-17 00:00:00,"fifaewc",0,0,,7,"impressions_views_only_experimental",true,0,0.8
2025-02-17 00:00:00,"fwc",0,0,,7,"impressions_views_only_experimental",true,1247421.8342107267,0.8
2025-02-17 00:00:00,"fwwc",0,0,,7,"impressions_views_only_experimental",true,0,0.8
2025-02-17 00:00:00,"infantino",0,0,,7,"impressions_views_only_experimental",true,3794.2106284656097,0.8
2025-02-17 00:00:00,"montreal_canadiens",0,0,,7,"impressions_views_only_experimental",true,23506.28976623588,0.8
2025-02-17 00:00:00,"motogp",20814271,13703066,0.6583495525738086,7,"impressions_views_only_experimental",true,142800639.31436676,0.8
2025-02-17 00:00:00,"ny_yankees",0,0,,7,"impressions_views_only_experimental",true,631.9196141829837,0.8
2025-02-24 00:00:00,"carolina_hurricanes",4049590,1926962,0.4758412580038967,7,"impressions_views_only_experimental",true,12318010.321221344,0.8
2025-02-24 00:00:00,"ducati",8620168,603460,0.07000559617863596,7,"impressions_views_only_experimental",true,26731656.353981793,0.8
2025-02-24 00:00:00,"f1",18804049,12036782,0.6401164983137408,7,"impressions_views_only_experimental",true,76201037.87631138,0.8
2025-02-24 00:00:00,"fcwc",0,0,,7,"impressions_views_only_experimental",true,0,0.8
2025-02-24 00:00:00,"fifa",0,0,,7,"impressions_views_only_experimental",true,218.08951411519294,0.8
2025-02-24 00:00:00,"fifae",0,0,,7,"impressions_views_only_experimental",true,257951.1414494332,0.8
2025-02-24 00:00:00,"fifaewc",0,0,,7,"impressions_views_only_experimental",true,0,0.8
2025-02-24 00:00:00,"fwc",0,0,,7,"impressions_views_only_experimental",true,997937.4673685813,0.8
2025-02-24 00:00:00,"fwwc",0,0,,7,"impressions_views_only_experimental",true,0,0.8
2025-02-24 00:00:00,"infantino",0,0,,7,"impressions_views_only_experimental",true,3035.368502772488,0.8
2025-02-24 00:00:00,"montreal_canadiens",0,0,,7,"impressions_views_only_experimental",true,18805.031812988705,0.8
2025-02-24 00:00:00,"motogp",163054280,103772184,0.6364272314716302,7,"impressions_views_only_experimental",true,277294791.4514934,0.8
2025-02-24 00:00:00,"ny_yankees",0,0,,7,"impressions_views_only_experimental",true,505.53569134638695,0.8
2025-03-03 00:00:00,"carolina_hurricanes",4361241,2013305,0.4616358050380614,7,"impressions_views_only_experimental",true,14215649.256977076,0.8
2025-03-03 00:00:00,"ducati",3974247,1608984,0.4048525418777444,7,"impressions_views_only_experimental",true,25359572.083185434,0.8
2025-03-03 00:00:00,"f1",20041608,5319021,0.2653989140991082,7,"impressions_views_only_experimental",true,81002438.30104911,0.8
2025-03-03 00:00:00,"fcwc",0,0,,7,"impressions_views_only_experimental",true,0,0.8
2025-03-03 00:00:00,"fifa",0,0,,7,"impressions_views_only_experimental",true,174.47161129215436,0.8
2025-03-03 00:00:00,"fifae",0,0,,7,"impressions_views_only_experimental",true,206360.91315954656,0.8
2025-03-03 00:00:00,"fifaewc",0,0,,7,"impressions_views_only_experimental",true,0,0.8
2025-03-03 00:00:00,"fwc",0,0,,7,"impressions_views_only_experimental",true,798349.9738948651,0.8
2025-03-03 00:00:00,"fwwc",0,0,,7,"impressions_views_only_experimental",true,0,0.8
2025-03-03 00:00:00,"infantino",0,0,,7,"impressions_views_only_experimental",true,2428.2948022179903,0.8
2025-03-03 00:00:00,"montreal_canadiens",0,0,,7,"impressions_views_only_experimental",true,15044.025450390965,0.8
2025-03-03 00:00:00,"motogp",26917908,16851169,0.6260207516869438,7,"impressions_views_only_experimental",true,248753741.1611947,0.8
2025-03-03 00:00:00,"ny_yankees",0,0,,7,"impressions_views_only_experimental",true,404.4285530771096,0.8
2025-03-10 00:00:00,"carolina_hurricanes",6284270,2609576,0.41525523250910606,7,"impressions_views_only_experimental",true,17656789.40558166,0.8
2025-03-10 00:00:00,"ducati",4627062,0,0,7,"impressions_views_only_experimental",true,24914719.66654835,0.8
2025-03-10 00:00:00,"f1",112766695,47523578,0.4214327466101583,7,"impressions_views_only_experimental",true,177568645.64083928,0.8
2025-03-10 00:00:00,"fcwc",0,0,,7,"impressions_views_only_experimental",true,0,0.8
2025-03-10 00:00:00,"fifa",0,0,,7,"impressions_views_only_experimental",true,139.5772890337235,0.8
2025-03-10 00:00:00,"fifae",0,0,,7,"impressions_views_only_experimental",true,165088.73052763726,0.8
2025-03-10 00:00:00,"fifaewc",0,0,,7,"impressions_views_only_experimental",true,0,0.8
2025-03-10 00:00:00,"fwc",0,0,,7,"impressions_views_only_experimental",true,638679.9791158922,0.8
2025-03-10 00:00:00,"fwwc",0,0,,7,"impressions_views_only_experimental",true,0,0.8
2025-03-10 00:00:00,"infantino",0,0,,7,"impressions_views_only_experimental",true,1942.6358417743922,0.8
2025-03-10 00:00:00,"montreal_canadiens",0,0,,7,"impressions_views_only_experimental",true,12035.220360312773,0.8
2025-03-10 00:00:00,"motogp",87666227,41757516,0.4763238641489613,7,"impressions_views_only_experimental",true,286669219.9289558,0.8
2025-03-10 00:00:00,"ny_yankees",0,0,,7,"impressions_views_only_experimental",true,323.5428424616877,0.8
2025-03-17 00:00:00,"carolina_hurricanes",1966997,666797,0.33899238280485433,7,"impressions_views_only_experimental",true,16092428.52446533,0.8
2025-03-17 00:00:00,"ducati",1605417,0,0,7,"impressions_views_only_experimental",true,21537192.73323868,0.8
2025-03-17 00:00:00,"f1",82760630,38102495,0.4603939699347383,7,"impressions_views_only_experimental",true,224815546.51267144,0.8
2025-03-17 00:00:00,"fcwc",0,0,,7,"impressions_views_only_experimental",true,0,0.8
2025-03-17 00:00:00,"fifa",0,0,,7,"impressions_views_only_experimental",true,111.6618312269788,0.8
2025-03-17 00:00:00,"fifae",0,0,,7,"impressions_views_only_experimental",true,132070.98442210982,0.8
2025-03-17 00:00:00,"fifaewc",0,0,,7,"impressions_views_only_experimental",true,0,0.8
2025-03-17 00:00:00,"fwc",0,0,,7,"impressions_views_only_experimental",true,510943.98329271376,0.8
2025-03-17 00:00:00,"fwwc",0,0,,7,"impressions_views_only_experimental",true,0,0.8
2025-03-17 00:00:00,"infantino",0,0,,7,"impressions_views_only_experimental",true,1554.108673419514,0.8
2025-03-17 00:00:00,"montreal_canadiens",0,0,,7,"impressions_views_only_experimental",true,9628.176288250219,0.8
2025-03-17 00:00:00,"motogp",13970964,6511474,0.46607191887403043,7,"impressions_views_only_experimental",true,243306339.94316465,0.8
2025-03-17 00:00:00,"ny_yankees",0,0,,7,"impressions_views_only_experimental",true,258.8342739693502,0.8
2025-03-24 00:00:00,"carolina_hurricanes",2763624,1577899,0.570952850315383,7,"impressions_views_only_experimental",true,15637566.819572264,0.8
2025-03-24 00:00:00,"ducati",5687184,2921313,0.5136659900576453,7,"impressions_views_only_experimental",true,22916938.186590943,0.8
2025-03-24 00:00:00,"f1",6337275,3865644,0.6099852065753814,7,"impressions_views_only_experimental",true,186189712.21013716,0.8
2025-03-24 00:00:00,"fcwc",0,0,,7,"impressions_views_only_experimental",true,0,0.8
2025-03-24 00:00:00,"fifa",0,0,,7,"impressions_views_only_experimental",true,89.32946498158304,0.8
2025-03-24 00:00:00,"fifae",0,0,,7,"impressions_views_only_experimental",true,105656.78753768787,0.8
2025-03-24 00:00:00,"fifaewc",0,0,,7,"impressions_views_only_experimental",true,0,0.8
2025-03-24 00:00:00,"fwc",1326735,0,0,7,"impressions_views_only_experimental",true,1735490.186634171,0.8
2025-03-24 00:00:00,"fwwc",0,0,,7,"impressions_views_only_experimental",true,0,0.8
2025-03-24 00:00:00,"infantino",0,0,,7,"impressions_views_only_experimental",true,1243.2869387356113,0.8
2025-03-24 00:00:00,"montreal_canadiens",250322,201030,0.8030856257140803,7,"impressions_views_only_experimental",true,258024.54103060017,0.8
2025-03-24 00:00:00,"motogp",86120563,55481211,0.6442272213199535,7,"impressions_views_only_experimental",true,280765634.9545317,0.8
2025-03-24 00:00:00,"ny_yankees",0,0,,7,"impressions_views_only_experimental",true,207.06741917548015,0.8
2025-03-31 00:00:00,"carolina_hurricanes",1868376,964426,0.5161841085520259,7,"impressions_views_only_experimental",true,14378429.455657812,0.8
2025-03-31 00:00:00,"ducati",2011474,0,0,7,"impressions_views_only_experimental",true,20345024.549272757,0.8
2025-03-31 00:00:00,"f1",78739620,32722124,0.41557381150683737,7,"impressions_views_only_experimental",true,227691389.76810974,0.8
2025-03-31 00:00:00,"fcwc",0,0,,7,"impressions_views_only_experimental",true,0,0.8
2025-03-31 00:00:00,"fifa",0,0,,7,"impressions_views_only_experimental",true,71.46357198526644,0.8
2025-03-31 00:00:00,"fifae",711755,699997,0.9834802705987313,7,"impressions_views_only_experimental",true,796280.4300301503,0.8
2025-03-31 00:00:00,"fifaewc",0,0,,7,"impressions_views_only_experimental",true,0,0.8
2025-03-31 00:00:00,"fwc",0,0,,7,"impressions_views_only_experimental",true,1388392.149307337,0.8
2025-03-31 00:00:00,"fwwc",0,0,,7,"impressions_views_only_experimental",true,0,0.8
2025-03-31 00:00:00,"infantino",0,0,,7,"impressions_views_only_experimental",true,994.6295509884891,0.8
2025-03-31 00:00:00,"montreal_canadiens",0,0,,7,"impressions_views_only_experimental",true,206419.63282448016,0.8
2025-03-31 00:00:00,"motogp",89374656,60168722,0.6732190611172814,7,"impressions_views_only_experimental",true,313987163.96362543,0.8
2025-03-31 00:00:00,"ny_yankees",0,0,,7,"impressions_views_only_experimental",true,165.65393534038412,0.8
2025-04-07 00:00:00,"carolina_hurricanes",1323490,263015,0.1987283621334502,7,"impressions_views_only_experimental",true,12826233.56452625,0.8
2025-04-07 00:00:00,"ducati",8882954,4387010,0.4938683685629803,7,"impressions_views_only_experimental",true,25158973.639418207,0.8
2025-04-07 00:00:00,"f1",13543085,7160659,0.5287317476040355,7,"impressions_views_only_experimental",true,195696196.81448781,0.8
2025-04-07 00:00:00,"fcwc",0,0,,7,"impressions_views_only_experimental",true,0,0.8
2025-04-07 00:00:00,"fifa",0,0,,7,"impressions_views_only_experimental",true,57.17085758821315,0.8
2025-04-07 00:00:00,"fifae",0,0,,7,"impressions_views_only_experimental",true,637024.3440241204,0.8
2025-04-07 00:00:00,"fifaewc",0,0,,7,"impressions_views_only_experimental",true,0,0.8
2025-04-07 00:00:00,"fwc",0,0,,7,"impressions_views_only_experimental",true,1110713.7194458696,0.8
2025-04-07 00:00:00,"fwwc",0,0,,7,"impressions_views_only_experimental",true,0,0.8
2025-04-07 00:00:00,"infantino",0,0,,7,"impressions_views_only_experimental",true,795.7036407907913,0.8
2025-04-07 00:00:00,"montreal_canadiens",0,0,,7,"impressions_views_only_experimental",true,165135.70625958414,0.8
2025-04-07 00:00:00,"motogp",110448137,64492543,0.5839169835884149,7,"impressions_views_only_experimental",true,361637868.17090034,0.8
2025-04-07 00:00:00,"ny_yankees",0,0,,7,"impressions_views_only_experimental",true,132.5231482723073,0.8
2025-04-14 00:00:00,"carolina_hurricanes",3253109,1119252,0.3440561014094517,7,"impressions_views_only_experimental",true,13514095.851621002,0.8
2025-04-14 00:00:00,"ducati",1219980,0,0,7,"impressions_views_only_experimental",true,21347158.911534566,0.8
2025-04-14 00:00:00,"f1",77008151,42824425,0.5561024962149786,7,"impressions_views_only_experimental",true,233565108.45159027,0.8
2025-04-14 00:00:00,"fcwc",0,0,,7,"impressions_views_only_experimental",true,0,0.8
2025-04-14 00:00:00,"fifa",0,0,,7,"impressions_views_only_experimental",true,45.73668607057053,0.8
2025-04-14 00:00:00,"fifae",0,0,,7,"impressions_views_only_experimental",true,509619.4752192963,0.8
2025-04-14 00:00:00,"fifaewc",0,0,,7,"impressions_views_only_experimental",true,0,0.8
2025-04-14 00:00:00,"fwc",0,0,,7,"impressions_views_only_experimental",true,888570.9755566957,0.8
2025-04-14 00:00:00,"fwwc",0,0,,7,"impressions_views_only_experimental",true,0,0.8
2025-04-14 00:00:00,"infantino",0,0,,7,"impressions_views_only_experimental",true,636.562912632633,0.8
2025-04-14 00:00:00,"montreal_canadiens",0,0,,7,"impressions_views_only_experimental",true,132108.56500766732,0.8
2025-04-14 00:00:00,"motogp",28350009,17387132,0.6133025213501696,7,"impressions_views_only_experimental",true,317660303.5367203,0.8
2025-04-14 00:00:00,"ny_yankees",0,0,,7,"impressions_views_only_experimental",true,106.01851861784586,0.8
2025-04-21 00:00:00,"carolina_hurricanes",3576479,2160738,0.6041522961549614,7,"impressions_views_only_experimental",true,14387755.681296803,0.8
2025-04-21 00:00:00,"ducati",8599449,0,0,7,"impressions_views_only_experimental",true,25677176.129227653,0.8
2025-04-21 00:00:00,"f1",13990113,5735564,0.4099726714144482,7,"impressions_views_only_experimental",true,200842199.76127222,0.8
2025-04-21 00:00:00,"fcwc",0,0,,7,"impressions_views_only_experimental",true,0,0.8
2025-04-21 00:00:00,"fifa",0,0,,7,"impressions_views_only_experimental",true,36.589348856456425,0.8
2025-04-21 00:00:00,"fifae",0,0,,7,"impressions_views_only_experimental",true,407695.58017543703,0.8
2025-04-21 00:00:00,"fifaewc",0,0,,7,"impressions_views_only_experimental",true,0,0.8
2025-04-21 00:00:00,"fwc",0,0,,7,"impressions_views_only_experimental",true,710856.7804453566,0.8
2025-04-21 00:00:00,"fwwc",0,0,,7,"impressions_views_only_experimental",true,0,0.8
2025-04-21 00:00:00,"infantino",0,0,,7,"impressions_views_only_experimental",true,509.25033010610645,0.8
2025-04-21 00:00:00,"montreal_canadiens",0,0,,7,"impressions_views_only_experimental",true,105686.85200613386,0.8
2025-04-21 00:00:00,"motogp",72031815,39434095,0.5474538577155108,7,"impressions_views_only_experimental",true,326160057.8293762,0.8
2025-04-21 00:00:00,"ny_yankees",0,0,,7,"impressions_views_only_experimental",true,84.8148148942767,0.8
2025-04-28 00:00:00,"carolina_hurricanes",6142571,2818894,0.45891109764950216,7,"impressions_views_only_experimental",true,17652775.54503744,0.8
2025-04-28 00:00:00,"ducati",1446660,0,0,7,"impressions_views_only_experimental",true,21988400.903382123,0.8
2025-04-28 00:00:00,"f1",19498687,6978693,0.35790579129763966,7,"impressions_views_only_experimental",true,180172446.80901778,0.8
2025-04-28 00:00:00,"fcwc",0,0,,7,"impressions_views_only_experimental",true,0,0.8
2025-04-28 00:00:00,"fifa",0,0,,7,"impressions_views_only_experimental",true,29.27147908516514,0.8
2025-04-28 00:00:00,"fifae",51655,2472,0.047855967476526956,7,"impressions_views_only_experimental",true,377811.46414034965,0.8
2025-04-28 00:00:00,"fifaewc",0,0,,7,"impressions_views_only_experimental",true,0,0.8
2025-04-28 00:00:00,"fwc",0,0,,7,"impressions_views_only_experimental",true,568685.4243562854,0.8
2025-04-28 00:00:00,"fwwc",0,0,,7,"impressions_views_only_experimental",true,0,0.8
2025-04-28 00:00:00,"infantino",0,0,,7,"impressions_views_only_experimental",true,407.4002640848852,0.8
2025-04-28 00:00:00,"montreal_canadiens",0,0,,7,"impressions_views_only_experimental",true,84549.4816049071,0.8
2025-04-28 00:00:00,"motogp",42725121,19810639,0.4636766037479449,7,"impressions_views_only_experimental",true,303653167.263501,0.8
2025-04-28 00:00:00,"ny_yankees",0,0,,7,"impressions_views_only_experimental",true,67.85185191542136,0.8
2025-05-05 00:00:00,"carolina_hurricanes",6323635,3510642,0.5551620231085443,7,"impressions_views_only_experimental",true,20445855.436029956,0.8
2025-05-05 00:00:00,"ducati",4287341,0,0,7,"impressions_views_only_experimental",true,21878061.7227057,0.8
2025-05-05 00:00:00,"f1",1864162,462159,0.24791783117561672,7,"impressions_views_only_experimental",true,146002119.44721422,0.8
2025-05-05 00:00:00,"fcwc",0,0,,7,"impressions_views_only_experimental",true,0,0.8
2025-05-05 00:00:00,"fifa",0,0,,7,"impressions_views_only_experimental",true,23.417183268132113,0.8
2025-05-05 00:00:00,"fifae",0,0,,7,"impressions_views_only_experimental",true,302249.1713122797,0.8
2025-05-05 00:00:00,"fifaewc",0,0,,7,"impressions_views_only_experimental",true,0,0.8
2025-05-05 00:00:00,"fwc",0,0,,7,"impressions_views_only_experimental",true,454948.3394850283,0.8
2025-05-05 00:00:00,"fwwc",0,0,,7,"impressions_views_only_experimental",true,0,0.8
2025-05-05 00:00:00,"infantino",0,0,,7,"impressions_views_only_experimental",true,325.92021126790814,0.8
2025-05-05 00:00:00,"montreal_canadiens",0,0,,7,"impressions_views_only_experimental",true,67639.58528392568,0.8
2025-05-05 00:00:00,"motogp",139979160,82290011,0.5878733019972402,7,"impressions_views_only_experimental",true,382901693.8108008,0.8
2025-05-05 00:00:00,"ny_yankees",0,0,,7,"impressions_views_only_experimental",true,54.2814815323371,0.8
2025-05-12 00:00:00,"carolina_hurricanes",7544764,3733088,0.4947918848091206,7,"impressions_views_only_experimental",true,23901448.348823965,0.8
2025-05-12 00:00:00,"ducati",1670074,0,0,7,"impressions_views_only_experimental",true,19172523.37816456,0.8
2025-05-12 00:00:00,"f1",16933815,5541103,0.32722118435804337,7,"impressions_views_only_experimental",true,133735510.55777138,0.8
2025-05-12 00:00:00,"fcwc",0,0,,7,"impressions_views_only_experimental",true,0,0.8
2025-05-12 00:00:00,"fifa",0,0,,7,"impressions_views_only_experimental",true,18.73374661450569,0.8
2025-05-12 00:00:00,"fifae",0,0,,7,"impressions_views_only_experimental",true,241799.33704982378,0.8
2025-05-12 00:00:00,"fifaewc",0,0,,7,"impressions_views_only_experimental",true,0,0.8
2025-05-12 00:00:00,"fwc",0,0,,7,"impressions_views_only_experimental",true,363958.67158802267,0.8
2025-05-12 00:00:00,"fwwc",0,0,,7,"impressions_views_only_experimental",true,0,0.8
2025-05-12 00:00:00,"infantino",0,0,,7,"impressions_views_only_experimental",true,260.73616901432655,0.8
2025-05-12 00:00:00,"montreal_canadiens",0,0,,7,"impressions_views_only_experimental",true,54111.66822714055,0.8
2025-05-12 00:00:00,"motogp",44650470,19712487,0.44148442334425597,7,"impressions_views_only_experimental",true,350971825.04864067,0.8
2025-05-12 00:00:00,"ny_yankees",0,0,,7,"impressions_views_only_experimental",true,43.42518522586968,0.8
2025-05-19 00:00:00,"carolina_hurricanes",2786951,739482,0.2653372807774518,7,"impressions_views_only_experimental",true,21908109.679059174,0.8
2025-05-19 00:00:00,"ducati",3544900,0,0,7,"impressions_views_only_experimental",true,18882918.70253165,0.8
2025-05-19 00:00:00,"f1",29153839,13862324,0.47548880269250304,7,"impressions_views_only_experimental",true,136142247.44621712,0.8
2025-05-19 00:00:00,"fcwc",0,0,,7,"impressions_views_only_experimental",true,0,0.8
2025-05-19 00:00:00,"fifa",72847,0,0,7,"impressions_views_only_experimental",true,72861.9869972916,0.8
2025-05-19 00:00:00,"fifae",0,0,,7,"impressions_views_only_experimental",true,193439.46963985905,0.8
2025-05-19 00:00:00,"fifaewc",0,0,,7,"impressions_views_only_experimental",true,0,0.8
2025-05-19 00:00:00,"fwc",0,0,,7,"impressions_views_only_experimental",true,291166.93727041816,0.8
2025-05-19 00:00:00,"fwwc",0,0,,7,"impressions_views_only_experimental",true,0,0.8
2025-05-19 00:00:00,"infantino",0,0,,7,"impressions_views_only_experimental",true,208.58893521146126,0.8
2025-05-19 00:00:00,"montreal_canadiens",0,0,,7,"impressions_views_only_experimental",true,43289.33458171244,0.8
2025-05-19 00:00:00,"motogp",71864575,49043502,0.6824433596107679,7,"impressions_views_only_experimental",true,352642035.03891253,0.8
2025-05-19 00:00:00,"ny_yankees",0,0,,7,"impressions_views_only_experimental",true,34.74014818069575,0.8
2025-05-26 00:00:00,"carolina_hurricanes",4616728,3057820,0.6623348830600373,7,"impressions_views_only_experimental",true,22143215.74324734,0.8
2025-05-26 00:00:00,"ducati",790341,0,0,7,"impressions_views_only_experimental",true,15896675.962025322,0.8
2025-05-26 00:00:00,"f1",68332373,28374026,0.41523548435819724,7,"impressions_views_only_experimental",true,177246170.9569737,0.8
2025-05-26 00:00:00,"fcwc",0,0,,7,"impressions_views_only_experimental",true,0,0.8
2025-05-26 00:00:00,"fifa",0,0,,7,"impressions_views_only_experimental",true,58289.589597833285,0.8
2025-05-26 00:00:00,"fifae",0,0,,7,"impressions_views_only_experimental",true,154751.57571188724,0.8
2025-05-26 00:00:00,"fifaewc",0,0,,7,"impressions_views_only_experimental",true,0,0.8
2025-05-26 00:00:00,"fwc",0,0,,7,"impressions_views_only_experimental",true,232933.54981633453,0.8
2025-05-26 00:00:00,"fwwc",0,0,,7,"impressions_views_only_experimental",true,0,0.8
2025-05-26 00:00:00,"infantino",66008,0,0,7,"impressions_views_only_experimental",true,66174.87114816917,0.8
2025-05-26 00:00:00,"montreal_canadiens",0,0,,7,"impressions_views_only_experimental",true,34631.46766536996,0.8
2025-05-26 00:00:00,"motogp",100579218,95358872,0.9480971705307949,7,"impressions_views_only_experimental",true,382692846.03113,0.8
2025-05-26 00:00:00,"ny_yankees",0,0,,7,"impressions_views_only_experimental",true,27.7921185445566,0.8
2025-06-02 00:00:00,"carolina_hurricanes",1218569,396549,0.32542186778097915,7,"impressions_views_only_experimental",true,18933141.594597872,0.8
2025-06-02 00:00:00,"ducati",3901122,0,0,7,"impressions_views_only_experimental",true,16618462.769620258,0.8
2025-06-02 00:00:00,"f1",16165817,5312455,0.32862273524437396,7,"impressions_views_only_experimental",true,157962753.76557896,0.8
2025-06-02 00:00:00,"fcwc",0,0,,7,"impressions_views_only_experimental",true,0,0.8
2025-06-02 00:00:00,"fifa",0,0,,7,"impressions_views_only_experimental",true,46631.67167826663,0.8
2025-06-02 00:00:00,"fifae",738084,569684,0.7718416873960146,7,"impressions_views_only_experimental",true,861885.2605695098,0.8
2025-06-02 00:00:00,"fifaewc",0,0,,7,"impressions_views_only_experimental",true,0,0.8
2025-06-02 00:00:00,"fwc",0,0,,7,"impressions_views_only_experimental",true,186346.83985306765,0.8
2025-06-02 00:00:00,"fwwc",0,0,,7,"impressions_views_only_experimental",true,0,0.8
2025-06-02 00:00:00,"infantino",0,0,,7,"impressions_views_only_experimental",true,52939.89691853534,0.8
2025-06-02 00:00:00,"montreal_canadiens",0,0,,7,"impressions_views_only_experimental",true,27705.174132295968,0.8
2025-06-02 00:00:00,"motogp",123473193,70712212,0.5726928273410732,7,"impressions_views_only_experimental",true,429627469.824904,0.8
2025-06-02 00:00:00,"ny_yankees",0,0,,7,"impressions_views_only_experimental",true,22.23369483564528,0.8
2025-06-09 00:00:00,"carolina_hurricanes",819966,575227,0.701525429103158,7,"impressions_views_only_experimental",true,15966479.2756783,0.8
2025-06-09 00:00:00,"ducati",2157374,13216,0.006125966105088872,7,"impressions_views_only_experimental",true,15452144.215696208,0.8
2025-06-09 00:00:00,"f1",50510576,11025191,0.21827490147805878,7,"impressions_views_only_experimental",true,176880779.01246315,0.8
2025-06-09 00:00:00,"fcwc",5668519,5350601,0.9439151566749622,7,"impressions_views_only_experimental",true,5668519,0.8
2025-06-09 00:00:00,"fifa",0,0,,7,"impressions_views_only_experimental",true,37305.33734261331,0.8
2025-06-09 00:00:00,"fifae",0,0,,7,"impressions_views_only_experimental",true,689508.2084556079,0.8
2025-06-09 00:00:00,"fifaewc",0,0,,7,"impressions_views_only_experimental",true,0,0.8
2025-06-09 00:00:00,"fwc",165800,0,0,7,"impressions_views_only_experimental",true,314877.4718824541,0.8
2025-06-09 00:00:00,"fwwc",0,0,,7,"impressions_views_only_experimental",true,0,0.8
2025-06-09 00:00:00,"infantino",0,0,,7,"impressions_views_only_experimental",true,42351.91753482827,0.8
2025-06-09 00:00:00,"montreal_canadiens",0,0,,7,"impressions_views_only_experimental",true,22164.139305836776,0.8
2025-06-09 00:00:00,"motogp",144560317,130582982,0.9033113976915256,7,"impressions_views_only_experimental",true,488262292.85992324,0.8
2025-06-09 00:00:00,"ny_yankees",0,0,,7,"impressions_views_only_experimental",true,17.786955868516227,0.8
2025-06-16 00:00:00,"carolina_hurricanes",371811,40357,0.10854170532878263,7,"impressions_views_only_experimental",true,13144994.42054264,0.8
2025-06-16 00:00:00,"ducati",4808209,614429,0.1277874984219696,7,"impressions_views_only_experimental",true,17169924.37255697,0.8
2025-06-16 00:00:00,"f1",20420855,4566610,0.22362481884328544,7,"impressions_views_only_experimental",true,161925478.20997053,0.8
2025-06-16 00:00:00,"fcwc",32612807,31602553,0.9690227829821579,7,"impressions_views_only_experimental",true,37147622.2,0.8
2025-06-16 00:00:00,"fifa",87256,0,0,7,"impressions_views_only_experimental",true,117100.26987409065,0.8
2025-06-16 00:00:00,"fifae",0,0,,7,"impressions_views_only_experimental",true,551606.5667644864,0.8
2025-06-16 00:00:00,"fifaewc",0,0,,7,"impressions_views_only_experimental",true,0,0.8
2025-06-16 00:00:00,"fwc",0,0,,7,"impressions_views_only_experimental",true,251901.9775059633,0.8
2025-06-16 00:00:00,"fwwc",0,0,,7,"impressions_views_only_experimental",true,0,0.8
2025-06-16 00:00:00,"infantino",1536038,0,0,7,"impressions_views_only_experimental",true,1569919.5340278626,0.8
2025-06-16 00:00:00,"montreal_canadiens",0,0,,7,"impressions_views_only_experimental",true,17731.31144466942,0.8
2025-06-16 00:00:00,"motogp",246889522,138699665,0.5617883816065714,7,"impressions_views_only_experimental",true,637499356.2879386,0.8
2025-06-16 00:00:00,"ny_yankees",0,0,,7,"impressions_views_only_experimental",true,14.229564694812982,0.8
2025-06-23 00:00:00,"carolina_hurricanes",1268526,133631,0.10534352468928504,7,"impressions_views_only_experimental",true,11784521.536434114,0.8
2025-06-23 00:00:00,"ducati",3576343,14135,0.0039523613926292864,7,"impressions_views_only_experimental",true,17312282.49804558,0.8
2025-06-23 00:00:00,"f1",74790074,24494706,0.32751279267353045,7,"impressions_views_only_experimental",true,204330456.56797642,0.8
2025-06-23 00:00:00,"fcwc",130840252,136922509,1.0464861302774011,7,"impressions_views_only_experimental",true,160558349.76,0.8
2025-06-23 00:00:00,"fifa",31094100,10146708,0.32632261425801035,7,"impressions_views_only_experimental",true,31187780.215899274,0.8
2025-06-23 00:00:00,"fifae",0,0,,7,"impressions_views_only_experimental",true,441285.25341158913,0.8
2025-06-23 00:00:00,"fifaewc",0,0,,7,"impressions_views_only_experimental",true,0,0.8
2025-06-23 00:00:00,"fwc",0,0,,7,"impressions_views_only_experimental",true,201521.58200477064,0.8
2025-06-23 00:00:00,"fwwc",0,0,,7,"impressions_views_only_experimental",true,0,0.8
2025-06-23 00:00:00,"infantino",9694646,0,0,7,"impressions_views_only_experimental",true,10950581.62722229,0.8
2025-06-23 00:00:00,"montreal_canadiens",0,0,,7,"impressions_views_only_experimental",true,14185.049155735536,0.8
2025-06-23 00:00:00,"motogp",211165863,129637563,0.6139134477432083,7,"impressions_views_only_experimental",true,721165348.0303509,0.8
2025-06-23 00:00:00,"ny_yankees",0,0,,7,"impressions_views_only_experimental",true,11.383651755850387,0.8
2025-06-30 00:00:00,"carolina_hurricanes",1057186,203977,0.19294334204198693,7,"impressions_views_only_experimental",true,10484803.22914729,0.8
2025-06-30 00:00:00,"ducati",642815,15434,0.02401001843454182,7,"impressions_views_only_experimental",true,14492640.998436464,0.8
2025-06-30 00:00:00,"f1",116439929,57308057,0.49216842961146084,7,"impressions_views_only_experimental",true,279904294.2543812,0.8
2025-06-30 00:00:00,"fcwc",132628615,133439039,1.00611047623471,7,"impressions_views_only_experimental",true,261075294.808,0.8
2025-06-30 00:00:00,"fifa",9908574,3233757,0.32635947412816413,7,"impressions_views_only_experimental",true,34858798.17271942,0.8
2025-06-30 00:00:00,"fifae",0,0,,7,"impressions_views_only_experimental",true,353028.2027292713,0.8
2025-06-30 00:00:00,"fifaewc",0,0,,7,"impressions_views_only_experimental",true,0,0.8
2025-06-30 00:00:00,"fwc",10389,0,0,7,"impressions_views_only_experimental",true,171606.26560381652,0.8
2025-06-30 00:00:00,"fwwc",0,0,,7,"impressions_views_only_experimental",true,0,0.8
2025-06-30 00:00:00,"infantino",2321053,0,0,7,"impressions_views_only_experimental",true,11081518.301777832,0.8
2025-06-30 00:00:00,"montreal_canadiens",0,0,,7,"impressions_views_only_experimental",true,11348.03932458843,0.8
2025-06-30 00:00:00,"motogp",63168410,49931016,0.7904428178578502,7,"impressions_views_only_experimental",true,640100688.4242808,0.8
2025-06-30 00:00:00,"ny_yankees",0,0,,7,"impressions_views_only_experimental",true,9.10692140468031,0.8
2025-07-07 00:00:00,"carolina_hurricanes",732882,114889,0.15676329886666612,7,"impressions_views_only_experimental",true,9120724.583317833,0.8
2025-07-07 00:00:00,"ducati",6041029,0,0,7,"impressions_views_only_experimental",true,17635141.79874917,0.8
2025-07-07 00:00:00,"f1",7921590,4868130,0.6145395053265822,7,"impressions_views_only_experimental",true,231845025.40350497,0.8
2025-07-07 00:00:00,"fcwc",13196964,12925536,0.9794325422119815,7,"impressions_views_only_experimental",true,222057199.84640002,0.8
2025-07-07 00:00:00,"fifa",185231,58142,0.3138891438258175,7,"impressions_views_only_experimental",true,28072269.53817554,0.8
2025-07-07 00:00:00,"fifae",0,0,,7,"impressions_views_only_experimental",true,282422.5621834171,0.8
2025-07-07 00:00:00,"fifaewc",0,0,,7,"impressions_views_only_experimental",true,0,0.8
2025-07-07 00:00:00,"fwc",0,0,,7,"impressions_views_only_experimental",true,137285.01248305323,0.8
2025-07-07 00:00:00,"fwwc",0,0,,7,"impressions_views_only_experimental",true,0,0.8
2025-07-07 00:00:00,"infantino",0,0,,7,"impressions_views_only_experimental",true,8865214.641422266,0.8
2025-07-07 00:00:00,"montreal_canadiens",0,0,,7,"impressions_views_only_experimental",true,9078.431459670745,0.8
2025-07-07 00:00:00,"motogp",335928159,231616222,0.6894814137924056,7,"impressions_views_only_experimental",true,848008709.7394247,0.8
2025-07-07 00:00:00,"ny_yankees",0,0,,7,"impressions_views_only_experimental",true,7.285537123744248,0.8
2025-07-14 00:00:00,"carolina_hurricanes",978503,219968,0.22480053714705014,7,"impressions_views_only_experimental",true,8275082.666654266,0.8
2025-07-14 00:00:00,"ducati",4785780,0,0,7,"impressions_views_only_experimental",true,18893893.43899934,0.8
2025-07-14 00:00:00,"f1",3896865,3450331,0.88541199143414,7,"impressions_views_only_experimental",true,189372885.32280397,0.8
2025-07-14 00:00:00,"fcwc",4431498,3965027,0.8947374003102337,7,"impressions_views_only_experimental",true,182077257.87712002,0.8
2025-07-14 00:00:00,"fifa",456204,149349,0.32737328037456925,7,"impressions_views_only_experimental",true,22914019.63054043,0.8
2025-07-14 00:00:00,"fifae",107431,106304,0.9895095456618667,7,"impressions_views_only_experimental",true,333369.0497467337,0.8
2025-07-14 00:00:00,"fifaewc",0,0,,7,"impressions_views_only_experimental",true,0,0.8
2025-07-14 00:00:00,"fwc",12718,2385,0.18752948576820255,7,"impressions_views_only_experimental",true,122546.00998644259,0.8
2025-07-14 00:00:00,"fwwc",0,0,,7,"impressions_views_only_experimental",true,0,0.8
2025-07-14 00:00:00,"infantino",0,0,,7,"impressions_views_only_experimental",true,7092171.713137813,0.8
2025-07-14 00:00:00,"montreal_canadiens",83215,20842,0.2504596527068437,7,"impressions_views_only_experimental",true,90477.74516773659,0.8
2025-07-14 00:00:00,"motogp",191536501,115387946,0.602433193660565,7,"impressions_views_only_experimental",true,869943468.7915398,0.8
2025-07-14 00:00:00,"ny_yankees",0,0,,7,"impressions_views_only_experimental",true,5.828429698995399,0.8
2025-07-21 00:00:00,"carolina_hurricanes",1089844,268216,0.24610494713004796,7,"impressions_views_only_experimental",true,7709910.133323413,0.8
2025-07-21 00:00:00,"ducati",1208940,30578,0.025293232087613943,7,"impressions_views_only_experimental",true,16324054.751199473,0.8
2025-07-21 00:00:00,"f1",29656233,22224011,0.7493875233580745,7,"impressions_views_only_experimental",true,181154541.25824317,0.8
2025-07-21 00:00:00,"fcwc",4256914,3843696,0.9029301508087784,7,"impressions_views_only_experimental",true,149918720.30169603,0.8
2025-07-21 00:00:00,"fifa",0,0,,7,"impressions_views_only_experimental",true,18331215.704432346,0.8
2025-07-21 00:00:00,"fifae",0,0,,7,"impressions_views_only_experimental",true,266695.239797387,0.8
2025-07-21 00:00:00,"fifaewc",0,0,,7,"impressions_views_only_experimental",true,0,0.8
2025-07-21 00:00:00,"fwc",0,0,,7,"impressions_views_only_experimental",true,98036.80798915407,0.8
2025-07-21 00:00:00,"fwwc",0,0,,7,"impressions_views_only_experimental",true,0,0.8
2025-07-21 00:00:00,"infantino",0,0,,7,"impressions_views_only_experimental",true,5673737.37051025,0.8
2025-07-21 00:00:00,"montreal_canadiens",0,0,,7,"impressions_views_only_experimental",true,72382.19613418927,0.8
2025-07-21 00:00:00,"motogp",48211651,37431417,0.7763977425290829,7,"impressions_views_only_experimental",true,744166426.0332319,0.8
2025-07-21 00:00:00,"ny_yankees",0,0,,7,"impressions_views_only_experimental",true,4.66274375919632,0.8
2025-07-28 00:00:00,"carolina_hurricanes",369471,62621,0.1694882683620636,7,"impressions_views_only_experimental",true,6537399.106658731,0.8
2025-07-28 00:00:00,"ducati",514029,498608,0.9699997470959809,7,"impressions_views_only_experimental",true,13573272.80095958,0.8
2025-07-28 00:00:00,"f1",170394647,146649266,0.8606447947863057,7,"impressions_views_only_experimental",true,315318280.00659454,0.8
2025-07-28 00:00:00,"fcwc",0,0,,7,"impressions_views_only_experimental",true,119934976.24135683,0.8
2025-07-28 00:00:00,"fifa",0,0,,7,"impressions_views_only_experimental",true,14664972.563545877,0.8
2025-07-28 00:00:00,"fifae",8333,2236,0.26833073322932915,7,"impressions_views_only_experimental",true,221689.1918379096,0.8
2025-07-28 00:00:00,"fifaewc",0,0,,7,"impressions_views_only_experimental",true,0,0.8
2025-07-28 00:00:00,"fwc",589111,526570,0.8938383428589858,7,"impressions_views_only_experimental",true,667540.4463913232,0.8
2025-07-28 00:00:00,"fwwc",0,0,,7,"impressions_views_only_experimental",true,0,0.8
2025-07-28 00:00:00,"infantino",193814,187999,0.969997007440123,7,"impressions_views_only_experimental",true,4732803.8964082,0.8
2025-07-28 00:00:00,"montreal_canadiens",0,0,,7,"impressions_views_only_experimental",true,57905.756907351424,0.8
2025-07-28 00:00:00,"motogp",14305906,12426603,0.8686344646749391,7,"impressions_views_only_experimental",true,609639046.8265855,0.8
2025-07-28 00:00:00,"ny_yankees",0,0,,7,"impressions_views_only_experimental",true,3.730195007357056,0.8
2025-08-04 00:00:00,"carolina_hurricanes",188385,25003,0.13272288133343949,7,"impressions_views_only_experimental",true,5418304.285326985,0.8
2025-08-04 00:00:00,"ducati",3139697,1140270,0.36317835765680573,7,"impressions_views_only_experimental",true,13998315.240767665,0.8
2025-08-04 00:00:00,"f1",58405095,41155627,0.704658163812592,7,"impressions_views_only_experimental",true,310659719.0052756,0.8
2025-08-04 00:00:00,"fcwc",7579266,7231362,0.9540979297995347,7,"impressions_views_only_experimental",true,103527246.99308547,0.8
2025-08-04 00:00:00,"fifa",0,0,,7,"impressions_views_only_experimental",true,11731978.050836703,0.8
2025-08-04 00:00:00,"fifae",0,0,,7,"impressions_views_only_experimental",true,177351.35347032768,0.8
2025-08-04 00:00:00,"fifaewc",0,0,,7,"impressions_views_only_experimental",true,0,0.8
2025-08-04 00:00:00,"fwc",0,0,,7,"impressions_views_only_experimental",true,534032.3571130586,0.8
2025-08-04 00:00:00,"fwwc",0,0,,7,"impressions_views_only_experimental",true,0,0.8
2025-08-04 00:00:00,"infantino",0,0,,7,"impressions_views_only_experimental",true,3786243.1171265603,0.8
2025-08-04 00:00:00,"montreal_canadiens",0,0,,7,"impressions_views_only_experimental",true,46324.60552588114,0.8
2025-08-04 00:00:00,"motogp",32798080,25175989,0.7676055732530684,7,"impressions_views_only_experimental",true,520509317.4612684,0.8
2025-08-04 00:00:00,"ny_yankees",0,0,,7,"impressions_views_only_experimental",true,2.984156005885645,0.8
2025-08-11 00:00:00,"carolina_hurricanes",2158029,0,0,7,"impressions_views_only_experimental",true,6492672.428261588,0.8
2025-08-11 00:00:00,"ducati",7012693,1484120,0.21163339105248155,7,"impressions_views_only_experimental",true,18211345.19261413,0.8
2025-08-11 00:00:00,"f1",17439624,14678230,0.8416597743162353,7,"impressions_views_only_experimental",true,265967399.2042205,0.8
2025-08-11 00:00:00,"fcwc",573410,518724,0.9046301947995327,7,"impressions_views_only_experimental",true,83395207.59446838,0.8
2025-08-11 00:00:00,"fifa",0,0,,7,"impressions_views_only_experimental",true,9385582.440669363,0.8
2025-08-11 00:00:00,"fifae",0,0,,7,"impressions_views_only_experimental",true,141881.08277626216,0.8
2025-08-11 00:00:00,"fifaewc",0,0,,7,"impressions_views_only_experimental",true,0,0.8
2025-08-11 00:00:00,"fwc",31882,16484,0.5170315538548397,7,"impressions_views_only_experimental",true,459107.8856904469,0.8
2025-08-11 00:00:00,"fwwc",0,0,,7,"impressions_views_only_experimental",true,0,0.8
2025-08-11 00:00:00,"infantino",0,0,,7,"impressions_views_only_experimental",true,3028994.4937012484,0.8
2025-08-11 00:00:00,"montreal_canadiens",0,0,,7,"impressions_views_only_experimental",true,37059.684420704914,0.8
2025-08-11 00:00:00,"motogp",107503374,72752286,0.6767442108375129,7,"impressions_views_only_experimental",true,523910827.96901476,0.8
2025-08-11 00:00:00,"ny_yankees",0,0,,7,"impressions_views_only_experimental",true,2.387324804708516,0.8
2025-08-18 00:00:00,"carolina_hurricanes",1195977,359827,0.30086448150758754,7,"impressions_views_only_experimental",true,6390114.942609271,0.8
2025-08-18 00:00:00,"ducati",4058777,0,0,7,"impressions_views_only_experimental",true,18627853.154091306,0.8
2025-08-18 00:00:00,"f1",5253284,2511812,0.4781412921897997,7,"impressions_views_only_experimental",true,218027203.3633764,0.8
2025-08-18 00:00:00,"fcwc",0,0,,7,"impressions_views_only_experimental",true,66716166.07557471,0.8
2025-08-18 00:00:00,"fifa",0,0,,7,"impressions_views_only_experimental",true,7508465.952535491,0.8
2025-08-18 00:00:00,"fifae",0,0,,7,"impressions_views_only_experimental",true,113504.86622100974,0.8
2025-08-18 00:00:00,"fifaewc",0,0,,7,"impressions_views_only_experimental",true,0,0.8
2025-08-18 00:00:00,"fwc",0,0,,7,"impressions_views_only_experimental",true,367286.30855235754,0.8
2025-08-18 00:00:00,"fwwc",0,0,,7,"impressions_views_only_experimental",true,0,0.8
2025-08-18 00:00:00,"infantino",0,0,,7,"impressions_views_only_experimental",true,2423195.5949609987,0.8
2025-08-18 00:00:00,"montreal_canadiens",0,0,,7,"impressions_views_only_experimental",true,29647.747536563933,0.8
2025-08-18 00:00:00,"motogp",156237899,112138713,0.7177433498385689,7,"impressions_views_only_experimental",true,575366561.3752118,0.8
2025-08-18 00:00:00,"ny_yankees",0,0,,7,"impressions_views_only_experimental",true,1.9098598437668128,0.8
2025-08-25 00:00:00,"carolina_hurricanes",328512,20370,0.06200686732904734,7,"impressions_views_only_experimental",true,5440603.954087418,0.8
2025-08-25 00:00:00,"ducati",1066440,0,0,7,"impressions_views_only_experimental",true,15968722.523273045,0.8
2025-08-25 00:00:00,"f1",47059757,39372663,0.8366524927019916,7,"impressions_views_only_experimental",true,221481519.69070113,0.8
2025-08-25 00:00:00,"fcwc",3481953,3430092,0.9851057725362748,7,"impressions_views_only_experimental",true,56854885.860459775,0.8
2025-08-25 00:00:00,"fifa",279019,95570,0.34252147703203006,7,"impressions_views_only_experimental",true,6285791.762028393,0.8
2025-08-25 00:00:00,"fifae",0,0,,7,"impressions_views_only_experimental",true,90803.8929768078,0.8
2025-08-25 00:00:00,"fifaewc",0,0,,7,"impressions_views_only_experimental",true,0,0.8
2025-08-25 00:00:00,"fwc",9051,2288,0.25278974698928297,7,"impressions_views_only_experimental",true,302880.04684188607,0.8
2025-08-25 00:00:00,"fwwc",341441,339776,0.9951236084711561,7,"impressions_views_only_experimental",true,341441,0.8
2025-08-25 00:00:00,"infantino",0,0,,7,"impressions_views_only_experimental",true,1938556.475968799,0.8
2025-08-25 00:00:00,"montreal_canadiens",0,0,,7,"impressions_views_only_experimental",true,23718.198029251147,0.8
2025-08-25 00:00:00,"motogp",58520035,49755229,0.8502255509587443,7,"impressions_views_only_experimental",true,518813284.1001695,0.8
2025-08-25 00:00:00,"ny_yankees",0,0,,7,"impressions_views_only_experimental",true,1.5278878750134504,0.8
2025-09-01 00:00:00,"carolina_hurricanes",1403038,475267,0.3387413598206178,7,"impressions_views_only_experimental",true,5755521.163269934,0.8
2025-09-01 00:00:00,"ducati",6090596,1043994,0.17141081102736086,7,"impressions_views_only_experimental",true,18865574.018618435,0.8
2025-09-01 00:00:00,"f1",56262746,44111966,0.7840350700266212,7,"impressions_views_only_experimental",true,233447961.7525609,0.8
2025-09-01 00:00:00,"fcwc",0,0,,7,"impressions_views_only_experimental",true,45483908.68836782,0.8
2025-09-01 00:00:00,"fifa",300187,98872,0.32936802726300607,7,"impressions_views_only_experimental",true,5328820.409622715,0.8
2025-09-01 00:00:00,"fifae",0,0,,7,"impressions_views_only_experimental",true,72643.11438144624,0.8
2025-09-01 00:00:00,"fifaewc",0,0,,7,"impressions_views_only_experimental",true,0,0.8
2025-09-01 00:00:00,"fwc",816506,682965,0.8364482318562264,7,"impressions_views_only_experimental",true,1058810.0374735089,0.8
2025-09-01 00:00:00,"fwwc",96871,95036,0.9810572823652073,7,"impressions_views_only_experimental",true,370023.8,0.8
2025-09-01 00:00:00,"infantino",0,0,,7,"impressions_views_only_experimental",true,1550845.1807750394,0.8
2025-09-01 00:00:00,"montreal_canadiens",0,0,,7,"impressions_views_only_experimental",true,18974.55842340092,0.8
2025-09-01 00:00:00,"motogp",232686912,197659195,0.8494641718396263,7,"impressions_views_only_experimental",true,647737539.2801356,0.8
2025-09-01 00:00:00,"ny_yankees",0,0,,7,"impressions_views_only_experimental",true,1.2223103000107605,0.8
2025-09-08 00:00:00,"carolina_hurricanes",1611609,286315,0.17765785621698563,7,"impressions_views_only_experimental",true,6216025.930615948,0.8
2025-09-08 00:00:00,"ducati",3548646,1072083,0.3021104387419878,7,"impressions_views_only_experimental",true,18641105.21489475,0.8
2025-09-08 00:00:00,"f1",436561,285675,0.6543759062307444,7,"impressions_views_only_experimental",true,187194930.40204874,0.8
2025-09-08 00:00:00,"fcwc",1032900,1027128,0.9944118501307,7,"impressions_views_only_experimental",true,37420026.950694256,0.8
2025-09-08 00:00:00,"fifa",0,0,,7,"impressions_views_only_experimental",true,4263056.327698172,0.8
2025-09-08 00:00:00,"fifae",0,0,,7,"impressions_views_only_experimental",true,58114.491505157,0.8
2025-09-08 00:00:00,"fifaewc",0,0,,7,"impressions_views_only_experimental",true,0,0.8
2025-09-08 00:00:00,"fwc",0,0,,7,"impressions_views_only_experimental",true,847048.0299788071,0.8
2025-09-08 00:00:00,"fwwc",0,0,,7,"impressions_views_only_experimental",true,296019.04,0.8
2025-09-08 00:00:00,"infantino",0,0,,7,"impressions_views_only_experimental",true,1240676.1446200316,0.8
2025-09-08 00:00:00,"montreal_canadiens",0,0,,7,"impressions_views_only_experimental",true,15179.646738720736,0.8
2025-09-08 00:00:00,"motogp",246408582,174685164,0.708924837690921,7,"impressions_views_only_experimental",true,764598613.4241085,0.8
2025-09-08 00:00:00,"ny_yankees",0,0,,7,"impressions_views_only_experimental",true,0.9778482400086084,0.8
2025-09-15 00:00:00,"carolina_hurricanes",843259,516063,0.6119863529473151,7,"impressions_views_only_experimental",true,5816079.744492758,0.8
2025-09-15 00:00:00,"ducati",718903,0,0,7,"impressions_views_only_experimental",true,15631787.1719158,0.8
2025-09-15 00:00:00,"f1",60316978,37384081,0.6197936673816782,7,"impressions_views_only_experimental",true,210072922.321639,0.8
2025-09-15 00:00:00,"fcwc",898249,880006,0.979690486713595,7,"impressions_views_only_experimental",true,30834270.560555406,0.8
2025-09-15 00:00:00,"fifa",0,0,,7,"impressions_views_only_experimental",true,3410445.062158538,0.8
2025-09-15 00:00:00,"fifae",0,0,,7,"impressions_views_only_experimental",true,46491.5932041256,0.8
2025-09-15 00:00:00,"fifaewc",0,0,,7,"impressions_views_only_experimental",true,0,0.8
2025-09-15 00:00:00,"fwc",0,0,,7,"impressions_views_only_experimental",true,677638.4239830457,0.8
2025-09-15 00:00:00,"fwwc",4633,4536,0.9790632419598533,7,"impressions_views_only_experimental",true,241448.232,0.8
2025-09-15 00:00:00,"infantino",0,0,,7,"impressions_views_only_experimental",true,992540.9156960254,0.8
2025-09-15 00:00:00,"montreal_canadiens",0,0,,7,"impressions_views_only_experimental",true,12143.71739097659,0.8
2025-09-15 00:00:00,"motogp",93500659,74311535,0.7947701737588823,7,"impressions_views_only_experimental",true,705179549.7392868,0.8
2025-09-15 00:00:00,"ny_yankees",0,0,,7,"impressions_views_only_experimental",true,0.7822785920068868,0.8
2025-09-22 00:00:00,"carolina_hurricanes",826358,354859,0.42942526120640206,7,"impressions_views_only_experimental",true,5479221.795594207,0.8
2025-09-22 00:00:00,"ducati",9162608,0,0,7,"impressions_views_only_experimental",true,21668037.737532638,0.8
2025-09-22 00:00:00,"f1",13252972,5407425,0.40801602840479856,7,"impressions_views_only_experimental",true,181311309.85731122,0.8
2025-09-22 00:00:00,"fcwc",0,0,,7,"impressions_views_only_experimental",true,24667416.448444325,0.8
2025-09-22 00:00:00,"fifa",5017370,1687735,0.33637842136418084,7,"impressions_views_only_experimental",true,7745726.049726831,0.8
2025-09-22 00:00:00,"fifae",0,0,,7,"impressions_views_only_experimental",true,37193.27456330048,0.8
2025-09-22 00:00:00,"fifaewc",0,0,,7,"impressions_views_only_experimental",true,0,0.8
2025-09-22 00:00:00,"fwc",1849128,1844634,0.9975696652692513,7,"impressions_views_only_experimental",true,2391238.739186437,0.8
2025-09-22 00:00:00,"fwwc",0,0,,7,"impressions_views_only_experimental",true,193158.5856,0.8
2025-09-22 00:00:00,"infantino",0,0,,7,"impressions_views_only_experimental",true,794032.7325568204,0.8
2025-09-22 00:00:00,"montreal_canadiens",0,0,,7,"impressions_views_only_experimental",true,9714.973912781272,0.8
2025-09-22 00:00:00,"motogp",355545664,213189993,0.5996135365610872,7,"impressions_views_only_experimental",true,919689303.7914294,0.8
2025-09-22 00:00:00,"ny_yankees",0,0,,7,"impressions_views_only_experimental",true,0.6258228736055095,0.8
2025-09-29 00:00:00,"carolina_hurricanes",791985,457643,0.5778430147035613,7,"impressions_views_only_experimental",true,5175362.436475365,0.8
2025-09-29 00:00:00,"ducati",7637640,0,0,7,"impressions_views_only_experimental",true,24972070.190026112,0.8
2025-09-29 00:00:00,"f1",62082236,36992254,0.5958589184835418,7,"impressions_views_only_experimental",true,207131283.88584897,0.8
2025-09-29 00:00:00,"fcwc",17830321,18017691,1.01050850402525,7,"impressions_views_only_experimental",true,37564254.15875547,0.8
2025-09-29 00:00:00,"fifa",31106412,10496181,0.3374282125498756,7,"impressions_views_only_experimental",true,37302992.83978146,0.8
2025-09-29 00:00:00,"fifae",0,0,,7,"impressions_views_only_experimental",true,29754.619650640387,0.8
2025-09-29 00:00:00,"fifaewc",0,0,,7,"impressions_views_only_experimental",true,0,0.8
2025-09-29 00:00:00,"fwc",56447969,49524989,0.877356437748894,7,"impressions_views_only_experimental",true,58360959.991349146,0.8
2025-09-29 00:00:00,"fwwc",0,0,,7,"impressions_views_only_experimental",true,154526.86848,0.8
2025-09-29 00:00:00,"infantino",0,0,,7,"impressions_views_only_experimental",true,635226.1860454563,0.8
2025-09-29 00:00:00,"montreal_canadiens",0,0,,7,"impressions_views_only_experimental",true,7771.979130225018,0.8
2025-09-29 00:00:00,"motogp",240511253,191150767,0.7947684967571975,7,"impressions_views_only_experimental",true,976262696.0331435,0.8
2025-09-29 00:00:00,"ny_yankees",0,0,,7,"impressions_views_only_experimental",true,0.5006582988844076,0.8
2025-10-06 00:00:00,"carolina_hurricanes",3933408,2531381,0.6435592239604944,7,"impressions_views_only_experimental",true,8073697.949180292,0.8
2025-10-06 00:00:00,"ducati",1181125,0,0,7,"impressions_views_only_experimental",true,21158781.15202089,0.8
2025-10-06 00:00:00,"f1",25379576,22672704,0.8933444751007661,7,"impressions_views_only_experimental",true,191084603.10867918,0.8
2025-10-06 00:00:00,"fcwc",0,0,,7,"impressions_views_only_experimental",true,30051403.327004373,0.8
2025-10-06 00:00:00,"fifa",25542314,8611311,0.33713903133443585,7,"impressions_views_only_experimental",true,55384708.27182517,0.8
2025-10-06 00:00:00,"fifae",0,0,,7,"impressions_views_only_experimental",true,23803.69572051231,0.8
2025-10-06 00:00:00,"fifaewc",0,0,,7,"impressions_views_only_experimental",true,0,0.8
2025-10-06 00:00:00,"fwc",46759260,40843358,0.8734817018062304,7,"impressions_views_only_experimental",true,93448027.99307932,0.8
2025-10-06 00:00:00,"fwwc",0,0,,7,"impressions_views_only_experimental",true,123621.49478400001,0.8
2025-10-06 00:00:00,"infantino",51603,51283,0.9937988101466969,7,"impressions_views_only_experimental",true,559783.948836365,0.8
2025-10-06 00:00:00,"montreal_canadiens",0,0,,7,"impressions_views_only_experimental",true,6217.583304180014,0.8
2025-10-06 00:00:00,"motogp",119194801,62109276,0.521073700185967,7,"impressions_views_only_experimental",true,900204957.8265148,0.8
2025-10-06 00:00:00,"ny_yankees",0,0,,7,"impressions_views_only_experimental",true,0.4005266391075261,0.8
2025-10-13 00:00:00,"carolina_hurricanes",4285567,2009346,0.4688635132760729,7,"impressions_views_only_experimental",true,10744525.359344233,0.8
2025-10-13 00:00:00,"ducati",3965173,0,0,7,"impressions_views_only_experimental",true,20892197.921616714,0.8
2025-10-13 00:00:00,"f1",82602487,68723553,0.8319792235795516,7,"impressions_views_only_experimental",true,235470169.48694333,0.8
2025-10-13 00:00:00,"fcwc",2895732,2850908,0.9845206669677995,7,"impressions_views_only_experimental",true,26936854.6616035,0.8
2025-10-13 00:00:00,"fifa",21740362,7467436,0.3434825970239134,7,"impressions_views_only_experimental",true,66048128.61746014,0.8
2025-10-13 00:00:00,"fifae",0,0,,7,"impressions_views_only_experimental",true,19042.956576409848,0.8
2025-10-13 00:00:00,"fifaewc",0,0,,7,"impressions_views_only_experimental",true,0,0.8
2025-10-13 00:00:00,"fwc",11403735,10590414,0.9286794195059777,7,"impressions_views_only_experimental",true,86162157.39446346,0.8
2025-10-13 00:00:00,"fwwc",6125313,3625554,0.5918969365320597,7,"impressions_views_only_experimental",true,6224210.1958272,0.8
2025-10-13 00:00:00,"infantino",0,0,,7,"impressions_views_only_experimental",true,447827.159069092,0.8
2025-10-13 00:00:00,"montreal_canadiens",0,0,,7,"impressions_views_only_experimental",true,4974.066643344012,0.8
2025-10-13 00:00:00,"motogp",25071637,9048589,0.36090938138582657,7,"impressions_views_only_experimental",true,745235603.2612119,0.8
2025-10-13 00:00:00,"ny_yankees",0,0,,7,"impressions_views_only_experimental",true,0.3204213112860209,0.8
2025-10-20 00:00:00,"carolina_hurricanes",2543679,874503,0.34379455898326794,7,"impressions_views_only_experimental",true,11139299.287475387,0.8
2025-10-20 00:00:00,"ducati",2841220,0,0,7,"impressions_views_only_experimental",true,19554978.33729337,0.8
2025-10-20 00:00:00,"f1",55064062,43733781,0.7942345590123736,7,"impressions_views_only_experimental",true,243440197.58955467,0.8
2025-10-20 00:00:00,"fcwc",814417,810248,0.9948810007649644,7,"impressions_views_only_experimental",true,22363900.7292828,0.8
2025-10-20 00:00:00,"fifa",44515366,18802583,0.4223841044011634,7,"impressions_views_only_experimental",true,97353868.8939681,0.8
2025-10-20 00:00:00,"fifae",0,0,,7,"impressions_views_only_experimental",true,15234.36526112788,0.8
2025-10-20 00:00:00,"fifaewc",0,0,,7,"impressions_views_only_experimental",true,0,0.8
2025-10-20 00:00:00,"fwc",9140049,8095604,0.8857287307759509,7,"impressions_views_only_experimental",true,78069774.91557078,0.8
2025-10-20 00:00:00,"fwwc",27579455,22854878,0.8286921550842828,7,"impressions_views_only_experimental",true,32558823.15666176,0.8
2025-10-20 00:00:00,"infantino",0,0,,7,"impressions_views_only_experimental",true,358261.7272552736,0.8
2025-10-20 00:00:00,"montreal_canadiens",0,0,,7,"impressions_views_only_experimental",true,3979.25331467521,0.8
2025-10-20 00:00:00,"motogp",64044516,34948338,0.5456882209867899,7,"impressions_views_only_experimental",true,660232998.6089696,0.8
2025-10-20 00:00:00,"ny_yankees",0,0,,7,"impressions_views_only_experimental",true,0.25633704902881677,0.8
2025-10-27 00:00:00,"carolina_hurricanes",7014960,6425056,0.9159077172214809,7,"impressions_views_only_experimental",true,15926399.42998031,0.8
2025-10-27 00:00:00,"ducati",846757,0,0,7,"impressions_views_only_experimental",true,16490739.669834698,0.8
2025-10-27 00:00:00,"f1",22065948,4597356,0.20834618118378598,7,"impressions_views_only_experimental",true,216818106.07164374,0.8
2025-10-27 00:00:00,"fcwc",0,0,,7,"impressions_views_only_experimental",true,17891120.58342624,0.8
2025-10-27 00:00:00,"fifa",7637524,4125152,0.540116404216864,7,"impressions_views_only_experimental",true,85520619.11517449,0.8
2025-10-27 00:00:00,"fifae",0,0,,7,"impressions_views_only_experimental",true,12187.492208902304,0.8
2025-10-27 00:00:00,"fifaewc",0,0,,7,"impressions_views_only_experimental",true,0,0.8
2025-10-27 00:00:00,"fwc",84557,13950,0.16497747081850114,7,"impressions_views_only_experimental",true,62540376.93245663,0.8
2025-10-27 00:00:00,"fwwc",8026944,7718879,0.9616211350172619,7,"impressions_views_only_experimental",true,34074002.52532941,0.8
2025-10-27 00:00:00,"infantino",79830,78582,0.9843667794062383,7,"impressions_views_only_experimental",true,366439.3818042189,0.8
2025-10-27 00:00:00,"montreal_canadiens",0,0,,7,"impressions_views_only_experimental",true,3183.402651740168,0.8
2025-10-27 00:00:00,"motogp",47590441,35917453,0.7547199026796159,7,"impressions_views_only_experimental",true,575776839.8871757,0.8
2025-10-27 00:00:00,"ny_yankees",0,0,,7,"impressions_views_only_experimental",true,0.20506963922305343,0.8
2025-11-03 00:00:00,"carolina_hurricanes",1757886,781541,0.444591401262653,7,"impressions_views_only_experimental",true,14499005.54398425,0.8
2025-11-03 00:00:00,"ducati",3545308,0,0,7,"impressions_views_only_experimental",true,16737899.73586776,0.8
2025-11-03 00:00:00,"f1",101533548,86056374,0.8475659099394419,7,"impressions_views_only_experimental",true,274988032.857315,0.8
2025-11-03 00:00:00,"fcwc",1573933,1555180,0.9880852615708546,7,"impressions_views_only_experimental",true,15886829.466740994,0.8
2025-11-03 00:00:00,"fifa",62474994,24372940,0.39012312670250116,7,"impressions_views_only_experimental",true,130891489.29213959,0.8
2025-11-03 00:00:00,"fifae",0,0,,7,"impressions_views_only_experimental",true,9749.993767121843,0.8
2025-11-03 00:00:00,"fifaewc",0,0,,7,"impressions_views_only_experimental",true,0,0.8
2025-11-03 00:00:00,"fwc",66360188,57758077,0.8703724136525954,7,"impressions_views_only_experimental",true,116392489.54596531,0.8
2025-11-03 00:00:00,"fwwc",4396643,4336541,0.9863300249758736,7,"impressions_views_only_experimental",true,31655845.02026353,0.8
2025-11-03 00:00:00,"infantino",98899,98714,0.9981294047462563,7,"impressions_views_only_experimental",true,392050.50544337515,0.8
2025-11-03 00:00:00,"montreal_canadiens",0,0,,7,"impressions_views_only_experimental",true,2546.722121392135,0.8
2025-11-03 00:00:00,"motogp",25292484,17828772,0.704903954866592,7,"impressions_views_only_experimental",true,485913955.90974057,0.8
2025-11-03 00:00:00,"ny_yankees",0,0,,7,"impressions_views_only_experimental",true,0.16405571137844277,0.8
2025-11-10 00:00:00,"carolina_hurricanes",1738083,1007466,0.5796420539180235,7,"impressions_views_only_experimental",true,13337287.4351874,0.8
2025-11-10 00:00:00,"ducati",3522710,1742838,0.49474353551669026,7,"impressions_views_only_experimental",true,16913029.78869421,0.8
2025-11-10 00:00:00,"f1",18919268,9530879,0.5037657376596177,7,"impressions_views_only_experimental",true,238909694.28585202,0.8
2025-11-10 00:00:00,"fcwc",0,0,,7,"impressions_views_only_experimental",true,12709463.573392795,0.8
2025-11-10 00:00:00,"fifa",46069015,24008074,0.5211327830647128,7,"impressions_views_only_experimental",true,150782206.43371168,0.8
2025-11-10 00:00:00,"fifae",0,0,,7,"impressions_views_only_experimental",true,7799.995013697475,0.8
2025-11-10 00:00:00,"fifaewc",0,0,,7,"impressions_views_only_experimental",true,0,0.8
2025-11-10 00:00:00,"fwc",29646285,29976155,1.0111268578845545,7,"impressions_views_only_experimental",true,122760276.63677226,0.8
2025-11-10 00:00:00,"fwwc",4582264,775464,0.16923162873199799,7,"impressions_views_only_experimental",true,29906940.016210824,0.8
2025-11-10 00:00:00,"infantino",0,0,,7,"impressions_views_only_experimental",true,313640.4043547001,0.8
2025-11-10 00:00:00,"montreal_canadiens",0,0,,7,"impressions_views_only_experimental",true,2037.3776971137079,0.8
2025-11-10 00:00:00,"motogp",75637336,52226555,0.690486441775263,7,"impressions_views_only_experimental",true,464368500.7277925,0.8
2025-11-10 00:00:00,"ny_yankees",0,0,,7,"impressions_views_only_experimental",true,0.13124456910275423,0.8
2025-11-17 00:00:00,"carolina_hurricanes",2106993,856967,0.4067251291295225,7,"impressions_views_only_experimental",true,12776822.94814992,0.8
2025-11-17 00:00:00,"ducati",5082451,0,0,7,"impressions_views_only_experimental",true,18612874.83095537,0.8
2025-11-17 00:00:00,"f1",34658061,32762057,0.9452939966837729,7,"impressions_views_only_experimental",true,225785816.4286816,0.8
2025-11-17 00:00:00,"fcwc",0,0,,7,"impressions_views_only_experimental",true,10167570.858714238,0.8
2025-11-17 00:00:00,"fifa",21784401,9231775,0.42377915279837164,7,"impressions_views_only_experimental",true,142410166.14696935,0.8
2025-11-17 00:00:00,"fifae",0,0,,7,"impressions_views_only_experimental",true,6239.996010957981,0.8
2025-11-17 00:00:00,"fifaewc",0,0,,7,"impressions_views_only_experimental",true,0,0.8
2025-11-17 00:00:00,"fwc",39404298,37124334,0.9421392052207097,7,"impressions_views_only_experimental",true,137612519.3094178,0.8
2025-11-17 00:00:00,"fwwc",5648034,5604241,0.9922463285454727,7,"impressions_views_only_experimental",true,29573586.01296866,0.8
2025-11-17 00:00:00,"infantino",266916,263164,0.9859431431611443,7,"impressions_views_only_experimental",true,517828.3234837601,0.8
2025-11-17 00:00:00,"montreal_canadiens",0,0,,7,"impressions_views_only_experimental",true,1629.9021576909663,0.8
2025-11-17 00:00:00,"motogp",44571343,33340178,0.7480182502017048,7,"impressions_views_only_experimental",true,416066143.582234,0.8
2025-11-17 00:00:00,"ny_yankees",0,0,,7,"impressions_views_only_experimental",true,0.10499565528220339,0.8
2025-11-24 00:00:00,"carolina_hurricanes",1123302,900049,0.8012529132860086,7,"impressions_views_only_experimental",true,11344760.358519936,0.8
2025-11-24 00:00:00,"ducati",276074,0,0,7,"impressions_views_only_experimental",true,15166373.864764297,0.8
2025-11-24 00:00:00,"f1",7281108,6998087,0.9611294050301136,7,"impressions_views_only_experimental",true,187909761.1429453,0.8
2025-11-24 00:00:00,"fcwc",0,0,,7,"impressions_views_only_experimental",true,8134056.686971391,0.8
2025-11-24 00:00:00,"fifa",19559005,7075792,0.3617664600014162,7,"impressions_views_only_experimental",true,133487137.91757548,0.8
2025-11-24 00:00:00,"fifae",0,0,,7,"impressions_views_only_experimental",true,4991.996808766385,0.8
2025-11-24 00:00:00,"fifaewc",0,0,,7,"impressions_views_only_experimental",true,0,0.8
2025-11-24 00:00:00,"fwc",32886310,31752721,0.9655300640296829,7,"impressions_views_only_experimental",true,142976325.44753426,0.8
2025-11-24 00:00:00,"fwwc",3045939,2989208,0.981374873232852,7,"impressions_views_only_experimental",true,26704807.81037493,0.8
2025-11-24 00:00:00,"infantino",153142,120075,0.7840762168444972,7,"impressions_views_only_experimental",true,567404.6587870081,0.8
2025-11-24 00:00:00,"montreal_canadiens",0,0,,7,"impressions_views_only_experimental",true,1303.921726152773,0.8
2025-11-24 00:00:00,"motogp",31825303,26285030,0.825916095755632,7,"impressions_views_only_experimental",true,364678217.86578727,0.8
2025-11-24 00:00:00,"ny_yankees",0,0,,7,"impressions_views_only_experimental",true,0.08399652422576272,0.8
2025-12-01 00:00:00,"carolina_hurricanes",1615758,1289466,0.7980563921082241,7,"impressions_views_only_experimental",true,10691566.286815949,0.8
2025-12-01 00:00:00,"ducati",0,0,,7,"impressions_views_only_experimental",true,12133099.091811439,0.8
2025-12-01 00:00:00,"f1",117998317,99136168,0.8401489997522592,7,"impressions_views_only_experimental",true,268326125.91435623,0.8
2025-12-01 00:00:00,"fcwc",0,0,,7,"impressions_views_only_experimental",true,6507245.349577113,0.8
2025-12-01 00:00:00,"fifa",11719807,3930260,0.3353519388160573,7,"impressions_views_only_experimental",true,118509517.33406039,0.8
2025-12-01 00:00:00,"fifae",0,0,,7,"impressions_views_only_experimental",true,3993.5974470131077,0.8
2025-12-01 00:00:00,"fifaewc",0,0,,7,"impressions_views_only_experimental",true,0,0.8
2025-12-01 00:00:00,"fwc",14926829,414,0.000027735294616157257,7,"impressions_views_only_experimental",true,129307889.35802741,0.8
2025-12-01 00:00:00,"fwwc",2849158,2786387,0.9779685787871364,7,"impressions_views_only_experimental",true,24213004.248299945,0.8
2025-12-01 00:00:00,"infantino",0,0,,7,"impressions_views_only_experimental",true,453923.7270296065,0.8
2025-12-01 00:00:00,"montreal_canadiens",0,0,,7,"impressions_views_only_experimental",true,1043.1373809222184,0.8
2025-12-01 00:00:00,"motogp",33320657,28414786,0.8527678790967417,7,"impressions_views_only_experimental",true,325063231.29262984,0.8
2025-12-01 00:00:00,"ny_yankees",0,0,,7,"impressions_views_only_experimental",true,0.06719721938061017,0.8
2025-12-08 00:00:00,"carolina_hurricanes",1155681,718542,0.6217476968125287,7,"impressions_views_only_experimental",true,9708934.02945276,0.8
2025-12-08 00:00:00,"ducati",0,0,,7,"impressions_views_only_experimental",true,9706479.27344915,0.8
2025-12-08 00:00:00,"f1",25160735,20796770,0.8265565373984504,7,"impressions_views_only_experimental",true,239821635.731485,0.8
2025-12-08 00:00:00,"fcwc",0,0,,7,"impressions_views_only_experimental",true,5205796.279661691,0.8
2025-12-08 00:00:00,"fifa",1102183,329204,0.2986836124309665,7,"impressions_views_only_experimental",true,95909796.86724831,0.8
2025-12-08 00:00:00,"fifae",39426256,38818933,0.9845959758390449,7,"impressions_views_only_experimental",true,39429450.87795761,0.8
2025-12-08 00:00:00,"fifaewc",298685,295897,0.9906657515442691,7,"impressions_views_only_experimental",true,298685,0.8
2025-12-08 00:00:00,"fwc",1309,410,0.31321619556913677,7,"impressions_views_only_experimental",true,103447620.48642194,0.8
2025-12-08 00:00:00,"fwwc",159767,154568,0.9674588619677406,7,"impressions_views_only_experimental",true,19530170.39863996,0.8
2025-12-08 00:00:00,"infantino",0,0,,7,"impressions_views_only_experimental",true,363138.9816236852,0.8
2025-12-08 00:00:00,"montreal_canadiens",220313,209153,0.9493447958132294,7,"impressions_views_only_experimental",true,221147.5099047378,0.8
2025-12-08 00:00:00,"motogp",69274330,52575535,0.7589468566494977,7,"impressions_views_only_experimental",true,329324915.0341039,0.8
2025-12-08 00:00:00,"ny_yankees",0,0,,7,"impressions_views_only_experimental",true,0.05375777550448814,0.8
2025-12-15 00:00:00,"carolina_hurricanes",1838960,701980,0.38172662809414015,7,"impressions_views_only_experimental",true,9606107.223562207,0.8
2025-12-15 00:00:00,"ducati",2634609,0,0,7,"impressions_views_only_experimental",true,10399792.41875932,0.8
2025-12-15 00:00:00,"f1",35194372,17195707,0.48859252269084386,7,"impressions_views_only_experimental",true,227051680.58518803,0.8
2025-12-15 00:00:00,"fcwc",0,0,,7,"impressions_views_only_experimental",true,4164637.0237293527,0.8
2025-12-15 00:00:00,"fifa",4834993,1390295,0.2875485031726002,7,"impressions_views_only_experimental",true,81562830.49379866,0.8
2025-12-15 00:00:00,"fifae",918269,469099,0.5108513953972094,7,"impressions_views_only_experimental",true,32461829.70236609,0.8
2025-12-15 00:00:00,"fifaewc",2981545,2946608,0.9882822496390294,7,"impressions_views_only_experimental",true,3220493,0.8
2025-12-15 00:00:00,"fwc",0,0,,7,"impressions_views_only_experimental",true,82758096.38913757,0.8
2025-12-15 00:00:00,"fwwc",0,0,,7,"impressions_views_only_experimental",true,15624136.318911968,0.8
2025-12-15 00:00:00,"infantino",0,0,,7,"impressions_views_only_experimental",true,290511.1852989482,0.8
2025-12-15 00:00:00,"montreal_canadiens",0,0,,7,"impressions_views_only_experimental",true,176918.00792379025,0.8
2025-12-15 00:00:00,"motogp",51375909,40736867,0.7929176883274222,7,"impressions_views_only_experimental",true,314835841.0272831,0.8
2025-12-15 00:00:00,"ny_yankees",0,0,,7,"impressions_views_only_experimental",true,0.04300622040359051,0.8
2025-12-22 00:00:00,"carolina_hurricanes",600256,369258,0.6151675285211643,7,"impressions_views_only_experimental",true,8285141.778849766,0.8
2025-12-22 00:00:00,"ducati",320066,196650,0.6144045290658802,7,"impressions_views_only_experimental",true,8639899.935007457,0.8
2025-12-22 00:00:00,"f1",6393826,11881,0.0018581988311849587,7,"impressions_views_only_experimental",true,188035170.46815044,0.8
2025-12-22 00:00:00,"fcwc",3999037,3981905,0.9957159686194451,7,"impressions_views_only_experimental",true,7330746.618983483,0.8
2025-12-22 00:00:00,"fifa",0,0,,7,"impressions_views_only_experimental",true,65250264.39503893,0.8
2025-12-22 00:00:00,"fifae",0,0,,7,"impressions_views_only_experimental",true,25969463.761892874,0.8
2025-12-22 00:00:00,"fifaewc",0,0,,7,"impressions_views_only_experimental",true,2576394.4000000004,0.8
2025-12-22 00:00:00,"fwc",0,0,,7,"impressions_views_only_experimental",true,66206477.11131006,0.8
2025-12-22 00:00:00,"fwwc",0,0,,7,"impressions_views_only_experimental",true,12499309.055129575,0.8
2025-12-22 00:00:00,"infantino",258614,257280,0.9948417332394998,7,"impressions_views_only_experimental",true,491022.9482391586,0.8
2025-12-22 00:00:00,"montreal_canadiens",0,0,,7,"impressions_views_only_experimental",true,141534.4063390322,0.8
2025-12-22 00:00:00,"motogp",14633230,10360013,0.7079785529237222,7,"impressions_views_only_experimental",true,266501902.82182646,0.8
2025-12-22 00:00:00,"ny_yankees",0,0,,7,"impressions_views_only_experimental",true,0.03440497632287241,0.8
2025-12-29 00:00:00,"carolina_hurricanes",1657534,964275,0.581752772492148,7,"impressions_views_only_experimental",true,8285647.423079813,0.8
2025-12-29 00:00:00,"ducati",1005708,0,0,7,"impressions_views_only_experimental",true,7917627.948005966,0.8
2025-12-29 00:00:00,"f1",5795249,5698579,0.9833190946584004,7,"impressions_views_only_experimental",true,156223385.37452036,0.8
2025-12-29 00:00:00,"fcwc",279802,276569,0.9884454006761925,7,"impressions_views_only_experimental",true,6144399.295186787,0.8
2025-12-29 00:00:00,"fifa",0,0,,7,"impressions_views_only_experimental",true,52200211.516031146,0.8
2025-12-29 00:00:00,"fifae",0,0,,7,"impressions_views_only_experimental",true,20775571.009514302,0.8
2025-12-29 00:00:00,"fifaewc",0,0,,7,"impressions_views_only_experimental",true,2061115.5200000005,0.8
2025-12-29 00:00:00,"fwc",0,0,,7,"impressions_views_only_experimental",true,52965181.68904805,0.8
2025-12-29 00:00:00,"fwwc",1378265,1368410,0.9928497059709127,7,"impressions_views_only_experimental",true,11377712.24410366,0.8
2025-12-29 00:00:00,"infantino",113177,111113,0.9817630790708359,7,"impressions_views_only_experimental",true,505995.3585913269,0.8
2025-12-29 00:00:00,"montreal_canadiens",3144955,2932977,0.9325974457504161,7,"impressions_views_only_experimental",true,3258182.5250712256,0.8
2025-12-29 00:00:00,"motogp",17237868,9989417,0.579504205508477,7,"impressions_views_only_experimental",true,230439390.2574612,0.8
2025-12-29 00:00:00,"ny_yankees",0,0,,7,"impressions_views_only_experimental",true,0.027523981058297932,0.8
2026-01-05 00:00:00,"carolina_hurricanes",2150377,1077708,0.5011716550167715,7,"impressions_views_only_experimental",true,8778894.938463852,0.8
2026-01-05 00:00:00,"ducati",1957408,0,0,7,"impressions_views_only_experimental",true,8291510.358404773,0.8
2026-01-05 00:00:00,"f1",10391293,8778623,0.8448056464195552,7,"impressions_views_only_experimental",true,135370001.29961628,0.8
2026-01-05 00:00:00,"fcwc",26561,26313,0.9906630021460036,7,"impressions_views_only_experimental",true,4942080.4361494295,0.8
2026-01-05 00:00:00,"fifa",37642,0,0,7,"impressions_views_only_experimental",true,41797811.21282492,0.8
2026-01-05 00:00:00,"fifae",0,0,,7,"impressions_views_only_experimental",true,16620456.807611443,0.8
2026-01-05 00:00:00,"fifaewc",0,0,,7,"impressions_views_only_experimental",true,1648892.4160000004,0.8
2026-01-05 00:00:00,"fwc",0,0,,7,"impressions_views_only_experimental",true,42372145.351238444,0.8
2026-01-05 00:00:00,"fwwc",0,0,,7,"impressions_views_only_experimental",true,9102169.795282928,0.8
2026-01-05 00:00:00,"infantino",201577,200220,0.9932680811798965,7,"impressions_views_only_experimental",true,606373.2868730616,0.8
2026-01-05 00:00:00,"montreal_canadiens",0,0,,7,"impressions_views_only_experimental",true,2606546.0200569807,0.8
2026-01-05 00:00:00,"motogp",11009560,4851735,0.4406838238767035,7,"impressions_views_only_experimental",true,195361072.20596898,0.8
2026-01-05 00:00:00,"ny_yankees",0,0,,7,"impressions_views_only_experimental",true,0.022019184846638347,0.8
2026-01-12 00:00:00,"carolina_hurricanes",1625854,585210,0.35994006841942755,7,"impressions_views_only_experimental",true,8648969.950771082,0.8
2026-01-12 00:00:00,"ducati",978573,0,0,7,"impressions_views_only_experimental",true,7611781.286723819,0.8
2026-01-12 00:00:00,"f1",0,0,,7,"impressions_views_only_experimental",true,108296001.03969303,0.8
2026-01-12 00:00:00,"fcwc",0,0,,7,"impressions_views_only_experimental",true,3953664.348919544,0.8
2026-01-12 00:00:00,"fifa",122346,40398,0.33019469373743315,7,"impressions_views_only_experimental",true,33560594.970259935,0.8
2026-01-12 00:00:00,"fifae",125377,123910,0.9882992893433404,7,"impressions_views_only_experimental",true,13421742.446089156,0.8
2026-01-12 00:00:00,"fifaewc",0,0,,7,"impressions_views_only_experimental",true,1319113.9328000005,0.8
2026-01-12 00:00:00,"fwc",0,0,,7,"impressions_views_only_experimental",true,33897716.28099076,0.8
2026-01-12 00:00:00,"fwwc",0,0,,7,"impressions_views_only_experimental",true,7281735.836226343,0.8
2026-01-12 00:00:00,"infantino",0,0,,7,"impressions_views_only_experimental",true,485098.62949844927,0.8
2026-01-12 00:00:00,"montreal_canadiens",42630,13724,0.3219329110954727,7,"impressions_views_only_experimental",true,2127866.8160455846,0.8
2026-01-12 00:00:00,"motogp",12196060,6522407,0.5347962374734135,7,"impressions_views_only_experimental",true,168484917.7647752,0.8
2026-01-12 00:00:00,"ny_yankees",0,0,,7,"impressions_views_only_experimental",true,0.01761534787731068,0.8
2026-01-19 00:00:00,"carolina_hurricanes",2565834,1541659,0.6008412859132742,7,"impressions_views_only_experimental",true,9485009.960616866,0.8
2026-01-19 00:00:00,"ducati",5942335,2745850,0.46208266615732707,7,"impressions_views_only_experimental",true,12031760.029379055,0.8
2026-01-19 00:00:00,"f1",132882,42778,0.3219247151608194,7,"impressions_views_only_experimental",true,86769682.83175443,0.8
2026-01-19 00:00:00,"fcwc",0,0,,7,"impressions_views_only_experimental",true,3162931.4791356353,0.8
2026-01-19 00:00:00,"fifa",786576,260620,0.3313347979089115,7,"impressions_views_only_experimental",true,27635051.97620795,0.8
2026-01-19 00:00:00,"fifae",0,0,,7,"impressions_views_only_experimental",true,10737393.956871325,0.8
2026-01-19 00:00:00,"fifaewc",0,0,,7,"impressions_views_only_experimental",true,1055291.1462400004,0.8
2026-01-19 00:00:00,"fwc",449717,407154,0.9053560350175778,7,"impressions_views_only_experimental",true,27567890.024792608,0.8
2026-01-19 00:00:00,"fwwc",0,0,,7,"impressions_views_only_experimental",true,5825388.668981075,0.8
2026-01-19 00:00:00,"infantino",0,0,,7,"impressions_views_only_experimental",true,388078.90359875944,0.8
2026-01-19 00:00:00,"montreal_canadiens",0,0,,7,"impressions_views_only_experimental",true,1702293.452836468,0.8
2026-01-19 00:00:00,"motogp",14759324,4042925,0.27392345340477653,7,"impressions_views_only_experimental",true,149547258.21182016,0.8
2026-01-19 00:00:00,"ny_yankees",0,0,,7,"impressions_views_only_experimental",true,0.014092278301848544,0.8
2026-01-26 00:00:00,"carolina_hurricanes",1589171,1273069,0.8010900022716246,7,"impressions_views_only_experimental",true,9177178.968493493,0.8
2026-01-26 00:00:00,"ducati",779138,0,0,7,"impressions_views_only_experimental",true,10404546.023503244,0.8
2026-01-26 00:00:00,"f1",8688119,57120,0.006574495584141976,7,"impressions_views_only_experimental",true,78103865.26540355,0.8
2026-01-26 00:00:00,"fcwc",2120458,2018408,0.9518736046646527,7,"impressions_views_only_experimental",true,4650803.183308508,0.8
2026-01-26 00:00:00,"fifa",2335347,773768,0.3313289202846515,7,"impressions_views_only_experimental",true,24443388.58096636,0.8
2026-01-26 00:00:00,"fifae",0,0,,7,"impressions_views_only_experimental",true,8589915.16549706,0.8
2026-01-26 00:00:00,"fifaewc",0,0,,7,"impressions_views_only_experimental",true,844232.9169920003,0.8
2026-01-26 00:00:00,"fwc",16103,5458,0.33894305408930014,7,"impressions_views_only_experimental",true,22070415.019834086,0.8
2026-01-26 00:00:00,"fwwc",0,0,,7,"impressions_views_only_experimental",true,4660310.935184861,0.8
2026-01-26 00:00:00,"infantino",118952,118449,0.9957714035913646,7,"impressions_views_only_experimental",true,429415.12287900754,0.8
2026-01-26 00:00:00,"montreal_canadiens",0,0,,7,"impressions_views_only_experimental",true,1361834.7622691744,0.8
2026-01-26 00:00:00,"motogp",21966931,4694091,0.2136889763982051,7,"impressions_views_only_experimental",true,141604737.56945613,0.8
2026-01-26 00:00:00,"ny_yankees",0,0,,7,"impressions_views_only_experimental",true,0.011273822641478836,0.8
2026-02-02 00:00:00,"carolina_hurricanes",2726661,2295814,0.8419873244235349,7,"impressions_views_only_experimental",true,10068404.174794795,0.8
2026-02-02 00:00:00,"ducati",12446625,3169163,0.2546202685466944,7,"impressions_views_only_experimental",true,20770261.818802595,0.8
2026-02-02 00:00:00,"f1",7715105,4832600,0.6263816240997369,7,"impressions_views_only_experimental",true,70198197.21232285,0.8
2026-02-02 00:00:00,"fcwc",3824001,3752111,0.981200318723766,7,"impressions_views_only_experimental",true,7544643.546646807,0.8
2026-02-02 00:00:00,"fifa",1286366,512170,0.3981526253025966,7,"impressions_views_only_experimental",true,20841076.86477309,0.8
2026-02-02 00:00:00,"fifae",0,0,,7,"impressions_views_only_experimental",true,6871932.132397649,0.8
2026-02-02 00:00:00,"fifaewc",0,0,,7,"impressions_views_only_experimental",true,675386.3335936003,0.8
2026-02-02 00:00:00,"fwc",6724,2455,0.3651100535395598,7,"impressions_views_only_experimental",true,17663056.01586727,0.8
2026-02-02 00:00:00,"fwwc",0,0,,7,"impressions_views_only_experimental",true,3728248.7481478886,0.8
2026-02-02 00:00:00,"infantino",70972,70653,0.9955052696838189,7,"impressions_views_only_experimental",true,414504.09830320603,0.8
2026-02-02 00:00:00,"montreal_canadiens",44683,12615,0.2823221359353669,7,"impressions_views_only_experimental",true,1134150.8098153395,0.8
2026-02-02 00:00:00,"motogp",87371735,55585121,0.6361911091727777,7,"impressions_views_only_experimental",true,200655525.0555649,0.8
2026-02-02 00:00:00,"ny_yankees",0,0,,7,"impressions_views_only_experimental",true,0.009019058113183069,0.8
2026-02-09 00:00:00,"carolina_hurricanes",0,0,,7,"impressions_views_only_experimental",true,8054723.339835837,0.8
2026-02-09 00:00:00,"ducati",537481,504970,0.9395122804340991,7,"impressions_views_only_experimental",true,17153690.45504208,0.8
2026-02-09 00:00:00,"f1",68201945,63684131,0.9337582821135086,7,"impressions_views_only_experimental",true,124360502.76985827,0.8
2026-02-09 00:00:00,"fcwc",42728,41952,0.981838607002434,7,"impressions_views_only_experimental",true,6078442.837317446,0.8
2026-02-09 00:00:00,"fifa",0,0,,7,"impressions_views_only_experimental",true,16672861.491818473,0.8
2026-02-09 00:00:00,"fifae",0,0,,7,"impressions_views_only_experimental",true,5497545.705918119,0.8
2026-02-09 00:00:00,"fifaewc",0,0,,7,"impressions_views_only_experimental",true,540309.0668748802,0.8
2026-02-09 00:00:00,"fwc",0,0,,7,"impressions_views_only_experimental",true,14130444.812693818,0.8
2026-02-09 00:00:00,"fwwc",0,0,,7,"impressions_views_only_experimental",true,2982598.998518311,0.8
2026-02-09 00:00:00,"infantino",0,0,,7,"impressions_views_only_experimental",true,331603.27864256484,0.8
2026-02-09 00:00:00,"montreal_canadiens",0,0,,7,"impressions_views_only_experimental",true,907320.6478522717,0.8
2026-02-09 00:00:00,"motogp",13831347,9156217,0.6619902602400186,7,"impressions_views_only_experimental",true,174355767.04445192,0.8
2026-02-09 00:00:00,"ny_yankees",0,0,,7,"impressions_views_only_experimental",true,0.007215246490546456,0.8
2026-02-16 00:00:00,"carolina_hurricanes",696377,59720,0.08575814537240604,7,"impressions_views_only_experimental",true,7140155.67186867,0.8
2026-02-16 00:00:00,"ducati",2374718,756998,0.3187738502003185,7,"impressions_views_only_experimental",true,16097670.364033664,0.8
2026-02-16 00:00:00,"f1",61699978,54716958,0.8868229742318546,7,"impressions_views_only_experimental",true,161188380.21588662,0.8
2026-02-16 00:00:00,"fcwc",3045121,3038435,0.9978043565428106,7,"impressions_views_only_experimental",true,7907875.269853957,0.8
2026-02-16 00:00:00,"fifa",0,0,,7,"impressions_views_only_experimental",true,13338289.19345478,0.8
2026-02-16 00:00:00,"fifae",2828,923,0.32637906647807635,7,"impressions_views_only_experimental",true,4400864.564734495,0.8
2026-02-16 00:00:00,"fifaewc",0,0,,7,"impressions_views_only_experimental",true,432247.2534999042,0.8
2026-02-16 00:00:00,"fwc",0,0,,7,"impressions_views_only_experimental",true,11304355.850155056,0.8
2026-02-16 00:00:00,"fwwc",0,0,,7,"impressions_views_only_experimental",true,2386079.1988146487,0.8
2026-02-16 00:00:00,"infantino",0,0,,7,"impressions_views_only_experimental",true,265282.62291405187,0.8
2026-02-16 00:00:00,"montreal_canadiens",0,0,,7,"impressions_views_only_experimental",true,725856.5182818174,0.8
2026-02-16 00:00:00,"motogp",54681143,33139377,0.6060476277900775,7,"impressions_views_only_experimental",true,194165756.63556156,0.8
2026-02-16 00:00:00,"ny_yankees",0,0,,7,"impressions_views_only_experimental",true,0.005772197192437165,0.8
2026-02-23 00:00:00,"carolina_hurricanes",1117572,791731,0.7084384719731704,7,"impressions_views_only_experimental",true,6829696.537494936,0.8
2026-02-23 00:00:00,"ducati",3182594,2937819,0.9230894672710374,7,"impressions_views_only_experimental",true,16060730.29122693,0.8
2026-02-23 00:00:00,"f1",7495382,0,0,7,"impressions_views_only_experimental",true,136446086.1727093,0.8
2026-02-23 00:00:00,"fcwc",3599222,3403220,0.945543231287206,7,"impressions_views_only_experimental",true,9925522.215883166,0.8
2026-02-23 00:00:00,"fifa",67443,21601,0.3202852779384072,7,"impressions_views_only_experimental",true,10738074.354763824,0.8
2026-02-23 00:00:00,"fifae",437772,418400,0.9557486545507707,7,"impressions_views_only_experimental",true,3958463.6517875963,0.8
2026-02-23 00:00:00,"fifaewc",0,0,,7,"impressions_views_only_experimental",true,345797.80279992335,0.8
2026-02-23 00:00:00,"fwc",251338,210803,0.8387231536814966,7,"impressions_views_only_experimental",true,9294822.680124044,0.8
2026-02-23 00:00:00,"fwwc",0,0,,7,"impressions_views_only_experimental",true,1908863.359051719,0.8
2026-02-23 00:00:00,"infantino",191358,191183,0.9990854837529657,7,"impressions_views_only_experimental",true,403584.0983312415,0.8
2026-02-23 00:00:00,"montreal_canadiens",1534057,1503879,0.9803279799903133,7,"impressions_views_only_experimental",true,2114742.214625454,0.8
2026-02-23 00:00:00,"motogp",158968688,126453157,0.795459524708413,7,"impressions_views_only_experimental",true,314301293.30844927,0.8
2026-02-23 00:00:00,"ny_yankees",0,0,,7,"impressions_views_only_experimental",true,0.004617757753949732,0.8
2026-03-02 00:00:00,"carolina_hurricanes",1291509,399170,0.3090725655028343,7,"impressions_views_only_experimental",true,6755266.229995949,0.8
2026-03-02 00:00:00,"ducati",1001874,147733,0.1474566662075271,7,"impressions_views_only_experimental",true,13850458.232981546,0.8
2026-03-02 00:00:00,"f1",144350896,79019323,0.5474113787281237,7,"impressions_views_only_experimental",true,253507764.93816745,0.8
2026-03-02 00:00:00,"fcwc",0,0,,7,"impressions_views_only_experimental",true,7940417.772706533,0.8
2026-03-02 00:00:00,"fifa",0,0,,7,"impressions_views_only_experimental",true,8590459.48381106,0.8
2026-03-02 00:00:00,"fifae",842276,794163,0.9428773941083445,7,"impressions_views_only_experimental",true,4009046.9214300774,0.8
2026-03-02 00:00:00,"fifaewc",99885,98962,0.9907593732792712,7,"impressions_views_only_experimental",true,376523.2422399387,0.8
2026-03-02 00:00:00,"fwc",0,0,,7,"impressions_views_only_experimental",true,7435858.144099236,0.8
2026-03-02 00:00:00,"fwwc",0,0,,7,"impressions_views_only_experimental",true,1527090.6872413754,0.8
2026-03-02 00:00:00,"infantino",0,0,,7,"impressions_views_only_experimental",true,322867.27866499324,0.8
2026-03-02 00:00:00,"montreal_canadiens",0,0,,7,"impressions_views_only_experimental",true,1691793.7717003634,0.8
2026-03-02 00:00:00,"motogp",58555913,46322084,0.7910744043902108,7,"impressions_views_only_experimental",true,309996947.6467594,0.8
2026-03-02 00:00:00,"ny_yankees",0,0,,7,"impressions_views_only_experimental",true,0.0036942062031597857,0.8
2026-03-09 00:00:00,"carolina_hurricanes",1407230,359620,0.2555516866468168,7,"impressions_views_only_experimental",true,6811442.98399676,0.8
2026-03-09 00:00:00,"ducati",242984,0,0,7,"impressions_views_only_experimental",true,11323350.586385237,0.8
2026-03-09 00:00:00,"f1",141714348,74461450,0.5254333880151641,7,"impressions_views_only_experimental",true,344520559.950534,0.8
2026-03-09 00:00:00,"fcwc",0,0,,7,"impressions_views_only_experimental",true,6352334.218165226,0.8
2026-03-09 00:00:00,"fifa",0,0,,7,"impressions_views_only_experimental",true,6872367.587048848,0.8
2026-03-09 00:00:00,"fifae",2114978,2080420,0.9836603501313016,7,"impressions_views_only_experimental",true,5322215.537144062,0.8
2026-03-09 00:00:00,"fifaewc",0,0,,7,"impressions_views_only_experimental",true,301218.59379195096,0.8
2026-03-09 00:00:00,"fwc",0,0,,7,"impressions_views_only_experimental",true,5948686.515279389,0.8
2026-03-09 00:00:00,"fwwc",0,0,,7,"impressions_views_only_experimental",true,1221672.5497931005,0.8
2026-03-09 00:00:00,"infantino",0,0,,7,"impressions_views_only_experimental",true,258293.8229319946,0.8
2026-03-09 00:00:00,"montreal_canadiens",0,0,,7,"impressions_views_only_experimental",true,1353435.0173602907,0.8
2026-03-09 00:00:00,"motogp",3951664,2755911,0.697405194368752,7,"impressions_views_only_experimental",true,251949222.11740753,0.8
2026-03-09 00:00:00,"ny_yankees",0,0,,7,"impressions_views_only_experimental",true,0.0029553649625278285,0.8
2026-03-16 00:00:00,"carolina_hurricanes",1202128,694775,0.5779542611102977,7,"impressions_views_only_experimental",true,6651282.387197409,0.8
2026-03-16 00:00:00,"ducati",3741171,2498257,0.667774073946366,7,"impressions_views_only_experimental",true,12799851.46910819,0.8
2026-03-16 00:00:00,"f1",7681286,6993135,0.910412006531198,7,"impressions_views_only_experimental",true,283297733.9604272,0.8
2026-03-16 00:00:00,"fcwc",0,0,,7,"impressions_views_only_experimental",true,5081867.374532182,0.8
2026-03-16 00:00:00,"fifa",0,0,,7,"impressions_views_only_experimental",true,5497894.069639079,0.8
2026-03-16 00:00:00,"fifae",0,0,,7,"impressions_views_only_experimental",true,4257772.42971525,0.8
2026-03-16 00:00:00,"fifaewc",0,0,,7,"impressions_views_only_experimental",true,240974.8750335608,0.8
2026-03-16 00:00:00,"fwc",0,0,,7,"impressions_views_only_experimental",true,4758949.212223511,0.8
2026-03-16 00:00:00,"fwwc",0,0,,7,"impressions_views_only_experimental",true,977338.0398344804,0.8
2026-03-16 00:00:00,"infantino",429765,416853,0.9699556734494433,7,"impressions_views_only_experimental",true,636400.0583455957,0.8
2026-03-16 00:00:00,"montreal_canadiens",0,0,,7,"impressions_views_only_experimental",true,1082748.0138882326,0.8
2026-03-16 00:00:00,"motogp",120256694,99221091,0.8250774879941403,7,"impressions_views_only_experimental",true,321816071.69392604,0.8
2026-03-16 00:00:00,"ny_yankees",0,0,,7,"impressions_views_only_experimental",true,0.002364291970022263,0.8
2026-03-23 00:00:00,"carolina_hurricanes",1062115,674268,0.6348352108764117,7,"impressions_views_only_experimental",true,6383140.909757927,0.8
2026-03-23 00:00:00,"ducati",3907297,3246206,0.8308060533918973,7,"impressions_views_only_experimental",true,14147178.175286554,0.8
2026-03-23 00:00:00,"f1",81549186,47279535,0.5797670990854525,7,"impressions_views_only_experimental",true,308187373.16834176,0.8
2026-03-23 00:00:00,"fcwc",0,0,,7,"impressions_views_only_experimental",true,4065493.8996257456,0.8
2026-03-23 00:00:00,"fifa",7698315,2228359,0.289460615732144,7,"impressions_views_only_experimental",true,12096630.255711265,0.8
2026-03-23 00:00:00,"fifae",0,0,,7,"impressions_views_only_experimental",true,3406217.9437722,0.8
2026-03-23 00:00:00,"fifaewc",0,0,,7,"impressions_views_only_experimental",true,192779.90002684866,0.8
2026-03-23 00:00:00,"fwc",6245072,6107959,0.9780446086129991,7,"impressions_views_only_experimental",true,10052231.369778808,0.8
2026-03-23 00:00:00,"fwwc",0,0,,7,"impressions_views_only_experimental",true,781870.4318675844,0.8
2026-03-23 00:00:00,"infantino",0,0,,7,"impressions_views_only_experimental",true,509120.0466764766,0.8
2026-03-23 00:00:00,"montreal_canadiens",65537,41296,0.6301173382974503,7,"impressions_views_only_experimental",true,931735.4111105861,0.8
2026-03-23 00:00:00,"motogp",169212483,136175698,0.8047615375988544,7,"impressions_views_only_experimental",true,426665340.3551408,0.8
2026-03-23 00:00:00,"ny_yankees",0,0,,7,"impressions_views_only_experimental",true,0.0018914335760178106,0.8
2026-03-30 00:00:00,"carolina_hurricanes",2295987,1105558,0.48151753472471753,7,"impressions_views_only_experimental",true,7402499.727806342,0.8
2026-03-30 00:00:00,"ducati",1153220,678149,0.5880482475156519,7,"impressions_views_only_experimental",true,12470962.540229244,0.8
2026-03-30 00:00:00,"f1",9289677,8864914,0.9542758052836497,7,"impressions_views_only_experimental",true,255839575.53467342,0.8
2026-03-30 00:00:00,"fcwc",0,0,,7,"impressions_views_only_experimental",true,3252395.1197005967,0.8
2026-03-30 00:00:00,"fifa",6622440,2184094,0.3298020065111953,7,"impressions_views_only_experimental",true,16299744.204569012,0.8
2026-03-30 00:00:00,"fifae",403048,399182,0.9904080903515214,7,"impressions_views_only_experimental",true,3128022.3550177603,0.8
2026-03-30 00:00:00,"fifaewc",0,0,,7,"impressions_views_only_experimental",true,154223.92002147893,0.8
2026-03-30 00:00:00,"fwc",4611844,3748652,0.8128314834586773,7,"impressions_views_only_experimental",true,12653629.095823046,0.8
2026-03-30 00:00:00,"fwwc",0,0,,7,"impressions_views_only_experimental",true,625496.3454940675,0.8
2026-03-30 00:00:00,"infantino",0,0,,7,"impressions_views_only_experimental",true,407296.0373411813,0.8
2026-03-30 00:00:00,"montreal_canadiens",1490567,1430943,0.9599991144309514,7,"impressions_views_only_experimental",true,2235955.328888469,0.8
2026-03-30 00:00:00,"motogp",69753231,58818919,0.8432429316428367,7,"impressions_views_only_experimental",true,411085503.2841127,0.8
2026-03-30 00:00:00,"ny_yankees",12016633,11153385,0.9281622397887994,7,"impressions_views_only_experimental",true,12016633.001513148,0.8
2026-04-06 00:00:00,"carolina_hurricanes",2376354,727743,0.3062435142238909,7,"impressions_views_only_experimental",true,8298353.7822450735,0.8
2026-04-06 00:00:00,"ducati",1148056,1044272,0.9096002285602793,7,"impressions_views_only_experimental",true,11124826.032183396,0.8
2026-04-06 00:00:00,"f1",11351288,11024175,0.9711827415532053,7,"impressions_views_only_experimental",true,216022948.42773876,0.8
2026-04-06 00:00:00,"fcwc",2252919,2222262,0.986392320363049,7,"impressions_views_only_experimental",true,4854835.095760478,0.8
2026-04-06 00:00:00,"fifa",1582365,524209,0.3312819735016889,7,"impressions_views_only_experimental",true,14622160.36365521,0.8
2026-04-06 00:00:00,"fifae",0,0,,7,"impressions_views_only_experimental",true,2502417.8840142083,0.8
2026-04-06 00:00:00,"fifaewc",0,0,,7,"impressions_views_only_experimental",true,123379.13601718315,0.8
2026-04-06 00:00:00,"fwc",2296264,2258241,0.9834413638849888,7,"impressions_views_only_experimental",true,12419167.276658438,0.8
2026-04-06 00:00:00,"fwwc",0,0,,7,"impressions_views_only_experimental",true,500397.07639525406,0.8
2026-04-06 00:00:00,"infantino",71918,70998,0.9872076531605439,7,"impressions_views_only_experimental",true,397754.8298729451,0.8
2026-04-06 00:00:00,"montreal_canadiens",0,0,,7,"impressions_views_only_experimental",true,1788764.2631107753,0.8
2026-04-06 00:00:00,"motogp",8072744,7139666,0.8844162530113676,7,"impressions_views_only_experimental",true,336941146.6272902,0.8
2026-04-06 00:00:00,"ny_yankees",0,0,,7,"impressions_views_only_experimental",true,9613306.401210519,0.8
2026-04-13 00:00:00,"carolina_hurricanes",2343433,1007725,0.43002082841711287,7,"impressions_views_only_experimental",true,8982116.02579606,0.8
2026-04-13 00:00:00,"ducati",2573884,2123042,0.824839814070875,7,"impressions_views_only_experimental",true,11473744.825746717,0.8
2026-04-13 00:00:00,"f1",9035172,7309648,0.8090214552639396,7,"impressions_views_only_experimental",true,181853530.74219102,0.8
2026-04-13 00:00:00,"fcwc",0,0,,7,"impressions_views_only_experimental",true,3883868.076608382,0.8
2026-04-13 00:00:00,"fifa",80517,26388,0.32773203174484894,7,"impressions_views_only_experimental",true,11778245.29092417,0.8
2026-04-13 00:00:00,"fifae",0,0,,7,"impressions_views_only_experimental",true,2001934.3072113667,0.8
2026-04-13 00:00:00,"fifaewc",0,0,,7,"impressions_views_only_experimental",true,98703.30881374652,0.8
2026-04-13 00:00:00,"fwc",0,0,,7,"impressions_views_only_experimental",true,9935333.821326751,0.8
2026-04-13 00:00:00,"fwwc",0,0,,7,"impressions_views_only_experimental",true,400317.6611162033,0.8
2026-04-13 00:00:00,"infantino",0,0,,7,"impressions_views_only_experimental",true,318203.8638983561,0.8
2026-04-13 00:00:00,"montreal_canadiens",328690,117016,0.3560071800176458,7,"impressions_views_only_experimental",true,1759701.4104886204,0.8
2026-04-13 00:00:00,"motogp",7874415,4966745,0.630744633093379,7,"impressions_views_only_experimental",true,277427332.30183214,0.8
2026-04-13 00:00:00,"ny_yankees",0,0,,7,"impressions_views_only_experimental",true,7690645.120968415,0.8
2026-04-20 00:00:00,"carolina_hurricanes",2886802,1201019,0.41603788552176424,7,"impressions_views_only_experimental",true,10072494.820636848,0.8
2026-04-20 00:00:00,"ducati",15503204,13261205,0.8553847965878537,7,"impressions_views_only_experimental",true,24682199.860597372,0.8
2026-04-20 00:00:00,"f1",14436611,12777342,0.8850651998588865,7,"impressions_views_only_experimental",true,159919435.59375283,0.8
2026-04-20 00:00:00,"fcwc",0,0,,7,"impressions_views_only_experimental",true,3107094.461286706,0.8
2026-04-20 00:00:00,"fifa",112668,36786,0.32649909468527,7,"impressions_views_only_experimental",true,9535264.232739335,0.8
2026-04-20 00:00:00,"fifae",25404,8188,0.32231144701621794,7,"impressions_views_only_experimental",true,1626951.4457690935,0.8
2026-04-20 00:00:00,"fifaewc",0,0,,7,"impressions_views_only_experimental",true,78962.64705099723,0.8
2026-04-20 00:00:00,"fwc",458220,0,0,7,"impressions_views_only_experimental",true,8406487.0570614,0.8
2026-04-20 00:00:00,"fwwc",0,0,,7,"impressions_views_only_experimental",true,320254.12889296265,0.8
2026-04-20 00:00:00,"infantino",0,0,,7,"impressions_views_only_experimental",true,254563.09111868488,0.8
2026-04-20 00:00:00,"montreal_canadiens",0,0,,7,"impressions_views_only_experimental",true,1407761.1283908964,0.8
2026-04-20 00:00:00,"motogp",83045292,61484148,0.7403688579961883,7,"impressions_views_only_experimental",true,304987157.8414657,0.8
2026-04-20 00:00:00,"ny_yankees",0,0,,7,"impressions_views_only_experimental",true,6152516.096774733,0.8
2026-04-27 00:00:00,"carolina_hurricanes",3517990,1462870,0.41582551400089257,7,"impressions_views_only_experimental",true,11575985.856509479,0.8
2026-04-27 00:00:00,"ducati",4318368,1153585,0.2671344822859006,7,"impressions_views_only_experimental",true,24064127.8884779,0.8
2026-04-27 00:00:00,"f1",4014400,3202182,0.7976738740534077,7,"impressions_views_only_experimental",true,131949948.47500227,0.8
2026-04-27 00:00:00,"fcwc",0,0,,7,"impressions_views_only_experimental",true,2485675.5690293647,0.8
2026-04-27 00:00:00,"fifa",119631,39357,0.32898663389924016,7,"impressions_views_only_experimental",true,7747842.386191469,0.8
2026-04-27 00:00:00,"fifae",12129,3962,0.3266551240827768,7,"impressions_views_only_experimental",true,1313690.156615275,0.8
2026-04-27 00:00:00,"fifaewc",0,0,,7,"impressions_views_only_experimental",true,63170.117640797784,0.8
2026-04-27 00:00:00,"fwc",3573920,3550375,0.9934119957917357,7,"impressions_views_only_experimental",true,10299109.64564912,0.8
2026-04-27 00:00:00,"fwwc",0,0,,7,"impressions_views_only_experimental",true,256203.30311437012,0.8
2026-04-27 00:00:00,"infantino",351531,340968,0.9699514409824453,7,"impressions_views_only_experimental",true,555181.472894948,0.8
2026-04-27 00:00:00,"montreal_canadiens",0,0,,7,"impressions_views_only_experimental",true,1126208.9027127172,0.8
2026-04-27 00:00:00,"motogp",74176628,65999020,0.889754923882493,7,"impressions_views_only_experimental",true,318166354.2731726,0.8
2026-04-27 00:00:00,"ny_yankees",0,0,,7,"impressions_views_only_experimental",true,4922012.8774197865,0.8
2026-05-04 00:00:00,"carolina_hurricanes",4951544,2203962,0.44510601137746125,7,"impressions_views_only_experimental",true,14212332.685207583,0.8
2026-05-04 00:00:00,"ducati",11443826,9015364,0.7877928238335675,7,"impressions_views_only_experimental",true,30695128.31078232,0.8
2026-05-04 00:00:00,"f1",36662890,34488832,0.9407014013352466,7,"impressions_views_only_experimental",true,142222848.78000182,0.8
2026-05-04 00:00:00,"fcwc",497851,495957,0.9961956488989677,7,"impressions_views_only_experimental",true,2486391.455223492,0.8
2026-05-04 00:00:00,"fifa",0,0,,7,"impressions_views_only_experimental",true,6198273.908953175,0.8
2026-05-04 00:00:00,"fifae",0,0,,7,"impressions_views_only_experimental",true,1050952.12529222,0.8
2026-05-04 00:00:00,"fifaewc",264709,260637,0.9846170700656193,7,"impressions_views_only_experimental",true,315245.0941126382,0.8
2026-05-04 00:00:00,"fwc",5476137,5373111,0.9811863728025796,7,"impressions_views_only_experimental",true,13715424.716519296,0.8
2026-05-04 00:00:00,"fwwc",0,0,,7,"impressions_views_only_experimental",true,204962.6424914961,0.8
2026-05-04 00:00:00,"infantino",0,0,,7,"impressions_views_only_experimental",true,444145.1783159584,0.8
2026-05-04 00:00:00,"montreal_canadiens",0,0,,7,"impressions_views_only_experimental",true,900967.1221701738,0.8
2026-05-04 00:00:00,"motogp",357992600,336684308,0.9404784009501872,7,"impressions_views_only_experimental",true,612525683.4185381,0.8
2026-05-04 00:00:00,"ny_yankees",0,0,,7,"impressions_views_only_experimental",true,3937610.301935829,0.8
2026-05-11 00:00:00,"carolina_hurricanes",985922,326751,0.33141668407845654,7,"impressions_views_only_experimental",true,12355788.148166068,0.8
2026-05-11 00:00:00,"ducati",16789531,12767424,0.7604395858347681,7,"impressions_views_only_experimental",true,41345633.64862586,0.8
2026-05-11 00:00:00,"f1",52527468,16375462,0.3117504540671939,7,"impressions_views_only_experimental",true,166305747.02400148,0.8
2026-05-11 00:00:00,"fcwc",0,0,,7,"impressions_views_only_experimental",true,1989113.1641787936,0.8
2026-05-11 00:00:00,"fifa",2373,0,0,7,"impressions_views_only_experimental",true,4960992.12716254,0.8
2026-05-11 00:00:00,"fifae",89613,66140,0.7380625578878065,7,"impressions_views_only_experimental",true,930374.700233776,0.8
2026-05-11 00:00:00,"fifaewc",0,0,,7,"impressions_views_only_experimental",true,252196.07529011057,0.8
2026-05-11 00:00:00,"fwc",0,0,,7,"impressions_views_only_experimental",true,10972339.773215437,0.8
2026-05-11 00:00:00,"fwwc",0,0,,7,"impressions_views_only_experimental",true,163970.1139931969,0.8
2026-05-11 00:00:00,"infantino",0,0,,7,"impressions_views_only_experimental",true,355316.1426527668,0.8
2026-05-11 00:00:00,"montreal_canadiens",140675,51224,0.36413008708014927,7,"impressions_views_only_experimental",true,861448.6977361391,0.8
2026-05-11 00:00:00,"motogp",48952431,36220932,0.7399210061702554,7,"impressions_views_only_experimental",true,538972977.7348305,0.8
2026-05-11 00:00:00,"ny_yankees",0,0,,7,"impressions_views_only_experimental",true,3150088.2415486635,0.8
2026-05-18 00:00:00,"carolina_hurricanes",4463697,3148098,0.7052669569641488,7,"impressions_views_only_experimental",true,14348327.518532855,0.8
2026-05-18 00:00:00,"ducati",3926368,3494250,0.8899446002004906,7,"impressions_views_only_experimental",true,37002874.91890068,0.8
2026-05-18 00:00:00,"f1",262926341,215484001,0.8195603383838974,7,"impressions_views_only_experimental",true,395970938.6192012,0.8
2026-05-18 00:00:00,"fcwc",0,0,,7,"impressions_views_only_experimental",true,1591290.531343035,0.8
2026-05-18 00:00:00,"fifa",1224596,484619,0.395737859669638,7,"impressions_views_only_experimental",true,5193389.701730032,0.8
2026-05-18 00:00:00,"fifae",0,0,,7,"impressions_views_only_experimental",true,744299.7601870209,0.8
2026-05-18 00:00:00,"fifaewc",0,0,,7,"impressions_views_only_experimental",true,201756.86023208848,0.8
2026-05-18 00:00:00,"fwc",3372035,1792476,0.5315709949629823,7,"impressions_views_only_experimental",true,12149906.81857235,0.8
2026-05-18 00:00:00,"fwwc",191551,189485,0.9892143606663499,7,"impressions_views_only_experimental",true,322727.0911945575,0.8
2026-05-18 00:00:00,"infantino",0,0,,7,"impressions_views_only_experimental",true,284252.91412221343,0.8
2026-05-18 00:00:00,"montreal_canadiens",6784730,5796610,0.8543611904968952,7,"impressions_views_only_experimental",true,7473888.958188911,0.8
2026-05-18 00:00:00,"motogp",13986613,7727520,0.5524940169575007,7,"impressions_views_only_experimental",true,445164995.1878644,0.8
2026-05-18 00:00:00,"ny_yankees",0,0,,7,"impressions_views_only_experimental",true,2520070.593238931,0.8
2026-05-25 00:00:00,"carolina_hurricanes",9976440,4778140,0.4789423882667565,7,"impressions_views_only_experimental",true,21455102.014826283,0.8
2026-05-25 00:00:00,"ducati",20395233,17144716,0.8406236888786708,7,"impressions_views_only_experimental",true,49997532.93512055,0.8
2026-05-25 00:00:00,"f1",296637558,195439307,0.6588488265535142,7,"impressions_views_only_experimental",true,613414308.895361,0.8
2026-05-25 00:00:00,"fcwc",276841,276449,0.9985840247651179,7,"impressions_views_only_experimental",true,1549873.425074428,0.8
2026-05-25 00:00:00,"fifa",0,0,,7,"impressions_views_only_experimental",true,4154711.761384026,0.8
2026-05-25 00:00:00,"fifae",0,0,,7,"impressions_views_only_experimental",true,595439.8081496167,0.8
2026-05-25 00:00:00,"fifaewc",0,0,,7,"impressions_views_only_experimental",true,161405.4881856708,0.8
2026-05-25 00:00:00,"fwc",0,0,,7,"impressions_views_only_experimental",true,9719925.45485788,0.8
2026-05-25 00:00:00,"fwwc",0,0,,7,"impressions_views_only_experimental",true,258181.672955646,0.8
2026-05-25 00:00:00,"infantino",34583,33929,0.9810889743515601,7,"impressions_views_only_experimental",true,261985.33129777075,0.8
2026-05-25 00:00:00,"montreal_canadiens",1593981,1179390,0.7399021694737892,7,"impressions_views_only_experimental",true,7573092.166551129,0.8
2026-05-25 00:00:00,"motogp",168938256,139263865,0.8243477131668744,7,"impressions_views_only_experimental",true,525070252.15029156,0.8
2026-05-25 00:00:00,"ny_yankees",0,0,,7,"impressions_views_only_experimental",true,2016056.474591145,0.8
2026-06-01 00:00:00,"carolina_hurricanes",13048509,6338144,0.4857370294184569,7,"impressions_views_only_experimental",true,30212590.611861028,0.8
2026-06-01 00:00:00,"ducati",21935523,15681286,0.7148808806610173,7,"impressions_views_only_experimental",true,61933549.348096445,0.8
2026-06-01 00:00:00,"f1",74076800,40651278,0.5487720581882587,7,"impressions_views_only_experimental",true,564808247.1162888,0.8
2026-06-01 00:00:00,"fcwc",0,0,,7,"impressions_views_only_experimental",true,1239898.7400595425,0.8
2026-06-01 00:00:00,"fifa",445284,147102,0.33035545853882015,7,"impressions_views_only_experimental",true,3769053.4091072213,0.8
2026-06-01 00:00:00,"fifae",0,0,,7,"impressions_views_only_experimental",true,476351.8465196934,0.8
2026-06-01 00:00:00,"fifaewc",0,0,,7,"impressions_views_only_experimental",true,129124.39054853666,0.8
2026-06-01 00:00:00,"fwc",0,0,,7,"impressions_views_only_experimental",true,7775940.363886304,0.8
2026-06-01 00:00:00,"fwwc",0,0,,7,"impressions_views_only_experimental",true,206545.33836451682,0.8
2026-06-01 00:00:00,"infantino",0,0,,7,"impressions_views_only_experimental",true,209588.2650382166,0.8
2026-06-01 00:00:00,"montreal_canadiens",0,0,,7,"impressions_views_only_experimental",true,6058473.733240903,0.8
2026-06-01 00:00:00,"motogp",216991411,178657488,0.8233389846015611,7,"impressions_views_only_experimental",true,637047612.7202332,0.8
2026-06-01 00:00:00,"ny_yankees",0,0,,7,"impressions_views_only_experimental",true,1612845.1796729162,0.8
2026-06-08 00:00:00,"carolina_hurricanes",6993596,2681285,0.38339146270387936,7,"impressions_views_only_experimental",true,31163668.489488825,0.8
2026-06-08 00:00:00,"ducati",4653676,3038521,0.652929211230004,7,"impressions_views_only_experimental",true,54200515.47847716,0.8
2026-06-08 00:00:00,"f1",190149910,158609113,0.8341266793131797,7,"impressions_views_only_experimental",true,641996507.6930311,0.8
2026-06-08 00:00:00,"fcwc",0,0,,7,"impressions_views_only_experimental",true,991918.992047634,0.8
2026-06-08 00:00:00,"fifa",132525904,45515055,0.34344270535970084,7,"impressions_views_only_experimental",true,135541146.72728577,0.8
2026-06-08 00:00:00,"fifae",374565,312691,0.8348110474817455,7,"impressions_views_only_experimental",true,755646.4772157548,0.8
2026-06-08 00:00:00,"fifaewc",0,0,,7,"impressions_views_only_experimental",true,103299.51243882933,0.8
2026-06-08 00:00:00,"fwc",146152411,143722532,0.9833743488501192,7,"impressions_views_only_experimental",true,152373163.29110906,0.8
2026-06-08 00:00:00,"fwwc",0,0,,7,"impressions_views_only_experimental",true,165236.27069161346,0.8
2026-06-08 00:00:00,"infantino",2361335,2204926,0.9337624691117524,7,"impressions_views_only_experimental",true,2529005.612030573,0.8
2026-06-08 00:00:00,"montreal_canadiens",0,0,,7,"impressions_views_only_experimental",true,4846778.986592723,0.8
2026-06-08 00:00:00,"motogp",63265331,47486321,0.7505899400099558,7,"impressions_views_only_experimental",true,572903421.1761866,0.8
2026-06-08 00:00:00,"ny_yankees",0,0,,7,"impressions_views_only_experimental",true,1290276.1437383331,0.8
2026-06-15 00:00:00,"carolina_hurricanes",8381111,3672519,0.4381899965290998,7,"impressions_views_only_experimental",true,33312045.791591063,0.8
2026-06-15 00:00:00,"ducati",19008651,16135806,0.848866445072825,7,"impressions_views_only_experimental",true,62369063.38278173,0.8
2026-06-15 00:00:00,"f1",54325311,51635353,0.9504842595378792,7,"impressions_views_only_experimental",true,567922517.1544249,0.8
2026-06-15 00:00:00,"fcwc",1177406,1149758,0.9765178706410533,7,"impressions_views_only_experimental",true,1970941.1936381073,0.8
2026-06-15 00:00:00,"fifa",308300157,101357087,0.3287610619024109,7,"impressions_views_only_experimental",true,416733074.3818286,0.8
2026-06-15 00:00:00,"fifae",9,0,0,7,"impressions_views_only_experimental",true,604526.1817726039,0.8
2026-06-15 00:00:00,"fifaewc",0,0,,7,"impressions_views_only_experimental",true,82639.60995106347,0.8
2026-06-15 00:00:00,"fwc",370128751,351338502,0.9492332088516949,7,"impressions_views_only_experimental",true,492027281.63288724,0.8
2026-06-15 00:00:00,"fwwc",0,0,,7,"impressions_views_only_experimental",true,132189.01655329077,0.8
2026-06-15 00:00:00,"infantino",6912350,6619310,0.9576063133377216,7,"impressions_views_only_experimental",true,8935554.48962446,0.8
2026-06-15 00:00:00,"montreal_canadiens",0,0,,7,"impressions_views_only_experimental",true,3877423.189274179,0.8
2026-06-15 00:00:00,"motogp",143119707,108963434,0.76134472522362,7,"impressions_views_only_experimental",true,601442443.9409492,0.8
2026-06-15 00:00:00,"ny_yankees",0,0,,7,"impressions_views_only_experimental",true,1032220.9149906666,0.8
2026-06-22 00:00:00,"carolina_hurricanes",1866093,0,0,7,"impressions_views_only_experimental",true,28515729.633272853,0.8
2026-06-22 00:00:00,"ducati",18842922,14578940,0.7737090882189078,7,"impressions_views_only_experimental",true,68738172.7062254,0.8
2026-06-22 00:00:00,"f1",235177168,177455121,0.7545593073899078,7,"impressions_views_only_experimental",true,689515181.72354,0.8
2026-06-22 00:00:00,"fcwc",3224594,3124662,0.9690094318850683,7,"impressions_views_only_experimental",true,4801346.954910486,0.8
2026-06-22 00:00:00,"fifa",585250094,193890465,0.331295059988491,7,"impressions_views_only_experimental",true,918636553.5054629,0.8
2026-06-22 00:00:00,"fifae",0,0,,7,"impressions_views_only_experimental",true,483620.9454180831,0.8
2026-06-22 00:00:00,"fifaewc",0,0,,7,"impressions_views_only_experimental",true,66111.68796085077,0.8
2026-06-22 00:00:00,"fwc",858693132,731285074,0.8516256235760833,7,"impressions_views_only_experimental",true,1252314957.3063097,0.8
2026-06-22 00:00:00,"fwwc",0,0,,7,"impressions_views_only_experimental",true,105751.21324263263,0.8
2026-06-22 00:00:00,"infantino",4257805,839529,0.19717413080213866,7,"impressions_views_only_experimental",true,11406248.591699567,0.8
2026-06-22 00:00:00,"montreal_canadiens",0,0,,7,"impressions_views_only_experimental",true,3101938.5514193433,0.8
2026-06-22 00:00:00,"motogp",152573248,111266364,0.7292652247922257,7,"impressions_views_only_experimental",true,633727203.1527593,0.8
2026-06-22 00:00:00,"ny_yankees",0,0,,7,"impressions_views_only_experimental",true,825776.7319925333,0.8
2026-06-29 00:00:00,"carolina_hurricanes",2364634,0,0,7,"impressions_views_only_experimental",true,25177217.706618283,0.8
2026-06-29 00:00:00,"ducati",9127006,7691906,0.8427633333428289,7,"impressions_views_only_experimental",true,64117544.16498032,0.8
2026-06-29 00:00:00,"f1",118738332,103291274,0.8699067290249622,7,"impressions_views_only_experimental",true,670350477.378832,0.8
2026-06-29 00:00:00,"fcwc",0,0,,7,"impressions_views_only_experimental",true,3841077.563928389,0.8
2026-06-29 00:00:00,"fifa",773215712,269877695,0.3490328647124025,7,"impressions_views_only_experimental",true,1508124954.8043704,0.8
2026-06-29 00:00:00,"fifae",0,0,,7,"impressions_views_only_experimental",true,386896.7563344665,0.8
2026-06-29 00:00:00,"fifaewc",0,0,,7,"impressions_views_only_experimental",true,52889.35036868062,0.8
2026-06-29 00:00:00,"fwc",680818186,631127610,0.9270134420292938,7,"impressions_views_only_experimental",true,1682670151.845048,0.8
2026-06-29 00:00:00,"fwwc",0,0,,7,"impressions_views_only_experimental",true,84600.97059410611,0.8
2026-06-29 00:00:00,"infantino",13358847,11478153,0.8592173411373002,7,"impressions_views_only_experimental",true,22483845.873359654,0.8
2026-06-29 00:00:00,"montreal_canadiens",0,0,,7,"impressions_views_only_experimental",true,2481550.841135475,0.8
2026-06-29 00:00:00,"motogp",53664877,41895610,0.780689574672835,7,"impressions_views_only_experimental",true,560646639.5222075,0.8
2026-06-29 00:00:00,"ny_yankees",0,0,,7,"impressions_views_only_experimental",true,660621.3855940267,0.8
2026-07-06 00:00:00,"carolina_hurricanes",187374,0,0,7,"impressions_views_only_experimental",true,20329148.16529463,0.8
2026-07-06 00:00:00,"ducati",19585561,14437240,0.7371369142808828,7,"impressions_views_only_experimental",true,70879596.33198425,0.8
2026-07-06 00:00:00,"f1",59417831,56695724,0.9541870352016047,7,"impressions_views_only_experimental",true,595698212.9030657,0.8
2026-07-06 00:00:00,"fcwc",0,0,,7,"impressions_views_only_experimental",true,3072862.051142711,0.8
2026-07-06 00:00:00,"fifa",861184813,279019476,0.3239948867978934,7,"impressions_views_only_experimental",true,2067684776.8434963,0.8
2026-07-06 00:00:00,"fifae",0,0,,7,"impressions_views_only_experimental",true,309517.40506757324,0.8
2026-07-06 00:00:00,"fifaewc",0,0,,7,"impressions_views_only_experimental",true,42311.4802949445,0.8
2026-07-06 00:00:00,"fwc",1045226183,891544630,0.8529681369453409,7,"impressions_views_only_experimental",true,2391362304.4760385,0.8
2026-07-06 00:00:00,"fwwc",0,0,,7,"impressions_views_only_experimental",true,67680.77647528489,0.8
2026-07-06 00:00:00,"infantino",15108481,8248781,0.5459702401584912,7,"impressions_views_only_experimental",true,33095557.698687725,0.8
2026-07-06 00:00:00,"montreal_canadiens",0,0,,7,"impressions_views_only_experimental",true,1985240.67290838,0.8
2026-07-06 00:00:00,"motogp",130400155,93435327,0.716527729587438,7,"impressions_views_only_experimental",true,578917466.617766,0.8
2026-07-06 00:00:00,"ny_yankees",0,0,,7,"impressions_views_only_experimental",true,528497.1084752213,0.8
2026-07-13 00:00:00,"carolina_hurricanes",1386422,0,0,7,"impressions_views_only_experimental",true,17649740.532235704,0.8
2026-07-13 00:00:00,"ducati",5729782,3746271,0.6538243514325676,7,"impressions_views_only_experimental",true,62433459.0655874,0.8
2026-07-13 00:00:00,"f1",74461976,63639244,0.8546542466184351,7,"impressions_views_only_experimental",true,551020546.3224525,0.8
2026-07-13 00:00:00,"fcwc",0,0,,7,"impressions_views_only_experimental",true,2458289.640914169,0.8
2026-07-13 00:00:00,"fifa",272441842,98235242,0.36057325585105976,7,"impressions_views_only_experimental",true,1926589663.4747972,0.8
2026-07-13 00:00:00,"fifae",519372,486303,0.9363288741017999,7,"impressions_views_only_experimental",true,766985.9240540586,0.8
2026-07-13 00:00:00,"fifaewc",0,0,,7,"impressions_views_only_experimental",true,33849.1842359556,0.8
2026-07-13 00:00:00,"fwc",439806322,412191023,0.9372103182273037,7,"impressions_views_only_experimental",true,2352896165.5808306,0.8
2026-07-13 00:00:00,"fwwc",0,0,,7,"impressions_views_only_experimental",true,54144.621180227914,0.8
2026-07-13 00:00:00,"infantino",8435049,8345293,0.9893591608062976,7,"impressions_views_only_experimental",true,34911495.15895018,0.8
2026-07-13 00:00:00,"montreal_canadiens",0,0,,7,"impressions_views_only_experimental",true,1588192.538326704,0.8
2026-07-13 00:00:00,"motogp",46359692,37757264,0.814441649008367,7,"impressions_views_only_experimental",true,509493665.2942128,0.8
2026-07-13 00:00:00,"ny_yankees",0,0,,7,"impressions_views_only_experimental",true,422797.68678017706,0.8
2026-07-20 00:00:00,"carolina_hurricanes",975021,224016,0.22975505142966152,7,"impressions_views_only_experimental",true,15094813.425788565,0.8
2026-07-20 00:00:00,"ducati",2165000,2092331,0.9664346420323325,7,"impressions_views_only_experimental",true,52111767.25246993,0.8
2026-07-20 00:00:00,"f1",92908294,53579331,0.5766905051555462,7,"impressions_views_only_experimental",true,533724731.05796206,0.8
2026-07-20 00:00:00,"fcwc",0,0,,7,"impressions_views_only_experimental",true,1966631.7127313353,0.8
2026-07-20 00:00:00,"fifa",151196943,49807683,0.32942255320598646,7,"impressions_views_only_experimental",true,1692468673.7798378,0.8
2026-07-20 00:00:00,"fifae",35680,10118,0.2835762331838565,7,"impressions_views_only_experimental",true,649268.739243247,0.8
2026-07-20 00:00:00,"fifaewc",0,0,,7,"impressions_views_only_experimental",true,27079.347388764483,0.8
2026-07-20 00:00:00,"fwc",420073007,407168828,0.9692811040343756,7,"impressions_views_only_experimental",true,2302389939.4646645,0.8
2026-07-20 00:00:00,"fwwc",13424446,4427417,0.32980258552196495,7,"impressions_views_only_experimental",true,13467761.696944183,0.8
2026-07-20 00:00:00,"infantino",4469387,3064408,0.6856439149261409,7,"impressions_views_only_experimental",true,32398583.127160147,0.8
2026-07-20 00:00:00,"montreal_canadiens",0,0,,7,"impressions_views_only_experimental",true,1270554.0306613632,0.8
2026-07-20 00:00:00,"motogp",47626045,35521172,0.7458350152736806,7,"impressions_views_only_experimental",true,455220977.2353703,0.8
2026-07-20 00:00:00,"ny_yankees",0,0,,7,"impressions_views_only_experimental",true,338238.1494241417,0.8
2026-07-27 00:00:00,"carolina_hurricanes",27337,0,0,7,"impressions_views_only_experimental",true,12103187.740630852,0.8
2026-07-27 00:00:00,"ducati",1097666,1040015,0.9474785590516606,7,"impressions_views_only_experimental",true,42787079.80197594,0.8
2026-07-27 00:00:00,"f1",33275973,31020621,0.9322228083308037,7,"impressions_views_only_experimental",true,460255757.8463697,0.8
2026-07-27 00:00:00,"fcwc",0,0,,7,"impressions_views_only_experimental",true,1573305.3701850683,0.8
2026-07-27 00:00:00,"fifa",0,0,,7,"impressions_views_only_experimental",true,1353974939.0238705,0.8
2026-07-27 00:00:00,"fifae",0,0,,7,"impressions_views_only_experimental",true,519414.9913945976,0.8
2026-07-27 00:00:00,"fifaewc",0,0,,7,"impressions_views_only_experimental",true,21663.47791101159,0.8
2026-07-27 00:00:00,"fwc",81490974,80718143,0.9905163607444427,7,"impressions_views_only_experimental",true,1923402925.5717316,0.8
2026-07-27 00:00:00,"fwwc",25570261,7995997,0.3127068980641222,7,"impressions_views_only_experimental",true,36344470.357555345,0.8
2026-07-27 00:00:00,"infantino",2899365,2892160,0.9975149731061801,7,"impressions_views_only_experimental",true,28818231.501728117,0.8
2026-07-27 00:00:00,"montreal_canadiens",0,0,,7,"impressions_views_only_experimental",true,1016443.2245290906,0.8
2026-07-27 00:00:00,"motogp",55780042,44263590,0.7935381260559108,7,"impressions_views_only_experimental",true,419956823.7882962,0.8
2026-07-27 00:00:00,"ny_yankees",0,0,,7,"impressions_views_only_experimental",true,270590.51953931333,0.8
2026-08-03 00:00:00,"carolina_hurricanes",186768,0,0,7,"impressions_views_only_experimental",true,9869318.192504682,0.8
2026-08-03 00:00:00,"ducati",6952439,6500954,0.9350609189091771,7,"impressions_views_only_experimental",true,41182102.841580756,0.8
2026-08-03 00:00:00,"f1",22742226,21795726,0.958381382719528,7,"impressions_views_only_experimental",true,390946832.2770958,0.8
2026-08-03 00:00:00,"fcwc",1947908,1936907,0.9943524026802087,7,"impressions_views_only_experimental",true,3206552.296148055,0.8
2026-08-03 00:00:00,"fifa",0,0,,7,"impressions_views_only_experimental",true,1083179951.2190964,0.8
2026-08-03 00:00:00,"fifae",1586135,1567100,0.9879991299605645,7,"impressions_views_only_experimental",true,2001666.993115678,0.8
2026-08-03 00:00:00,"fifaewc",222163,222131,0.9998559616137701,7,"impressions_views_only_experimental",true,239493.78232880926,0.8
2026-08-03 00:00:00,"fwc",104454784,102077705,0.9772429858262882,7,"impressions_views_only_experimental",true,1643177124.4573853,0.8
2026-08-03 00:00:00,"fwwc",14746593,4819073,0.32679229704108603,7,"impressions_views_only_experimental",true,43822169.28604428,0.8
2026-08-03 00:00:00,"infantino",2640008,2587286,0.980029605970891,7,"impressions_views_only_experimental",true,25694593.201382495,0.8
2026-08-03 00:00:00,"montreal_canadiens",717,724,1.00976290097629,7,"impressions_views_only_experimental",true,813871.5796232725,0.8
2026-08-03 00:00:00,"motogp",71324073,53524079,0.7504349758601139,7,"impressions_views_only_experimental",true,407289532.030637,0.8
2026-08-03 00:00:00,"ny_yankees",0,0,,7,"impressions_views_only_experimental",true,216472.41563145068,0.8
2026-08-10 00:00:00,"carolina_hurricanes",329601,205773,0.6243093922651933,7,"impressions_views_only_experimental",true,8225055.554003745,0.8
2026-08-10 00:00:00,"ducati",1475297,1397546,0.9472980694734687,7,"impressions_views_only_experimental",true,34420979.2732646,0.8
2026-08-10 00:00:00,"f1",51268588,42635845,0.8316173053176342,7,"impressions_views_only_experimental",true,364026053.8216767,0.8
2026-08-10 00:00:00,"fcwc",0,0,,7,"impressions_views_only_experimental",true,2565241.836918444,0.8
2026-08-10 00:00:00,"fifa",0,0,,7,"impressions_views_only_experimental",true,866543960.9752772,0.8
2026-08-10 00:00:00,"fifae",0,0,,7,"impressions_views_only_experimental",true,1601333.5944925426,0.8
2026-08-10 00:00:00,"fifaewc",0,0,,7,"impressions_views_only_experimental",true,191595.02586304743,0.8
2026-08-10 00:00:00,"fwc",88159665,85283664,0.9673773601567112,7,"impressions_views_only_experimental",true,1402701364.5659084,0.8
2026-08-10 00:00:00,"fwwc",9794997,3192174,0.32589841528282243,7,"impressions_views_only_experimental",true,44852732.42883542,0.8
2026-08-10 00:00:00,"infantino",229010,222139,0.9699969433649186,7,"impressions_views_only_experimental",true,20784684.561105996,0.8
2026-08-10 00:00:00,"montreal_canadiens",0,0,,7,"impressions_views_only_experimental",true,651097.263698618,0.8
2026-08-10 00:00:00,"motogp",42307578,34487473,0.815160655143152,7,"impressions_views_only_experimental",true,368139203.62450963,0.8
2026-08-10 00:00:00,"ny_yankees",0,0,,7,"impressions_views_only_experimental",true,173177.93250516057,0.8
2026-08-17 00:00:00,"carolina_hurricanes",169094,0,0,7,"impressions_views_only_experimental",true,6749138.443202997,0.8
2026-08-17 00:00:00,"ducati",2258452,2068883,0.9160624179747898,7,"impressions_views_only_experimental",true,29795235.418611683,0.8
2026-08-17 00:00:00,"f1",16320971,14499871,0.8884196289546743,7,"impressions_views_only_experimental",true,307541814.05734134,0.8
2026-08-17 00:00:00,"fcwc",0,0,,7,"impressions_views_only_experimental",true,2052193.4695347552,0.8
2026-08-17 00:00:00,"fifa",6172978,583296,0.09449183198125767,7,"impressions_views_only_experimental",true,699408146.7802218,0.8
2026-08-17 00:00:00,"fifae",0,0,,7,"impressions_views_only_experimental",true,1281066.875594034,0.8
2026-08-17 00:00:00,"fifaewc",0,0,,7,"impressions_views_only_experimental",true,153276.02069043796,0.8
2026-08-17 00:00:00,"fwc",112761577,111619875,0.9898750795228768,7,"impressions_views_only_experimental",true,1234922668.652727,0.8
2026-08-17 00:00:00,"fwwc",6729383,2147548,0.3191300004770125,7,"impressions_views_only_experimental",true,42611568.94306834,0.8
2026-08-17 00:00:00,"infantino",424923,412156,0.9699545564725844,7,"impressions_views_only_experimental",true,17052670.648884796,0.8
2026-08-17 00:00:00,"montreal_canadiens",0,0,,7,"impressions_views_only_experimental",true,520877.81095889444,0.8
2026-08-17 00:00:00,"motogp",7865558,2660382,0.33823182029806403,7,"impressions_views_only_experimental",true,302376920.8996077,0.8
2026-08-17 00:00:00,"ny_yankees",0,0,,7,"impressions_views_only_experimental",true,138542.34600412846,0.8
2026-08-24 00:00:00,"carolina_hurricanes",159002,15572,0.09793587502043999,7,"impressions_views_only_experimental",true,5558312.7545623975,0.8
2026-08-24 00:00:00,"ducati",12694923,11646193,0.917389810083921,7,"impressions_views_only_experimental",true,36531111.33488935,0.8
2026-08-24 00:00:00,"f1",8414932,653884,0.07770520308423169,7,"impressions_views_only_experimental",true,254448383.2458731,0.8
2026-08-24 00:00:00,"fcwc",0,0,,7,"impressions_views_only_experimental",true,1641754.7756278042,0.8
2026-08-24 00:00:00,"fifa",0,0,,7,"impressions_views_only_experimental",true,559526517.4241775,0.8
2026-08-24 00:00:00,"fifae",375102,350161,0.9335087522860449,7,"impressions_views_only_experimental",true,1399955.5004752274,0.8
2026-08-24 00:00:00,"fifaewc",202244,195955,0.9689038982615059,7,"impressions_views_only_experimental",true,324864.81655235036,0.8
2026-08-24 00:00:00,"fwc",39757246,39256652,0.9874087355044663,7,"impressions_views_only_experimental",true,1027695380.9221816,0.8
2026-08-24 00:00:00,"fwwc",1452606,479840,0.3303304543695951,7,"impressions_views_only_experimental",true,35541861.15445467,0.8
2026-08-24 00:00:00,"infantino",0,0,,7,"impressions_views_only_experimental",true,13642136.519107837,0.8
2026-08-24 00:00:00,"montreal_canadiens",0,0,,7,"impressions_views_only_experimental",true,416702.2487671156,0.8
2026-08-24 00:00:00,"motogp",143340645,107530891,0.7501772508418669,7,"impressions_views_only_experimental",true,385242181.71968615,0.8
2026-08-24 00:00:00,"ny_yankees",0,0,,7,"impressions_views_only_experimental",true,110833.87680330277,0.8
2026-08-31 00:00:00,"carolina_hurricanes",464874,214573,0.461572383054333,7,"impressions_views_only_experimental",true,4911524.203649919,0.8
2026-08-31 00:00:00,"ducati",3724512,2699022,0.7246646003556976,7,"impressions_views_only_experimental",true,32949401.067911483,0.8
2026-08-31 00:00:00,"f1",58831910,41167805,0.6997529911913449,7,"impressions_views_only_experimental",true,262390616.5966985,0.8
2026-08-31 00:00:00,"fcwc",0,0,,7,"impressions_views_only_experimental",true,1313403.8205022435,0.8
2026-08-31 00:00:00,"fifa",1636736,1547544,0.9455061781496833,7,"impressions_views_only_experimental",true,449257949.939342,0.8
2026-08-31 00:00:00,"fifae",21351,6054,0.2835464381059435,7,"impressions_views_only_experimental",true,1141315.4003801818,0.8
2026-08-31 00:00:00,"fifaewc",0,0,,7,"impressions_views_only_experimental",true,259891.8532418803,0.8
2026-08-31 00:00:00,"fwc",23330618,22303355,0.9559693189438874,7,"impressions_views_only_experimental",true,845486922.7377453,0.8
2026-08-31 00:00:00,"fwwc",4411731,1466141,0.33232783231797225,7,"impressions_views_only_experimental",true,32845219.923563737,0.8
2026-08-31 00:00:00,"infantino",138397,136782,0.988330671907628,7,"impressions_views_only_experimental",true,11052106.21528627,0.8
2026-08-31 00:00:00,"montreal_canadiens",0,0,,7,"impressions_views_only_experimental",true,333361.7990136925,0.8
2026-08-31 00:00:00,"motogp",52519552,36282614,0.6908401275014684,7,"impressions_views_only_experimental",true,360713297.37574893,0.8
2026-08-31 00:00:00,"ny_yankees",0,0,,7,"impressions_views_only_experimental",true,88667.10144264222,0.8
2026-09-07 00:00:00,"carolina_hurricanes",200945,7229,0.03597501803976212,7,"impressions_views_only_experimental",true,4130164.362919935,0.8
2026-09-07 00:00:00,"ducati",15769817,14520729,0.9207924860510429,7,"impressions_views_only_experimental",true,42129337.85432918,0.8
2026-09-07 00:00:00,"f1",52412562,28655921,0.5467376504128915,7,"impressions_views_only_experimental",true,262325055.2773588,0.8
2026-09-07 00:00:00,"fcwc",0,0,,7,"impressions_views_only_experimental",true,1050723.0564017948,0.8
2026-09-07 00:00:00,"fifa",8449895,7933990,0.9389453951794667,7,"impressions_views_only_experimental",true,367856254.95147365,0.8
2026-09-07 00:00:00,"fifae",0,0,,7,"impressions_views_only_experimental",true,913052.3203041456,0.8
2026-09-07 00:00:00,"fifaewc",0,0,,7,"impressions_views_only_experimental",true,207913.48259350425,0.8
2026-09-07 00:00:00,"fwc",19433946,18998449,0.977590912313948,7,"impressions_views_only_experimental",true,695823484.1901963,0.8
2026-09-07 00:00:00,"fwwc",13705754,4541392,0.3313493004470969,7,"impressions_views_only_experimental",true,39981929.93885099,0.8
2026-09-07 00:00:00,"infantino",0,0,,7,"impressions_views_only_experimental",true,8841684.972229017,0.8
2026-09-07 00:00:00,"montreal_canadiens",0,0,,7,"impressions_views_only_experimental",true,266689.439210954,0.8
2026-09-07 00:00:00,"motogp",121575723,89742287,0.7381595995114912,7,"impressions_views_only_experimental",true,410146360.9005992,0.8
2026-09-07 00:00:00,"ny_yankees",0,0,,7,"impressions_views_only_experimental",true,70933.68115411377,0.8
2026-09-14 00:00:00,"carolina_hurricanes",469940,217157,0.46209516108439375,7,"impressions_views_only_experimental",true,3774071.4903359483,0.8
2026-09-14 00:00:00,"ducati",11490631,10235053,0.8907302827842962,7,"impressions_views_only_experimental",true,45194101.28346335,0.8
2026-09-14 00:00:00,"f1",21955214,18643527,0.8491617071006459,7,"impressions_views_only_experimental",true,231815258.22188705,0.8
2026-09-14 00:00:00,"fcwc",0,0,,7,"impressions_views_only_experimental",true,840578.4451214359,0.8
2026-09-14 00:00:00,"fifa",18116861,16975712,0.9370117704165197,7,"impressions_views_only_experimental",true,312401864.96117896,0.8
2026-09-14 00:00:00,"fifae",0,0,,7,"impressions_views_only_experimental",true,730441.8562433165,0.8
2026-09-14 00:00:00,"fifaewc",0,0,,7,"impressions_views_only_experimental",true,166330.7860748034,0.8
2026-09-14 00:00:00,"fwc",4261053,4052528,0.9510625659901437,7,"impressions_views_only_experimental",true,560919840.352157,0.8
2026-09-14 00:00:00,"fwwc",10864839,3541347,0.3259456490795676,7,"impressions_views_only_experimental",true,42850382.9510808,0.8
2026-09-14 00:00:00,"infantino",146698,142297,0.9699995909964689,7,"impressions_views_only_experimental",true,7220045.977783214,0.8
2026-09-14 00:00:00,"montreal_canadiens",0,0,,7,"impressions_views_only_experimental",true,213351.5513687632,0.8
2026-09-14 00:00:00,"motogp",121258616,91935697,0.758178676556889,7,"impressions_views_only_experimental",true,449375704.72047937,0.8
2026-09-14 00:00:00,"ny_yankees",0,0,,7,"impressions_views_only_experimental",true,56746.94492329102,0.8
2026-09-21 00:00:00,"carolina_hurricanes",1040843,65040,0.06248781036140897,7,"impressions_views_only_experimental",true,4060100.192268759,0.8
2026-09-21 00:00:00,"ducati",2564563,1072982,0.4183878500937587,7,"impressions_views_only_experimental",true,38719844.02677068,0.8
2026-09-21 00:00:00,"f1",71225607,48220749,0.6770142232694486,7,"impressions_views_only_experimental",true,256677813.57750964,0.8
2026-09-21 00:00:00,"fcwc",0,0,,7,"impressions_views_only_experimental",true,672462.7560971488,0.8
2026-09-21 00:00:00,"fifa",2240251,1894163,0.8455137393086757,7,"impressions_views_only_experimental",true,252161742.96894318,0.8
2026-09-21 00:00:00,"fifae",0,0,,7,"impressions_views_only_experimental",true,584353.4849946533,0.8
2026-09-21 00:00:00,"fifaewc",0,0,,7,"impressions_views_only_experimental",true,133064.62885984275,0.8
2026-09-21 00:00:00,"fwc",6190250,4875678,0.7876383021687331,7,"impressions_views_only_experimental",true,454926122.28172565,0.8
2026-09-21 00:00:00,"fwwc",3126240,1035512,0.33123240698091,7,"impressions_views_only_experimental",true,37406546.36086464,0.8
2026-09-21 00:00:00,"infantino",322094,312431,0.9699994411569294,7,"impressions_views_only_experimental",true,6098130.782226572,0.8
2026-09-21 00:00:00,"montreal_canadiens",0,0,,7,"impressions_views_only_experimental",true,170681.24109501057,0.8
2026-09-21 00:00:00,"motogp",39667094,32796300,0.82678857190799,7,"impressions_views_only_experimental",true,399167657.7763835,0.8
2026-09-21 00:00:00,"ny_yankees",0,0,,7,"impressions_views_only_experimental",true,45397.55593863282,0.8
2026-09-28 00:00:00,"carolina_hurricanes",449736,151651,0.3372000462493552,3,"impressions_views_only_experimental",true,3697816.1538150073,0.8
2026-09-28 00:00:00,"ducati",1315446,1260051,0.9578888072942561,3,"impressions_views_only_experimental",true,32291321.221416548,0.8
2026-09-28 00:00:00,"f1",6312,2127,0.3369771863117871,3,"impressions_views_only_experimental",true,205348562.86200774,0.8
2026-09-28 00:00:00,"fcwc",0,0,,3,"impressions_views_only_experimental",true,537970.204877719,0.8
2026-09-28 00:00:00,"fifa",6341704,5120391,0.8074156409696825,3,"impressions_views_only_experimental",true,208071098.37515455,0.8
2026-09-28 00:00:00,"fifae",0,0,,3,"impressions_views_only_experimental",true,467482.7879957226,0.8
2026-09-28 00:00:00,"fifaewc",0,0,,3,"impressions_views_only_experimental",true,106451.70308787421,0.8
2026-09-28 00:00:00,"fwc",3070055,2967705,0.9666618350485577,3,"impressions_views_only_experimental",true,367010952.82538056,0.8
2026-09-28 00:00:00,"fwwc",831597,276568,0.3325745523372499,3,"impressions_views_only_experimental",true,30756834.08869171,0.8
2026-09-28 00:00:00,"infantino",0,0,,3,"impressions_views_only_experimental",true,4878504.625781258,0.8
2026-09-28 00:00:00,"montreal_canadiens",0,0,,3,"impressions_views_only_experimental",true,136544.99287600847,0.8
2026-09-28 00:00:00,"motogp",21770797,16200112,0.744121218897039,3,"impressions_views_only_experimental",true,341104923.2211068,0.8
2026-09-28 00:00:00,"ny_yankees",0,0,,3,"impressions_views_only_experimental",true,36318.04475090626,0.8
