date,LENOVO,HSI,ndx_hkd_lagged,abnormal_return,week
2022-01-05,0.005571137571800389,-0.01656375292108514,-0.01331851226387748,0.021014720719943782,2022-01-03
2022-01-06,-0.008928663146424487,0.007203553596951906,-0.032237283104457504,-0.009907780138639419,2022-01-03
2022-01-07,0.006703879969870208,0.018061707978068497,-0.0001890370359856064,-0.009366990667213745,2022-01-03
2022-01-10,0.0,0.010718080261304053,-0.010349890269793605,-0.00801136477981291,2022-01-10
2022-01-11,-0.021385176960048158,-0.0003149803623987424,0.0011111657091547045,-0.022272522820530976,2022-01-10
2022-01-12,0.021385176960048158,0.02755024375408155,0.014260510677726046,-0.005345556651967041,2022-01-10
2022-01-13,0.005552386110825314,0.0011303918141667424,0.003905490426538094,0.0029305996886331443,2022-01-10
2022-01-14,0.0,-0.0019031465911485412,-0.02662254282301113,0.005618197285946742,2022-01-10
2022-01-17,-0.0044393118000125575,-0.006801936746089865,0.006955507500796543,-0.0009712661435672216,2022-01-17
2022-01-18,-0.030493515567703744,-0.004355406807427187,0.006955507500796543,-0.029079170023354934,2022-01-17
2022-01-19,0.00799526429684283,0.0006247975340265555,0.006955507500796543,0.005229057601598818,2022-01-17
2022-01-20,-0.037084139261997606,0.03360123171107432,-0.01044129837776353,-0.06428734882218659,2022-01-17
2022-01-21,0.014068378725874853,0.0005289153622012321,-0.01361803458707378,0.015219658475043241,2022-01-17
2022-01-24,-0.024751054949042617,-0.012457932703565433,-0.028550580740121845,-0.009913230366367421,2022-01-24
2022-01-25,-0.005984489313782371,-0.016885921417353345,0.005051336739038348,0.006303525696218485,2022-01-24
2022-01-26,0.009558190400810629,0.001907590441570406,-0.025268384752269668,0.011724973199609395,2022-01-24
2022-01-27,0.0011882645464622588,-0.02008098708647843,0.001564015521614337,0.016808717106479992,2022-01-24
2022-01-28,-0.005955905536368933,-0.010850434278715682,-0.011898462141099131,0.00442688269042432,2022-01-24
2022-01-31,-0.001195435938771805,0.01065130350398924,0.032107618261681736,-0.01706914176305542,2022-01-31
2022-02-07,-0.03619785010129428,0.0002547856361427847,0.01292348519579356,-0.03976649400685519,2022-02-07
2022-02-08,0.0,-0.010225623754212876,-0.009073673659148795,0.009331473371569093,2022-02-07
2022-02-09,0.033901547113682984,0.020363001787046642,0.012516330160787348,0.013529320449911598,2022-02-07
2022-02-10,0.017094388512535863,0.0037930153801681854,0.02096676700906741,0.009055549304168213,2022-02-07
2022-02-11,-0.020548760256368537,-0.0007099777408186014,-0.023887764506142162,-0.01644219001374924,2022-02-07
2022-02-14,0.011468008855460177,-0.014155795588791875,-0.03050678137373275,0.02809591172351264,2022-02-14
2022-02-15,-0.02540546802213517,-0.008213090820708757,0.0015805268421562602,-0.019750409027344682,2022-02-14
2022-02-16,0.013937459166674993,0.014801791569805545,0.02461283040838147,-0.0040225165893048725,2022-02-14
2022-02-17,0.0034543717438326738,0.002983910482143415,-0.0013475141878629415,0.0002563730274481855,2022-02-14
2022-02-18,-0.018562085093447145,-0.01893599108295696,-0.030246562094141893,0.00202994448507297,2022-02-14
2022-02-21,0.05246361251450371,-0.0065009646267366605,-0.011562623595468224,0.05913267412214321,2022-02-21
2022-02-22,0.0011104743414440676,-0.02726398076224079,-0.011562623595468224,0.025208715086067774,2022-02-21
2022-02-23,-0.02699836465087313,0.005946540051789739,-0.011562623595468224,-0.03077816015698927,2022-02-21
2022-02-24,-0.0149342214415209,-0.03259260869211822,-0.026288799478960456,0.016383506318149818,2022-02-21
2022-02-25,0.012651156224464888,-0.005885042877366686,0.03430313709444199,0.010249151856295817,2022-02-21
2022-02-28,-0.006880637572951098,-0.0023817038087941,0.015543187032429628,-0.00872470165638497,2022-02-28
2022-03-01,-0.0011515224552669512,0.0021414717297236763,0.003420202906530889,-0.00453153668426169,2022-02-28
2022-03-02,-0.015090242776861107,-0.0185255346731914,-0.01567588988168822,0.0024397812668767414,2022-02-28
2022-03-03,-0.005865149543700099,0.0055084474124527105,0.0171667205024697,-0.01463526554173467,2022-02-28
2022-03-04,-0.06815278727598506,-0.02533457480604362,-0.01502377151556189,-0.04502864542972389,2022-02-28
2022-03-07,-0.030692984051675642,-0.03946511179556822,-0.013922483795608898,0.004087417261398538,2022-03-07
2022-03-08,-0.006514789467120252,-0.013952273326728104,-0.03831399109295752,0.011398327472905517,2022-03-07
2022-03-09,-0.010512467993899932,-0.006675369267297171,-0.0034210230877391723,-0.005215427212474178,2022-03-07
2022-03-10,0.018325092911326113,0.012647647440875431,0.03518407440372329,0.00020182418599257873,2022-03-07
2022-03-11,0.015444415373508713,-0.01623770386889234,-0.011003524746193705,0.030182552892345782,2022-03-07
2022-03-14,-0.048407205542720266,-0.051008559833089606,-0.02103306044351072,-0.002610708556252672,2022-03-14
2022-03-15,-0.010781659573317448,-0.05886684830158728,-0.01870013347187971,0.04117625622325045,2022-03-14
2022-03-16,0.02144839013545763,0.08692783264904058,0.03120347603552176,-0.05828579426454095,2022-03-14
2022-03-17,0.05921933981527561,0.0680124335369996,0.036063427984744933,-0.005543006863491601,2022-03-14
2022-03-18,0.003742991295613063,-0.004139952887657117,0.010724160703329488,0.004273617451709557,2022-03-14
2022-03-21,0.009913377019041159,-0.008962939910148293,0.020853730144176907,0.012603400380075576,2022-03-21
2022-03-22,0.017115238034263625,0.03098971533772854,-0.0023303764875794997,-0.009408476588094888,2022-03-21
2022-03-23,0.003629703601067069,0.012024694560139437,0.01930877389081509,-0.011009867512438489,2022-03-21
2022-03-24,0.020323593144564445,-0.009439105053017371,-0.014001421003777992,0.029913869121083965,2022-03-21
2022-03-25,-0.013103196661734984,-0.024963603084710684,0.02139674753600218,0.002917051782030753,2022-03-21
2022-03-29,0.004717041417498624,0.01112809837955453,-0.0008042782343409272,-0.005418778928027036,2022-03-28
2022-03-30,-0.0023556715362484937,0.013786485573204388,0.016464647781187836,-0.017943715476926008,2022-03-28
2022-03-31,0.004706009562386981,-0.010634766688472297,-0.011089231834215951,0.014756836314138582,2022-03-28
2022-04-01,0.011668534612639059,0.0019393585706311,-0.0147632205033279,0.0118494196223752,2022-03-28
2022-04-07,-0.015559717133001971,-0.012373917551583347,-0.021521131787523018,-0.002103421596455657,2022-04-04
2022-04-08,0.02501601924601493,0.0028858933957831567,0.002186284283405726,0.02124124012010916,2022-04-04
2022-04-12,-0.04277377207426003,0.005212180691742674,-0.014176010169265396,-0.04544972052766922,2022-04-11
2022-04-13,-0.007742058089875048,0.0025876684775489878,-0.0036253693641725704,-0.0101826140779818,2022-04-11
2022-04-14,0.003878484330375853,0.006701015114723319,0.01984886485056414,-0.006392937764519806,2022-04-11
2022-04-20,0.02954613193671296,-0.003959263397902646,0.021352615689027132,0.02794285674177568,2022-04-18
2022-04-21,-0.015306366787420034,-0.012609767022640384,-0.014756828756597784,-0.0029136449424198383,2022-04-18
2022-04-22,-0.003863573759499195,-0.0021152180682584287,-0.019975671858679434,0.0006929910563201313,2022-04-18
2022-04-26,-0.0425012839530472,0.003284648232554588,-0.026856566832060835,-0.04119425152448221,2022-04-25
2022-04-27,0.008368100557357927,0.0005841587369630474,-0.03964378812473868,0.014326853320149506,2022-04-25
2022-04-28,0.021978990124023046,0.016399661804278765,-0.00039896847297349325,0.007342449911659294,2022-04-25
2022-04-29,0.04255969586922648,0.03932379902902383,0.034272704225951856,0.002213533836289569,2022-04-25
2022-05-04,0.003949976908380393,-0.011072940705686207,0.001043418564888654,0.012105862364323197,2022-05-02
2022-05-05,0.0091562861721588,-0.0036540513945517716,0.03358470760147014,0.0050155002648466646,2022-05-02
2022-05-06,0.020619362137126007,-0.03880533182552526,-0.051791920487342935,0.0619086345055261,2022-05-02
2022-05-11,0.019632532667071212,0.009675152909110807,0.012923779236608368,0.008156058497819134,2022-05-09
2022-05-12,-0.030847617160009166,-0.022662951157244038,-0.031107160436372183,-0.006966548018847194,2022-05-09
2022-05-13,0.0012523258418606353,0.0263987551121474,-0.0018347763436263875,-0.021510011486600814,2022-05-09
2022-05-17,0.038347262476745136,0.03217365907059033,0.036325220083758936,0.0036203725419972077,2022-05-16
2022-05-18,0.0036342394319368587,0.002024873739527422,0.025762815660472782,-0.003814832806790557,2022-05-16
2022-05-19,-0.05339564422835652,-0.02569012305252194,-0.0520028521961553,-0.023076383297236495,2022-05-16
2022-05-20,0.021451832418493133,0.0292180888527529,-0.004540847096366818,-0.003172462482117607,2022-05-16
2022-05-24,-0.04769113892210619,-0.01764175293439152,-0.0033747527943450706,-0.03319717366656655,2022-05-23
2022-05-25,-0.024726565094632003,0.002937686975560183,-0.022224055695778233,-0.023992252638428267,2022-05-23
2022-05-26,0.011065159998211671,-0.0027338697867342887,0.014738930823888552,0.009666711083049631,2022-05-23
2022-05-27,0.031146791797418416,0.028480703951018427,0.027449046076689854,0.0011753146620807238,2022-05-23
2022-05-31,0.01957019552802719,0.013694407511602336,0.03242743288183547,0.0010823591511423016,2022-05-30
2022-06-01,-0.01431388459808769,-0.005631453663401231,0.03242743288183547,-0.01657893839861801,2022-05-30
2022-06-02,-0.021192923899419736,-0.010043657152360552,-0.007415678443267737,-0.012323418313944241,2022-05-30
2022-06-07,0.009038211346300118,-0.005660723906588672,-0.02711226642685105,0.017901980590883944,2022-06-06
2022-06-08,0.0,0.022180537344535622,0.008823159716994766,-0.021209145174342525,2022-06-06
2022-06-09,-0.007742058089875048,-0.00663297730207546,-0.007308289026109804,-0.0017556210193147449,2022-06-06
2022-06-10,0.003878484330375853,-0.0028790294408267414,-0.027635163233814097,0.010504726125609216,2022-06-06
2022-06-14,0.009289956185999815,1.94684086132213e-05,-0.036262297936957566,0.015092075615508491,2022-06-13
2022-06-15,-0.03768954280707537,0.011337650364440677,0.0020808473700117958,-0.04853934889521467,2022-06-13
2022-06-16,-0.022192313033719824,-0.021957763879894898,0.024465499359788367,-0.009267595149651846,2022-06-13
2022-06-17,0.008379947859165293,0.010952779311148575,-0.04096557760627206,0.005881445181401287,2022-06-13
2022-06-21,0.012186875121143581,0.018523342003591736,0.012362632956735453,-0.006612414014556839,2022-06-20
2022-06-22,-0.025904580225458718,-0.025901227612340705,0.012362632956735453,-0.007412380645533179,2022-06-20
2022-06-23,0.010989003863239644,0.012560024366797151,-0.0016804388303821582,-0.0001854182621740079,2022-06-20
2022-06-24,0.014915576362219074,0.02071072255450268,0.01462404893098146,-0.0061416319378614775,2022-06-20
2022-06-28,0.007682505418418861,0.008486392614123872,0.03429826974659278,-0.006782460996854374,2022-06-27
2022-06-29,-0.02453334168214516,-0.01900639868535947,-0.03143927451380257,-0.0036597667337029786,2022-06-27
2022-06-30,-0.04272998168863795,-0.0062522749143685274,0.001783368009371955,-0.038758728206487396,2022-06-27
2022-07-05,-0.009661817277723417,0.0010402438826666582,0.007099388226452064,-0.012803597705999762,2022-07-04
2022-07-06,-0.004169573350486955,-0.012265890857529271,0.007099388226452064,0.0038582664967397335,2022-07-04
2022-07-07,-0.0041870315108913925,0.0026333397389830537,0.006187344742240697,-0.008496012949018493,2022-07-04
2022-07-08,0.0,0.0037906631945752167,0.02148186155407039,-0.008132930690535979,2022-07-04
2022-07-12,-0.005649793620986054,-0.013317616236319552,0.001373287062646611,0.004328827497084386,2022-07-11
2022-07-13,-0.001417327613008279,-0.002247262889666146,-0.009768238475070135,0.0013463768537853812,2022-07-11
2022-07-14,0.01966344375939255,-0.002249783186382359,-0.001453395322922546,0.020878531818446087,2022-07-11
2022-07-15,-0.014005821818794395,-0.022096004298091998,0.0034395124107184927,0.002956321173235122,2022-07-11
2022-07-19,-0.0041870315108913925,-0.008919907321768505,0.01812272070899823,-0.0010237933759077366,2022-07-18
2022-07-20,0.013889182102801767,0.01103034480843057,0.030921898354975497,-0.002081565105291311,2022-07-18
2022-07-21,0.009608686793966204,-0.015222335344784454,0.015296796989529682,0.018589435977886096,2022-07-18
2022-07-22,0.005449585967202353,0.0016758918602270967,0.014218660598325883,0.00044646499464928366,2022-07-18
2022-07-26,-0.004002755440218886,0.016540100344174746,-0.01782438460768887,-0.015507315527927935,2022-07-25
2022-07-27,0.01459876708489749,-0.011345236713893314,-0.01976759000392292,0.026864514628227577,2022-07-25
2022-07-28,0.007873991312375095,-0.002293837615905403,0.041670847083047136,0.0010833174624995043,2022-07-25
2022-07-29,-0.007873991312375095,-0.02286412438224339,0.009245616567715942,0.008650089650832252,2022-07-25
2022-08-02,-0.016925601177754546,-0.023919258472956173,0.01793089770859524,-0.0011356242429187528,2022-08-01
2022-08-03,-0.01866529182635812,0.003947608156067872,-0.0030450387456681938,-0.022355659873842477,2022-08-01
2022-08-04,0.01009367766272673,0.020378157182314283,0.026854027907933897,-0.012965275348618258,2022-08-01
2022-08-05,0.025497215341385937,0.0013820294190516336,0.004362983853862801,0.022578872506359503,2022-08-01
2022-08-09,-0.009880132605473602,-0.002113904117532428,-0.00779450077673971,-0.007596479362147891,2022-08-08
2022-08-10,-0.021506063752605886,-0.019821764813203302,-0.0115494199603976,-0.0036575336968658854,2022-08-08
2022-08-11,0.032789830575434165,0.023762821265643552,0.027662906892537364,0.006738818598211991,2022-08-08
2022-08-12,-0.0028090081658143085,0.00462961431486697,-0.006958286535308389,-0.006342048088262562,2022-08-08
2022-08-16,-0.011494451543306194,-0.010551016836560123,0.020395472543263793,-0.007385876808485248,2022-08-15
2022-08-17,-0.004344752192294576,0.004625055902188535,-0.0019592459734489864,-0.008806294979685115,2022-08-15
2022-08-18,0.014409562463014725,-0.007989642201978953,-0.011922483542889495,0.022395384936221646,2022-08-15
2022-08-19,0.028210559726300044,0.0004612972532953563,0.0027319410164885483,0.026369302855750093,2022-08-15
2022-08-23,-0.014368152844994597,-0.007851397023358686,-0.019671718839967767,-0.005053132830393214,2022-08-22
2022-08-24,-0.04136484866337864,-0.012097012508373695,-0.0006535592712104688,-0.03203283346430872,2022-08-22
2022-08-25,0.022372396250268878,0.03566595965079955,0.0027197345509293314,-0.009018570346061495,2022-08-22
2022-08-26,0.01464147936830651,0.01004822313615783,0.017386307351133112,0.002019568521652528,2022-08-22
2022-08-30,-0.013814455373375667,-0.003712149876315962,-0.041826391362542736,-0.00384217649205814,2022-08-29
2022-08-31,0.004626140283645164,0.00026871522129034986,-0.011192066206897167,0.005543393721867609,2022-08-29
2022-09-01,-0.009273695414251826,-0.01805686074995272,-0.005849089697344212,0.006030193338118741,2022-08-29
2022-09-02,-0.03154829556273886,-0.007437828553307213,0.0002033584127207888,-0.026287173784097853,2022-08-29
2022-09-06,-0.003225740514534392,-0.0011954041797679338,-0.014457171331214269,-0.00047050813302237926,2022-09-05
2022-09-07,-0.017930277334577527,-0.008284595612607859,-0.014457171331214269,-0.00922413750238647,2022-09-05
2022-09-08,-0.01324521705266668,-0.010009954101178664,0.020415409433251597,-0.00959454697064443,2022-09-05
2022-09-09,0.016529131293663513,0.02656736298093243,0.004992773539630235,-0.007648090562084455,2022-09-05
2022-09-14,-0.030426745746000794,-0.025136770707776535,-0.0569131988327225,0.00034380026780087697,2022-09-12
2022-09-15,-0.0016273949913923058,0.004409049194400438,0.008245733055339599,-0.007810859934744946,2022-09-12
2022-09-16,-0.011466074204104393,-0.008951088713045507,-0.017168028346898012,-0.0016948781576669007,2022-09-12
2022-09-20,0.006514811807074361,0.011537706124318703,-0.005558105234065636,-0.0030782505405919126,2022-09-19
2022-09-21,-0.01142872160868369,-0.018095396660379848,-0.008498603405232785,0.004401654190623713,2022-09-19
2022-09-22,-0.03169588418493241,-0.01621511883068827,-0.01814928790229864,-0.015644008639173576,2022-09-19
2022-09-23,-0.005097796713023683,-0.01189994286813878,-0.011866413288927902,0.006160007414090623,2022-09-19
2022-09-27,0.0,0.00028950617962131275,-0.016693594972805315,0.001925845037387672,2022-09-26
2022-09-28,-0.017212046673559467,-0.034717756654906395,0.0016069308512864922,0.010687002334842582,2022-09-26
2022-09-29,-0.07384103021157329,-0.0049401463905134335,0.019408903569917868,-0.07425841346092077,2022-09-26
2022-09-30,0.020352205006370028,0.003312773724337248,-0.028944293914527464,0.022024992505721975,2022-09-26
2022-10-06,-0.007017519577735332,-0.004200563415775349,-0.0008326473546773627,-0.004280651032159647,2022-10-03
2022-10-07,-0.030386751566905845,-0.015221712467358373,-0.007546395666969019,-0.017146231953116445,2022-10-03
2022-10-11,-0.0036764980768881905,-0.02257434172286743,-0.039608362558041676,0.021715677590118925,2022-10-10
2022-10-12,0.014625481274869623,-0.007832834961629231,-0.012475136749824145,0.022582745177483137,2022-10-10
2022-10-13,-0.0238763515461744,-0.018853300323803168,-0.000571835604489479,-0.008888121070026995,2022-10-10
2022-10-14,0.027499666908802123,0.012043769289448392,0.02274227690623931,0.012203729817719947,2022-10-10
2022-10-18,0.010638367968555773,0.017996450993514657,-0.031441987295457,0.00045100328190160466,2022-10-17
2022-10-19,0.0,-0.024132235397928525,0.007710056822448408,0.01787496074759038,2022-10-17
2022-10-20,0.007030047463153721,-0.01409288391184127,-0.0040242478181848895,0.018666103733940197,2022-10-17
2022-10-21,0.010453025982273267,-0.004253423458939309,-0.005197167057467311,0.014048257197832238,2022-10-17
2022-10-25,0.05066574691245118,-0.0009952183297468054,0.02358383179015,0.046158226372534944,2022-10-24
2022-10-26,0.013536765343442836,0.009978023417573922,0.020714367856028204,0.0003530937181322226,2022-10-24
2022-10-27,0.03468563716319695,0.007173120284136303,-0.022889809855540122,0.031988747669881926,2022-10-24
2022-10-28,-0.01636717084707251,-0.03730126803781708,-0.018964632610469323,0.017537195822388274,2022-10-24
2022-10-31,0.035660316056061125,-0.01191483251558445,0.031191074189669266,0.038900326272754346,2022-10-31
2022-11-01,0.004765681984652215,0.050985936573082924,-0.01232670311616424,-0.03667920667294995,2022-10-31
2022-11-02,-0.05037611636818551,0.023778063319459974,-0.010183186750394313,-0.0693815638453556,2022-10-31
2022-11-03,-0.006689215062396947,-0.03129751424486393,-0.03446105672183819,0.025065506065836934,2022-10-31
2022-11-04,0.014987840479613324,0.052179009154659894,-0.01997561602754594,-0.02603201878445699,2022-10-31
2022-11-07,0.046820568891947856,0.02654671547171006,0.015460764105531766,0.020708381663111532,2022-11-07
2022-11-08,0.007855505807179197,-0.002328559699332544,0.010957521960586192,0.006822064894779977,2022-11-07
2022-11-09,-0.0031349920434893264,-0.012078895298095915,0.007549998021080029,0.004651837922654535,2022-11-07
2022-11-10,0.0031349920434893264,-0.017107893174570066,-0.024085178380580885,0.02104334603146102,2022-11-07
2022-11-11,0.03837772310790277,0.07454770790147691,0.07223390166943133,-0.03861640756593972,2022-11-07
2022-11-14,0.0015048590079032031,0.01682956640336819,0.017515323504314395,-0.016833602836586276,2022-11-14
2022-11-15,0.017884343492586163,0.040236310455707525,-0.011115585075222256,-0.014762820356991724,2022-11-14
2022-11-16,-0.010393748680618042,-0.00473441429038246,0.014487846953921135,-0.010066045208638123,2022-11-14
2022-11-17,-0.007490594811968121,-0.011614889862483935,-0.016656796450625677,0.004421340565381526,2022-11-14
2022-11-18,-0.018209942056245376,-0.002948045872125604,-0.0013521688564761547,-0.016427587547375253,2022-11-14
2022-11-21,-0.01854761794883908,-0.018886595067094447,0.00030368279548831367,-0.0036947243700559546,2022-11-21
2022-11-22,0.003115114834579158,-0.013198474730629073,-0.011575653711807021,0.015408723454607918,2022-11-21
2022-11-23,-0.00467636198650534,0.005688453183726239,0.012825817889662972,-0.012787995394465622,2022-11-21
2022-11-24,0.01857633046756857,0.0077926197957793875,0.011343011029527617,0.008974934259427535,2022-11-21
2022-11-25,-0.023567481264674672,-0.004956536330695371,0.011343011029527617,-0.022466803914545898,2022-11-21
2022-11-28,-0.014411856500599063,-0.015809254637863646,0.011343011029527617,-0.004201039743728884,2022-11-28
2022-11-29,0.037979337765273735,0.05109129906423959,-0.014457512538722739,-0.003156596247550783,2022-11-28
2022-11-30,0.021506143892565,0.021333983384531408,-0.006619155900855489,0.0038876422503420598,2022-11-28
2022-12-01,-0.03086652286969338,0.007457591490423354,0.044419720429759835,-0.046355546098101934,2022-11-28
2022-12-02,-0.014207102287546292,-0.0032658100335254403,0.00021185465591067043,-0.01244969875415216,2022-11-28
2022-12-05,0.007917644342947172,0.044147475096888655,-0.0072010751611948365,-0.02874274619322449,2022-12-05
2022-12-06,-0.004743059961250795,-0.003958445952239487,-0.016723214298613343,0.0007541840577019732,2022-12-05
2022-12-07,-0.03220886116965005,-0.03274860693058379,-0.02240983033708943,-0.0014836173783910195,2022-12-05
2022-12-08,-0.0016380803741162797,0.03321404551339846,-0.0037202907122910744,-0.02976975179324167,2022-12-05
2022-12-09,0.017872181696241718,0.02290448689768354,0.014199133375274897,-0.004947299256637262,2022-12-05
2022-12-12,0.0,-0.02221576618494403,-0.007377346713601796,0.019080037333273743,2022-12-12
2022-12-13,0.0,0.0067879900212926,0.012686861286343998,-0.009008706241795221,2022-12-12
2022-12-14,0.022293853686375042,0.003934341290030119,0.009306633039368961,0.016311015034203867,2022-12-12
2022-12-15,0.0015736397467047691,-0.015617297588025991,-0.007914317034252605,0.015214844856946904,2022-12-12
2022-12-16,0.012500163297423095,0.004228839032011322,-0.034180775177130585,0.01438058697901666,2022-12-12
2022-12-19,-0.02197884266467387,-0.005043855926507135,-0.00896615457723371,-0.017017173238459925,2022-12-19
2022-12-20,-0.01761460144188609,-0.013421569238005304,-0.013895145184786628,-0.004701130730153475,2022-12-19
2022-12-21,0.009646224498551348,0.003434270969792763,-0.0008735653684190936,0.0059817856914594104,2022-12-19
2022-12-22,0.031498799784390075,0.026712933860983057,0.015631221708366283,0.005215292583112978,2022-12-19
2022-12-23,-0.015625383220509326,-0.0043878426078389765,-0.02415983805586741,-0.008380746444750307,2022-12-19
2022-12-29,-0.03233533132026101,-0.007960149455669807,-0.013919558767227613,-0.024001808217836804,2022-12-26
2022-12-30,0.003124981482831135,0.0020378009207071557,0.024279133614292903,-0.004058233108818293,2022-12-26
2023-01-04,0.013772205543979066,0.03165118413940604,-0.0009557468979579653,-0.013563139096206562,2023-01-02
2023-01-05,-0.023060220120894703,0.012381987216327772,0.00577629534381785,-0.035475885114238645,2023-01-02
2023-01-06,-0.007806302748798677,-0.0028793459920262165,-0.015709788633390787,-0.00340389735970633,2023-01-02
2023-01-09,0.010911959153509843,0.018721613421151417,0.02692925345545305,-0.010770464594954177,2023-01-09
2023-01-10,-0.0015515801763814618,-0.0026628841343008247,0.005678149033508717,-0.0013197660303424228,2023-01-09
2023-01-11,-0.010929081711639421,0.004891098315232156,0.008336801307349262,-0.01753417939744292,2023-01-09
2023-01-12,0.012480661888020883,0.0036343953781887706,0.01787852814928037,0.005150935349191876,2023-01-09
2023-01-13,-0.020360869745133625,0.0103837334681387,0.0053273072560831025,-0.031015395824421643,2023-01-09
2023-01-16,-0.04036077173451402,0.0003707244507467067,0.00675389396953463,-0.04287609961860254,2023-01-16
2023-01-17,-0.0016488841003661214,-0.007805351601435362,0.00675389396953463,0.002699063236307404,2023-01-16
2023-01-18,0.0,0.00464029909769792,0.00675389396953463,-0.006099353483971906,2023-01-16
2023-01-19,0.003294964059762373,-0.0012471807303118254,-0.011801712225198102,0.0055984119070042705,2023-01-16
2023-01-20,0.021156324613367028,0.018019219124324692,-0.009420998696896277,0.00684289671176188,2023-01-16
2023-01-27,-0.020424766436344166,0.005396953090203382,0.019588411019727303,-0.0295529396187207,2023-01-23
2023-01-30,-0.012779901919849568,-0.027668827694990128,0.009325562996778558,0.007762499632434791,2023-01-30
2023-01-31,0.008006394696127517,-0.010357173887047821,-0.02105929408507201,0.01968363378200659,2023-01-30
2023-02-01,0.006359453005417626,0.010468144107585786,0.01662995536134737,-0.006473892830609583,2023-01-30
2023-02-02,0.006319093838850431,-0.005170073701339817,0.021929272034103775,0.005624666467284319,2023-01-30
2023-02-03,0.006279498945309436,-0.013658931368032867,0.034890044286958855,0.010293700769542394,2023-01-30
2023-02-06,-0.012598592784159868,-0.02044304665140828,-0.017421519474060787,0.006866618586483585,2023-02-06
2023-02-07,0.006319093838850431,0.0036000751767790717,-0.00844889530470283,0.003928284953073935,2023-02-06
2023-02-08,0.03557994693669286,-0.0007129590044208101,0.020994833796104118,0.03131834077423827,2023-02-06
2023-02-09,0.029942560989850486,0.015887385797794806,-0.01824478014987818,0.019064316069960716,2023-02-06
2023-02-10,-0.031463380500914795,-0.02027123903457806,-0.009156686002528502,-0.01368379540605532,2023-02-06
2023-02-13,-0.0015233856063918694,-0.0012277228936170559,-0.00605019541544749,-0.00030893874492178086,2023-02-13
2023-02-14,0.006079088446333758,-0.0023965166367521107,0.015861973969434118,0.004188004460346792,2023-02-13
2023-02-15,-0.006079088446333758,-0.014387041531444211,0.007117461283680626,0.0037259464800916946,2023-02-13
2023-02-16,0.06491967355504191,0.00839721070270194,0.007554722133580327,0.055517285416174136,2023-02-13
2023-02-17,-0.03193290744773525,-0.012844844849098536,-0.019836106045499236,-0.018395559677866692,2023-02-13
2023-02-20,0.04611736997121829,0.008034811830128774,-0.0064720669935471875,0.039635211145429325,2023-02-20
2023-02-21,-0.021352981741307397,-0.017262685245315268,-0.0064720669935471875,-0.006599564513610693,2023-02-20
2023-02-22,-0.01012293889459226,-0.005159562106458182,-0.0064720669935471875,-0.005529293249570616,2023-02-20
2023-02-23,0.05376119569196902,-0.0035556087767005806,0.0018852916843421497,0.05544976732833806,2023-02-20
2023-02-24,-0.025106055602576394,-0.01691312881788498,0.009438700512740539,-0.013613452394950404,2023-02-20
2023-02-27,0.004228307801852349,-0.0033303353677851533,-0.017218306834918096,0.009290630096250387,2023-02-27
2023-02-28,-0.009894084770822431,-0.00793220856520449,0.0074564427353518425,-0.005570675910540456,2023-02-27
2023-03-01,0.03900227561471614,0.04127590313093066,-0.0016674758868244766,0.003720354430671785,2023-02-27
2023-03-02,-0.016529416315895773,-0.00926943728884666,-0.008111124450223883,-0.008180115279217455,2023-02-27
2023-03-03,0.013793455092349749,0.006736036641617815,0.00874729552775122,0.005563095821512527,2023-02-27
2023-03-06,0.029691663300900784,0.0017318323391730672,0.020378554197796106,0.02349275362855085,2023-03-06
2023-03-07,0.0013290399908589823,-0.0033404443371054526,0.0009554910289519825,0.003010404670889079,2023-03-06
2023-03-08,-0.024194858801167562,-0.023813951346527418,-0.012296985060823218,-0.0028557299948956914,2023-03-06
2023-03-09,-0.0013613871078343998,-0.006279120927585424,0.005218361290213025,0.0019917698867114603,2023-03-06
2023-03-10,-0.005464457382757804,-0.03087569107603194,-0.01815775896511873,0.022895579032131998,2023-03-06
2023-03-13,0.023020642279898196,0.019277398042659044,-0.013885630697952678,0.008483717639234384,2023-03-13
2023-03-14,-0.02576410952814867,-0.023008952189320198,0.007558729081116766,-0.008803847884961205,2023-03-13
2023-03-15,0.0013725995578004468,0.015051819793832522,0.022563062594882055,-0.016414973264863443,2023-03-13
2023-03-16,-0.015204287816211304,-0.017343037322032018,0.004648276125674755,-0.00245738275752903,2023-03-13
2023-03-17,0.04226957802094855,0.016253424493791968,0.02659137795772004,0.02272205001381339,2023-03-13
2023-03-20,-0.03256740547647241,-0.026890940534656238,-0.004751908535588711,-0.010052516984242893,2023-03-20
2023-03-21,0.0,0.01348961375885338,0.003360055563231157,-0.012894811512295963,2023-03-20
2023-03-22,0.005502115271735164,0.017126199779811557,0.01336367330358712,-0.012311061034025326,2023-03-20
2023-03-23,0.10782652431388629,0.02311901988355558,-0.01341390690715727,0.08997683488769259,2023-03-20
2023-03-24,0.07928460915625779,-0.006703884175523811,0.012994365770520488,0.081544089086181,2023-03-20
2023-03-28,-0.012724330794727123,0.011026695575298007,0.0032686216421975445,-0.02353463276914628,2023-03-27
2023-03-29,0.00232556694141417,0.020399911077976896,-0.0049439183407749,-0.014821277344686145,2023-03-27
2023-03-30,-0.023502815953846845,0.0057642656147436355,0.018524911731294225,-0.032740979332740984,2023-03-27
2023-03-31,0.010644682943159456,0.0044696814072491264,0.009033046950177592,0.0042634859198887815,2023-03-27
2023-04-04,0.0070504465705067965,-0.006616414176690455,0.016693003706835796,0.00854669911435255,2023-04-03
2023-04-12,0.017847002977199322,-0.008598186621819437,-0.0066435658043833,0.0253591313438739,2023-04-10
2023-04-13,-0.015448871077620163,0.0017031934230065104,-0.009302539840051693,-0.01608816703743295,2023-04-10
2023-04-14,-0.003599390752248466,0.004625926157084237,0.020430637942698837,-0.012237414523903006,2023-04-10
2023-04-18,-0.018349013435865036,-0.0063688378690418546,-0.00228112823906379,-0.013521877773276379,2023-04-17
2023-04-19,-0.002317608833917628,-0.013786758039875835,0.0002977278311497855,0.008255419386741082,2023-04-17
2023-04-20,0.017251668048771318,0.0014331478296973899,-0.00026081092238072756,0.015152760078063215,2023-04-17
2023-04-21,-0.024236578848986223,-0.015874748721715903,-0.007902577109161868,-0.010381450050890324,2023-04-17
2023-04-25,-0.042767514122373784,-0.017285798370510363,0.0011382003595361567,-0.029414022430166137,2023-04-24
2023-04-26,-0.008777495092449739,0.007080062057223557,-0.018979576867220516,-0.012125533291289426,2023-04-24
2023-04-27,0.006277442349950313,0.004192678066239353,0.006386851721563502,0.0006222911115710402,2023-04-24
2023-04-28,0.00374770512680489,0.0027326666613003425,0.02725834909272251,-0.004574431932544108,2023-04-24
2023-05-03,0.010942417820808847,-0.01184130930783489,-0.008927031826624798,0.02160280343615765,2023-05-01
2023-05-04,-0.00120984725269202,0.012589502486656912,-0.0065075061330617245,-0.01150875825747344,2023-05-01
2023-05-05,-0.03323393935145558,0.005029260812406733,-0.003885104760465552,-0.037675609577818486,2023-05-01
2023-05-09,-0.011385314623682863,-0.021385273850462738,0.021085570601085735,0.0016891980512361848,2023-05-08
2023-05-10,-0.01151636401799383,-0.0053182788109378265,-0.007722730127420974,-0.006556235446844263,2023-05-08
2023-05-11,-0.009049915367676853,-0.0009320185816701354,0.009834284655958925,-0.011046174586003647,2023-05-08
2023-05-12,-0.01702714573334707,-0.005920554816817969,0.0037314644809054442,-0.013697672559846203,2023-05-08
2023-05-16,-0.002570537832983444,0.0003564080617621812,-0.00371123959334696,-0.0031220832991486324,2023-05-15
2023-05-17,-0.015564623731249672,-0.021128360534413915,0.000928968143872666,0.001053466971619163,2023-05-15
2023-05-18,0.03342212049754201,0.008485107405304504,0.010988095744892235,0.023305619019300675,2023-05-15
2023-05-19,-0.012722802108496412,-0.014124537053683994,0.01758783502800121,-0.005090864392154283,2023-05-15
2023-05-23,-0.015190200838215873,-0.012627300700533084,-0.002252679042143768,-0.005114805278060601,2023-05-22
2023-05-24,-0.07961767144075838,-0.016360592317285594,-0.011814770741889191,-0.06462507847234154,2023-05-22
2023-05-25,-0.013908488979855749,-0.019492534418485974,-0.005873704371818889,0.0026051435640747703,2023-05-22
2023-05-30,-0.0013486088350955772,0.002405043598743717,0.02549138574808474,-0.009066186404169011,2023-05-29
2023-05-31,-0.006770386837596121,-0.019631870597715206,0.02549138574808474,0.004010567918778988,2023-05-29
2023-06-01,0.013495389992472573,-0.0009524726750242962,-0.007418908705483673,0.014734049793058434,2023-05-29
2023-06-02,0.005347570416696978,0.039450444264144124,0.013099830319250216,-0.031156125838185646,2023-05-29
2023-06-06,-0.01881777930306816,-0.00048266104304950375,0.007253332541147017,-0.020709892614805967,2023-06-05
2023-06-07,0.01881777930306816,0.007964350248098384,0.0007647671938428857,0.011045086744878564,2023-06-05
2023-06-08,-0.0013325090147509044,0.0024476403283468784,-0.018073019636874577,-0.0009610099070238133,2023-06-05
2023-06-09,0.013245210466791724,0.00469225854174482,0.012214692789997983,0.006083792433656284,2023-06-05
2023-06-13,0.054547424329430605,0.006017085712786141,0.003020749062066841,0.04798858723221395,2023-06-12
2023-06-14,-0.00867961094397618,-0.0058053317358961465,0.007710736073983426,-0.006189000676006464,2023-06-12
2023-06-15,0.034275250599611784,0.02143448567082551,0.00670355953026025,0.0140876754225026,2023-06-12
2023-06-16,0.026129640414769728,0.010607222064237476,0.010845902910189054,0.014258283199882742,2023-06-12
2023-06-20,-0.0276960725026143,-0.015476562633518043,-0.006710468438312134,-0.014397524839480286,2023-06-19
2023-06-21,-0.008583753460917665,-0.020025198028497115,-0.006710468438312134,0.008533072847790993,2023-06-19
2023-06-27,0.01483350215643453,0.018660472844517884,-0.01007831391770253,0.00010437453643535183,2023-06-26
2023-06-28,0.023045265904384493,0.0012484244049808524,0.017708975871627786,0.017750026011305535,2023-06-26
2023-06-29,0.0,-0.01247530208117098,0.0012260622161033297,0.009299011758907547,2023-06-26
2023-06-30,-0.02059423402238103,-0.0009473878503012401,-0.0008987579539727619,-0.020575861518591757,2023-06-26
2023-07-04,0.023669648875766613,0.005634490626770017,0.015887879827058526,0.015032233839355742,2023-07-03
2023-07-05,0.005831071782675501,-0.015849283040145323,0.015887879827058526,0.015227864172362158,2023-07-03
2023-07-06,-0.01996555203952788,-0.030676021044319768,0.015887879827058526,0.0018773065192256785,2023-07-03
2023-07-07,-0.004756284495983865,-0.009070914868020807,-0.007765608949224401,0.00336193088162225,2023-07-03
2023-07-11,-0.046012913290732094,0.009699136535862962,-0.0034920079618139255,-0.05444794860620422,2023-07-10
2023-07-12,0.029306193995167762,0.010720516503120336,0.004689090406898799,0.01848798932730238,2023-07-10
2023-07-13,0.010771893781174047,0.0256308102243743,0.012201754086186511,-0.01396364078414793,2023-07-10
2023-07-14,0.01301040766577577,0.0032586710841382427,0.016625112901214933,0.006229840849228436,2023-07-10
2023-07-19,0.00697678924281897,-0.003340189792162107,0.008108382757889387,0.007323914085442989,2023-07-17
2023-07-20,-0.016355522804887723,-0.0012825135844636293,-0.0016514387854407175,-0.0159154581840426,2023-07-17
2023-07-21,0.017513782335861983,0.0077488560907887916,-0.022347840775244876,0.014232522570307465,2023-07-17
2023-07-25,0.016509827186632187,0.04022582766909366,-0.002616875519432682,-0.017713560475966755,2023-07-24
2023-07-26,-0.00852110476657808,-0.003570137036508214,0.007023426277028122,-0.007778608235025717,2023-07-24
2023-07-27,-0.0012231667775877142,0.014048379640101416,-0.005181005909530967,-0.012994103178078371,2023-07-24
2023-07-28,0.07428291241135199,0.014028619545939591,-0.002096951219924037,0.06195338199171585,2023-07-24
2023-08-01,-0.014648082082920233,-0.003383401250891538,0.01832453173739168,-0.016170012796460215,2023-07-31
2023-08-02,-0.02180234750305754,-0.024982681402134332,-0.002954737709501387,-0.001224491711116986,2023-07-31
2023-08-03,0.0023174780516734828,-0.004957177910496213,-0.02135660120199212,0.00951722584820203,2023-07-31
2023-08-04,0.010362758120317839,0.006087841807598693,-0.0003099152812957584,0.004365700380893214,2023-07-31
2023-08-08,-0.028953895440757993,-0.01827173291400186,-0.005133806267991758,-0.013603037259813152,2023-08-07
2023-08-09,-0.001175830870603356,0.0032193134401232726,-0.007929533777643272,-0.0033438772411564575,2023-08-07
2023-08-10,-0.032280122223910634,0.00011588569664766624,-0.01047337724649644,-0.031368615187647934,2023-08-07
2023-08-11,-0.03084753055314904,-0.009032145728596674,0.0016900471333691769,-0.02452535483723793,2023-08-07
2023-08-15,0.0,-0.010303566300041922,-0.006683039196225593,0.008951043695070196,2023-08-14
2023-08-16,0.015286790576693798,-0.013644524638792177,-0.010492373584385817,0.027752795061196132,2023-08-14
2023-08-17,-0.0308110370199286,-0.000145674752227265,-0.009856550215710413,-0.02979500654561099,2023-08-14
2023-08-18,-0.05081305183415097,-0.020717794418825264,-0.011062657095369133,-0.03230314625364206,2023-08-14
2023-08-22,0.025183563104811624,0.009471990842426337,-0.0014259957215294605,0.016553886872128484,2023-08-21
2023-08-23,0.01171122721847162,0.0030816459322515755,-0.00200115628270936,0.008553091388399487,2023-08-21
2023-08-24,0.05536009965923627,0.020315141351082033,0.016282509452020477,0.03432564998632731,2023-08-21
2023-08-25,-0.016039882543074535,-0.005107377561531123,-0.02207124574159991,-0.008580769679924334,2023-08-21
2023-08-29,0.007220248888946568,0.019298224805158526,0.008427263304065846,-0.011495550157934329,2023-08-28
2023-08-30,0.03765142976176117,-6.32956636277271e-05,0.021339129195744988,0.03278026251954865,2023-08-28
2023-08-31,0.02395993006696795,-0.005468563585065311,0.005526249406957007,0.02657525612467534,2023-08-28
2023-09-05,-0.023269898606871564,-0.02076422527953703,-0.0006588786879735409,-0.00666133930674653,2023-09-04
2023-09-06,-0.0342106881636699,-0.00037552269855645193,-0.0006588786879735409,-0.034717096522167,2023-09-04
2023-09-07,-0.03422164258335458,-0.013527970834255498,-0.008732732941640009,-0.022181653207469853,2023-09-04
2023-09-12,-0.002433070173529117,-0.003906650775862275,0.0014218618088648327,-0.00036339155080690553,2023-09-11
2023-09-13,-0.013488874223233527,-0.0009252044714020968,-0.011764583051636635,-0.011462628807787303,2023-09-11
2023-09-14,0.008604837561161371,0.0021465503330908575,0.003697141302762219,0.005168910710513629,2023-09-11
2023-09-15,-0.0012248584272778196,0.007450638032199919,0.00850477460174126,-0.010009847759371006,2023-09-11
2023-09-19,0.0037617273691947783,0.0037085134081813464,-0.01770072886384355,0.0030053740525971435,2023-09-18
2023-09-20,-0.008799544128392567,-0.00621862099855619,-0.0018995351356174695,-0.004169673342120727,2023-09-18
2023-09-21,-0.0025284911467189364,-0.012953637129999862,-0.01430472095037949,0.010068568060501862,2023-09-18
2023-09-22,0.03482935429381362,0.022516037898045127,-0.01894519781438042,0.018517423296213798,2023-09-18
2023-09-26,-0.019169885561755473,-0.014910337572413113,0.0004666981338505849,-0.007685199859288125,2023-09-25
2023-09-27,0.012820645565512212,0.008265374028123773,-0.014587472638908139,0.0076584816245146275,2023-09-25
2023-09-28,-0.0038289442830237164,-0.01365409448460575,0.0023292452567389432,0.006253840287847555,2023-09-25
2023-09-29,0.03146892171419435,0.02482205223849121,0.00943098116723462,0.007929039742771045,2023-09-25
2023-10-04,0.0062855201684521855,-0.007842054958189237,-0.018409159740102155,0.015357228772181404,2023-10-02
2023-10-05,0.0,0.0010479192679628824,0.013871938030877828,-0.0044113151711128885,2023-10-02
2023-10-06,0.02475359049513548,0.015684039510279746,-0.0033016247638997243,0.01125911808920362,2023-10-02
2023-10-10,0.02739898794474893,0.008375327801051213,0.016838802725397173,0.01628347263561134,2023-10-09
2023-10-11,0.0011743880837826737,0.012845119071371869,0.00438222253547238,-0.01137004858878697,2023-10-09
2023-10-12,0.02892045905647933,0.01910375342789372,0.007275877073070092,0.010582641312386742,2023-10-09
2023-10-13,-0.016092222008034174,-0.023565149185975187,-0.0032240234125442413,0.0033459314496138808,2023-10-09
2023-10-17,0.031898842606348676,0.007510149841294833,-0.012523979348284087,0.026985794513601086,2023-10-16
2023-10-18,-0.10665351333675543,-0.002299357413308556,-0.0024790590073120455,-0.10520552301495159,2023-10-16
2023-10-19,0.061461475475543814,-0.024931278371145282,-0.013620647330782276,0.08398539164558078,2023-10-16
2023-10-20,0.001215731019293731,-0.007181166318435572,-0.009123206936854089,0.008000821719975277,2023-10-16
2023-10-25,0.0707542597436519,0.005505261921378235,0.009567854770279993,0.06340401880933107,2023-10-23
2023-10-26,0.015555618305642227,-0.0023862170926509663,-0.02522098719303223,0.02131792888747948,2023-10-23
2023-10-27,0.008781656167429652,0.020563253943100435,-0.019290799192035024,-0.005826586593751933,2023-10-23
2023-10-30,0.04905037436943438,0.0004383787777246795,0.005008821630026361,0.04680371403521287,2023-10-30
2023-10-31,-0.054529793314906705,-0.017027571500422667,0.011027082080138584,-0.04323735883771032,2023-10-30
2023-11-01,-0.017738788851471288,-0.0006255387255045264,0.0050562968718761425,-0.019101215002234384,2023-10-30
2023-11-02,0.03840309316627,0.007503772941150899,0.01801953829754943,0.027798981391030292,2023-10-30
2023-11-03,0.023405232499076334,0.02484913141347178,0.016936176143877546,-0.0015571119526086898,2023-10-30
2023-11-06,0.016684398880114415,0.01697849848064159,0.012286428513165859,-0.000803884012410494,2023-11-06
2023-11-07,-0.010395124152386082,-0.016636563351125844,0.0036137558667643788,0.0019516824648187006,2023-11-06
2023-11-08,-0.039429719614821224,-0.005772047710648209,0.008855119267403566,-0.03718047844766499,2023-11-06
2023-11-09,-0.013129177926831659,-0.0032595400833272947,0.000971723514357592,-0.011518754403666884,2023-11-06
2023-11-10,-0.003309522474430615,-0.017746875114736937,-0.008863439449021016,0.012296335059432428,2023-11-06
2023-11-13,0.04536421243034594,0.012876561373301953,0.02148052197968653,0.02960452083664355,2023-11-13
2023-11-14,-0.004232773741658313,-0.0016857542535717585,-0.0026959295259985083,-0.003259415988084445,2023-11-13
2023-11-15,0.036443290979353726,0.03846134946035562,0.020739393354796576,-0.0006549167585910634,2023-11-13
2023-11-16,-0.02694451053667679,-0.01371044640318253,-0.00012233943618156218,-0.016357197647441146,2023-11-13
2023-11-17,0.012526150981667428,-0.021460894189996083,0.00123461022816862,0.02936637894500124,2023-11-13
2023-11-20,0.021550269443529668,0.018385989733651797,-0.0002990479864486417,0.005227702939661873,2023-11-20
2023-11-21,-0.034076420425197096,-0.002488159432850523,0.010978446319249713,-0.03497979034206332,2023-11-20
2023-11-22,0.00836817680984936,3.997826636670254e-05,-0.00625004495607584,0.008555744642052611,2023-11-20
2023-11-23,0.006230495897096233,0.009888595747691298,0.004668875432770392,-0.0038855961793341515,2023-11-20
2023-11-24,-0.013548813018589456,-0.019815553822011722,0.004668875432770392,0.0012697643471929598,2023-11-20
2023-11-27,0.020769107288171718,-0.0019586657989822953,0.004668875432770392,0.020598007906063344,2023-11-27
2023-11-28,0.010309407420054928,-0.0098007571429779,-0.0021007103855819054,0.01798376415627291,2023-11-27
2023-11-29,-0.015504134623002486,-0.021003775607601582,0.0026443345229214543,0.0006894565987051425,2023-11-27
2023-11-30,0.005194618917162774,0.0029052165787035733,-0.0006800356929641538,0.0019381926835739085,2023-11-27
2023-12-01,-0.006237071960422114,-0.012551691853644797,-0.001258496001984355,0.003589438187336459,2023-11-27
2023-12-04,0.029791714292123128,-0.011007881797976182,0.0039011698090973823,0.03736001175299611,2023-12-04
2023-12-05,-0.10783781190261621,-0.019300125203152163,-0.009430883443569016,-0.09082227437922138,2023-12-04
2023-12-06,0.09561771877328518,0.008258344521360428,0.002584180654402246,0.08725891383624478,2023-12-04
2023-12-07,-0.02279893516581577,-0.00715474920678183,-0.0052062352596067285,-0.016766541593996265,2023-12-04
2023-12-08,0.0020942931621759087,-0.000704984098026884,0.013674171481873998,-0.0008086917508698301,2023-12-04
2023-12-11,0.03089834200145658,-0.008168256206692703,0.003968000856680476,0.03607049744129287,2023-12-11
2023-12-12,-0.005083914375020537,0.010622018920214416,0.008222639811712895,-0.016478449656022277,2023-12-11
2023-12-13,0.014170415265871483,-0.00894088601166132,0.007718525103371121,0.01929166334982501,2023-12-11
2023-12-14,0.03457126606414063,0.010630468466391818,0.013068076261657069,0.02226595601833923,2023-12-11
2023-12-15,-0.005842215981422871,0.02349903564024025,-0.0012394862730094047,-0.02628145313568614,2023-12-11
2023-12-18,-0.001954980717127075,-0.009751846341870873,0.004587577624498351,0.004430941835596351,2023-12-18
2023-12-19,0.003906146940698907,-0.0074986531519307675,0.0057879027640481695,0.008176800169780337,2023-12-18
2023-12-20,0.011628121592684337,0.006570944825025293,0.003969163996664804,0.00442747543610612,2023-12-18
2023-12-21,0.0019248751704803446,0.00044051906268727237,-0.014869424575913115,0.0033837440752459425,2023-12-18
2023-12-22,-0.009661947005313642,-0.01703363871435748,0.013133482885683279,0.0012427332550908332,2023-12-18
2023-12-28,0.02587931265094312,0.02487266527946197,0.0012806453013674002,0.00381699552691403,2023-12-25
2023-12-29,-0.0036562102723824985,0.0002265311789990676,-9.582672881691678e-05,-0.004773013175271311,2023-12-25
2024-01-03,-0.04634757460678873,-0.008502566016838742,-0.004058720094095136,-0.03939779142478561,2024-01-01
2024-01-04,0.015066274518021672,-2.581295557035901e-05,-0.009987100752992362,0.016006036831241226,2024-01-01
2024-01-05,-0.04004357207048104,-0.00666946536839319,-0.006248562949288328,-0.03422414635082145,2024-01-01
2024-01-08,-0.01174180106848155,-0.018979932876225902,0.0016760816752654506,0.0029334887634052207,2024-01-08
2024-01-09,0.0442806588877116,-0.002124401682458199,0.021144424025804298,0.041175966699133836,2024-01-08
2024-01-10,-0.022858102813005488,-0.0057446434612682395,0.0010590038202362706,-0.019177877247772177,2024-01-08
2024-01-11,0.019084519195440297,0.012639925147150066,0.008089961464863293,0.006020829798145829,2024-01-08
2024-01-12,-0.001892194729788077,-0.0035309362649105225,0.0021788859664919613,-0.00027908985592078883,2024-01-08
2024-01-15,-0.003795065324768032,-0.0017405554555338654,0.0004457236241837137,-0.0033616291057273853,2024-01-15
2024-01-16,-0.0577177196495251,-0.021845356317289344,0.0004457236241837137,-0.040407632492775084,2024-01-15
2024-01-17,-0.03692732537336507,-0.037831498570330524,0.0004457236241837137,-0.006197928843680256,2024-01-15
2024-01-18,0.011428868295754846,0.007492343772986132,-0.005168924879031422,0.005159037370043312,2024-01-15
2024-01-19,0.00823037879860955,-0.0054135838303075445,0.014105275482220847,0.009199550404369967,2024-01-15
2024-01-22,0.006128659577440576,-0.022961843533044757,0.01919356119170601,0.020879461144643535,2024-01-22
2024-01-23,0.014155981495371783,0.02591592878858151,0.0004021163126459726,-0.008618239248451839,2024-01-22
2024-01-24,0.008000030963361215,0.03493618612023397,0.004299719936250668,-0.023073008902003752,2024-01-22
2024-01-25,0.021675745158783677,0.019438298582889146,0.006031880229089737,0.0032891063515303014,2024-01-22
2024-01-26,-0.1047109607025205,-0.016150578290455186,0.0004604579896962946,-0.09218401112821811,2024-01-22
2024-01-29,-0.04879009066049589,0.007805961050788568,-0.005404808846956044,-0.055279189802661347,2024-01-29
2024-01-30,-0.028820423952748087,-0.02352417593139755,0.009334425080005815,-0.011758836293229703,2024-01-29
2024-01-31,-0.045462429500874535,-0.014004091774911132,-0.006730704632893492,-0.03339614967581232,2024-01-29
2024-02-01,0.0,0.005226182779159316,-0.019205849054921842,-0.0017496289905293504,2024-01-29
2024-02-02,-0.024784378357208814,-0.0020997199087293694,0.012097714750058941,-0.026222562987460386,2024-01-29
2024-02-05,-0.010088474764761157,-0.0015172101474636435,0.01736870781244093,-0.012998686765513108,2024-02-05
2024-02-06,0.07211436992145259,0.039621116346179264,-0.001525757923078075,0.03819510218892676,2024-02-05
2024-02-07,-0.04338029441617408,-0.0034129508720219803,-0.00225796226854591,-0.04103875092795817,2024-02-05
2024-02-08,0.00980411309217466,-0.012754840706381998,0.010403361642927322,0.017626197488090082,2024-02-05
2024-02-09,-0.00980411309217466,-0.008315727793162253,0.001181156972480224,-0.003988414002981451,2024-02-05
2024-02-15,0.021819142286954474,0.004100683220961798,0.011919165737857895,0.015209428904075959,2024-02-12
2024-02-16,0.004784690946551873,0.02449155098108413,0.0019768319896140696,-0.017087545895659344,2024-02-12
2024-02-19,-0.0011939969934386951,-0.011346259525540248,-0.008745899098041576,0.009017045509633486,2024-02-19
2024-02-20,-0.01565361156322176,0.005672272307901238,-0.008745899098041576,-0.019728501221340275,2024-02-19
2024-02-21,0.038099974825319904,0.015608566537414603,-0.008745899098041576,0.025684223177124918,2024-02-19
2024-02-22,0.032186636229929455,0.014429009108264168,-0.0038353801279793487,0.019845225120494567,2024-02-19
2024-02-23,-0.03335557213312779,-0.0010212401309370733,0.029604542346570284,-0.038964121590009664,2024-02-19
2024-02-26,0.04011978574538144,-0.005462693613573322,-0.00349665883442718,0.044412971693143934,2024-02-26
2024-02-27,0.0011231098282484808,0.00933787015061327,-5.458143769665469e-05,-0.00764975198922257,2024-02-26
2024-02-28,-0.03308907619466517,-0.015239963455568883,0.002137011851628401,-0.021639207636077233,2024-02-26
2024-02-29,0.0057835463713593604,-0.001537759562030061,-0.005351283788801453,0.007127900338615568,2024-02-26
2024-03-01,0.04730622439830334,0.004712874518745025,0.009851395314113276,0.04056825951221011,2024-02-26
2024-03-04,0.06906613463687661,0.0003936217785813767,0.014330598277098261,0.06511851804794257,2024-03-04
2024-03-05,-0.007212662627529731,-0.026457552836498976,-0.00419607698287372,0.01483476204300238,2024-03-04
2024-03-06,-0.007265172156699862,0.016898808989381564,-0.018628240778966187,-0.018920923924860954,2024-03-04
2024-03-07,-0.005222072207314188,-0.01275335018686441,0.006599260886176239,0.003308232092663366,2024-03-04
2024-03-08,0.005222072207314188,0.007587350665392734,0.015395247952982416,-0.004962763041866365,2024-03-04
2024-03-11,-0.024250045786597507,0.014218444730930813,-0.01585522401002315,-0.034172981216815376,2024-03-11
2024-03-12,0.023207592743338168,0.0300446357527413,-0.003717080914427129,-0.002264167384586551,2024-03-11
2024-03-13,0.02471811764727283,-0.0006665938445635788,0.014919753495803434,0.021550603544697337,2024-03-11
2024-03-14,-0.02576144037891792,-0.00707616829769897,-0.007965090516316664,-0.019280479205953334,2024-03-11
2024-03-15,-0.008385671898914815,-0.014296638861152289,-0.003096931553862703,0.0032484771585967395,2024-03-11
2024-03-18,0.0031529966220644745,0.0009700826206557878,-0.011665341148079378,0.0035697650659058536,2024-03-18
2024-03-19,-0.012671855190766745,-0.01248347416271578,0.009848622818619646,-0.004974105354499889,2024-03-18
2024-03-20,-0.001063401713200296,0.0008218201616667642,0.002314794770857276,-0.0031294952602907117,2024-03-18
2024-03-21,0.028318880112421674,0.01916047774591867,0.01188209647717997,0.009074378500189988,2024-03-18
2024-03-22,0.006185523206135191,-0.02179947785537628,0.004429507552558221,0.022714116121739267,2024-03-18
2024-03-25,-0.0902868196118285,-0.0015667361900799648,0.0007584761109988847,-0.09005762202991524,2024-03-25
2024-03-26,0.03536274662820338,0.008744154486684863,-0.003325270816940673,0.027698258843034014,2024-03-25
2024-03-27,-0.012015504695160661,-0.013661075488565544,-0.0036488161975434252,-0.0008119416628801206,2024-03-25
2024-03-28,-0.003302115845492448,0.009022889064718598,0.004051130828198524,-0.012576294011819216,2024-03-25
2024-04-03,-0.03405557255582936,-0.012266384168874822,-0.009006013841371896,-0.023023634425110368,2024-04-01
2024-04-09,-0.009091017311147809,0.00567451421810361,0.01276478873130138,-0.01717956783995772,2024-04-08
2024-04-10,0.0,0.018318138677827278,0.003689516565057005,-0.01700948392912534,2024-04-08
2024-04-11,-0.014951347120460312,-0.002578745842948038,-0.008133007082225419,-0.012214357998218961,2024-04-08
2024-04-12,-0.03418132901353266,-0.02208109045928275,0.016636746584101303,-0.019693011251514424,2024-04-08
2024-04-16,-0.03931427054335801,-0.0214009569727871,-0.016771414966433085,-0.019166202365886478,2024-04-15
2024-04-17,0.0036385990524738787,0.00017661819707903703,0.0007713693450739356,0.00240196129231507,2024-04-15
2024-04-18,-0.007290358437705535,0.008213202119632612,-0.01273360764074738,-0.012754476406317425,2024-04-15
2024-04-19,0.0,-0.009919090746430825,-0.0055129619166276456,0.008410080538301657,2024-04-15
2024-04-23,0.015882991187535556,0.019030828888837448,-0.020717548666546293,0.0028272090730836596,2024-04-22
2024-04-24,0.0473461151060901,0.021883780385511642,0.01484953684729895,0.025262148452594536,2024-04-22
2024-04-25,0.019462610572831718,0.004829215058313352,0.0027150205717330067,0.013957931214919794,2024-04-22
2024-04-26,0.02353060762036918,0.020988553084114514,-0.005892790483901678,0.006066603520274997,2024-04-22
2024-04-30,-0.007808257468416624,0.0009078664723389807,0.01637650257919887,-0.012569113018001343,2024-04-29
2024-05-03,0.008762250836660712,0.01465493558176334,0.011784241571907828,-0.006681895945794637,2024-04-29
2024-05-07,0.025724853058565866,-0.005339346800120381,0.019714928946726218,0.025585497916805804,2024-05-06
2024-05-08,-0.0053051833934976145,-0.00899681211464376,0.00018327847162069588,0.0012683469428253517,2024-05-06
2024-05-09,0.08363714632951291,0.012154343579680926,-0.0008689072790009078,0.07265191442064294,2024-05-06
2024-05-10,-0.009833060141024585,0.022713094657621724,0.0012520640426885166,-0.030077230072757342,2024-05-06
2024-05-14,0.007843268258449942,-0.002165538399223621,0.0026309717589825254,0.00822589715834711,2024-05-13
2024-05-17,-0.013605479342330806,0.009097388576737586,-0.002887286235914388,-0.02164816863961708,2024-05-13
2024-05-21,-0.003921567425996919,-0.021392239476494268,-0.0006322988695472986,0.013209211086222323,2024-05-20
2024-05-22,0.11494111184989064,-0.001302550620623677,0.0028649691242481623,0.11455567867633627,2024-05-20
2024-05-23,-0.008795256581605404,-0.017176021505719063,-0.0005494382976554135,0.004780832098283573,2024-05-20
2024-05-24,-0.02323590240881046,-0.013862963229138714,-0.0037823992365790815,-0.011837954509500148,2024-05-20
2024-05-28,-0.018441356238135587,-0.00032880202798324376,0.009882548262286406,-0.020952977109494404,2024-05-27
2024-05-29,-0.017065323853423298,-0.018454533214873337,0.009882548262286406,-0.004361591917493158,2024-05-27
2024-05-30,-0.008643037921705066,-0.013448262882953088,-0.006741930457593526,0.002958753936435219,2024-05-27
2024-05-31,-0.02638676050896782,-0.008294231653046324,-0.010164057028624995,-0.01847320479149608,2024-05-27
2024-06-04,-0.0017653613044243954,0.0022292270229673505,-0.00010841530912664155,-0.004560947153373013,2024-06-03
2024-06-05,-0.021429267152955234,-0.0010387264479074787,0.0021242806638248624,-0.02189802364911103,2024-06-03
2024-06-06,0.030224523734560638,0.0028096153374352895,0.019677194440522072,0.02325169125847352,2024-06-03
2024-06-07,-0.07074565873942129,-0.005963121995771203,-0.000815533268594848,-0.06653243061667018,2024-06-03
2024-06-12,-0.014842454515489045,-0.013208300419963237,0.007081621464934074,-0.006020210624885941,2024-06-10
2024-06-13,0.014842454515489045,0.009697093097518206,0.012723361034211678,0.0033849413357668057,2024-06-10
2024-06-14,-0.011111209836225822,-0.009477500290504537,0.005987883942925265,-0.005216742102566422,2024-06-10
2024-06-18,0.034897935091693366,-0.0011474144259633334,0.004224664098309461,0.03412868997432981,2024-06-17
2024-06-19,0.08640947277639377,0.028331872096202915,-9.518599832070151e-05,0.061699975080060226,2024-06-17
2024-06-20,-0.003316747740434778,-0.0051716951460996086,-9.518599832070151e-05,9.778391345537877e-05,2024-06-17
2024-06-21,-0.00666668148903371,-0.016874348941055217,-9.518599832070151e-05,0.00657145421348071,2024-06-17
2024-06-25,-0.03141633280296041,0.0025035297223610087,-0.0026295327609524577,-0.03397198504673134,2024-06-24
2024-06-26,0.008826399977777566,0.0009418122473796586,0.011679235959245915,0.004913097205234305,2024-06-24
2024-06-27,-0.017731025691584357,-0.020860657496362123,0.0025050700721980235,-0.0016315996099935635,2024-06-24
2024-06-28,-0.014414641610887013,0.00012070930122831669,0.0019594232402866396,-0.015825921570553597,2024-06-24
2024-07-03,-0.0018131869637891818,0.011717230452699567,0.010186357292736758,-0.014493316473039083,2024-07-01
2024-07-04,0.023319267324693804,0.0027610866540328516,0.008041017958831276,0.018557337670906948,2024-07-01
2024-07-05,-0.019696080613833544,-0.012765085269652587,0.008041017958831276,-0.011424815571653476,2024-07-01
2024-07-09,0.03402297386059239,-4.7369032019517476e-05,0.008041017958831276,0.031618557052291746,2024-07-08
2024-07-10,-0.007067249423105881,-0.0029467484467282645,0.0009115022271029005,-0.005708162426313952,2024-07-08
2024-07-11,0.01757530266134788,0.020432398799984597,0.010685125678181251,-0.002513655534732137,2024-07-08
2024-07-12,-0.022908501505598977,0.025526186394101202,-0.02312660613098494,-0.04096741354422924,2024-07-08
2024-07-16,-0.020277211791801086,-0.0161126823770239,0.005926135538377508,-0.008801431253529845,2024-07-15
2024-07-17,-0.011235958930514212,0.0006445181161751634,0.0006485971936331936,-0.012842470524155988,2024-07-15
2024-07-18,-0.007561560266770684,0.0021960815912063225,-0.02992725446224398,-0.004768059789006169,2024-07-15
2024-07-19,-0.03475237850561497,-0.020499044193069693,-0.0043389761434919905,-0.017680076917645556,2024-07-15
2024-07-23,-0.007590257122522814,-0.009487058469440868,-0.00930322080570356,0.0011640504518045363,2024-07-22
2024-07-24,-0.021175017079142044,-0.009103382410430072,-0.0033349945555940508,-0.013855864274926716,2024-07-22
2024-07-25,-0.039687690652085994,-0.016843724112602487,-0.03709002395578764,-0.01957566386801672,2024-07-22
2024-07-26,0.002022189613785752,-3.522636006181301e-05,-0.01092911152847087,0.0031455404286965098,2024-07-22
2024-07-30,-0.0039840625876319535,-0.013751448765086494,0.010201327585320996,0.004712288061676274,2024-07-29
2024-07-31,0.03636748029098458,0.01989668116600818,-0.013613540149910008,0.021259963078788545,2024-07-29
2024-08-01,-0.003976097096686448,-0.0022879764442151895,0.02970300820228111,-0.008539669224026374,2024-07-29
2024-08-02,-0.03548274462529388,-0.02099033164032349,-0.024502037844722935,-0.014237595281995977,2024-07-29
2024-08-06,0.011428759617440054,-0.0030600390609194505,-0.024085068902085283,0.017544848542534686,2024-08-05
2024-08-07,0.010277554704911651,0.013752232331089687,0.010391966361760652,-0.004149170753405018,2024-08-05
2024-08-08,0.008146683096150742,0.0008274108615307085,-0.012035993103905795,0.008752342252058957,2024-08-05
2024-08-09,0.016097126499003522,0.011676904917077735,0.03033581499365745,-0.0003070596495826951,2024-08-05
2024-08-13,-0.015686592270221844,0.003640596824460829,0.0053770818844451895,-0.020689984062914318,2024-08-12
2024-08-14,0.0,-0.0035407292487832365,0.02437274756454677,-0.002517866539291742,2024-08-12
2024-08-15,-0.009930439247434197,-0.00024654832471959764,0.0012268893866078656,-0.01089681193629405,2024-08-12
2024-08-16,-0.034521364300065915,0.018589187862623646,0.02495722778722609,-0.05572483949262956,2024-08-12
2024-08-20,-0.023061732264485713,-0.0033346182538291913,0.0009420394090486894,-0.021382749446720334,2024-08-19
2024-08-21,-0.01603466730335601,-0.006880435338883828,-0.0024447290548046396,-0.010747567569779397,2024-08-19
2024-08-22,0.03077158584550954,0.014272345755458105,0.005868564765318496,0.016751881454314548,2024-08-19
2024-08-23,-0.02969448457803958,-0.001639594669381239,-0.016406095267033294,-0.02620290610713767,2024-08-19
2024-08-27,0.014736918542153532,0.004257489726315455,0.011681513835858581,0.008039898940159815,2024-08-26
2024-08-28,-0.012618408476358312,-0.010246671750167025,0.0039701178385627145,-0.005701955439061496,2024-08-26
2024-08-29,0.002114245547798266,0.005291689313814629,-0.012081669607930223,-0.0010190431226809972,2024-08-26
2024-08-30,0.012591925330986964,0.011334728547391038,-0.0017150619512644738,0.0024525152954081256,2024-08-26
2024-09-03,0.0010597623531687361,-0.0022906917080121048,0.012812043156722908,-0.0003513375110565046,2024-09-02
2024-09-04,-0.009579512823759462,-0.011060030727188419,0.012812043156722908,-0.003629332434639745,2024-09-02
2024-09-05,-0.004287304995941099,-0.0007471891219505977,-0.002304899175776143,-0.004174738418279074,2024-09-02
2024-09-10,-0.017660610598882354,0.002156711445008952,-0.02725722550777654,-0.015332026312377147,2024-09-09
2024-09-11,0.0022247790557674563,-0.007301644620417491,0.009071524962902089,0.005717655666529065,2024-09-09
2024-09-12,0.009950314125913629,0.007667177689196336,0.021485190250164266,-0.0014373149642016303,2024-09-09
2024-09-13,0.015284053940486153,0.007437257666543573,0.010252669307922346,0.006184311280680062,2024-09-09
2024-09-17,0.004246236048869534,0.013562687245723737,0.004700832017872969,-0.00895997285503175,2024-09-16
2024-09-20,0.0010656244588567176,0.013531965412463265,0.02531467495553663,-0.015959311373886127,2024-09-16
2024-09-24,0.030677269419674857,0.04046180412590061,-0.0024394780361376434,-0.0037772897996699584,2024-09-23
2024-09-25,-0.00707442301623562,0.00674223420283937,0.004146943621870847,-0.014452011474135827,2024-09-23
2024-09-26,0.045597706199568044,0.04074343392752944,0.0018744076909626983,0.010102190545300468,2024-09-23
2024-09-27,0.05651214765903756,0.03490369752957356,0.006241621404402764,0.025104211974676806,2024-09-23
2024-10-03,-0.02554887406196782,-0.014822585393766019,0.0003201577917195664,-0.014110520494348818,2024-09-30
2024-10-04,0.029145953680192793,0.027799074765251675,-0.00011819129974277587,0.00488799463998902,2024-09-30
2024-10-08,-0.11325971599839146,-0.09879295170828861,0.012136209357015204,-0.033537505468183085,2024-10-07
2024-10-09,0.0,-0.013932889427396233,0.016495531182457057,0.007674778684098839,2024-10-07
2024-10-10,0.039815749612349016,0.029352867458538157,0.007708775226381803,0.012793742116506614,2024-10-07
2024-10-15,-0.014545707651220763,-0.037389000387983984,0.0014913928068427396,0.015617221877783156,2024-10-14
2024-10-16,0.0072993929458120554,-0.0015731539144159257,-0.013095987551183796,0.010117858220478265,2024-10-14
2024-10-17,-0.009132643349713199,-0.0102934199915925,0.0010488539763624516,-0.0016321277024088357,2024-10-14
2024-10-18,0.06051680465764386,0.03547107965181873,0.0012137874882203192,0.029570288557831743,2024-10-14
2024-10-22,-0.028121263750942038,0.0009999793973882731,0.006596145102035322,-0.03113538912937089,2024-10-21
2024-10-23,-0.012556328852881826,0.012661675312513054,0.001216888852290765,-0.024356436641076906,2024-10-21
2024-10-24,-0.027449132981418156,-0.013116928016357221,-0.016339899952669157,-0.014335437615003147,2024-10-21
2024-10-25,0.02020281827600945,0.0048944505696102425,0.008331563916248896,0.013595883376437478,2024-10-21
2024-10-28,-0.012809070809622902,0.0004471519365409904,0.005871679674342545,-0.0152240200860644,2024-10-28
2024-10-29,-0.011111270269956286,0.0049288243992311465,2.6690643373683542e-05,-0.016198187095426746,2024-10-28
2024-10-30,-0.022599635061616663,-0.01560334010576625,0.0099096579559248,-0.012294347214708446,2024-10-28
2024-10-31,-0.019231404105622296,-0.0031112410201679097,-0.00806380741913948,-0.016060326344044945,2024-10-28
2024-11-01,0.0,0.009264259976971445,-0.024665247952137648,-0.004121140845536113,2024-10-28
2024-11-04,0.0058081685150246365,0.002974629416341301,0.007466227415983795,0.0009741832213132039,2024-11-04
2024-11-05,0.011516488743219977,0.021141211210547795,-0.0031673775753588984,-0.006583955784796796,2024-11-04
2024-11-06,-0.04688347524614356,-0.022558948152386904,0.012681634814303067,-0.03125639264717109,2024-11-04
2024-11-07,-0.02634404527670009,0.020002680675800022,0.02684918694226468,-0.049086907740262975,2024-11-04
2024-11-08,0.009197801470679057,-0.010803470231886436,0.015885500112084117,0.014359411471892763,2024-11-04
2024-11-11,0.019144321735323988,-0.014640470152079033,9.236337893625546e-05,0.030472285635082363,2024-11-11
2024-11-12,-0.056454286846066015,-0.028807253789350895,-7.586857320163176e-06,-0.033215603945489766,2024-11-11
2024-11-13,0.023996984711697866,-0.0011813182952487011,-0.0015613008261894379,0.02433529169975399,2024-11-11
2024-11-14,-0.03781967645687345,-0.01974827198364615,-0.001349031846075377,-0.021935228063019098,2024-11-11
2024-11-15,-0.01836894762758634,-0.0004873998591055084,-0.006275187098733426,-0.01773399167948757,2024-11-11
2024-11-18,-0.02093746895010451,0.0077055852335998765,-0.02430662324629651,-0.023817089514598627,2024-11-18
2024-11-19,0.005552526116977319,0.004437312439408814,0.007720886435407692,-0.0005567791871355712,2024-11-18
2024-11-20,-0.001107794281473229,0.002100139464801032,0.006690764145716344,-0.005063077899313316,2024-11-18
2024-11-21,0.019758892726982502,-0.005286740838050363,-0.0008729431232961105,0.02341505062510502,2024-11-18
2024-11-22,-0.014231258679839431,-0.019116129298927476,0.003518909250155744,0.00021466864591157195,2024-11-18
2024-11-25,0.004400613252723673,-0.004115612444474337,0.001682119654907055,0.006597162859436472,2024-11-25
2024-11-26,-0.002197885953689749,0.00042855358419302547,0.0014247742684965203,-0.0037678679139302633,2024-11-25
2024-11-27,0.03330916452572552,0.022906313962167246,0.005548231139426818,0.01210155747935391,2024-11-25
2024-11-28,-0.02501493383775122,-0.012120721421254643,-0.00851475856897288,-0.014196889874615568,2024-11-25
2024-11-29,0.003298547308682398,0.0029207344627568688,-0.00851475856897288,0.0014902836403754465,2024-11-25
2024-12-02,0.0,0.0065007678832174065,-0.00851475856897288,-0.004813465002948306,2024-12-02
2024-12-03,0.03981148441675808,0.009977088569820936,0.010861523412980745,0.028466169354580014,2024-12-02
2024-12-04,-0.01487801661964383,-0.00019546690934113542,0.003034062039693808,-0.016224309474356033,2024-12-02
2024-12-05,-0.01727905416701958,-0.009262562505197636,0.01252366510991898,-0.012783946512897297,2024-12-02
2024-12-06,0.008676955777504158,0.015493026229595586,-0.002961729907951849,-0.004720564563655032,2024-12-02
2024-12-09,0.01925188348062079,0.027223183544091256,0.008805931495647457,-0.006187016652522581,2024-12-09
2024-12-10,0.008438871327621555,-0.005048978926398107,-0.008658917613830752,0.013347540970560094,2024-12-09
2024-12-11,-0.018018377005897257,-0.007721446028213563,-0.004106053806832932,-0.011715464588620057,2024-12-09
2024-12-12,0.014862113370125662,0.011935404750367695,0.018331549228316035,0.00047974916719078706,2024-12-09
2024-12-13,-0.03757815792393604,-0.02109707047705811,-0.0067688196390172095,-0.019550682974216575,2024-12-09
2024-12-16,0.006543045804564773,-0.00883910455812753,0.007648624492340161,0.011591891668172793,2024-12-16
2024-12-17,-0.006543045804564773,-0.004811121094054016,0.014451149245108041,-0.006144107859449142,2024-12-16
2024-12-18,0.03017460468428501,0.008293750708533665,-0.004476417767953933,0.02310289190336767,2024-12-16
2024-12-19,-0.006389854133270756,-0.0056562154176393875,-0.03715519205674589,0.004343152809629762,2024-12-16
2024-12-20,0.01168375424245971,-0.001611754127916143,-0.00450244135920741,0.01293191123492718,2024-12-16
2024-12-23,0.0021096531304620747,0.008202870838481147,0.00822069016256144,-0.00725380368397192,2024-12-23
2024-12-24,0.01775501566626181,0.010763013448714887,0.010357931606788995,0.005843889342391977,2024-12-23
2024-12-30,-0.03468557141292905,-0.0024439941007212695,-0.013374763720898741,-0.031084101166512685,2024-12-30
2024-12-31,-0.007874059543958367,0.000924122970898722,-0.01356173413822681,-0.007065030577088741,2024-12-30
2025-01-02,-0.03315219505269784,-0.022006580228953965,-0.008738893603982945,-0.013993824745621782,2024-12-30
2025-01-03,0.004077479181864518,0.00695466163860381,-0.001170587378329202,-0.0024866997164262735,2024-12-30
2025-01-06,0.0030472610823211177,-0.0036493373243651206,0.01771496447870824,0.0018622514221599451,2025-01-06
2025-01-07,-0.01430060693237678,-0.012301350400948152,0.010978503585169719,-0.00696646258738166,2025-01-06
2025-01-08,-0.019740830016360622,-0.008662662458368331,-0.018375997868361083,-0.009986460421144323,2025-01-06
2025-01-09,0.02997638924860091,-0.002022247841594549,0.000522450258637619,0.030631977954945825,2025-01-06
2025-01-10,-0.050114888519279255,-0.009220832024082526,0.000522450258637619,-0.043416564382280705,2025-01-06
2025-01-13,-0.007522902586339253,-0.010024138125530158,0.000522450258637619,-0.0001502560940244181,2025-01-13
2025-01-14,0.001078248815919114,0.018147156185989388,-0.002507198888700657,-0.0146320089136278,2025-01-13
2025-01-15,-0.010834400396599442,0.0034431693776291183,-0.0014522730301340658,-0.014398378890532807,2025-01-13
2025-01-16,0.011911487844140645,0.012204565457663463,0.023134705005125156,-0.003592615488778466,2025-01-13
2025-01-17,-0.006479669086926432,0.003128342656674832,-0.0071784551043769795,-0.008711428917535801,2025-01-13
2025-01-20,0.018250728261463678,0.017299905767016455,0.01679584183446714,-0.0003483678546457973,2025-01-20
2025-01-21,0.0010632379830366467,0.009029767740761585,0.01679584183446714,-0.01059362410471781,2025-01-20
2025-01-22,-0.02801913903893416,-0.01643655494584806,0.01679584183446714,-0.018298707135851612,2025-01-20
2025-01-23,0.005449688867823266,-0.003962027041914951,0.013865963867525366,0.005245006543540719,2025-01-20
2025-01-24,0.028925458988909192,0.018389192462930026,0.002441337234797558,0.01208911761948446,2025-01-20
2025-01-27,0.0021096531304620747,0.006535897107303512,-0.0056117784475091526,-0.003274711137765675,2025-01-27
2025-01-28,-0.022377046553375468,0.0013526917754766998,-0.030339448854489248,-0.01879870115521381,2025-01-27
2025-02-04,0.06682251603497491,0.02793353953938471,-0.00801974102754599,0.04392533482956142,2025-02-03
2025-02-05,0.039147462991837134,-0.009320426864873,0.012341387588834962,0.04372513900957054,2025-02-03
2025-02-06,0.04992134581067598,0.014198284398169392,0.003412919829589356,0.036421792882660224,2025-02-03
2025-02-07,0.06072693638154503,0.011513227052974528,0.005234771711016606,0.049141533155603837,2025-02-03
2025-02-10,-0.003278692406252226,0.018213452729863633,-0.01301975301375613,-0.01708399293121027,2025-02-10
2025-02-11,-0.0016434275091601336,-0.010609060585620611,0.012767499456979081,0.003936500739357915,2025-02-10
2025-02-12,0.051293310903879785,0.02609762399583282,-0.0030687351503058125,0.029013888598731875,2025-02-10
2025-02-13,-0.051293310903879785,-0.0019944361342698613,0.0015234000189714436,-0.050847747076277386,2025-02-10
2025-02-14,0.03713095282970613,0.036280175342621845,0.013942817093349547,0.0031312692767160033,2025-02-10
2025-02-17,0.0,-0.0001812520375850113,0.003621033821731956,-0.0014676965099123937,2025-02-17
2025-02-18,-0.004765657807719315,0.015817659366701875,0.003621033821731956,-0.019663382548705234,2025-02-17
2025-02-19,0.001591130652951911,-0.0014185353953131141,0.003621033821731956,0.001162051709211765,2025-02-17
2025-02-20,-0.06570517726800285,-0.016136110968076878,-0.00023971088772789528,-0.05305978939800923,2025-02-17
2025-02-21,0.1436667027728058,0.03912957781720827,-0.004421435997970846,0.11070009789415988,2025-02-17
2025-02-24,-0.04666013425604154,-0.005822823683153899,-0.02106929316571282,-0.03878731749728443,2025-02-24
2025-02-25,-0.013964506019820355,-0.013265344816833391,-0.01297934061291528,-0.0013529744503156804,2025-02-24
2025-02-26,-0.010997797339861837,0.03220606286526362,-0.011919535319659502,-0.03675416126654141,2025-02-24
2025-02-27,-0.027223509215871022,-0.0029318551009520633,0.00207723407206295,-0.026094335119418034,2025-02-24
2025-02-28,-0.06194438192724361,-0.0333067758621155,-0.027950644594550766,-0.029717221182436346,2025-02-24
2025-03-03,-0.013913272169349344,0.002827102019052674,0.016583338361161992,-0.020323774271349022,2025-03-03
2025-03-04,-0.0017528934108979044,-0.0028075210034081977,-0.02209664420354507,0.003780378799916346,2025-03-03
2025-03-05,0.04628064234447171,0.02804213658679089,-0.003654824998246653,0.02247823702394947,2025-03-03
2025-03-06,0.045834637402276,0.03233962347699304,0.01285554625369656,0.015345564393963163,2025-03-03
2025-03-07,0.009554216242302349,-0.0056957880318471155,-0.02857127303336071,0.018719526652000044,2025-03-03
2025-03-10,-0.01597478637378824,-0.018653565793915305,0.007647356509805192,-0.0026871127815531366,2025-03-10
2025-03-11,0.008019332176222527,-5.674725010429427e-05,-0.039037634549311306,0.014403034490108466,2025-03-10
2025-03-12,-0.07287994762372785,-0.007675034372553569,-0.003039772000629881,-0.06681485804678604,2025-03-10
2025-03-13,-0.017331462384567065,-0.005850058989279816,0.01140903717988273,-0.015493045831260245,2025-03-10
2025-03-14,0.013889117003651474,0.02097514636463238,-0.0192444212883931,-0.0010735317658289462,2025-03-10
2025-03-17,0.008583703736767756,0.00771598127508355,0.024914919825221205,-0.003484542987383139,2025-03-17
2025-03-18,0.013582556976365456,0.024343479580659633,0.005588594876256181,-0.008838983481138974,2025-03-17
2025-03-19,0.006722632844497589,0.0012348721466448609,-0.017050591677646665,0.00792148614000867,2025-03-17
2025-03-20,-0.02201601189813296,-0.02250264963184989,0.012839889943119687,-0.006465703028376332,2025-03-17
2025-03-21,-0.03307521881330944,-0.022135413008379956,-0.0029694155741584183,-0.014884719122478112,2025-03-17
2025-03-24,0.015803626313330543,0.009069862293262787,0.004219298006638894,0.006458653770116889,2025-03-24
2025-03-25,-0.01934973042499477,-0.023760389628574075,0.021416317563947018,-0.004343149960462634,2025-03-24
2025-03-26,0.01934973042499477,0.0059396940920919405,0.005430468669525013,0.01240644177496678,2025-03-24
2025-03-27,-0.0105078928972131,0.004057641157420022,-0.018216532665064733,-0.011461117610091274,2025-03-24
2025-03-28,-0.04501224969745099,-0.006475924150091572,-0.005960953192907681,-0.03940892872936221,2025-03-24
2025-04-01,0.01327038925193147,0.0037671751440537804,-0.026419886439473572,0.014090930627284302,2025-03-31
2025-04-02,0.0037594041657396104,-0.00018576192554142779,0.008417804701279508,0.0014008876886136448,2025-03-31
2025-04-03,-0.0810595379565382,-0.015318468006254804,0.007746447361666853,-0.0705899390391595,2025-03-31
2025-04-08,-0.010610182644795962,0.014985717050928216,-0.06259266901090577,-0.012460581490912883,2025-04-07
2025-04-09,0.0,0.006774138171509847,-0.019559156152073598,-0.0029831428280174903,2025-04-07
2025-04-10,0.06828149824569452,0.02038298065368238,0.11242031511720718,0.029260241853731682,2025-04-07
2025-04-11,0.0,0.011198671298499718,-0.043225667055837746,-0.002283402313512213,2025-04-07
2025-04-15,0.0012084900846867086,0.0022791501692065452,0.018712217081908733,-0.005139082081630502,2025-04-14
2025-04-16,-0.04824688034490521,-0.01925072529996541,0.0019460870388439133,-0.03339463462669859,2025-04-14
2025-04-17,0.023795714835185944,0.0159317037705069,-0.03025482090505527,0.015120160415774938,2025-04-14
2025-04-23,0.04043346461287234,0.023390526050606653,0.025817606260135406,0.01503912147810147,2025-04-21
2025-04-24,-0.00350254390142668,-0.007405698526364191,0.022680727662795164,-0.002460459778488775,2025-04-21
2025-04-25,0.03335568949392842,0.0032344370937078537,0.027356508648567868,0.024594042415169454,2025-04-21
2025-04-29,0.006833798719609874,0.0016438557457210123,0.011290019616545521,0.0024037663443522254,2025-04-28
2025-04-30,0.02022535781985013,0.005044517274310323,0.006321776241035693,0.01386728057727382,2025-04-28
2025-05-07,-0.010858037373831841,0.0012863052996987534,-0.008728223259717893,-0.01125449431413143,2025-05-05
2025-05-08,-0.006571602528227416,0.003696644955628159,0.0047782125325550595,-0.011510352894189153,2025-05-05
2025-05-09,0.020664171968695744,0.004023359916660141,0.011892455444760586,0.014124347900881478,2025-05-05
2025-05-13,-0.019841925741072686,-0.01891238824205388,-0.00010523751342539356,-0.004891116182007821,2025-05-12
2025-05-14,0.005993975433904453,0.02277716262222107,0.016419182492052542,-0.0171326680488937,2025-05-12
2025-05-15,-0.027260579413699748,-0.007962457179889526,0.006554366689599078,-0.022743540163739362,2025-05-12
2025-05-16,0.0,-0.004620243601138441,0.0010375904629515986,0.0027403598577492643,2025-05-12
2025-05-20,0.004008123429986021,0.014836630400502315,0.004308287373127939,-0.010194266288753705,2025-05-19
2025-05-21,0.011928475208958123,0.006158769523164409,-0.0028020092031475485,0.006336657989463039,2025-05-19
2025-05-22,-0.0558805074384523,-0.011967896471343664,-0.013519342739131801,-0.04425738667244574,2025-05-19
2025-05-23,-0.007341225161479947,0.0024158895977421935,0.0014901440370973518,-0.010591635867070482,2025-05-19
2025-05-27,0.004296355445687183,0.004271370807686026,-0.009365726311481026,0.0015130287681731427,2025-05-26
2025-05-28,-0.01838892488615551,-0.00530356688664213,-0.009365726311481026,-0.013134724490975016,2025-05-26
2025-05-29,0.031168549710649973,0.013455634710419773,-0.005030357008656949,0.01986708721495056,2025-05-26
2025-05-30,-0.0443554487302773,-0.012103957515058994,0.0029885281617740844,-0.035696859000529754,2025-05-26
2025-06-03,0.0011189418469226275,0.01519275118677399,-0.0010752379879690466,-0.01237835132085522,2025-06-02
2025-06-04,-0.0033611521725576132,0.006001693097699601,0.007988570608597811,-0.010833575140076773,2025-06-02
2025-06-05,0.021100206098992658,0.010636605244043196,0.002554511306367857,0.010750541925106109,2025-06-02
2025-06-06,0.0032913094876332316,-0.004798030869318737,-0.007751770860249252,0.007820140456853454,2025-06-02
2025-06-10,-0.004338403016149073,-0.0007678484634929816,0.009899099159285996,-0.006484560205601727,2025-06-09
2025-06-11,0.016172998749245604,0.008410151255377585,0.006621130822232146,0.006933864199117472,2025-06-09
2025-06-12,-0.0032138498905918134,-0.013700325839442584,-0.0036006174205418517,0.008013672064103975,2025-06-09
2025-06-13,-0.018408837726477056,-0.005959810959938139,0.0024428879967217654,-0.014806089966366436,2025-06-09
2025-06-17,-0.007596376929618565,-0.00335917404776076,-0.012965408533883505,-0.003303019052830536,2025-06-16
2025-06-18,-0.005461374636921867,-0.011306714291038134,-0.01000956585784607,0.004952148201927971,2025-06-16
2025-06-19,-0.017680134900563083,-0.020148287020656852,3.9537791257870936e-05,-0.001718870872245707,2025-06-16
2025-06-20,0.008879084857377428,0.012518930728591116,3.9537791257870936e-05,-0.002581620366880189,2025-06-16
2025-06-24,0.02181112440831301,0.02038834682823598,3.9537791257870936e-05,0.003744564716233509,2025-06-23
2025-06-25,0.001078248815919114,0.0122340257420408,0.015197525625499253,-0.012970287367127683,2025-06-23
2025-06-26,0.012848146622078449,-0.0061176140046796945,0.0019791794651702332,0.016669842013627072,2025-06-23
2025-06-27,0.003186435011275801,-0.0016971977415423112,0.009437621940785235,0.0019064713557429536,2025-06-23
2025-07-03,0.030257899750599115,-0.006273222889380037,0.007518784730077499,0.03317707294745355,2025-06-30
2025-07-04,-0.007220276392487346,-0.006413513679410343,0.009624226650959855,-0.0045760067619524504,2025-06-30
2025-07-08,0.019740830016360622,0.010835345163627608,0.009624226650959855,0.007905823191015468,2025-07-07
2025-07-09,-0.012422420560734615,-0.010647391197323941,0.0007145746336085779,-0.004562425840276139,2025-07-07
2025-07-10,-0.0031300251568286974,0.005678098341418192,0.007159799844068004,-0.010176244602123264,2025-07-07
2025-07-11,0.020683475285562025,0.004617235891524629,-0.0015859048116819707,0.01615886813453982,2025-07-07
2025-07-15,0.027096624210307674,0.015854874553708598,-0.0021337568402515217,0.013240937777943213,2025-07-14
2025-07-16,-0.009950383548432473,-0.002946957961901475,0.001252205157463493,-0.008654662338752415,2025-07-14
2025-07-17,0.01587325506262882,-0.0007675157385378384,0.0010339207454190813,0.015380189041282886,2025-07-14
2025-07-18,-0.0019703952506704425,0.01324757437413382,0.007361387047533086,-0.015408285658065067,2025-07-14
2025-07-22,-0.011834462335111429,0.005422094969507185,-0.0006752439064019455,-0.017204535230868977,2025-07-21
2025-07-23,0.013793474977514819,0.016106774881162522,-0.004995659473069125,0.00026008446138899716,2025-07-21
2025-07-24,0.01745917734480118,0.005042828561737878,0.004242852288355081,0.011490240427872493,2025-07-21
2025-07-25,0.0038386812299626705,-0.010922728806642468,0.0025374628503005425,0.011589831993399972,2025-07-21
2025-07-29,0.0,-0.001475207281483648,0.0022533230365358037,-0.0001264263141090413,2025-07-28
2025-07-30,-0.007369243803577952,-0.013708699097733756,-0.002002438139770746,0.003567243862856324,2025-07-28
2025-07-31,-0.0019744150718818965,-0.0161604121727148,0.0015513576516372751,0.010357334801155558,2025-07-28
2025-08-01,-0.0019781280152169067,-0.010775809860691155,-0.0053897312577042555,0.007128128848688518,2025-07-28
2025-08-05,0.04968820002080898,0.006812829611245519,-0.01978291800469556,0.04671431024393129,2025-08-04
2025-08-06,-0.009017210616961702,0.00032527800067327917,-0.007288934014818338,-0.00887537851542034,2025-08-04
2025-08-07,0.009914423233277958,0.006841085441099182,0.012746768421848742,0.0008499741173019562,2025-08-04
2025-08-08,-0.010820667891389135,-0.008923108222980147,0.0031796448382568343,-0.004867834392629366,2025-08-04
2025-08-12,0.016172906949121657,0.0025209943051809347,0.009435664289185297,0.011352415094303679,2025-08-11
2025-08-13,0.02638671850996932,0.025463913975531938,0.013032636743218973,0.001636321317133007,2025-08-11
2025-08-14,-0.06176467795924756,-0.0036903656922806505,0.0005171081513335452,-0.05970781830600829,2025-08-11
2025-08-15,-0.0009237353376576607,-0.009815120753406958,-0.002558039553072433,0.006847971347538546,2025-08-11
2025-08-19,-0.01536398504625236,-0.002145109645166343,-0.005063440485187698,-0.013563484097131595,2025-08-18
2025-08-20,0.0018198223467233987,0.0017116749219834304,-0.01658522955258057,0.0025316404321844067,2025-08-18
2025-08-21,-0.0027310213791622573,-0.002440001550912285,-0.0041712894372629705,-0.000849365823473675,2025-08-18
2025-08-22,-0.02212072344324234,0.0092987908290727,-0.004394861492528435,-0.03005131132983578,2025-08-18
2025-08-26,-0.0053860545303869856,-0.011877902027400467,0.015246167205331673,0.000796706565560302,2025-08-25
2025-08-27,-0.006320557158225881,-0.012741402754423703,0.0017958676760727599,0.0030955588577875094,2025-08-25
2025-08-28,0.02416227715802144,-0.008085187793650306,0.0005196650729342167,0.029907822497299192,2025-08-25
2025-08-29,-0.020545665065776486,0.003147144406600688,0.007095478166803559,-0.025455319937127067,2025-08-25
2025-09-02,-0.009995593695430571,-0.004729406236890554,-0.01222579784988298,-0.004689955117969008,2025-09-01
2025-09-03,-0.011943223335637576,-0.006023667016874512,-0.01222579784988298,-0.005551138413526693,2025-09-01
2025-09-04,-0.016775748511221877,-0.01130603147350051,0.006966607954801418,-0.009528883407543445,2025-09-01
2025-09-05,0.03327479688278512,0.01424333501258701,0.009252688419147503,0.018648300421149084,2025-09-01
2025-09-09,0.01303555416404878,0.011798029549385802,0.0008218041242926688,0.0020341038439688833,2025-09-08
2025-09-10,0.045215654409468176,0.010055205452120575,0.002497540564851519,0.035364662054843204,2025-09-08
2025-09-11,0.022728158082817806,-0.004358274467641365,0.0006808122219119639,0.025315151908462404,2025-09-08
2025-09-12,0.02222313030190337,0.01150437965682194,0.0058618406033144055,0.01052820449220303,2025-09-08
2025-09-16,0.011173338990745574,-0.00030446329236610836,0.00414389380490654,0.009711555928617532,2025-09-15
2025-09-17,0.021142476674682165,0.017616506594560377,-0.0007425478031546362,0.005548553836642557,2025-09-15
2025-09-18,-0.0033528685650794365,-0.013602416593794686,-0.002532428704503431,0.0075932460858058725,2025-09-15
2025-09-19,0.00919359512103668,9.417978493075907e-06,0.009514615079245559,0.006466681066801528,2025-09-15
2025-09-23,-0.02742164858183571,-0.007048029059824046,0.006982725710347637,-0.023752100941520426,2025-09-22
2025-09-24,0.014220159824400724,0.013650419747156306,-0.006542712876800749,0.0030372450463147516,2025-09-22
2025-09-25,-0.036367647170379325,-0.0012818329613004664,-0.002815091053589569,-0.035711130810847716,2025-09-22
2025-09-26,-0.008650504750967958,-0.013551279891920842,-0.003721283969380096,0.002474407497488524,2025-09-22
2025-09-30,0.0008662112955160062,0.008701867505369165,0.004357329385435094,-0.008195597037046934,2025-09-29
2025-10-03,-0.0025456314019884907,-0.005372215236326028,0.003888886179250761,0.0002941875437615154,2025-09-29
2025-10-09,0.0700740331530989,-0.0028692872097249023,0.011656899297440404,0.0693640621986772,2025-10-06
2025-10-10,-0.02580791592267584,-0.01743046276166993,-0.0014404403860979187,-0.011852067266405109,2025-10-06
2025-10-14,-0.04075125479131847,-0.0174609389448932,-0.03554473442346051,-0.020409316026695504,2025-10-13
2025-10-15,0.02792506120176874,0.01827634856446636,-0.007629657902741727,0.013061702109927822,2025-10-13
2025-10-16,-0.009511495663935499,-0.0008529044362202143,0.006899718028810398,-0.011026864435950242,2025-10-13
2025-10-17,-0.030880410541410885,-0.025087949707799595,-0.004109017734791109,-0.009998913829500494,2025-10-13
2025-10-21,0.014880020654600479,0.006503490704334425,0.006496571367742732,0.007264632108064451,2025-10-20
2025-10-22,-0.029984630433459447,-0.00948798757917757,-0.00012008928951701137,-0.022942212182256654,2025-10-20
2025-10-23,0.008024989783742775,0.00719662379726671,-0.010026673029736699,0.00290937430590542,2025-10-20
2025-10-24,0.022828023986735335,0.0073730168052410505,0.008920347016101005,0.01403068759802905,2025-10-20
2025-10-27,0.015504148772493842,0.010402406246361906,0.01033591810513279,0.0038998339051887453,2025-10-27
2025-10-28,-0.01290334530728332,-0.0033178832801379343,0.01779873176793423,-0.014382211459193134,2025-10-27
2025-10-31,-0.01398621693970492,-0.014410819195116886,-0.014436523233744225,-0.00014136839746017177,2025-10-27
2025-11-03,0.010507895053827543,0.009669102015344322,0.004528236043212175,0.0006022829314323071,2025-11-03
2025-11-04,-0.012270082105741764,-0.007904703663292878,0.004639936088691954,-0.0074444786337970635,2025-11-03
2025-11-05,-0.016000389886810407,-0.0006548834804611658,-0.020756117893839132,-0.012524124916845012,2025-11-03
2025-11-06,0.009808511499485473,0.021003308210866933,0.007476769139149297,-0.01016132358434477,2025-11-03
2025-11-07,-0.013399151658389563,-0.009257825191623326,-0.019193507393696407,-0.0029927154208903746,2025-11-03
2025-11-10,-0.011759472454351272,0.015399192991230493,-0.002695608193819865,-0.025127858137216418,2025-11-10
2025-11-11,-0.012820676980778156,0.0017752068239555996,0.02190246069113222,-0.019340207752026446,2025-11-10
2025-11-12,0.012820676980778156,0.008441823345485489,-0.003497206564132327,0.005442042499508144,2025-11-10
2025-11-13,-0.011899494595421167,0.005567074783389359,-0.0008440865907033412,-0.01735977901797328,2025-11-10
2025-11-14,-0.03371097525200817,-0.018662627029234713,-0.020878722197222643,-0.015095534389475227,2025-11-10
2025-11-17,-0.039830440284862156,-0.007107024785749871,0.00066576966936438,-0.03493324686125011,2025-11-17
2025-11-18,-0.0425165861611041,-0.017366622209250338,-0.008299301495508615,-0.027335138461429764,2025-11-17
2025-11-19,-0.004145051195155514,-0.0038399429436832833,-0.01173332558905038,0.00032209486851726525,2025-11-17
2025-11-20,0.009302370161358375,0.00019045023316621723,0.006903824841481665,0.006910408206555809,2025-11-17
2025-11-21,-0.004123684850361187,-0.024114131712746456,-0.023795055403503795,0.019611834702177578,2025-11-17
2025-11-24,0.006179167965296273,0.019494704267213336,0.007312201417722264,-0.012493601708128046,2025-11-24
2025-11-25,0.0030754741278937736,0.006899742784463925,0.025677677408687316,-0.008449849908985714,2025-11-24
2025-11-26,-0.008222075273735197,0.0012940022919547545,0.005705517640643976,-0.011316909932722063,2025-11-24
2025-11-27,0.008222075273735197,0.0006881908747793375,0.007890206655609688,0.0052283311189866505,2025-11-24
2025-11-28,-0.009254642093190046,-0.0033602720316192602,0.007890206655609688,-0.008849969333721633,2025-11-24
2025-12-01,0.006179167965296273,0.006720469111010985,0.007890206655609688,-0.0018782748976390023,2025-12-01
2025-12-02,0.021331513705286298,0.00237072883879641,-0.0028439188717985786,0.018927322387131084,2025-12-01
2025-12-03,-0.010101114889647267,-0.012894413567801521,0.008809202936449267,-0.001864555064354921,2025-12-01
2025-12-04,0.006072943902934558,0.006776866862150399,0.001493105077235768,-0.0008387710949913866,2025-12-01
2025-12-05,0.01203615886818854,0.00573538195895118,-0.0011157154504477518,0.006485250933276126,2025-12-01
2025-12-08,-0.008007987881475831,-0.012332576492909197,0.0041117193382884665,0.0006330353470789824,2025-12-08
2025-12-09,-0.01519009449551767,-0.012935006867591525,-0.0022167729920408163,-0.004863096492370749,2025-12-08
2025-12-10,0.0005144704370567688,0.004180439936593672,0.0011309537493886523,-0.004150174016954456,2025-12-08
2025-12-11,-0.027113227419188757,-0.00040216456552855107,0.004435707465857419,-0.028547420454243206,2025-12-08
2025-12-12,0.025053456727960555,0.017329212564904495,-0.0039095155124950765,0.01029134295834603,2025-12-08
2025-12-15,-0.014538123630473354,-0.013483536774625549,-0.018878231164364934,-0.0006432814742852993,2025-12-15
2025-12-16,0.010405910484796,-0.015471701034641683,-0.00486219964647816,0.023355671963851864,2025-12-15
2025-12-17,-0.008316108258404231,0.009205187619675925,0.0023272714467363897,-0.017421811375492507,2025-12-15
2025-12-18,-0.01896784302556176,0.001151789098255307,-0.019769290315798216,-0.017192205202204033,2025-12-15
2025-12-19,-0.012848170845318752,0.007517264290035186,0.014885547272351474,-0.022879113194899534,2025-12-15
2025-12-22,-0.0010781348593966733,0.004320661922671221,0.013203943852859723,-0.008112119064790532,2025-12-22
2025-12-23,0.008593016919383967,-0.0010713881270980607,0.0045614104223137275,0.00769714900359249,2025-12-22
2025-12-24,-0.0032138251951940866,0.0017362437815862108,0.00479890731365451,-0.006510808013740915,2025-12-22
2025-12-30,0.007547291370615827,0.008520924135357433,-0.005316038983190552,0.00044147226758295584,2025-12-29
2025-12-31,-0.005385088825676565,-0.008703947088333663,-0.0021945831964185203,0.001386075828640261,2025-12-29
2026-01-02,0.030837103867051407,0.027246062127156634,-0.007407797274822769,0.008402885967058456,2025-12-29
2026-01-05,0.0,0.0003328998005311945,-0.0011301274847674847,-0.0010131935218788645,2026-01-05
2026-01-06,-0.014768267261807466,0.013691310789756272,0.008382608878278575,-0.028769104613187955,2026-01-05
2026-01-07,-0.011758510471229666,-0.009460399520827778,0.008704387398561053,-0.006385030100192739,2026-01-05
2026-01-08,-0.057538085085489854,-0.011771620989790677,0.0007202067302891635,-0.04873542418684416,2026-01-05
2026-01-09,0.023636493985125906,0.0031491734386523973,-0.005854412500914563,0.021140311950217,2026-01-05
2026-01-12,0.0,0.014257981309990342,0.010879368131288203,-0.014942169522477053,2026-01-12
2026-01-13,-0.004459290127218463,0.008978882687951995,0.0011061074624389988,-0.013147276110822552,2026-01-12
2026-01-14,0.005571093050523501,0.005620986917616477,-0.0014855011228291914,0.0001851778295302673,2026-01-12
2026-01-15,0.0022197972225823648,-0.002825912869250047,-0.010218467073478621,0.005553208465161401,2026-01-12
2026-01-16,-0.015642846582395897,-0.002925807567264016,0.0027858972759418066,-0.014650915852765713,2026-01-12
2026-01-19,0.004494363228629172,-0.010524962877600075,-0.0007358737765361667,0.012522098502672635,2026-01-19
2026-01-20,-0.006749196896608467,-0.002879873600779348,-0.0007358737765361667,-0.005139008555743755,2026-01-19
2026-01-21,-0.023987497529255997,0.003676132153900724,-0.0007358737765361667,-0.0278806425179853,2026-01-19
2026-01-22,-0.0011565915877094213,0.0016875085277714419,0.013796530906985183,-0.0060907360974012115,2026-01-19
2026-01-23,0.022884269028172533,0.004479213691308104,0.0072740522234227,0.01682312571490573,2026-01-19
2026-01-26,-0.013667668322393745,0.0005983278459531505,0.0033620684656554545,-0.015741473128373838,2026-01-26
2026-01-27,0.018182322079165925,0.013413195376509535,0.003939774994908163,0.005243540110925647,2026-01-26
2026-01-28,0.021170610630751874,0.025475873849359232,0.009084240965488988,-0.0028534437281128,2026-01-26
2026-01-29,-0.002207440233660485,0.005060668117398137,0.003574726519813609,-0.008066745714676474,2026-01-26
2026-01-30,-0.01896317039709139,-0.020991769918397907,-0.005119390314744621,-0.0013317096065957983,2026-01-26
2026-02-02,0.017857620289929876,-0.022582525632504513,-0.012427740050069858,0.038187434656824275,2026-02-02
2026-02-03,0.015367993188186269,0.0022085009341274997,0.007800511247326725,0.011114777608093367,2026-02-02
2026-02-04,-0.02202740744661691,0.00046759660494544164,-0.015617680099067499,-0.02045171745279124,2026-02-02
2026-02-05,0.036089394197035496,0.0014114320175409034,-0.017390050407810165,0.037203346771409414,2026-02-02
2026-02-06,-0.006465657958092397,-0.01217303318857077,-0.01401103226631939,0.0054213624296349655,2026-02-02
2026-02-09,-0.0065076297116375414,0.017437879445280302,0.021435558048029435,-0.026087860371857115,2026-02-09
2026-02-10,0.017260514252271264,0.005755018310621196,0.007484856889647062,0.01008910190119416,2026-02-09
2026-02-11,0.008519703133798906,0.0030571625379902656,-0.005298144508694591,0.005997013263383695,2026-02-09
2026-02-12,-0.04667148058506143,-0.008613182099248107,0.0033298110862460817,-0.041006815828150286,2026-02-09
2026-02-13,0.028479462043044634,-0.017366962231276872,-0.020822788958856364,0.04599684633900906,2026-02-09
2026-02-16,-0.0010805691324158317,0.0052116634703391895,0.0018900087585933534,-0.006752422573010539,2026-02-16
2026-02-23,0.016137989646546114,0.02499643371655047,0.008541699789764934,-0.007382421594185503,2026-02-23
2026-02-24,0.016931624555001523,-0.018318731549731737,-0.012398368772316815,0.03367678793142778,2026-02-23
2026-02-25,0.005232818519936622,0.0065747390220369795,0.011486606702909796,-0.0033730281394384522,2026-02-23
2026-02-26,0.003126638034080198,-0.014477196127407055,0.014457392715137019,0.01163844240423638,2026-02-23
2026-02-27,0.01240970092051441,0.009413847869376823,-0.01207518943208008,0.00581492414777075,2026-02-23
2026-03-02,-0.027084981866428492,-0.021662841555604828,-0.002503067921709956,-0.009378149272632506,2026-03-02
2026-03-03,-0.010615800163104261,-0.011259281060963744,0.0012167369365450043,-0.0023358184638507026,2026-03-02
2026-03-04,-0.013971206689112226,-0.020330939667180914,-0.011162021203787731,0.004232491478232313,2026-03-02
2026-03-05,-0.002166782957433888,0.0028419322811359393,0.012908685401923137,-0.007904405215997045,2026-03-02
2026-03-06,0.020397822107617092,0.017070145145453353,-0.001325039664582306,0.0053711692768222685,2026-03-02
2026-03-09,-0.03130314962368308,-0.01363543110922727,-0.014941145517246568,-0.01801507521639872,2026-03-09
2026-03-10,0.03660262491367128,0.021470828463588276,0.012720820545050415,0.015262313211926299,2026-03-09
2026-03-11,0.01988544164879924,-0.002357972733751268,8.486301747900882e-05,0.020904459948840635,2026-03-09
2026-03-12,-0.00937010855131204,-0.007052171747488956,0.0007627224955122358,-0.004537042489064733,2026-03-09
2026-03-13,-0.020074640848546377,-0.009814403843254382,-0.017227984288203047,-0.009567566952678914,2026-03-09
2026-03-16,0.01798036087834909,0.014363703367317626,-0.006006914468153823,0.0060987643741202135,2026-03-16
2026-03-17,-0.005254816678290641,0.0013353124997319554,0.011172272822612683,-0.009403887428043697,2026-03-16
2026-03-18,0.012565536908959896,0.006046227359322032,0.005412930687162643,0.005536091488150959,2026-03-16
2026-03-19,-0.025291081109018343,-0.020372549630058856,-0.013592717224153006,-0.006599125292394887,2026-03-16
2026-03-20,-0.013971206689112226,-0.00879363670386013,-0.0029132943061291883,-0.006990712719825334,2026-03-16
2026-03-23,-0.0419951425258982,-0.036043103053607695,-0.019266662964902537,-0.00909059300555539,2026-03-23
2026-03-24,0.0419951425258982,0.027556560297860244,0.012085074615750813,0.015664829024511377,2026-03-23
2026-03-25,0.016103442660301948,0.010803284314480521,-0.007577126026399483,0.007503429584376107,2026-03-23
2026-03-26,-0.002132235971189722,-0.019107845907413434,0.0057477632728488715,0.011891053025426174,2026-03-23
2026-03-27,0.0031966000493763858,0.0038327454866315946,-0.025347227752552826,0.003762046834728464,2026-03-23
2026-03-31,-0.008705118638346221,0.0015079683720919945,-0.018468359412338486,-0.007471095533662964,2026-03-30
2026-04-01,0.03753793321928889,0.020203033519322844,0.03404862820033472,0.013284180063380675,2026-03-30
2026-04-02,0.019802637271634005,-0.00704220459002336,0.01155119478250377,0.02261526860023658,2026-03-30
2026-04-09,-0.024001108401956905,-0.005445574393011299,0.028356895450190933,-0.02566303358098082,2026-04-06
2026-04-10,0.023012507240707247,0.005465638721057431,0.007280206020970681,0.016122177646708275,2026-04-06
2026-04-14,0.03512564069416779,0.008207214517216954,0.0013645847301582137,0.02703721267616546,2026-04-13
2026-04-15,0.014279188514210617,0.0028946573717778534,0.018375664120343416,0.007477706435581623,2026-04-13
2026-04-16,0.047979667072498344,0.01707821259761566,0.013786300912897786,0.03012795208347955,2026-04-13
2026-04-17,0.017857598904497785,-0.0089024092152723,0.0036277511809412744,0.02370948437929167,2026-04-13
2026-04-21,-0.01891091866298078,0.004783873747175704,0.012807530446963256,-0.026259806808906473,2026-04-20
2026-04-22,0.05569264492132886,-0.012316805129014341,-0.004124592908340219,0.06585651501887643,2026-04-20
2026-04-23,0.0008595330388883049,-0.009525742085417122,0.017345778527076305,0.004676230403216564,2026-04-20
2026-04-24,0.030459191706522226,0.0024230935949738353,-0.005707858882344041,0.028545173197164833,2026-04-20
2026-04-28,-0.024218302920540946,-0.009528956766043706,0.019267547383179817,-0.02075732012149099,2026-04-27
2026-04-29,0.0025327212286656575,0.01668496090169036,-0.010324385877151343,-0.010492201913396709,2026-04-27
2026-04-30,-0.015293367742404751,-0.012924484619681209,0.005993412912959073,-0.006506415750734174,2026-04-27
2026-05-05,0.0008595330388883049,-0.007588205214565491,0.009362962936961594,0.004538604655011661,2026-05-04
2026-05-06,0.042881658998349614,0.012095924698291682,0.01338257882486893,0.02928754009659392,2026-05-04
2026-05-07,0.033188089623342076,0.015613471706837245,0.020435097273690417,0.01532591621732958,2026-05-04
2026-05-08,-0.00159373200859525,-0.008772911875713163,-0.0012706347757607261,0.005063006112633909,2026-05-04
2026-05-12,-0.03490488899843669,-0.0022341007022443904,0.02322088170945058,-0.03830475891335292,2026-05-11
2026-05-13,-0.0007724758839815493,0.0015370538596073402,-0.008767103783952734,-0.00137216837791102,2026-05-11
2026-05-14,0.009230854909141328,2.272216831400442e-05,0.010471970544779552,0.00631422448607049,2026-05-11
2026-05-15,-0.05024605544753413,-0.0162866707628897,0.007629904120706854,-0.0389419788286222,2026-05-11
2026-05-19,0.006314188159618261,0.004766385650491145,-0.015504873638985117,0.004260290405890046,2026-05-18
2026-05-20,0.03782772768255782,-0.005703938101643047,-0.005764585552775259,0.042746394518478614,2026-05-18
2026-05-21,-0.003795103824105972,-0.01036889585555123,0.01631368694447133,0.0009218521694656862,2026-05-18
2026-05-22,0.1804186269498964,0.008609537141490264,0.0023516741479703285,0.17180838187893838,2026-05-18
2026-05-27,0.04356697852552571,-0.010651233897918999,0.004227518104897854,0.050775029158751595,2026-05-25
2026-05-28,0.03516395588738863,-0.012797401698405153,-0.0011972572581893104,0.04518530207557615,2026-05-25
2026-05-29,0.1984509249710933,0.007022764766146494,0.008268173486948527,0.19006923345376156,2026-05-25
2026-06-02,0.051729029328769105,0.024891805521709998,0.0036094606489172065,0.029216317314521945,2026-06-01
2026-06-03,-0.01669235716481543,-0.01568049816949646,0.004784727293634106,-0.005366492161941945,2026-06-01
2026-06-04,-0.044590906047548895,-0.014927997372161883,-0.0030667717363304092,-0.03243239812319891,2026-06-01
2026-06-05,-0.004811567689113172,-0.011608181437972931,-0.0055440004601194914,0.005022181537140754,2026-06-01
2026-06-09,0.0328423802833302,-0.003703973053866605,-0.04886682363078165,0.04412084755080525,2026-06-08
2026-06-10,-0.09846725079493357,-0.006449971327270987,-0.011123662087165087,-0.09192286173927706,2026-06-08
2026-06-11,-0.005231061026415684,-0.006522047072246906,-0.020242924060870138,0.0030745883250711224,2026-06-08
2026-06-12,-0.02388434011648055,0.019148453047492353,0.03238607016275985,-0.04694277286831222,2026-06-08
2026-06-16,0.041706113750222595,-0.014136619681639928,0.0064239453576036,0.05143027796208541,2026-06-15
2026-06-17,-0.02304432538035961,-0.007449473253268835,-0.01927492201434866,-0.014140697060113908,2026-06-15
2026-06-18,-0.04521928995252056,-0.016060624450119576,-0.00966356509288957,-0.030879703593154034,2026-06-15
2026-06-23,-0.04476387579837704,-0.018352795362980956,0.0247138714497801,-0.03491161242011847,2026-06-22
2026-06-24,0.028320481936131348,0.003247185424566368,-0.03336047705399281,0.030871951951835064,2026-06-22
2026-06-25,0.04521022032761435,-0.014423829117934162,-0.004532828992219962,0.05721893444785075,2026-06-22
2026-06-26,-0.0227761537985951,-0.017708076954271235,0.007590048025424068,-0.010271467441542337,2026-06-22
2026-06-30,0.0785957333741556,-0.006345804626693763,-0.011000383990934282,0.08502968980318422,2026-06-29
2026-07-03,-0.03324413277200611,0.012714302401960254,-0.016356982870123105,-0.04181086131605469,2026-06-29
2026-07-07,0.02032004810629484,-0.0050699131280573795,-0.016356982870123105,0.0266819925575624,2026-07-06
2026-07-08,0.06669134463148696,0.029462259038545824,-0.01792026677396663,0.04435736895211416,2026-07-06
2026-07-09,0.07423607966581924,-0.007019830252078307,0.002365684236997012,0.07874304215939561,2026-07-06
2026-07-10,0.018137281225118596,0.006013442232164934,0.015709207488193044,0.009215084060677671,2026-07-06
2026-07-14,-0.0060266102782580155,0.005231654451847589,0.003291560658656323,-0.01197663657848027,2026-07-13
2026-07-15,0.02977677362073683,0.01388665456894067,0.010948273555520416,0.015133457368373165,2026-07-13
2026-07-16,-0.06941208137811516,0.013181997374644538,-0.002734412202251235,-0.08091204093614737,2026-07-13
2026-07-17,-0.03846627571907302,-0.018009436220328467,-0.016008642735844347,-0.021307423241782385,2026-07-13
2026-07-21,0.08154984249763242,-0.00042811123496377945,-0.015033992941752672,0.08376856137401846,2026-07-20
2026-07-22,0.03633695994325725,-0.009580449069963137,0.01916979043887146,0.039859398958783245,2026-07-20
2026-07-23,0.021347273091598673,0.012699905307608006,-0.0055897868662793115,0.01078453005434754,2026-07-20
2026-07-24,-0.011438084362872747,-0.009868931525094382,-0.018759986226960734,-0.0005995171826680395,2026-07-20
2026-07-28,-0.037708699878768126,0.004104279950960077,-0.011539630567874326,-0.03994632808339316,2026-07-27
2026-07-29,-0.018966099327134334,0.01944827641304414,-0.010013591772548125,-0.034368606738485,2026-07-27
2026-07-30,-0.05547036727718657,0.0019726769707215652,-0.02061529507949622,-0.054226029252630335,2026-07-27
2026-07-31,0.09304953818190498,0.0009875220557500342,0.03316586305983016,0.08509057347817292,2026-07-27
2026-08-04,0.016834101827142955,-0.006034475228197778,0.005954184865228029,0.019844662617303385,2026-08-03
2026-08-05,0.05703757885043004,0.0024300541714286084,0.03275584012204291,0.0479441737773818,2026-08-03
2026-08-06,-0.013022020267986267,-0.014988433963926795,-0.008146413988614043,0.00013458187875033112,2026-08-03
2026-08-07,0.07998339043864844,0.0053810501233613195,-0.003761645134405356,0.0752233909221322,2026-08-03
2026-08-11,-0.015989185859040855,-0.011035902208805126,0.011810509659689217,-0.009872472108365195,2026-08-10
2026-08-12,0.01736757735558525,-0.008324101507415804,-0.003092567783019362,0.023987362375034845,2026-08-10
2026-08-13,0.18381265144682057,-0.0017176639880052136,0.0073127356698705626,0.182946162663549,2026-08-10
2026-08-14,-0.037960851373744386,-0.011072833685076944,0.01154441115847149,-0.0317635082792012,2026-08-10
2026-08-18,-0.052218210558541145,0.0007037855860900777,-0.0012758680035638292,-0.0535155573250615,2026-08-17
2026-08-19,-0.03970581100197812,0.0009386579307335552,-0.017002934928145308,-0.038267193521498655,2026-08-17
2026-08-20,-0.013369234048948186,0.007947132034392013,-0.002673750725083579,-0.020486183763835875,2026-08-17
2026-08-21,0.0020168535673938948,0.0120281096125332,-0.006821337736974797,-0.007752275126106734,2026-08-17
2026-08-25,0.038389885373039334,-0.0002441959832637508,0.003270540040137604,0.03704039381472431,2026-08-24
2026-08-26,-0.007822718386155003,0.005545745539421887,0.006648974547850628,-0.01466256664124608,2026-08-24
2026-08-27,0.005221939105117368,-0.0034061986915343567,0.0006202639470753724,0.007021020624255748,2026-08-24
2026-08-28,-0.02505075783703381,0.000744814541215888,0.014134951595833556,-0.029256689097999604,2026-08-24
2026-09-01,0.017816340633143746,-0.009323252302166907,-0.007046356493999539,0.026012234826357873,2026-08-31
2026-09-02,0.0006538234186463932,-0.0007314055213551995,-0.012747176113075298,0.002700642664717765,2026-08-31
2026-09-03,-0.0019626916562054397,-0.0038753662686890067,0.002387028548776371,-9.927950544629774e-05,2026-08-31
2026-09-04,0.05912114012485015,0.017205404292090165,0.01136066556156301,0.04161504113223866,2026-08-31
2026-09-08,-0.06379713842035217,-0.0037823379604571272,0.002094995685931522,-0.06195735277008038,2026-09-07
2026-09-09,0.06564948719712316,-0.001668984916570082,0.002094995685931522,0.06571525270787326,2026-09-07
2026-09-10,-0.0049474391606461054,-0.012761226762293632,-0.0028218206565409076,0.005346524327259421,2026-09-07
2026-09-11,-0.030209947496667944,-0.005982314463482297,-0.010997439356520644,-0.024081666203866873,2026-09-07
2026-09-15,-0.02968322205033891,-0.010098308407803458,0.009061832347612153,-0.023840923424490547,2026-09-14
2026-09-16,0.08004266064817545,0.0018848973439826722,-0.006342517613667553,0.07869878720985536,2026-09-14
2026-09-17,0.015267485810893877,-0.0044401744797379905,0.00019593942660733887,0.018013658861263014,2026-09-14
2026-09-18,0.09074377698180491,0.00593619538653023,0.017423811091804353,0.0815666470223735,2026-09-14
2026-09-22,0.027595568777438295,0.0017968745459775448,0.00667410208744279,0.023897963507711124,2026-09-21
2026-09-23,0.004887234567476639,-0.010161199731467008,0.007884068754329121,0.011001981163345175,2026-09-21
2026-09-24,-0.024679007583045198,-0.002943359855779093,-0.008580666780606094,-0.021552459830563257,2026-09-21
2026-09-25,0.031158557382990004,-0.010190256478653126,0.00030925754674093753,0.038710410042688215,2026-09-21
2026-09-29,-0.0005635519420112978,-0.004838282204186584,0.004232379983017509,0.0017640033646426265,2026-09-28
2026-09-30,-0.026851045314534083,0.003651000702310725,0.0022450793591541895,-0.03127904681231519,2026-09-28
2026-10-05,0.04556592673039406,0.0028347053002111267,0.009994266453658085,0.040377915009109824,2026-10-05
