date,lenovo_log_return,hsi_log_return,ndx_hkd_lagged_log_return,predicted_lenovo_log_return,abnormal_return,factor_alpha,factor_beta_hsi,factor_beta_ndx_hkd_lagged,factor_training_start,factor_training_end,factor_training_observations,week
2022-08-04,0.01009367766272673,0.020378157182314283,0.026854027907933897,0.012900555050473762,-0.0028068773877470317,-0.001196527764441824,0.44516558650754434,0.18713872414733657,2022-01-05,2022-08-03,120,2022-08-08
2022-08-05,0.025497215341385937,0.0013820294190516336,0.004362983853862801,8.678009142374873e-05,0.02541043524996219,-0.0013557051423971525,0.44899094272765183,0.18839550399798638,2022-01-06,2022-08-04,120,2022-08-08
2022-08-09,-0.009880132605473602,-0.002113904117532428,-0.00779450077673971,-0.0035080851846404876,-0.006372047420833114,-0.0011013353109448267,0.45200882041634893,0.18618852042293255,2022-01-07,2022-08-05,120,2022-08-15
2022-08-10,-0.021506063752605886,-0.019821764813203302,-0.0115494199603976,-0.012270581579382192,-0.009235482173223694,-0.0011522168630887515,0.4518176255093088,0.1872424773194853,2022-01-10,2022-08-09,120,2022-08-15
2022-08-11,0.032789830575434165,0.023762821265643552,0.027662906892537364,0.01480613608377034,0.017983694491663822,-0.0012094980416412055,0.4559770144450835,0.1872664304599442,2022-01-11,2022-08-10,120,2022-08-15
2022-08-12,-0.0028090081658143085,0.00462961431486697,-0.006958286535308389,-9.460123345338871e-05,-0.0027144069323609197,-0.0008873774542051906,0.46266607590575726,0.1938967676048748,2022-01-12,2022-08-11,120,2022-08-15
2022-08-16,-0.011494451543306194,-0.010551016836560123,0.020395472543263793,-0.0018366210462776407,-0.009657830497028553,-0.0009723853278601123,0.4578271619980957,0.19446994266229484,2022-01-13,2022-08-12,120,2022-08-22
2022-08-17,-0.004344752192294576,0.004625055902188535,-0.0019592459734489864,0.000679040423239104,-0.0050237926155336805,-0.001088414906791302,0.4621277835386175,0.1888029924792973,2022-01-14,2022-08-16,120,2022-08-22
2022-08-18,0.014409562463014725,-0.007989642201978953,-0.011922483542889495,-0.007175733027210212,0.021585295490224934,-0.0011954924717220547,0.4592413114548895,0.19384105537091048,2022-01-17,2022-08-17,120,2022-08-22
2022-08-19,0.028210559726300044,0.0004612972532953563,0.0027319410164885483,-0.0002739311456241341,0.02848449087192418,-0.0010028185249100871,0.45796442914526236,0.1894732144252491,2022-01-18,2022-08-18,120,2022-08-22
2022-08-23,-0.014368152844994597,-0.007851397023358686,-0.019671718839967767,-0.007950386628234966,-0.006417766216759631,-0.0005330366888150915,0.45407613500514915,0.19582518213078232,2022-01-19,2022-08-19,120,2022-08-29
2022-08-24,-0.04136484866337864,-0.012097012508373695,-0.0006535592712104688,-0.0062649408416273495,-0.03509990782175129,-0.0006444093119776777,0.45395623391374035,0.19740717548384706,2022-01-20,2022-08-23,120,2022-08-29
2022-08-25,0.022372396250268878,0.03566595965079955,0.0027197345509293314,0.018538086740709177,0.003834309509559701,-0.0004028461648691419,0.5187890720189274,0.16097997340435513,2022-01-21,2022-08-24,120,2022-08-29
2022-08-26,0.01464147936830651,0.01004822313615783,0.017386307351133112,0.007582040000586902,0.007059439367719607,-0.000509115835850951,0.519061086335503,0.16538958857499028,2022-01-24,2022-08-25,120,2022-08-29
2022-08-30,-0.013814455373375667,-0.003712149876315962,-0.041826391362542736,-0.008949604549712002,-0.0048648508236636655,-0.00033533190098565166,0.5202754230228415,0.15977788386226205,2022-01-25,2022-08-26,120,2022-09-05
2022-08-31,0.004626140283645164,0.00026871522129034986,-0.011192066206897167,-0.0020907525110776585,0.006716892794722823,-0.000397959790725669,0.5194469490506178,0.1637209777302347,2022-01-26,2022-08-30,120,2022-09-05
2022-09-01,-0.009273695414251826,-0.01805686074995272,-0.005849089697344212,-0.010765875280433056,0.0014921798661812306,-0.00045893831744038115,0.515695927468593,0.17012688518461144,2022-01-27,2022-08-31,120,2022-09-05
2022-09-02,-0.03154829556273886,-0.007437828553307213,0.0002033584127207888,-0.004380316191245046,-0.027167979371493813,-0.0005368074812515816,0.5213272405943854,0.16735932023153202,2022-01-28,2022-09-01,120,2022-09-05
2022-09-06,-0.003225740514534392,-0.0011954041797679338,-0.014457171331214269,-0.0038054742154188612,0.0005797337008844692,-0.0007758461748940111,0.5261989199115239,0.16604960937898863,2022-01-31,2022-09-02,120,2022-09-12
2022-09-07,-0.017930277334577527,-0.008284595612607859,-0.014457171331214269,-0.007534446367755031,-0.010395830966822495,-0.0006783112299502503,0.5258328124561993,0.17291231247758468,2022-02-07,2022-09-06,120,2022-09-12
2022-09-08,-0.01324521705266668,-0.010009954101178664,0.020415409433251597,-0.0018695844773775178,-0.011375632575289162,-0.00045369686436937573,0.5220692662933204,0.18662382415992482,2022-02-08,2022-09-07,120,2022-09-12
2022-09-09,0.016529131293663513,0.02656736298093243,0.004992773539630235,0.014339140660127625,0.002189990633535888,-0.0006018521387966837,0.5283612877757115,0.18102697315228583,2022-02-09,2022-09-08,120,2022-09-12
2022-09-14,-0.030426745746000794,-0.025136770707776535,-0.0569131988327225,-0.024067510259265824,-0.00635923548673497,-0.0007716333716333474,0.5204101909938116,0.17947410182746576,2022-02-10,2022-09-09,120,2022-09-19
2022-09-15,-0.0016273949913923058,0.004409049194400438,0.008245733055339599,0.002866986920047698,-0.004494381911440004,-0.0009233291699947742,0.521668482694855,0.18073033369757163,2022-02-11,2022-09-14,120,2022-09-19
2022-09-16,-0.011466074204104393,-0.008951088713045507,-0.017168028346898012,-0.008490373139448691,-0.0029757010646557017,-0.0008327157697140173,0.5256049675454437,0.17200115339695057,2022-02-14,2022-09-15,120,2022-09-19
2022-09-20,0.006514811807074361,0.011537706124318703,-0.005558105234065636,0.003963827097731582,0.002550984709342779,-0.001064122211822188,0.525763020313461,0.18678126198372877,2022-02-15,2022-09-16,120,2022-09-26
2022-09-21,-0.01142872160868369,-0.018095396660379848,-0.008498603405232785,-0.01193503561282527,0.0005063140041415802,-0.0008769900964186866,0.5225667846448219,0.18850065008714914,2022-02-16,2022-09-20,120,2022-09-26
2022-09-22,-0.03169588418493241,-0.01621511883068827,-0.01814928790229864,-0.012762219905738103,-0.01893366427919431,-0.0008943273036395396,0.5220073619051936,0.18752698269118845,2022-02-17,2022-09-21,120,2022-09-26
2022-09-23,-0.005097796713023683,-0.01189994286813878,-0.011866413288927902,-0.009602512772881449,0.004504716059857765,-0.00106951047944393,0.5252784369022622,0.1923259243435259,2022-02-18,2022-09-22,120,2022-09-26
2022-09-27,0.0,0.00028950617962131275,-0.016693594972805315,-0.00405254546618624,0.00405254546618624,-0.0010195982143653322,0.5243772722357167,0.19077722430514468,2022-02-21,2022-09-23,120,2022-10-03
2022-09-28,-0.017212046673559467,-0.034717756654906395,0.0016069308512864922,-0.01940877628126505,0.0021967296077055817,-0.0014711872871383581,0.5259767674928594,0.2010941700235434,2022-02-22,2022-09-27,120,2022-10-03
2022-09-29,-0.07384103021157329,-0.0049401463905134335,0.019408903569917868,-0.0003265624979821094,-0.07351446771359119,-0.0015997195346931434,0.5346294444454925,0.20167572798998662,2022-02-23,2022-09-28,120,2022-10-03
2022-09-30,0.020352205006370028,0.003312773724337248,-0.028944293914527464,-0.004635761775698037,0.024987966782068063,-0.0019490628858212981,0.5644289892692911,0.1574239270868966,2022-02-24,2022-09-29,120,2022-10-03
2022-10-06,-0.007017519577735332,-0.004200563415775349,-0.0008326473546773627,-0.00435652764660361,-0.0026609919311317218,-0.0018013023160992404,0.5800198934114937,0.14269544621825067,2022-02-25,2022-09-30,120,2022-10-10
2022-10-07,-0.030386751566905845,-0.015221712467358373,-0.007546395666969019,-0.011848293518833913,-0.018538458048071933,-0.0019275346788136098,0.5864977852924365,0.1316202109443976,2022-02-28,2022-10-06,120,2022-10-10
2022-10-11,-0.0036764980768881905,-0.02257434172286743,-0.039608362558041676,-0.020674118336780737,0.016997620259892546,-0.0020277752957582797,0.590767453271893,0.13406655385799354,2022-03-01,2022-10-07,120,2022-10-17
2022-10-12,0.014625481274869623,-0.007832834961629231,-0.012475136749824145,-0.00803649853625516,0.022661979811124784,-0.0018935049692377724,0.5884613293695427,0.12293837923551726,2022-03-02,2022-10-11,120,2022-10-17
2022-10-13,-0.0238763515461744,-0.018853300323803168,-0.000571835604489479,-0.012849169591184557,-0.011027181954989845,-0.0017074604402281812,0.587376346855722,0.11843697743782995,2022-03-03,2022-10-12,120,2022-10-17
2022-10-14,0.027499666908802123,0.012043769289448392,0.02274227690623931,0.008141552316632671,0.01935811459216945,-0.001710933665069936,0.5923477941604365,0.11953006380706144,2022-03-04,2022-10-13,120,2022-10-17
2022-10-18,0.010638367968555773,0.017996450993514657,-0.031441987295457,0.00521971014597312,0.005418657822582653,-0.0011640948915940922,0.5705999685709593,0.12355991678307157,2022-03-07,2022-10-14,120,2022-10-24
2022-10-19,0.0,-0.024132235397928525,0.007710056822448408,-0.013919622878844521,0.013919622878844521,-0.0010789647373758214,0.5702497409721238,0.11942101912887951,2022-03-08,2022-10-18,120,2022-10-24
2022-10-20,0.007030047463153721,-0.01409288391184127,-0.0040242478181848895,-0.00945046763964288,0.0164805151027966,-0.0010265051855802168,0.5605767844620839,0.13016566837613744,2022-03-09,2022-10-19,120,2022-10-24
2022-10-21,0.010453025982273267,-0.004253423458939309,-0.005197167057467311,-0.003891582121488513,0.01434460810376178,-0.0008508197801249659,0.5549633201555821,0.13089214355454198,2022-03-10,2022-10-20,120,2022-10-24
2022-10-25,0.05066574691245118,-0.0009952183297468054,0.02358383179015,0.0015894136983005454,0.049076333214150634,-0.0008003428767569518,0.5543460201389592,0.12472323927236052,2022-03-11,2022-10-21,120,2022-10-31
2022-10-26,0.013536765343442836,0.009978023417573922,0.020714367856028204,0.008081667933123994,0.005455097410318842,-0.0006000335601923253,0.551069297808109,0.15366721095254918,2022-03-14,2022-10-25,120,2022-10-31
2022-10-27,0.03468563716319695,0.007173120284136303,-0.022889809855540122,-0.00018022000584477695,0.034865857169041725,-0.00042831628824527865,0.532208477227505,0.15594271702197937,2022-03-15,2022-10-26,120,2022-10-31
2022-10-28,-0.01636717084707251,-0.03730126803781708,-0.018964632610469323,-0.0246366539108077,0.008269483063735192,-0.00034010833993550476,0.5839825996363583,0.13252321539979334,2022-03-16,2022-10-27,120,2022-10-31
2022-10-31,0.035660316056061125,-0.01191483251558445,0.031191074189669266,-0.003888230405694911,0.03954854646175604,8.899321262506891e-05,0.6648186914274414,0.12644578122847344,2022-03-17,2022-10-28,120,2022-10-31
2022-11-01,0.004765681984652215,0.050985936573082924,-0.01232670311616424,0.029751003916743728,-0.024985321932091513,0.0002754986899070025,0.6157495567261397,0.15568336474248815,2022-03-18,2022-10-31,120,2022-11-07
2022-11-02,-0.05037611636818551,0.023778063319459974,-0.010183186750394313,0.011780059366954329,-0.06215617573513984,-1.5770039910767853e-05,0.5691653759991715,0.17065590423549454,2022-03-21,2022-11-01,120,2022-11-07
2022-11-03,-0.006689215062396947,-0.03129751424486393,-0.03446105672183819,-0.02334756845156198,0.016658353389165034,-0.000661651084151474,0.517599553685818,0.18822225955372318,2022-03-22,2022-11-02,120,2022-11-07
2022-11-04,0.014987840479613324,0.052179009154659894,-0.01997561602754594,0.022025115486338825,-0.007037275006725501,-0.0005740551906201754,0.5025608131264363,0.18141891528858406,2022-03-23,2022-11-03,120,2022-11-07
2022-11-07,0.046820568891947856,0.02654671547171006,0.015460764105531766,0.015370306309578034,0.031450262582369826,-0.0005892541978839659,0.4914626481925294,0.18840216441046298,2022-03-24,2022-11-04,120,2022-11-07
2022-11-08,0.007855505807179197,-0.002328559699332544,0.010957521960586192,0.0004515751630329351,0.007403930644146262,-0.000520542282790735,0.5191760045800835,0.1990458951206758,2022-03-25,2022-11-07,120,2022-11-14
2022-11-09,-0.0031349920434893264,-0.012078895298095915,0.007549998021080029,-0.005099784799618898,0.001964792756129571,-0.0004224825615843454,0.514508341671806,0.20362788794429756,2022-03-29,2022-11-08,120,2022-11-14
2022-11-10,0.0031349920434893264,-0.017107893174570066,-0.024085178380580885,-0.014109746608932376,0.017244738652421703,-0.00040242370567693047,0.5138481792803068,0.20412815992031913,2022-03-30,2022-11-09,120,2022-11-14
2022-11-11,0.03837772310790277,0.07454770790147691,0.07223390166943133,0.052579466203579936,-0.014201743095677163,-0.0001621878070574951,0.5121857642858467,0.20155881001680426,2022-03-31,2022-11-10,120,2022-11-14
2022-11-14,0.0015048590079032031,0.01682956640336819,0.017515323504314395,0.01125091829489442,-0.009746059286991217,-0.00040586980753902165,0.4933870790034064,0.19144936106693988,2022-04-01,2022-11-11,120,2022-11-14
2022-11-15,0.017884343492586163,0.040236310455707525,-0.011115585075222256,0.016864413025025754,0.0010199304675604093,-0.0006033922984174257,0.4875823344586945,0.19348588886694018,2022-04-07,2022-11-14,120,2022-11-21
2022-11-16,-0.010393748680618042,-0.00473441429038246,0.014487846953921135,-9.305513204944937e-05,-0.010300693548568593,-0.0005569414391521981,0.4879732345387736,0.19148143756974503,2022-04-08,2022-11-15,120,2022-11-21
2022-11-17,-0.007490594811968121,-0.011614889862483935,-0.016656796450625677,-0.009644915208960814,0.0021543203969926934,-0.0008438442973990199,0.4892968968236501,0.18718733546046387,2022-04-12,2022-11-16,120,2022-11-21
2022-11-18,-0.018209942056245376,-0.002948045872125604,-0.0013521688564761547,-0.0021939736418906046,-0.01601596841435477,-0.00048628275010308044,0.49953563848317717,0.1738221625589632,2022-04-13,2022-11-17,120,2022-11-21
2022-11-21,-0.01854761794883908,-0.018886595067094447,0.00030368279548831367,-0.009972062596883833,-0.008575555351955247,-0.0005540600800365783,0.501442738111071,0.17302075709341141,2022-04-14,2022-11-18,120,2022-11-21
2022-11-22,0.003115114834579158,-0.013198474730629073,-0.011575653711807021,-0.00927632957204289,0.012391444406622048,-0.0006048224690678735,0.5058372600439607,0.17236407188295977,2022-04-20,2022-11-21,120,2022-11-28
2022-11-23,-0.00467636198650534,0.005688453183726239,0.012825817889662972,0.0041696769068948585,-0.008846038893400198,-0.0007541771437619708,0.5106530271634047,0.15741906129331248,2022-04-21,2022-11-22,120,2022-11-28
2022-11-24,0.01857633046756857,0.0077926197957793875,0.011343011029527617,0.004934748494056405,0.013641581973512163,-0.0007829586420972942,0.5089772982140078,0.15440702313782836,2022-04-22,2022-11-23,120,2022-11-28
2022-11-25,-0.023567481264674672,-0.004956536330695371,0.011343011029527617,-0.0014229319947388827,-0.02214454926993579,-0.000676086382979749,0.5104311760597079,0.15720032820726548,2022-04-26,2022-11-24,120,2022-11-28
2022-11-28,-0.014411856500599063,-0.015809254637863646,0.011343011029527617,-0.007425088373810008,-0.006986768126789055,-0.0005387145241279251,0.52793301699092,0.12870071657893473,2022-04-27,2022-11-25,120,2022-11-28
2022-11-29,0.037979337765273735,0.05109129906423959,-0.014457512538722739,0.02419680048238578,0.013782537282887954,-0.0007122883701261092,0.5264829031566789,0.1376174912209935,2022-04-28,2022-11-28,120,2022-12-05
2022-11-30,0.021506143892565,0.021333983384531408,-0.006619155900855489,0.009939444031219638,0.011566699861345361,-0.0007137913891162894,0.5397181217120777,0.13009242167702129,2022-04-29,2022-11-29,120,2022-12-05
2022-12-01,-0.03086652286969338,0.007457591490423354,0.044419720429759835,0.008506117932733431,-0.03937264080242681,-0.000769982947813626,0.5333398066214246,0.11928644363175998,2022-05-04,2022-11-30,120,2022-12-05
2022-12-02,-0.014207102287546292,-0.0032658100335254403,0.00021185465591067043,-0.00293463286378614,-0.011272469423760152,-0.0011857280834337226,0.5410799162569138,0.08571649756979535,2022-05-05,2022-12-01,120,2022-12-05
2022-12-05,0.007917644342947172,0.044147475096888655,-0.0072010751611948365,0.022142218655300104,-0.014224574312352932,-0.0013600596063081441,0.5451807104065303,0.07860959116474286,2022-05-06,2022-12-02,120,2022-12-05
2022-12-06,-0.004743059961250795,-0.003958445952239487,-0.016723214298613343,-0.006166480782829716,0.001423420821578921,-0.0018829920956181189,0.559429759273488,0.12372120479402733,2022-05-11,2022-12-05,120,2022-12-12
2022-12-07,-0.03220886116965005,-0.03274860693058379,-0.02240983033708943,-0.022937177951525424,-0.009271683218124625,-0.001991690497342903,0.5573474072090916,0.12017655873345358,2022-05-12,2022-12-06,120,2022-12-12
2022-12-08,-0.0016380803741162797,0.03321404551339846,-0.0037202907122910744,0.016165862637566177,-0.017803943011682456,-0.0019659364246535594,0.5589340626171142,0.11629799012866739,2022-05-13,2022-12-07,120,2022-12-12
2022-12-09,0.017872181696241718,0.02290448689768354,0.014199133375274897,0.0123110116569649,0.005561170039276819,-0.0020164777455194123,0.5517638064919225,0.11899476407597057,2022-05-17,2022-12-08,120,2022-12-12
2022-12-12,0.0,-0.02221576618494403,-0.007377346713601796,-0.015021057846861686,0.015021057846861686,-0.0021229293227358684,0.5443105942088703,0.10923325993447419,2022-05-18,2022-12-09,120,2022-12-12
2022-12-13,0.0,0.0067879900212926,0.012686861286343998,0.0030041271623676494,-0.0030041271623676494,-0.002012693572426636,0.5371671125294589,0.10802795933876798,2022-05-19,2022-12-12,120,2022-12-19
2022-12-14,0.022293853686375042,0.003934341290030119,0.009306633039368961,0.0010004456816821166,0.021293408004692926,-0.0017684318040176136,0.5264671297337261,0.07495472491434856,2022-05-20,2022-12-13,120,2022-12-19
2022-12-15,0.0015736397467047691,-0.015617297588025991,-0.007914317034252605,-0.010441058518975147,0.012014698265679916,-0.001658422603469727,0.5212586773165784,0.08111679488364462,2022-05-24,2022-12-14,120,2022-12-19
2022-12-16,0.012500163297423095,0.004228839032011322,-0.034180775177130585,-0.0019008883574486955,0.01440105165487179,-0.0012491387631552815,0.5020076001051561,0.08117600942651755,2022-05-25,2022-12-15,120,2022-12-19
2022-12-19,-0.02197884266467387,-0.005043855926507135,-0.00896615457723371,-0.004039598004885503,-0.017939244659788366,-0.0009399720296510816,0.510697055122878,0.05841340371634994,2022-05-26,2022-12-16,120,2022-12-19
2022-12-20,-0.01761460144188609,-0.013421569238005304,-0.013895145184786628,-0.008886075828909932,-0.008728525612976159,-0.001195124197533729,0.5140839187878004,0.0569363407650348,2022-05-27,2022-12-19,120,2022-12-26
2022-12-21,0.009646224498551348,0.003434270969792763,-0.0008735653684190936,0.000291441270253092,0.009354783228298255,-0.0014065701797657732,0.5075037946551918,0.05139180266082806,2022-05-31,2022-12-20,120,2022-12-26
2022-12-22,0.031498799784390075,0.026712933860983057,0.015631221708366283,0.012757157193468718,0.018741642590921356,-0.0014394921376218138,0.506397933388552,0.04281653997559408,2022-06-01,2022-12-21,120,2022-12-26
2022-12-23,-0.015625383220509326,-0.0043878426078389765,-0.02415983805586741,-0.004787454643119521,-0.010837928577389805,-0.0011745977932708627,0.5128703522948728,0.05639369198590073,2022-06-02,2022-12-22,120,2022-12-26
2022-12-29,-0.03233533132026101,-0.007960149455669807,-0.013919558767227613,-0.0060391781234748025,-0.026296153196786205,-0.0011391958698658776,0.5095458539878186,0.06062843768697054,2022-06-07,2022-12-23,120,2023-01-02
2022-12-30,0.003124981482831135,0.0020378009207071557,0.024279133614292903,0.0014162095225652546,0.0017087719602658805,-0.001465182605487611,0.5124900401088773,0.07566330338016262,2022-06-08,2022-12-29,120,2023-01-02
2023-01-04,0.013772205543979066,0.03165118413940604,-0.0009557468979579653,0.014945195498308883,-0.0011729899543298176,-0.0013606213483921183,0.5175165129824884,0.07762892147447936,2022-06-09,2022-12-30,120,2023-01-09
2023-01-05,-0.023060220120894703,0.012381987216327772,0.00577629534381785,0.005490944736151091,-0.028551164857045792,-0.0013503094063330302,0.5163243317676239,0.07758136320678996,2022-06-10,2023-01-04,120,2023-01-09
2023-01-06,-0.007806302748798677,-0.0028793459920262165,-0.015709788633390787,-0.004389469767848103,-0.003416832980950574,-0.0016573066287799067,0.5084600915961353,0.0807223217204972,2022-06-14,2023-01-05,120,2023-01-09
2023-01-09,0.010911959153509843,0.018721613421151417,0.02692925345545305,0.010195279420786647,0.0007166797327231959,-0.0017947484251061548,0.5055922240152149,0.09374658986799932,2022-06-15,2023-01-06,120,2023-01-09
2023-01-10,-0.0015515801763814618,-0.0026628841343008247,0.005678149033508717,-0.002287412069657543,0.0007358318932760813,-0.0014445434357673466,0.5161797739448749,0.09363232515685979,2022-06-16,2023-01-09,120,2023-01-16
2023-01-11,-0.010929081711639421,0.004891098315232156,0.008336801307349262,0.0020050858567449417,-0.012934167568384364,-0.0013327659136549118,0.5077393612266019,0.10249118392375925,2022-06-17,2023-01-10,120,2023-01-16
2023-01-12,0.012480661888020883,0.0036343953781887706,0.01787852814928037,0.0022753488983633776,0.010205312989657506,-0.0015076745332508218,0.5025045743493071,0.10944542597367685,2022-06-21,2023-01-11,120,2023-01-16
2023-01-13,-0.020360869745133625,0.0103837334681387,0.0053273072560831025,0.004357231143387987,-0.02471810088852161,-0.001447596702719515,0.5009428795531993,0.11322239793404609,2022-06-22,2023-01-12,120,2023-01-16
2023-01-16,-0.04036077173451402,0.0003707244507467067,0.00675389396953463,-0.0005571347577478829,-0.03980363697676614,-0.0015359697199794943,0.48594590355105444,0.11825517807174976,2022-06-23,2023-01-13,120,2023-01-16
2023-01-17,-0.0016488841003661214,-0.007805351601435362,0.00675389396953463,-0.004957202709259337,0.0033083186088932156,-0.001922362350676895,0.4860400385887855,0.11236081561264565,2022-06-24,2023-01-16,120,2023-01-23
2023-01-18,0.0,0.00464029909769792,0.00675389396953463,0.0010614422738526967,-0.0010614422738526967,-0.0019364741685484472,0.48306082473890943,0.11199016991439181,2022-06-28,2023-01-17,120,2023-01-23
2023-01-19,0.003294964059762373,-0.0012471807303118254,-0.011801712225198102,-0.003865358186885196,0.007160322246647569,-0.001959631628792128,0.48307322915090883,0.11042863192206583,2022-06-29,2023-01-18,120,2023-01-23
2023-01-20,0.021156324613367028,0.018019219124324692,-0.009420998696896277,0.005888125786522028,0.015268198826844999,-0.0018165262812411514,0.48063399835287823,0.10147515119311049,2022-06-30,2023-01-19,120,2023-01-23
2023-01-27,-0.020424766436344166,0.005396953090203382,0.019588411019727303,0.003176534629949271,-0.023601301066293438,-0.0013724676609642031,0.4811459847239925,0.09966505092486833,2022-07-05,2023-01-20,120,2023-01-30
2023-01-30,-0.012779901919849568,-0.027668827694990128,0.009325562996778558,-0.013963362684566346,0.0011834607647167785,-0.001490317597930499,0.4811748681839627,0.09012854586861405,2022-07-06,2023-01-27,120,2023-01-30
2023-01-31,0.008006394696127517,-0.010357173887047821,-0.02105929408507201,-0.008380151772349811,0.016386546468477328,-0.001502007072117808,0.48121796342169715,0.08994064890546835,2022-07-07,2023-01-30,120,2023-02-06
2023-02-01,0.006359453005417626,0.010468144107585786,0.01662995536134737,0.005068572155644281,0.001290880849773345,-0.0013285636356312152,0.4791603398135659,0.08305592369042929,2022-07-08,2023-01-31,120,2023-02-06
2023-02-02,0.006319093838850431,-0.005170073701339817,0.021929272034103775,-0.0019170454109160694,0.0082361392497665,-0.001298403063911586,0.479173865115739,0.084759851969054,2022-07-12,2023-02-01,120,2023-02-06
2023-02-03,0.006279498945309436,-0.013658931368032867,0.034890044286958855,-0.004644266110956079,0.010923765056265515,-0.001244177854254938,0.4774431583211041,0.08946033571273901,2022-07-13,2023-02-02,120,2023-02-06
2023-02-06,-0.012598592784159868,-0.02044304665140828,-0.017421519474060787,-0.012547025710361296,-5.156707379857205e-05,-0.0011676774861313203,0.47129005525651346,0.10014876376736627,2022-07-14,2023-02-03,120,2023-02-06
2023-02-07,0.006319093838850431,0.0036000751767790717,-0.00844889530470283,-0.0005016817026120149,0.006820775541462446,-0.0013522312285546173,0.47249127990968426,0.10065867446971954,2022-07-15,2023-02-06,120,2023-02-13
2023-02-08,0.03557994693669286,-0.0007129590044208101,0.020994833796104118,0.000482908469221771,0.035097038467471094,-0.0012736897549513854,0.4718825610436258,0.09969267513262016,2022-07-19,2023-02-07,120,2023-02-13
2023-02-09,0.029942560989850486,0.015887385797794806,-0.01824478014987818,0.004267099263618897,0.02567546172623159,-0.000974115281500688,0.46573395601171885,0.11828481765433593,2022-07-20,2023-02-08,120,2023-02-13
2023-02-10,-0.031463380500914795,-0.02027123903457806,-0.009156686002528502,-0.011429482930972911,-0.020033897569941884,-0.0008252514441108437,0.47785636427489697,0.10019901328907313,2022-07-21,2023-02-09,120,2023-02-13
2023-02-13,-0.0015233856063918694,-0.0012277228936170559,-0.00605019541544749,-0.0023162245662604313,0.0007928389598685619,-0.0011414196280074074,0.4950782158672169,0.09371368023156962,2022-07-22,2023-02-10,120,2023-02-13
2023-02-14,0.006079088446333758,-0.0023965166367521107,0.015861973969434118,-0.0009012368859196219,0.00698032533225338,-0.0011731587202634796,0.4953841288687835,0.09198843369510987,2022-07-26,2023-02-13,120,2023-02-20
2023-02-15,-0.006079088446333758,-0.014387041531444211,0.007117461283680626,-0.007578650007584972,0.0014995615612512139,-0.0010393433318449854,0.4989861849395075,0.08986747733608201,2022-07-27,2023-02-14,120,2023-02-20
2023-02-16,0.06491967355504191,0.00839721070270194,0.007554722133580327,0.0037532245831720466,0.06116644897186987,-0.001218237017192844,0.5021479357498698,0.09991361251941562,2022-07-28,2023-02-15,120,2023-02-20
2023-02-17,-0.03193290744773525,-0.012844844849098536,-0.019836106045499236,-0.009389234887414772,-0.022543672560320478,-0.0007632649715515776,0.5129391540915652,0.10270897220734819,2022-07-29,2023-02-16,120,2023-02-20
2023-02-20,0.04611736997121829,0.008034811830128774,-0.0064720669935471875,0.0024833357507127556,0.04363403422050553,-0.0009801355029493272,0.519897770483112,0.11029080876092373,2022-08-02,2023-02-17,120,2023-02-20
2023-02-21,-0.021352981741307397,-0.017262685245315268,-0.0064720669935471875,-0.010333707903646409,-0.011019273837660989,-0.0005804678596566911,0.5255415762053199,0.1052185076744981,2022-08-03,2023-02-20,120,2023-02-27
2023-02-22,-0.01012293889459226,-0.005159562106458182,-0.0064720669935471875,-0.003929620480217252,-0.006193318414375007,-0.0005129524805358137,0.5321249713956446,0.10369734460991614,2022-08-04,2023-02-21,120,2023-02-27
2023-02-23,0.05376119569196902,-0.0035556087767005806,0.0018852916843421497,-0.002234377734168278,0.0559955734261373,-0.0005369976211670833,0.5336752600419534,0.10616942045325095,2022-08-05,2023-02-22,120,2023-02-27
2023-02-24,-0.025106055602576394,-0.01691312881788498,0.009438700512740539,-0.008155378922584236,-0.016950676679992158,-0.0002707745646023642,0.5270465759634617,0.10906186428140735,2022-08-09,2023-02-23,120,2023-02-27
2023-02-27,0.004228307801852349,-0.0033303353677851533,-0.017218306834918096,-0.003879945271713133,0.008108253073565483,-0.00036034974017206534,0.5357054762219304,0.10079484899429367,2022-08-10,2023-02-24,120,2023-02-27
2023-02-28,-0.009894084770822431,-0.00793220856520449,0.0074564427353518425,-0.003718131468322624,-0.006175953302499807,-0.00021833211406412697,0.53172202831246,0.09628326784107272,2022-08-11,2023-02-27,120,2023-03-06
2023-03-01,0.03900227561471614,0.04127590313093066,-0.0016674758868244766,0.021148594497760163,0.01785368111695598,-0.00043386661459625354,0.5262504714615284,0.08336094776214832,2022-08-12,2023-02-28,120,2023-03-06
2023-03-02,-0.016529416315895773,-0.00926943728884666,-0.008111124450223883,-0.005945680792451795,-0.010583735523443978,-0.0002664658675483534,0.5448554942171375,0.07751219866399381,2022-08-16,2023-03-01,120,2023-03-06
2023-03-03,0.013793455092349749,0.006736036641617815,0.00874729552775122,0.0041084789065332335,0.009684976185816516,-0.00028604424511519285,0.5439042225458975,0.08354175033074211,2022-08-17,2023-03-02,120,2023-03-06
2023-03-06,0.029691663300900784,0.0017318323391730672,0.020378554197796106,0.0025385508950836987,0.027153112405817085,-0.00014971862255722422,0.5453790834839873,0.08556860152244607,2022-08-18,2023-03-03,120,2023-03-06
2023-03-07,0.0013290399908589823,-0.0033404443371054526,0.0009554910289519825,-0.0017836803793519459,0.003112720370210928,-6.500644516291564e-05,0.5448261537399419,0.10600571089568397,2022-08-19,2023-03-06,120,2023-03-13
2023-03-08,-0.024194858801167562,-0.023813951346527418,-0.012296985060823218,-0.01452957985844126,-0.009665278942726303,-0.00027374006259086404,0.5453057013155387,0.1032737983706331,2022-08-23,2023-03-07,120,2023-03-13
2023-03-09,-0.0013613871078343998,-0.006279120927585424,0.005218361290213025,-0.003218141954654835,0.0018567548468204353,-0.00029382672239485126,0.5497292006104335,0.10108554514750008,2022-08-24,2023-03-08,120,2023-03-13
2023-03-10,-0.005464457382757804,-0.03087569107603194,-0.01815775896511873,-0.018517674525673287,0.013053217142915484,1.7420781842302304e-05,0.5386099112443163,0.10492165256224063,2022-08-25,2023-03-09,120,2023-03-13
2023-03-13,0.023020642279898196,0.019277398042659044,-0.013885630697952678,0.008852141105937582,0.014168501173960613,9.810512705890758e-05,0.5277396848206306,0.10222164330823894,2022-08-26,2023-03-10,120,2023-03-13
2023-03-14,-0.02576410952814867,-0.023008952189320198,0.007558729081116766,-0.01146986300551659,-0.014294246522632082,0.0001386753912013402,0.5348059573489631,0.09218299783077188,2022-08-30,2023-03-13,120,2023-03-20
2023-03-15,0.0013725995578004468,0.015051819793832522,0.022563062594882055,0.01001974050847984,-0.008647140950679394,7.214881135845445e-05,0.5451568240092611,0.07720536232306735,2022-08-31,2023-03-14,120,2023-03-20
2023-03-16,-0.015204287816211304,-0.017343037322032018,0.004648276125674755,-0.009120037135491678,-0.006084250680719626,-4.6621222138976104e-05,0.5429978059153463,0.07396619545030546,2022-09-01,2023-03-15,120,2023-03-20
2023-03-17,0.04226957802094855,0.016253424493791968,0.02659137795772004,0.010693816214150179,0.03157576180679837,-0.00010685490585869879,0.5461729761029002,0.0723350965650997,2022-09-02,2023-03-16,120,2023-03-20
2023-03-20,-0.03256740547647241,-0.026890940534656238,-0.004751908535588711,-0.01476889823247585,-0.01779850724399656,0.00039603793230882337,0.547238958158402,0.09452325930431783,2022-09-06,2023-03-17,120,2023-03-20
2023-03-21,0.0,0.01348961375885338,0.003360055563231157,0.008101778380808847,-0.008101778380808847,0.0002607848845690918,0.558173862135638,0.09269004035249548,2022-09-07,2023-03-20,120,2023-03-27
2023-03-22,0.005502115271735164,0.017126199779811557,0.01336367330358712,0.010974980684120426,-0.005472865412385262,0.00029439123834562337,0.5545887014266818,0.08849307541795047,2022-09-08,2023-03-21,120,2023-03-27
2023-03-23,0.10782652431388629,0.02311901988355558,-0.01341390690715727,0.01177287785011895,0.09605364646376734,0.0003341840521879813,0.5490529119797196,0.0935500298263363,2022-09-09,2023-03-22,120,2023-03-27
2023-03-24,0.07928460915625779,-0.006703884175523811,0.012994365770520488,-0.0024383816084323807,0.08172299076469017,0.001079911051470611,0.6089768380613072,0.04342016670923156,2022-09-14,2023-03-23,120,2023-03-27
2023-03-28,-0.012724330794727123,0.011026695575298007,0.0032686216421975445,0.008524780989309127,-0.02124911178403625,0.0018858746567736715,0.5849348461255306,0.05782494079014111,2022-09-15,2023-03-24,120,2023-04-03
2023-03-29,0.00232556694141417,0.020399911077976896,-0.0049439183407749,0.013315280270505781,-0.010989713329091612,0.0017659718309305102,0.5803659879218184,0.05867938884010077,2022-09-16,2023-03-28,120,2023-04-03
2023-03-30,-0.023502815953846845,0.0057642656147436355,0.018524911731294225,0.006131175998227601,-0.029633991952074445,0.0017378683330741928,0.5741408860625737,0.058505385252313566,2022-09-20,2023-03-29,120,2023-04-03
2023-03-31,0.010644682943159456,0.0044696814072491264,0.009033046950177592,0.004464285621371811,0.006180397321787645,0.0015085209844484507,0.57456884109133,0.04291187379526952,2022-09-21,2023-03-30,120,2023-04-03
2023-04-04,0.0070504465705067965,-0.006616414176690455,0.016693003706835796,-0.0014838098602210081,0.008534256430727805,0.0015782336015954573,0.5738954202932007,0.04403559394455632,2022-09-22,2023-03-31,120,2023-04-10
2023-04-12,0.017847002977199322,-0.008598186621819437,-0.0066435658043833,-0.003251114841775718,0.02109811781897504,0.0018563525079429409,0.5647843595984934,0.03783299995917866,2022-09-23,2023-04-04,120,2023-04-17
2023-04-13,-0.015448871077620163,0.0017031934230065104,-0.009302539840051693,0.002672353370118401,-0.018121224447738563,0.00203706865041417,0.5609872672469274,0.03441910593949711,2022-09-27,2023-04-12,120,2023-04-17
2023-04-14,-0.003599390752248466,0.004625926157084237,0.020430637942698837,0.005286859578305404,-0.00888625033055387,0.0018967244038233324,0.5597207497490357,0.039201336727785474,2022-09-28,2023-04-13,120,2023-04-17
2023-04-18,-0.018349013435865036,-0.0063688378690418546,-0.00228112823906379,-0.0018217353357468096,-0.016527278100118226,0.0018248691932584715,0.5603321297738009,0.034167321383479554,2022-09-29,2023-04-14,120,2023-04-24
2023-04-19,-0.002317608833917628,-0.013786758039875835,0.0002977278311497855,-0.00517656082743285,0.0028589519935152217,0.0022853390163428,0.5429469584896355,0.07919481802022632,2022-09-30,2023-04-18,120,2023-04-24
2023-04-20,0.017251668048771318,0.0014331478296973899,-0.00026081092238072756,0.002886524592511669,0.014365143456259648,0.0021418783920755177,0.5372431552485302,0.09701534466842973,2022-10-06,2023-04-19,120,2023-04-24
2023-04-21,-0.024236578848986223,-0.015874748721715903,-0.007902577109161868,-0.006958940384918323,-0.0172776384640679,0.002320100159982583,0.5366124544423503,0.09622844031521582,2022-10-07,2023-04-20,120,2023-04-24
2023-04-25,-0.042767514122373784,-0.017285798370510363,0.0011382003595361567,-0.006754364290778268,-0.036013149831595516,0.002378102983336944,0.5345975387614703,0.09530658585529614,2022-10-11,2023-04-21,120,2023-05-01
2023-04-26,-0.008777495092449739,0.007080062057223557,-0.018979576867220516,0.003926952662185577,-0.012704447754635317,0.0019601665519616823,0.55394362134724,0.10301436743273606,2022-10-12,2023-04-25,120,2023-05-01
2023-04-27,0.006277442349950313,0.004192678066239353,0.006386851721563502,0.004759557273485591,0.0015178850764647218,0.001680997773969022,0.553217719452364,0.1188528768799818,2022-10-13,2023-04-26,120,2023-05-01
2023-04-28,0.00374770512680489,0.0027326666613003425,0.02725834909272251,0.006591244020296367,-0.0028435388934914766,0.0018293563516532617,0.54590888289411,0.11996693758404157,2022-10-14,2023-04-27,120,2023-05-01
2023-05-03,0.010942417820808847,-0.01184130930783489,-0.008927031826624798,-0.005713159692856095,0.01665557751366494,0.0016903352881803642,0.5440971524825775,0.10761385459754469,2022-10-18,2023-04-28,120,2023-05-08
2023-05-04,-0.00120984725269202,0.012589502486656912,-0.0065075061330617245,0.007902163151267735,-0.009112010403959755,0.0018177159918834809,0.5382420016504085,0.10630060804741721,2022-10-19,2023-05-03,120,2023-05-08
2023-05-05,-0.03323393935145558,0.005029260812406733,-0.003885104760465552,0.003968014952476351,-0.03720195430393193,0.0016502127508433338,0.5423525415504808,0.10548754985101107,2022-10-20,2023-05-04,120,2023-05-08
2023-05-09,-0.011385314623682863,-0.021385273850462738,0.021085570601085735,-0.007989021747037455,-0.0033962928766454077,0.0012141226327791375,0.5427862893094755,0.11403481104842488,2022-10-21,2023-05-05,120,2023-05-15
2023-05-10,-0.01151636401799383,-0.0053182788109378265,-0.007722730127420974,-0.0027045961981144117,-0.008811767819879418,0.0010794178540349626,0.546366898046376,0.11372695158063358,2022-10-25,2023-05-09,120,2023-05-15
2023-05-11,-0.009049915367676853,-0.0009320185816701354,0.009834284655958925,0.0009182018511033088,-0.009968117218780161,0.0006435041865679355,0.5570488620045253,0.08072550089759267,2022-10-26,2023-05-10,120,2023-05-15
2023-05-12,-0.01702714573334707,-0.005920554816817969,0.0037314644809054442,-0.0025026497241902087,-0.014524496009156862,0.0005212057657802035,0.5576679080855451,0.07446082653394095,2022-10-27,2023-05-11,120,2023-05-15
2023-05-16,-0.002570537832983444,0.0003564080617621812,-0.00371123959334696,-7.512759679097073e-05,-0.002495410236192473,0.00010140228389473194,0.5508207103445637,0.10046422847677874,2022-10-28,2023-05-12,120,2023-05-22
2023-05-17,-0.015564623731249672,-0.021128360534413915,0.000928968143872666,-0.01163532300966416,-0.003929300721585512,1.62108580236349e-05,0.5560241531734464,0.10371174408772164,2022-10-31,2023-05-16,120,2023-05-22
2023-05-18,0.03342212049754201,0.008485107405304504,0.010988095744892235,0.00525087370668286,0.028171246790859146,-0.00031159737350239974,0.579461481619846,0.058761607688404535,2022-11-01,2023-05-17,120,2023-05-22
2023-05-19,-0.012722802108496412,-0.014124537053683994,0.01758783502800121,-0.007838762343390858,-0.004884039765105553,9.542282825347466e-05,0.6180785162524889,0.04525217185531111,2022-11-02,2023-05-18,120,2023-05-22
2023-05-23,-0.015190200838215873,-0.012627300700533084,-0.002252679042143768,-0.0078077552429331705,-0.007382445595282702,0.0006307499018683268,0.6679152192331468,0.002014858307446951,2022-11-03,2023-05-19,120,2023-05-29
2023-05-24,-0.07961767144075838,-0.016360592317285594,-0.011814770741889191,-0.010915011847104122,-0.06870265959365425,0.00040810142789830936,0.6792290419816073,0.017818697770789746,2022-11-04,2023-05-23,120,2023-05-29
2023-05-25,-0.013908488979855749,-0.019492534418485974,-0.005873704371818889,-0.014590551633382921,0.0006820626535271723,-2.334315877153151e-05,0.7424346030618314,0.01622084036281965,2022-11-07,2023-05-24,120,2023-05-29
2023-05-30,-0.0013486088350955772,0.002405043598743717,0.02549138574808474,0.0017462054183217087,-0.003094814253417286,-0.0002238273503405901,0.7235715456660762,0.00901526722776426,2022-11-08,2023-05-25,120,2023-06-05
2023-05-31,-0.006770386837596121,-0.019631870597715206,0.02549138574808474,-0.01448728951908912,0.007716902681492999,-0.000316988880289688,0.7255829385408479,0.0029127376313787673,2022-11-09,2023-05-30,120,2023-06-05
2023-06-01,0.013495389992472573,-0.0009524726750242962,-0.007418908705483673,-0.0010710104605707092,0.014566400453043282,-0.00031617983323761013,0.7218632025003775,0.009068133133412537,2022-11-10,2023-05-31,120,2023-06-05
2023-06-02,0.005347570416696978,0.039450444264144124,0.013099830319250216,0.028575219949385673,-0.023227649532688695,-0.00035069517617320833,0.7274326996755788,0.01743319917327313,2022-11-11,2023-06-01,120,2023-06-05
2023-06-06,-0.01881777930306816,-0.00048266104304950375,0.007253332541147017,-0.00043334678181155656,-0.018384432521256603,-0.0004809196897478798,0.7344054722143287,0.05542856568285466,2022-11-14,2023-06-02,120,2023-06-12
2023-06-07,0.01881777930306816,0.007964350248098384,0.0007647671938428857,0.005399514685950492,0.013418264617117669,-0.0005435274976517573,0.7406309932190744,0.05805367877440845,2022-11-15,2023-06-06,120,2023-06-12
2023-06-08,-0.0013325090147509044,0.0024476403283468784,-0.018073019636874577,0.000673079787865574,-0.0020055888026164785,-0.00031377418028415,0.760590041553948,0.048403471499133974,2022-11-16,2023-06-07,120,2023-06-12
2023-06-09,0.013245210466791724,0.00469225854174482,0.012214692789997983,0.003940896742732576,0.009304313724059148,-0.00028170120461468303,0.7586546103491942,0.054262058252082565,2022-11-17,2023-06-08,120,2023-06-12
2023-06-13,0.054547424329430605,0.006017085712786141,0.003020749062066841,0.00452182104977876,0.050025603279651845,-0.00023622588138431867,0.7605849560533922,0.06009835805756189,2022-11-18,2023-06-09,120,2023-06-19
2023-06-14,-0.00867961094397618,-0.0058053317358961465,0.007710736073983426,-0.003701591085011041,-0.004978019858965139,0.000315644937485001,0.7699179146590632,0.05867051824476338,2022-11-21,2023-06-13,120,2023-06-19
2023-06-15,0.034275250599611784,0.02143448567082551,0.00670355953026025,0.01716367636716548,0.017111574232446303,0.0003129506103074952,0.7682103020880058,0.05736251656098365,2022-11-22,2023-06-14,120,2023-06-19
2023-06-16,0.026129640414769728,0.010607222064237476,0.010845902910189054,0.009376772553512994,0.016752867861256734,0.00031776928443288206,0.7860705917804869,0.06647468171788702,2022-11-23,2023-06-15,120,2023-06-19
2023-06-20,-0.0276960725026143,-0.015476562633518043,-0.006710468438312134,-0.012266116425930739,-0.01542995607668356,0.0005190549051448132,0.7928992019276886,0.076569493635,2022-11-24,2023-06-16,120,2023-06-26
2023-06-21,-0.008583753460917665,-0.020025198028497115,-0.006710468438312134,-0.016204314710702092,0.007620561249784427,0.0002967994231139994,0.7981048217848036,0.07732798907366938,2022-11-25,2023-06-20,120,2023-06-26
2023-06-27,0.01483350215643453,0.018660472844517884,-0.01007831391770253,0.01438831230581071,0.00044518985062382,0.0005194752071251056,0.7887555307155674,0.08431113280794039,2022-11-28,2023-06-21,120,2023-07-03
2023-06-28,0.023045265904384493,0.0012484244049808524,0.017708975871627786,0.0030505665101470325,0.01999469939423746,0.0005495469565123664,0.7870311012248528,0.08574582349617421,2022-11-29,2023-06-27,120,2023-07-03
2023-06-29,0.0,-0.01247530208117098,0.0012260622161033297,-0.00902013957534256,0.00902013957534256,0.0007049423484838792,0.789163915529447,0.09785499657955274,2022-11-30,2023-06-28,120,2023-07-03
2023-06-30,-0.02059423402238103,-0.0009473878503012401,-0.0008987579539727619,-9.880228921118653e-05,-0.020495431733169842,0.0007316182217206816,0.7808984442994102,0.10081336369036809,2022-12-01,2023-06-29,120,2023-07-03
2023-07-04,0.023669648875766613,0.005634490626770017,0.015887879827058526,0.008143621391498868,0.015526027484267745,0.000761445469300089,0.7808117187021366,0.1877342757099403,2022-12-02,2023-06-30,120,2023-07-10
2023-07-05,0.005831071782675501,-0.015849283040145323,0.015887879827058526,-0.00828356050970468,0.014114632292380181,0.0009783468173573768,0.7816684539296141,0.19681526275744243,2022-12-05,2023-07-04,120,2023-07-10
2023-07-06,-0.01996555203952788,-0.030676021044319768,0.015887879827058526,-0.020882192183151432,0.0009166401436235538,0.001373640278236518,0.8221894941386874,0.18666239898027404,2022-12-06,2023-07-05,120,2023-07-10
2023-07-07,-0.004756284495983865,-0.009070914868020807,-0.007765608949224401,-0.007529532921073546,0.002773248425089681,0.0013753752993187402,0.8210221623684274,0.18768471221249072,2022-12-07,2023-07-06,120,2023-07-10
2023-07-11,-0.046012913290732094,0.009699136535862962,-0.0034920079618139255,0.00871097904828157,-0.05472389233901366,0.001424868253568773,0.8174202924988574,0.18389426268234726,2022-12-08,2023-07-07,120,2023-07-17
2023-07-12,0.029306193995167762,0.010720516503120336,0.004689090406898799,0.011052652221933088,0.018253541773234676,0.0012249617414515348,0.8344534698792055,0.18807875494530502,2022-12-09,2023-07-11,120,2023-07-17
2023-07-13,0.010771893781174047,0.0256308102243743,0.012201754086186511,0.025516054016968034,-0.014744160235793988,0.0014313588929984447,0.8487387000272999,0.19102454917743644,2022-12-12,2023-07-12,120,2023-07-17
2023-07-14,0.01301040766577577,0.0032586710841382427,0.016625112901214933,0.0071230531081047065,0.005887354557671063,0.0011465186646950213,0.8489222099492961,0.19309199307335745,2022-12-13,2023-07-13,120,2023-07-17
2023-07-19,0.00697678924281897,-0.003340189792162107,0.008108382757889387,4.1396364836587774e-05,0.006935392877982382,0.0012557482355175554,0.8519764802808725,0.20120057484065534,2022-12-14,2023-07-14,120,2023-07-24
2023-07-20,-0.016355522804887723,-0.0012825135844636293,-0.0016514387854407175,-0.00023046680602083132,-0.01612505599886689,0.0011852359571796148,0.8483449293186364,0.19842628738491677,2022-12-15,2023-07-19,120,2023-07-24
2023-07-21,0.017513782335861983,0.0077488560907887916,-0.022347840775244876,0.0028929445333228153,0.014620837802539168,0.0009061608013224323,0.8570344451143195,0.20826409561657105,2022-12-16,2023-07-20,120,2023-07-24
2023-07-25,0.016509827186632187,0.04022582766909366,-0.002616875519432682,0.034822366646021355,-0.01831253945938917,0.0008778459656782307,0.8580087637120415,0.21766109357507557,2022-12-19,2023-07-21,120,2023-07-31
2023-07-26,-0.00852110476657808,-0.003570137036508214,0.007023426277028122,-0.0005723835913185181,-0.007948721175259563,0.0008504861380272177,0.8253904965394931,0.21697208624743022,2022-12-20,2023-07-25,120,2023-07-31
2023-07-27,-0.0012231667775877142,0.014048379640101416,-0.005181005909530967,0.011323860747550603,-0.012547027525138317,0.0008359119737107987,0.824612561478647,0.21164259700834137,2022-12-21,2023-07-26,120,2023-07-31
2023-07-28,0.07428291241135199,0.014028619545939591,-0.002096951219924037,0.011643644357809901,0.06263926805354209,0.0006565541566642848,0.8159171414828454,0.21893735694262706,2022-12-22,2023-07-27,120,2023-07-31
2023-08-01,-0.014648082082920233,-0.003383401250891538,0.01832453173739168,0.0019416302898765554,-0.01658971237279679,0.0012045484550168948,0.8479932364882344,0.1967953813839077,2022-12-23,2023-07-28,120,2023-08-07
2023-08-02,-0.02180234750305754,-0.024982681402134332,-0.002954737709501387,-0.020534389845116074,-0.0012679576579414653,0.001215362860796401,0.8503320396320159,0.17131072992742075,2022-12-29,2023-08-01,120,2023-08-07
2023-08-03,0.0023174780516734828,-0.004957177910496213,-0.02135660120199212,-0.005919767075969457,0.008237245127642939,0.0014737249076634499,0.8457490327734207,0.14988169373347596,2022-12-30,2023-08-02,120,2023-08-07
2023-08-04,0.010362758120317839,0.006087841807598693,-0.0003099152812957584,0.006690868211400388,0.003671889908917451,0.001590404363713091,0.8451231448405596,0.14362688363168563,2023-01-04,2023-08-03,120,2023-08-07
2023-08-08,-0.028953895440757993,-0.01827173291400186,-0.005133806267991758,-0.014758526075068862,-0.014195369365689131,0.0017730150127730927,0.8659365491890707,0.13817812818720132,2023-01-05,2023-08-04,120,2023-08-14
2023-08-09,-0.001175830870603356,0.0032193134401232726,-0.007929533777643272,0.0036815219528356933,-0.004857352823439049,0.001964654287110609,0.8954028570526709,0.147009246570839,2023-01-06,2023-08-08,120,2023-08-14
2023-08-10,-0.032280122223910634,0.00011588569664766624,-0.01047337724649644,0.0005534718348670354,-0.03283359405877767,0.0019691803502145896,0.8943270019982935,0.14506764983694237,2023-01-09,2023-08-09,120,2023-08-14
2023-08-11,-0.03084753055314904,-0.009032145728596674,0.0016900471333691769,-0.00611533500078331,-0.024732195552365728,0.0017052445548333386,0.9002016629330565,0.18352923004072547,2023-01-10,2023-08-10,120,2023-08-14
2023-08-15,0.0,-0.010303566300041922,-0.006683039196225593,-0.009065771568898066,0.009065771568898066,0.0015226795707491238,0.9081140713423459,0.18429303815334885,2023-01-11,2023-08-11,120,2023-08-21
2023-08-16,0.015286790576693798,-0.013644524638792177,-0.010492373584385817,-0.0126082045731705,0.0278949951498643,0.0017500310011586686,0.9094161912264975,0.18581915050414333,2023-01-12,2023-08-15,120,2023-08-21
2023-08-17,-0.0308110370199286,-0.000145674752227265,-0.009856550215710413,0.00022469225032849477,-0.031035729270257096,0.001972981062750105,0.8957908736398064,0.16413396811777753,2023-01-13,2023-08-16,120,2023-08-21
2023-08-18,-0.05081305183415097,-0.020717794418825264,-0.011062657095369133,-0.018960808366754227,-0.03185224346739674,0.0019570508595854906,0.9086912139280191,0.18908490500549605,2023-01-16,2023-08-17,120,2023-08-21
2023-08-22,0.025183563104811624,0.009471990842426337,-0.0014259957215294605,0.010590790750413016,0.014592772354398608,0.0020472893706170946,0.9351941550992147,0.2206522000339503,2023-01-17,2023-08-18,120,2023-08-28
2023-08-23,0.01171122721847162,0.0030816459322515755,-0.00200115628270936,0.00464001216555361,0.007071215052918011,0.002169459815322447,0.9425795497995433,0.2169466168051274,2023-01-18,2023-08-22,120,2023-08-28
2023-08-24,0.05536009965923627,0.020315141351082033,0.016282509452020477,0.025057826589247423,0.03030227306998885,0.0022996773822209103,0.9459503993788053,0.21747465542506894,2023-01-19,2023-08-23,120,2023-08-28
2023-08-25,-0.016039882543074535,-0.005107377561531123,-0.02207124574159991,-0.007797342507541979,-0.008242540035532556,0.0025014815209326016,0.9704939123252689,0.24204094592599576,2023-01-20,2023-08-24,120,2023-08-28
2023-08-29,0.007220248888946568,0.019298224805158526,0.008427263304065846,0.023200161041415972,-0.015979912152469404,0.00237701100862714,0.9677671975564314,0.2547637373868129,2023-01-27,2023-08-25,120,2023-09-04
2023-08-30,0.03765142976176117,-6.32956636277271e-05,0.021339129195744988,0.008408388452391329,0.02924304130936984,0.002464178271072779,0.9612107824783277,0.2814102956403229,2023-01-30,2023-08-29,120,2023-09-04
2023-08-31,0.02395993006696795,-0.005468563585065311,0.005526249406957007,-0.0010058095442519116,0.02496573961121986,0.0026002460045066993,0.9696052048123747,0.30695179338678935,2023-01-31,2023-08-30,120,2023-09-04
2023-09-05,-0.023269898606871564,-0.02076422527953703,-0.0006588786879735409,-0.017813812192669178,-0.0054560864142023865,0.0025627287986196732,0.9705750098284376,0.3389134306485212,2023-02-01,2023-08-31,120,2023-09-11
2023-09-06,-0.0342106881636699,-0.00037552269855645193,-0.0006588786879735409,0.002016360715984822,-0.03622704887965472,0.002613833560605233,0.9799576679904394,0.34828338031593625,2023-02-02,2023-09-05,120,2023-09-11
2023-09-07,-0.03422164258335458,-0.013527970834255498,-0.008732732941640009,-0.014012670149683819,-0.020208972433670765,0.00229381374925785,0.9782029111563739,0.35193832988750917,2023-02-03,2023-09-06,120,2023-09-11
2023-09-12,-0.002433070173529117,-0.003906650775862275,0.0014218618088648327,-0.0012686652718400106,-0.0011644049016891066,0.002101489565118163,0.9907418937972692,0.3518821224431317,2023-02-06,2023-09-07,120,2023-09-18
2023-09-13,-0.013488874223233527,-0.0009252044714020968,-0.011764583051636635,-0.003220169969322209,-0.010268704253911317,0.001987349752485139,0.9989765623748246,0.36408108308406195,2023-02-07,2023-09-12,120,2023-09-18
2023-09-14,0.008604837561161371,0.0021465503330908575,0.003697141302762219,0.0053775272646341315,0.00322731029652724,0.0018517991524257676,0.9969445960689753,0.37481292814209166,2023-02-08,2023-09-13,120,2023-09-18
2023-09-15,-0.0012248584272778196,0.007450638032199919,0.00850477460174126,0.01206660816322145,-0.01329146659049927,0.0017030162787959376,0.9999109727523015,0.3425860529480306,2023-02-09,2023-09-14,120,2023-09-18
2023-09-19,0.0037617273691947783,0.0037085134081813464,-0.01770072886384355,-0.001428123538072897,0.005189850907267675,0.0013761071807256286,0.9790219972070351,0.3635413531184956,2023-02-10,2023-09-15,120,2023-09-25
2023-09-20,-0.008799544128392567,-0.00621862099855619,-0.0018995351356174695,-0.005212025350702027,-0.00358751877769054,0.0015101358309749782,0.9734876801803503,0.35188096252531276,2023-02-13,2023-09-19,120,2023-09-25
2023-09-21,-0.0025284911467189364,-0.012953637129999862,-0.01430472095037949,-0.016186262257462846,0.01365777111074391,0.0014774935666981139,0.9741636298063887,0.3526663453208887,2023-02-14,2023-09-20,120,2023-09-25
2023-09-22,0.03482935429381362,0.022516037898045127,-0.01894519781438042,0.016983942157063364,0.017845412136750255,0.0015899696798023725,0.9690490284020699,0.339145161441744,2023-02-15,2023-09-21,120,2023-09-25
2023-09-26,-0.019169885561755473,-0.014910337572413113,0.0004666981338505849,-0.012877005801042497,-0.0062928797607129765,0.001755648446498427,0.9911747566043835,0.31304167745313793,2023-02-16,2023-09-22,120,2023-10-02
2023-09-27,0.012820645565512212,0.008265374028123773,-0.014587472638908139,0.005035153614656383,0.007785491950855829,0.001264814392752161,0.975573285456508,0.2943031312215519,2023-02-17,2023-09-26,120,2023-10-02
2023-09-28,-0.0038289442830237164,-0.01365409448460575,0.0023292452567389432,-0.011188341494589235,0.007359397211565519,0.0014771142301052281,0.9733280629580706,0.2680944008135915,2023-02-20,2023-09-27,120,2023-10-02
2023-09-29,0.03146892171419435,0.02482205223849121,0.00943098116723462,0.027553699383375607,0.003915222330818747,0.0011700309192040094,0.9531128126319173,0.28898927815863995,2023-02-21,2023-09-28,120,2023-10-02
2023-10-04,0.0062855201684521855,-0.007842054958189237,-0.018409159740102155,-0.011562677421125586,0.01784819758957777,0.0012389878113100898,0.954419655782365,0.2888265360114047,2023-02-22,2023-09-29,120,2023-10-09
2023-10-05,0.0,0.0010479192679628824,0.013871938030877828,0.00613572934741787,-0.00613572934741787,0.0014473473498642056,0.9505164837705992,0.2661717094954808,2023-02-23,2023-10-04,120,2023-10-09
2023-10-06,0.02475359049513548,0.015684039510279746,-0.0033016247638997243,0.015103510312038881,0.009650080183096599,0.0009509110608938547,0.9567683031032459,0.2584765616737136,2023-02-24,2023-10-05,120,2023-10-09
2023-10-10,0.02739898794474893,0.008375327801051213,0.016838802725397173,0.013541808018605973,0.013857179926142958,0.0011284166888244102,0.9546283755930931,0.2623741027229216,2023-02-27,2023-10-06,120,2023-10-16
2023-10-11,0.0011743880837826737,0.012845119071371869,0.00438222253547238,0.014692416307926648,-0.013518028224143974,0.0011219319475366605,0.9585926737040057,0.28689718870741676,2023-02-28,2023-10-10,120,2023-10-16
2023-10-12,0.02892045905647933,0.01910375342789372,0.007275877073070092,0.02128663778149639,0.007633821274982942,0.0010515744167248434,0.9496258657798227,0.2877515597278075,2023-03-01,2023-10-11,120,2023-10-16
2023-10-13,-0.016092222008034174,-0.023565149185975187,-0.0032240234125442413,-0.022365947547698075,0.006273725539663901,0.001123419625607379,0.957230335990119,0.28910816736953715,2023-03-02,2023-10-12,120,2023-10-16
2023-10-17,0.031898842606348676,0.007510149841294833,-0.012523979348284087,0.004793133961649014,0.02710570864469966,0.001230744202715229,0.949338276861561,0.2848362210739299,2023-03-03,2023-10-13,120,2023-10-23
2023-10-18,-0.10665351333675543,-0.002299357413308556,-0.0024790590073120455,-0.0013838626103032732,-0.10526965072645215,0.00146593099467552,0.9600747586637164,0.25906547178613154,2023-03-06,2023-10-17,120,2023-10-23
2023-10-19,0.061461475475543814,-0.024931278371145282,-0.013620647330782276,-0.0271441411371533,0.08860561661269711,0.00041797508321118914,0.965538548733289,0.2562290762742178,2023-03-07,2023-10-18,120,2023-10-23
2023-10-20,0.001215731019293731,-0.007181166318435572,-0.009123206936854089,-0.006983752300428537,0.008199483319722268,0.0011224039092178817,0.8860080412805227,0.19111537399160297,2023-03-08,2023-10-19,120,2023-10-23
2023-10-25,0.0707542597436519,0.005505261921378235,0.009567854770279993,0.007839792761984479,0.06291446698166743,0.001210093339931849,0.8826241975295169,0.1850594599331009,2023-03-09,2023-10-20,120,2023-10-30
2023-10-26,0.015555618305642227,-0.0023862170926509663,-0.02522098719303223,-0.0058666507162323245,0.02142226902187455,0.0016940821174040704,0.8958263979832382,0.21502316817396733,2023-03-10,2023-10-25,120,2023-10-30
2023-10-27,0.008781656167429652,0.020563253943100435,-0.019290799192035024,0.016788558663764247,-0.008006902496334595,0.001689533160945316,0.9270968251836564,0.20554368452043908,2023-03-13,2023-10-26,120,2023-10-30
2023-10-30,0.04905037436943438,0.0004383787777246795,0.005008821630026361,0.003063015237600295,0.045987359131834084,0.0015497466007222817,0.9130946012226788,0.2222054255186472,2023-03-14,2023-10-27,120,2023-10-30
2023-10-31,-0.054529793314906705,-0.017027571500422667,0.011027082080138584,-0.010803593121562186,-0.04372620019334452,0.001984268358715878,0.9047841546129567,0.23745315268485123,2023-03-15,2023-10-30,120,2023-11-06
2023-11-01,-0.017738788851471288,-0.0006255387255045264,0.0050562968718761425,0.0023840979283098578,-0.020122886779781145,0.00180663459293524,0.9506560663440033,0.2318169896289476,2023-03-16,2023-10-31,120,2023-11-06
2023-11-02,0.03840309316627,0.007503772941150899,0.01801953829754943,0.012877808402834846,0.02552528476343515,0.0016560340937147556,0.9501005304512441,0.22711101637401437,2023-03-17,2023-11-01,120,2023-11-06
2023-11-03,0.023405232499076334,0.02484913141347178,0.016936176143877546,0.02898939588275183,-0.005584163383675497,0.0017097234539338695,0.9449825503191223,0.22423460999921443,2023-03-20,2023-11-02,120,2023-11-06
2023-11-06,0.016684398880114415,0.01697849848064159,0.012286428513165859,0.020193437003758474,-0.0035090381236440593,0.001735722437502473,0.9296496983234208,0.217610721690022,2023-03-21,2023-11-03,120,2023-11-06
2023-11-07,-0.010395124152386082,-0.016636563351125844,0.0036137558667643788,-0.012959059373075267,0.0025639352206891855,0.0018317636228144694,0.9361167069516175,0.2166560034004654,2023-03-22,2023-11-06,120,2023-11-13
2023-11-08,-0.039429719614821224,-0.005772047710648209,0.008855119267403566,-0.0014682860458151447,-0.03796143356900608,0.0019714617015668384,0.9453662237026906,0.22777233586111495,2023-03-23,2023-11-07,120,2023-11-13
2023-11-09,-0.013129177926831659,-0.0032595400833272947,0.000971723514357592,-0.0016803881074252292,-0.011448789819406429,0.0008145728327517512,0.8541631586713696,0.297634161302563,2023-03-24,2023-11-08,120,2023-11-13
2023-11-10,-0.003309522474430615,-0.017746875114736937,-0.008863439449021016,-0.01765418918267341,0.014344666708242793,0.00012557014307272904,0.8847757066896146,0.2344186324646151,2023-03-28,2023-11-09,120,2023-11-13
2023-11-13,0.04536421243034594,0.012876561373301953,0.02148052197968653,0.016778943348461684,0.028585269081884256,0.0004459540115595705,0.886503953718799,0.22894540336672636,2023-03-29,2023-11-10,120,2023-11-13
2023-11-14,-0.004232773741658313,-0.0016857542535717585,-0.0026959295259985083,-0.001428212659865862,-0.0028045610817924514,0.0008016693291131149,0.9164818873643319,0.2540566221883725,2023-03-30,2023-11-13,120,2023-11-20
2023-11-15,0.036443290979353726,0.03846134946035562,0.020739393354796576,0.042563682994742794,-0.006120392015389067,0.0010338449299082332,0.9230369938129275,0.2906830290465156,2023-03-31,2023-11-14,120,2023-11-20
2023-11-16,-0.02694451053667679,-0.01371044640318253,-0.00012233943618156218,-0.011590056893984907,-0.015354453642691885,0.0009615109276442683,0.9129412841608452,0.2839254207263653,2023-04-04,2023-11-15,120,2023-11-20
2023-11-17,0.012526150981667428,-0.021460894189996083,0.00123461022816862,-0.018721621693915,0.031247772675582427,0.0007858658664133243,0.9248266822534303,0.27548776434664535,2023-04-12,2023-11-16,120,2023-11-20
2023-11-20,0.021550269443529668,0.018385989733651797,-0.0002990479864486417,0.017325359518924072,0.004224909924605596,0.0007928418931706225,0.9039480420560302,0.2924674273250337,2023-04-13,2023-11-17,120,2023-11-20
2023-11-21,-0.034076420425197096,-0.002488159432850523,0.010978446319249713,0.0017922373560917372,-0.03586865778128883,0.0009683426169780061,0.9101335193959603,0.2813195921117647,2023-04-14,2023-11-20,120,2023-11-27
2023-11-22,0.00836817680984936,3.997826636670254e-05,-0.00625004495607584,-0.00088363207010488,0.00925180887995424,0.0008001382405027223,0.9169789895638143,0.27526674655877115,2023-04-18,2023-11-21,120,2023-11-27
2023-11-23,0.006230495897096233,0.009888595747691298,0.004668875432770392,0.01128993732581756,-0.005059441428721327,0.0009878314478380546,0.9148362739150243,0.2689426625298864,2023-04-19,2023-11-22,120,2023-11-27
2023-11-24,-0.013548813018589456,-0.019815553822011722,0.004668875432770392,-0.01607218232269645,0.002523369304106994,0.0008710910098314223,0.9180916409973262,0.26756357310917867,2023-04-20,2023-11-23,120,2023-11-27
2023-11-27,0.020769107288171718,-0.0019586657989822953,0.004668875432770392,0.00023107513482868453,0.020538032153343034,0.0007618513496477254,0.9145688213325898,0.2699918801630286,2023-04-21,2023-11-24,120,2023-11-27
2023-11-28,0.010309407420054928,-0.0098007571429779,-0.0021007103855819054,-0.008465893810835666,0.018775301230890593,0.0009989050309595674,0.9076272253985691,0.271034423981904,2023-04-25,2023-11-27,120,2023-12-04
2023-11-29,-0.015504134623002486,-0.021003775607601582,0.0026443345229214543,-0.01637054721312606,0.0008664125901235754,0.0013822775550399215,0.8794999003461553,0.27227787534883086,2023-04-26,2023-11-28,120,2023-12-04
2023-11-30,0.005194618917162774,0.0029052165787035733,-0.0006800356929641538,0.0038993256852848423,0.001295293231877932,0.0015052091846868114,0.8841989185057377,0.2568583651179252,2023-04-27,2023-11-29,120,2023-12-04
2023-12-01,-0.006237071960422114,-0.012551691853644797,-0.001258496001984355,-0.009904224101853768,0.0036671521414316545,0.0015209903520338464,0.8845013854476115,0.2568348402518887,2023-04-28,2023-11-30,120,2023-12-04
2023-12-04,0.029791714292123128,-0.011007881797976182,0.0039011698090973823,-0.0070627524736350394,0.03685446676575817,0.0015975664379523965,0.8822255292259172,0.269435960166943,2023-05-03,2023-12-01,120,2023-12-04
2023-12-05,-0.10783781190261621,-0.019300125203152163,-0.009430883443569016,-0.01794414696248945,-0.08989366494012677,0.0016886306822343038,0.8740611595032868,0.2930041334549918,2023-05-04,2023-12-04,120,2023-12-11
2023-12-06,0.09561771877328518,0.008258344521360428,0.002584180654402246,0.009718617606686847,0.08589910116659832,0.0010572662201228902,0.9434866616528114,0.3365528961163119,2023-05-05,2023-12-05,120,2023-12-11
2023-12-07,-0.02279893516581577,-0.00715474920678183,-0.0052062352596067285,-0.006602402785483952,-0.016196532380331818,0.002140993761870109,0.9866922016469332,0.32343165767926607,2023-05-09,2023-12-06,120,2023-12-11
2023-12-08,0.0020942931621759087,-0.000704984098026884,0.013674171481873998,0.005788011083138958,-0.0036937179209630498,0.001998768561173218,0.9909647057856057,0.32819954665622175,2023-05-10,2023-12-07,120,2023-12-11
2023-12-11,0.03089834200145658,-0.008168256206692703,0.003968000856680476,-0.0047946893483142945,0.03569303134977087,0.002022628055368055,0.9908219729740182,0.32156503309266604,2023-05-11,2023-12-08,120,2023-12-11
2023-12-12,-0.005083914375020537,0.010622018920214416,0.008222639811712895,0.015576930920842459,-0.020660845295862998,0.0024008208989345844,0.9771082413650383,0.3401885354441054,2023-05-12,2023-12-11,120,2023-12-18
2023-12-13,0.014170415265871483,-0.00894088601166132,0.007718525103371121,-0.0036854969190479835,0.017855912184919467,0.002349533959755355,0.9648106973155954,0.3357158983126367,2023-05-16,2023-12-12,120,2023-12-18
2023-12-14,0.03457126606414063,0.010630468466391818,0.013068076261657069,0.01719483892586024,0.017376427138280387,0.002516769517320182,0.9577123206802266,0.34413166051601635,2023-05-17,2023-12-13,120,2023-12-18
2023-12-15,-0.005842215981422871,0.02349903564024025,-0.0012394862730094047,0.02488318319323115,-0.03072539917465402,0.0026347233287863686,0.965572319617235,0.3562431445069544,2023-05-18,2023-12-14,120,2023-12-18
2023-12-18,-0.001954980717127075,-0.009751846341870873,0.004587577624498351,-0.005205734519142381,0.003250753802015306,0.0022085192489071114,0.9284736231973624,0.3575042150988438,2023-05-19,2023-12-15,120,2023-12-18
2023-12-19,0.003906146940698907,-0.0074986531519307675,0.0057879027640481695,-0.0024770361449259408,0.006383183085624848,0.0022879232429502214,0.9207564940289805,0.36964584331382,2023-05-23,2023-12-18,120,2023-12-25
2023-12-20,0.011628121592684337,0.006570944825025293,0.003969163996664804,0.009873526341548356,0.0017545952511359812,0.0023792870217044675,0.9159623943877362,0.37174099275410316,2023-05-24,2023-12-19,120,2023-12-25
2023-12-21,0.0019248751704803446,0.00044051906268727237,-0.014869424575913115,-0.001435571161564796,0.0033604463320451405,0.002974350275447878,0.8807411221391768,0.3226691568401144,2023-05-25,2023-12-20,120,2023-12-25
2023-12-22,-0.009661947005313642,-0.01703363871435748,0.013133482885683279,-0.007858065450963382,-0.0018038815543502604,0.0029877616164269453,0.8830474490629372,0.31946469829084134,2023-05-30,2023-12-21,120,2023-12-25
2023-12-28,0.02587931265094312,0.02487266527946197,0.0012806453013674002,0.025467173424723377,0.0004121392262197432,0.003068498872146206,0.8828435221119035,0.34357923499715615,2023-05-31,2023-12-22,120,2024-01-01
2023-12-29,-0.0036562102723824985,0.0002265311789990676,-9.582672881691678e-05,0.003247080459545749,-0.0069032907319282475,0.0030804910961325154,0.8818388698239479,0.34619396764104343,2023-06-01,2023-12-28,120,2024-01-01
2024-01-03,-0.04634757460678873,-0.008502566016838742,-0.004058720094095136,-0.006036878021180589,-0.040310696585608145,0.002899162414701615,0.8812304133257478,0.35560980729707625,2023-06-02,2023-12-29,120,2024-01-08
2024-01-04,0.015066274518021672,-2.581295557035901e-05,-0.009987100752992362,-0.0010451141159925404,0.016111388634014213,0.0028530933588784453,0.9567779218971257,0.38785131988598026,2023-06-06,2024-01-03,120,2024-01-08
2024-01-05,-0.04004357207048104,-0.00666946536839319,-0.006248562949288328,-0.005609318835205433,-0.0344342532352756,0.003188101270672439,0.9565294235779151,0.38694980927594674,2023-06-07,2024-01-04,120,2024-01-08
2024-01-08,-0.01174180106848155,-0.018979932876225902,0.0016760816752654506,-0.014741782359841716,0.0029999812913601657,0.002828124017740398,0.9613440537268347,0.40352403053687763,2023-06-08,2024-01-05,120,2024-01-08
2024-01-09,0.0442806588877116,-0.002124401682458199,0.021144424025804298,0.009382848903219141,0.03489780998449246,0.00284400040494411,0.9585350074513944,0.4055519256677256,2023-06-09,2024-01-08,120,2024-01-15
2024-01-10,-0.022858102813005488,-0.0057446434612682395,0.0010590038202362706,-0.0018841312932857592,-0.020973971519719727,0.003076612145662358,0.9485006144279607,0.46086180654710684,2023-06-13,2024-01-09,120,2024-01-15
2024-01-11,0.019084519195440297,0.012639925147150066,0.008089961464863293,0.01810960474875354,0.0009749144466867574,0.0025331881928747444,0.9413312709444135,0.4546449038656728,2023-06-14,2024-01-10,120,2024-01-15
2024-01-12,-0.001892194729788077,-0.0035309362649105225,0.0021788859664919613,0.000301038592202086,-0.002193233321990163,0.0026126129892338674,0.9388961613537625,0.46060607278742727,2023-06-15,2024-01-11,120,2024-01-15
2024-01-15,-0.003795065324768032,-0.0017405554555338654,0.0004457236241837137,0.0011045339933802459,-0.004899599318148278,0.0025210845340656093,0.9312127427233242,0.45830390816389743,2023-06-16,2024-01-12,120,2024-01-15
2024-01-16,-0.0577177196495251,-0.021845356317289344,0.0004457236241837137,-0.017657074387030087,-0.04006064526249502,0.002408959033510113,0.9277782122750009,0.45232560960647283,2023-06-20,2024-01-15,120,2024-01-22
2024-01-17,-0.03692732537336507,-0.037831498570330524,0.0004457236241837137,-0.033849719233321536,-0.003077606140043536,0.002213951690952595,0.9584481993596337,0.43942198463097476,2023-06-21,2024-01-16,120,2024-01-22
2024-01-18,0.011428868295754846,0.007492343772986132,-0.005168924879031422,0.0070939015887952345,0.0043349667069596115,0.0021028808446105635,0.9720110830306529,0.44334566561991945,2023-06-27,2024-01-17,120,2024-01-22
2024-01-19,0.00823037879860955,-0.0054135838303075445,0.014105275482220847,0.00308040107541225,0.0051499777231973,0.00215254101355398,0.9747969442832644,0.43990668917346015,2023-06-28,2024-01-18,120,2024-01-22
2024-01-22,0.006128659577440576,-0.022961843533044757,0.01919356119170601,-0.012009624746865349,0.018138284324305927,0.0021037626517205576,0.9738403099194457,0.42971605642001853,2023-06-29,2024-01-19,120,2024-01-22
2024-01-23,0.014155981495371783,0.02591592878858151,0.0004021163126459726,0.027168236966986052,-0.013012255471614269,0.0021317096630159987,0.958969225905516,0.45745255583181543,2023-06-30,2024-01-22,120,2024-01-29
2024-01-24,0.008000030963361215,0.03493618612023397,0.004299719936250668,0.037156958735749854,-0.02915692777238864,0.002188479900351441,0.944622754755092,0.45746292573221997,2023-07-04,2024-01-23,120,2024-01-29
2024-01-25,0.021675745158783677,0.019438298582889146,0.006031880229089737,0.022098163988875503,-0.00042241883009182593,0.0018526661377250425,0.9028647970126498,0.4468494473481489,2023-07-05,2024-01-24,120,2024-01-29
2024-01-26,-0.1047109607025205,-0.016150578290455186,0.0004604579896962946,-0.01274027091401191,-0.0919706897885086,0.0017711025346349865,0.9108118897175035,0.4316686615519058,2023-07-06,2024-01-25,120,2024-01-29
2024-01-29,-0.04879009066049589,0.007805961050788568,-0.005404808846956044,0.006337463330055046,-0.055127553990550936,0.001033729557134884,0.9697556261199537,0.4192823349583501,2023-07-07,2024-01-26,120,2024-01-29
2024-01-30,-0.028820423952748087,-0.02352417593139755,0.009334425080005815,-0.017608980336930705,-0.011211443615817381,0.0004948088419548492,0.9502844738134812,0.455397084613558,2023-07-11,2024-01-29,120,2024-02-05
2024-01-31,-0.045462429500874535,-0.014004091774911132,-0.006730704632893492,-0.01574263307415591,-0.029719796426718625,0.0008939989893817844,0.985646816525553,0.42098765906575397,2023-07-12,2024-01-30,120,2024-02-05
2024-02-01,0.0,0.005226182779159316,-0.019205849054921842,-0.0025955828680765403,0.0025955828680765403,0.0005107446002011857,0.9929542143472985,0.431935482782904,2023-07-13,2024-01-31,120,2024-02-05
2024-02-02,-0.024784378357208814,-0.0020997199087293694,0.012097714750058941,0.003940779039055405,-0.028725157396264217,0.0007144526023264023,1.0141734499822812,0.4427122585722608,2023-07-14,2024-02-01,120,2024-02-05
2024-02-05,-0.010088474764761157,-0.0015172101474636435,0.01736870781244093,0.006109055586976941,-0.0161975303517381,0.00047673397176150895,1.0182066976623763,0.4132233224617523,2023-07-19,2024-02-02,120,2024-02-05
2024-02-06,0.07211436992145259,0.039621116346179264,-0.001525757923078075,0.040197256375342494,0.0319171135461101,0.00030254648237602964,1.0218219199755934,0.3873584888685854,2023-07-20,2024-02-05,120,2024-02-12
2024-02-07,-0.04338029441617408,-0.0034129508720219803,-0.00225796226854591,-0.003771546493563792,-0.039608747922610286,0.0007215606182178552,1.0709877760993542,0.3710772580615595,2023-07-21,2024-02-06,120,2024-02-12
2024-02-08,0.00980411309217466,-0.012754840706381998,0.010403361642927322,-0.009081573348647494,0.018885686440822155,0.0002217363715351357,1.0660587689372716,0.41276081795861497,2023-07-25,2024-02-07,120,2024-02-12
2024-02-09,-0.00980411309217466,-0.008315727793162253,0.001181156972480224,-0.008028177484769113,-0.001775935607405547,0.0006239622797596297,1.099222748836741,0.4137446675042485,2023-07-26,2024-02-08,120,2024-02-12
2024-02-15,0.021819142286954474,0.004100683220961798,0.011919165737857895,0.010159589095507238,0.011659553191447236,0.0006731131808389582,1.0984853784835473,0.4179768504120387,2023-07-27,2024-02-09,120,2024-02-19
2024-02-16,0.004784690946551873,0.02449155098108413,0.0019768319896140696,0.028926120743139532,-0.02414142979658766,0.0009092497718660693,1.1101634705876262,0.41847043066154815,2023-07-28,2024-02-15,120,2024-02-19
2024-02-19,-0.0011939969934386951,-0.011346259525540248,-0.008745899098041576,-0.01564245624323641,0.014448459249797714,0.00013208977772166263,1.0478574401755942,0.444240610988472,2023-08-01,2024-02-16,120,2024-02-19
2024-02-20,-0.01565361156322176,0.005672272307901238,-0.008745899098041576,0.002225535316475698,-0.017879146879697456,0.00039051510737817755,1.038057442347164,0.4634314013577723,2023-08-02,2024-02-19,120,2024-02-26
2024-02-21,0.038099974825319904,0.015608566537414603,-0.008745899098041576,0.012180745458387052,0.025919229366932854,0.00018828839429455338,1.0366279333819963,0.4788323031969051,2023-08-03,2024-02-20,120,2024-02-26
2024-02-22,0.032186636229929455,0.014429009108264168,-0.0038353801279793487,0.013631834145560238,0.018554802084369215,0.00026563322635234847,1.0556997271756121,0.4866532123334466,2023-08-04,2024-02-21,120,2024-02-26
2024-02-23,-0.03335557213312779,-0.0010212401309370733,0.029604542346570284,0.013453968577531884,-0.04680954071065967,0.00040112768523038365,1.0666140793489527,0.47770067947000466,2023-08-08,2024-02-22,120,2024-02-26
2024-02-26,0.04011978574538144,-0.005462693613573322,-0.00349665883442718,-0.006961921612284149,0.04708170735766559,0.000183240502327312,1.0726297219726322,0.3676980350510118,2023-08-09,2024-02-23,120,2024-02-26
2024-02-27,0.0011231098282484808,0.00933787015061327,-5.458143769665469e-05,0.010531827768501156,-0.009408717940252675,0.0006044463091244941,1.065182750801731,0.35097562635529905,2023-08-10,2024-02-26,120,2024-03-04
2024-02-28,-0.03308907619466517,-0.015239963455568883,0.002137011851628401,-0.01473189989757179,-0.01835717629709338,0.0007990419792278497,1.0646442955597504,0.3248453115418403,2023-08-11,2024-02-27,120,2024-03-04
2024-02-29,0.0057835463713593604,-0.001537759562030061,-0.005351283788801453,-0.002537734595352664,0.008321280966712025,0.0008370114113538742,1.0678434751348445,0.3237838919498963,2023-08-15,2024-02-28,120,2024-03-04
2024-03-01,0.04730622439830334,0.004712874518745025,0.009851395314113276,0.009070572615420833,0.03823565178288251,0.0008025266922724107,1.0720963809763173,0.3263893189830638,2023-08-16,2024-02-29,120,2024-03-04
2024-03-04,0.06906613463687661,0.0003936217785813767,0.014330598277098261,0.006661060538783957,0.06240507409809265,0.0007868082598288126,1.092537285797314,0.3799008041453178,2023-08-17,2024-03-01,120,2024-03-04
2024-03-05,-0.007212662627529731,-0.026457552836498976,-0.00419607698287372,-0.029142545200917393,0.02192988257338766,0.0014786902267454403,1.090888475850576,0.4192001115083734,2023-08-18,2024-03-04,120,2024-03-11
2024-03-06,-0.007265172156699862,0.016898808989381564,-0.018628240778966187,0.012377896988429216,-0.019643069145129078,0.0019018228782424224,1.0502015295857712,0.39032569016659585,2023-08-22,2024-03-05,120,2024-03-11
2024-03-07,-0.005222072207314188,-0.01275335018686441,0.006599260886176239,-0.00873922797715655,0.0035171557698423627,0.0015652302198604943,1.029022791539755,0.4271735672186217,2023-08-23,2024-03-06,120,2024-03-11
2024-03-08,0.005222072207314188,0.007587350665392734,0.015395247952982416,0.01594404467603506,-0.010721972468720871,0.0015222873424769827,1.025987493454889,0.4311220230215723,2023-08-24,2024-03-07,120,2024-03-11
2024-03-11,-0.024250045786597507,0.014218444730930813,-0.01585522401002315,0.009315878669348888,-0.033565924455946396,0.0012627816244162957,1.0034109739342463,0.3919116138903341,2023-08-25,2024-03-08,120,2024-03-11
2024-03-12,0.023207592743338168,0.0300446357527413,-0.003717080914427129,0.028818676151451984,-0.005611083408113816,0.000941314739722289,0.9815516966369797,0.43394314607277784,2023-08-29,2024-03-11,120,2024-03-18
2024-03-13,0.02471811764727283,-0.0006665938445635788,0.014919753495803434,0.006998329356549687,0.017719788290723144,0.0010161364860971033,0.9869407397986776,0.44505302949000475,2023-08-30,2024-03-12,120,2024-03-18
2024-03-14,-0.02576144037891792,-0.00707616829769897,-0.007965090516316664,-0.009362880349613103,-0.01639856002930482,0.000970967175269113,0.9872733596453356,0.4203009456501754,2023-08-31,2024-03-13,120,2024-03-18
2024-03-15,-0.008385671898914815,-0.014296638861152289,-0.003096931553862703,-0.014942895744990444,0.006557223846075629,0.0006164701938455061,0.9967358898320253,0.42280330035872027,2023-09-05,2024-03-14,120,2024-03-18
2024-03-18,0.0031529966220644745,0.0009700826206557878,-0.011665341148079378,-0.0032472010324092887,0.006400197654473763,0.0006969670446901394,0.9908920461202089,0.420511939403876,2023-09-06,2024-03-15,120,2024-03-18
2024-03-19,-0.012671855190766745,-0.01248347416271578,0.009848622818619646,-0.0072987154165278295,-0.005373139774238916,0.001049005907079408,0.9913711074061298,0.4089946742345313,2023-09-07,2024-03-18,120,2024-03-25
2024-03-20,-0.001063401713200296,0.0008218201616667642,0.002314794770857276,0.0028931896090796665,-0.003956591322279962,0.001178714085312756,0.9849302236247736,0.3909806690214437,2023-09-12,2024-03-19,120,2024-03-25
2024-03-21,0.028318880112421674,0.01916047774591867,0.01188209647717997,0.02465891742611445,0.003659962686307222,0.0011487802959796304,0.9847416606356565,0.39067318338657675,2023-09-13,2024-03-20,120,2024-03-25
2024-03-22,0.006185523206135191,-0.02179947785537628,0.004429507552558221,-0.01855791085125255,0.024743434057387742,0.0012656348005221716,0.9873429162146593,0.3837930889016215,2023-09-14,2024-03-21,120,2024-03-25
2024-03-25,-0.0902868196118285,-0.0015667361900799648,0.0007584761109988847,0.00020817671086063253,-0.09049499632268913,0.0014265193961167243,0.9665952818317338,0.39033150768629027,2023-09-15,2024-03-22,120,2024-03-25
2024-03-26,0.03536274662820338,0.008744154486684863,-0.003325270816940673,0.007950846245427077,0.0274119003827763,0.0007669324198298182,0.9745717131051644,0.4023407011938683,2023-09-19,2024-03-25,120,2024-04-01
2024-03-27,-0.012015504695160661,-0.013661075488565544,-0.0036488161975434252,-0.013946207985672827,0.0019307032905121653,0.0009449849617496871,0.9829242981641071,0.40105881782770314,2023-09-20,2024-03-26,120,2024-04-01
2024-03-28,-0.003302115845492448,0.009022889064718598,0.004051130828198524,0.011460161238872661,-0.01476227708436511,0.0009869430102549496,0.9813627567826715,0.39951584151651953,2023-09-21,2024-03-27,120,2024-04-01
2024-04-03,-0.03405557255582936,-0.012266384168874822,-0.009006013841371896,-0.015101058798803555,-0.018954513757025806,0.0007106261520177609,0.9830782093008291,0.41670710633908337,2023-09-22,2024-03-28,120,2024-04-08
2024-04-09,-0.009091017311147809,0.00567451421810361,0.01276478873130138,0.011818950842795268,-0.020909968153943075,0.00028469505649047995,0.9716089991154944,0.47167617366219167,2023-09-26,2024-04-03,120,2024-04-15
2024-04-10,0.0,0.018318138677827278,0.003689516565057005,0.019533010026267825,-0.019533010026267825,0.00018896189233578493,0.9649287472996919,0.45218648493812874,2023-09-27,2024-04-09,120,2024-04-15
2024-04-11,-0.014951347120460312,-0.002578745842948038,-0.008133007082225419,-0.006352221265474156,-0.008599125854986157,-0.00010265162404498988,0.9466972966316445,0.468249675022798,2023-09-28,2024-04-10,120,2024-04-15
2024-04-12,-0.03418132901353266,-0.02208109045928275,0.016636746584101303,-0.013360746055392222,-0.020820582958140436,-0.0002547539177111417,0.9513781673568444,0.47494113087368833,2023-09-29,2024-04-11,120,2024-04-15
2024-04-16,-0.03931427054335801,-0.0214009569727871,-0.016771414966433085,-0.028537499529086855,-0.010776771014271155,-0.0003919684747094372,0.9663998876558157,0.44502200053406543,2023-10-04,2024-04-12,120,2024-04-22
2024-04-17,0.0036385990524738787,0.00017661819707903703,0.0007713693450739356,-0.00021632967366619728,0.003854928726140076,-0.000775660415043082,0.9784912478891001,0.5010717418126691,2023-10-05,2024-04-16,120,2024-04-22
2024-04-18,-0.007290358437705535,0.008213202119632612,-0.01273360764074738,0.0008695857213386789,-0.008159944159044214,-0.000697106297402009,0.9786977456816495,0.5082259924408711,2023-10-06,2024-04-17,120,2024-04-22
2024-04-19,0.0,-0.009919090746430825,-0.0055129619166276456,-0.013393913019929564,0.013393913019929564,-0.000900391474051432,0.9678362590357141,0.5248477875549564,2023-10-10,2024-04-18,120,2024-04-22
2024-04-23,0.015882991187535556,0.019030828888837448,-0.020717548666546293,0.007019491929772078,0.008863499257763478,-0.0008516943576826482,0.9601519883115948,0.5020527320481604,2023-10-11,2024-04-19,120,2024-04-29
2024-04-24,0.0473461151060901,0.021883780385511642,0.01484953684729895,0.027906991666072165,0.019439123440017938,-0.0006436711949676383,0.9735814277194795,0.48789539929197645,2023-10-12,2024-04-23,120,2024-04-29
2024-04-25,0.019462610572831718,0.004829215058313352,0.0027150205717330067,0.005561675625947396,0.013900934946884321,-0.000562213102748636,0.984076414304192,0.5051792625393406,2023-10-13,2024-04-24,120,2024-04-29
2024-04-26,0.02353060762036918,0.020988553084114514,-0.005892790483901678,0.017356444513705188,0.0061741631066639935,-0.0005256044917937993,0.9950537824402845,0.5095531797712493,2023-10-17,2024-04-25,120,2024-04-29
2024-04-30,-0.007808257468416624,0.0009078664723389807,0.01637650257919887,0.009004251914934324,-0.016812509383350948,-0.000791213593964464,0.9898452765492941,0.5432672896114675,2023-10-18,2024-04-26,120,2024-05-06
2024-05-03,0.008762250836660712,0.01465493558176334,0.011784241571907828,0.0201633326425189,-0.011401081805858186,1.7149168605228162e-05,0.9828246484038016,0.48734163572115147,2023-10-19,2024-04-30,120,2024-05-06
2024-05-07,0.025724853058565866,-0.005339346800120381,0.019714928946726218,0.0050064861011950585,0.02071836695737081,-0.001065515251885947,1.0634983775118632,0.5960147279117337,2023-10-20,2024-05-03,120,2024-05-13
2024-05-08,-0.0053051833934976145,-0.00899681211464376,0.00018327847162069588,-0.01056534915789841,0.005260165764400795,-0.001119086347198474,1.0630016761738548,0.6403564278433885,2023-10-25,2024-05-07,120,2024-05-13
2024-05-09,0.08363714632951291,0.012154343579680926,-0.0008689072790009078,0.010726492524734498,0.07291065380477842,-0.0014955433447722106,1.048670011212726,0.6028948785916056,2023-10-26,2024-05-08,120,2024-05-13
2024-05-10,-0.009833060141024585,0.022713094657621724,0.0012520640426885166,0.02415857127940495,-0.03399163142042953,-0.0013274942442726267,1.0853511306087387,0.6664056541492029,2023-10-27,2024-05-09,120,2024-05-13
2024-05-14,0.007843268258449942,-0.002165538399223621,0.0026309717589825254,-0.00214583002891036,0.009989098287360302,-0.001631796081287819,1.0553100042285186,0.6732418862238813,2023-10-30,2024-05-10,120,2024-05-20
2024-05-17,-0.013605479342330806,0.009097388576737586,-0.002887286235914388,0.005763136395972888,-0.019368615738303695,-0.0019122847296132233,1.0539749252039754,0.66255929022103,2023-10-31,2024-05-14,120,2024-05-20
2024-05-21,-0.003921567425996919,-0.021392239476494268,-0.0006322988695472986,-0.024054735319050516,0.020133167893053597,-0.001822793987803952,1.0183295167773196,0.7078811364693967,2023-11-01,2024-05-17,120,2024-05-27
2024-05-22,0.11494111184989064,-0.001302550620623677,0.0028649691242481623,-0.0007728537141944124,0.11571396556408506,-0.001497537176191014,1.0014924786112276,0.7082722443279756,2023-11-02,2024-05-21,120,2024-05-27
2024-05-23,-0.008795256581605404,-0.017176021505719063,-0.0005494382976554135,-0.018043202186898616,0.009247945605293212,-0.000649332801033801,0.990715541830368,0.6867339516491782,2023-11-03,2024-05-22,120,2024-05-27
2024-05-24,-0.02323590240881046,-0.013862963229138714,-0.0037823992365790815,-0.016966706649776158,-0.006269195759034302,-0.0004996677610506386,0.9963625906641225,0.7018034758964823,2023-11-06,2024-05-23,120,2024-05-27
2024-05-28,-0.018441356238135587,-0.00032880202798324376,0.009882548262286406,0.006221796211578668,-0.024663152449714253,-0.0004995795112292465,1.0051399998470418,0.7135677566155587,2023-11-07,2024-05-24,120,2024-06-03
2024-05-29,-0.017065323853423298,-0.018454533214873337,0.009882548262286406,-0.012441886744629078,-0.0046234371087942195,-0.0007004504712952057,1.0078439427249413,0.6939357199259293,2023-11-08,2024-05-28,120,2024-06-03
2024-05-30,-0.008643037921705066,-0.013448262882953088,-0.006741930457593526,-0.018781122012576392,0.010138084090871326,-0.0004608474773878605,1.003117727031946,0.7164244232261927,2023-11-09,2024-05-29,120,2024-06-03
2024-05-31,-0.02638676050896782,-0.008294231653046324,-0.010164057028624995,-0.015737674670563293,-0.010649085838404529,-0.0002784140276583659,0.9972350259247147,0.7071942143880396,2023-11-10,2024-05-30,120,2024-06-03
2024-06-04,-0.0017653613044243954,0.0022292270229673505,-0.00010841530912664155,0.0015842098237043843,-0.0033495711281287797,-0.0005961288758459557,1.0141022589425814,0.740905143229051,2023-11-13,2024-05-31,120,2024-06-10
2024-06-05,-0.021429267152955234,-0.0010387264479074787,0.0021242806638248624,-0.00025460294919154116,-0.021174664203763693,-0.0007151199709204831,1.0046031172633607,0.7080160709897104,2023-11-14,2024-06-04,120,2024-06-10
2024-06-06,0.030224523734560638,0.0028096153374352895,0.019677194440522072,0.01585043156414792,0.014374092170412717,-0.000890825394910939,1.0049089595132576,0.7073086244969284,2023-11-15,2024-06-05,120,2024-06-10
2024-06-07,-0.07074565873942129,-0.005963121995771203,-0.000815533268594848,-0.0075093953919936896,-0.0632362633474276,-0.0007118365331741641,1.035183380211596,0.7659210220806925,2023-11-16,2024-06-06,120,2024-06-10
2024-06-12,-0.014842454515489045,-0.013208300419963237,0.007081621464934074,-0.009402120966764332,-0.0054403335487247136,-0.0011582273526125255,1.0426389009583406,0.7805548837391454,2023-11-17,2024-06-07,120,2024-06-17
2024-06-13,0.014842454515489045,0.009697093097518206,0.012723361034211678,0.018920408855157077,-0.0040779543396680315,-0.0014722572053021046,1.0759811513295476,0.7827158750006156,2023-11-20,2024-06-12,120,2024-06-17
2024-06-14,-0.011111209836225822,-0.009477500290504537,0.005987883942925265,-0.0070208380843699535,-0.004090371751855868,-0.0015319778799757263,1.0711710247947286,0.7787665122981254,2023-11-21,2024-06-13,120,2024-06-17
2024-06-18,0.034897935091693366,-0.0011474144259633334,0.004224664098309461,0.0008929932428330123,0.034004941848860354,-0.001307605811484024,1.071249253402756,0.8118434558729207,2023-11-22,2024-06-14,120,2024-06-24
2024-06-19,0.08640947277639377,0.028331872096202915,-9.518599832070151e-05,0.02907885935549339,0.05733061342090038,-0.0011856537114388872,1.0710082143548731,0.8315789879723046,2023-11-23,2024-06-18,120,2024-06-24
2024-06-20,-0.003316747740434778,-0.0051716951460996086,-9.518599832070151e-05,-0.006572162610782964,0.0032554148703481858,-0.0005839668197286289,1.1426368031983423,0.8281321159558648,2023-11-24,2024-06-19,120,2024-06-24
2024-06-21,-0.00666668148903371,-0.016874348941055217,-9.518599832070151e-05,-0.02002552641168987,0.013358844922656161,-0.0005988535282157929,1.1465942624000407,0.8261845997454869,2023-11-27,2024-06-20,120,2024-06-24
2024-06-25,-0.03141633280296041,0.0025035297223610087,-0.0026295327609524577,5.797861848694111e-05,-0.031474311421447354,-0.000642703653017653,1.1384045639969007,0.817387568791706,2023-11-28,2024-06-21,120,2024-07-01
2024-06-26,0.008826399977777566,0.0009418122473796586,0.011679235959245915,0.009759195958418563,-0.0009327959806409974,-0.0011433125646189792,1.1439638312888596,0.8412459008838029,2023-11-29,2024-06-25,120,2024-07-01
2024-06-27,-0.017731025691584357,-0.020860657496362123,0.0025050700721980235,-0.023098567086353303,0.005367541394768947,-0.0012079080125205746,1.150282340557383,0.8402906090373892,2023-11-30,2024-06-26,120,2024-07-01
2024-06-28,-0.014414641610887013,0.00012070930122831669,0.0019594232402866396,0.0005876559785498172,-0.01500229758943683,-0.0011987550546136137,1.1452937008849093,0.8411472299304333,2023-12-01,2024-06-27,120,2024-07-01
2024-07-03,-0.0018131869637891818,0.011717230452699567,0.010186357292736758,0.02066755373590898,-0.022480740699698163,-0.0014146817056881597,1.1501134203047432,0.8448644792069488,2023-12-04,2024-06-28,120,2024-07-08
2024-07-04,0.023319267324693804,0.0027610866540328516,0.008041017958831276,0.007895222771797605,0.015424044552896199,-0.0018867424759139492,1.1558441806355917,0.8196200207684894,2023-12-05,2024-07-03,120,2024-07-08
2024-07-05,-0.019696080613833544,-0.012765085269652587,0.008041017958831276,-0.009005850624035177,-0.010690229989798367,-0.0009596511623269533,1.0936556271940816,0.7355297432912634,2023-12-06,2024-07-04,120,2024-07-08
2024-07-09,0.03402297386059239,-4.7369032019517476e-05,0.008041017958831276,0.004020539874489583,0.030002433986102806,-0.001747335137801882,1.0674505627086064,0.7235948410966295,2023-12-07,2024-07-05,120,2024-07-15
2024-07-10,-0.007067249423105881,-0.0029467484467282645,0.0009115022271029005,-0.003911459905605772,-0.0031557895175001096,-0.0014400083609422969,1.065518032053819,0.7332533496669348,2023-12-08,2024-07-09,120,2024-07-15
2024-07-11,0.01757530266134788,0.020432398799984597,0.010685125678181251,0.02825947277817179,-0.010684170116823911,-0.0014339242173853455,1.0660852901417481,0.7403485397216367,2023-12-11,2024-07-10,120,2024-07-15
2024-07-12,-0.022908501505598977,0.025526186394101202,-0.02312660613098494,0.008715119183416886,-0.03162362068901586,-0.0018055327826909445,1.069111227907934,0.7251250104972623,2023-12-12,2024-07-11,120,2024-07-15
2024-07-16,-0.020277211791801086,-0.0161126823770239,0.005926135538377508,-0.014196729415729591,-0.006080482376071495,-0.0020669173833828373,1.0505179262922046,0.8094397460714603,2023-12-13,2024-07-12,120,2024-07-22
2024-07-17,-0.011235958930514212,0.0006445181161751634,0.0006485971936331936,-0.0010545394100730024,-0.01018141952044121,-0.002255839209141014,1.0606430715916697,0.7981781754737076,2023-12-14,2024-07-16,120,2024-07-22
2024-07-18,-0.007561560266770684,0.0021960815912063225,-0.02992725446224398,-0.023527107176610607,0.015965546909839923,-0.002437414645210003,1.0526071544601936,0.7819395446249715,2023-12-15,2024-07-17,120,2024-07-22
2024-07-19,-0.03475237850561497,-0.020499044193069693,-0.0043389761434919905,-0.0272739086658621,-0.007478469839752866,-0.0019915983411958587,1.0778062624324463,0.7348074785519124,2023-12-18,2024-07-18,120,2024-07-22
2024-07-23,-0.007590257122522814,-0.009487058469440868,-0.00930322080570356,-0.01929149761939044,0.011701240496867625,-0.002114773845361968,1.0868610759533077,0.7379819679321065,2023-12-19,2024-07-19,120,2024-07-29
2024-07-24,-0.021175017079142044,-0.009103382410430072,-0.0033349945555940508,-0.01436398423160055,-0.006811032847541495,-0.002079320698569919,1.0845434939450924,0.7231344239705738,2023-12-20,2024-07-23,120,2024-07-29
2024-07-25,-0.039687690652085994,-0.016843724112602487,-0.03709002395578764,-0.04735991202231522,0.007672221370229229,-0.002169114284899765,1.0859454647782179,0.7252470896062013,2023-12-21,2024-07-24,120,2024-07-29
2024-07-26,0.002022189613785752,-3.522636006181301e-05,-0.01092911152847087,-0.010130618667699133,0.012152808281484885,-0.0022231500621282593,1.0801277393933275,0.7200420287056299,2023-12-22,2024-07-25,120,2024-07-29
2024-07-30,-0.0039840625876319535,-0.013751448765086494,0.010201327585320996,-0.009772207293880075,0.005788144706248121,-0.002121120454829869,1.0811204526649658,0.7073477068849696,2023-12-28,2024-07-26,120,2024-08-05
2024-07-31,0.03636748029098458,0.01989668116600818,-0.013613540149910008,0.009682434369051246,0.026685045921933333,-0.002081705342401826,1.077921602904033,0.7112714721412826,2023-12-29,2024-07-30,120,2024-08-05
2024-08-01,-0.003976097096686448,-0.0022879764442151895,0.02970300820228111,0.015972206211945263,-0.01994830330863171,-0.0018016861463840649,1.0993561397123068,0.6830686364028365,2024-01-03,2024-07-31,120,2024-08-05
2024-08-02,-0.03548274462529388,-0.02099033164032349,-0.024502037844722935,-0.03988575314625499,0.0044030085209611075,-0.0016383454499031731,1.087926776216698,0.6289870238893023,2024-01-04,2024-08-01,120,2024-08-05
2024-08-06,0.011428759617440054,-0.0030600390609194505,-0.024085068902085283,-0.020508203476930224,0.031936963094370274,-0.0018079552215578732,1.083791757099689,0.6387278029922036,2024-01-05,2024-08-02,120,2024-08-12
2024-08-07,0.010277554704911651,0.013752232331089687,0.010391966361760652,0.01944252396073857,-0.009164969255826917,-0.0012606311636627781,1.073157909311749,0.5720609575368657,2024-01-08,2024-08-06,120,2024-08-12
2024-08-08,0.008146683096150742,0.0008274108615307085,-0.012035993103905795,-0.007328396100095133,0.015475079196245875,-0.0014044118322930075,1.0744126849643891,0.5660492602722711,2024-01-09,2024-08-07,120,2024-08-12
2024-08-09,0.016097126499003522,0.011676904917077735,0.03033581499365745,0.026317545453157266,-0.010220418954153744,-0.0015259995154203085,1.0766575110430037,0.5034154377281042,2024-01-10,2024-08-08,120,2024-08-12
2024-08-13,-0.015686592270221844,0.003640596824460829,0.0053770818844451895,0.005029393683760052,-0.020715985953981896,-0.0014645074725429751,1.0682937505050343,0.48440294877372925,2024-01-11,2024-08-09,120,2024-08-19
2024-08-14,0.0,-0.0035407292487832365,0.02437274756454677,0.0062072760476223066,-0.0062072760476223066,-0.0016584383330744822,1.0631527119218673,0.47717436259173074,2024-01-12,2024-08-13,120,2024-08-19
2024-08-15,-0.009930439247434197,-0.00024654832471959764,0.0012268893866078656,-0.0014077415874230088,-0.008522697660011189,-0.001719754512356908,1.064180422627377,0.46816349672739943,2024-01-15,2024-08-14,120,2024-08-19
2024-08-16,-0.034521364300065915,0.018589187862623646,0.02495722778722609,0.029676287433094264,-0.06419765173316018,-0.0017871711451059636,1.064085347918843,0.46811994679358315,2024-01-16,2024-08-15,120,2024-08-19
2024-08-20,-0.023061732264485713,-0.0033346182538291913,0.0009420394090486894,-0.0048671946639974595,-0.018194537600488253,-0.0019314283175717322,0.9870272374133139,0.3774711472404333,2024-01-17,2024-08-16,120,2024-08-26
2024-08-21,-0.01603466730335601,-0.006880435338883828,-0.0024447290548046396,-0.00986179675592355,-0.006172870547432459,-0.00210297623920135,0.9933588864854748,0.37798827977977867,2024-01-18,2024-08-20,120,2024-08-26
2024-08-22,0.03077158584550954,0.014272345755458105,0.005868564765318496,0.01418340410481695,0.01658818174069259,-0.0022278981361593887,0.9925555905622583,0.38258173177663274,2024-01-19,2024-08-21,120,2024-08-26
2024-08-23,-0.02969448457803958,-0.001639594669381239,-0.016406095267033294,-0.010035895594470087,-0.019658588983569494,-0.002174145752799877,1.0051736321605869,0.37874170614277725,2024-01-22,2024-08-22,120,2024-08-26
2024-08-27,0.014736918542153532,0.004257489726315455,0.011681513835858581,0.006192549898114663,0.00854436864403887,-0.0025419004018072703,1.0319813543218874,0.37159569788142466,2024-01-23,2024-08-23,120,2024-09-02
2024-08-28,-0.012618408476358312,-0.010246671750167025,0.0039701178385627145,-0.011611538719002995,-0.0010068697573553161,-0.002393276339775173,1.0452259120348344,0.37576326618611344,2024-01-24,2024-08-27,120,2024-09-02
2024-08-29,0.002114245547798266,0.005291689313814629,-0.012081669607930223,-0.000960493216578334,0.0030747387643766,-0.00216588145128964,1.0920053128733693,0.37852091295790347,2024-01-25,2024-08-28,120,2024-09-02
2024-08-30,0.012591925330986964,0.011334728547391038,-0.0017150619512644738,0.009599045166002834,0.0029928801649841304,-0.002140377122715467,1.0925990528351126,0.3760163799498883,2024-01-26,2024-08-29,120,2024-09-02
2024-09-03,0.0010597623531687361,-0.0022906917080121048,0.012812043156722908,0.0010461208334352633,1.364151973347284e-05,-0.0014092252837215702,1.0274787508130963,0.3753486554000245,2024-01-29,2024-08-30,120,2024-09-09
2024-09-04,-0.009579512823759462,-0.011060030727188419,0.012812043156722908,-0.008002399249547702,-0.0015771135742117595,-0.0009374167312644075,1.0488879218759257,0.35402238905675176,2024-01-30,2024-09-03,120,2024-09-09
2024-09-05,-0.004287304995941099,-0.0007471891219505977,-0.002304899175776143,-0.0024991659830295642,-0.001788139012911535,-0.0008992096046432285,1.0420310832785726,0.3563548882564924,2024-01-31,2024-09-04,120,2024-09-09
2024-09-10,-0.017660610598882354,0.002156711445008952,-0.02725722550777654,-0.007854227363668406,-0.009806383235213947,-0.0006688702354667479,1.0228766927068462,0.3445474300205658,2024-02-01,2024-09-05,120,2024-09-16
2024-09-11,0.0022247790557674563,-0.007301644620417491,0.009071524962902089,-0.004948151125625321,0.007172930181392778,-0.0007872396342466989,1.0207284771550391,0.36290316305255804,2024-02-02,2024-09-10,120,2024-09-16
2024-09-12,0.009950314125913629,0.007667177689196336,0.021485190250164266,0.015479447407053905,-0.005529133281140276,-0.000530844278330183,1.0146835482017242,0.3830793456880991,2024-02-05,2024-09-11,120,2024-09-16
2024-09-13,0.015284053940486153,0.007437257666543573,0.010252669307922346,0.0110601539379181,0.004223900002568053,-0.00046267299755764057,1.0111054010622158,0.3904325224504237,2024-02-06,2024-09-12,120,2024-09-16
2024-09-17,0.004246236048869534,0.013562687245723737,0.004700832017872969,0.013914665999374189,-0.009668429950504655,-0.0007302983590801999,0.9405766426772582,0.4016773022330349,2024-02-07,2024-09-13,120,2024-09-23
2024-09-20,0.0010656244588567176,0.013531965412463265,0.02531467495553663,0.022008235470139824,-0.020942611011283106,-0.00047892495420848126,0.9269744994674217,0.3927908842118064,2024-02-08,2024-09-17,120,2024-09-23
2024-09-24,0.030677269419674857,0.04046180412590061,-0.0024394780361376434,0.035900104094438993,-0.005222834674764136,-0.0007518230250459419,0.9273063451500824,0.35604361663270057,2024-02-09,2024-09-20,120,2024-09-30
2024-09-25,-0.00707442301623562,0.00674223420283937,0.004146943621870847,0.006883806299114986,-0.013958229315350606,-0.0007767231609351498,0.9160490894663833,0.35792913840010054,2024-02-15,2024-09-24,120,2024-09-30
2024-09-26,0.045597706199568044,0.04074343392752944,0.0018744076909626983,0.03672734332450068,0.008870362875067365,-0.0009971293846369562,0.9099138033389864,0.34755500961161695,2024-02-16,2024-09-25,120,2024-09-30
2024-09-27,0.05651214765903756,0.03490369752957356,0.006241621404402764,0.034375371818158224,0.022136775840879336,-0.0008044988373968501,0.946055875373166,0.34590732048105255,2024-02-19,2024-09-26,120,2024-09-30
2024-10-03,-0.02554887406196782,-0.014822585393766019,0.0003201577917195664,-0.015303155497774713,-0.010245718564193106,-0.0007923475733571498,0.9866660259307971,0.35649140211901276,2024-02-20,2024-09-27,120,2024-10-07
2024-10-04,0.029145953680192793,0.027799074765251675,-0.00011819129974277587,0.026978258255013588,0.002167695425179205,-0.0007287102627670614,0.9981589650362809,0.3462791166373929,2024-02-21,2024-10-03,120,2024-10-07
2024-10-08,-0.11325971599839146,-0.09879295170828861,0.012136209357015204,-0.09364468130298775,-0.01961503469540371,-0.0009396489878243488,0.9829345008706674,0.3627136144630449,2024-02-22,2024-10-04,120,2024-10-14
2024-10-09,0.0,-0.013932889427396233,0.016495531182457057,-0.009794293222207026,0.009794293222207026,-0.0012668327258603413,1.0336251523120554,0.35609186483425725,2024-02-23,2024-10-08,120,2024-10-14
2024-10-10,0.039815749612349016,0.029352867458538157,0.007708775226381803,0.032527869480328736,0.00728788013202028,-0.0009616879544841685,1.0273712384490683,0.4323988628564158,2024-02-26,2024-10-09,120,2024-10-14
2024-10-15,-0.014545707651220763,-0.037389000387983984,0.0014913928068427396,-0.039613165274716006,0.025067457623495243,-0.001335377667201025,1.0416858842917665,0.4491146271821473,2024-02-27,2024-10-10,120,2024-10-21
2024-10-16,0.0072993929458120554,-0.0015731539144159257,-0.013095987551183796,-0.008544788341164894,0.015844181286976948,-0.0010678941363388888,1.0168845881982906,0.4487770174965825,2024-02-28,2024-10-15,120,2024-10-21
2024-10-17,-0.009132643349713199,-0.0102934199915925,0.0010488539763624516,-0.01069513965025054,0.0015624963005373416,-0.0007700379184804595,1.0086668657802473,0.4362189204793151,2024-02-29,2024-10-16,120,2024-10-21
2024-10-18,0.06051680465764386,0.03547107965181873,0.0012137874882203192,0.03545938269506395,0.025057421962579915,-0.0008508421468712904,1.008588016646585,0.4403727775922912,2024-03-01,2024-10-17,120,2024-10-21
2024-10-22,-0.028121263750942038,0.0009999793973882731,0.006596145102035322,0.002862281702380797,-0.030983545453322835,-0.000940510537588939,1.0284873815224114,0.4205980925309632,2024-03-04,2024-10-18,120,2024-10-28
2024-10-23,-0.012556328852881826,0.012661675312513054,0.001216888852290765,0.011819132001620146,-0.02437546085450197,-0.0016429823951507497,1.02824262885907,0.36391169730813916,2024-03-05,2024-10-22,120,2024-10-28
2024-10-24,-0.027449132981418156,-0.013116928016357221,-0.016339899952669157,-0.021743064439392147,-0.005706068542026009,-0.0020565798795980253,1.0374578914501855,0.37198661529426336,2024-03-06,2024-10-23,120,2024-10-28
2024-10-25,0.02020281827600945,0.0048944505696102425,0.008331563916248896,0.006160702356138024,0.014042115919871425,-0.001954321903195323,1.0473835051811429,0.35871506188296853,2024-03-07,2024-10-24,120,2024-10-28
2024-10-28,-0.012809070809622902,0.0004471519365409904,0.005871679674342545,0.0006859333945191796,-0.013495004204142081,-0.001908411480618754,1.0519672654942243,0.36172880555380116,2024-03-08,2024-10-25,120,2024-10-28
2024-10-29,-0.011111270269956286,0.0049288243992311465,2.6690643373683542e-05,0.003230361486958214,-0.0143416317569145,-0.001970430187332654,1.0532107505780663,0.3634543076886112,2024-03-11,2024-10-28,120,2024-11-04
2024-10-30,-0.022599635061616663,-0.01560334010576625,0.0099096579559248,-0.01511499885915096,-0.007484636202465703,-0.0017774622499657454,1.0648980528014613,0.3308317906859847,2024-03-12,2024-10-29,120,2024-11-04
2024-10-31,-0.019231404105622296,-0.0031112410201679097,-0.00806380741913948,-0.0077380776008986905,-0.011493326504723605,-0.0017800770789769885,1.0735577984276463,0.3246485594036946,2024-03-13,2024-10-30,120,2024-11-04
2024-11-01,0.0,0.009264259976971445,-0.024665247952137648,0.00019428260918996892,-0.00019428260918996892,-0.002044118435403917,1.075330171077523,0.3131424924791838,2024-03-14,2024-10-31,120,2024-11-04
2024-11-04,0.0058081685150246365,0.002974629416341301,0.007466227415983795,0.003554080249983838,0.0022540882650407983,-0.0019222276044932153,1.0726494329458354,0.3061215752578834,2024-03-15,2024-11-01,120,2024-11-04
2024-11-05,0.011516488743219977,0.021141211210547795,-0.0031673775753588984,0.019796528105030735,-0.008280039361810758,-0.0019908572183164504,1.0769086774644765,0.30933112901450904,2024-03-18,2024-11-04,120,2024-11-11
2024-11-06,-0.04688347524614356,-0.022558948152386904,0.012681634814303067,-0.02227886658611625,-0.024604608660027307,-0.002135806668044725,1.0716089683468835,0.31788576926626955,2024-03-19,2024-11-05,120,2024-11-11
2024-11-07,-0.02634404527670009,0.020002680675800022,0.02684918694226468,0.027537351064131434,-0.05388139634083153,-0.0023162482515151715,1.087830450071826,0.3014644060117424,2024-03-20,2024-11-06,120,2024-11-11
2024-11-08,0.009197801470679057,-0.010803470231886436,0.015885500112084117,-0.010466852284763729,0.019664653755442785,-0.0026161223709571494,1.060338309120557,0.22691154946794084,2024-03-21,2024-11-07,120,2024-11-11
2024-11-11,0.019144321735323988,-0.014640470152079033,9.236337893625546e-05,-0.017883365441526983,0.03702768717685097,-0.0025376977662068087,1.0496718389822373,0.23842298788545918,2024-03-22,2024-11-08,120,2024-11-11
2024-11-12,-0.056454286846066015,-0.028807253789350895,-7.586857320163176e-06,-0.03281635770864971,-0.023637929137416303,-0.0024696469255806553,1.0533792888174105,0.2301708845003126,2024-03-25,2024-11-11,120,2024-11-18
2024-11-13,0.023996984711697866,-0.0011813182952487011,-0.0015613008261894379,-0.0035574871129527555,0.027554471824650623,-0.0019409446981288932,1.068741686251933,0.22674573792645383,2024-03-26,2024-11-12,120,2024-11-18
2024-11-14,-0.03781967645687345,-0.01974827198364615,-0.001349031846075377,-0.02321501024093261,-0.014604666215940844,-0.001957611372710109,1.060689934674293,0.23024330290075096,2024-03-27,2024-11-13,120,2024-11-18
2024-11-15,-0.01836894762758634,-0.0004873998591055084,-0.006275187098733426,-0.004118790210232955,-0.014250157417353386,-0.0021287679896365933,1.0705737579047074,0.23397305908662022,2024-03-28,2024-11-14,120,2024-11-18
2024-11-18,-0.02093746895010451,0.0077055852335998765,-0.02430662324629651,0.00023330466272094078,-0.02117077361282545,-0.0021623344316667008,1.0735267974833989,0.2417659205323627,2024-04-03,2024-11-15,120,2024-11-18
2024-11-19,0.005552526116977319,0.004437312439408814,0.007720886435407692,0.004507755757777019,0.0010447703592003001,-0.0022348015098281023,1.0629241184083653,0.2624090992392705,2024-04-09,2024-11-18,120,2024-11-25
2024-11-20,-0.001107794281473229,0.002100139464801032,0.006690764145716344,0.0019550037016479067,-0.0030627979831211356,-0.002106748297329649,1.065510098962932,0.2726194124133425,2024-04-10,2024-11-19,120,2024-11-25
2024-11-21,0.019758892726982502,-0.005286740838050363,-0.0008729431232961105,-0.00790035838359214,0.027659251110574642,-0.0019785552943899923,1.0749465850427273,0.27360210872864177,2024-04-11,2024-11-20,120,2024-11-25
2024-11-22,-0.014231258679839431,-0.019116129298927476,0.003518909250155744,-0.021199587615238217,0.0069683289353987855,-0.0016691989324402966,1.0705591625698418,0.26558192456862306,2024-04-12,2024-11-21,120,2024-11-25
2024-11-25,0.004400613252723673,-0.004115612444474337,0.001682119654907055,-0.005409819878061201,0.009810433130784873,-0.0015220498987621308,1.058274668263108,0.27802921968851835,2024-04-16,2024-11-22,120,2024-11-25
2024-11-26,-0.002197885953689749,0.00042855358419302547,0.0014247742684965203,-0.000503771741550182,-0.0016941142121395668,-0.0013348240515246572,1.0508197976160514,0.2672140617523067,2024-04-17,2024-11-25,120,2024-12-02
2024-11-27,0.03330916452572552,0.022906313962167246,0.005548231139426818,0.024165631820259496,0.009143532705466025,-0.001387593655885768,1.050764547271001,0.2674875683341683,2024-04-18,2024-11-26,120,2024-12-02
2024-11-28,-0.02501493383775122,-0.012120721421254643,-0.00851475856897288,-0.016257766396025133,-0.008757167441726086,-0.0012050229013243951,1.0593869856823352,0.25980877156089766,2024-04-19,2024-11-27,120,2024-12-02
2024-11-29,0.003298547308682398,0.0029207344627568688,-0.00851475856897288,-0.0005950970174816105,0.0038936443261640085,-0.0014071800936667515,1.065929125752044,0.27026166832734344,2024-04-23,2024-11-28,120,2024-12-02
2024-12-02,0.0,0.0065007678832174065,-0.00851475856897288,0.0032124102834876363,-0.0032124102834876363,-0.0013987271721557478,1.06480458075217,0.2714005272250319,2024-04-24,2024-11-29,120,2024-12-02
2024-12-03,0.03981148441675808,0.009977088569820936,0.010861523412980745,0.011697499131379742,0.02811398528537834,-0.0015824101325064852,1.0507595660921543,0.2574581760838622,2024-04-25,2024-12-02,120,2024-12-09
2024-12-04,-0.01487801661964383,-0.00019546690934113542,0.003034062039693808,-0.000883049701006118,-0.013994966918637712,-0.0014995030063723457,1.0564804271104822,0.27124042239952617,2024-04-26,2024-12-03,120,2024-12-09
2024-12-05,-0.01727905416701958,-0.009262562505197636,0.01252366510991898,-0.008003020669526826,-0.009276033497492755,-0.0016565868672748377,1.0536042994408392,0.2724954593652361,2024-04-30,2024-12-04,120,2024-12-09
2024-12-06,0.008676955777504158,0.015493026229595586,-0.002961729907951849,0.013903804668900012,-0.005226848891395854,-0.0016436130511747805,1.0563540606485233,0.2764274510968999,2024-05-03,2024-12-05,120,2024-12-09
2024-12-09,0.01925188348062079,0.027223183544091256,0.008805931495647457,0.029649873910414452,-0.010397990429793662,-0.0016283186241122045,1.0574776868116031,0.28279613280028515,2024-05-07,2024-12-06,120,2024-12-09
2024-12-10,0.008438871327621555,-0.005048978926398107,-0.008658917613830752,-0.009364187073792043,0.0178030584014136,-0.001887842699067374,1.0543012783998766,0.24866842878489084,2024-05-08,2024-12-09,120,2024-12-16
2024-12-11,-0.018018377005897257,-0.007721446028213563,-0.004106053806832932,-0.010887317635534209,-0.007131059370363048,-0.0017734915150124765,1.053595745766005,0.2383172457228152,2024-05-09,2024-12-10,120,2024-12-16
2024-12-12,0.014862113370125662,0.011935404750367695,0.018331549228316035,0.014442037630524748,0.00042007573960091416,-0.002468768431290272,1.0287036114437498,0.25272343506640227,2024-05-10,2024-12-11,120,2024-12-16
2024-12-13,-0.03757815792393604,-0.02109707047705811,-0.0067688196390172095,-0.026039666915171605,-0.011538491008764435,-0.002195675785327472,1.0497294218339341,0.25082298334346914,2024-05-14,2024-12-12,120,2024-12-16
2024-12-16,0.006543045804564773,-0.00883910455812753,0.007648624492340161,-0.009782526306570198,0.016325572111134973,-0.0023921929136511435,1.0569131519091333,0.25518738272752106,2024-05-17,2024-12-13,120,2024-12-16
2024-12-17,-0.006543045804564773,-0.004811121094054016,0.014451149245108041,-0.0034914242758975708,-0.0030516215286672025,-0.0020877623252237515,1.0587145798777258,0.2553390069241414,2024-05-21,2024-12-16,120,2024-12-23
2024-12-18,0.03017460468428501,0.008293750708533665,-0.004476417767953933,0.0054668608363367685,0.024707743847948244,-0.002280564766616437,1.0718154334126337,0.25510228636504095,2024-05-22,2024-12-17,120,2024-12-23
2024-12-19,-0.006389854133270756,-0.0056562154176393875,-0.03715519205674589,-0.01798196338694246,0.011592109253671705,-0.003022461557323534,1.0815995306689037,0.23796786933665287,2024-05-23,2024-12-18,120,2024-12-23
2024-12-20,0.01168375424245971,-0.001611754127916143,-0.00450244135920741,-0.005719224628871711,0.01740297887133142,-0.0029984656928419944,1.087100828101878,0.2151321053620495,2024-05-24,2024-12-19,120,2024-12-23
2024-12-23,0.0021096531304620747,0.008202870838481147,0.00822069016256144,0.007805916811733943,-0.005696263681271868,-0.002808215085258947,1.0849283848953046,0.20857184163239428,2024-05-28,2024-12-20,120,2024-12-23
2024-12-24,0.01775501566626181,0.010763013448714887,0.010357931606788995,0.011159843536062482,0.006595172130199327,-0.002719939153825736,1.0832135566201737,0.21443862505320857,2024-05-29,2024-12-23,120,2024-12-30
2024-12-30,-0.03468557141292905,-0.0024439941007212695,-0.013374763720898741,-0.008237413783453827,-0.026448157629475222,-0.002696314069176792,1.0871620898283596,0.21563610695433777,2024-05-30,2024-12-24,120,2024-12-30
2024-12-31,-0.007874059543958367,0.000924122970898722,-0.01356173413822681,-0.005283587993982694,-0.002590471549975673,-0.003035796393950139,1.0921266754384311,0.24016478384985657,2024-05-31,2024-12-30,120,2025-01-06
2025-01-02,-0.03315219505269784,-0.022006580228953965,-0.008738893603982945,-0.02897858514280008,-0.004173609909897763,-0.002951305852113285,1.0892883905390152,0.2352433872046291,2024-06-04,2024-12-31,120,2025-01-06
2025-01-03,0.004077479181864518,0.00695466163860381,-0.001170587378329202,0.0043383152323577335,-0.00026083605049321505,-0.0029783991441850455,1.0919673624362083,0.23710246218086828,2024-06-05,2025-01-02,120,2025-01-06
2025-01-06,0.0030472610823211177,-0.0036493373243651206,0.01771496447870824,-0.0025993549803725296,0.005646616062693647,-0.0028331401513039364,1.0912812868684685,0.23800435544475634,2024-06-06,2025-01-03,120,2025-01-06
2025-01-07,-0.01430060693237678,-0.012301350400948152,0.010978503585169719,-0.01397585098488989,-0.0003247559474868905,-0.002972820949041469,1.089516202060489,0.21856262236405574,2024-06-07,2025-01-06,120,2025-01-13
2025-01-08,-0.019740830016360622,-0.008662662458368331,-0.018375997868361083,-0.01570906413118009,-0.004031765885180533,-0.002458155798409347,1.0793039318699,0.21230208606570625,2024-06-12,2025-01-07,120,2025-01-13
2025-01-09,0.02997638924860091,-0.002022247841594549,0.000522450258637619,-0.004570833051588581,0.034547222300189494,-0.0024991576551096593,1.0802805429461049,0.21613464237702457,2024-06-13,2025-01-08,120,2025-01-13
2025-01-10,-0.050114888519279255,-0.009220832024082526,0.000522450258637619,-0.012064667471138532,-0.03805022104814072,-0.0022425789596986715,1.0772748448611627,0.21299994584110093,2024-06-14,2025-01-09,120,2025-01-13
2025-01-13,-0.007522902586339253,-0.010024138125530158,0.000522450258637619,-0.013349398457225227,0.005826495870885974,-0.002559490862772792,1.0874949561799299,0.21301943155844377,2024-06-18,2025-01-10,120,2025-01-13
2025-01-14,0.001078248815919114,0.018147156185989388,-0.002507198888700657,0.016392529290162074,-0.01531428047424296,-0.002819849763009918,1.0872302714680486,0.2065087439324185,2024-06-19,2025-01-13,120,2025-01-20
2025-01-15,-0.010834400396599442,0.0034431693776291183,-0.0014522730301340658,-0.0002305541220190446,-0.010603846274580397,-0.00345787689897069,1.028900362216455,0.2171461125560174,2024-06-20,2025-01-14,120,2025-01-20
2025-01-16,0.011911487844140645,0.012204565457663463,0.023134705005125156,0.014019998128062304,-0.0021085102839216597,-0.0035934773520029917,1.0285063133831644,0.21876236820997472,2024-06-21,2025-01-15,120,2025-01-20
2025-01-17,-0.006479669086926432,0.003128342656674832,-0.0071784551043769795,-0.0020458249216924428,-0.004433844165233989,-0.0037284740012018674,1.035079578141751,0.21668095644924998,2024-06-25,2025-01-16,120,2025-01-20
2025-01-20,0.018250728261463678,0.017299905767016455,0.01679584183446714,0.01800095969970961,0.0002497685617540678,-0.0035138710236152135,1.0370244694557254,0.21281488352167147,2024-06-26,2025-01-17,120,2025-01-20
2025-01-21,0.0010632379830366467,0.009029767740761585,0.01679584183446714,0.009283920293337451,-0.008220682310300804,-0.003580796965856497,1.0372398630334965,0.20830645102660994,2024-06-27,2025-01-20,120,2025-01-27
2025-01-22,-0.02801913903893416,-0.01643655494584806,0.01679584183446714,-0.017414645547192038,-0.010604493491742122,-0.003699971327644804,1.0400488057969954,0.2012489255740823,2024-06-28,2025-01-21,120,2025-01-27
2025-01-23,0.005449688867823266,-0.003962027041914951,0.013865963867525366,-0.00515186357933837,0.010601552447161636,-0.0036854942992014484,1.045722372095364,0.1930490416688272,2024-07-03,2025-01-22,120,2025-01-27
2025-01-24,0.028925458988909192,0.018389192462930026,0.002441337234797558,0.01626064165401836,0.012664817334890832,-0.003510676198771755,1.048004603506841,0.2045434320783421,2024-07-04,2025-01-23,120,2025-01-27
2025-01-27,0.0021096531304620747,0.006535897107303512,-0.0056117784475091526,0.0021943473542738864,-8.469422381181171e-05,-0.0035832477261094403,1.053520797787087,0.197461190729871,2024-07-05,2025-01-24,120,2025-01-27
2025-01-28,-0.022377046553375468,0.0013526917754766998,-0.030339448854489248,-0.008166316060766211,-0.014210730492609257,-0.0035496042894825708,1.051751797495818,0.1990612224554446,2024-07-09,2025-01-27,120,2025-02-03
2025-02-04,0.06682251603497491,0.02793353953938471,-0.00801974102754599,0.023729921052853917,0.043092594982120994,-0.003976004925392889,1.0515075624468933,0.20778751927298048,2024-07-10,2025-01-28,120,2025-02-10
2025-02-05,0.039147462991837134,-0.009320426864873,0.012341387588834962,-0.01143566162496125,0.05058312461679838,-0.003625060093002898,1.0862717310565602,0.18749226341668973,2024-07-11,2025-02-04,120,2025-02-10
2025-02-06,0.04992134581067598,0.014198284398169392,0.003412919829589356,0.01276943201703626,0.03715191379363972,-0.0031960409566308603,1.0723975395089913,0.21660858055089868,2024-07-12,2025-02-05,120,2025-02-10
2025-02-07,0.06072693638154503,0.011513227052974528,0.005234771711016606,0.011286056994804238,0.049440879386740785,-0.0025044044664958866,1.1214986046931745,0.16779975027848865,2024-07-16,2025-02-06,120,2025-02-10
2025-02-10,-0.003278692406252226,0.018213452729863633,-0.01301975301375613,0.01629997167345145,-0.019578664079703677,-0.00210543506216309,1.1365562964275178,0.1762865733145562,2024-07-17,2025-02-07,120,2025-02-10
2025-02-11,-0.0016434275091601336,-0.010609060585620611,0.012767499456979081,-0.011707629603106564,0.01006420209394643,-0.0021897858587941305,1.1257540235200016,0.1899627177498464,2024-07-18,2025-02-10,120,2025-02-17
2025-02-12,0.051293310903879785,0.02609762399583282,-0.0030687351503058125,0.026611470988105193,0.024681839915774592,-0.0020890340738651714,1.1223836813911228,0.19260125266101236,2024-07-19,2025-02-11,120,2025-02-17
2025-02-13,-0.051293310903879785,-0.0019944361342698613,0.0015234000189714436,-0.0037962256262916304,-0.047497085277588155,-0.0018122673657783228,1.13521024102152,0.18389527417910673,2024-07-23,2025-02-12,120,2025-02-17
2025-02-14,0.03713095282970613,0.036280175342621845,0.013942817093349547,0.04174327945180129,-0.00461232662209516,-0.002275132180416857,1.1415312732910663,0.18672387801556123,2024-07-24,2025-02-13,120,2025-02-17
2025-02-17,0.0,-0.0001812520375850113,0.003621033821731956,-0.001775723726119148,0.001775723726119148,-0.0022313036262693155,1.134830286501975,0.18261917298953712,2024-07-25,2025-02-14,120,2025-02-17
2025-02-18,-0.004765657807719315,0.015817659366701875,0.003621033821731956,0.01637314987422374,-0.021138807681943053,-0.0020668063908717378,1.1293314152575524,0.15922983733976565,2024-07-26,2025-02-17,120,2025-02-24
2025-02-19,0.001591130652951911,-0.0014185353953131141,0.003621033821731956,-0.003286606855634238,0.004877737508586149,-0.0022826012820972184,1.1211304316402608,0.16193099964664304,2024-07-30,2025-02-18,120,2025-02-24
2025-02-20,-0.06570517726800285,-0.016136110968076878,-0.00023971088772789528,-0.020552742990613215,-0.04515243427738963,-0.002341974759244009,1.1262442740466092,0.15671231518935097,2024-07-31,2025-02-19,120,2025-02-24
2025-02-21,0.1436667027728058,0.03912957781720827,-0.004421435997970846,0.040837355074800345,0.10282934769800545,-0.002933582150631435,1.1386186514009253,0.17703069750295813,2024-08-01,2025-02-20,120,2025-02-24
2025-02-24,-0.04666013425604154,-0.005822823683153899,-0.02106929316571282,-0.012350273536953655,-0.034309860719087884,-0.0021834162415785346,1.2449174373291847,0.1384917156343894,2024-08-02,2025-02-21,120,2025-02-24
2025-02-25,-0.013964506019820355,-0.013265344816833391,-0.01297934061291528,-0.021387392896136035,0.00742288687631568,-0.0025167152471333287,1.2489960075819337,0.17738304296361213,2024-08-06,2025-02-24,120,2025-03-03
2025-02-26,-0.010997797339861837,0.03220606286526362,-0.011919535319659502,0.035071747276271874,-0.04606954461613371,-0.0026884541588433975,1.2481448806944404,0.20450722214534064,2024-08-07,2025-02-25,120,2025-03-03
2025-02-27,-0.027223509215871022,-0.0029318551009520633,0.00207723407206295,-0.006056057650299455,-0.021167451565571566,-0.0030125464094938152,1.211937663312871,0.24538129153057645,2024-08-08,2025-02-26,120,2025-03-03
2025-02-28,-0.06194438192724361,-0.0333067758621155,-0.027950644594550766,-0.05094243897657898,-0.011001942950664631,-0.0033238107628587553,1.2151368627428074,0.25567700452763703,2024-08-09,2025-02-27,120,2025-03-03
2025-03-03,-0.013913272169349344,0.002827102019052674,0.016583338361161992,0.004633809953151418,-0.018547082122500762,-0.0034421014008812335,1.2251805067689654,0.2781225932435811,2024-08-13,2025-02-28,120,2025-03-03
2025-03-04,-0.0017528934108979044,-0.0028075210034081977,-0.02209664420354507,-0.012747209197535546,0.010994315786637641,-0.003428790584098324,1.2259736644046293,0.2659440839461551,2024-08-14,2025-03-03,120,2025-03-10
2025-03-05,0.04628064234447171,0.02804213658679089,-0.003654824998246653,0.030123889006046865,0.016156753338424847,-0.0033297402424703067,1.2254968053035584,0.24951114018279213,2024-08-15,2025-03-04,120,2025-03-10
2025-03-06,0.045834637402276,0.03233962347699304,0.01285554625369656,0.03996373485514191,0.005870902547134092,-0.00315585627840915,1.2361964780780603,0.24436631683530316,2024-08-16,2025-03-05,120,2025-03-10
2025-03-07,0.009554216242302349,-0.0056957880318471155,-0.02857127303336071,-0.019435135477146797,0.028989351719449146,-0.0027395959688278253,1.2630394748747351,0.3325555138016672,2024-08-20,2025-03-06,120,2025-03-10
2025-03-10,-0.01597478637378824,-0.018653565793915305,0.007647356509805192,-0.023580821517719692,0.007606035143931451,-0.002317269411460511,1.2569754001943505,0.28552627562210786,2024-08-21,2025-03-07,120,2025-03-10
2025-03-11,0.008019332176222527,-5.674725010429427e-05,-0.039037634549311306,-0.013527060382286689,0.021546392558509216,-0.002209561677440726,1.2519621510296184,0.28809259130017606,2024-08-22,2025-03-10,120,2025-03-17
2025-03-12,-0.07287994762372785,-0.007675034372553569,-0.003039772000629881,-0.012430298691957858,-0.06044964893176999,-0.002117396521526908,1.2484283245569934,0.2405351018546969,2024-08-23,2025-03-11,120,2025-03-17
2025-03-13,-0.017331462384567065,-0.005850058989279816,0.01140903717988273,-0.007196056044489947,-0.010135406340077119,-0.0024599990247632505,1.2613116333745529,0.23163132854357812,2024-08-27,2025-03-12,120,2025-03-17
2025-03-14,0.013889117003651474,0.02097514636463238,-0.0192444212883931,0.019634119211769937,-0.0057450022081184625,-0.0026178906390421455,1.2630233143771914,0.22032821702723415,2024-08-28,2025-03-13,120,2025-03-17
2025-03-17,0.008583703736767756,0.00771598127508355,0.024914919825221205,0.012674644317120553,-0.004090940580352797,-0.002680202486440222,1.260787106300128,0.22583404397658977,2024-08-29,2025-03-14,120,2025-03-17
2025-03-18,0.013582556976365456,0.024343479580659633,0.005588594876256181,0.029198656991294123,-0.015616100014928667,-0.0027176628429763138,1.260256708225302,0.2213948977506377,2024-08-30,2025-03-17,120,2025-03-24
2025-03-19,0.006722632844497589,0.0012348721466448609,-0.017050591677646665,-0.005014954186374885,0.011737587030872475,-0.0028389095869864977,1.251422388772209,0.21825584245558535,2024-09-03,2025-03-18,120,2025-03-24
2025-03-20,-0.02201601189813296,-0.02250264963184989,0.012839889943119687,-0.028305201752640476,0.006289189854507517,-0.002770178093937505,1.2520224315623496,0.20551565953066075,2024-09-04,2025-03-19,120,2025-03-24
2025-03-21,-0.03307521881330944,-0.022135413008379956,-0.0029694155741584183,-0.031025005396991105,-0.0020502134163183326,-0.002750131730806274,1.2496126145580244,0.20683610196107982,2024-09-05,2025-03-20,120,2025-03-24
2025-03-24,0.015803626313330543,0.009069862293262787,0.004219298006638894,0.009449799974843487,0.006353826338487056,-0.002768438139521718,1.2507867474598482,0.2070900313965678,2024-09-10,2025-03-21,120,2025-03-24
2025-03-25,-0.01934973042499477,-0.023760389628574075,0.021416317563947018,-0.028280693199436498,0.008930962774441727,-0.002608260343520191,1.2524723916874665,0.19082641809952422,2024-09-11,2025-03-24,120,2025-03-31
2025-03-26,0.01934973042499477,0.0059396940920919405,0.005430468669525013,0.005847924144956926,0.013501806280037845,-0.00263415826675242,1.2495971805685373,0.1951686834581004,2024-09-12,2025-03-25,120,2025-03-31
2025-03-27,-0.0105078928972131,0.004057641157420022,-0.018216532665064733,-0.0010800926371161835,-0.009427800260096916,-0.0025171889227842146,1.2510287732530234,0.19977070393748206,2024-09-13,2025-03-26,120,2025-03-31
2025-03-28,-0.04501224969745099,-0.006475924150091572,-0.005960953192907681,-0.011966570913318488,-0.033045678784132504,-0.0026492481413582423,1.2495360106648183,0.20557489791143996,2024-09-17,2025-03-27,120,2025-03-31
2025-04-01,0.01327038925193147,0.0037671751440537804,-0.026419886439473572,-0.0038787252597723863,0.017149114511703856,-0.0028513740719778727,1.2588466500568813,0.2183827326919853,2024-09-20,2025-03-28,120,2025-04-07
2025-04-02,0.0037594041657396104,-0.00018576192554142779,0.008417804701279508,-0.0009498619333389031,0.004709266099078514,-0.0025623167259749098,1.2651690108204792,0.21947230777883764,2024-09-24,2025-04-01,120,2025-04-07
2025-04-03,-0.0810595379565382,-0.015318468006254804,0.007746447361666853,-0.020339807072891826,-0.06071973088364637,-0.0023972535539981328,1.282068228336459,0.21903816543188015,2024-09-25,2025-04-02,120,2025-04-07
2025-04-08,-0.010610182644795962,0.014985717050928216,-0.06259266901090577,0.004418922236664648,-0.01502910488146061,-0.002810121860871269,1.3086866481927268,0.19782769957373858,2024-09-26,2025-04-03,120,2025-04-14
2025-04-09,0.0,0.006774138171509847,-0.019559156152073598,0.00134441583642028,-0.00134441583642028,-0.002870387188893534,1.3093852470673046,0.2380038035313268,2024-09-27,2025-04-08,120,2025-04-14
2025-04-10,0.06828149824569452,0.02038298065368238,0.11242031511720718,0.049892350665954176,0.01838914757974034,-0.0029796896083962012,1.2979988431290261,0.23496602850480913,2024-10-03,2025-04-09,120,2025-04-14
2025-04-11,0.0,0.011198671298499718,-0.043225667055837746,-0.0007951324671805846,0.0007951324671805846,-0.00281360401452377,1.3043909953111998,0.2912384079025948,2024-10-04,2025-04-10,120,2025-04-14
2025-04-15,0.0012084900846867086,0.0022791501692065452,0.018712217081908733,0.00563875613157171,-0.0044302660468850015,-0.0027738025191762776,1.3077284599802144,0.29029425461078356,2024-10-08,2025-04-11,120,2025-04-21
2025-04-16,-0.04824688034490521,-0.01925072529996541,0.0019460870388439133,-0.02873198808490986,-0.019514892259995347,-0.003022975734853921,1.3638396317113863,0.2805063403280484,2024-10-09,2025-04-15,120,2025-04-21
2025-04-17,0.023795714835185944,0.0159317037705069,-0.03025482090505527,0.01057805467056838,0.013217660164617564,-0.0033697603817030124,1.3889647963436444,0.27039527539794744,2024-10-10,2025-04-16,120,2025-04-21
2025-04-23,0.04043346461287234,0.023390526050606653,0.025817606260135406,0.03609586359259166,0.004337601020280676,-0.0032780804060934575,1.3963192020941082,0.2600281087060538,2024-10-15,2025-04-17,120,2025-04-28
2025-04-24,-0.00350254390142668,-0.007405698526364191,0.022680727662795164,-0.008683085916443227,0.005180542015016547,-0.0037014890881309935,1.4613364232689734,0.25751467302320774,2024-10-16,2025-04-23,120,2025-04-28
2025-04-25,0.03335568949392842,0.0032344370937078537,0.027356508648567868,0.008202431020834181,0.02515325847309424,-0.003796293266083022,1.461065961582794,0.26585988869601707,2024-10-17,2025-04-24,120,2025-04-28
2025-04-29,0.006833798719609874,0.0016438557457210123,0.011290019616545521,0.0019180195428534631,0.00491577917675641,-0.0036765181017449026,1.465568394151875,0.2821389800294547,2024-10-18,2025-04-25,120,2025-05-05
2025-04-30,0.02022535781985013,0.005044517274310323,0.006321776241035693,0.0053975665672634995,0.014827791252586632,-0.0037081082587595887,1.449238613388352,0.2839337454775115,2024-10-22,2025-04-29,120,2025-05-05
2025-05-07,-0.010858037373831841,0.0012863052996987534,-0.008728223259717893,-0.00402561241762917,-0.006832424956202671,-0.0033562712123007656,1.4500030924717484,0.2903784415611196,2024-10-23,2025-04-30,120,2025-05-12
2025-05-08,-0.006571602528227416,0.003696644955628159,0.0047782125325550595,0.0036009372188386263,-0.010172539747066042,-0.003200574660555903,1.4624949608030677,0.2919893684938742,2024-10-24,2025-05-07,120,2025-05-12
2025-05-09,0.020664171968695744,0.004023359916660141,0.011892455444760586,0.006057891439715957,0.014606280528979786,-0.0032809147659261448,1.4615752943565514,0.29080308664690807,2024-10-25,2025-05-08,120,2025-05-12
2025-05-13,-0.019841925741072686,-0.01891238824205388,-0.00010523751342539356,-0.03093737861355416,0.011095452872481475,-0.0032747120962569815,1.4610483165129984,0.2922295862295875,2024-10-28,2025-05-09,120,2025-05-19
2025-05-14,0.005993975433904453,0.02277716262222107,0.016419182492052542,0.03481667000304319,-0.02882269456913874,-0.0030685001957659634,1.451266556814462,0.29413375656144475,2024-10-29,2025-05-13,120,2025-05-19
2025-05-15,-0.027260579413699748,-0.007962457179889526,0.006554366689599078,-0.012667352352575037,-0.014593227061124711,-0.003141266027897622,1.430034748668945,0.28385719253479025,2024-10-30,2025-05-14,120,2025-05-19
2025-05-16,0.0,-0.004620243601138441,0.0010375904629515986,-0.009614935582461319,0.009614935582461319,-0.0032725483256985065,1.4359270092760745,0.2813685456556173,2024-10-31,2025-05-15,120,2025-05-19
2025-05-20,0.004008123429986021,0.014836630400502315,0.004308287373127939,0.019341403837195015,-0.015333280407208993,-0.0031076190654537776,1.4318381214210214,0.2797793641375434,2024-11-01,2025-05-16,120,2025-05-26
2025-05-21,0.011928475208958123,0.006158769523164409,-0.0028020092031475485,0.004807690700862551,0.0071207845080955715,-0.0031940238399860692,1.4251582082550855,0.27676796955886385,2024-11-04,2025-05-20,120,2025-05-26
2025-05-22,-0.0558805074384523,-0.011967896471343664,-0.013519342739131801,-0.023955556839835662,-0.031924950598616636,-0.0031586016870582033,1.4263610223024266,0.27563574494756937,2024-11-05,2025-05-21,120,2025-05-26
2025-05-23,-0.007341225161479947,0.0024158895977421935,0.0014901440370973518,0.0005852464633587736,-0.007926471624838722,-0.0033504841615134093,1.454171342242988,0.28360560811004054,2024-11-06,2025-05-22,120,2025-05-26
2025-05-27,0.004296355445687183,0.004271370807686026,-0.009365726311481026,0.00016901798089317358,0.00412733746479401,-0.003273240767090349,1.4391231444036412,0.2887944564824465,2024-11-07,2025-05-23,120,2025-06-02
2025-05-28,-0.01838892488615551,-0.00530356688664213,-0.009365726311481026,-0.013719464873824423,-0.004669460012331088,-0.002817122756154583,1.4813805586600237,0.32520075207744226,2024-11-08,2025-05-27,120,2025-06-02
2025-05-29,0.031168549710649973,0.013455634710419773,-0.005030357008656949,0.015462784172759996,0.01570576553788998,-0.0030704680837081843,1.4955692375701355,0.3161964619368516,2024-11-11,2025-05-28,120,2025-06-02
2025-05-30,-0.0443554487302773,-0.012103957515058994,0.0029885281617740844,-0.021018917676920316,-0.023336531053356986,-0.0033807273922211454,1.5341504754551203,0.3115586809007772,2024-11-12,2025-05-29,120,2025-06-02
2025-06-03,0.0011189418469226275,0.01519275118677399,-0.0010752379879690466,0.01950847094606236,-0.018389529099139733,-0.0035067244512780333,1.536792433883468,0.30961487604876037,2024-11-13,2025-05-30,120,2025-06-09
2025-06-04,-0.0033611521725576132,0.006001693097699601,0.007988570608597811,0.007780864989738503,-0.011142017162296116,-0.0038947598886552477,1.5306111438264431,0.31161601532936073,2024-11-14,2025-06-03,120,2025-06-09
2025-06-05,0.021100206098992658,0.010636605244043196,0.002554511306367857,0.013072245209285818,0.00802796088970684,-0.003948958962146295,1.525900664680289,0.3095704284547317,2024-11-15,2025-06-04,120,2025-06-09
2025-06-06,0.0032913094876332316,-0.004798030869318737,-0.007751770860249252,-0.01350456268256088,0.016795872170194112,-0.003787842017719525,1.5273955996108879,0.3080882383267354,2024-11-18,2025-06-05,120,2025-06-09
2025-06-10,-0.004338403016149073,-0.0007678484634929816,0.009899099159285996,-0.001761418162474427,-0.0025769848536746458,-0.0034692555107879767,1.5291026108411985,0.29113320234474155,2024-11-19,2025-06-06,120,2025-06-16
2025-06-11,0.016172998749245604,0.008410151255377585,0.006621130822232146,0.011295370017238638,0.004877628732006966,-0.0034914628124953,1.5295287121915293,0.2904737970593227,2024-11-20,2025-06-10,120,2025-06-16
2025-06-12,-0.0032138498905918134,-0.013700325839442584,-0.0036006174205418517,-0.02545094746089317,0.022237097570301356,-0.0034306630112991435,1.5306344361209916,0.29164274095717424,2024-11-21,2025-06-11,120,2025-06-16
2025-06-13,-0.018408837726477056,-0.005959810959938139,0.0024428879967217654,-0.011879419305315508,-0.006529418421161549,-0.0034965385234807076,1.5257257280570475,0.2907035177430088,2024-11-22,2025-06-12,120,2025-06-16
2025-06-17,-0.007596376929618565,-0.00335917404776076,-0.012965408533883505,-0.012659610569075243,0.005063233639456679,-0.003742110282251238,1.5449849611266449,0.2875055492069546,2024-11-25,2025-06-13,120,2025-06-23
2025-06-18,-0.005461374636921867,-0.011306714291038134,-0.01000956585784607,-0.02418033530382859,0.018718960666906724,-0.003823918304872883,1.5480407246861116,0.2850436127358858,2024-11-26,2025-06-17,120,2025-06-23
2025-06-19,-0.017680134900563083,-0.020148287020656852,3.9537791257870936e-05,-0.0346143302708513,0.016934195370288216,-0.0036478207561042872,1.5374817220407428,0.2810857559329544,2024-11-27,2025-06-18,120,2025-06-23
2025-06-20,0.008879084857377428,0.012518930728591116,3.9537791257870936e-05,0.0155757866589612,-0.006696701801583771,-0.0034752903609225226,1.520889877323624,0.2823121752308953,2024-11-28,2025-06-19,120,2025-06-23
2025-06-24,0.02181112440831301,0.02038834682823598,3.9537791257870936e-05,0.027431252870717106,-0.005620128462404096,-0.0035176764359281364,1.5174238468519035,0.282404030103077,2024-11-29,2025-06-20,120,2025-06-30
2025-06-25,0.001078248815919114,0.0122340257420408,0.015197525625499253,0.019226527480314535,-0.01814827866439542,-0.0035937238503466543,1.5127736257558633,0.28379224076102705,2024-12-02,2025-06-24,120,2025-06-30
2025-06-26,0.012848146622078449,-0.0061176140046796945,0.0019791794651702332,-0.012366572084947064,0.02521471870702551,-0.003696456866441774,1.506708807754678,0.27655283132290165,2024-12-03,2025-06-25,120,2025-06-30
2025-06-27,0.003186435011275801,-0.0016971977415423112,0.009437621940785235,-0.0036207497442508397,0.00680718475552664,-0.003659599428970742,1.4898039399350123,0.27203267762014555,2024-12-04,2025-06-26,120,2025-06-30
2025-07-03,0.030257899750599115,-0.006273222889380037,0.007518784730077499,-0.010763891632714703,0.04102179138331382,-0.0034996818431767564,1.4871217568473396,0.2746236963736765,2024-12-05,2025-06-27,120,2025-07-07
2025-07-04,-0.007220276392487346,-0.006413513679410343,0.009624226650959855,-0.00977417137172474,0.0025538949792373936,-0.003090974030092513,1.4691478169360337,0.28461531286668934,2024-12-06,2025-07-03,120,2025-07-07
2025-07-08,0.019740830016360622,0.010835345163627608,0.009624226650959855,0.015711006341807398,0.004029823674553224,-0.0029952910838905262,1.4741610233027467,0.28399725095559625,2024-12-09,2025-07-04,120,2025-07-14
2025-07-09,-0.012422420560734615,-0.010647391197323941,0.0007145746336085779,-0.01858440177488258,0.006161981214147964,-0.002839460772582871,1.4980646559369668,0.2876388534920486,2024-12-10,2025-07-08,120,2025-07-14
2025-07-10,-0.0031300251568286974,0.005678098341418192,0.007159799844068004,0.007641604359272092,-0.010771629516100788,-0.002972768913165444,1.5006093056291852,0.2924336027022418,2024-12-11,2025-07-09,120,2025-07-14
2025-07-11,0.020683475285562025,0.004617235891524629,-0.0015859048116819707,0.0034187069051228795,0.017264768380439145,-0.00303772413592111,1.4981200796665637,0.29052359083112483,2024-12-12,2025-07-10,120,2025-07-14
2025-07-15,0.027096624210307674,0.015854874553708598,-0.0021337568402515217,0.020338819460801648,0.006757804749506026,-0.0028583553175137574,1.5023692645579168,0.29183336772544743,2024-12-13,2025-07-11,120,2025-07-21
2025-07-16,-0.009950383548432473,-0.002946957961901475,0.001252205157463493,-0.006872182025946155,-0.003078201522486318,-0.002799991904803024,1.505486918748285,0.2910198368283523,2024-12-16,2025-07-15,120,2025-07-21
2025-07-17,0.01587325506262882,-0.0007675157385378384,0.0010339207454190813,-0.0038888696510785423,0.019762124713707363,-0.0030207009746957537,1.5169851451972667,0.2864255301930188,2024-12-17,2025-07-16,120,2025-07-21
2025-07-18,-0.0019703952506704425,0.01324757437413382,0.007361387047533086,0.01932463167436622,-0.021295026925036663,-0.0028462255816748706,1.5140128092761733,0.28715511738675514,2024-12-18,2025-07-17,120,2025-07-21
2025-07-22,-0.011834462335111429,0.005422094969507185,-0.0006752439064019455,0.004760902796585052,-0.01659536513169648,-0.0031663479200809137,1.4977773840380224,0.2870673854742517,2024-12-19,2025-07-18,120,2025-07-28
2025-07-23,0.013793474977514819,0.016106774881162522,-0.004995659473069125,0.019186248220620438,-0.005392773243105619,-0.0034525611435233874,1.4997133962735265,0.30361090544182473,2024-12-20,2025-07-22,120,2025-07-28
2025-07-24,0.01745917734480118,0.005042828561737878,0.004242852288355081,0.005208091153983233,0.012251086190817946,-0.003657305710322979,1.4997057502324582,0.30701937854557304,2024-12-23,2025-07-23,120,2025-07-28
2025-07-25,0.0038386812299626705,-0.010922728806642468,0.0025374628503005425,-0.019121459265990584,0.022960140495953255,-0.00349013382197274,1.5030685260328687,0.3098703271836564,2024-12-24,2025-07-24,120,2025-07-28
2025-07-29,0.0,-0.001475207281483648,0.0022533230365358037,-0.00477440313666688,0.00477440313666688,-0.003280163109632157,1.4885567856527953,0.3114022138347874,2024-12-30,2025-07-25,120,2025-08-04
2025-07-30,-0.007369243803577952,-0.013708699097733756,-0.002002438139770746,-0.023966674403854398,0.016597430600276446,-0.003025459714585446,1.4833344231411227,0.30294539894564476,2024-12-31,2025-07-29,120,2025-08-04
2025-07-31,-0.0019744150718818965,-0.0161604121727148,0.0015513576516372751,-0.02615529335974602,0.024180878287864124,-0.0028415300678888158,1.4715907684101683,0.3015101480432637,2025-01-02,2025-07-30,120,2025-08-04
2025-08-01,-0.0019781280152169067,-0.010775809860691155,-0.0053897312577042555,-0.019979299922874727,0.01800117190765782,-0.0026460171139752135,1.4565317128130695,0.3039064356349287,2025-01-03,2025-07-31,120,2025-08-04
2025-08-05,0.04968820002080898,0.006812829611245519,-0.01978291800469556,0.0014526156274915006,0.04823558439331748,-0.0024475202572613484,1.4470282919313082,0.3011801044422559,2025-01-06,2025-08-01,120,2025-08-11
2025-08-06,-0.009017210616961702,0.00032527800067327917,-0.007288934014818338,-0.003610909395157365,-0.005406301221804337,-0.0021070161210674735,1.4605762390244177,0.2715056260527794,2025-01-07,2025-08-05,120,2025-08-11
2025-08-07,0.009914423233277958,0.006841085441099182,0.012746768421848742,0.011290088509388462,-0.0013756652761105041,-0.0021809516165497544,1.462899189444506,0.27169410038841196,2025-01-08,2025-08-06,120,2025-08-11
2025-08-08,-0.010820667891389135,-0.008923108222980147,0.0031796448382568343,-0.014381929361610696,0.003561261470221561,-0.0021925970713036593,1.4627165714654775,0.2713026203576939,2025-01-09,2025-08-07,120,2025-08-11
2025-08-12,0.016172906949121657,0.0025209943051809347,0.009435664289185297,0.0037940882880595837,0.012378818661062073,-0.002467317247847187,1.4679211149426679,0.271394221561751,2025-01-10,2025-08-08,120,2025-08-18
2025-08-13,0.02638671850996932,0.025463913975531938,0.013032636743218973,0.03845839924072951,-0.01207168073076019,-0.002033943712057342,1.4493994075822982,0.2750756575632746,2025-01-13,2025-08-12,120,2025-08-18
2025-08-14,-0.06176467795924756,-0.0036903656922806505,0.0005171081513335452,-0.0073703459310317885,-0.054394332028215774,-0.002186687851207074,1.442693410116697,0.2715257630095969,2025-01-14,2025-08-13,120,2025-08-18
2025-08-15,-0.0009237353376576607,-0.009815120753406958,-0.002558039553072433,-0.01768806181929428,0.01676432648163662,-0.002535296216422485,1.4739269912267623,0.26817185115507103,2025-01-15,2025-08-14,120,2025-08-18
2025-08-19,-0.01536398504625236,-0.002145109645166343,-0.005063440485187698,-0.006756036762001972,-0.008607948284250388,-0.0022640190013693867,1.4653854867273748,0.2663416748181501,2025-01-16,2025-08-15,120,2025-08-25
2025-08-20,0.0018198223467233987,0.0017116749219834304,-0.01658522955258057,-0.004289180380695274,0.006109002727418673,-0.00227093932400374,1.4708148331628768,0.27348418103697136,2025-01-17,2025-08-19,120,2025-08-25
2025-08-21,-0.0027310213791622573,-0.002440001550912285,-0.0041712894372629705,-0.006874376004841699,0.0041433546256794416,-0.002161766062740553,1.4712185218124798,0.26918162453971883,2025-01-20,2025-08-20,120,2025-08-25
2025-08-22,-0.02212072344324234,0.0092987908290727,-0.004394861492528435,0.010470565103043691,-0.03259128854628603,-0.002060775698226665,1.4765298645146223,0.27272794916697063,2025-01-21,2025-08-21,120,2025-08-25
2025-08-26,-0.0053860545303869856,-0.011877902027400467,0.015246167205331673,-0.015326213754606188,0.009940159224219203,-0.0021958348322911893,1.469887277885905,0.2839269763631042,2025-01-22,2025-08-22,120,2025-09-01
2025-08-27,-0.006320557158225881,-0.012741402754423703,0.0017958676760727599,-0.02007767987886211,0.013757122720636228,-0.002031797519752388,1.4574245625276618,0.29164229816215664,2025-01-23,2025-08-26,120,2025-09-01
2025-08-28,0.02416227715802144,-0.008085187793650306,0.0005196650729342167,-0.013560184860432764,0.0377224620184542,-0.001979331973900528,1.4509354790891256,0.28909570066937423,2025-01-24,2025-08-27,120,2025-09-01
2025-08-29,-0.020545665065776486,0.003147144406600688,0.007095478166803559,0.004909456481473035,-0.02545512154724952,-0.0016542144700679349,1.430983471687158,0.2903482012419152,2025-01-27,2025-08-28,120,2025-09-01
2025-09-02,-0.009995593695430571,-0.004729406236890554,-0.01222579784988298,-0.012081603517689537,0.0020860098222589656,-0.0018324482832657552,1.4309064538812226,0.2847926466463132,2025-01-28,2025-08-29,120,2025-09-08
2025-09-03,-0.011943223335637576,-0.006023667016874512,-0.01222579784988298,-0.013641481226111713,0.001698257890474137,-0.0016962463948198307,1.4309866565059548,0.27200251040804313,2025-02-04,2025-09-02,120,2025-09-08
2025-09-04,-0.016775748511221877,-0.01130603147350051,0.006966607954801418,-0.01565498496884163,-0.0011207635423802487,-0.0018759475002284862,1.391884638062109,0.28100534284403134,2025-02-05,2025-09-03,120,2025-09-08
2025-09-05,0.03327479688278512,0.01424333501258701,0.009252688419147503,0.020300701572763143,0.012974095310021975,-0.002348666579786712,1.4202511294231208,0.261573221158382,2025-02-06,2025-09-04,120,2025-09-08
2025-09-09,0.01303555416404878,0.011798029549385802,0.0008218041242926688,0.01436195402387721,-0.0013263998598284314,-0.0024834217512837444,1.4095081181082745,0.26278445341976675,2025-02-07,2025-09-05,120,2025-09-15
2025-09-10,0.045215654409468176,0.010055205452120575,0.002497540564851519,0.011766018088895665,0.03344963632057251,-0.0028390782030921573,1.3885074999205251,0.2576006642418228,2025-02-10,2025-09-09,120,2025-09-15
2025-09-11,0.022728158082817806,-0.004358274467641365,0.0006808122219119639,-0.008441198983332674,0.031169357066150483,-0.0024206368735436193,1.420286194110288,0.24887177593479065,2025-02-11,2025-09-10,120,2025-09-15
2025-09-12,0.02222313030190337,0.01150437965682194,0.0058618406033144055,0.015499344883898447,0.0067237854180049236,-0.002263878018382998,1.419312792376466,0.24478824725925885,2025-02-12,2025-09-11,120,2025-09-15
2025-09-16,0.011173338990745574,-0.00030446329236610836,0.00414389380490654,-0.0017215202227734176,0.012894859213518992,-0.0023264098634497078,1.4015037946969908,0.24894366237182008,2025-02-13,2025-09-12,120,2025-09-22
2025-09-17,0.021142476674682165,0.017616506594560377,-0.0007425478031546362,0.022516543107246368,-0.0013740664325642034,-0.0018179341162558264,1.391995661297131,0.2526753463427498,2025-02-14,2025-09-16,120,2025-09-22
2025-09-18,-0.0033528685650794365,-0.013602416593794686,-0.002532428704503431,-0.021664302267500376,0.01831143370242094,-0.0017386201555654665,1.4170105357594764,0.25703171251407125,2025-02-17,2025-09-17,120,2025-09-22
2025-09-19,0.00919359512103668,9.417978493075907e-06,0.009514615079245559,0.0008747220693030452,0.008318873051733634,-0.0015780516513419036,1.4035526093872563,0.25640081832393774,2025-02-18,2025-09-18,120,2025-09-22
2025-09-23,-0.02742164858183571,-0.007048029059824046,0.006982725710347637,-0.009519734680543674,-0.01790191390129204,-0.0013110011099782284,1.4222585765274949,0.25998245995745123,2025-02-19,2025-09-19,120,2025-09-29
2025-09-24,0.014220159824400724,0.013650419747156306,-0.006542712876800749,0.016354402368493587,-0.0021342425440928625,-0.0015011178913486305,1.4305707743129,0.25560823454032355,2025-02-20,2025-09-23,120,2025-09-29
2025-09-25,-0.036367647170379325,-0.0012818329613004664,-0.002815091053589569,-0.003638138887517778,-0.032729508282861544,-0.0011272872046394846,1.392591499279476,0.2578183027328973,2025-02-21,2025-09-24,120,2025-09-29
2025-09-26,-0.008650504750967958,-0.013551279891920842,-0.003721283969380096,-0.019331270064292944,0.010680765313324986,-0.001981520440367961,1.2019391878311256,0.2853679765627457,2025-02-24,2025-09-25,120,2025-09-29
2025-09-30,0.0008662112955160062,0.008701867505369165,0.004357329385435094,0.009857468247197746,-0.00899125695168174,-0.0016056195688077853,1.1843474955511069,0.2655417406064351,2025-02-25,2025-09-26,120,2025-10-06
2025-10-03,-0.0025456314019884907,-0.005372215236326028,0.003888886179250761,-0.007070974745671801,0.00452534334368331,-0.0017395391935137823,1.1857712653229513,0.2671157905700564,2025-02-26,2025-09-30,120,2025-10-06
2025-10-09,0.0700740331530989,-0.0028692872097249023,0.011656899297440404,-0.0021585553619829826,0.07223258851508188,-0.0013833065400084583,1.2674694315712611,0.24547565641049207,2025-02-27,2025-10-03,120,2025-10-13
2025-10-10,-0.02580791592267584,-0.01743046276166993,-0.0014404403860979187,-0.02266389370272645,-0.0031440222199493884,-0.0005923898705357573,1.2438550098871866,0.27112222428964894,2025-02-28,2025-10-09,120,2025-10-13
2025-10-14,-0.04075125479131847,-0.0174609389448932,-0.03554473442346051,-0.03113324956052512,-0.009618005230793349,-0.0004874099425847653,1.2225731006493339,0.2616017675376485,2025-03-03,2025-10-10,120,2025-10-20
2025-10-15,0.02792506120176874,0.01827634856446636,-0.007629657902741727,0.019987342729185367,0.007937718472583375,-0.00040818655002425775,1.2332205626808468,0.28090900123355356,2025-03-04,2025-10-14,120,2025-10-20
2025-10-16,-0.009511495663935499,-0.0008529044362202143,0.006899718028810398,0.00047762360007847513,-0.009989119264013973,-0.00042210104022690506,1.2427461580129278,0.2840215126744979,2025-03-05,2025-10-15,120,2025-10-20
2025-10-17,-0.030880410541410885,-0.025087949707799595,-0.004109017734791109,-0.03242859575673215,0.0015481852153212614,-0.0005993798654538674,1.2220192322421175,0.2850459468468817,2025-03-06,2025-10-16,120,2025-10-20
2025-10-21,0.014880020654600479,0.006503490704334425,0.006496571367742732,0.009124135870812788,0.00575588478378769,-0.0006112358518463418,1.213150093615913,0.2840977588624395,2025-03-07,2025-10-17,120,2025-10-27
2025-10-22,-0.029984630433459447,-0.00948798757917757,-0.00012008928951701137,-0.012432428396173012,-0.017552202037286434,-0.0007956179711247735,1.2225923001000365,0.3070204466130334,2025-03-10,2025-10-21,120,2025-10-27
2025-10-23,0.008024989783742775,0.00719662379726671,-0.010026673029736699,0.004870167725738601,0.003154822058004174,-0.0009913555635234419,1.2401321837298624,0.30550926382457866,2025-03-11,2025-10-22,120,2025-10-27
2025-10-24,0.022828023986735335,0.0073730168052410505,0.008920347016101005,0.010926373604043431,0.011901650382691904,-0.0011661950990069306,1.2395527989269943,0.331077376277781,2025-03-12,2025-10-23,120,2025-10-27
2025-10-27,0.015504148772493842,0.010402406246361906,0.01033591810513279,0.01546435374011912,3.9795032374721415e-05,-0.000537827979519251,1.21310834534989,0.3272990223071679,2025-03-13,2025-10-24,120,2025-10-27
2025-10-28,-0.01290334530728332,-0.0033178832801379343,0.01779873176793423,0.0014781423828321176,-0.014381487690115439,-0.0004266070280318301,1.2070432450886908,0.33202242099033735,2025-03-14,2025-10-27,120,2025-11-03
2025-10-31,-0.01398621693970492,-0.014410819195116886,-0.014436523233744225,-0.022684429328033183,0.008698212388328262,-0.0004975153187073517,1.2182789938029064,0.32075006048546073,2025-03-17,2025-10-28,120,2025-11-03
2025-11-03,0.010507895053827543,0.009669102015344322,0.004528236043212175,0.012841324425839835,-0.002333429372012292,-0.0003569028106223736,1.213681523692553,0.3230875678253211,2025-03-18,2025-10-31,120,2025-11-03
2025-11-04,-0.012270082105741764,-0.007904703663292878,0.004639936088691954,-0.008537320455150477,-0.003732761650591287,-0.00023683146521232245,1.2399927780773177,0.3235575742185616,2025-03-19,2025-11-03,120,2025-11-10
2025-11-05,-0.016000389886810407,-0.0006548834804611658,-0.020756117893839132,-0.00802109724950292,-0.007979292637307487,-0.0003669189537988594,1.2403158778852308,0.3296336989275901,2025-03-20,2025-11-04,120,2025-11-10
2025-11-06,0.009808511499485473,0.021003308210866933,0.007476769139149297,0.028155325561207947,-0.018346814061722474,-0.0004557343094205307,1.243246105530027,0.33420568265742023,2025-03-21,2025-11-05,120,2025-11-10
2025-11-07,-0.013399151658389563,-0.009257825191623326,-0.019193507393696407,-0.018146952244943233,0.00474780058655367,-0.0005515390231266566,1.2114881958401134,0.3323867364184262,2025-03-24,2025-11-06,120,2025-11-10
2025-11-10,-0.011759472454351272,0.015399192991230493,-0.002695608193819865,0.017151828373318818,-0.02891130082767009,-0.000539826344735492,1.2065229522103231,0.3293598355343732,2025-03-25,2025-11-07,120,2025-11-10
2025-11-11,-0.012820676980778156,0.0017752068239555996,0.02190246069113222,0.008607531561887071,-0.02142820854266523,-0.0007854148250421701,1.1809185026076605,0.3331393629903375,2025-03-26,2025-11-10,120,2025-11-17
2025-11-12,0.012820676980778156,0.008441823345485489,-0.003497206564132327,0.007796966092212851,0.005023710888565305,-0.0010435794590389763,1.1787244774154588,0.31740711900573165,2025-03-27,2025-11-11,120,2025-11-17
2025-11-13,-0.011899494595421167,0.005567074783389359,-0.0008440865907033412,0.005403022985971808,-0.017302517581392975,-0.000930050445491448,1.1847352576916692,0.31091164048187564,2025-03-28,2025-11-12,120,2025-11-17
2025-11-14,-0.03371097525200817,-0.018662627029234713,-0.020878722197222643,-0.02884468733646837,-0.004866287915539797,-0.000760628216458117,1.1620062326107736,0.30643495012354294,2025-04-01,2025-11-13,120,2025-11-17
2025-11-17,-0.039830440284862156,-0.007107024785749871,0.00066576966936438,-0.00899569559650873,-0.030834744688353427,-0.0009677232429437411,1.1601073620585451,0.32584756064827686,2025-04-02,2025-11-14,120,2025-11-17
2025-11-18,-0.0425165861611041,-0.017366622209250338,-0.008299301495508615,-0.024382810151008513,-0.018133776010095585,-0.0012526711834604798,1.1771996679750267,0.32366062016478075,2025-04-03,2025-11-17,120,2025-11-24
2025-11-19,-0.004145051195155514,-0.0038399429436832833,-0.01173332558905038,-0.009272476921280765,0.005127425726125252,-0.000853531387002891,1.122662312937259,0.35011270047844695,2025-04-08,2025-11-18,120,2025-11-24
2025-11-20,0.009302370161358375,0.00019045023316621723,0.006903824841481665,0.0017722486544897932,0.0075301215068685826,-0.0007573003377647622,1.1306927208075837,0.33520669383621593,2025-04-09,2025-11-19,120,2025-11-24
2025-11-21,-0.004123684850361187,-0.024114131712746456,-0.023795055403503795,-0.035956596120040984,0.0318329112696798,-0.0006934487748309615,1.1302468839080175,0.33654996733277764,2025-04-10,2025-11-20,120,2025-11-24
2025-11-24,0.006179167965296273,0.019494704267213336,0.007312201417722264,0.022487281451841756,-0.016308113486545484,-0.00045623362926392315,1.0897934229555033,0.23225763230726498,2025-04-11,2025-11-21,120,2025-11-24
2025-11-25,0.0030754741278937736,0.006899742784463925,0.025677677408687316,0.012568076568500754,-0.00949260244060698,-0.0005683969709465437,1.072206364016529,0.22348304032850275,2025-04-15,2025-11-24,120,2025-12-01
2025-11-26,-0.008222075273735197,0.0012940022919547545,0.005705517640643976,0.002000598883959317,-0.010222674157694513,-0.0005978490704600853,1.0716110018535825,0.21238754101900617,2025-04-16,2025-11-25,120,2025-12-01
2025-11-27,0.008222075273735197,0.0006881908747793375,0.007890206655609688,0.0020226901518907957,0.006199385121844401,-0.000448802771736558,1.0310026609792555,0.22331053892175468,2025-04-17,2025-11-26,120,2025-12-01
2025-11-28,-0.009254642093190046,-0.0033602720316192602,0.007890206655609688,-0.0017518495009151889,-0.007502792592274857,-0.0005722973566684412,0.9986143182027071,0.2757929816752306,2025-04-23,2025-11-27,120,2025-12-01
2025-12-01,0.006179167965296273,0.006720469111010985,0.007890206655609688,0.007941246869645492,-0.001762078904349219,-0.0006983776568830654,0.9893259649307538,0.25232418178487503,2025-04-24,2025-11-28,120,2025-12-01
2025-12-02,0.021331513705286298,0.00237072883879641,-0.0028439188717985786,0.0009126534495643232,0.020418860255721975,-0.0007045604190999711,0.9872302270312521,0.2543115094675056,2025-04-25,2025-12-01,120,2025-12-08
2025-12-03,-0.010101114889647267,-0.012894413567801521,0.008809202936449267,-0.012087160687490281,0.0019860457978430144,-0.0006880993667485918,1.0070317470768282,0.18004154444101317,2025-04-29,2025-12-02,120,2025-12-08
2025-12-04,0.006072943902934558,0.006776866862150399,0.001493105077235768,0.0063760882934904345,-0.0003031443905558767,-0.0007024498474147065,1.0052105574871448,0.178393355195001,2025-04-30,2025-12-03,120,2025-12-08
2025-12-05,0.01203615886818854,0.00573538195895118,-0.0011157154504477518,0.004729564488651869,0.007306594379536671,-0.0008237072239444265,1.0016471443781283,0.1716900563025413,2025-05-07,2025-12-04,120,2025-12-08
2025-12-08,-0.008007987881475831,-0.012332576492909197,0.0041117193382884665,-0.012463854315965753,0.0044558664344899225,-0.0006730723094817888,1.009045854518382,0.15890023745853998,2025-05-08,2025-12-05,120,2025-12-08
2025-12-09,-0.01519009449551767,-0.012935006867591525,-0.0022167729920408163,-0.013935289101270568,-0.0012548053942471014,-0.0005538745651620605,1.0061407734548047,0.16554546767953554,2025-05-09,2025-12-08,120,2025-12-15
2025-12-10,0.0005144704370567688,0.004180439936593672,0.0011309537493886523,0.0036971316025505535,-0.0031826611654937847,-0.000681925286449642,1.0072627650319035,0.14877301526080144,2025-05-13,2025-12-09,120,2025-12-15
2025-12-11,-0.027113227419188757,-0.00040216456552855107,0.004435707465857419,-0.0004514632252052489,-0.026661764193983507,-0.0007078142386282936,1.0061101719960301,0.14901182702090532,2025-05-14,2025-12-10,120,2025-12-15
2025-12-12,0.025053456727960555,0.017329212564904495,-0.0039095155124950765,0.016568589582713233,0.008484867145247321,-0.0007717457083760098,1.0362040627066027,0.15763210817337148,2025-05-15,2025-12-11,120,2025-12-15
2025-12-15,-0.014538123630473354,-0.013483536774625549,-0.018878231164364934,-0.01762762485250364,0.0030895012220302845,-0.0005436871117116752,1.033426127599649,0.16684288469719963,2025-05-16,2025-12-12,120,2025-12-15
2025-12-16,0.010405910484796,-0.015471701034641683,-0.00486219964647816,-0.017335115922218078,0.027741026407014077,-0.0005596524169418333,1.033774804032754,0.1606698319560032,2025-05-20,2025-12-15,120,2025-12-22
2025-12-17,-0.008316108258404231,0.009205187619675925,0.0023272714467363897,0.009488276746898878,-0.01780438500530311,-0.00023837382475189097,1.0166577718622538,0.15817881372337345,2025-05-21,2025-12-16,120,2025-12-22
2025-12-18,-0.01896784302556176,0.001151789098255307,-0.019769290315798216,-0.002497295097847118,-0.01647054792771464,-0.000445209901195383,1.000447826208037,0.16208928317930818,2025-05-22,2025-12-17,120,2025-12-22
2025-12-19,-0.012848170845318752,0.007517264290035186,0.014885547272351474,0.009274968575205914,-0.022123139420524664,-0.000244250109202116,0.9662459992336908,0.15153572103922436,2025-05-23,2025-12-18,120,2025-12-22
2025-12-22,-0.0010781348593966733,0.004320661922671221,0.013203943852859723,0.005454654618254617,-0.006532789477651291,-0.00034281120839826343,0.9631134221544186,0.123915881085964,2025-05-27,2025-12-19,120,2025-12-22
2025-12-23,0.008593016919383967,-0.0010713881270980607,0.0045614104223137275,-0.0009009101201426558,0.009493927039526623,-0.0004091743975179736,0.9620319195959528,0.11815947350038918,2025-05-28,2025-12-22,120,2025-12-29
2025-12-24,-0.0032138251951940866,0.0017362437815862108,0.00479890731365451,0.0019733844534345684,-0.005187209648628655,-0.0002293116402056185,0.9585606306560243,0.11219244803048711,2025-05-29,2025-12-23,120,2025-12-29
2025-12-30,0.007547291370615827,0.008520924135357433,-0.005316038983190552,0.0068283164793033835,0.0007189748913124438,-0.00044654215631407656,0.9340298934002591,0.12865579585943057,2025-05-30,2025-12-24,120,2026-01-05
2025-12-31,-0.005385088825676565,-0.008703947088333663,-0.0021945831964185203,-0.008332677911752163,0.0029475890860755985,-0.00017719454012021763,0.8997627029879405,0.14763460018174962,2025-06-03,2025-12-30,120,2026-01-05
2026-01-02,0.030837103867051407,0.027246062127156634,-0.007407797274822769,0.023827138659461018,0.007009965207590389,-4.338835477843135e-05,0.9141844693950615,0.1400416069843026,2025-06-04,2025-12-31,120,2026-01-05
2026-01-05,0.0,0.0003328998005311945,-0.0011301274847674847,0.0002579346235293264,-0.0002579346235293264,0.00010067373696702654,0.9331574754727594,0.13572544067303438,2025-06-05,2026-01-02,120,2026-01-05
2026-01-06,-0.014768267261807466,0.013691310789756272,0.008382608878278575,0.01381097039870479,-0.028579237660512256,7.612041328229949e-06,0.9246995669543985,0.13635482886630607,2025-06-06,2026-01-05,120,2026-01-12
2026-01-07,-0.011758510471229666,-0.009460399520827778,0.008704387398561053,-0.0076989066265188985,-0.004059603844710768,-0.0003005203414247362,0.9016272144019322,0.12997668074679092,2025-06-10,2026-01-06,120,2026-01-12
2026-01-08,-0.057538085085489854,-0.011771620989790677,0.0007202067302891635,-0.01084397890767431,-0.046694106177815546,-0.00029565027368723927,0.9040427656535654,0.1301295279637632,2025-06-11,2026-01-07,120,2026-01-12
2026-01-09,0.023636493985125906,0.0031491734386523973,-0.005854412500914563,0.0015717110791549417,0.022064782905970963,-0.0007348310043479936,0.941258692646083,0.11233318290708996,2025-06-12,2026-01-08,120,2026-01-12
2026-01-12,0.0,0.014257981309990342,0.010879368131288203,0.014121207143041778,-0.014121207143041778,-0.0006331217839780105,0.9603437949506393,0.09759436712090148,2025-06-13,2026-01-09,120,2026-01-12
2026-01-13,-0.004459290127218463,0.008978882687951995,0.0011061074624389988,0.007919742972479014,-0.012379033099697477,-0.0006445370019489838,0.9424609096956226,0.09224603553934603,2025-06-17,2026-01-12,120,2026-01-19
2026-01-14,0.005571093050523501,0.005620986917616477,-0.0014855011228291914,0.004393756822161523,0.001177336228361978,-0.0007240031597127992,0.9345265529688598,0.09101409918247902,2025-06-18,2026-01-13,120,2026-01-19
2026-01-15,0.0022197972225823648,-0.002825912869250047,-0.010218467073478621,-0.004410539147819457,0.006630336370401822,-0.0007752099423647318,0.9392725037721841,0.09600529534007989,2025-06-19,2026-01-14,120,2026-01-19
2026-01-16,-0.015642846582395897,-0.002925807567264016,0.0027858972759418066,-0.003245290486402214,-0.012397556095993682,-0.0007338093599675611,0.9425820631195487,0.08842128126370884,2025-06-20,2026-01-15,120,2026-01-19
2026-01-19,0.004494363228629172,-0.010524962877600075,-0.0007358737765361667,-0.010863930002783703,0.015358293231412875,-0.0008180841650711412,0.9486122324107777,0.08389659792253382,2025-06-24,2026-01-16,120,2026-01-19
2026-01-20,-0.006749196896608467,-0.002879873600779348,-0.0007358737765361667,-0.003462913295417151,-0.003286283601191316,-0.000718642973540934,0.9304346492299236,0.08797179675743698,2025-06-25,2026-01-19,120,2026-01-26
2026-01-21,-0.023987497529255997,0.003676132153900724,-0.0007358737765361667,0.002712875252224243,-0.026700372781480238,-0.0006608341792338599,0.9379905817825744,0.10119657564017817,2025-06-26,2026-01-20,120,2026-01-26
2026-01-22,-0.0011565915877094213,0.0016875085277714419,0.013796530906985183,0.0019363168945803458,-0.0030929084822897673,-0.0010419955632115362,0.9395315986017376,0.10095616662124224,2025-06-27,2026-01-21,120,2026-01-26
2026-01-23,0.022884269028172533,0.004479213691308104,0.0072740522234227,0.0037861811753864454,0.019098087852786088,-0.0011042680864990647,0.9419750547266208,0.09226517479792491,2025-07-03,2026-01-22,120,2026-01-26
2026-01-26,-0.013667668322393745,0.0005983278459531505,0.0033620684656554545,-0.0004241135920693511,-0.013243554730324394,-0.0012438909910613295,0.9714861699355641,0.07094149747323991,2025-07-04,2026-01-23,120,2026-01-26
2026-01-27,0.018182322079165925,0.013413195376509535,0.003939774994908163,0.01195131086477394,0.006231011214391985,-0.0013492815744036409,0.9717596008554186,0.06756503969108851,2025-07-08,2026-01-26,120,2026-02-02
2026-01-28,0.021170610630751874,0.025475873849359232,0.009084240965488988,0.023931920565150103,-0.002761309934398229,-0.001377408024412745,0.9717145437776673,0.060990396093650034,2025-07-09,2026-01-27,120,2026-02-02
2026-01-29,-0.002207440233660485,0.005060668117398137,0.003574726519813609,0.003715186279975342,-0.005922626513635827,-0.001391171712178702,0.9661856681083099,0.060651628836380894,2025-07-10,2026-01-28,120,2026-02-02
2026-01-30,-0.01896317039709139,-0.020991769918397907,-0.005119390314744621,-0.02198858716686957,0.0030254167697781817,-0.0013780624672284055,0.9662966619587341,0.06372780327920333,2025-07-11,2026-01-29,120,2026-02-02
2026-02-02,0.017857620289929876,-0.022582525632504513,-0.012427740050069858,-0.0239256574064341,0.041783277696363974,-0.0014991159181501374,0.9548507116352094,0.06948977159864364,2025-07-15,2026-01-30,120,2026-02-02
2026-02-03,0.015367993188186269,0.0022085009341274997,0.007800511247326725,0.0010846883431146865,0.014283304845071582,-0.0012597208476658526,0.8796742027129427,0.05148994464930595,2025-07-16,2026-02-02,120,2026-02-09
2026-02-04,-0.02202740744661691,0.00046759660494544164,-0.015617680099067499,-0.0016619721111365965,-0.02036543533548031,-0.001093334863257897,0.8773970073917938,0.06267929061902358,2025-07-17,2026-02-03,120,2026-02-09
2026-02-05,0.036089394197035496,0.0014114320175409034,-0.017390050407810165,-0.0018176357318927794,0.037907029928928276,-0.0014161221211927838,0.8690467943936242,0.09362331004614166,2025-07-18,2026-02-04,120,2026-02-09
2026-02-06,-0.006465657958092397,-0.01217303318857077,-0.01401103226631939,-0.012419864927701852,0.005954206969609455,-0.0009908793933374196,0.9018893219835649,0.032135882416263056,2025-07-22,2026-02-05,120,2026-02-09
2026-02-09,-0.0065076297116375414,0.017437879445280302,0.021435558048029435,0.015472094385105417,-0.02197972409674296,-0.0008104013724283287,0.9057738183148651,0.022752900016649702,2025-07-23,2026-02-06,120,2026-02-09
2026-02-10,0.017260514252271264,0.005755018310621196,0.007484856889647062,0.004048553220354758,0.013211961031916505,-0.000993677143267889,0.8891778305166489,-0.010020810485079856,2025-07-24,2026-02-09,120,2026-02-16
2026-02-11,0.008519703133798906,0.0030571625379902656,-0.005298144508694591,0.0017489061356706372,0.006770796998128268,-0.0010010441419746404,0.8883898119822737,-0.0064170060414663055,2025-07-25,2026-02-10,120,2026-02-16
2026-02-12,-0.04667148058506143,-0.008613182099248107,0.0033298110862460817,-0.008919949983205434,-0.037751530601856,-0.0010636711029274244,0.9048715370885608,-0.0187564859657271,2025-07-29,2026-02-11,120,2026-02-16
2026-02-13,0.028479462043044634,-0.017366962231276872,-0.020822788958856364,-0.01677336547234087,0.04525282751538551,-0.00139260650403851,0.9343043082301169,-0.04059344148949057,2025-07-30,2026-02-12,120,2026-02-16
2026-02-16,-0.0010805691324158317,0.0052116634703391895,0.0018900087585933534,0.00345824192898568,-0.004538811061401512,-0.0010796487668801832,0.9087755433561764,-0.10494216245261548,2025-07-31,2026-02-13,120,2026-02-16
2026-02-23,0.016137989646546114,0.02499643371655047,0.008541699789764934,0.020940399283762217,-0.004802409637216103,-0.0012345747616669166,0.9262187029042682,-0.11440233124531932,2025-08-01,2026-02-16,120,2026-02-23
2026-02-24,0.016931624555001523,-0.018318731549731737,-0.012398368772316815,-0.016874224184305314,0.03380584873930684,-0.001345880699011768,0.9242095954156704,-0.11307971351382207,2025-08-05,2026-02-23,120,2026-03-02
2026-02-25,0.005232818519936622,0.0065747390220369795,0.011486606702909796,0.003630449963980219,0.0016023685559564027,-0.0014181246832571876,0.8373662022280943,-0.03977585461952085,2025-08-06,2026-02-24,120,2026-03-02
2026-02-26,0.003126638034080198,-0.014477196127407055,0.014457392715137019,-0.01413718412132966,0.017263822155409857,-0.0013358507092259087,0.8398524839015,-0.04444952815724007,2025-08-07,2026-02-25,120,2026-03-02
2026-02-27,0.01240970092051441,0.009413847869376823,-0.01207518943208008,0.006622690427934955,0.005787010492579455,-0.0012506007663369957,0.8120273006656755,-0.018963654467913593,2025-08-08,2026-02-26,120,2026-03-02
2026-03-02,-0.027084981866428492,-0.021662841555604828,-0.002503067921709956,-0.018807057052111463,-0.00827792481431703,-0.001182954047275593,0.8165626480929215,-0.025953854652818242,2025-08-12,2026-02-27,120,2026-03-02
2026-03-03,-0.010615800163104261,-0.011259281060963744,0.0012167369365450043,-0.01078226944073237,0.0001664692776281087,-0.0013794396033745319,0.8305975888035121,-0.04183166872933994,2025-08-13,2026-03-02,120,2026-03-09
2026-03-04,-0.013971206689112226,-0.020330939667180914,-0.011162021203787731,-0.017597585812552267,0.003626379123440042,-0.0014420594251059354,0.8193225046602475,-0.044980206863819705,2025-08-14,2026-03-03,120,2026-03-09
2026-03-05,-0.002166782957433888,0.0028419322811359393,0.012908685401923137,0.0008473470966858003,-0.0030141300541196886,-0.0009431765947939075,0.8006382797732046,-0.03755890442946877,2025-08-15,2026-03-04,120,2026-03-09
2026-03-06,0.020397822107617092,0.017070145145453353,-0.001325039664582306,0.012780891934949043,0.007616930172668049,-0.001030987254421616,0.805925121104321,-0.04122170619703347,2025-08-19,2026-03-05,120,2026-03-09
2026-03-09,-0.03130314962368308,-0.01363543110922727,-0.014941145517246568,-0.011217169853402214,-0.020085979770280864,-0.0008579452358871004,0.8159552997804257,-0.05131317809366023,2025-08-20,2026-03-06,120,2026-03-09
2026-03-10,0.03660262491367128,0.021470828463588276,0.012720820545050415,0.016311905258139043,0.020290719655532235,-0.0010261333278024122,0.8257424981328494,-0.030763498720692506,2025-08-21,2026-03-09,120,2026-03-16
2026-03-11,0.01988544164879924,-0.002357972733751268,8.486301747900882e-05,-0.002860159178408983,0.022745600827208223,-0.0008562645288203493,0.8490882942523645,-0.02082889869691837,2025-08-22,2026-03-10,120,2026-03-16
2026-03-12,-0.00937010855131204,-0.007052171747488956,0.0007627224955122358,-0.006581406065307413,-0.002788702486004627,-0.0004126223474607431,0.8702754466695972,-0.041236230077207836,2025-08-26,2026-03-11,120,2026-03-16
2026-03-13,-0.020074640848546377,-0.009814403843254382,-0.017227984288203047,-0.008201239357219682,-0.011873401491326695,-0.0004823082646181894,0.8799928359105758,-0.05326647406011195,2025-08-27,2026-03-12,120,2026-03-16
2026-03-16,0.01798036087834909,0.014363703367317626,-0.006006914468153823,0.012360287726565444,0.005620073151783644,-0.0006247172392151106,0.8867983617317186,-0.041168615360511196,2025-08-28,2026-03-13,120,2026-03-16
2026-03-17,-0.005254816678290641,0.0013353124997319554,0.011172272822612683,-0.0002707422804628084,-0.004984074397827833,-0.0008456248513783455,0.913434230124968,-0.05771767164047559,2025-08-29,2026-03-16,120,2026-03-23
2026-03-18,0.012565536908959896,0.006046227359322032,0.005412930687162643,0.004556481705099161,0.008009055203860735,-0.0007018205784463437,0.9146327103425985,-0.05020848208962325,2025-09-02,2026-03-17,120,2026-03-23
2026-03-19,-0.025291081109018343,-0.020372549630058856,-0.013592717224153006,-0.018545910122090347,-0.006745170986927996,-0.0005884703552007211,0.9170660798361545,-0.0533767050878349,2025-09-03,2026-03-18,120,2026-03-23
2026-03-20,-0.013971206689112226,-0.00879363670386013,-0.0029132943061291883,-0.008551118176597048,-0.005420088512515178,-0.0005900784232338018,0.9237311395823546,-0.05557842193493584,2025-09-04,2026-03-19,120,2026-03-23
2026-03-23,-0.0419951425258982,-0.036043103053607695,-0.019266662964902537,-0.03281947886298333,-0.00917566366291487,-0.0005906173404343707,0.9209039006740138,-0.05000205140188385,2025-09-05,2026-03-20,120,2026-03-23
2026-03-24,0.0419951425258982,0.027556560297860244,0.012085074615750813,0.02394600739371144,0.01804913513218676,-0.000843737702692692,0.9229123049828515,-0.053168350707206435,2025-09-09,2026-03-23,120,2026-03-30
2026-03-25,0.016103442660301948,0.010803284314480521,-0.007577126026399483,0.009892334053477147,0.0062111086068248,-0.0007099969677607579,0.946793597070783,-0.049339367413184065,2025-09-10,2026-03-24,120,2026-03-30
2026-03-26,-0.002132235971189722,-0.019107845907413434,0.0057477632728488715,-0.019057722842818356,0.016925486871628634,-0.0009685183257318852,0.9310097112673983,-0.05212713218355103,2025-09-11,2026-03-25,120,2026-03-30
2026-03-27,0.0031966000493763858,0.0038327454866315946,-0.025347227752552826,0.003404559642456081,-0.00020795959307969535,-0.0010633760705350995,0.9148076833251215,-0.037941454701848315,2025-09-12,2026-03-26,120,2026-03-30
2026-03-31,-0.008705118638346221,0.0015079683720919945,-0.018468359412338486,0.0009246300236686767,-0.009629748662014898,-0.001178180614216576,0.9070460213066112,-0.03979855001262039,2025-09-16,2026-03-27,120,2026-04-06
2026-04-01,0.03753793321928889,0.020203033519322844,0.03404862820033472,0.015856319986802904,0.021681613232485984,-0.0013607699337985296,0.9023093238896585,-0.02973087751972689,2025-09-17,2026-03-31,120,2026-04-06
2026-04-02,0.019802637271634005,-0.00704220459002336,0.01155119478250377,-0.007322136232994845,0.02712477350462885,-0.0012174614639083043,0.9003012453142396,0.02038151009502015,2025-09-18,2026-04-01,120,2026-04-06
2026-04-09,-0.024001108401956905,-0.005445574393011299,0.028356895450190933,-0.004511219848379292,-0.019489888553577615,-0.0010746442701482905,0.8867214672622671,0.04909324929702183,2025-09-19,2026-04-02,120,2026-04-13
2026-04-10,0.023012507240707247,0.005465638721057431,0.007280206020970681,0.0036534229791566173,0.01935908426155063,-0.0013120848153933312,0.9110073848011495,-0.0018858591293891835,2025-09-23,2026-04-09,120,2026-04-13
2026-04-14,0.03512564069416779,0.008207214517216954,0.0013645847301582137,0.0064390813515244495,0.028686559342643345,-0.0009882076334546664,0.9016823983058349,0.01977753018043671,2025-09-24,2026-04-10,120,2026-04-20
2026-04-15,0.014279188514210617,0.0028946573717778534,0.018375664120343416,0.0022088757532394794,0.012070312760971137,-0.0007696561676069449,0.9133543092618597,0.018213444385174055,2025-09-25,2026-04-14,120,2026-04-20
2026-04-16,0.047979667072498344,0.01707821259761566,0.013786300912897786,0.01553207535336503,0.03244759171913331,-0.0003849798823511051,0.9104392467934763,0.026720744316514472,2025-09-26,2026-04-15,120,2026-04-20
2026-04-17,0.017857598904497785,-0.0089024092152723,0.0036277511809412744,-0.008341717202350014,0.026199316106847798,-0.00015068679921934666,0.937224292506579,0.04204361535550216,2025-09-30,2026-04-16,120,2026-04-20
2026-04-21,-0.01891091866298078,0.004783873747175704,0.012807530446963256,0.005247391414218914,-0.024158310077199693,0.00012106058629229432,0.9232766124646283,0.055396478119947995,2025-10-03,2026-04-17,120,2026-04-27
2026-04-22,0.05569264492132886,-0.012316805129014341,-0.004124592908340219,-0.011634610803997176,0.06732725572532604,-9.017043630735297e-05,0.9252121685616972,0.03607201676116467,2025-10-09,2026-04-21,120,2026-04-27
2026-04-23,0.0008595330388883049,-0.009525742085417122,0.017345778527076305,-0.009354441133013421,0.010213974171901726,-0.00011927779946813784,0.918067392533521,-0.02824261444793935,2025-10-10,2026-04-22,120,2026-04-27
2026-04-24,0.030459191706522226,0.0024230935949738353,-0.005707858882344041,0.002261824670365708,0.028197367036156516,3.538224308477706e-05,0.8964228478692964,-0.009517748658552039,2025-10-14,2026-04-23,120,2026-04-27
2026-04-28,-0.024218302920540946,-0.009528956766043706,0.019267547383179817,-0.009674531642084776,-0.01454377127845617,0.0005297294070411916,0.9031172589760978,-0.08296311418807194,2025-10-15,2026-04-24,120,2026-05-04
2026-04-29,0.0025327212286656575,0.01668496090169036,-0.010324385877151343,0.016406054052835,-0.013873332824169343,0.0003337609256020323,0.904533267022515,-0.09493939342709923,2025-10-16,2026-04-28,120,2026-05-04
2026-04-30,-0.015293367742404751,-0.012924484619681209,0.005993412912959073,-0.011592611399141218,-0.0037007563432635334,0.0002705407254685495,0.8837784572574788,-0.07354257965888707,2025-10-17,2026-04-29,120,2026-05-04
2026-05-05,0.0008595330388883049,-0.007588205214565491,0.009362962936961594,-0.006998203699227408,0.007857736738115713,0.0003168285932416402,0.8733762615477796,-0.0734461937897654,2025-10-21,2026-04-30,120,2026-05-11
2026-05-06,0.042881658998349614,0.012095924698291682,0.01338257882486893,0.009836801321151967,0.03304485767719765,0.00029985313545454763,0.8651771044881584,-0.06935650692021761,2025-10-22,2026-05-05,120,2026-05-11
2026-05-07,0.033188089623342076,0.015613471706837245,0.020435097273690417,0.013335169054431476,0.019852920568910602,0.00073741666611612,0.8673560845013304,-0.04622866650189913,2025-10-23,2026-05-06,120,2026-05-11
2026-05-08,-0.00159373200859525,-0.008772911875713163,-0.0012706347757607261,-0.006784253848203024,0.005190521839607774,0.0008732483723465191,0.8766841693183606,-0.026420447758588275,2025-10-24,2026-05-07,120,2026-05-11
2026-05-12,-0.03490488899843669,-0.0022341007022443904,0.02322088170945058,-0.0018910341803968496,-0.03301385481803984,0.0007913445966649284,0.8697845873759431,-0.03183309009765098,2025-10-27,2026-05-08,120,2026-05-18
2026-05-13,-0.0007724758839815493,0.0015370538596073402,-0.008767103783952734,0.0026620550308983967,-0.003434530914879946,0.0005352397045389393,0.8902404560517623,-0.08651292560204353,2025-10-28,2026-05-12,120,2026-05-18
2026-05-14,0.009230854909141328,2.272216831400442e-05,0.010471970544779552,-0.00017334927358995033,0.009404204182731279,0.000566746852516271,0.8831791441485419,-0.07259033703546244,2025-10-31,2026-05-13,120,2026-05-18
2026-05-15,-0.05024605544753413,-0.0162866707628897,0.007629904120706854,-0.014180528381669505,-0.036065527065864626,0.0006643305356352876,0.8793694876807878,-0.06852741322106844,2025-11-03,2026-05-14,120,2026-05-18
2026-05-19,0.006314188159618261,0.004766385650491145,-0.015504873638985117,0.00632183009255718,-7.641932938918898e-06,0.0003948510875989245,0.9214684888181098,-0.09899499075029707,2025-11-04,2026-05-15,120,2026-05-25
2026-05-20,0.03782772768255782,-0.005703938101643047,-0.005764585552775259,-0.004247833314719274,0.04207556099727709,0.0004333254503138162,0.9185708852024299,-0.0968521849526964,2025-11-05,2026-05-19,120,2026-05-25
2026-05-21,-0.003795103824105972,-0.01036889585555123,0.01631368694447133,-0.010825884443166733,0.007030780619060761,0.0009830653691928302,0.9197418807211923,-0.13928439628068,2025-11-06,2026-05-20,120,2026-05-25
2026-05-22,0.1804186269498964,0.008609537141490264,0.0023516741479703285,0.008762351829628624,0.1716562751202678,0.0011117097541873174,0.9244030265071301,-0.13098758399147298,2025-11-07,2026-05-21,120,2026-05-25
2026-05-27,0.04356697852552571,-0.010651233897918999,0.004227518104897854,-0.008856149491813334,0.052423128017339046,0.002683809792962425,1.0176247066129347,-0.16581845351011915,2025-11-10,2026-05-22,120,2026-06-01
2026-05-28,0.03516395588738863,-0.012797401698405153,-0.0011972572581893104,-0.009409688555675514,0.044573644443064143,0.003370298892151132,1.0139387982000465,-0.16353598944442746,2025-11-11,2026-05-27,120,2026-06-01
2026-05-29,0.1984509249710933,0.007022764766146494,0.008268173486948527,0.009525334962298636,0.18892559000879466,0.0038069136843544658,0.9763474794534772,-0.13766491499898703,2025-11-12,2026-05-28,120,2026-06-01
2026-06-02,0.051729029328769105,0.024891805521709998,0.0036094606489172065,0.030878157891082753,0.020850871437686352,0.005330418769124147,1.0376518196343931,-0.07793080434706781,2025-11-13,2026-05-29,120,2026-06-08
2026-06-03,-0.01669235716481543,-0.01568049816949646,0.004784727293634106,-0.011644152620105165,-0.005048204544710265,0.005737677455853003,1.0796671094852082,-0.09449063954205769,2025-11-14,2026-06-02,120,2026-06-08
2026-06-04,-0.044590906047548895,-0.014927997372161883,-0.0030667717363304092,-0.009696347757339047,-0.03489455829020985,0.005918753685270901,1.071536425806158,-0.12416688907396707,2025-11-17,2026-06-03,120,2026-06-08
2026-06-05,-0.004811567689113172,-0.011608181437972931,-0.0055440004601194914,-0.005972845556629932,0.0011612778675167603,0.005944784530082809,1.0841850162971172,-0.12045206337905688,2025-11-18,2026-06-04,120,2026-06-08
2026-06-09,0.0328423802833302,-0.003703973053866605,-0.04886682363078165,0.008731955119864526,0.02411042516346567,0.006217595308988543,1.058190123011201,-0.1316612587916295,2025-11-19,2026-06-05,120,2026-06-15
2026-06-10,-0.09846725079493357,-0.006449971327270987,-0.011123662087165087,0.002018277387878391,-0.10048552818281196,0.006600219276804095,1.0775757077492876,-0.212914641820492,2025-11-20,2026-06-09,120,2026-06-15
2026-06-11,-0.005231061026415684,-0.006522047072246906,-0.020242924060870138,0.0015465710464427343,-0.0067776320728584185,0.0056588453337114725,1.090238879725675,-0.14811669486483098,2025-11-21,2026-06-10,120,2026-06-15
2026-06-12,-0.02388434011648055,0.019148453047492353,0.03238607016275985,0.02254529943750561,-0.04642963955398616,0.005470349414514506,1.103322883291056,-0.1251147911298871,2025-11-24,2026-06-11,120,2026-06-15
2026-06-16,0.041706113750222595,-0.014136619681639928,0.0064239453576036,-0.011415156516668438,0.053121270266891035,0.005346627445948026,1.0970925855466076,-0.1949897228989395,2025-11-25,2026-06-12,120,2026-06-22
2026-06-17,-0.02304432538035961,-0.007449473253268835,-0.01927492201434866,0.0009956898175240876,-0.024040015197883697,0.005757389234283384,1.046669698469172,-0.157481234151511,2025-11-26,2026-06-16,120,2026-06-22
2026-06-18,-0.04521928995252056,-0.016060624450119576,-0.00966356509288957,-0.009954052297051555,-0.035265237655469,0.005646338274706046,1.0479840878416846,-0.1273741399718521,2025-11-27,2026-06-17,120,2026-06-22
2026-06-23,-0.04476387579837704,-0.018352795362980956,0.0247138714497801,-0.017255062273847075,-0.027508813524529965,0.0053371789310277026,1.0742904608540411,-0.11637222530117391,2025-11-28,2026-06-18,120,2026-06-29
2026-06-24,0.028320481936131348,0.003247185424566368,-0.03336047705399281,0.01414359088031861,0.014176891055812737,0.005266156548356658,1.11137873452203,-0.15792884183046843,2025-12-01,2026-06-23,120,2026-06-29
2026-06-25,0.04521022032761435,-0.014423829117934162,-0.004532828992219962,-0.009923149690284242,0.055133370017898586,0.005457443750658621,1.1240102193905386,-0.18353612981779593,2025-12-02,2026-06-24,120,2026-06-29
2026-06-26,-0.0227761537985951,-0.017708076954271235,0.007590048025424068,-0.014789830559555005,-0.007986323239040095,0.005769859527947073,1.0818988300703851,-0.184628917127489,2025-12-03,2026-06-25,120,2026-06-29
2026-06-30,0.0785957333741556,-0.006345804626693763,-0.011000383990934282,0.000883551084685161,0.07771218228947044,0.005717713961540895,1.0902356383241654,-0.18947152051472738,2025-12-04,2026-06-26,120,2026-07-06
2026-07-03,-0.03324413277200611,0.012714302401960254,-0.016356982870123105,0.024014388503902487,-0.057258521275908594,0.006438571344455104,1.0835564024888895,-0.23226492433166496,2025-12-05,2026-06-30,120,2026-07-06
2026-07-07,0.02032004810629484,-0.0050699131280573795,-0.016356982870123105,0.003467776554802647,0.016852271551492194,0.005876888540778176,1.024835631034121,-0.170368561001272,2025-12-08,2026-07-03,120,2026-07-13
2026-07-08,0.06669134463148696,0.029462259038545824,-0.01792026677396663,0.03950600484331984,0.027185339788167118,0.0060253648697807475,1.0245870790998173,-0.18381367214569164,2025-12-09,2026-07-07,120,2026-07-13
2026-07-09,0.07423607966581924,-0.007019830252078307,0.002365684236997012,-0.00166835121143539,0.07590443087725464,0.006357289615525211,1.0697590220554805,-0.21816693598845932,2025-12-10,2026-07-08,120,2026-07-13
2026-07-10,0.018137281225118596,0.006013442232164934,0.015709207488193044,0.010126013022045507,0.008011268203073088,0.007052107349202318,1.0445426317414128,-0.20417268691485455,2025-12-11,2026-07-09,120,2026-07-13
2026-07-14,-0.0060266102782580155,0.005231654451847589,0.003291560658656323,0.012224530702365437,-0.018251140980623453,0.007389681798872205,1.044888514484441,-0.1918988621195752,2025-12-12,2026-07-10,120,2026-07-20
2026-07-15,0.02977677362073683,0.01388665456894067,0.010948273555520416,0.01957538932808292,0.010201384292653909,0.0072447115113738495,1.0407175424143889,-0.19376636762667807,2025-12-15,2026-07-14,120,2026-07-20
2026-07-16,-0.06941208137811516,0.013181997374644538,-0.002734412202251235,0.021712886071207856,-0.09112496744932302,0.007428949019864564,1.0421816315852983,-0.1996412682161409,2025-12-16,2026-07-15,120,2026-07-20
2026-07-17,-0.03846627571907302,-0.018009436220328467,-0.016008642735844347,-0.008563905406028962,-0.029902370313044054,0.006479905127133407,0.9845223809817432,-0.16783949388777106,2025-12-17,2026-07-16,120,2026-07-20
2026-07-21,0.08154984249763242,-0.00042811123496377945,-0.015033992941752672,0.008262642827960099,0.07328719966967231,0.006438683934160732,1.0189391742971323,-0.1503378517481992,2025-12-18,2026-07-17,120,2026-07-27
2026-07-22,0.03633695994325725,-0.009580449069963137,0.01916979043887146,-0.007235940882065748,0.043572900825323,0.007351995974417571,1.0444834007260064,-0.23898627614187015,2025-12-19,2026-07-21,120,2026-07-27
2026-07-23,0.021347273091598673,0.012699905307608006,-0.0055897868662793115,0.021833057090615202,-0.00048578399901652927,0.00787156921836865,1.0207336598310337,-0.17858767641506373,2025-12-22,2026-07-22,120,2026-07-27
2026-07-24,-0.011438084362872747,-0.009868931525094382,-0.018759986226960734,0.0010995139759186166,-0.012537598338791364,0.007957538050935825,1.0216921889382933,-0.1719077049589643,2025-12-23,2026-07-23,120,2026-07-27
2026-07-28,-0.037708699878768126,0.004104279950960077,-0.011539630567874326,0.013911560959064128,-0.051620260837832256,0.007833259906720213,1.0252641922815333,-0.16207882674619004,2025-12-24,2026-07-24,120,2026-08-03
2026-07-29,-0.018966099327134334,0.01944827641304414,-0.010013591772548125,0.028332593892599147,-0.047298693219733484,0.007489287583035094,1.0060857109180794,-0.127494043837015,2025-12-30,2026-07-28,120,2026-08-03
2026-07-30,-0.05547036727718657,0.0019726769707215652,-0.02061529507949622,0.011039066097728648,-0.06650943337491522,0.007141255293875731,0.9561152466373752,-0.09758309389693962,2025-12-31,2026-07-29,120,2026-08-03
2026-07-31,0.09304953818190498,0.0009875220557500342,0.03316586305983016,0.006510228356448113,0.08653930982545686,0.006622499364814086,0.9314697415189896,-0.03111988735278351,2026-01-02,2026-07-30,120,2026-08-03
2026-08-04,0.016834101827142955,-0.006034475228197778,0.005954184865228029,0.002400781646033456,0.014433320181109498,0.007319202368329501,0.9107066739359829,0.09694293254076333,2026-01-05,2026-07-31,120,2026-08-10
2026-08-05,0.05703757885043004,0.0024300541714286084,0.03275584012204291,0.013007670537994051,0.044029908312435986,0.007497604346131984,0.9062513627076777,0.10098432142869773,2026-01-06,2026-08-04,120,2026-08-10
2026-08-06,-0.013022020267986267,-0.014988433963926795,-0.008146413988614043,-0.00709082684037408,-0.005931193427612187,0.008149100901538284,0.9251675261530061,0.16855457782009003,2026-01-07,2026-08-05,120,2026-08-10
2026-08-07,0.07998339043864844,0.0053810501233613195,-0.003761645134405356,0.012501219767220661,0.06748217067142778,0.008199983891257662,0.9221329894101917,0.17566993611764956,2026-01-08,2026-08-06,120,2026-08-10
2026-08-11,-0.015989185859040855,-0.011035902208805126,0.011810509659689217,0.0010967868834455444,-0.0170859727424864,0.009216713456514551,0.914495445296283,0.1670000523644101,2026-01-09,2026-08-07,120,2026-08-17
2026-08-12,0.01736757735558525,-0.008324101507415804,-0.003092567783019362,0.0008047039489474518,0.0165628734066378,0.008979831933343686,0.9224275652368757,0.16062616342755726,2026-01-12,2026-08-11,120,2026-08-17
2026-08-13,0.18381265144682057,-0.0017176639880052136,0.0073127356698705626,0.008942543033405824,0.17487010841341474,0.00932815907866347,0.9340972066475333,0.16667484549166797,2026-01-13,2026-08-12,120,2026-08-17
2026-08-14,-0.037960851373744386,-0.011072833685076944,0.01154441115847149,0.00319306760028458,-0.041153918974028966,0.010948370284849414,0.9289017429029841,0.21917720961638248,2026-01-14,2026-08-13,120,2026-08-17
2026-08-18,-0.052218210558541145,0.0007037855860900777,-0.0012758680035638292,0.011171724125998319,-0.06338993468453946,0.010743507141148495,0.9598507677614905,0.19383835130860042,2026-01-15,2026-08-14,120,2026-08-24
2026-08-19,-0.03970581100197812,0.0009386579307335552,-0.017002934928145308,0.007755861423487977,-0.047461672425466096,0.010234267214066561,0.9517323725992582,0.1983044071099398,2026-01-16,2026-08-18,120,2026-08-24
2026-08-20,-0.013369234048948186,0.007947132034392013,-0.002673750725083579,0.016797647347588023,-0.03016688139653621,0.010001070164935413,0.9351063928934074,0.2374330493563524,2026-01-19,2026-08-19,120,2026-08-24
2026-08-21,0.0020168535673938948,0.0120281096125332,-0.006821337736974797,0.019114430915495327,-0.017097577348101432,0.009694602477380267,0.9213908528678743,0.24375889309104964,2026-01-20,2026-08-20,120,2026-08-24
2026-08-25,0.038389885373039334,-0.0002441959832637508,0.003270540040137604,0.010247427287802681,0.028142458085236653,0.009649041181836134,0.9068005882274153,0.2506690507291254,2026-01-21,2026-08-21,120,2026-08-31
2026-08-26,-0.007822718386155003,0.005545745539421887,0.006648974547850628,0.01695373201506722,-0.024776450401222224,0.010200699620481575,0.9170789311160757,0.2507373116039082,2026-01-22,2026-08-25,120,2026-08-31
2026-08-27,0.005221939105117368,-0.0034061986915343567,0.0006202639470753724,0.00718076161914591,-0.0019588225140285418,0.010122574391298409,0.9100194493264997,0.25455983079257305,2026-01-23,2026-08-26,120,2026-08-31
2026-08-28,-0.02505075783703381,0.000744814541215888,0.014134951595833556,0.014297772548598469,-0.03934853038563228,0.010048204305619953,0.9086592875253017,0.252762492209165,2026-01-26,2026-08-27,120,2026-08-31
2026-09-01,0.017816340633143746,-0.009323252302166907,-0.007046356493999539,-0.0002020894949784516,0.0180184301281222,0.009938104915339193,0.9114302658127107,0.23312758696122837,2026-01-27,2026-08-28,120,2026-09-07
2026-09-02,0.0006538234186463932,-0.0007314055213551995,-0.012747176113075298,0.00654187943733754,-0.005888056018691147,0.010126119212268631,0.9084336999500383,0.22905515112539598,2026-01-28,2026-09-01,120,2026-09-07
2026-09-03,-0.0019626916562054397,-0.0038753662686890067,0.002387028548776371,0.007186288001987056,-0.009148979658192495,0.01022419496380911,0.92815484919337,0.23419620730913926,2026-01-29,2026-09-02,120,2026-09-07
2026-09-04,0.05912114012485015,0.017205404292090165,0.01136066556156301,0.029076452155042926,0.03004468796980722,0.010309471797683014,0.9357839527447136,0.23470800243943324,2026-01-30,2026-09-03,120,2026-09-07
2026-09-08,-0.06379713842035217,-0.0037823379604571272,0.002094995685931522,0.007549520707586821,-0.071346659127939,0.010652840661276785,0.9553016720040426,0.2434152143813808,2026-02-02,2026-09-04,120,2026-09-14
2026-09-09,0.06564948719712316,-0.001668984916570082,0.002094995685931522,0.008686216439291669,0.05696327075783149,0.009844937310685442,1.0043837711315706,0.2470556367004912,2026-02-03,2026-09-08,120,2026-09-14
2026-09-10,-0.0049474391606461054,-0.012761226762293632,-0.0028218206565409076,-0.0031843678333125275,-0.001763071327333578,0.010303870942662628,1.0013625935188093,0.25147723231746777,2026-02-04,2026-09-09,120,2026-09-14
2026-09-11,-0.030209947496667944,-0.005982314463482297,-0.010997439356520644,0.0019620233089787118,-0.032171970805646655,0.01054612242805067,1.0095307837077143,0.23139645765428346,2026-02-05,2026-09-10,120,2026-09-14
2026-09-15,-0.02968322205033891,-0.010098308407803458,0.009061832347612153,0.0022977190874365573,-0.031980941137775463,0.010025029935556151,1.0057821043308812,0.2680900439637197,2026-02-06,2026-09-11,120,2026-09-21
2026-09-16,0.08004266064817545,0.0018848973439826722,-0.006342517613667553,0.010117185552117675,0.06992547509605777,0.00979433695031055,1.0244478515803541,0.2535476494728312,2026-02-09,2026-09-15,120,2026-09-21
2026-09-17,0.015267485810893877,-0.0044401744797379905,0.00019593942660733887,0.006040189614039008,0.009227296196854869,0.010780177536726637,1.0790737778109514,0.2617539930123416,2026-02-10,2026-09-16,120,2026-09-21
2026-09-18,0.09074377698180491,0.00593619538653023,0.017423811091804353,0.021840859617870696,0.06890291736393422,0.01086951603216084,1.0780832672515466,0.2623783421588028,2026-02-11,2026-09-17,120,2026-09-21
2026-09-22,0.027595568777438295,0.0017968745459775448,0.00667410208744279,0.015519433321734721,0.012076135455703574,0.011489766825130195,1.099839627680106,0.30766575609206637,2026-02-12,2026-09-18,120,2026-09-28
2026-09-23,0.004887234567476639,-0.010161199731467008,0.007884068754329121,0.003528598406578567,0.0013586361608980725,0.011970154625304097,1.0788621602256934,0.3197559220504563,2026-02-13,2026-09-22,120,2026-09-28
2026-09-24,-0.024679007583045198,-0.002943359855779093,-0.008580666780606094,0.005333286037693478,-0.030012293620738678,0.011649101620641242,1.1114073270106852,0.3548143694481882,2026-02-16,2026-09-23,120,2026-09-28
2026-09-25,0.031158557382990004,-0.010190256478653126,0.00030925754674093753,0.000267751772080368,0.030890805610909636,0.011562438739745625,1.119508334416428,0.36665262084260236,2026-02-23,2026-09-24,120,2026-09-28
2026-09-29,-0.0005635519420112978,-0.004838282204186584,0.004232379983017509,0.008114296881108787,-0.008677848823120084,0.012081135743599512,1.145554087706614,0.37229055527051025,2026-02-24,2026-09-25,120,2026-10-05
2026-09-30,-0.026851045314534083,0.003651000702310725,0.0022450793591541895,0.01695555686079535,-0.04380660217532943,0.011794801941622204,1.1769032878575423,0.3847882637783063,2026-02-25,2026-09-29,120,2026-10-05
2026-10-05,0.04556592673039406,0.0028347053002111267,0.009994266453658085,0.018802009099742945,0.026763917630651113,0.011572725884290064,1.1712071267686328,0.39114988415442264,2026-02-26,2026-09-30,120,2026-10-05
