"factor_id","ticker","date","currency","open","high","low","close","adj_close","volume"
"ACWI","ACWI",2022-01-03,"USD",106.12000274658203,106.36000061035156,105.55000305175781,106.33999633789062,98.49745178222656,12987500
"ACWI","ACWI",2022-01-04,"USD",106.7300033569336,106.77999877929688,105.88999938964844,106.25,98.41410064697266,9016100
"ACWI","ACWI",2022-01-05,"USD",106.30999755859375,106.44000244140625,104.47000122070312,104.5199966430664,96.81169891357422,6835700
"ACWI","ACWI",2022-01-06,"USD",104.31999969482422,104.94999694824219,103.80000305175781,104.30000305175781,96.60791778564453,6908700
"ACWI","ACWI",2022-01-07,"USD",104.44000244140625,104.72000122070312,103.7699966430664,104.27999877929688,96.58940124511719,4589400
"ACWI","ACWI",2022-01-10,"USD",103.55000305175781,103.9800033569336,102.30999755859375,103.9800033569336,96.31153106689453,12844900
"ACWI","ACWI",2022-01-11,"USD",104.08999633789062,105.22000122070312,103.58000183105469,105.22000122070312,97.4600601196289,7804600
"ACWI","ACWI",2022-01-12,"USD",105.79000091552734,106.08000183105469,105.30000305175781,105.86000061035156,98.05287170410156,4580800
"ACWI","ACWI",2022-01-13,"USD",106.04000091552734,106.12000274658203,104.29000091552734,104.44000244140625,96.73760223388672,5320100
"ACWI","ACWI",2022-01-14,"USD",103.9000015258789,104.51000213623047,103.51000213623047,104.47000122070312,96.765380859375,6341200
"ACWI","ACWI",2022-01-18,"USD",103.26000213623047,103.37000274658203,102.44999694824219,102.66000366210938,95.0888671875,8446000
"ACWI","ACWI",2022-01-19,"USD",103.11000061035156,103.41000366210938,102,102.04000091552734,94.51459503173828,6159500
"ACWI","ACWI",2022-01-20,"USD",102.63999938964844,103.58000183105469,101.19000244140625,101.23999786376953,93.77359008789062,10613600
"ACWI","ACWI",2022-01-21,"USD",100.93000030517578,101.31999969482422,99.44000244140625,99.5199966430664,92.18043518066406,8781100
"ACWI","ACWI",2022-01-24,"USD",97.87000274658203,99.4000015258789,95.5999984741211,99.36000061035156,92.03223419189453,11927600
"ACWI","ACWI",2022-01-25,"USD",98.02999877929688,99.37999725341797,96.91999816894531,98.36000061035156,91.10598754882812,17991900
"ACWI","ACWI",2022-01-26,"USD",99.69000244140625,100.16999816894531,97.16000366210938,97.87000274658203,90.65213012695312,5429500
"ACWI","ACWI",2022-01-27,"USD",98.61000061035156,99.2300033569336,97.02999877929688,97.37000274658203,90.18901062011719,6188700
"ACWI","ACWI",2022-01-28,"USD",97.37000274658203,98.95999908447266,96.44000244140625,98.93000030517578,91.63394927978516,10745600
"ACWI","ACWI",2022-01-31,"USD",99,101.05000305175781,98.87999725341797,100.97000122070312,93.52350616455078,3866600
"ACWI","ACWI",2022-02-01,"USD",101.19000244140625,101.83000183105469,100.4800033569336,101.75,94.24598693847656,3796400
"ACWI","ACWI",2022-02-02,"USD",102.37999725341797,102.61000061035156,101.68000030517578,102.4000015258789,94.8480453491211,2463300
"ACWI","ACWI",2022-02-03,"USD",101.11000061035156,101.58999633789062,100.2699966430664,100.44000244140625,93.0325927734375,21242100
"ACWI","ACWI",2022-02-04,"USD",100.36000061035156,101.56999969482422,99.91999816894531,100.88999938964844,93.44940185546875,5877900
"ACWI","ACWI",2022-02-07,"USD",100.93000030517578,101.41999816894531,100.5,100.69000244140625,93.26416015625,3938700
"ACWI","ACWI",2022-02-08,"USD",100.55000305175781,101.63999938964844,100.33999633789062,101.47000122070312,93.98662567138672,2720600
"ACWI","ACWI",2022-02-09,"USD",102.5199966430664,103.06999969482422,102.5,103.06999969482422,95.4686279296875,5696300
"ACWI","ACWI",2022-02-10,"USD",101.83999633789062,103.2699966430664,101.16000366210938,101.58000183105469,94.0885238647461,3485200
"ACWI","ACWI",2022-02-11,"USD",101.56999969482422,102.01000213623047,99.4000015258789,99.6500015258789,92.30084991455078,3832900
"ACWI","ACWI",2022-02-14,"USD",99.5199966430664,99.76000213623047,98.5199966430664,99.27999877929688,91.9581298828125,5372100
"ACWI","ACWI",2022-02-15,"USD",100.41999816894531,101.05999755859375,100.33999633789062,101.0199966430664,93.56980895996094,2600300
"ACWI","ACWI",2022-02-16,"USD",100.58000183105469,101.47000122070312,100.31999969482422,101.25,93.7828598022461,2676200
"ACWI","ACWI",2022-02-17,"USD",100.54000091552734,100.5999984741211,99.16999816894531,99.29000091552734,91.96741485595703,3720400
"ACWI","ACWI",2022-02-18,"USD",99.31999969482422,99.5199966430664,98.1500015258789,98.55000305175781,91.28199005126953,4274300
"ACWI","ACWI",2022-02-22,"USD",97.8499984741211,98.55999755859375,96.66999816894531,97.41000366210938,90.22606658935547,6770900
"ACWI","ACWI",2022-02-23,"USD",98.27999877929688,98.27999877929688,95.86000061035156,96.02999877929688,88.94783782958984,3629200
"ACWI","ACWI",2022-02-24,"USD",93.08999633789062,96.51000213623047,92.83999633789062,96.43000030517578,89.31832885742188,5552400
"ACWI","ACWI",2022-02-25,"USD",96.86000061035156,98.58999633789062,96.54000091552734,98.56999969482422,91.30050659179688,5519800
"ACWI","ACWI",2022-02-28,"USD",96.95999908447266,98.37999725341797,96.79000091552734,97.87999725341797,90.66139221191406,5390800
"ACWI","ACWI",2022-03-01,"USD",97.5999984741211,97.9000015258789,95.69999694824219,96.22000122070312,89.12380981445312,4681800
"ACWI","ACWI",2022-03-02,"USD",96.77999877929688,97.91999816894531,96.41000366210938,97.5999984741211,90.40203857421875,5907300
"ACWI","ACWI",2022-03-03,"USD",97.86000061035156,97.94000244140625,96.2699966430664,96.61000061035156,89.48505401611328,5472700
"ACWI","ACWI",2022-03-04,"USD",95.23999786376953,95.41999816894531,94.3499984741211,95.18000030517578,88.1605224609375,3623000
"ACWI","ACWI",2022-03-07,"USD",94.80999755859375,94.87000274658203,92.19000244140625,92.22000122070312,85.4188232421875,5164500
"ACWI","ACWI",2022-03-08,"USD",92.56999969482422,94.12000274658203,91.52999877929688,92.11000061035156,85.3169174194336,5333100
"ACWI","ACWI",2022-03-09,"USD",94.11000061035156,95.26000213623047,93.69999694824219,94.9000015258789,87.90116119384766,3841700
"ACWI","ACWI",2022-03-10,"USD",93.75,94.31999969482422,93.20999908447266,94.1500015258789,87.20648193359375,5228600
"ACWI","ACWI",2022-03-11,"USD",94.72000122070312,94.83999633789062,92.76000213623047,92.8499984741211,86.00236511230469,2969100
"ACWI","ACWI",2022-03-14,"USD",93.18000030517578,93.77999877929688,92.01000213623047,92.25,85.44660186767578,1827000
"ACWI","ACWI",2022-03-15,"USD",92.56999969482422,93.9000015258789,92.2300033569336,93.69000244140625,86.78040313720703,5022900
"ACWI","ACWI",2022-03-16,"USD",95.12000274658203,96.86000061035156,94.36000061035156,96.86000061035156,89.71661376953125,2966000
"ACWI","ACWI",2022-03-17,"USD",96.38999938964844,97.8499984741211,96.20999908447266,97.8499984741211,90.63360595703125,3482600
"ACWI","ACWI",2022-03-18,"USD",97.13999938964844,99.02999877929688,97.13999938964844,98.93000030517578,91.63394927978516,3076400
"ACWI","ACWI",2022-03-21,"USD",98.73999786376953,99.05999755859375,97.87999725341797,98.58000183105469,91.30976867675781,4104200
"ACWI","ACWI",2022-03-22,"USD",99.11000061035156,99.97000122070312,99.11000061035156,99.7699966430664,92.41199493408203,2323700
"ACWI","ACWI",2022-03-23,"USD",99.13999938964844,99.56999969482422,98.62000274658203,98.6500015258789,91.37460327148438,2655100
"ACWI","ACWI",2022-03-24,"USD",99.05000305175781,99.83000183105469,98.77999877929688,99.79000091552734,92.43052673339844,4969100
"ACWI","ACWI",2022-03-25,"USD",99.72000122070312,100.08000183105469,99.16000366210938,99.9800033569336,92.60650634765625,3842000
"ACWI","ACWI",2022-03-28,"USD",99.83999633789062,100.41999816894531,99.29000091552734,100.37000274658203,92.96775817871094,3846100
"ACWI","ACWI",2022-03-29,"USD",101.76000213623047,102.02999877929688,101.12000274658203,101.9800033569336,94.45902252197266,4242600
"ACWI","ACWI",2022-03-30,"USD",101.7300033569336,101.94000244140625,100.98999786376953,101.41000366210938,93.93106079101562,3106600
"ACWI","ACWI",2022-03-31,"USD",101.11000061035156,101.29000091552734,99.77999877929688,99.77999877929688,92.42127227783203,5912300
"ACWI","ACWI",2022-04-01,"USD",100.48999786376953,100.52999877929688,99.66000366210938,100.43000030517578,93.02333068847656,3450700
"ACWI","ACWI",2022-04-04,"USD",100.62999725341797,101.4000015258789,100.45999908447266,101.4000015258789,93.92179870605469,5179000
"ACWI","ACWI",2022-04-05,"USD",100.97000122070312,101.3499984741211,99.68000030517578,99.94999694824219,92.57872772216797,4349400
"ACWI","ACWI",2022-04-06,"USD",98.9800033569336,99.31999969482422,98.16999816894531,98.80000305175781,91.5135498046875,3269700
"ACWI","ACWI",2022-04-07,"USD",98.6500015258789,99.44000244140625,98.05000305175781,99.01000213623047,91.70806121826172,4303700
"ACWI","ACWI",2022-04-08,"USD",98.87000274658203,99.44999694824219,98.5,98.91999816894531,91.62468719482422,2272700
"ACWI","ACWI",2022-04-11,"USD",98.30000305175781,98.33999633789062,97.33000183105469,97.51000213623047,90.31867980957031,3761400
"ACWI","ACWI",2022-04-12,"USD",98.05000305175781,98.47000122070312,96.70999908447266,96.97000122070312,89.81849670410156,2964600
"ACWI","ACWI",2022-04-13,"USD",97.01000213623047,98.2699966430664,96.97000122070312,98.13999938964844,90.90221405029297,2449700
"ACWI","ACWI",2022-04-14,"USD",98.2300033569336,98.33999633789062,97.0999984741211,97.11000061035156,89.94818115234375,2237300
"ACWI","ACWI",2022-04-18,"USD",96.91999816894531,97.38999938964844,96.54000091552734,96.94999694824219,89.79997253417969,1674800
"ACWI","ACWI",2022-04-19,"USD",96.63999938964844,98.12000274658203,96.62000274658203,97.9800033569336,90.75402069091797,5598500
"ACWI","ACWI",2022-04-20,"USD",98.55000305175781,98.56999969482422,97.77999877929688,98.06999969482422,90.83737182617188,1896400
"ACWI","ACWI",2022-04-21,"USD",98.8499984741211,99.06999969482422,96.37000274658203,96.55000305175781,89.42948913574219,8192900
"ACWI","ACWI",2022-04-22,"USD",96.4000015258789,96.43000030517578,94.27999877929688,94.37999725341797,87.41952514648438,2339700
"ACWI","ACWI",2022-04-25,"USD",93.62000274658203,94.56999969482422,92.76000213623047,94.52999877929688,87.5584487915039,3617900
"ACWI","ACWI",2022-04-26,"USD",93.91000366210938,93.91999816894531,91.88999938964844,91.91999816894531,85.14093780517578,3346500
"ACWI","ACWI",2022-04-27,"USD",92.19999694824219,93.20999908447266,91.72000122070312,92.2699966430664,85.46512603759766,5464900
"ACWI","ACWI",2022-04-28,"USD",93.16000366210938,94.55000305175781,92.19999694824219,94.19999694824219,87.25277709960938,4315300
"ACWI","ACWI",2022-04-29,"USD",93.98999786376953,94.48999786376953,91.6500015258789,91.7300033569336,84.96495819091797,3367900
"ACWI","ACWI",2022-05-02,"USD",91.69000244140625,92.31999969482422,90.30999755859375,92.02999877929688,85.2428207397461,4936500
"ACWI","ACWI",2022-05-03,"USD",92.33000183105469,92.97000122070312,92,92.58999633789062,85.76151275634766,3695000
"ACWI","ACWI",2022-05-04,"USD",92.47000122070312,94.97000122070312,91.7300033569336,94.7699966430664,87.78074645996094,4135800
"ACWI","ACWI",2022-05-05,"USD",93.66000366210938,93.66000366210938,90.6500015258789,91.54000091552734,84.7889633178711,4187400
"ACWI","ACWI",2022-05-06,"USD",90.87000274658203,91.41000366210938,89.69999694824219,90.62999725341797,83.94607543945312,4590200
"ACWI","ACWI",2022-05-09,"USD",89.25,89.44999694824219,87.45999908447266,87.76000213623047,81.28772735595703,5784400
"ACWI","ACWI",2022-05-10,"USD",89.16000366210938,89.41999816894531,87.18000030517578,88.06999969482422,81.57486724853516,6017700
"ACWI","ACWI",2022-05-11,"USD",88.16000366210938,89.25,86.81999969482422,86.97000122070312,80.55599212646484,6309300
"ACWI","ACWI",2022-05-12,"USD",86.30999755859375,87.58000183105469,85.5199966430664,86.8499984741211,80.4448471069336,5135400
"ACWI","ACWI",2022-05-13,"USD",87.88999938964844,89.31999969482422,87.77999877929688,89.13999938964844,82.56596374511719,2751700
"ACWI","ACWI",2022-05-16,"USD",88.7699966430664,89.54000091552734,88.30000305175781,88.8499984741211,82.29734802246094,2073300
"ACWI","ACWI",2022-05-17,"USD",90.33999633789062,90.66999816894531,89.58999633789062,90.6500015258789,83.96459197998047,2507700
"ACWI","ACWI",2022-05-18,"USD",89.7699966430664,89.8499984741211,87.3499984741211,87.62000274658203,81.1580581665039,3497500
"ACWI","ACWI",2022-05-19,"USD",87.16999816894531,88.48999786376953,86.95999908447266,87.69999694824219,81.2321548461914,5937500
"ACWI","ACWI",2022-05-20,"USD",88.63999938964844,88.72000122070312,86.19999694824219,87.94999694824219,81.4637222290039,2268400
"ACWI","ACWI",2022-05-23,"USD",88.61000061035156,89.5199966430664,88.18000030517578,89.37000274658203,82.77900695800781,1945400
"ACWI","ACWI",2022-05-24,"USD",88.41999816894531,88.86000061035156,87.41999816894531,88.62999725341797,82.09356689453125,1764600
"ACWI","ACWI",2022-05-25,"USD",88.16000366210938,89.62000274658203,88.12999725341797,89.23999786376953,82.65858459472656,2054600
"ACWI","ACWI",2022-05-26,"USD",89.37999725341797,91.05000305175781,89.37999725341797,90.70999908447266,84.0201644897461,1657800
"ACWI","ACWI",2022-05-27,"USD",91.37999725341797,92.56999969482422,91.30000305175781,92.55999755859375,85.7337417602539,1606100
"ACWI","ACWI",2022-05-31,"USD",92.55000305175781,92.93000030517578,91.81999969482422,92.13999938964844,85.34471130371094,4431600
"ACWI","ACWI",2022-06-01,"USD",92.77999877929688,92.88999938964844,90.94999694824219,91.45999908447266,84.71485900878906,3117700
"ACWI","ACWI",2022-06-02,"USD",91.69000244140625,93.30999755859375,91.30000305175781,93.30000305175781,86.41917419433594,2553600
"ACWI","ACWI",2022-06-03,"USD",92.19000244140625,92.4800033569336,91.56999969482422,91.75,84.98347473144531,2106100
"ACWI","ACWI",2022-06-06,"USD",92.9000015258789,93.08999633789062,91.87999725341797,92.08000183105469,85.28913879394531,3043500
"ACWI","ACWI",2022-06-07,"USD",91.33000183105469,92.86000061035156,91.19999694824219,92.77999877929688,85.93751525878906,3557800
"ACWI","ACWI",2022-06-08,"USD",92.43000030517578,92.75,91.73999786376953,91.91000366210938,85.13168334960938,3324900
"ACWI","ACWI",2022-06-09,"USD",90.58999633789062,90.94999694824219,88.94000244140625,88.94000244140625,83.14695739746094,3580400
"ACWI","ACWI",2022-06-10,"USD",87.43000030517578,87.69999694824219,86.5199966430664,86.62999725341797,80.98741149902344,3574600
"ACWI","ACWI",2022-06-13,"USD",84.3499984741211,84.75,83.12000274658203,83.41999816894531,77.98649597167969,4217100
"ACWI","ACWI",2022-06-14,"USD",83.6500015258789,84.02999877929688,82.47000122070312,83.16999816894531,77.7527847290039,6172000
"ACWI","ACWI",2022-06-15,"USD",83.94000244140625,85.33999633789062,82.91000366210938,84.44000244140625,78.94004821777344,3660600
"ACWI","ACWI",2022-06-16,"USD",82.37999725341797,82.61000061035156,81.45999908447266,81.97000122070312,76.63094329833984,3653500
"ACWI","ACWI",2022-06-17,"USD",82.0999984741211,82.69000244140625,81.26000213623047,81.93000030517578,76.59354400634766,4877700
"ACWI","ACWI",2022-06-21,"USD",83.33999633789062,84.08000183105469,83.25,83.76000213623047,78.30435943603516,4832300
"ACWI","ACWI",2022-06-22,"USD",82.7699966430664,84.13999938964844,82.55999755859375,83.27999877929688,77.8556137084961,3650800
"ACWI","ACWI",2022-06-23,"USD",83.62000274658203,83.91000366210938,82.7699966430664,83.76000213623047,78.30435943603516,3691000
"ACWI","ACWI",2022-06-24,"USD",84.61000061035156,86.33999633789062,84.61000061035156,86.30999755859375,80.6882553100586,3355000
"ACWI","ACWI",2022-06-27,"USD",86.54000091552734,86.61000061035156,85.87999725341797,86.05999755859375,80.45454406738281,4133600
"ACWI","ACWI",2022-06-28,"USD",86.58000183105469,87.04000091552734,84.76000213623047,84.79000091552734,79.26726531982422,3202000
"ACWI","ACWI",2022-06-29,"USD",84.87000274658203,85.02999877929688,84.26000213623047,84.55999755859375,79.05225372314453,3589900
"ACWI","ACWI",2022-06-30,"USD",83.45999908447266,84.43000030517578,82.77999877929688,83.88999938964844,78.4258804321289,5459500
"ACWI","ACWI",2022-07-01,"USD",83.5,84.55000305175781,82.93000030517578,84.4800033569336,78.97746276855469,3230800
"ACWI","ACWI",2022-07-05,"USD",82.94999694824219,84.06999969482422,82.4000015258789,84.05000305175781,78.57546997070312,5108900
"ACWI","ACWI",2022-07-06,"USD",83.98999786376953,84.58999633789062,83.41999816894531,84.16999816894531,78.68765258789062,3530200
"ACWI","ACWI",2022-07-07,"USD",84.69999694824219,85.6500015258789,84.69999694824219,85.51000213623047,79.94036102294922,3197700
"ACWI","ACWI",2022-07-08,"USD",85.12999725341797,85.9000015258789,84.81999969482422,85.44999694824219,79.88426208496094,2727300
"ACWI","ACWI",2022-07-11,"USD",84.68000030517578,84.7699966430664,84.08999633789062,84.23999786376953,78.75309753417969,4357500
"ACWI","ACWI",2022-07-12,"USD",84.02999877929688,84.52999877929688,83.37000274658203,83.72000122070312,78.26696014404297,2987400
"ACWI","ACWI",2022-07-13,"USD",82.5,83.94999694824219,82.44000244140625,83.37999725341797,77.9490966796875,2961000
"ACWI","ACWI",2022-07-14,"USD",82.01000213623047,82.9000015258789,81.47000122070312,82.80999755859375,77.41622161865234,2258200
"ACWI","ACWI",2022-07-15,"USD",83.69999694824219,84.22000122070312,83.1500015258789,84.22000122070312,78.7343978881836,4734000
"ACWI","ACWI",2022-07-18,"USD",85.08000183105469,85.31999969482422,83.75,83.98999786376953,78.51937103271484,2886400
"ACWI","ACWI",2022-07-19,"USD",84.91000366210938,86.20999908447266,84.91000366210938,86.12000274658203,80.51063537597656,2193700
"ACWI","ACWI",2022-07-20,"USD",86.06999969482422,86.70999908447266,85.79000091552734,86.38999938964844,80.76304626464844,1837500
"ACWI","ACWI",2022-07-21,"USD",86.23999786376953,87.30000305175781,85.94999694824219,87.2699966430664,81.58572387695312,3553400
"ACWI","ACWI",2022-07-22,"USD",87.36000061035156,87.70999908447266,86.11000061035156,86.52999877929688,80.89392852783203,1732700
"ACWI","ACWI",2022-07-25,"USD",86.87000274658203,86.95999908447266,86.38999938964844,86.80000305175781,81.1463394165039,7341200
"ACWI","ACWI",2022-07-26,"USD",86.36000061035156,86.44999694824219,85.62000274658203,85.75,80.16473388671875,3320400
"ACWI","ACWI",2022-07-27,"USD",86.5199966430664,88.12999725341797,86.45999908447266,87.8499984741211,82.12793731689453,2584100
"ACWI","ACWI",2022-07-28,"USD",87.93000030517578,88.80999755859375,87.19000244140625,88.69000244140625,82.91325378417969,2597300
"ACWI","ACWI",2022-07-29,"USD",88.7699966430664,89.88999938964844,88.62000274658203,89.81999969482422,83.96964263916016,1623700
"ACWI","ACWI",2022-08-01,"USD",89.2300033569336,90.05999755859375,89.05000305175781,89.52999877929688,83.69852447509766,3610700
"ACWI","ACWI",2022-08-02,"USD",89.08000183105469,89.8499984741211,88.62999725341797,88.83000183105469,83.04412078857422,3810700
"ACWI","ACWI",2022-08-03,"USD",89.23999786376953,90.13999938964844,89.08000183105469,89.97000122070312,84.10987091064453,2494100
"ACWI","ACWI",2022-08-04,"USD",89.9800033569336,90.29000091552734,89.73999786376953,90.11000061035156,84.2407455444336,2889600
"ACWI","ACWI",2022-08-05,"USD",89.0999984741211,89.98999786376953,89.02999877929688,89.83000183105469,83.97898864746094,1493400
"ACWI","ACWI",2022-08-08,"USD",90.2300033569336,90.80000305175781,89.69000244140625,89.87000274658203,84.01638793945312,2580300
"ACWI","ACWI",2022-08-09,"USD",89.80000305175781,89.88999938964844,89.25,89.44000244140625,83.61439514160156,3657200
"ACWI","ACWI",2022-08-10,"USD",91.08000183105469,91.41000366210938,90.73999786376953,91.30999755859375,85.36258697509766,12379800
"ACWI","ACWI",2022-08-11,"USD",91.93000030517578,92.41999816894531,91.2300033569336,91.38999938964844,85.43738555908203,2771500
"ACWI","ACWI",2022-08-12,"USD",91.76000213623047,92.66000366210938,91.5,92.6500015258789,86.61530303955078,1186400
"ACWI","ACWI",2022-08-15,"USD",92.05000305175781,92.7300033569336,92.01000213623047,92.62999725341797,86.59661865234375,7124300
"ACWI","ACWI",2022-08-16,"USD",92.2699966430664,93.05999755859375,92.22000122070312,92.69999694824219,86.66204071044922,7095000
"ACWI","ACWI",2022-08-17,"USD",91.9000015258789,92.5999984741211,91.58999633789062,92.02999877929688,86.03568267822266,2873100
"ACWI","ACWI",2022-08-18,"USD",92.04000091552734,92.18000030517578,91.68000030517578,92,86.00763702392578,2668600
"ACWI","ACWI",2022-08-19,"USD",91.33999633789062,91.38999938964844,90.56999969482422,90.7699966430664,84.85775756835938,3602900
"ACWI","ACWI",2022-08-22,"USD",89.79000091552734,89.79000091552734,88.91999816894531,89.05999755859375,83.25914001464844,3564400
"ACWI","ACWI",2022-08-23,"USD",88.98999786376953,89.69000244140625,88.93000030517578,89.05000305175781,83.24978637695312,2482700
"ACWI","ACWI",2022-08-24,"USD",88.83000183105469,89.5999984741211,88.75,89.27999877929688,83.46480560302734,2083000
"ACWI","ACWI",2022-08-25,"USD",89.63999938964844,90.5999984741211,89.51000213623047,90.5999984741211,84.69883728027344,3801500
"ACWI","ACWI",2022-08-26,"USD",90.70999908447266,90.73999786376953,87.87999725341797,87.9000015258789,82.17469787597656,4202100
"ACWI","ACWI",2022-08-29,"USD",87.33000183105469,87.9800033569336,87.1500015258789,87.36000061035156,81.66986846923828,7073600
"ACWI","ACWI",2022-08-30,"USD",87.7300033569336,87.7699966430664,86.06999969482422,86.45999908447266,80.8284912109375,5699500
"ACWI","ACWI",2022-08-31,"USD",86.93000030517578,87.0999984741211,85.9000015258789,85.9000015258789,80.30496215820312,2580900
"ACWI","ACWI",2022-09-01,"USD",85.20999908447266,85.7300033569336,84.4800033569336,85.69000244140625,80.10865020751953,3659900
"ACWI","ACWI",2022-09-02,"USD",86.43000030517578,86.72000122070312,84.58999633789062,84.94999694824219,79.4168472290039,5335900
"ACWI","ACWI",2022-09-06,"USD",85.08999633789062,85.2699966430664,84.1500015258789,84.4800033569336,78.97746276855469,16409700
"ACWI","ACWI",2022-09-07,"USD",84.2300033569336,85.87000274658203,84.19999694824219,85.73999786376953,80.15538024902344,4054700
"ACWI","ACWI",2022-09-08,"USD",85.19999694824219,86.20999908447266,84.87999725341797,86.13999938964844,80.52932739257812,4237600
"ACWI","ACWI",2022-09-09,"USD",87.02999877929688,87.87999725341797,86.98999786376953,87.7300033569336,82.01576232910156,6148900
"ACWI","ACWI",2022-09-12,"USD",88.33000183105469,88.98999786376953,88.31999969482422,88.80999755859375,83.0254135131836,5561400
"ACWI","ACWI",2022-09-13,"USD",86.9800033569336,87.16000366210938,85.08000183105469,85.30000305175781,79.74404907226562,4328300
"ACWI","ACWI",2022-09-14,"USD",85.5999984741211,85.94999694824219,84.98999786376953,85.63999938964844,80.06189727783203,2181200
"ACWI","ACWI",2022-09-15,"USD",85.16000366210938,85.83000183105469,84.48999786376953,84.75,79.2298583984375,6209600
"ACWI","ACWI",2022-09-16,"USD",83.8499984741211,84.18000030517578,83.38999938964844,83.98999786376953,78.51937103271484,4167400
"ACWI","ACWI",2022-09-19,"USD",83.23999786376953,84.55000305175781,83.2300033569336,84.54000091552734,79.0335464477539,5578300
"ACWI","ACWI",2022-09-20,"USD",83.77999877929688,83.91999816894531,82.94999694824219,83.5,78.06128692626953,2801600
"ACWI","ACWI",2022-09-21,"USD",83.7300033569336,84.37000274658203,82.11000061035156,82.12999725341797,76.780517578125,4704500
"ACWI","ACWI",2022-09-22,"USD",82.18000030517578,82.26000213623047,81.30000305175781,81.5199966430664,76.21026611328125,2728200
"ACWI","ACWI",2022-09-23,"USD",80.4000015258789,80.41000366210938,78.91999816894531,79.80999755859375,74.61162567138672,9135300
"ACWI","ACWI",2022-09-26,"USD",79.31999969482422,80.06999969482422,78.55999755859375,78.86000061035156,73.72350311279297,7065600
"ACWI","ACWI",2022-09-27,"USD",79.55000305175781,80,78.11000061035156,78.5999984741211,73.4804458618164,4203500
"ACWI","ACWI",2022-09-28,"USD",78.66999816894531,80.47000122070312,78.37000274658203,80.20999908447266,74.98558044433594,7182400
"ACWI","ACWI",2022-09-29,"USD",79.13999938964844,79.27999877929688,78.02999877929688,78.69999694824219,73.57392120361328,5311400
"ACWI","ACWI",2022-09-30,"USD",78.41000366210938,79.33000183105469,77.7699966430664,77.83000183105469,72.7605972290039,4633100
"ACWI","ACWI",2022-10-03,"USD",78.66000366210938,80.05000305175781,78.26000213623047,79.68000030517578,74.49010467529297,2645600
"ACWI","ACWI",2022-10-04,"USD",81.19999694824219,82.41000366210938,81.19999694824219,82.4000015258789,77.03295135498047,3585800
"ACWI","ACWI",2022-10-05,"USD",81.33000183105469,82.48999786376953,80.83000183105469,82.02999877929688,76.68704223632812,2050400
"ACWI","ACWI",2022-10-06,"USD",81.58000183105469,82.12999725341797,80.95999908447266,81.08000183105469,75.79891967773438,2955500
"ACWI","ACWI",2022-10-07,"USD",80.33000183105469,80.3499984741211,78.69000244140625,79.0199966430664,73.87310028076172,7158700
"ACWI","ACWI",2022-10-10,"USD",79.20999908447266,79.20999908447266,77.91000366210938,78.38999938964844,73.28411102294922,2846600
"ACWI","ACWI",2022-10-11,"USD",77.97000122070312,78.87000274658203,77.3499984741211,77.7300033569336,72.66712188720703,13744800
"ACWI","ACWI",2022-10-12,"USD",77.77999877929688,78.05999755859375,77.37999725341797,77.5199966430664,72.47079467773438,2764200
"ACWI","ACWI",2022-10-13,"USD",75.86000061035156,79.55999755859375,75.70999908447266,79.2699966430664,74.10680389404297,9384300
"ACWI","ACWI",2022-10-14,"USD",79.80000305175781,80.05000305175781,77.5,77.58999633789062,72.5362319946289,4166700
"ACWI","ACWI",2022-10-17,"USD",79.06999969482422,79.8499984741211,79.06999969482422,79.5999984741211,74.41531372070312,5449900
"ACWI","ACWI",2022-10-18,"USD",81.13999938964844,81.22000122070312,79.62999725341797,80.3499984741211,75.116455078125,3955700
"ACWI","ACWI",2022-10-19,"USD",79.70999908447266,80.22000122070312,78.98999786376953,79.52999877929688,74.34986114501953,2844000
"ACWI","ACWI",2022-10-20,"USD",79.58999633789062,80.58000183105469,78.9800033569336,79.1500015258789,73.99462127685547,6200900
"ACWI","ACWI",2022-10-21,"USD",78.93000030517578,80.91999816894531,78.56999969482422,80.83000183105469,75.56519317626953,4754500
"ACWI","ACWI",2022-10-24,"USD",80.6500015258789,81.30999755859375,80.0199966430664,81.06999969482422,75.78956604003906,2362600
"ACWI","ACWI",2022-10-25,"USD",81.26000213623047,82.58999633789062,81.22000122070312,82.5,77.12641906738281,5343900
"ACWI","ACWI",2022-10-26,"USD",82.08999633789062,83.44000244140625,82.05999755859375,82.51000213623047,77.1357650756836,6723700
"ACWI","ACWI",2022-10-27,"USD",82.55000305175781,83.02999877929688,81.9000015258789,82.01000213623047,76.6683349609375,3342300
"ACWI","ACWI",2022-10-28,"USD",81.8499984741211,83.41999816894531,81.7699966430664,83.31999969482422,77.89301300048828,5587800
"ACWI","ACWI",2022-10-31,"USD",82.6500015258789,83.08000183105469,82.5199966430664,82.7699966430664,77.37882995605469,6739400
"ACWI","ACWI",2022-11-01,"USD",83.9800033569336,83.98999786376953,82.58999633789062,82.8499984741211,77.45362091064453,2923000
"ACWI","ACWI",2022-11-02,"USD",82.83999633789062,83.83999633789062,81.08999633789062,81.1500015258789,75.86434936523438,10681700
"ACWI","ACWI",2022-11-03,"USD",80.23999786376953,80.97000122070312,79.8499984741211,80.44000244140625,75.20059967041016,7749200
"ACWI","ACWI",2022-11-04,"USD",82.2699966430664,82.66999816894531,81.06999969482422,82.33000183105469,76.96749877929688,6669600
"ACWI","ACWI",2022-11-07,"USD",82.66999816894531,83.04000091552734,82.16999816894531,82.8499984741211,77.45362091064453,7741200
"ACWI","ACWI",2022-11-08,"USD",83.1500015258789,84.06999969482422,82.66999816894531,83.43000030517578,77.995849609375,5007300
"ACWI","ACWI",2022-11-09,"USD",82.94999694824219,83.23999786376953,81.80999755859375,81.88999938964844,76.55614471435547,8720600
"ACWI","ACWI",2022-11-10,"USD",84.98999786376953,86.3499984741211,84.5,86.27999877929688,80.66021728515625,6217200
"ACWI","ACWI",2022-11-11,"USD",86.77999877929688,87.7300033569336,86.47000122070312,87.58999633789062,81.88488006591797,8577000
"ACWI","ACWI",2022-11-14,"USD",87.12999725341797,87.7300033569336,86.75,86.80000305175781,81.1463394165039,5329600
"ACWI","ACWI",2022-11-15,"USD",88.29000091552734,88.47000122070312,86.86000061035156,87.63999938964844,81.93163299560547,5437000
"ACWI","ACWI",2022-11-16,"USD",87.3499984741211,87.4800033569336,86.83000183105469,86.9800033569336,81.31463623046875,4502500
"ACWI","ACWI",2022-11-17,"USD",85.58999633789062,86.8499984741211,85.58000183105469,86.7699966430664,81.11829376220703,4756300
"ACWI","ACWI",2022-11-18,"USD",87.30999755859375,87.4000015258789,86.44999694824219,86.94000244140625,81.2772216796875,4623400
"ACWI","ACWI",2022-11-21,"USD",86.4000015258789,86.6500015258789,86.04000091552734,86.45999908447266,80.8284912109375,5248600
"ACWI","ACWI",2022-11-22,"USD",86.86000061035156,87.58000183105469,86.5999984741211,87.54000091552734,81.83815002441406,4189400
"ACWI","ACWI",2022-11-23,"USD",87.51000213623047,88.33999633789062,87.51000213623047,88.22000122070312,82.4738540649414,1666700
"ACWI","ACWI",2022-11-25,"USD",88.19000244140625,88.4000015258789,88.08000183105469,88.29000091552734,82.5392837524414,1664600
"ACWI","ACWI",2022-11-28,"USD",87.69999694824219,88.05000305175781,86.87000274658203,87.01000213623047,81.3426742553711,10513600
"ACWI","ACWI",2022-11-29,"USD",87.30999755859375,87.62000274658203,86.87000274658203,87.19000244140625,81.51094055175781,3482400
"ACWI","ACWI",2022-11-30,"USD",87.63999938964844,89.66999816894531,87.06999969482422,89.66999816894531,83.82939910888672,6897400
"ACWI","ACWI",2022-12-01,"USD",90.08999633789062,90.37000274658203,89.30999755859375,89.80000305175781,83.9509506225586,5332300
"ACWI","ACWI",2022-12-02,"USD",88.79000091552734,89.94999694824219,88.76000213623047,89.72000122070312,83.87615966796875,4086400
"ACWI","ACWI",2022-12-05,"USD",89.19999694824219,89.38999938964844,87.91000366210938,88.19000244140625,82.44580841064453,16178500
"ACWI","ACWI",2022-12-06,"USD",88.25,88.3499984741211,86.83999633789062,87.25,81.56703186035156,4401400
"ACWI","ACWI",2022-12-07,"USD",87.05000305175781,87.54000091552734,86.87999725341797,87.08999633789062,81.41744995117188,4579300
"ACWI","ACWI",2022-12-08,"USD",87.47000122070312,87.95999908447266,87.16000366210938,87.76000213623047,82.04380798339844,2221000
"ACWI","ACWI",2022-12-09,"USD",87.76000213623047,88.19999694824219,87.30999755859375,87.33999633789062,81.65117645263672,7892800
"ACWI","ACWI",2022-12-12,"USD",87.5,88.12999725341797,87.22000122070312,88.12000274658203,82.38037872314453,7170700
"ACWI","ACWI",2022-12-13,"USD",89.91999816894531,89.91999816894531,87.80000305175781,88.25,83.13968658447266,9199600
"ACWI","ACWI",2022-12-14,"USD",88.30000305175781,89,87.25,87.91000366210938,82.81938171386719,6056000
"ACWI","ACWI",2022-12-15,"USD",86.87000274658203,87.02999877929688,85.41999816894531,85.75,80.78446197509766,3598200
"ACWI","ACWI",2022-12-16,"USD",85.1500015258789,85.5199966430664,84.54000091552734,84.91999816894531,80.00252532958984,4681100
"ACWI","ACWI",2022-12-19,"USD",85.11000061035156,85.13999938964844,84.0999984741211,84.4000015258789,79.51264190673828,5020400
"ACWI","ACWI",2022-12-20,"USD",84.4000015258789,84.95999908447266,84.0999984741211,84.58999633789062,79.69163513183594,9583300
"ACWI","ACWI",2022-12-21,"USD",85.12000274658203,85.94000244140625,84.9800033569336,85.69999694824219,80.73735046386719,3799300
"ACWI","ACWI",2022-12-22,"USD",85.1500015258789,85.19000244140625,83.58999633789062,84.66999816894531,79.7669906616211,5524900
"ACWI","ACWI",2022-12-23,"USD",84.51000213623047,85.06999969482422,84.16999816894531,85.05999755859375,80.13441467285156,4502300
"ACWI","ACWI",2022-12-27,"USD",85.1500015258789,85.3499984741211,84.69000244140625,85.02999877929688,80.10614776611328,4102300
"ACWI","ACWI",2022-12-28,"USD",85.05000305175781,85.38999938964844,83.93000030517578,83.93000030517578,79.0698471069336,3474700
"ACWI","ACWI",2022-12-29,"USD",84.76000213623047,85.58000183105469,84.61000061035156,85.38999938964844,80.4453125,5039100
"ACWI","ACWI",2022-12-30,"USD",84.81999969482422,85.05999755859375,84.33000183105469,84.87999725341797,79.96483612060547,4201900
"ACWI","ACWI",2023-01-03,"USD",85.51000213623047,86.0199966430664,84.4000015258789,84.9000015258789,79.98368835449219,13272000
"ACWI","ACWI",2023-01-04,"USD",85.81999969482422,86.27999877929688,85.11000061035156,85.9800033569336,81.00114440917969,5696300
"ACWI","ACWI",2023-01-05,"USD",85.41999816894531,85.5199966430664,84.91999816894531,85.0999984741211,80.1720962524414,8268000
"ACWI","ACWI",2023-01-06,"USD",85.80000305175781,87.25,85.12999725341797,87.06999969482422,82.02803039550781,5254100
"ACWI","ACWI",2023-01-09,"USD",87.66000366210938,88.33000183105469,87.22000122070312,87.26000213623047,82.20702362060547,6658500
"ACWI","ACWI",2023-01-10,"USD",87.19000244140625,87.7699966430664,86.91999816894531,87.75,82.66864776611328,4361200
"ACWI","ACWI",2023-01-11,"USD",88.06999969482422,88.69000244140625,87.91000366210938,88.66999816894531,83.5353775024414,13190300
"ACWI","ACWI",2023-01-12,"USD",89.12000274658203,89.52999877929688,88.11000061035156,89.29000091552734,84.11946868896484,5230700
"ACWI","ACWI",2023-01-13,"USD",88.7300033569336,89.77999877929688,88.72000122070312,89.69000244140625,84.49630737304688,8269400
"ACWI","ACWI",2023-01-17,"USD",89.69000244140625,90.06999969482422,89.47000122070312,89.62999725341797,84.43977355957031,3795100
"ACWI","ACWI",2023-01-18,"USD",90.18000030517578,90.30999755859375,88.61000061035156,88.6500015258789,83.51653289794922,3426900
"ACWI","ACWI",2023-01-19,"USD",88.30000305175781,88.68000030517578,87.87999725341797,88.30000305175781,83.1867904663086,3860000
"ACWI","ACWI",2023-01-20,"USD",88.44999694824219,89.68000030517578,88.19000244140625,89.66999816894531,84.47746276855469,5019800
"ACWI","ACWI",2023-01-23,"USD",89.66999816894531,90.77999877929688,89.55000305175781,90.45999908447266,85.22171020507812,7665800
"ACWI","ACWI",2023-01-24,"USD",90.05999755859375,90.5199966430664,89.77999877929688,90.33999633789062,85.10865783691406,5137400
"ACWI","ACWI",2023-01-25,"USD",89.62999725341797,90.62999725341797,89.23999786376953,90.55000305175781,85.3065185546875,6457200
"ACWI","ACWI",2023-01-26,"USD",91.11000061035156,91.36000061035156,90.4000015258789,91.31999969482422,86.03192138671875,5496300
"ACWI","ACWI",2023-01-27,"USD",90.94999694824219,91.80999755859375,90.91999816894531,91.37000274658203,86.07903289794922,5553300
"ACWI","ACWI",2023-01-30,"USD",90.77999877929688,91.18000030517578,90.2300033569336,90.2699966430664,85.042724609375,7535100
"ACWI","ACWI",2023-01-31,"USD",90.16000366210938,91.26000213623047,90.08999633789062,91.25,85.96595764160156,8372000
"ACWI","ACWI",2023-02-01,"USD",91.0199966430664,92.70999908447266,90.43000030517578,92.18000030517578,86.84211730957031,3807600
"ACWI","ACWI",2023-02-02,"USD",92.94999694824219,93.23999786376953,92.22000122070312,92.93000030517578,87.5486831665039,3485900
"ACWI","ACWI",2023-02-03,"USD",91.80000305175781,92.79000091552734,91.62999725341797,91.86000061035156,86.54064178466797,2997800
"ACWI","ACWI",2023-02-06,"USD",91.2300033569336,91.29000091552734,90.66999816894531,91.0999984741211,85.82465362548828,4259400
"ACWI","ACWI",2023-02-07,"USD",90.91000366210938,92.2699966430664,90.61000061035156,92.06999969482422,86.73848724365234,3044800
"ACWI","ACWI",2023-02-08,"USD",91.87000274658203,91.98999786376953,91.1500015258789,91.27999877929688,85.99423217773438,2544300
"ACWI","ACWI",2023-02-09,"USD",92.27999877929688,92.3499984741211,90.61000061035156,90.87999725341797,85.61740112304688,3025700
"ACWI","ACWI",2023-02-10,"USD",90.56999969482422,90.88999938964844,90.29000091552734,90.80000305175781,85.54203796386719,1991800
"ACWI","ACWI",2023-02-13,"USD",90.94000244140625,91.81999969482422,90.83999633789062,91.76000213623047,86.44644165039062,6341100
"ACWI","ACWI",2023-02-14,"USD",91.41000366210938,92.29000091552734,90.97000122070312,91.80999755859375,86.49353790283203,3575700
"ACWI","ACWI",2023-02-15,"USD",91.02999877929688,91.87000274658203,90.95999908447266,91.87000274658203,86.5500717163086,1640700
"ACWI","ACWI",2023-02-16,"USD",90.8499984741211,91.79000091552734,90.7699966430664,90.94000244140625,85.6739273071289,2273900
"ACWI","ACWI",2023-02-17,"USD",90.41999816894531,90.76000213623047,90.05000305175781,90.70999908447266,85.45723724365234,4542000
"ACWI","ACWI",2023-02-21,"USD",89.87999725341797,90.12999725341797,89.0999984741211,89.16000366210938,83.99700164794922,6718300
"ACWI","ACWI",2023-02-22,"USD",89.18000030517578,89.43000030517578,88.62999725341797,88.91999816894531,83.7708969116211,3636800
"ACWI","ACWI",2023-02-23,"USD",89.5199966430664,89.6500015258789,88.47000122070312,89.3499984741211,84.1760025024414,2342100
"ACWI","ACWI",2023-02-24,"USD",87.95999908447266,88.29000091552734,87.66000366210938,88.16000366210938,83.0549087524414,2460100
"ACWI","ACWI",2023-02-27,"USD",88.94999694824219,89.23999786376953,88.51000213623047,88.68000030517578,83.54479217529297,2749900
"ACWI","ACWI",2023-02-28,"USD",88.56999969482422,88.80999755859375,88.22000122070312,88.22000122070312,83.11141967773438,5007600
"ACWI","ACWI",2023-03-01,"USD",88.52999877929688,88.80999755859375,88.12999725341797,88.41000366210938,83.2904281616211,3307700
"ACWI","ACWI",2023-03-02,"USD",87.94000244140625,89.08000183105469,87.83000183105469,88.88999938964844,83.74263000488281,5607400
"ACWI","ACWI",2023-03-03,"USD",89.41999816894531,90.30999755859375,89.16999816894531,90.2300033569336,85.00503540039062,3629400
"ACWI","ACWI",2023-03-06,"USD",90.27999877929688,90.73999786376953,90.08000183105469,90.16999816894531,84.9485092163086,4315600
"ACWI","ACWI",2023-03-07,"USD",90.02999877929688,90.11000061035156,88.5999984741211,88.75,83.61073303222656,1492600
"ACWI","ACWI",2023-03-08,"USD",88.8499984741211,89.16999816894531,88.5199966430664,88.94000244140625,83.78973388671875,1800000
"ACWI","ACWI",2023-03-09,"USD",89,89.33999633789062,87.3499984741211,87.51000213623047,82.44253540039062,2954900
"ACWI","ACWI",2023-03-10,"USD",87.38999938964844,87.80000305175781,86.12000274658203,86.36000061035156,81.35913848876953,5485100
"ACWI","ACWI",2023-03-13,"USD",85.51000213623047,87.05000305175781,85.30999755859375,86.13999938964844,81.15188598632812,5470000
"ACWI","ACWI",2023-03-14,"USD",87.05999755859375,87.62000274658203,86.48999786376953,87.33000183105469,82.27296447753906,2071200
"ACWI","ACWI",2023-03-15,"USD",85.4800033569336,86.12999725341797,84.94999694824219,86.12000274658203,81.1330337524414,3277200
"ACWI","ACWI",2023-03-16,"USD",85.68000030517578,87.55000305175781,85.5,87.5199966430664,82.45195770263672,4573200
"ACWI","ACWI",2023-03-17,"USD",87.16000366210938,87.31999969482422,86.2300033569336,86.56999969482422,81.5569839477539,2466800
"ACWI","ACWI",2023-03-20,"USD",86.7699966430664,87.58000183105469,86.7300033569336,87.41000366210938,82.34834289550781,2152700
"ACWI","ACWI",2023-03-21,"USD",88.36000061035156,88.68000030517578,87.97000122070312,88.56999969482422,83.44116973876953,2800100
"ACWI","ACWI",2023-03-22,"USD",88.6500015258789,89.58000183105469,87.58999633789062,87.62000274658203,82.54618072509766,3106200
"ACWI","ACWI",2023-03-23,"USD",88.3499984741211,89.16000366210938,87.33999633789062,87.8499984741211,82.76285552978516,2834300
"ACWI","ACWI",2023-03-24,"USD",87.36000061035156,88.11000061035156,86.94000244140625,88.05999755859375,82.96070098876953,5883400
"ACWI","ACWI",2023-03-27,"USD",88.4800033569336,88.66000366210938,88.05999755859375,88.37000274658203,83.25274658203125,1570500
"ACWI","ACWI",2023-03-28,"USD",88.38999938964844,88.54000091552734,88.05999755859375,88.44999694824219,83.32810974121094,6464300
"ACWI","ACWI",2023-03-29,"USD",89.29000091552734,89.5999984741211,89.06999969482422,89.52999877929688,84.34557342529297,5193800
"ACWI","ACWI",2023-03-30,"USD",90.31999969482422,90.4000015258789,89.91999816894531,90.26000213623047,85.03329467773438,1973900
"ACWI","ACWI",2023-03-31,"USD",90.55999755859375,91.19999694824219,90.44999694824219,91.16000366210938,85.88119506835938,3182400
"ACWI","ACWI",2023-04-03,"USD",91.12999725341797,91.7300033569336,91.05000305175781,91.69000244140625,86.3804931640625,7711200
"ACWI","ACWI",2023-04-04,"USD",91.75,91.88999938964844,91.02999877929688,91.37000274658203,86.07903289794922,2146600
"ACWI","ACWI",2023-04-05,"USD",91.12000274658203,91.20999908447266,90.56999969482422,90.9000015258789,85.63623046875,1678700
"ACWI","ACWI",2023-04-06,"USD",90.72000122070312,91.36000061035156,90.5199966430664,91.26000213623047,85.97540283203125,1758100
"ACWI","ACWI",2023-04-10,"USD",90.73999786376953,91.31999969482422,90.56999969482422,91.31999969482422,86.03192138671875,1310600
"ACWI","ACWI",2023-04-11,"USD",91.48999786376953,91.75,91.3499984741211,91.5,86.20149230957031,2008000
"ACWI","ACWI",2023-04-12,"USD",92.05000305175781,92.13999938964844,91.25,91.3499984741211,86.0601806640625,2390200
"ACWI","ACWI",2023-04-13,"USD",91.77999877929688,92.6500015258789,91.77999877929688,92.56999969482422,87.20953369140625,2465600
"ACWI","ACWI",2023-04-14,"USD",92.41999816894531,92.8499984741211,91.83000183105469,92.30000305175781,86.95516967773438,1095600
"ACWI","ACWI",2023-04-17,"USD",92.22000122070312,92.47000122070312,91.91999816894531,92.47000122070312,87.11532592773438,3195200
"ACWI","ACWI",2023-04-18,"USD",92.87999725341797,92.91999816894531,92.36000061035156,92.63999938964844,87.27548217773438,1634700
"ACWI","ACWI",2023-04-19,"USD",92.13999938964844,92.61000061035156,92.0999984741211,92.44999694824219,87.09647369384766,4394400
"ACWI","ACWI",2023-04-20,"USD",91.94000244140625,92.45999908447266,91.80999755859375,92.11000061035156,86.77616882324219,1860500
"ACWI","ACWI",2023-04-21,"USD",92.05000305175781,92.26000213623047,91.68000030517578,92.16999816894531,86.83269500732422,3061900
"ACWI","ACWI",2023-04-24,"USD",92.0999984741211,92.30999755859375,91.86000061035156,92.20999908447266,86.8703842163086,2106400
"ACWI","ACWI",2023-04-25,"USD",91.66000366210938,91.7300033569336,90.70999908447266,90.7300033569336,85.47608947753906,3988400
"ACWI","ACWI",2023-04-26,"USD",91.12000274658203,91.19000244140625,90.4000015258789,90.5,85.25939178466797,8732000
"ACWI","ACWI",2023-04-27,"USD",91.08999633789062,92.0999984741211,90.98999786376953,92.05000305175781,86.71965026855469,5115500
"ACWI","ACWI",2023-04-28,"USD",91.73999786376953,92.58999633789062,91.69999694824219,92.58999633789062,87.22837829589844,1619600
"ACWI","ACWI",2023-05-01,"USD",92.55999755859375,92.8499984741211,92.43000030517578,92.47000122070312,87.11532592773438,923000
"ACWI","ACWI",2023-05-02,"USD",92.12999725341797,92.12999725341797,90.83999633789062,91.43000030517578,86.13553619384766,1313600
"ACWI","ACWI",2023-05-03,"USD",91.55999755859375,92.13999938964844,91.05999755859375,91.0999984741211,85.82465362548828,3964000
"ACWI","ACWI",2023-05-04,"USD",91.0199966430664,91.11000061035156,90.5,90.7699966430664,85.51376342773438,2789300
"ACWI","ACWI",2023-05-05,"USD",91.45999908447266,92.5,91.43000030517578,92.30999755859375,86.96459197998047,3620000
"ACWI","ACWI",2023-05-08,"USD",92.48999786376953,92.48999786376953,92.08999633789062,92.3499984741211,87.00226593017578,1866500
"ACWI","ACWI",2023-05-09,"USD",91.80999755859375,92.1500015258789,91.75,91.95999908447266,86.63485717773438,1514800
"ACWI","ACWI",2023-05-10,"USD",92.36000061035156,92.47000122070312,91.44000244140625,92.19000244140625,86.85154724121094,6397000
"ACWI","ACWI",2023-05-11,"USD",91.83999633789062,91.98999786376953,91.43000030517578,91.95999908447266,86.63485717773438,3497500
"ACWI","ACWI",2023-05-12,"USD",92.08000183105469,92.12000274658203,91.26000213623047,91.69999694824219,86.3899154663086,1265300
"ACWI","ACWI",2023-05-15,"USD",91.94000244140625,92.37999725341797,91.69999694824219,92.33000183105469,86.98342895507812,2903900
"ACWI","ACWI",2023-05-16,"USD",91.97000122070312,92.13999938964844,91.58000183105469,91.58999633789062,86.28627014160156,3550100
"ACWI","ACWI",2023-05-17,"USD",91.88999938964844,92.55000305175781,91.55000305175781,92.44999694824219,87.09647369384766,2749100
"ACWI","ACWI",2023-05-18,"USD",92.33999633789062,92.98999786376953,92.18000030517578,92.91000366210938,87.52984619140625,4237500
"ACWI","ACWI",2023-05-19,"USD",93.13999938964844,93.29000091552734,92.73999786376953,92.97000122070312,87.58638000488281,1909600
"ACWI","ACWI",2023-05-22,"USD",93.0999984741211,93.37999725341797,92.87999725341797,93.11000061035156,87.71827697753906,1831400
"ACWI","ACWI",2023-05-23,"USD",92.62999725341797,92.75,91.91000366210938,91.94000244140625,86.61601257324219,3814000
"ACWI","ACWI",2023-05-24,"USD",91.41999816894531,91.41999816894531,90.91000366210938,91.08999633789062,85.81523132324219,1917200
"ACWI","ACWI",2023-05-25,"USD",91.58999633789062,91.72000122070312,91.06999969482422,91.45999908447266,86.16380310058594,1838200
"ACWI","ACWI",2023-05-26,"USD",91.73999786376953,92.79000091552734,91.73999786376953,92.66000366210938,87.29431915283203,2216500
"ACWI","ACWI",2023-05-30,"USD",92.87000274658203,92.91999816894531,92,92.27999877929688,86.93632507324219,4063500
"ACWI","ACWI",2023-05-31,"USD",91.68000030517578,91.87999725341797,91.16999816894531,91.62000274658203,86.31455993652344,2274600
"ACWI","ACWI",2023-06-01,"USD",91.7699966430664,92.91000366210938,91.63999938964844,92.70999908447266,87.34141540527344,5391900
"ACWI","ACWI",2023-06-02,"USD",93.63999938964844,94.26000213623047,93.48999786376953,94.08999633789062,88.6415023803711,5408800
"ACWI","ACWI",2023-06-05,"USD",94.12000274658203,94.27999877929688,93.70999908447266,93.83999633789062,88.40599060058594,4295300
"ACWI","ACWI",2023-06-06,"USD",93.81999969482422,94.37000274658203,93.72000122070312,94.29000091552734,88.8299331665039,5434000
"ACWI","ACWI",2023-06-07,"USD",93.33999633789062,93.58000183105469,92.76000213623047,92.83999633789062,88.35691833496094,8882900
"ACWI","ACWI",2023-06-08,"USD",92.94999694824219,93.61000061035156,92.83999633789062,93.51000213623047,88.99458312988281,3750500
"ACWI","ACWI",2023-06-09,"USD",93.69000244140625,94.02999877929688,93.44999694824219,93.63999938964844,89.11829376220703,3250700
"ACWI","ACWI",2023-06-12,"USD",93.87999725341797,94.33000183105469,93.70999908447266,94.31999969482422,89.76546478271484,3086600
"ACWI","ACWI",2023-06-13,"USD",94.9000015258789,95.20999908447266,94.72000122070312,95.05000305175781,90.46022033691406,4370100
"ACWI","ACWI",2023-06-14,"USD",95.29000091552734,95.66000366210938,94.56999969482422,95.27999877929688,90.67911529541016,1349400
"ACWI","ACWI",2023-06-15,"USD",95.23999786376953,96.55999755859375,95.16000366210938,96.36000061035156,91.70696258544922,2295700
"ACWI","ACWI",2023-06-16,"USD",96.80999755859375,96.80999755859375,96,96.08000183105469,91.44048309326172,2292300
"ACWI","ACWI",2023-06-20,"USD",95.37999725341797,95.5,94.8499984741211,95.19999694824219,90.60295867919922,4809700
"ACWI","ACWI",2023-06-21,"USD",94.93000030517578,95.23999786376953,94.69000244140625,94.87000274658203,90.28890991210938,2768500
"ACWI","ACWI",2023-06-22,"USD",94.5199966430664,94.9000015258789,94.4000015258789,94.88999938964844,90.30793762207031,1609700
"ACWI","ACWI",2023-06-23,"USD",93.80000305175781,94.20999908447266,93.76000213623047,93.91000366210938,89.37525939941406,1995200
"ACWI","ACWI",2023-06-26,"USD",93.94999694824219,94.26000213623047,93.7300033569336,93.75,89.22299194335938,1824500
"ACWI","ACWI",2023-06-27,"USD",94.06999969482422,94.81999969482422,93.87999725341797,94.73999786376953,90.16517639160156,2984900
"ACWI","ACWI",2023-06-28,"USD",94.5,94.91999816894531,94.36000061035156,94.7300033569336,90.1556625366211,1317500
"ACWI","ACWI",2023-06-29,"USD",94.5199966430664,94.88999938964844,94.43000030517578,94.88999938964844,90.30793762207031,1937300
"ACWI","ACWI",2023-06-30,"USD",95.66000366210938,96.08999633789062,95.58999633789062,95.94000244140625,91.30723571777344,2247800
"ACWI","ACWI",2023-07-03,"USD",96.0199966430664,96.22000122070312,95.97000122070312,96.16999816894531,91.52613067626953,1508900
"ACWI","ACWI",2023-07-05,"USD",95.68000030517578,95.8499984741211,95.52999877929688,95.69999694824219,91.07881927490234,3163500
"ACWI","ACWI",2023-07-06,"USD",94.62000274658203,94.66000366210938,93.9800033569336,94.5199966430664,89.955810546875,2127100
"ACWI","ACWI",2023-07-07,"USD",94.4800033569336,95.41999816894531,94.44000244140625,94.70999908447266,90.13663482666016,949000
"ACWI","ACWI",2023-07-10,"USD",94.56999969482422,94.97000122070312,94.56999969482422,94.94999694824219,90.36504364013672,1066400
"ACWI","ACWI",2023-07-11,"USD",95.26000213623047,95.7699966430664,95.0199966430664,95.69999694824219,91.07881927490234,725200
"ACWI","ACWI",2023-07-12,"USD",96.7699966430664,97.04000091552734,96.62000274658203,96.8499984741211,92.17330169677734,3326100
"ACWI","ACWI",2023-07-13,"USD",97.54000091552734,98.08999633789062,97.4800033569336,97.94999694824219,93.22017669677734,1997500
"ACWI","ACWI",2023-07-14,"USD",98.04000091552734,98.0999984741211,97.56999969482422,97.68000030517578,92.96321105957031,3898500
"ACWI","ACWI",2023-07-17,"USD",97.54000091552734,98.0999984741211,97.45999908447266,97.93000030517578,93.20114135742188,4090700
"ACWI","ACWI",2023-07-18,"USD",97.8499984741211,98.56999969482422,97.75,98.4800033569336,93.7245864868164,3427400
"ACWI","ACWI",2023-07-19,"USD",98.5999984741211,98.8499984741211,98.44000244140625,98.5999984741211,93.83879089355469,6198500
"ACWI","ACWI",2023-07-20,"USD",98.38999938964844,98.52999877929688,97.79000091552734,97.94000244140625,93.21065521240234,6185600
"ACWI","ACWI",2023-07-21,"USD",98.26000213623047,98.31999969482422,97.94000244140625,97.98999786376953,93.25825500488281,2109400
"ACWI","ACWI",2023-07-24,"USD",98.0999984741211,98.5,97.95999908447266,98.33999633789062,93.59135437011719,3472400
"ACWI","ACWI",2023-07-25,"USD",98.38999938964844,98.87000274658203,98.37999725341797,98.66000366210938,93.89590454101562,4697300
"ACWI","ACWI",2023-07-26,"USD",98.30000305175781,99.05999755859375,98.30000305175781,98.79000091552734,94.01961517333984,3511300
"ACWI","ACWI",2023-07-27,"USD",99.52999877929688,99.52999877929688,97.98999786376953,98.16999816894531,93.42955017089844,3035900
"ACWI","ACWI",2023-07-28,"USD",98.98999786376953,99.4000015258789,98.86000061035156,99.19999694824219,94.4098129272461,4202600
"ACWI","ACWI",2023-07-31,"USD",99.30000305175781,99.51000213623047,99.1500015258789,99.38999938964844,94.59064483642578,2951900
"ACWI","ACWI",2023-08-01,"USD",98.83000183105469,99.01000213623047,98.52999877929688,98.69999694824219,93.93396759033203,3209200
"ACWI","ACWI",2023-08-02,"USD",97.76000213623047,97.83000183105469,96.91999816894531,97.06999969482422,92.38267517089844,5789100
"ACWI","ACWI",2023-08-03,"USD",96.55000305175781,97.19000244140625,96.4800033569336,96.83999633789062,92.16377258300781,5379100
"ACWI","ACWI",2023-08-04,"USD",97.20999908447266,97.79000091552734,96.52999877929688,96.63999938964844,91.97343444824219,2931100
"ACWI","ACWI",2023-08-07,"USD",97.08000183105469,97.33000183105469,96.73999786376953,97.29000091552734,92.59205627441406,1602700
"ACWI","ACWI",2023-08-08,"USD",96.45999908447266,96.83000183105469,95.9800033569336,96.7300033569336,92.05908966064453,2672500
"ACWI","ACWI",2023-08-09,"USD",96.88999938964844,96.9000015258789,96.13999938964844,96.31999969482422,91.66889190673828,1622300
"ACWI","ACWI",2023-08-10,"USD",97.01000213623047,97.69999694824219,96.2699966430664,96.47000122070312,91.8116455078125,3729100
"ACWI","ACWI",2023-08-11,"USD",95.91999816894531,96.38999938964844,95.80000305175781,96.11000061035156,91.46903228759766,912800
"ACWI","ACWI",2023-08-14,"USD",95.62999725341797,96.30000305175781,95.5,96.30000305175781,91.64985656738281,3811000
"ACWI","ACWI",2023-08-15,"USD",95.86000061035156,95.87999725341797,94.9800033569336,95.12000274658203,90.5268325805664,4823700
"ACWI","ACWI",2023-08-16,"USD",94.88999938964844,95.2699966430664,94.37000274658203,94.38999938964844,89.83209228515625,1946600
"ACWI","ACWI",2023-08-17,"USD",94.75,94.83000183105469,93.66000366210938,93.7699966430664,89.24202728271484,2662700
"ACWI","ACWI",2023-08-18,"USD",93.05000305175781,93.94000244140625,93.0199966430664,93.7300033569336,89.20394897460938,2441400
"ACWI","ACWI",2023-08-21,"USD",93.98999786376953,94.37000274658203,93.51000213623047,94.22000122070312,89.67029571533203,1641600
"ACWI","ACWI",2023-08-22,"USD",94.66000366210938,94.66000366210938,93.91000366210938,94.01000213623047,89.47045135498047,1550800
"ACWI","ACWI",2023-08-23,"USD",94.3499984741211,95.26000213623047,94.30999755859375,95.12000274658203,90.5268325805664,3203100
"ACWI","ACWI",2023-08-24,"USD",95.22000122070312,95.37999725341797,93.88999938964844,93.91000366210938,89.37525939941406,1937400
"ACWI","ACWI",2023-08-25,"USD",94.26000213623047,94.7699966430664,93.48999786376953,94.4800033569336,89.91773986816406,2030800
"ACWI","ACWI",2023-08-28,"USD",95.0199966430664,95.33999633789062,94.88999938964844,95.20999908447266,90.61248779296875,2006900
"ACWI","ACWI",2023-08-29,"USD",95.11000061035156,96.61000061035156,95.0999984741211,96.55999755859375,91.89730072021484,2711500
"ACWI","ACWI",2023-08-30,"USD",96.62999725341797,96.97000122070312,96.43000030517578,96.80000305175781,92.1257095336914,1707600
"ACWI","ACWI",2023-08-31,"USD",96.80000305175781,96.98999786376953,96.44000244140625,96.5,91.84020233154297,3860900
"ACWI","ACWI",2023-09-01,"USD",97.23999786376953,97.38999938964844,96.5,96.7699966430664,92.09715270996094,2337800
"ACWI","ACWI",2023-09-05,"USD",96.58999633789062,96.62999725341797,96.20999908447266,96.20999908447266,91.56419372558594,2095100
"ACWI","ACWI",2023-09-06,"USD",96.06999969482422,96.1500015258789,95.23999786376953,95.6500015258789,91.03125,1371400
"ACWI","ACWI",2023-09-07,"USD",95.06999969482422,95.41000366210938,94.9000015258789,95.29000091552734,90.68863677978516,1748700
"ACWI","ACWI",2023-09-08,"USD",95.31999969482422,95.6500015258789,95.19000244140625,95.33000183105469,90.72669219970703,1110400
"ACWI","ACWI",2023-09-11,"USD",96.08000183105469,96.16999816894531,95.77999877929688,96.1500015258789,91.5071029663086,1015800
"ACWI","ACWI",2023-09-12,"USD",95.7699966430664,96.16999816894531,95.6500015258789,95.69000244140625,91.0693130493164,1073700
"ACWI","ACWI",2023-09-13,"USD",95.69999694824219,95.95999908447266,95.47000122070312,95.72000122070312,91.09786224365234,2860200
"ACWI","ACWI",2023-09-14,"USD",96.3499984741211,96.7300033569336,96.08000183105469,96.5999984741211,91.93537139892578,1336300
"ACWI","ACWI",2023-09-15,"USD",96.47000122070312,96.51000213623047,95.72000122070312,95.81999969482422,91.19303894042969,4235400
"ACWI","ACWI",2023-09-18,"USD",95.5999984741211,95.91999816894531,95.4800033569336,95.72000122070312,91.09786224365234,616000
"ACWI","ACWI",2023-09-19,"USD",95.56999969482422,95.72000122070312,95.05999755859375,95.51000213623047,90.89800262451172,1716600
"ACWI","ACWI",2023-09-20,"USD",95.81999969482422,96.0199966430664,94.8499984741211,94.88999938964844,90.30793762207031,1121300
"ACWI","ACWI",2023-09-21,"USD",94.05999755859375,94.1500015258789,93.25,93.31999969482422,88.81375122070312,2613600
"ACWI","ACWI",2023-09-22,"USD",93.70999908447266,93.97000122070312,93.20999908447266,93.26000213623047,88.75666046142578,1521300
"ACWI","ACWI",2023-09-25,"USD",92.80999755859375,93.38999938964844,92.75,93.37999725341797,88.870849609375,1647100
"ACWI","ACWI",2023-09-26,"USD",92.69999694824219,92.87999725341797,91.9000015258789,92.0199966430664,87.57652282714844,4868200
"ACWI","ACWI",2023-09-27,"USD",92.37999725341797,92.45999908447266,91.31999969482422,92.05999755859375,87.6146011352539,2563100
"ACWI","ACWI",2023-09-28,"USD",91.98999786376953,92.94000244140625,91.81999969482422,92.62999725341797,88.15707397460938,2619000
"ACWI","ACWI",2023-09-29,"USD",93.44999694824219,93.44999694824219,92.16000366210938,92.37000274658203,87.90962982177734,2476000
"ACWI","ACWI",2023-10-02,"USD",92.1500015258789,92.29000091552734,91.48999786376953,91.95999908447266,87.51942443847656,1748700
"ACWI","ACWI",2023-10-03,"USD",91.36000061035156,91.63999938964844,90.44000244140625,90.7300033569336,86.34882354736328,1968800
"ACWI","ACWI",2023-10-04,"USD",90.80000305175781,91.26000213623047,90.3499984741211,91.12000274658203,86.71998596191406,1850900
"ACWI","ACWI",2023-10-05,"USD",91.25,91.5,90.69000244140625,91.3499984741211,86.93888092041016,8876300
"ACWI","ACWI",2023-10-06,"USD",90.98999786376953,92.76000213623047,90.63999938964844,92.4800033569336,88.01431274414062,5040300
"ACWI","ACWI",2023-10-09,"USD",91.8499984741211,92.91999816894531,91.77999877929688,92.80999755859375,88.32837677001953,3179700
"ACWI","ACWI",2023-10-10,"USD",93.23999786376953,94.05999755859375,93.12999725341797,93.58999633789062,89.07070922851562,4807300
"ACWI","ACWI",2023-10-11,"USD",93.98999786376953,94.11000061035156,93.41000366210938,94.0199966430664,89.47994995117188,1612800
"ACWI","ACWI",2023-10-12,"USD",94.12000274658203,94.12000274658203,92.83999633789062,93.30000305175781,88.79472351074219,2831800
"ACWI","ACWI",2023-10-13,"USD",93.45999908447266,93.69000244140625,92.41999816894531,92.7699966430664,88.29031372070312,5099400
"ACWI","ACWI",2023-10-16,"USD",93.08999633789062,93.77999877929688,93.02999877929688,93.62000274658203,89.09927368164062,4269600
"ACWI","ACWI",2023-10-17,"USD",92.9000015258789,94.08999633789062,92.87999725341797,93.66000366210938,89.13734436035156,5424200
"ACWI","ACWI",2023-10-18,"USD",93.1500015258789,93.26000213623047,92.0999984741211,92.31999969482422,87.8620376586914,5959300
"ACWI","ACWI",2023-10-19,"USD",92.25,92.69000244140625,91.33999633789062,91.48999786376953,87.0721206665039,2798500
"ACWI","ACWI",2023-10-20,"USD",91.27999877929688,91.38999938964844,90.38999938964844,90.4000015258789,86.03475189208984,3277000
"ACWI","ACWI",2023-10-23,"USD",89.98999786376953,91.02999877929688,89.66999816894531,90.33000183105469,85.96813201904297,3015100
"ACWI","ACWI",2023-10-24,"USD",90.70999908447266,91.19999694824219,90.44999694824219,90.98999786376953,86.59626007080078,1578300
"ACWI","ACWI",2023-10-25,"USD",90.61000061035156,90.61000061035156,89.72000122070312,89.83000183105469,85.49227905273438,2571200
"ACWI","ACWI",2023-10-26,"USD",89.5199966430664,89.72000122070312,88.69000244140625,88.91000366210938,84.61670684814453,2376400
"ACWI","ACWI",2023-10-27,"USD",89.41999816894531,89.47000122070312,88.33999633789062,88.58999633789062,84.31214904785156,2660100
"ACWI","ACWI",2023-10-30,"USD",89.3499984741211,89.80999755859375,89.04000091552734,89.62000274658203,85.29241943359375,2524900
"ACWI","ACWI",2023-10-31,"USD",89.7699966430664,90.05999755859375,89.30000305175781,90.0199966430664,85.67311096191406,3220000
"ACWI","ACWI",2023-11-01,"USD",90.2300033569336,91.05000305175781,90.08999633789062,90.91999816894531,86.52964782714844,6827900
"ACWI","ACWI",2023-11-02,"USD",92.06999969482422,92.7699966430664,91.9800033569336,92.72000122070312,88.24272918701172,2577500
"ACWI","ACWI",2023-11-03,"USD",93.4000015258789,94.06999969482422,93.4000015258789,93.79000091552734,89.26106262207031,3144100
"ACWI","ACWI",2023-11-06,"USD",93.98999786376953,94.06999969482422,93.51000213623047,93.87000274658203,89.33719635009766,2623400
"ACWI","ACWI",2023-11-07,"USD",93.62000274658203,93.97000122070312,93.33999633789062,93.81999969482422,89.28961181640625,3239700
"ACWI","ACWI",2023-11-08,"USD",93.86000061035156,94.05999755859375,93.37000274658203,93.80000305175781,89.27058410644531,2046600
"ACWI","ACWI",2023-11-09,"USD",94.13999938964844,94.22000122070312,93.16999816894531,93.23999786376953,88.73760986328125,12563900
"ACWI","ACWI",2023-11-10,"USD",93.4800033569336,94.36000061035156,93.08999633789062,94.30999755859375,89.75594329833984,2003700
"ACWI","ACWI",2023-11-13,"USD",93.95999908447266,94.55000305175781,93.86000061035156,94.33000183105469,89.77498626708984,3011000
"ACWI","ACWI",2023-11-14,"USD",95.76000213623047,96.62000274658203,95.56999969482422,96.38999938964844,91.73551177978516,3893200
"ACWI","ACWI",2023-11-15,"USD",96.69999694824219,97.0199966430664,96.44999694824219,96.58999633789062,91.92584228515625,4183700
"ACWI","ACWI",2023-11-16,"USD",96.37000274658203,96.66999816894531,96.11000061035156,96.5199966430664,91.8592300415039,2122600
"ACWI","ACWI",2023-11-17,"USD",96.80999755859375,97.04000091552734,96.61000061035156,96.94999694824219,92.26846313476562,4134900
"ACWI","ACWI",2023-11-20,"USD",96.88999938964844,97.81999969482422,96.88999938964844,97.62999725341797,92.91563415527344,3102200
"ACWI","ACWI",2023-11-21,"USD",97.52999877929688,97.52999877929688,97.20999908447266,97.37000274658203,92.66818237304688,3352300
"ACWI","ACWI",2023-11-22,"USD",97.61000061035156,97.83000183105469,97.31999969482422,97.63999938964844,92.9251480102539,3275500
"ACWI","ACWI",2023-11-24,"USD",97.72000122070312,97.9000015258789,97.6500015258789,97.87999725341797,93.153564453125,774500
"ACWI","ACWI",2023-11-27,"USD",97.70999908447266,97.77999877929688,97.52999877929688,97.62000274658203,92.90612030029297,8016600
"ACWI","ACWI",2023-11-28,"USD",97.58999633789062,98.02999877929688,97.41999816894531,97.77999877929688,93.05838775634766,6387600
"ACWI","ACWI",2023-11-29,"USD",98.1500015258789,98.33000183105469,97.69999694824219,97.7699966430664,93.04888153076172,4086800
"ACWI","ACWI",2023-11-30,"USD",97.88999938964844,98.12000274658203,97.58000183105469,98.0199966430664,93.28679656982422,3946800
"ACWI","ACWI",2023-12-01,"USD",97.83000183105469,98.8499984741211,97.77999877929688,98.75,93.9815444946289,5299500
"ACWI","ACWI",2023-12-04,"USD",97.93000030517578,98.30999755859375,97.73999786376953,98.13999938964844,93.4010009765625,3605500
"ACWI","ACWI",2023-12-05,"USD",97.80000305175781,98.18000030517578,97.66000366210938,97.94999694824219,93.22017669677734,2374800
"ACWI","ACWI",2023-12-06,"USD",98.5999984741211,98.5999984741211,97.69999694824219,97.76000213623047,93.03936004638672,3211000
"ACWI","ACWI",2023-12-07,"USD",98.13999938964844,98.51000213623047,97.91999816894531,98.38999938964844,93.63893127441406,2923200
"ACWI","ACWI",2023-12-08,"USD",98.12999725341797,98.81999969482422,98.12999725341797,98.70999908447266,93.94347381591797,2459800
"ACWI","ACWI",2023-12-11,"USD",98.52999877929688,99.12000274658203,98.47000122070312,99.05999755859375,94.2765884399414,4661300
"ACWI","ACWI",2023-12-12,"USD",98.94999694824219,99.41000366210938,98.69000244140625,99.37999725341797,94.58112335205078,3356200
"ACWI","ACWI",2023-12-13,"USD",99.47000122070312,100.80000305175781,99.18000030517578,100.75,95.88497161865234,6968900
"ACWI","ACWI",2023-12-14,"USD",101.33000183105469,101.69000244140625,100.88999938964844,101.4000015258789,96.50358581542969,3648600
"ACWI","ACWI",2023-12-15,"USD",101.25,101.4000015258789,100.88999938964844,100.97000122070312,96.09435272216797,2759200
"ACWI","ACWI",2023-12-18,"USD",101.33999633789062,101.55999755859375,101.16000366210938,101.41999816894531,96.5226058959961,2490300
"ACWI","ACWI",2023-12-19,"USD",101.73999786376953,102.16999816894531,101.66999816894531,102.1500015258789,97.21736907958984,8803800
"ACWI","ACWI",2023-12-20,"USD",101.02999877929688,101.3499984741211,99.76000213623047,99.77999877929688,95.86461639404297,8277200
"ACWI","ACWI",2023-12-21,"USD",100.5999984741211,101.06999969482422,100.2699966430664,101.02999877929688,97.0655746459961,4268500
"ACWI","ACWI",2023-12-22,"USD",101.1500015258789,101.47000122070312,100.80000305175781,101.18000030517578,97.20968627929688,3520000
"ACWI","ACWI",2023-12-26,"USD",101.4000015258789,101.83999633789062,101.30000305175781,101.66999816894531,97.68045806884766,3021300
"ACWI","ACWI",2023-12-27,"USD",101.72000122070312,102.02999877929688,101.5999984741211,101.95999908447266,97.95907592773438,3906000
"ACWI","ACWI",2023-12-28,"USD",102.12999725341797,102.27999877929688,101.91000366210938,101.95999908447266,97.95907592773438,3909100
"ACWI","ACWI",2023-12-29,"USD",101.97000122070312,102.1500015258789,101.4800033569336,101.7699966430664,97.77652740478516,3341500
"ACWI","ACWI",2024-01-02,"USD",101.01000213623047,101.2300033569336,100.58999633789062,100.9000015258789,96.940673828125,4067100
"ACWI","ACWI",2024-01-03,"USD",100.2699966430664,100.54000091552734,99.94000244140625,100.0999984741211,96.17205810546875,3666800
"ACWI","ACWI",2024-01-04,"USD",99.9800033569336,100.62000274658203,99.91999816894531,99.98999786376953,96.06637573242188,2677000
"ACWI","ACWI",2024-01-05,"USD",99.97000122070312,100.7300033569336,99.86000061035156,100.08000183105469,96.1528549194336,3524100
"ACWI","ACWI",2024-01-08,"USD",100.11000061035156,101.29000091552734,100.08000183105469,101.27999877929688,97.30575561523438,7516600
"ACWI","ACWI",2024-01-09,"USD",100.4800033569336,101.02999877929688,100.41000366210938,100.81999969482422,96.86381530761719,4043600
"ACWI","ACWI",2024-01-10,"USD",100.91999816894531,101.44000244140625,100.83000183105469,101.29000091552734,97.31537628173828,7878600
"ACWI","ACWI",2024-01-11,"USD",101.47000122070312,101.62999725341797,100.41000366210938,101.23999786376953,97.267333984375,5916000
"ACWI","ACWI",2024-01-12,"USD",101.72000122070312,101.97000122070312,101.2699966430664,101.44999694824219,97.46908569335938,3336100
"ACWI","ACWI",2024-01-16,"USD",100.79000091552734,100.9800033569336,100.2300033569336,100.55999755859375,96.61400604248047,5238500
"ACWI","ACWI",2024-01-17,"USD",99.58999633789062,99.83000183105469,99.26000213623047,99.79000091552734,95.87422943115234,13827200
"ACWI","ACWI",2024-01-18,"USD",100.1500015258789,100.72000122070312,99.88999938964844,100.66000366210938,96.71009063720703,5332200
"ACWI","ACWI",2024-01-19,"USD",100.80999755859375,101.69000244140625,100.55999755859375,101.66999816894531,97.68045806884766,3887700
"ACWI","ACWI",2024-01-22,"USD",101.87000274658203,102.1500015258789,101.68000030517578,101.83000183105469,97.83418273925781,17480900
"ACWI","ACWI",2024-01-23,"USD",101.81999969482422,102.06999969482422,101.58999633789062,102.04000091552734,98.03593444824219,12402400
"ACWI","ACWI",2024-01-24,"USD",102.94999694824219,103.06999969482422,102.31999969482422,102.37999725341797,98.36258697509766,5796800
"ACWI","ACWI",2024-01-25,"USD",102.76000213623047,102.80000305175781,102.30000305175781,102.79000091552734,98.75650787353516,4227600
"ACWI","ACWI",2024-01-26,"USD",102.9000015258789,103.12999725341797,102.69999694824219,102.87999725341797,98.84297943115234,4609900
"ACWI","ACWI",2024-01-29,"USD",102.9000015258789,103.61000061035156,102.7699966430664,103.55999755859375,99.49629211425781,5161200
"ACWI","ACWI",2024-01-30,"USD",103.30000305175781,103.5,103.16000366210938,103.38999938964844,99.33296203613281,2354400
"ACWI","ACWI",2024-01-31,"USD",103.0999984741211,103.30999755859375,102.02999877929688,102.05000305175781,98.0455551147461,7041000
"ACWI","ACWI",2024-02-01,"USD",102.38999938964844,103.31999969482422,102.23999786376953,103.31999969482422,99.26570892333984,11843600
"ACWI","ACWI",2024-02-02,"USD",103.12000274658203,103.98999786376953,102.97000122070312,103.73999786376953,99.66922760009766,5939800
"ACWI","ACWI",2024-02-05,"USD",103.47000122070312,103.62000274658203,102.81999969482422,103.33999633789062,99.28491973876953,3258400
"ACWI","ACWI",2024-02-06,"USD",103.62999725341797,103.94000244140625,103.48999786376953,103.94000244140625,99.86138153076172,5034200
"ACWI","ACWI",2024-02-07,"USD",104.12000274658203,104.55999755859375,104.05999755859375,104.47000122070312,100.37059020996094,2348400
"ACWI","ACWI",2024-02-08,"USD",104.43000030517578,104.51000213623047,104.20999908447266,104.44999694824219,100.35136413574219,4335400
"ACWI","ACWI",2024-02-09,"USD",104.58000183105469,105.06999969482422,104.5,105.01000213623047,100.889404296875,3663800
"ACWI","ACWI",2024-02-12,"USD",104.94999694824219,105.55999755859375,104.94999694824219,105.13999938964844,101.01428985595703,3071700
"ACWI","ACWI",2024-02-13,"USD",103.69000244140625,103.93000030517578,102.9000015258789,103.47000122070312,99.40982818603516,3387200
"ACWI","ACWI",2024-02-14,"USD",104.16000366210938,104.68000030517578,103.83999633789062,104.61000061035156,100.50508880615234,2691600
"ACWI","ACWI",2024-02-15,"USD",104.83999633789062,105.47000122070312,104.80999755859375,105.44999694824219,101.31211853027344,3224900
"ACWI","ACWI",2024-02-16,"USD",105.47000122070312,105.76000213623047,104.95999908447266,105.19000244140625,101.06232452392578,2704600
"ACWI","ACWI",2024-02-20,"USD",105.16000366210938,105.25,104.4800033569336,104.88999938964844,100.77410888671875,3328500
"ACWI","ACWI",2024-02-21,"USD",104.6500015258789,104.94000244140625,104.29000091552734,104.91999816894531,100.80292510986328,4057800
"ACWI","ACWI",2024-02-22,"USD",106.08000183105469,106.87999725341797,106.02999877929688,106.7300033569336,102.54190826416016,4529700
"ACWI","ACWI",2024-02-23,"USD",106.94999694824219,107.11000061035156,106.58999633789062,106.7699966430664,102.58032989501953,1867900
"ACWI","ACWI",2024-02-26,"USD",106.76000213623047,106.86000061035156,106.4000015258789,106.4800033569336,102.30171966552734,2002300
"ACWI","ACWI",2024-02-27,"USD",106.52999877929688,106.72000122070312,106.3499984741211,106.69000244140625,102.50347900390625,5568300
"ACWI","ACWI",2024-02-28,"USD",106.20999908447266,106.38999938964844,106.08999633789062,106.23999786376953,102.07112121582031,4609100
"ACWI","ACWI",2024-02-29,"USD",106.7300033569336,106.8499984741211,106.0999984741211,106.6500015258789,102.46504211425781,4878200
"ACWI","ACWI",2024-03-01,"USD",106.91999816894531,107.75,106.73999786376953,107.68000030517578,103.4546127319336,3603700
"ACWI","ACWI",2024-03-04,"USD",107.52999877929688,107.83000183105469,107.44000244140625,107.5199966430664,103.30089569091797,3548200
"ACWI","ACWI",2024-03-05,"USD",107.19999694824219,107.37000274658203,106.23999786376953,106.6500015258789,102.46504211425781,3913600
"ACWI","ACWI",2024-03-06,"USD",107.63999938964844,107.91000366210938,107.2300033569336,107.4800033569336,103.26246643066406,2515400
"ACWI","ACWI",2024-03-07,"USD",108.13999938964844,108.75,107.98999786376953,108.5999984741211,104.3385238647461,2188000
"ACWI","ACWI",2024-03-08,"USD",108.81999969482422,109.22000122070312,107.9000015258789,108.06999969482422,103.8293228149414,3063100
"ACWI","ACWI",2024-03-11,"USD",107.69999694824219,107.95999908447266,107.3499984741211,107.8499984741211,103.61795043945312,1490700
"ACWI","ACWI",2024-03-12,"USD",108.30999755859375,109,107.7699966430664,108.94000244140625,104.66517639160156,2195700
"ACWI","ACWI",2024-03-13,"USD",108.87999725341797,109.05999755859375,108.55999755859375,108.80000305175781,104.53067779541016,2082800
"ACWI","ACWI",2024-03-14,"USD",108.94999694824219,108.94999694824219,107.80000305175781,108.37000274658203,104.11754608154297,3938900
"ACWI","ACWI",2024-03-15,"USD",107.97000122070312,108.19999694824219,107.55000305175781,107.81999969482422,103.5891342163086,2241000
"ACWI","ACWI",2024-03-18,"USD",108.54000091552734,108.66000366210938,108.19000244140625,108.26000213623047,104.01187133789062,1913200
"ACWI","ACWI",2024-03-19,"USD",108.06999969482422,108.7300033569336,107.83999633789062,108.63999938964844,104.376953125,3858000
"ACWI","ACWI",2024-03-20,"USD",108.68000030517578,109.77999877929688,108.56999969482422,109.73999786376953,105.43378448486328,2954100
"ACWI","ACWI",2024-03-21,"USD",110.26000213623047,110.37000274658203,109.94000244140625,109.9800033569336,105.66438293457031,4229400
"ACWI","ACWI",2024-03-22,"USD",109.9000015258789,109.97000122070312,109.63999938964844,109.72000122070312,105.4145736694336,1712000
"ACWI","ACWI",2024-03-25,"USD",109.44999694824219,109.7300033569336,109.43000030517578,109.5,105.20320892333984,871600
"ACWI","ACWI",2024-03-26,"USD",109.80999755859375,109.88999938964844,109.33000183105469,109.3499984741211,105.05909729003906,1940300
"ACWI","ACWI",2024-03-27,"USD",109.86000061035156,110.1500015258789,109.5,110.1500015258789,105.82770538330078,1268500
"ACWI","ACWI",2024-03-28,"USD",110.0999984741211,110.3499984741211,110.05999755859375,110.12999725341797,105.80848693847656,986300
"ACWI","ACWI",2024-04-01,"USD",110.23999786376953,110.37999725341797,109.62999725341797,109.87000274658203,105.55868530273438,1857200
"ACWI","ACWI",2024-04-02,"USD",109.05000305175781,109.26000213623047,108.87000274658203,109.22000122070312,104.93419647216797,1836400
"ACWI","ACWI",2024-04-03,"USD",109.04000091552734,109.76000213623047,109.0199966430664,109.4800033569336,105.18399047851562,2473600
"ACWI","ACWI",2024-04-04,"USD",110.44999694824219,110.44999694824219,108.30999755859375,108.37999725341797,104.12715148925781,2584200
"ACWI","ACWI",2024-04-05,"USD",108.55000305175781,109.56999969482422,108.4000015258789,109.2300033569336,104.94380950927734,4344700
"ACWI","ACWI",2024-04-08,"USD",109.54000091552734,109.69000244140625,109.31999969482422,109.45999908447266,105.16477966308594,1934900
"ACWI","ACWI",2024-04-09,"USD",109.93000030517578,109.97000122070312,108.7699966430664,109.62000274658203,105.3185043334961,1983600
"ACWI","ACWI",2024-04-10,"USD",108.27999877929688,108.80000305175781,107.94000244140625,108.37000274658203,104.11754608154297,7321600
"ACWI","ACWI",2024-04-11,"USD",108.69999694824219,109.23999786376953,107.9000015258789,109.01000213623047,104.73242950439453,1702100
"ACWI","ACWI",2024-04-12,"USD",108.08999633789062,108.41000366210938,107.02999877929688,107.33000183105469,103.11836242675781,3319500
"ACWI","ACWI",2024-04-15,"USD",108.26000213623047,108.29000091552734,106.08000183105469,106.29000091552734,102.11917114257812,5107700
"ACWI","ACWI",2024-04-16,"USD",105.91000366210938,106.29000091552734,105.43000030517578,105.7300033569336,101.58113861083984,2512400
"ACWI","ACWI",2024-04-17,"USD",106.27999877929688,106.30999755859375,104.98999786376953,105.33999633789062,101.20643615722656,2289800
"ACWI","ACWI",2024-04-18,"USD",105.5199966430664,106.04000091552734,104.98999786376953,105.19000244140625,101.06232452392578,1116500
"ACWI","ACWI",2024-04-19,"USD",105.08000183105469,105.38999938964844,104.29000091552734,104.54000091552734,100.4378433227539,4029600
"ACWI","ACWI",2024-04-22,"USD",105.05000305175781,106.05999755859375,104.77999877929688,105.5999984741211,101.45624542236328,2442700
"ACWI","ACWI",2024-04-23,"USD",105.94000244140625,106.9000015258789,105.9000015258789,106.77999877929688,102.58992767333984,2936800
"ACWI","ACWI",2024-04-24,"USD",107.05000305175781,107.12999725341797,106.2699966430664,106.72000122070312,102.53230285644531,2191900
"ACWI","ACWI",2024-04-25,"USD",105.37999725341797,106.55000305175781,105.11000061035156,106.38999938964844,102.21524810791016,2621100
"ACWI","ACWI",2024-04-26,"USD",107.02999877929688,107.61000061035156,106.91999816894531,107.37999725341797,103.16638946533203,2381300
"ACWI","ACWI",2024-04-29,"USD",107.73999786376953,107.93000030517578,107.37000274658203,107.8499984741211,103.61795043945312,1799800
"ACWI","ACWI",2024-04-30,"USD",107.44999694824219,107.66000366210938,106.22000122070312,106.22000122070312,102.05191802978516,2361000
"ACWI","ACWI",2024-05-01,"USD",106.22000122070312,107.45999908447266,105.80000305175781,105.94000244140625,101.78290557861328,2208200
"ACWI","ACWI",2024-05-02,"USD",106.95999908447266,107.41999816894531,106.08999633789062,107.26000213623047,103.05110168457031,2099800
"ACWI","ACWI",2024-05-03,"USD",108.38999938964844,108.66000366210938,107.8499984741211,108.43000030517578,104.1751937866211,3358900
"ACWI","ACWI",2024-05-06,"USD",108.93000030517578,109.41000366210938,108.8499984741211,109.41000366210938,105.11673736572266,1740500
"ACWI","ACWI",2024-05-07,"USD",109.55999755859375,109.69999694824219,109.30000305175781,109.44000244140625,105.14556121826172,2224000
"ACWI","ACWI",2024-05-08,"USD",108.9000015258789,109.44999694824219,108.9000015258789,109.37999725341797,105.0879135131836,564100
"ACWI","ACWI",2024-05-09,"USD",109.44999694824219,110.05000305175781,109.31999969482422,110.04000091552734,105.72201538085938,925400
"ACWI","ACWI",2024-05-10,"USD",110.47000122070312,110.56999969482422,110.01000213623047,110.18000030517578,105.85652160644531,856100
"ACWI","ACWI",2024-05-13,"USD",110.58999633789062,110.58999633789062,110.08000183105469,110.25,105.92378234863281,787900
"ACWI","ACWI",2024-05-14,"USD",110.37000274658203,110.91999816894531,110.3499984741211,110.86000061035156,106.50983428955078,1106900
"ACWI","ACWI",2024-05-15,"USD",111.36000061035156,112.18000030517578,111.22000122070312,112.12999725341797,107.7300033569336,2645100
"ACWI","ACWI",2024-05-16,"USD",112.18000030517578,112.36000061035156,111.87000274658203,111.9000015258789,107.509033203125,2796900
"ACWI","ACWI",2024-05-17,"USD",111.9000015258789,112.16999816894531,111.80999755859375,112.16000366210938,107.75884246826172,1785100
"ACWI","ACWI",2024-05-20,"USD",112.18000030517578,112.48999786376953,112.08000183105469,112.2300033569336,107.82608032226562,3488600
"ACWI","ACWI",2024-05-21,"USD",111.91999816894531,112.2699966430664,111.88999938964844,112.25,107.84529113769531,1540800
"ACWI","ACWI",2024-05-22,"USD",112,112.06999969482422,111.31999969482422,111.72000122070312,107.33609771728516,2051000
"ACWI","ACWI",2024-05-23,"USD",112.48999786376953,112.48999786376953,110.73999786376953,110.9800033569336,106.62512969970703,1731900
"ACWI","ACWI",2024-05-24,"USD",111.37000274658203,111.86000061035156,111.23999786376953,111.69999694824219,107.3168716430664,927600
"ACWI","ACWI",2024-05-28,"USD",111.9800033569336,112.01000213623047,111.23999786376953,111.7300033569336,107.34571075439453,2290800
"ACWI","ACWI",2024-05-29,"USD",110.66999816894531,110.81999969482422,110.51000213623047,110.5999984741211,106.26004028320312,5467500
"ACWI","ACWI",2024-05-30,"USD",110.5199966430664,110.7699966430664,110.08000183105469,110.31999969482422,105.99102783203125,4292300
"ACWI","ACWI",2024-05-31,"USD",110.48999786376953,111.0999984741211,109.56999969482422,111.08000183105469,106.7212142944336,1879700
"ACWI","ACWI",2024-06-03,"USD",111.58000183105469,111.66000366210938,110.43000030517578,111.30000305175781,106.93257904052734,3648700
"ACWI","ACWI",2024-06-04,"USD",110.91000366210938,111.27999877929688,110.5,111.1500015258789,106.78846740722656,1941400
"ACWI","ACWI",2024-06-05,"USD",111.81999969482422,112.43000030517578,111.33999633789062,112.43000030517578,108.01823425292969,2322800
"ACWI","ACWI",2024-06-06,"USD",112.76000213623047,112.76000213623047,112.19000244140625,112.54000091552734,108.12391662597656,2458000
"ACWI","ACWI",2024-06-07,"USD",112.41000366210938,112.55000305175781,111.9000015258789,111.9800033569336,107.58589935302734,2217600
"ACWI","ACWI",2024-06-10,"USD",111.81999969482422,112.4000015258789,111.61000061035156,112.30999755859375,107.90294647216797,8037900
"ACWI","ACWI",2024-06-11,"USD",111.05000305175781,111.18000030517578,110.31999969482422,111.1500015258789,107.68495178222656,8451800
"ACWI","ACWI",2024-06-12,"USD",112.41000366210938,112.80000305175781,111.9800033569336,112.22000122070312,108.72160339355469,3698100
"ACWI","ACWI",2024-06-13,"USD",112.29000091552734,112.33999633789062,111.37999725341797,111.87000274658203,108.38251495361328,4186700
"ACWI","ACWI",2024-06-14,"USD",111.29000091552734,111.66000366210938,111.05999755859375,111.66000366210938,108.17906951904297,1931500
"ACWI","ACWI",2024-06-17,"USD",111.48999786376953,112.56999969482422,111.38999938964844,112.37000274658203,108.86692810058594,999300
"ACWI","ACWI",2024-06-18,"USD",112.37000274658203,112.83000183105469,112.37000274658203,112.83000183105469,109.31258392333984,2895100
"ACWI","ACWI",2024-06-20,"USD",112.9800033569336,113.08000183105469,112.20999908447266,112.5999984741211,109.08975219726562,3286100
"ACWI","ACWI",2024-06-21,"USD",112.27999877929688,112.41999816894531,111.93000030517578,112.1500015258789,108.65377807617188,1650500
"ACWI","ACWI",2024-06-24,"USD",112.2699966430664,113.05999755859375,112.25,112.25,108.75066375732422,3223300
"ACWI","ACWI",2024-06-25,"USD",112.36000061035156,112.66000366210938,112.16000366210938,112.58999633789062,109.08006286621094,2770300
"ACWI","ACWI",2024-06-26,"USD",112.19999694824219,112.58000183105469,112.05000305175781,112.45999908447266,108.95411682128906,2970100
"ACWI","ACWI",2024-06-27,"USD",112.58999633789062,112.81999969482422,112.33999633789062,112.62000274658203,109.109130859375,3234100
"ACWI","ACWI",2024-06-28,"USD",112.87000274658203,113.31999969482422,112.08000183105469,112.4000015258789,108.89598083496094,3997400
"ACWI","ACWI",2024-07-01,"USD",112.80999755859375,112.87000274658203,112.16000366210938,112.58999633789062,109.08006286621094,2068200
"ACWI","ACWI",2024-07-02,"USD",112.3499984741211,113.19999694824219,112.30000305175781,113.19000244140625,109.66136169433594,1170400
"ACWI","ACWI",2024-07-03,"USD",113.37000274658203,114.06999969482422,113.37000274658203,114.01000213623047,110.45579528808594,692700
"ACWI","ACWI",2024-07-05,"USD",114.02999877929688,114.72000122070312,113.93000030517578,114.66000366210938,111.08554077148438,1694400
"ACWI","ACWI",2024-07-08,"USD",114.80000305175781,114.93000030517578,114.44999694824219,114.66000366210938,111.08554077148438,1788900
"ACWI","ACWI",2024-07-09,"USD",114.80000305175781,114.87000274658203,114.51000213623047,114.62999725341797,111.05646514892578,2000600
"ACWI","ACWI",2024-07-10,"USD",115,115.88999938964844,115,115.80000305175781,112.19000244140625,1685800
"ACWI","ACWI",2024-07-11,"USD",116.08999633789062,116.37999725341797,115.2300033569336,115.3499984741211,111.7540283203125,3787400
"ACWI","ACWI",2024-07-12,"USD",115.69000244140625,116.80999755859375,115.69000244140625,116.19000244140625,112.56784057617188,1776500
"ACWI","ACWI",2024-07-15,"USD",116.41999816894531,116.68000030517578,115.7699966430664,116.06999969482422,112.45157623291016,2661300
"ACWI","ACWI",2024-07-16,"USD",116.2300033569336,116.75,116.12000274658203,116.69000244140625,113.05225372314453,12654900
"ACWI","ACWI",2024-07-17,"USD",115.62999725341797,115.93000030517578,115.16000366210938,115.22000122070312,111.6280746459961,2736900
"ACWI","ACWI",2024-07-18,"USD",115.73999786376953,115.73999786376953,113.86000061035156,114.23999786376953,110.67861938476562,3432400
"ACWI","ACWI",2024-07-19,"USD",114.11000061035156,114.30999755859375,113.33000183105469,113.48999786376953,109.9520034790039,3837400
"ACWI","ACWI",2024-07-22,"USD",114.30000305175781,114.72000122070312,114,114.66000366210938,111.08554077148438,1556400
"ACWI","ACWI",2024-07-23,"USD",114.48999786376953,114.76000213623047,114.19999694824219,114.2699966430664,110.70767974853516,1374100
"ACWI","ACWI",2024-07-24,"USD",113.5,113.55000305175781,111.88999938964844,112.0199966430664,108.52782440185547,2834000
"ACWI","ACWI",2024-07-25,"USD",111.61000061035156,113.0199966430664,111.12000274658203,111.44999694824219,107.97559356689453,3338200
"ACWI","ACWI",2024-07-26,"USD",112.33999633789062,113.19000244140625,112.19999694824219,112.7699966430664,109.25444030761719,1745200
"ACWI","ACWI",2024-07-29,"USD",112.91000366210938,113.05000305175781,112.30000305175781,112.66999816894531,109.15756225585938,1641400
"ACWI","ACWI",2024-07-30,"USD",112.9000015258789,113.1500015258789,111.69000244140625,112.29000091552734,108.78942108154297,2305300
"ACWI","ACWI",2024-07-31,"USD",113.79000091552734,114.69000244140625,113.62999725341797,114.12999725341797,110.57205200195312,2361800
"ACWI","ACWI",2024-08-01,"USD",113.9800033569336,114.41000366210938,111.47000122070312,112.0999984741211,108.60533142089844,2101500
"ACWI","ACWI",2024-08-02,"USD",110.5199966430664,110.80999755859375,109.23999786376953,110.12999725341797,106.69674682617188,3615000
"ACWI","ACWI",2024-08-05,"USD",105.30999755859375,108.23999786376953,105.30999755859375,107.23999786376953,103.89684295654297,6906000
"ACWI","ACWI",2024-08-06,"USD",107.27999877929688,109.23999786376953,106.95999908447266,107.97000122070312,104.60408782958984,4126700
"ACWI","ACWI",2024-08-07,"USD",109.55999755859375,109.98999786376953,107.6500015258789,107.7699966430664,104.41032409667969,10883700
"ACWI","ACWI",2024-08-08,"USD",108.75,110.19000244140625,108.41000366210938,110.04000091552734,106.60955047607422,2609100
"ACWI","ACWI",2024-08-09,"USD",109.93000030517578,110.75,109.63999938964844,110.52999877929688,107.08428955078125,1569500
"ACWI","ACWI",2024-08-12,"USD",110.79000091552734,111.06999969482422,110.19000244140625,110.61000061035156,107.16178131103516,3017000
"ACWI","ACWI",2024-08-13,"USD",111.25,112.4000015258789,111.18000030517578,112.30999755859375,108.80879974365234,4334700
"ACWI","ACWI",2024-08-14,"USD",112.5199966430664,112.80000305175781,112.02999877929688,112.61000061035156,109.09944152832031,1621100
"ACWI","ACWI",2024-08-15,"USD",113.68000030517578,114.41999816894531,113.66999816894531,114.4000015258789,110.8336410522461,859700
"ACWI","ACWI",2024-08-16,"USD",114.26000213623047,114.9000015258789,114.20999908447266,114.80000305175781,111.22117614746094,2234700
"ACWI","ACWI",2024-08-19,"USD",115.20999908447266,115.95999908447266,115.04000091552734,115.94999694824219,112.33531951904297,2268800
"ACWI","ACWI",2024-08-20,"USD",115.87000274658203,116.0999984741211,115.37000274658203,115.66000366210938,112.05435943603516,1776200
"ACWI","ACWI",2024-08-21,"USD",115.98999786376953,116.41999816894531,115.66999816894531,116.26000213623047,112.63566589355469,2689000
"ACWI","ACWI",2024-08-22,"USD",116.54000091552734,116.66000366210938,115.13999938964844,115.33999633789062,111.74433135986328,2864100
"ACWI","ACWI",2024-08-23,"USD",116.0999984741211,116.9800033569336,116.01000213623047,116.9000015258789,113.25569915771484,2086800
"ACWI","ACWI",2024-08-26,"USD",116.9000015258789,117,116.20999908447266,116.47000122070312,112.83910369873047,2118100
"ACWI","ACWI",2024-08-27,"USD",116.41999816894531,116.83999633789062,116.13999938964844,116.69999694824219,113.06192779541016,1466500
"ACWI","ACWI",2024-08-28,"USD",116.62000274658203,116.6500015258789,115.4800033569336,116.05999755859375,112.44188690185547,1113400
"ACWI","ACWI",2024-08-29,"USD",116.44000244140625,117.12999725341797,115.98999786376953,116.16000366210938,112.53876495361328,2105900
"ACWI","ACWI",2024-08-30,"USD",116.5999984741211,117.08999633789062,115.91000366210938,116.9800033569336,113.33320617675781,1105300
"ACWI","ACWI",2024-09-03,"USD",116.37999725341797,116.37999725341797,114.2699966430664,114.73999786376953,111.16304016113281,1730100
"ACWI","ACWI",2024-09-04,"USD",114.26000213623047,115.06999969482422,114.12999725341797,114.38999938964844,110.8239517211914,1663000
"ACWI","ACWI",2024-09-05,"USD",114.41000366210938,114.93000030517578,113.79000091552734,114.25,110.68830871582031,1311900
"ACWI","ACWI",2024-09-06,"USD",114.25,114.56999969482422,112.12000274658203,112.30999755859375,108.80879974365234,1865700
"ACWI","ACWI",2024-09-09,"USD",113.23999786376953,113.79000091552734,112.88999938964844,113.47000122070312,109.93262481689453,1101500
"ACWI","ACWI",2024-09-10,"USD",113.68000030517578,113.70999908447266,112.63999938964844,113.62999725341797,110.087646484375,1075800
"ACWI","ACWI",2024-09-11,"USD",113.61000061035156,114.81999969482422,112.06999969482422,114.62999725341797,111.05646514892578,2528100
"ACWI","ACWI",2024-09-12,"USD",114.81999969482422,115.70999908447266,114.4000015258789,115.62999725341797,112.02529907226562,1991300
"ACWI","ACWI",2024-09-13,"USD",115.91000366210938,116.38999938964844,115.7699966430664,116.20999908447266,112.58720397949219,1015100
"ACWI","ACWI",2024-09-16,"USD",116.33000183105469,116.66999816894531,115.94999694824219,116.61000061035156,112.97473907470703,3171800
"ACWI","ACWI",2024-09-17,"USD",116.95999908447266,117.12999725341797,116.08000183105469,116.48999786376953,112.85848236083984,1563900
"ACWI","ACWI",2024-09-18,"USD",116.55000305175781,117.5999984741211,116.02999877929688,116.16000366210938,112.53876495361328,1133600
"ACWI","ACWI",2024-09-19,"USD",118.19000244140625,118.56999969482422,117.55000305175781,118.2300033569336,114.54424285888672,2830700
"ACWI","ACWI",2024-09-20,"USD",117.8499984741211,118,117.27999877929688,117.76000213623047,114.0888900756836,2584000
"ACWI","ACWI",2024-09-23,"USD",118.16999816894531,118.36000061035156,117.94000244140625,118.20999908447266,114.52485656738281,1127100
"ACWI","ACWI",2024-09-24,"USD",118.7300033569336,119.05999755859375,118.26000213623047,119.0199966430664,115.30960845947266,1765900
"ACWI","ACWI",2024-09-25,"USD",119.01000213623047,119.11000061035156,118.41999816894531,118.5199966430664,114.82520294189453,2631200
"ACWI","ACWI",2024-09-26,"USD",119.91000366210938,120.19000244140625,119.41999816894531,119.83999633789062,116.10404205322266,1331600
"ACWI","ACWI",2024-09-27,"USD",119.98999786376953,120.23999786376953,119.3499984741211,119.55999755859375,115.83277893066406,1619200
"ACWI","ACWI",2024-09-30,"USD",119.43000030517578,119.63999938964844,118.62999725341797,119.55000305175781,115.8230972290039,3410500
"ACWI","ACWI",2024-10-01,"USD",119.44999694824219,119.58000183105469,118.16999816894531,118.79000091552734,115.08677673339844,2631100
"ACWI","ACWI",2024-10-02,"USD",118.69999694824219,119.19000244140625,118.30999755859375,119.06999969482422,115.35804748535156,5192700
"ACWI","ACWI",2024-10-03,"USD",118.45999908447266,118.87000274658203,118.12999725341797,118.4800033569336,114.78644561767578,1287800
"ACWI","ACWI",2024-10-04,"USD",119.23999786376953,119.58000183105469,118.62999725341797,119.4800033569336,115.7552719116211,907200
"ACWI","ACWI",2024-10-07,"USD",119.3499984741211,119.37999725341797,118.4000015258789,118.7300033569336,115.02865600585938,2220200
"ACWI","ACWI",2024-10-08,"USD",118.72000122070312,119.13999938964844,118.54000091552734,119.04000091552734,115.32898712158203,1346100
"ACWI","ACWI",2024-10-09,"USD",118.69999694824219,119.63999938964844,118.61000061035156,119.52999877929688,115.80370330810547,1163000
"ACWI","ACWI",2024-10-10,"USD",119.31999969482422,119.5999984741211,118.94999694824219,119.41000366210938,115.68745422363281,653800
"ACWI","ACWI",2024-10-11,"USD",119.31999969482422,120.29000091552734,119.31999969482422,120.16000366210938,116.41407012939453,1093800
"ACWI","ACWI",2024-10-14,"USD",120.25,120.93000030517578,120.13999938964844,120.77999877929688,117.01475524902344,634100
"ACWI","ACWI",2024-10-15,"USD",120.58000183105469,120.68000030517578,119.26000213623047,119.5199966430664,115.79402923583984,925500
"ACWI","ACWI",2024-10-16,"USD",119.56999969482422,120.08999633789062,119.51000213623047,120,116.2590560913086,1476600
"ACWI","ACWI",2024-10-17,"USD",120.4800033569336,120.5999984741211,119.93000030517578,119.94999694824219,116.21062469482422,2363200
"ACWI","ACWI",2024-10-18,"USD",120.62000274658203,120.76000213623047,120.29000091552734,120.6500015258789,116.88880157470703,996400
"ACWI","ACWI",2024-10-21,"USD",120,120.44000244140625,119.58000183105469,120.06999969482422,116.32687377929688,2487700
"ACWI","ACWI",2024-10-22,"USD",119.51000213623047,120.04000091552734,119.38999938964844,119.80999755859375,116.0749740600586,5334000
"ACWI","ACWI",2024-10-23,"USD",119.5,119.5,118.0999984741211,118.75,115.04803466796875,3230000
"ACWI","ACWI",2024-10-24,"USD",119.26000213623047,119.27999877929688,118.54000091552734,119.02999877929688,115.31929779052734,3242300
"ACWI","ACWI",2024-10-25,"USD",119.5199966430664,119.93000030517578,118.75,118.81999969482422,115.1158447265625,3116100
"ACWI","ACWI",2024-10-28,"USD",119.5,119.66000366210938,119.36000061035156,119.44000244140625,115.71651458740234,1559300
"ACWI","ACWI",2024-10-29,"USD",119.25,119.62000274658203,118.95999908447266,119.37000274658203,115.6487045288086,1370800
"ACWI","ACWI",2024-10-30,"USD",118.9000015258789,119.5,118.70999908447266,118.83999633789062,115.13521575927734,1196100
"ACWI","ACWI",2024-10-31,"USD",118.18000030517578,118.20999908447266,116.98999786376953,117.05000305175781,113.4010238647461,2210200
"ACWI","ACWI",2024-11-01,"USD",117.7300033569336,118.31999969482422,117.41999816894531,117.5,113.83699798583984,1897000
"ACWI","ACWI",2024-11-04,"USD",117.80999755859375,118.08999633789062,117.19999694824219,117.4800033569336,113.817626953125,1935700
"ACWI","ACWI",2024-11-05,"USD",117.83999633789062,118.87000274658203,117.83000183105469,118.8499984741211,115.14490509033203,1754700
"ACWI","ACWI",2024-11-06,"USD",119.7300033569336,120.41999816894531,119.16000366210938,120.2699966430664,116.52063751220703,3767200
"ACWI","ACWI",2024-11-07,"USD",121.1500015258789,121.86000061035156,121.06999969482422,121.62000274658203,117.82856750488281,1079800
"ACWI","ACWI",2024-11-08,"USD",121.27999877929688,121.48999786376953,121.01000213623047,121.30000305175781,117.51853942871094,1200400
"ACWI","ACWI",2024-11-11,"USD",121.62000274658203,121.72000122070312,121.0999984741211,121.44999694824219,117.66385650634766,1885300
"ACWI","ACWI",2024-11-12,"USD",121.08999633789062,121.12000274658203,120.01000213623047,120.55000305175781,116.79191589355469,1440800
"ACWI","ACWI",2024-11-13,"USD",120.44999694824219,120.66000366210938,119.87999725341797,120.30999755859375,116.55939483642578,2627600
"ACWI","ACWI",2024-11-14,"USD",120.41000366210938,120.62000274658203,119.6500015258789,119.75,116.01686096191406,1081900
"ACWI","ACWI",2024-11-15,"USD",119.33999633789062,119.33999633789062,118.31999969482422,118.63999938964844,114.94145202636719,2126900
"ACWI","ACWI",2024-11-18,"USD",118.77999877929688,119.44000244140625,118.55000305175781,119.2300033569336,115.51306915283203,2145700
"ACWI","ACWI",2024-11-19,"USD",118.47000122070312,119.72000122070312,118.26000213623047,119.55999755859375,115.83277893066406,2115400
"ACWI","ACWI",2024-11-20,"USD",119.5199966430664,119.55999755859375,118.5199966430664,119.55999755859375,115.83277893066406,1851000
"ACWI","ACWI",2024-11-21,"USD",119.94999694824219,120.2699966430664,119.11000061035156,120.01000213623047,116.26874542236328,3615000
"ACWI","ACWI",2024-11-22,"USD",120.01000213623047,120.52999877929688,119.94999694824219,120.44000244140625,116.68534088134766,2370400
"ACWI","ACWI",2024-11-25,"USD",121.33000183105469,121.44000244140625,120.44000244140625,120.86000061035156,117.09224700927734,1392500
"ACWI","ACWI",2024-11-26,"USD",121.04000091552734,121.19000244140625,120.61000061035156,121.04000091552734,117.26663970947266,1691500
"ACWI","ACWI",2024-11-27,"USD",121.16999816894531,121.41999816894531,120.62999725341797,120.94999694824219,117.179443359375,1367900
"ACWI","ACWI",2024-11-29,"USD",121.08999633789062,121.91999816894531,121,121.7699966430664,117.973876953125,1756600
"ACWI","ACWI",2024-12-02,"USD",121.9000015258789,122.16999816894531,121.62999725341797,122.02999877929688,118.22577667236328,2306100
"ACWI","ACWI",2024-12-03,"USD",122.11000061035156,122.33999633789062,121.87000274658203,122.25,118.43891906738281,1195800
"ACWI","ACWI",2024-12-04,"USD",122.66000366210938,122.95999908447266,122.4800033569336,122.9000015258789,119.06864929199219,2090600
"ACWI","ACWI",2024-12-05,"USD",122.98999786376953,123.2699966430664,122.68000030517578,122.97000122070312,119.136474609375,2185900
"ACWI","ACWI",2024-12-06,"USD",123.19999694824219,123.37999725341797,122.95999908447266,123.12000274658203,119.28180694580078,1442500
"ACWI","ACWI",2024-12-09,"USD",123.55999755859375,123.58000183105469,122.73999786376953,122.83000183105469,119.00083923339844,4113700
"ACWI","ACWI",2024-12-10,"USD",122.88999938964844,122.88999938964844,121.97000122070312,122.0999984741211,118.29359436035156,2371900
"ACWI","ACWI",2024-12-11,"USD",122.70999908447266,123.12999725341797,122.62999725341797,122.97000122070312,119.136474609375,3039700
"ACWI","ACWI",2024-12-12,"USD",122.70999908447266,122.9000015258789,122.18000030517578,122.19999694824219,118.39047241210938,2622700
"ACWI","ACWI",2024-12-13,"USD",122.5,122.62000274658203,121.79000091552734,122.05999755859375,118.25484466552734,2132600
"ACWI","ACWI",2024-12-16,"USD",122.19999694824219,122.58000183105469,122.11000061035156,122.30999755859375,118.4970474243164,8437000
"ACWI","ACWI",2024-12-17,"USD",120.83999633789062,120.98999786376953,120.55000305175781,120.77999877929688,118.04356384277344,5852200
"ACWI","ACWI",2024-12-18,"USD",120.75,121.04000091552734,117.0199966430664,117.19000244140625,114.53490447998047,6811200
"ACWI","ACWI",2024-12-19,"USD",118.22000122070312,118.41999816894531,117.16000366210938,117.19999694824219,114.54466247558594,4804800
"ACWI","ACWI",2024-12-20,"USD",116.48999786376953,119.04000091552734,116.36000061035156,118.12000274658203,115.44383239746094,4712000
"ACWI","ACWI",2024-12-23,"USD",117.9000015258789,118.94999694824219,117.55000305175781,118.8499984741211,116.15727996826172,3194700
"ACWI","ACWI",2024-12-24,"USD",118.94999694824219,119.87000274658203,118.9000015258789,119.8499984741211,117.13462829589844,825400
"ACWI","ACWI",2024-12-26,"USD",119.5,120.19000244140625,119.41999816894531,119.94999694824219,117.23236083984375,1489200
"ACWI","ACWI",2024-12-27,"USD",119.4000015258789,119.41999816894531,118.36000061035156,119.04000091552734,116.34298706054688,3466700
"ACWI","ACWI",2024-12-30,"USD",117.91000366210938,118.41999816894531,117.2300033569336,117.81999969482422,115.15061950683594,2461700
"ACWI","ACWI",2024-12-31,"USD",118.2699966430664,118.37999725341797,117.27999877929688,117.5,114.83788299560547,5077300
"ACWI","ACWI",2025-01-02,"USD",118.01000213623047,118.36000061035156,116.63999938964844,117.2699966430664,114.61307525634766,4057000
"ACWI","ACWI",2025-01-03,"USD",117.80999755859375,118.63999938964844,117.56999969482422,118.48999786376953,115.8054428100586,2191900
"ACWI","ACWI",2025-01-06,"USD",119.52999877929688,120.0999984741211,119.02999877929688,119.30999755859375,116.60685729980469,3330900
"ACWI","ACWI",2025-01-07,"USD",119.81999969482422,119.9000015258789,117.80999755859375,118.16000366210938,115.48292541503906,15707400
"ACWI","ACWI",2025-01-08,"USD",117.80000305175781,118.37999725341797,117.43000030517578,118.16999816894531,115.4926986694336,2782700
"ACWI","ACWI",2025-01-10,"USD",117.44999694824219,117.44999694824219,116.04000091552734,116.37000274658203,113.73347473144531,4178300
"ACWI","ACWI",2025-01-13,"USD",115.27999877929688,116.37000274658203,115.05000305175781,116.3499984741211,113.71392822265625,2217500
"ACWI","ACWI",2025-01-14,"USD",117,117.05000305175781,116.01000213623047,116.68000030517578,114.03645324707031,1798300
"ACWI","ACWI",2025-01-15,"USD",118.37000274658203,118.81999969482422,118.05000305175781,118.58000183105469,115.8934097290039,2160000
"ACWI","ACWI",2025-01-16,"USD",118.87999725341797,118.98999786376953,118.38999938964844,118.58999633789062,115.9031753540039,4808300
"ACWI","ACWI",2025-01-17,"USD",119.43000030517578,119.87000274658203,119.25,119.5999984741211,116.89029693603516,1391100
"ACWI","ACWI",2025-01-21,"USD",120.4000015258789,120.97000122070312,120.06999969482422,120.95999908447266,118.21947479248047,2330400
"ACWI","ACWI",2025-01-22,"USD",121.69000244140625,121.69999694824219,121.30999755859375,121.4000015258789,118.6495132446289,2224100
"ACWI","ACWI",2025-01-23,"USD",121.29000091552734,122.06999969482422,121.2300033569336,122.06999969482422,119.30432891845703,2041900
"ACWI","ACWI",2025-01-24,"USD",122.30000305175781,122.4800033569336,121.87000274658203,122.05999755859375,119.2945556640625,1253100
"ACWI","ACWI",2025-01-27,"USD",119.77999877929688,120.73999786376953,119.77999877929688,120.5999984741211,117.86764526367188,5934800
"ACWI","ACWI",2025-01-28,"USD",120.69999694824219,121.55000305175781,120.25,121.4000015258789,118.6495132446289,1527600
"ACWI","ACWI",2025-01-29,"USD",121.23999786376953,121.4800033569336,120.58999633789062,121.04000091552734,118.29766845703125,1495600
"ACWI","ACWI",2025-01-30,"USD",121.66000366210938,122.41000366210938,121.41999816894531,121.97000122070312,119.20660400390625,2623100
"ACWI","ACWI",2025-01-31,"USD",122.3499984741211,122.79000091552734,121.0999984741211,121.19000244140625,118.44427490234375,2871000
"ACWI","ACWI",2025-02-03,"USD",119.37999725341797,120.68000030517578,118.91999816894531,120.20999908447266,117.4864730834961,3330800
"ACWI","ACWI",2025-02-04,"USD",120.55000305175781,121.44000244140625,120.47000122070312,121.30000305175781,118.55178833007812,2030500
"ACWI","ACWI",2025-02-05,"USD",121.43000030517578,121.94000244140625,120.94999694824219,121.88999938964844,119.12841033935547,2394500
"ACWI","ACWI",2025-02-06,"USD",122.27999877929688,122.33999633789062,121.72000122070312,122.30999755859375,119.53889465332031,1145200
"ACWI","ACWI",2025-02-07,"USD",122.56999969482422,122.76000213623047,121.2300033569336,121.33000183105469,118.58110046386719,2692700
"ACWI","ACWI",2025-02-10,"USD",122.16000366210938,122.31999969482422,121.80999755859375,122.30999755859375,119.53889465332031,1794500
"ACWI","ACWI",2025-02-11,"USD",121.94999694824219,122.48999786376953,121.76000213623047,122.33000183105469,119.55844116210938,2912800
"ACWI","ACWI",2025-02-12,"USD",121.43000030517578,122.48999786376953,121.1500015258789,122.22000122070312,119.45093536376953,1542000
"ACWI","ACWI",2025-02-13,"USD",122.70999908447266,123.63999938964844,122.2699966430664,123.63999938964844,120.8387680053711,1946800
"ACWI","ACWI",2025-02-14,"USD",124.0199966430664,124.0199966430664,123.52999877929688,123.62000274658203,120.81922149658203,1850600
"ACWI","ACWI",2025-02-18,"USD",123.8499984741211,124.1500015258789,123.66000366210938,124.12999725341797,121.31765747070312,1465600
"ACWI","ACWI",2025-02-19,"USD",123.69000244140625,124.05999755859375,123.5,123.9800033569336,121.17105865478516,1712200
"ACWI","ACWI",2025-02-20,"USD",123.9800033569336,124.05000305175781,123.19999694824219,123.80999755859375,121.00491333007812,1265200
"ACWI","ACWI",2025-02-21,"USD",123.88999938964844,123.88999938964844,121.95999908447266,122.12999725341797,119.36297607421875,1722500
"ACWI","ACWI",2025-02-24,"USD",122.4000015258789,122.55999755859375,121.30999755859375,121.4800033569336,118.72769927978516,3654200
"ACWI","ACWI",2025-02-25,"USD",122.0199966430664,122.04000091552734,120.5,121.29000091552734,118.54200744628906,3115400
"ACWI","ACWI",2025-02-26,"USD",121.91999816894531,122.4800033569336,121.08999633789062,121.5199966430664,118.76678466796875,1515300
"ACWI","ACWI",2025-02-27,"USD",121.68000030517578,121.80000305175781,119.61000061035156,119.66999816894531,116.95870971679688,2304900
"ACWI","ACWI",2025-02-28,"USD",119.44999694824219,120.9000015258789,118.9000015258789,120.83000183105469,118.0924301147461,3213100
"ACWI","ACWI",2025-03-03,"USD",121.80000305175781,121.95999908447266,118.80000305175781,119.55000305175781,116.8414306640625,2080500
"ACWI","ACWI",2025-03-04,"USD",118.87000274658203,120.20999908447266,117.38999938964844,118.68000030517578,115.99114227294922,2477100
"ACWI","ACWI",2025-03-05,"USD",119.29000091552734,120.8499984741211,118.77999877929688,120.55999755859375,117.82855224609375,3238500
"ACWI","ACWI",2025-03-06,"USD",119.36000061035156,120.19000244140625,118.27999877929688,118.69999694824219,116.01068115234375,2601800
"ACWI","ACWI",2025-03-07,"USD",118.56999969482422,119.69999694824219,117.61000061035156,119.5,116.79256439208984,3069400
"ACWI","ACWI",2025-03-10,"USD",117.62999725341797,118.02999877929688,115.4000015258789,116.41000366210938,113.77257537841797,3143300
"ACWI","ACWI",2025-03-11,"USD",116.20999908447266,116.91000366210938,114.93000030517578,115.80000305175781,113.1763916015625,3854200
"ACWI","ACWI",2025-03-12,"USD",116.80999755859375,117.06999969482422,115.45999908447266,116.48999786376953,113.85075378417969,6023800
"ACWI","ACWI",2025-03-13,"USD",116.05999755859375,116.3499984741211,114.83999633789062,115.16000366210938,112.55088806152344,3381500
"ACWI","ACWI",2025-03-14,"USD",116.13999938964844,117.62999725341797,116.12000274658203,117.44999694824219,114.78900909423828,1630700
"ACWI","ACWI",2025-03-17,"USD",117.62999725341797,119.05000305175781,117.55999755859375,118.62000274658203,115.93250274658203,1420900
"ACWI","ACWI",2025-03-18,"USD",118.19000244140625,118.3499984741211,117.30999755859375,117.7699966430664,115.10175323486328,2009500
"ACWI","ACWI",2025-03-19,"USD",117.95999908447266,119.44999694824219,117.69999694824219,118.7300033569336,116.04000854492188,5359100
"ACWI","ACWI",2025-03-20,"USD",117.62999725341797,118.86000061035156,117.54000091552734,118.2300033569336,115.55133819580078,2272500
"ACWI","ACWI",2025-03-21,"USD",117.18000030517578,118.12999725341797,117.0199966430664,117.9800033569336,115.30699920654297,1582900
"ACWI","ACWI",2025-03-24,"USD",119.06999969482422,119.70999908447266,118.9000015258789,119.70999908447266,116.997802734375,3691600
"ACWI","ACWI",2025-03-25,"USD",119.9000015258789,120.0199966430664,119.56999969482422,119.7699966430664,117.05644226074219,2414000
"ACWI","ACWI",2025-03-26,"USD",119.52999877929688,119.75,118.16000366210938,118.44999694824219,115.76634216308594,1724100
"ACWI","ACWI",2025-03-27,"USD",118.19000244140625,118.9000015258789,117.81999969482422,118.27999877929688,115.60020446777344,1785600
"ACWI","ACWI",2025-03-28,"USD",117.83000183105469,117.94999694824219,116.06999969482422,116.23999786376953,113.6064224243164,2029600
"ACWI","ACWI",2025-03-31,"USD",114.9800033569336,116.6500015258789,114.26000213623047,116.38999938964844,113.75302124023438,2622600
"ACWI","ACWI",2025-04-01,"USD",116.12999725341797,117.12000274658203,115.45999908447266,116.80000305175781,114.15373229980469,2637400
"ACWI","ACWI",2025-04-02,"USD",115.66999816894531,117.86000061035156,115.66000366210938,117.4000015258789,114.7401351928711,2394300
"ACWI","ACWI",2025-04-03,"USD",114.0999984741211,114.73999786376953,112.76000213623047,112.91000366210938,110.35187530517578,3714800
"ACWI","ACWI",2025-04-04,"USD",109.56999969482422,109.83000183105469,106,106,103.59841918945312,6192600
"ACWI","ACWI",2025-04-07,"USD",102.79000091552734,108.73999786376953,101.25,104.97000122070312,102.59175872802734,10798000
"ACWI","ACWI",2025-04-08,"USD",108.33000183105469,108.83000183105469,102.19000244140625,103.58999633789062,101.2430191040039,7824500
"ACWI","ACWI",2025-04-09,"USD",103.08999633789062,113.16999816894531,102.91999816894531,112.69999694824219,110.14662170410156,10941700
"ACWI","ACWI",2025-04-10,"USD",110.62000274658203,110.76000213623047,106.44000244140625,109.25,106.77479553222656,10438700
"ACWI","ACWI",2025-04-11,"USD",109.0199966430664,111.83999633789062,108.87000274658203,111.0999984741211,108.58287048339844,5281600
"ACWI","ACWI",2025-04-14,"USD",113.52999877929688,113.6500015258789,111.63999938964844,112.6500015258789,110.0977554321289,2556900
"ACWI","ACWI",2025-04-15,"USD",112.97000122070312,113.62000274658203,112.55000305175781,112.72000122070312,110.16616821289062,2828800
"ACWI","ACWI",2025-04-16,"USD",111.86000061035156,112.5199966430664,110.05000305175781,110.93000030517578,108.4167251586914,4677800
"ACWI","ACWI",2025-04-17,"USD",111.77999877929688,112.33000183105469,111,111.4000015258789,108.87608337402344,2470700
"ACWI","ACWI",2025-04-21,"USD",110.76000213623047,110.98999786376953,108.55000305175781,109.5999984741211,107.11685180664062,6984800
"ACWI","ACWI",2025-04-22,"USD",110.77999877929688,112.56999969482422,110.77999877929688,112.06999969482422,109.53089904785156,5349000
"ACWI","ACWI",2025-04-23,"USD",114.45999908447266,115.18000030517578,113.16999816894531,113.44000244140625,110.86986541748047,2144700
"ACWI","ACWI",2025-04-24,"USD",113.93000030517578,115.62000274658203,113.58000183105469,115.51000213623047,112.89295959472656,2877600
"ACWI","ACWI",2025-04-25,"USD",115.27999877929688,116.2300033569336,114.94999694824219,116.18000030517578,113.54777526855469,2710400
"ACWI","ACWI",2025-04-28,"USD",116.38999938964844,116.70999908447266,115.43000030517578,116.4000015258789,113.76280212402344,3091000
"ACWI","ACWI",2025-04-29,"USD",116.19000244140625,117.23999786376953,116,116.98999786376953,114.33943176269531,3759800
"ACWI","ACWI",2025-04-30,"USD",115.86000061035156,117.37999725341797,114.8499984741211,116.98999786376953,114.33943176269531,4055100
"ACWI","ACWI",2025-05-01,"USD",117.97000122070312,118.41999816894531,117.3499984741211,117.41999816894531,114.75968170166016,1376200
"ACWI","ACWI",2025-05-02,"USD",119,119.66000366210938,118.77999877929688,119.41000366210938,116.70460510253906,1844000
"ACWI","ACWI",2025-05-05,"USD",118.80000305175781,119.66999816894531,118.80000305175781,119.16999816894531,116.47003936767578,2752200
"ACWI","ACWI",2025-05-06,"USD",118.36000061035156,119.18000030517578,118,118.4800033569336,115.7956771850586,3736600
"ACWI","ACWI",2025-05-07,"USD",118.27999877929688,119,117.81999969482422,118.58000183105469,115.8934097290039,3436800
"ACWI","ACWI",2025-05-08,"USD",119.02999877929688,119.88999938964844,118.54000091552734,118.97000122070312,116.27456665039062,2864500
"ACWI","ACWI",2025-05-09,"USD",119.43000030517578,119.68000030517578,118.86000061035156,119.12999725341797,116.43094635009766,1836500
"ACWI","ACWI",2025-05-12,"USD",121.75,122.04000091552734,120.9800033569336,122.02999877929688,119.2652359008789,3858000
"ACWI","ACWI",2025-05-13,"USD",121.93000030517578,123.08000183105469,121.9000015258789,122.68000030517578,119.9005126953125,2243100
"ACWI","ACWI",2025-05-14,"USD",122.98999786376953,123.16999816894531,122.45999908447266,122.79000091552734,120.00802612304688,1840900
"ACWI","ACWI",2025-05-15,"USD",122.66000366210938,123.4800033569336,122.4800033569336,123.44999694824219,120.65306854248047,2173000
"ACWI","ACWI",2025-05-16,"USD",123.61000061035156,124.06999969482422,123.1500015258789,124.04000091552734,121.22969818115234,1662200
"ACWI","ACWI",2025-05-19,"USD",123.08000183105469,124.4800033569336,123,124.43000030517578,121.6108627319336,2018900
"ACWI","ACWI",2025-05-20,"USD",124.16000366210938,124.38999938964844,123.70999908447266,124.29000091552734,121.47403717041016,1078900
"ACWI","ACWI",2025-05-21,"USD",123.75,124.47000122070312,122.55999755859375,122.75,119.96893310546875,6068200
"ACWI","ACWI",2025-05-22,"USD",122.37000274658203,123.30999755859375,122.29000091552734,122.68000030517578,119.9005126953125,2633500
"ACWI","ACWI",2025-05-23,"USD",121.29000091552734,122.72000122070312,121.25,122.30000305175781,119.52912902832031,2805900
"ACWI","ACWI",2025-05-27,"USD",123.58999633789062,124.38999938964844,123.33000183105469,124.3499984741211,121.53267669677734,4211100
"ACWI","ACWI",2025-05-28,"USD",123.97000122070312,124.27999877929688,123.33999633789062,123.45999908447266,120.662841796875,2161800
"ACWI","ACWI",2025-05-29,"USD",124.54000091552734,124.54000091552734,123.23999786376953,123.91000366210938,121.10264587402344,5597500
"ACWI","ACWI",2025-05-30,"USD",123.79000091552734,123.9800033569336,122.55999755859375,123.6500015258789,120.84854125976562,8231700
"ACWI","ACWI",2025-06-02,"USD",123.66000366210938,124.58000183105469,123.06999969482422,124.56999969482422,121.74768829345703,2623000
"ACWI","ACWI",2025-06-03,"USD",124.19999694824219,125.05999755859375,124.08000183105469,124.8499984741211,122.02134704589844,1475700
"ACWI","ACWI",2025-06-04,"USD",125.06999969482422,125.54000091552734,125.04000091552734,125.16999816894531,122.33409881591797,2672900
"ACWI","ACWI",2025-06-05,"USD",125.70999908447266,125.80000305175781,124.45999908447266,124.80000305175781,121.97248077392578,3730000
"ACWI","ACWI",2025-06-06,"USD",125.69999694824219,126,125.37999725341797,125.76000213623047,122.91073608398438,1264300
"ACWI","ACWI",2025-06-09,"USD",125.79000091552734,126.26000213623047,125.66999816894531,125.91999816894531,123.06710815429688,1256000
"ACWI","ACWI",2025-06-10,"USD",126.08999633789062,126.58000183105469,125.81999969482422,126.5199966430664,123.65351104736328,2072900
"ACWI","ACWI",2025-06-11,"USD",126.86000061035156,126.98999786376953,126.0199966430664,126.3499984741211,123.48736572265625,2503800
"ACWI","ACWI",2025-06-12,"USD",126.12999725341797,126.9000015258789,126.12999725341797,126.8499984741211,123.97603607177734,1639300
"ACWI","ACWI",2025-06-13,"USD",125.55999755859375,126.26000213623047,125.06999969482422,125.38999938964844,122.54911041259766,3165900
"ACWI","ACWI",2025-06-16,"USD",125.33000183105469,126.04000091552734,125.27999877929688,125.5199966430664,123.62362670898438,3243100
"ACWI","ACWI",2025-06-17,"USD",124.88999938964844,125.13999938964844,124.05999755859375,124.25,122.37281799316406,2058600
"ACWI","ACWI",2025-06-18,"USD",124.45999908447266,124.95999908447266,124.05999755859375,124.29000091552734,122.41221618652344,4647800
"ACWI","ACWI",2025-06-20,"USD",124.58999633789062,124.76000213623047,123.56999969482422,123.73999786376953,121.87052154541016,2794800
"ACWI","ACWI",2025-06-23,"USD",123.51000213623047,124.91000366210938,123.19999694824219,124.8499984741211,122.96375274658203,6718500
"ACWI","ACWI",2025-06-24,"USD",125.94000244140625,126.66999816894531,125.73999786376953,126.5,124.58882141113281,6680100
"ACWI","ACWI",2025-06-25,"USD",126.5199966430664,126.54000091552734,126.08999633789062,126.41000366210938,124.50019073486328,2421400
"ACWI","ACWI",2025-06-26,"USD",126.9800033569336,127.55000305175781,126.80000305175781,127.47000122070312,125.5441665649414,3802200
"ACWI","ACWI",2025-06-27,"USD",127.7699966430664,128.44000244140625,127.36000061035156,128.0399932861328,126.10555267333984,3147800
"ACWI","ACWI",2025-06-30,"USD",128.41000366210938,128.80999755859375,128.08999633789062,128.60000610351562,126.6571044921875,4963400
"ACWI","ACWI",2025-07-01,"USD",128.19000244140625,128.7100067138672,128.08999633789062,128.52999877929688,126.5881576538086,3796500
"ACWI","ACWI",2025-07-02,"USD",128.4199981689453,129.05999755859375,128.19000244140625,129.0500030517578,127.10029602050781,2118900
"ACWI","ACWI",2025-07-03,"USD",129.3800048828125,129.9499969482422,129.25,129.7899932861328,127.82910919189453,1570200
"ACWI","ACWI",2025-07-07,"USD",129.27999877929688,129.3699951171875,128.19000244140625,128.66000366210938,126.71620178222656,2434800
"ACWI","ACWI",2025-07-08,"USD",128.80999755859375,129.13999938964844,128.60000610351562,128.8800048828125,126.93286895751953,1526800
"ACWI","ACWI",2025-07-09,"USD",129.38999938964844,129.6199951171875,128.97000122070312,129.5800018310547,127.6222915649414,1904300
"ACWI","ACWI",2025-07-10,"USD",129.42999267578125,130.00999450683594,129.25999450683594,129.85000610351562,127.88822174072266,1262000
"ACWI","ACWI",2025-07-11,"USD",129.08999633789062,129.41000366210938,128.9499969482422,129.1999969482422,127.24803161621094,879300
"ACWI","ACWI",2025-07-14,"USD",129.10000610351562,129.47999572753906,128.88999938964844,129.3800048828125,127.42532348632812,3144900
"ACWI","ACWI",2025-07-15,"USD",129.97999572753906,130.0399932861328,128.8300018310547,128.83999633789062,126.89346313476562,1498800
"ACWI","ACWI",2025-07-16,"USD",128.94000244140625,129.39999389648438,128.24000549316406,129.33999633789062,127.38591766357422,3145200
"ACWI","ACWI",2025-07-17,"USD",129.25999450683594,129.9499969482422,129.1999969482422,129.86000061035156,127.8980712890625,7461500
"ACWI","ACWI",2025-07-18,"USD",130.3300018310547,130.3699951171875,129.63999938964844,129.75999450683594,127.79956817626953,1766400
"ACWI","ACWI",2025-07-21,"USD",130.22999572753906,130.75,130.0399932861328,130.1300048828125,128.1639862060547,2426000
"ACWI","ACWI",2025-07-22,"USD",130.32000732421875,130.4600067138672,129.64999389648438,130.35000610351562,128.3806610107422,1964900
"ACWI","ACWI",2025-07-23,"USD",131.25999450683594,131.91000366210938,130.91000366210938,131.89999389648438,129.90724182128906,3900200
"ACWI","ACWI",2025-07-24,"USD",131.8000030517578,131.9499969482422,131.60000610351562,131.6300048828125,129.64132690429688,1664300
"ACWI","ACWI",2025-07-25,"USD",131.42999267578125,131.9600067138672,131.35000610351562,131.8800048828125,129.88754272460938,1487900
"ACWI","ACWI",2025-07-28,"USD",131.6199951171875,131.6300048828125,131.0399932861328,131.2899932861328,129.30645751953125,1965300
"ACWI","ACWI",2025-07-29,"USD",131.4499969482422,131.57000732421875,130.8800048828125,131.0500030517578,129.07008361816406,2139600
"ACWI","ACWI",2025-07-30,"USD",131.02999877929688,131.33999633789062,130.10000610351562,130.61000061035156,128.63671875,4468000
"ACWI","ACWI",2025-07-31,"USD",131.08999633789062,131.2100067138672,129.74000549316406,129.9600067138672,127.99655151367188,5994500
"ACWI","ACWI",2025-08-01,"USD",129.1300048828125,129.1300048828125,127.7699966430664,128.32000732421875,126.38133239746094,8378900
"ACWI","ACWI",2025-08-04,"USD",129.2100067138672,130.19000244140625,129.2100067138672,130.1699981689453,128.20338439941406,5921700
"ACWI","ACWI",2025-08-05,"USD",130.39999389648438,130.5800018310547,129.5399932861328,129.80999755859375,127.84881591796875,2230900
"ACWI","ACWI",2025-08-06,"USD",130.1999969482422,130.91000366210938,129.99000549316406,130.77999877929688,128.8041534423828,2940400
"ACWI","ACWI",2025-08-07,"USD",131.6999969482422,131.8300018310547,130.4600067138672,131.08999633789062,129.10946655273438,2779500
"ACWI","ACWI",2025-08-08,"USD",131.41000366210938,131.97000122070312,131.30999755859375,131.86000061035156,129.86785888671875,2377500
"ACWI","ACWI",2025-08-11,"USD",131.8000030517578,132.02999877929688,131.3000030517578,131.50999450683594,129.52313232421875,3282500
"ACWI","ACWI",2025-08-12,"USD",132.05999755859375,132.99000549316406,131.85000610351562,132.9499969482422,130.94137573242188,2548200
"ACWI","ACWI",2025-08-13,"USD",133.4600067138672,133.74000549316406,129.82000732421875,133.55999755859375,131.5421600341797,2269500
"ACWI","ACWI",2025-08-14,"USD",133.1300048828125,133.47000122070312,132.88999938964844,133.35000610351562,131.33534240722656,2425700
"ACWI","ACWI",2025-08-15,"USD",133.6699981689453,133.69000244140625,133.16000366210938,133.3800048828125,131.36489868164062,1600100
"ACWI","ACWI",2025-08-18,"USD",133.1999969482422,133.44000244140625,133.08999633789062,133.41000366210938,131.39443969726562,4721000
"ACWI","ACWI",2025-08-19,"USD",133.42999267578125,133.55999755859375,132.52999877929688,132.6999969482422,130.6951446533203,3362800
"ACWI","ACWI",2025-08-20,"USD",132.6699981689453,132.80999755859375,131.72999572753906,132.5500030517578,130.54742431640625,5557200
"ACWI","ACWI",2025-08-21,"USD",132.02999877929688,132.47999572753906,131.75999450683594,132.0399932861328,130.0451202392578,3152500
"ACWI","ACWI",2025-08-22,"USD",132.4600067138672,134.38999938964844,132.4600067138672,134.22000122070312,132.1921844482422,3234000
"ACWI","ACWI",2025-08-25,"USD",133.94000244140625,134.00999450683594,133.32000732421875,133.35000610351562,131.33534240722656,2025400
"ACWI","ACWI",2025-08-26,"USD",133.07000732421875,133.7100067138672,133.07000732421875,133.6300048828125,131.61111450195312,2083100
"ACWI","ACWI",2025-08-27,"USD",133.25,133.8000030517578,133.22000122070312,133.67999267578125,131.66033935546875,1565400
"ACWI","ACWI",2025-08-28,"USD",134.0399932861328,134.27999877929688,133.6199951171875,134.22000122070312,132.1921844482422,2764300
"ACWI","ACWI",2025-08-29,"USD",133.86000061035156,133.88999938964844,133.1199951171875,133.44000244140625,131.42398071289062,2163200
"ACWI","ACWI",2025-09-02,"USD",131.92999267578125,132.5399932861328,131.52000427246094,132.5,130.49818420410156,3197200
"ACWI","ACWI",2025-09-03,"USD",133,133.14999389648438,132.5,133.05999755859375,131.04971313476562,2546400
"ACWI","ACWI",2025-09-04,"USD",133,133.99000549316406,132.94000244140625,133.9499969482422,131.92625427246094,2397900
"ACWI","ACWI",2025-09-05,"USD",134.75999450683594,134.97000122070312,133.3000030517578,134.07000732421875,132.04446411132812,3009900
"ACWI","ACWI",2025-09-08,"USD",134.6199951171875,134.7899932861328,134.32000732421875,134.72000122070312,132.6846466064453,1909200
"ACWI","ACWI",2025-09-09,"USD",134.5500030517578,135,134.3800048828125,134.9199981689453,132.88160705566406,2261000
"ACWI","ACWI",2025-09-10,"USD",135.36000061035156,135.74000549316406,134.97000122070312,135.22000122070312,133.1770782470703,1989200
"ACWI","ACWI",2025-09-11,"USD",135.82000732421875,136.6199951171875,135.67999267578125,136.5500030517578,134.48699951171875,2543600
"ACWI","ACWI",2025-09-12,"USD",136.3000030517578,136.69000244140625,134.99000549316406,136.35000610351562,134.29000854492188,2009600
"ACWI","ACWI",2025-09-15,"USD",137.10000610351562,137.24000549316406,136.8300018310547,137.24000549316406,135.1665802001953,4916300
"ACWI","ACWI",2025-09-16,"USD",137.39999389648438,137.4199981689453,136.82000732421875,137.10000610351562,135.0286865234375,1915900
"ACWI","ACWI",2025-09-17,"USD",137.2100067138672,137.61000061035156,136.0800018310547,136.97000122070312,134.90065002441406,3275000
"ACWI","ACWI",2025-09-18,"USD",137.27999877929688,137.86000061035156,136.97000122070312,137.5399932861328,135.46202087402344,2778100
"ACWI","ACWI",2025-09-19,"USD",137.5500030517578,138.42999267578125,137.2899932861328,137.75999450683594,135.6787109375,1461600
"ACWI","ACWI",2025-09-22,"USD",137.67999267578125,138.50999450683594,137.57000732421875,138.41000366210938,136.3188934326172,2233900
"ACWI","ACWI",2025-09-23,"USD",138.61000061035156,138.6699981689453,137.36000061035156,137.88999938964844,135.80674743652344,1646100
"ACWI","ACWI",2025-09-24,"USD",137.85000610351562,137.97000122070312,137.05999755859375,137.3000030517578,135.2256622314453,3344000
"ACWI","ACWI",2025-09-25,"USD",136.61000061035156,136.85000610351562,135.94000244140625,136.6199951171875,134.55592346191406,4678400
"ACWI","ACWI",2025-09-26,"USD",136.89999389648438,137.35000610351562,136.60000610351562,137.33999633789062,135.26504516601562,2429600
"ACWI","ACWI",2025-09-29,"USD",138.02999877929688,139.17999267578125,137.5800018310547,137.67999267578125,135.59991455078125,2861500
"ACWI","ACWI",2025-09-30,"USD",137.75999450683594,139.2899932861328,137.52000427246094,138.24000549316406,136.15147399902344,6330300
"ACWI","ACWI",2025-10-01,"USD",138.11000061035156,139.10000610351562,138.10000610351562,138.94000244140625,136.8408966064453,2748900
"ACWI","ACWI",2025-10-02,"USD",139.39999389648438,139.57000732421875,138.63999938964844,139.25999450683594,137.15603637695312,2031400
"ACWI","ACWI",2025-10-03,"USD",139.5399932861328,140.0399932861328,139.22000122070312,139.5,137.39242553710938,2133200
"ACWI","ACWI",2025-10-06,"USD",140.0399932861328,140.24000549316406,139.6699981689453,140.0500030517578,137.93411254882812,3492300
"ACWI","ACWI",2025-10-07,"USD",140.22999572753906,140.22999572753906,137.88999938964844,139.2100067138672,137.10679626464844,1473400
"ACWI","ACWI",2025-10-08,"USD",139.5,140.0500030517578,139.39999389648438,140.02999877929688,137.91439819335938,2837100
"ACWI","ACWI",2025-10-09,"USD",139.97999572753906,140.17999267578125,139.00999450683594,139.35000610351562,137.24468994140625,2724000
"ACWI","ACWI",2025-10-10,"USD",139.35000610351562,139.66000366210938,135.6999969482422,135.7100067138672,133.65968322753906,2873300
"ACWI","ACWI",2025-10-13,"USD",137.22999572753906,138.10000610351562,137.13999938964844,137.82000732421875,135.73780822753906,1550300
"ACWI","ACWI",2025-10-14,"USD",136.5,138.38999938964844,135.99000549316406,137.67999267578125,135.59991455078125,3189600
"ACWI","ACWI",2025-10-15,"USD",138.8300018310547,139.3699951171875,137.44000244140625,138.55999755859375,136.46661376953125,4040800
"ACWI","ACWI",2025-10-16,"USD",139.1300048828125,139.44000244140625,137.47999572753906,138.0800018310547,135.99386596679688,6639600
"ACWI","ACWI",2025-10-17,"USD",137.67999267578125,138.82000732421875,137.47999572753906,138.6300048828125,136.5355682373047,3000200
"ACWI","ACWI",2025-10-20,"USD",139.41000366210938,140.38999938964844,139.2899932861328,140.02000427246094,137.90457153320312,1959800
"ACWI","ACWI",2025-10-21,"USD",139.6300048828125,140.02999877929688,138.41000366210938,139.61000061035156,137.50076293945312,1417400
"ACWI","ACWI",2025-10-22,"USD",139.82000732421875,139.8300018310547,138.2899932861328,139.05999755859375,136.95907592773438,1787400
"ACWI","ACWI",2025-10-23,"USD",139.41000366210938,140.19000244140625,139.17999267578125,139.9499969482422,137.8356170654297,2042500
"ACWI","ACWI",2025-10-24,"USD",140.67999267578125,141.6300048828125,140.63999938964844,140.86000061035156,138.73187255859375,3129500
"ACWI","ACWI",2025-10-27,"USD",141.8300018310547,142.4199981689453,141.8300018310547,142.33999633789062,140.1894989013672,2008600
"ACWI","ACWI",2025-10-28,"USD",142.3699951171875,142.89999389648438,142.1999969482422,142.5500030517578,140.39633178710938,2245000
"ACWI","ACWI",2025-10-29,"USD",143,143.0500030517578,141.6300048828125,142.55999755859375,140.40618896484375,4621100
"ACWI","ACWI",2025-10-30,"USD",141.52000427246094,142.11000061035156,141.1699981689453,141.1699981689453,139.0371856689453,4218600
"ACWI","ACWI",2025-10-31,"USD",141.61000061035156,141.88999938964844,140.82000732421875,141.41000366210938,139.27357482910156,3685900
"ACWI","ACWI",2025-11-03,"USD",142.1199951171875,142.1199951171875,141.02000427246094,141.72000122070312,139.57888793945312,3650500
"ACWI","ACWI",2025-11-04,"USD",140.05999755859375,140.85000610351562,139.75999450683594,139.91000366210938,137.7962188720703,3652000
"ACWI","ACWI",2025-11-05,"USD",139.82000732421875,141.07000732421875,139.7899932861328,140.55999755859375,138.4364013671875,2888000
"ACWI","ACWI",2025-11-06,"USD",140.38999938964844,140.58999633789062,139,139.33999633789062,137.23483276367188,4713000
"ACWI","ACWI",2025-11-07,"USD",138.89999389648438,139.57000732421875,137.6300048828125,139.5399932861328,137.4318084716797,5357700
"ACWI","ACWI",2025-11-10,"USD",140.6699981689453,141.72999572753906,140.39999389648438,141.5800018310547,139.4409942626953,2521400
"ACWI","ACWI",2025-11-11,"USD",141.3699951171875,142.17999267578125,141.33999633789062,142.0500030517578,139.90390014648438,1579100
"ACWI","ACWI",2025-11-12,"USD",142.3699951171875,142.47999572753906,141.9499969482422,142.3300018310547,140.17967224121094,3119200
"ACWI","ACWI",2025-11-13,"USD",141.72000122070312,141.9199981689453,139.8800048828125,140.14999389648438,138.0325927734375,3793400
"ACWI","ACWI",2025-11-14,"USD",138.8300018310547,140.75,138.47999572753906,140.0800018310547,137.96365356445312,4763800
"ACWI","ACWI",2025-11-17,"USD",139.3800048828125,140.1199951171875,137.72999572753906,138.5800018310547,136.486328125,4779900
"ACWI","ACWI",2025-11-18,"USD",137.60000610351562,138.57000732421875,136.5,137.38999938964844,135.31430053710938,5636400
"ACWI","ACWI",2025-11-19,"USD",137.38999938964844,138.77000427246094,136.85000610351562,137.5800018310547,135.50143432617188,3049000
"ACWI","ACWI",2025-11-20,"USD",139.49000549316406,139.75999450683594,135.44000244140625,135.5,133.45285034179688,6041300
"ACWI","ACWI",2025-11-21,"USD",136,137.7899932861328,135.22999572753906,136.83999633789062,134.77259826660156,7666300
"ACWI","ACWI",2025-11-24,"USD",137.44000244140625,138.61000061035156,137.13999938964844,138.36000061035156,136.26963806152344,3684600
"ACWI","ACWI",2025-11-25,"USD",138.60000610351562,139.77000427246094,137.72999572753906,139.6199951171875,137.51060485839844,4441000
"ACWI","ACWI",2025-11-26,"USD",140.14999389648438,141.10000610351562,140.10000610351562,140.77000427246094,138.6432342529297,2508000
"ACWI","ACWI",2025-11-28,"USD",140.9199981689453,141.52999877929688,140.85000610351562,141.47000122070312,139.33265686035156,2465800
"ACWI","ACWI",2025-12-01,"USD",140.5500030517578,141.3800048828125,140.5500030517578,140.83999633789062,138.71217346191406,3559800
"ACWI","ACWI",2025-12-02,"USD",141.25999450683594,141.44000244140625,140.64999389648438,141.14999389648438,139.01748657226562,3396100
"ACWI","ACWI",2025-12-03,"USD",141.08999633789062,141.80999755859375,140.85000610351562,141.67999267578125,139.5394744873047,3339500
"ACWI","ACWI",2025-12-04,"USD",142.02000427246094,142.0800018310547,141.39999389648438,141.97000122070312,139.82510375976562,3013600
"ACWI","ACWI",2025-12-05,"USD",142.32000732421875,142.77999877929688,141.9600067138672,142.10000610351562,139.95315551757812,9197200
"ACWI","ACWI",2025-12-08,"USD",142.32000732421875,142.32000732421875,141.38999938964844,141.75999450683594,139.61827087402344,1880300
"ACWI","ACWI",2025-12-09,"USD",141.72999572753906,142.07000732421875,141.5399932861328,141.64999389648438,139.5099334716797,2184300
"ACWI","ACWI",2025-12-10,"USD",141.60000610351562,143.07000732421875,141.4600067138672,142.8000030517578,140.642578125,3293500
"ACWI","ACWI",2025-12-11,"USD",142.4199981689453,143.22999572753906,141.9600067138672,143.17999267578125,141.01681518554688,3394900
"ACWI","ACWI",2025-12-12,"USD",143.13999938964844,143.24000549316406,141.27000427246094,141.77000427246094,139.6281280517578,9587300
"ACWI","ACWI",2025-12-15,"USD",142.58999633789062,142.75,141.5399932861328,141.8000030517578,139.65768432617188,2818900
"ACWI","ACWI",2025-12-16,"USD",140.02000427246094,140.5,139.3300018310547,139.99000549316406,139.0863800048828,2664000
"ACWI","ACWI",2025-12-17,"USD",140.07000732421875,140.24000549316406,138.50999450683594,138.55999755859375,137.6656036376953,3601000
"ACWI","ACWI",2025-12-18,"USD",139.9499969482422,140.52999877929688,139.44000244140625,139.7100067138672,138.80819702148438,4226900
"ACWI","ACWI",2025-12-19,"USD",140.3300018310547,141.13999938964844,140.1999969482422,140.91000366210938,140.0004425048828,2607100
"ACWI","ACWI",2025-12-22,"USD",141.25999450683594,141.85000610351562,141.25999450683594,141.74000549316406,140.82508850097656,3352800
"ACWI","ACWI",2025-12-23,"USD",141.77000427246094,142.49000549316406,141.6699981689453,142.4600067138672,141.5404510498047,2152300
"ACWI","ACWI",2025-12-24,"USD",142.5,142.86000061035156,142.36000061035156,142.7100067138672,141.78883361816406,1780800
"ACWI","ACWI",2025-12-26,"USD",142.8000030517578,143.0399932861328,142.67999267578125,142.89999389648438,141.9775848388672,2068500
"ACWI","ACWI",2025-12-29,"USD",142.25,142.6699981689453,142.0500030517578,142.41000366210938,141.4907684326172,2902500
"ACWI","ACWI",2025-12-30,"USD",142.49000549316406,142.75,142.3300018310547,142.41000366210938,141.4907684326172,2691400
"ACWI","ACWI",2025-12-31,"USD",142.5500030517578,142.89999389648438,141.47999572753906,141.49000549316406,140.5767059326172,4232700
"ACWI","ACWI",2026-01-02,"USD",142.77000427246094,142.9499969482422,141.49000549316406,142.49000549316406,141.57025146484375,5218800
"ACWI","ACWI",2026-01-05,"USD",143.08999633789062,144.6999969482422,142.99000549316406,143.67999267578125,142.75254821777344,7924000
"ACWI","ACWI",2026-01-06,"USD",143.8300018310547,144.47000122070312,143.80999755859375,144.35000610351562,143.41824340820312,3321300
"ACWI","ACWI",2026-01-07,"USD",144.22999572753906,144.49000549316406,143.72999572753906,143.80999755859375,142.8817138671875,2909500
"ACWI","ACWI",2026-01-08,"USD",143.61000061035156,143.91000366210938,143.30999755859375,143.77000427246094,142.84197998046875,7426100
"ACWI","ACWI",2026-01-09,"USD",144.08999633789062,144.97000122070312,143.8699951171875,144.75,143.81565856933594,2359000
"ACWI","ACWI",2026-01-12,"USD",144.6300048828125,145.47999572753906,144.42999267578125,145.3800048828125,144.44158935546875,2887000
"ACWI","ACWI",2026-01-13,"USD",145.30999755859375,145.39999389648438,144.52999877929688,144.88999938964844,143.9547576904297,4752400
"ACWI","ACWI",2026-01-14,"USD",144.72000122070312,144.7899932861328,143.9499969482422,144.7100067138672,143.7759246826172,3001800
"ACWI","ACWI",2026-01-15,"USD",145.47000122070312,145.6300048828125,144.8800048828125,145,144.0640411376953,3457900
"ACWI","ACWI",2026-01-16,"USD",145.25999450683594,145.3000030517578,144.52000427246094,145,144.0640411376953,2625100
"ACWI","ACWI",2026-01-20,"USD",142.83999633789062,143.66000366210938,142.2100067138672,142.36000061035156,141.4410858154297,4322400
"ACWI","ACWI",2026-01-21,"USD",142.8800048828125,144.6300048828125,142.57000732421875,144.00999450683594,143.08042907714844,5535100
"ACWI","ACWI",2026-01-22,"USD",144.9499969482422,145.1699981689453,144.3800048828125,144.80999755859375,143.87525939941406,2681400
"ACWI","ACWI",2026-01-23,"USD",144.6300048828125,145.25,144.3800048828125,145.16000366210938,144.22300720214844,3350300
"ACWI","ACWI",2026-01-26,"USD",145.32000732421875,146.1300048828125,145.32000732421875,145.72000122070312,144.77938842773438,3018900
"ACWI","ACWI",2026-01-27,"USD",146.4499969482422,147.16000366210938,146.44000244140625,147.05999755859375,146.11074829101562,3690800
"ACWI","ACWI",2026-01-28,"USD",147.25,147.30999755859375,146.38999938964844,146.83999633789062,145.8921661376953,4428900
"ACWI","ACWI",2026-01-29,"USD",147.38999938964844,147.42999267578125,144.85000610351562,146.6999969482422,145.75306701660156,4339000
"ACWI","ACWI",2026-01-30,"USD",146.11000061035156,146.42999267578125,144.72000122070312,145.5,144.56082153320312,6876200
"ACWI","ACWI",2026-02-02,"USD",145.1300048828125,146.57000732421875,145.0500030517578,146.30999755859375,145.36558532714844,4847400
"ACWI","ACWI",2026-02-03,"USD",146.47999572753906,146.63999938964844,144.36000061035156,145.5399932861328,144.60055541992188,4628000
"ACWI","ACWI",2026-02-04,"USD",146.14999389648438,146.25,144.1699981689453,144.99000549316406,144.05410766601562,6793500
"ACWI","ACWI",2026-02-05,"USD",143.80999755859375,144.5399932861328,142.9199981689453,143.2100067138672,142.2855987548828,4062200
"ACWI","ACWI",2026-02-06,"USD",144.4600067138672,146.47000122070312,144.4199981689453,146.27999877929688,145.33578491210938,4312200
"ACWI","ACWI",2026-02-09,"USD",146.27999877929688,147.67999267578125,146.0399932861328,147.41000366210938,146.45849609375,3577700
"ACWI","ACWI",2026-02-10,"USD",147.82000732421875,148.00999450683594,147.24000549316406,147.30999755859375,146.359130859375,6799600
"ACWI","ACWI",2026-02-11,"USD",148.25,148.41000366210938,146.8800048828125,147.7100067138672,146.75656127929688,7414900
"ACWI","ACWI",2026-02-12,"USD",148.3000030517578,148.3699951171875,145.52999877929688,145.64999389648438,144.7098388671875,10575900
"ACWI","ACWI",2026-02-13,"USD",145.61000061035156,146.61000061035156,144.77000427246094,145.94000244140625,144.9979705810547,11700300
"ACWI","ACWI",2026-02-17,"USD",145.27999877929688,146.36000061035156,144.38999938964844,146,145.05758666992188,6739500
"ACWI","ACWI",2026-02-18,"USD",146.33999633789062,147.2899932861328,146.0500030517578,146.6300048828125,145.6835174560547,4213700
"ACWI","ACWI",2026-02-19,"USD",145.8000030517578,146.39999389648438,145.63999938964844,146.33999633789062,145.3953857421875,4351100
"ACWI","ACWI",2026-02-20,"USD",146,147.6699981689453,145.8699951171875,147.6300048828125,146.67706298828125,9126700
"ACWI","ACWI",2026-02-23,"USD",147.0800018310547,147.72999572753906,145.83999633789062,146.25999450683594,145.31590270996094,7129000
"ACWI","ACWI",2026-02-24,"USD",146.2899932861328,147.5399932861328,145.9199981689453,147.3300018310547,146.37899780273438,4873400
"ACWI","ACWI",2026-02-25,"USD",148.1699981689453,148.75,147.97000122070312,148.64999389648438,147.6904754638672,4710400
"ACWI","ACWI",2026-02-26,"USD",148.47999572753906,148.60000610351562,146.88999938964844,147.9499969482422,146.9949951171875,5766700
"ACWI","ACWI",2026-02-27,"USD",147.00999450683594,147.6199951171875,146.69000244140625,147.3800048828125,146.42868041992188,7754000
"ACWI","ACWI",2026-03-02,"USD",145.13999938964844,147.05999755859375,144.9600067138672,146.5500030517578,145.60403442382812,8736500
"ACWI","ACWI",2026-03-03,"USD",142.2899932861328,144.27999877929688,140.99000549316406,143.67999267578125,142.75254821777344,17311900
"ACWI","ACWI",2026-03-04,"USD",144.07000732421875,145.35000610351562,143.67999267578125,145,144.0640411376953,7875000
"ACWI","ACWI",2026-03-05,"USD",143.64999389648438,144.52999877929688,142.07000732421875,143.32000732421875,142.3948974609375,13123200
"ACWI","ACWI",2026-03-06,"USD",141.24000549316406,142.44000244140625,140.63999938964844,141.67999267578125,140.7654571533203,9653400
"ACWI","ACWI",2026-03-09,"USD",140.3300018310547,143.49000549316406,139.25,143.0500030517578,142.1266326904297,9087300
"ACWI","ACWI",2026-03-10,"USD",143.39999389648438,144.80999755859375,142.6300048828125,143.0500030517578,142.1266326904297,8145900
"ACWI","ACWI",2026-03-11,"USD",142.86000061035156,143.64999389648438,142.19000244140625,142.94000244140625,142.017333984375,5533900
"ACWI","ACWI",2026-03-12,"USD",141.7899932861328,141.7899932861328,140.41000366210938,140.4499969482422,139.5434112548828,14277100
"ACWI","ACWI",2026-03-13,"USD",141.1300048828125,141.83999633789062,139.3000030517578,139.5399932861328,138.6392822265625,5931900
"ACWI","ACWI",2026-03-16,"USD",141.05999755859375,142.07000732421875,140.88999938964844,141.47999572753906,140.56675720214844,3359400
"ACWI","ACWI",2026-03-17,"USD",142.55999755859375,142.69000244140625,141.75999450683594,141.8800048828125,140.9641876220703,3908000
"ACWI","ACWI",2026-03-18,"USD",141.25,141.55999755859375,139.67999267578125,139.7100067138672,138.80819702148438,3895500
"ACWI","ACWI",2026-03-19,"USD",138.16000366210938,140.0399932861328,137.9199981689453,139.3800048828125,138.48031616210938,5816000
"ACWI","ACWI",2026-03-20,"USD",138.8000030517578,139.02999877929688,135.85000610351562,136.5399932861328,135.6586456298828,4892800
"ACWI","ACWI",2026-03-23,"USD",138.72000122070312,140.27999877929688,138.10000610351562,138.80999755859375,137.91400146484375,7483100
"ACWI","ACWI",2026-03-24,"USD",137.47000122070312,138.86000061035156,137.17999267578125,138.0399932861328,137.14895629882812,6268600
"ACWI","ACWI",2026-03-25,"USD",139.47000122070312,140.02999877929688,138.67999267578125,139.33999633789062,138.44056701660156,4464700
"ACWI","ACWI",2026-03-26,"USD",137.88999938964844,138.6699981689453,136.30999755859375,136.3800048828125,135.49969482421875,6633100
"ACWI","ACWI",2026-03-27,"USD",135.99000549316406,136.1199951171875,134.25999450683594,134.5500030517578,133.68150329589844,3699300
"ACWI","ACWI",2026-03-30,"USD",135.75999450683594,135.8699951171875,133.64999389648438,134.19000244140625,133.32382202148438,4458600
"ACWI","ACWI",2026-03-31,"USD",135.72999572753906,138.52000427246094,135.4499969482422,138.3699951171875,137.47683715820312,9946300
"ACWI","ACWI",2026-04-01,"USD",139.5399932861328,140.49000549316406,139.24000549316406,139.6699981689453,138.76844787597656,7240300
"ACWI","ACWI",2026-04-02,"USD",137.30999755859375,139.97000122070312,137.07000732421875,139.44000244140625,138.53993225097656,3515800
"ACWI","ACWI",2026-04-06,"USD",139.72000122070312,140.39999389648438,139.52000427246094,140.14999389648438,139.24534606933594,2980600
"ACWI","ACWI",2026-04-07,"USD",139.63999938964844,140.27999877929688,138.35000610351562,140.1999969482422,139.29502868652344,3498400
"ACWI","ACWI",2026-04-08,"USD",145.0800018310547,145.42999267578125,143.72999572753906,144.6199951171875,143.68649291992188,3983600
"ACWI","ACWI",2026-04-09,"USD",144.1699981689453,145.38999938964844,143.6699981689453,145.07000732421875,144.1335906982422,1766300
"ACWI","ACWI",2026-04-10,"USD",145.4199981689453,145.69000244140625,144.80999755859375,145.0399932861328,144.10377502441406,3870300
"ACWI","ACWI",2026-04-13,"USD",144.3300018310547,146.44000244140625,144.25,146.41000366210938,145.46495056152344,8912500
"ACWI","ACWI",2026-04-14,"USD",146.83999633789062,148.19000244140625,146.83999633789062,148.11000061035156,147.15396118164062,1635600
"ACWI","ACWI",2026-04-15,"USD",148,148.86000061035156,147.88999938964844,148.8000030517578,147.8395233154297,2763500
"ACWI","ACWI",2026-04-16,"USD",149.07000732421875,149.33999633789062,148.4499969482422,148.89999389648438,147.93885803222656,4669300
"ACWI","ACWI",2026-04-17,"USD",150.38999938964844,151.4199981689453,150.2100067138672,150.89999389648438,149.9259490966797,3021500
"ACWI","ACWI",2026-04-20,"USD",150.2899932861328,150.60000610351562,149.75999450683594,150.41000366210938,149.43911743164062,3310000
"ACWI","ACWI",2026-04-21,"USD",150.36000061035156,150.64999389648438,148.52999877929688,148.74000549316406,147.7799072265625,3359400
"ACWI","ACWI",2026-04-22,"USD",149.86000061035156,151.47000122070312,149.66000366210938,150.1699981689453,149.20066833496094,2079600
"ACWI","ACWI",2026-04-23,"USD",149.7100067138672,150.27000427246094,147.8800048828125,149.25,148.28660583496094,6046500
"ACWI","ACWI",2026-04-24,"USD",149.8000030517578,150.85000610351562,149.5500030517578,150.49000549316406,149.51861572265625,4702700
"ACWI","ACWI",2026-04-27,"USD",150.4199981689453,150.69000244140625,150.0800018310547,150.50999450683594,149.53846740722656,2850000
"ACWI","ACWI",2026-04-28,"USD",149.6999969482422,149.9499969482422,149.05999755859375,149.6199951171875,148.6542205810547,3572700
"ACWI","ACWI",2026-04-29,"USD",149.5399932861328,149.5399932861328,148.4600067138672,149.13999938964844,148.1773223876953,3350300
"ACWI","ACWI",2026-04-30,"USD",150.22000122070312,151.6699981689453,149.5800018310547,151.5399932861328,150.5618133544922,5417200
"ACWI","ACWI",2026-05-01,"USD",151.6999969482422,152.5800018310547,151.25999450683594,151.66000366210938,150.68106079101562,2440000
"ACWI","ACWI",2026-05-04,"USD",151.33999633789062,151.8699951171875,150.17999267578125,150.6999969482422,149.7272491455078,5229500
"ACWI","ACWI",2026-05-05,"USD",151.86000061035156,152.60000610351562,151.6999969482422,152.35000610351562,151.36660766601562,4058900
"ACWI","ACWI",2026-05-06,"USD",154.2899932861328,155.47000122070312,154.1199951171875,155.39999389648438,154.39691162109375,3434200
"ACWI","ACWI",2026-05-07,"USD",155.47000122070312,155.61000061035156,153.69000244140625,153.92999267578125,152.93638610839844,5164000
"ACWI","ACWI",2026-05-08,"USD",154.9199981689453,155.47000122070312,154.91000366210938,155.3800048828125,154.37704467773438,1953100
"ACWI","ACWI",2026-05-11,"USD",155.24000549316406,155.8300018310547,155.1999969482422,155.52999877929688,154.5260772705078,2474900
"ACWI","ACWI",2026-05-12,"USD",154.5800018310547,154.82000732421875,153.33999633789062,154.64999389648438,153.65174865722656,3420900
"ACWI","ACWI",2026-05-13,"USD",154.67999267578125,156.0800018310547,154.42999267578125,155.8800048828125,154.87380981445312,2295600
"ACWI","ACWI",2026-05-14,"USD",155.99000549316406,156.97999572753906,155.89999389648438,156.64999389648438,155.6388397216797,3028700
"ACWI","ACWI",2026-05-15,"USD",154.74000549316406,154.89999389648438,153.77999877929688,154.0800018310547,153.08543395996094,2253700
"ACWI","ACWI",2026-05-18,"USD",154.92999267578125,154.97000122070312,153.22000122070312,154.35000610351562,153.35369873046875,2684900
"ACWI","ACWI",2026-05-19,"USD",153.25,154.1699981689453,152.6699981689453,153.14999389648438,152.1614227294922,4022900
"ACWI","ACWI",2026-05-20,"USD",153.8699951171875,155.3699951171875,153.36000061035156,155.10000610351562,154.09884643554688,5289400
"ACWI","ACWI",2026-05-21,"USD",154.42999267578125,156.1999969482422,154.25,155.69000244140625,154.68504333496094,2182900
"ACWI","ACWI",2026-05-22,"USD",156.3800048828125,156.77000427246094,155.8300018310547,155.99000549316406,154.9831085205078,2320300
"ACWI","ACWI",2026-05-26,"USD",157.55999755859375,158,157.25999450683594,157.83999633789062,156.82115173339844,3247000
"ACWI","ACWI",2026-05-27,"USD",157.88999938964844,158,157.19000244140625,157.63999938964844,156.62245178222656,1877600
"ACWI","ACWI",2026-05-28,"USD",157.22000122070312,158.47000122070312,156.89999389648438,158.25,157.228515625,2948400
"ACWI","ACWI",2026-05-29,"USD",158.77000427246094,159.0500030517578,158.2899932861328,158.5399932861328,157.51663208007812,4155600
"ACWI","ACWI",2026-06-01,"USD",158.60000610351562,159.6699981689453,157.94000244140625,159.10000610351562,158.07302856445312,3016300
"ACWI","ACWI",2026-06-02,"USD",159.02999877929688,160.02999877929688,159.02999877929688,159.97000122070312,158.93740844726562,4033000
"ACWI","ACWI",2026-06-03,"USD",159.69000244140625,159.6999969482422,158.4600067138672,158.64999389648438,157.6259307861328,2164400
"ACWI","ACWI",2026-06-04,"USD",158.1999969482422,159.35000610351562,157.80999755859375,159.1300048828125,158.10284423828125,1715200
"ACWI","ACWI",2026-06-05,"USD",157.6300048828125,157.64999389648438,152.82000732421875,154.38999938964844,153.3934326171875,3763300
"ACWI","ACWI",2026-06-08,"USD",155.74000549316406,156.07000732421875,154.66000366210938,154.9199981689453,153.92001342773438,3645300
"ACWI","ACWI",2026-06-09,"USD",156.22000122070312,156.83999633789062,151.6300048828125,154.60000610351562,153.60208129882812,3305900
"ACWI","ACWI",2026-06-10,"USD",153.55999755859375,154.8699951171875,152.2100067138672,152.24000549316406,151.25730895996094,2994800
"ACWI","ACWI",2026-06-11,"USD",153.19000244140625,156.1199951171875,152.49000549316406,155.8300018310547,154.8241424560547,5605300
"ACWI","ACWI",2026-06-12,"USD",156.0500030517578,156.99000549316406,155.11000061035156,156.47000122070312,155.4600067138672,4850300
"ACWI","ACWI",2026-06-15,"USD",157.92999267578125,158.47000122070312,157.77000427246094,158.0399932861328,158.0399932861328,2738900
"ACWI","ACWI",2026-06-16,"USD",158.2899932861328,158.42999267578125,157.2100067138672,157.33999633789062,157.33999633789062,2667500
"ACWI","ACWI",2026-06-17,"USD",157.9199981689453,158.22999572753906,155.6199951171875,155.80999755859375,155.80999755859375,8198300
"ACWI","ACWI",2026-06-18,"USD",157.8300018310547,158.0399932861328,157.05999755859375,157.74000549316406,157.74000549316406,5935000
"ACWI","ACWI",2026-06-22,"USD",158.4600067138672,158.52999877929688,157.27999877929688,157.58999633789062,157.58999633789062,2909700
"ACWI","ACWI",2026-06-23,"USD",154.42999267578125,155.61000061035156,153.42999267578125,154.44000244140625,154.44000244140625,2946300
"ACWI","ACWI",2026-06-24,"USD",154.33999633789062,155.3300018310547,153.6999969482422,154.22999572753906,154.22999572753906,3260800
"ACWI","ACWI",2026-06-25,"USD",155.88999938964844,156.00999450683594,153.9499969482422,154.6999969482422,154.6999969482422,3331000
"ACWI","ACWI",2026-06-26,"USD",153.5399932861328,155.02999877929688,153.0500030517578,154.27999877929688,154.27999877929688,2769700
"ACWI","ACWI",2026-06-29,"USD",154.97000122070312,155.8800048828125,153.77000427246094,155.82000732421875,155.82000732421875,1214900
"ACWI","ACWI",2026-06-30,"USD",155.72999572753906,157.1199951171875,155.61000061035156,156.97000122070312,156.97000122070312,3191000
"ACWI","ACWI",2026-07-01,"USD",156.1699981689453,156.8800048828125,155.64999389648438,156.1199951171875,156.1199951171875,4128900
"ACWI","ACWI",2026-07-02,"USD",156.88999938964844,157.77000427246094,155.02999877929688,156.14999389648438,156.14999389648438,3202400
"ACWI","ACWI",2026-07-06,"USD",157.25,158.1199951171875,157.1199951171875,157.97000122070312,157.97000122070312,3335200
"ACWI","ACWI",2026-07-07,"USD",157.41000366210938,157.5500030517578,156.05999755859375,156.4600067138672,156.4600067138672,1342200
"ACWI","ACWI",2026-07-08,"USD",155.6300048828125,155.9600067138672,154.4199981689453,155.89999389648438,155.89999389648438,8363900
"ACWI","ACWI",2026-07-09,"USD",156.50999450683594,157.25999450683594,156.08999633789062,157.02000427246094,157.02000427246094,1709000
"ACWI","ACWI",2026-07-10,"USD",157.22000122070312,157.7899932861328,156.2899932861328,157.67999267578125,157.67999267578125,2306200
"ACWI","ACWI",2026-07-13,"USD",156.8300018310547,156.99000549316406,155.67999267578125,155.94000244140625,155.94000244140625,2143500
"ACWI","ACWI",2026-07-14,"USD",156.75,157.39999389648438,156.4600067138672,156.94000244140625,156.94000244140625,1987300
"ACWI","ACWI",2026-07-15,"USD",157.58999633789062,157.66000366210938,156.36000061035156,157.52000427246094,157.52000427246094,2590100
"ACWI","ACWI",2026-07-16,"USD",156.4499969482422,157.05999755859375,155.7899932861328,156.36000061035156,156.36000061035156,3653200
"ACWI","ACWI",2026-07-17,"USD",154.3699951171875,155.58999633789062,153.89999389648438,155,155,5062900
"ACWI","ACWI",2026-07-20,"USD",155.7100067138672,155.85000610351562,154.36000061035156,154.47999572753906,154.47999572753906,6395100
"ACWI","ACWI",2026-07-21,"USD",155.77999877929688,156.5,155.27000427246094,156.2899932861328,156.2899932861328,2328100
"ACWI","ACWI",2026-07-22,"USD",156.19000244140625,156.6300048828125,156.00999450683594,156.19000244140625,156.19000244140625,1124000
"ACWI","ACWI",2026-07-23,"USD",154.3699951171875,155.19000244140625,153.67999267578125,154.33999633789062,154.33999633789062,1243800
"ACWI","ACWI",2026-07-24,"USD",154.25999450683594,155.3800048828125,154.02000427246094,154.3000030517578,154.3000030517578,2232400
"ACWI","ACWI",2026-07-27,"USD",155.69000244140625,155.7899932861328,153.85000610351562,154.61000061035156,154.61000061035156,2723700
"ACWI","ACWI",2026-07-28,"USD",153.9600067138672,154.97000122070312,153.35000610351562,154.5399932861328,154.5399932861328,2029200
"ACWI","ACWI",2026-07-29,"USD",154.16000366210938,155.33999633789062,151.4199981689453,152.47000122070312,152.47000122070312,2624900
"ACWI","ACWI",2026-07-30,"USD",154.33999633789062,155.77999877929688,153.97000122070312,155.66000366210938,155.66000366210938,3333100
"ACWI","ACWI",2026-07-31,"USD",156.25,156.58999633789062,154.49000549316406,156.42999267578125,156.42999267578125,3181400
"ACWI","ACWI",2026-08-03,"USD",156.63999938964844,158.0399932861328,156.50999450683594,157.94000244140625,157.94000244140625,2049100
"ACWI","ACWI",2026-08-04,"USD",158.82000732421875,160.9600067138672,158.61000061035156,160.6300048828125,160.6300048828125,4807000
"ACWI","ACWI",2026-08-05,"USD",161.4499969482422,161.72000122070312,160.4199981689453,160.5,160.5,2383300
"ACWI","ACWI",2026-08-06,"USD",160.3000030517578,160.80999755859375,159.16000366210938,160.10000610351562,160.10000610351562,1807100
"ACWI","ACWI",2026-08-07,"USD",161.25,161.55999755859375,160.66000366210938,161.44000244140625,161.44000244140625,2164900
"ACWI","ACWI",2026-08-10,"USD",161.17999267578125,161.52000427246094,160.94000244140625,161.10000610351562,161.10000610351562,1535400
"ACWI","ACWI",2026-08-11,"USD",161.5,161.61000061035156,160.6199951171875,160.88999938964844,160.88999938964844,1518500
"ACWI","ACWI",2026-08-12,"USD",162.14999389648438,162.14999389648438,161.3800048828125,161.64999389648438,161.64999389648438,1853500
"ACWI","ACWI",2026-08-13,"USD",162.0500030517578,162.8000030517578,161.86000061035156,162.47999572753906,162.47999572753906,1106100
"ACWI","ACWI",2026-08-14,"USD",162.67999267578125,162.74000549316406,161.00999450683594,162.2899932861328,162.2899932861328,2839800
"ACWI","ACWI",2026-08-17,"USD",162.5800018310547,162.5800018310547,161.8300018310547,161.8300018310547,161.8300018310547,2259300
"ACWI","ACWI",2026-08-18,"USD",160.80999755859375,160.97999572753906,160.05999755859375,160.0800018310547,160.0800018310547,2352200
"ACWI","ACWI",2026-08-19,"USD",161,161.25,160.5,160.6999969482422,160.6999969482422,1532800
"ACWI","ACWI",2026-08-20,"USD",160.1999969482422,160.89999389648438,159.83999633789062,159.97000122070312,159.97000122070312,2669300
"ACWI","ACWI",2026-08-21,"USD",160.8000030517578,161.1999969482422,160.49000549316406,160.80999755859375,160.80999755859375,1721500
"ACWI","ACWI",2026-08-24,"USD",160.5,160.5,159.8300018310547,160.1999969482422,160.1999969482422,929600
"ACWI","ACWI",2026-08-25,"USD",160.89999389648438,161.13999938964844,160.33999633789062,161.0800018310547,161.0800018310547,1688100
"ACWI","ACWI",2026-08-26,"USD",160.99000549316406,161.27000427246094,160.52000427246094,160.89999389648438,160.89999389648438,1792900
"ACWI","ACWI",2026-08-27,"USD",161.44000244140625,161.7899932861328,160.94000244140625,161.52999877929688,161.52999877929688,2863100
"ACWI","ACWI",2026-08-28,"USD",161.9600067138672,162.30999755859375,160.88999938964844,161.08999633789062,161.08999633789062,1535300
"ACWI","ACWI",2026-08-31,"USD",161.11000061035156,161.1300048828125,160.25999450683594,160.67999267578125,160.67999267578125,2622400
"ACWI","ACWI",2026-09-01,"USD",159.8800048828125,160.2100067138672,159.02000427246094,159.4199981689453,159.4199981689453,2485500
"ACWI","ACWI",2026-09-02,"USD",159.52999877929688,160.3000030517578,159.42999267578125,160.16000366210938,160.16000366210938,1817200
"ACWI","ACWI",2026-09-03,"USD",161,162.1300048828125,160.72000122070312,161.94000244140625,161.94000244140625,1755700
"ACWI","ACWI",2026-09-04,"USD",161.61000061035156,162.0800018310547,161.5500030517578,161.88999938964844,161.88999938964844,1659900
"ACWI","ACWI",2026-09-08,"USD",161.97000122070312,161.99000549316406,161.00999450683594,161.1300048828125,161.1300048828125,1536000
"ACWI","ACWI",2026-09-09,"USD",160.8000030517578,160.80999755859375,159.92999267578125,160.14999389648438,160.14999389648438,899200
"ACWI","ACWI",2026-09-10,"USD",159.14999389648438,159.4499969482422,158.6999969482422,158.7899932861328,158.7899932861328,1233700
"ACWI","ACWI",2026-09-11,"USD",160.3699951171875,160.69000244140625,160.02999877929688,160.25,160.25,2206000
"ACWI","ACWI",2026-09-14,"USD",158.74000549316406,159.66000366210938,158.35000610351562,158.9600067138672,158.9600067138672,1470700
"ACWI","ACWI",2026-09-15,"USD",158.91000366210938,158.91000366210938,157.9199981689453,158.1999969482422,158.1999969482422,2049300
"ACWI","ACWI",2026-09-16,"USD",158.9600067138672,159.25,156.67999267578125,157.61000061035156,157.61000061035156,1766200
"ACWI","ACWI",2026-09-17,"USD",159.77000427246094,159.77000427246094,159.19000244140625,159.57000732421875,159.57000732421875,1369300
"ACWI","ACWI",2026-09-18,"USD",159.36000061035156,159.41000366210938,158.63999938964844,159.2899932861328,159.2899932861328,1597100
"ACWI","ACWI",2026-09-21,"USD",160.66000366210938,162.0800018310547,160.5,161.85000610351562,161.85000610351562,1277600
"ACWI","ACWI",2026-09-22,"USD",162.0399932861328,162.4600067138672,161.58999633789062,162.1999969482422,162.1999969482422,2788600
"ACWI","ACWI",2026-09-23,"USD",161.61000061035156,161.6699981689453,159.97999572753906,160.22000122070312,160.22000122070312,3010500
"ACWI","ACWI",2026-09-24,"USD",159.42999267578125,160.4499969482422,159.1699981689453,160.0800018310547,160.0800018310547,1568400
"ACWI","ACWI",2026-09-25,"USD",160.52000427246094,161.2100067138672,160.00999450683594,161.0500030517578,161.0500030517578,1205100
"ACWI","ACWI",2026-09-28,"USD",160.17999267578125,160.61000061035156,159.24000549316406,159.67999267578125,159.67999267578125,3096300
"ACWI","ACWI",2026-09-29,"USD",159.8800048828125,159.88999938964844,158.83999633789062,159.4600067138672,159.4600067138672,2326200
"ACWI","ACWI",2026-09-30,"USD",159.94000244140625,160.1199951171875,158.7100067138672,158.77000427246094,158.77000427246094,5036100
"ACWI","ACWI",2026-10-01,"USD",158.9199981689453,158.97999572753906,157.63999938964844,158.74000549316406,158.74000549316406,2861700
"ACWI","ACWI",2026-10-02,"USD",160.13999938964844,160.5500030517578,159.3699951171875,160.08999633789062,160.08999633789062,1301200
"ACWI","ACWI",2026-10-05,"USD",160.11000061035156,160.4550018310547,160.11000061035156,160.4199981689453,160.4199981689453,214211
"HSI","^HSI",2022-01-03,"HKD",23510.5390625,23605.029296875,23193.189453125,23274.75,23274.75,734300000
"HSI","^HSI",2022-01-04,"HKD",23400.619140625,23439.30078125,23146.890625,23289.83984375,23289.83984375,1760100000
"HSI","^HSI",2022-01-05,"HKD",23323.76953125,23323.76953125,22851.5,22907.25,22907.25,2768900000
"HSI","^HSI",2022-01-06,"HKD",22843.19921875,23082.94921875,22709.599609375,23072.859375,23072.859375,1765800000
"HSI","^HSI",2022-01-07,"HKD",23318.919921875,23497.5,23162.849609375,23493.380859375,23493.380859375,2602300000
"HSI","^HSI",2022-01-10,"HKD",23523.900390625,23790.51953125,23399.08984375,23746.5390625,23746.5390625,2544900000
"HSI","^HSI",2022-01-11,"HKD",23678.689453125,23863.830078125,23595.009765625,23739.060546875,23739.060546875,2331500000
"HSI","^HSI",2022-01-12,"HKD",24069.51953125,24402.169921875,24069.51953125,24402.169921875,24402.169921875,2489500000
"HSI","^HSI",2022-01-13,"HKD",24561.48046875,24561.48046875,24289.189453125,24429.76953125,24429.76953125,2160500000
"HSI","^HSI",2022-01-14,"HKD",24185.859375,24383.3203125,24140.810546875,24383.3203125,24383.3203125,1840000000
"HSI","^HSI",2022-01-17,"HKD",24390.2890625,24408.880859375,24111.740234375,24218.029296875,24218.029296875,1633500000
"HSI","^HSI",2022-01-18,"HKD",24274.75,24385.05078125,24009.7109375,24112.779296875,24112.779296875,1638900000
"HSI","^HSI",2022-01-19,"HKD",24229.779296875,24286.140625,23951.599609375,24127.849609375,24127.849609375,1729900000
"HSI","^HSI",2022-01-20,"HKD",24263.150390625,24952.349609375,24233.1796875,24952.349609375,24952.349609375,2531400000
"HSI","^HSI",2022-01-21,"HKD",24897.58984375,24982.029296875,24723.919921875,24965.55078125,24965.55078125,2370100000
"HSI","^HSI",2022-01-24,"HKD",24693.4296875,24795.5390625,24570.869140625,24656.4609375,24656.4609375,1871500000
"HSI","^HSI",2022-01-25,"HKD",24251.220703125,24366.890625,24001.9609375,24243.609375,24243.609375,2183400000
"HSI","^HSI",2022-01-26,"HKD",24342.900390625,24487.30078125,24123.69921875,24289.900390625,24289.900390625,1959600000
"HSI","^HSI",2022-01-27,"HKD",23952.009765625,23952.009765625,23565,23807,23807,1846800000
"HSI","^HSI",2022-01-28,"HKD",23818.939453125,23848.01953125,23507.029296875,23550.080078125,23550.080078125,1777200000
"HSI","^HSI",2022-01-31,"HKD",23624.140625,23975.69921875,23469.759765625,23802.259765625,23802.259765625,995500000
"HSI","^HSI",2022-02-04,"HKD",24392.859375,24609.330078125,24140.890625,24573.2890625,24573.2890625,1832900000
"HSI","^HSI",2022-02-07,"HKD",24609.4296875,24616.5,24365.890625,24579.55078125,24579.55078125,2538100000
"HSI","^HSI",2022-02-08,"HKD",24548.05078125,24548.05078125,24149.75,24329.490234375,24329.490234375,2294900000
"HSI","^HSI",2022-02-09,"HKD",24727.33984375,24896.4296875,24690.44921875,24829.990234375,24829.990234375,2511100000
"HSI","^HSI",2022-02-10,"HKD",25050.58984375,25050.58984375,24649.740234375,24924.349609375,24924.349609375,2097900000
"HSI","^HSI",2022-02-11,"HKD",24837.19921875,24957.810546875,24732.650390625,24906.66015625,24906.66015625,2514700000
"HSI","^HSI",2022-02-14,"HKD",24725.099609375,24733.109375,24482.859375,24556.5703125,24556.5703125,1978800000
"HSI","^HSI",2022-02-15,"HKD",24458.5,24570.08984375,24219.900390625,24355.7109375,24355.7109375,2625900000
"HSI","^HSI",2022-02-16,"HKD",24618.30078125,24728.9296875,24548.05078125,24718.900390625,24718.900390625,1815200000
"HSI","^HSI",2022-02-17,"HKD",24722.880859375,24861.8203125,24523.94921875,24792.76953125,24792.76953125,1566200000
"HSI","^HSI",2022-02-18,"HKD",24633.66015625,24763.369140625,24284.529296875,24327.7109375,24327.7109375,1677800000
"HSI","^HSI",2022-02-21,"HKD",24109.58984375,24231.080078125,23998.76953125,24170.0703125,24170.0703125,1618300000
"HSI","^HSI",2022-02-22,"HKD",23692.5390625,23813.640625,23336.779296875,23520,23520,2057600000
"HSI","^HSI",2022-02-23,"HKD",23617.970703125,23745.0703125,23500.919921875,23660.279296875,23660.279296875,1416000000
"HSI","^HSI",2022-02-24,"HKD",23268.029296875,23376.369140625,22786.390625,22901.560546875,22901.560546875,2997700000
"HSI","^HSI",2022-02-25,"HKD",22908.099609375,23046.859375,22718.150390625,22767.1796875,22767.1796875,2524300000
"HSI","^HSI",2022-02-28,"HKD",22818.169921875,22818.169921875,22406.119140625,22713.01953125,22713.01953125,2833800000
"HSI","^HSI",2022-03-01,"HKD",22739.83984375,22937.560546875,22591.73046875,22761.7109375,22761.7109375,1796000000
"HSI","^HSI",2022-03-02,"HKD",22568.359375,22712.439453125,22299.140625,22343.919921875,22343.919921875,2227900000
"HSI","^HSI",2022-03-03,"HKD",22434.259765625,22543.419921875,22378.109375,22467.33984375,22467.33984375,1937700000
"HSI","^HSI",2022-03-04,"HKD",21879.130859375,22017.939453125,21838.990234375,21905.2890625,21905.2890625,2438200000
"HSI","^HSI",2022-03-07,"HKD",21308.900390625,21327.189453125,20826.359375,21057.630859375,21057.630859375,3322900000
"HSI","^HSI",2022-03-08,"HKD",21082.390625,21303.51953125,20638.94921875,20765.869140625,20765.869140625,3232000000
"HSI","^HSI",2022-03-09,"HKD",20820.01953125,20957.720703125,20102.5703125,20627.7109375,20627.7109375,3674600000
"HSI","^HSI",2022-03-10,"HKD",21106.5703125,21114.439453125,20709.619140625,20890.259765625,20890.259765625,2694300000
"HSI","^HSI",2022-03-11,"HKD",20460.029296875,20778.859375,20079.150390625,20553.7890625,20553.7890625,3020000000
"HSI","^HSI",2022-03-14,"HKD",20203.83984375,20203.83984375,19416.779296875,19531.66015625,19531.66015625,4096100000
"HSI","^HSI",2022-03-15,"HKD",18931.1796875,19392.689453125,18235.48046875,18415.080078125,18415.080078125,6012800000
"HSI","^HSI",2022-03-16,"HKD",18956.01953125,20120.849609375,18584.0390625,20087.5,20087.5,5501100000
"HSI","^HSI",2022-03-17,"HKD",21430.7109375,21501.23046875,20786.689453125,21501.23046875,21501.23046875,4826200000
"HSI","^HSI",2022-03-18,"HKD",21232.880859375,21646.150390625,20922.369140625,21412.400390625,21412.400390625,4590500000
"HSI","^HSI",2022-03-21,"HKD",21823.0703125,21823.0703125,21096.310546875,21221.33984375,21221.33984375,2340000000
"HSI","^HSI",2022-03-22,"HKD",21319.189453125,21906.3203125,21266.900390625,21889.279296875,21889.279296875,2590400000
"HSI","^HSI",2022-03-23,"HKD",22088.7890625,22423.509765625,21983.099609375,22154.080078125,22154.080078125,2835700000
"HSI","^HSI",2022-03-24,"HKD",22002.869140625,22231.669921875,21900.130859375,21945.94921875,21945.94921875,2404800000
"HSI","^HSI",2022-03-25,"HKD",21735.609375,21944.080078125,21289.259765625,21404.880859375,21404.880859375,2358200000
"HSI","^HSI",2022-03-28,"HKD",21422.19921875,21790.970703125,21202.689453125,21684.970703125,21684.970703125,2200300000
"HSI","^HSI",2022-03-29,"HKD",21771.2890625,21937.26953125,21722.169921875,21927.630859375,21927.630859375,2259300000
"HSI","^HSI",2022-03-30,"HKD",22101.630859375,22391.349609375,22033.779296875,22232.029296875,22232.029296875,2729600000
"HSI","^HSI",2022-03-31,"HKD",22262.16015625,22262.16015625,21922.580078125,21996.849609375,21996.849609375,2226300000
"HSI","^HSI",2022-04-01,"HKD",21693.099609375,22039.55078125,21558.05078125,22039.55078125,22039.55078125,1937500000
"HSI","^HSI",2022-04-04,"HKD",22227.109375,22523.640625,22124.029296875,22502.310546875,22502.310546875,1868100000
"HSI","^HSI",2022-04-06,"HKD",22220.2109375,22244.990234375,22015.119140625,22080.51953125,22080.51953125,2749800000
"HSI","^HSI",2022-04-07,"HKD",21910.400390625,22236.9296875,21779.189453125,21808.98046875,21808.98046875,2079000000
"HSI","^HSI",2022-04-08,"HKD",21667.529296875,21872.009765625,21568.220703125,21872.009765625,21872.009765625,1739900000
"HSI","^HSI",2022-04-11,"HKD",21688.029296875,21688.029296875,21132.5390625,21208.30078125,21208.30078125,2104900000
"HSI","^HSI",2022-04-12,"HKD",21279.1796875,21519.130859375,20988.19921875,21319.130859375,21319.130859375,2045300000
"HSI","^HSI",2022-04-13,"HKD",21192.619140625,21531.48046875,21141.060546875,21374.369140625,21374.369140625,1696900000
"HSI","^HSI",2022-04-14,"HKD",21463.349609375,21587.470703125,21358.73046875,21518.080078125,21518.080078125,1719400000
"HSI","^HSI",2022-04-19,"HKD",21106,21191.80078125,20896.4296875,21027.759765625,21027.759765625,2240100000
"HSI","^HSI",2022-04-20,"HKD",20972.83984375,21214.98046875,20889.01953125,20944.669921875,20944.669921875,1876400000
"HSI","^HSI",2022-04-21,"HKD",20780.859375,20920.599609375,20483.859375,20682.220703125,20682.220703125,2226200000
"HSI","^HSI",2022-04-22,"HKD",20261.609375,20709.490234375,20184.9609375,20638.51953125,20638.51953125,2351300000
"HSI","^HSI",2022-04-25,"HKD",20284.599609375,20284.599609375,19784.279296875,19869.33984375,19869.33984375,2912300000
"HSI","^HSI",2022-04-26,"HKD",19989.0390625,20258.640625,19858.359375,19934.7109375,19934.7109375,2565700000
"HSI","^HSI",2022-04-27,"HKD",19723.4609375,20053.109375,19665.490234375,19946.359375,19946.359375,2361000000
"HSI","^HSI",2022-04-28,"HKD",20118.7890625,20286.830078125,19956.669921875,20276.169921875,20276.169921875,2255700000
"HSI","^HSI",2022-04-29,"HKD",20271.400390625,21176.580078125,20040.0703125,21089.390625,21089.390625,2727100000
"HSI","^HSI",2022-05-03,"HKD",20927.619140625,21291.80078125,20648.529296875,21101.890625,21101.890625,1741700000
"HSI","^HSI",2022-05-04,"HKD",21025.69921875,21047.130859375,20772.80078125,20869.51953125,20869.51953125,1139900000
"HSI","^HSI",2022-05-05,"HKD",21163.150390625,21284.849609375,20776.970703125,20793.400390625,20793.400390625,1827100000
"HSI","^HSI",2022-05-06,"HKD",20287.060546875,20320.279296875,19973.470703125,20001.9609375,20001.9609375,2110600000
"HSI","^HSI",2022-05-10,"HKD",19300.6796875,19758.630859375,19178.890625,19633.689453125,19633.689453125,2785700000
"HSI","^HSI",2022-05-11,"HKD",19511.80078125,20083.490234375,19474.029296875,19824.5703125,19824.5703125,1958400000
"HSI","^HSI",2022-05-12,"HKD",19556.890625,19731.26953125,19342.890625,19380.33984375,19380.33984375,2273600000
"HSI","^HSI",2022-05-13,"HKD",19615.990234375,19925.439453125,19608.259765625,19898.76953125,19898.76953125,2075300000
"HSI","^HSI",2022-05-16,"HKD",20131.529296875,20173.220703125,19764.9609375,19950.2109375,19950.2109375,1796400000
"HSI","^HSI",2022-05-17,"HKD",20193.599609375,20626.419921875,20169.240234375,20602.51953125,20602.51953125,2207400000
"HSI","^HSI",2022-05-18,"HKD",20674.23046875,20711.9296875,20389.609375,20644.279296875,20644.279296875,1946000000
"HSI","^HSI",2022-05-19,"HKD",20146.9609375,20277.939453125,19924.869140625,20120.6796875,20120.6796875,2120900000
"HSI","^HSI",2022-05-20,"HKD",20470.94921875,20794.130859375,20408.6796875,20717.240234375,20717.240234375,2173100000
"HSI","^HSI",2022-05-23,"HKD",20608.650390625,20642.759765625,20303.55078125,20470.060546875,20470.060546875,1696100000
"HSI","^HSI",2022-05-24,"HKD",20420.140625,20509.619140625,19989.619140625,20112.099609375,20112.099609375,1825200000
"HSI","^HSI",2022-05-25,"HKD",20115.560546875,20370.740234375,20067.98046875,20171.26953125,20171.26953125,2097500000
"HSI","^HSI",2022-05-26,"HKD",20272.220703125,20272.220703125,19890.759765625,20116.19921875,20116.19921875,1855500000
"HSI","^HSI",2022-05-27,"HKD",20646.060546875,20779.75,20494.150390625,20697.359375,20697.359375,2565800000
"HSI","^HSI",2022-05-30,"HKD",20933.5,21169.080078125,20885.01953125,21123.9296875,21123.9296875,2609300000
"HSI","^HSI",2022-05-31,"HKD",21106.41015625,21415.19921875,21029.720703125,21415.19921875,21415.19921875,3919100000
"HSI","^HSI",2022-06-01,"HKD",21407.7890625,21411.94921875,21154.0390625,21294.939453125,21294.939453125,2073500000
"HSI","^HSI",2022-06-02,"HKD",21057.0390625,21115.779296875,20884.16015625,21082.130859375,21082.130859375,1816100000
"HSI","^HSI",2022-06-06,"HKD",21282.509765625,21691.919921875,21030.0703125,21653.900390625,21653.900390625,2244700000
"HSI","^HSI",2022-06-07,"HKD",21577.48046875,21744.4609375,21394.58984375,21531.669921875,21531.669921875,2145400000
"HSI","^HSI",2022-06-08,"HKD",21788.890625,22064.119140625,21734.490234375,22014.58984375,22014.58984375,2943000000
"HSI","^HSI",2022-06-09,"HKD",22121.529296875,22142.8203125,21737.939453125,21869.05078125,21869.05078125,2544500000
"HSI","^HSI",2022-06-10,"HKD",21522.5,21935.009765625,21487.91015625,21806.1796875,21806.1796875,2686100000
"HSI","^HSI",2022-06-13,"HKD",21162.529296875,21320.150390625,20993.759765625,21067.580078125,21067.580078125,2607000000
"HSI","^HSI",2022-06-14,"HKD",20783.5390625,21175.009765625,20717.640625,21067.990234375,21067.990234375,1965900000
"HSI","^HSI",2022-06-15,"HKD",21111.3203125,21431.0703125,21111.3203125,21308.2109375,21308.2109375,2301300000
"HSI","^HSI",2022-06-16,"HKD",21515.640625,21545.83984375,20697.41015625,20845.4296875,20845.4296875,2341100000
"HSI","^HSI",2022-06-17,"HKD",20716.740234375,21145.939453125,20697.169921875,21075,21075,3097500000
"HSI","^HSI",2022-06-20,"HKD",20948.80078125,21175.98046875,20839.01953125,21163.91015625,21163.91015625,2085200000
"HSI","^HSI",2022-06-21,"HKD",21264.98046875,21564.869140625,21175.94921875,21559.58984375,21559.58984375,2133400000
"HSI","^HSI",2022-06-22,"HKD",21469.740234375,21519.580078125,21008.33984375,21008.33984375,21008.33984375,2470600000
"HSI","^HSI",2022-06-23,"HKD",21157.580078125,21443.58984375,21010.890625,21273.869140625,21273.869140625,2007300000
"HSI","^HSI",2022-06-24,"HKD",21450.6796875,21762.669921875,21408.66015625,21719.060546875,21719.060546875,2410800000
"HSI","^HSI",2022-06-27,"HKD",21976.80078125,22414.4296875,21976.80078125,22229.51953125,22229.51953125,2994700000
"HSI","^HSI",2022-06-28,"HKD",22144.630859375,22449.310546875,21952.439453125,22418.970703125,22418.970703125,2874000000
"HSI","^HSI",2022-06-29,"HKD",22125.609375,22289.0703125,21844.05078125,21996.890625,21996.890625,2834500000
"HSI","^HSI",2022-06-30,"HKD",21917.44921875,22111.91015625,21719.169921875,21859.7890625,21859.7890625,2822700000
"HSI","^HSI",2022-07-04,"HKD",21690.6796875,21886.349609375,21458.630859375,21830.349609375,21830.349609375,2203700000
"HSI","^HSI",2022-07-05,"HKD",22053.16015625,22198.509765625,21799.189453125,21853.0703125,21853.0703125,2143800000
"HSI","^HSI",2022-07-06,"HKD",21777.640625,21833.400390625,21286.66015625,21586.66015625,21586.66015625,2886400000
"HSI","^HSI",2022-07-07,"HKD",21352.69921875,21643.580078125,21200.9296875,21643.580078125,21643.580078125,1744600000
"HSI","^HSI",2022-07-08,"HKD",21961.75,21961.75,21614.650390625,21725.779296875,21725.779296875,1565400000
"HSI","^HSI",2022-07-11,"HKD",21470.76953125,21470.76953125,21001.630859375,21124.19921875,21124.19921875,1693900000
"HSI","^HSI",2022-07-12,"HKD",20905.0703125,21084.08984375,20779.58984375,20844.740234375,20844.740234375,1745200000
"HSI","^HSI",2022-07-13,"HKD",20911.529296875,21040.33984375,20751.48046875,20797.94921875,20797.94921875,2057000000
"HSI","^HSI",2022-07-14,"HKD",20818.26953125,20888.80078125,20554.150390625,20751.2109375,20751.2109375,2371200000
"HSI","^HSI",2022-07-15,"HKD",20522.109375,20656.9609375,20215.970703125,20297.720703125,20297.720703125,2526000000
"HSI","^HSI",2022-07-18,"HKD",20479.580078125,20866.330078125,20294.140625,20846.1796875,20846.1796875,2053600000
"HSI","^HSI",2022-07-19,"HKD",20719.19921875,20758.7109375,20549.439453125,20661.060546875,20661.060546875,1287500000
"HSI","^HSI",2022-07-20,"HKD",20968.419921875,21111.779296875,20884.919921875,20890.220703125,20890.220703125,1405300000
"HSI","^HSI",2022-07-21,"HKD",20811.599609375,20827.609375,20527.349609375,20574.630859375,20574.630859375,1760400000
"HSI","^HSI",2022-07-22,"HKD",20717.470703125,20788.4609375,20513.80078125,20609.140625,20609.140625,1327700000
"HSI","^HSI",2022-07-25,"HKD",20516.33984375,20595.08984375,20353.6796875,20562.939453125,20562.939453125,1377200000
"HSI","^HSI",2022-07-26,"HKD",20676.6796875,20952.44921875,20631.8203125,20905.880859375,20905.880859375,1701200000
"HSI","^HSI",2022-07-27,"HKD",20684.48046875,20770.099609375,20572.419921875,20670.0390625,20670.0390625,1729900000
"HSI","^HSI",2022-07-28,"HKD",20705.4609375,20772.630859375,20533.419921875,20622.6796875,20622.6796875,1965200000
"HSI","^HSI",2022-07-29,"HKD",20647.44921875,20647.44921875,20050.05078125,20156.509765625,20156.509765625,2181700000
"HSI","^HSI",2022-08-01,"HKD",20026.599609375,20251.4296875,19883.919921875,20165.83984375,20165.83984375,1970700000
"HSI","^HSI",2022-08-02,"HKD",19943.16015625,19943.16015625,19515.5390625,19689.2109375,19689.2109375,2291200000
"HSI","^HSI",2022-08-03,"HKD",19865.689453125,19921.91015625,19685.48046875,19767.08984375,19767.08984375,1789700000
"HSI","^HSI",2022-08-04,"HKD",20011.25,20216.580078125,19995.4609375,20174.0390625,20174.0390625,1924400000
"HSI","^HSI",2022-08-05,"HKD",20283.58984375,20283.58984375,20096.5390625,20201.939453125,20201.939453125,1635400000
"HSI","^HSI",2022-08-08,"HKD",20065.349609375,20171.890625,19954.0390625,20045.76953125,20045.76953125,1376900000
"HSI","^HSI",2022-08-09,"HKD",20039.30078125,20250.869140625,19856.23046875,20003.439453125,20003.439453125,1497200000
"HSI","^HSI",2022-08-10,"HKD",19956.509765625,19956.509765625,19469.109375,19610.83984375,19610.83984375,1730300000
"HSI","^HSI",2022-08-11,"HKD",19840.5703125,20082.4296875,19789.9609375,20082.4296875,20082.4296875,1600800000
"HSI","^HSI",2022-08-12,"HKD",20158.2890625,20208.01953125,20011.380859375,20175.619140625,20175.619140625,1567900000
"HSI","^HSI",2022-08-15,"HKD",20038.48046875,20260.66015625,19984.0390625,20040.859375,20040.859375,1393400000
"HSI","^HSI",2022-08-16,"HKD",20107.140625,20173.400390625,19662.609375,19830.51953125,19830.51953125,1947800000
"HSI","^HSI",2022-08-17,"HKD",19995.76953125,20069.849609375,19800.580078125,19922.44921875,19922.44921875,1411800000
"HSI","^HSI",2022-08-18,"HKD",19991.939453125,19991.939453125,19675.4609375,19763.91015625,19763.91015625,1586600000
"HSI","^HSI",2022-08-19,"HKD",19656.80078125,19898.1796875,19656.80078125,19773.029296875,19773.029296875,1399800000
"HSI","^HSI",2022-08-22,"HKD",19572.419921875,19825.9296875,19564.189453125,19656.98046875,19656.98046875,1596100000
"HSI","^HSI",2022-08-23,"HKD",19644.23046875,19701.55078125,19377.08984375,19503.25,19503.25,1847500000
"HSI","^HSI",2022-08-24,"HKD",19542.240234375,19542.240234375,19189.5390625,19268.740234375,19268.740234375,1997600000
"HSI","^HSI",2022-08-25,"HKD",19418.4609375,19990.310546875,19418.4609375,19968.380859375,19968.380859375,1684300000
"HSI","^HSI",2022-08-26,"HKD",20138.689453125,20185.150390625,20050.970703125,20170.0390625,20170.0390625,1868900000
"HSI","^HSI",2022-08-29,"HKD",19960.2890625,20073.939453125,19889.669921875,20023.220703125,20023.220703125,1595200000
"HSI","^HSI",2022-08-30,"HKD",20062.73046875,20062.73046875,19645.5703125,19949.029296875,19949.029296875,1658900000
"HSI","^HSI",2022-08-31,"HKD",19589.849609375,20173.01953125,19564.83984375,19954.390625,19954.390625,2783300000
"HSI","^HSI",2022-09-01,"HKD",19761.720703125,19839.509765625,19532.859375,19597.310546875,19597.310546875,2000300000
"HSI","^HSI",2022-09-02,"HKD",19572.470703125,19630.80078125,19342.490234375,19452.08984375,19452.08984375,2095600000
"HSI","^HSI",2022-09-05,"HKD",19299.08984375,19299.08984375,19064.7890625,19225.69921875,19225.69921875,2181100000
"HSI","^HSI",2022-09-06,"HKD",19261.69921875,19358.01953125,19107.599609375,19202.73046875,19202.73046875,1716300000
"HSI","^HSI",2022-09-07,"HKD",18915.869140625,19068.900390625,18818.779296875,19044.30078125,19044.30078125,1839600000
"HSI","^HSI",2022-09-08,"HKD",19043.83984375,19075.740234375,18803.759765625,18854.619140625,18854.619140625,1718100000
"HSI","^HSI",2022-09-09,"HKD",18893.650390625,19417.560546875,18893.650390625,19362.25,19362.25,1994800000
"HSI","^HSI",2022-09-13,"HKD",19404.640625,19492.060546875,19296.25,19326.859375,19326.859375,1787200000
"HSI","^HSI",2022-09-14,"HKD",18933.30078125,18989.220703125,18797.7890625,18847.099609375,18847.099609375,1732000000
"HSI","^HSI",2022-09-15,"HKD",18833.900390625,19013.029296875,18833.900390625,18930.380859375,18930.380859375,1797300000
"HSI","^HSI",2022-09-16,"HKD",18732.439453125,18905.279296875,18678.220703125,18761.689453125,18761.689453125,2793900000
"HSI","^HSI",2022-09-19,"HKD",18695.349609375,18697.08984375,18494.5390625,18565.970703125,18565.970703125,1745700000
"HSI","^HSI",2022-09-20,"HKD",18700.6796875,18861.470703125,18685.4609375,18781.419921875,18781.419921875,1478200000
"HSI","^HSI",2022-09-21,"HKD",18638.849609375,18638.849609375,18434.650390625,18444.619140625,18444.619140625,1629400000
"HSI","^HSI",2022-09-22,"HKD",18080.9296875,18195.08984375,17965.330078125,18147.94921875,18147.94921875,1729100000
"HSI","^HSI",2022-09-23,"HKD",18055.58984375,18165.94921875,17926.2890625,17933.26953125,17933.26953125,1776800000
"HSI","^HSI",2022-09-26,"HKD",17781.869140625,18077.640625,17727.400390625,17855.140625,17855.140625,2557100000
"HSI","^HSI",2022-09-27,"HKD",17838.650390625,17904.2109375,17648.419921875,17860.310546875,17860.310546875,1900500000
"HSI","^HSI",2022-09-28,"HKD",17703.390625,17703.390625,17184.5390625,17250.880859375,17250.880859375,2948500000
"HSI","^HSI",2022-09-29,"HKD",17570.169921875,17629.669921875,17046.830078125,17165.869140625,17165.869140625,2534700000
"HSI","^HSI",2022-09-30,"HKD",17165.9296875,17344.810546875,17016.279296875,17222.830078125,17222.830078125,2113900000
"HSI","^HSI",2022-10-03,"HKD",17050.25,17252.109375,16906.9609375,17079.509765625,17079.509765625,1361000000
"HSI","^HSI",2022-10-05,"HKD",17811.970703125,18164.19921875,17682.849609375,18087.970703125,18087.970703125,2256100000
"HSI","^HSI",2022-10-06,"HKD",18100.48046875,18143.849609375,17958.140625,18012.150390625,18012.150390625,1082400000
"HSI","^HSI",2022-10-07,"HKD",17851.619140625,17881.869140625,17717.73046875,17740.05078125,17740.05078125,1129300000
"HSI","^HSI",2022-10-10,"HKD",17449.359375,17449.359375,17174.609375,17216.66015625,17216.66015625,1771800000
"HSI","^HSI",2022-10-11,"HKD",17194.73046875,17206.509765625,16789.970703125,16832.359375,16832.359375,1797700000
"HSI","^HSI",2022-10-12,"HKD",16758.26953125,17040.69921875,16438.599609375,16701.029296875,16701.029296875,2407400000
"HSI","^HSI",2022-10-13,"HKD",16700.650390625,16736.58984375,16389.109375,16389.109375,16389.109375,2241900000
"HSI","^HSI",2022-10-14,"HKD",16671.6796875,17028.6796875,16535.369140625,16587.689453125,16587.689453125,2322700000
"HSI","^HSI",2022-10-17,"HKD",16479.740234375,16754.51953125,16308.9501953125,16612.900390625,16612.900390625,2061200000
"HSI","^HSI",2022-10-18,"HKD",16860.19921875,16914.580078125,16558.41015625,16914.580078125,16914.580078125,1971300000
"HSI","^HSI",2022-10-19,"HKD",16805.91015625,16923.119140625,16508.369140625,16511.279296875,16511.279296875,1714000000
"HSI","^HSI",2022-10-20,"HKD",16230.7900390625,16452.970703125,16010.7197265625,16280.2197265625,16280.2197265625,2295300000
"HSI","^HSI",2022-10-21,"HKD",16331.1103515625,16359.0400390625,16137.1796875,16211.1201171875,16211.1201171875,2052400000
"HSI","^HSI",2022-10-24,"HKD",15894.75,15993.8798828125,15082.83984375,15180.6904296875,15180.6904296875,3597400000
"HSI","^HSI",2022-10-25,"HKD",15242.099609375,15435.3701171875,14947.3896484375,15165.58984375,15165.58984375,3275300000
"HSI","^HSI",2022-10-26,"HKD",15096.3203125,15584.0595703125,15041.400390625,15317.669921875,15317.669921875,2718600000
"HSI","^HSI",2022-10-27,"HKD",15721.26953125,15833.2802734375,15410.9697265625,15427.9404296875,15427.9404296875,2526200000
"HSI","^HSI",2022-10-28,"HKD",15424.9404296875,15441.990234375,14770.08984375,14863.0595703125,14863.0595703125,3051300000
"HSI","^HSI",2022-10-31,"HKD",14830.6904296875,15113.150390625,14597.3095703125,14687.01953125,14687.01953125,4183600000
"HSI","^HSI",2022-11-01,"HKD",14859.919921875,15632.849609375,14859.919921875,15455.26953125,15455.26953125,3787400000
"HSI","^HSI",2022-11-02,"HKD",15389.5498046875,15867.240234375,15276.759765625,15827.169921875,15827.169921875,2774600000
"HSI","^HSI",2022-11-03,"HKD",15477.740234375,15623.1796875,15301.669921875,15339.490234375,15339.490234375,2544800000
"HSI","^HSI",2022-11-04,"HKD",15442.759765625,16513.16015625,15442.759765625,16161.1396484375,16161.1396484375,3951100000
"HSI","^HSI",2022-11-07,"HKD",16031.7900390625,16821.890625,15980.849609375,16595.91015625,16595.91015625,3227800000
"HSI","^HSI",2022-11-08,"HKD",16640.599609375,16719.009765625,16429.810546875,16557.310546875,16557.310546875,2071200000
"HSI","^HSI",2022-11-09,"HKD",16552.80078125,16730.19921875,16213.0302734375,16358.51953125,16358.51953125,3271000000
"HSI","^HSI",2022-11-10,"HKD",16138.2197265625,16138.2197265625,15945.2001953125,16081.0400390625,16081.0400390625,2204700000
"HSI","^HSI",2022-11-11,"HKD",17120.05078125,17368.0390625,16829,17325.66015625,17325.66015625,5112600000
"HSI","^HSI",2022-11-14,"HKD",17999.259765625,18011.640625,17518.880859375,17619.7109375,17619.7109375,5547500000
"HSI","^HSI",2022-11-15,"HKD",17665.80078125,18356.779296875,17552.30078125,18343.119140625,18343.119140625,4900000000
"HSI","^HSI",2022-11-16,"HKD",18169.2109375,18414.08984375,18031.869140625,18256.48046875,18256.48046875,3918400000
"HSI","^HSI",2022-11-17,"HKD",18071.599609375,18220.810546875,17711.83984375,18045.66015625,18045.66015625,2930400000
"HSI","^HSI",2022-11-18,"HKD",18316.359375,18378.060546875,17910.189453125,17992.5390625,17992.5390625,2792900000
"HSI","^HSI",2022-11-21,"HKD",17654.150390625,17746.33984375,17389.44921875,17655.91015625,17655.91015625,2231000000
"HSI","^HSI",2022-11-22,"HKD",17625.189453125,17751.9296875,17287.599609375,17424.41015625,17424.41015625,3024900000
"HSI","^HSI",2022-11-23,"HKD",17460.900390625,17640.83984375,17375.9609375,17523.810546875,17523.810546875,2423800000
"HSI","^HSI",2022-11-24,"HKD",17684.529296875,17759.240234375,17517.119140625,17660.900390625,17660.900390625,2910400000
"HSI","^HSI",2022-11-25,"HKD",17673.19921875,17673.19921875,17412.0390625,17573.580078125,17573.580078125,3176700000
"HSI","^HSI",2022-11-28,"HKD",17000.23046875,17364.2109375,16833.6796875,17297.939453125,17297.939453125,2799300000
"HSI","^HSI",2022-11-29,"HKD",17558.599609375,18204.6796875,17536.44921875,18204.6796875,18204.6796875,4273400000
"HSI","^HSI",2022-11-30,"HKD",18141.560546875,18645.349609375,18052.3203125,18597.23046875,18597.23046875,5359700000
"HSI","^HSI",2022-12-01,"HKD",19058.900390625,19237.44921875,18679.349609375,18736.439453125,18736.439453125,4262000000
"HSI","^HSI",2022-12-02,"HKD",18785.279296875,18841.220703125,18530.8203125,18675.349609375,18675.349609375,3757400000
"HSI","^HSI",2022-12-05,"HKD",19221.6796875,19539.599609375,19035.140625,19518.2890625,19518.2890625,4890100000
"HSI","^HSI",2022-12-06,"HKD",19211.69921875,19569.669921875,19202.869140625,19441.1796875,19441.1796875,3552100000
"HSI","^HSI",2022-12-07,"HKD",19380.80078125,19737.310546875,18799.810546875,18814.8203125,18814.8203125,5308900000
"HSI","^HSI",2022-12-08,"HKD",18965.05078125,19521.599609375,18965.05078125,19450.23046875,19450.23046875,2856200000
"HSI","^HSI",2022-12-09,"HKD",19484.23046875,19926.48046875,19404.5,19900.869140625,19900.869140625,4023300000
"HSI","^HSI",2022-12-12,"HKD",19594.51953125,19718.080078125,19366.220703125,19463.630859375,19463.630859375,3115200000
"HSI","^HSI",2022-12-13,"HKD",19458.01953125,19707.75,19382.30078125,19596.19921875,19596.19921875,2584100000
"HSI","^HSI",2022-12-14,"HKD",19775.330078125,19859.75,19528.7109375,19673.44921875,19673.44921875,2758700000
"HSI","^HSI",2022-12-15,"HKD",19612.669921875,19675.6796875,19233.859375,19368.58984375,19368.58984375,2243400000
"HSI","^HSI",2022-12-16,"HKD",19343.69921875,19621.130859375,19130.529296875,19450.669921875,19450.669921875,2876000000
"HSI","^HSI",2022-12-19,"HKD",19472.2109375,19786.2890625,19255.94921875,19352.810546875,19352.810546875,2238200000
"HSI","^HSI",2022-12-20,"HKD",19156.939453125,19283.140625,18885.19921875,19094.80078125,19094.80078125,1938500000
"HSI","^HSI",2022-12-21,"HKD",19190.91015625,19255.740234375,19063.30078125,19160.490234375,19160.490234375,1348400000
"HSI","^HSI",2022-12-22,"HKD",19537.44921875,19735,19475.6796875,19679.220703125,19679.220703125,1939800000
"HSI","^HSI",2022-12-23,"HKD",19382.23046875,19686.76953125,19380.470703125,19593.060546875,19593.060546875,1363700000
"HSI","^HSI",2022-12-28,"HKD",19787.939453125,20099.76953125,19787.939453125,19898.91015625,19898.91015625,2823800000
"HSI","^HSI",2022-12-29,"HKD",19648.400390625,19764.51953125,19539.83984375,19741.140625,19741.140625,2902400000
"HSI","^HSI",2022-12-30,"HKD",20030.849609375,20073.919921875,19781.41015625,19781.41015625,19781.41015625,1747700000
"HSI","^HSI",2023-01-03,"HKD",19570.4296875,20212.55078125,19303.73046875,20145.2890625,20145.2890625,2286700000
"HSI","^HSI",2023-01-04,"HKD",20319.98046875,20793.109375,20233.390625,20793.109375,20793.109375,3016000000
"HSI","^HSI",2023-01-05,"HKD",21295.869140625,21396.08984375,20962.400390625,21052.169921875,21052.169921875,2875400000
"HSI","^HSI",2023-01-06,"HKD",21220.890625,21282.7109375,20862.76953125,20991.640625,20991.640625,2754500000
"HSI","^HSI",2023-01-09,"HKD",21295.939453125,21470.689453125,21216.919921875,21388.33984375,21388.33984375,2697900000
"HSI","^HSI",2023-01-10,"HKD",21370.419921875,21395.419921875,21187.73046875,21331.4609375,21331.4609375,2543200000
"HSI","^HSI",2023-01-11,"HKD",21463.8203125,21686.30078125,21327.41015625,21436.05078125,21436.05078125,2971300000
"HSI","^HSI",2023-01-12,"HKD",21599.8203125,21698.939453125,21223.83984375,21514.099609375,21514.099609375,2834600000
"HSI","^HSI",2023-01-13,"HKD",21605.0703125,21770.080078125,21474.98046875,21738.66015625,21738.66015625,2463600000
"HSI","^HSI",2023-01-16,"HKD",21818.650390625,21947.55078125,21572.509765625,21746.720703125,21746.720703125,2559100000
"HSI","^HSI",2023-01-17,"HKD",21678.05078125,21797.619140625,21417.25,21577.640625,21577.640625,2307500000
"HSI","^HSI",2023-01-18,"HKD",21514.80078125,21691.669921875,21422.189453125,21678,21678,2485300000
"HSI","^HSI",2023-01-19,"HKD",21452.259765625,21754.080078125,21383.029296875,21650.98046875,21650.98046875,1664900000
"HSI","^HSI",2023-01-20,"HKD",21812.4609375,22051.76953125,21754.349609375,22044.650390625,22044.650390625,1956200000
"HSI","^HSI",2023-01-26,"HKD",22386.369140625,22566.779296875,22329.0703125,22566.779296875,22566.779296875,2455100000
"HSI","^HSI",2023-01-27,"HKD",22614.919921875,22700.849609375,22483.779296875,22688.900390625,22688.900390625,2012100000
"HSI","^HSI",2023-01-30,"HKD",22579.880859375,22623.810546875,21992.509765625,22069.73046875,22069.73046875,3802800000
"HSI","^HSI",2023-01-31,"HKD",22190.26953125,22284.3203125,21631.55078125,21842.330078125,21842.330078125,3304400000
"HSI","^HSI",2023-02-01,"HKD",21920.80078125,22072.1796875,21703.599609375,22072.1796875,22072.1796875,2548600000
"HSI","^HSI",2023-02-02,"HKD",22276.23046875,22311.9609375,21930.529296875,21958.359375,21958.359375,2401200000
"HSI","^HSI",2023-02-03,"HKD",21811.080078125,21820.779296875,21459.650390625,21660.470703125,21660.470703125,2414700000
"HSI","^HSI",2023-02-06,"HKD",21349.169921875,21349.169921875,21085.720703125,21222.16015625,21222.16015625,2314500000
"HSI","^HSI",2023-02-07,"HKD",21288.390625,21512.2109375,21259.2109375,21298.69921875,21298.69921875,1777900000
"HSI","^HSI",2023-02-08,"HKD",21283.900390625,21443.48046875,21178.869140625,21283.51953125,21283.51953125,1894500000
"HSI","^HSI",2023-02-09,"HKD",21154.25,21637.55078125,21151.26953125,21624.359375,21624.359375,1933800000
"HSI","^HSI",2023-02-10,"HKD",21559.439453125,21579.990234375,21157.51953125,21190.419921875,21190.419921875,1782700000
"HSI","^HSI",2023-02-13,"HKD",20910.080078125,21230.150390625,20799.91015625,21164.419921875,21164.419921875,1772600000
"HSI","^HSI",2023-02-14,"HKD",21235.919921875,21237.880859375,21074.939453125,21113.759765625,21113.759765625,1408700000
"HSI","^HSI",2023-02-15,"HKD",21116.83984375,21117.580078125,20726.830078125,20812.169921875,20812.169921875,2143000000
"HSI","^HSI",2023-02-16,"HKD",20947.0703125,21306.5390625,20887.69921875,20987.669921875,20987.669921875,2180500000
"HSI","^HSI",2023-02-17,"HKD",20958.630859375,21056.6796875,20703.740234375,20719.810546875,20719.810546875,1631700000
"HSI","^HSI",2023-02-20,"HKD",20681.470703125,20973.669921875,20606.849609375,20886.9609375,20886.9609375,1915400000
"HSI","^HSI",2023-02-21,"HKD",20859.5,20941.30078125,20503.05078125,20529.490234375,20529.490234375,2004600000
"HSI","^HSI",2023-02-22,"HKD",20512.490234375,20620.98046875,20344.859375,20423.83984375,20423.83984375,1766400000
"HSI","^HSI",2023-02-23,"HKD",20339.150390625,20601.220703125,20323.240234375,20351.349609375,20351.349609375,1729700000
"HSI","^HSI",2023-02-24,"HKD",20223.669921875,20233.640625,20006.779296875,20010.0390625,20010.0390625,2061900000
"HSI","^HSI",2023-02-27,"HKD",19821.029296875,20086.529296875,19804.560546875,19943.509765625,19943.509765625,1897600000
"HSI","^HSI",2023-02-28,"HKD",20020.169921875,20185.05078125,19783.0703125,19785.939453125,19785.939453125,2751900000
"HSI","^HSI",2023-03-01,"HKD",19849.970703125,20674.0703125,19849.970703125,20619.7109375,20619.7109375,2889600000
"HSI","^HSI",2023-03-02,"HKD",20390.01953125,20548.5703125,20321.25,20429.4609375,20429.4609375,1992600000
"HSI","^HSI",2023-03-03,"HKD",20703.140625,20727.25,20498.16015625,20567.5390625,20567.5390625,2226100000
"HSI","^HSI",2023-03-06,"HKD",20437.869140625,20702.75,20410,20603.189453125,20603.189453125,2485400000
"HSI","^HSI",2023-03-07,"HKD",20606.830078125,21005.66015625,20358.779296875,20534.48046875,20534.48046875,3634800000
"HSI","^HSI",2023-03-08,"HKD",20256.890625,20269.9296875,19969.470703125,20051.25,20051.25,2643500000
"HSI","^HSI",2023-03-09,"HKD",20082.419921875,20157.240234375,19907.580078125,19925.740234375,19925.740234375,2193300000
"HSI","^HSI",2023-03-10,"HKD",19580.779296875,19637.720703125,19281.970703125,19319.919921875,19319.919921875,3588000000
"HSI","^HSI",2023-03-13,"HKD",19411.880859375,19791.640625,19390.380859375,19695.970703125,19695.970703125,3133700000
"HSI","^HSI",2023-03-14,"HKD",19524.509765625,19639.51953125,19122.8203125,19247.9609375,19247.9609375,3027400000
"HSI","^HSI",2023-03-15,"HKD",19523.490234375,19745.439453125,19431.08984375,19539.869140625,19539.869140625,2633900000
"HSI","^HSI",2023-03-16,"HKD",19197.970703125,19388.76953125,19109.0703125,19203.91015625,19203.91015625,3047400000
"HSI","^HSI",2023-03-17,"HKD",19439.83984375,19597.1796875,19303.2890625,19518.58984375,19518.58984375,4332300000
"HSI","^HSI",2023-03-20,"HKD",19352.900390625,19382.970703125,18829.109375,19000.7109375,19000.7109375,2839000000
"HSI","^HSI",2023-03-21,"HKD",19118.869140625,19295.640625,19018.099609375,19258.759765625,19258.759765625,1929700000
"HSI","^HSI",2023-03-22,"HKD",19428.359375,19775.689453125,19428.359375,19591.4296875,19591.4296875,2364100000
"HSI","^HSI",2023-03-23,"HKD",19619.740234375,20051.259765625,19523.5,20049.640625,20049.640625,2531200000
"HSI","^HSI",2023-03-24,"HKD",19919.650390625,20118.2890625,19834.44921875,19915.6796875,19915.6796875,2306900000
"HSI","^HSI",2023-03-27,"HKD",19851.7890625,19938.76953125,19509.490234375,19567.689453125,19567.689453125,2503600000
"HSI","^HSI",2023-03-28,"HKD",19688.310546875,19875.109375,19559.470703125,19784.650390625,19784.650390625,1935100000
"HSI","^HSI",2023-03-29,"HKD",20348.640625,20437.689453125,20107.73046875,20192.400390625,20192.400390625,2597400000
"HSI","^HSI",2023-03-30,"HKD",20216.7890625,20320.01953125,20017.169921875,20309.130859375,20309.130859375,2982000000
"HSI","^HSI",2023-03-31,"HKD",20583.880859375,20721.970703125,20357.41015625,20400.109375,20400.109375,3045000000
"HSI","^HSI",2023-04-03,"HKD",20379.5,20475.4296875,20226.94921875,20409.1796875,20409.1796875,2651200000
"HSI","^HSI",2023-04-04,"HKD",20364.359375,20364.359375,20126.900390625,20274.58984375,20274.58984375,2415300000
"HSI","^HSI",2023-04-06,"HKD",20146.220703125,20343.859375,20099.48046875,20331.19921875,20331.19921875,2143200000
"HSI","^HSI",2023-04-11,"HKD",20566.58984375,20750.73046875,20293.369140625,20485.240234375,20485.240234375,3064200000
"HSI","^HSI",2023-04-12,"HKD",20481.529296875,20494.810546875,20236.919921875,20309.859375,20309.859375,2351900000
"HSI","^HSI",2023-04-13,"HKD",19977.9609375,20344.48046875,19885.529296875,20344.48046875,20344.48046875,2329700000
"HSI","^HSI",2023-04-14,"HKD",20422.720703125,20482.6796875,20297.16015625,20438.810546875,20438.810546875,2086300000
"HSI","^HSI",2023-04-17,"HKD",20374.509765625,20864.740234375,20299.150390625,20782.44921875,20782.44921875,3411200000
"HSI","^HSI",2023-04-18,"HKD",20643.41015625,20742.390625,20559.080078125,20650.509765625,20650.509765625,2349700000
"HSI","^HSI",2023-04-19,"HKD",20633,20633,20336.7109375,20367.759765625,20367.759765625,2183700000
"HSI","^HSI",2023-04-20,"HKD",20354.830078125,20472.5,20308.330078125,20396.970703125,20396.970703125,2047200000
"HSI","^HSI",2023-04-21,"HKD",20330.150390625,20378.900390625,19974.91015625,20075.73046875,20075.73046875,2494200000
"HSI","^HSI",2023-04-24,"HKD",20049.869140625,20146.369140625,19734.6796875,19959.939453125,19959.939453125,2247900000
"HSI","^HSI",2023-04-25,"HKD",19903.529296875,19910.279296875,19527.630859375,19617.880859375,19617.880859375,2196300000
"HSI","^HSI",2023-04-26,"HKD",19520.970703125,19903.73046875,19520.970703125,19757.26953125,19757.26953125,1941000000
"HSI","^HSI",2023-04-27,"HKD",19736.349609375,19880.2890625,19662.599609375,19840.279296875,19840.279296875,2150500000
"HSI","^HSI",2023-04-28,"HKD",19936.01953125,20167.880859375,19879.0703125,19894.5703125,19894.5703125,2574900000
"HSI","^HSI",2023-05-02,"HKD",20122.900390625,20286.4609375,19761.130859375,19933.810546875,19933.810546875,1459400000
"HSI","^HSI",2023-05-03,"HKD",19686.150390625,19721.9609375,19538.720703125,19699.16015625,19699.16015625,1460700000
"HSI","^HSI",2023-05-04,"HKD",19695.73046875,19979.76953125,19695.73046875,19948.73046875,19948.73046875,3206300000
"HSI","^HSI",2023-05-05,"HKD",20061,20208.75,19968.41015625,20049.310546875,20049.310546875,3321200000
"HSI","^HSI",2023-05-08,"HKD",20128.1796875,20321.740234375,20081.69921875,20297.029296875,20297.029296875,4288100000
"HSI","^HSI",2023-05-09,"HKD",20252.130859375,20297.830078125,19817.779296875,19867.580078125,19867.580078125,4037900000
"HSI","^HSI",2023-05-10,"HKD",19860.5,19880.029296875,19696.58984375,19762.19921875,19762.19921875,2779500000
"HSI","^HSI",2023-05-11,"HKD",19842.98046875,19854.490234375,19567.619140625,19743.7890625,19743.7890625,2213800000
"HSI","^HSI",2023-05-12,"HKD",19850.83984375,19853.369140625,19596.490234375,19627.240234375,19627.240234375,2284200000
"HSI","^HSI",2023-05-15,"HKD",19525.060546875,20063.349609375,19498.0390625,19971.130859375,19971.130859375,2580100000
"HSI","^HSI",2023-05-16,"HKD",20183.279296875,20183.279296875,19891.490234375,19978.25,19978.25,1720900000
"HSI","^HSI",2023-05-17,"HKD",19956.130859375,19987.9296875,19538.08984375,19560.5703125,19560.5703125,2258000000
"HSI","^HSI",2023-05-18,"HKD",19702.73046875,19894.23046875,19630.759765625,19727.25,19727.25,2095400000
"HSI","^HSI",2023-05-19,"HKD",19535.490234375,19610.720703125,19352.810546875,19450.5703125,19450.5703125,1947200000
"HSI","^HSI",2023-05-22,"HKD",19479.060546875,19806.439453125,19410.0703125,19678.169921875,19678.169921875,1677900000
"HSI","^HSI",2023-05-23,"HKD",19713.4609375,19769.140625,19363.5,19431.25,19431.25,1888500000
"HSI","^HSI",2023-05-24,"HKD",19279.390625,19304.19921875,19046.80078125,19115.9296875,19115.9296875,2476700000
"HSI","^HSI",2023-05-25,"HKD",18930.23046875,18930.23046875,18620.83984375,18746.919921875,18746.919921875,2792400000
"HSI","^HSI",2023-05-29,"HKD",18827.080078125,18879.08984375,18517.859375,18551.109375,18551.109375,2196600000
"HSI","^HSI",2023-05-30,"HKD",18574.189453125,18666.7109375,18369.9296875,18595.779296875,18595.779296875,2245000000
"HSI","^HSI",2023-05-31,"HKD",18415,18415,18044.859375,18234.26953125,18234.26953125,4372900000
"HSI","^HSI",2023-06-01,"HKD",18190.26953125,18465.640625,18190.26953125,18216.91015625,18216.91015625,2622800000
"HSI","^HSI",2023-06-02,"HKD",18566.810546875,19024.91015625,18548.30078125,18949.939453125,18949.939453125,3731500000
"HSI","^HSI",2023-06-05,"HKD",19014.9609375,19123.80078125,18896.130859375,19108.5,19108.5,2096400000
"HSI","^HSI",2023-06-06,"HKD",19117.109375,19377.380859375,19033.849609375,19099.279296875,19099.279296875,2263600000
"HSI","^HSI",2023-06-07,"HKD",19327.150390625,19410.48046875,19196.08984375,19252,19252,2156100000
"HSI","^HSI",2023-06-08,"HKD",19227.83984375,19339.8203125,19087.66015625,19299.1796875,19299.1796875,2212100000
"HSI","^HSI",2023-06-09,"HKD",19333.4296875,19463.609375,19231.130859375,19389.94921875,19389.94921875,2003000000
"HSI","^HSI",2023-06-12,"HKD",19440.990234375,19440.990234375,19255.650390625,19404.310546875,19404.310546875,1688200000
"HSI","^HSI",2023-06-13,"HKD",19355.650390625,19572.419921875,19273.419921875,19521.419921875,19521.419921875,2466300000
"HSI","^HSI",2023-06-14,"HKD",19547.580078125,19641.16015625,19352.33984375,19408.419921875,19408.419921875,2482600000
"HSI","^HSI",2023-06-15,"HKD",19626.80078125,19832.19921875,19510.759765625,19828.919921875,19828.919921875,2657500000
"HSI","^HSI",2023-06-16,"HKD",19915.439453125,20155.919921875,19876.419921875,20040.369140625,20040.369140625,3582400000
"HSI","^HSI",2023-06-19,"HKD",19983.400390625,20000.220703125,19718.4296875,19912.890625,19912.890625,1906100000
"HSI","^HSI",2023-06-20,"HKD",19863.859375,19863.859375,19504.630859375,19607.080078125,19607.080078125,2121700000
"HSI","^HSI",2023-06-21,"HKD",19305.240234375,19377.689453125,19174.16015625,19218.349609375,19218.349609375,1995600000
"HSI","^HSI",2023-06-23,"HKD",19135.01953125,19138.419921875,18800.33984375,18889.970703125,18889.970703125,1689300000
"HSI","^HSI",2023-06-26,"HKD",18845.900390625,19001.619140625,18767.150390625,18794.130859375,18794.130859375,2066100000
"HSI","^HSI",2023-06-27,"HKD",18851.66015625,19226.3203125,18842.419921875,19148.130859375,19148.130859375,2059500000
"HSI","^HSI",2023-06-28,"HKD",19099.390625,19222.130859375,19019.259765625,19172.05078125,19172.05078125,1675200000
"HSI","^HSI",2023-06-29,"HKD",19180.279296875,19180.279296875,18837.3203125,18934.359375,18934.359375,1690400000
"HSI","^HSI",2023-06-30,"HKD",18881.4296875,19070.109375,18838.619140625,18916.4296875,18916.4296875,1869600000
"HSI","^HSI",2023-07-03,"HKD",19002.55078125,19371.7109375,19002.55078125,19306.58984375,19306.58984375,2214400000
"HSI","^HSI",2023-07-04,"HKD",19289.060546875,19449.109375,19253.220703125,19415.6796875,19415.6796875,1987400000
"HSI","^HSI",2023-07-05,"HKD",19355.060546875,19378.900390625,19095.599609375,19110.380859375,19110.380859375,2432600000
"HSI","^HSI",2023-07-06,"HKD",18840.41015625,18973.009765625,18483.080078125,18533.05078125,18533.05078125,3277100000
"HSI","^HSI",2023-07-07,"HKD",18435.4609375,18537.75,18279.73046875,18365.69921875,18365.69921875,2463300000
"HSI","^HSI",2023-07-10,"HKD",18747.5,18781.2109375,18417.630859375,18479.720703125,18479.720703125,1953500000
"HSI","^HSI",2023-07-11,"HKD",18671.419921875,18806.55078125,18573.669921875,18659.830078125,18659.830078125,2114900000
"HSI","^HSI",2023-07-12,"HKD",18797.009765625,18932.1796875,18739.599609375,18860.94921875,18860.94921875,1818300000
"HSI","^HSI",2023-07-13,"HKD",19181.310546875,19368.919921875,19163.2109375,19350.619140625,19350.619140625,2729800000
"HSI","^HSI",2023-07-14,"HKD",19534.8203125,19534.8203125,19364.599609375,19413.779296875,19413.779296875,2460100000
"HSI","^HSI",2023-07-18,"HKD",19324.33984375,19324.33984375,18979.919921875,19015.720703125,19015.720703125,2591200000
"HSI","^HSI",2023-07-19,"HKD",18826.58984375,19004.419921875,18711.029296875,18952.310546875,18952.310546875,1983000000
"HSI","^HSI",2023-07-20,"HKD",19003.279296875,19215.740234375,18888.759765625,18928.01953125,18928.01953125,1807900000
"HSI","^HSI",2023-07-21,"HKD",18918.69921875,19169.75,18886.4296875,19075.259765625,19075.259765625,1637000000
"HSI","^HSI",2023-07-24,"HKD",18867.609375,18946.560546875,18562.119140625,18668.150390625,18668.150390625,2212900000
"HSI","^HSI",2023-07-25,"HKD",19172.279296875,19465.26953125,19111.8203125,19434.400390625,19434.400390625,3670900000
"HSI","^HSI",2023-07-26,"HKD",19340.76953125,19404.5,19245.66015625,19365.140625,19365.140625,2136500000
"HSI","^HSI",2023-07-27,"HKD",19502.08984375,19685.7890625,19482.470703125,19639.109375,19639.109375,3028800000
"HSI","^HSI",2023-07-28,"HKD",19418.48046875,19940.58984375,19381.900390625,19916.560546875,19916.560546875,3094900000
"HSI","^HSI",2023-07-31,"HKD",20237.529296875,20361.029296875,20019.7890625,20078.939453125,20078.939453125,4327900000
"HSI","^HSI",2023-08-01,"HKD",20211.19921875,20331.279296875,19891.810546875,20011.119140625,20011.119140625,3013600000
"HSI","^HSI",2023-08-02,"HKD",19902.76953125,19981,19475.150390625,19517.380859375,19517.380859375,2958200000
"HSI","^HSI",2023-08-03,"HKD",19404.140625,19650.16015625,19369.060546875,19420.869140625,19420.869140625,2488100000
"HSI","^HSI",2023-08-04,"HKD",19671.130859375,19857.390625,19461.609375,19539.4609375,19539.4609375,2771500000
"HSI","^HSI",2023-08-07,"HKD",19474.66015625,19581.8203125,19352.349609375,19537.919921875,19537.919921875,2277000000
"HSI","^HSI",2023-08-08,"HKD",19308.55078125,19370.80078125,19112.609375,19184.169921875,19184.169921875,3491000000
"HSI","^HSI",2023-08-09,"HKD",19059.580078125,19270.48046875,19056.099609375,19246.029296875,19246.029296875,2264200000
"HSI","^HSI",2023-08-10,"HKD",19125,19315.169921875,19030.390625,19248.259765625,19248.259765625,2598300000
"HSI","^HSI",2023-08-11,"HKD",19319.91015625,19346.2890625,19049.919921875,19075.189453125,19075.189453125,3363800000
"HSI","^HSI",2023-08-14,"HKD",18697.330078125,18792.720703125,18554.509765625,18773.55078125,18773.55078125,3890500000
"HSI","^HSI",2023-08-15,"HKD",18599.19921875,18745.8203125,18513.779296875,18581.109375,18581.109375,2668400000
"HSI","^HSI",2023-08-16,"HKD",18356.650390625,18440.9609375,18261.849609375,18329.30078125,18329.30078125,2823600000
"HSI","^HSI",2023-08-17,"HKD",18023.109375,18399.19921875,17900.76953125,18326.630859375,18326.630859375,3160900000
"HSI","^HSI",2023-08-18,"HKD",18208.98046875,18336.41015625,17936.4296875,17950.849609375,17950.849609375,3049400000
"HSI","^HSI",2023-08-21,"HKD",17798.470703125,17867.66015625,17587.380859375,17623.2890625,17623.2890625,3141900000
"HSI","^HSI",2023-08-22,"HKD",17641.859375,17965.259765625,17573.69921875,17791.009765625,17791.009765625,2895700000
"HSI","^HSI",2023-08-23,"HKD",17762.759765625,18000.529296875,17730.7890625,17845.919921875,17845.919921875,2499700000
"HSI","^HSI",2023-08-24,"HKD",17992.73046875,18272.94921875,17945.009765625,18212.169921875,18212.169921875,2758900000
"HSI","^HSI",2023-08-25,"HKD",18037.599609375,18137.650390625,17969.41015625,18119.390625,18119.390625,2467700000
"HSI","^HSI",2023-08-28,"HKD",18519.080078125,18564.4296875,18113.23046875,18130.740234375,18130.740234375,2985800000
"HSI","^HSI",2023-08-29,"HKD",18261.689453125,18583.80078125,18239.919921875,18484.029296875,18484.029296875,3071200000
"HSI","^HSI",2023-08-30,"HKD",18659.9609375,18742.140625,18427.220703125,18482.859375,18482.859375,3288700000
"HSI","^HSI",2023-08-31,"HKD",18580.470703125,18667.1796875,18312.759765625,18382.060546875,18382.060546875,4074900000
"HSI","^HSI",2023-09-04,"HKD",18592.529296875,18899.490234375,18575.44921875,18844.16015625,18844.16015625,4040300000
"HSI","^HSI",2023-09-05,"HKD",18717.419921875,18725.5,18431.720703125,18456.91015625,18456.91015625,2315700000
"HSI","^HSI",2023-09-06,"HKD",18405.08984375,18492.58984375,18256.099609375,18449.98046875,18449.98046875,2352900000
"HSI","^HSI",2023-09-07,"HKD",18437.48046875,18437.48046875,18173.439453125,18202.0703125,18202.0703125,2123300000
"HSI","^HSI",2023-09-11,"HKD",17941.650390625,18164.609375,17842.369140625,18096.44921875,18096.44921875,2522400000
"HSI","^HSI",2023-09-12,"HKD",18015.560546875,18145.580078125,17892.009765625,18025.890625,18025.890625,1887100000
"HSI","^HSI",2023-09-13,"HKD",18131.099609375,18200.51953125,17954.970703125,18009.220703125,18009.220703125,1866000000
"HSI","^HSI",2023-09-14,"HKD",18101.9609375,18173.5390625,17928.630859375,18047.919921875,18047.919921875,2013800000
"HSI","^HSI",2023-09-15,"HKD",18154.009765625,18372.650390625,18030.7890625,18182.890625,18182.890625,2781400000
"HSI","^HSI",2023-09-18,"HKD",18069.0390625,18114.8203125,17894.810546875,17930.55078125,17930.55078125,1691500000
"HSI","^HSI",2023-09-19,"HKD",17942.0703125,18004.740234375,17832.30078125,17997.169921875,17997.169921875,1778200000
"HSI","^HSI",2023-09-20,"HKD",17939.25,17995.380859375,17833.19921875,17885.599609375,17885.599609375,1657100000
"HSI","^HSI",2023-09-21,"HKD",17795.80078125,17823.8203125,17623.869140625,17655.41015625,17655.41015625,2046400000
"HSI","^HSI",2023-09-22,"HKD",17578.259765625,18078.689453125,17573.810546875,18057.44921875,18057.44921875,1924100000
"HSI","^HSI",2023-09-25,"HKD",18046.890625,18046.890625,17722.490234375,17729.2890625,17729.2890625,1552400000
"HSI","^HSI",2023-09-26,"HKD",17661.849609375,17718.1796875,17379.439453125,17466.900390625,17466.900390625,1909400000
"HSI","^HSI",2023-09-27,"HKD",17472.109375,17655.310546875,17472.109375,17611.869140625,17611.869140625,1571600000
"HSI","^HSI",2023-09-28,"HKD",17587.080078125,17627.73046875,17352.830078125,17373.029296875,17373.029296875,1997100000
"HSI","^HSI",2023-09-29,"HKD",17484.94921875,17935.150390625,17482.390625,17809.66015625,17809.66015625,1839900000
"HSI","^HSI",2023-10-03,"HKD",17546.390625,17546.390625,17212.869140625,17331.220703125,17331.220703125,2102900000
"HSI","^HSI",2023-10-04,"HKD",17266.8203125,17266.8203125,17094,17195.83984375,17195.83984375,1294700000
"HSI","^HSI",2023-10-05,"HKD",17249.970703125,17336.4296875,17197.609375,17213.869140625,17213.869140625,1088300000
"HSI","^HSI",2023-10-06,"HKD",17370.029296875,17603.80078125,17370.029296875,17485.98046875,17485.98046875,1141200000
"HSI","^HSI",2023-10-09,"HKD",17500.369140625,17633.189453125,17447.759765625,17517.400390625,17517.400390625,1221300000
"HSI","^HSI",2023-10-10,"HKD",17726.630859375,17916.619140625,17638.009765625,17664.73046875,17664.73046875,1596800000
"HSI","^HSI",2023-10-11,"HKD",17956.830078125,18022.44921875,17889.7109375,17893.099609375,17893.099609375,2029100000
"HSI","^HSI",2023-10-12,"HKD",18258.259765625,18290.91015625,18175.349609375,18238.2109375,18238.2109375,3861600000
"HSI","^HSI",2023-10-13,"HKD",17946.76953125,18013.669921875,17776.94921875,17813.44921875,17813.44921875,2139700000
"HSI","^HSI",2023-10-16,"HKD",17803.310546875,17858.1796875,17601.5,17640.359375,17640.359375,1904600000
"HSI","^HSI",2023-10-17,"HKD",17806.23046875,17815.7109375,17671.990234375,17773.33984375,17773.33984375,1731000000
"HSI","^HSI",2023-10-18,"HKD",17728.25,17831.1796875,17625.890625,17732.51953125,17732.51953125,1937500000
"HSI","^HSI",2023-10-19,"HKD",17540.4609375,17540.4609375,17292.359375,17295.890625,17295.890625,2272500000
"HSI","^HSI",2023-10-20,"HKD",17127.259765625,17309.740234375,17118.0703125,17172.130859375,17172.130859375,1989900000
"HSI","^HSI",2023-10-24,"HKD",17053.150390625,17139.529296875,16879.66015625,16991.529296875,16991.529296875,2116200000
"HSI","^HSI",2023-10-25,"HKD",17465.4296875,17465.8203125,17001.4296875,17085.330078125,17085.330078125,2499900000
"HSI","^HSI",2023-10-26,"HKD",17085.119140625,17174.080078125,16917.220703125,17044.609375,17044.609375,1967200000
"HSI","^HSI",2023-10-27,"HKD",17160.23046875,17497.720703125,17078.240234375,17398.73046875,17398.73046875,2452100000
"HSI","^HSI",2023-10-30,"HKD",17225.650390625,17406.359375,17225.650390625,17406.359375,17406.359375,2665200000
"HSI","^HSI",2023-10-31,"HKD",17337.69921875,17337.69921875,17042.099609375,17112.48046875,17112.48046875,2112800000
"HSI","^HSI",2023-11-01,"HKD",17139.400390625,17188.849609375,16979.259765625,17101.779296875,17101.779296875,1529300000
"HSI","^HSI",2023-11-02,"HKD",17282.390625,17459.4296875,17176.009765625,17230.58984375,17230.58984375,1802700000
"HSI","^HSI",2023-11-03,"HKD",17405.91015625,17729.4296875,17352.599609375,17664.119140625,17664.119140625,1998700000
"HSI","^HSI",2023-11-06,"HKD",17913.5390625,18037.939453125,17899.349609375,17966.58984375,17966.58984375,2764100000
"HSI","^HSI",2023-11-07,"HKD",17850.58984375,17890.630859375,17658.91015625,17670.16015625,17670.16015625,1971200000
"HSI","^HSI",2023-11-08,"HKD",17650.509765625,17753.58984375,17537.19921875,17568.4609375,17568.4609375,2140800000
"HSI","^HSI",2023-11-09,"HKD",17553.259765625,17617.26953125,17457,17511.2890625,17511.2890625,1643800000
"HSI","^HSI",2023-11-10,"HKD",17350.869140625,17350.869140625,17177.529296875,17203.259765625,17203.259765625,1674500000
"HSI","^HSI",2023-11-13,"HKD",17263,17456.080078125,17126.609375,17426.2109375,17426.2109375,1440300000
"HSI","^HSI",2023-11-14,"HKD",17495.099609375,17565.220703125,17358.890625,17396.859375,17396.859375,1449300000
"HSI","^HSI",2023-11-15,"HKD",17836.650390625,18102.279296875,17766.220703125,18079,18079,2908700000
"HSI","^HSI",2023-11-16,"HKD",18174.689453125,18174.689453125,17722.859375,17832.8203125,17832.8203125,1880200000
"HSI","^HSI",2023-11-17,"HKD",17584.3203125,17631.0390625,17413.4609375,17454.189453125,17454.189453125,1945000000
"HSI","^HSI",2023-11-20,"HKD",17625.83984375,17788.900390625,17532.73046875,17778.0703125,17778.0703125,1964600000
"HSI","^HSI",2023-11-21,"HKD",17932.5390625,18057.619140625,17689.009765625,17733.890625,17733.890625,2090400000
"HSI","^HSI",2023-11-22,"HKD",17736.400390625,17796.859375,17650.490234375,17734.599609375,17734.599609375,1235800000
"HSI","^HSI",2023-11-23,"HKD",17680.05078125,17927.359375,17577.310546875,17910.83984375,17910.83984375,1672000000
"HSI","^HSI",2023-11-24,"HKD",17771.75,17771.75,17545.609375,17559.419921875,17559.419921875,1298200000
"HSI","^HSI",2023-11-27,"HKD",17677.51953125,17677.51953125,17358.240234375,17525.060546875,17525.060546875,1502700000
"HSI","^HSI",2023-11-28,"HKD",17541.48046875,17541.48046875,17303.8203125,17354.140625,17354.140625,1785800000
"HSI","^HSI",2023-11-29,"HKD",17359.080078125,17359.080078125,16881.98046875,16993.439453125,16993.439453125,2810100000
"HSI","^HSI",2023-11-30,"HKD",16985.1796875,17068.259765625,16863.05078125,17042.880859375,17042.880859375,3014000000
"HSI","^HSI",2023-12-01,"HKD",17019.169921875,17038.98046875,16830.30078125,16830.30078125,16830.30078125,2434400000
"HSI","^HSI",2023-12-04,"HKD",16919.080078125,16941.91015625,16617.029296875,16646.05078125,16646.05078125,2476100000
"HSI","^HSI",2023-12-05,"HKD",16606.5390625,16606.5390625,16228.51953125,16327.8603515625,16327.8603515625,2682400000
"HSI","^HSI",2023-12-06,"HKD",16311.9599609375,16600.359375,16234.83984375,16463.259765625,16463.259765625,1986800000
"HSI","^HSI",2023-12-07,"HKD",16376.4404296875,16376.4404296875,16157.98046875,16345.8896484375,16345.8896484375,1947300000
"HSI","^HSI",2023-12-08,"HKD",16373.4404296875,16464.140625,16249.150390625,16334.3701171875,16334.3701171875,1877200000
"HSI","^HSI",2023-12-11,"HKD",16149.0595703125,16276.8798828125,15972.3095703125,16201.490234375,16201.490234375,2532300000
"HSI","^HSI",2023-12-12,"HKD",16236.0595703125,16420.970703125,16157.6796875,16374.5,16374.5,1980800000
"HSI","^HSI",2023-12-13,"HKD",16311.7099609375,16326.9501953125,16145.25,16228.75,16228.75,1863300000
"HSI","^HSI",2023-12-14,"HKD",16419.740234375,16577.75,16319.2197265625,16402.189453125,16402.189453125,2341700000
"HSI","^HSI",2023-12-15,"HKD",16610.69921875,16964.330078125,16610.69921875,16792.189453125,16792.189453125,3900300000
"HSI","^HSI",2023-12-18,"HKD",16669.8203125,16713.41015625,16572.880859375,16629.23046875,16629.23046875,1566600000
"HSI","^HSI",2023-12-19,"HKD",16551.439453125,16579.55078125,16408.01953125,16505,16505,1521500000
"HSI","^HSI",2023-12-20,"HKD",16647.94921875,16741.05078125,16549.490234375,16613.810546875,16613.810546875,1647300000
"HSI","^HSI",2023-12-21,"HKD",16455.140625,16649.5703125,16444.73046875,16621.130859375,16621.130859375,1404400000
"HSI","^HSI",2023-12-22,"HKD",16743.060546875,16857.83984375,16271.5,16340.41015625,16340.41015625,2197600000
"HSI","^HSI",2023-12-27,"HKD",16561.779296875,16673.5703125,16439.259765625,16624.83984375,16624.83984375,2228100000
"HSI","^HSI",2023-12-28,"HKD",16678.23046875,17086.099609375,16644.4296875,17043.529296875,17043.529296875,2301300000
"HSI","^HSI",2023-12-29,"HKD",17066.51953125,17095.119140625,16950.900390625,17047.390625,17047.390625,1570100000
"HSI","^HSI",2024-01-02,"HKD",17135.119140625,17135.119140625,16725.279296875,16788.55078125,16788.55078125,1720700000
"HSI","^HSI",2024-01-03,"HKD",16624.919921875,16657.509765625,16564.80078125,16646.41015625,16646.41015625,1577500000
"HSI","^HSI",2024-01-04,"HKD",16673.400390625,16673.400390625,16516.330078125,16645.98046875,16645.98046875,1789300000
"HSI","^HSI",2024-01-05,"HKD",16573.119140625,16745.73046875,16455.5703125,16535.330078125,16535.330078125,1936600000
"HSI","^HSI",2024-01-08,"HKD",16581.859375,16592.060546875,16144.5595703125,16224.4501953125,16224.4501953125,2227200000
"HSI","^HSI",2024-01-09,"HKD",16256.099609375,16414.7890625,16190.01953125,16190.01953125,16190.01953125,1937400000
"HSI","^HSI",2024-01-10,"HKD",16143.9697265625,16247.2998046875,16036.419921875,16097.2802734375,16097.2802734375,1788100000
"HSI","^HSI",2024-01-11,"HKD",16154.169921875,16459.919921875,16106.830078125,16302.0400390625,16302.0400390625,1970900000
"HSI","^HSI",2024-01-12,"HKD",16216.9697265625,16393.740234375,16185.91015625,16244.580078125,16244.580078125,1534600000
"HSI","^HSI",2024-01-15,"HKD",16258.2802734375,16334.7099609375,16104.5,16216.330078125,16216.330078125,1368400000
"HSI","^HSI",2024-01-16,"HKD",16030.25,16197.0400390625,15834.41015625,15865.919921875,15865.919921875,2139200000
"HSI","^HSI",2024-01-17,"HKD",15764.3798828125,15764.3798828125,15194.9404296875,15276.900390625,15276.900390625,3952300000
"HSI","^HSI",2024-01-18,"HKD",15301.1904296875,15463.6904296875,15183.9599609375,15391.7900390625,15391.7900390625,2816000000
"HSI","^HSI",2024-01-19,"HKD",15404.6904296875,15540.75,15207.990234375,15308.6904296875,15308.6904296875,2242300000
"HSI","^HSI",2024-01-22,"HKD",15349.0498046875,15362.91015625,14794.16015625,14961.1796875,14961.1796875,2812400000
"HSI","^HSI",2024-01-23,"HKD",15038.330078125,15516.7998046875,14994.3701171875,15353.98046875,15353.98046875,2804000000
"HSI","^HSI",2024-01-24,"HKD",15602.4501953125,15975.1103515625,15412.099609375,15899.8701171875,15899.8701171875,3597700000
"HSI","^HSI",2024-01-25,"HKD",15989.9404296875,16254.9296875,15828.9296875,16211.9599609375,16211.9599609375,4096400000
"HSI","^HSI",2024-01-26,"HKD",16158.7197265625,16240.9599609375,15888.0400390625,15952.23046875,15952.23046875,3314000000
"HSI","^HSI",2024-01-29,"HKD",16046.25,16258.4501953125,16012.58984375,16077.240234375,16077.240234375,2923200000
"HSI","^HSI",2024-01-30,"HKD",15896.66015625,15896.66015625,15654.9697265625,15703.4501953125,15703.4501953125,2565500000
"HSI","^HSI",2024-01-31,"HKD",15652.0498046875,15744.0400390625,15411.66015625,15485.0703125,15485.0703125,2594900000
"HSI","^HSI",2024-02-01,"HKD",15522.8603515625,15805.0595703125,15434.8203125,15566.2099609375,15566.2099609375,2454600000
"HSI","^HSI",2024-02-02,"HKD",15756.1201171875,15912.6103515625,15435.849609375,15533.5595703125,15533.5595703125,2476000000
"HSI","^HSI",2024-02-05,"HKD",15336.8603515625,15669.76953125,15336.8603515625,15510.009765625,15510.009765625,2313300000
"HSI","^HSI",2024-02-06,"HKD",15541.23046875,16154.0498046875,15541.23046875,16136.8701171875,16136.8701171875,3314200000
"HSI","^HSI",2024-02-07,"HKD",16282.3896484375,16408.150390625,16035.4296875,16081.8896484375,16081.8896484375,2809600000
"HSI","^HSI",2024-02-08,"HKD",15988.6201171875,16093.51953125,15821.8603515625,15878.0703125,15878.0703125,1940600000
"HSI","^HSI",2024-02-09,"HKD",15709.2998046875,15754.009765625,15531.0302734375,15746.580078125,15746.580078125,745500000
"HSI","^HSI",2024-02-14,"HKD",15579.41015625,15911.0498046875,15456.3203125,15879.3798828125,15879.3798828125,1403000000
"HSI","^HSI",2024-02-15,"HKD",15824.2099609375,16029.01953125,15751.3603515625,15944.6298828125,15944.6298828125,1056900000
"HSI","^HSI",2024-02-16,"HKD",16007.5400390625,16394.16015625,15937.2802734375,16339.9599609375,16339.9599609375,1743000000
"HSI","^HSI",2024-02-19,"HKD",16334.4697265625,16334.4697265625,16137.98046875,16155.6103515625,16155.6103515625,2185800000
"HSI","^HSI",2024-02-20,"HKD",16222.08984375,16274.5595703125,16055.080078125,16247.509765625,16247.509765625,2205900000
"HSI","^HSI",2024-02-21,"HKD",16182.9296875,16756.009765625,16138.8095703125,16503.099609375,16503.099609375,3844300000
"HSI","^HSI",2024-02-22,"HKD",16489.83984375,16742.94921875,16424.7890625,16742.94921875,16742.94921875,2739700000
"HSI","^HSI",2024-02-23,"HKD",16654.6796875,16895.8203125,16654.6796875,16725.859375,16725.859375,2903100000
"HSI","^HSI",2024-02-26,"HKD",16684.9609375,16777.41015625,16590.7109375,16634.740234375,16634.740234375,2253500000
"HSI","^HSI",2024-02-27,"HKD",16645.630859375,16828.669921875,16453.5,16790.80078125,16790.80078125,2423900000
"HSI","^HSI",2024-02-28,"HKD",16833.609375,16844.330078125,16517.83984375,16536.849609375,16536.849609375,2587700000
"HSI","^HSI",2024-02-29,"HKD",16429.5703125,16695.359375,16429.5703125,16511.439453125,16511.439453125,3380800000
"HSI","^HSI",2024-03-01,"HKD",16390.890625,16651.669921875,16321.1201171875,16589.439453125,16589.439453125,2880700000
"HSI","^HSI",2024-03-04,"HKD",16629.55078125,16645.9609375,16473.650390625,16595.970703125,16595.970703125,2519000000
"HSI","^HSI",2024-03-05,"HKD",16343.9501953125,16450.369140625,16095.6796875,16162.6396484375,16162.6396484375,2697900000
"HSI","^HSI",2024-03-06,"HKD",16167.4501953125,16545.05078125,16145.2197265625,16438.08984375,16438.08984375,2488700000
"HSI","^HSI",2024-03-07,"HKD",16417.76953125,16512.41015625,16136.1201171875,16229.7802734375,16229.7802734375,2535400000
"HSI","^HSI",2024-03-08,"HKD",16275.3896484375,16489.73046875,16275.3896484375,16353.3896484375,16353.3896484375,2596300000
"HSI","^HSI",2024-03-11,"HKD",16416.169921875,16625.640625,16416.169921875,16587.5703125,16587.5703125,2494000000
"HSI","^HSI",2024-03-12,"HKD",16701.94921875,17154.869140625,16613.44921875,17093.5,17093.5,4001800000
"HSI","^HSI",2024-03-13,"HKD",17059.109375,17214.669921875,17050.869140625,17082.109375,17082.109375,2801000000
"HSI","^HSI",2024-03-14,"HKD",17120.5390625,17209.8203125,16878.109375,16961.66015625,16961.66015625,2699100000
"HSI","^HSI",2024-03-15,"HKD",16758.359375,16821.130859375,16550.419921875,16720.890625,16720.890625,3776700000
"HSI","^HSI",2024-03-18,"HKD",16690.259765625,16801.640625,16641.580078125,16737.119140625,16737.119140625,2241800000
"HSI","^HSI",2024-03-19,"HKD",16628.0703125,16682.5390625,16492.08984375,16529.48046875,16529.48046875,2433600000
"HSI","^HSI",2024-03-20,"HKD",16559.009765625,16654.080078125,16430.119140625,16543.0703125,16543.0703125,2291700000
"HSI","^HSI",2024-03-21,"HKD",16762.830078125,16973.51953125,16762.830078125,16863.099609375,16863.099609375,3221000000
"HSI","^HSI",2024-03-22,"HKD",16745.26953125,16747.19921875,16341.6103515625,16499.470703125,16499.470703125,3110400000
"HSI","^HSI",2024-03-25,"HKD",16531.94921875,16612.640625,16441.30078125,16473.640625,16473.640625,2624500000
"HSI","^HSI",2024-03-26,"HKD",16548.5,16728.900390625,16452.55078125,16618.3203125,16618.3203125,2745800000
"HSI","^HSI",2024-03-27,"HKD",16530.439453125,16612,16354.8095703125,16392.83984375,16392.83984375,2769900000
"HSI","^HSI",2024-03-28,"HKD",16378.400390625,16725.609375,16345.900390625,16541.419921875,16541.419921875,3203400000
"HSI","^HSI",2024-04-02,"HKD",16811.740234375,17007.33984375,16811.740234375,16931.51953125,16931.51953125,3983100000
"HSI","^HSI",2024-04-03,"HKD",16926.849609375,16926.849609375,16689.189453125,16725.099609375,16725.099609375,2667400000
"HSI","^HSI",2024-04-05,"HKD",16787.9296875,16839.55078125,16480.359375,16723.919921875,16723.919921875,1804400000
"HSI","^HSI",2024-04-08,"HKD",16650.830078125,16895.060546875,16580.529296875,16732.849609375,16732.849609375,2636800000
"HSI","^HSI",2024-04-09,"HKD",16819.1796875,17006.849609375,16805.990234375,16828.0703125,16828.0703125,2120100000
"HSI","^HSI",2024-04-10,"HKD",16926.01953125,17190.5,16918.359375,17139.169921875,17139.169921875,2549100000
"HSI","^HSI",2024-04-11,"HKD",16856.189453125,17141.359375,16856.189453125,17095.029296875,17095.029296875,2480500000
"HSI","^HSI",2024-04-12,"HKD",16978.69921875,17031.310546875,16721.689453125,16721.689453125,16721.689453125,2840300000
"HSI","^HSI",2024-04-15,"HKD",16487.359375,16647.08984375,16465.400390625,16600.4609375,16600.4609375,2561800000
"HSI","^HSI",2024-04-16,"HKD",16367.6904296875,16449.240234375,16208.6396484375,16248.9697265625,16248.9697265625,3092900000
"HSI","^HSI",2024-04-17,"HKD",16225.5400390625,16316.6904296875,16155.830078125,16251.83984375,16251.83984375,2450500000
"HSI","^HSI",2024-04-18,"HKD",16253.240234375,16507.599609375,16206.5498046875,16385.869140625,16385.869140625,3228000000
"HSI","^HSI",2024-04-19,"HKD",16246.33984375,16254.900390625,16044.4501953125,16224.1396484375,16224.1396484375,3393700000
"HSI","^HSI",2024-04-22,"HKD",16410.830078125,16637.8203125,16410.830078125,16511.689453125,16511.689453125,2915100000
"HSI","^HSI",2024-04-23,"HKD",16679.390625,16846.130859375,16599.2109375,16828.9296875,16828.9296875,2993700000
"HSI","^HSI",2024-04-24,"HKD",16993.169921875,17217.859375,16934.650390625,17201.26953125,17201.26953125,3314800000
"HSI","^HSI",2024-04-25,"HKD",17144.119140625,17438.830078125,17109.5703125,17284.5390625,17284.5390625,3147300000
"HSI","^HSI",2024-04-26,"HKD",17336.19921875,17758.240234375,17336.19921875,17651.150390625,17651.150390625,3851000000
"HSI","^HSI",2024-04-29,"HKD",17737.9296875,18031.16015625,17679.189453125,17746.91015625,17746.91015625,4850900000
"HSI","^HSI",2024-04-30,"HKD",17843.439453125,17902.01953125,17686.939453125,17763.029296875,17763.029296875,3680000000
"HSI","^HSI",2024-05-02,"HKD",17760.6796875,18217.8203125,17740.619140625,18207.130859375,18207.130859375,2425000000
"HSI","^HSI",2024-05-03,"HKD",18543.30078125,18604.169921875,18362.220703125,18475.919921875,18475.919921875,2476100000
"HSI","^HSI",2024-05-06,"HKD",18488.55078125,18590.169921875,18389.5390625,18578.30078125,18578.30078125,3438600000
"HSI","^HSI",2024-05-07,"HKD",18577.55078125,18638.810546875,18411.01953125,18479.369140625,18479.369140625,2494400000
"HSI","^HSI",2024-05-08,"HKD",18510.5390625,18606.560546875,18298.359375,18313.859375,18313.859375,2911700000
"HSI","^HSI",2024-05-09,"HKD",18306.25,18560.759765625,18278.109375,18537.810546875,18537.810546875,2905000000
"HSI","^HSI",2024-05-10,"HKD",18669.4296875,18993.279296875,18657.509765625,18963.6796875,18963.6796875,6506900000
"HSI","^HSI",2024-05-13,"HKD",18904.580078125,19123.48046875,18827.599609375,19115.060546875,19115.060546875,3760600000
"HSI","^HSI",2024-05-14,"HKD",19203.8203125,19301.130859375,19072.640625,19073.7109375,19073.7109375,3455200000
"HSI","^HSI",2024-05-16,"HKD",19262.7890625,19442.900390625,19114.380859375,19376.529296875,19376.529296875,5813500000
"HSI","^HSI",2024-05-17,"HKD",19525.119140625,19602.240234375,19342.9609375,19553.609375,19553.609375,4376100000
"HSI","^HSI",2024-05-20,"HKD",19621.4296875,19706.119140625,19574.560546875,19636.220703125,19636.220703125,3501200000
"HSI","^HSI",2024-05-21,"HKD",19473.669921875,19487.359375,19175.80078125,19220.619140625,19220.619140625,3517200000
"HSI","^HSI",2024-05-22,"HKD",19225.259765625,19359.6796875,19149.41015625,19195.599609375,19195.599609375,2837600000
"HSI","^HSI",2024-05-23,"HKD",19024.41015625,19024.41015625,18776.2109375,18868.7109375,18868.7109375,3166000000
"HSI","^HSI",2024-05-24,"HKD",18742.279296875,18867.91015625,18532.41015625,18608.939453125,18608.939453125,3549000000
"HSI","^HSI",2024-05-27,"HKD",18606.01953125,18871.130859375,18504.529296875,18827.349609375,18827.349609375,2906100000
"HSI","^HSI",2024-05-28,"HKD",18814.009765625,19000.51953125,18776.099609375,18821.16015625,18821.16015625,2432700000
"HSI","^HSI",2024-05-29,"HKD",18659.41015625,18694.55078125,18425.08984375,18477.009765625,18477.009765625,3215600000
"HSI","^HSI",2024-05-30,"HKD",18423.779296875,18537.919921875,18163.2109375,18230.189453125,18230.189453125,3492800000
"HSI","^HSI",2024-05-31,"HKD",18409.619140625,18551.1796875,18077.390625,18079.609375,18079.609375,5337100000
"HSI","^HSI",2024-06-03,"HKD",18283.560546875,18573.810546875,18283.560546875,18403.0390625,18403.0390625,3140900000
"HSI","^HSI",2024-06-04,"HKD",18335.44921875,18541.029296875,18335.44921875,18444.109375,18444.109375,2971500000
"HSI","^HSI",2024-06-05,"HKD",18489.779296875,18724.619140625,18375.26953125,18424.9609375,18424.9609375,3250800000
"HSI","^HSI",2024-06-06,"HKD",18577.580078125,18700.6796875,18383.80078125,18476.80078125,18476.80078125,2797700000
"HSI","^HSI",2024-06-07,"HKD",18562.48046875,18575.689453125,18302.330078125,18366.94921875,18366.94921875,3310100000
"HSI","^HSI",2024-06-11,"HKD",18163.119140625,18267.689453125,17994.099609375,18176.33984375,18176.33984375,3528500000
"HSI","^HSI",2024-06-12,"HKD",18032.400390625,18063.720703125,17848.759765625,17937.83984375,17937.83984375,3139500000
"HSI","^HSI",2024-06-13,"HKD",18104.130859375,18173.529296875,17971.5703125,18112.630859375,18112.630859375,2331300000
"HSI","^HSI",2024-06-14,"HKD",18028.0703125,18109.890625,17927.16015625,17941.779296875,17941.779296875,2621300000
"HSI","^HSI",2024-06-17,"HKD",17848.869140625,18122.80078125,17752.9609375,17936.119140625,17936.119140625,2118400000
"HSI","^HSI",2024-06-18,"HKD",17961.890625,18043.48046875,17854.7890625,17915.55078125,17915.55078125,2550000000
"HSI","^HSI",2024-06-19,"HKD",18056.220703125,18448.66015625,18039.009765625,18430.390625,18430.390625,3513300000
"HSI","^HSI",2024-06-20,"HKD",18453.630859375,18520.369140625,18274.19921875,18335.3203125,18335.3203125,2682900000
"HSI","^HSI",2024-06-21,"HKD",18199.140625,18240.130859375,17968.369140625,18028.51953125,18028.51953125,3426200000
"HSI","^HSI",2024-06-24,"HKD",17906.359375,18032.669921875,17789.5703125,18027.7109375,18027.7109375,2716300000
"HSI","^HSI",2024-06-25,"HKD",18088.01953125,18231.4609375,17959.0703125,18072.900390625,18072.900390625,2333700000
"HSI","^HSI",2024-06-26,"HKD",17934.630859375,18156.349609375,17934.630859375,18089.9296875,18089.9296875,2308500000
"HSI","^HSI",2024-06-27,"HKD",17946,17961.919921875,17677.330078125,17716.470703125,17716.470703125,2806100000
"HSI","^HSI",2024-06-28,"HKD",17583.189453125,17865.470703125,17583.189453125,17718.609375,17718.609375,2826600000
"HSI","^HSI",2024-07-02,"HKD",17669.419921875,17986.140625,17669.419921875,17769.140625,17769.140625,3374300000
"HSI","^HSI",2024-07-03,"HKD",17841.76953125,18017.759765625,17808.26953125,17978.5703125,17978.5703125,3089700000
"HSI","^HSI",2024-07-04,"HKD",18079.720703125,18133.30078125,17942.080078125,18028.279296875,18028.279296875,2994600000
"HSI","^HSI",2024-07-05,"HKD",18035.76953125,18105.009765625,17799.609375,17799.609375,17799.609375,2886600000
"HSI","^HSI",2024-07-08,"HKD",17667.970703125,17735.580078125,17453.560546875,17524.060546875,17524.060546875,2349000000
"HSI","^HSI",2024-07-09,"HKD",17481,17617.640625,17376.48046875,17523.23046875,17523.23046875,2618900000
"HSI","^HSI",2024-07-10,"HKD",17613.5,17765.880859375,17455.080078125,17471.669921875,17471.669921875,2642000000
"HSI","^HSI",2024-07-11,"HKD",17629.130859375,17864.08984375,17621.05078125,17832.330078125,17832.330078125,2231600000
"HSI","^HSI",2024-07-12,"HKD",18020.169921875,18317.310546875,18020.169921875,18293.380859375,18293.380859375,3059000000
"HSI","^HSI",2024-07-15,"HKD",18201.48046875,18243.390625,17946.490234375,18015.939453125,18015.939453125,2326300000
"HSI","^HSI",2024-07-16,"HKD",17845.060546875,17899.55078125,17727.98046875,17727.98046875,17727.98046875,2335000000
"HSI","^HSI",2024-07-17,"HKD",17741.76953125,17807.6796875,17658.6796875,17739.41015625,17739.41015625,2757000000
"HSI","^HSI",2024-07-18,"HKD",17653.23046875,17864.119140625,17623.740234375,17778.41015625,17778.41015625,2018300000
"HSI","^HSI",2024-07-19,"HKD",17603.80078125,17629.970703125,17376.23046875,17417.6796875,17417.6796875,2811600000
"HSI","^HSI",2024-07-22,"HKD",17465.130859375,17693.349609375,17313.880859375,17635.880859375,17635.880859375,2133600000
"HSI","^HSI",2024-07-23,"HKD",17679.55078125,17707.6796875,17451.859375,17469.359375,17469.359375,2216500000
"HSI","^HSI",2024-07-24,"HKD",17454.4296875,17516.94921875,17251.259765625,17311.05078125,17311.05078125,2208200000
"HSI","^HSI",2024-07-25,"HKD",17260.830078125,17288.4609375,16964.51953125,17021.91015625,17021.91015625,2401400000
"HSI","^HSI",2024-07-26,"HKD",17079.669921875,17229.189453125,16924.580078125,17021.310546875,17021.310546875,2374200000
"HSI","^HSI",2024-07-29,"HKD",17196.44921875,17358.66015625,17154.119140625,17238.33984375,17238.33984375,2258400000
"HSI","^HSI",2024-07-30,"HKD",17194.369140625,17194.369140625,16971.599609375,17002.91015625,17002.91015625,2552700000
"HSI","^HSI",2024-07-31,"HKD",17070.859375,17400.240234375,17015.830078125,17344.599609375,17344.599609375,2679000000
"HSI","^HSI",2024-08-01,"HKD",17327.849609375,17408.94921875,17248.119140625,17304.9609375,17304.9609375,1933900000
"HSI","^HSI",2024-08-02,"HKD",17025.259765625,17075.51953125,16865.9296875,16945.509765625,16945.509765625,2433800000
"HSI","^HSI",2024-08-05,"HKD",16676.8203125,16944.58984375,16441.439453125,16698.359375,16698.359375,3667500000
"HSI","^HSI",2024-08-06,"HKD",16861.30078125,16908.970703125,16611.140625,16647.33984375,16647.33984375,2426000000
"HSI","^HSI",2024-08-07,"HKD",16684.779296875,16988.259765625,16684.779296875,16877.859375,16877.859375,2267400000
"HSI","^HSI",2024-08-08,"HKD",16773.0390625,17023.099609375,16665.060546875,16891.830078125,16891.830078125,2114400000
"HSI","^HSI",2024-08-09,"HKD",17097.359375,17252.220703125,17079.349609375,17090.23046875,17090.23046875,2145400000
"HSI","^HSI",2024-08-12,"HKD",17102.98046875,17162.759765625,17002.9296875,17111.650390625,17111.650390625,1793100000
"HSI","^HSI",2024-08-13,"HKD",17160.2109375,17252.880859375,17074.689453125,17174.060546875,17174.060546875,1935000000
"HSI","^HSI",2024-08-14,"HKD",17233.6796875,17254.23046875,17055.69921875,17113.359375,17113.359375,1574500000
"HSI","^HSI",2024-08-15,"HKD",17008.2109375,17283.650390625,16926.470703125,17109.140625,17109.140625,2407000000
"HSI","^HSI",2024-08-16,"HKD",17286.0390625,17473.890625,17255.859375,17430.16015625,17430.16015625,2551700000
"HSI","^HSI",2024-08-19,"HKD",17569.66015625,17685.859375,17547.650390625,17569.5703125,17569.5703125,2361600000
"HSI","^HSI",2024-08-20,"HKD",17661.689453125,17661.689453125,17449.990234375,17511.080078125,17511.080078125,1961800000
"HSI","^HSI",2024-08-21,"HKD",17313.859375,17415.48046875,17232.130859375,17391.009765625,17391.009765625,2060200000
"HSI","^HSI",2024-08-22,"HKD",17497.630859375,17652.80078125,17389.939453125,17641,17641,2945700000
"HSI","^HSI",2024-08-23,"HKD",17521.1796875,17635.69921875,17493.080078125,17612.099609375,17612.099609375,2054100000
"HSI","^HSI",2024-08-26,"HKD",17709.26953125,17826.05078125,17709.26953125,17798.73046875,17798.73046875,1970100000
"HSI","^HSI",2024-08-27,"HKD",17663.80078125,17879.26953125,17624.419921875,17874.669921875,17874.669921875,2702700000
"HSI","^HSI",2024-08-28,"HKD",17847.990234375,17879.009765625,17659.2890625,17692.44921875,17692.44921875,2184600000
"HSI","^HSI",2024-08-29,"HKD",17614.41015625,17797.169921875,17502.529296875,17786.3203125,17786.3203125,2858200000
"HSI","^HSI",2024-08-30,"HKD",17794.41015625,18202.599609375,17778.099609375,17989.0703125,17989.0703125,4753800000
"HSI","^HSI",2024-09-02,"HKD",17862.58984375,17862.58984375,17645.919921875,17691.970703125,17691.970703125,3077100000
"HSI","^HSI",2024-09-03,"HKD",17665.9296875,17725.509765625,17583.69921875,17651.490234375,17651.490234375,2470800000
"HSI","^HSI",2024-09-04,"HKD",17474.740234375,17531.05078125,17333.30078125,17457.33984375,17457.33984375,2601200000
"HSI","^HSI",2024-09-05,"HKD",17469.9609375,17555.609375,17332.490234375,17444.30078125,17444.30078125,2558600000
"HSI","^HSI",2024-09-09,"HKD",17261.890625,17305.91015625,17067.44921875,17196.9609375,17196.9609375,3841900000
"HSI","^HSI",2024-09-10,"HKD",17205.419921875,17297.94921875,17133.5,17234.08984375,17234.08984375,2786700000
"HSI","^HSI",2024-09-11,"HKD",17051.83984375,17124.9609375,16964.279296875,17108.7109375,17108.7109375,3071100000
"HSI","^HSI",2024-09-12,"HKD",17177.30078125,17334.189453125,17127.25,17240.390625,17240.390625,2374200000
"HSI","^HSI",2024-09-13,"HKD",17298.349609375,17540.810546875,17298.349609375,17369.08984375,17369.08984375,2140000000
"HSI","^HSI",2024-09-16,"HKD",17252.76953125,17422.119140625,17177.080078125,17422.119140625,17422.119140625,1127900000
"HSI","^HSI",2024-09-17,"HKD",17386.75,17715.76953125,17368.140625,17660.01953125,17660.01953125,1665700000
"HSI","^HSI",2024-09-19,"HKD",17633.9296875,18071.099609375,17602.44921875,18013.16015625,18013.16015625,3436700000
"HSI","^HSI",2024-09-20,"HKD",18069.330078125,18355.150390625,18047.130859375,18258.5703125,18258.5703125,4005300000
"HSI","^HSI",2024-09-23,"HKD",18237.41015625,18426.919921875,18212.580078125,18247.109375,18247.109375,2724500000
"HSI","^HSI",2024-09-24,"HKD",18573.919921875,19002.05078125,18532.279296875,19000.560546875,19000.560546875,6008400000
"HSI","^HSI",2024-09-25,"HKD",19592.4296875,19592.4296875,19072.720703125,19129.099609375,19129.099609375,6507500000
"HSI","^HSI",2024-09-26,"HKD",19302.5703125,19954.060546875,19176.580078125,19924.580078125,19924.580078125,7428300000
"HSI","^HSI",2024-09-27,"HKD",20446.740234375,20743.19921875,20268.630859375,20632.30078125,20632.30078125,9656100000
"HSI","^HSI",2024-09-30,"HKD",21175.41015625,21488.75,20789.9296875,21133.6796875,21133.6796875,1035700000
"HSI","^HSI",2024-10-02,"HKD",21289.599609375,22667.740234375,21289.599609375,22443.73046875,22443.73046875,7696300000
"HSI","^HSI",2024-10-03,"HKD",22484.0390625,22484.0390625,21442.25,22113.509765625,22113.509765625,4942200000
"HSI","^HSI",2024-10-04,"HKD",22015.080078125,22742.359375,21824.6796875,22736.869140625,22736.869140625,4620000000
"HSI","^HSI",2024-10-07,"HKD",22948.349609375,23241.740234375,22719.91015625,23099.779296875,23099.779296875,5098400000
"HSI","^HSI",2024-10-08,"HKD",22849.23046875,22902.359375,20762.8203125,20926.7890625,20926.7890625,11257900000
"HSI","^HSI",2024-10-09,"HKD",21290.0390625,21417.75,20190.529296875,20637.240234375,20637.240234375,7953600000
"HSI","^HSI",2024-10-10,"HKD",21046,21622.650390625,20983.939453125,21251.98046875,21251.98046875,6039900000
"HSI","^HSI",2024-10-14,"HKD",21228.650390625,21348.859375,20693.75,21092.869140625,21092.869140625,5743300000
"HSI","^HSI",2024-10-15,"HKD",21046.189453125,21095.009765625,20154.7109375,20318.7890625,20318.7890625,4906400000
"HSI","^HSI",2024-10-16,"HKD",20144.75,20548.1796875,20131.33984375,20286.849609375,20286.849609375,4158700000
"HSI","^HSI",2024-10-17,"HKD",20471.990234375,20783.349609375,19977.349609375,20079.099609375,20079.099609375,3646900000
"HSI","^HSI",2024-10-18,"HKD",20106.650390625,20952.990234375,20058.669921875,20804.109375,20804.109375,4586200000
"HSI","^HSI",2024-10-21,"HKD",20730.94921875,20845.5703125,20423.08984375,20478.4609375,20478.4609375,3775000000
"HSI","^HSI",2024-10-22,"HKD",20433.490234375,20629.48046875,20380.0390625,20498.94921875,20498.94921875,2556600000
"HSI","^HSI",2024-10-23,"HKD",20525.439453125,20942.259765625,20448.83984375,20760.150390625,20760.150390625,3542000000
"HSI","^HSI",2024-10-24,"HKD",20576.05078125,20685.4609375,20448.4609375,20489.619140625,20489.619140625,2725600000
"HSI","^HSI",2024-10-25,"HKD",20521.94921875,20784.470703125,20521.94921875,20590.150390625,20590.150390625,2984600000
"HSI","^HSI",2024-10-28,"HKD",20592.740234375,20669.41015625,20428.939453125,20599.359375,20599.359375,2978600000
"HSI","^HSI",2024-10-29,"HKD",20729.98046875,20890.080078125,20563.740234375,20701.140625,20701.140625,3137700000
"HSI","^HSI",2024-10-30,"HKD",20586.55078125,20681.51953125,20270.0703125,20380.640625,20380.640625,3626500000
"HSI","^HSI",2024-10-31,"HKD",20414.19921875,20553.30078125,20317.330078125,20317.330078125,20317.330078125,3238200000
"HSI","^HSI",2024-11-01,"HKD",20427.880859375,20667.220703125,20353.33984375,20506.4296875,20506.4296875,3278800000
"HSI","^HSI",2024-11-04,"HKD",20584.44921875,20633.580078125,20446.259765625,20567.51953125,20567.51953125,2463600000
"HSI","^HSI",2024-11-05,"HKD",20409.939453125,21006.970703125,20409.939453125,21006.970703125,21006.970703125,3147300000
"HSI","^HSI",2024-11-06,"HKD",20791.80078125,20859.66015625,20361.919921875,20538.380859375,20538.380859375,3903900000
"HSI","^HSI",2024-11-07,"HKD",20386.359375,20986.310546875,20370.439453125,20953.33984375,20953.33984375,4317500000
"HSI","^HSI",2024-11-08,"HKD",21199.9609375,21355.439453125,20705.119140625,20728.189453125,20728.189453125,4153500000
"HSI","^HSI",2024-11-11,"HKD",20258.140625,20505.009765625,20151.380859375,20426.9296875,20426.9296875,3649700000
"HSI","^HSI",2024-11-12,"HKD",20334.08984375,20517.240234375,19761.310546875,19846.880859375,19846.880859375,4319500000
"HSI","^HSI",2024-11-13,"HKD",19671.919921875,19840.279296875,19608.3203125,19823.44921875,19823.44921875,2862300000
"HSI","^HSI",2024-11-14,"HKD",19626.259765625,19859.169921875,19392.58984375,19435.810546875,19435.810546875,3310000000
"HSI","^HSI",2024-11-15,"HKD",19503.029296875,19608.240234375,19332.33984375,19426.33984375,19426.33984375,2947200000
"HSI","^HSI",2024-11-18,"HKD",19595.5,19781.080078125,19470.4296875,19576.609375,19576.609375,3176400000
"HSI","^HSI",2024-11-19,"HKD",19699.810546875,19758.5703125,19522.58984375,19663.669921875,19663.669921875,2529900000
"HSI","^HSI",2024-11-20,"HKD",19623.390625,19752.9296875,19575.91015625,19705.009765625,19705.009765625,2057500000
"HSI","^HSI",2024-11-21,"HKD",19646.0390625,19764.619140625,19552.5,19601.109375,19601.109375,2079200000
"HSI","^HSI",2024-11-22,"HKD",19613.55078125,19711.400390625,19134.58984375,19229.970703125,19229.970703125,3237600000
"HSI","^HSI",2024-11-25,"HKD",19307.33984375,19351.060546875,19102.060546875,19150.990234375,19150.990234375,4385600000
"HSI","^HSI",2024-11-26,"HKD",19054.400390625,19295.75,19054.400390625,19159.19921875,19159.19921875,2384700000
"HSI","^HSI",2024-11-27,"HKD",19187.05078125,19660.990234375,19061.599609375,19603.130859375,19603.130859375,2374800000
"HSI","^HSI",2024-11-28,"HKD",19558.1796875,19558.1796875,19312.259765625,19366.9609375,19366.9609375,2160800000
"HSI","^HSI",2024-11-29,"HKD",19346.619140625,19658.19921875,19312.41015625,19423.609375,19423.609375,2487600000
"HSI","^HSI",2024-12-02,"HKD",19442.310546875,19690.220703125,19387.19921875,19550.2890625,19550.2890625,2392300000
"HSI","^HSI",2024-12-03,"HKD",19585.349609375,19768.3203125,19386.8203125,19746.3203125,19746.3203125,2625300000
"HSI","^HSI",2024-12-04,"HKD",19722.150390625,19823.08984375,19615.609375,19742.4609375,19742.4609375,2589100000
"HSI","^HSI",2024-12-05,"HKD",19578.66015625,19642.73046875,19466.689453125,19560.439453125,19560.439453125,2007500000
"HSI","^HSI",2024-12-06,"HKD",19611.619140625,19934.720703125,19566.2890625,19865.849609375,19865.849609375,3493300000
"HSI","^HSI",2024-12-09,"HKD",19732.279296875,20433.73046875,19695.509765625,20414.08984375,20414.08984375,3960600000
"HSI","^HSI",2024-12-10,"HKD",21070.05078125,21070.05078125,20308.859375,20311.279296875,20311.279296875,4472400000
"HSI","^HSI",2024-12-11,"HKD",20404.5,20481.369140625,20100.0703125,20155.05078125,20155.05078125,2300100000
"HSI","^HSI",2024-12-12,"HKD",20213.240234375,20546.439453125,20121.470703125,20397.05078125,20397.05078125,2777100000
"HSI","^HSI",2024-12-13,"HKD",20238.2109375,20238.2109375,19927.26953125,19971.240234375,19971.240234375,3106800000
"HSI","^HSI",2024-12-16,"HKD",19947.23046875,20049.2109375,19726.150390625,19795.490234375,19795.490234375,2699600000
"HSI","^HSI",2024-12-17,"HKD",19678.029296875,19930.830078125,19620.630859375,19700.48046875,19700.48046875,2787100000
"HSI","^HSI",2024-12-18,"HKD",19884.5390625,19953.529296875,19802.220703125,19864.55078125,19864.55078125,2288100000
"HSI","^HSI",2024-12-19,"HKD",19610.099609375,19849.029296875,19591.490234375,19752.509765625,19752.509765625,2385000000
"HSI","^HSI",2024-12-20,"HKD",19697.060546875,19875.900390625,19692.6796875,19720.69921875,19720.69921875,3501200000
"HSI","^HSI",2024-12-23,"HKD",19843.650390625,19937.390625,19746.4609375,19883.130859375,19883.130859375,3403600000
"HSI","^HSI",2024-12-24,"HKD",19911.5,20165.4609375,19908.5703125,20098.2890625,20098.2890625,2206500000
"HSI","^HSI",2024-12-27,"HKD",20083.439453125,20184.880859375,20009.94921875,20090.4609375,20090.4609375,2906600000
"HSI","^HSI",2024-12-30,"HKD",20124.75,20193.08984375,19968.0703125,20041.419921875,20041.419921875,2724900000
"HSI","^HSI",2024-12-31,"HKD",20003.359375,20180.400390625,20003.359375,20059.94921875,20059.94921875,1722100000
"HSI","^HSI",2025-01-02,"HKD",19932.80078125,19932.80078125,19542.98046875,19623.3203125,19623.3203125,4033400000
"HSI","^HSI",2025-01-03,"HKD",19708.740234375,19891.859375,19634.0703125,19760.26953125,19760.26953125,3393800000
"HSI","^HSI",2025-01-06,"HKD",19848.7109375,19851.55078125,19627.83984375,19688.2890625,19688.2890625,2465700000
"HSI","^HSI",2025-01-07,"HKD",19501.44921875,19668.650390625,19252.609375,19447.580078125,19447.580078125,3581000000
"HSI","^HSI",2025-01-08,"HKD",19390.759765625,19483.58984375,19111.5390625,19279.83984375,19279.83984375,3232400000
"HSI","^HSI",2025-01-09,"HKD",19254.380859375,19405.740234375,19227.73046875,19240.890625,19240.890625,2456500000
"HSI","^HSI",2025-01-10,"HKD",19328.0703125,19370.490234375,19036.640625,19064.2890625,19064.2890625,2606700000
"HSI","^HSI",2025-01-13,"HKD",18918.150390625,18929.119140625,18671.490234375,18874.140625,18874.140625,2754800000
"HSI","^HSI",2025-01-14,"HKD",18901.560546875,19318.359375,18901.560546875,19219.779296875,19219.779296875,2838600000
"HSI","^HSI",2025-01-15,"HKD",19149.939453125,19319.220703125,19149.939453125,19286.0703125,19286.0703125,2451900000
"HSI","^HSI",2025-01-16,"HKD",19454.919921875,19664.390625,19345.189453125,19522.890625,19522.890625,2710700000
"HSI","^HSI",2025-01-17,"HKD",19499.099609375,19640.369140625,19423.69921875,19584.060546875,19584.060546875,2435800000
"HSI","^HSI",2025-01-20,"HKD",19804.640625,20093.650390625,19786.73046875,19925.810546875,19925.810546875,2764400000
"HSI","^HSI",2025-01-21,"HKD",20128.33984375,20205.25,19920.310546875,20106.55078125,20106.55078125,2412100000
"HSI","^HSI",2025-01-22,"HKD",19997.08984375,20022.33984375,19733.2109375,19778.76953125,19778.76953125,2282100000
"HSI","^HSI",2025-01-23,"HKD",19881.3203125,20044.060546875,19644.830078125,19700.560546875,19700.560546875,3059700000
"HSI","^HSI",2025-01-24,"HKD",19842.849609375,20144,19768.130859375,20066.189453125,20066.189453125,3209800000
"HSI","^HSI",2025-01-27,"HKD",20118.01953125,20296.939453125,20118.01953125,20197.76953125,20197.76953125,2751200000
"HSI","^HSI",2025-01-28,"HKD",20337.4609375,20337.4609375,20165.73046875,20225.109375,20225.109375,945200000
"HSI","^HSI",2025-02-03,"HKD",20048.869140625,20222,19764.669921875,20217.259765625,20217.259765625,2224400000
"HSI","^HSI",2025-02-04,"HKD",20488.2890625,20885.490234375,20297.640625,20789.9609375,20789.9609375,2854000000
"HSI","^HSI",2025-02-05,"HKD",20827.76953125,20827.76953125,20417.390625,20597.08984375,20597.08984375,2967900000
"HSI","^HSI",2025-02-06,"HKD",20598.98046875,20891.619140625,20532.060546875,20891.619140625,20891.619140625,2957400000
"HSI","^HSI",2025-02-07,"HKD",20858.51953125,21213.69921875,20806.099609375,21133.5390625,21133.5390625,4125600000
"HSI","^HSI",2025-02-10,"HKD",21223.609375,21539.630859375,21223.609375,21521.98046875,21521.98046875,3736100000
"HSI","^HSI",2025-02-11,"HKD",21656.8203125,21682.41015625,21279.369140625,21294.859375,21294.859375,3583400000
"HSI","^HSI",2025-02-12,"HKD",21526.41015625,21858.830078125,21411.08984375,21857.919921875,21857.919921875,4873000000
"HSI","^HSI",2025-02-13,"HKD",21958.689453125,22523.5703125,21735.560546875,21814.369140625,21814.369140625,6487200000
"HSI","^HSI",2025-02-14,"HKD",22027.0703125,22620.330078125,22027.0703125,22620.330078125,22620.330078125,6057000000
"HSI","^HSI",2025-02-17,"HKD",22755.060546875,22977.25,22319.3203125,22616.23046875,22616.23046875,6736200000
"HSI","^HSI",2025-02-18,"HKD",22664.73046875,23141.41015625,22608.1796875,22976.810546875,22976.810546875,5222600000
"HSI","^HSI",2025-02-19,"HKD",22777.4609375,22975.33984375,22649.490234375,22944.240234375,22944.240234375,4080400000
"HSI","^HSI",2025-02-20,"HKD",22716.7109375,22849.66015625,22436.130859375,22576.98046875,22576.98046875,4200400000
"HSI","^HSI",2025-02-21,"HKD",23090.029296875,23477.919921875,22901.689453125,23477.919921875,23477.919921875,6167300000
"HSI","^HSI",2025-02-24,"HKD",23472.140625,23688.44921875,23221.5703125,23341.609375,23341.609375,5264600000
"HSI","^HSI",2025-02-25,"HKD",22716.48046875,23248.51953125,22716.48046875,23034.01953125,23034.01953125,4449800000
"HSI","^HSI",2025-02-26,"HKD",23238.33984375,23973.169921875,23238.33984375,23787.9296875,23787.9296875,5138100000
"HSI","^HSI",2025-02-27,"HKD",23783.75,24076.529296875,23441.740234375,23718.2890625,23718.2890625,6257000000
"HSI","^HSI",2025-02-28,"HKD",23616.1796875,23616.1796875,22798.33984375,22941.3203125,22941.3203125,6578300000
"HSI","^HSI",2025-03-03,"HKD",23135.119140625,23405.98046875,22861.75,23006.26953125,23006.26953125,4338200000
"HSI","^HSI",2025-03-04,"HKD",22678.25,23051.009765625,22547.529296875,22941.76953125,22941.76953125,3994800000
"HSI","^HSI",2025-03-05,"HKD",23200.419921875,23636.650390625,23090.630859375,23594.2109375,23594.2109375,4077700000
"HSI","^HSI",2025-03-06,"HKD",23987.08984375,24410.9296875,23987.08984375,24369.7109375,24369.7109375,4886300000
"HSI","^HSI",2025-03-07,"HKD",24182.01953125,24669.619140625,24065.009765625,24231.30078125,24231.30078125,4830800000
"HSI","^HSI",2025-03-10,"HKD",24115.98046875,24292.80078125,23632.419921875,23783.490234375,23783.490234375,3684200000
"HSI","^HSI",2025-03-11,"HKD",23274.859375,23858.609375,23238.359375,23782.140625,23782.140625,3554100000
"HSI","^HSI",2025-03-12,"HKD",23859.23046875,23962.029296875,23363.98046875,23600.310546875,23600.310546875,3632700000
"HSI","^HSI",2025-03-13,"HKD",23616.330078125,23712.609375,23198.73046875,23462.650390625,23462.650390625,3231300000
"HSI","^HSI",2025-03-14,"HKD",23653.330078125,24113.529296875,23454.490234375,23959.98046875,23959.98046875,4260100000
"HSI","^HSI",2025-03-17,"HKD",24226,24352.470703125,24077.150390625,24145.5703125,24145.5703125,3284200000
"HSI","^HSI",2025-03-18,"HKD",24679.349609375,24745.130859375,24475.259765625,24740.5703125,24740.5703125,3930700000
"HSI","^HSI",2025-03-19,"HKD",24697.630859375,24874.390625,24601.73046875,24771.140625,24771.140625,3593000000
"HSI","^HSI",2025-03-20,"HKD",24753.150390625,24753.150390625,24186.689453125,24219.94921875,24219.94921875,4102200000
"HSI","^HSI",2025-03-21,"HKD",24109.0703125,24230.720703125,23577.779296875,23689.720703125,23689.720703125,4931000000
"HSI","^HSI",2025-03-24,"HKD",23749.580078125,23967.509765625,23531.19921875,23905.560546875,23905.560546875,3386100000
"HSI","^HSI",2025-03-25,"HKD",23643.3203125,23747.3203125,23321.669921875,23344.25,23344.25,4234400000
"HSI","^HSI",2025-03-26,"HKD",23460.310546875,23596.849609375,23350.73046875,23483.3203125,23483.3203125,3116600000
"HSI","^HSI",2025-03-27,"HKD",23543.859375,23865.619140625,23372.359375,23578.80078125,23578.80078125,3790100000
"HSI","^HSI",2025-03-28,"HKD",23672.8203125,23775.30078125,23254.30078125,23426.599609375,23426.599609375,3540800000
"HSI","^HSI",2025-03-31,"HKD",23207.0703125,23399.73046875,23002.810546875,23119.580078125,23119.580078125,4752800000
"HSI","^HSI",2025-04-01,"HKD",23217.109375,23456.580078125,23123.349609375,23206.83984375,23206.83984375,3979700000
"HSI","^HSI",2025-04-02,"HKD",23167.310546875,23393.029296875,22980.9609375,23202.529296875,23202.529296875,3573500000
"HSI","^HSI",2025-04-03,"HKD",22638.2109375,22998.30078125,22638.2109375,22849.810546875,22849.810546875,4249900000
"HSI","^HSI",2025-04-07,"HKD",20730.05078125,21047.830078125,19706.029296875,19828.30078125,19828.30078125,12686500000
"HSI","^HSI",2025-04-08,"HKD",20157.51953125,20454.259765625,19745.140625,20127.6796875,20127.6796875,8420700000
"HSI","^HSI",2025-04-09,"HKD",19494.919921875,20441.140625,19260.2109375,20264.490234375,20264.490234375,8672400000
"HSI","^HSI",2025-04-10,"HKD",20810.4296875,21211.130859375,20530.4296875,20681.779296875,20681.779296875,6611800000
"HSI","^HSI",2025-04-11,"HKD",20557.490234375,21127.369140625,20444.0390625,20914.689453125,20914.689453125,5139200000
"HSI","^HSI",2025-04-14,"HKD",21363.880859375,21517.3203125,21224.55078125,21417.400390625,21417.400390625,4538300000
"HSI","^HSI",2025-04-15,"HKD",21603.51953125,21603.51953125,21297.58984375,21466.26953125,21466.26953125,2942800000
"HSI","^HSI",2025-04-16,"HKD",21316.470703125,21363.5703125,20868.359375,21056.98046875,21056.98046875,3441800000
"HSI","^HSI",2025-04-17,"HKD",21066.810546875,21417.640625,21039.16015625,21395.140625,21395.140625,2892800000
"HSI","^HSI",2025-04-22,"HKD",21303.509765625,21592.669921875,21191.01953125,21562.3203125,21562.3203125,3883600000
"HSI","^HSI",2025-04-23,"HKD",22080.189453125,22138.810546875,21862.869140625,22072.619140625,22072.619140625,3585300000
"HSI","^HSI",2025-04-24,"HKD",22030.150390625,22093.6796875,21712.099609375,21909.759765625,21909.759765625,2985800000
"HSI","^HSI",2025-04-25,"HKD",22080.439453125,22267.9609375,21923.900390625,21980.740234375,21980.740234375,3025700000
"HSI","^HSI",2025-04-28,"HKD",22072.349609375,22072.349609375,21817.849609375,21971.9609375,21971.9609375,2466000000
"HSI","^HSI",2025-04-29,"HKD",22073.359375,22213.509765625,21918.099609375,22008.109375,22008.109375,3045200000
"HSI","^HSI",2025-04-30,"HKD",22038.73046875,22129.310546875,21848.330078125,22119.41015625,22119.41015625,4682300000
"HSI","^HSI",2025-05-02,"HKD",22192.509765625,22532.5390625,22058.30078125,22504.6796875,22504.6796875,1831000000
"HSI","^HSI",2025-05-06,"HKD",22576.560546875,22747.630859375,22449.16015625,22662.7109375,22662.7109375,3317400000
"HSI","^HSI",2025-05-07,"HKD",23169.830078125,23197.5703125,22691.880859375,22691.880859375,22691.880859375,3694100000
"HSI","^HSI",2025-05-08,"HKD",22589.130859375,22979.2890625,22589.130859375,22775.919921875,22775.919921875,2773700000
"HSI","^HSI",2025-05-09,"HKD",22856.2109375,22907.91015625,22692.439453125,22867.740234375,22867.740234375,2635900000
"HSI","^HSI",2025-05-12,"HKD",23183.810546875,23685.33984375,22982.91015625,23549.4609375,23549.4609375,5161400000
"HSI","^HSI",2025-05-13,"HKD",23494.439453125,23494.439453125,23070.48046875,23108.26953125,23108.26953125,3475900000
"HSI","^HSI",2025-05-14,"HKD",23316.44921875,23640.650390625,23278.220703125,23640.650390625,23640.650390625,3742900000
"HSI","^HSI",2025-05-15,"HKD",23644.400390625,23710.8203125,23371.73046875,23453.16015625,23453.16015625,2887600000
"HSI","^HSI",2025-05-16,"HKD",23249.16015625,23374.69921875,23190.310546875,23345.05078125,23345.05078125,2759500000
"HSI","^HSI",2025-05-19,"HKD",23156.26953125,23402.19921875,23059.890625,23332.720703125,23332.720703125,2814000000
"HSI","^HSI",2025-05-20,"HKD",23398.349609375,23709.0390625,23357,23681.48046875,23681.48046875,3290600000
"HSI","^HSI",2025-05-21,"HKD",23736.4296875,23917,23697.759765625,23827.779296875,23827.779296875,3463700000
"HSI","^HSI",2025-05-22,"HKD",23748.580078125,23778.240234375,23470.810546875,23544.310546875,23544.310546875,3397700000
"HSI","^HSI",2025-05-23,"HKD",23557.380859375,23749.380859375,23487.400390625,23601.259765625,23601.259765625,3348700000
"HSI","^HSI",2025-05-26,"HKD",23505.900390625,23571.01953125,23234.26953125,23282.330078125,23282.330078125,3381800000
"HSI","^HSI",2025-05-27,"HKD",23216.869140625,23419.55078125,23167.560546875,23381.990234375,23381.990234375,3081400000
"HSI","^HSI",2025-05-28,"HKD",23385.1796875,23476.220703125,23180.169921875,23258.310546875,23258.310546875,2874700000
"HSI","^HSI",2025-05-29,"HKD",23240.7109375,23603.8203125,23207.369140625,23573.380859375,23573.380859375,3711300000
"HSI","^HSI",2025-05-30,"HKD",23339.640625,23375.33984375,23163.220703125,23289.76953125,23289.76953125,5293500000
"HSI","^HSI",2025-06-02,"HKD",23043.099609375,23163.349609375,22668.349609375,23157.970703125,23157.970703125,2309300000
"HSI","^HSI",2025-06-03,"HKD",23281.099609375,23535.369140625,23281.099609375,23512.490234375,23512.490234375,3676300000
"HSI","^HSI",2025-06-04,"HKD",23499.779296875,23716.9296875,23481.4609375,23654.029296875,23654.029296875,3498700000
"HSI","^HSI",2025-06-05,"HKD",23828.689453125,23911.140625,23732.310546875,23906.970703125,23906.970703125,3272600000
"HSI","^HSI",2025-06-06,"HKD",23941.5703125,23951.140625,23773.359375,23792.5390625,23792.5390625,4376700000
"HSI","^HSI",2025-06-09,"HKD",23977.5390625,24181.4296875,23957.9609375,24181.4296875,24181.4296875,3987200000
"HSI","^HSI",2025-06-10,"HKD",24231.310546875,24296.470703125,24003.380859375,24162.869140625,24162.869140625,3685200000
"HSI","^HSI",2025-06-11,"HKD",24191.3203125,24439.349609375,24179.349609375,24366.939453125,24366.939453125,3703300000
"HSI","^HSI",2025-06-12,"HKD",24223.119140625,24288.759765625,24002.419921875,24035.380859375,24035.380859375,4328700000
"HSI","^HSI",2025-06-13,"HKD",23959.810546875,24100.3203125,23774.919921875,23892.560546875,23892.560546875,4926000000
"HSI","^HSI",2025-06-16,"HKD",23791.7890625,24125.05078125,23718.720703125,24060.990234375,24060.990234375,3825900000
"HSI","^HSI",2025-06-17,"HKD",24107.33984375,24131.439453125,23880.669921875,23980.30078125,23980.30078125,3374200000
"HSI","^HSI",2025-06-18,"HKD",23859.55078125,23880.240234375,23631.48046875,23710.689453125,23710.689453125,3264300000
"HSI","^HSI",2025-06-19,"HKD",23620.01953125,23653.55078125,23185.580078125,23237.740234375,23237.740234375,3871900000
"HSI","^HSI",2025-06-20,"HKD",23291.400390625,23538.630859375,23291.400390625,23530.48046875,23530.48046875,4801500000
"HSI","^HSI",2025-06-23,"HKD",23335.509765625,23689.130859375,23272.75,23689.130859375,23689.130859375,3225900000
"HSI","^HSI",2025-06-24,"HKD",23832.73046875,24229.2109375,23832.73046875,24177.0703125,24177.0703125,3995700000
"HSI","^HSI",2025-06-25,"HKD",24327.8203125,24533.390625,24287.859375,24474.669921875,24474.669921875,3724300000
"HSI","^HSI",2025-06-26,"HKD",24345.2890625,24411.48046875,24235.5390625,24325.400390625,24325.400390625,3258500000
"HSI","^HSI",2025-06-27,"HKD",24451.189453125,24471.529296875,24194.849609375,24284.150390625,24284.150390625,4341600000
"HSI","^HSI",2025-06-30,"HKD",24274.91015625,24274.91015625,24064.259765625,24072.279296875,24072.279296875,3775900000
"HSI","^HSI",2025-07-02,"HKD",24304.310546875,24372.69921875,24122.5703125,24221.41015625,24221.41015625,4061300000
"HSI","^HSI",2025-07-03,"HKD",24234.279296875,24269.140625,23920,24069.939453125,24069.939453125,3594900000
"HSI","^HSI",2025-07-04,"HKD",23900.689453125,24068.509765625,23690.939453125,23916.060546875,23916.060546875,4021200000
"HSI","^HSI",2025-07-07,"HKD",23828.849609375,23910.94921875,23713.779296875,23887.830078125,23887.830078125,2516500000
"HSI","^HSI",2025-07-08,"HKD",23927.529296875,24159.009765625,23899.599609375,24148.0703125,24148.0703125,3039900000
"HSI","^HSI",2025-07-09,"HKD",24061.080078125,24061.080078125,23827.150390625,23892.3203125,23892.3203125,3197600000
"HSI","^HSI",2025-07-10,"HKD",23865.640625,24087.58984375,23820.580078125,24028.369140625,24028.369140625,3501100000
"HSI","^HSI",2025-07-11,"HKD",24033.119140625,24506.30078125,24033.119140625,24139.5703125,24139.5703125,4142000000
"HSI","^HSI",2025-07-14,"HKD",24100.5703125,24267.83984375,24097.3203125,24203.3203125,24203.3203125,2730300000
"HSI","^HSI",2025-07-15,"HKD",24281.939453125,24590.119140625,24141.880859375,24590.119140625,24590.119140625,3774900000
"HSI","^HSI",2025-07-16,"HKD",24704.05078125,24867.810546875,24517.75,24517.759765625,24517.759765625,3381700000
"HSI","^HSI",2025-07-17,"HKD",24547.080078125,24672.509765625,24447.9296875,24498.94921875,24498.94921875,3208300000
"HSI","^HSI",2025-07-18,"HKD",24757.830078125,24825.66015625,24630.7890625,24825.66015625,24825.66015625,2904200000
"HSI","^HSI",2025-07-21,"HKD",24991.140625,25010.900390625,24844.80078125,24994.140625,24994.140625,3609000000
"HSI","^HSI",2025-07-22,"HKD",25024.9296875,25130.029296875,24900.58984375,25130.029296875,25130.029296875,3822400000
"HSI","^HSI",2025-07-23,"HKD",25348.30078125,25538.0703125,25228.009765625,25538.0703125,25538.0703125,4139800000
"HSI","^HSI",2025-07-24,"HKD",25528.220703125,25735.890625,25502.490234375,25667.1796875,25667.1796875,3595700000
"HSI","^HSI",2025-07-25,"HKD",25531.58984375,25585.73046875,25355.310546875,25388.349609375,25388.349609375,3406300000
"HSI","^HSI",2025-07-28,"HKD",25458.869140625,25667.400390625,25399.359375,25562.130859375,25562.130859375,3425400000
"HSI","^HSI",2025-07-29,"HKD",25454.830078125,25530.419921875,25252.3203125,25524.44921875,25524.44921875,3745000000
"HSI","^HSI",2025-07-30,"HKD",25335.2109375,25499.5703125,25082.19921875,25176.9296875,25176.9296875,4667600000
"HSI","^HSI",2025-07-31,"HKD",24982.869140625,25000.060546875,24744.919921875,24773.330078125,24773.330078125,4186400000
"HSI","^HSI",2025-08-01,"HKD",24744.33984375,24856.5390625,24507.630859375,24507.810546875,24507.810546875,3765300000
"HSI","^HSI",2025-08-04,"HKD",24431.880859375,24748.759765625,24372.509765625,24733.44921875,24733.44921875,2851300000
"HSI","^HSI",2025-08-05,"HKD",24746.810546875,24925.900390625,24686.849609375,24902.529296875,24902.529296875,3058000000
"HSI","^HSI",2025-08-06,"HKD",24864.150390625,25002.970703125,24806.4609375,24910.630859375,24910.630859375,2449800000
"HSI","^HSI",2025-08-07,"HKD",24982.5,25115.16015625,24820.599609375,25081.630859375,25081.630859375,2937800000
"HSI","^HSI",2025-08-08,"HKD",24968.310546875,24999.109375,24812.119140625,24858.8203125,24858.8203125,2487400000
"HSI","^HSI",2025-08-11,"HKD",24946.55078125,24969.30078125,24775.73046875,24906.810546875,24906.810546875,2525200000
"HSI","^HSI",2025-08-12,"HKD",24824.0703125,25016.2890625,24801.130859375,24969.6796875,24969.6796875,2368600000
"HSI","^HSI",2025-08-13,"HKD",25176.51953125,25613.669921875,25176.51953125,25613.669921875,25613.669921875,3271700000
"HSI","^HSI",2025-08-14,"HKD",25766.619140625,25766.619140625,25449.80078125,25519.3203125,25519.3203125,3330000000
"HSI","^HSI",2025-08-15,"HKD",25322.099609375,25356.5390625,25167.810546875,25270.0703125,25270.0703125,4157900000
"HSI","^HSI",2025-08-18,"HKD",25293.33984375,25466.099609375,25176.849609375,25176.849609375,25176.849609375,3720500000
"HSI","^HSI",2025-08-19,"HKD",25241.2890625,25260.580078125,25083.19921875,25122.900390625,25122.900390625,3195500000
"HSI","^HSI",2025-08-20,"HKD",24968.5703125,25210.900390625,24887.9296875,25165.939453125,25165.939453125,2984200000
"HSI","^HSI",2025-08-21,"HKD",25216.419921875,25216.419921875,25000.849609375,25104.609375,25104.609375,2861000000
"HSI","^HSI",2025-08-22,"HKD",25205.0390625,25349.080078125,25140.080078125,25339.140625,25339.140625,3359400000
"HSI","^HSI",2025-08-25,"HKD",25606.880859375,25918.859375,25590.619140625,25829.91015625,25829.91015625,4143300000
"HSI","^HSI",2025-08-26,"HKD",25714.91015625,25819.69921875,25524.919921875,25524.919921875,25524.919921875,3635400000
"HSI","^HSI",2025-08-27,"HKD",25626.169921875,25653.919921875,25140.169921875,25201.759765625,25201.759765625,3871200000
"HSI","^HSI",2025-08-28,"HKD",25030.5390625,25093.650390625,24808.779296875,24998.8203125,24998.8203125,4178800000
"HSI","^HSI",2025-08-29,"HKD",25095.44921875,25277.509765625,25066.849609375,25077.619140625,25077.619140625,3818100000
"HSI","^HSI",2025-09-01,"HKD",25508.2109375,25638.33984375,25471.349609375,25617.419921875,25617.419921875,4316800000
"HSI","^HSI",2025-09-02,"HKD",25587.970703125,25724.73046875,25416.609375,25496.55078125,25496.55078125,3811100000
"HSI","^HSI",2025-09-03,"HKD",25660.650390625,25789.990234375,25276.869140625,25343.4296875,25343.4296875,3186200000
"HSI","^HSI",2025-09-04,"HKD",25489.130859375,25494.44921875,25013.259765625,25058.509765625,25058.509765625,3630300000
"HSI","^HSI",2025-09-05,"HKD",25136.240234375,25471.80078125,25090.650390625,25417.98046875,25417.98046875,3739400000
"HSI","^HSI",2025-09-08,"HKD",25440.009765625,25664.009765625,25387.810546875,25633.91015625,25633.91015625,3655000000
"HSI","^HSI",2025-09-09,"HKD",25711.0703125,26027.939453125,25675.279296875,25938.130859375,25938.130859375,3632700000
"HSI","^HSI",2025-09-10,"HKD",26042.41015625,26296.599609375,26017.5,26200.259765625,26200.259765625,3793200000
"HSI","^HSI",2025-09-11,"HKD",25987.490234375,26241.4609375,25878.970703125,26086.3203125,26086.3203125,3992500000
"HSI","^HSI",2025-09-12,"HKD",26539.439453125,26585.94921875,26329.66015625,26388.16015625,26388.16015625,3332500000
"HSI","^HSI",2025-09-15,"HKD",26308.91015625,26532.75,26280.23046875,26446.560546875,26446.560546875,2857700000
"HSI","^HSI",2025-09-16,"HKD",26536.630859375,26601.58984375,26332.2109375,26438.509765625,26438.509765625,2882500000
"HSI","^HSI",2025-09-17,"HKD",26554.189453125,26936.5,26540.5703125,26908.390625,26908.390625,3700800000
"HSI","^HSI",2025-09-18,"HKD",26863.689453125,27058.029296875,26322.080078125,26544.849609375,26544.849609375,4114200000
"HSI","^HSI",2025-09-19,"HKD",26583.029296875,26637.640625,26414.109375,26545.099609375,26545.099609375,4165900000
"HSI","^HSI",2025-09-22,"HKD",26459.51953125,26479.140625,26204.009765625,26344.140625,26344.140625,3298400000
"HSI","^HSI",2025-09-23,"HKD",26435.580078125,26454.08984375,26003.669921875,26159.119140625,26159.119140625,3124500000
"HSI","^HSI",2025-09-24,"HKD",26073.689453125,26562.880859375,26057.259765625,26518.650390625,26518.650390625,3023200000
"HSI","^HSI",2025-09-25,"HKD",26536.130859375,26640.529296875,26403.51953125,26484.6796875,26484.6796875,3687000000
"HSI","^HSI",2025-09-26,"HKD",26272.30078125,26406.05078125,26072.9296875,26128.19921875,26128.19921875,3440600000
"HSI","^HSI",2025-09-29,"HKD",26321.5703125,26687.720703125,26321.5703125,26622.880859375,26622.880859375,3502800000
"HSI","^HSI",2025-09-30,"HKD",26674.16015625,26888.400390625,26558.279296875,26855.560546875,26855.560546875,3501900000
"HSI","^HSI",2025-10-02,"HKD",26918.30078125,27381.83984375,26918.30078125,27287.119140625,27287.119140625,2324600000
"HSI","^HSI",2025-10-03,"HKD",27221.4609375,27262,26972.7109375,27140.919921875,27140.919921875,1392000000
"HSI","^HSI",2025-10-06,"HKD",27003.919921875,27145.169921875,26873.33984375,26957.76953125,26957.76953125,1131600000
"HSI","^HSI",2025-10-08,"HKD",26900.640625,26906.19921875,26517.44921875,26829.4609375,26829.4609375,2105700000
"HSI","^HSI",2025-10-09,"HKD",26862.029296875,26978.41015625,26480.580078125,26752.58984375,26752.58984375,4013900000
"HSI","^HSI",2025-10-10,"HKD",26523.890625,26558.869140625,26247.0390625,26290.3203125,26290.3203125,3432000000
"HSI","^HSI",2025-10-13,"HKD",25634,25895.619140625,25336.08984375,25889.48046875,25889.48046875,5172800000
"HSI","^HSI",2025-10-14,"HKD",25969.2109375,26102.6796875,25331.640625,25441.349609375,25441.349609375,4753200000
"HSI","^HSI",2025-10-15,"HKD",25714.890625,25982.2109375,25593.44921875,25910.599609375,25910.599609375,3503900000
"HSI","^HSI",2025-10-16,"HKD",25890.009765625,26062.80078125,25687.3203125,25888.509765625,25888.509765625,3380900000
"HSI","^HSI",2025-10-17,"HKD",25851.939453125,25859.8203125,25145.33984375,25247.099609375,25247.099609375,4008400000
"HSI","^HSI",2025-10-20,"HKD",25884.4609375,25912.76953125,25710.609375,25858.830078125,25858.830078125,2901600000
"HSI","^HSI",2025-10-21,"HKD",26160.240234375,26367.349609375,26017.720703125,26027.55078125,26027.55078125,3065000000
"HSI","^HSI",2025-10-22,"HKD",25897.619140625,25947.880859375,25653.75,25781.76953125,25781.76953125,2830300000
"HSI","^HSI",2025-10-23,"HKD",25718.529296875,26080.83984375,25591.66015625,25967.98046875,25967.98046875,3104000000
"HSI","^HSI",2025-10-24,"HKD",26177.109375,26239.9609375,26063.990234375,26160.150390625,26160.150390625,2592100000
"HSI","^HSI",2025-10-27,"HKD",26495.970703125,26495.970703125,26319.220703125,26433.69921875,26433.69921875,3164600000
"HSI","^HSI",2025-10-28,"HKD",26508.75,26519.240234375,26245.330078125,26346.140625,26346.140625,2857300000
"HSI","^HSI",2025-10-30,"HKD",26545.919921875,26588.890625,26138.7890625,26282.689453125,26282.689453125,4318800000
"HSI","^HSI",2025-10-31,"HKD",26263.009765625,26283.9609375,25906.650390625,25906.650390625,25906.650390625,3378200000
"HSI","^HSI",2025-11-03,"HKD",25999.169921875,26217.119140625,25920.26953125,26158.359375,26158.359375,1789700000
"HSI","^HSI",2025-11-04,"HKD",26148.0703125,26291.650390625,25911.7890625,25952.400390625,25952.400390625,3421200000
"HSI","^HSI",2025-11-05,"HKD",25701.630859375,25980.900390625,25496.130859375,25935.41015625,25935.41015625,2770000000
"HSI","^HSI",2025-11-06,"HKD",26061.580078125,26490.7109375,26061.580078125,26485.900390625,26485.900390625,2705200000
"HSI","^HSI",2025-11-07,"HKD",26350.740234375,26371.4609375,26167.23046875,26241.830078125,26241.830078125,2695900000
"HSI","^HSI",2025-11-10,"HKD",26319.400390625,26668.890625,26302.9296875,26649.060546875,26649.060546875,3124500000
"HSI","^HSI",2025-11-11,"HKD",26748.08984375,26788.4296875,26511.25,26696.41015625,26696.41015625,2417600000
"HSI","^HSI",2025-11-12,"HKD",26754.9296875,27016.400390625,26739.08984375,26922.73046875,26922.73046875,3437300000
"HSI","^HSI",2025-11-13,"HKD",26779.48046875,27188.810546875,26733.2109375,27073.029296875,27073.029296875,3285700000
"HSI","^HSI",2025-11-14,"HKD",26660.310546875,26881.880859375,26535.419921875,26572.4609375,26572.4609375,2809900000
"HSI","^HSI",2025-11-17,"HKD",26441.69921875,26531.80078125,26252.359375,26384.279296875,26384.279296875,2521100000
"HSI","^HSI",2025-11-18,"HKD",26172.26953125,26188.8203125,25821.83984375,25930.029296875,25930.029296875,3514100000
"HSI","^HSI",2025-11-19,"HKD",25954.23046875,26045.369140625,25742.0703125,25830.650390625,25830.650390625,2886700000
"HSI","^HSI",2025-11-20,"HKD",25999.779296875,26046.759765625,25692.130859375,25835.5703125,25835.5703125,2979200000
"HSI","^HSI",2025-11-21,"HKD",25460.419921875,25483.669921875,25178.630859375,25220.01953125,25220.01953125,3957900000
"HSI","^HSI",2025-11-24,"HKD",25452.869140625,25770.44921875,25369.2890625,25716.5,25716.5,4422700000
"HSI","^HSI",2025-11-25,"HKD",25948.900390625,26069.220703125,25740.5390625,25894.55078125,25894.55078125,2962100000
"HSI","^HSI",2025-11-26,"HKD",26046.740234375,26136.26953125,25907.060546875,25928.080078125,25928.080078125,2564700000
"HSI","^HSI",2025-11-27,"HKD",25945.5390625,26123.689453125,25822.66015625,25945.9296875,25945.9296875,2682700000
"HSI","^HSI",2025-11-28,"HKD",26011.060546875,26011.060546875,25807.55078125,25858.890625,25858.890625,1961600000
"HSI","^HSI",2025-12-01,"HKD",25945.869140625,26179.720703125,25913.98046875,26033.259765625,26033.259765625,2318600000
"HSI","^HSI",2025-12-02,"HKD",26188.55078125,26264.130859375,25989.44921875,26095.05078125,26095.05078125,2453000000
"HSI","^HSI",2025-12-03,"HKD",25980.890625,25996.880859375,25724.8203125,25760.73046875,25760.73046875,2176600000
"HSI","^HSI",2025-12-04,"HKD",25804.009765625,25990.73046875,25649.30078125,25935.900390625,25935.900390625,2169200000
"HSI","^HSI",2025-12-05,"HKD",25833.109375,26131.609375,25758.169921875,26085.080078125,26085.080078125,2973100000
"HSI","^HSI",2025-12-08,"HKD",26067.859375,26151.4609375,25755.009765625,25765.359375,25765.359375,2923100000
"HSI","^HSI",2025-12-09,"HKD",25780.970703125,25820.310546875,25386.580078125,25434.23046875,25434.23046875,2858700000
"HSI","^HSI",2025-12-10,"HKD",25435.490234375,25540.779296875,25257.609375,25540.779296875,25540.779296875,2729900000
"HSI","^HSI",2025-12-11,"HKD",25710.609375,25801.33984375,25471.5,25530.509765625,25530.509765625,2352600000
"HSI","^HSI",2025-12-12,"HKD",25761.41015625,26006.470703125,25697.4296875,25976.7890625,25976.7890625,3219500000
"HSI","^HSI",2025-12-15,"HKD",25718.140625,25824.439453125,25609.279296875,25628.880859375,25628.880859375,2803200000
"HSI","^HSI",2025-12-16,"HKD",25547.919921875,25547.919921875,25086.5390625,25235.41015625,25235.41015625,2917700000
"HSI","^HSI",2025-12-17,"HKD",25243.58984375,25494.939453125,25168.189453125,25468.779296875,25468.779296875,2471900000
"HSI","^HSI",2025-12-18,"HKD",25330.830078125,25511.83984375,25261.380859375,25498.130859375,25498.130859375,2613500000
"HSI","^HSI",2025-12-19,"HKD",25634.220703125,25747.009765625,25545.919921875,25690.529296875,25690.529296875,3358000000
"HSI","^HSI",2025-12-22,"HKD",25795.939453125,25859.609375,25671.330078125,25801.76953125,25801.76953125,2362100000
"HSI","^HSI",2025-12-23,"HKD",25875.849609375,25927.66015625,25726.44921875,25774.140625,25774.140625,2240900000
"HSI","^HSI",2025-12-24,"HKD",25780.08984375,25890.869140625,25772.869140625,25818.9296875,25818.9296875,1236300000
"HSI","^HSI",2025-12-29,"HKD",25928.890625,26082.939453125,25630.75,25635.23046875,25635.23046875,2931600000
"HSI","^HSI",2025-12-30,"HKD",25636.400390625,25930.220703125,25611.23046875,25854.599609375,25854.599609375,3138100000
"HSI","^HSI",2025-12-31,"HKD",25801.490234375,25808.51953125,25554.310546875,25630.5390625,25630.5390625,1651000000
"HSI","^HSI",2026-01-02,"HKD",25717.419921875,26345.630859375,25717.419921875,26338.470703125,26338.470703125,1489700000
"HSI","^HSI",2026-01-05,"HKD",26361.439453125,26445.5,26256,26347.240234375,26347.240234375,3692200000
"HSI","^HSI",2026-01-06,"HKD",26502.400390625,26858.130859375,26498.359375,26710.44921875,26710.44921875,3800900000
"HSI","^HSI",2026-01-07,"HKD",26601.830078125,26616.939453125,26313.509765625,26458.94921875,26458.94921875,3645300000
"HSI","^HSI",2026-01-08,"HKD",26302.779296875,26305.689453125,25960.33984375,26149.310546875,26149.310546875,3243300000
"HSI","^HSI",2026-01-09,"HKD",26272.5390625,26299.3203125,26114.41015625,26231.7890625,26231.7890625,3241700000
"HSI","^HSI",2026-01-12,"HKD",26376.83984375,26608.48046875,26187.759765625,26608.48046875,26608.48046875,3599600000
"HSI","^HSI",2026-01-13,"HKD",26958.51953125,27143.66015625,26729.5390625,26848.470703125,26848.470703125,3691700000
"HSI","^HSI",2026-01-14,"HKD",26971.970703125,27097.720703125,26780.26953125,26999.810546875,26999.810546875,4849600000
"HSI","^HSI",2026-01-15,"HKD",26972.359375,27206.83984375,26808.349609375,26923.619140625,26923.619140625,3573700000
"HSI","^HSI",2026-01-16,"HKD",27094.849609375,27176.310546875,26741.5390625,26844.9609375,26844.9609375,3365900000
"HSI","^HSI",2026-01-19,"HKD",26641.599609375,26715.580078125,26533.669921875,26563.900390625,26563.900390625,2742400000
"HSI","^HSI",2026-01-20,"HKD",26544.900390625,26638.55078125,26363.859375,26487.509765625,26487.509765625,2770800000
"HSI","^HSI",2026-01-21,"HKD",26397.0390625,26692.779296875,26397.0390625,26585.060546875,26585.060546875,2998700000
"HSI","^HSI",2026-01-22,"HKD",26750.509765625,26779.220703125,26499.140625,26629.9609375,26629.9609375,2990900000
"HSI","^HSI",2026-01-23,"HKD",26861.359375,26895.939453125,26689.73046875,26749.509765625,26749.509765625,2803500000
"HSI","^HSI",2026-01-26,"HKD",26844.0390625,26911.439453125,26619.830078125,26765.51953125,26765.51953125,2926500000
"HSI","^HSI",2026-01-27,"HKD",26863.150390625,27188.900390625,26829.7109375,27126.94921875,27126.94921875,3063200000
"HSI","^HSI",2026-01-28,"HKD",27325.890625,27826.91015625,27258.099609375,27826.91015625,27826.91015625,5050200000
"HSI","^HSI",2026-01-29,"HKD",27627.109375,28056.099609375,27611.900390625,27968.08984375,27968.08984375,4396400000
"HSI","^HSI",2026-01-30,"HKD",27785.98046875,27887.240234375,27384.01953125,27387.109375,27387.109375,4427500000
"HSI","^HSI",2026-02-02,"HKD",27097.33984375,27100.08984375,26507.619140625,26775.5703125,26775.5703125,4835000000
"HSI","^HSI",2026-02-03,"HKD",26995.759765625,27126.48046875,26431.80078125,26834.76953125,26834.76953125,3425200000
"HSI","^HSI",2026-02-04,"HKD",26797.05078125,27004.220703125,26593.1796875,26847.3203125,26847.3203125,2984800000
"HSI","^HSI",2026-02-05,"HKD",26627.94921875,26919.390625,26410.76953125,26885.240234375,26885.240234375,3189800000
"HSI","^HSI",2026-02-06,"HKD",26354.33984375,26710.33984375,26295.029296875,26559.94921875,26559.94921875,2913300000
"HSI","^HSI",2026-02-09,"HKD",26982.490234375,27111.5390625,26879.099609375,27027.16015625,27027.16015625,2734500000
"HSI","^HSI",2026-02-10,"HKD",27202.9609375,27397.650390625,27104.8203125,27183.150390625,27183.150390625,2554300000
"HSI","^HSI",2026-02-11,"HKD",27246.1796875,27325.98046875,27133.76953125,27266.380859375,27266.380859375,2403700000
"HSI","^HSI",2026-02-12,"HKD",27210.560546875,27215.630859375,26932.560546875,27032.5390625,27032.5390625,2668800000
"HSI","^HSI",2026-02-13,"HKD",26640.16015625,26774.439453125,26444.4609375,26567.119140625,26567.119140625,2489000000
"HSI","^HSI",2026-02-16,"HKD",26501.19921875,26734.41015625,26382.41015625,26705.939453125,26705.939453125,808500000
"HSI","^HSI",2026-02-20,"HKD",26657.83984375,26694.33984375,26356.9609375,26413.349609375,26413.349609375,1694800000
"HSI","^HSI",2026-02-23,"HKD",26798.970703125,27156.279296875,26798.970703125,27081.91015625,27081.91015625,1816400000
"HSI","^HSI",2026-02-24,"HKD",26913.6796875,26913.6796875,26480.859375,26590.3203125,26590.3203125,2683800000
"HSI","^HSI",2026-02-25,"HKD",26745.19921875,26870.029296875,26632.529296875,26765.720703125,26765.720703125,2499400000
"HSI","^HSI",2026-02-26,"HKD",27019.740234375,27024.0703125,26373.009765625,26381.01953125,26381.01953125,2901200000
"HSI","^HSI",2026-02-27,"HKD",26447.05078125,26701.5,26375.69921875,26630.5390625,26630.5390625,3294400000
"HSI","^HSI",2026-03-02,"HKD",26305.580078125,26403.849609375,25882.94921875,26059.849609375,26059.849609375,4593500000
"HSI","^HSI",2026-03-03,"HKD",26190.240234375,26218.9296875,25727,25768.080078125,25768.080078125,4705200000
"HSI","^HSI",2026-03-04,"HKD",25469.33984375,25470.05078125,24958.4296875,25249.48046875,25249.48046875,4703700000
"HSI","^HSI",2026-03-05,"HKD",25583.650390625,25736.599609375,25236.6796875,25321.33984375,25321.33984375,3484200000
"HSI","^HSI",2026-03-06,"HKD",25358.560546875,25806.720703125,25267.630859375,25757.2890625,25757.2890625,3669800000
"HSI","^HSI",2026-03-09,"HKD",25075.740234375,25442.619140625,24906,25408.4609375,25408.4609375,5300800000
"HSI","^HSI",2026-03-10,"HKD",25740.2890625,25959.900390625,25611.7890625,25959.900390625,25959.900390625,3518600000
"HSI","^HSI",2026-03-11,"HKD",26112.080078125,26149.640625,25819.099609375,25898.759765625,25898.759765625,3144800000
"HSI","^HSI",2026-03-12,"HKD",25719.470703125,25932.580078125,25521.150390625,25716.759765625,25716.759765625,3046500000
"HSI","^HSI",2026-03-13,"HKD",25583.55078125,25697.169921875,25419.869140625,25465.599609375,25465.599609375,2786100000
"HSI","^HSI",2026-03-16,"HKD",25436.26953125,25856.73046875,25317.810546875,25834.01953125,25834.01953125,3018100000
"HSI","^HSI",2026-03-17,"HKD",25938.4296875,26250.140625,25844.94921875,25868.5390625,25868.5390625,2901400000
"HSI","^HSI",2026-03-18,"HKD",25923.029296875,26117.94921875,25791.8203125,26025.419921875,26025.419921875,2536000000
"HSI","^HSI",2026-03-19,"HKD",25550.560546875,25737.830078125,25449.060546875,25500.580078125,25500.580078125,3552300000
"HSI","^HSI",2026-03-20,"HKD",25337.279296875,25563.880859375,25121.4609375,25277.3203125,25277.3203125,4602500000
"HSI","^HSI",2026-03-23,"HKD",24789.140625,24789.140625,24203.5390625,24382.470703125,24382.470703125,5094400000
"HSI","^HSI",2026-03-24,"HKD",24759.8203125,25077.08984375,24555.5,25063.7109375,25063.7109375,3890700000
"HSI","^HSI",2026-03-25,"HKD",25280.51953125,25390.30078125,25015.19921875,25335.94921875,25335.94921875,4574700000
"HSI","^HSI",2026-03-26,"HKD",25267.16015625,25278.029296875,24793.099609375,24856.4296875,24856.4296875,3973700000
"HSI","^HSI",2026-03-27,"HKD",24768.66015625,25095.5703125,24712.919921875,24951.880859375,24951.880859375,3409200000
"HSI","^HSI",2026-03-30,"HKD",24532.849609375,24811.859375,24409.5703125,24750.7890625,24750.7890625,4149100000
"HSI","^HSI",2026-03-31,"HKD",24818.19921875,24988.529296875,24559.5703125,24788.140625,24788.140625,3804700000
"HSI","^HSI",2026-04-01,"HKD",25357.23046875,25429.759765625,25203.689453125,25294.029296875,25294.029296875,3857700000
"HSI","^HSI",2026-04-02,"HKD",25254.490234375,25254.490234375,24901.76953125,25116.529296875,25116.529296875,3194600000
"HSI","^HSI",2026-04-08,"HKD",25772.560546875,25934.1796875,25668.669921875,25893.01953125,25893.01953125,4871300000
"HSI","^HSI",2026-04-09,"HKD",25756.41015625,25854.80078125,25653.630859375,25752.400390625,25752.400390625,2918000000
"HSI","^HSI",2026-04-10,"HKD",25891.880859375,26073.970703125,25843.650390625,25893.5390625,25893.5390625,2572900000
"HSI","^HSI",2026-04-13,"HKD",25708.640625,25717.380859375,25508.529296875,25660.849609375,25660.849609375,2288800000
"HSI","^HSI",2026-04-14,"HKD",25929.400390625,25995.08984375,25668.529296875,25872.3203125,25872.3203125,2707100000
"HSI","^HSI",2026-04-15,"HKD",26168.25,26216.580078125,25947.3203125,25947.3203125,25947.3203125,3021700000
"HSI","^HSI",2026-04-16,"HKD",26122.80078125,26403.0703125,26122.80078125,26394.259765625,26394.259765625,2805500000
"HSI","^HSI",2026-04-17,"HKD",26210.970703125,26280.9609375,26015.439453125,26160.330078125,26160.330078125,2793200000
"HSI","^HSI",2026-04-20,"HKD",26204.609375,26411.689453125,26094.640625,26361.0703125,26361.0703125,2873200000
"HSI","^HSI",2026-04-21,"HKD",26442.2890625,26529.490234375,26342.01953125,26487.48046875,26487.48046875,2460000000
"HSI","^HSI",2026-04-22,"HKD",26303.599609375,26303.599609375,26073.44921875,26163.240234375,26163.240234375,2562100000
"HSI","^HSI",2026-04-23,"HKD",26098.810546875,26115.0703125,25840.55078125,25915.19921875,25915.19921875,2607800000
"HSI","^HSI",2026-04-24,"HKD",25733.609375,26004.58984375,25639.259765625,25978.0703125,25978.0703125,2885800000
"HSI","^HSI",2026-04-27,"HKD",25976.970703125,26086.01953125,25858.240234375,25925.650390625,25925.650390625,2601400000
"HSI","^HSI",2026-04-28,"HKD",25814.369140625,25896.66015625,25609.609375,25679.779296875,25679.779296875,3263600000
"HSI","^HSI",2026-04-29,"HKD",25842.630859375,26132.939453125,25811.4609375,26111.83984375,26111.83984375,3783200000
"HSI","^HSI",2026-04-30,"HKD",26008.3203125,26072.240234375,25734.16015625,25776.529296875,25776.529296875,4129700000
"HSI","^HSI",2026-05-04,"HKD",26138.33984375,26326.439453125,26091.859375,26095.880859375,26095.880859375,1811100000
"HSI","^HSI",2026-05-05,"HKD",25945.75,25945.75,25690.359375,25898.609375,25898.609375,1482000000
"HSI","^HSI",2026-05-06,"HKD",26029.650390625,26213.779296875,25877.8203125,26213.779296875,26213.779296875,3544300000
"HSI","^HSI",2026-05-07,"HKD",26531.349609375,26669.259765625,26518.7890625,26626.279296875,26626.279296875,3989000000
"HSI","^HSI",2026-05-08,"HKD",26359.7890625,26470.490234375,26274.80078125,26393.7109375,26393.7109375,3061200000
"HSI","^HSI",2026-05-11,"HKD",26310.869140625,26427.140625,26219.259765625,26406.83984375,26406.83984375,3079500000
"HSI","^HSI",2026-05-12,"HKD",26497.029296875,26592.369140625,26328.83984375,26347.91015625,26347.91015625,3082300000
"HSI","^HSI",2026-05-13,"HKD",26369.990234375,26458.900390625,26220.119140625,26388.439453125,26388.439453125,2820400000
"HSI","^HSI",2026-05-14,"HKD",26836.66015625,26844.80078125,26366.859375,26389.0390625,26389.0390625,3124300000
"HSI","^HSI",2026-05-15,"HKD",26391.01953125,26391.01953125,25847.150390625,25962.73046875,25962.73046875,3259900000
"HSI","^HSI",2026-05-18,"HKD",25838.9609375,25838.9609375,25505.7109375,25675.1796875,25675.1796875,3017100000
"HSI","^HSI",2026-05-19,"HKD",25693.369140625,25845.4609375,25671.119140625,25797.849609375,25797.849609375,3100100000
"HSI","^HSI",2026-05-20,"HKD",25709.619140625,25713.529296875,25555.060546875,25651.119140625,25651.119140625,2859500000
"HSI","^HSI",2026-05-21,"HKD",25833.240234375,25833.7109375,25341.73046875,25386.51953125,25386.51953125,3027700000
"HSI","^HSI",2026-05-22,"HKD",25641.80078125,25732.359375,25483.240234375,25606.029296875,25606.029296875,3280800000
"HSI","^HSI",2026-05-26,"HKD",25622.359375,25768.380859375,25431.169921875,25599.44921875,25599.44921875,4082800000
"HSI","^HSI",2026-05-27,"HKD",25608.779296875,25638.41015625,25258.029296875,25328.23046875,25328.23046875,3717100000
"HSI","^HSI",2026-05-28,"HKD",25230.580078125,25230.580078125,24727.259765625,25006.16015625,25006.16015625,4237000000
"HSI","^HSI",2026-05-29,"HKD",25161.51953125,25313.330078125,25055.80078125,25182.390625,25182.390625,6766100000
"HSI","^HSI",2026-06-01,"HKD",25180.05078125,25486.759765625,25174.30078125,25398.1796875,25398.1796875,3703000000
"HSI","^HSI",2026-06-02,"HKD",25395.0703125,26045.0703125,25394.640625,26038.3203125,26038.3203125,3751300000
"HSI","^HSI",2026-06-03,"HKD",25953.009765625,25953.009765625,25569.44921875,25633.2109375,25633.2109375,3174800000
"HSI","^HSI",2026-06-04,"HKD",25465.30078125,25499.08984375,25188.01953125,25253.400390625,25253.400390625,2783000000
"HSI","^HSI",2026-06-05,"HKD",25186.119140625,25216.1796875,24928.140625,24961.94921875,24961.94921875,3574800000
"HSI","^HSI",2026-06-08,"HKD",24582.91015625,24837.98046875,24458.5390625,24657.060546875,24657.060546875,3806700000
"HSI","^HSI",2026-06-09,"HKD",24551.9296875,24740.650390625,24486.390625,24565.900390625,24565.900390625,3359000000
"HSI","^HSI",2026-06-10,"HKD",24442.51953125,24505.9609375,24207.029296875,24407.9609375,24407.9609375,3942300000
"HSI","^HSI",2026-06-11,"HKD",24380.01953125,24492.7109375,23999.669921875,24249.2890625,24249.2890625,3420800000
"HSI","^HSI",2026-06-12,"HKD",24501.5,24771.609375,24445.509765625,24718.099609375,24718.099609375,3751900000
"HSI","^HSI",2026-06-15,"HKD",25001.419921875,25047.900390625,24796.30078125,24842.669921875,24842.669921875,3636200000
"HSI","^HSI",2026-06-16,"HKD",24826.189453125,24844.98046875,24378.689453125,24493.94921875,24493.94921875,3145200000
"HSI","^HSI",2026-06-17,"HKD",24495.849609375,24560.189453125,24254.0703125,24312.16015625,24312.16015625,3055000000
"HSI","^HSI",2026-06-18,"HKD",24145.189453125,24163.25,23749.990234375,23924.810546875,23924.810546875,4835300000
"HSI","^HSI",2026-06-22,"HKD",23811.759765625,23863.7109375,23444.859375,23768.51953125,23768.51953125,4050300000
"HSI","^HSI",2026-06-23,"HKD",23800.01953125,23825.810546875,23252.130859375,23336.279296875,23336.279296875,3689200000
"HSI","^HSI",2026-06-24,"HKD",23420.69921875,23565.650390625,23248.869140625,23412.1796875,23412.1796875,3460100000
"HSI","^HSI",2026-06-25,"HKD",23388.5,23388.5,22978.58984375,23076.91015625,23076.91015625,4265700000
"HSI","^HSI",2026-06-26,"HKD",22952.08984375,22962.4609375,22518,22671.859375,22671.859375,4194500000
"HSI","^HSI",2026-06-29,"HKD",22827.650390625,23183.169921875,22783.640625,23026.6796875,23026.6796875,3457600000
"HSI","^HSI",2026-06-30,"HKD",23007.869140625,23086.849609375,22685.140625,22881.01953125,22881.01953125,4494700000
"HSI","^HSI",2026-07-02,"HKD",23071.4296875,23335.919921875,22953.69921875,23055.029296875,23055.029296875,4144500000
"HSI","^HSI",2026-07-03,"HKD",23240.849609375,23516.69921875,23226.19921875,23350.029296875,23350.029296875,3394600000
"HSI","^HSI",2026-07-06,"HKD",23404.609375,23686.560546875,23229.380859375,23616.3203125,23616.3203125,3396900000
"HSI","^HSI",2026-07-07,"HKD",23568.490234375,23820.919921875,23398.26953125,23496.890625,23496.890625,3693000000
"HSI","^HSI",2026-07-08,"HKD",23541.220703125,24310.919921875,23541.220703125,24199.4609375,24199.4609375,4447700000
"HSI","^HSI",2026-07-09,"HKD",24181.33984375,24353.759765625,23917.3203125,24030.1796875,24030.1796875,3666200000
"HSI","^HSI",2026-07-10,"HKD",24213.439453125,24499.630859375,24064.619140625,24175.119140625,24175.119140625,3340800000
"HSI","^HSI",2026-07-13,"HKD",24157.650390625,24449.76953125,24095.73046875,24213.720703125,24213.720703125,2991300000
"HSI","^HSI",2026-07-14,"HKD",24181.51953125,24436.580078125,23902.05078125,24340.73046875,24340.73046875,3571400000
"HSI","^HSI",2026-07-15,"HKD",24551.33984375,24774.83984375,24449.529296875,24681.099609375,24681.099609375,3246900000
"HSI","^HSI",2026-07-16,"HKD",24825.01953125,25221.439453125,24825.01953125,25008.599609375,25008.599609375,3436100000
"HSI","^HSI",2026-07-17,"HKD",25022.5390625,25166.560546875,24332.509765625,24562.240234375,24562.240234375,3747400000
"HSI","^HSI",2026-07-20,"HKD",24835.029296875,25155.55078125,24756.359375,25143.05078125,25143.05078125,3338100000
"HSI","^HSI",2026-07-21,"HKD",25150.5390625,25253.650390625,24991.390625,25132.2890625,25132.2890625,2894600000
"HSI","^HSI",2026-07-22,"HKD",24978.900390625,25040.26953125,24802.060546875,24892.66015625,24892.66015625,3032900000
"HSI","^HSI",2026-07-23,"HKD",24966.529296875,25267.390625,24876.830078125,25210.810546875,25210.810546875,2700200000
"HSI","^HSI",2026-07-24,"HKD",24932.5,25031.33984375,24812.5,24963.23046875,24963.23046875,2473400000
"HSI","^HSI",2026-07-27,"HKD",24993.76953125,25276.9609375,24938.33984375,25207.1796875,25207.1796875,2630100000
"HSI","^HSI",2026-07-28,"HKD",25271.94921875,25440.6796875,25069.849609375,25310.849609375,25310.849609375,3084100000
"HSI","^HSI",2026-07-29,"HKD",25487.16015625,25808.9296875,25487.16015625,25807.919921875,25807.919921875,3870400000
"HSI","^HSI",2026-07-30,"HKD",25875.830078125,25971.630859375,25657.330078125,25858.880859375,25858.880859375,3743800000
"HSI","^HSI",2026-07-31,"HKD",25837.720703125,25917.19921875,25622.919921875,25884.4296875,25884.4296875,3585400000
"HSI","^HSI",2026-08-03,"HKD",25987.310546875,26133.880859375,25811.740234375,26009.400390625,26009.400390625,2923000000
"HSI","^HSI",2026-08-04,"HKD",26090.98046875,26187.5703125,25768.0390625,25852.919921875,25852.919921875,2918600000
"HSI","^HSI",2026-08-05,"HKD",25890.990234375,25973.939453125,25729.859375,25915.8203125,25915.8203125,2917300000
"HSI","^HSI",2026-08-06,"HKD",25667.140625,25667.140625,25389.419921875,25530.279296875,25530.279296875,2855000000
"HSI","^HSI",2026-08-07,"HKD",25526.650390625,25669.51953125,25393.130859375,25668.029296875,25668.029296875,2757400000
"HSI","^HSI",2026-08-10,"HKD",25805.1796875,25957.75,25720.4609375,25937.490234375,25937.490234375,2409300000
"HSI","^HSI",2026-08-11,"HKD",25998.58984375,26060.3203125,25647.66015625,25652.8203125,25652.8203125,2336000000
"HSI","^HSI",2026-08-12,"HKD",25498.390625,25498.390625,25323.330078125,25440.169921875,25440.169921875,2380400000
"HSI","^HSI",2026-08-13,"HKD",25288.0703125,25519.390625,25288.0703125,25396.509765625,25396.509765625,2868700000
"HSI","^HSI",2026-08-14,"HKD",25219.150390625,25311.859375,25089.140625,25116.849609375,25116.849609375,2526200000
"HSI","^HSI",2026-08-17,"HKD",25303.41015625,25578.26953125,25303.41015625,25453.23046875,25453.23046875,2190500000
"HSI","^HSI",2026-08-18,"HKD",25368.869140625,25518.029296875,25240.619140625,25471.150390625,25471.150390625,2716900000
"HSI","^HSI",2026-08-19,"HKD",25346.900390625,25537.189453125,25315.3203125,25495.0703125,25495.0703125,3462700000
"HSI","^HSI",2026-08-20,"HKD",25779.080078125,25842.91015625,25632.390625,25698.490234375,25698.490234375,3777000000
"HSI","^HSI",2026-08-21,"HKD",25807.609375,26009.4609375,25807.609375,26009.4609375,26009.4609375,3350100000
"HSI","^HSI",2026-08-24,"HKD",25780.119140625,25780.119140625,25430.939453125,25517.330078125,25517.330078125,3664500000
"HSI","^HSI",2026-08-25,"HKD",25634.220703125,25676.76953125,25403.439453125,25511.099609375,25511.099609375,2916100000
"HSI","^HSI",2026-08-26,"HKD",25635.240234375,25800.220703125,25615.939453125,25652.970703125,25652.970703125,3001700000
"HSI","^HSI",2026-08-27,"HKD",25774.869140625,25792.009765625,25500.9609375,25565.740234375,25565.740234375,2621400000
"HSI","^HSI",2026-08-28,"HKD",25410.4609375,25699.08984375,25410.4609375,25584.7890625,25584.7890625,2533500000
"HSI","^HSI",2026-08-31,"HKD",25420.630859375,25566.990234375,25290.689453125,25566.990234375,25566.990234375,5115100000
"HSI","^HSI",2026-09-01,"HKD",25415.720703125,25478.98046875,25240.19921875,25329.73046875,25329.73046875,3078700000
"HSI","^HSI",2026-09-02,"HKD",25280.8203125,25311.2109375,25008.869140625,25311.2109375,25311.2109375,2694700000
"HSI","^HSI",2026-09-03,"HKD",25482.560546875,25538.150390625,25160.380859375,25213.310546875,25213.310546875,2741100000
"HSI","^HSI",2026-09-04,"HKD",25515.740234375,25791.380859375,25515.740234375,25650.869140625,25650.869140625,3576700000
"HSI","^HSI",2026-09-07,"HKD",25652.970703125,25664.98046875,25362.98046875,25413.119140625,25413.119140625,2421900000
"HSI","^HSI",2026-09-08,"HKD",25252.0703125,25394.599609375,25225.689453125,25317.1796875,25317.1796875,2637000000
"HSI","^HSI",2026-09-09,"HKD",25328.130859375,25335.51953125,25161.669921875,25274.9609375,25274.9609375,3136300000
"HSI","^HSI",2026-09-10,"HKD",24985.1796875,25021.810546875,24889.640625,24954.470703125,24954.470703125,2814600000
"HSI","^HSI",2026-09-11,"HKD",24718.150390625,24851.1796875,24570.240234375,24805.630859375,24805.630859375,3138300000
"HSI","^HSI",2026-09-14,"HKD",24701.1796875,24926.240234375,24662.109375,24917.599609375,24917.599609375,2514800000
"HSI","^HSI",2026-09-15,"HKD",24934.060546875,24934.060546875,24657.009765625,24667.240234375,24667.240234375,2321000000
"HSI","^HSI",2026-09-16,"HKD",24789.91015625,24789.91015625,24574.75,24713.779296875,24713.779296875,2163400000
"HSI","^HSI",2026-09-17,"HKD",24480.5703125,24606.150390625,24357.689453125,24604.2890625,24604.2890625,2261700000
"HSI","^HSI",2026-09-18,"HKD",24723.849609375,24862.98046875,24703.919921875,24750.779296875,24750.779296875,3420800000
"HSI","^HSI",2026-09-21,"HKD",24748.44921875,25042.7109375,24736.919921875,25042.7109375,25042.7109375,2541100000
"HSI","^HSI",2026-09-22,"HKD",25170.80078125,25254.109375,25043.640625,25087.75,25087.75,2673900000
"HSI","^HSI",2026-09-23,"HKD",25064.83984375,25072.25,24811.849609375,24834.119140625,24834.119140625,2029600000
"HSI","^HSI",2026-09-24,"HKD",24649.44921875,24791.19921875,24648.2890625,24761.130859375,24761.130859375,1927300000
"HSI","^HSI",2026-09-25,"HKD",24523.5,24537.140625,24275.560546875,24510.08984375,24510.08984375,1343800000
"HSI","^HSI",2026-09-28,"HKD",24554.580078125,24767.220703125,24554.580078125,24642.509765625,24642.509765625,2328900000
"HSI","^HSI",2026-09-29,"HKD",24648.640625,24648.640625,24444.150390625,24523.5703125,24523.5703125,2997600000
"HSI","^HSI",2026-09-30,"HKD",24393.880859375,24637.650390625,24332.640625,24613.26953125,24613.26953125,2808700000
"HSI","^HSI",2026-10-02,"HKD",24099.73046875,24099.73046875,23865.330078125,23972.2890625,23972.2890625,1987400000
"HSI","^HSI",2026-10-05,"HKD",23963.41015625,24040.33984375,23835.6796875,24040.33984375,24040.33984375,0
"LENOVO","0992.HK",2022-01-03,"HKD",8.90999984741211,9.180000305175781,8.800000190734863,9.050000190734863,7.498531818389893,12402513
"LENOVO","0992.HK",2022-01-04,"HKD",9.050000190734863,9.170000076293945,8.8100004196167,8.949999809265137,7.415675163269043,29250522
"LENOVO","0992.HK",2022-01-05,"HKD",8.989999771118164,9.34000015258789,8.859999656677246,9,7.457104206085205,54242472
"LENOVO","0992.HK",2022-01-06,"HKD",8.729999542236328,9,8.729999542236328,8.920000076293945,7.3908185958862305,28409055
"LENOVO","0992.HK",2022-01-07,"HKD",9.069999694824219,9.069999694824219,8.880000114440918,8.979999542236328,7.440532207489014,27169545
"LENOVO","0992.HK",2022-01-10,"HKD",8.989999771118164,9.09000015258789,8.930000305175781,8.979999542236328,7.440532207489014,19947737
"LENOVO","0992.HK",2022-01-11,"HKD",8.9399995803833,9.149999618530273,8.710000038146973,8.789999961853027,7.283104419708252,37371956
"LENOVO","0992.HK",2022-01-12,"HKD",8.869999885559082,8.989999771118164,8.800000190734863,8.979999542236328,7.440532207489014,36163491
"LENOVO","0992.HK",2022-01-13,"HKD",8.920000076293945,9.029999732971191,8.770000457763672,9.029999732971191,7.481959819793701,20697126
"LENOVO","0992.HK",2022-01-14,"HKD",8.90999984741211,9.100000381469727,8.850000381469727,9.029999732971191,7.481959819793701,23997799
"LENOVO","0992.HK",2022-01-17,"HKD",9.029999732971191,9.180000305175781,8.819999694824219,8.989999771118164,7.448818683624268,15758926
"LENOVO","0992.HK",2022-01-18,"HKD",8.899999618530273,8.949999809265137,8.600000381469727,8.720000267028809,7.225106239318848,27304888
"LENOVO","0992.HK",2022-01-19,"HKD",8.779999732971191,8.859999656677246,8.729999542236328,8.789999961853027,7.283104419708252,17175869
"LENOVO","0992.HK",2022-01-20,"HKD",8.789999961853027,8.869999885559082,8.40999984741211,8.470000267028809,7.017963409423828,39136746
"LENOVO","0992.HK",2022-01-21,"HKD",8.5600004196167,8.680000305175781,8.390000343322754,8.59000015258789,7.117392539978027,37173929
"LENOVO","0992.HK",2022-01-24,"HKD",8.510000228881836,8.510000228881836,8.260000228881836,8.380000114440918,6.943391799926758,23386448
"LENOVO","0992.HK",2022-01-25,"HKD",8.329999923706055,8.479999542236328,8.229999542236328,8.329999923706055,6.901963233947754,27107451
"LENOVO","0992.HK",2022-01-26,"HKD",8.390000343322754,8.470000267028809,8.260000228881836,8.40999984741211,6.968249797821045,20080737
"LENOVO","0992.HK",2022-01-27,"HKD",8.300000190734863,8.430000305175781,8.25,8.420000076293945,6.976534843444824,24625239
"LENOVO","0992.HK",2022-01-28,"HKD",8.350000381469727,8.4399995803833,8.25,8.369999885559082,6.9351067543029785,35070488
"LENOVO","0992.HK",2022-01-31,"HKD",8.359999656677246,8.359999656677246,8.359999656677246,8.359999656677246,6.926821231842041,0
"LENOVO","0992.HK",2022-02-04,"HKD",8.779999732971191,8.869999885559082,8.5600004196167,8.720000267028809,7.225106239318848,22757571
"LENOVO","0992.HK",2022-02-07,"HKD",8.670000076293945,8.699999809265137,8.300000190734863,8.40999984741211,6.968249797821045,28726045
"LENOVO","0992.HK",2022-02-08,"HKD",8.479999542236328,8.479999542236328,8.329999923706055,8.40999984741211,6.968249797821045,18689057
"LENOVO","0992.HK",2022-02-09,"HKD",8.4399995803833,8.779999732971191,8.4399995803833,8.699999809265137,7.208534240722656,23122671
"LENOVO","0992.HK",2022-02-10,"HKD",8.699999809265137,8.869999885559082,8.699999809265137,8.850000381469727,7.332818984985352,25301221
"LENOVO","0992.HK",2022-02-11,"HKD",8.680000305175781,8.710000038146973,8.5600004196167,8.670000076293945,7.183676242828369,20492055
"LENOVO","0992.HK",2022-02-14,"HKD",8.529999732971191,8.779999732971191,8.529999732971191,8.770000457763672,7.266532897949219,13877314
"LENOVO","0992.HK",2022-02-15,"HKD",8.630000114440918,8.6899995803833,8.520000457763672,8.550000190734863,7.0842485427856445,22446531
"LENOVO","0992.HK",2022-02-16,"HKD",8.579999923706055,8.739999771118164,8.569999694824219,8.670000076293945,7.183676242828369,20813204
"LENOVO","0992.HK",2022-02-17,"HKD",8.619999885559082,8.850000381469727,8.609999656677246,8.699999809265137,7.208534240722656,25850533
"LENOVO","0992.HK",2022-02-18,"HKD",8.609999656677246,8.630000114440918,8.399999618530273,8.539999961853027,7.075963020324707,27234380
"LENOVO","0992.HK",2022-02-21,"HKD",8.899999618530273,9.4399995803833,8.850000381469727,9,7.457104206085205,100864340
"LENOVO","0992.HK",2022-02-22,"HKD",8.880000114440918,9.1899995803833,8.760000228881836,9.010000228881836,7.465389728546143,64705521
"LENOVO","0992.HK",2022-02-23,"HKD",9.010000228881836,9.15999984741211,8.619999885559082,8.770000457763672,7.266532897949219,69734316
"LENOVO","0992.HK",2022-02-24,"HKD",8.739999771118164,9.029999732971191,8.569999694824219,8.640000343322754,7.158819198608398,68636574
"LENOVO","0992.HK",2022-02-25,"HKD",8.640000343322754,8.850000381469727,8.579999923706055,8.75,7.249961853027344,42890853
"LENOVO","0992.HK",2022-02-28,"HKD",8.65999984741211,8.720000267028809,8.4399995803833,8.6899995803833,7.200248718261719,59723860
"LENOVO","0992.HK",2022-03-01,"HKD",8.649999618530273,8.819999694824219,8.619999885559082,8.680000305175781,7.191962242126465,33338627
"LENOVO","0992.HK",2022-03-02,"HKD",8.59000015258789,8.789999961853027,8.460000038146973,8.550000190734863,7.0842485427856445,56095203
"LENOVO","0992.HK",2022-03-03,"HKD",8.649999618530273,8.960000038146973,8.460000038146973,8.5,7.042819976806641,51899716
"LENOVO","0992.HK",2022-03-04,"HKD",8.319999694824219,8.359999656677246,7.820000171661377,7.940000057220459,6.578823089599609,159690952
"LENOVO","0992.HK",2022-03-07,"HKD",7.730000019073486,7.75,7.460000038146973,7.699999809265137,6.379966735839844,135861942
"LENOVO","0992.HK",2022-03-08,"HKD",7.730000019073486,7.880000114440918,7.599999904632568,7.650000095367432,6.338537693023682,62413306
"LENOVO","0992.HK",2022-03-09,"HKD",7.550000190734863,7.670000076293945,7.409999847412109,7.570000171661377,6.272253036499023,44977078
"LENOVO","0992.HK",2022-03-10,"HKD",7.699999809265137,7.849999904632568,7.590000152587891,7.710000038146973,6.388252258300781,36708035
"LENOVO","0992.HK",2022-03-11,"HKD",7.739999771118164,7.860000133514404,7.5,7.829999923706055,6.487680912017822,49396075
"LENOVO","0992.HK",2022-03-14,"HKD",7.78000020980835,7.78000020980835,7.400000095367432,7.460000038146973,6.181110382080078,51531609
"LENOVO","0992.HK",2022-03-15,"HKD",7.460000038146973,7.599999904632568,7.239999771118164,7.380000114440918,6.11482572555542,67375983
"LENOVO","0992.HK",2022-03-16,"HKD",7.440000057220459,7.559999942779541,7.050000190734863,7.539999961853027,6.2473955154418945,72867010
"LENOVO","0992.HK",2022-03-17,"HKD",7.75,8.020000457763672,7.460000038146973,8,6.628536224365234,76440160
"LENOVO","0992.HK",2022-03-18,"HKD",7.960000038146973,8.130000114440918,7.840000152587891,8.029999732971191,6.653393268585205,74476981
"LENOVO","0992.HK",2022-03-21,"HKD",8.069999694824219,8.180000305175781,7.920000076293945,8.109999656677246,6.71967887878418,43356020
"LENOVO","0992.HK",2022-03-22,"HKD",7.989999771118164,8.25,7.989999771118164,8.25,6.835677623748779,43183639
"LENOVO","0992.HK",2022-03-23,"HKD",8.210000038146973,8.329999923706055,8.149999618530273,8.279999732971191,6.860534191131592,30133402
"LENOVO","0992.HK",2022-03-24,"HKD",8.180000305175781,8.569999694824219,8.180000305175781,8.449999809265137,7.001391410827637,54559429
"LENOVO","0992.HK",2022-03-25,"HKD",8.34000015258789,8.550000190734863,8.260000228881836,8.34000015258789,6.91024923324585,38138935
"LENOVO","0992.HK",2022-03-28,"HKD",8.300000190734863,8.539999961853027,8.300000190734863,8.460000038146973,7.009676933288574,34746118
"LENOVO","0992.HK",2022-03-29,"HKD",8.390000343322754,8.539999961853027,8.279999732971191,8.5,7.042819976806641,38686569
"LENOVO","0992.HK",2022-03-30,"HKD",8.40999984741211,8.630000114440918,8.40999984741211,8.479999542236328,7.026248931884766,37337409
"LENOVO","0992.HK",2022-03-31,"HKD",8.479999542236328,8.579999923706055,8.380000114440918,8.520000457763672,7.05939245223999,39875655
"LENOVO","0992.HK",2022-04-01,"HKD",8.5,8.619999885559082,8.399999618530273,8.619999885559082,7.142247676849365,42898338
"LENOVO","0992.HK",2022-04-04,"HKD",8.649999618530273,9.050000190734863,8.619999885559082,9.039999961853027,7.490245819091797,77741254
"LENOVO","0992.HK",2022-04-06,"HKD",8.880000114440918,8.90999984741211,8.390000343322754,8.420000076293945,6.976534843444824,69803643
"LENOVO","0992.HK",2022-04-07,"HKD",8.239999771118164,8.5,8.229999542236328,8.289999961853027,6.86882209777832,60436072
"LENOVO","0992.HK",2022-04-08,"HKD",8.449999809265137,8.630000114440918,8.399999618530273,8.5,7.042819976806641,37540013
"LENOVO","0992.HK",2022-04-11,"HKD",8.420000076293945,8.470000267028809,8.100000381469727,8.119999885559082,6.727964878082275,30688388
"LENOVO","0992.HK",2022-04-12,"HKD",8.100000381469727,8.199999809265137,7.650000095367432,7.78000020980835,6.446252346038818,55561131
"LENOVO","0992.HK",2022-04-13,"HKD",7.760000228881836,7.760000228881836,7.480000019073486,7.71999979019165,6.396537780761719,41103163
"LENOVO","0992.HK",2022-04-14,"HKD",7.769999980926514,7.869999885559082,7.699999809265137,7.75,6.4213948249816895,40897199
"LENOVO","0992.HK",2022-04-19,"HKD",7.739999771118164,7.889999866485596,7.539999961853027,7.670000076293945,6.355109691619873,46285416
"LENOVO","0992.HK",2022-04-20,"HKD",7.670000076293945,8.039999961853027,7.670000076293945,7.900000095367432,6.545680046081543,37316859
"LENOVO","0992.HK",2022-04-21,"HKD",7.900000095367432,7.960000038146973,7.699999809265137,7.78000020980835,6.446252346038818,24936018
"LENOVO","0992.HK",2022-04-22,"HKD",7.630000114440918,7.78000020980835,7.5,7.75,6.4213948249816895,32360109
"LENOVO","0992.HK",2022-04-25,"HKD",7.599999904632568,7.650000095367432,7.389999866485596,7.449999809265137,6.172824859619141,25206297
"LENOVO","0992.HK",2022-04-26,"HKD",7.5,7.630000114440918,7.090000152587891,7.139999866485596,5.915968894958496,63618051
"LENOVO","0992.HK",2022-04-27,"HKD",7.059999942779541,7.269999980926514,6.96999979019165,7.199999809265137,5.965682029724121,56857757
"LENOVO","0992.HK",2022-04-28,"HKD",7.289999961853027,7.440000057220459,7.159999847412109,7.360000133514404,6.09825325012207,30697722
"LENOVO","0992.HK",2022-04-29,"HKD",7.320000171661377,7.71999979019165,7.289999961853027,7.679999828338623,6.3633952140808105,54210342
"LENOVO","0992.HK",2022-05-03,"HKD",7.599999904632568,7.619999885559082,7.420000076293945,7.579999923706055,6.280539035797119,29138517
"LENOVO","0992.HK",2022-05-04,"HKD",7.539999961853027,7.650000095367432,7.480000019073486,7.610000133514404,6.30539608001709,13729663
"LENOVO","0992.HK",2022-05-05,"HKD",7.760000228881836,7.880000114440918,7.650000095367432,7.679999828338623,6.3633952140808105,27570304
"LENOVO","0992.HK",2022-05-06,"HKD",7.570000171661377,8.0600004196167,7.519999980926514,7.840000152587891,6.49596643447876,71204376
"LENOVO","0992.HK",2022-05-10,"HKD",7.570000171661377,8.119999885559082,7.510000228881836,8.069999694824219,6.68653678894043,84301517
"LENOVO","0992.HK",2022-05-11,"HKD",8.149999618530273,8.430000305175781,8.119999885559082,8.229999542236328,6.819107532501221,68641601
"LENOVO","0992.HK",2022-05-12,"HKD",8.15999984741211,8.239999771118164,7.909999847412109,7.980000019073486,6.611965656280518,68215165
"LENOVO","0992.HK",2022-05-13,"HKD",7.980000019073486,8.0600004196167,7.849999904632568,7.989999771118164,6.620251178741455,41648399
"LENOVO","0992.HK",2022-05-16,"HKD",7.989999771118164,8.069999694824219,7.869999885559082,7.929999828338623,6.570537090301514,29431293
"LENOVO","0992.HK",2022-05-17,"HKD",8.09000015258789,8.279999732971191,8.09000015258789,8.239999771118164,6.827392578125,40691961
"LENOVO","0992.HK",2022-05-18,"HKD",8.109999656677246,8.359999656677246,8.109999656677246,8.270000457763672,6.852250099182129,40493850
"LENOVO","0992.HK",2022-05-19,"HKD",8.050000190734863,8.170000076293945,7.789999961853027,7.840000152587891,6.49596643447876,54989221
"LENOVO","0992.HK",2022-05-20,"HKD",8,8.069999694824219,7.889999866485596,8.010000228881836,6.63682222366333,33077661
"LENOVO","0992.HK",2022-05-23,"HKD",7.940000057220459,7.960000038146973,7.679999828338623,7.730000019073486,6.4048237800598145,41623978
"LENOVO","0992.HK",2022-05-24,"HKD",7.619999885559082,7.699999809265137,7.320000171661377,7.369999885559082,6.106539726257324,63682724
"LENOVO","0992.HK",2022-05-25,"HKD",7.369999885559082,7.429999828338623,7.150000095367432,7.190000057220459,5.9573974609375,78210608
"LENOVO","0992.HK",2022-05-26,"HKD",7.190000057220459,7.289999961853027,7.070000171661377,7.269999980926514,6.023683071136475,77663458
"LENOVO","0992.HK",2022-05-27,"HKD",7.400000095367432,7.53000020980835,7.340000152587891,7.5,6.214253902435303,67979909
"LENOVO","0992.HK",2022-05-30,"HKD",7.550000190734863,7.730000019073486,7.510000228881836,7.590000152587891,6.288824081420898,41392326
"LENOVO","0992.HK",2022-05-31,"HKD",7.539999961853027,7.75,7.539999961853027,7.739999771118164,6.41310977935791,56499028
"LENOVO","0992.HK",2022-06-01,"HKD",7.75,7.769999980926514,7.619999885559082,7.630000114440918,6.321967124938965,42381400
"LENOVO","0992.HK",2022-06-02,"HKD",7.480000019073486,7.519999980926514,7.349999904632568,7.46999979019165,6.189395904541016,62218536
"LENOVO","0992.HK",2022-06-06,"HKD",7.46999979019165,7.730000019073486,7.329999923706055,7.710000038146973,6.388252258300781,43081116
"LENOVO","0992.HK",2022-06-07,"HKD",7.550000190734863,7.889999866485596,7.53000020980835,7.78000020980835,6.446252346038818,43099723
"LENOVO","0992.HK",2022-06-08,"HKD",7.809999942779541,7.900000095367432,7.710000038146973,7.78000020980835,6.446252346038818,43007843
"LENOVO","0992.HK",2022-06-09,"HKD",7.710000038146973,7.849999904632568,7.639999866485596,7.71999979019165,6.396537780761719,37372925
"LENOVO","0992.HK",2022-06-10,"HKD",7.619999885559082,7.769999980926514,7.5,7.75,6.4213948249816895,167028390
"LENOVO","0992.HK",2022-06-13,"HKD",7.460000038146973,7.539999961853027,7.400000095367432,7.5,6.214253902435303,47589096
"LENOVO","0992.HK",2022-06-14,"HKD",7.409999847412109,7.639999866485596,7.360000133514404,7.570000171661377,6.272253036499023,45491658
"LENOVO","0992.HK",2022-06-15,"HKD",7.449999809265137,7.5,7.199999809265137,7.289999961853027,6.04025411605835,68509743
"LENOVO","0992.HK",2022-06-16,"HKD",7.260000228881836,7.320000171661377,7.059999942779541,7.130000114440918,5.907683372497559,63092109
"LENOVO","0992.HK",2022-06-17,"HKD",7.03000020980835,7.309999942779541,7.03000020980835,7.190000057220459,5.9573974609375,56572865
"LENOVO","0992.HK",2022-06-20,"HKD",7.159999847412109,7.369999885559082,7.119999885559082,7.340000152587891,6.081683158874512,26423351
"LENOVO","0992.HK",2022-06-21,"HKD",7.340000152587891,7.460000038146973,7.260000228881836,7.429999828338623,6.156253337860107,28642225
"LENOVO","0992.HK",2022-06-22,"HKD",7.360000133514404,7.519999980926514,7.230000019073486,7.239999771118164,5.998826026916504,28305009
"LENOVO","0992.HK",2022-06-23,"HKD",7.260000228881836,7.409999847412109,7.230000019073486,7.320000171661377,6.065110683441162,36795603
"LENOVO","0992.HK",2022-06-24,"HKD",7.320000171661377,7.46999979019165,7.309999942779541,7.429999828338623,6.156253337860107,26053304
"LENOVO","0992.HK",2022-06-27,"HKD",7.489999771118164,7.820000171661377,7.480000019073486,7.78000020980835,6.446252346038818,75952691
"LENOVO","0992.HK",2022-06-28,"HKD",7.699999809265137,7.880000114440918,7.659999847412109,7.840000152587891,6.49596643447876,54625863
"LENOVO","0992.HK",2022-06-29,"HKD",7.75,7.96999979019165,7.599999904632568,7.650000095367432,6.338537693023682,38466065
"LENOVO","0992.HK",2022-06-30,"HKD",7.5,7.590000152587891,7.300000190734863,7.329999923706055,6.073397159576416,60877184
"LENOVO","0992.HK",2022-07-04,"HKD",7.289999961853027,7.340000152587891,7.159999847412109,7.28000020980835,6.031968116760254,39173457
"LENOVO","0992.HK",2022-07-05,"HKD",7.349999904632568,7.46999979019165,7.190000057220459,7.210000038146973,5.973968982696533,41160674
"LENOVO","0992.HK",2022-07-06,"HKD",7.199999809265137,7.210000038146973,7.050000190734863,7.179999828338623,5.9491119384765625,55776108
"LENOVO","0992.HK",2022-07-07,"HKD",7.059999942779541,7.179999828338623,7.059999942779541,7.150000095367432,5.924254894256592,32023326
"LENOVO","0992.HK",2022-07-08,"HKD",7.260000228881836,7.28000020980835,7.079999923706055,7.150000095367432,5.924254894256592,31712601
"LENOVO","0992.HK",2022-07-11,"HKD",7.079999923706055,7.139999866485596,7.050000190734863,7.099999904632568,5.882826805114746,23272889
"LENOVO","0992.HK",2022-07-12,"HKD",7.130000114440918,7.179999828338623,7.039999961853027,7.059999942779541,5.84968376159668,25212326
"LENOVO","0992.HK",2022-07-13,"HKD",7.090000152587891,7.110000133514404,6.989999771118164,7.050000190734863,5.8413987159729,34956370
"LENOVO","0992.HK",2022-07-14,"HKD",7.070000171661377,7.210000038146973,7.039999961853027,7.190000057220459,5.9573974609375,25575206
"LENOVO","0992.HK",2022-07-15,"HKD",7.150000095367432,7.179999828338623,7.019999980926514,7.090000152587891,5.87454080581665,19549133
"LENOVO","0992.HK",2022-07-18,"HKD",7.150000095367432,7.21999979019165,6.960000038146973,7.179999828338623,5.9491119384765625,77231502
"LENOVO","0992.HK",2022-07-19,"HKD",7.039999961853027,7.190000057220459,7.039999961853027,7.150000095367432,5.924254894256592,28333130
"LENOVO","0992.HK",2022-07-20,"HKD",7.159999847412109,7.300000190734863,7.159999847412109,7.25,6.0071120262146,40169610
"LENOVO","0992.HK",2022-07-21,"HKD",7.210000038146973,7.369999885559082,7.199999809265137,7.320000171661377,6.065110683441162,28952604
"LENOVO","0992.HK",2022-07-22,"HKD",7.360000133514404,7.389999866485596,7.289999961853027,7.360000133514404,6.09825325012207,32428767
"LENOVO","0992.HK",2022-07-25,"HKD",7.340000152587891,7.510000228881836,7.340000152587891,7.510000228881836,6.22253942489624,45382397
"LENOVO","0992.HK",2022-07-26,"HKD",7.5,7.53000020980835,7.429999828338623,7.480000019073486,6.197681903839111,30212733
"LENOVO","0992.HK",2022-07-27,"HKD",7.460000038146973,7.590000152587891,7.429999828338623,7.590000152587891,6.288824081420898,37097108
"LENOVO","0992.HK",2022-07-28,"HKD",7.590000152587891,7.71999979019165,7.539999961853027,7.650000095367432,6.338537693023682,42257011
"LENOVO","0992.HK",2022-07-29,"HKD",7.599999904632568,7.730000019073486,7.550000190734863,7.590000152587891,6.288824081420898,36643389
"LENOVO","0992.HK",2022-08-01,"HKD",7.28000020980835,7.389999866485596,7.139999866485596,7.150000095367432,6.168051242828369,41330409
"LENOVO","0992.HK",2022-08-02,"HKD",7.110000133514404,7.210000038146973,7,7.03000020980835,6.0645318031311035,31004647
"LENOVO","0992.HK",2022-08-03,"HKD",7.070000171661377,7.139999866485596,6.860000133514404,6.900000095367432,5.952385425567627,36637261
"LENOVO","0992.HK",2022-08-04,"HKD",6.949999809265137,7.050000190734863,6.909999847412109,6.96999979019165,6.012771129608154,29832761
"LENOVO","0992.HK",2022-08-05,"HKD",7.099999904632568,7.190000057220459,7,7.150000095367432,6.168051242828369,22384519
"LENOVO","0992.HK",2022-08-08,"HKD",7.03000020980835,7.159999847412109,7,7.119999885559082,6.1421709060668945,18904086
"LENOVO","0992.HK",2022-08-09,"HKD",7.159999847412109,7.190000057220459,7.039999961853027,7.050000190734863,6.081784248352051,23039610
"LENOVO","0992.HK",2022-08-10,"HKD",7.059999942779541,7.099999904632568,6.880000114440918,6.900000095367432,5.952385425567627,40886136
"LENOVO","0992.HK",2022-08-11,"HKD",7,7.25,6.829999923706055,7.130000114440918,6.150798320770264,43339034
"LENOVO","0992.HK",2022-08-12,"HKD",7.039999961853027,7.190000057220459,7.039999961853027,7.110000133514404,6.133544921875,19570694
"LENOVO","0992.HK",2022-08-15,"HKD",7.059999942779541,7.170000076293945,7,7,6.038651943206787,15988828
"LENOVO","0992.HK",2022-08-16,"HKD",7.019999980926514,7.039999961853027,6.849999904632568,6.920000076293945,5.969638347625732,23554559
"LENOVO","0992.HK",2022-08-17,"HKD",6.949999809265137,6.96999979019165,6.860000133514404,6.889999866485596,5.943758010864258,18872173
"LENOVO","0992.HK",2022-08-18,"HKD",6.900000095367432,7.119999885559082,6.800000190734863,6.989999771118164,6.030025005340576,151669798
"LENOVO","0992.HK",2022-08-19,"HKD",6.929999828338623,7.25,6.929999828338623,7.190000057220459,6.202557563781738,74016813
"LENOVO","0992.HK",2022-08-22,"HKD",7.03000020980835,7.099999904632568,6.929999828338623,7.010000228881836,6.047278881072998,41270167
"LENOVO","0992.HK",2022-08-23,"HKD",6.989999771118164,7.03000020980835,6.860000133514404,6.909999847412109,5.96101188659668,37128107
"LENOVO","0992.HK",2022-08-24,"HKD",6.909999847412109,6.909999847412109,6.590000152587891,6.630000114440918,5.719465732574463,68958753
"LENOVO","0992.HK",2022-08-25,"HKD",6.630000114440918,6.789999961853027,6.630000114440918,6.78000020980835,5.848865985870361,41074783
"LENOVO","0992.HK",2022-08-26,"HKD",6.809999942779541,6.880000114440918,6.739999771118164,6.880000114440918,5.935132026672363,31253345
"LENOVO","0992.HK",2022-08-29,"HKD",6.730000019073486,6.78000020980835,6.53000020980835,6.559999942779541,5.659078598022461,59601694
"LENOVO","0992.HK",2022-08-30,"HKD",6.570000171661377,6.599999904632568,6.320000171661377,6.46999979019165,5.581439018249512,50839092
"LENOVO","0992.HK",2022-08-31,"HKD",6.340000152587891,6.619999885559082,6.340000152587891,6.5,5.607319355010986,37313770
"LENOVO","0992.HK",2022-09-01,"HKD",6.489999771118164,6.489999771118164,6.400000095367432,6.440000057220459,5.555559158325195,34923886
"LENOVO","0992.HK",2022-09-02,"HKD",6.400000095367432,6.449999809265137,6.159999847412109,6.239999771118164,5.383026599884033,108192206
"LENOVO","0992.HK",2022-09-05,"HKD",6.25,6.300000190734863,6.090000152587891,6.210000038146973,5.357146263122559,45520405
"LENOVO","0992.HK",2022-09-06,"HKD",6.199999809265137,6.25,6.119999885559082,6.190000057220459,5.339893341064453,26166740
"LENOVO","0992.HK",2022-09-07,"HKD",6.130000114440918,6.139999866485596,6,6.079999923706055,5.245000839233398,69702517
"LENOVO","0992.HK",2022-09-08,"HKD",6.059999942779541,6.110000133514404,5.96999979019165,6,5.175987720489502,40689376
"LENOVO","0992.HK",2022-09-09,"HKD",6.019999980926514,6.190000057220459,5.96999979019165,6.099999904632568,5.262253284454346,38862663
"LENOVO","0992.HK",2022-09-13,"HKD",6.119999885559082,6.429999828338623,6.110000133514404,6.340000152587891,5.469293117523193,47820517
"LENOVO","0992.HK",2022-09-14,"HKD",6.190000057220459,6.239999771118164,6.139999866485596,6.150000095367432,5.305386543273926,49410592
"LENOVO","0992.HK",2022-09-15,"HKD",6.110000133514404,6.210000038146973,6.079999923706055,6.139999866485596,5.296759605407715,22676138
"LENOVO","0992.HK",2022-09-16,"HKD",6,6.130000114440918,5.889999866485596,6.070000171661377,5.236373424530029,41755852
"LENOVO","0992.HK",2022-09-19,"HKD",6,6.190000057220459,6,6.119999885559082,5.279506683349609,28883480
"LENOVO","0992.HK",2022-09-20,"HKD",6.179999828338623,6.230000019073486,6.130000114440918,6.159999847412109,5.314013957977295,26894413
"LENOVO","0992.HK",2022-09-21,"HKD",6.050000190734863,6.179999828338623,6.019999980926514,6.090000152587891,5.253627300262451,22863008
"LENOVO","0992.HK",2022-09-22,"HKD",5.900000095367432,5.96999979019165,5.78000020980835,5.900000095367432,5.089720249176025,45039275
"LENOVO","0992.HK",2022-09-23,"HKD",5.860000133514404,5.909999847412109,5.809999942779541,5.869999885559082,5.063839912414551,25994236
"LENOVO","0992.HK",2022-09-26,"HKD",5.800000190734863,5.909999847412109,5.75,5.860000133514404,5.055213928222656,23486656
"LENOVO","0992.HK",2022-09-27,"HKD",5.829999923706055,5.889999866485596,5.769999980926514,5.860000133514404,5.055213928222656,22482373
"LENOVO","0992.HK",2022-09-28,"HKD",5.769999980926514,5.849999904632568,5.650000095367432,5.760000228881836,4.968947887420654,59802092
"LENOVO","0992.HK",2022-09-29,"HKD",5.679999828338623,5.739999771118164,5.28000020980835,5.349999904632568,4.615254878997803,60938051
"LENOVO","0992.HK",2022-09-30,"HKD",5.380000114440918,5.590000152587891,5.360000133514404,5.460000038146973,4.710147857666016,43197921
"LENOVO","0992.HK",2022-10-03,"HKD",5.349999904632568,5.519999980926514,5.340000152587891,5.369999885559082,4.632508277893066,15971446
"LENOVO","0992.HK",2022-10-05,"HKD",5.599999904632568,5.800000190734863,5.590000152587891,5.71999979019165,4.934441089630127,47926306
"LENOVO","0992.HK",2022-10-06,"HKD",5.71999979019165,5.71999979019165,5.590000152587891,5.679999828338623,4.899934768676758,23436823
"LENOVO","0992.HK",2022-10-07,"HKD",5.630000114440918,5.690000057220459,5.46999979019165,5.510000228881836,4.753281116485596,28038977
"LENOVO","0992.HK",2022-10-10,"HKD",5.340000152587891,5.480000019073486,5.260000228881836,5.449999809265137,4.701521396636963,17444172
"LENOVO","0992.HK",2022-10-11,"HKD",5.46999979019165,5.559999942779541,5.409999847412109,5.429999828338623,4.684267997741699,36321744
"LENOVO","0992.HK",2022-10-12,"HKD",5.409999847412109,5.550000190734863,5.400000095367432,5.510000228881836,4.753281116485596,36932063
"LENOVO","0992.HK",2022-10-13,"HKD",5.489999771118164,5.579999923706055,5.349999904632568,5.380000114440918,4.641134262084961,36547221
"LENOVO","0992.HK",2022-10-14,"HKD",5.460000038146973,5.670000076293945,5.460000038146973,5.53000020980835,4.770534992218018,49646078
"LENOVO","0992.HK",2022-10-17,"HKD",5.53000020980835,5.679999828338623,5.519999980926514,5.610000133514404,4.839547634124756,39560561
"LENOVO","0992.HK",2022-10-18,"HKD",5.639999866485596,5.690000057220459,5.449999809265137,5.670000076293945,4.891307353973389,52200424
"LENOVO","0992.HK",2022-10-19,"HKD",5.670000076293945,5.820000171661377,5.639999866485596,5.670000076293945,4.891307353973389,28016662
"LENOVO","0992.HK",2022-10-20,"HKD",5.559999942779541,5.760000228881836,5.460000038146973,5.710000038146973,4.925814628601074,45366750
"LENOVO","0992.HK",2022-10-21,"HKD",5.75,5.860000133514404,5.699999809265137,5.769999980926514,4.977574348449707,39764645
"LENOVO","0992.HK",2022-10-24,"HKD",5.519999980926514,5.71999979019165,5.460000038146973,5.579999923706055,4.8136677742004395,57006728
"LENOVO","0992.HK",2022-10-25,"HKD",5.75,5.989999771118164,5.599999904632568,5.869999885559082,5.063839912414551,79936399
"LENOVO","0992.HK",2022-10-26,"HKD",5.840000152587891,6.059999942779541,5.75,5.949999809265137,5.132853984832764,59209818
"LENOVO","0992.HK",2022-10-27,"HKD",6.079999923706055,6.260000228881836,6,6.159999847412109,5.314013957977295,57437176
"LENOVO","0992.HK",2022-10-28,"HKD",6.150000095367432,6.199999809265137,6.019999980926514,6.059999942779541,5.227746486663818,41095776
"LENOVO","0992.HK",2022-10-31,"HKD",6.150000095367432,6.340000152587891,6.070000171661377,6.28000020980835,5.4175333976745605,57348185
"LENOVO","0992.HK",2022-11-01,"HKD",6.139999866485596,6.380000114440918,6.090000152587891,6.309999942779541,5.443413257598877,66627643
"LENOVO","0992.HK",2022-11-02,"HKD",6.239999771118164,6.28000020980835,5.889999866485596,6,5.175987720489502,65260349
"LENOVO","0992.HK",2022-11-03,"HKD",5.699999809265137,6.010000228881836,5.699999809265137,5.960000038146973,5.141479969024658,56834937
"LENOVO","0992.HK",2022-11-04,"HKD",5.920000076293945,6.170000076293945,5.739999771118164,6.050000190734863,5.219120025634766,73199364
"LENOVO","0992.HK",2022-11-07,"HKD",6.03000020980835,6.449999809265137,5.96999979019165,6.340000152587891,5.469293117523193,65298502
"LENOVO","0992.HK",2022-11-08,"HKD",6.329999923706055,6.429999828338623,6.260000228881836,6.389999866485596,5.512426376342773,46590624
"LENOVO","0992.HK",2022-11-09,"HKD",6.380000114440918,6.480000019073486,6.320000171661377,6.369999885559082,5.495172023773193,37921065
"LENOVO","0992.HK",2022-11-10,"HKD",6.369999885559082,6.489999771118164,6.28000020980835,6.389999866485596,5.512426376342773,45200828
"LENOVO","0992.HK",2022-11-11,"HKD",6.690000057220459,6.71999979019165,6.539999961853027,6.639999866485596,5.728092670440674,54290099
"LENOVO","0992.HK",2022-11-14,"HKD",6.829999923706055,6.849999904632568,6.579999923706055,6.650000095367432,5.736719131469727,45511341
"LENOVO","0992.HK",2022-11-15,"HKD",6.639999866485596,6.78000020980835,6.579999923706055,6.769999980926514,5.840239524841309,37990932
"LENOVO","0992.HK",2022-11-16,"HKD",6.75,6.800000190734863,6.579999923706055,6.699999809265137,5.779851913452148,46044339
"LENOVO","0992.HK",2022-11-17,"HKD",6.690000057220459,6.869999885559082,6.570000171661377,6.650000095367432,5.736719131469727,38908321
"LENOVO","0992.HK",2022-11-18,"HKD",6.739999771118164,6.739999771118164,6.510000228881836,6.53000020980835,5.633199214935303,33219115
"LENOVO","0992.HK",2022-11-21,"HKD",6.389999866485596,6.440000057220459,6.309999942779541,6.409999847412109,5.529679775238037,29634166
"LENOVO","0992.HK",2022-11-22,"HKD",6.380000114440918,6.579999923706055,6.380000114440918,6.429999828338623,5.546932220458984,27036046
"LENOVO","0992.HK",2022-11-23,"HKD",6.380000114440918,6.480000019073486,6.369999885559082,6.400000095367432,5.521053314208984,21393363
"LENOVO","0992.HK",2022-11-24,"HKD",6.420000076293945,6.53000020980835,6.420000076293945,6.519999980926514,5.62457275390625,18369293
"LENOVO","0992.HK",2022-11-25,"HKD",6.519999980926514,6.539999961853027,6.289999961853027,6.289999961853027,5.493565559387207,15825614
"LENOVO","0992.HK",2022-11-28,"HKD",6.119999885559082,6.21999979019165,6.010000228881836,6.199999809265137,5.414960861206055,32830136
"LENOVO","0992.HK",2022-11-29,"HKD",6.400000095367432,6.460000038146973,6.300000190734863,6.440000057220459,5.62457275390625,83879689
"LENOVO","0992.HK",2022-11-30,"HKD",6.440000057220459,6.579999923706055,6.309999942779541,6.579999923706055,5.746845722198486,74869682
"LENOVO","0992.HK",2022-12-01,"HKD",6.679999828338623,6.710000038146973,6.320000171661377,6.380000114440918,5.572170257568359,60494382
"LENOVO","0992.HK",2022-12-02,"HKD",6.380000114440918,6.449999809265137,6.159999847412109,6.289999961853027,5.493565559387207,67968443
"LENOVO","0992.HK",2022-12-05,"HKD",6.400000095367432,6.400000095367432,6.159999847412109,6.340000152587891,5.537234306335449,68264204
"LENOVO","0992.HK",2022-12-06,"HKD",6.28000020980835,6.380000114440918,6.25,6.309999942779541,5.511033058166504,32139468
"LENOVO","0992.HK",2022-12-07,"HKD",6.28000020980835,6.289999961853027,6.019999980926514,6.110000133514404,5.336357116699219,62365341
"LENOVO","0992.HK",2022-12-08,"HKD",6.050000190734863,6.119999885559082,5.989999771118164,6.099999904632568,5.327622890472412,63851698
"LENOVO","0992.HK",2022-12-09,"HKD",6.039999961853027,6.269999980926514,6.039999961853027,6.210000038146973,5.423695087432861,72469085
"LENOVO","0992.HK",2022-12-12,"HKD",6.039999961853027,6.25,6.039999961853027,6.210000038146973,5.423695087432861,46895162
"LENOVO","0992.HK",2022-12-13,"HKD",6.150000095367432,6.21999979019165,6.070000171661377,6.210000038146973,5.423695087432861,56515903
"LENOVO","0992.HK",2022-12-14,"HKD",6.269999980926514,6.420000076293945,6.239999771118164,6.349999904632568,5.545968055725098,48689750
"LENOVO","0992.HK",2022-12-15,"HKD",6.349999904632568,6.389999866485596,6.230000019073486,6.360000133514404,5.554702281951904,41697833
"LENOVO","0992.HK",2022-12-16,"HKD",6.409999847412109,6.570000171661377,6.369999885559082,6.440000057220459,5.62457275390625,44825603
"LENOVO","0992.HK",2022-12-19,"HKD",6.400000095367432,6.539999961853027,6.230000019073486,6.300000190734863,5.502299785614014,25210058
"LENOVO","0992.HK",2022-12-20,"HKD",6.21999979019165,6.320000171661377,6.170000076293945,6.190000057220459,5.4062275886535645,20197557
"LENOVO","0992.HK",2022-12-21,"HKD",6.21999979019165,6.269999980926514,6.150000095367432,6.25,5.458629608154297,22397039
"LENOVO","0992.HK",2022-12-22,"HKD",6.349999904632568,6.480000019073486,6.300000190734863,6.449999809265137,5.633306503295898,26186879
"LENOVO","0992.HK",2022-12-23,"HKD",6.320000171661377,6.420000076293945,6.300000190734863,6.349999904632568,5.545968055725098,15223834
"LENOVO","0992.HK",2022-12-28,"HKD",6.429999828338623,6.659999847412109,6.369999885559082,6.599999904632568,5.764313220977783,26845230
"LENOVO","0992.HK",2022-12-29,"HKD",6.429999828338623,6.570000171661377,6.360000133514404,6.389999866485596,5.58090353012085,22958384
"LENOVO","0992.HK",2022-12-30,"HKD",6.5,6.5,6.380000114440918,6.409999847412109,5.5983710289001465,14139750
"LENOVO","0992.HK",2023-01-03,"HKD",6.260000228881836,6.519999980926514,6.210000038146973,6.489999771118164,5.668241500854492,23577147
"LENOVO","0992.HK",2023-01-04,"HKD",6.570000171661377,6.630000114440918,6.489999771118164,6.579999923706055,5.746845722198486,24694211
"LENOVO","0992.HK",2023-01-05,"HKD",6.579999923706055,6.619999885559082,6.380000114440918,6.429999828338623,5.615838527679443,34116642
"LENOVO","0992.HK",2023-01-06,"HKD",6.440000057220459,6.550000190734863,6.380000114440918,6.380000114440918,5.572170257568359,28822580
"LENOVO","0992.HK",2023-01-09,"HKD",6.409999847412109,6.599999904632568,6.360000133514404,6.449999809265137,5.633306503295898,33664527
"LENOVO","0992.HK",2023-01-10,"HKD",6.449999809265137,6.579999923706055,6.409999847412109,6.440000057220459,5.62457275390625,31768888
"LENOVO","0992.HK",2023-01-11,"HKD",6.440000057220459,6.539999961853027,6.360000133514404,6.369999885559082,5.563436031341553,32041373
"LENOVO","0992.HK",2023-01-12,"HKD",6.360000133514404,6.449999809265137,6.320000171661377,6.449999809265137,5.633306503295898,26256222
"LENOVO","0992.HK",2023-01-13,"HKD",6.449999809265137,6.46999979019165,6.230000019073486,6.320000171661377,5.5197672843933105,48425755
"LENOVO","0992.HK",2023-01-16,"HKD",6.28000020980835,6.320000171661377,6.010000228881836,6.070000171661377,5.301421165466309,70527540
"LENOVO","0992.HK",2023-01-17,"HKD",6.039999961853027,6.159999847412109,6.010000228881836,6.059999942779541,5.292686939239502,32517721
"LENOVO","0992.HK",2023-01-18,"HKD",6.03000020980835,6.090000152587891,5.929999828338623,6.059999942779541,5.292686939239502,37361943
"LENOVO","0992.HK",2023-01-19,"HKD",5.980000019073486,6.099999904632568,5.980000019073486,6.079999923706055,5.310154914855957,19979085
"LENOVO","0992.HK",2023-01-20,"HKD",6.050000190734863,6.21999979019165,6.050000190734863,6.210000038146973,5.423695087432861,27657068
"LENOVO","0992.HK",2023-01-26,"HKD",6.309999942779541,6.550000190734863,6.309999942779541,6.429999828338623,5.615838527679443,41483550
"LENOVO","0992.HK",2023-01-27,"HKD",6.429999828338623,6.429999828338623,6.170000076293945,6.300000190734863,5.502299785614014,47063874
"LENOVO","0992.HK",2023-01-30,"HKD",6.25,6.329999923706055,6.179999828338623,6.21999979019165,5.432428359985352,36960415
"LENOVO","0992.HK",2023-01-31,"HKD",6.269999980926514,6.440000057220459,6.210000038146973,6.269999980926514,5.476097106933594,62550637
"LENOVO","0992.HK",2023-02-01,"HKD",6.269999980926514,6.329999923706055,6.170000076293945,6.309999942779541,5.511033058166504,54999427
"LENOVO","0992.HK",2023-02-02,"HKD",6.360000133514404,6.519999980926514,6.320000171661377,6.349999904632568,5.545968055725098,35690887
"LENOVO","0992.HK",2023-02-03,"HKD",6.340000152587891,6.420000076293945,6.300000190734863,6.389999866485596,5.58090353012085,37589245
"LENOVO","0992.HK",2023-02-06,"HKD",6.389999866485596,6.420000076293945,6.28000020980835,6.309999942779541,5.511033058166504,22336897
"LENOVO","0992.HK",2023-02-07,"HKD",6.320000171661377,6.380000114440918,6.289999961853027,6.349999904632568,5.545968055725098,24714906
"LENOVO","0992.HK",2023-02-08,"HKD",6.340000152587891,6.670000076293945,6.320000171661377,6.579999923706055,5.746845722198486,83566507
"LENOVO","0992.HK",2023-02-09,"HKD",6.570000171661377,6.78000020980835,6.5,6.78000020980835,5.921523094177246,58232878
"LENOVO","0992.HK",2023-02-10,"HKD",6.710000038146973,6.710000038146973,6.519999980926514,6.570000171661377,5.738112449645996,69699436
"LENOVO","0992.HK",2023-02-13,"HKD",6.5,6.590000152587891,6.440000057220459,6.559999942779541,5.729377746582031,31169577
"LENOVO","0992.HK",2023-02-14,"HKD",6.599999904632568,6.670000076293945,6.53000020980835,6.599999904632568,5.764313220977783,30602555
"LENOVO","0992.HK",2023-02-15,"HKD",6.619999885559082,6.690000057220459,6.53000020980835,6.559999942779541,5.729377746582031,31422271
"LENOVO","0992.HK",2023-02-16,"HKD",6.619999885559082,7.170000076293945,6.599999904632568,7,6.11366605758667,107701657
"LENOVO","0992.HK",2023-02-17,"HKD",6.96999979019165,7.099999904632568,6.659999847412109,6.78000020980835,5.921523094177246,77286471
"LENOVO","0992.HK",2023-02-20,"HKD",6.78000020980835,7.269999980926514,6.739999771118164,7.099999904632568,6.201003074645996,84580987
"LENOVO","0992.HK",2023-02-21,"HKD",7,7.099999904632568,6.929999828338623,6.949999809265137,6.0699968338012695,41975716
"LENOVO","0992.HK",2023-02-22,"HKD",6.920000076293945,7.019999980926514,6.849999904632568,6.880000114440918,6.0088605880737305,52624359
"LENOVO","0992.HK",2023-02-23,"HKD",6.900000095367432,7.400000095367432,6.900000095367432,7.260000228881836,6.340745449066162,115987255
"LENOVO","0992.HK",2023-02-24,"HKD",7.210000038146973,7.349999904632568,7.079999923706055,7.079999923706055,6.183536052703857,76386348
"LENOVO","0992.HK",2023-02-27,"HKD",7.050000190734863,7.239999771118164,7.050000190734863,7.110000133514404,6.209737300872803,74379156
"LENOVO","0992.HK",2023-02-28,"HKD",7.210000038146973,7.309999942779541,7,7.039999961853027,6.1486005783081055,94098058
"LENOVO","0992.HK",2023-03-01,"HKD",7.070000171661377,7.360000133514404,7.039999961853027,7.320000171661377,6.393147945404053,62665714
"LENOVO","0992.HK",2023-03-02,"HKD",7.300000190734863,7.340000152587891,7.150000095367432,7.199999809265137,6.288341522216797,45817276
"LENOVO","0992.HK",2023-03-03,"HKD",7.300000190734863,7.360000133514404,7.090000152587891,7.300000190734863,6.375680446624756,46898038
"LENOVO","0992.HK",2023-03-06,"HKD",7.380000114440918,7.699999809265137,7.230000019073486,7.519999980926514,6.56782341003418,119239601
"LENOVO","0992.HK",2023-03-07,"HKD",7.480000019073486,7.599999904632568,7.400000095367432,7.53000020980835,6.5765581130981445,70248274
"LENOVO","0992.HK",2023-03-08,"HKD",7.369999885559082,7.460000038146973,7.210000038146973,7.349999904632568,6.41934871673584,65364948
"LENOVO","0992.HK",2023-03-09,"HKD",7.300000190734863,7.449999809265137,7.260000228881836,7.340000152587891,6.41061544418335,57087892
"LENOVO","0992.HK",2023-03-10,"HKD",7.309999942779541,7.539999961853027,7.230000019073486,7.300000190734863,6.375680446624756,116686648
"LENOVO","0992.HK",2023-03-13,"HKD",7.320000171661377,7.53000020980835,7.289999961853027,7.46999979019165,6.524155139923096,64313083
"LENOVO","0992.HK",2023-03-14,"HKD",7.409999847412109,7.53000020980835,7.230000019073486,7.28000020980835,6.358212947845459,47438062
"LENOVO","0992.HK",2023-03-15,"HKD",7.269999980926514,7.349999904632568,7.190000057220459,7.289999961853027,6.366946220397949,50011116
"LENOVO","0992.HK",2023-03-16,"HKD",7.079999923706055,7.309999942779541,7.050000190734863,7.179999828338623,6.270873546600342,56441969
"LENOVO","0992.HK",2023-03-17,"HKD",7.289999961853027,7.599999904632568,7.28000020980835,7.489999771118164,6.541622638702393,80798658
"LENOVO","0992.HK",2023-03-20,"HKD",7.460000038146973,7.570000171661377,7.210000038146973,7.25,6.332010746002197,51565902
"LENOVO","0992.HK",2023-03-21,"HKD",7.28000020980835,7.320000171661377,7.110000133514404,7.25,6.332010746002197,32842664
"LENOVO","0992.HK",2023-03-22,"HKD",7.28000020980835,7.420000076293945,7.28000020980835,7.289999961853027,6.366946220397949,54571636
"LENOVO","0992.HK",2023-03-23,"HKD",7.420000076293945,8.25,7.360000133514404,8.119999885559082,7.091851711273193,208846462
"LENOVO","0992.HK",2023-03-24,"HKD",8.119999885559082,9.0600004196167,8.119999885559082,8.789999961853027,7.6770172119140625,241155901
"LENOVO","0992.HK",2023-03-27,"HKD",8.710000038146973,8.960000038146973,8.479999542236328,8.699999809265137,7.598412990570068,138078144
"LENOVO","0992.HK",2023-03-28,"HKD",8.729999542236328,8.770000457763672,8.460000038146973,8.59000015258789,7.502340793609619,124176611
"LENOVO","0992.HK",2023-03-29,"HKD",8.619999885559082,8.699999809265137,8.329999923706055,8.609999656677246,7.519808292388916,115238845
"LENOVO","0992.HK",2023-03-30,"HKD",8.5600004196167,8.5600004196167,8.149999618530273,8.40999984741211,7.345132350921631,144724578
"LENOVO","0992.HK",2023-03-31,"HKD",8.449999809265137,8.5600004196167,8.260000228881836,8.5,7.423736572265625,79608046
"LENOVO","0992.HK",2023-04-03,"HKD",8.449999809265137,8.5600004196167,8.319999694824219,8.479999542236328,7.406269550323486,46190471
"LENOVO","0992.HK",2023-04-04,"HKD",8.489999771118164,8.640000343322754,8.449999809265137,8.539999961853027,7.458671569824219,51855703
"LENOVO","0992.HK",2023-04-06,"HKD",8.460000038146973,8.520000457763672,8.229999542236328,8.510000228881836,7.43247127532959,45552724
"LENOVO","0992.HK",2023-04-11,"HKD",8.510000228881836,8.510000228881836,8.210000038146973,8.329999923706055,7.275262355804443,69142973
"LENOVO","0992.HK",2023-04-12,"HKD",8.470000267028809,8.630000114440918,8.270000457763672,8.479999542236328,7.406269550323486,78491485
"LENOVO","0992.HK",2023-04-13,"HKD",8.329999923706055,8.449999809265137,8.270000457763672,8.350000381469727,7.292730331420898,51087513
"LENOVO","0992.HK",2023-04-14,"HKD",8.359999656677246,8.40999984741211,8.220000267028809,8.319999694824219,7.266528129577637,40048234
"LENOVO","0992.HK",2023-04-17,"HKD",8.359999656677246,8.859999656677246,8.270000457763672,8.800000190734863,7.685751438140869,85030588
"LENOVO","0992.HK",2023-04-18,"HKD",8.75,8.75,8.489999771118164,8.640000343322754,7.546011447906494,53958943
"LENOVO","0992.HK",2023-04-19,"HKD",8.640000343322754,8.779999732971191,8.569999694824219,8.619999885559082,7.528542995452881,39085793
"LENOVO","0992.HK",2023-04-20,"HKD",8.739999771118164,8.850000381469727,8.640000343322754,8.770000457763672,7.659549713134766,44866571
"LENOVO","0992.HK",2023-04-21,"HKD",8.770000457763672,8.970000267028809,8.489999771118164,8.5600004196167,7.476140022277832,59522684
"LENOVO","0992.HK",2023-04-24,"HKD",8.529999732971191,8.5600004196167,8.1899995803833,8.359999656677246,7.301462650299072,48538197
"LENOVO","0992.HK",2023-04-25,"HKD",8.359999656677246,8.390000343322754,7.920000076293945,8.010000228881836,6.9957804679870605,49545086
"LENOVO","0992.HK",2023-04-26,"HKD",7.96999979019165,8.239999771118164,7.900000095367432,7.940000057220459,6.934643745422363,37542413
"LENOVO","0992.HK",2023-04-27,"HKD",7.880000114440918,8,7.809999942779541,7.989999771118164,6.9783124923706055,26815069
"LENOVO","0992.HK",2023-04-28,"HKD",7.949999809265137,8.0600004196167,7.809999942779541,8.020000457763672,7.004514217376709,28933040
"LENOVO","0992.HK",2023-05-02,"HKD",8.1899995803833,8.399999618530273,7.980000019073486,8.180000305175781,7.144254684448242,36420063
"LENOVO","0992.HK",2023-05-03,"HKD",8.029999732971191,8.279999732971191,8.010000228881836,8.270000457763672,7.2228593826293945,26289240
"LENOVO","0992.HK",2023-05-04,"HKD",8.239999771118164,8.319999694824219,8.1899995803833,8.260000228881836,7.214126110076904,25920499
"LENOVO","0992.HK",2023-05-05,"HKD",8.3100004196167,8.34000015258789,7.949999809265137,7.989999771118164,6.9783124923706055,27430523
"LENOVO","0992.HK",2023-05-08,"HKD",7.949999809265137,7.980000019073486,7.880000114440918,7.949999809265137,6.943377494812012,36496830
"LENOVO","0992.HK",2023-05-09,"HKD",7.929999828338623,8.140000343322754,7.849999904632568,7.860000133514404,6.864773273468018,44026397
"LENOVO","0992.HK",2023-05-10,"HKD",7.889999866485596,7.949999809265137,7.650000095367432,7.769999980926514,6.786169528961182,70360014
"LENOVO","0992.HK",2023-05-11,"HKD",7.829999923706055,7.889999866485596,7.550000190734863,7.699999809265137,6.725032329559326,46437944
"LENOVO","0992.HK",2023-05-12,"HKD",7.679999828338623,7.710000038146973,7.489999771118164,7.570000171661377,6.6114935874938965,37080080
"LENOVO","0992.HK",2023-05-15,"HKD",7.570000171661377,7.789999961853027,7.5,7.789999961853027,6.803636074066162,31341139
"LENOVO","0992.HK",2023-05-16,"HKD",7.820000171661377,7.840000152587891,7.670000076293945,7.769999980926514,6.786169528961182,27248015
"LENOVO","0992.HK",2023-05-17,"HKD",7.769999980926514,7.869999885559082,7.630000114440918,7.650000095367432,6.681363105773926,30146802
"LENOVO","0992.HK",2023-05-18,"HKD",7.699999809265137,8.050000190734863,7.699999809265137,7.909999847412109,6.90844202041626,35498402
"LENOVO","0992.HK",2023-05-19,"HKD",7.909999847412109,7.920000076293945,7.78000020980835,7.809999942779541,6.821104049682617,25410990
"LENOVO","0992.HK",2023-05-22,"HKD",7.760000228881836,8,7.760000228881836,7.960000038146973,6.952111721038818,22486992
"LENOVO","0992.HK",2023-05-23,"HKD",7.960000038146973,7.989999771118164,7.78000020980835,7.840000152587891,6.847305774688721,33667857
"LENOVO","0992.HK",2023-05-24,"HKD",7.75,7.769999980926514,7.170000076293945,7.239999771118164,6.323276996612549,90267310
"LENOVO","0992.HK",2023-05-25,"HKD",7.159999847412109,7.289999961853027,6.900000095367432,7.139999866485596,6.235938549041748,81434237
"LENOVO","0992.HK",2023-05-29,"HKD",7.139999866485596,7.630000114440918,7.090000152587891,7.420000076293945,6.480485439300537,60082016
"LENOVO","0992.HK",2023-05-30,"HKD",7.420000076293945,7.460000038146973,7.28000020980835,7.409999847412109,6.471751689910889,38345973
"LENOVO","0992.HK",2023-05-31,"HKD",7.329999923706055,7.409999847412109,7.260000228881836,7.360000133514404,6.428083419799805,60889828
"LENOVO","0992.HK",2023-06-01,"HKD",7.550000190734863,7.659999847412109,7.389999866485596,7.460000038146973,6.515420913696289,64863905
"LENOVO","0992.HK",2023-06-02,"HKD",7.5,7.739999771118164,7.429999828338623,7.5,6.550355911254883,77594708
"LENOVO","0992.HK",2023-06-05,"HKD",7.329999923706055,7.570000171661377,7.329999923706055,7.510000228881836,6.5590901374816895,38641585
"LENOVO","0992.HK",2023-06-06,"HKD",7.449999809265137,7.5,7.289999961853027,7.369999885559082,6.436816692352295,42017444
"LENOVO","0992.HK",2023-06-07,"HKD",7.28000020980835,7.559999942779541,7.28000020980835,7.510000228881836,6.5590901374816895,35294797
"LENOVO","0992.HK",2023-06-08,"HKD",7.409999847412109,7.570000171661377,7.340000152587891,7.5,6.550355911254883,31295117
"LENOVO","0992.HK",2023-06-09,"HKD",7.480000019073486,7.639999866485596,7.389999866485596,7.599999904632568,6.637693881988525,35381998
"LENOVO","0992.HK",2023-06-12,"HKD",7.550000190734863,7.699999809265137,7.510000228881836,7.670000076293945,6.698831081390381,35396568
"LENOVO","0992.HK",2023-06-13,"HKD",7.659999847412109,8.15999984741211,7.659999847412109,8.100000381469727,7.074384689331055,60272353
"LENOVO","0992.HK",2023-06-14,"HKD",8.09000015258789,8.09000015258789,7.920000076293945,8.029999732971191,7.013247489929199,46163322
"LENOVO","0992.HK",2023-06-15,"HKD",8.0600004196167,8.350000381469727,8.0600004196167,8.3100004196167,7.257795333862305,77528055
"LENOVO","0992.HK",2023-06-16,"HKD",8.34000015258789,8.65999984741211,8.329999923706055,8.529999732971191,7.4499382972717285,126026702
"LENOVO","0992.HK",2023-06-19,"HKD",8.449999809265137,8.619999885559082,8.380000114440918,8.420000076293945,7.353867053985596,66536292
"LENOVO","0992.HK",2023-06-20,"HKD",8.3100004196167,8.369999885559082,8.079999923706055,8.1899995803833,7.152988433837891,42715634
"LENOVO","0992.HK",2023-06-21,"HKD",8.050000190734863,8.359999656677246,8.039999961853027,8.119999885559082,7.091851711273193,45250265
"LENOVO","0992.HK",2023-06-23,"HKD",8.029999732971191,8.069999694824219,7.909999847412109,8.050000190734863,7.030715465545654,26148293
"LENOVO","0992.HK",2023-06-26,"HKD",8,8.09000015258789,7.860000133514404,8.029999732971191,7.013247489929199,35935138
"LENOVO","0992.HK",2023-06-27,"HKD",8.029999732971191,8.199999809265137,7.980000019073486,8.149999618530273,7.118053913116455,43234329
"LENOVO","0992.HK",2023-06-28,"HKD",8.130000114440918,8.380000114440918,8.079999923706055,8.34000015258789,7.283996105194092,51621076
"LENOVO","0992.HK",2023-06-29,"HKD",8.350000381469727,8.430000305175781,8.260000228881836,8.34000015258789,7.283996105194092,28404489
"LENOVO","0992.HK",2023-06-30,"HKD",8.329999923706055,8.369999885559082,8.100000381469727,8.170000076293945,7.13552188873291,28929401
"LENOVO","0992.HK",2023-07-03,"HKD",8.149999618530273,8.40999984741211,8.140000343322754,8.350000381469727,7.292730331420898,25042917
"LENOVO","0992.HK",2023-07-04,"HKD",8.359999656677246,8.619999885559082,8.329999923706055,8.550000190734863,7.467405796051025,32573297
"LENOVO","0992.HK",2023-07-05,"HKD",8.579999923706055,8.670000076293945,8.520000457763672,8.600000381469727,7.511075973510742,25752136
"LENOVO","0992.HK",2023-07-06,"HKD",8.520000457763672,8.90999984741211,8.399999618530273,8.430000305175781,7.362600326538086,58664405
"LENOVO","0992.HK",2023-07-07,"HKD",8.430000305175781,8.539999961853027,8.239999771118164,8.390000343322754,7.327664852142334,27358375
"LENOVO","0992.HK",2023-07-10,"HKD",8.430000305175781,8.5600004196167,8.34000015258789,8.449999809265137,7.380067825317383,28446750
"LENOVO","0992.HK",2023-07-11,"HKD",8.520000457763672,8.630000114440918,8.020000457763672,8.069999694824219,7.048183441162109,65537822
"LENOVO","0992.HK",2023-07-12,"HKD",8.119999885559082,8.350000381469727,8.119999885559082,8.3100004196167,7.257795333862305,30579116
"LENOVO","0992.HK",2023-07-13,"HKD",8.430000305175781,8.4399995803833,8.319999694824219,8.399999618530273,7.336398124694824,26495066
"LENOVO","0992.HK",2023-07-14,"HKD",8.390000343322754,8.569999694824219,8.369999885559082,8.510000228881836,7.43247127532959,28322211
"LENOVO","0992.HK",2023-07-18,"HKD",8.550000190734863,8.630000114440918,8.449999809265137,8.569999694824219,7.484873294830322,40066013
"LENOVO","0992.HK",2023-07-19,"HKD",8.40999984741211,8.640000343322754,8.40999984741211,8.630000114440918,7.537276268005371,33762698
"LENOVO","0992.HK",2023-07-20,"HKD",8.75,8.800000190734863,8.430000305175781,8.489999771118164,7.415002822875977,41919618
"LENOVO","0992.HK",2023-07-21,"HKD",8.470000267028809,8.680000305175781,8.470000267028809,8.640000343322754,7.546011447906494,26005456
"LENOVO","0992.HK",2023-07-24,"HKD",8.5,8.640000343322754,8.34000015258789,8.40999984741211,7.345132350921631,26070458
"LENOVO","0992.HK",2023-07-25,"HKD",8.59000015258789,8.640000343322754,8.489999771118164,8.550000190734863,7.467405796051025,35577484
"LENOVO","0992.HK",2023-07-26,"HKD",8.25,8.3100004196167,8.130000114440918,8.180000305175781,7.404045581817627,26737418
"LENOVO","0992.HK",2023-07-27,"HKD",8.279999732971191,8.279999732971191,8.079999923706055,8.170000076293945,7.394994735717773,29699151
"LENOVO","0992.HK",2023-07-28,"HKD",8.109999656677246,8.859999656677246,8.069999694824219,8.800000190734863,7.96523380279541,76471211
"LENOVO","0992.HK",2023-07-31,"HKD",8.779999732971191,9.449999809265137,8.75,8.9399995803833,8.091952323913574,96013706
"LENOVO","0992.HK",2023-08-01,"HKD",8.960000038146973,9.170000076293945,8.760000228881836,8.8100004196167,7.974284648895264,52197957
"LENOVO","0992.HK",2023-08-02,"HKD",8.760000228881836,8.890000343322754,8.550000190734863,8.619999885559082,7.802308082580566,43716014
"LENOVO","0992.HK",2023-08-03,"HKD",8.800000190734863,8.859999656677246,8.579999923706055,8.640000343322754,7.82041072845459,31151095
"LENOVO","0992.HK",2023-08-04,"HKD",8.760000228881836,8.869999885559082,8.609999656677246,8.729999542236328,7.9018731117248535,19694117
"LENOVO","0992.HK",2023-08-07,"HKD",8.619999885559082,8.819999694824219,8.579999923706055,8.760000228881836,7.929027080535889,24924961
"LENOVO","0992.HK",2023-08-08,"HKD",8.510000228881836,8.6899995803833,8.420000076293945,8.510000228881836,7.702742576599121,31104665
"LENOVO","0992.HK",2023-08-09,"HKD",8.510000228881836,8.619999885559082,8.420000076293945,8.5,7.693690776824951,21220914
"LENOVO","0992.HK",2023-08-10,"HKD",8.5,8.5,8.050000190734863,8.229999542236328,7.449303150177002,39351722
"LENOVO","0992.HK",2023-08-11,"HKD",8.25,8.25,7.940000057220459,7.980000019073486,7.223018646240234,40830370
"LENOVO","0992.HK",2023-08-14,"HKD",7.880000114440918,7.929999828338623,7.650000095367432,7.789999961853027,7.051041603088379,54710957
"LENOVO","0992.HK",2023-08-15,"HKD",7.71999979019165,7.96999979019165,7.71999979019165,7.789999961853027,7.051041603088379,34102893
"LENOVO","0992.HK",2023-08-16,"HKD",7.699999809265137,8,7.650000095367432,7.909999847412109,7.1596574783325195,34805039
"LENOVO","0992.HK",2023-08-17,"HKD",7.78000020980835,7.940000057220459,7.429999828338623,7.670000076293945,6.942424774169922,82916912
"LENOVO","0992.HK",2023-08-18,"HKD",7.579999923706055,7.619999885559082,7.25,7.289999961853027,6.598471641540527,83284929
"LENOVO","0992.HK",2023-08-21,"HKD",7.230000019073486,7.599999904632568,7.230000019073486,7.449999809265137,6.743293762207031,73625408
"LENOVO","0992.HK",2023-08-22,"HKD",7.460000038146973,7.75,7.449999809265137,7.639999866485596,6.9152703285217285,47400487
"LENOVO","0992.HK",2023-08-23,"HKD",7.639999866485596,7.809999942779541,7.630000114440918,7.730000019073486,6.996732711791992,35265559
"LENOVO","0992.HK",2023-08-24,"HKD",8.100000381469727,8.270000457763672,7.900000095367432,8.170000076293945,7.394994735717773,90963493
"LENOVO","0992.HK",2023-08-25,"HKD",8.050000190734863,8.15999984741211,7.989999771118164,8.039999961853027,7.2773261070251465,37928553
"LENOVO","0992.HK",2023-08-28,"HKD",8.319999694824219,8.430000305175781,8.140000343322754,8.279999732971191,7.494560241699219,44523563
"LENOVO","0992.HK",2023-08-29,"HKD",8.279999732971191,8.449999809265137,8.210000038146973,8.34000015258789,7.548868656158447,50306641
"LENOVO","0992.HK",2023-08-30,"HKD",8.399999618530273,8.6899995803833,8.390000343322754,8.65999984741211,7.838512897491455,61254359
"LENOVO","0992.HK",2023-08-31,"HKD",8.65999984741211,8.930000305175781,8.619999885559082,8.869999885559082,8.02859115600586,71102533
"LENOVO","0992.HK",2023-09-04,"HKD",8.75,9.180000305175781,8.75,9.130000114440918,8.26392936706543,114714434
"LENOVO","0992.HK",2023-09-05,"HKD",9.010000228881836,9.109999656677246,8.829999923706055,8.920000076293945,8.073848724365234,76904894
"LENOVO","0992.HK",2023-09-06,"HKD",8.869999885559082,8.869999885559082,8.460000038146973,8.619999885559082,7.802308082580566,63201916
"LENOVO","0992.HK",2023-09-07,"HKD",8.619999885559082,8.619999885559082,8.300000190734863,8.329999923706055,7.5398173332214355,43582957
"LENOVO","0992.HK",2023-09-11,"HKD",8,8.270000457763672,8,8.229999542236328,7.449303150177002,42131162
"LENOVO","0992.HK",2023-09-12,"HKD",8.100000381469727,8.350000381469727,8.100000381469727,8.210000038146973,7.4312005043029785,29482426
"LENOVO","0992.HK",2023-09-13,"HKD",8.1899995803833,8.279999732971191,7.949999809265137,8.100000381469727,7.331634998321533,41617022
"LENOVO","0992.HK",2023-09-14,"HKD",8.100000381469727,8.260000228881836,8.0600004196167,8.170000076293945,7.394994735717773,16389020
"LENOVO","0992.HK",2023-09-15,"HKD",8.270000457763672,8.40999984741211,8.149999618530273,8.15999984741211,7.385942459106445,48059632
"LENOVO","0992.HK",2023-09-18,"HKD",8.050000190734863,8.109999656677246,7.880000114440918,7.960000038146973,7.204915523529053,30089105
"LENOVO","0992.HK",2023-09-19,"HKD",7.980000019073486,8.050000190734863,7.900000095367432,7.989999771118164,7.232069492340088,13198298
"LENOVO","0992.HK",2023-09-20,"HKD",7.960000038146973,8,7.820000171661377,7.920000076293945,7.168709754943848,34460531
"LENOVO","0992.HK",2023-09-21,"HKD",7.860000133514404,7.960000038146973,7.769999980926514,7.900000095367432,7.150606632232666,26569790
"LENOVO","0992.HK",2023-09-22,"HKD",7.739999771118164,8.239999771118164,7.739999771118164,8.180000305175781,7.404045581817627,31962006
"LENOVO","0992.HK",2023-09-25,"HKD",7.949999809265137,8.100000381469727,7.849999904632568,7.900000095367432,7.150606632232666,19022013
"LENOVO","0992.HK",2023-09-26,"HKD",7.849999904632568,7.920000076293945,7.710000038146973,7.75,7.014835834503174,26331853
"LENOVO","0992.HK",2023-09-27,"HKD",7.889999866485596,8,7.820000171661377,7.849999904632568,7.105349540710449,23581326
"LENOVO","0992.HK",2023-09-28,"HKD",7.829999923706055,7.860000133514404,7.71999979019165,7.820000171661377,7.078195571899414,24776580
"LENOVO","0992.HK",2023-09-29,"HKD",7.96999979019165,8.149999618530273,7.829999923706055,8.069999694824219,7.30448055267334,33598753
"LENOVO","0992.HK",2023-10-03,"HKD",8,8,7.860000133514404,7.929999828338623,7.177760601043701,13311084
"LENOVO","0992.HK",2023-10-04,"HKD",7.869999885559082,8.020000457763672,7.869999885559082,7.980000019073486,7.223018646240234,13552941
"LENOVO","0992.HK",2023-10-05,"HKD",7.949999809265137,8.079999923706055,7.909999847412109,7.980000019073486,7.223018646240234,16746370
"LENOVO","0992.HK",2023-10-06,"HKD",8.079999923706055,8.220000267028809,8.069999694824219,8.180000305175781,7.404045581817627,12704570
"LENOVO","0992.HK",2023-10-09,"HKD",8.100000381469727,8.369999885559082,8.0600004196167,8.279999732971191,7.494560241699219,14355144
"LENOVO","0992.HK",2023-10-10,"HKD",8.399999618530273,8.550000190734863,8.390000343322754,8.510000228881836,7.702742576599121,27424930
"LENOVO","0992.HK",2023-10-11,"HKD",8.579999923706055,8.640000343322754,8.479999542236328,8.520000457763672,7.711793899536133,24403005
"LENOVO","0992.HK",2023-10-12,"HKD",8.800000190734863,8.949999809265137,8.670000076293945,8.770000457763672,7.938078880310059,37315167
"LENOVO","0992.HK",2023-10-13,"HKD",8.649999618530273,8.739999771118164,8.59000015258789,8.630000114440918,7.811359882354736,21516369
"LENOVO","0992.HK",2023-10-16,"HKD",8.600000381469727,8.600000381469727,8.260000228881836,8.329999923706055,7.5398173332214355,35971794
"LENOVO","0992.HK",2023-10-17,"HKD",8.359999656677246,8.670000076293945,8.319999694824219,8.600000381469727,7.784205913543701,33295709
"LENOVO","0992.HK",2023-10-18,"HKD",8.369999885559082,8.420000076293945,7.619999885559082,7.730000019073486,6.996732711791992,122868206
"LENOVO","0992.HK",2023-10-19,"HKD",7.639999866485596,8.329999923706055,7.639999866485596,8.220000267028809,7.440252304077148,79223144
"LENOVO","0992.HK",2023-10-20,"HKD",8.170000076293945,8.4399995803833,8.119999885559082,8.229999542236328,7.449303150177002,42319665
"LENOVO","0992.HK",2023-10-24,"HKD",8.34000015258789,8.420000076293945,8.149999618530273,8.319999694824219,7.530765533447266,49546438
"LENOVO","0992.HK",2023-10-25,"HKD",8.600000381469727,9,8.600000381469727,8.930000305175781,8.082901954650879,79485957
"LENOVO","0992.HK",2023-10-26,"HKD",8.9399995803833,9.180000305175781,8.84000015258789,9.069999694824219,8.209619522094727,70537512
"LENOVO","0992.HK",2023-10-27,"HKD",9.0600004196167,9.1899995803833,8.960000038146973,9.149999618530273,8.282031059265137,62830589
"LENOVO","0992.HK",2023-10-30,"HKD",9.119999885559082,9.649999618530273,9.050000190734863,9.609999656677246,8.698395729064941,87817605
"LENOVO","0992.HK",2023-10-31,"HKD",9.220000267028809,9.319999694824219,9.0600004196167,9.100000381469727,8.236774444580078,53174562
"LENOVO","0992.HK",2023-11-01,"HKD",9.100000381469727,9.100000381469727,8.800000190734863,8.9399995803833,8.091952323913574,35006794
"LENOVO","0992.HK",2023-11-02,"HKD",9.180000305175781,9.4399995803833,9.119999885559082,9.289999961853027,8.40875244140625,72323193
"LENOVO","0992.HK",2023-11-03,"HKD",9.329999923706055,9.569999694824219,9.199999809265137,9.510000228881836,8.607882499694824,45767631
"LENOVO","0992.HK",2023-11-06,"HKD",9.529999732971191,9.75,9.470000267028809,9.670000076293945,8.752704620361328,55163636
"LENOVO","0992.HK",2023-11-07,"HKD",9.699999809265137,9.84000015258789,9.520000457763672,9.569999694824219,8.662190437316895,37118601
"LENOVO","0992.HK",2023-11-08,"HKD",9.359999656677246,9.449999809265137,9.149999618530273,9.199999809265137,8.327288627624512,47713998
"LENOVO","0992.HK",2023-11-09,"HKD",9.199999809265137,9.270000457763672,9.039999961853027,9.079999923706055,8.218672752380371,37769233
"LENOVO","0992.HK",2023-11-10,"HKD",8.970000267028809,9.119999885559082,8.90999984741211,9.050000190734863,8.19151782989502,34987023
"LENOVO","0992.HK",2023-11-13,"HKD",9.15999984741211,9.539999961853027,9.119999885559082,9.470000267028809,8.571677207946777,54613166
"LENOVO","0992.HK",2023-11-14,"HKD",9.489999771118164,9.550000190734863,9.40999984741211,9.430000305175781,8.53547191619873,38891883
"LENOVO","0992.HK",2023-11-15,"HKD",9.680000305175781,9.789999961853027,9.5600004196167,9.779999732971191,8.852270126342773,49574091
"LENOVO","0992.HK",2023-11-16,"HKD",9.569999694824219,9.75,9.3100004196167,9.520000457763672,8.616934776306152,40770904
"LENOVO","0992.HK",2023-11-17,"HKD",9.350000381469727,10.039999961853027,9.350000381469727,9.640000343322754,8.725550651550293,86661151
"LENOVO","0992.HK",2023-11-20,"HKD",9.390000343322754,9.869999885559082,9.3100004196167,9.850000381469727,8.915629386901855,77715886
"LENOVO","0992.HK",2023-11-21,"HKD",9.859999656677246,10,9.449999809265137,9.520000457763672,8.616934776306152,53890564
"LENOVO","0992.HK",2023-11-22,"HKD",9.5,9.699999809265137,9.470000267028809,9.600000381469727,8.689345359802246,43345902
"LENOVO","0992.HK",2023-11-23,"HKD",9.600000381469727,9.65999984741211,9.34000015258789,9.65999984741211,8.743653297424316,41997079
"LENOVO","0992.HK",2023-11-24,"HKD",9.470000267028809,9.600000381469727,9.460000038146973,9.529999732971191,8.625986099243164,22636378
"LENOVO","0992.HK",2023-11-27,"HKD",9.529999732971191,9.779999732971191,9.479999542236328,9.729999542236328,8.807013511657715,36912987
"LENOVO","0992.HK",2023-11-28,"HKD",9.670000076293945,9.949999809265137,9.600000381469727,9.75,8.89827823638916,61500665
"LENOVO","0992.HK",2023-11-29,"HKD",9.850000381469727,9.850000381469727,9.520000457763672,9.600000381469727,8.761382102966309,57091546
"LENOVO","0992.HK",2023-11-30,"HKD",9.640000343322754,9.800000190734863,9.600000381469727,9.649999618530273,8.807012557983398,59788724
"LENOVO","0992.HK",2023-12-01,"HKD",9.579999923706055,9.800000190734863,9.460000038146973,9.59000015258789,8.752253532409668,56026663
"LENOVO","0992.HK",2023-12-04,"HKD",9.649999618530273,10.100000381469727,9.640000343322754,9.880000114440918,9.016921043395996,66285767
"LENOVO","0992.HK",2023-12-05,"HKD",9.479999542236328,9.640000343322754,8.75,8.869999885559082,8.095149993896484,109028800
"LENOVO","0992.HK",2023-12-06,"HKD",9.279999732971191,9.789999961853027,9.229999542236328,9.760000228881836,8.907403945922852,106698938
"LENOVO","0992.HK",2023-12-07,"HKD",9.489999771118164,9.699999809265137,9.420000076293945,9.539999961853027,8.706622123718262,50268397
"LENOVO","0992.HK",2023-12-08,"HKD",9.539999961853027,9.760000228881836,9.470000267028809,9.5600004196167,8.724875450134277,42162442
"LENOVO","0992.HK",2023-12-11,"HKD",9.729999542236328,10.079999923706055,9.609999656677246,9.859999656677246,8.99866771697998,51960532
"LENOVO","0992.HK",2023-12-12,"HKD",9.899999618530273,9.930000305175781,9.75,9.8100004196167,8.953035354614258,34598712
"LENOVO","0992.HK",2023-12-13,"HKD",9.859999656677246,10.020000457763672,9.729999542236328,9.949999809265137,9.080806732177734,37005256
"LENOVO","0992.HK",2023-12-14,"HKD",10,10.460000038146973,10,10.300000190734863,9.40023136138916,66171047
"LENOVO","0992.HK",2023-12-15,"HKD",10.300000190734863,10.5,10.119999885559082,10.239999771118164,9.345473289489746,71572470
"LENOVO","0992.HK",2023-12-18,"HKD",10.199999809265137,10.399999618530273,10.100000381469727,10.220000267028809,9.327220916748047,37058458
"LENOVO","0992.HK",2023-12-19,"HKD",10.199999809265137,10.300000190734863,9.9399995803833,10.260000228881836,9.363725662231445,35578692
"LENOVO","0992.HK",2023-12-20,"HKD",10.319999694824219,10.600000381469727,10.300000190734863,10.380000114440918,9.473243713378906,44855392
"LENOVO","0992.HK",2023-12-21,"HKD",10.260000228881836,10.5,10.100000381469727,10.399999618530273,9.491496086120605,21099219
"LENOVO","0992.HK",2023-12-22,"HKD",10.460000038146973,10.520000457763672,10.220000267028809,10.300000190734863,9.40023136138916,27531387
"LENOVO","0992.HK",2023-12-27,"HKD",10.260000228881836,10.760000228881836,10.079999923706055,10.680000305175781,9.747036933898926,52360097
"LENOVO","0992.HK",2023-12-28,"HKD",10.739999771118164,11.100000381469727,10.65999984741211,10.960000038146973,10.002575874328613,64991279
"LENOVO","0992.HK",2023-12-29,"HKD",10.899999618530273,11.039999961853027,10.819999694824219,10.920000076293945,9.966071128845215,31825940
"LENOVO","0992.HK",2024-01-02,"HKD",10.619999885559082,11.079999923706055,10.619999885559082,11.039999961853027,10.07558822631836,32651979
"LENOVO","0992.HK",2024-01-03,"HKD",10.84000015258789,10.880000114440918,10.5,10.539999961853027,9.61926555633545,54109659
"LENOVO","0992.HK",2024-01-04,"HKD",10.539999961853027,10.819999694824219,10.319999694824219,10.699999809265137,9.765289306640625,53971438
"LENOVO","0992.HK",2024-01-05,"HKD",10.5,10.579999923706055,10.180000305175781,10.279999732971191,9.381978034973145,54738501
"LENOVO","0992.HK",2024-01-08,"HKD",10.260000228881836,10.420000076293945,9.970000267028809,10.15999984741211,9.2724609375,40283739
"LENOVO","0992.HK",2024-01-09,"HKD",10.5,10.880000114440918,10.5,10.619999885559082,9.692277908325195,70068024
"LENOVO","0992.HK",2024-01-10,"HKD",10.520000457763672,10.680000305175781,10.220000267028809,10.380000114440918,9.473243713378906,53999455
"LENOVO","0992.HK",2024-01-11,"HKD",10.399999618530273,10.760000228881836,10.319999694824219,10.579999923706055,9.65577220916748,38659129
"LENOVO","0992.HK",2024-01-12,"HKD",10.5,10.699999809265137,10.420000076293945,10.5600004196167,9.637518882751465,35806957
"LENOVO","0992.HK",2024-01-15,"HKD",10.5,10.5600004196167,10.279999732971191,10.520000457763672,9.60101318359375,34262596
"LENOVO","0992.HK",2024-01-16,"HKD",10.34000015258789,10.479999542236328,9.819999694824219,9.930000305175781,9.062553405761719,81049500
"LENOVO","0992.HK",2024-01-17,"HKD",9.90999984741211,9.930000305175781,9.380000114440918,9.569999694824219,8.734001159667969,100174698
"LENOVO","0992.HK",2024-01-18,"HKD",9.449999809265137,9.800000190734863,9.229999542236328,9.680000305175781,8.834393501281738,75746374
"LENOVO","0992.HK",2024-01-19,"HKD",9.680000305175781,9.989999771118164,9.65999984741211,9.760000228881836,8.907403945922852,61995614
"LENOVO","0992.HK",2024-01-22,"HKD",9.84000015258789,10.180000305175781,9.649999618530273,9.819999694824219,8.962162017822266,72102761
"LENOVO","0992.HK",2024-01-23,"HKD",9.789999961853027,10.100000381469727,9.609999656677246,9.960000038146973,9.089932441711426,49853198
"LENOVO","0992.HK",2024-01-24,"HKD",9.970000267028809,10.15999984741211,9.670000076293945,10.039999961853027,9.162943840026855,51900143
"LENOVO","0992.HK",2024-01-25,"HKD",10.119999885559082,10.4399995803833,10,10.260000228881836,9.363725662231445,43438630
"LENOVO","0992.HK",2024-01-26,"HKD",9.949999809265137,10,8.90999984741211,9.239999771118164,8.432828903198242,177397427
"LENOVO","0992.HK",2024-01-29,"HKD",9.1899995803833,9.270000457763672,8.600000381469727,8.800000190734863,8.031266212463379,113865099
"LENOVO","0992.HK",2024-01-30,"HKD",8.739999771118164,9,8.449999809265137,8.550000190734863,7.803105354309082,86750754
"LENOVO","0992.HK",2024-01-31,"HKD",8.550000190734863,8.59000015258789,8.050000190734863,8.170000076293945,7.456300258636475,121517466
"LENOVO","0992.HK",2024-02-01,"HKD",8.220000267028809,8.40999984741211,8.020000457763672,8.170000076293945,7.456300258636475,89734476
"LENOVO","0992.HK",2024-02-02,"HKD",8.300000190734863,8.460000038146973,7.929999828338623,7.96999979019165,7.2737717628479,59898688
"LENOVO","0992.HK",2024-02-05,"HKD",7.800000190734863,8.029999732971191,7.800000190734863,7.889999866485596,7.200759410858154,65270931
"LENOVO","0992.HK",2024-02-06,"HKD",7.949999809265137,8.539999961853027,7.929999828338623,8.479999542236328,7.739219665527344,92645799
"LENOVO","0992.HK",2024-02-07,"HKD",8.479999542236328,8.550000190734863,8.0600004196167,8.119999885559082,7.410667896270752,74381853
"LENOVO","0992.HK",2024-02-08,"HKD",8.119999885559082,8.329999923706055,8.09000015258789,8.199999809265137,7.483680248260498,71610450
"LENOVO","0992.HK",2024-02-09,"HKD",8.100000381469727,8.180000305175781,8.039999961853027,8.119999885559082,7.410667896270752,13022601
"LENOVO","0992.HK",2024-02-14,"HKD",7.920000076293945,8.260000228881836,7.889999866485596,8.15999984741211,7.447173118591309,72929146
"LENOVO","0992.HK",2024-02-15,"HKD",8.170000076293945,8.380000114440918,8.119999885559082,8.34000015258789,7.611449718475342,31696290
"LENOVO","0992.HK",2024-02-16,"HKD",8.34000015258789,8.520000457763672,8.15999984741211,8.380000114440918,7.647955417633057,50913927
"LENOVO","0992.HK",2024-02-19,"HKD",8.279999732971191,8.5,8.15999984741211,8.369999885559082,7.638829231262207,58977167
"LENOVO","0992.HK",2024-02-20,"HKD",8.369999885559082,8.449999809265137,8.0600004196167,8.239999771118164,7.5201849937438965,66718470
"LENOVO","0992.HK",2024-02-21,"HKD",8.260000228881836,8.899999618530273,8.180000305175781,8.5600004196167,7.81223201751709,74442110
"LENOVO","0992.HK",2024-02-22,"HKD",8.670000076293945,8.850000381469727,8.399999618530273,8.84000015258789,8.067771911621094,120814065
"LENOVO","0992.HK",2024-02-23,"HKD",8.8100004196167,8.8100004196167,8.020000457763672,8.550000190734863,7.803105354309082,194720696
"LENOVO","0992.HK",2024-02-26,"HKD",8.6899995803833,9.050000190734863,8.600000381469727,8.899999618530273,8.122529029846191,69713498
"LENOVO","0992.HK",2024-02-27,"HKD",8.850000381469727,8.970000267028809,8.670000076293945,8.90999984741211,8.131656646728516,35068048
"LENOVO","0992.HK",2024-02-28,"HKD",9,9.039999961853027,8.600000381469727,8.619999885559082,7.866990566253662,49824351
"LENOVO","0992.HK",2024-02-29,"HKD",8.510000228881836,8.770000457763672,8.479999542236328,8.670000076293945,7.91262149810791,131679667
"LENOVO","0992.HK",2024-03-01,"HKD",8.59000015258789,9.300000190734863,8.539999961853027,9.09000015258789,8.29593276977539,86755690
"LENOVO","0992.HK",2024-03-04,"HKD",9.359999656677246,9.890000343322754,9.359999656677246,9.739999771118164,8.889150619506836,127440761
"LENOVO","0992.HK",2024-03-05,"HKD",9.770000457763672,9.84000015258789,9.5,9.670000076293945,8.82526683807373,75210885
"LENOVO","0992.HK",2024-03-06,"HKD",9.390000343322754,9.779999732971191,9.390000343322754,9.600000381469727,8.761382102966309,57606900
"LENOVO","0992.HK",2024-03-07,"HKD",9.489999771118164,9.880000114440918,9.479999542236328,9.550000190734863,8.71574878692627,51856403
"LENOVO","0992.HK",2024-03-08,"HKD",9.569999694824219,9.869999885559082,9.5600004196167,9.600000381469727,8.761382102966309,40550866
"LENOVO","0992.HK",2024-03-11,"HKD",9.399999618530273,9.5600004196167,9.100000381469727,9.369999885559082,8.551473617553711,72021662
"LENOVO","0992.HK",2024-03-12,"HKD",9.430000305175781,9.670000076293945,9.279999732971191,9.59000015258789,8.752253532409668,51087614
"LENOVO","0992.HK",2024-03-13,"HKD",9.699999809265137,9.979999542236328,9.6899995803833,9.829999923706055,8.971288681030273,69755454
"LENOVO","0992.HK",2024-03-14,"HKD",9.829999923706055,9.989999771118164,9.5,9.579999923706055,8.74312686920166,41607484
"LENOVO","0992.HK",2024-03-15,"HKD",9.479999542236328,9.520000457763672,9.34000015258789,9.5,8.670116424560547,47940013
"LENOVO","0992.HK",2024-03-18,"HKD",9.40999984741211,9.619999885559082,9.380000114440918,9.529999732971191,8.69749641418457,23848980
"LENOVO","0992.HK",2024-03-19,"HKD",9.40999984741211,9.609999656677246,9.350000381469727,9.40999984741211,8.58797836303711,28833422
"LENOVO","0992.HK",2024-03-20,"HKD",9.390000343322754,9.529999732971191,9.350000381469727,9.399999618530273,8.578850746154785,28638852
"LENOVO","0992.HK",2024-03-21,"HKD",9.600000381469727,9.770000457763672,9.5600004196167,9.670000076293945,8.82526683807373,38457071
"LENOVO","0992.HK",2024-03-22,"HKD",9.550000190734863,9.819999694824219,9.550000190734863,9.729999542236328,8.880024909973145,29254280
"LENOVO","0992.HK",2024-03-25,"HKD",9.5,9.579999923706055,8.859999656677246,8.890000343322754,8.113404273986816,105686300
"LENOVO","0992.HK",2024-03-26,"HKD",9.15999984741211,9.34000015258789,9,9.210000038146973,8.405449867248535,53797116
"LENOVO","0992.HK",2024-03-27,"HKD",9.130000114440918,9.260000228881836,9.039999961853027,9.100000381469727,8.305058479309082,36558811
"LENOVO","0992.HK",2024-03-28,"HKD",9.100000381469727,9.239999771118164,9.010000228881836,9.069999694824219,8.277679443359375,39473060
"LENOVO","0992.HK",2024-04-02,"HKD",8.979999542236328,9.09000015258789,8.859999656677246,8.960000038146973,8.177289009094238,61070452
"LENOVO","0992.HK",2024-04-03,"HKD",8.880000114440918,8.90999984741211,8.59000015258789,8.65999984741211,7.9034953117370605,66502152
"LENOVO","0992.HK",2024-04-05,"HKD",8.6899995803833,8.75,8.460000038146973,8.65999984741211,7.9034953117370605,29942919
"LENOVO","0992.HK",2024-04-08,"HKD",8.539999961853027,8.930000305175781,8.539999961853027,8.84000015258789,8.067771911621094,33378160
"LENOVO","0992.HK",2024-04-09,"HKD",8.84000015258789,8.9399995803833,8.65999984741211,8.760000228881836,7.994760036468506,21953840
"LENOVO","0992.HK",2024-04-10,"HKD",8.739999771118164,8.800000190734863,8.640000343322754,8.760000228881836,7.994760036468506,45260215
"LENOVO","0992.HK",2024-04-11,"HKD",8.619999885559082,8.6899995803833,8.479999542236328,8.630000114440918,7.876116752624512,41035591
"LENOVO","0992.HK",2024-04-12,"HKD",8.600000381469727,8.6899995803833,8.3100004196167,8.34000015258789,7.611449718475342,55034430
"LENOVO","0992.HK",2024-04-15,"HKD",8.220000267028809,8.600000381469727,8.220000267028809,8.5600004196167,7.81223201751709,54901875
"LENOVO","0992.HK",2024-04-16,"HKD",8.350000381469727,8.4399995803833,8.109999656677246,8.229999542236328,7.511058807373047,43848589
"LENOVO","0992.HK",2024-04-17,"HKD",8.170000076293945,8.329999923706055,8.140000343322754,8.260000228881836,7.538438320159912,45835378
"LENOVO","0992.HK",2024-04-18,"HKD",8.260000228881836,8.4399995803833,8.140000343322754,8.199999809265137,7.483680248260498,52100825
"LENOVO","0992.HK",2024-04-19,"HKD",8.119999885559082,8.25,7.989999771118164,8.199999809265137,7.483680248260498,37052252
"LENOVO","0992.HK",2024-04-22,"HKD",8.260000228881836,8.399999618530273,8.069999694824219,8.119999885559082,7.410667896270752,31150785
"LENOVO","0992.HK",2024-04-23,"HKD",8.239999771118164,8.34000015258789,8.149999618530273,8.25,7.529311180114746,41643223
"LENOVO","0992.HK",2024-04-24,"HKD",8.319999694824219,8.729999542236328,8.319999694824219,8.649999618530273,7.894368648529053,68333382
"LENOVO","0992.HK",2024-04-25,"HKD",8.609999656677246,9.010000228881836,8.609999656677246,8.819999694824219,8.049518585205078,75683679
"LENOVO","0992.HK",2024-04-26,"HKD",9,9.079999923706055,8.90999984741211,9.029999732971191,8.241174697875977,48518013
"LENOVO","0992.HK",2024-04-29,"HKD",8.989999771118164,9.100000381469727,8.920000076293945,9,8.21379566192627,55809885
"LENOVO","0992.HK",2024-04-30,"HKD",9.029999732971191,9.210000038146973,8.819999694824219,8.930000305175781,8.149909973144531,41512095
"LENOVO","0992.HK",2024-05-02,"HKD",8.880000114440918,9.130000114440918,8.75,9.09000015258789,8.29593276977539,45066597
"LENOVO","0992.HK",2024-05-03,"HKD",9.300000190734863,9.479999542236328,9.0600004196167,9.170000076293945,8.368943214416504,35888530
"LENOVO","0992.HK",2024-05-06,"HKD",9.170000076293945,9.260000228881836,9.100000381469727,9.210000038146973,8.405449867248535,28194465
"LENOVO","0992.HK",2024-05-07,"HKD",9.25,9.59000015258789,9.199999809265137,9.449999809265137,8.624484062194824,67331194
"LENOVO","0992.HK",2024-05-08,"HKD",9.5,9.640000343322754,9.350000381469727,9.399999618530273,8.578850746154785,37147398
"LENOVO","0992.HK",2024-05-09,"HKD",9.5,10.34000015258789,9.449999809265137,10.220000267028809,9.327220916748047,112799824
"LENOVO","0992.HK",2024-05-10,"HKD",10.220000267028809,10.5,10.0600004196167,10.119999885559082,9.235955238342285,82762234
"LENOVO","0992.HK",2024-05-13,"HKD",10.0600004196167,10.319999694824219,9.979999542236328,10.15999984741211,9.2724609375,37278184
"LENOVO","0992.HK",2024-05-14,"HKD",10.119999885559082,10.420000076293945,10.119999885559082,10.239999771118164,9.345473289489746,37604277
"LENOVO","0992.HK",2024-05-16,"HKD",10.680000305175781,10.859999656677246,10.260000228881836,10.359999656677246,9.454989433288574,64484862
"LENOVO","0992.HK",2024-05-17,"HKD",10.359999656677246,10.5,10,10.220000267028809,9.327220916748047,70609263
"LENOVO","0992.HK",2024-05-20,"HKD",10.199999809265137,10.260000228881836,10.0600004196167,10.220000267028809,9.327220916748047,40407773
"LENOVO","0992.HK",2024-05-21,"HKD",10.119999885559082,10.5,10.100000381469727,10.180000305175781,9.290715217590332,43871295
"LENOVO","0992.HK",2024-05-22,"HKD",10.539999961853027,11.600000381469727,10.5,11.420000076293945,10.422392845153809,180818115
"LENOVO","0992.HK",2024-05-23,"HKD",11.300000190734863,11.619999885559082,11.15999984741211,11.319999694824219,10.331127166748047,83950715
"LENOVO","0992.HK",2024-05-24,"HKD",11.079999923706055,11.319999694824219,10.84000015258789,11.0600004196167,10.093841552734375,79108106
"LENOVO","0992.HK",2024-05-27,"HKD",11.0600004196167,12.260000228881836,11.0600004196167,12.039999961853027,10.988231658935547,129600850
"LENOVO","0992.HK",2024-05-28,"HKD",11.899999618530273,12.199999809265137,11.699999809265137,11.819999694824219,10.787450790405273,61981589
"LENOVO","0992.HK",2024-05-29,"HKD",11.640000343322754,11.760000228881836,11.119999885559082,11.619999885559082,10.604921340942383,127934857
"LENOVO","0992.HK",2024-05-30,"HKD",11.619999885559082,11.920000076293945,11.380000114440918,11.520000457763672,10.513657569885254,62255726
"LENOVO","0992.HK",2024-05-31,"HKD",11.34000015258789,11.600000381469727,11.119999885559082,11.220000267028809,10.239864349365234,121506523
"LENOVO","0992.HK",2024-06-03,"HKD",11.220000267028809,11.619999885559082,11.15999984741211,11.34000015258789,10.349381446838379,67542468
"LENOVO","0992.HK",2024-06-04,"HKD",11.0600004196167,11.420000076293945,11.0600004196167,11.319999694824219,10.331127166748047,57857058
"LENOVO","0992.HK",2024-06-05,"HKD",11.319999694824219,11.359999656677246,10.960000038146973,11.079999923706055,10.112093925476074,87632673
"LENOVO","0992.HK",2024-06-06,"HKD",11.100000381469727,11.640000343322754,11.100000381469727,11.420000076293945,10.422392845153809,86749107
"LENOVO","0992.HK",2024-06-07,"HKD",11.15999984741211,11.279999732971191,10.640000343322754,10.640000343322754,9.710531234741211,124286419
"LENOVO","0992.HK",2024-06-11,"HKD",10.600000381469727,10.920000076293945,10.520000457763672,10.859999656677246,9.911311149597168,70854032
"LENOVO","0992.HK",2024-06-12,"HKD",10.739999771118164,10.859999656677246,10.579999923706055,10.699999809265137,9.765289306640625,55052037
"LENOVO","0992.HK",2024-06-13,"HKD",11,11.079999923706055,10.65999984741211,10.859999656677246,9.911311149597168,65705881
"LENOVO","0992.HK",2024-06-14,"HKD",10.699999809265137,10.899999618530273,10.479999542236328,10.739999771118164,9.801794052124023,52488728
"LENOVO","0992.HK",2024-06-17,"HKD",10.640000343322754,10.920000076293945,10.5,10.699999809265137,9.765289306640625,54949212
"LENOVO","0992.HK",2024-06-18,"HKD",10.800000190734863,11.119999885559082,10.779999732971191,11.079999923706055,10.112093925476074,74916232
"LENOVO","0992.HK",2024-06-19,"HKD",11.34000015258789,12.119999885559082,11.319999694824219,12.079999923706055,11.024737358093262,123179618
"LENOVO","0992.HK",2024-06-20,"HKD",12,12.199999809265137,11.899999618530273,12.039999961853027,10.988231658935547,62389775
"LENOVO","0992.HK",2024-06-21,"HKD",11.819999694824219,12.260000228881836,11.779999732971191,11.960000038146973,10.915220260620117,66788539
"LENOVO","0992.HK",2024-06-24,"HKD",11.819999694824219,11.859999656677246,11.460000038146973,11.640000343322754,10.623174667358398,63705249
"LENOVO","0992.HK",2024-06-25,"HKD",11.640000343322754,11.640000343322754,11.15999984741211,11.279999732971191,10.294621467590332,66846485
"LENOVO","0992.HK",2024-06-26,"HKD",11.260000228881836,11.479999542236328,11.199999809265137,11.380000114440918,10.38588809967041,37049667
"LENOVO","0992.HK",2024-06-27,"HKD",11.220000267028809,11.380000114440918,11.079999923706055,11.180000305175781,10.20335865020752,57199429
"LENOVO","0992.HK",2024-06-28,"HKD",11.020000457763672,11.359999656677246,10.960000038146973,11.020000457763672,10.05733585357666,64132892
"LENOVO","0992.HK",2024-07-02,"HKD",10.880000114440918,11.100000381469727,10.819999694824219,11.039999961853027,10.07558822631836,35545498
"LENOVO","0992.HK",2024-07-03,"HKD",11.039999961853027,11.279999732971191,10.699999809265137,11.020000457763672,10.05733585357666,44283255
"LENOVO","0992.HK",2024-07-04,"HKD",11.239999771118164,11.399999618530273,11.15999984741211,11.279999732971191,10.294621467590332,33056248
"LENOVO","0992.HK",2024-07-05,"HKD",11.260000228881836,11.4399995803833,11.020000457763672,11.0600004196167,10.093841552734375,28330276
"LENOVO","0992.HK",2024-07-08,"HKD",11.020000457763672,11.180000305175781,10.899999618530273,10.979999542236328,10.020829200744629,35382278
"LENOVO","0992.HK",2024-07-09,"HKD",11.15999984741211,11.460000038146973,11.0600004196167,11.359999656677246,10.367633819580078,48425894
"LENOVO","0992.HK",2024-07-10,"HKD",11.479999542236328,11.520000457763672,11.220000267028809,11.279999732971191,10.294621467590332,47831968
"LENOVO","0992.HK",2024-07-11,"HKD",11.260000228881836,11.539999961853027,11.239999771118164,11.479999542236328,10.477151870727539,44173117
"LENOVO","0992.HK",2024-07-12,"HKD",11.420000076293945,11.520000457763672,11.079999923706055,11.220000267028809,10.239864349365234,57743145
"LENOVO","0992.HK",2024-07-15,"HKD",11.100000381469727,11.180000305175781,10.800000190734863,10.960000038146973,10.002575874328613,38832993
"LENOVO","0992.HK",2024-07-16,"HKD",10.720000267028809,11.079999923706055,10.720000267028809,10.739999771118164,9.801794052124023,34391824
"LENOVO","0992.HK",2024-07-17,"HKD",10.720000267028809,10.800000190734863,10.539999961853027,10.619999885559082,9.692277908325195,33578201
"LENOVO","0992.HK",2024-07-18,"HKD",10.5,10.680000305175781,10.4399995803833,10.539999961853027,9.61926555633545,35431003
"LENOVO","0992.HK",2024-07-19,"HKD",10.460000038146973,10.479999542236328,10.100000381469727,10.180000305175781,9.290715217590332,55757702
"LENOVO","0992.HK",2024-07-22,"HKD",10.199999809265137,10.619999885559082,10.140000343322754,10.579999923706055,9.65577220916748,36471813
"LENOVO","0992.HK",2024-07-23,"HKD",10.680000305175781,10.800000190734863,10.380000114440918,10.5,9.582759857177734,40461318
"LENOVO","0992.HK",2024-07-24,"HKD",10.399999618530273,10.5600004196167,10.220000267028809,10.279999732971191,9.381978034973145,25261998
"LENOVO","0992.HK",2024-07-25,"HKD",10.140000343322754,10.180000305175781,9.829999923706055,9.880000114440918,9.016921043395996,52671141
"LENOVO","0992.HK",2024-07-26,"HKD",9.890000343322754,10.079999923706055,9.869999885559082,9.899999618530273,9.035173416137695,37242016
"LENOVO","0992.HK",2024-07-29,"HKD",9.979999542236328,10.15999984741211,9.960000038146973,10.0600004196167,9.181198120117188,26441587
"LENOVO","0992.HK",2024-07-30,"HKD",10,10.079999923706055,9.90999984741211,10.020000457763672,9.144692420959473,41856172
"LENOVO","0992.HK",2024-07-31,"HKD",9.819999694824219,10.180000305175781,9.75,10.079999923706055,9.483383178710938,58820119
"LENOVO","0992.HK",2024-08-01,"HKD",10.079999923706055,10.180000305175781,9.949999809265137,10.039999961853027,9.445751190185547,19287091
"LENOVO","0992.HK",2024-08-02,"HKD",9.800000190734863,9.829999923706055,9.520000457763672,9.6899995803833,9.116466522216797,44003876
"LENOVO","0992.HK",2024-08-05,"HKD",9.5,9.720000267028809,9.3100004196167,9.569999694824219,9.003568649291992,41053229
"LENOVO","0992.HK",2024-08-06,"HKD",9.670000076293945,9.8100004196167,9.59000015258789,9.680000305175781,9.10705852508545,41233226
"LENOVO","0992.HK",2024-08-07,"HKD",9.630000114440918,9.9399995803833,9.630000114440918,9.779999732971191,9.201139450073242,29172379
"LENOVO","0992.HK",2024-08-08,"HKD",9.619999885559082,10,9.609999656677246,9.859999656677246,9.27640438079834,34769812
"LENOVO","0992.HK",2024-08-09,"HKD",10.0600004196167,10.119999885559082,9.880000114440918,10.020000457763672,9.426936149597168,29371367
"LENOVO","0992.HK",2024-08-12,"HKD",10.0600004196167,10.34000015258789,10,10.279999732971191,9.67154598236084,35622179
"LENOVO","0992.HK",2024-08-13,"HKD",10.239999771118164,10.279999732971191,9.989999771118164,10.119999885559082,9.521016120910645,32151688
"LENOVO","0992.HK",2024-08-14,"HKD",10.260000228881836,10.260000228881836,10.0600004196167,10.119999885559082,9.521016120910645,17209061
"LENOVO","0992.HK",2024-08-15,"HKD",10.100000381469727,10.460000038146973,9.829999923706055,10.020000457763672,9.426936149597168,50928928
"LENOVO","0992.HK",2024-08-16,"HKD",10.180000305175781,10.359999656677246,9.430000305175781,9.680000305175781,9.10705852508545,92658711
"LENOVO","0992.HK",2024-08-19,"HKD",9.630000114440918,9.949999809265137,9.630000114440918,9.649999618530273,9.078834533691406,51665969
"LENOVO","0992.HK",2024-08-20,"HKD",9.6899995803833,9.720000267028809,9.300000190734863,9.430000305175781,8.871856689453125,47320722
"LENOVO","0992.HK",2024-08-21,"HKD",9.300000190734863,9.510000228881836,9.180000305175781,9.279999732971191,8.730733871459961,50731781
"LENOVO","0992.HK",2024-08-22,"HKD",9.359999656677246,9.579999923706055,9.289999961853027,9.569999694824219,9.003568649291992,44010176
"LENOVO","0992.HK",2024-08-23,"HKD",9.399999618530273,9.489999771118164,9.149999618530273,9.289999961853027,8.740142822265625,41124307
"LENOVO","0992.HK",2024-08-26,"HKD",9.380000114440918,9.550000190734863,9.359999656677246,9.430000305175781,8.871856689453125,24379612
"LENOVO","0992.HK",2024-08-27,"HKD",9.350000381469727,9.579999923706055,9.350000381469727,9.569999694824219,9.003568649291992,28315168
"LENOVO","0992.HK",2024-08-28,"HKD",9.539999961853027,9.600000381469727,9.350000381469727,9.449999809265137,8.890671730041504,23084052
"LENOVO","0992.HK",2024-08-29,"HKD",9.359999656677246,9.470000267028809,9.3100004196167,9.470000267028809,8.909488677978516,23341648
"LENOVO","0992.HK",2024-08-30,"HKD",9.470000267028809,9.680000305175781,9.430000305175781,9.59000015258789,9.022385597229004,42786699
"LENOVO","0992.HK",2024-09-02,"HKD",9.529999732971191,9.539999961853027,9.350000381469727,9.430000305175781,8.871856689453125,33974603
"LENOVO","0992.HK",2024-09-03,"HKD",9.399999618530273,9.539999961853027,9.350000381469727,9.4399995803833,8.881263732910156,25457986
"LENOVO","0992.HK",2024-09-04,"HKD",9.350000381469727,9.399999618530273,9.069999694824219,9.350000381469727,8.796591758728027,38227415
"LENOVO","0992.HK",2024-09-05,"HKD",9.34000015258789,9.420000076293945,9.25,9.3100004196167,8.75895881652832,24782007
"LENOVO","0992.HK",2024-09-09,"HKD",9.149999618530273,9.1899995803833,8.989999771118164,9.140000343322754,8.599020957946777,62339142
"LENOVO","0992.HK",2024-09-10,"HKD",9.079999923706055,9.199999809265137,8.829999923706055,8.979999542236328,8.448490142822266,42585111
"LENOVO","0992.HK",2024-09-11,"HKD",8.869999885559082,9.039999961853027,8.819999694824219,9,8.467307090759277,24420888
"LENOVO","0992.HK",2024-09-12,"HKD",9.050000190734863,9.239999771118164,9.039999961853027,9.09000015258789,8.551980018615723,27883706
"LENOVO","0992.HK",2024-09-13,"HKD",9.069999694824219,9.270000457763672,9.069999694824219,9.229999542236328,8.683692932128906,26658832
"LENOVO","0992.HK",2024-09-16,"HKD",9.25,9.4399995803833,9.180000305175781,9.399999618530273,8.843631744384766,25931173
"LENOVO","0992.HK",2024-09-17,"HKD",9.359999656677246,9.539999961853027,9.350000381469727,9.4399995803833,8.881263732910156,26109509
"LENOVO","0992.HK",2024-09-19,"HKD",9.390000343322754,9.4399995803833,9.210000038146973,9.380000114440918,8.824814796447754,50504210
"LENOVO","0992.HK",2024-09-20,"HKD",9.350000381469727,9.579999923706055,9.260000228881836,9.390000343322754,8.834223747253418,75673402
"LENOVO","0992.HK",2024-09-23,"HKD",9.390000343322754,9.760000228881836,9.390000343322754,9.630000114440918,9.060018539428711,52424101
"LENOVO","0992.HK",2024-09-24,"HKD",9.8100004196167,9.9399995803833,9.739999771118164,9.930000305175781,9.342262268066406,70609717
"LENOVO","0992.HK",2024-09-25,"HKD",10.279999732971191,10.279999732971191,9.829999923706055,9.859999656677246,9.27640438079834,62566553
"LENOVO","0992.HK",2024-09-26,"HKD",9.859999656677246,10.359999656677246,9.850000381469727,10.319999694824219,9.709178924560547,64037136
"LENOVO","0992.HK",2024-09-27,"HKD",10.579999923706055,11,10.4399995803833,10.920000076293945,10.273665428161621,112357198
"LENOVO","0992.HK",2024-09-30,"HKD",10.800000190734863,11,10.319999694824219,10.600000381469727,9.972606658935547,132629649
"LENOVO","0992.HK",2024-10-02,"HKD",10.5,11.279999732971191,10.5,11.100000381469727,10.443012237548828,81863567
"LENOVO","0992.HK",2024-10-03,"HKD",11.0600004196167,11.079999923706055,10.5600004196167,10.819999694824219,10.179584503173828,62779669
"LENOVO","0992.HK",2024-10-04,"HKD",10.699999809265137,11.140000343322754,10.640000343322754,11.140000343322754,10.480644226074219,48638444
"LENOVO","0992.HK",2024-10-07,"HKD",11.239999771118164,11.779999732971191,11.199999809265137,11.579999923706055,10.894601821899414,78442965
"LENOVO","0992.HK",2024-10-08,"HKD",11.359999656677246,11.4399995803833,10.279999732971191,10.34000015258789,9.727993965148926,127323586
"LENOVO","0992.HK",2024-10-09,"HKD",10.460000038146973,10.779999732971191,10.119999885559082,10.34000015258789,9.727993965148926,74616721
"LENOVO","0992.HK",2024-10-10,"HKD",10.380000114440918,10.9399995803833,10.380000114440918,10.760000228881836,10.123135566711426,71682804
"LENOVO","0992.HK",2024-10-14,"HKD",10.619999885559082,11.180000305175781,10.460000038146973,11.079999923706055,10.424195289611816,70583103
"LENOVO","0992.HK",2024-10-15,"HKD",11.260000228881836,11.359999656677246,10.800000190734863,10.920000076293945,10.273665428161621,63659093
"LENOVO","0992.HK",2024-10-16,"HKD",10.739999771118164,11.180000305175781,10.739999771118164,11,10.348931312561035,47685556
"LENOVO","0992.HK",2024-10-17,"HKD",11.0600004196167,11.359999656677246,10.880000114440918,10.899999618530273,10.25484848022461,44977386
"LENOVO","0992.HK",2024-10-18,"HKD",11,11.65999984741211,11,11.579999923706055,10.894601821899414,66066059
"LENOVO","0992.HK",2024-10-21,"HKD",11.34000015258789,11.9399995803833,11.319999694824219,11.539999961853027,10.856968879699707,64085462
"LENOVO","0992.HK",2024-10-22,"HKD",11.420000076293945,11.520000457763672,11.079999923706055,11.220000267028809,10.555910110473633,49263635
"LENOVO","0992.HK",2024-10-23,"HKD",11.180000305175781,11.260000228881836,10.960000038146973,11.079999923706055,10.424195289611816,48611706
"LENOVO","0992.HK",2024-10-24,"HKD",11,11.039999961853027,10.760000228881836,10.779999732971191,10.141951560974121,51843874
"LENOVO","0992.HK",2024-10-25,"HKD",10.779999732971191,11.15999984741211,10.779999732971191,11,10.348931312561035,31051548
"LENOVO","0992.HK",2024-10-28,"HKD",10.880000114440918,11,10.779999732971191,10.859999656677246,10.217216491699219,25852897
"LENOVO","0992.HK",2024-10-29,"HKD",10.880000114440918,11,10.619999885559082,10.739999771118164,10.104318618774414,34816246
"LENOVO","0992.HK",2024-10-30,"HKD",10.65999984741211,10.859999656677246,10.4399995803833,10.5,9.878525733947754,44593537
"LENOVO","0992.HK",2024-10-31,"HKD",10.420000076293945,10.5600004196167,10.239999771118164,10.300000190734863,9.690362930297852,41070995
"LENOVO","0992.HK",2024-11-01,"HKD",10.260000228881836,10.4399995803833,10.15999984741211,10.300000190734863,9.690362930297852,29519138
"LENOVO","0992.HK",2024-11-04,"HKD",10.300000190734863,10.520000457763672,10.260000228881836,10.359999656677246,9.746809959411621,29848646
"LENOVO","0992.HK",2024-11-05,"HKD",10.260000228881836,10.479999542236328,10.199999809265137,10.479999542236328,9.859707832336426,33709353
"LENOVO","0992.HK",2024-11-06,"HKD",10.199999809265137,10.300000190734863,9.949999809265137,10,9.408119201660156,61795925
"LENOVO","0992.HK",2024-11-07,"HKD",9.859999656677246,9.930000305175781,9.640000343322754,9.739999771118164,9.163507461547852,94038753
"LENOVO","0992.HK",2024-11-08,"HKD",9.739999771118164,10.079999923706055,9.739999771118164,9.829999923706055,9.248180389404297,48295988
"LENOVO","0992.HK",2024-11-11,"HKD",9.5,10.180000305175781,9.5,10.020000457763672,9.426936149597168,48166825
"LENOVO","0992.HK",2024-11-12,"HKD",9.8100004196167,9.949999809265137,9.460000038146973,9.470000267028809,8.909488677978516,82613238
"LENOVO","0992.HK",2024-11-13,"HKD",9.5,9.819999694824219,9.479999542236328,9.699999809265137,9.125875473022461,47947027
"LENOVO","0992.HK",2024-11-14,"HKD",9.550000190734863,9.619999885559082,9.300000190734863,9.34000015258789,8.787182807922363,68084114
"LENOVO","0992.HK",2024-11-15,"HKD",9.300000190734863,9.520000457763672,9.170000076293945,9.170000076293945,8.62724494934082,117774741
"LENOVO","0992.HK",2024-11-18,"HKD",9.170000076293945,9.329999923706055,8.920000076293945,8.979999542236328,8.448490142822266,112770401
"LENOVO","0992.HK",2024-11-19,"HKD",9.069999694824219,9.170000076293945,8.930000305175781,9.029999732971191,8.49553108215332,81368063
"LENOVO","0992.HK",2024-11-20,"HKD",9.020000457763672,9.1899995803833,8.90999984741211,9.020000457763672,8.486124992370605,76313911
"LENOVO","0992.HK",2024-11-21,"HKD",9,9.350000381469727,8.989999771118164,9.199999809265137,8.655468940734863,80294457
"LENOVO","0992.HK",2024-11-22,"HKD",9.25,9.489999771118164,9.039999961853027,9.069999694824219,8.533163070678711,64465677
"LENOVO","0992.HK",2024-11-25,"HKD",9.199999809265137,9.3100004196167,9.100000381469727,9.109999656677246,8.570796966552734,73964894
"LENOVO","0992.HK",2024-11-26,"HKD",9.069999694824219,9.210000038146973,9.050000190734863,9.09000015258789,8.551980018615723,48903092
"LENOVO","0992.HK",2024-11-27,"HKD",9.010000228881836,9.329999923706055,8.979999542236328,9.3100004196167,8.841636657714844,57241266
"LENOVO","0992.HK",2024-11-28,"HKD",9.180000305175781,9.239999771118164,9.050000190734863,9.079999923706055,8.623207092285156,44169972
"LENOVO","0992.HK",2024-11-29,"HKD",9.15999984741211,9.239999771118164,8.989999771118164,9.109999656677246,8.651698112487793,39092744
"LENOVO","0992.HK",2024-12-02,"HKD",9.220000267028809,9.220000267028809,9.0600004196167,9.109999656677246,8.651698112487793,31712311
"LENOVO","0992.HK",2024-12-03,"HKD",9.149999618530273,9.600000381469727,9.109999656677246,9.479999542236328,9.003083229064941,92994527
"LENOVO","0992.HK",2024-12-04,"HKD",9.479999542236328,9.479999542236328,9.260000228881836,9.34000015258789,8.870126724243164,51271991
"LENOVO","0992.HK",2024-12-05,"HKD",9.239999771118164,9.380000114440918,9.15999984741211,9.180000305175781,8.718175888061523,42542661
"LENOVO","0992.HK",2024-12-06,"HKD",9.180000305175781,9.319999694824219,9.140000343322754,9.260000228881836,8.79415225982666,96771924
"LENOVO","0992.HK",2024-12-09,"HKD",9.210000038146973,9.470000267028809,9.100000381469727,9.4399995803833,8.965096473693848,71442752
"LENOVO","0992.HK",2024-12-10,"HKD",9.8100004196167,9.880000114440918,9.460000038146973,9.520000457763672,9.041071891784668,77447324
"LENOVO","0992.HK",2024-12-11,"HKD",9.520000457763672,9.760000228881836,9.300000190734863,9.350000381469727,8.87962532043457,48018931
"LENOVO","0992.HK",2024-12-12,"HKD",9.369999885559082,9.600000381469727,9.350000381469727,9.489999771118164,9.012580871582031,43814235
"LENOVO","0992.HK",2024-12-13,"HKD",9.449999809265137,9.5,9.119999885559082,9.140000343322754,8.68018913269043,50833988
"LENOVO","0992.HK",2024-12-16,"HKD",9.229999542236328,9.399999618530273,9.180000305175781,9.199999809265137,8.737170219421387,34413486
"LENOVO","0992.HK",2024-12-17,"HKD",9.180000305175781,9.329999923706055,9.130000114440918,9.140000343322754,8.68018913269043,36770201
"LENOVO","0992.HK",2024-12-18,"HKD",9.15999984741211,9.479999542236328,9.15999984741211,9.420000076293945,8.946102142333984,42416629
"LENOVO","0992.HK",2024-12-19,"HKD",9.239999771118164,9.460000038146973,9.239999771118164,9.359999656677246,8.889120101928711,38432587
"LENOVO","0992.HK",2024-12-20,"HKD",9.300000190734863,9.520000457763672,9.300000190734863,9.470000267028809,8.993587493896484,47303345
"LENOVO","0992.HK",2024-12-23,"HKD",9.420000076293945,9.520000457763672,9.369999885559082,9.489999771118164,9.012580871582031,31244563
"LENOVO","0992.HK",2024-12-24,"HKD",9.65999984741211,9.65999984741211,9.65999984741211,9.65999984741211,9.174028396606445,0
"LENOVO","0992.HK",2024-12-27,"HKD",9.75,10.600000381469727,9.729999542236328,10.5600004196167,10.028751373291016,198535742
"LENOVO","0992.HK",2024-12-30,"HKD",10.460000038146973,10.5,10.140000343322754,10.199999809265137,9.686861991882324,72633520
"LENOVO","0992.HK",2024-12-31,"HKD",10.119999885559082,10.119999885559082,10.119999885559082,10.119999885559082,9.610886573791504,0
"LENOVO","0992.HK",2025-01-02,"HKD",10,10.0600004196167,9.75,9.789999961853027,9.29748821258545,52029307
"LENOVO","0992.HK",2025-01-03,"HKD",9.880000114440918,10.079999923706055,9.760000228881836,9.829999923706055,9.33547592163086,50796099
"LENOVO","0992.HK",2025-01-06,"HKD",9.979999542236328,10.239999771118164,9.84000015258789,9.859999656677246,9.363966941833496,47887290
"LENOVO","0992.HK",2025-01-07,"HKD",9.770000457763672,9.9399995803833,9.569999694824219,9.720000267028809,9.231009483337402,61279088
"LENOVO","0992.HK",2025-01-08,"HKD",9.65999984741211,9.770000457763672,9.460000038146973,9.529999732971191,9.050568580627441,48490861
"LENOVO","0992.HK",2025-01-09,"HKD",9.5600004196167,9.960000038146973,9.470000267028809,9.819999694824219,9.325979232788086,44289333
"LENOVO","0992.HK",2025-01-10,"HKD",9.760000228881836,9.880000114440918,9.319999694824219,9.34000015258789,8.870126724243164,48529477
"LENOVO","0992.HK",2025-01-13,"HKD",9.25,9.329999923706055,9.140000343322754,9.270000457763672,8.803647994995117,20450784
"LENOVO","0992.HK",2025-01-14,"HKD",9.229999542236328,9.359999656677246,9.130000114440918,9.279999732971191,8.813145637512207,38061456
"LENOVO","0992.HK",2025-01-15,"HKD",9.1899995803833,9.260000228881836,9.079999923706055,9.180000305175781,8.718175888061523,29808963
"LENOVO","0992.HK",2025-01-16,"HKD",9.390000343322754,9.390000343322754,9.180000305175781,9.289999961853027,8.822643280029297,37379708
"LENOVO","0992.HK",2025-01-17,"HKD",9.199999809265137,9.319999694824219,9.050000190734863,9.229999542236328,8.765660285949707,35839829
"LENOVO","0992.HK",2025-01-20,"HKD",9.359999656677246,9.470000267028809,9.260000228881836,9.399999618530273,8.927108764648438,36611403
"LENOVO","0992.HK",2025-01-21,"HKD",9.520000457763672,9.569999694824219,9.3100004196167,9.40999984741211,8.936605453491211,30533177
"LENOVO","0992.HK",2025-01-22,"HKD",9.279999732971191,9.359999656677246,9.010000228881836,9.149999618530273,8.689684867858887,63194148
"LENOVO","0992.HK",2025-01-23,"HKD",9.289999961853027,9.470000267028809,9.15999984741211,9.199999809265137,8.737170219421387,45024345
"LENOVO","0992.HK",2025-01-24,"HKD",9.220000267028809,9.470000267028809,9.149999618530273,9.470000267028809,8.993587493896484,34485919
"LENOVO","0992.HK",2025-01-27,"HKD",9.350000381469727,9.619999885559082,9.350000381469727,9.489999771118164,9.012580871582031,37716053
"LENOVO","0992.HK",2025-01-28,"HKD",9.279999732971191,9.279999732971191,9.279999732971191,9.279999732971191,8.813145637512207,0
"LENOVO","0992.HK",2025-02-03,"HKD",9.130000114440918,9.890000343322754,9.130000114440918,9.84000015258789,9.34497356414795,92256487
"LENOVO","0992.HK",2025-02-04,"HKD",10.039999961853027,10.65999984741211,9.949999809265137,10.520000457763672,9.990764617919922,154434813
"LENOVO","0992.HK",2025-02-05,"HKD",10.420000076293945,11.15999984741211,10.359999656677246,10.9399995803833,10.389634132385254,216572909
"LENOVO","0992.HK",2025-02-06,"HKD",10.9399995803833,11.65999984741211,10.920000076293945,11.5,10.921463012695312,222099575
"LENOVO","0992.HK",2025-02-07,"HKD",11.300000190734863,12.5600004196167,11.180000305175781,12.220000267028809,11.605241775512695,274662411
"LENOVO","0992.HK",2025-02-10,"HKD",12.34000015258789,12.520000457763672,12.020000457763672,12.180000305175781,11.567254066467285,146139911
"LENOVO","0992.HK",2025-02-11,"HKD",11.960000038146973,12.34000015258789,11.779999732971191,12.15999984741211,11.548259735107422,139844391
"LENOVO","0992.HK",2025-02-12,"HKD",12.199999809265137,12.880000114440918,12.199999809265137,12.800000190734863,12.156063079833984,144458026
"LENOVO","0992.HK",2025-02-13,"HKD",12.699999809265137,12.739999771118164,12.039999961853027,12.15999984741211,11.548259735107422,156866443
"LENOVO","0992.HK",2025-02-14,"HKD",12.199999809265137,12.65999984741211,12.199999809265137,12.619999885559082,11.98511791229248,117926748
"LENOVO","0992.HK",2025-02-17,"HKD",12.479999542236328,12.880000114440918,12.399999618530273,12.619999885559082,11.98511791229248,105100227
"LENOVO","0992.HK",2025-02-18,"HKD",12.420000076293945,12.65999984741211,12.239999771118164,12.5600004196167,11.928136825561523,109593603
"LENOVO","0992.HK",2025-02-19,"HKD",12.34000015258789,12.579999923706055,12.079999923706055,12.579999923706055,11.947131156921387,108941434
"LENOVO","0992.HK",2025-02-20,"HKD",12.579999923706055,13.180000305175781,11.680000305175781,11.779999732971191,11.187376022338867,301497112
"LENOVO","0992.HK",2025-02-21,"HKD",12.220000267028809,13.600000381469727,11.819999694824219,13.600000381469727,12.915817260742188,358558990
"LENOVO","0992.HK",2025-02-24,"HKD",13.140000343322754,13.399999618530273,12.84000015258789,12.979999542236328,12.327007293701172,179001142
"LENOVO","0992.HK",2025-02-25,"HKD",12.420000076293945,13.15999984741211,12.420000076293945,12.800000190734863,12.156063079833984,153541385
"LENOVO","0992.HK",2025-02-26,"HKD",12.979999542236328,13.180000305175781,12.479999542236328,12.65999984741211,12.02310562133789,146844802
"LENOVO","0992.HK",2025-02-27,"HKD",12.479999542236328,12.739999771118164,11.960000038146973,12.319999694824219,11.700209617614746,165642009
"LENOVO","0992.HK",2025-02-28,"HKD",12.100000381469727,12.140000343322754,11.4399995803833,11.579999923706055,10.997438430786133,155614839
"LENOVO","0992.HK",2025-03-03,"HKD",11.779999732971191,11.859999656677246,11.279999732971191,11.420000076293945,10.845487594604492,87578481
"LENOVO","0992.HK",2025-03-04,"HKD",11.34000015258789,11.5,11.0600004196167,11.399999618530273,10.826493263244629,67576291
"LENOVO","0992.HK",2025-03-05,"HKD",11.579999923706055,11.979999542236328,11.539999961853027,11.9399995803833,11.339325904846191,96841091
"LENOVO","0992.HK",2025-03-06,"HKD",12.34000015258789,12.640000343322754,12.199999809265137,12.5,11.87115478515625,138806517
"LENOVO","0992.HK",2025-03-07,"HKD",12.279999732971191,13.020000457763672,12.220000267028809,12.619999885559082,11.98511791229248,126650091
"LENOVO","0992.HK",2025-03-10,"HKD",12.399999618530273,12.579999923706055,12.239999771118164,12.420000076293945,11.79517936706543,79061486
"LENOVO","0992.HK",2025-03-11,"HKD",12.239999771118164,12.619999885559082,12.119999885559082,12.520000457763672,11.890149116516113,75314376
"LENOVO","0992.HK",2025-03-12,"HKD",12.399999618530273,12.5,11.479999542236328,11.640000343322754,11.05441951751709,183655382
"LENOVO","0992.HK",2025-03-13,"HKD",11.720000267028809,11.859999656677246,11.300000190734863,11.4399995803833,10.864480972290039,100308671
"LENOVO","0992.HK",2025-03-14,"HKD",11.539999961853027,11.739999771118164,11.260000228881836,11.600000381469727,11.01643180847168,78556860
"LENOVO","0992.HK",2025-03-17,"HKD",11.640000343322754,11.899999618530273,11.4399995803833,11.699999809265137,11.111400604248047,58627664
"LENOVO","0992.HK",2025-03-18,"HKD",11.920000076293945,11.960000038146973,11.779999732971191,11.859999656677246,11.263351440429688,71127030
"LENOVO","0992.HK",2025-03-19,"HKD",11.880000114440918,12.260000228881836,11.640000343322754,11.9399995803833,11.339325904846191,102439588
"LENOVO","0992.HK",2025-03-20,"HKD",11.9399995803833,12,11.640000343322754,11.680000305175781,11.0924072265625,44355834
"LENOVO","0992.HK",2025-03-21,"HKD",11.579999923706055,11.699999809265137,11.199999809265137,11.300000190734863,10.731524467468262,83498788
"LENOVO","0992.HK",2025-03-24,"HKD",11.34000015258789,11.539999961853027,11.220000267028809,11.479999542236328,10.90246868133545,51710649
"LENOVO","0992.HK",2025-03-25,"HKD",11.380000114440918,11.680000305175781,11.220000267028809,11.260000228881836,10.693536758422852,45649522
"LENOVO","0992.HK",2025-03-26,"HKD",11.34000015258789,11.579999923706055,11.319999694824219,11.479999542236328,10.90246868133545,47306469
"LENOVO","0992.HK",2025-03-27,"HKD",11.520000457763672,11.699999809265137,11.260000228881836,11.359999656677246,10.788506507873535,58026061
"LENOVO","0992.HK",2025-03-28,"HKD",11.300000190734863,11.399999618530273,10.720000267028809,10.859999656677246,10.313658714294434,103270678
"LENOVO","0992.HK",2025-03-31,"HKD",10.699999809265137,10.84000015258789,10.34000015258789,10.479999542236328,9.952775955200195,95681395
"LENOVO","0992.HK",2025-04-01,"HKD",10.600000381469727,10.760000228881836,10.5,10.619999885559082,10.085733413696289,77098382
"LENOVO","0992.HK",2025-04-02,"HKD",10.65999984741211,10.9399995803833,10.5600004196167,10.65999984741211,10.1237211227417,56798700
"LENOVO","0992.HK",2025-04-03,"HKD",10.140000343322754,10.180000305175781,9.630000114440918,9.829999923706055,9.33547592163086,182506563
"LENOVO","0992.HK",2025-04-07,"HKD",8.359999656677246,8.470000267028809,7.400000095367432,7.579999923706055,7.198668479919434,469621768
"LENOVO","0992.HK",2025-04-08,"HKD",7.78000020980835,7.869999885559082,7.21999979019165,7.5,7.122693061828613,304328326
"LENOVO","0992.HK",2025-04-09,"HKD",7.019999980926514,7.559999942779541,6.570000171661377,7.5,7.122693061828613,305324675
"LENOVO","0992.HK",2025-04-10,"HKD",8.100000381469727,8.470000267028809,7.909999847412109,8.029999732971191,7.626029968261719,288872567
"LENOVO","0992.HK",2025-04-11,"HKD",7.800000190734863,8.130000114440918,7.699999809265137,8.029999732971191,7.626029968261719,137932383
"LENOVO","0992.HK",2025-04-14,"HKD",8.720000267028809,8.84000015258789,8.229999542236328,8.270000457763672,7.85395622253418,192333032
"LENOVO","0992.HK",2025-04-15,"HKD",8.350000381469727,8.40999984741211,8.199999809265137,8.279999732971191,7.863453388214111,74241483
"LENOVO","0992.HK",2025-04-16,"HKD",8.039999961853027,8.100000381469727,7.789999961853027,7.889999866485596,7.493072986602783,98094450
"LENOVO","0992.HK",2025-04-17,"HKD",7.900000095367432,8.15999984741211,7.880000114440918,8.079999923706055,7.673514366149902,63140888
"LENOVO","0992.HK",2025-04-22,"HKD",8.079999923706055,8.260000228881836,8.010000228881836,8.239999771118164,7.825465679168701,59416860
"LENOVO","0992.HK",2025-04-23,"HKD",8.550000190734863,8.65999984741211,8.489999771118164,8.579999923706055,8.148360252380371,99286049
"LENOVO","0992.HK",2025-04-24,"HKD",8.59000015258789,8.819999694824219,8.479999542236328,8.550000190734863,8.11987018585205,76112547
"LENOVO","0992.HK",2025-04-25,"HKD",8.670000076293945,9.09000015258789,8.630000114440918,8.84000015258789,8.395281791687012,108049167
"LENOVO","0992.HK",2025-04-28,"HKD",8.880000114440918,8.949999809265137,8.6899995803833,8.75,8.309808731079102,31486295
"LENOVO","0992.HK",2025-04-29,"HKD",8.789999961853027,9.029999732971191,8.739999771118164,8.8100004196167,8.366790771484375,53442236
"LENOVO","0992.HK",2025-04-30,"HKD",8.8100004196167,9.050000190734863,8.789999961853027,8.989999771118164,8.537734985351562,52394326
"LENOVO","0992.HK",2025-05-02,"HKD",9,9.34000015258789,8.970000267028809,9.25,8.78465461730957,100021569
"LENOVO","0992.HK",2025-05-06,"HKD",9.15999984741211,9.350000381469727,9.109999656677246,9.260000228881836,8.79415225982666,81885046
"LENOVO","0992.HK",2025-05-07,"HKD",9.539999961853027,9.619999885559082,9.109999656677246,9.15999984741211,8.69918155670166,90428548
"LENOVO","0992.HK",2025-05-08,"HKD",9.09000015258789,9.25,8.970000267028809,9.100000381469727,8.64220142364502,85940301
"LENOVO","0992.HK",2025-05-09,"HKD",9.220000267028809,9.390000343322754,9.109999656677246,9.289999961853027,8.822643280029297,66736422
"LENOVO","0992.HK",2025-05-12,"HKD",9.600000381469727,10.539999961853027,9.520000457763672,10.180000305175781,9.667869567871094,238347474
"LENOVO","0992.HK",2025-05-13,"HKD",10,10.34000015258789,9.9399995803833,9.979999542236328,9.477931022644043,111284242
"LENOVO","0992.HK",2025-05-14,"HKD",10.079999923706055,10.199999809265137,9.9399995803833,10.039999961853027,9.534912109375,46606430
"LENOVO","0992.HK",2025-05-15,"HKD",9.890000343322754,9.989999771118164,9.670000076293945,9.770000457763672,9.278495788574219,79273302
"LENOVO","0992.HK",2025-05-16,"HKD",9.640000343322754,9.819999694824219,9.619999885559082,9.770000457763672,9.278495788574219,40789989
"LENOVO","0992.HK",2025-05-19,"HKD",9.729999542236328,9.979999542236328,9.710000038146973,9.960000038146973,9.458935737609863,65237436
"LENOVO","0992.HK",2025-05-20,"HKD",9.970000267028809,10.0600004196167,9.779999732971191,10,9.49692440032959,47165600
"LENOVO","0992.HK",2025-05-21,"HKD",10.079999923706055,10.140000343322754,9.930000305175781,10.119999885559082,9.610886573791504,59488027
"LENOVO","0992.HK",2025-05-22,"HKD",10,10,9.550000190734863,9.569999694824219,9.088555335998535,114088846
"LENOVO","0992.HK",2025-05-23,"HKD",9.59000015258789,9.630000114440918,9.399999618530273,9.5,9.022078514099121,91569481
"LENOVO","0992.HK",2025-05-26,"HKD",9.399999618530273,9.449999809265137,9.210000038146973,9.289999961853027,8.822643280029297,72721321
"LENOVO","0992.HK",2025-05-27,"HKD",9.289999961853027,9.40999984741211,9.1899995803833,9.329999923706055,8.86063003540039,50118376
"LENOVO","0992.HK",2025-05-28,"HKD",9.279999732971191,9.369999885559082,9.069999694824219,9.15999984741211,8.69918155670166,94851107
"LENOVO","0992.HK",2025-05-29,"HKD",9.300000190734863,9.489999771118164,9.210000038146973,9.449999809265137,8.974592208862305,82930608
"LENOVO","0992.HK",2025-05-30,"HKD",9.15999984741211,9.210000038146973,8.9399995803833,9.039999961853027,8.585219383239746,123757601
"LENOVO","0992.HK",2025-06-02,"HKD",8.899999618530273,8.930000305175781,8.729999542236328,8.930000305175781,8.480753898620605,63711982
"LENOVO","0992.HK",2025-06-03,"HKD",8.930000305175781,8.979999542236328,8.779999732971191,8.9399995803833,8.490248680114746,73944376
"LENOVO","0992.HK",2025-06-04,"HKD",8.829999923706055,9.039999961853027,8.829999923706055,8.90999984741211,8.461759567260742,80105153
"LENOVO","0992.HK",2025-06-05,"HKD",8.949999809265137,9.130000114440918,8.930000305175781,9.100000381469727,8.64220142364502,83971182
"LENOVO","0992.HK",2025-06-06,"HKD",9.109999656677246,9.180000305175781,8.970000267028809,9.130000114440918,8.670692443847656,165516975
"LENOVO","0992.HK",2025-06-09,"HKD",9.149999618530273,9.300000190734863,9.140000343322754,9.239999771118164,8.775157928466797,83962585
"LENOVO","0992.HK",2025-06-10,"HKD",9.239999771118164,9.3100004196167,9.100000381469727,9.199999809265137,8.737170219421387,48108552
"LENOVO","0992.HK",2025-06-11,"HKD",9.239999771118164,9.4399995803833,9.210000038146973,9.350000381469727,8.87962532043457,60253029
"LENOVO","0992.HK",2025-06-12,"HKD",9.319999694824219,9.449999809265137,9.289999961853027,9.319999694824219,8.851133346557617,57816706
"LENOVO","0992.HK",2025-06-13,"HKD",9.25,9.34000015258789,9.050000190734863,9.149999618530273,8.689684867858887,68965491
"LENOVO","0992.HK",2025-06-16,"HKD",9.079999923706055,9.34000015258789,9.050000190734863,9.25,8.78465461730957,50501848
"LENOVO","0992.HK",2025-06-17,"HKD",9.199999809265137,9.329999923706055,9.130000114440918,9.180000305175781,8.718175888061523,41918239
"LENOVO","0992.HK",2025-06-18,"HKD",9.199999809265137,9.199999809265137,9.020000457763672,9.130000114440918,8.670692443847656,35794695
"LENOVO","0992.HK",2025-06-19,"HKD",9.100000381469727,9.15999984741211,8.90999984741211,8.970000267028809,8.5187406539917,45571001
"LENOVO","0992.HK",2025-06-20,"HKD",8.949999809265137,9.069999694824219,8.920000076293945,9.050000190734863,8.59471607208252,44940000
"LENOVO","0992.HK",2025-06-23,"HKD",9,9.09000015258789,8.869999885559082,9.069999694824219,8.613709449768066,36385114
"LENOVO","0992.HK",2025-06-24,"HKD",9.09000015258789,9.329999923706055,9.09000015258789,9.270000457763672,8.803647994995117,59633548
"LENOVO","0992.HK",2025-06-25,"HKD",9.350000381469727,9.359999656677246,9.199999809265137,9.279999732971191,8.813145637512207,48912416
"LENOVO","0992.HK",2025-06-26,"HKD",9.199999809265137,9.489999771118164,9.199999809265137,9.399999618530273,8.927108764648438,67115901
"LENOVO","0992.HK",2025-06-27,"HKD",9.34000015258789,9.550000190734863,9.34000015258789,9.430000305175781,8.955599784851074,45031002
"LENOVO","0992.HK",2025-06-30,"HKD",9.430000305175781,9.539999961853027,9.359999656677246,9.420000076293945,8.946102142333984,38574198
"LENOVO","0992.HK",2025-07-02,"HKD",9.420000076293945,9.529999732971191,9.34000015258789,9.4399995803833,8.965096473693848,36422195
"LENOVO","0992.HK",2025-07-03,"HKD",9.510000228881836,9.75,9.470000267028809,9.729999542236328,9.240507125854492,82901892
"LENOVO","0992.HK",2025-07-04,"HKD",9.680000305175781,9.789999961853027,9.550000190734863,9.65999984741211,9.174028396606445,51771105
"LENOVO","0992.HK",2025-07-07,"HKD",9.5600004196167,9.619999885559082,9.420000076293945,9.529999732971191,9.050568580627441,43389590
"LENOVO","0992.HK",2025-07-08,"HKD",9.460000038146973,9.760000228881836,9.460000038146973,9.720000267028809,9.231009483337402,57015161
"LENOVO","0992.HK",2025-07-09,"HKD",9.680000305175781,9.720000267028809,9.539999961853027,9.600000381469727,9.117047309875488,52092885
"LENOVO","0992.HK",2025-07-10,"HKD",9.529999732971191,9.760000228881836,9.529999732971191,9.569999694824219,9.088555335998535,41462220
"LENOVO","0992.HK",2025-07-11,"HKD",9.579999923706055,9.930000305175781,9.579999923706055,9.770000457763672,9.278495788574219,81293299
"LENOVO","0992.HK",2025-07-14,"HKD",9.770000457763672,9.899999618530273,9.699999809265137,9.829999923706055,9.33547592163086,54746654
"LENOVO","0992.HK",2025-07-15,"HKD",9.819999694824219,10.199999809265137,9.6899995803833,10.100000381469727,9.591894149780273,89692669
"LENOVO","0992.HK",2025-07-16,"HKD",10.199999809265137,10.380000114440918,10,10,9.49692440032959,68275199
"LENOVO","0992.HK",2025-07-17,"HKD",10,10.180000305175781,9.970000267028809,10.15999984741211,9.648874282836914,59198346
"LENOVO","0992.HK",2025-07-18,"HKD",10.180000305175781,10.279999732971191,10.119999885559082,10.140000343322754,9.629880905151367,44814616
"LENOVO","0992.HK",2025-07-21,"HKD",10.239999771118164,10.359999656677246,10.119999885559082,10.199999809265137,9.686861991882324,60393449
"LENOVO","0992.HK",2025-07-22,"HKD",10.199999809265137,10.260000228881836,10.0600004196167,10.079999923706055,9.572898864746094,50456870
"LENOVO","0992.HK",2025-07-23,"HKD",10.220000267028809,10.279999732971191,10.020000457763672,10.220000267028809,9.705857276916504,65199363
"LENOVO","0992.HK",2025-07-24,"HKD",10.220000267028809,10.479999542236328,10.199999809265137,10.399999618530273,9.876801490783691,68849082
"LENOVO","0992.HK",2025-07-25,"HKD",10.319999694824219,10.460000038146973,10.260000228881836,10.4399995803833,9.914788246154785,52439780
"LENOVO","0992.HK",2025-07-28,"HKD",10.479999542236328,10.619999885559082,10.359999656677246,10.520000457763672,9.990764617919922,67085525
"LENOVO","0992.HK",2025-07-29,"HKD",10.4399995803833,10.5600004196167,10.279999732971191,10.520000457763672,9.990764617919922,64219336
"LENOVO","0992.HK",2025-07-30,"HKD",10.239999771118164,10.34000015258789,10.0600004196167,10.140000343322754,9.917410850524902,73692973
"LENOVO","0992.HK",2025-07-31,"HKD",10.100000381469727,10.180000305175781,10,10.119999885559082,9.897849082946777,55361456
"LENOVO","0992.HK",2025-08-01,"HKD",10.079999923706055,10.380000114440918,9.970000267028809,10.100000381469727,9.878289222717285,69281364
"LENOVO","0992.HK",2025-08-04,"HKD",10.039999961853027,10.710000038146973,10.039999961853027,10.600000381469727,10.367313385009766,118888232
"LENOVO","0992.HK",2025-08-05,"HKD",10.600000381469727,11.149999618530273,10.600000381469727,11.140000343322754,10.895459175109863,154120591
"LENOVO","0992.HK",2025-08-06,"HKD",10.930000305175781,11.09000015258789,10.90999984741211,11.039999961853027,10.797654151916504,76293069
"LENOVO","0992.HK",2025-08-07,"HKD",11.25,11.25,10.90999984741211,11.149999618530273,10.90523910522461,80791928
"LENOVO","0992.HK",2025-08-08,"HKD",11.09000015258789,11.130000114440918,10.960000038146973,11.029999732971191,10.787873268127441,80957688
"LENOVO","0992.HK",2025-08-11,"HKD",10.979999542236328,11.079999923706055,10.779999732971191,11.039999961853027,10.797654151916504,75399125
"LENOVO","0992.HK",2025-08-12,"HKD",10.960000038146973,11.270000457763672,10.960000038146973,11.220000267028809,10.973703384399414,64801599
"LENOVO","0992.HK",2025-08-13,"HKD",11.220000267028809,11.539999961853027,11.199999809265137,11.520000457763672,11.267117500305176,94986070
"LENOVO","0992.HK",2025-08-14,"HKD",11.520000457763672,11.520000457763672,10.729999542236328,10.829999923706055,10.592263221740723,248116451
"LENOVO","0992.HK",2025-08-15,"HKD",10.720000267028809,10.890000343322754,10.380000114440918,10.819999694824219,10.582483291625977,162838616
"LENOVO","0992.HK",2025-08-18,"HKD",10.739999771118164,11.380000114440918,10.739999771118164,11.149999618530273,10.90523910522461,109337749
"LENOVO","0992.HK",2025-08-19,"HKD",11.100000381469727,11.100000381469727,10.930000305175781,10.979999542236328,10.738971710205078,59834733
"LENOVO","0992.HK",2025-08-20,"HKD",10.899999618530273,11.079999923706055,10.819999694824219,11,10.758532524108887,54728362
"LENOVO","0992.HK",2025-08-21,"HKD",11,11.09000015258789,10.800000190734863,10.970000267028809,10.729190826416016,56402534
"LENOVO","0992.HK",2025-08-22,"HKD",10.970000267028809,10.989999771118164,10.710000038146973,10.729999542236328,10.49445915222168,84522570
"LENOVO","0992.HK",2025-08-25,"HKD",10.829999923706055,11.279999732971191,10.829999923706055,11.170000076293945,10.924800872802734,107766388
"LENOVO","0992.HK",2025-08-26,"HKD",11.119999885559082,11.260000228881836,10.979999542236328,11.109999656677246,10.866117477416992,153414315
"LENOVO","0992.HK",2025-08-27,"HKD",11.100000381469727,11.329999923706055,10.960000038146973,11.039999961853027,10.797654151916504,84562284
"LENOVO","0992.HK",2025-08-28,"HKD",10.960000038146973,11.350000381469727,10.949999809265137,11.3100004196167,11.061727523803711,98582146
"LENOVO","0992.HK",2025-08-29,"HKD",11.25,11.270000457763672,11.029999732971191,11.079999923706055,10.836775779724121,80955271
"LENOVO","0992.HK",2025-09-01,"HKD",11.279999732971191,11.460000038146973,11.0600004196167,11.0600004196167,10.817215919494629,71443125
"LENOVO","0992.HK",2025-09-02,"HKD",11.039999961853027,11.220000267028809,10.90999984741211,10.949999809265137,10.709630012512207,58128342
"LENOVO","0992.HK",2025-09-03,"HKD",10.930000305175781,11.149999618530273,10.8100004196167,10.819999694824219,10.582483291625977,46687415
"LENOVO","0992.HK",2025-09-04,"HKD",10.979999542236328,11.109999656677246,10.59000015258789,10.640000343322754,10.406435012817383,79800387
"LENOVO","0992.HK",2025-09-05,"HKD",10.609999656677246,11.109999656677246,10.609999656677246,11,10.758532524108887,142222368
"LENOVO","0992.HK",2025-09-08,"HKD",10.989999771118164,11.069999694824219,10.539999961853027,10.670000076293945,10.435776710510254,118262635
"LENOVO","0992.HK",2025-09-09,"HKD",10.75,10.869999885559082,10.699999809265137,10.8100004196167,10.57270336151123,48697758
"LENOVO","0992.HK",2025-09-10,"HKD",10.869999885559082,11.329999923706055,10.869999885559082,11.3100004196167,11.061727523803711,97909134
"LENOVO","0992.HK",2025-09-11,"HKD",11.140000343322754,11.710000038146973,11.100000381469727,11.569999694824219,11.316019058227539,85648825
"LENOVO","0992.HK",2025-09-12,"HKD",11.75,11.869999885559082,11.670000076293945,11.829999923706055,11.570311546325684,101576384
"LENOVO","0992.HK",2025-09-15,"HKD",11.729999542236328,11.829999923706055,11.470000267028809,11.569999694824219,11.316019058227539,63316823
"LENOVO","0992.HK",2025-09-16,"HKD",11.649999618530273,11.760000228881836,11.420000076293945,11.699999809265137,11.44316577911377,56249760
"LENOVO","0992.HK",2025-09-17,"HKD",11.619999885559082,12.079999923706055,11.619999885559082,11.949999809265137,11.687678337097168,92624571
"LENOVO","0992.HK",2025-09-18,"HKD",11.850000381469727,12.199999809265137,11.770000457763672,11.90999984741211,11.64855670928955,83037724
"LENOVO","0992.HK",2025-09-19,"HKD",11.9399995803833,12.4399995803833,11.90999984741211,12.020000457763672,11.756142616271973,91880825
"LENOVO","0992.HK",2025-09-22,"HKD",11.979999542236328,12.229999542236328,11.8100004196167,12.199999809265137,11.93218994140625,79962300
"LENOVO","0992.HK",2025-09-23,"HKD",12.15999984741211,12.359999656677246,11.8100004196167,11.869999885559082,11.609435081481934,78726487
"LENOVO","0992.HK",2025-09-24,"HKD",11.819999694824219,12.289999961853027,11.630000114440918,12.039999961853027,11.775702476501465,67358245
"LENOVO","0992.HK",2025-09-25,"HKD",11.859999656677246,11.920000076293945,11.550000190734863,11.609999656677246,11.355141639709473,94336750
"LENOVO","0992.HK",2025-09-26,"HKD",11.65999984741211,11.699999809265137,11.430000305175781,11.510000228881836,11.25733757019043,59547146
"LENOVO","0992.HK",2025-09-29,"HKD",11.5,11.670000076293945,11.430000305175781,11.539999961853027,11.286678314208984,41634874
"LENOVO","0992.HK",2025-09-30,"HKD",11.520000457763672,11.619999885559082,11.449999809265137,11.550000190734863,11.296459197998047,54699866
"LENOVO","0992.HK",2025-10-02,"HKD",11.720000267028809,11.859999656677246,11.630000114440918,11.800000190734863,11.540971755981445,38967585
"LENOVO","0992.HK",2025-10-03,"HKD",11.699999809265137,11.789999961853027,11.59000015258789,11.770000457763672,11.511630058288574,17994975
"LENOVO","0992.HK",2025-10-06,"HKD",11.600000381469727,11.6899995803833,11.40999984741211,11.510000228881836,11.25733757019043,27727073
"LENOVO","0992.HK",2025-10-08,"HKD",11.489999771118164,12,11.489999771118164,11.710000038146973,11.452946662902832,78516623
"LENOVO","0992.HK",2025-10-09,"HKD",11.859999656677246,12.930000305175781,11.800000190734863,12.5600004196167,12.28428840637207,227308317
"LENOVO","0992.HK",2025-10-10,"HKD",12.539999961853027,12.90999984741211,12.210000038146973,12.239999771118164,11.971312522888184,106484405
"LENOVO","0992.HK",2025-10-13,"HKD",11.800000190734863,11.899999618530273,11.420000076293945,11.770000457763672,11.511630058288574,155945020
"LENOVO","0992.HK",2025-10-14,"HKD",11.75,11.90999984741211,11.199999809265137,11.300000190734863,11.051946640014648,119671096
"LENOVO","0992.HK",2025-10-15,"HKD",11.350000381469727,11.680000305175781,11.270000457763672,11.619999885559082,11.364922523498535,66716286
"LENOVO","0992.HK",2025-10-16,"HKD",11.420000076293945,11.5600004196167,11.420000076293945,11.510000228881836,11.25733757019043,64109305
"LENOVO","0992.HK",2025-10-17,"HKD",11.5,11.619999885559082,11.119999885559082,11.15999984741211,10.915019035339355,102119657
"LENOVO","0992.HK",2025-10-20,"HKD",11.460000038146973,11.5,11.300000190734863,11.34000015258789,11.091068267822266,36420579
"LENOVO","0992.HK",2025-10-21,"HKD",11.479999542236328,11.729999542236328,11.460000038146973,11.510000228881836,11.25733757019043,50092329
"LENOVO","0992.HK",2025-10-22,"HKD",11.510000228881836,11.510000228881836,11.109999656677246,11.170000076293945,10.924800872802734,52550056
"LENOVO","0992.HK",2025-10-23,"HKD",11.109999656677246,11.329999923706055,11,11.260000228881836,11.012825012207031,46542056
"LENOVO","0992.HK",2025-10-24,"HKD",11.489999771118164,11.59000015258789,11.430000305175781,11.520000457763672,11.267117500305176,48716880
"LENOVO","0992.HK",2025-10-27,"HKD",11.760000228881836,11.770000457763672,11.4399995803833,11.699999809265137,11.44316577911377,57433497
"LENOVO","0992.HK",2025-10-28,"HKD",11.819999694824219,11.899999618530273,11.5,11.550000190734863,11.296459197998047,70489320
"LENOVO","0992.HK",2025-10-30,"HKD",11.680000305175781,11.779999732971191,11.40999984741211,11.520000457763672,11.267117500305176,59386522
"LENOVO","0992.HK",2025-10-31,"HKD",11.550000190734863,11.550000190734863,11.329999923706055,11.359999656677246,11.11063003540039,74080324
"LENOVO","0992.HK",2025-11-03,"HKD",11.510000228881836,11.5600004196167,11.300000190734863,11.479999542236328,11.227994918823242,43789465
"LENOVO","0992.HK",2025-11-04,"HKD",11.40999984741211,11.529999732971191,11.279999732971191,11.34000015258789,11.091068267822266,53139648
"LENOVO","0992.HK",2025-11-05,"HKD",11.180000305175781,11.210000038146973,10.930000305175781,11.15999984741211,10.915019035339355,65930400
"LENOVO","0992.HK",2025-11-06,"HKD",11.25,11.319999694824219,11.130000114440918,11.270000457763672,11.022605895996094,49655013
"LENOVO","0992.HK",2025-11-07,"HKD",11.270000457763672,11.329999923706055,11.0600004196167,11.119999885559082,10.875897407531738,57605497
"LENOVO","0992.HK",2025-11-10,"HKD",11.1899995803833,11.25,10.880000114440918,10.989999771118164,10.748751640319824,76206027
"LENOVO","0992.HK",2025-11-11,"HKD",11.029999732971191,11.100000381469727,10.770000457763672,10.850000381469727,10.611824989318848,80274758
"LENOVO","0992.HK",2025-11-12,"HKD",10.970000267028809,11.029999732971191,10.770000457763672,10.989999771118164,10.748751640319824,50432638
"LENOVO","0992.HK",2025-11-13,"HKD",10.920000076293945,10.920000076293945,10.739999771118164,10.859999656677246,10.621604919433594,54732583
"LENOVO","0992.HK",2025-11-14,"HKD",10.649999618530273,10.649999618530273,10.460000038146973,10.5,10.269508361816406,95454871
"LENOVO","0992.HK",2025-11-17,"HKD",10.350000381469727,10.359999656677246,10.029999732971191,10.09000015258789,9.868508338928223,148650594
"LENOVO","0992.HK",2025-11-18,"HKD",10.020000457763672,10.020000457763672,9.619999885559082,9.670000076293945,9.457727432250977,308972827
"LENOVO","0992.HK",2025-11-19,"HKD",9.670000076293945,9.6899995803833,9.630000114440918,9.630000114440918,9.41860580444336,169293852
"LENOVO","0992.HK",2025-11-20,"HKD",9.869999885559082,9.949999809265137,9.640000343322754,9.720000267028809,9.506629943847656,120812912
"LENOVO","0992.HK",2025-11-21,"HKD",9.239999771118164,9.859999656677246,9.140000343322754,9.680000305175781,9.467508316040039,203639579
"LENOVO","0992.HK",2025-11-24,"HKD",9.779999732971191,9.800000190734863,9.640000343322754,9.739999771118164,9.526190757751465,206123608
"LENOVO","0992.HK",2025-11-25,"HKD",9.770000457763672,9.90999984741211,9.65999984741211,9.770000457763672,9.555533409118652,122983173
"LENOVO","0992.HK",2025-11-26,"HKD",9.890000343322754,9.890000343322754,9.640000343322754,9.6899995803833,9.477289199829102,63542427
"LENOVO","0992.HK",2025-11-27,"HKD",9.75,9.869999885559082,9.699999809265137,9.770000457763672,9.555533409118652,61292706
"LENOVO","0992.HK",2025-11-28,"HKD",9.819999694824219,9.819999694824219,9.649999618530273,9.680000305175781,9.467508316040039,86167017
"LENOVO","0992.HK",2025-12-01,"HKD",9.710000038146973,9.779999732971191,9.649999618530273,9.739999771118164,9.526190757751465,56896898
"LENOVO","0992.HK",2025-12-02,"HKD",9.8100004196167,9.949999809265137,9.699999809265137,9.949999809265137,9.731581687927246,73753347
"LENOVO","0992.HK",2025-12-03,"HKD",9.859999656677246,9.90999984741211,9.75,9.850000381469727,9.633776664733887,81162628
"LENOVO","0992.HK",2025-12-04,"HKD",9.84000015258789,9.970000267028809,9.8100004196167,9.90999984741211,9.692460060119629,54073760
"LENOVO","0992.HK",2025-12-05,"HKD",9.970000267028809,10.029999732971191,9.850000381469727,10.029999732971191,9.80982494354248,80598001
"LENOVO","0992.HK",2025-12-08,"HKD",9.960000038146973,10.050000190734863,9.880000114440918,9.949999809265137,9.731581687927246,45248048
"LENOVO","0992.HK",2025-12-09,"HKD",9.989999771118164,9.989999771118164,9.760000228881836,9.800000190734863,9.584875106811523,79559510
"LENOVO","0992.HK",2025-12-10,"HKD",9.75,9.859999656677246,9.59000015258789,9.720000267028809,9.589807510375977,105965806
"LENOVO","0992.HK",2025-12-11,"HKD",9.720000267028809,9.770000457763672,9.40999984741211,9.460000038146973,9.333290100097656,130565238
"LENOVO","0992.HK",2025-12-12,"HKD",9.5600004196167,9.699999809265137,9.479999542236328,9.699999809265137,9.570075035095215,96326857
"LENOVO","0992.HK",2025-12-15,"HKD",9.619999885559082,9.670000076293945,9.539999961853027,9.5600004196167,9.431950569152832,70858412
"LENOVO","0992.HK",2025-12-16,"HKD",9.520000457763672,9.670000076293945,9.430000305175781,9.65999984741211,9.530611038208008,103118058
"LENOVO","0992.HK",2025-12-17,"HKD",9.649999618530273,9.649999618530273,9.510000228881836,9.579999923706055,9.451682090759277,81239151
"LENOVO","0992.HK",2025-12-18,"HKD",9.510000228881836,9.510000228881836,9.229999542236328,9.399999618530273,9.274093627929688,109689235
"LENOVO","0992.HK",2025-12-19,"HKD",9.399999618530273,9.40999984741211,9.229999542236328,9.279999732971191,9.15570068359375,111664623
"LENOVO","0992.HK",2025-12-22,"HKD",9.34000015258789,9.369999885559082,9.149999618530273,9.270000457763672,9.145834922790527,83690687
"LENOVO","0992.HK",2025-12-23,"HKD",9.270000457763672,9.40999984741211,9.270000457763672,9.350000381469727,9.224763870239258,50993080
"LENOVO","0992.HK",2025-12-24,"HKD",9.319999694824219,9.319999694824219,9.319999694824219,9.319999694824219,9.195164680480957,0
"LENOVO","0992.HK",2025-12-29,"HKD",9.34000015258789,9.479999542236328,9.229999542236328,9.239999771118164,9.116236686706543,55819434
"LENOVO","0992.HK",2025-12-30,"HKD",9.239999771118164,9.329999923706055,9.170000076293945,9.3100004196167,9.18529987335205,51510327
"LENOVO","0992.HK",2025-12-31,"HKD",9.260000228881836,9.260000228881836,9.260000228881836,9.260000228881836,9.135969161987305,0
"LENOVO","0992.HK",2026-01-02,"HKD",9.369999885559082,9.569999694824219,9.3100004196167,9.550000190734863,9.42208480834961,46952007
"LENOVO","0992.HK",2026-01-05,"HKD",9.600000381469727,9.9399995803833,9.5,9.550000190734863,9.42208480834961,126261604
"LENOVO","0992.HK",2026-01-06,"HKD",9.550000190734863,9.640000343322754,9.380000114440918,9.40999984741211,9.28395938873291,104864037
"LENOVO","0992.HK",2026-01-07,"HKD",9.40999984741211,9.539999961853027,9.210000038146973,9.300000190734863,9.175433158874512,134129825
"LENOVO","0992.HK",2026-01-08,"HKD",9.319999694824219,9.319999694824219,8.65999984741211,8.779999732971191,8.662397384643555,339197426
"LENOVO","0992.HK",2026-01-09,"HKD",8.779999732971191,9.010000228881836,8.6899995803833,8.989999771118164,8.869585037231445,169558211
"LENOVO","0992.HK",2026-01-12,"HKD",8.989999771118164,9.020000457763672,8.6899995803833,8.989999771118164,8.869585037231445,184717711
"LENOVO","0992.HK",2026-01-13,"HKD",9.210000038146973,9.319999694824219,8.899999618530273,8.949999809265137,8.830121040344238,124276606
"LENOVO","0992.HK",2026-01-14,"HKD",8.949999809265137,9.09000015258789,8.850000381469727,9,8.879451751708984,111060781
"LENOVO","0992.HK",2026-01-15,"HKD",8.970000267028809,9.069999694824219,8.869999885559082,9.020000457763672,8.899184226989746,87478765
"LENOVO","0992.HK",2026-01-16,"HKD",9.020000457763672,9.119999885559082,8.859999656677246,8.880000114440918,8.761058807373047,104329553
"LENOVO","0992.HK",2026-01-19,"HKD",8.880000114440918,8.9399995803833,8.760000228881836,8.920000076293945,8.800522804260254,78004488
"LENOVO","0992.HK",2026-01-20,"HKD",8.899999618530273,9,8.819999694824219,8.859999656677246,8.741326332092285,74200484
"LENOVO","0992.HK",2026-01-21,"HKD",8.770000457763672,8.770000457763672,8.520000457763672,8.649999618530273,8.534138679504395,201330860
"LENOVO","0992.HK",2026-01-22,"HKD",8.670000076293945,8.779999732971191,8.529999732971191,8.640000343322754,8.524273872375488,84658503
"LENOVO","0992.HK",2026-01-23,"HKD",8.649999618530273,8.850000381469727,8.630000114440918,8.84000015258789,8.72159481048584,79858437
"LENOVO","0992.HK",2026-01-26,"HKD",8.819999694824219,8.850000381469727,8.630000114440918,8.720000267028809,8.603201866149902,78081518
"LENOVO","0992.HK",2026-01-27,"HKD",8.720000267028809,8.90999984741211,8.65999984741211,8.880000114440918,8.761058807373047,94213049
"LENOVO","0992.HK",2026-01-28,"HKD",8.970000267028809,9.119999885559082,8.90999984741211,9.069999694824219,8.94851303100586,122144817
"LENOVO","0992.HK",2026-01-29,"HKD",9.010000228881836,9.109999656677246,8.899999618530273,9.050000190734863,8.928781509399414,93469961
"LENOVO","0992.HK",2026-01-30,"HKD",9.050000190734863,9.09000015258789,8.859999656677246,8.880000114440918,8.761058807373047,69742234
"LENOVO","0992.HK",2026-02-02,"HKD",8.880000114440918,9.0600004196167,8.779999732971191,9.039999961853027,8.918915748596191,100735463
"LENOVO","0992.HK",2026-02-03,"HKD",9.09000015258789,9.180000305175781,8.899999618530273,9.180000305175781,9.057040214538574,95058809
"LENOVO","0992.HK",2026-02-04,"HKD",9.119999885559082,9.149999618530273,8.930000305175781,8.979999542236328,8.859718322753906,82905586
"LENOVO","0992.HK",2026-02-05,"HKD",9.079999923706055,9.319999694824219,9,9.3100004196167,9.18529987335205,125063225
"LENOVO","0992.HK",2026-02-06,"HKD",9.109999656677246,9.289999961853027,9.09000015258789,9.25,9.126102447509766,78121916
"LENOVO","0992.HK",2026-02-09,"HKD",9.399999618530273,9.420000076293945,9.140000343322754,9.1899995803833,9.066905975341797,76592460
"LENOVO","0992.HK",2026-02-10,"HKD",9.279999732971191,9.449999809265137,9.220000267028809,9.350000381469727,9.224763870239258,114891610
"LENOVO","0992.HK",2026-02-11,"HKD",9.399999618530273,9.489999771118164,9.34000015258789,9.430000305175781,9.303691864013672,81700091
"LENOVO","0992.HK",2026-02-12,"HKD",9.399999618530273,9.430000305175781,8.84000015258789,9,8.879451751708984,249587998
"LENOVO","0992.HK",2026-02-13,"HKD",9.010000228881836,9.34000015258789,8.930000305175781,9.260000228881836,9.135969161987305,156698350
"LENOVO","0992.HK",2026-02-16,"HKD",9.25,9.25,9.25,9.25,9.126102447509766,0
"LENOVO","0992.HK",2026-02-20,"HKD",9.289999961853027,9.430000305175781,9.0600004196167,9.220000267028809,9.096505165100098,95701765
"LENOVO","0992.HK",2026-02-23,"HKD",9.260000228881836,9.510000228881836,9.260000228881836,9.369999885559082,9.244495391845703,94497236
"LENOVO","0992.HK",2026-02-24,"HKD",9.369999885559082,9.5600004196167,9.270000457763672,9.529999732971191,9.402352333068848,113364875
"LENOVO","0992.HK",2026-02-25,"HKD",9.59000015258789,9.640000343322754,9.449999809265137,9.579999923706055,9.451682090759277,88258391
"LENOVO","0992.HK",2026-02-26,"HKD",9.699999809265137,9.75,9.510000228881836,9.609999656677246,9.481280326843262,120338527
"LENOVO","0992.HK",2026-02-27,"HKD",9.609999656677246,9.729999542236328,9.5600004196167,9.729999542236328,9.5996732711792,106403066
"LENOVO","0992.HK",2026-03-02,"HKD",9.600000381469727,9.619999885559082,9.420000076293945,9.470000267028809,9.343155860900879,94875986
"LENOVO","0992.HK",2026-03-03,"HKD",9.5600004196167,9.710000038146973,9.329999923706055,9.369999885559082,9.244495391845703,96610421
"LENOVO","0992.HK",2026-03-04,"HKD",9.260000228881836,9.329999923706055,9.0600004196167,9.239999771118164,9.116236686706543,94450419
"LENOVO","0992.HK",2026-03-05,"HKD",9.369999885559082,9.449999809265137,9.1899995803833,9.220000267028809,9.096505165100098,70648483
"LENOVO","0992.HK",2026-03-06,"HKD",9.149999618530273,9.470000267028809,9.140000343322754,9.40999984741211,9.28395938873291,142986119
"LENOVO","0992.HK",2026-03-09,"HKD",9.100000381469727,9.199999809265137,9.039999961853027,9.119999885559082,8.997843742370605,119131673
"LENOVO","0992.HK",2026-03-10,"HKD",9.319999694824219,9.470000267028809,9.279999732971191,9.460000038146973,9.333290100097656,93020192
"LENOVO","0992.HK",2026-03-11,"HKD",9.460000038146973,9.770000457763672,9.430000305175781,9.649999618530273,9.520744323730469,82617913
"LENOVO","0992.HK",2026-03-12,"HKD",9.539999961853027,9.649999618530273,9.399999618530273,9.5600004196167,9.431950569152832,48412160
"LENOVO","0992.HK",2026-03-13,"HKD",9.5,9.510000228881836,9.319999694824219,9.369999885559082,9.244495391845703,42062132
"LENOVO","0992.HK",2026-03-16,"HKD",9.34000015258789,9.550000190734863,9.270000457763672,9.539999961853027,9.41221809387207,45018671
"LENOVO","0992.HK",2026-03-17,"HKD",9.550000190734863,9.729999542236328,9.449999809265137,9.489999771118164,9.36288833618164,48646782
"LENOVO","0992.HK",2026-03-18,"HKD",9.550000190734863,9.670000076293945,9.520000457763672,9.609999656677246,9.481280326843262,54908927
"LENOVO","0992.HK",2026-03-19,"HKD",9.4399995803833,9.569999694824219,9.289999961853027,9.369999885559082,9.244495391845703,97626063
"LENOVO","0992.HK",2026-03-20,"HKD",9.430000305175781,9.579999923706055,9.170000076293945,9.239999771118164,9.116236686706543,86492442
"LENOVO","0992.HK",2026-03-23,"HKD",9.119999885559082,9.140000343322754,8.770000457763672,8.859999656677246,8.741326332092285,113721829
"LENOVO","0992.HK",2026-03-24,"HKD",8.9399995803833,9.260000228881836,8.850000381469727,9.239999771118164,9.116236686706543,73402897
"LENOVO","0992.HK",2026-03-25,"HKD",9.5,9.579999923706055,9.300000190734863,9.390000343322754,9.264227867126465,54472176
"LENOVO","0992.HK",2026-03-26,"HKD",9.399999618530273,9.550000190734863,9.3100004196167,9.369999885559082,9.244495391845703,66143500
"LENOVO","0992.HK",2026-03-27,"HKD",9.300000190734863,9.479999542236328,9.220000267028809,9.399999618530273,9.274093627929688,41100280
"LENOVO","0992.HK",2026-03-30,"HKD",9.100000381469727,9.289999961853027,9.039999961853027,9.229999542236328,9.106369972229004,69799163
"LENOVO","0992.HK",2026-03-31,"HKD",9.180000305175781,9.279999732971191,9.029999732971191,9.149999618530273,9.02744197845459,53640234
"LENOVO","0992.HK",2026-04-01,"HKD",9.380000114440918,9.529999732971191,9.260000228881836,9.5,9.372754096984863,66075662
"LENOVO","0992.HK",2026-04-02,"HKD",9.430000305175781,9.699999809265137,9.270000457763672,9.6899995803833,9.560209274291992,111542468
"LENOVO","0992.HK",2026-04-08,"HKD",9.880000114440918,10.229999542236328,9.800000190734863,10.119999885559082,9.98444938659668,175197166
"LENOVO","0992.HK",2026-04-09,"HKD",10.039999961853027,10.039999961853027,9.8100004196167,9.880000114440918,9.747664451599121,66670148
"LENOVO","0992.HK",2026-04-10,"HKD",10.109999656677246,10.180000305175781,9.989999771118164,10.109999656677246,9.974583625793457,85668128
"LENOVO","0992.HK",2026-04-13,"HKD",10,10.149999618530273,9.899999618530273,10.069999694824219,9.935118675231934,70181632
"LENOVO","0992.HK",2026-04-14,"HKD",10.199999809265137,10.680000305175781,10.15999984741211,10.430000305175781,10.290297508239746,123112267
"LENOVO","0992.HK",2026-04-15,"HKD",10.59000015258789,10.649999618530273,10.359999656677246,10.579999923706055,10.438288688659668,87309658
"LENOVO","0992.HK",2026-04-16,"HKD",10.619999885559082,11.170000076293945,10.550000190734863,11.100000381469727,10.951323509216309,140651457
"LENOVO","0992.HK",2026-04-17,"HKD",11.100000381469727,11.430000305175781,11.020000457763672,11.300000190734863,11.14864444732666,146489868
"LENOVO","0992.HK",2026-04-20,"HKD",11.380000114440918,11.539999961853027,11.140000343322754,11.210000038146973,11.059849739074707,119008258
"LENOVO","0992.HK",2026-04-21,"HKD",11.210000038146973,11.229999542236328,10.920000076293945,11,10.852663040161133,86512464
"LENOVO","0992.HK",2026-04-22,"HKD",10.979999542236328,11.729999542236328,10.8100004196167,11.630000114440918,11.474224090576172,166145359
"LENOVO","0992.HK",2026-04-23,"HKD",11.670000076293945,11.829999923706055,11.489999771118164,11.640000343322754,11.484090805053711,83269158
"LENOVO","0992.HK",2026-04-24,"HKD",11.520000457763672,12.239999771118164,11.5,12,11.839268684387207,157212416
"LENOVO","0992.HK",2026-04-27,"HKD",11.899999618530273,12.270000457763672,11.899999618530273,12.119999885559082,11.957660675048828,90693006
"LENOVO","0992.HK",2026-04-28,"HKD",12.140000343322754,12.1899995803833,11.770000457763672,11.829999923706055,11.671545028686523,85376024
"LENOVO","0992.HK",2026-04-29,"HKD",11.930000305175781,12.069999694824219,11.779999732971191,11.859999656677246,11.701143264770508,77767179
"LENOVO","0992.HK",2026-04-30,"HKD",11.779999732971191,11.890000343322754,11.529999732971191,11.680000305175781,11.523554801940918,96391543
"LENOVO","0992.HK",2026-05-04,"HKD",11.680000305175781,11.949999809265137,11.5600004196167,11.630000114440918,11.474224090576172,64412293
"LENOVO","0992.HK",2026-05-05,"HKD",11.600000381469727,11.640000343322754,11.430000305175781,11.640000343322754,11.484090805053711,57623205
"LENOVO","0992.HK",2026-05-06,"HKD",11.800000190734863,12.470000267028809,11.770000457763672,12.149999618530273,11.987258911132812,139042563
"LENOVO","0992.HK",2026-05-07,"HKD",12.34000015258789,12.649999618530273,12.319999694824219,12.5600004196167,12.391768455505371,127583599
"LENOVO","0992.HK",2026-05-08,"HKD",12.3100004196167,12.630000114440918,12.300000190734863,12.539999961853027,12.372035026550293,70271090
"LENOVO","0992.HK",2026-05-11,"HKD",12.680000305175781,13.460000038146973,12.680000305175781,13.40999984741211,13.230381965637207,186320574
"LENOVO","0992.HK",2026-05-12,"HKD",13.319999694824219,13.319999694824219,12.8100004196167,12.949999809265137,12.776543617248535,99042047
"LENOVO","0992.HK",2026-05-13,"HKD",12.880000114440918,12.949999809265137,12.59000015258789,12.9399995803833,12.766677856445312,70228799
"LENOVO","0992.HK",2026-05-14,"HKD",13.220000267028809,13.380000114440918,12.850000381469727,13.0600004196167,12.88507080078125,105351571
"LENOVO","0992.HK",2026-05-15,"HKD",13.380000114440918,13.510000228881836,12.329999923706055,12.420000076293945,12.253643035888672,143730968
"LENOVO","0992.HK",2026-05-18,"HKD",12.3100004196167,12.670000076293945,12.199999809265137,12.630000114440918,12.460829734802246,88579923
"LENOVO","0992.HK",2026-05-19,"HKD",12.760000228881836,13.050000190734863,12.510000228881836,12.710000038146973,12.539758682250977,89800397
"LENOVO","0992.HK",2026-05-20,"HKD",12.779999732971191,13.210000038146973,12.670000076293945,13.199999809265137,13.023195266723633,122856668
"LENOVO","0992.HK",2026-05-21,"HKD",13.300000190734863,13.779999732971191,13.09000015258789,13.149999618530273,12.973864555358887,171995590
"LENOVO","0992.HK",2026-05-22,"HKD",13.789999961853027,15.819999694824219,13.789999961853027,15.75,15.539039611816406,549616546
"LENOVO","0992.HK",2026-05-26,"HKD",15.920000076293945,18.760000228881836,15.899999618530273,18.190000534057617,17.94635772705078,547530151
"LENOVO","0992.HK",2026-05-27,"HKD",19.110000610351562,19.729999542236328,18.559999465942383,19,18.745508193969727,358850276
"LENOVO","0992.HK",2026-05-28,"HKD",19,19.780000686645508,18.75,19.68000030517578,19.416400909423828,214889217
"LENOVO","0992.HK",2026-05-29,"HKD",22.6200008392334,25.700000762939453,22.6200008392334,24,23.678537368774414,721923899
"LENOVO","0992.HK",2026-06-01,"HKD",24,26.68000030517578,24,25.239999771118164,24.901927947998047,378473639
"LENOVO","0992.HK",2026-06-02,"HKD",25.959999084472656,27.420000076293945,25.68000030517578,26.579999923706055,26.223979949951172,303751687
"LENOVO","0992.HK",2026-06-03,"HKD",24.5,26.719999313354492,24.459999084472656,26.139999389648438,25.789873123168945,295766644
"LENOVO","0992.HK",2026-06-04,"HKD",24.81999969482422,25.540000915527344,24.520000457763672,25,24.665142059326172,253468499
"LENOVO","0992.HK",2026-06-05,"HKD",23.860000610351562,24.8799991607666,23.420000076293945,24.8799991607666,24.546749114990234,273998734
"LENOVO","0992.HK",2026-06-08,"HKD",23.600000381469727,25.31999969482422,23.299999237060547,24.559999465942383,24.231035232543945,213739732
"LENOVO","0992.HK",2026-06-09,"HKD",24.559999465942383,26.239999771118164,24.020000457763672,25.3799991607666,25.04005241394043,187239719
"LENOVO","0992.HK",2026-06-10,"HKD",24.739999771118164,24.84000015258789,22.600000381469727,23,22.691930770874023,252718353
"LENOVO","0992.HK",2026-06-11,"HKD",23,23.260000228881836,22.299999237060547,22.8799991607666,22.573537826538086,144714354
"LENOVO","0992.HK",2026-06-12,"HKD",23.719999313354492,24.200000762939453,22.059999465942383,22.34000015258789,22.040771484375,180379870
"LENOVO","0992.HK",2026-06-15,"HKD",23.440000534057617,24.68000030517578,23.059999465942383,24.420000076293945,24.092910766601562,141941797
"LENOVO","0992.HK",2026-06-16,"HKD",24.719999313354492,25.8799991607666,24.399999618530273,25.459999084472656,25.118980407714844,113541639
"LENOVO","0992.HK",2026-06-17,"HKD",24.979999542236328,26.31999969482422,24.6200008392334,24.8799991607666,24.546749114990234,93305142
"LENOVO","0992.HK",2026-06-18,"HKD",24.8799991607666,24.8799991607666,23.579999923706055,23.780000686645508,23.461484909057617,163386346
"LENOVO","0992.HK",2026-06-22,"HKD",23.3799991607666,24.219999313354492,23.219999313354492,23.299999237060547,22.987911224365234,107536906
"LENOVO","0992.HK",2026-06-23,"HKD",23.299999237060547,23.68000030517578,22.139999389648438,22.280000686645508,21.98157501220703,145709122
"LENOVO","0992.HK",2026-06-24,"HKD",22.780000686645508,23.559999465942383,22.479999542236328,22.920000076293945,22.61300277709961,93908593
"LENOVO","0992.HK",2026-06-25,"HKD",24.059999465942383,24.420000076293945,22.700000762939453,23.979999542236328,23.658803939819336,139264126
"LENOVO","0992.HK",2026-06-26,"HKD",23.5,23.5,22.1200008392334,23.440000534057617,23.12603759765625,161578842
"LENOVO","0992.HK",2026-06-29,"HKD",23.18000030517578,23.399999618530273,20.760000228881836,21.280000686645508,20.994970321655273,162179333
"LENOVO","0992.HK",2026-06-30,"HKD",21.5,23.219999313354492,21.479999542236328,23.020000457763672,22.7116641998291,128716108
"LENOVO","0992.HK",2026-07-02,"HKD",22.219999313354492,22.84000015258789,21.6200008392334,22.020000457763672,21.72505760192871,118729796
"LENOVO","0992.HK",2026-07-03,"HKD",21.399999618530273,21.760000228881836,20.81999969482422,21.299999237060547,21.014699935913086,85627007
"LENOVO","0992.HK",2026-07-06,"HKD",21.280000686645508,21.34000015258789,20.059999465942383,20.459999084472656,20.185951232910156,129309907
"LENOVO","0992.HK",2026-07-07,"HKD",20.65999984741211,21.3799991607666,20.479999542236328,20.8799991607666,20.600326538085938,148555966
"LENOVO","0992.HK",2026-07-08,"HKD",21.799999237060547,22.959999084472656,21.6200008392334,22.31999969482422,22.021038055419922,194792583
"LENOVO","0992.HK",2026-07-09,"HKD",22.5,24.299999237060547,22.299999237060547,24.040000915527344,23.718002319335938,158772917
"LENOVO","0992.HK",2026-07-10,"HKD",26.15999984741211,26.239999771118164,24.440000534057617,24.479999542236328,24.15210723876953,179715047
"LENOVO","0992.HK",2026-07-13,"HKD",24.700000762939453,25.639999389648438,23.040000915527344,23.299999237060547,22.987911224365234,124912270
"LENOVO","0992.HK",2026-07-14,"HKD",23.420000076293945,23.6200008392334,22.139999389648438,23.15999984741211,22.849788665771484,102102884
"LENOVO","0992.HK",2026-07-15,"HKD",23.8799991607666,24.399999618530273,23.440000534057617,23.860000610351562,23.54041290283203,105164675
"LENOVO","0992.HK",2026-07-16,"HKD",23.079999923706055,23.299999237060547,22,22.260000228881836,21.961843490600586,110072414
"LENOVO","0992.HK",2026-07-17,"HKD",21.799999237060547,22.139999389648438,20.780000686645508,21.420000076293945,21.133094787597656,110176464
"LENOVO","0992.HK",2026-07-20,"HKD",22.020000457763672,22.6200008392334,21.15999984741211,21.420000076293945,21.133094787597656,86980084
"LENOVO","0992.HK",2026-07-21,"HKD",22.239999771118164,23.360000610351562,21.639999389648438,23.239999771118164,22.9287166595459,101499031
"LENOVO","0992.HK",2026-07-22,"HKD",24.15999984741211,24.81999969482422,23.65999984741211,24.100000381469727,23.777198791503906,169840870
"LENOVO","0992.HK",2026-07-23,"HKD",24.8799991607666,26.219999313354492,24.479999542236328,24.6200008392334,24.290233612060547,118679997
"LENOVO","0992.HK",2026-07-24,"HKD",24.5,24.860000610351562,24,24.34000015258789,24.01398277282715,75569105
"LENOVO","0992.HK",2026-07-27,"HKD",24.139999389648438,24.540000915527344,23.479999542236328,24.31999969482422,23.994251251220703,51104766
"LENOVO","0992.HK",2026-07-28,"HKD",23.860000610351562,24.219999313354492,22.920000076293945,23.420000076293945,23.106306076049805,109191170
"LENOVO","0992.HK",2026-07-29,"HKD",23,24.15999984741211,22.239999771118164,22.979999542236328,22.672199249267578,119342224
"LENOVO","0992.HK",2026-07-30,"HKD",22.899999618530273,22.940000534057617,21.399999618530273,21.739999771118164,21.448808670043945,109430401
"LENOVO","0992.HK",2026-07-31,"HKD",23.5,24.31999969482422,23.040000915527344,23.860000610351562,23.54041290283203,127494818
"LENOVO","0992.HK",2026-08-03,"HKD",23.8799991607666,24.780000686645508,23.559999465942383,24.739999771118164,24.40862464904785,76826724
"LENOVO","0992.HK",2026-08-04,"HKD",24.979999542236328,25.239999771118164,23.760000228881836,25.15999984741211,24.822999954223633,73854710
"LENOVO","0992.HK",2026-08-05,"HKD",25.700000762939453,26.899999618530273,25.139999389648438,26.280000686645508,26.280000686645508,135314427
"LENOVO","0992.HK",2026-08-06,"HKD",25.6200008392334,26.34000015258789,25.18000030517578,25.940000534057617,25.940000534057617,62996722
"LENOVO","0992.HK",2026-08-07,"HKD",26.1200008392334,28.139999389648438,25.34000015258789,28.100000381469727,28.100000381469727,118021162
"LENOVO","0992.HK",2026-08-10,"HKD",27.8799991607666,29.1200008392334,27.280000686645508,29,29,117515740
"LENOVO","0992.HK",2026-08-11,"HKD",29,29.3799991607666,28.360000610351562,28.540000915527344,28.540000915527344,93994513
"LENOVO","0992.HK",2026-08-12,"HKD",27.959999084472656,29.18000030517578,27.959999084472656,29.040000915527344,29.040000915527344,92827925
"LENOVO","0992.HK",2026-08-13,"HKD",29.959999084472656,35.459999084472656,29.600000381469727,34.900001525878906,34.900001525878906,358030791
"LENOVO","0992.HK",2026-08-14,"HKD",33.41999816894531,36.15999984741211,33.380001068115234,33.599998474121094,33.599998474121094,283554366
"LENOVO","0992.HK",2026-08-17,"HKD",34.47999954223633,34.939998626708984,32.959999084472656,33.02000045776367,33.02000045776367,128614814
"LENOVO","0992.HK",2026-08-18,"HKD",33.02000045776367,33.040000915527344,31.15999984741211,31.34000015258789,31.34000015258789,126506445
"LENOVO","0992.HK",2026-08-19,"HKD",30.600000381469727,31.479999542236328,29.600000381469727,30.1200008392334,30.1200008392334,133629195
"LENOVO","0992.HK",2026-08-20,"HKD",30.639999389648438,30.68000030517578,29.34000015258789,29.719999313354492,29.719999313354492,106313207
"LENOVO","0992.HK",2026-08-21,"HKD",29.600000381469727,30.520000457763672,29.280000686645508,29.780000686645508,29.780000686645508,79370532
"LENOVO","0992.HK",2026-08-24,"HKD",30.700000762939453,31.1200008392334,29.020000457763672,29.639999389648438,29.639999389648438,94515511
"LENOVO","0992.HK",2026-08-25,"HKD",29.059999465942383,30.860000610351562,28.799999237060547,30.799999237060547,30.799999237060547,156458501
"LENOVO","0992.HK",2026-08-26,"HKD",30.799999237060547,31.059999465942383,30.34000015258789,30.559999465942383,30.559999465942383,59783770
"LENOVO","0992.HK",2026-08-27,"HKD",31.100000381469727,31.280000686645508,30.34000015258789,30.719999313354492,30.719999313354492,83804495
"LENOVO","0992.HK",2026-08-28,"HKD",30.3799991607666,31,29.760000228881836,29.959999084472656,29.959999084472656,78606329
"LENOVO","0992.HK",2026-08-31,"HKD",29.100000381469727,30.139999389648438,29.100000381469727,30.040000915527344,30.040000915527344,109965925
"LENOVO","0992.HK",2026-09-01,"HKD",29.979999542236328,30.780000686645508,29.68000030517578,30.579999923706055,30.579999923706055,59040958
"LENOVO","0992.HK",2026-09-02,"HKD",31.200000762939453,31.200000762939453,29.559999465942383,30.600000381469727,30.600000381469727,80406143
"LENOVO","0992.HK",2026-09-03,"HKD",31.6200008392334,32.13999938964844,30.200000762939453,30.540000915527344,30.540000915527344,84505503
"LENOVO","0992.HK",2026-09-04,"HKD",31.520000457763672,32.68000030517578,31.399999618530273,32.400001525878906,32.400001525878906,155714533
"LENOVO","0992.HK",2026-09-07,"HKD",32.400001525878906,33.119998931884766,31.760000228881836,32.36000061035156,32.36000061035156,60978518
"LENOVO","0992.HK",2026-09-08,"HKD",31.899999618530273,32,28.6200008392334,30.360000610351562,30.360000610351562,118255780
"LENOVO","0992.HK",2026-09-09,"HKD",30.920000076293945,32.58000183105469,30.780000686645508,32.41999816894531,32.41999816894531,98772530
"LENOVO","0992.HK",2026-09-10,"HKD",32.31999969482422,32.400001525878906,31.700000762939453,32.2599983215332,32.2599983215332,55611359
"LENOVO","0992.HK",2026-09-11,"HKD",31.479999542236328,31.719999313354492,30.600000381469727,31.299999237060547,31.299999237060547,78226415
"LENOVO","0992.HK",2026-09-14,"HKD",31.799999237060547,33.040000915527344,31.31999969482422,32.13999938964844,32.13999938964844,84594530
"LENOVO","0992.HK",2026-09-15,"HKD",32.58000183105469,32.7400016784668,31,31.200000762939453,31.200000762939453,53242498
"LENOVO","0992.HK",2026-09-16,"HKD",31.899999618530273,34,31.639999389648438,33.79999923706055,33.79999923706055,106001594
"LENOVO","0992.HK",2026-09-17,"HKD",34,34.7400016784668,33.52000045776367,34.31999969482422,34.31999969482422,56955171
"LENOVO","0992.HK",2026-09-18,"HKD",34.400001525878906,37.880001068115234,34.400001525878906,37.58000183105469,37.58000183105469,151365631
"LENOVO","0992.HK",2026-09-21,"HKD",36.900001525878906,37.060001373291016,35.040000915527344,35.7400016784668,35.7400016784668,92038546
"LENOVO","0992.HK",2026-09-22,"HKD",35.91999816894531,37.220001220703125,35.63999938964844,36.7400016784668,36.7400016784668,71116533
"LENOVO","0992.HK",2026-09-23,"HKD",36.7599983215332,37.47999954223633,35.63999938964844,36.91999816894531,36.91999816894531,70393482
"LENOVO","0992.HK",2026-09-24,"HKD",36.5,36.68000030517578,35.41999816894531,36.02000045776367,36.02000045776367,54203272
"LENOVO","0992.HK",2026-09-25,"HKD",35.900001525878906,37.15999984741211,35.58000183105469,37.15999984741211,37.15999984741211,37149737
"LENOVO","0992.HK",2026-09-28,"HKD",37.15999984741211,37.29999923706055,35.279998779296875,35.5,35.5,54202578
"LENOVO","0992.HK",2026-09-29,"HKD",35.18000030517578,36,34.5,35.47999954223633,35.47999954223633,61456690
"LENOVO","0992.HK",2026-09-30,"HKD",35.380001068115234,35.68000030517578,34.36000061035156,34.540000915527344,34.540000915527344,61262842
"LENOVO","0992.HK",2026-10-02,"HKD",34.2400016784668,35.2400016784668,33.7400016784668,34.31999969482422,34.31999969482422,55548652
"LENOVO","0992.HK",2026-10-05,"HKD",34.79999923706055,36.5,34.7400016784668,35.91999816894531,35.91999816894531,47597145
"NDX","^NDX",2022-01-03,"USD",16395.509765625,16504.140625,16306.6396484375,16501.76953125,16501.76953125,4429960000
"NDX","^NDX",2022-01-04,"USD",16513.869140625,16513.869140625,16151.900390625,16279.73046875,16279.73046875,5131110000
"NDX","^NDX",2022-01-05,"USD",16190.5498046875,16249.23046875,15763.83984375,15771.7802734375,15771.7802734375,5031850000
"NDX","^NDX",2022-01-06,"USD",15675.2197265625,15900.599609375,15608.5703125,15765.3603515625,15765.3603515625,4790820000
"NDX","^NDX",2022-01-07,"USD",15774.1298828125,15835,15526.7998046875,15592.1904296875,15592.1904296875,4238070000
"NDX","^NDX",2022-01-10,"USD",15383.1796875,15627.919921875,15165.5302734375,15614.4296875,15614.4296875,5317180000
"NDX","^NDX",2022-01-11,"USD",15582.7197265625,15848.5595703125,15496.91015625,15844.1201171875,15844.1201171875,4390710000
"NDX","^NDX",2022-01-12,"USD",15955.48046875,16017.3896484375,15815.9501953125,15905.099609375,15905.099609375,4338530000
"NDX","^NDX",2022-01-13,"USD",15970.08984375,15990.3798828125,15468.08984375,15495.6201171875,15495.6201171875,4302020000
"NDX","^NDX",2022-01-14,"USD",15396.4697265625,15617.1796875,15396.4697265625,15611.58984375,15611.58984375,4374020000
"NDX","^NDX",2022-01-18,"USD",15378.0595703125,15446.2998046875,15182.9599609375,15210.759765625,15210.759765625,5060790000
"NDX","^NDX",2022-01-19,"USD",15287.25,15382,15038.4404296875,15047.83984375,15047.83984375,4665340000
"NDX","^NDX",2022-01-20,"USD",15176.3798828125,15347.6201171875,14832.6904296875,14846.4599609375,14846.4599609375,5102050000
"NDX","^NDX",2022-01-21,"USD",14728.66015625,14868.4501953125,14432.6396484375,14438.400390625,14438.400390625,5870830000
"NDX","^NDX",2022-01-24,"USD",14160.91015625,14532.5703125,13724.849609375,14509.580078125,14509.580078125,6998770000
"NDX","^NDX",2022-01-25,"USD",14237.599609375,14410.4296875,14033.8095703125,14149.1201171875,14149.1201171875,5019380000
"NDX","^NDX",2022-01-26,"USD",14492.51953125,14646.5400390625,14006.400390625,14172.759765625,14172.759765625,5771140000
"NDX","^NDX",2022-01-27,"USD",14346.4599609375,14419.4501953125,13972.8798828125,14003.1103515625,14003.1103515625,5177380000
"NDX","^NDX",2022-01-28,"USD",14091.3095703125,14457.7802734375,13880.48046875,14454.6103515625,14454.6103515625,4971930000
"NDX","^NDX",2022-01-31,"USD",14505.0703125,14934.51953125,14442.8798828125,14930.0498046875,14930.0498046875,5124940000
"NDX","^NDX",2022-02-01,"USD",14966.599609375,15034.419921875,14749.490234375,15019.6796875,15019.6796875,4671850000
"NDX","^NDX",2022-02-02,"USD",15173.0302734375,15196.400390625,14960.849609375,15139.740234375,15139.740234375,4673140000
"NDX","^NDX",2022-02-03,"USD",14693.849609375,14856.509765625,14471.2001953125,14501.1103515625,14501.1103515625,4326300000
"NDX","^NDX",2022-02-04,"USD",14566.2802734375,14832.0498046875,14452.2802734375,14694.349609375,14694.349609375,4121340000
"NDX","^NDX",2022-02-07,"USD",14716.4296875,14813.8603515625,14524.6298828125,14571.25,14571.25,4268730000
"NDX","^NDX",2022-02-08,"USD",14533.25,14785.2197265625,14485.7802734375,14747.0302734375,14747.0302734375,4293770000
"NDX","^NDX",2022-02-09,"USD",14930.990234375,15057.900390625,14870.3603515625,15056.9599609375,15056.9599609375,4729730000
"NDX","^NDX",2022-02-10,"USD",14770.6796875,15037.259765625,14636.6201171875,14705.6396484375,14705.6396484375,5212510000
"NDX","^NDX",2022-02-11,"USD",14739.4599609375,14769.6396484375,14194.5400390625,14253.83984375,14253.83984375,5237320000
"NDX","^NDX",2022-02-14,"USD",14233.400390625,14400.7802734375,14119.73046875,14268.58984375,14268.58984375,4347350000
"NDX","^NDX",2022-02-15,"USD",14482.1103515625,14624.5302734375,14444.4599609375,14620.8203125,14620.8203125,4416840000
"NDX","^NDX",2022-02-16,"USD",14514.83984375,14647.7900390625,14399.2900390625,14603.6396484375,14603.6396484375,4238560000
"NDX","^NDX",2022-02-17,"USD",14485.080078125,14497.4599609375,14155.4296875,14171.740234375,14171.740234375,4278370000
"NDX","^NDX",2022-02-18,"USD",14207.5498046875,14225.7197265625,13918.759765625,14009.5400390625,14009.5400390625,4501940000
"NDX","^NDX",2022-02-22,"USD",13892.8095703125,14109.259765625,13720.919921875,13870.5302734375,13870.5302734375,4849170000
"NDX","^NDX",2022-02-23,"USD",14016.9404296875,14035.9296875,13502.580078125,13509.4296875,13509.4296875,4639330000
"NDX","^NDX",2022-02-24,"USD",13065.4404296875,13989.099609375,13065.4404296875,13974.669921875,13974.669921875,6180200000
"NDX","^NDX",2022-02-25,"USD",13973.900390625,14193,13850.2900390625,14189.16015625,14189.16015625,4628720000
"NDX","^NDX",2022-02-28,"USD",14058.6103515625,14296.599609375,14009.3603515625,14237.8095703125,14237.8095703125,5928130000
"NDX","^NDX",2022-03-01,"USD",14197.66015625,14271.580078125,13906.919921875,14005.990234375,14005.990234375,6131350000
"NDX","^NDX",2022-03-02,"USD",14075.1103515625,14292.7197265625,13962.6904296875,14243.6904296875,14243.6904296875,5246390000
"NDX","^NDX",2022-03-03,"USD",14339.7001953125,14342.5595703125,13965.1103515625,14035.2099609375,14035.2099609375,5092580000
"NDX","^NDX",2022-03-04,"USD",13957.599609375,13992.9697265625,13738.6103515625,13837.830078125,13837.830078125,5343900000
"NDX","^NDX",2022-03-07,"USD",13853.5302734375,13879.099609375,13314.4404296875,13319.3798828125,13319.3798828125,6195370000
"NDX","^NDX",2022-03-08,"USD",13275.23046875,13663.26953125,13129.400390625,13267.6103515625,13267.6103515625,6683960000
"NDX","^NDX",2022-03-09,"USD",13610.48046875,13793.1103515625,13504.48046875,13742.2001953125,13742.2001953125,5396550000
"NDX","^NDX",2022-03-10,"USD",13577.83984375,13633.6904296875,13399.4599609375,13591,13591,5071250000
"NDX","^NDX",2022-03-11,"USD",13701.7998046875,13714.4404296875,13285.1904296875,13301.830078125,13301.830078125,5288210000
"NDX","^NDX",2022-03-14,"USD",13248.08984375,13386.669921875,13020.400390625,13046.6396484375,13046.6396484375,5876710000
"NDX","^NDX",2022-03-15,"USD",13174.9697265625,13488.1796875,13092.4501953125,13458.5595703125,13458.5595703125,5440100000
"NDX","^NDX",2022-03-16,"USD",13633.1201171875,13960.25,13475.08984375,13956.7900390625,13956.7900390625,6552210000
"NDX","^NDX",2022-03-17,"USD",13878.990234375,14125.669921875,13827.33984375,14118.599609375,14118.599609375,5612090000
"NDX","^NDX",2022-03-18,"USD",14061.2900390625,14427.4697265625,14014.4296875,14420.080078125,14420.080078125,8149290000
"NDX","^NDX",2022-03-21,"USD",14377.150390625,14470.6796875,14190.5302734375,14376.08984375,14376.08984375,5673940000
"NDX","^NDX",2022-03-22,"USD",14396.0302734375,14688.9697265625,14385.5498046875,14654.330078125,14654.330078125,5445100000
"NDX","^NDX",2022-03-23,"USD",14525.2197265625,14681.330078125,14446.0400390625,14447.5498046875,14447.5498046875,5024230000
"NDX","^NDX",2022-03-24,"USD",14529.7197265625,14767.73046875,14440.669921875,14765.6904296875,14765.6904296875,5149520000
"NDX","^NDX",2022-03-25,"USD",14766.900390625,14805.8798828125,14577.58984375,14754.3095703125,14754.3095703125,5585100000
"NDX","^NDX",2022-03-28,"USD",14763.16015625,14989.080078125,14705.919921875,14987.400390625,14987.400390625,5129500000
"NDX","^NDX",2022-03-29,"USD",15142.9296875,15265.419921875,15039.6103515625,15239.3203125,15239.3203125,6060890000
"NDX","^NDX",2022-03-30,"USD",15177.150390625,15229.009765625,15010.33984375,15071.5498046875,15071.5498046875,5479200000
"NDX","^NDX",2022-03-31,"USD",15074.23046875,15088.3798828125,14835.16015625,14838.490234375,14838.490234375,5453890000
"NDX","^NDX",2022-04-01,"USD",14886.91015625,14925.9296875,14723.830078125,14861.2099609375,14861.2099609375,5002790000
"NDX","^NDX",2022-04-04,"USD",14903.3798828125,15161.8896484375,14884.5703125,15159.580078125,15159.580078125,4630100000
"NDX","^NDX",2022-04-05,"USD",15109.26953125,15120.669921875,14782.5703125,14820.6396484375,14820.6396484375,4727710000
"NDX","^NDX",2022-04-06,"USD",14600.2998046875,14639.349609375,14395.400390625,14498.8896484375,14498.8896484375,5360420000
"NDX","^NDX",2022-04-07,"USD",14469.5,14624.240234375,14315.6904296875,14531.8095703125,14531.8095703125,4856090000
"NDX","^NDX",2022-04-08,"USD",14450.5302734375,14490.1904296875,14307.6796875,14327.259765625,14327.259765625,4574080000
"NDX","^NDX",2022-04-11,"USD",14149.599609375,14187.669921875,13979.1396484375,13990.2099609375,13990.2099609375,4946680000
"NDX","^NDX",2022-04-12,"USD",14175.66015625,14264.740234375,13882.75,13940.240234375,13940.240234375,4991720000
"NDX","^NDX",2022-04-13,"USD",13939.6103515625,14258.8095703125,13919.48046875,14217.2900390625,14217.2900390625,4909720000
"NDX","^NDX",2022-04-14,"USD",14225.4697265625,14235.3896484375,13884.8203125,13893.2099609375,13893.2099609375,4642240000
"NDX","^NDX",2022-04-18,"USD",13859.4697265625,13997.9296875,13788.9599609375,13910.759765625,13910.759765625,4365230000
"NDX","^NDX",2022-04-19,"USD",13882.75,14236.509765625,13844.740234375,14210.259765625,14210.259765625,4562840000
"NDX","^NDX",2022-04-20,"USD",14246.2001953125,14263.6103515625,13962.8603515625,13998.5302734375,13998.5302734375,4678930000
"NDX","^NDX",2022-04-21,"USD",14174.919921875,14277.2099609375,13682.6796875,13720.4501953125,13720.4501953125,5233110000
"NDX","^NDX",2022-04-22,"USD",13714.6298828125,13769.400390625,13342.7900390625,13356.8701171875,13356.8701171875,4475090000
"NDX","^NDX",2022-04-25,"USD",13275.41015625,13541.76953125,13239.73046875,13533.2197265625,13533.2197265625,4845160000
"NDX","^NDX",2022-04-26,"USD",13447.66015625,13447.66015625,13009.650390625,13009.7099609375,13009.7099609375,5168160000
"NDX","^NDX",2022-04-27,"USD",13009.400390625,13241.9404296875,12936.41015625,13003.3603515625,13003.3603515625,4810720000
"NDX","^NDX",2022-04-28,"USD",13254.9599609375,13542.5595703125,13038.169921875,13456.0595703125,13456.0595703125,5067150000
"NDX","^NDX",2022-04-29,"USD",13274.9404296875,13428.5302734375,12835.48046875,12854.7998046875,12854.7998046875,4733070000
"NDX","^NDX",2022-05-02,"USD",12864.830078125,13083.5703125,12716.6298828125,13075.849609375,13075.849609375,4918240000
"NDX","^NDX",2022-05-03,"USD",13045.349609375,13178.740234375,12982.7001953125,13089.900390625,13089.900390625,4547280000
"NDX","^NDX",2022-05-04,"USD",13110.2998046875,13556.669921875,12887.5302734375,13535.7099609375,13535.7099609375,5498050000
"NDX","^NDX",2022-05-05,"USD",13344.7900390625,13344.7900390625,12710.58984375,12850.5498046875,12850.5498046875,5308920000
"NDX","^NDX",2022-05-06,"USD",12776.8603515625,12926.580078125,12522.76953125,12693.5302734375,12693.5302734375,5324480000
"NDX","^NDX",2022-05-09,"USD",12465.91015625,12542.3203125,12136.1904296875,12187.7197265625,12187.7197265625,5939140000
"NDX","^NDX",2022-05-10,"USD",12496.83984375,12537.8896484375,12173.4697265625,12345.8603515625,12345.8603515625,6218260000
"NDX","^NDX",2022-05-11,"USD",12240.2099609375,12470.8896484375,11939.08984375,11967.5595703125,11967.5595703125,6152370000
"NDX","^NDX",2022-05-12,"USD",11790.1298828125,12128.73046875,11692.1201171875,11945.5,11945.5,6679470000
"NDX","^NDX",2022-05-13,"USD",12125.9296875,12429.2802734375,12069.1298828125,12387.400390625,12387.400390625,5894020000
"NDX","^NDX",2022-05-16,"USD",12297.0703125,12395.509765625,12196.2099609375,12243.580078125,12243.580078125,4930250000
"NDX","^NDX",2022-05-17,"USD",12496.6298828125,12572.990234375,12333.990234375,12564.099609375,12564.099609375,5093960000
"NDX","^NDX",2022-05-18,"USD",12352.919921875,12389.9599609375,11887,11928.3095703125,11928.3095703125,5064120000
"NDX","^NDX",2022-05-19,"USD",11872.5595703125,12066.849609375,11795.7900390625,11875.6298828125,11875.6298828125,5154410000
"NDX","^NDX",2022-05-20,"USD",12037.0302734375,12044.7001953125,11492.2900390625,11835.6201171875,11835.6201171875,5434370000
"NDX","^NDX",2022-05-23,"USD",11867.080078125,12047.8095703125,11785.759765625,12034.2802734375,12034.2802734375,4552200000
"NDX","^NDX",2022-05-24,"USD",11807.7802734375,11842.8095703125,11576.1103515625,11769.83984375,11769.83984375,4724430000
"NDX","^NDX",2022-05-25,"USD",11732.4501953125,12028.8896484375,11714.26953125,11943.9296875,11943.9296875,4519690000
"NDX","^NDX",2022-05-26,"USD",11906.830078125,12337.73046875,11901.8701171875,12276.7900390625,12276.7900390625,4672620000
"NDX","^NDX",2022-05-27,"USD",12421.7998046875,12682.580078125,12405.2900390625,12681.419921875,12681.419921875,4793900000
"NDX","^NDX",2022-05-31,"USD",12688.9501953125,12762.83984375,12482.3203125,12642.099609375,12642.099609375,6045500000
"NDX","^NDX",2022-06-01,"USD",12750.3095703125,12820.4697265625,12457.91015625,12548.3603515625,12548.3603515625,4719900000
"NDX","^NDX",2022-06-02,"USD",12498.6298828125,12897.6298828125,12447.76953125,12892.8896484375,12892.8896484375,4445840000
"NDX","^NDX",2022-06-03,"USD",12650.3798828125,12724.8095703125,12505.759765625,12548.0302734375,12548.0302734375,4130040000
"NDX","^NDX",2022-06-06,"USD",12745.8896484375,12804.4599609375,12534.580078125,12599.6298828125,12599.6298828125,4647010000
"NDX","^NDX",2022-06-07,"USD",12456.490234375,12737.2998046875,12413.5595703125,12711.6796875,12711.6796875,4411240000
"NDX","^NDX",2022-06-08,"USD",12682.8095703125,12776.650390625,12578.5498046875,12615.1298828125,12615.1298828125,4708980000
"NDX","^NDX",2022-06-09,"USD",12543.3701171875,12666.41015625,12265.8603515625,12269.7802734375,12269.7802734375,5408460000
"NDX","^NDX",2022-06-10,"USD",12052.58984375,12082.6904296875,11825.349609375,11832.8203125,11832.8203125,5152020000
"NDX","^NDX",2022-06-13,"USD",11472.1904296875,11568.650390625,11254.1904296875,11288.3203125,11288.3203125,5937320000
"NDX","^NDX",2022-06-14,"USD",11385.1796875,11418.2197265625,11205.919921875,11311.6904296875,11311.6904296875,4819890000
"NDX","^NDX",2022-06-15,"USD",11468.1298828125,11751.2900390625,11346.5400390625,11593.76953125,11593.76953125,5368500000
"NDX","^NDX",2022-06-16,"USD",11286.8701171875,11311.0498046875,11037.2099609375,11127.5703125,11127.5703125,5696630000
"NDX","^NDX",2022-06-17,"USD",11172.650390625,11357.9697265625,11089.9296875,11265.990234375,11265.990234375,7452830000
"NDX","^NDX",2022-06-21,"USD",11446.98046875,11638.4697265625,11446.98046875,11546.759765625,11546.759765625,5226260000
"NDX","^NDX",2022-06-22,"USD",11427.740234375,11708.080078125,11423.2001953125,11527.7099609375,11527.7099609375,5238180000
"NDX","^NDX",2022-06-23,"USD",11622.08984375,11729.6201171875,11515.48046875,11697.6796875,11697.6796875,5258200000
"NDX","^NDX",2022-06-24,"USD",11826.9501953125,12112.8203125,11812.1796875,12105.849609375,12105.849609375,9468130000
"NDX","^NDX",2022-06-27,"USD",12157.9296875,12175.98046875,11965.669921875,12008.240234375,12008.240234375,5047860000
"NDX","^NDX",2022-06-28,"USD",12021.33984375,12133.8701171875,11633.1298828125,11637.76953125,11637.76953125,5433220000
"NDX","^NDX",2022-06-29,"USD",11619.009765625,11710.2099609375,11537.7197265625,11658.259765625,11658.259765625,5650860000
"NDX","^NDX",2022-06-30,"USD",11532.3203125,11650.9599609375,11322.8603515625,11503.7197265625,11503.7197265625,5654520000
"NDX","^NDX",2022-07-01,"USD",11472.6298828125,11592.849609375,11378.6298828125,11585.6796875,11585.6796875,4865730000
"NDX","^NDX",2022-07-05,"USD",11419.33984375,11781.740234375,11366.0703125,11779.900390625,11779.900390625,5053570000
"NDX","^NDX",2022-07-06,"USD",11807.080078125,11941.3095703125,11727.3603515625,11852.58984375,11852.58984375,4851170000
"NDX","^NDX",2022-07-07,"USD",11913.73046875,12137.7099609375,11897.509765625,12109.0498046875,12109.0498046875,4685050000
"NDX","^NDX",2022-07-08,"USD",11977.9501953125,12179.3203125,11956.0302734375,12125.6904296875,12125.6904296875,4526570000
"NDX","^NDX",2022-07-11,"USD",12008.759765625,12026.0595703125,11830.8896484375,11860.2802734375,11860.2802734375,4362910000
"NDX","^NDX",2022-07-12,"USD",11926.83984375,11990.4404296875,11684.01953125,11744.990234375,11744.990234375,4317860000
"NDX","^NDX",2022-07-13,"USD",11523.91015625,11819.6904296875,11498.9599609375,11728.5302734375,11728.5302734375,4433060000
"NDX","^NDX",2022-07-14,"USD",11637.1796875,11801.1103515625,11488.26953125,11768.400390625,11768.400390625,4481070000
"NDX","^NDX",2022-07-15,"USD",11896.150390625,11987.51953125,11828.1298828125,11983.6201171875,11983.6201171875,4369060000
"NDX","^NDX",2022-07-18,"USD",12089.6796875,12156.08984375,11836.51953125,11877.5,11877.5,5057920000
"NDX","^NDX",2022-07-19,"USD",12046.6904296875,12258.3701171875,11967.919921875,12249.419921875,12249.419921875,5302740000
"NDX","^NDX",2022-07-20,"USD",12269.0703125,12488.3896484375,12232.2001953125,12439.6796875,12439.6796875,5467080000
"NDX","^NDX",2022-07-21,"USD",12466.1298828125,12620.5,12351.419921875,12619.41015625,12619.41015625,4680930000
"NDX","^NDX",2022-07-22,"USD",12575.759765625,12662.8603515625,12322.8203125,12396.4697265625,12396.4697265625,4721880000
"NDX","^NDX",2022-07-25,"USD",12391.2099609375,12415.58984375,12244.400390625,12328.41015625,12328.41015625,4346520000
"NDX","^NDX",2022-07-26,"USD",12248.2099609375,12259.009765625,12051.2099609375,12086.900390625,12086.900390625,4349760000
"NDX","^NDX",2022-07-27,"USD",12299.33984375,12660.76953125,12256.9404296875,12601.4697265625,12601.4697265625,4588480000
"NDX","^NDX",2022-07-28,"USD",12580.6103515625,12741.830078125,12433.5498046875,12717.8701171875,12717.8701171875,4924950000
"NDX","^NDX",2022-07-29,"USD",12784.2001953125,12986.6396484375,12726.25,12947.9697265625,12947.9697265625,4907410000
"NDX","^NDX",2022-08-01,"USD",12877.0400390625,13084.6103515625,12833.16015625,12940.7802734375,12940.7802734375,4396390000
"NDX","^NDX",2022-08-02,"USD",12853.0400390625,13073.26953125,12809.009765625,12901.599609375,12901.599609375,4792140000
"NDX","^NDX",2022-08-03,"USD",12983.580078125,13289.1904296875,12974.849609375,13253.259765625,13253.259765625,5667990000
"NDX","^NDX",2022-08-04,"USD",13253.76953125,13326.7197265625,13170.4404296875,13311.0400390625,13311.0400390625,5451470000
"NDX","^NDX",2022-08-05,"USD",13107.4501953125,13286.01953125,13070.3603515625,13207.6904296875,13207.6904296875,4911300000
"NDX","^NDX",2022-08-08,"USD",13227.08984375,13394.5400390625,13103.7998046875,13159.16015625,13159.16015625,5238600000
"NDX","^NDX",2022-08-09,"USD",13064.240234375,13095.7001953125,12945.599609375,13008.169921875,13008.169921875,5307340000
"NDX","^NDX",2022-08-10,"USD",13330.66015625,13386.849609375,13220.0498046875,13378.3203125,13378.3203125,5196210000
"NDX","^NDX",2022-08-11,"USD",13471.0302734375,13555.3798828125,13271.349609375,13291.990234375,13291.990234375,5815960000
"NDX","^NDX",2022-08-12,"USD",13384.650390625,13565.8701171875,13341.650390625,13565.8701171875,13565.8701171875,4782610000
"NDX","^NDX",2022-08-15,"USD",13529.66015625,13685.650390625,13524.5302734375,13667.1796875,13667.1796875,4476040000
"NDX","^NDX",2022-08-16,"USD",13617.66015625,13720.91015625,13508.4697265625,13635.2099609375,13635.2099609375,5028410000
"NDX","^NDX",2022-08-17,"USD",13499.240234375,13591.580078125,13389.8203125,13470.8603515625,13470.8603515625,5229520000
"NDX","^NDX",2022-08-18,"USD",13474.240234375,13553.2802734375,13405.740234375,13505.990234375,13505.990234375,4724350000
"NDX","^NDX",2022-08-19,"USD",13370.25,13402.6103515625,13210.8203125,13242.900390625,13242.900390625,4628170000
"NDX","^NDX",2022-08-22,"USD",13056.3896484375,13073.0703125,12859.8203125,12890.5400390625,12890.5400390625,4270980000
"NDX","^NDX",2022-08-23,"USD",12885.2802734375,13000.7099609375,12852.7001953125,12881.7900390625,12881.7900390625,3836180000
"NDX","^NDX",2022-08-24,"USD",12876.23046875,12995.1396484375,12843.580078125,12917.8603515625,12917.8603515625,3917170000
"NDX","^NDX",2022-08-25,"USD",12984.740234375,13146.83984375,12951.6103515625,13143.580078125,13143.580078125,4323470000
"NDX","^NDX",2022-08-26,"USD",13129.91015625,13175.25,12603.41015625,12605.169921875,12605.169921875,4530000000
"NDX","^NDX",2022-08-29,"USD",12488.4599609375,12594.33984375,12440.400390625,12484.3203125,12484.3203125,4209850000
"NDX","^NDX",2022-08-30,"USD",12562.400390625,12572.8798828125,12240.8203125,12342.7001953125,12342.7001953125,4681520000
"NDX","^NDX",2022-08-31,"USD",12448.0703125,12502.150390625,12268.080078125,12272.0302734375,12272.0302734375,4952010000
"NDX","^NDX",2022-09-01,"USD",12158.8798828125,12290.330078125,12012.98046875,12274.6201171875,12274.6201171875,4792890000
"NDX","^NDX",2022-09-02,"USD",12392.4599609375,12451.2802734375,12035.5302734375,12098.4404296875,12098.4404296875,4257410000
"NDX","^NDX",2022-09-06,"USD",12106.5703125,12152.419921875,11928.8095703125,12011.3095703125,12011.3095703125,4622940000
"NDX","^NDX",2022-09-07,"USD",12038.1796875,12298.1201171875,12026.98046875,12259.3896484375,12259.3896484375,4445640000
"NDX","^NDX",2022-09-08,"USD",12139.5703125,12374.1298828125,12120.259765625,12321.1904296875,12321.1904296875,4329910000
"NDX","^NDX",2022-09-09,"USD",12424.150390625,12610.4296875,12424.150390625,12588.2900390625,12588.2900390625,4401590000
"NDX","^NDX",2022-09-12,"USD",12649.23046875,12752.830078125,12639.759765625,12739.7197265625,12739.7197265625,4146680000
"NDX","^NDX",2022-09-13,"USD",12364.830078125,12420.009765625,12004.419921875,12033.6201171875,12033.6201171875,5188380000
"NDX","^NDX",2022-09-14,"USD",12092.0302734375,12170.25,12016.4296875,12134.400390625,12134.400390625,4861530000
"NDX","^NDX",2022-09-15,"USD",12034.4296875,12153.33984375,11867.8798828125,11927.490234375,11927.490234375,4805910000
"NDX","^NDX",2022-09-16,"USD",11775.9404296875,11875.08984375,11710.259765625,11861.3798828125,11861.3798828125,7451840000
"NDX","^NDX",2022-09-19,"USD",11753.599609375,11956.7900390625,11752.4296875,11953.26953125,11953.26953125,4168670000
"NDX","^NDX",2022-09-20,"USD",11855.83984375,11951.1298828125,11761.6904296875,11851.5400390625,11851.5400390625,4028100000
"NDX","^NDX",2022-09-21,"USD",11892.7197265625,12062.51953125,11636.25,11637.7900390625,11637.7900390625,4471000000
"NDX","^NDX",2022-09-22,"USD",11574.3203125,11617.990234375,11448.8603515625,11501.650390625,11501.650390625,4916470000
"NDX","^NDX",2022-09-23,"USD",11398.75,11402.41015625,11169.66015625,11311.240234375,11311.240234375,5134350000
"NDX","^NDX",2022-09-26,"USD",11283.1396484375,11473.3603515625,11235.740234375,11254.1103515625,11254.1103515625,4697730000
"NDX","^NDX",2022-09-27,"USD",11411.33984375,11502.3798828125,11175.2900390625,11271.75,11271.75,4445050000
"NDX","^NDX",2022-09-28,"USD",11258.740234375,11546.8701171875,11210.8095703125,11493.830078125,11493.830078125,4556100000
"NDX","^NDX",2022-09-29,"USD",11334.5703125,11339.91015625,11038.9404296875,11164.7802734375,11164.7802734375,4516630000
"NDX","^NDX",2022-09-30,"USD",11123.1103515625,11296.16015625,10966.9501953125,10971.2197265625,10971.2197265625,4649710000
"NDX","^NDX",2022-10-03,"USD",11059.169921875,11296.4296875,10985.009765625,11229.73046875,11229.73046875,4415440000
"NDX","^NDX",2022-10-04,"USD",11477.849609375,11609.25,11462.3701171875,11582.5400390625,11582.5400390625,5004780000
"NDX","^NDX",2022-10-05,"USD",11429.4697265625,11647.6201171875,11312.51953125,11573.1796875,11573.1796875,4091860000
"NDX","^NDX",2022-10-06,"USD",11556.400390625,11660.5498046875,11472.830078125,11485.5,11485.5,4423320000
"NDX","^NDX",2022-10-07,"USD",11272.4599609375,11293.650390625,10991.66015625,11039.4697265625,11039.4697265625,4634190000
"NDX","^NDX",2022-10-10,"USD",11048.509765625,11063.2099609375,10824.25,10926.9697265625,10926.9697265625,3989640000
"NDX","^NDX",2022-10-11,"USD",10865.3203125,10981.91015625,10716.330078125,10791.349609375,10791.349609375,4738840000
"NDX","^NDX",2022-10-12,"USD",10810.2998046875,10886.490234375,10754.849609375,10785.6201171875,10785.6201171875,4091030000
"NDX","^NDX",2022-10-13,"USD",10481.580078125,11087.66015625,10440.6396484375,11033.580078125,11033.580078125,5300080000
"NDX","^NDX",2022-10-14,"USD",11130.080078125,11152.8896484375,10677.48046875,10692.0595703125,10692.0595703125,4393000000
"NDX","^NDX",2022-10-17,"USD",10967.25,11090.8701171875,10959.740234375,11062.5302734375,11062.5302734375,4439190000
"NDX","^NDX",2022-10-18,"USD",11368.759765625,11374.3798828125,11035.7998046875,11147.740234375,11147.740234375,5047360000
"NDX","^NDX",2022-10-19,"USD",11081.8203125,11231.4599609375,11008.1103515625,11103.3798828125,11103.3798828125,4955090000
"NDX","^NDX",2022-10-20,"USD",11081.2197265625,11279.8095703125,11001.2802734375,11046.7099609375,11046.7099609375,4628010000
"NDX","^NDX",2022-10-21,"USD",10998.169921875,11327.76953125,10962.009765625,11310.330078125,11310.330078125,4706440000
"NDX","^NDX",2022-10-24,"USD",11321.1103515625,11468.1796875,11166.490234375,11430.259765625,11430.259765625,4808710000
"NDX","^NDX",2022-10-25,"USD",11482.8701171875,11681.849609375,11480.41015625,11669.990234375,11669.990234375,5141760000
"NDX","^NDX",2022-10-26,"USD",11409.7900390625,11657.0595703125,11388.33984375,11405.900390625,11405.900390625,5224440000
"NDX","^NDX",2022-10-27,"USD",11387.7099609375,11417.0400390625,11179.900390625,11191.6298828125,11191.6298828125,4773520000
"NDX","^NDX",2022-10-28,"USD",11176.990234375,11563.16015625,11176.990234375,11546.2099609375,11546.2099609375,4731940000
"NDX","^NDX",2022-10-31,"USD",11465.2099609375,11482.990234375,11331.259765625,11405.5703125,11405.5703125,4753740000
"NDX","^NDX",2022-11-01,"USD",11571.5302734375,11574.3896484375,11278.2802734375,11288.9501953125,11288.9501953125,4677520000
"NDX","^NDX",2022-11-02,"USD",11300.26953125,11410.91015625,10903.48046875,10906.33984375,10906.33984375,5436420000
"NDX","^NDX",2022-11-03,"USD",10769.4296875,10852.1796875,10680.830078125,10690.599609375,10690.599609375,5102190000
"NDX","^NDX",2022-11-04,"USD",10911.98046875,10934.6201171875,10632.3896484375,10857.0302734375,10857.0302734375,5453750000
"NDX","^NDX",2022-11-07,"USD",10900.830078125,11001.16015625,10817.58984375,10977,10977,4456690000
"NDX","^NDX",2022-11-08,"USD",11039.580078125,11191.900390625,10897.5302734375,11059.5,11059.5,5134500000
"NDX","^NDX",2022-11-09,"USD",10971.4296875,11012.66015625,10790.349609375,10797.5498046875,10797.5498046875,4977460000
"NDX","^NDX",2022-11-10,"USD",11350.419921875,11612.2001953125,11235.740234375,11605.9599609375,11605.9599609375,6433000000
"NDX","^NDX",2022-11-11,"USD",11604.3603515625,11840.0703125,11535.5595703125,11817.009765625,11817.009765625,5867750000
"NDX","^NDX",2022-11-14,"USD",11728.1103515625,11863.8203125,11669.099609375,11700.9404296875,11700.9404296875,5004060000
"NDX","^NDX",2022-11-15,"USD",12006.4501953125,12024.9501953125,11735.400390625,11871.150390625,11871.150390625,5617310000
"NDX","^NDX",2022-11-16,"USD",11767.419921875,11796.990234375,11673.1396484375,11699.08984375,11699.08984375,4585190000
"NDX","^NDX",2022-11-17,"USD",11521.6396484375,11737.6103515625,11519.3798828125,11676.8603515625,11676.8603515625,4354360000
"NDX","^NDX",2022-11-18,"USD",11791.849609375,11794.6796875,11579.6396484375,11677.01953125,11677.01953125,4175420000
"NDX","^NDX",2022-11-21,"USD",11623.349609375,11664.9404296875,11524.4404296875,11553.4501953125,11553.4501953125,3977130000
"NDX","^NDX",2022-11-22,"USD",11590.830078125,11731.759765625,11503.33984375,11724.83984375,11724.83984375,4186360000
"NDX","^NDX",2022-11-23,"USD",11725.080078125,11866.419921875,11722.009765625,11838.7197265625,11838.7197265625,4431530000
"NDX","^NDX",2022-11-25,"USD",11777.330078125,11803.91015625,11748.7900390625,11756.0302734375,11756.0302734375,2184080000
"NDX","^NDX",2022-11-28,"USD",11684.0703125,11764.830078125,11555.259765625,11587.75,11587.75,4271360000
"NDX","^NDX",2022-11-29,"USD",11590.2998046875,11613.330078125,11450.33984375,11503.4501953125,11503.4501953125,4592830000
"NDX","^NDX",2022-11-30,"USD",11505.740234375,12031.33984375,11481.8896484375,12030.0595703125,12030.0595703125,6653460000
"NDX","^NDX",2022-12-01,"USD",12030.240234375,12115.33984375,11928.66015625,12041.8896484375,12041.8896484375,5158120000
"NDX","^NDX",2022-12-02,"USD",11845.5302734375,12027.6201171875,11825.5302734375,11994.259765625,11994.259765625,4523010000
"NDX","^NDX",2022-12-05,"USD",11899.5400390625,11957.3603515625,11732.150390625,11786.7998046875,11786.7998046875,4510030000
"NDX","^NDX",2022-12-06,"USD",11775.2001953125,11790.9296875,11488.599609375,11549.6904296875,11549.6904296875,4713330000
"NDX","^NDX",2022-12-07,"USD",11490.990234375,11577.6904296875,11431.9599609375,11497.3896484375,11497.3896484375,4343860000
"NDX","^NDX",2022-12-08,"USD",11543.6796875,11672.1396484375,11470.6796875,11637.5,11637.5,4281800000
"NDX","^NDX",2022-12-09,"USD",11594.3798828125,11707.08984375,11550.3095703125,11563.330078125,11563.330078125,4337440000
"NDX","^NDX",2022-12-12,"USD",11572.259765625,11707.7099609375,11529.41015625,11706.4404296875,11706.4404296875,4829990000
"NDX","^NDX",2022-12-13,"USD",12141.240234375,12166.41015625,11724.900390625,11834.2099609375,11834.2099609375,6126890000
"NDX","^NDX",2022-12-14,"USD",11824.5400390625,11941.2802734375,11617.41015625,11740.919921875,11740.919921875,5485150000
"NDX","^NDX",2022-12-15,"USD",11573.3798828125,11591.330078125,11300.349609375,11345.2197265625,11345.2197265625,5536070000
"NDX","^NDX",2022-12-16,"USD",11313.6396484375,11383.3896484375,11175.5400390625,11243.7197265625,11243.7197265625,7968170000
"NDX","^NDX",2022-12-19,"USD",11243,11251.5703125,11029.76953125,11084.58984375,11084.58984375,4631820000
"NDX","^NDX",2022-12-20,"USD",11023.4697265625,11143.6201171875,10967.0703125,11072.419921875,11072.419921875,4707190000
"NDX","^NDX",2022-12-21,"USD",11110.650390625,11285.7802734375,11083.3603515625,11235.8798828125,11235.8798828125,4401420000
"NDX","^NDX",2022-12-22,"USD",11099.3603515625,11114.23046875,10784.01953125,10956.1396484375,10956.1396484375,5125070000
"NDX","^NDX",2022-12-23,"USD",10911.0400390625,11007.08984375,10830.900390625,10985.4501953125,10985.4501953125,3544680000
"NDX","^NDX",2022-12-27,"USD",10944.2998046875,10957.4404296875,10807.6103515625,10822.509765625,10822.509765625,3827290000
"NDX","^NDX",2022-12-28,"USD",10807.1201171875,10898.6396484375,10671.1904296875,10679.33984375,10679.33984375,3842970000
"NDX","^NDX",2022-12-29,"USD",10800.7998046875,10981.0595703125,10776.6201171875,10951.0498046875,10951.0498046875,4154100000
"NDX","^NDX",2022-12-30,"USD",10835.58984375,10942.900390625,10778.6396484375,10939.759765625,10939.759765625,3959030000
"NDX","^NDX",2023-01-03,"USD",11038.419921875,11093.099609375,10770.9296875,10862.6396484375,10862.6396484375,4780650000
"NDX","^NDX",2023-01-04,"USD",10949.33984375,10981.4599609375,10785.5302734375,10914.7998046875,10914.7998046875,5085380000
"NDX","^NDX",2023-01-05,"USD",10837.25,10842.330078125,10728.259765625,10741.2197265625,10741.2197265625,4764270000
"NDX","^NDX",2023-01-06,"USD",10807.4599609375,11082.58984375,10696.419921875,11040.349609375,11040.349609375,5199780000
"NDX","^NDX",2023-01-09,"USD",11133.0703125,11304.83984375,11085.3203125,11108.4501953125,11108.4501953125,5132190000
"NDX","^NDX",2023-01-10,"USD",11069.0498046875,11207.5595703125,11050.6796875,11205.7802734375,11205.7802734375,4710680000
"NDX","^NDX",2023-01-11,"USD",11259.16015625,11403.8896484375,11220.75,11402.51953125,11402.51953125,5284390000
"NDX","^NDX",2023-01-12,"USD",11441.4501953125,11500.8603515625,11246.01953125,11459.6103515625,11459.6103515625,5681240000
"NDX","^NDX",2023-01-13,"USD",11362.1298828125,11547.9599609375,11347.599609375,11541.48046875,11541.48046875,5077990000
"NDX","^NDX",2023-01-17,"USD",11531.5400390625,11615.9501953125,11484.01953125,11557.1904296875,11557.1904296875,5138410000
"NDX","^NDX",2023-01-18,"USD",11636.6103515625,11690.26953125,11403.3095703125,11410.2900390625,11410.2900390625,5288630000
"NDX","^NDX",2023-01-19,"USD",11345.1904296875,11388.4599609375,11251.9404296875,11295.669921875,11295.669921875,4660800000
"NDX","^NDX",2023-01-20,"USD",11363.849609375,11623.2001953125,11329.5400390625,11619.0302734375,11619.0302734375,5980110000
"NDX","^NDX",2023-01-23,"USD",11652,11918.8603515625,11617.830078125,11872.5400390625,11872.5400390625,5997810000
"NDX","^NDX",2023-01-24,"USD",11802.9501953125,11889.3701171875,11780.0703125,11846.6396484375,11846.6396484375,5670860000
"NDX","^NDX",2023-01-25,"USD",11636.009765625,11841.8095703125,11550.0703125,11814.6904296875,11814.6904296875,5485570000
"NDX","^NDX",2023-01-26,"USD",11972.5703125,12055.8095703125,11853.3701171875,12051.48046875,12051.48046875,5732890000
"NDX","^NDX",2023-01-27,"USD",12000.2099609375,12248.150390625,11999.8701171875,12166.599609375,12166.599609375,6243800000
"NDX","^NDX",2023-01-30,"USD",12047.16015625,12087.6796875,11906.1103515625,11912.3896484375,11912.3896484375,5122320000
"NDX","^NDX",2023-01-31,"USD",11915.9404296875,12104.1298828125,11915.9404296875,12101.9296875,12101.9296875,5695150000
"NDX","^NDX",2023-02-01,"USD",12087.919921875,12458.8701171875,12010.73046875,12363.099609375,12363.099609375,6336040000
"NDX","^NDX",2023-02-02,"USD",12655.1796875,12880.98046875,12600.759765625,12803.1396484375,12803.1396484375,7038210000
"NDX","^NDX",2023-02-03,"USD",12520.9501953125,12828.7099609375,12520.9501953125,12573.3603515625,12573.3603515625,5954490000
"NDX","^NDX",2023-02-06,"USD",12468.7998046875,12558.8701171875,12411.8798828125,12464.509765625,12464.509765625,5538350000
"NDX","^NDX",2023-02-07,"USD",12474.9501953125,12771.58984375,12419.7099609375,12728.26953125,12728.26953125,5720240000
"NDX","^NDX",2023-02-08,"USD",12680.0302734375,12709.4501953125,12471.1201171875,12495.3798828125,12495.3798828125,5052870000
"NDX","^NDX",2023-02-09,"USD",12677.5400390625,12679.5400390625,12327.4404296875,12381.169921875,12381.169921875,5536290000
"NDX","^NDX",2023-02-10,"USD",12306.58984375,12375.7197265625,12204.2099609375,12304.919921875,12304.919921875,4885030000
"NDX","^NDX",2023-02-13,"USD",12356.5,12522.7802734375,12313.4501953125,12502.3095703125,12502.3095703125,4752880000
"NDX","^NDX",2023-02-14,"USD",12413.099609375,12627.400390625,12356.3203125,12590.8896484375,12590.8896484375,5032430000
"NDX","^NDX",2023-02-15,"USD",12531.599609375,12689.33984375,12486.419921875,12687.8896484375,12687.8896484375,5056640000
"NDX","^NDX",2023-02-16,"USD",12495.0703125,12653.400390625,12440,12442.48046875,12442.48046875,5159410000
"NDX","^NDX",2023-02-17,"USD",12352.2998046875,12385.51953125,12233.7900390625,12358.1796875,12358.1796875,4925230000
"NDX","^NDX",2023-02-21,"USD",12205.2099609375,12257.0595703125,12058.23046875,12060.2998046875,12060.2998046875,5002540000
"NDX","^NDX",2023-02-22,"USD",12085.669921875,12156.2099609375,12006.0400390625,12066.26953125,12066.26953125,4671270000
"NDX","^NDX",2023-02-23,"USD",12224.4404296875,12227.400390625,12003.3095703125,12180.1396484375,12180.1396484375,4714580000
"NDX","^NDX",2023-02-24,"USD",11979.7998046875,12018.3203125,11900.83984375,11969.650390625,11969.650390625,4432650000
"NDX","^NDX",2023-02-27,"USD",12106.7900390625,12159.6396484375,12034.6103515625,12057.7900390625,12057.7900390625,4494000000
"NDX","^NDX",2023-02-28,"USD",12041.75,12146.51953125,12021.3203125,12042.1201171875,12042.1201171875,5340950000
"NDX","^NDX",2023-03-01,"USD",12026.7197265625,12054.48046875,11906.580078125,11938.5703125,11938.5703125,4927530000
"NDX","^NDX",2023-03-02,"USD",11830.08984375,12074.58984375,11830.08984375,12044.8701171875,12044.8701171875,5313760000
"NDX","^NDX",2023-03-03,"USD",12110.7099609375,12300.4599609375,12095.240234375,12290.8095703125,12290.8095703125,5102210000
"NDX","^NDX",2023-03-06,"USD",12344.650390625,12466.8798828125,12297.5703125,12302.48046875,12302.48046875,4982880000
"NDX","^NDX",2023-03-07,"USD",12303.1904296875,12344.0400390625,12130.009765625,12152.169921875,12152.169921875,5422820000
"NDX","^NDX",2023-03-08,"USD",12181.0595703125,12237.7197265625,12102.2802734375,12215.330078125,12215.330078125,5085970000
"NDX","^NDX",2023-03-09,"USD",12230.83984375,12340.4501953125,11970.33984375,11995.8798828125,11995.8798828125,5061790000
"NDX","^NDX",2023-03-10,"USD",12001.7001953125,12069.6201171875,11789.8603515625,11830.2802734375,11830.2802734375,6193500000
"NDX","^NDX",2023-03-13,"USD",11752.099609375,12073.9599609375,11695.41015625,11923.169921875,11923.169921875,6201490000
"NDX","^NDX",2023-03-14,"USD",12078.4599609375,12217.8701171875,12035.2197265625,12199.7900390625,12199.7900390625,5533120000
"NDX","^NDX",2023-03-15,"USD",12083.240234375,12269.4501953125,12026.1796875,12251.3203125,12251.3203125,5912430000
"NDX","^NDX",2023-03-16,"USD",12211.8701171875,12595.6904296875,12190.650390625,12581.3896484375,12581.3896484375,5498920000
"NDX","^NDX",2023-03-17,"USD",12570.16015625,12674.33984375,12444.080078125,12519.8798828125,12519.8798828125,7903090000
"NDX","^NDX",2023-03-20,"USD",12487.7900390625,12578.349609375,12407.8203125,12562.6103515625,12562.6103515625,4970630000
"NDX","^NDX",2023-03-21,"USD",12643.349609375,12762.4501953125,12582.759765625,12741.4404296875,12741.4404296875,4829870000
"NDX","^NDX",2023-03-22,"USD",12742.41015625,12943.6201171875,12563.7802734375,12567.150390625,12567.150390625,4981590000
"NDX","^NDX",2023-03-23,"USD",12735.599609375,12900.099609375,12611.669921875,12729.23046875,12729.23046875,4917460000
"NDX","^NDX",2023-03-24,"USD",12700.509765625,12770.2802734375,12608.150390625,12767.0498046875,12767.0498046875,4363650000
"NDX","^NDX",2023-03-27,"USD",12797.900390625,12839.419921875,12647.9404296875,12673.0703125,12673.0703125,4330320000
"NDX","^NDX",2023-03-28,"USD",12654.91015625,12654.91015625,12517.8701171875,12610.5703125,12610.5703125,4036910000
"NDX","^NDX",2023-03-29,"USD",12768.1396484375,12867.3203125,12734.6796875,12846.0302734375,12846.0302734375,4493540000
"NDX","^NDX",2023-03-30,"USD",12934.990234375,12987.9697265625,12894.1396484375,12963.1396484375,12963.1396484375,4738880000
"NDX","^NDX",2023-03-31,"USD",12968.9599609375,13188.830078125,12968,13181.349609375,13181.349609375,5521150000
"NDX","^NDX",2023-04-03,"USD",13084.099609375,13157.4697265625,13036.5498046875,13148.349609375,13148.349609375,4816440000
"NDX","^NDX",2023-04-04,"USD",13165.3203125,13204.080078125,13049.98046875,13100.080078125,13100.080078125,4298760000
"NDX","^NDX",2023-04-05,"USD",13056.7900390625,13065.2802734375,12894.4404296875,12967.2001953125,12967.2001953125,4378590000
"NDX","^NDX",2023-04-06,"USD",12892.900390625,13078.099609375,12846.0302734375,13062.599609375,13062.599609375,3862800000
"NDX","^NDX",2023-04-10,"USD",12936.51953125,13051.849609375,12861.51953125,13051.23046875,13051.23046875,4334070000
"NDX","^NDX",2023-04-11,"USD",13040.490234375,13049.5595703125,12947.66015625,12964.150390625,12964.150390625,4676960000
"NDX","^NDX",2023-04-12,"USD",13043.9697265625,13071.98046875,12833.3095703125,12848.349609375,12848.349609375,4909770000
"NDX","^NDX",2023-04-13,"USD",12922.900390625,13124.41015625,12920.01953125,13109.3896484375,13109.3896484375,4942990000
"NDX","^NDX",2023-04-14,"USD",13044.6904296875,13152.2802734375,12962.509765625,13079.51953125,13079.51953125,4655740000
"NDX","^NDX",2023-04-17,"USD",13053.259765625,13105.6796875,12981.259765625,13087.7099609375,13087.7099609375,4823180000
"NDX","^NDX",2023-04-18,"USD",13180.3095703125,13196.1796875,13044.2099609375,13091.7900390625,13091.7900390625,4851810000
"NDX","^NDX",2023-04-19,"USD",12992.509765625,13128.25,12988.2001953125,13088.7099609375,13088.7099609375,4972700000
"NDX","^NDX",2023-04-20,"USD",12962.2900390625,13107.919921875,12933.7998046875,12985.98046875,12985.98046875,4590530000
"NDX","^NDX",2023-04-21,"USD",12970.3203125,13030.849609375,12899.6396484375,13000.76953125,13000.76953125,4868050000
"NDX","^NDX",2023-04-24,"USD",12981.7099609375,13044.2197265625,12883.76953125,12969.759765625,12969.759765625,4854050000
"NDX","^NDX",2023-04-25,"USD",12905.08984375,12933.2802734375,12724.240234375,12725.1103515625,12725.1103515625,4806020000
"NDX","^NDX",2023-04-26,"USD",12866.6396484375,12929.6201171875,12783.419921875,12806.48046875,12806.48046875,5281970000
"NDX","^NDX",2023-04-27,"USD",12963.2099609375,13175.6201171875,12938.5,13160.0302734375,13160.0302734375,5253710000
"NDX","^NDX",2023-04-28,"USD",13139.349609375,13247.3896484375,13096.9404296875,13245.990234375,13245.990234375,5331380000
"NDX","^NDX",2023-05-01,"USD",13229.1103515625,13287.4697265625,13186.400390625,13231.4697265625,13231.4697265625,5168430000
"NDX","^NDX",2023-05-02,"USD",13225.48046875,13241.5302734375,13046.7900390625,13113.66015625,13113.66015625,5501410000
"NDX","^NDX",2023-05-03,"USD",13123.099609375,13231.7099609375,13026.0400390625,13030.2099609375,13030.2099609375,5782160000
"NDX","^NDX",2023-05-04,"USD",13014.0703125,13064.01953125,12938.4501953125,12982.48046875,12982.48046875,4745780000
"NDX","^NDX",2023-05-05,"USD",13070.7001953125,13291.1103515625,13059.91015625,13259.1298828125,13259.1298828125,4574790000
"NDX","^NDX",2023-05-08,"USD",13247.08984375,13302.4296875,13193.080078125,13291.6396484375,13291.6396484375,4216360000
"NDX","^NDX",2023-05-09,"USD",13228.6396484375,13254.8095703125,13193.8798828125,13201.1103515625,13201.1103515625,4126780000
"NDX","^NDX",2023-05-10,"USD",13308.41015625,13384.419921875,13204.7900390625,13347.830078125,13347.830078125,4948260000
"NDX","^NDX",2023-05-11,"USD",13376.849609375,13411.7001953125,13306.080078125,13389.7802734375,13389.7802734375,4489490000
"NDX","^NDX",2023-05-12,"USD",13407.01953125,13427.419921875,13256.5595703125,13340.1796875,13340.1796875,4170000000
"NDX","^NDX",2023-05-15,"USD",13352.259765625,13419.8095703125,13297.849609375,13413.509765625,13413.509765625,3979290000
"NDX","^NDX",2023-05-16,"USD",13385.3701171875,13498.4404296875,13384.76953125,13426.009765625,13426.009765625,4067510000
"NDX","^NDX",2023-05-17,"USD",13474.51953125,13608.330078125,13419.349609375,13589.259765625,13589.259765625,4501820000
"NDX","^NDX",2023-05-18,"USD",13608.9501953125,13844.759765625,13606.8095703125,13834.6201171875,13834.6201171875,4532890000
"NDX","^NDX",2023-05-19,"USD",13842.6904296875,13874.419921875,13763.900390625,13803.490234375,13803.490234375,3935780000
"NDX","^NDX",2023-05-22,"USD",13805.330078125,13893.7099609375,13792.9697265625,13849.740234375,13849.740234375,4278920000
"NDX","^NDX",2023-05-23,"USD",13773.6796875,13827.099609375,13662.91015625,13672.5400390625,13672.5400390625,4347440000
"NDX","^NDX",2023-05-24,"USD",13589.01953125,13655.73046875,13520.919921875,13604.48046875,13604.48046875,4088270000
"NDX","^NDX",2023-05-25,"USD",13920.8896484375,13986.8701171875,13812.1796875,13938.5302734375,13938.5302734375,4651640000
"NDX","^NDX",2023-05-26,"USD",13990.5498046875,14329.490234375,13982.16015625,14298.41015625,14298.41015625,4434070000
"NDX","^NDX",2023-05-30,"USD",14465.58984375,14520.169921875,14301.080078125,14354.990234375,14354.990234375,4843470000
"NDX","^NDX",2023-05-31,"USD",14293.5595703125,14375.3798828125,14216.16015625,14254.08984375,14254.08984375,5905760000
"NDX","^NDX",2023-06-01,"USD",14269.08984375,14493.3095703125,14219.9404296875,14441.509765625,14441.509765625,4610310000
"NDX","^NDX",2023-06-02,"USD",14517.080078125,14595.8095703125,14442.150390625,14546.6396484375,14546.6396484375,4426760000
"NDX","^NDX",2023-06-05,"USD",14550.1298828125,14662.9501953125,14516.8798828125,14556.5,14556.5,4344280000
"NDX","^NDX",2023-06-06,"USD",14526.099609375,14593.5,14476.990234375,14558.08984375,14558.08984375,4810910000
"NDX","^NDX",2023-06-07,"USD",14573.26953125,14647.91015625,14283.8798828125,14303.2900390625,14303.2900390625,5270600000
"NDX","^NDX",2023-06-08,"USD",14319.240234375,14503.3095703125,14314.6904296875,14484.5400390625,14484.5400390625,4280160000
"NDX","^NDX",2023-06-09,"USD",14574.240234375,14672.849609375,14487.48046875,14528.3603515625,14528.3603515625,4412710000
"NDX","^NDX",2023-06-12,"USD",14617.349609375,14789.599609375,14571.3603515625,14784.2998046875,14784.2998046875,4722680000
"NDX","^NDX",2023-06-13,"USD",14911.259765625,14931.830078125,14770.1396484375,14900.849609375,14900.849609375,5522100000
"NDX","^NDX",2023-06-14,"USD",14894.099609375,15017.099609375,14784.6201171875,15005.6904296875,15005.6904296875,5772550000
"NDX","^NDX",2023-06-15,"USD",14949.7001953125,15246.6201171875,14930.1201171875,15185.48046875,15185.48046875,5667520000
"NDX","^NDX",2023-06-16,"USD",15272.650390625,15284.650390625,15073.4501953125,15083.919921875,15083.919921875,8076530000
"NDX","^NDX",2023-06-20,"USD",15036.48046875,15127.419921875,14946.7197265625,15070.150390625,15070.150390625,5237710000
"NDX","^NDX",2023-06-21,"USD",15019.009765625,15038.900390625,14826.01953125,14867.4501953125,14867.4501953125,5194640000
"NDX","^NDX",2023-06-22,"USD",14797.8896484375,15044.2197265625,14794.9501953125,15042.3203125,15042.3203125,4499550000
"NDX","^NDX",2023-06-23,"USD",14879.23046875,14983.73046875,14821.8095703125,14891.48046875,14891.48046875,7734500000
"NDX","^NDX",2023-06-26,"USD",14866.66015625,14982.8203125,14687.01953125,14689.01953125,14689.01953125,4430600000
"NDX","^NDX",2023-06-27,"USD",14751.5703125,14972.3095703125,14726.75,14945.91015625,14945.91015625,5053660000
"NDX","^NDX",2023-06-28,"USD",14876.25,15051.080078125,14865.8095703125,14964.5703125,14964.5703125,4533270000
"NDX","^NDX",2023-06-29,"USD",14965.5498046875,14986.8896484375,14876.9404296875,14939.9501953125,14939.9501953125,4388140000
"NDX","^NDX",2023-06-30,"USD",15085.240234375,15213.75,15081.5703125,15179.2099609375,15179.2099609375,4661120000
"NDX","^NDX",2023-07-03,"USD",15190.5400390625,15232.9599609375,15153.599609375,15208.6904296875,15208.6904296875,2902300000
"NDX","^NDX",2023-07-05,"USD",15165.3603515625,15275.1796875,15162.66015625,15203.7802734375,15203.7802734375,5339340000
"NDX","^NDX",2023-07-06,"USD",15054.099609375,15106.4501953125,14969.1396484375,15089.4501953125,15089.4501953125,6113080000
"NDX","^NDX",2023-07-07,"USD",15070.5,15210.6298828125,15032.5595703125,15036.849609375,15036.849609375,5098120000
"NDX","^NDX",2023-07-10,"USD",15031.9501953125,15066.4404296875,14924.6396484375,15045.6396484375,15045.6396484375,5275390000
"NDX","^NDX",2023-07-11,"USD",15068.1298828125,15135.2900390625,14974.16015625,15119.0595703125,15119.0595703125,4840950000
"NDX","^NDX",2023-07-12,"USD",15279.349609375,15364.08984375,15209.7099609375,15307.23046875,15307.23046875,5230620000
"NDX","^NDX",2023-07-13,"USD",15432.48046875,15602.740234375,15420.7099609375,15571.98046875,15571.98046875,5183560000
"NDX","^NDX",2023-07-14,"USD",15610,15720.0595703125,15531,15565.599609375,15565.599609375,5366890000
"NDX","^NDX",2023-07-17,"USD",15608.2802734375,15745.669921875,15576.509765625,15713.2802734375,15713.2802734375,4593160000
"NDX","^NDX",2023-07-18,"USD",15671.7197265625,15895.6796875,15607.7099609375,15841.349609375,15841.349609375,4824070000
"NDX","^NDX",2023-07-19,"USD",15888.16015625,15932.0498046875,15781.9599609375,15826.349609375,15826.349609375,5112420000
"NDX","^NDX",2023-07-20,"USD",15717.669921875,15771.83984375,15429.8701171875,15466.08984375,15466.08984375,5128020000
"NDX","^NDX",2023-07-21,"USD",15554.9501953125,15600.5400390625,15410.5703125,15425.669921875,15425.669921875,5254180000
"NDX","^NDX",2023-07-24,"USD",15475.150390625,15504.669921875,15374.66015625,15448.01953125,15448.01953125,4083070000
"NDX","^NDX",2023-07-25,"USD",15483.0595703125,15622.6904296875,15482.0400390625,15561.419921875,15561.419921875,3812470000
"NDX","^NDX",2023-07-26,"USD",15514.0400390625,15571.16015625,15411.91015625,15499.259765625,15499.259765625,4322000000
"NDX","^NDX",2023-07-27,"USD",15734.0302734375,15795.509765625,15416.0498046875,15464.9296875,15464.9296875,5115840000
"NDX","^NDX",2023-07-28,"USD",15630.169921875,15788.48046875,15617.75,15750.9296875,15750.9296875,4453520000
"NDX","^NDX",2023-07-31,"USD",15774.2998046875,15803.5498046875,15702.740234375,15757,15757,4934440000
"NDX","^NDX",2023-08-01,"USD",15696.98046875,15748.4296875,15636.5703125,15718.009765625,15718.009765625,4633770000
"NDX","^NDX",2023-08-02,"USD",15561.150390625,15561.3603515625,15321.4404296875,15370.740234375,15370.740234375,5481960000
"NDX","^NDX",2023-08-03,"USD",15287.76953125,15436.58984375,15270.7197265625,15353.5400390625,15353.5400390625,6036970000
"NDX","^NDX",2023-08-04,"USD",15420.740234375,15523.3095703125,15258.6904296875,15274.919921875,15274.919921875,5349450000
"NDX","^NDX",2023-08-07,"USD",15355.6201171875,15410.849609375,15258.919921875,15407.849609375,15407.849609375,4892330000
"NDX","^NDX",2023-08-08,"USD",15279.41015625,15295.7998046875,15148.25,15273.0498046875,15273.0498046875,5284550000
"NDX","^NDX",2023-08-09,"USD",15286.990234375,15288.759765625,15077.91015625,15101.7099609375,15101.7099609375,5591360000
"NDX","^NDX",2023-08-10,"USD",15217.2900390625,15366.2900390625,15072.490234375,15128.83984375,15128.83984375,5299080000
"NDX","^NDX",2023-08-11,"USD",15010.51953125,15102.5302734375,14973.669921875,15028.0703125,15028.0703125,4638880000
"NDX","^NDX",2023-08-14,"USD",14988.419921875,15206.259765625,14972.009765625,15205.58984375,15205.58984375,4272020000
"NDX","^NDX",2023-08-15,"USD",15172.080078125,15192.8798828125,15014.3603515625,15037.650390625,15037.650390625,4473320000
"NDX","^NDX",2023-08-16,"USD",15021.6298828125,15077.0498046875,14874.01953125,14876.4697265625,14876.4697265625,6243760000
"NDX","^NDX",2023-08-17,"USD",14943.33984375,14949.580078125,14698.2900390625,14715.8095703125,14715.8095703125,5280180000
"NDX","^NDX",2023-08-18,"USD",14589.7099609375,14744.5703125,14557.830078125,14694.83984375,14694.83984375,4801910000
"NDX","^NDX",2023-08-21,"USD",14762.009765625,14958.8701171875,14739.3701171875,14936.6904296875,14936.6904296875,4363070000
"NDX","^NDX",2023-08-22,"USD",15035.0703125,15037.7900390625,14883.98046875,14908.9599609375,14908.9599609375,4282430000
"NDX","^NDX",2023-08-23,"USD",14947.580078125,15188.8603515625,14947.580078125,15148.0595703125,15148.0595703125,4127850000
"NDX","^NDX",2023-08-24,"USD",15278.9296875,15279.240234375,14814.830078125,14816.4404296875,14816.4404296875,4383820000
"NDX","^NDX",2023-08-25,"USD",14858.9296875,15001.2900390625,14715.3603515625,14941.830078125,14941.830078125,3970060000
"NDX","^NDX",2023-08-28,"USD",15035.48046875,15086.23046875,14948.919921875,15052.4599609375,15052.4599609375,3666680000
"NDX","^NDX",2023-08-29,"USD",15043.01953125,15391.5595703125,15034.5400390625,15376.5498046875,15376.5498046875,4748180000
"NDX","^NDX",2023-08-30,"USD",15386.669921875,15484.830078125,15341.9404296875,15462.4296875,15462.4296875,4364600000
"NDX","^NDX",2023-08-31,"USD",15475.4296875,15575.009765625,15466.41015625,15501.0703125,15501.0703125,4568610000
"NDX","^NDX",2023-09-01,"USD",15600.9501953125,15618.849609375,15429.3603515625,15490.8603515625,15490.8603515625,4033960000
"NDX","^NDX",2023-09-05,"USD",15460.51953125,15556.849609375,15419.9599609375,15508.240234375,15508.240234375,4379790000
"NDX","^NDX",2023-09-06,"USD",15467.3203125,15487,15289.48046875,15371.4404296875,15371.4404296875,4215320000
"NDX","^NDX",2023-09-07,"USD",15174.2197265625,15288.2001953125,15138.73046875,15258.51953125,15258.51953125,4320830000
"NDX","^NDX",2023-09-08,"USD",15265.5703125,15374.2197265625,15244.0595703125,15280.23046875,15280.23046875,4160360000
"NDX","^NDX",2023-09-11,"USD",15409.76953125,15482.83984375,15328.349609375,15461.8701171875,15461.8701171875,4538870000
"NDX","^NDX",2023-09-12,"USD",15390.58984375,15447.849609375,15278.8798828125,15289.740234375,15289.740234375,4595490000
"NDX","^NDX",2023-09-13,"USD",15293.26953125,15414.6103515625,15256.599609375,15348.5302734375,15348.5302734375,4840310000
"NDX","^NDX",2023-09-14,"USD",15433.009765625,15512.8203125,15337.1796875,15473.8896484375,15473.8896484375,4649010000
"NDX","^NDX",2023-09-15,"USD",15425.9501953125,15435.4501953125,15173.7099609375,15202.400390625,15202.400390625,8162210000
"NDX","^NDX",2023-09-18,"USD",15161.169921875,15268.9599609375,15155.4599609375,15225.3701171875,15225.3701171875,4855880000
"NDX","^NDX",2023-09-19,"USD",15152.5302734375,15219.919921875,15069.41015625,15191.23046875,15191.23046875,4453460000
"NDX","^NDX",2023-09-20,"USD",15225.33984375,15245.1904296875,14967.599609375,14969.919921875,14969.919921875,4782440000
"NDX","^NDX",2023-09-21,"USD",14813.490234375,14849.25,14691.6904296875,14694.240234375,14694.240234375,5014890000
"NDX","^NDX",2023-09-22,"USD",14756.6201171875,14855.919921875,14686.83984375,14701.099609375,14701.099609375,4302700000
"NDX","^NDX",2023-09-25,"USD",14662.6904296875,14771.1201171875,14615.4501953125,14768.900390625,14768.900390625,4100290000
"NDX","^NDX",2023-09-26,"USD",14668.4501953125,14678.48046875,14505.6796875,14545.830078125,14545.830078125,4693540000
"NDX","^NDX",2023-09-27,"USD",14600.1396484375,14657.2099609375,14432.599609375,14580.16015625,14580.16015625,4841410000
"NDX","^NDX",2023-09-28,"USD",14530.9599609375,14787.580078125,14510.169921875,14702.76953125,14702.76953125,4648390000
"NDX","^NDX",2023-09-29,"USD",14853.349609375,14901.849609375,14664.7802734375,14715.240234375,14715.240234375,5138500000
"NDX","^NDX",2023-10-02,"USD",14717.900390625,14892.1796875,14701.51953125,14837.5703125,14837.5703125,4554700000
"NDX","^NDX",2023-10-03,"USD",14744.0498046875,14819.8701171875,14504.1396484375,14565.6201171875,14565.6201171875,4684310000
"NDX","^NDX",2023-10-04,"USD",14613.23046875,14803.0400390625,14592.5595703125,14776.25,14776.25,4308070000
"NDX","^NDX",2023-10-05,"USD",14769.5498046875,14784.6904296875,14584.3896484375,14723.2197265625,14723.2197265625,4167470000
"NDX","^NDX",2023-10-06,"USD",14622.23046875,15021.3798828125,14575.9501953125,14973.240234375,14973.240234375,4309420000
"NDX","^NDX",2023-10-09,"USD",14871.5703125,15070.6396484375,14816.3203125,15047.150390625,15047.150390625,3835930000
"NDX","^NDX",2023-10-10,"USD",15074.0400390625,15241.9404296875,15050.5400390625,15131.51953125,15131.51953125,4301350000
"NDX","^NDX",2023-10-11,"USD",15194.5302734375,15248.2197265625,15119.6201171875,15241.1201171875,15241.1201171875,4160440000
"NDX","^NDX",2023-10-12,"USD",15264.1103515625,15333.98046875,15090.6904296875,15184.099609375,15184.099609375,4858620000
"NDX","^NDX",2023-10-13,"USD",15225.73046875,15232.3701171875,14943.419921875,14995.1201171875,14995.1201171875,4251550000
"NDX","^NDX",2023-10-16,"USD",15054.48046875,15209.5,15047.26953125,15172.73046875,15172.73046875,4308690000
"NDX","^NDX",2023-10-17,"USD",15009.259765625,15187.0595703125,14932.76953125,15122.009765625,15122.009765625,4417640000
"NDX","^NDX",2023-10-18,"USD",15022.2802734375,15103.8701171875,14865.8095703125,14909.259765625,14909.259765625,4617140000
"NDX","^NDX",2023-10-19,"USD",14981.1298828125,15023.91015625,14749.2998046875,14783.1298828125,14783.1298828125,5014790000
"NDX","^NDX",2023-10-20,"USD",14752.58984375,14781.2197265625,14552.1201171875,14560.8798828125,14560.8798828125,4622840000
"NDX","^NDX",2023-10-23,"USD",14514.1103515625,14746.3701171875,14419.0595703125,14604.849609375,14604.849609375,4669060000
"NDX","^NDX",2023-10-24,"USD",14678.41015625,14774.16015625,14610.330078125,14745.8603515625,14745.8603515625,4604720000
"NDX","^NDX",2023-10-25,"USD",14642.080078125,14643.6904296875,14362.240234375,14381.6396484375,14381.6396484375,4599850000
"NDX","^NDX",2023-10-26,"USD",14314.009765625,14372.509765625,14058.330078125,14109.5703125,14109.5703125,4894900000
"NDX","^NDX",2023-10-27,"USD",14245.75,14321.0400390625,14130.3701171875,14180.419921875,14180.419921875,4172100000
"NDX","^NDX",2023-10-30,"USD",14283.98046875,14388.2001953125,14225.8603515625,14335.509765625,14335.509765625,4149320000
"NDX","^NDX",2023-10-31,"USD",14340.8603515625,14420.4404296875,14232.400390625,14409.7802734375,14409.7802734375,4315630000
"NDX","^NDX",2023-11-01,"USD",14453.6796875,14677.8603515625,14441.8896484375,14664.91015625,14664.91015625,4545120000
"NDX","^NDX",2023-11-02,"USD",14856.9501953125,14930.759765625,14792.8095703125,14919.5498046875,14919.5498046875,4962950000
"NDX","^NDX",2023-11-03,"USD",14985.1201171875,15149.7802734375,14965.2900390625,15099.490234375,15099.490234375,4918750000
"NDX","^NDX",2023-11-06,"USD",15137.16015625,15180.1904296875,15064.91015625,15154.9296875,15154.9296875,4345850000
"NDX","^NDX",2023-11-07,"USD",15201.76953125,15335.4404296875,15153.3095703125,15296.01953125,15296.01953125,4354460000
"NDX","^NDX",2023-11-08,"USD",15313.900390625,15343.1904296875,15220.8798828125,15313.240234375,15313.240234375,4685550000
"NDX","^NDX",2023-11-09,"USD",15351.1201171875,15382.1103515625,15171.3203125,15187.900390625,15187.900390625,5313970000
"NDX","^NDX",2023-11-10,"USD",15252.3603515625,15535.2001953125,15237.169921875,15529.1201171875,15529.1201171875,4722140000
"NDX","^NDX",2023-11-13,"USD",15469.2099609375,15524.66015625,15404.7099609375,15482.7900390625,15482.7900390625,4349590000
"NDX","^NDX",2023-11-14,"USD",15744.3603515625,15850.33984375,15726.1201171875,15812.4697265625,15812.4697265625,5332490000
"NDX","^NDX",2023-11-15,"USD",15881.7197265625,15904.6298828125,15765.3095703125,15817.1796875,15817.1796875,5063830000
"NDX","^NDX",2023-11-16,"USD",15765.2001953125,15842.6298828125,15738.2197265625,15833.169921875,15833.169921875,4545180000
"NDX","^NDX",2023-11-17,"USD",15803.98046875,15876.8701171875,15766.9404296875,15837.990234375,15837.990234375,4408640000
"NDX","^NDX",2023-11-20,"USD",15845.2001953125,16056.759765625,15844.830078125,16027.0595703125,16027.0595703125,4561810000
"NDX","^NDX",2023-11-21,"USD",15951.5498046875,15968.08984375,15866.8203125,15933.6201171875,15933.6201171875,4128600000
"NDX","^NDX",2023-11-22,"USD",16025.740234375,16119.3095703125,15964.0400390625,16001.3896484375,16001.3896484375,3855240000
"NDX","^NDX",2023-11-24,"USD",15974.849609375,16007.4296875,15940.6201171875,15982.009765625,15982.009765625,2541840000
"NDX","^NDX",2023-11-27,"USD",15969.7197265625,16045.2998046875,15932.1904296875,15961.98046875,15961.98046875,4205880000
"NDX","^NDX",2023-11-28,"USD",15940.2900390625,16031.51953125,15921.0703125,16010.4296875,16010.4296875,4474400000
"NDX","^NDX",2023-11-29,"USD",16111.3603515625,16166.509765625,15976.6904296875,15987.599609375,15987.599609375,4890220000
"NDX","^NDX",2023-11-30,"USD",15987.66015625,16013.48046875,15825.669921875,15947.8701171875,15947.8701171875,5678070000
"NDX","^NDX",2023-12-01,"USD",15892.58984375,16013.75,15834.9296875,15997.580078125,15997.580078125,5607000000
"NDX","^NDX",2023-12-04,"USD",15837.1201171875,15852.4501953125,15695.580078125,15839.669921875,15839.669921875,6270020000
"NDX","^NDX",2023-12-05,"USD",15763.650390625,15931.83984375,15760.58984375,15877.7099609375,15877.7099609375,6179120000
"NDX","^NDX",2023-12-06,"USD",15990.2001953125,15990.9404296875,15776.9501953125,15788.0498046875,15788.0498046875,5167030000
"NDX","^NDX",2023-12-07,"USD",15888.23046875,16042.509765625,15875.48046875,16022.490234375,16022.490234375,5694310000
"NDX","^NDX",2023-12-08,"USD",15952.849609375,16100.8603515625,15937.580078125,16084.6904296875,16084.6904296875,5430840000
"NDX","^NDX",2023-12-11,"USD",16069.6201171875,16232.259765625,16061.8701171875,16221.73046875,16221.73046875,5607820000
"NDX","^NDX",2023-12-12,"USD",16209.6103515625,16354.25,16175.4599609375,16354.25,16354.25,4950100000
"NDX","^NDX",2023-12-13,"USD",16392.1796875,16581.0390625,16357.2099609375,16562.369140625,16562.369140625,6732040000
"NDX","^NDX",2023-12-14,"USD",16603.5390625,16660.7109375,16419.259765625,16537.830078125,16537.830078125,8033170000
"NDX","^NDX",2023-12-15,"USD",16587,16669.76953125,16557.009765625,16623.44921875,16623.44921875,8377630000
"NDX","^NDX",2023-12-18,"USD",16631.109375,16764.3203125,16629.2890625,16729.80078125,16729.80078125,5866080000
"NDX","^NDX",2023-12-19,"USD",16734.25,16813.009765625,16733.380859375,16811.849609375,16811.849609375,5757180000
"NDX","^NDX",2023-12-20,"USD",16763.640625,16860.6796875,16552.060546875,16554.16015625,16554.16015625,6294700000
"NDX","^NDX",2023-12-21,"USD",16719.609375,16768.01953125,16621.51953125,16757.41015625,16757.41015625,5465640000
"NDX","^NDX",2023-12-22,"USD",16799.01953125,16839.25,16703.5703125,16777.400390625,16777.400390625,4796600000
"NDX","^NDX",2023-12-26,"USD",16816.779296875,16907.509765625,16813.5703125,16878.4609375,16878.4609375,6120600000
"NDX","^NDX",2023-12-27,"USD",16896.140625,16922.009765625,16859.55078125,16906.80078125,16906.80078125,7480170000
"NDX","^NDX",2023-12-28,"USD",16963.51953125,16969.169921875,16891.3203125,16898.470703125,16898.470703125,5090570000
"NDX","^NDX",2023-12-29,"USD",16902.439453125,16919.509765625,16757.890625,16825.9296875,16825.9296875,5441060000
"NDX","^NDX",2024-01-02,"USD",16667.30078125,16686.599609375,16453.150390625,16543.939453125,16543.939453125,5791170000
"NDX","^NDX",2024-01-03,"USD",16413.259765625,16471.080078125,16352.1396484375,16368.490234375,16368.490234375,5449950000
"NDX","^NDX",2024-01-04,"USD",16290.7802734375,16419.439453125,16276.4296875,16282.009765625,16282.009765625,5289220000
"NDX","^NDX",2024-01-05,"USD",16281.740234375,16415.390625,16249.1904296875,16305.98046875,16305.98046875,5232820000
"NDX","^NDX",2024-01-08,"USD",16354.2197265625,16655.23046875,16349.3896484375,16649.869140625,16649.869140625,6337770000
"NDX","^NDX",2024-01-09,"USD",16531.9609375,16710.880859375,16513.73046875,16678.69921875,16678.69921875,5068410000
"NDX","^NDX",2024-01-10,"USD",16702.55078125,16827.369140625,16654.740234375,16793.05078125,16793.05078125,4404590000
"NDX","^NDX",2024-01-11,"USD",16852.189453125,16898.16015625,16618.859375,16820.900390625,16820.900390625,5044690000
"NDX","^NDX",2024-01-12,"USD",16855,16900.369140625,16776.919921875,16832.919921875,16832.919921875,4958940000
"NDX","^NDX",2024-01-16,"USD",16775.099609375,16895.330078125,16726.58984375,16830.7109375,16830.7109375,6386180000
"NDX","^NDX",2024-01-17,"USD",16705.509765625,16749.109375,16561.490234375,16736.279296875,16736.279296875,5181740000
"NDX","^NDX",2024-01-18,"USD",16894.330078125,16996.98046875,16818.130859375,16982.2890625,16982.2890625,5587440000
"NDX","^NDX",2024-01-19,"USD",17060.140625,17317.2109375,17041.849609375,17314,17314,5604950000
"NDX","^NDX",2024-01-22,"USD",17403.619140625,17450.30078125,17309.869140625,17330.380859375,17330.380859375,5456240000
"NDX","^NDX",2024-01-23,"USD",17346.94921875,17410.859375,17286.01953125,17404.2109375,17404.2109375,5207680000
"NDX","^NDX",2024-01-24,"USD",17562.3203125,17665.259765625,17481.970703125,17499.30078125,17499.30078125,4983210000
"NDX","^NDX",2024-01-25,"USD",17589.26953125,17631.33984375,17430.369140625,17516.990234375,17516.990234375,5281570000
"NDX","^NDX",2024-01-26,"USD",17432.869140625,17514.759765625,17395.5390625,17421.009765625,17421.009765625,4510530000
"NDX","^NDX",2024-01-29,"USD",17438.029296875,17603.94921875,17414.619140625,17596.26953125,17596.26953125,4979310000
"NDX","^NDX",2024-01-30,"USD",17556.490234375,17578.4609375,17443.76953125,17476.7109375,17476.7109375,4719240000
"NDX","^NDX",2024-01-31,"USD",17269.98046875,17375.3203125,17128.740234375,17137.240234375,17137.240234375,5875610000
"NDX","^NDX",2024-02-01,"USD",17216.990234375,17356.759765625,17175.830078125,17344.7109375,17344.7109375,5046920000
"NDX","^NDX",2024-02-02,"USD",17415.939453125,17682.2890625,17378.369140625,17642.73046875,17642.73046875,4800690000
"NDX","^NDX",2024-02-05,"USD",17634.689453125,17655.76953125,17469.619140625,17613.0390625,17613.0390625,4831020000
"NDX","^NDX",2024-02-06,"USD",17664.439453125,17680.619140625,17475.4296875,17572.73046875,17572.73046875,4759640000
"NDX","^NDX",2024-02-07,"USD",17674.58984375,17784.169921875,17637.73046875,17755.0703125,17755.0703125,4567580000
"NDX","^NDX",2024-02-08,"USD",17757.599609375,17814.119140625,17728.55078125,17783.169921875,17783.169921875,5675850000
"NDX","^NDX",2024-02-09,"USD",17820.98046875,17987.900390625,17798.810546875,17962.41015625,17962.41015625,5797260000
"NDX","^NDX",2024-02-12,"USD",17942.279296875,18041.44921875,17859.66015625,17882.66015625,17882.66015625,5458490000
"NDX","^NDX",2024-02-13,"USD",17519.80078125,17717.669921875,17478.23046875,17600.419921875,17600.419921875,5599860000
"NDX","^NDX",2024-02-14,"USD",17728.900390625,17815.1796875,17619.919921875,17807.630859375,17807.630859375,5092660000
"NDX","^NDX",2024-02-15,"USD",17815.3203125,17864.58984375,17722.310546875,17845.720703125,17845.720703125,6049100000
"NDX","^NDX",2024-02-16,"USD",17853.58984375,17864.16015625,17663.400390625,17685.98046875,17685.98046875,5223800000
"NDX","^NDX",2024-02-20,"USD",17591.169921875,17657.080078125,17399.41015625,17546.099609375,17546.099609375,5595700000
"NDX","^NDX",2024-02-21,"USD",17412.7890625,17482.130859375,17319.439453125,17478.91015625,17478.91015625,4845740000
"NDX","^NDX",2024-02-22,"USD",17857.759765625,18034.80078125,17808.259765625,18004.69921875,18004.69921875,5653930000
"NDX","^NDX",2024-02-23,"USD",18052.58984375,18091.619140625,17902.779296875,17937.609375,17937.609375,5077910000
"NDX","^NDX",2024-02-26,"USD",17970.2109375,18014.109375,17926.66015625,17933.330078125,17933.330078125,5417630000
"NDX","^NDX",2024-02-27,"USD",17962.580078125,17987.5390625,17871.060546875,17971.05078125,17971.05078125,5423020000
"NDX","^NDX",2024-02-28,"USD",17895.029296875,17931.009765625,17840.359375,17874.5,17874.5,5581690000
"NDX","^NDX",2024-02-29,"USD",17991.669921875,18068.51953125,17866.259765625,18043.849609375,18043.849609375,6265340000
"NDX","^NDX",2024-03-01,"USD",18069.2890625,18333.259765625,18064.439453125,18302.91015625,18302.91015625,5457910000
"NDX","^NDX",2024-03-04,"USD",18290.099609375,18313.4296875,18218.25,18226.48046875,18226.48046875,5725470000
"NDX","^NDX",2024-03-05,"USD",18088.7109375,18097.5,17804.5,17897.869140625,17897.869140625,6356800000
"NDX","^NDX",2024-03-06,"USD",18083.509765625,18142.880859375,17941.640625,18017.5703125,18017.5703125,5511370000
"NDX","^NDX",2024-03-07,"USD",18161.73046875,18337.94921875,18101.4296875,18297.990234375,18297.990234375,5072790000
"NDX","^NDX",2024-03-08,"USD",18312.7890625,18416.73046875,17995.380859375,18018.44921875,18018.44921875,5411790000
"NDX","^NDX",2024-03-11,"USD",17959.6796875,18003.05078125,17873.330078125,17951.689453125,17951.689453125,4917620000
"NDX","^NDX",2024-03-12,"USD",18063.01953125,18228.369140625,17919.330078125,18219.109375,18219.109375,5100330000
"NDX","^NDX",2024-03-13,"USD",18151.759765625,18163.740234375,18030.400390625,18068.470703125,18068.470703125,4839000000
"NDX","^NDX",2024-03-14,"USD",18114.689453125,18142.900390625,17913.630859375,18014.810546875,18014.810546875,5450980000
"NDX","^NDX",2024-03-15,"USD",17926.919921875,17930.470703125,17764.990234375,17808.25,17808.25,8261950000
"NDX","^NDX",2024-03-18,"USD",18024.240234375,18124.3203125,17973.08984375,17985.009765625,17985.009765625,5025040000
"NDX","^NDX",2024-03-19,"USD",17902.51953125,18039.8203125,17809.150390625,18032.19921875,18032.19921875,4758740000
"NDX","^NDX",2024-03-20,"USD",18067.69921875,18249.119140625,18003.240234375,18240.109375,18240.109375,5298380000
"NDX","^NDX",2024-03-21,"USD",18438.240234375,18464.69921875,18317.099609375,18320.380859375,18320.380859375,5134740000
"NDX","^NDX",2024-03-22,"USD",18293.150390625,18386.25,18267.490234375,18339.439453125,18339.439453125,4339930000
"NDX","^NDX",2024-03-25,"USD",18215.5390625,18337.349609375,18189.279296875,18277.060546875,18277.060546875,4636940000
"NDX","^NDX",2024-03-26,"USD",18329.2890625,18378.69921875,18207.880859375,18210.5390625,18210.5390625,5144260000
"NDX","^NDX",2024-03-27,"USD",18338.189453125,18344.08984375,18168.19921875,18280.83984375,18280.83984375,4768930000
"NDX","^NDX",2024-03-28,"USD",18263.41015625,18308.3203125,18231.380859375,18254.689453125,18254.689453125,5174450000
"NDX","^NDX",2024-04-01,"USD",18280.8203125,18391.580078125,18211.279296875,18293.19921875,18293.19921875,4798390000
"NDX","^NDX",2024-04-02,"USD",18076.4296875,18135.5703125,18002.26953125,18121.779296875,18121.779296875,4710280000
"NDX","^NDX",2024-04-03,"USD",18054.439453125,18238.669921875,18045.419921875,18160.189453125,18160.189453125,5151500000
"NDX","^NDX",2024-04-04,"USD",18331.01953125,18362.2890625,17875.75,17878.779296875,17878.779296875,5368700000
"NDX","^NDX",2024-04-05,"USD",17940.279296875,18202.9609375,17912.859375,18108.4609375,18108.4609375,4578130000
"NDX","^NDX",2024-04-08,"USD",18130.439453125,18178.66015625,18050.689453125,18100.189453125,18100.189453125,4386700000
"NDX","^NDX",2024-04-09,"USD",18188.869140625,18210.01953125,17973.0703125,18169.900390625,18169.900390625,4869190000
"NDX","^NDX",2024-04-10,"USD",17957.9609375,18040.830078125,17932.419921875,18011.66015625,18011.66015625,5308250000
"NDX","^NDX",2024-04-11,"USD",18085.109375,18337.150390625,17998.25,18307.98046875,18307.98046875,4714750000
"NDX","^NDX",2024-04-12,"USD",18117.669921875,18166.490234375,17952.08984375,18003.490234375,18003.490234375,4552740000
"NDX","^NDX",2024-04-15,"USD",18143.25,18152.080078125,17676.349609375,17706.830078125,17706.830078125,4910550000
"NDX","^NDX",2024-04-16,"USD",17691.44921875,17817.73046875,17660.890625,17713.66015625,17713.66015625,5001860000
"NDX","^NDX",2024-04-17,"USD",17785.8203125,17788.5390625,17459.5703125,17493.619140625,17493.619140625,4991470000
"NDX","^NDX",2024-04-18,"USD",17514.76953125,17590.810546875,17376.490234375,17394.310546875,17394.310546875,4932540000
"NDX","^NDX",2024-04-19,"USD",17334.7109375,17362.279296875,16973.939453125,17037.650390625,17037.650390625,5316010000
"NDX","^NDX",2024-04-22,"USD",17161.109375,17305.150390625,17010.25,17210.890625,17210.890625,4616730000
"NDX","^NDX",2024-04-23,"USD",17297.240234375,17513.310546875,17277.25,17471.470703125,17471.470703125,4951670000
"NDX","^NDX",2024-04-24,"USD",17613.66015625,17653.66015625,17435.330078125,17526.80078125,17526.80078125,4735870000
"NDX","^NDX",2024-04-25,"USD",17205.279296875,17474.4609375,17172.419921875,17430.5,17430.5,4743640000
"NDX","^NDX",2024-04-26,"USD",17566.220703125,17772.779296875,17533.080078125,17718.30078125,17718.30078125,4694400000
"NDX","^NDX",2024-04-29,"USD",17801.140625,17820,17671.029296875,17782.720703125,17782.720703125,4972520000
"NDX","^NDX",2024-04-30,"USD",17720.349609375,17768.869140625,17440.689453125,17440.689453125,17440.689453125,5229400000
"NDX","^NDX",2024-05-01,"USD",17382.779296875,17667.859375,17284.369140625,17318.55078125,17318.55078125,5277790000
"NDX","^NDX",2024-05-02,"USD",17474.919921875,17575.80078125,17290.640625,17541.5390625,17541.5390625,4901610000
"NDX","^NDX",2024-05-03,"USD",17848.66015625,17926.98046875,17784.779296875,17890.80078125,17890.80078125,4887310000
"NDX","^NDX",2024-05-06,"USD",17950.98046875,18094.4609375,17937.279296875,18093.5703125,18093.5703125,4460130000
"NDX","^NDX",2024-05-07,"USD",18106.330078125,18156.3203125,18061.609375,18091.44921875,18091.44921875,5041870000
"NDX","^NDX",2024-05-08,"USD",17987.69921875,18135.33984375,17987.69921875,18085.009765625,18085.009765625,4530190000
"NDX","^NDX",2024-05-09,"USD",18095.80078125,18138.01953125,18012.619140625,18113.4609375,18113.4609375,4505120000
"NDX","^NDX",2024-05-10,"USD",18171.150390625,18247.609375,18099.73046875,18161.1796875,18161.1796875,4402110000
"NDX","^NDX",2024-05-13,"USD",18228.400390625,18233.5,18147.5703125,18198.609375,18198.609375,4452750000
"NDX","^NDX",2024-05-14,"USD",18187.509765625,18339.580078125,18175.30078125,18322.76953125,18322.76953125,7270240000
"NDX","^NDX",2024-05-15,"USD",18412.810546875,18607.529296875,18359.3203125,18596.650390625,18596.650390625,8538990000
"NDX","^NDX",2024-05-16,"USD",18589.98046875,18669.5,18553.30078125,18557.9609375,18557.9609375,11932600000
"NDX","^NDX",2024-05-17,"USD",18571.8203125,18590.369140625,18462.25,18546.23046875,18546.23046875,9587280000
"NDX","^NDX",2024-05-20,"USD",18559.220703125,18703.830078125,18549.83984375,18674.189453125,18674.189453125,6861320000
"NDX","^NDX",2024-05-21,"USD",18603.990234375,18721.1796875,18589.91015625,18713.80078125,18713.80078125,6245090000
"NDX","^NDX",2024-05-22,"USD",18733.5390625,18756.689453125,18606.16015625,18705.19921875,18705.19921875,7277340000
"NDX","^NDX",2024-05-23,"USD",18907.140625,18907.5390625,18554.890625,18623.390625,18623.390625,7752800000
"NDX","^NDX",2024-05-24,"USD",18669.359375,18851.990234375,18664.7890625,18808.349609375,18808.349609375,5836040000
"NDX","^NDX",2024-05-28,"USD",18855.150390625,18875.19921875,18755.939453125,18869.439453125,18869.439453125,6293380000
"NDX","^NDX",2024-05-29,"USD",18708.0703125,18814.8203125,18706.619140625,18736.75,18736.75,6652480000
"NDX","^NDX",2024-05-30,"USD",18683.25,18705.259765625,18487.759765625,18538.66015625,18538.66015625,6659290000
"NDX","^NDX",2024-05-31,"USD",18550.80078125,18574.560546875,18189.779296875,18536.650390625,18536.650390625,6674090000
"NDX","^NDX",2024-06-03,"USD",18666.720703125,18707.220703125,18392.5703125,18600.970703125,18600.970703125,5422040000
"NDX","^NDX",2024-06-04,"USD",18598,18697.94921875,18521.849609375,18654.83984375,18654.83984375,4917350000
"NDX","^NDX",2024-06-05,"USD",18791.279296875,19035.869140625,18768.25,19035.05078125,19035.05078125,5325000000
"NDX","^NDX",2024-06-06,"USD",19053.009765625,19071.7890625,18978.859375,19021.189453125,19021.189453125,4960580000
"NDX","^NDX",2024-06-07,"USD",18992.580078125,19113.880859375,18958.6796875,19000.94921875,19000.94921875,4755650000
"NDX","^NDX",2024-06-10,"USD",18945.310546875,19089.830078125,18940.7109375,19074.669921875,19074.669921875,5207110000
"NDX","^NDX",2024-06-11,"USD",19031.400390625,19212.630859375,18966.560546875,19210.1796875,19210.1796875,5009220000
"NDX","^NDX",2024-06-12,"USD",19358.259765625,19556.900390625,19347.279296875,19465.1796875,19465.1796875,5560630000
"NDX","^NDX",2024-06-13,"USD",19609.05078125,19639.44921875,19473.7109375,19576.919921875,19576.919921875,4916020000
"NDX","^NDX",2024-06-14,"USD",19557.220703125,19664.58984375,19534.619140625,19659.80078125,19659.80078125,4973820000
"NDX","^NDX",2024-06-17,"USD",19681.859375,19977.83984375,19623.7109375,19902.75,19902.75,6061200000
"NDX","^NDX",2024-06-18,"USD",19904.4296875,19940.5,19837.859375,19908.859375,19908.859375,5796180000
"NDX","^NDX",2024-06-20,"USD",19962.970703125,19979.9296875,19685.029296875,19752.30078125,19752.30078125,6289300000
"NDX","^NDX",2024-06-21,"USD",19722.369140625,19801.970703125,19643.51953125,19700.4296875,19700.4296875,8589160000
"NDX","^NDX",2024-06-24,"USD",19648.23046875,19723.19921875,19472.529296875,19474.619140625,19474.619140625,5503210000
"NDX","^NDX",2024-06-25,"USD",19555.83984375,19712.419921875,19523.509765625,19701.130859375,19701.130859375,4848280000
"NDX","^NDX",2024-06-26,"USD",19671.0703125,19763.55078125,19654.1796875,19751.05078125,19751.05078125,5294310000
"NDX","^NDX",2024-06-27,"USD",19740.51953125,19850.810546875,19701.33984375,19789.029296875,19789.029296875,5382060000
"NDX","^NDX",2024-06-28,"USD",19817,20017.7109375,19665.849609375,19682.869140625,19682.869140625,8960940000
"NDX","^NDX",2024-07-01,"USD",19720.109375,19827.75,19577.5390625,19812.220703125,19812.220703125,5189990000
"NDX","^NDX",2024-07-02,"USD",19746.220703125,20014.919921875,19741.810546875,20011.890625,20011.890625,4526550000
"NDX","^NDX",2024-07-03,"USD",19995.279296875,20186.630859375,19995.279296875,20186.630859375,20186.630859375,3713960000
"NDX","^NDX",2024-07-05,"USD",20224.130859375,20407,20201.5,20391.970703125,20391.970703125,4851000000
"NDX","^NDX",2024-07-08,"USD",20393.890625,20455.380859375,20363.369140625,20439.5390625,20439.5390625,5286260000
"NDX","^NDX",2024-07-09,"USD",20504.169921875,20543.900390625,20395.5703125,20453.01953125,20453.01953125,4839140000
"NDX","^NDX",2024-07-10,"USD",20533.26953125,20690.970703125,20479.939453125,20675.380859375,20675.380859375,5228240000
"NDX","^NDX",2024-07-11,"USD",20661.41015625,20672.099609375,20165,20211.359375,20211.359375,6366620000
"NDX","^NDX",2024-07-12,"USD",20226.23046875,20526.080078125,20217.990234375,20331.490234375,20331.490234375,5845930000
"NDX","^NDX",2024-07-15,"USD",20401.01953125,20585.169921875,20304.529296875,20386.880859375,20386.880859375,5450350000
"NDX","^NDX",2024-07-16,"USD",20441.529296875,20477,20266.509765625,20398.619140625,20398.619140625,5812930000
"NDX","^NDX",2024-07-17,"USD",20041.310546875,20080.26953125,19793.75,19799.140625,19799.140625,6007280000
"NDX","^NDX",2024-07-18,"USD",19936.240234375,19947.98046875,19575.7890625,19705.08984375,19705.08984375,5977260000
"NDX","^NDX",2024-07-19,"USD",19687.80078125,19784.48046875,19479.380859375,19522.619140625,19522.619140625,4992930000
"NDX","^NDX",2024-07-22,"USD",19751.01953125,19861.720703125,19638.369140625,19822.869140625,19822.869140625,5093620000
"NDX","^NDX",2024-07-23,"USD",19783.330078125,19904.599609375,19736.220703125,19754.33984375,19754.33984375,4938000000
"NDX","^NDX",2024-07-24,"USD",19475.66015625,19482.55078125,19005.470703125,19032.390625,19032.390625,6735560000
"NDX","^NDX",2024-07-25,"USD",19041.150390625,19227.19921875,18721.7109375,18830.580078125,18830.580078125,6114350000
"NDX","^NDX",2024-07-26,"USD",18990.19921875,19142.6796875,18899.310546875,19023.66015625,19023.66015625,5281560000
"NDX","^NDX",2024-07-29,"USD",19122.4296875,19224.58984375,18974.509765625,19059.490234375,19059.490234375,4897230000
"NDX","^NDX",2024-07-30,"USD",19129.560546875,19165.419921875,18667.220703125,18796.26953125,18796.26953125,5564310000
"NDX","^NDX",2024-07-31,"USD",19222.849609375,19426.619140625,19162.91015625,19362.4296875,19362.4296875,6292560000
"NDX","^NDX",2024-08-01,"USD",19375.970703125,19538.970703125,18737.08984375,18890.390625,18890.390625,6664550000
"NDX","^NDX",2024-08-02,"USD",18494.240234375,18628.779296875,18263.5,18440.849609375,18440.849609375,6313870000
"NDX","^NDX",2024-08-05,"USD",17444.400390625,18169.490234375,17435.390625,17895.16015625,17895.16015625,6852190000
"NDX","^NDX",2024-08-06,"USD",17961.44921875,18368.6796875,17858.8203125,18077.919921875,18077.919921875,5908930000
"NDX","^NDX",2024-08-07,"USD",18345.44921875,18445.75,17851.080078125,17867.369140625,17867.369140625,5913620000
"NDX","^NDX",2024-08-08,"USD",18102.05078125,18445.41015625,17965.0703125,18413.8203125,18413.8203125,5815880000
"NDX","^NDX",2024-08-09,"USD",18373.890625,18567.630859375,18313.779296875,18513.099609375,18513.099609375,5783410000
"NDX","^NDX",2024-08-12,"USD",18548.23046875,18665.75,18433.609375,18542.029296875,18542.029296875,4890850000
"NDX","^NDX",2024-08-13,"USD",18724.83984375,19013.009765625,18723.740234375,19006.4296875,19006.4296875,5469160000
"NDX","^NDX",2024-08-14,"USD",19043.759765625,19103,18837.099609375,19022.6796875,19022.6796875,4985480000
"NDX","^NDX",2024-08-15,"USD",19251.859375,19502.919921875,19239.939453125,19490.150390625,19490.150390625,5478170000
"NDX","^NDX",2024-08-16,"USD",19393.73046875,19561.240234375,19376.720703125,19508.51953125,19508.51953125,5138150000
"NDX","^NDX",2024-08-19,"USD",19521.9296875,19767.4296875,19445.099609375,19766.490234375,19766.490234375,5564300000
"NDX","^NDX",2024-08-20,"USD",19736.349609375,19835.380859375,19652.1796875,19719.8203125,19719.8203125,5305260000
"NDX","^NDX",2024-08-21,"USD",19758.470703125,19885.33984375,19690.640625,19824.83984375,19824.83984375,4765150000
"NDX","^NDX",2024-08-22,"USD",19911.279296875,19938.890625,19459.859375,19491.83984375,19491.83984375,5065360000
"NDX","^NDX",2024-08-23,"USD",19669.779296875,19818.400390625,19526.630859375,19720.869140625,19720.869140625,5380810000
"NDX","^NDX",2024-08-26,"USD",19679.240234375,19726.900390625,19437.33984375,19516.439453125,19516.439453125,5110940000
"NDX","^NDX",2024-08-27,"USD",19450.5703125,19617.919921875,19369.529296875,19581.51953125,19581.51953125,4362380000
"NDX","^NDX",2024-08-28,"USD",19567.44921875,19587.0390625,19221.48046875,19350.779296875,19350.779296875,5211920000
"NDX","^NDX",2024-08-29,"USD",19425.279296875,19622.73046875,19281.650390625,19325.44921875,19325.44921875,5727780000
"NDX","^NDX",2024-08-30,"USD",19506.26953125,19582.169921875,19326.619140625,19574.640625,19574.640625,5531150000
"NDX","^NDX",2024-09-03,"USD",19438.109375,19438.109375,18869.80078125,18958.740234375,18958.740234375,5813970000
"NDX","^NDX",2024-09-04,"USD",18832.640625,19070.8203125,18808.759765625,18921.400390625,18921.400390625,5011820000
"NDX","^NDX",2024-09-05,"USD",18864.419921875,19102.359375,18806.830078125,18930.330078125,18930.330078125,4983030000
"NDX","^NDX",2024-09-06,"USD",18903.029296875,18930.76953125,18400.970703125,18421.310546875,18421.310546875,5549030000
"NDX","^NDX",2024-09-09,"USD",18579.80078125,18693.859375,18469.400390625,18660.779296875,18660.779296875,5132150000
"NDX","^NDX",2024-09-10,"USD",18722.150390625,18845.740234375,18570.669921875,18829.140625,18829.140625,4963740000
"NDX","^NDX",2024-09-11,"USD",18866,19266.390625,18531.580078125,19237.30078125,19237.30078125,6086930000
"NDX","^NDX",2024-09-12,"USD",19236.419921875,19456.41015625,19166.80078125,19423.0703125,19423.0703125,4983120000
"NDX","^NDX",2024-09-13,"USD",19396.099609375,19556.80078125,19384.689453125,19514.58984375,19514.58984375,4802880000
"NDX","^NDX",2024-09-16,"USD",19412.7890625,19446.060546875,19294.1796875,19423.060546875,19423.060546875,4675530000
"NDX","^NDX",2024-09-17,"USD",19539.75,19596.33984375,19337.119140625,19432.400390625,19432.400390625,4959520000
"NDX","^NDX",2024-09-18,"USD",19478.509765625,19643.509765625,19330.810546875,19344.490234375,19344.490234375,5611630000
"NDX","^NDX",2024-09-19,"USD",19798.7109375,19951.7890625,19723.939453125,19839.830078125,19839.830078125,5574650000
"NDX","^NDX",2024-09-20,"USD",19816.2890625,19845.69921875,19632.73046875,19791.490234375,19791.490234375,9914480000
"NDX","^NDX",2024-09-23,"USD",19848.7109375,19892.779296875,19797.8203125,19852.19921875,19852.19921875,5237310000
"NDX","^NDX",2024-09-24,"USD",19917.560546875,19984.470703125,19739.669921875,19944.83984375,19944.83984375,5347580000
"NDX","^NDX",2024-09-25,"USD",19922.279296875,20043.4296875,19921.220703125,19972.609375,19972.609375,4858060000
"NDX","^NDX",2024-09-26,"USD",20273.30078125,20273.30078125,19966.990234375,20115.5390625,20115.5390625,5669210000
"NDX","^NDX",2024-09-27,"USD",20147.279296875,20152.529296875,19964.130859375,20008.619140625,20008.619140625,5367890000
"NDX","^NDX",2024-09-30,"USD",19959.259765625,20072.4296875,19852.849609375,20060.689453125,20060.689453125,5846150000
"NDX","^NDX",2024-10-01,"USD",20046.060546875,20056.19921875,19622.2890625,19773.30078125,19773.30078125,5879980000
"NDX","^NDX",2024-10-02,"USD",19725.94921875,19876.69921875,19630.91015625,19802.58984375,19802.58984375,5489040000
"NDX","^NDX",2024-10-03,"USD",19712.330078125,19902.69921875,19688.220703125,19793.33984375,19793.33984375,5208990000
"NDX","^NDX",2024-10-04,"USD",20025.16015625,20045.689453125,19829.490234375,20035.01953125,20035.01953125,5136070000
"NDX","^NDX",2024-10-07,"USD",19954.66015625,19990.119140625,19763.0390625,19800.740234375,19800.740234375,5240320000
"NDX","^NDX",2024-10-08,"USD",19902.2109375,20132.669921875,19881.080078125,20107.779296875,20107.779296875,5566510000
"NDX","^NDX",2024-10-09,"USD",20097.560546875,20284.419921875,20047.859375,20268.859375,20268.859375,5228670000
"NDX","^NDX",2024-10-10,"USD",20165.25,20314.240234375,20117.19921875,20241.759765625,20241.759765625,5855390000
"NDX","^NDX",2024-10-11,"USD",20154.83984375,20313.19921875,20142.1796875,20271.970703125,20271.970703125,5140440000
"NDX","^NDX",2024-10-14,"USD",20366.060546875,20493.900390625,20355.060546875,20439.05078125,20439.05078125,4894710000
"NDX","^NDX",2024-10-15,"USD",20442.76953125,20484.310546875,20083.560546875,20159.830078125,20159.830078125,6522700000
"NDX","^NDX",2024-10-16,"USD",20172.869140625,20200.58984375,20036.73046875,20174.05078125,20174.05078125,5257570000
"NDX","^NDX",2024-10-17,"USD",20375.2890625,20377.650390625,20186.4296875,20190.419921875,20190.419921875,5806860000
"NDX","^NDX",2024-10-18,"USD",20288.48046875,20360.2890625,20273.55078125,20324.0390625,20324.0390625,5090190000
"NDX","^NDX",2024-10-21,"USD",20280.490234375,20386.6796875,20193.029296875,20361.470703125,20361.470703125,6092180000
"NDX","^NDX",2024-10-22,"USD",20256.970703125,20437.9296875,20218.849609375,20390.4609375,20390.4609375,6407180000
"NDX","^NDX",2024-10-23,"USD",20303.55078125,20312.779296875,19934.919921875,20066.9609375,20066.9609375,6245610000
"NDX","^NDX",2024-10-24,"USD",20197.619140625,20256.380859375,20116.880859375,20232.869140625,20232.869140625,5761280000
"NDX","^NDX",2024-10-25,"USD",20354.91015625,20552.8203125,20322.25,20352.01953125,20352.01953125,6100040000
"NDX","^NDX",2024-10-28,"USD",20455.009765625,20470.4296875,20344.8203125,20351.0703125,20351.0703125,5641660000
"NDX","^NDX",2024-10-29,"USD",20369.080078125,20600.099609375,20294.580078125,20550.650390625,20550.650390625,6881170000
"NDX","^NDX",2024-10-30,"USD",20510.919921875,20559.51953125,20378.75,20387.69921875,20387.69921875,6514690000
"NDX","^NDX",2024-10-31,"USD",20227.189453125,20227.189453125,19880.259765625,19890.419921875,19890.419921875,6411940000
"NDX","^NDX",2024-11-01,"USD",19955.830078125,20162.5390625,19950.990234375,20033.140625,20033.140625,5896470000
"NDX","^NDX",2024-11-04,"USD",20011.55078125,20106.990234375,19898.5703125,19963.599609375,19963.599609375,5762320000
"NDX","^NDX",2024-11-05,"USD",20042.9296875,20249.2109375,20042.9296875,20227.4609375,20227.4609375,7060340000
"NDX","^NDX",2024-11-06,"USD",20571.2890625,20807.029296875,20526.640625,20781.330078125,20781.330078125,8138050000
"NDX","^NDX",2024-11-07,"USD",20896.41015625,21132.80078125,20896.41015625,21101.5703125,21101.5703125,9232670000
"NDX","^NDX",2024-11-08,"USD",21083.580078125,21155,21050.3203125,21117.1796875,21117.1796875,7316010000
"NDX","^NDX",2024-11-11,"USD",21171.240234375,21182.029296875,20993.48046875,21106.58984375,21106.58984375,8087930000
"NDX","^NDX",2024-11-12,"USD",21105.490234375,21144.669921875,20946.740234375,21070.7890625,21070.7890625,7816410000
"NDX","^NDX",2024-11-13,"USD",21049.66015625,21154.939453125,20955.240234375,21036.16015625,21036.16015625,9623670000
"NDX","^NDX",2024-11-14,"USD",21052.0703125,21067.66015625,20864.01953125,20896.669921875,20896.669921875,8680480000
"NDX","^NDX",2024-11-15,"USD",20679.98046875,20684.560546875,20315.080078125,20394.130859375,20394.130859375,8002270000
"NDX","^NDX",2024-11-18,"USD",20450.2109375,20622.279296875,20401.259765625,20539.189453125,20539.189453125,8455360000
"NDX","^NDX",2024-11-19,"USD",20435.6796875,20696.470703125,20423.30078125,20684.58984375,20684.58984375,7246610000
"NDX","^NDX",2024-11-20,"USD",20660.83984375,20676.5703125,20402.5390625,20667.099609375,20667.099609375,7121670000
"NDX","^NDX",2024-11-21,"USD",20775.26953125,20814.9296875,20436.80078125,20740.779296875,20740.779296875,7492540000
"NDX","^NDX",2024-11-22,"USD",20737.490234375,20797.240234375,20655.720703125,20776.23046875,20776.23046875,6575820000
"NDX","^NDX",2024-11-25,"USD",20918.759765625,20998.490234375,20712.380859375,20804.890625,20804.890625,7932980000
"NDX","^NDX",2024-11-26,"USD",20871.55078125,20944.900390625,20832.400390625,20922.900390625,20922.900390625,6411770000
"NDX","^NDX",2024-11-27,"USD",20852.4296875,20853.080078125,20615.419921875,20744.490234375,20744.490234375,5619090000
"NDX","^NDX",2024-11-29,"USD",20771.01953125,20956.310546875,20751.9609375,20930.369140625,20930.369140625,4042550000
"NDX","^NDX",2024-12-02,"USD",20971.759765625,21201.029296875,20971.759765625,21164.599609375,21164.599609375,6370530000
"NDX","^NDX",2024-12-03,"USD",21106.509765625,21235.7890625,21081.810546875,21229.3203125,21229.3203125,6005160000
"NDX","^NDX",2024-12-04,"USD",21361.810546875,21498.439453125,21340.83984375,21492.359375,21492.359375,7870030000
"NDX","^NDX",2024-12-05,"USD",21488.51953125,21517.490234375,21411.529296875,21425.220703125,21425.220703125,7229510000
"NDX","^NDX",2024-12-06,"USD",21458.580078125,21626.310546875,21449.619140625,21622.25,21622.25,6787610000
"NDX","^NDX",2024-12-09,"USD",21573.759765625,21609.990234375,21400.76953125,21440.8203125,21440.8203125,7884620000
"NDX","^NDX",2024-12-10,"USD",21492.509765625,21567.01953125,21313.26953125,21368.1796875,21368.1796875,6843850000
"NDX","^NDX",2024-12-11,"USD",21540.380859375,21784.7109375,21533.890625,21763.98046875,21763.98046875,6639720000
"NDX","^NDX",2024-12-12,"USD",21652.849609375,21715.830078125,21596.669921875,21615.26953125,21615.26953125,7047550000
"NDX","^NDX",2024-12-13,"USD",21789.650390625,21886.740234375,21646.08984375,21780.25,21780.25,6028250000
"NDX","^NDX",2024-12-16,"USD",21891.359375,22133.220703125,21879.740234375,22096.66015625,22096.66015625,8855040000
"NDX","^NDX",2024-12-17,"USD",22003.640625,22062,21921.2109375,22001.080078125,22001.080078125,9534350000
"NDX","^NDX",2024-12-18,"USD",21979.529296875,22038.080078125,21146.830078125,21209.3203125,21209.3203125,9996120000
"NDX","^NDX",2024-12-19,"USD",21358.7890625,21413.740234375,21093.4609375,21110.509765625,21110.509765625,8029590000
"NDX","^NDX",2024-12-20,"USD",20939.640625,21540.3203125,20913.720703125,21289.150390625,21289.150390625,10962450000
"NDX","^NDX",2024-12-23,"USD",21364.259765625,21510.08984375,21224.26953125,21503.169921875,21503.169921875,6820720000
"NDX","^NDX",2024-12-24,"USD",21564.369140625,21797.650390625,21558.970703125,21797.650390625,21797.650390625,4739190000
"NDX","^NDX",2024-12-26,"USD",21733.98046875,21837.69921875,21645.619140625,21768.310546875,21768.310546875,6467910000
"NDX","^NDX",2024-12-27,"USD",21633.099609375,21642.259765625,21292.189453125,21473.01953125,21473.01953125,7765120000
"NDX","^NDX",2024-12-30,"USD",21189.099609375,21346.060546875,21046.630859375,21197.08984375,21197.08984375,8384090000
"NDX","^NDX",2024-12-31,"USD",21256.01953125,21276.140625,20979.51953125,21012.169921875,21012.169921875,8873030000
"NDX","^NDX",2025-01-02,"USD",21120.05078125,21236.58984375,20800.5,20975.619140625,20975.619140625,8737550000
"NDX","^NDX",2025-01-03,"USD",21096.7890625,21359.630859375,21075.890625,21326.16015625,21326.16015625,8214050000
"NDX","^NDX",2025-01-06,"USD",21551.1796875,21703.490234375,21462.51953125,21559.5,21559.5,9586840000
"NDX","^NDX",2025-01-07,"USD",21619.890625,21621.25,21101.08984375,21173.0390625,21173.0390625,13371130000
"NDX","^NDX",2025-01-08,"USD",21156.759765625,21242.609375,20992.080078125,21180.970703125,21180.970703125,8851720000
"NDX","^NDX",2025-01-10,"USD",21012.2890625,21015.509765625,20718.779296875,20847.580078125,20847.580078125,8608880000
"NDX","^NDX",2025-01-13,"USD",20593.650390625,20797.099609375,20538.330078125,20784.720703125,20784.720703125,7830760000
"NDX","^NDX",2025-01-14,"USD",20896.359375,20969.51953125,20622.720703125,20757.41015625,20757.41015625,7168110000
"NDX","^NDX",2025-01-15,"USD",21067.810546875,21286.009765625,21024.26953125,21237.849609375,21237.849609375,7260250000
"NDX","^NDX",2025-01-16,"USD",21324.98046875,21330.58984375,21087.849609375,21091.25,21091.25,7085990000
"NDX","^NDX",2025-01-17,"USD",21461.900390625,21515.759765625,21334.630859375,21441.16015625,21441.16015625,7996360000
"NDX","^NDX",2025-01-21,"USD",21557.8203125,21620.23046875,21379.060546875,21566.509765625,21566.509765625,8015780000
"NDX","^NDX",2025-01-22,"USD",21756.23046875,21943.0390625,21756.23046875,21853,21853,7219060000
"NDX","^NDX",2025-01-23,"USD",21737.240234375,21900.9296875,21722.0390625,21900.9296875,21900.9296875,6837700000
"NDX","^NDX",2025-01-24,"USD",21915.48046875,21945.48046875,21709.060546875,21774.009765625,21774.009765625,7708150000
"NDX","^NDX",2025-01-27,"USD",21000.169921875,21292.5390625,20974.900390625,21127.279296875,21127.279296875,8870200000
"NDX","^NDX",2025-01-28,"USD",21186.080078125,21500.73046875,21043.130859375,21463.0390625,21463.0390625,7121740000
"NDX","^NDX",2025-01-29,"USD",21473.009765625,21477.880859375,21251.80078125,21411.4609375,21411.4609375,6497710000
"NDX","^NDX",2025-01-30,"USD",21519.810546875,21623.44921875,21308.689453125,21508.119140625,21508.119140625,6679500000
"NDX","^NDX",2025-01-31,"USD",21661.560546875,21846.009765625,21425.7890625,21478.05078125,21478.05078125,7947370000
"NDX","^NDX",2025-02-03,"USD",21084.640625,21406.580078125,21004.349609375,21297.580078125,21297.580078125,8272460000
"NDX","^NDX",2025-02-04,"USD",21319.580078125,21582.400390625,21308.240234375,21566.919921875,21566.919921875,6477050000
"NDX","^NDX",2025-02-05,"USD",21453.869140625,21662.98046875,21408.640625,21658.16015625,21658.16015625,6712220000
"NDX","^NDX",2025-02-06,"USD",21674.169921875,21776.080078125,21618.25,21774.0703125,21774.0703125,6642100000
"NDX","^NDX",2025-02-07,"USD",21776.279296875,21869.3203125,21465.4609375,21491.310546875,21491.310546875,7748940000
"NDX","^NDX",2025-02-10,"USD",21670.060546875,21793.130859375,21645.169921875,21756.73046875,21756.73046875,9535440000
"NDX","^NDX",2025-02-11,"USD",21629.109375,21776.25,21625.509765625,21693.51953125,21693.51953125,9269380000
"NDX","^NDX",2025-02-12,"USD",21475.41015625,21745.66015625,21454.189453125,21719.259765625,21719.259765625,7946550000
"NDX","^NDX",2025-02-13,"USD",21786.16015625,22038.150390625,21758.0390625,22030.7109375,22030.7109375,8414510000
"NDX","^NDX",2025-02-14,"USD",22038.609375,22139.4296875,22010.349609375,22114.689453125,22114.689453125,7995720000
"NDX","^NDX",2025-02-18,"USD",22176.009765625,22191.369140625,22029.580078125,22164.609375,22164.609375,8683170000
"NDX","^NDX",2025-02-19,"USD",22121.73046875,22222.609375,22045.75,22175.599609375,22175.599609375,8171530000
"NDX","^NDX",2025-02-20,"USD",22132.7109375,22148.439453125,21878.75,22068.060546875,22068.060546875,7329270000
"NDX","^NDX",2025-02-21,"USD",22110.5390625,22115.2109375,21597.16015625,21614.080078125,21614.080078125,8461020000
"NDX","^NDX",2025-02-24,"USD",21669.359375,21727.580078125,21341.9609375,21352.080078125,21352.080078125,7414760000
"NDX","^NDX",2025-02-25,"USD",21318.76953125,21326.810546875,20930.580078125,21087.25,21087.25,7991440000
"NDX","^NDX",2025-02-26,"USD",21170.509765625,21350.51953125,21012.619140625,21132.919921875,21132.919921875,7034450000
"NDX","^NDX",2025-02-27,"USD",21281.359375,21323.91015625,20540.6796875,20550.94921875,20550.94921875,7700290000
"NDX","^NDX",2025-02-28,"USD",20518.650390625,20900.76953125,20407.44921875,20884.41015625,20884.41015625,8247520000
"NDX","^NDX",2025-03-03,"USD",20989.580078125,21073.80078125,20279.5,20425.580078125,20425.580078125,8170140000
"NDX","^NDX",2025-03-04,"USD",20281.880859375,20688.4609375,20034.6796875,20352.529296875,20352.529296875,8469180000
"NDX","^NDX",2025-03-05,"USD",20363.220703125,20688.720703125,20182.5703125,20628.4609375,20628.4609375,7048430000
"NDX","^NDX",2025-03-06,"USD",20231.740234375,20473.41015625,19968.560546875,20052.630859375,20052.630859375,7686200000
"NDX","^NDX",2025-03-07,"USD",20015.619140625,20253.220703125,19736.810546875,20201.369140625,20201.369140625,8135420000
"NDX","^NDX",2025-03-10,"USD",19826.9609375,19867.080078125,19243.310546875,19430.94921875,19430.94921875,8636040000
"NDX","^NDX",2025-03-11,"USD",19405.51953125,19659.4296875,19180.560546875,19376.9609375,19376.9609375,9177320000
"NDX","^NDX",2025-03-12,"USD",19663.390625,19756.08984375,19375.25,19596.01953125,19596.01953125,7746430000
"NDX","^NDX",2025-03-13,"USD",19534.369140625,19558.560546875,19152.5703125,19225.48046875,19225.48046875,7147050000
"NDX","^NDX",2025-03-14,"USD",19458.890625,19729.2109375,19436.0390625,19704.640625,19704.640625,7093850000
"NDX","^NDX",2025-03-17,"USD",19670.689453125,19943.810546875,19622.470703125,19812.240234375,19812.240234375,6306340000
"NDX","^NDX",2025-03-18,"USD",19657.099609375,19676.05078125,19397.080078125,19483.359375,19483.359375,6450530000
"NDX","^NDX",2025-03-19,"USD",19576.3203125,19921.619140625,19497.7890625,19736.66015625,19736.66015625,6302310000
"NDX","^NDX",2025-03-20,"USD",19558.279296875,19888.849609375,19549.310546875,19677.609375,19677.609375,6098330000
"NDX","^NDX",2025-03-21,"USD",19466.439453125,19767.98046875,19409.1796875,19753.970703125,19753.970703125,8837930000
"NDX","^NDX",2025-03-24,"USD",20041.2109375,20208.83984375,20024.970703125,20180.44921875,20180.44921875,6787790000
"NDX","^NDX",2025-03-25,"USD",20196.5,20292.189453125,20164.0703125,20287.830078125,20287.830078125,6475790000
"NDX","^NDX",2025-03-26,"USD",20239.0390625,20270.189453125,19848.490234375,19916.990234375,19916.990234375,9091510000
"NDX","^NDX",2025-03-27,"USD",19814.609375,20003.359375,19740.220703125,19798.619140625,19798.619140625,8002470000
"NDX","^NDX",2025-03-28,"USD",19718.4609375,19752.44921875,19241.5390625,19281.400390625,19281.400390625,7015410000
"NDX","^NDX",2025-03-31,"USD",18998.5390625,19316.060546875,18799.19921875,19278.44921875,19278.44921875,8122180000
"NDX","^NDX",2025-04-01,"USD",19192.76953125,19468.619140625,19095.169921875,19436.419921875,19436.419921875,7756540000
"NDX","^NDX",2025-04-02,"USD",19182.390625,19707.33984375,19157.19921875,19581.779296875,19581.779296875,9126630000
"NDX","^NDX",2025-04-03,"USD",18774.150390625,18902.0703125,18502.970703125,18521.470703125,18521.470703125,9461330000
"NDX","^NDX",2025-04-04,"USD",18022.16015625,18089.25,17387.830078125,17397.69921875,17397.69921875,11038180000
"NDX","^NDX",2025-04-07,"USD",16771.76953125,18191.5,16542.19921875,17430.6796875,17430.6796875,12483580000
"NDX","^NDX",2025-04-08,"USD",18034.4609375,18207.009765625,16850.1796875,17090.400390625,17090.400390625,10496650000
"NDX","^NDX",2025-04-09,"USD",17116.529296875,19234.01953125,17082.359375,19145.060546875,19145.060546875,13479740000
"NDX","^NDX",2025-04-10,"USD",18626.109375,18710.580078125,17794.5,18343.5703125,18343.5703125,11861670000
"NDX","^NDX",2025-04-11,"USD",18309.2890625,18728.94921875,18153.3203125,18690.05078125,18690.05078125,9444890000
"NDX","^NDX",2025-04-14,"USD",19095.490234375,19115.150390625,18614.759765625,18796.01953125,18796.01953125,9667260000
"NDX","^NDX",2025-04-15,"USD",18831.98046875,19004.169921875,18754.869140625,18830.23046875,18830.23046875,7483050000
"NDX","^NDX",2025-04-16,"USD",18475.759765625,18597.3203125,17995.9609375,18257.640625,18257.640625,7909190000
"NDX","^NDX",2025-04-17,"USD",18369.900390625,18401.05078125,18144.4609375,18258.08984375,18258.08984375,7046290000
"NDX","^NDX",2025-04-21,"USD",18023.009765625,18043.080078125,17592.919921875,17808.30078125,17808.30078125,6678730000
"NDX","^NDX",2025-04-22,"USD",18033.900390625,18396.390625,17993.240234375,18276.41015625,18276.41015625,6981900000
"NDX","^NDX",2025-04-23,"USD",18870.630859375,19043.009765625,18618.890625,18693.259765625,18693.259765625,8564870000
"NDX","^NDX",2025-04-24,"USD",18756.529296875,19224.80078125,18744.470703125,19214.400390625,19214.400390625,7607400000
"NDX","^NDX",2025-04-25,"USD",19209.720703125,19447.560546875,19133.23046875,19432.560546875,19432.560546875,7412930000
"NDX","^NDX",2025-04-28,"USD",19432.720703125,19519.330078125,19162.4609375,19427.2890625,19427.2890625,10313290000
"NDX","^NDX",2025-04-29,"USD",19315.94921875,19582.76953125,19304.830078125,19544.94921875,19544.94921875,13001930000
"NDX","^NDX",2025-04-30,"USD",19168.08984375,19612.759765625,19011.98046875,19571.01953125,19571.01953125,8595330000
"NDX","^NDX",2025-05-01,"USD",19866.830078125,20024.48046875,19763.140625,19786.7109375,19786.7109375,8409690000
"NDX","^NDX",2025-05-02,"USD",19986.609375,20176.599609375,19936.669921875,20102.609375,20102.609375,8180190000
"NDX","^NDX",2025-05-05,"USD",19928.8203125,20100.609375,19899.279296875,19967.939453125,19967.939453125,7075320000
"NDX","^NDX",2025-05-06,"USD",19709.640625,19927.23046875,19659.3203125,19791.349609375,19791.349609375,6958220000
"NDX","^NDX",2025-05-07,"USD",19804.5,19960.859375,19605.0703125,19867.970703125,19867.970703125,7977870000
"NDX","^NDX",2025-05-08,"USD",20067.4296875,20249.759765625,19907.669921875,20063.560546875,20063.560546875,8500390000
"NDX","^NDX",2025-05-09,"USD",20170.369140625,20203.580078125,19984.529296875,20061.44921875,20061.44921875,8835140000
"NDX","^NDX",2025-05-12,"USD",20818.779296875,20870.119140625,20613.26953125,20868.150390625,20868.150390625,10717670000
"NDX","^NDX",2025-05-13,"USD",20906.919921875,21259.390625,20891.1796875,21197.69921875,21197.69921875,9242230000
"NDX","^NDX",2025-05-14,"USD",21254.470703125,21336.48046875,21199.849609375,21319.2109375,21319.2109375,11744820000
"NDX","^NDX",2025-05-15,"USD",21206.73046875,21443.880859375,21168.169921875,21335.8203125,21335.8203125,10546350000
"NDX","^NDX",2025-05-16,"USD",21375.630859375,21428.7890625,21246.419921875,21427.939453125,21427.939453125,10509820000
"NDX","^NDX",2025-05-19,"USD",21138.130859375,21464.560546875,21138.130859375,21447.05078125,21447.05078125,13080030000
"NDX","^NDX",2025-05-20,"USD",21347.630859375,21399.990234375,21226.66015625,21367.369140625,21367.369140625,9047100000
"NDX","^NDX",2025-05-21,"USD",21217.310546875,21482.98046875,21002.099609375,21080.359375,21080.359375,11112460000
"NDX","^NDX",2025-05-22,"USD",21097.4609375,21263.1796875,21046.220703125,21112.470703125,21112.470703125,8289710000
"NDX","^NDX",2025-05-23,"USD",20806.369140625,21025.580078125,20777.970703125,20915.66015625,20915.66015625,8730370000
"NDX","^NDX",2025-05-27,"USD",21201.44921875,21429.3203125,21145.130859375,21414.990234375,21414.990234375,8927760000
"NDX","^NDX",2025-05-28,"USD",21451.689453125,21508.080078125,21296.509765625,21318.169921875,21318.169921875,8087530000
"NDX","^NDX",2025-05-29,"USD",21611.5390625,21611.5390625,21260.73046875,21363.94921875,21363.94921875,11016850000
"NDX","^NDX",2025-05-30,"USD",21330.849609375,21386.2890625,21032.560546875,21340.990234375,21340.990234375,9042260000
"NDX","^NDX",2025-06-02,"USD",21270.5703125,21500.359375,21199.369140625,21491.75,21491.75,7779940000
"NDX","^NDX",2025-06-03,"USD",21529.98046875,21715.9609375,21474.509765625,21662.580078125,21662.580078125,7990230000
"NDX","^NDX",2025-06-04,"USD",21689.01953125,21761.369140625,21607.330078125,21721.919921875,21721.919921875,7695660000
"NDX","^NDX",2025-06-05,"USD",21782.33984375,21891.890625,21472.76953125,21547.4296875,21547.4296875,8782360000
"NDX","^NDX",2025-06-06,"USD",21777.5,21836.5703125,21696.689453125,21761.7890625,21761.7890625,7291590000
"NDX","^NDX",2025-06-09,"USD",21779.1796875,21855.150390625,21729.30078125,21797.869140625,21797.869140625,9538700000
"NDX","^NDX",2025-06-10,"USD",21819.7890625,21961.419921875,21727.33984375,21941.919921875,21941.919921875,11221560000
"NDX","^NDX",2025-06-11,"USD",21994.16015625,22041.830078125,21775.26953125,21860.80078125,21860.80078125,10214190000
"NDX","^NDX",2025-06-12,"USD",21826.7890625,21952,21807,21913.3203125,21913.3203125,16308730000
"NDX","^NDX",2025-06-13,"USD",21675.939453125,21838.470703125,21591.109375,21631.0390625,21631.0390625,9001850000
"NDX","^NDX",2025-06-16,"USD",21783.080078125,21979.76953125,21783.080078125,21937.5703125,21937.5703125,9619130000
"NDX","^NDX",2025-06-17,"USD",21858.890625,21896.419921875,21680.1796875,21719.080078125,21719.080078125,8519930000
"NDX","^NDX",2025-06-18,"USD",21745.5,21863,21660.51953125,21719.689453125,21719.689453125,7818790000
"NDX","^NDX",2025-06-20,"USD",21834.490234375,21902.990234375,21552.810546875,21626.390625,21626.390625,9969140000
"NDX","^NDX",2025-06-23,"USD",21632.779296875,21871.869140625,21532.3203125,21856.330078125,21856.330078125,9088000000
"NDX","^NDX",2025-06-24,"USD",22053.330078125,22220.640625,22045.630859375,22190.51953125,22190.51953125,8330090000
"NDX","^NDX",2025-06-25,"USD",22279.689453125,22329.23046875,22175.080078125,22237.740234375,22237.740234375,8256120000
"NDX","^NDX",2025-06-26,"USD",22328.240234375,22466.990234375,22255.26953125,22447.2890625,22447.2890625,8383380000
"NDX","^NDX",2025-06-27,"USD",22484.869140625,22603.220703125,22382.7890625,22534.19921875,22534.19921875,10951070000
"NDX","^NDX",2025-06-30,"USD",22632.919921875,22721.5,22565.109375,22679.009765625,22679.009765625,8220420000
"NDX","^NDX",2025-07-01,"USD",22594.48046875,22631.259765625,22388.08984375,22478.130859375,22478.130859375,8631710000
"NDX","^NDX",2025-07-02,"USD",22451.810546875,22644.720703125,22448.0703125,22641.890625,22641.890625,8378750000
"NDX","^NDX",2025-07-03,"USD",22751.640625,22896.009765625,22736.080078125,22866.970703125,22866.970703125,6177910000
"NDX","^NDX",2025-07-07,"USD",22754.380859375,22776.2109375,22587.470703125,22685.5703125,22685.5703125,8345710000
"NDX","^NDX",2025-07-08,"USD",22735.259765625,22761.80078125,22652.439453125,22702.25,22702.25,8437480000
"NDX","^NDX",2025-07-09,"USD",22800.359375,22915.330078125,22733.650390625,22864.91015625,22864.91015625,9978310000
"NDX","^NDX",2025-07-10,"USD",22890.4296875,22907.0390625,22716.41015625,22829.259765625,22829.259765625,9781380000
"NDX","^NDX",2025-07-11,"USD",22757.990234375,22837.380859375,22692.80078125,22780.599609375,22780.599609375,8135800000
"NDX","^NDX",2025-07-14,"USD",22780.189453125,22886.939453125,22675.279296875,22855.630859375,22855.630859375,8010060000
"NDX","^NDX",2025-07-15,"USD",23036.859375,23051.869140625,22876.470703125,22884.58984375,22884.58984375,8399060000
"NDX","^NDX",2025-07-16,"USD",22895.30078125,22928.55078125,22669.369140625,22907.970703125,22907.970703125,9056640000
"NDX","^NDX",2025-07-17,"USD",22931.01953125,23104.720703125,22905.509765625,23081.05078125,23081.05078125,9994550000
"NDX","^NDX",2025-07-18,"USD",23135.08984375,23153.2109375,23018.359375,23065.470703125,23065.470703125,9354580000
"NDX","^NDX",2025-07-21,"USD",23124.970703125,23264.44921875,23122.9296875,23180.060546875,23180.060546875,12046970000
"NDX","^NDX",2025-07-22,"USD",23182.01953125,23186.359375,22953.849609375,23063.580078125,23063.580078125,10583710000
"NDX","^NDX",2025-07-23,"USD",23100.25,23168.490234375,23000.4609375,23162.41015625,23162.41015625,10972770000
"NDX","^NDX",2025-07-24,"USD",23228.7890625,23268.490234375,23150.26953125,23219.869140625,23219.869140625,12741070000
"NDX","^NDX",2025-07-25,"USD",23204.66015625,23326.30078125,23193.990234375,23272.25,23272.25,11028310000
"NDX","^NDX",2025-07-28,"USD",23343.130859375,23386.759765625,23299.810546875,23356.26953125,23356.26953125,10612580000
"NDX","^NDX",2025-07-29,"USD",23477.83984375,23510.919921875,23283.400390625,23308.30078125,23308.30078125,10040610000
"NDX","^NDX",2025-07-30,"USD",23337.330078125,23447.150390625,23226.919921875,23345.41015625,23345.41015625,9311770000
"NDX","^NDX",2025-07-31,"USD",23589.369140625,23589.369140625,23176.119140625,23218.119140625,23218.119140625,9917220000
"NDX","^NDX",2025-08-01,"USD",22941.060546875,22972.470703125,22673.880859375,22763.310546875,22763.310546875,9667420000
"NDX","^NDX",2025-08-04,"USD",22986.76953125,23191.0390625,22973.599609375,23188.609375,23188.609375,7355970000
"NDX","^NDX",2025-08-05,"USD",23235.310546875,23286.05078125,23008.140625,23018.560546875,23018.560546875,7982940000
"NDX","^NDX",2025-08-06,"USD",23070.94921875,23330.490234375,23042.26953125,23315.0390625,23315.0390625,8580020000
"NDX","^NDX",2025-08-07,"USD",23483.419921875,23560.73046875,23225.720703125,23389.529296875,23389.529296875,8979190000
"NDX","^NDX",2025-08-08,"USD",23458.130859375,23619.240234375,23437.609375,23611.26953125,23611.26953125,8669200000
"NDX","^NDX",2025-08-11,"USD",23629.01953125,23698,23484.25,23526.630859375,23526.630859375,9099730000
"NDX","^NDX",2025-08-12,"USD",23651.609375,23849.5,23524.279296875,23839.19921875,23839.19921875,8382820000
"NDX","^NDX",2025-08-13,"USD",23935.060546875,23969.279296875,23789.119140625,23849.0390625,23849.0390625,8763080000
"NDX","^NDX",2025-08-14,"USD",23775.009765625,23908.259765625,23748.98046875,23832.439453125,23832.439453125,9110860000
"NDX","^NDX",2025-08-15,"USD",23809,23813.990234375,23651.2109375,23712.0703125,23712.0703125,8158830000
"NDX","^NDX",2025-08-18,"USD",23692.130859375,23733.5,23637.41015625,23713.759765625,23713.759765625,8260970000
"NDX","^NDX",2025-08-19,"USD",23689.01953125,23695.640625,23346.33984375,23384.76953125,23384.76953125,8461660000
"NDX","^NDX",2025-08-20,"USD",23343.41015625,23343.41015625,22959.69921875,23249.5703125,23249.5703125,7810310000
"NDX","^NDX",2025-08-21,"USD",23182.759765625,23264.26953125,23046.390625,23142.580078125,23142.580078125,6530580000
"NDX","^NDX",2025-08-22,"USD",23184.990234375,23575.359375,23140.0390625,23498.119140625,23498.119140625,9401300000
"NDX","^NDX",2025-08-25,"USD",23454.279296875,23546.44921875,23382.189453125,23425.609375,23425.609375,8443200000
"NDX","^NDX",2025-08-26,"USD",23420.849609375,23532.509765625,23369.0390625,23525.2890625,23525.2890625,9087930000
"NDX","^NDX",2025-08-27,"USD",23499.669921875,23591.05078125,23434.310546875,23565.849609375,23565.849609375,8040510000
"NDX","^NDX",2025-08-28,"USD",23601.349609375,23741.23046875,23514.69921875,23703.44921875,23703.44921875,7807080000
"NDX","^NDX",2025-08-29,"USD",23607.5390625,23607.5390625,23353.9609375,23415.419921875,23415.419921875,7715430000
"NDX","^NDX",2025-09-02,"USD",23020.470703125,23242.279296875,22977.880859375,23231.109375,23231.109375,8183410000
"NDX","^NDX",2025-09-03,"USD",23388.279296875,23478.009765625,23279.119140625,23414.83984375,23414.83984375,7488290000
"NDX","^NDX",2025-09-04,"USD",23442.189453125,23639.0390625,23371.330078125,23633.009765625,23633.009765625,7282150000
"NDX","^NDX",2025-09-05,"USD",23841.98046875,23860.25,23475.330078125,23652.439453125,23652.439453125,8413730000
"NDX","^NDX",2025-09-08,"USD",23759.619140625,23851.810546875,23725.0390625,23762.30078125,23762.30078125,8435850000
"NDX","^NDX",2025-09-09,"USD",23824.330078125,23852.419921875,23698,23839.80078125,23839.80078125,7877410000
"NDX","^NDX",2025-09-10,"USD",23931.3203125,23958.5390625,23760.099609375,23849.26953125,23849.26953125,9090550000
"NDX","^NDX",2025-09-11,"USD",23956.5703125,24016.529296875,23883.009765625,23992.560546875,23992.560546875,10025020000
"NDX","^NDX",2025-09-12,"USD",24030.76953125,24137.060546875,23983.630859375,24092.189453125,24092.189453125,9023140000
"NDX","^NDX",2025-09-15,"USD",24178.599609375,24297.33984375,24173.140625,24293.779296875,24293.779296875,8904030000
"NDX","^NDX",2025-09-16,"USD",24342.75,24343.349609375,24244.2109375,24274.25,24274.25,8592240000
"NDX","^NDX",2025-09-17,"USD",24286.4296875,24292.060546875,23999.75,24223.689453125,24223.689453125,9325980000
"NDX","^NDX",2025-09-18,"USD",24421.2109375,24554.51953125,24347.5390625,24454.890625,24454.890625,10478450000
"NDX","^NDX",2025-09-19,"USD",24528.439453125,24641.9296875,24469.279296875,24626.25,24626.25,14632360000
"NDX","^NDX",2025-09-22,"USD",24588.1796875,24781.73046875,24578.08984375,24761.0703125,24761.0703125,9736270000
"NDX","^NDX",2025-09-23,"USD",24752.740234375,24764.30078125,24536.5,24580.169921875,24580.169921875,9822620000
"NDX","^NDX",2025-09-24,"USD",24648.970703125,24650.419921875,24388.58984375,24503.5703125,24503.5703125,9184030000
"NDX","^NDX",2025-09-25,"USD",24321.73046875,24460.66015625,24186.369140625,24397.310546875,24397.310546875,9960330000
"NDX","^NDX",2025-09-26,"USD",24410.94921875,24510.369140625,24297.69921875,24503.849609375,24503.849609375,8488400000
"NDX","^NDX",2025-09-29,"USD",24629.01953125,24741.76953125,24560.220703125,24611.349609375,24611.349609375,9046720000
"NDX","^NDX",2025-09-30,"USD",24597.400390625,24691.23046875,24505.140625,24679.990234375,24679.990234375,8928070000
"NDX","^NDX",2025-10-01,"USD",24539.25,24816.669921875,24517.759765625,24800.859375,24800.859375,10043980000
"NDX","^NDX",2025-10-02,"USD",24933.490234375,24944.75,24780.109375,24892.759765625,24892.759765625,9633200000
"NDX","^NDX",2025-10-03,"USD",24931.419921875,24958.259765625,24713.580078125,24785.51953125,24785.51953125,10515730000
"NDX","^NDX",2025-10-06,"USD",24986.259765625,25044.259765625,24907.599609375,24978.560546875,24978.560546875,10468830000
"NDX","^NDX",2025-10-07,"USD",25031.779296875,25062.9609375,24783.94921875,24840.23046875,24840.23046875,10375920000
"NDX","^NDX",2025-10-08,"USD",24887.3203125,25142.189453125,24882.349609375,25136.619140625,25136.619140625,10925520000
"NDX","^NDX",2025-10-09,"USD",25124.7890625,25139.349609375,24966.810546875,25098.1796875,25098.1796875,10713200000
"NDX","^NDX",2025-10-10,"USD",25116.830078125,25195.279296875,24207.150390625,24221.740234375,24221.740234375,10713200000
"NDX","^NDX",2025-10-13,"USD",24625.740234375,24779.650390625,24540.419921875,24750.25,24750.25,9018770000
"NDX","^NDX",2025-10-14,"USD",24442.9296875,24766.369140625,24256.279296875,24579.3203125,24579.3203125,9776720000
"NDX","^NDX",2025-10-15,"USD",24807.33984375,24933.23046875,24496.0703125,24745.359375,24745.359375,11374850000
"NDX","^NDX",2025-10-16,"USD",24882.220703125,24998.30078125,24481.169921875,24657.240234375,24657.240234375,11343620000
"NDX","^NDX",2025-10-17,"USD",24600.55078125,24881.470703125,24511.58984375,24817.94921875,24817.94921875,9552150000
"NDX","^NDX",2025-10-20,"USD",24991.099609375,25183.810546875,24988.669921875,25141.01953125,25141.01953125,9440620000
"NDX","^NDX",2025-10-21,"USD",25139.80078125,25178.23046875,25043.060546875,25127.130859375,25127.130859375,10845130000
"NDX","^NDX",2025-10-22,"USD",25093.640625,25127.060546875,24652.109375,24879.009765625,24879.009765625,14361150000
"NDX","^NDX",2025-10-23,"USD",24869.599609375,25126.779296875,24856.33984375,25097.41015625,25097.41015625,10363600000
"NDX","^NDX",2025-10-24,"USD",25307.75,25418.640625,25288.7109375,25358.16015625,25358.16015625,10308620000
"NDX","^NDX",2025-10-27,"USD",25701.94921875,25839.029296875,25656.380859375,25821.55078125,25821.55078125,10757830000
"NDX","^NDX",2025-10-28,"USD",25932.640625,26087.48046875,25864.490234375,26012.150390625,26012.150390625,10640830000
"NDX","^NDX",2025-10-29,"USD",26147.720703125,26182.099609375,25907.44921875,26119.849609375,26119.849609375,10089540000
"NDX","^NDX",2025-10-30,"USD",25953.779296875,26031.6796875,25732.390625,25734.810546875,25734.810546875,10564160000
"NDX","^NDX",2025-10-31,"USD",26055.970703125,26063.490234375,25761.279296875,25858.130859375,25858.130859375,10909250000
"NDX","^NDX",2025-11-03,"USD",26114.109375,26132.869140625,25887.880859375,25972.939453125,25972.939453125,10360170000
"NDX","^NDX",2025-11-04,"USD",25580.33984375,25762.23046875,25415.619140625,25435.69921875,25435.69921875,10227700000
"NDX","^NDX",2025-11-05,"USD",25433.220703125,25750.880859375,25364.900390625,25620.029296875,25620.029296875,10026890000
"NDX","^NDX",2025-11-06,"USD",25568.240234375,25568.240234375,25083.240234375,25130.0390625,25130.0390625,11085130000
"NDX","^NDX",2025-11-07,"USD",24977.73046875,25065.140625,24603.779296875,25059.810546875,25059.810546875,10141910000
"NDX","^NDX",2025-11-10,"USD",25418.169921875,25655.509765625,25354.439453125,25611.740234375,25611.740234375,9297320000
"NDX","^NDX",2025-11-11,"USD",25500.9296875,25588.259765625,25380.859375,25533.490234375,25533.490234375,7756810000
"NDX","^NDX",2025-11-12,"USD",25662.189453125,25663.169921875,25389.73046875,25517.330078125,25517.330078125,8449920000
"NDX","^NDX",2025-11-13,"USD",25386.94921875,25396.009765625,24908.599609375,24993.4609375,24993.4609375,11351410000
"NDX","^NDX",2025-11-14,"USD",24658.55078125,25198.9296875,24534.900390625,25008.240234375,25008.240234375,10841540000
"NDX","^NDX",2025-11-17,"USD",24890.099609375,25166.150390625,24649.359375,24799.919921875,24799.919921875,9744800000
"NDX","^NDX",2025-11-18,"USD",24651.779296875,24735.119140625,24299.2890625,24503.099609375,24503.099609375,8606260000
"NDX","^NDX",2025-11-19,"USD",24517.26953125,24904.66015625,24432.189453125,24640.51953125,24640.51953125,8434200000
"NDX","^NDX",2025-11-20,"USD",25131.490234375,25222.94921875,24021.439453125,24054.380859375,24054.380859375,10548620000
"NDX","^NDX",2025-11-21,"USD",24137.66015625,24521.83984375,23854.029296875,24239.5703125,24239.5703125,9931240000
"NDX","^NDX",2025-11-24,"USD",24462.869140625,24923.58984375,24455.650390625,24873.849609375,24873.849609375,9232160000
"NDX","^NDX",2025-11-25,"USD",24790.0703125,25069.5390625,24542.7109375,25018.359375,25018.359375,8498500000
"NDX","^NDX",2025-11-26,"USD",25168.310546875,25309.150390625,25077.859375,25236.939453125,25236.939453125,7291400000
"NDX","^NDX",2025-11-28,"USD",25310.279296875,25435.76953125,25280.9609375,25434.890625,25434.890625,4541070000
"NDX","^NDX",2025-12-01,"USD",25232.75,25443.2109375,25158.630859375,25342.849609375,25342.849609375,7859560000
"NDX","^NDX",2025-12-02,"USD",25449.869140625,25622.580078125,25369.359375,25555.859375,25555.859375,7588580000
"NDX","^NDX",2025-12-03,"USD",25443.7109375,25639.990234375,25388.439453125,25606.5390625,25606.5390625,7962730000
"NDX","^NDX",2025-12-04,"USD",25658.140625,25658.26953125,25450.380859375,25581.69921875,25581.69921875,7456860000
"NDX","^NDX",2025-12-05,"USD",25657.779296875,25827.080078125,25617.349609375,25692.05078125,25692.05078125,8248280000
"NDX","^NDX",2025-12-08,"USD",25758.8203125,25828.16015625,25531.75,25627.94921875,25627.94921875,8533670000
"NDX","^NDX",2025-12-09,"USD",25593.669921875,25698.259765625,25532.33984375,25668.689453125,25668.689453125,7192600000
"NDX","^NDX",2025-12-10,"USD",25631.58984375,25835.029296875,25504.30078125,25776.439453125,25776.439453125,7987900000
"NDX","^NDX",2025-12-11,"USD",25598.390625,25696.2890625,25372.1796875,25686.689453125,25686.689453125,8337770000
"NDX","^NDX",2025-12-12,"USD",25531.55078125,25605.880859375,25104.6796875,25196.73046875,25196.73046875,8724070000
"NDX","^NDX",2025-12-15,"USD",25352.869140625,25377.619140625,25022.810546875,25067.26953125,25067.26953125,8649240000
"NDX","^NDX",2025-12-16,"USD",24991.490234375,25188.759765625,24922.939453125,25132.939453125,25132.939453125,7759960000
"NDX","^NDX",2025-12-17,"USD",25167.859375,25193.41015625,24647.609375,24647.609375,24647.609375,8616140000
"NDX","^NDX",2025-12-18,"USD",25031.490234375,25164.1796875,24921.44921875,25019.369140625,25019.369140625,7977920000
"NDX","^NDX",2025-12-19,"USD",25147.30078125,25354.8203125,25134.259765625,25346.1796875,25346.1796875,12874560000
"NDX","^NDX",2025-12-22,"USD",25527.6796875,25554.029296875,25401.58984375,25461.69921875,25461.69921875,7244910000
"NDX","^NDX",2025-12-23,"USD",25441.419921875,25590.029296875,25403.259765625,25587.830078125,25587.830078125,7518190000
"NDX","^NDX",2025-12-24,"USD",25582.33984375,25665.279296875,25556.849609375,25656.150390625,25656.150390625,3885190000
"NDX","^NDX",2025-12-26,"USD",25692.6796875,25716.7109375,25620.3203125,25644.390625,25644.390625,5170300000
"NDX","^NDX",2025-12-29,"USD",25462.25,25598.140625,25440.970703125,25525.560546875,25525.560546875,6527530000
"NDX","^NDX",2025-12-30,"USD",25509.880859375,25577.580078125,25456.9296875,25462.560546875,25462.560546875,6769300000
"NDX","^NDX",2025-12-31,"USD",25464.7109375,25483.76953125,25244.859375,25249.849609375,25249.849609375,5895130000
"NDX","^NDX",2026-01-02,"USD",25524.26953125,25597.650390625,25086.359375,25206.169921875,25206.169921875,7331460000
"NDX","^NDX",2026-01-05,"USD",25471.7890625,25520.51953125,25354.66015625,25401.3203125,25401.3203125,8737320000
"NDX","^NDX",2026-01-06,"USD",25462.060546875,25655.119140625,25428.080078125,25639.7109375,25639.7109375,9012640000
"NDX","^NDX",2026-01-07,"USD",25617.80078125,25813.169921875,25592.400390625,25653.900390625,25653.900390625,8396920000
"NDX","^NDX",2026-01-08,"USD",25615.349609375,25622.310546875,25400.16015625,25507.099609375,25507.099609375,7723140000
"NDX","^NDX",2026-01-09,"USD",25518.8203125,25811.44921875,25455.970703125,25766.259765625,25766.259765625,8124420000
"NDX","^NDX",2026-01-12,"USD",25616.810546875,25850.859375,25602.560546875,25787.66015625,25787.66015625,8707170000
"NDX","^NDX",2026-01-13,"USD",25779.279296875,25873.1796875,25642.109375,25741.94921875,25741.94921875,9416400000
"NDX","^NDX",2026-01-14,"USD",25575.5703125,25624.189453125,25266.19921875,25465.939453125,25465.939453125,12165220000
"NDX","^NDX",2026-01-15,"USD",25767.30078125,25781.029296875,25520.19921875,25547.0703125,25547.0703125,9740630000
"NDX","^NDX",2026-01-16,"USD",25710.599609375,25735.48046875,25444.279296875,25529.259765625,25529.259765625,9514500000
"NDX","^NDX",2026-01-20,"USD",25155.029296875,25279.779296875,24954.1796875,24987.5703125,24987.5703125,9469480000
"NDX","^NDX",2026-01-21,"USD",25048.55078125,25498.810546875,24993.98046875,25326.580078125,25326.580078125,9162740000
"NDX","^NDX",2026-01-22,"USD",25548.380859375,25576.51953125,25399.490234375,25518.349609375,25518.349609375,9034850000
"NDX","^NDX",2026-01-23,"USD",25501.91015625,25709.740234375,25435.01953125,25605.470703125,25605.470703125,8228760000
"NDX","^NDX",2026-01-26,"USD",25631.009765625,25797.099609375,25578.76953125,25713.2109375,25713.2109375,7505250000
"NDX","^NDX",2026-01-27,"USD",25852.0390625,25982.58984375,25791.75,25939.740234375,25939.740234375,8026050000
"NDX","^NDX",2026-01-28,"USD",26121.740234375,26165.080078125,25974.66015625,26022.7890625,26022.7890625,8151580000
"NDX","^NDX",2026-01-29,"USD",26030.080078125,26046.33984375,25418.5390625,25884.30078125,25884.30078125,8782210000
"NDX","^NDX",2026-01-30,"USD",25740.189453125,25823.2890625,25456.1796875,25552.390625,25552.390625,9255930000
"NDX","^NDX",2026-02-02,"USD",25491.640625,25833.119140625,25478.5,25738.609375,25738.609375,8882530000
"NDX","^NDX",2026-02-03,"USD",25811.05078125,25840.0390625,25112.4609375,25338.619140625,25338.619140625,10306320000
"NDX","^NDX",2026-02-04,"USD",25240.380859375,25275.259765625,24681.26953125,24891.240234375,24891.240234375,10862000000
"NDX","^NDX",2026-02-05,"USD",24614.859375,24854.560546875,24455.400390625,24548.689453125,24548.689453125,10109230000
"NDX","^NDX",2026-02-06,"USD",24655.25,25131.33984375,24622.330078125,25075.76953125,25075.76953125,9054400000
"NDX","^NDX",2026-02-09,"USD",24953.6796875,25337.5390625,24876.279296875,25268.140625,25268.140625,8174050000
"NDX","^NDX",2026-02-10,"USD",25314.23046875,25363.119140625,25113.4296875,25127.640625,25127.640625,8513440000
"NDX","^NDX",2026-02-11,"USD",25335.91015625,25382.83984375,24980.2890625,25201.259765625,25201.259765625,9927010000
"NDX","^NDX",2026-02-12,"USD",25261.330078125,25310.560546875,24643.73046875,24687.609375,24687.609375,8855290000
"NDX","^NDX",2026-02-13,"USD",24662.94921875,24921.470703125,24514.9609375,24732.73046875,24732.73046875,7964830000
"NDX","^NDX",2026-02-17,"USD",24567.5390625,24818.30078125,24387.470703125,24701.599609375,24701.599609375,7654300000
"NDX","^NDX",2026-02-18,"USD",24744.880859375,25057.2109375,24696.830078125,24898.869140625,24898.869140625,7705590000
"NDX","^NDX",2026-02-19,"USD",24771.650390625,24890.119140625,24690.869140625,24797.33984375,24797.33984375,6984780000
"NDX","^NDX",2026-02-20,"USD",24637.3203125,25077.560546875,24633.599609375,25012.619140625,25012.619140625,8063070000
"NDX","^NDX",2026-02-23,"USD",24935.51953125,24984.8203125,24618.23046875,24708.939453125,24708.939453125,8263920000
"NDX","^NDX",2026-02-24,"USD",24763.83984375,25022.919921875,24643.689453125,24977.0390625,24977.0390625,7932270000
"NDX","^NDX",2026-02-25,"USD",25137.720703125,25343.970703125,25137.619140625,25329.0390625,25329.0390625,8427450000
"NDX","^NDX",2026-02-26,"USD",25278.25,25288.23046875,24820.55078125,25034.369140625,25034.369140625,9033470000
"NDX","^NDX",2026-02-27,"USD",24808,24987.9609375,24747.25,24960.0390625,24960.0390625,9552610000
"NDX","^NDX",2026-03-02,"USD",24599.41015625,25059.169921875,24575.5390625,24992.599609375,24992.599609375,8303030000
"NDX","^NDX",2026-03-03,"USD",24497.380859375,24810.25,24315.83984375,24720.080078125,24720.080078125,9705500000
"NDX","^NDX",2026-03-04,"USD",24850.939453125,25179.359375,24795.529296875,25093.6796875,25093.6796875,10918410000
"NDX","^NDX",2026-03-05,"USD",24992.73046875,25174.310546875,24744.560546875,25020.41015625,25020.41015625,10994660000
"NDX","^NDX",2026-03-06,"USD",24663.740234375,24886.69921875,24579.859375,24643.01953125,24643.01953125,9300220000
"NDX","^NDX",2026-03-09,"USD",24429.669921875,25019.16015625,24289.220703125,24967.25,24967.25,9797740000
"NDX","^NDX",2026-03-10,"USD",25002.609375,25189.169921875,24871.439453125,24956.470703125,24956.470703125,8800580000
"NDX","^NDX",2026-03-11,"USD",25053.240234375,25152.119140625,24856.599609375,24965.009765625,24965.009765625,8348570000
"NDX","^NDX",2026-03-12,"USD",24771.3203125,24809.26953125,24522.240234375,24533.580078125,24533.580078125,8490850000
"NDX","^NDX",2026-03-13,"USD",24660.189453125,24786.650390625,24336.529296875,24380.73046875,24380.73046875,8278740000
"NDX","^NDX",2026-03-16,"USD",24646.1796875,24794.2890625,24606.4609375,24655.33984375,24655.33984375,8208800000
"NDX","^NDX",2026-03-17,"USD",24760.26953125,24884.6796875,24721.560546875,24780.419921875,24780.419921875,8505210000
"NDX","^NDX",2026-03-18,"USD",24727.0703125,24763.580078125,24417.380859375,24425.08984375,24425.08984375,9325170000
"NDX","^NDX",2026-03-19,"USD",24119.369140625,24462.150390625,24100.880859375,24355.279296875,24355.279296875,8547870000
"NDX","^NDX",2026-03-20,"USD",24257.560546875,24267.33984375,23759.970703125,23898.150390625,23898.150390625,11743490000
"NDX","^NDX",2026-03-23,"USD",24270.76953125,24465.16015625,24097.6796875,24188.58984375,24188.58984375,8895880000
"NDX","^NDX",2026-03-24,"USD",24042.23046875,24170.830078125,23927.689453125,24002.44921875,24002.44921875,8488380000
"NDX","^NDX",2026-03-25,"USD",24236.400390625,24314.25,24081.380859375,24162.98046875,24162.98046875,8056920000
"NDX","^NDX",2026-03-26,"USD",23913.189453125,24029.509765625,23574.720703125,23586.990234375,23586.990234375,7726590000
"NDX","^NDX",2026-03-27,"USD",23463.740234375,23472.890625,23088.990234375,23132.76953125,23132.76953125,8713310000
"NDX","^NDX",2026-03-30,"USD",23307.75,23356.75,22841.419921875,22953.380859375,22953.380859375,9234380000
"NDX","^NDX",2026-03-31,"USD",23208,23789.599609375,23198.640625,23740.189453125,23740.189453125,10645070000
"NDX","^NDX",2026-04-01,"USD",23883.2890625,24162.6796875,23871.609375,24019.990234375,24019.990234375,8801740000
"NDX","^NDX",2026-04-02,"USD",23621.73046875,24076.349609375,23512.599609375,24045.529296875,24045.529296875,8134780000
"NDX","^NDX",2026-04-06,"USD",24143.01953125,24265.140625,24039.029296875,24192.169921875,24192.169921875,7907270000
"NDX","^NDX",2026-04-07,"USD",24109.5703125,24209.279296875,23779.849609375,24202.369140625,24202.369140625,10796020000
"NDX","^NDX",2026-04-08,"USD",25045.359375,25045.359375,24756.9296875,24903.169921875,24903.169921875,10411670000
"NDX","^NDX",2026-04-09,"USD",24918.279296875,25097.44921875,24788.919921875,25082.08984375,25082.08984375,8662470000
"NDX","^NDX",2026-04-10,"USD",25165.060546875,25226.060546875,25057.650390625,25116.33984375,25116.33984375,8700640000
"NDX","^NDX",2026-04-13,"USD",25069.0703125,25387.689453125,24999.19921875,25383.720703125,25383.720703125,7925320000
"NDX","^NDX",2026-04-14,"USD",25514.55078125,25842,25514.55078125,25842,25842,9105660000
"NDX","^NDX",2026-04-15,"USD",25859.189453125,26214.5703125,25828.759765625,26204.580078125,26204.580078125,10206480000
"NDX","^NDX",2026-04-16,"USD",26256.880859375,26400.51953125,26113.650390625,26333,26333,9963610000
"NDX","^NDX",2026-04-17,"USD",26551.16015625,26719.560546875,26481.240234375,26672.4296875,26672.4296875,10159120000
"NDX","^NDX",2026-04-20,"USD",26662.3203125,26670.119140625,26412.51953125,26590.33984375,26590.33984375,8379940000
"NDX","^NDX",2026-04-21,"USD",26658.849609375,26730.640625,26405.30078125,26479.470703125,26479.470703125,9309940000
"NDX","^NDX",2026-04-22,"USD",26715.919921875,26942.130859375,26662.880859375,26937.279296875,26937.279296875,8080930000
"NDX","^NDX",2026-04-23,"USD",26844.609375,27007.869140625,26540.3203125,26782.630859375,26782.630859375,7956600000
"NDX","^NDX",2026-04-24,"USD",27082.419921875,27314.2109375,26986.390625,27303.669921875,27303.669921875,10203070000
"NDX","^NDX",2026-04-27,"USD",27278.279296875,27315.23046875,27158.880859375,27305.6796875,27305.6796875,8126500000
"NDX","^NDX",2026-04-28,"USD",26988.76953125,27115.76953125,26877.58984375,27029.009765625,27029.009765625,7441950000
"NDX","^NDX",2026-04-29,"USD",27069.359375,27199.720703125,26995.380859375,27186.98046875,27186.98046875,8147470000
"NDX","^NDX",2026-04-30,"USD",27328.98046875,27488.029296875,27029.41015625,27452.119140625,27452.119140625,8139190000
"NDX","^NDX",2026-05-01,"USD",27508.5703125,27787.119140625,27501.4296875,27710.359375,27710.359375,7534290000
"NDX","^NDX",2026-05-04,"USD",27731.33984375,27822.369140625,27504.08984375,27651.8203125,27651.8203125,7849180000
"NDX","^NDX",2026-05-05,"USD",27895.05078125,28065.630859375,27844.23046875,28015.060546875,28015.060546875,8090030000
"NDX","^NDX",2026-05-06,"USD",28234.01953125,28608.6796875,28208.23046875,28599.169921875,28599.169921875,8864150000
"NDX","^NDX",2026-05-07,"USD",28612.5390625,28825.51953125,28440.05078125,28563.94921875,28563.94921875,9118880000
"NDX","^NDX",2026-05-08,"USD",28768.119140625,29234.990234375,28751.2109375,29234.990234375,29234.990234375,9577150000
"NDX","^NDX",2026-05-11,"USD",29185.830078125,29372.4296875,29143.19921875,29320.66015625,29320.66015625,11989910000
"NDX","^NDX",2026-05-12,"USD",29067.359375,29188.0703125,28628.640625,29064.80078125,29064.80078125,9631840000
"NDX","^NDX",2026-05-13,"USD",29159.94921875,29452.259765625,28968.55078125,29366.939453125,29366.939453125,9734720000
"NDX","^NDX",2026-05-14,"USD",29372.650390625,29678.890625,29350.099609375,29580.30078125,29580.30078125,9860060000
"NDX","^NDX",2026-05-15,"USD",29191.359375,29387.439453125,28991.419921875,29125.19921875,29125.19921875,9584430000
"NDX","^NDX",2026-05-18,"USD",29246.19921875,29250.150390625,28717.5703125,28994.369140625,28994.369140625,10327940000
"NDX","^NDX",2026-05-19,"USD",28795.01953125,29031.919921875,28567.16015625,28818.83984375,28818.83984375,9895620000
"NDX","^NDX",2026-05-20,"USD",29006.5703125,29301.279296875,28919.439453125,29297.69921875,29297.69921875,9268370000
"NDX","^NDX",2026-05-21,"USD",29150.130859375,29463.490234375,29040.0390625,29357.26953125,29357.26953125,8627780000
"NDX","^NDX",2026-05-22,"USD",29476.2890625,29663.890625,29423.630859375,29481.640625,29481.640625,9265090000
"NDX","^NDX",2026-05-26,"USD",29854.580078125,30044.490234375,29753.08984375,30001.3203125,30001.3203125,9718120000
"NDX","^NDX",2026-05-27,"USD",30081.279296875,30099.7890625,29808.890625,29973.5703125,29973.5703125,9240640000
"NDX","^NDX",2026-05-28,"USD",30030.630859375,30263.189453125,29848.759765625,30223.890625,30223.890625,9224620000
"NDX","^NDX",2026-05-29,"USD",30333.859375,30470.029296875,30210.009765625,30333.1796875,30333.1796875,11906000000
"NDX","^NDX",2026-06-01,"USD",30295.25,30633.55078125,30241.19921875,30513.859375,30513.859375,10199240000
"NDX","^NDX",2026-06-02,"USD",30471.609375,30670.109375,30372.9609375,30660.599609375,30660.599609375,9675650000
"NDX","^NDX",2026-06-03,"USD",30730.109375,30762.19921875,30441.80078125,30571.240234375,30571.240234375,9267670000
"NDX","^NDX",2026-06-04,"USD",30174.58984375,30541.4296875,30092.23046875,30407.810546875,30407.810546875,8999970000
"NDX","^NDX",2026-06-05,"USD",29992.369140625,30051.080078125,28929.880859375,28957.599609375,28957.599609375,11550140000
"NDX","^NDX",2026-06-08,"USD",29482.189453125,29697.900390625,29294.01953125,29414.259765625,29414.259765625,10077650000
"NDX","^NDX",2026-06-09,"USD",29647.349609375,29805.30078125,28196.900390625,29084.5,29084.5,12106940000
"NDX","^NDX",2026-06-10,"USD",28893.8203125,29212.380859375,28462.919921875,28508.029296875,28508.029296875,9519620000
"NDX","^NDX",2026-06-11,"USD",28731.16015625,29506.669921875,28548.5,29446.1796875,29446.1796875,10101910000
"NDX","^NDX",2026-06-12,"USD",29380.6796875,29733.890625,29220.830078125,29635.94921875,29635.94921875,10337400000
"NDX","^NDX",2026-06-15,"USD",30289.970703125,30587.16015625,30285.630859375,30543.919921875,30543.919921875,10590270000
"NDX","^NDX",2026-06-16,"USD",30455.490234375,30560.080078125,29962.869140625,29968.130859375,29968.130859375,11132830000
"NDX","^NDX",2026-06-17,"USD",30160.740234375,30208.939453125,29604.9296875,29670.94921875,29670.94921875,11443600000
"NDX","^NDX",2026-06-18,"USD",30261.599609375,30463.76953125,30089.349609375,30406.189453125,30406.189453125,18286150000
"NDX","^NDX",2026-06-22,"USD",30529.990234375,30642.5703125,30194.25,30347.080078125,30347.080078125,12844290000
"NDX","^NDX",2026-06-23,"USD",29369.25,29748.720703125,29276.98046875,29347.26953125,29347.26953125,14631520000
"NDX","^NDX",2026-06-24,"USD",29328.400390625,29592.900390625,28963.099609375,29220.060546875,29220.060546875,14936190000
"NDX","^NDX",2026-06-25,"USD",29843.890625,29843.890625,29000.55078125,29440.3203125,29440.3203125,9870860000
"NDX","^NDX",2026-06-26,"USD",29040.119140625,29413.80078125,28890.740234375,29118.240234375,29118.240234375,16594580000
"NDX","^NDX",2026-06-29,"USD",29310.259765625,29792.630859375,28991.51953125,29774.75,29774.75,9776230000
"NDX","^NDX",2026-06-30,"USD",29792.9296875,30328.7890625,29767.759765625,30276.349609375,30276.349609375,9809990000
"NDX","^NDX",2026-07-01,"USD",29914.279296875,30084.779296875,29787.41015625,29809.130859375,29809.130859375,9094410000
"NDX","^NDX",2026-07-02,"USD",29778.69921875,30044.5,29087.330078125,29329.2109375,29329.2109375,9529580000
"NDX","^NDX",2026-07-06,"USD",29575.5703125,29847.740234375,29553.619140625,29697.869140625,29697.869140625,7827050000
"NDX","^NDX",2026-07-07,"USD",29362.19921875,29426.44921875,28974.470703125,29173.01953125,29173.01953125,8244680000
"NDX","^NDX",2026-07-08,"USD",29030.330078125,29280.580078125,28814.5703125,29252.560546875,29252.560546875,7935740000
"NDX","^NDX",2026-07-09,"USD",29486.609375,29773.740234375,29398.470703125,29727.099609375,29727.099609375,7312220000
"NDX","^NDX",2026-07-10,"USD",29618.33984375,29856.939453125,29484.490234375,29825.109375,29825.109375,7094480000
"NDX","^NDX",2026-07-13,"USD",29471.01953125,29541,29189.2109375,29264.099609375,29264.099609375,7231310000
"NDX","^NDX",2026-07-14,"USD",29561.349609375,29693.76953125,29368.869140625,29586.2890625,29586.2890625,7397960000
"NDX","^NDX",2026-07-15,"USD",29759.80078125,29771.890625,29192.890625,29502.599609375,29502.599609375,7379560000
"NDX","^NDX",2026-07-16,"USD",29318.30078125,29333.060546875,28881.23046875,29025.76953125,29025.76953125,8294880000
"NDX","^NDX",2026-07-17,"USD",28457.330078125,28867.400390625,28231.3203125,28592.66015625,28592.66015625,7820470000
"NDX","^NDX",2026-07-20,"USD",28871.16015625,29017.23046875,28590.400390625,28604.23046875,28604.23046875,7184070000
"NDX","^NDX",2026-07-21,"USD",29059.439453125,29192.2890625,28891.0703125,29155.1796875,29155.1796875,8001540000
"NDX","^NDX",2026-07-22,"USD",28949.810546875,29176.91015625,28934.51953125,28998.099609375,28998.099609375,7473050000
"NDX","^NDX",2026-07-23,"USD",28545.98046875,28726.619140625,28274.51953125,28454.810546875,28454.810546875,7655810000
"NDX","^NDX",2026-07-24,"USD",28362.150390625,28471.48046875,28053.080078125,28128.33984375,28128.33984375,7266300000
"NDX","^NDX",2026-07-27,"USD",28412.310546875,28460.19921875,27786.5390625,28039.2109375,28039.2109375,7797890000
"NDX","^NDX",2026-07-28,"USD",27810.390625,27926.529296875,27452.94921875,27763.130859375,27763.130859375,8584960000
"NDX","^NDX",2026-07-29,"USD",27780.4609375,27954.91015625,27176.029296875,27192.310546875,27192.310546875,8276280000
"NDX","^NDX",2026-07-30,"USD",27755.4609375,28168.419921875,27686.369140625,28106.349609375,28106.349609375,9048570000
"NDX","^NDX",2026-07-31,"USD",28446.990234375,28606.779296875,27954.240234375,28274.19921875,28274.19921875,11942500000
"NDX","^NDX",2026-08-03,"USD",28278.58984375,28842.359375,28196.880859375,28776.80078125,28776.80078125,11118460000
"NDX","^NDX",2026-08-04,"USD",29109.259765625,29831.400390625,29109.259765625,29733.16015625,29733.16015625,9717920000
"NDX","^NDX",2026-08-05,"USD",29863.26953125,29946.939453125,29468.330078125,29487.7890625,29487.7890625,9116070000
"NDX","^NDX",2026-08-06,"USD",29224.380859375,29569.759765625,29123.380859375,29373.330078125,29373.330078125,8936850000
"NDX","^NDX",2026-08-07,"USD",29596.44921875,29747.150390625,29452.7109375,29722.30078125,29722.30078125,8183970000
"NDX","^NDX",2026-08-10,"USD",29709.490234375,29784.2109375,29606.470703125,29621.80078125,29621.80078125,7675200000
"NDX","^NDX",2026-08-11,"USD",29694.69921875,29705.80078125,29427.609375,29525.48046875,29525.48046875,7684920000
"NDX","^NDX",2026-08-12,"USD",29875.1796875,29881.5,29715.880859375,29742.599609375,29742.599609375,7873190000
"NDX","^NDX",2026-08-13,"USD",29784.060546875,30168.05078125,29757.619140625,30084.5,30084.5,8380820000
"NDX","^NDX",2026-08-14,"USD",30167.130859375,30179.8203125,29934.66015625,30046.140625,30046.140625,7212180000
"NDX","^NDX",2026-08-17,"USD",30150.779296875,30195.720703125,29971.919921875,29995.380859375,29995.380859375,7644090000
"NDX","^NDX",2026-08-18,"USD",29594.890625,29677.2890625,29425.08984375,29490.9609375,29490.9609375,7360790000
"NDX","^NDX",2026-08-19,"USD",29580.849609375,29652.30078125,29288.75,29426.01953125,29426.01953125,8173140000
"NDX","^NDX",2026-08-20,"USD",29295.150390625,29378.80078125,29118.0703125,29213.16015625,29213.16015625,8244680000
"NDX","^NDX",2026-08-21,"USD",29359.599609375,29405.119140625,29142.439453125,29308.859375,29308.859375,7410100000
"NDX","^NDX",2026-08-24,"USD",29094.720703125,29151.970703125,28875.9609375,29023.1796875,29023.1796875,7318150000
"NDX","^NDX",2026-08-25,"USD",29231.1796875,29338.76953125,29077.720703125,29209.23046875,29209.23046875,7483990000
"NDX","^NDX",2026-08-26,"USD",29130.76953125,29296.76953125,29096.83984375,29224.51953125,29224.51953125,7065320000
"NDX","^NDX",2026-08-27,"USD",29480.990234375,29643.529296875,29366.419921875,29641.560546875,29641.560546875,7448410000
"NDX","^NDX",2026-08-28,"USD",29545.900390625,29752.779296875,29383.919921875,29433.4296875,29433.4296875,8457870000
"NDX","^NDX",2026-08-31,"USD",29404.2890625,29483.900390625,29304.490234375,29456.970703125,29456.970703125,7679730000
"NDX","^NDX",2026-09-01,"USD",29056.580078125,29267.419921875,28953.259765625,29077.220703125,29077.220703125,6750660000
"NDX","^NDX",2026-09-02,"USD",29016,29165.619140625,28971.900390625,29143.330078125,29143.330078125,7442550000
"NDX","^NDX",2026-09-03,"USD",29234.419921875,29538.759765625,29160.9609375,29482.3203125,29482.3203125,7600140000
"NDX","^NDX",2026-09-04,"USD",29539.5703125,29655.220703125,29440.150390625,29544.150390625,29544.150390625,6529110000
"NDX","^NDX",2026-09-08,"USD",29645.1796875,29655.73046875,29400.69921875,29507.69921875,29507.69921875,7714560000
"NDX","^NDX",2026-09-09,"USD",29431.939453125,29563.599609375,29334.400390625,29421.55078125,29421.55078125,7379700000
"NDX","^NDX",2026-09-10,"USD",29097.33984375,29250.41015625,29038.220703125,29103.509765625,29103.509765625,7174170000
"NDX","^NDX",2026-09-11,"USD",29331.48046875,29473.119140625,29313.509765625,29368.439453125,29368.439453125,6587900000
"NDX","^NDX",2026-09-14,"USD",28890.9296875,29285.5,28867.669921875,29127.16015625,29127.16015625,7179780000
"NDX","^NDX",2026-09-15,"USD",29100.16015625,29142.80078125,28899.4296875,28937.83984375,28937.83984375,7934200000
"NDX","^NDX",2026-09-16,"USD",29110.0390625,29235.890625,28753.2890625,28945.060546875,28945.060546875,9968640000
"NDX","^NDX",2026-09-17,"USD",29401.5390625,29494.94921875,29305.900390625,29446.98046875,29446.98046875,9884890000
"NDX","^NDX",2026-09-18,"USD",29529.640625,29647.80078125,29371.890625,29644.169921875,29644.169921875,13286960000
"NDX","^NDX",2026-09-21,"USD",29947.16015625,30557.33984375,29933.220703125,30482.349609375,30482.349609375,8813260000
"NDX","^NDX",2026-09-22,"USD",30496.4296875,30770.630859375,30496.4296875,30732.400390625,30732.400390625,9334690000
"NDX","^NDX",2026-09-23,"USD",30706.23046875,30706.23046875,30353.880859375,30470.2890625,30470.2890625,8491740000
"NDX","^NDX",2026-09-24,"USD",30225.189453125,30529.349609375,30204.16015625,30478.859375,30478.859375,8078820000
"NDX","^NDX",2026-09-25,"USD",30517.4609375,30667.560546875,30413.58984375,30608.130859375,30608.130859375,7275260000
"NDX","^NDX",2026-09-28,"USD",30426.630859375,30480.400390625,30081.060546875,30276.810546875,30276.810546875,7030730000
"NDX","^NDX",2026-09-29,"USD",30412.2890625,30429.970703125,30235.66015625,30339.330078125,30339.330078125,7097250000
"NDX","^NDX",2026-09-30,"USD",30421.6796875,30630.44921875,30408.5,30408.5,30408.5,8300260000
"NDX","^NDX",2026-10-01,"USD",30533.599609375,30616.240234375,30274.650390625,30501.560546875,30501.560546875,7329610000
"NDX","^NDX",2026-10-02,"USD",30869.140625,31017.529296875,30737.0703125,30807.9296875,30807.9296875,7954430000
"USDHKD","HKD=X",2022-01-03,"HKD",7.795889854431152,7.7996602058410645,7.79587984085083,7.795919895172119,7.795919895172119,0
"USDHKD","HKD=X",2022-01-04,"HKD",7.797500133514404,7.7982001304626465,7.793459892272949,7.797699928283691,7.797699928283691,0
"USDHKD","HKD=X",2022-01-05,"HKD",7.793499946594238,7.79571008682251,7.792099952697754,7.793499946594238,7.793499946594238,0
"USDHKD","HKD=X",2022-01-06,"HKD",7.795100212097168,7.802000045776367,7.794829845428467,7.795199871063232,7.795199871063232,0
"USDHKD","HKD=X",2022-01-07,"HKD",7.8007001876831055,7.801499843597412,7.797500133514404,7.800620079040527,7.800620079040527,0
"USDHKD","HKD=X",2022-01-10,"HKD",7.79757022857666,7.798419952392578,7.794559955596924,7.79817008972168,7.79817008972168,0
"USDHKD","HKD=X",2022-01-11,"HKD",7.795000076293945,7.797689914703369,7.795000076293945,7.795499801635742,7.795499801635742,0
"USDHKD","HKD=X",2022-01-12,"HKD",7.796000003814697,7.797269821166992,7.791940212249756,7.796000003814697,7.796000003814697,0
"USDHKD","HKD=X",2022-01-13,"HKD",7.7917799949646,7.792540073394775,7.787350177764893,7.791790008544922,7.791790008544922,0
"USDHKD","HKD=X",2022-01-14,"HKD",7.7876200675964355,7.788700103759766,7.782299995422363,7.7878899574279785,7.7878899574279785,0
"USDHKD","HKD=X",2022-01-17,"HKD",7.784049987792969,7.791830062866211,7.784029960632324,7.784180164337158,7.784180164337158,0
"USDHKD","HKD=X",2022-01-18,"HKD",7.789979934692383,7.794600009918213,7.789000034332275,7.789899826049805,7.789899826049805,0
"USDHKD","HKD=X",2022-01-19,"HKD",7.792500019073486,7.793000221252441,7.789899826049805,7.792449951171875,7.792449951171875,0
"USDHKD","HKD=X",2022-01-20,"HKD",7.791200160980225,7.792069911956787,7.783909797668457,7.791319847106934,7.791319847106934,0
"USDHKD","HKD=X",2022-01-21,"HKD",7.785999774932861,7.789440155029297,7.784900188446045,7.786019802093506,7.786019802093506,0
"USDHKD","HKD=X",2022-01-24,"HKD",7.787109851837158,7.788179874420166,7.78410005569458,7.787059783935547,7.787059783935547,0
"USDHKD","HKD=X",2022-01-25,"HKD",7.786200046539307,7.787799835205078,7.784409999847412,7.786190032958984,7.786190032958984,0
"USDHKD","HKD=X",2022-01-26,"HKD",7.785550117492676,7.787290096282959,7.784029960632324,7.785369873046875,7.785369873046875,0
"USDHKD","HKD=X",2022-01-27,"HKD",7.7865800857543945,7.7916998863220215,7.786359786987305,7.786489963531494,7.786489963531494,0
"USDHKD","HKD=X",2022-01-28,"HKD",7.789539813995361,7.794400215148926,7.788700103759766,7.789400100708008,7.789400100708008,0
"USDHKD","HKD=X",2022-01-31,"HKD",7.79355001449585,7.800459861755371,7.793270111083984,7.79355001449585,7.79355001449585,0
"USDHKD","HKD=X",2022-02-01,"HKD",7.796909809112549,7.797609806060791,7.793499946594238,7.797289848327637,7.797289848327637,0
"USDHKD","HKD=X",2022-02-02,"HKD",7.793950080871582,7.7967000007629395,7.792799949645996,7.794139862060547,7.794139862060547,0
"USDHKD","HKD=X",2022-02-03,"HKD",7.795300006866455,7.796579837799072,7.792530059814453,7.795499801635742,7.795499801635742,0
"USDHKD","HKD=X",2022-02-04,"HKD",7.79302978515625,7.793300151824951,7.787499904632568,7.7930498123168945,7.7930498123168945,0
"USDHKD","HKD=X",2022-02-07,"HKD",7.788070201873779,7.7941999435424805,7.7878098487854,7.787899971008301,7.787899971008301,0
"USDHKD","HKD=X",2022-02-08,"HKD",7.791910171508789,7.796619892120361,7.791590213775635,7.791989803314209,7.791989803314209,0
"USDHKD","HKD=X",2022-02-09,"HKD",7.793300151824951,7.794459819793701,7.7906999588012695,7.793300151824951,7.793300151824951,0
"USDHKD","HKD=X",2022-02-10,"HKD",7.791200160980225,7.794769763946533,7.790999889373779,7.791130065917969,7.791130065917969,0
"USDHKD","HKD=X",2022-02-11,"HKD",7.796679973602295,7.804490089416504,7.796679973602295,7.79656982421875,7.79656982421875,0
"USDHKD","HKD=X",2022-02-14,"HKD",7.800960063934326,7.803699970245361,7.799600124359131,7.800829887390137,7.800829887390137,0
"USDHKD","HKD=X",2022-02-15,"HKD",7.802810192108154,7.804299831390381,7.801000118255615,7.802599906921387,7.802599906921387,0
"USDHKD","HKD=X",2022-02-16,"HKD",7.801300048828125,7.802430152893066,7.80019998550415,7.801259994506836,7.801259994506836,0
"USDHKD","HKD=X",2022-02-17,"HKD",7.80019998550415,7.802120208740234,7.798530101776123,7.799499988555908,7.799499988555908,0
"USDHKD","HKD=X",2022-02-18,"HKD",7.798999786376953,7.801119804382324,7.798630237579346,7.799099922180176,7.799099922180176,0
"USDHKD","HKD=X",2022-02-21,"HKD",7.799960136413574,7.802509784698486,7.799379825592041,7.799739837646484,7.799739837646484,0
"USDHKD","HKD=X",2022-02-22,"HKD",7.801060199737549,7.803599834442139,7.800600051879883,7.800899982452393,7.800899982452393,0
"USDHKD","HKD=X",2022-02-23,"HKD",7.801539897918701,7.805600166320801,7.801400184631348,7.801599979400635,7.801599979400635,0
"USDHKD","HKD=X",2022-02-24,"HKD",7.805099964141846,7.809899806976318,7.804180145263672,7.805069923400879,7.805069923400879,0
"USDHKD","HKD=X",2022-02-25,"HKD",7.807660102844238,7.8094000816345215,7.806000232696533,7.807499885559082,7.807499885559082,0
"USDHKD","HKD=X",2022-02-28,"HKD",7.807439804077148,7.814899921417236,7.806839942932129,7.8074798583984375,7.8074798583984375,0
"USDHKD","HKD=X",2022-03-01,"HKD",7.813230037689209,7.817299842834473,7.8125,7.813260078430176,7.813260078430176,0
"USDHKD","HKD=X",2022-03-02,"HKD",7.815700054168701,7.816400051116943,7.811359882354736,7.815899848937988,7.815899848937988,0
"USDHKD","HKD=X",2022-03-03,"HKD",7.813700199127197,7.816009998321533,7.81220006942749,7.813720226287842,7.813720226287842,0
"USDHKD","HKD=X",2022-03-04,"HKD",7.815219879150391,7.818299770355225,7.811580181121826,7.8155999183654785,7.8155999183654785,0
"USDHKD","HKD=X",2022-03-07,"HKD",7.814640045166016,7.817729949951172,7.813350200653076,7.814599990844727,7.814599990844727,0
"USDHKD","HKD=X",2022-03-08,"HKD",7.818299770355225,7.822490215301514,7.817299842834473,7.818299770355225,7.818299770355225,0
"USDHKD","HKD=X",2022-03-09,"HKD",7.818809986114502,7.821239948272705,7.81712007522583,7.818600177764893,7.818600177764893,0
"USDHKD","HKD=X",2022-03-10,"HKD",7.818299770355225,7.822669982910156,7.818299770355225,7.819069862365723,7.819069862365723,0
"USDHKD","HKD=X",2022-03-11,"HKD",7.822700023651123,7.829219818115234,7.822299957275391,7.822770118713379,7.822770118713379,0
"USDHKD","HKD=X",2022-03-14,"HKD",7.828829765319824,7.830599784851074,7.827159881591797,7.828020095825195,7.828020095825195,0
"USDHKD","HKD=X",2022-03-15,"HKD",7.8285698890686035,7.830599784851074,7.822609901428223,7.828949928283691,7.828949928283691,0
"USDHKD","HKD=X",2022-03-16,"HKD",7.826620101928711,7.826700210571289,7.819699764251709,7.826700210571289,7.826700210571289,0
"USDHKD","HKD=X",2022-03-17,"HKD",7.820300102233887,7.821730136871338,7.8160200119018555,7.820419788360596,7.820419788360596,0
"USDHKD","HKD=X",2022-03-18,"HKD",7.817709922790527,7.823659896850586,7.816090106964111,7.818270206451416,7.818270206451416,0
"USDHKD","HKD=X",2022-03-21,"HKD",7.823890209197998,7.826900005340576,7.823040008544922,7.823939800262451,7.823939800262451,0
"USDHKD","HKD=X",2022-03-22,"HKD",7.825109958648682,7.829040050506592,7.824699878692627,7.8250298500061035,7.8250298500061035,0
"USDHKD","HKD=X",2022-03-23,"HKD",7.826499938964844,7.827899932861328,7.822869777679443,7.826670169830322,7.826670169830322,0
"USDHKD","HKD=X",2022-03-24,"HKD",7.823530197143555,7.825019836425781,7.822519779205322,7.823659896850586,7.823659896850586,0
"USDHKD","HKD=X",2022-03-25,"HKD",7.823319911956787,7.828360080718994,7.822519779205322,7.823400020599365,7.823400020599365,0
"USDHKD","HKD=X",2022-03-27,"HKD",7.8284101486206055,7.829740047454834,7.827000141143799,7.8284101486206055,7.8284101486206055,0
"USDHKD","HKD=X",2022-03-28,"HKD",7.828800201416016,7.829689979553223,7.825900077819824,7.828800201416016,7.828800201416016,0
"USDHKD","HKD=X",2022-03-29,"HKD",7.827199935913086,7.82774019241333,7.824900150299072,7.827199935913086,7.827199935913086,0
"USDHKD","HKD=X",2022-03-30,"HKD",7.82705020904541,7.832469940185547,7.827079772949219,7.82705020904541,7.82705020904541,0
"USDHKD","HKD=X",2022-03-31,"HKD",7.833479881286621,7.835899829864502,7.831689834594727,7.833479881286621,7.833479881286621,0
"USDHKD","HKD=X",2022-04-03,"HKD",7.83459997177124,7.836219787597656,7.833380222320557,7.83459997177124,7.83459997177124,0
"USDHKD","HKD=X",2022-04-04,"HKD",7.8344597816467285,7.83558988571167,7.831299781799316,7.8344597816467285,7.8344597816467285,0
"USDHKD","HKD=X",2022-04-05,"HKD",7.833759784698486,7.839379787445068,7.833409786224365,7.833759784698486,7.833759784698486,0
"USDHKD","HKD=X",2022-04-06,"HKD",7.8371100425720215,7.839119911193848,7.835899829864502,7.8371100425720215,7.8371100425720215,0
"USDHKD","HKD=X",2022-04-07,"HKD",7.836470127105713,7.8393402099609375,7.835899829864502,7.836470127105713,7.836470127105713,0
"USDHKD","HKD=X",2022-04-10,"HKD",7.838860034942627,7.839900016784668,7.837329864501953,7.838860034942627,7.838860034942627,0
"USDHKD","HKD=X",2022-04-11,"HKD",7.837800025939941,7.838789939880371,7.834849834442139,7.837800025939941,7.837800025939941,0
"USDHKD","HKD=X",2022-04-12,"HKD",7.837430000305176,7.839680194854736,7.836599826812744,7.837430000305176,7.837430000305176,0
"USDHKD","HKD=X",2022-04-13,"HKD",7.838759899139404,7.842790126800537,7.838379859924316,7.838759899139404,7.838759899139404,0
"USDHKD","HKD=X",2022-04-14,"HKD",7.842619895935059,7.844399929046631,7.842400074005127,7.842619895935059,7.842619895935059,0
"USDHKD","HKD=X",2022-04-17,"HKD",7.843599796295166,7.844399929046631,7.842400074005127,7.843599796295166,7.843599796295166,0
"USDHKD","HKD=X",2022-04-18,"HKD",7.8414998054504395,7.8442301750183105,7.840000152587891,7.8414998054504395,7.8414998054504395,0
"USDHKD","HKD=X",2022-04-19,"HKD",7.841899871826172,7.8440399169921875,7.841300010681152,7.841899871826172,7.841899871826172,0
"USDHKD","HKD=X",2022-04-20,"HKD",7.843900203704834,7.844900131225586,7.842899799346924,7.843900203704834,7.843900203704834,0
"USDHKD","HKD=X",2022-04-21,"HKD",7.844600200653076,7.8467302322387695,7.843699932098389,7.844600200653076,7.844600200653076,0
"USDHKD","HKD=X",2022-04-24,"HKD",7.846290111541748,7.847700119018555,7.845099925994873,7.846290111541748,7.846290111541748,0
"USDHKD","HKD=X",2022-04-25,"HKD",7.847109794616699,7.847799777984619,7.844399929046631,7.847109794616699,7.847109794616699,0
"USDHKD","HKD=X",2022-04-26,"HKD",7.845600128173828,7.847700119018555,7.845009803771973,7.845600128173828,7.845600128173828,0
"USDHKD","HKD=X",2022-04-27,"HKD",7.84630012512207,7.847599983215332,7.844799995422363,7.84630012512207,7.84630012512207,0
"USDHKD","HKD=X",2022-04-28,"HKD",7.846700191497803,7.848259925842285,7.845860004425049,7.846700191497803,7.846700191497803,0
"USDHKD","HKD=X",2022-05-01,"HKD",7.8470001220703125,7.847899913787842,7.84630012512207,7.8470001220703125,7.8470001220703125,0
"USDHKD","HKD=X",2022-05-02,"HKD",7.847499847412109,7.848849773406982,7.8470001220703125,7.847499847412109,7.847499847412109,0
"USDHKD","HKD=X",2022-05-03,"HKD",7.847259998321533,7.848909854888916,7.847360134124756,7.847259998321533,7.847259998321533,0
"USDHKD","HKD=X",2022-05-04,"HKD",7.8480000495910645,7.849400043487549,7.847899913787842,7.8480000495910645,7.8480000495910645,0
"USDHKD","HKD=X",2022-05-05,"HKD",7.8491997718811035,7.849999904632568,7.848899841308594,7.8491997718811035,7.8491997718811035,0
"USDHKD","HKD=X",2022-05-08,"HKD",7.849649906158447,7.849999904632568,7.848899841308594,7.849649906158447,7.849649906158447,0
"USDHKD","HKD=X",2022-05-09,"HKD",7.849400043487549,7.849999904632568,7.848800182342529,7.849400043487549,7.849400043487549,0
"USDHKD","HKD=X",2022-05-10,"HKD",7.849649906158447,7.849999904632568,7.849319934844971,7.849649906158447,7.849649906158447,0
"USDHKD","HKD=X",2022-05-11,"HKD",7.849760055541992,7.849999904632568,7.849599838256836,7.849760055541992,7.849760055541992,0
"USDHKD","HKD=X",2022-05-12,"HKD",7.84984016418457,7.849999904632568,7.8495001792907715,7.84984016418457,7.84984016418457,0
"USDHKD","HKD=X",2022-05-15,"HKD",7.849730014801025,7.849999904632568,7.849520206451416,7.849730014801025,7.849730014801025,0
"USDHKD","HKD=X",2022-05-16,"HKD",7.849999904632568,7.849999904632568,7.848700046539307,7.849999904632568,7.849999904632568,0
"USDHKD","HKD=X",2022-05-17,"HKD",7.849380016326904,7.849649906158447,7.847099781036377,7.849380016326904,7.849380016326904,0
"USDHKD","HKD=X",2022-05-18,"HKD",7.848800182342529,7.849100112915039,7.846399784088135,7.848800182342529,7.848800182342529,0
"USDHKD","HKD=X",2022-05-19,"HKD",7.847899913787842,7.848700046539307,7.84630012512207,7.847899913787842,7.847899913787842,0
"USDHKD","HKD=X",2022-05-22,"HKD",7.84827995300293,7.8498101234436035,7.847529888153076,7.84827995300293,7.84827995300293,0
"USDHKD","HKD=X",2022-05-23,"HKD",7.849100112915039,7.8496599197387695,7.848599910736084,7.849100112915039,7.849100112915039,0
"USDHKD","HKD=X",2022-05-24,"HKD",7.84906005859375,7.849800109863281,7.848700046539307,7.84906005859375,7.84906005859375,0
"USDHKD","HKD=X",2022-05-25,"HKD",7.8495001792907715,7.849999904632568,7.848700046539307,7.8495001792907715,7.8495001792907715,0
"USDHKD","HKD=X",2022-05-26,"HKD",7.8491997718811035,7.849909782409668,7.848899841308594,7.8491997718811035,7.8491997718811035,0
"USDHKD","HKD=X",2022-05-29,"HKD",7.84906005859375,7.849470138549805,7.847400188446045,7.84906005859375,7.84906005859375,0
"USDHKD","HKD=X",2022-05-30,"HKD",7.848189830780029,7.849299907684326,7.845099925994873,7.848189830780029,7.848189830780029,0
"USDHKD","HKD=X",2022-05-31,"HKD",7.847219944000244,7.847449779510498,7.843679904937744,7.847219944000244,7.847219944000244,0
"USDHKD","HKD=X",2022-06-01,"HKD",7.847430229187012,7.847300052642822,7.84499979019165,7.847430229187012,7.847430229187012,0
"USDHKD","HKD=X",2022-06-02,"HKD",7.844759941101074,7.846159934997559,7.843100070953369,7.844759941101074,7.844759941101074,0
"USDHKD","HKD=X",2022-06-05,"HKD",7.845729827880859,7.84660005569458,7.843870162963867,7.845729827880859,7.845729827880859,0
"USDHKD","HKD=X",2022-06-06,"HKD",7.845600128173828,7.84689998626709,7.844600200653076,7.845600128173828,7.845600128173828,0
"USDHKD","HKD=X",2022-06-07,"HKD",7.845359802246094,7.8483099937438965,7.845200061798096,7.845359802246094,7.845359802246094,0
"USDHKD","HKD=X",2022-06-08,"HKD",7.847839832305908,7.849209785461426,7.846700191497803,7.847839832305908,7.847839832305908,0
"USDHKD","HKD=X",2022-06-09,"HKD",7.848800182342529,7.849689960479736,7.848100185394287,7.848800182342529,7.848800182342529,0
"USDHKD","HKD=X",2022-06-12,"HKD",7.849309921264648,7.849999904632568,7.849299907684326,7.849309921264648,7.849309921264648,0
"USDHKD","HKD=X",2022-06-13,"HKD",7.849800109863281,7.849999904632568,7.849599838256836,7.849800109863281,7.849800109863281,0
"USDHKD","HKD=X",2022-06-14,"HKD",7.849899768829346,7.849999904632568,7.849599838256836,7.849899768829346,7.849899768829346,0
"USDHKD","HKD=X",2022-06-15,"HKD",7.848599910736084,7.849999904632568,7.848199844360352,7.848599910736084,7.848599910736084,0
"USDHKD","HKD=X",2022-06-16,"HKD",7.8491997718811035,7.849999904632568,7.848899841308594,7.8491997718811035,7.8491997718811035,0
"USDHKD","HKD=X",2022-06-19,"HKD",7.849679946899414,7.850800037384033,7.8495001792907715,7.849679946899414,7.849679946899414,0
"USDHKD","HKD=X",2022-06-20,"HKD",7.849699974060059,7.849999904632568,7.849599838256836,7.849699974060059,7.849699974060059,0
"USDHKD","HKD=X",2022-06-21,"HKD",7.849730014801025,7.849999904632568,7.8495001792907715,7.849730014801025,7.849730014801025,0
"USDHKD","HKD=X",2022-06-22,"HKD",7.8495001792907715,7.849699974060059,7.848299980163574,7.8495001792907715,7.8495001792907715,0
"USDHKD","HKD=X",2022-06-23,"HKD",7.849400043487549,7.849800109863281,7.848199844360352,7.849400043487549,7.849400043487549,0
"USDHKD","HKD=X",2022-06-26,"HKD",7.849090099334717,7.8495001792907715,7.844200134277344,7.849090099334717,7.849090099334717,0
"USDHKD","HKD=X",2022-06-27,"HKD",7.84660005569458,7.848199844360352,7.8454999923706055,7.84660005569458,7.84660005569458,0
"USDHKD","HKD=X",2022-06-28,"HKD",7.845799922943115,7.847809791564941,7.845099925994873,7.845799922943115,7.845799922943115,0
"USDHKD","HKD=X",2022-06-29,"HKD",7.845990180969238,7.848410129547119,7.844799995422363,7.845990180969238,7.845990180969238,0
"USDHKD","HKD=X",2022-06-30,"HKD",7.847099781036377,7.848599910736084,7.845600128173828,7.847099781036377,7.847099781036377,0
"USDHKD","HKD=X",2022-07-03,"HKD",7.846799850463867,7.847899913787842,7.845119953155518,7.846799850463867,7.846799850463867,0
"USDHKD","HKD=X",2022-07-04,"HKD",7.8460001945495605,7.847750186920166,7.845699787139893,7.8460001945495605,7.8460001945495605,0
"USDHKD","HKD=X",2022-07-05,"HKD",7.846620082855225,7.847760200500488,7.846399784088135,7.846620082855225,7.846620082855225,0
"USDHKD","HKD=X",2022-07-06,"HKD",7.84689998626709,7.848899841308594,7.846799850463867,7.84689998626709,7.84689998626709,0
"USDHKD","HKD=X",2022-07-07,"HKD",7.847489833831787,7.8495001792907715,7.84689998626709,7.847489833831787,7.847489833831787,0
"USDHKD","HKD=X",2022-07-10,"HKD",7.848810195922852,7.849999904632568,7.848330020904541,7.848810195922852,7.848810195922852,0
"USDHKD","HKD=X",2022-07-11,"HKD",7.849699974060059,7.849999904632568,7.848700046539307,7.849699974060059,7.849699974060059,0
"USDHKD","HKD=X",2022-07-12,"HKD",7.849699974060059,7.849999904632568,7.848700046539307,7.849699974060059,7.849699974060059,0
"USDHKD","HKD=X",2022-07-13,"HKD",7.849299907684326,7.849999904632568,7.848800182342529,7.849299907684326,7.849299907684326,0
"USDHKD","HKD=X",2022-07-14,"HKD",7.8496599197387695,7.849999904632568,7.8495001792907715,7.8496599197387695,7.8496599197387695,0
"USDHKD","HKD=X",2022-07-17,"HKD",7.849599838256836,7.849999904632568,7.8495001792907715,7.849599838256836,7.849599838256836,0
"USDHKD","HKD=X",2022-07-18,"HKD",7.849800109863281,7.849999904632568,7.8495001792907715,7.849800109863281,7.849800109863281,0
"USDHKD","HKD=X",2022-07-19,"HKD",7.850500106811523,7.850900173187256,7.8495001792907715,7.850500106811523,7.850500106811523,0
"USDHKD","HKD=X",2022-07-20,"HKD",7.849589824676514,7.849999904632568,7.847899913787842,7.849589824676514,7.849589824676514,0
"USDHKD","HKD=X",2022-07-21,"HKD",7.848599910736084,7.849800109863281,7.847609996795654,7.848599910736084,7.848599910736084,0
"USDHKD","HKD=X",2022-07-24,"HKD",7.849440097808838,7.8495001792907715,7.8480000495910645,7.849440097808838,7.849440097808838,0
"USDHKD","HKD=X",2022-07-25,"HKD",7.849130153656006,7.8496599197387695,7.848299980163574,7.849130153656006,7.849130153656006,0
"USDHKD","HKD=X",2022-07-26,"HKD",7.849259853363037,7.850500106811523,7.848299980163574,7.849259853363037,7.849259853363037,0
"USDHKD","HKD=X",2022-07-27,"HKD",7.849100112915039,7.849999904632568,7.848100185394287,7.849100112915039,7.849100112915039,0
"USDHKD","HKD=X",2022-07-28,"HKD",7.8495001792907715,7.850900173187256,7.848899841308594,7.8495001792907715,7.8495001792907715,0
"USDHKD","HKD=X",2022-07-31,"HKD",7.849440097808838,7.850599765777588,7.849160194396973,7.849440097808838,7.849440097808838,0
"USDHKD","HKD=X",2022-08-01,"HKD",7.849800109863281,7.849999904632568,7.848800182342529,7.849800109863281,7.849800109863281,0
"USDHKD","HKD=X",2022-08-02,"HKD",7.849699974060059,7.849999904632568,7.848800182342529,7.849699974060059,7.849699974060059,0
"USDHKD","HKD=X",2022-08-03,"HKD",7.849400043487549,7.849999904632568,7.848199844360352,7.849400043487549,7.849400043487549,0
"USDHKD","HKD=X",2022-08-04,"HKD",7.8495001792907715,7.849999904632568,7.849400043487549,7.8495001792907715,7.8495001792907715,0
"USDHKD","HKD=X",2022-08-07,"HKD",7.849800109863281,7.8506999015808105,7.8491997718811035,7.849800109863281,7.849800109863281,0
"USDHKD","HKD=X",2022-08-08,"HKD",7.8497700691223145,7.849999904632568,7.848800182342529,7.8497700691223145,7.8497700691223145,0
"USDHKD","HKD=X",2022-08-09,"HKD",7.849699974060059,7.849899768829346,7.84512996673584,7.849699974060059,7.849699974060059,0
"USDHKD","HKD=X",2022-08-10,"HKD",7.84660005569458,7.847660064697266,7.842899799346924,7.84660005569458,7.84660005569458,0
"USDHKD","HKD=X",2022-08-11,"HKD",7.842800140380859,7.843400001525879,7.827700138092041,7.842800140380859,7.842800140380859,0
"USDHKD","HKD=X",2022-08-14,"HKD",7.838600158691406,7.839869976043701,7.8326897621154785,7.838600158691406,7.838600158691406,0
"USDHKD","HKD=X",2022-08-15,"HKD",7.837900161743164,7.843200206756592,7.835149765014648,7.837900161743164,7.837900161743164,0
"USDHKD","HKD=X",2022-08-16,"HKD",7.84089994430542,7.843530178070068,7.835400104522705,7.84089994430542,7.84089994430542,0
"USDHKD","HKD=X",2022-08-17,"HKD",7.84250020980835,7.845320224761963,7.841400146484375,7.84250020980835,7.84250020980835,0
"USDHKD","HKD=X",2022-08-18,"HKD",7.843500137329102,7.84660005569458,7.843500137329102,7.843500137329102,7.843500137329102,0
"USDHKD","HKD=X",2022-08-21,"HKD",7.846199989318848,7.84689998626709,7.844979763031006,7.846199989318848,7.846199989318848,0
"USDHKD","HKD=X",2022-08-22,"HKD",7.846199989318848,7.847549915313721,7.8460001945495605,7.846199989318848,7.846199989318848,0
"USDHKD","HKD=X",2022-08-23,"HKD",7.846399784088135,7.847109794616699,7.84119987487793,7.846399784088135,7.846399784088135,0
"USDHKD","HKD=X",2022-08-24,"HKD",7.845799922943115,7.8470001220703125,7.843800067901611,7.845799922943115,7.845799922943115,0
"USDHKD","HKD=X",2022-08-25,"HKD",7.84630012512207,7.84689998626709,7.844880104064941,7.84630012512207,7.84630012512207,0
"USDHKD","HKD=X",2022-08-28,"HKD",7.847700119018555,7.848700046539307,7.84660005569458,7.847700119018555,7.847700119018555,0
"USDHKD","HKD=X",2022-08-29,"HKD",7.8471999168396,7.8489298820495605,7.8460001945495605,7.8471999168396,7.8471999168396,0
"USDHKD","HKD=X",2022-08-30,"HKD",7.848899841308594,7.849299907684326,7.846399784088135,7.848899841308594,7.848899841308594,0
"USDHKD","HKD=X",2022-08-31,"HKD",7.848060131072998,7.848899841308594,7.84689998626709,7.848060131072998,7.848060131072998,0
"USDHKD","HKD=X",2022-09-01,"HKD",7.8480000495910645,7.849579811096191,7.847599983215332,7.8480000495910645,7.8480000495910645,0
"USDHKD","HKD=X",2022-09-04,"HKD",7.84867000579834,7.849510192871094,7.848199844360352,7.84867000579834,7.84867000579834,0
"USDHKD","HKD=X",2022-09-05,"HKD",7.848800182342529,7.849999904632568,7.848100185394287,7.848800182342529,7.848800182342529,0
"USDHKD","HKD=X",2022-09-06,"HKD",7.8495001792907715,7.849999904632568,7.848599910736084,7.8495001792907715,7.8495001792907715,0
"USDHKD","HKD=X",2022-09-07,"HKD",7.849279880523682,7.849899768829346,7.848199844360352,7.849279880523682,7.849279880523682,0
"USDHKD","HKD=X",2022-09-08,"HKD",7.848999977111816,7.8496198654174805,7.847700119018555,7.848999977111816,7.848999977111816,0
"USDHKD","HKD=X",2022-09-11,"HKD",7.848800182342529,7.8495001792907715,7.848299980163574,7.848800182342529,7.848800182342529,0
"USDHKD","HKD=X",2022-09-12,"HKD",7.848659992218018,7.849400043487549,7.847599983215332,7.848659992218018,7.848659992218018,0
"USDHKD","HKD=X",2022-09-13,"HKD",7.8495001792907715,7.849599838256836,7.847899913787842,7.8495001792907715,7.8495001792907715,0
"USDHKD","HKD=X",2022-09-14,"HKD",7.84876012802124,7.8490400314331055,7.845699787139893,7.84876012802124,7.84876012802124,0
"USDHKD","HKD=X",2022-09-15,"HKD",7.848999977111816,7.849599838256836,7.848199844360352,7.848999977111816,7.848999977111816,0
"USDHKD","HKD=X",2022-09-18,"HKD",7.849160194396973,7.849579811096191,7.848229885101318,7.849160194396973,7.849160194396973,0
"USDHKD","HKD=X",2022-09-19,"HKD",7.848899841308594,7.849669933319092,7.848169803619385,7.848899841308594,7.848899841308594,0
"USDHKD","HKD=X",2022-09-20,"HKD",7.849279880523682,7.849890232086182,7.848599910736084,7.849279880523682,7.849279880523682,0
"USDHKD","HKD=X",2022-09-21,"HKD",7.849679946899414,7.849899768829346,7.848390102386475,7.849679946899414,7.849679946899414,0
"USDHKD","HKD=X",2022-09-22,"HKD",7.848899841308594,7.849820137023926,7.848199844360352,7.848899841308594,7.848899841308594,0
"USDHKD","HKD=X",2022-09-25,"HKD",7.849579811096191,7.849999904632568,7.8491997718811035,7.849579811096191,7.849579811096191,0
"USDHKD","HKD=X",2022-09-26,"HKD",7.849279880523682,7.849999904632568,7.8491997718811035,7.849279880523682,7.849279880523682,0
"USDHKD","HKD=X",2022-09-27,"HKD",7.849599838256836,7.849999904632568,7.848700046539307,7.849599838256836,7.849599838256836,0
"USDHKD","HKD=X",2022-09-28,"HKD",7.848800182342529,7.849999904632568,7.848899841308594,7.848800182342529,7.848800182342529,0
"USDHKD","HKD=X",2022-09-29,"HKD",7.849599838256836,7.849999904632568,7.8493499755859375,7.849599838256836,7.849599838256836,0
"USDHKD","HKD=X",2022-10-02,"HKD",7.8496599197387695,7.849999904632568,7.849400043487549,7.8496599197387695,7.8496599197387695,0
"USDHKD","HKD=X",2022-10-03,"HKD",7.85099983215332,7.851200103759766,7.849400043487549,7.85099983215332,7.85099983215332,0
"USDHKD","HKD=X",2022-10-04,"HKD",7.849629878997803,7.849999904632568,7.849400043487549,7.849629878997803,7.849629878997803,0
"USDHKD","HKD=X",2022-10-05,"HKD",7.849440097808838,7.849999904632568,7.849299907684326,7.849440097808838,7.849440097808838,0
"USDHKD","HKD=X",2022-10-06,"HKD",7.849899768829346,7.849999904632568,7.849400043487549,7.849899768829346,7.849899768829346,0
"USDHKD","HKD=X",2022-10-09,"HKD",7.849629878997803,7.849999904632568,7.848800182342529,7.849629878997803,7.849629878997803,0
"USDHKD","HKD=X",2022-10-10,"HKD",7.849689960479736,7.849999904632568,7.8495001792907715,7.849689960479736,7.849689960479736,0
"USDHKD","HKD=X",2022-10-11,"HKD",7.849800109863281,7.849999904632568,7.848999977111816,7.849800109863281,7.849800109863281,0
"USDHKD","HKD=X",2022-10-12,"HKD",7.849480152130127,7.849899768829346,7.847720146179199,7.849480152130127,7.849480152130127,0
"USDHKD","HKD=X",2022-10-13,"HKD",7.849579811096191,7.8500800132751465,7.849400043487549,7.849579811096191,7.849579811096191,0
"USDHKD","HKD=X",2022-10-16,"HKD",7.849400043487549,7.849999904632568,7.848400115966797,7.849400043487549,7.849400043487549,0
"USDHKD","HKD=X",2022-10-17,"HKD",7.8491997718811035,7.849999904632568,7.848599910736084,7.8491997718811035,7.8491997718811035,0
"USDHKD","HKD=X",2022-10-18,"HKD",7.849490165710449,7.849999904632568,7.849299907684326,7.849490165710449,7.849490165710449,0
"USDHKD","HKD=X",2022-10-19,"HKD",7.8491997718811035,7.849669933319092,7.847899913787842,7.8491997718811035,7.8491997718811035,0
"USDHKD","HKD=X",2022-10-20,"HKD",7.848569869995117,7.849899768829346,7.848400115966797,7.848569869995117,7.848569869995117,0
"USDHKD","HKD=X",2022-10-23,"HKD",7.849400043487549,7.849999904632568,7.848259925842285,7.849400043487549,7.849400043487549,0
"USDHKD","HKD=X",2022-10-24,"HKD",7.849629878997803,7.849999904632568,7.848700046539307,7.849629878997803,7.849629878997803,0
"USDHKD","HKD=X",2022-10-25,"HKD",7.849299907684326,7.849999904632568,7.84896993637085,7.849299907684326,7.849299907684326,0
"USDHKD","HKD=X",2022-10-26,"HKD",7.849299907684326,7.849649906158447,7.847300052642822,7.849299907684326,7.849299907684326,0
"USDHKD","HKD=X",2022-10-27,"HKD",7.849299907684326,7.849699974060059,7.84689998626709,7.849299907684326,7.849299907684326,0
"USDHKD","HKD=X",2022-10-31,"HKD",7.848740100860596,7.849999904632568,7.848299980163574,7.848740100860596,7.848740100860596,0
"USDHKD","HKD=X",2022-11-01,"HKD",7.849480152130127,7.849800109863281,7.848700046539307,7.849480152130127,7.849480152130127,0
"USDHKD","HKD=X",2022-11-02,"HKD",7.849629878997803,7.849999904632568,7.848899841308594,7.849629878997803,7.849629878997803,0
"USDHKD","HKD=X",2022-11-03,"HKD",7.8496599197387695,7.849999904632568,7.848700046539307,7.8496599197387695,7.8496599197387695,0
"USDHKD","HKD=X",2022-11-04,"HKD",7.849760055541992,7.8506999015808105,7.848899841308594,7.849760055541992,7.849760055541992,0
"USDHKD","HKD=X",2022-11-07,"HKD",7.849510192871094,7.849999904632568,7.848989963531494,7.849510192871094,7.849510192871094,0
"USDHKD","HKD=X",2022-11-08,"HKD",7.849999904632568,7.850500106811523,7.8495001792907715,7.849999904632568,7.849999904632568,0
"USDHKD","HKD=X",2022-11-09,"HKD",7.849100112915039,7.849899768829346,7.848800182342529,7.849100112915039,7.849100112915039,0
"USDHKD","HKD=X",2022-11-10,"HKD",7.849370002746582,7.849999904632568,7.845059871673584,7.849370002746582,7.849370002746582,0
"USDHKD","HKD=X",2022-11-11,"HKD",7.845399856567383,7.845200061798096,7.834050178527832,7.845399856567383,7.845399856567383,0
"USDHKD","HKD=X",2022-11-14,"HKD",7.835639953613281,7.8412699699401855,7.834449768066406,7.835639953613281,7.835639953613281,0
"USDHKD","HKD=X",2022-11-15,"HKD",7.835999965667725,7.836900234222412,7.819990158081055,7.835999965667725,7.835999965667725,0
"USDHKD","HKD=X",2022-11-16,"HKD",7.819900035858154,7.827030181884766,7.817599773406982,7.819900035858154,7.819900035858154,0
"USDHKD","HKD=X",2022-11-17,"HKD",7.82420015335083,7.829599857330322,7.8221001625061035,7.82420015335083,7.82420015335083,0
"USDHKD","HKD=X",2022-11-18,"HKD",7.826469898223877,7.828139781951904,7.821070194244385,7.826469898223877,7.826469898223877,0
"USDHKD","HKD=X",2022-11-21,"HKD",7.8191399574279785,7.823639869689941,7.799799919128418,7.8191399574279785,7.8191399574279785,0
"USDHKD","HKD=X",2022-11-22,"HKD",7.804299831390381,7.819799900054932,7.800869941711426,7.804299831390381,7.804299831390381,0
"USDHKD","HKD=X",2022-11-23,"HKD",7.817399978637695,7.821159839630127,7.813759803771973,7.817399978637695,7.817399978637695,0
"USDHKD","HKD=X",2022-11-24,"HKD",7.8180999755859375,7.818900108337402,7.804699897766113,7.8180999755859375,7.8180999755859375,0
"USDHKD","HKD=X",2022-11-25,"HKD",7.8084001541137695,7.817959785461426,7.807040214538574,7.8084001541137695,7.8084001541137695,0
"USDHKD","HKD=X",2022-11-28,"HKD",7.8080902099609375,7.821269989013672,7.808320045471191,7.8080902099609375,7.8080902099609375,0
"USDHKD","HKD=X",2022-11-29,"HKD",7.813419818878174,7.815499782562256,7.8080902099609375,7.813419818878174,7.813419818878174,0
"USDHKD","HKD=X",2022-11-30,"HKD",7.8107500076293945,7.812849998474121,7.797669887542725,7.8107500076293945,7.8107500076293945,0
"USDHKD","HKD=X",2022-12-01,"HKD",7.80472993850708,7.804699897766113,7.77672004699707,7.80472993850708,7.80472993850708,0
"USDHKD","HKD=X",2022-12-02,"HKD",7.7795000076293945,7.7895002365112305,7.777400016784668,7.7795000076293945,7.7795000076293945,0
"USDHKD","HKD=X",2022-12-05,"HKD",7.785140037536621,7.785799980163574,7.76200008392334,7.785140037536621,7.785140037536621,0
"USDHKD","HKD=X",2022-12-06,"HKD",7.768899917602539,7.782599925994873,7.767000198364258,7.768899917602539,7.768899917602539,0
"USDHKD","HKD=X",2022-12-07,"HKD",7.775259971618652,7.7947001457214355,7.774419784545898,7.775259971618652,7.775259971618652,0
"USDHKD","HKD=X",2022-12-08,"HKD",7.791500091552734,7.79341983795166,7.781610012054443,7.791500091552734,7.791500091552734,0
"USDHKD","HKD=X",2022-12-09,"HKD",7.783840179443359,7.790999889373779,7.779260158538818,7.783840179443359,7.783840179443359,0
"USDHKD","HKD=X",2022-12-12,"HKD",7.7868499755859375,7.788300037384033,7.767789840698242,7.7868499755859375,7.7868499755859375,0
"USDHKD","HKD=X",2022-12-13,"HKD",7.774799823760986,7.781199932098389,7.767749786376953,7.774799823760986,7.774799823760986,0
"USDHKD","HKD=X",2022-12-14,"HKD",7.774799823760986,7.780200004577637,7.7701897621154785,7.774799823760986,7.774799823760986,0
"USDHKD","HKD=X",2022-12-15,"HKD",7.775599956512451,7.779640197753906,7.770619869232178,7.775599956512451,7.775599956512451,0
"USDHKD","HKD=X",2022-12-16,"HKD",7.775760173797607,7.784200191497803,7.772250175476074,7.775760173797607,7.775760173797607,0
"USDHKD","HKD=X",2022-12-19,"HKD",7.778550148010254,7.787899971008301,7.775899887084961,7.778550148010254,7.778550148010254,0
"USDHKD","HKD=X",2022-12-20,"HKD",7.780300140380859,7.788410186767578,7.777900218963623,7.780300140380859,7.780300140380859,0
"USDHKD","HKD=X",2022-12-21,"HKD",7.787899971008301,7.794829845428467,7.787199974060059,7.787899971008301,7.787899971008301,0
"USDHKD","HKD=X",2022-12-22,"HKD",7.79610013961792,7.7993998527526855,7.786900043487549,7.79610013961792,7.79610013961792,0
"USDHKD","HKD=X",2022-12-23,"HKD",7.795300006866455,7.804800033569336,7.794099807739258,7.795300006866455,7.795300006866455,0
"USDHKD","HKD=X",2022-12-26,"HKD",7.8035101890563965,7.809599876403809,7.8017401695251465,7.8035101890563965,7.8035101890563965,0
"USDHKD","HKD=X",2022-12-27,"HKD",7.805099964141846,7.80620002746582,7.795229911804199,7.805099964141846,7.805099964141846,0
"USDHKD","HKD=X",2022-12-28,"HKD",7.8003997802734375,7.801599979400635,7.78508996963501,7.8003997802734375,7.8003997802734375,0
"USDHKD","HKD=X",2022-12-29,"HKD",7.79380989074707,7.798230171203613,7.787399768829346,7.79380989074707,7.79380989074707,0
"USDHKD","HKD=X",2022-12-30,"HKD",7.794400215148926,7.805459976196289,7.791100025177002,7.794400215148926,7.794400215148926,0
"USDHKD","HKD=X",2023-01-02,"HKD",7.79925012588501,7.8078999519348145,7.794600009918213,7.79925012588501,7.79925012588501,0
"USDHKD","HKD=X",2023-01-03,"HKD",7.805500030517578,7.815859794616699,7.804379940032959,7.805500030517578,7.805500030517578,0
"USDHKD","HKD=X",2023-01-04,"HKD",7.813199996948242,7.820209980010986,7.8109002113342285,7.813199996948242,7.813199996948242,0
"USDHKD","HKD=X",2023-01-05,"HKD",7.815710067749023,7.820779800415039,7.807429790496826,7.815710067749023,7.815710067749023,0
"USDHKD","HKD=X",2023-01-06,"HKD",7.811500072479248,7.815120220184326,7.804759979248047,7.811500072479248,7.811500072479248,0
"USDHKD","HKD=X",2023-01-09,"HKD",7.807819843292236,7.8084797859191895,7.8029398918151855,7.807819843292236,7.807819843292236,0
"USDHKD","HKD=X",2023-01-10,"HKD",7.804800033569336,7.8096699714660645,7.804900169372559,7.804800033569336,7.804800033569336,0
"USDHKD","HKD=X",2023-01-11,"HKD",7.808499813079834,7.814300060272217,7.807889938354492,7.808499813079834,7.808499813079834,0
"USDHKD","HKD=X",2023-01-12,"HKD",7.811100006103516,7.814020156860352,7.807390213012695,7.811100006103516,7.811100006103516,0
"USDHKD","HKD=X",2023-01-13,"HKD",7.8082499504089355,7.812419891357422,7.80771017074585,7.8082499504089355,7.8082499504089355,0
"USDHKD","HKD=X",2023-01-16,"HKD",7.810210227966309,7.812039852142334,7.805570125579834,7.810210227966309,7.810210227966309,0
"USDHKD","HKD=X",2023-01-17,"HKD",7.810420036315918,7.822569847106934,7.810029983520508,7.810420036315918,7.810420036315918,0
"USDHKD","HKD=X",2023-01-18,"HKD",7.818160057067871,7.828380107879639,7.817599773406982,7.818160057067871,7.818160057067871,0
"USDHKD","HKD=X",2023-01-19,"HKD",7.823440074920654,7.833799839019775,7.822380065917969,7.823440074920654,7.823440074920654,0
"USDHKD","HKD=X",2023-01-20,"HKD",7.829800128936768,7.83411979675293,7.824860095977783,7.829800128936768,7.829800128936768,0
"USDHKD","HKD=X",2023-01-23,"HKD",7.827280044555664,7.830999851226807,7.825379848480225,7.827439785003662,7.827439785003662,0
"USDHKD","HKD=X",2023-01-24,"HKD",7.830999851226807,7.832699775695801,7.826350212097168,7.830999851226807,7.830999851226807,0
"USDHKD","HKD=X",2023-01-25,"HKD",7.831500053405762,7.833899974822998,7.82919979095459,7.831500053405762,7.831500053405762,0
"USDHKD","HKD=X",2023-01-26,"HKD",7.829500198364258,7.832719802856445,7.826379776000977,7.829500198364258,7.829500198364258,0
"USDHKD","HKD=X",2023-01-27,"HKD",7.828080177307129,7.831679821014404,7.827089786529541,7.828080177307129,7.828080177307129,0
"USDHKD","HKD=X",2023-01-30,"HKD",7.828519821166992,7.837230205535889,7.8277997970581055,7.828519821166992,7.828519821166992,0
"USDHKD","HKD=X",2023-01-31,"HKD",7.835130214691162,7.839600086212158,7.834020137786865,7.835130214691162,7.835130214691162,0
"USDHKD","HKD=X",2023-02-01,"HKD",7.839660167694092,7.843200206756592,7.838900089263916,7.839660167694092,7.839660167694092,0
"USDHKD","HKD=X",2023-02-02,"HKD",7.839000225067139,7.844699859619141,7.838200092315674,7.839000225067139,7.839000225067139,0
"USDHKD","HKD=X",2023-02-03,"HKD",7.844399929046631,7.846519947052002,7.843009948730469,7.844399929046631,7.844399929046631,0
"USDHKD","HKD=X",2023-02-06,"HKD",7.846330165863037,7.848899841308594,7.844629764556885,7.846330165863037,7.846330165863037,0
"USDHKD","HKD=X",2023-02-07,"HKD",7.846759796142578,7.848899841308594,7.846320152282715,7.846759796142578,7.846759796142578,0
"USDHKD","HKD=X",2023-02-08,"HKD",7.848499774932861,7.849740028381348,7.848010063171387,7.848499774932861,7.848499774932861,0
"USDHKD","HKD=X",2023-02-09,"HKD",7.848700046539307,7.849999904632568,7.848259925842285,7.848700046539307,7.848700046539307,0
"USDHKD","HKD=X",2023-02-10,"HKD",7.849699974060059,7.850059986114502,7.848700046539307,7.849699974060059,7.849699974060059,0
"USDHKD","HKD=X",2023-02-13,"HKD",7.849289894104004,7.850299835205078,7.848430156707764,7.849289894104004,7.849289894104004,0
"USDHKD","HKD=X",2023-02-14,"HKD",7.849740028381348,7.849899768829346,7.848959922790527,7.849740028381348,7.849740028381348,0
"USDHKD","HKD=X",2023-02-15,"HKD",7.848800182342529,7.849400043487549,7.844299793243408,7.848800182342529,7.848800182342529,0
"USDHKD","HKD=X",2023-02-16,"HKD",7.846409797668457,7.849899768829346,7.84591007232666,7.846409797668457,7.846409797668457,0
"USDHKD","HKD=X",2023-02-17,"HKD",7.84896993637085,7.8495001792907715,7.843170166015625,7.84896993637085,7.84896993637085,0
"USDHKD","HKD=X",2023-02-20,"HKD",7.84453010559082,7.844900131225586,7.822999954223633,7.84453010559082,7.84453010559082,0
"USDHKD","HKD=X",2023-02-21,"HKD",7.833899974822998,7.845570087432861,7.833509922027588,7.833899974822998,7.833899974822998,0
"USDHKD","HKD=X",2023-02-22,"HKD",7.844799995422363,7.847499847412109,7.841430187225342,7.844799995422363,7.844799995422363,0
"USDHKD","HKD=X",2023-02-23,"HKD",7.845160007476807,7.847060203552246,7.841639995574951,7.845160007476807,7.845160007476807,0
"USDHKD","HKD=X",2023-02-24,"HKD",7.846839904785156,7.8491997718811035,7.845900058746338,7.846839904785156,7.846839904785156,0
"USDHKD","HKD=X",2023-02-27,"HKD",7.847780227661133,7.848499774932861,7.844369888305664,7.847780227661133,7.847780227661133,0
"USDHKD","HKD=X",2023-02-28,"HKD",7.844900131225586,7.849800109863281,7.844200134277344,7.844900131225586,7.844900131225586,0
"USDHKD","HKD=X",2023-03-01,"HKD",7.849020004272461,7.849899768829346,7.848289966583252,7.849020004272461,7.849020004272461,0
"USDHKD","HKD=X",2023-03-02,"HKD",7.848100185394287,7.849899768829346,7.848229885101318,7.848100185394287,7.848100185394287,0
"USDHKD","HKD=X",2023-03-03,"HKD",7.849400043487549,7.849909782409668,7.848599910736084,7.849400043487549,7.849400043487549,0
"USDHKD","HKD=X",2023-03-06,"HKD",7.84945011138916,7.849899768829346,7.849209785461426,7.84945011138916,7.84945011138916,0
"USDHKD","HKD=X",2023-03-07,"HKD",7.849420070648193,7.849909782409668,7.848700046539307,7.849420070648193,7.849420070648193,0
"USDHKD","HKD=X",2023-03-08,"HKD",7.849689960479736,7.849949836730957,7.848999977111816,7.849689960479736,7.849689960479736,0
"USDHKD","HKD=X",2023-03-09,"HKD",7.849460124969482,7.849949836730957,7.848909854888916,7.849460124969482,7.849460124969482,0
"USDHKD","HKD=X",2023-03-10,"HKD",7.849579811096191,7.84991979598999,7.848100185394287,7.849579811096191,7.849579811096191,0
"USDHKD","HKD=X",2023-03-13,"HKD",7.847519874572754,7.849100112915039,7.838009834289551,7.847519874572754,7.847519874572754,0
"USDHKD","HKD=X",2023-03-14,"HKD",7.844600200653076,7.848169803619385,7.837940216064453,7.844600200653076,7.844600200653076,0
"USDHKD","HKD=X",2023-03-15,"HKD",7.8480000495910645,7.849899768829346,7.846720218658447,7.8480000495910645,7.8480000495910645,0
"USDHKD","HKD=X",2023-03-16,"HKD",7.848050117492676,7.849899768829346,7.847139835357666,7.848050117492676,7.848050117492676,0
"USDHKD","HKD=X",2023-03-17,"HKD",7.849219799041748,7.849899768829346,7.848659992218018,7.849219799041748,7.849219799041748,0
"USDHKD","HKD=X",2023-03-20,"HKD",7.848849773406982,7.849699974060059,7.840849876403809,7.848849773406982,7.848849773406982,0
"USDHKD","HKD=X",2023-03-21,"HKD",7.842800140380859,7.846700191497803,7.835430145263672,7.842800140380859,7.842800140380859,0
"USDHKD","HKD=X",2023-03-22,"HKD",7.845620155334473,7.848899841308594,7.844180107116699,7.845620155334473,7.845620155334473,0
"USDHKD","HKD=X",2023-03-23,"HKD",7.847030162811279,7.849899768829346,7.8467302322387695,7.847030162811279,7.847030162811279,0
"USDHKD","HKD=X",2023-03-24,"HKD",7.849400043487549,7.849899768829346,7.848979949951172,7.849400043487549,7.849400043487549,0
"USDHKD","HKD=X",2023-03-26,"HKD",7.849530220031738,7.849899768829346,7.848899841308594,7.849530220031738,7.849530220031738,0
"USDHKD","HKD=X",2023-03-27,"HKD",7.849699974060059,7.8499298095703125,7.848700046539307,7.849699974060059,7.849699974060059,0
"USDHKD","HKD=X",2023-03-28,"HKD",7.849699974060059,7.84991979598999,7.848629951477051,7.849699974060059,7.849699974060059,0
"USDHKD","HKD=X",2023-03-29,"HKD",7.849899768829346,7.849949836730957,7.847539901733398,7.849899768829346,7.849899768829346,0
"USDHKD","HKD=X",2023-03-30,"HKD",7.849569797515869,7.849939823150635,7.848800182342529,7.849569797515869,7.849569797515869,0
"USDHKD","HKD=X",2023-04-02,"HKD",7.849599838256836,7.849949836730957,7.848999977111816,7.849599838256836,7.849599838256836,0
"USDHKD","HKD=X",2023-04-03,"HKD",7.8468098640441895,7.849899768829346,7.8465399742126465,7.8468098640441895,7.8468098640441895,0
"USDHKD","HKD=X",2023-04-04,"HKD",7.849299907684326,7.8499298095703125,7.848609924316406,7.849299907684326,7.849299907684326,0
"USDHKD","HKD=X",2023-04-05,"HKD",7.849800109863281,7.8499298095703125,7.849030017852783,7.849800109863281,7.849800109863281,0
"USDHKD","HKD=X",2023-04-06,"HKD",7.849740028381348,7.849989891052246,7.849370002746582,7.849740028381348,7.849740028381348,0
"USDHKD","HKD=X",2023-04-09,"HKD",7.849699974060059,7.849949836730957,7.849549770355225,7.849699974060059,7.849699974060059,0
"USDHKD","HKD=X",2023-04-10,"HKD",7.849400043487549,7.849939823150635,7.848899841308594,7.849400043487549,7.849400043487549,0
"USDHKD","HKD=X",2023-04-11,"HKD",7.849800109863281,7.849949836730957,7.849589824676514,7.849800109863281,7.849800109863281,0
"USDHKD","HKD=X",2023-04-12,"HKD",7.847209930419922,7.849939823150635,7.8471598625183105,7.847209930419922,7.847209930419922,0
"USDHKD","HKD=X",2023-04-13,"HKD",7.849699974060059,7.84991979598999,7.848899841308594,7.849699974060059,7.849699974060059,0
"USDHKD","HKD=X",2023-04-16,"HKD",7.849279880523682,7.849939823150635,7.847529888153076,7.849279880523682,7.849279880523682,0
"USDHKD","HKD=X",2023-04-17,"HKD",7.849279880523682,7.849939823150635,7.849110126495361,7.849279880523682,7.849279880523682,0
"USDHKD","HKD=X",2023-04-18,"HKD",7.849170207977295,7.849899768829346,7.847060203552246,7.849170207977295,7.849170207977295,0
"USDHKD","HKD=X",2023-04-19,"HKD",7.84896993637085,7.849899768829346,7.847599983215332,7.84896993637085,7.84896993637085,0
"USDHKD","HKD=X",2023-04-20,"HKD",7.848790168762207,7.849699974060059,7.844019889831543,7.848790168762207,7.848790168762207,0
"USDHKD","HKD=X",2023-04-23,"HKD",7.847899913787842,7.849299907684326,7.846459865570068,7.847899913787842,7.847899913787842,0
"USDHKD","HKD=X",2023-04-24,"HKD",7.849100112915039,7.849899768829346,7.848060131072998,7.849100112915039,7.849100112915039,0
"USDHKD","HKD=X",2023-04-25,"HKD",7.849599838256836,7.849949836730957,7.848899841308594,7.849599838256836,7.849599838256836,0
"USDHKD","HKD=X",2023-04-26,"HKD",7.849699974060059,7.849939823150635,7.849100112915039,7.849699974060059,7.849699974060059,0
"USDHKD","HKD=X",2023-04-27,"HKD",7.849899768829346,7.84991979598999,7.848750114440918,7.849899768829346,7.849899768829346,0
"USDHKD","HKD=X",2023-04-30,"HKD",7.849899768829346,7.851099967956543,7.8491902351379395,7.849899768829346,7.849899768829346,0
"USDHKD","HKD=X",2023-05-01,"HKD",7.849629878997803,7.849949836730957,7.848899841308594,7.849629878997803,7.849629878997803,0
"USDHKD","HKD=X",2023-05-02,"HKD",7.849760055541992,7.849949836730957,7.849110126495361,7.849760055541992,7.849760055541992,0
"USDHKD","HKD=X",2023-05-03,"HKD",7.848790168762207,7.849899768829346,7.84689998626709,7.848790168762207,7.848790168762207,0
"USDHKD","HKD=X",2023-05-04,"HKD",7.847099781036377,7.849400043487549,7.8470001220703125,7.847099781036377,7.847099781036377,0
"USDHKD","HKD=X",2023-05-07,"HKD",7.847179889678955,7.848840236663818,7.8470001220703125,7.847179889678955,7.847179889678955,0
"USDHKD","HKD=X",2023-05-08,"HKD",7.84867000579834,7.849299907684326,7.84119987487793,7.84867000579834,7.84867000579834,0
"USDHKD","HKD=X",2023-05-09,"HKD",7.841700077056885,7.8414998054504395,7.828279972076416,7.841700077056885,7.841700077056885,0
"USDHKD","HKD=X",2023-05-10,"HKD",7.832149982452393,7.839169979095459,7.825540065765381,7.832149982452393,7.832149982452393,0
"USDHKD","HKD=X",2023-05-11,"HKD",7.8368000984191895,7.843200206756592,7.837200164794922,7.8368000984191895,7.8368000984191895,0
"USDHKD","HKD=X",2023-05-14,"HKD",7.842400074005127,7.844950199127197,7.837830066680908,7.842400074005127,7.842400074005127,0
"USDHKD","HKD=X",2023-05-15,"HKD",7.838319778442383,7.83935022354126,7.832910060882568,7.838319778442383,7.838319778442383,0
"USDHKD","HKD=X",2023-05-16,"HKD",7.8383002281188965,7.838600158691406,7.828189849853516,7.8383002281188965,7.8383002281188965,0
"USDHKD","HKD=X",2023-05-17,"HKD",7.829699993133545,7.83089017868042,7.82436990737915,7.829699993133545,7.829699993133545,0
"USDHKD","HKD=X",2023-05-18,"HKD",7.827300071716309,7.827199935913086,7.806529998779297,7.827300071716309,7.827300071716309,0
"USDHKD","HKD=X",2023-05-21,"HKD",7.816800117492676,7.828800201416016,7.813300132751465,7.816800117492676,7.816800117492676,0
"USDHKD","HKD=X",2023-05-22,"HKD",7.828499794006348,7.837500095367432,7.825069904327393,7.828499794006348,7.828499794006348,0
"USDHKD","HKD=X",2023-05-23,"HKD",7.836820125579834,7.838399887084961,7.827600002288818,7.836820125579834,7.836820125579834,0
"USDHKD","HKD=X",2023-05-24,"HKD",7.829899787902832,7.835010051727295,7.827459812164307,7.829899787902832,7.829899787902832,0
"USDHKD","HKD=X",2023-05-25,"HKD",7.835000038146973,7.835599899291992,7.832099914550781,7.835000038146973,7.835000038146973,0
"USDHKD","HKD=X",2023-05-28,"HKD",7.834549903869629,7.835269927978516,7.825920104980469,7.834549903869629,7.834549903869629,0
"USDHKD","HKD=X",2023-05-29,"HKD",7.828000068664551,7.83489990234375,7.823629856109619,7.828000068664551,7.828000068664551,0
"USDHKD","HKD=X",2023-05-30,"HKD",7.834070205688477,7.837709903717041,7.825839996337891,7.834070205688477,7.834070205688477,0
"USDHKD","HKD=X",2023-05-31,"HKD",7.831210136413574,7.833680152893066,7.830190181732178,7.831210136413574,7.831210136413574,0
"USDHKD","HKD=X",2023-06-01,"HKD",7.831500053405762,7.837699890136719,7.8288798332214355,7.831500053405762,7.831500053405762,0
"USDHKD","HKD=X",2023-06-04,"HKD",7.837470054626465,7.8394999504089355,7.835599899291992,7.837470054626465,7.837470054626465,0
"USDHKD","HKD=X",2023-06-05,"HKD",7.837860107421875,7.843500137329102,7.837170124053955,7.837860107421875,7.837860107421875,0
"USDHKD","HKD=X",2023-06-06,"HKD",7.8429999351501465,7.844200134277344,7.837180137634277,7.8429999351501465,7.8429999351501465,0
"USDHKD","HKD=X",2023-06-07,"HKD",7.839739799499512,7.841670036315918,7.832789897918701,7.839739799499512,7.839739799499512,0
"USDHKD","HKD=X",2023-06-08,"HKD",7.836780071258545,7.839980125427246,7.833499908447266,7.836780071258545,7.836780071258545,0
"USDHKD","HKD=X",2023-06-11,"HKD",7.838799953460693,7.840700149536133,7.832220077514648,7.838799953460693,7.838799953460693,0
"USDHKD","HKD=X",2023-06-12,"HKD",7.834420204162598,7.835830211639404,7.832699775695801,7.834420204162598,7.834420204162598,0
"USDHKD","HKD=X",2023-06-13,"HKD",7.833310127258301,7.833700180053711,7.829699993133545,7.833310127258301,7.833310127258301,0
"USDHKD","HKD=X",2023-06-14,"HKD",7.830900192260742,7.830999851226807,7.821800231933594,7.830900192260742,7.830900192260742,0
"USDHKD","HKD=X",2023-06-15,"HKD",7.822569847106934,7.8265299797058105,7.818260192871094,7.822569847106934,7.822569847106934,0
"USDHKD","HKD=X",2023-06-18,"HKD",7.8211798667907715,7.82390022277832,7.81289005279541,7.8211798667907715,7.8211798667907715,0
"USDHKD","HKD=X",2023-06-19,"HKD",7.8171000480651855,7.826399803161621,7.814119815826416,7.8171000480651855,7.8171000480651855,0
"USDHKD","HKD=X",2023-06-20,"HKD",7.825799942016602,7.8292999267578125,7.822959899902344,7.825799942016602,7.825799942016602,0
"USDHKD","HKD=X",2023-06-21,"HKD",7.8282999992370605,7.831099987030029,7.824810028076172,7.8282999992370605,7.8282999992370605,0
"USDHKD","HKD=X",2023-06-22,"HKD",7.830100059509277,7.831500053405762,7.827390193939209,7.830100059509277,7.830100059509277,0
"USDHKD","HKD=X",2023-06-25,"HKD",7.829730033874512,7.831999778747559,7.826429843902588,7.829730033874512,7.829730033874512,0
"USDHKD","HKD=X",2023-06-26,"HKD",7.8302001953125,7.834199905395508,7.82843017578125,7.8302001953125,7.8302001953125,0
"USDHKD","HKD=X",2023-06-27,"HKD",7.8331098556518555,7.834400177001953,7.82889986038208,7.8331098556518555,7.8331098556518555,0
"USDHKD","HKD=X",2023-06-28,"HKD",7.832940101623535,7.838699817657471,7.831250190734863,7.832940101623535,7.832940101623535,0
"USDHKD","HKD=X",2023-06-29,"HKD",7.838799953460693,7.838799953460693,7.834219932556152,7.838799953460693,7.838799953460693,0
"USDHKD","HKD=X",2023-07-02,"HKD",7.837299823760986,7.838200092315674,7.83135986328125,7.837299823760986,7.837299823760986,0
"USDHKD","HKD=X",2023-07-03,"HKD",7.834099769592285,7.834099769592285,7.828269958496094,7.834099769592285,7.834099769592285,0
"USDHKD","HKD=X",2023-07-04,"HKD",7.831399917602539,7.831719875335693,7.820199966430664,7.831399917602539,7.831399917602539,0
"USDHKD","HKD=X",2023-07-05,"HKD",7.8221001625061035,7.8231201171875,7.812640190124512,7.8221001625061035,7.8221001625061035,0
"USDHKD","HKD=X",2023-07-06,"HKD",7.820400238037109,7.829239845275879,7.821450233459473,7.820400238037109,7.820400238037109,0
"USDHKD","HKD=X",2023-07-09,"HKD",7.827300071716309,7.831600189208984,7.827320098876953,7.827300071716309,7.827300071716309,0
"USDHKD","HKD=X",2023-07-10,"HKD",7.828199863433838,7.83050012588501,7.824079990386963,7.828199863433838,7.828199863433838,0
"USDHKD","HKD=X",2023-07-11,"HKD",7.8267998695373535,7.829599857330322,7.826169967651367,7.8267998695373535,7.8267998695373535,0
"USDHKD","HKD=X",2023-07-12,"HKD",7.8254899978637695,7.826700210571289,7.819220066070557,7.8254899978637695,7.8254899978637695,0
"USDHKD","HKD=X",2023-07-13,"HKD",7.821400165557861,7.822299957275391,7.8138298988342285,7.821400165557861,7.821400165557861,0
"USDHKD","HKD=X",2023-07-16,"HKD",7.814700126647949,7.814899921417236,7.809410095214844,7.814700126647949,7.814700126647949,0
"USDHKD","HKD=X",2023-07-17,"HKD",7.81397008895874,7.818299770355225,7.810699939727783,7.81397008895874,7.81397008895874,0
"USDHKD","HKD=X",2023-07-18,"HKD",7.813899993896484,7.8140997886657715,7.803909778594971,7.813899993896484,7.813899993896484,0
"USDHKD","HKD=X",2023-07-19,"HKD",7.8084001541137695,7.8140997886657715,7.80633020401001,7.8084001541137695,7.8084001541137695,0
"USDHKD","HKD=X",2023-07-20,"HKD",7.813700199127197,7.817699909210205,7.812900066375732,7.813700199127197,7.813700199127197,0
"USDHKD","HKD=X",2023-07-23,"HKD",7.817070007324219,7.818399906158447,7.8109002113342285,7.817070007324219,7.817070007324219,0
"USDHKD","HKD=X",2023-07-24,"HKD",7.813469886779785,7.814410209655762,7.81003999710083,7.813469886779785,7.813469886779785,0
"USDHKD","HKD=X",2023-07-25,"HKD",7.811200141906738,7.811800003051758,7.799079895019531,7.811200141906738,7.811200141906738,0
"USDHKD","HKD=X",2023-07-26,"HKD",7.802000045776367,7.803800106048584,7.79394006729126,7.802000045776367,7.802000045776367,0
"USDHKD","HKD=X",2023-07-27,"HKD",7.8029398918151855,7.805530071258545,7.795680046081543,7.8029398918151855,7.8029398918151855,0
"USDHKD","HKD=X",2023-07-30,"HKD",7.7964701652526855,7.802700042724609,7.79571008682251,7.7964701652526855,7.7964701652526855,0
"USDHKD","HKD=X",2023-07-31,"HKD",7.797920227050781,7.799839973449707,7.792490005493164,7.797920227050781,7.797920227050781,0
"USDHKD","HKD=X",2023-08-01,"HKD",7.7941999435424805,7.802299976348877,7.79341983795166,7.7941999435424805,7.7941999435424805,0
"USDHKD","HKD=X",2023-08-02,"HKD",7.8018798828125,7.807700157165527,7.801949977874756,7.8018798828125,7.8018798828125,0
"USDHKD","HKD=X",2023-08-03,"HKD",7.808199882507324,7.810400009155273,7.8052802085876465,7.808199882507324,7.808199882507324,0
"USDHKD","HKD=X",2023-08-06,"HKD",7.811500072479248,7.811600208282471,7.8053998947143555,7.811500072479248,7.811500072479248,0
"USDHKD","HKD=X",2023-08-07,"HKD",7.807400226593018,7.8140997886657715,7.806230068206787,7.807400226593018,7.807400226593018,0
"USDHKD","HKD=X",2023-08-08,"HKD",7.8140997886657715,7.821199893951416,7.811729907989502,7.8140997886657715,7.8140997886657715,0
"USDHKD","HKD=X",2023-08-09,"HKD",7.820419788360596,7.820899963378906,7.815539836883545,7.820419788360596,7.820419788360596,0
"USDHKD","HKD=X",2023-08-10,"HKD",7.8196001052856445,7.820000171661377,7.812429904937744,7.8196001052856445,7.8196001052856445,0
"USDHKD","HKD=X",2023-08-13,"HKD",7.817599773406982,7.820650100708008,7.81466007232666,7.817599773406982,7.817599773406982,0
"USDHKD","HKD=X",2023-08-14,"HKD",7.819300174713135,7.824399948120117,7.818850040435791,7.819300174713135,7.819300174713135,0
"USDHKD","HKD=X",2023-08-15,"HKD",7.824100017547607,7.830699920654297,7.8228302001953125,7.824100017547607,7.824100017547607,0
"USDHKD","HKD=X",2023-08-16,"HKD",7.831299781799316,7.833399772644043,7.826479911804199,7.831299781799316,7.831299781799316,0
"USDHKD","HKD=X",2023-08-17,"HKD",7.829699993133545,7.832499980926514,7.825049877166748,7.829699993133545,7.829699993133545,0
"USDHKD","HKD=X",2023-08-20,"HKD",7.832640171051025,7.8394999504089355,7.83188009262085,7.832640171051025,7.832640171051025,0
"USDHKD","HKD=X",2023-08-21,"HKD",7.839000225067139,7.839099884033203,7.832520008087158,7.839000225067139,7.839000225067139,0
"USDHKD","HKD=X",2023-08-22,"HKD",7.8378801345825195,7.841899871826172,7.836359977722168,7.8378801345825195,7.8378801345825195,0
"USDHKD","HKD=X",2023-08-23,"HKD",7.840799808502197,7.8429999351501465,7.838220119476318,7.840799808502197,7.840799808502197,0
"USDHKD","HKD=X",2023-08-24,"HKD",7.841300010681152,7.845200061798096,7.840839862823486,7.841300010681152,7.841300010681152,0
"USDHKD","HKD=X",2023-08-27,"HKD",7.843339920043945,7.84630012512207,7.8425397872924805,7.843339920043945,7.843339920043945,0
"USDHKD","HKD=X",2023-08-28,"HKD",7.84591007232666,7.847300052642822,7.843100070953369,7.84591007232666,7.84591007232666,0
"USDHKD","HKD=X",2023-08-29,"HKD",7.846199989318848,7.847700119018555,7.84345006942749,7.846199989318848,7.846199989318848,0
"USDHKD","HKD=X",2023-08-30,"HKD",7.845860004425049,7.846759796142578,7.841400146484375,7.845860004425049,7.845860004425049,0
"USDHKD","HKD=X",2023-08-31,"HKD",7.842400074005127,7.845900058746338,7.840400218963623,7.842400074005127,7.842400074005127,0
"USDHKD","HKD=X",2023-09-03,"HKD",7.845590114593506,7.84630012512207,7.83188009262085,7.845590114593506,7.845590114593506,0
"USDHKD","HKD=X",2023-09-04,"HKD",7.835700035095215,7.841400146484375,7.8353400230407715,7.835700035095215,7.835700035095215,0
"USDHKD","HKD=X",2023-09-05,"HKD",7.841599941253662,7.843400001525879,7.8403000831604,7.841599941253662,7.841599941253662,0
"USDHKD","HKD=X",2023-09-06,"HKD",7.842599868774414,7.8429999351501465,7.837120056152344,7.842599868774414,7.842599868774414,0
"USDHKD","HKD=X",2023-09-07,"HKD",7.836880207061768,7.840000152587891,7.835899829864502,7.836880207061768,7.836880207061768,0
"USDHKD","HKD=X",2023-09-10,"HKD",7.840419769287109,7.842100143432617,7.831140041351318,7.840419769287109,7.840419769287109,0
"USDHKD","HKD=X",2023-09-11,"HKD",7.831860065460205,7.83351993560791,7.827859878540039,7.831860065460205,7.831860065460205,0
"USDHKD","HKD=X",2023-09-12,"HKD",7.827400207519531,7.82889986038208,7.8231000900268555,7.827400207519531,7.827400207519531,0
"USDHKD","HKD=X",2023-09-13,"HKD",7.826300144195557,7.829400062561035,7.824470043182373,7.826300144195557,7.826300144195557,0
"USDHKD","HKD=X",2023-09-14,"HKD",7.82919979095459,7.829699993133545,7.825210094451904,7.82919979095459,7.82919979095459,0
"USDHKD","HKD=X",2023-09-17,"HKD",7.8254499435424805,7.826700210571289,7.818089962005615,7.8254499435424805,7.8254499435424805,0
"USDHKD","HKD=X",2023-09-18,"HKD",7.81820011138916,7.820459842681885,7.814209938049316,7.81820011138916,7.81820011138916,0
"USDHKD","HKD=X",2023-09-19,"HKD",7.820899963378906,7.823699951171875,7.820010185241699,7.820899963378906,7.820899963378906,0
"USDHKD","HKD=X",2023-09-20,"HKD",7.823800086975098,7.826300144195557,7.81919002532959,7.823800086975098,7.823800086975098,0
"USDHKD","HKD=X",2023-09-21,"HKD",7.821000099182129,7.821300029754639,7.817299842834473,7.821000099182129,7.821000099182129,0
"USDHKD","HKD=X",2023-09-24,"HKD",7.820409774780273,7.820899963378906,7.813549995422363,7.820409774780273,7.820409774780273,0
"USDHKD","HKD=X",2023-09-25,"HKD",7.816359996795654,7.822999954223633,7.815690040588379,7.816359996795654,7.816359996795654,0
"USDHKD","HKD=X",2023-09-26,"HKD",7.821300029754639,7.823400020599365,7.819499969482422,7.821300029754639,7.821300029754639,0
"USDHKD","HKD=X",2023-09-27,"HKD",7.821080207824707,7.8282999992370605,7.820990085601807,7.821080207824707,7.821080207824707,0
"USDHKD","HKD=X",2023-09-28,"HKD",7.829349994659424,7.832600116729736,7.825200080871582,7.829349994659424,7.829349994659424,0
"USDHKD","HKD=X",2023-10-01,"HKD",7.831600189208984,7.832900047302246,7.830389976501465,7.831600189208984,7.831600189208984,0
"USDHKD","HKD=X",2023-10-02,"HKD",7.831900119781494,7.834139823913574,7.828609943389893,7.831900119781494,7.831900119781494,0
"USDHKD","HKD=X",2023-10-03,"HKD",7.832600116729736,7.832699775695801,7.828060150146484,7.832600116729736,7.832600116729736,0
"USDHKD","HKD=X",2023-10-04,"HKD",7.828800201416016,7.83158016204834,7.827859878540039,7.828800201416016,7.828800201416016,0
"USDHKD","HKD=X",2023-10-05,"HKD",7.831099987030029,7.832699775695801,7.829669952392578,7.831099987030029,7.831099987030029,0
"USDHKD","HKD=X",2023-10-08,"HKD",7.831459999084473,7.832600116729736,7.828390121459961,7.831459999084473,7.831459999084473,0
"USDHKD","HKD=X",2023-10-09,"HKD",7.828700065612793,7.830599784851074,7.817800045013428,7.828700065612793,7.828700065612793,0
"USDHKD","HKD=X",2023-10-10,"HKD",7.819240093231201,7.821899890899658,7.815830230712891,7.819240093231201,7.819240093231201,0
"USDHKD","HKD=X",2023-10-11,"HKD",7.819699764251709,7.823400020599365,7.818210124969482,7.819699764251709,7.819699764251709,0
"USDHKD","HKD=X",2023-10-12,"HKD",7.823800086975098,7.825399875640869,7.820980072021484,7.823800086975098,7.823800086975098,0
"USDHKD","HKD=X",2023-10-15,"HKD",7.823309898376465,7.82358980178833,7.816740036010742,7.823309898376465,7.823309898376465,0
"USDHKD","HKD=X",2023-10-16,"HKD",7.817500114440918,7.824100017547607,7.816140174865723,7.817500114440918,7.817500114440918,0
"USDHKD","HKD=X",2023-10-17,"HKD",7.8242998123168945,7.828800201416016,7.822420120239258,7.8242998123168945,7.8242998123168945,0
"USDHKD","HKD=X",2023-10-18,"HKD",7.828589916229248,7.829800128936768,7.823130130767822,7.828589916229248,7.828589916229248,0
"USDHKD","HKD=X",2023-10-19,"HKD",7.8236799240112305,7.824530124664307,7.819069862365723,7.8236799240112305,7.8236799240112305,0
"USDHKD","HKD=X",2023-10-22,"HKD",7.825240135192871,7.8265700340271,7.823699951171875,7.825240135192871,7.825240135192871,0
"USDHKD","HKD=X",2023-10-23,"HKD",7.8238701820373535,7.824999809265137,7.821119785308838,7.8238701820373535,7.8238701820373535,0
"USDHKD","HKD=X",2023-10-24,"HKD",7.823550224304199,7.8246002197265625,7.821169853210449,7.823550224304199,7.823550224304199,0
"USDHKD","HKD=X",2023-10-25,"HKD",7.821899890899658,7.824220180511475,7.819849967956543,7.821899890899658,7.821899890899658,0
"USDHKD","HKD=X",2023-10-26,"HKD",7.820400238037109,7.822509765625,7.818319797515869,7.820400238037109,7.820400238037109,0
"USDHKD","HKD=X",2023-10-30,"HKD",7.821569919586182,7.822299957275391,7.820209980010986,7.821569919586182,7.821569919586182,0
"USDHKD","HKD=X",2023-10-31,"HKD",7.820700168609619,7.825500011444092,7.819859981536865,7.820700168609619,7.820700168609619,0
"USDHKD","HKD=X",2023-11-01,"HKD",7.82436990737915,7.825500011444092,7.821809768676758,7.82436990737915,7.82436990737915,0
"USDHKD","HKD=X",2023-11-02,"HKD",7.822189807891846,7.825699806213379,7.821750164031982,7.822189807891846,7.822189807891846,0
"USDHKD","HKD=X",2023-11-03,"HKD",7.824520111083984,7.827199935913086,7.823709964752197,7.824520111083984,7.824520111083984,0
"USDHKD","HKD=X",2023-11-06,"HKD",7.824120044708252,7.824260234832764,7.81928014755249,7.824120044708252,7.824120044708252,0
"USDHKD","HKD=X",2023-11-07,"HKD",7.820899963378906,7.821929931640625,7.817780017852783,7.820899963378906,7.820899963378906,0
"USDHKD","HKD=X",2023-11-08,"HKD",7.819699764251709,7.820400238037109,7.815060138702393,7.819699764251709,7.819699764251709,0
"USDHKD","HKD=X",2023-11-09,"HKD",7.81466007232666,7.815800189971924,7.8069000244140625,7.81466007232666,7.81466007232666,0
"USDHKD","HKD=X",2023-11-10,"HKD",7.808899879455566,7.812300205230713,7.803430080413818,7.808899879455566,7.808899879455566,0
"USDHKD","HKD=X",2023-11-13,"HKD",7.811180114746094,7.811560153961182,7.806719779968262,7.811180114746094,7.811180114746094,0
"USDHKD","HKD=X",2023-11-14,"HKD",7.808599948883057,7.810800075531006,7.805570125579834,7.808599948883057,7.808599948883057,0
"USDHKD","HKD=X",2023-11-15,"HKD",7.805319786071777,7.807660102844238,7.8029398918151855,7.805319786071777,7.805319786071777,0
"USDHKD","HKD=X",2023-11-16,"HKD",7.807069778442383,7.81043004989624,7.801199913024902,7.807069778442383,7.807069778442383,0
"USDHKD","HKD=X",2023-11-17,"HKD",7.8023600578308105,7.8024001121521,7.794600009918213,7.8023600578308105,7.8023600578308105,0
"USDHKD","HKD=X",2023-11-20,"HKD",7.7954301834106445,7.797599792480469,7.790410041809082,7.7954301834106445,7.7954301834106445,0
"USDHKD","HKD=X",2023-11-21,"HKD",7.792290210723877,7.796800136566162,7.789309978485107,7.792290210723877,7.792290210723877,0
"USDHKD","HKD=X",2023-11-22,"HKD",7.795599937438965,7.801000118255615,7.79472017288208,7.795599937438965,7.795599937438965,0
"USDHKD","HKD=X",2023-11-23,"HKD",7.796500205993652,7.799069881439209,7.794290065765381,7.796500205993652,7.796500205993652,0
"USDHKD","HKD=X",2023-11-24,"HKD",7.798299789428711,7.799699783325195,7.7923102378845215,7.798299789428711,7.798299789428711,0
"USDHKD","HKD=X",2023-11-27,"HKD",7.7916998863220215,7.792349815368652,7.786019802093506,7.7916998863220215,7.7916998863220215,0
"USDHKD","HKD=X",2023-11-28,"HKD",7.788690090179443,7.797800064086914,7.788290023803711,7.788690090179443,7.788690090179443,0
"USDHKD","HKD=X",2023-11-29,"HKD",7.7945098876953125,7.8059000968933105,7.793700218200684,7.7945098876953125,7.7945098876953125,0
"USDHKD","HKD=X",2023-11-30,"HKD",7.804100036621094,7.811699867248535,7.802289962768555,7.804100036621094,7.804100036621094,0
"USDHKD","HKD=X",2023-12-01,"HKD",7.810259819030762,7.815199851989746,7.809619903564453,7.810259819030762,7.810259819030762,0
"USDHKD","HKD=X",2023-12-04,"HKD",7.814080238342285,7.817299842834473,7.812689781188965,7.814080238342285,7.814080238342285,0
"USDHKD","HKD=X",2023-12-05,"HKD",7.815529823303223,7.819799900054932,7.814020156860352,7.815529823303223,7.815529823303223,0
"USDHKD","HKD=X",2023-12-06,"HKD",7.8190999031066895,7.819200038909912,7.808229923248291,7.8190999031066895,7.8190999031066895,0
"USDHKD","HKD=X",2023-12-07,"HKD",7.810770034790039,7.815199851989746,7.807439804077148,7.810770034790039,7.810770034790039,0
"USDHKD","HKD=X",2023-12-08,"HKD",7.811500072479248,7.815430164337158,7.807590007781982,7.811500072479248,7.811500072479248,0
"USDHKD","HKD=X",2023-12-11,"HKD",7.809460163116455,7.8119001388549805,7.80403995513916,7.809460163116455,7.809460163116455,0
"USDHKD","HKD=X",2023-12-12,"HKD",7.80620002746582,7.811100006103516,7.801990032196045,7.80620002746582,7.80620002746582,0
"USDHKD","HKD=X",2023-12-13,"HKD",7.809500217437744,7.815000057220459,7.807250022888184,7.809500217437744,7.809500217437744,0
"USDHKD","HKD=X",2023-12-14,"HKD",7.811399936676025,7.811299800872803,7.8049798011779785,7.811399936676025,7.811399936676025,0
"USDHKD","HKD=X",2023-12-15,"HKD",7.8069000244140625,7.808499813079834,7.802800178527832,7.8069000244140625,7.8069000244140625,0
"USDHKD","HKD=X",2023-12-18,"HKD",7.802299976348877,7.803100109100342,7.7955098152160645,7.802299976348877,7.802299976348877,0
"USDHKD","HKD=X",2023-12-19,"HKD",7.795100212097168,7.801770210266113,7.793529987335205,7.795100212097168,7.795100212097168,0
"USDHKD","HKD=X",2023-12-20,"HKD",7.799600124359131,7.80797004699707,7.797989845275879,7.799600124359131,7.799600124359131,0
"USDHKD","HKD=X",2023-12-21,"HKD",7.806859970092773,7.8113298416137695,7.803440093994141,7.806859970092773,7.806859970092773,0
"USDHKD","HKD=X",2023-12-22,"HKD",7.8095598220825195,7.816500186920166,7.808080196380615,7.8095598220825195,7.8095598220825195,0
"USDHKD","HKD=X",2023-12-25,"HKD",7.809879779815674,7.8165998458862305,7.80649995803833,7.809879779815674,7.809879779815674,0
"USDHKD","HKD=X",2023-12-26,"HKD",7.809899806976318,7.8144001960754395,7.808640003204346,7.809899806976318,7.809899806976318,0
"USDHKD","HKD=X",2023-12-27,"HKD",7.80679988861084,7.817609786987305,7.806970119476318,7.80679988861084,7.80679988861084,0
"USDHKD","HKD=X",2023-12-28,"HKD",7.809899806976318,7.817800045013428,7.809110164642334,7.809899806976318,7.809899806976318,0
"USDHKD","HKD=X",2023-12-29,"HKD",7.811800003051758,7.817619800567627,7.807869911193848,7.811800003051758,7.811800003051758,0
"USDHKD","HKD=X",2024-01-01,"HKD",7.808000087738037,7.820099830627441,7.808000087738037,7.808000087738037,7.808000087738037,0
"USDHKD","HKD=X",2024-01-02,"HKD",7.809659957885742,7.8155999183654785,7.809169769287109,7.809659957885742,7.809659957885742,0
"USDHKD","HKD=X",2024-01-03,"HKD",7.814929962158203,7.815299987792969,7.803800106048584,7.814929962158203,7.814929962158203,0
"USDHKD","HKD=X",2024-01-04,"HKD",7.807499885559082,7.809899806976318,7.805970191955566,7.807499885559082,7.807499885559082,0
"USDHKD","HKD=X",2024-01-05,"HKD",7.809100151062012,7.811890125274658,7.8078999519348145,7.809100151062012,7.809100151062012,0
"USDHKD","HKD=X",2024-01-08,"HKD",7.811240196228027,7.811800003051758,7.805300235748291,7.811240196228027,7.811240196228027,0
"USDHKD","HKD=X",2024-01-09,"HKD",7.806000232696533,7.815830230712891,7.806310176849365,7.806000232696533,7.806000232696533,0
"USDHKD","HKD=X",2024-01-10,"HKD",7.815820217132568,7.821300029754639,7.814949989318848,7.815820217132568,7.815820217132568,0
"USDHKD","HKD=X",2024-01-11,"HKD",7.819900035858154,7.819799900054932,7.815420150756836,7.819900035858154,7.819900035858154,0
"USDHKD","HKD=X",2024-01-12,"HKD",7.817800045013428,7.823299884796143,7.816199779510498,7.817800045013428,7.817800045013428,0
"USDHKD","HKD=X",2024-01-15,"HKD",7.81997013092041,7.822199821472168,7.8189802169799805,7.81997013092041,7.81997013092041,0
"USDHKD","HKD=X",2024-01-16,"HKD",7.822720050811768,7.828149795532227,7.8203301429748535,7.822720050811768,7.822720050811768,0
"USDHKD","HKD=X",2024-01-17,"HKD",7.826300144195557,7.826399803161621,7.8213701248168945,7.826300144195557,7.826300144195557,0
"USDHKD","HKD=X",2024-01-18,"HKD",7.822490215301514,7.822690010070801,7.817500114440918,7.822490215301514,7.822490215301514,0
"USDHKD","HKD=X",2024-01-19,"HKD",7.821310043334961,7.822659969329834,7.818329811096191,7.821310043334961,7.821310043334961,0
"USDHKD","HKD=X",2024-01-22,"HKD",7.8170599937438965,7.819300174713135,7.815830230712891,7.8170599937438965,7.8170599937438965,0
"USDHKD","HKD=X",2024-01-23,"HKD",7.817440032958984,7.823800086975098,7.816740036010742,7.817440032958984,7.817440032958984,0
"USDHKD","HKD=X",2024-01-24,"HKD",7.822000026702881,7.823699951171875,7.817279815673828,7.822000026702881,7.822000026702881,0
"USDHKD","HKD=X",2024-01-25,"HKD",7.817699909210205,7.819499969482422,7.815340042114258,7.817699909210205,7.817699909210205,0
"USDHKD","HKD=X",2024-01-26,"HKD",7.818399906158447,7.818900108337402,7.812469959259033,7.818399906158447,7.818399906158447,0
"USDHKD","HKD=X",2024-01-29,"HKD",7.813119888305664,7.81689977645874,7.8109002113342285,7.813119888305664,7.813119888305664,0
"USDHKD","HKD=X",2024-01-30,"HKD",7.813799858093262,7.817800045013428,7.811349868774414,7.813799858093262,7.813799858093262,0
"USDHKD","HKD=X",2024-01-31,"HKD",7.816999912261963,7.819729804992676,7.816649913787842,7.816999912261963,7.816999912261963,0
"USDHKD","HKD=X",2024-02-01,"HKD",7.817500114440918,7.821199893951416,7.815999984741211,7.817500114440918,7.817500114440918,0
"USDHKD","HKD=X",2024-02-02,"HKD",7.820099830627441,7.820899963378906,7.817319869995117,7.820099830627441,7.820099830627441,0
"USDHKD","HKD=X",2024-02-05,"HKD",7.821340084075928,7.8231000900268555,7.820839881896973,7.821340084075928,7.821340084075928,0
"USDHKD","HKD=X",2024-02-06,"HKD",7.821599960327148,7.823699951171875,7.820590019226074,7.821599960327148,7.821599960327148,0
"USDHKD","HKD=X",2024-02-07,"HKD",7.822229862213135,7.822800159454346,7.818280220031738,7.822229862213135,7.822229862213135,0
"USDHKD","HKD=X",2024-02-08,"HKD",7.8190999031066895,7.821400165557861,7.818359851837158,7.8190999031066895,7.8190999031066895,0
"USDHKD","HKD=X",2024-02-09,"HKD",7.821300029754639,7.822299957275391,7.819149971008301,7.821300029754639,7.821300029754639,0
"USDHKD","HKD=X",2024-02-12,"HKD",7.819580078125,7.821400165557861,7.819260120391846,7.819580078125,7.819580078125,0
"USDHKD","HKD=X",2024-02-13,"HKD",7.8176798820495605,7.819699764251709,7.816440105438232,7.8176798820495605,7.8176798820495605,0
"USDHKD","HKD=X",2024-02-14,"HKD",7.81935977935791,7.820099830627441,7.816800117492676,7.81935977935791,7.81935977935791,0
"USDHKD","HKD=X",2024-02-15,"HKD",7.81810998916626,7.821100234985352,7.817230224609375,7.81810998916626,7.81810998916626,0
"USDHKD","HKD=X",2024-02-16,"HKD",7.820030212402344,7.82289981842041,7.819910049438477,7.820030212402344,7.820030212402344,0
"USDHKD","HKD=X",2024-02-19,"HKD",7.8206000328063965,7.821750164031982,7.819890022277832,7.8206000328063965,7.8206000328063965,0
"USDHKD","HKD=X",2024-02-20,"HKD",7.820899963378906,7.822380065917969,7.819980144500732,7.820899963378906,7.820899963378906,0
"USDHKD","HKD=X",2024-02-21,"HKD",7.8209099769592285,7.822199821472168,7.818689823150635,7.8209099769592285,7.8209099769592285,0
"USDHKD","HKD=X",2024-02-22,"HKD",7.820650100708008,7.822700023651123,7.819640159606934,7.820650100708008,7.820650100708008,0
"USDHKD","HKD=X",2024-02-23,"HKD",7.822500228881836,7.824699878692627,7.821869850158691,7.822500228881836,7.822500228881836,0
"USDHKD","HKD=X",2024-02-26,"HKD",7.823939800262451,7.825099945068359,7.822480201721191,7.823939800262451,7.823939800262451,0
"USDHKD","HKD=X",2024-02-27,"HKD",7.824220180511475,7.825099945068359,7.8219499588012695,7.824220180511475,7.824220180511475,0
"USDHKD","HKD=X",2024-02-28,"HKD",7.82450008392334,7.827970027923584,7.82420015335083,7.82450008392334,7.82450008392334,0
"USDHKD","HKD=X",2024-02-29,"HKD",7.8277997970581055,7.829150199890137,7.825870037078857,7.8277997970581055,7.8277997970581055,0
"USDHKD","HKD=X",2024-03-01,"HKD",7.828390121459961,7.829500198364258,7.827270030975342,7.828390121459961,7.828390121459961,0
"USDHKD","HKD=X",2024-03-04,"HKD",7.8282999992370605,7.829100131988525,7.823430061340332,7.8282999992370605,7.8282999992370605,0
"USDHKD","HKD=X",2024-03-05,"HKD",7.824900150299072,7.825900077819824,7.821979999542236,7.824900150299072,7.824900150299072,0
"USDHKD","HKD=X",2024-03-06,"HKD",7.824379920959473,7.824900150299072,7.822279930114746,7.824379920959473,7.824379920959473,0
"USDHKD","HKD=X",2024-03-07,"HKD",7.823999881744385,7.8246002197265625,7.818999767303467,7.823999881744385,7.823999881744385,0
"USDHKD","HKD=X",2024-03-08,"HKD",7.820400238037109,7.821899890899658,7.818999767303467,7.820400238037109,7.820400238037109,0
"USDHKD","HKD=X",2024-03-11,"HKD",7.82036018371582,7.821149826049805,7.818960189819336,7.82036018371582,7.82036018371582,0
"USDHKD","HKD=X",2024-03-12,"HKD",7.821400165557861,7.824709892272949,7.819699764251709,7.821400165557861,7.821400165557861,0
"USDHKD","HKD=X",2024-03-13,"HKD",7.824039936065674,7.824699878692627,7.82234001159668,7.824039936065674,7.824039936065674,0
"USDHKD","HKD=X",2024-03-14,"HKD",7.823080062866211,7.823800086975098,7.820730209350586,7.823080062866211,7.823080062866211,0
"USDHKD","HKD=X",2024-03-15,"HKD",7.82204008102417,7.823130130767822,7.820620059967041,7.82204008102417,7.82204008102417,0
"USDHKD","HKD=X",2024-03-18,"HKD",7.82181978225708,7.822800159454346,7.817759990692139,7.82181978225708,7.82181978225708,0
"USDHKD","HKD=X",2024-03-19,"HKD",7.819429874420166,7.823090076446533,7.81889009475708,7.819429874420166,7.819429874420166,0
"USDHKD","HKD=X",2024-03-20,"HKD",7.822700023651123,7.8239898681640625,7.821969985961914,7.822700023651123,7.822700023651123,0
"USDHKD","HKD=X",2024-03-21,"HKD",7.822999954223633,7.82289981842041,7.8196001052856445,7.822999954223633,7.822999954223633,0
"USDHKD","HKD=X",2024-03-22,"HKD",7.820799827575684,7.823200225830078,7.817279815673828,7.820799827575684,7.820799827575684,0
"USDHKD","HKD=X",2024-03-25,"HKD",7.82144021987915,7.821899890899658,7.818550109863281,7.82144021987915,7.82144021987915,0
"USDHKD","HKD=X",2024-03-26,"HKD",7.821420192718506,7.823599815368652,7.820809841156006,7.821420192718506,7.821420192718506,0
"USDHKD","HKD=X",2024-03-27,"HKD",7.822969913482666,7.82420015335083,7.822020053863525,7.822969913482666,7.822969913482666,0
"USDHKD","HKD=X",2024-03-28,"HKD",7.823500156402588,7.826469898223877,7.822979927062988,7.823500156402588,7.823500156402588,0
"USDHKD","HKD=X",2024-03-29,"HKD",7.825699806213379,7.827700138092041,7.82358980178833,7.825699806213379,7.825699806213379,0
"USDHKD","HKD=X",2024-03-31,"HKD",7.825510025024414,7.827099800109863,7.824059963226318,7.825510025024414,7.825510025024414,0
"USDHKD","HKD=X",2024-04-01,"HKD",7.825200080871582,7.82919979095459,7.824230194091797,7.825200080871582,7.825200080871582,0
"USDHKD","HKD=X",2024-04-02,"HKD",7.828400135040283,7.829400062561035,7.827539920806885,7.828400135040283,7.828400135040283,0
"USDHKD","HKD=X",2024-04-03,"HKD",7.828479766845703,7.828999996185303,7.827400207519531,7.828479766845703,7.828479766845703,0
"USDHKD","HKD=X",2024-04-04,"HKD",7.82919979095459,7.829100131988525,7.826330184936523,7.82919979095459,7.82919979095459,0
"USDHKD","HKD=X",2024-04-07,"HKD",7.828579902648926,7.832099914550781,7.828370094299316,7.828579902648926,7.828579902648926,0
"USDHKD","HKD=X",2024-04-08,"HKD",7.831699848175049,7.8317999839782715,7.829400062561035,7.831699848175049,7.831699848175049,0
"USDHKD","HKD=X",2024-04-09,"HKD",7.8304901123046875,7.834799766540527,7.830379962921143,7.8304901123046875,7.8304901123046875,0
"USDHKD","HKD=X",2024-04-10,"HKD",7.835299968719482,7.8371500968933105,7.83342981338501,7.835299968719482,7.835299968719482,0
"USDHKD","HKD=X",2024-04-11,"HKD",7.837800025939941,7.837900161743164,7.835669994354248,7.837800025939941,7.837800025939941,0
"USDHKD","HKD=X",2024-04-14,"HKD",7.837279796600342,7.837900161743164,7.8271098136901855,7.837279796600342,7.837279796600342,0
"USDHKD","HKD=X",2024-04-15,"HKD",7.82889986038208,7.832499980926514,7.826399803161621,7.82889986038208,7.82889986038208,0
"USDHKD","HKD=X",2024-04-16,"HKD",7.831920146942139,7.832399845123291,7.8302001953125,7.831920146942139,7.831920146942139,0
"USDHKD","HKD=X",2024-04-17,"HKD",7.830090045928955,7.832200050354004,7.829239845275879,7.830090045928955,7.830090045928955,0
"USDHKD","HKD=X",2024-04-18,"HKD",7.831500053405762,7.833600044250488,7.8272600173950195,7.831500053405762,7.831500053405762,0
"USDHKD","HKD=X",2024-04-21,"HKD",7.831630229949951,7.8368000984191895,7.831630229949951,7.831709861755371,7.831709861755371,0
"USDHKD","HKD=X",2024-04-22,"HKD",7.83558988571167,7.837600231170654,7.835229873657227,7.83558988571167,7.83558988571167,0
"USDHKD","HKD=X",2024-04-23,"HKD",7.834199905395508,7.835949897766113,7.831349849700928,7.834199905395508,7.834199905395508,0
"USDHKD","HKD=X",2024-04-24,"HKD",7.830699920654297,7.830699920654297,7.827489852905273,7.830699920654297,7.830699920654297,0
"USDHKD","HKD=X",2024-04-25,"HKD",7.827700138092041,7.830900192260742,7.8267998695373535,7.827700138092041,7.827700138092041,0
"USDHKD","HKD=X",2024-04-28,"HKD",7.828869819641113,7.829549789428711,7.823639869689941,7.828869819641113,7.828869819641113,0
"USDHKD","HKD=X",2024-04-29,"HKD",7.825500011444092,7.827300071716309,7.817550182342529,7.825500011444092,7.825500011444092,0
"USDHKD","HKD=X",2024-04-30,"HKD",7.823599815368652,7.824399948120117,7.819159984588623,7.823599815368652,7.823599815368652,0
"USDHKD","HKD=X",2024-05-01,"HKD",7.821770191192627,7.822800159454346,7.815000057220459,7.821770191192627,7.821770191192627,0
"USDHKD","HKD=X",2024-05-02,"HKD",7.81387996673584,7.817399978637695,7.808929920196533,7.81387996673584,7.81387996673584,0
"USDHKD","HKD=X",2024-05-05,"HKD",7.809969902038574,7.81790018081665,7.810540199279785,7.809969902038574,7.809969902038574,0
"USDHKD","HKD=X",2024-05-06,"HKD",7.818260192871094,7.822700023651123,7.816699981689453,7.818260192871094,7.818260192871094,0
"USDHKD","HKD=X",2024-05-07,"HKD",7.820610046386719,7.822299957275391,7.815820217132568,7.820610046386719,7.820610046386719,0
"USDHKD","HKD=X",2024-05-08,"HKD",7.8165998458862305,7.81810998916626,7.813139915466309,7.8165998458862305,7.8165998458862305,0
"USDHKD","HKD=X",2024-05-09,"HKD",7.8140997886657715,7.816720008850098,7.812349796295166,7.8140997886657715,7.8140997886657715,0
"USDHKD","HKD=X",2024-05-12,"HKD",7.815000057220459,7.8155999183654785,7.811110019683838,7.815000057220459,7.815000057220459,0
"USDHKD","HKD=X",2024-05-13,"HKD",7.812399864196777,7.8125200271606445,7.809269905090332,7.812399864196777,7.812399864196777,0
"USDHKD","HKD=X",2024-05-14,"HKD",7.811600208282471,7.8119001388549805,7.805699825286865,7.811600208282471,7.811600208282471,0
"USDHKD","HKD=X",2024-05-15,"HKD",7.807549953460693,7.8078999519348145,7.801370143890381,7.807549953460693,7.807549953460693,0
"USDHKD","HKD=X",2024-05-16,"HKD",7.801270008087158,7.8028998374938965,7.799369812011719,7.801270008087158,7.801270008087158,0
"USDHKD","HKD=X",2024-05-19,"HKD",7.802249908447266,7.80387020111084,7.797379970550537,7.802249908447266,7.802249908447266,0
"USDHKD","HKD=X",2024-05-20,"HKD",7.798699855804443,7.804699897766113,7.796319961547852,7.798699855804443,7.798699855804443,0
"USDHKD","HKD=X",2024-05-21,"HKD",7.804520130157471,7.80709981918335,7.803699970245361,7.804520130157471,7.804520130157471,0
"USDHKD","HKD=X",2024-05-22,"HKD",7.8038201332092285,7.80935001373291,7.803790092468262,7.8038201332092285,7.8038201332092285,0
"USDHKD","HKD=X",2024-05-23,"HKD",7.808509826660156,7.813680171966553,7.808060169219971,7.808509826660156,7.808509826660156,0
"USDHKD","HKD=X",2024-05-26,"HKD",7.81220006942749,7.8142900466918945,7.806550025939941,7.81220006942749,7.81220006942749,0
"USDHKD","HKD=X",2024-05-27,"HKD",7.806819915771484,7.811399936676025,7.805960178375244,7.806819915771484,7.806819915771484,0
"USDHKD","HKD=X",2024-05-28,"HKD",7.811110019683838,7.814839839935303,7.811110019683838,7.811110019683838,7.811110019683838,0
"USDHKD","HKD=X",2024-05-29,"HKD",7.813570022583008,7.8189802169799805,7.812079906463623,7.813570022583008,7.813570022583008,0
"USDHKD","HKD=X",2024-05-30,"HKD",7.817200183868408,7.823490142822266,7.813290119171143,7.817200183868408,7.817200183868408,0
"USDHKD","HKD=X",2024-06-02,"HKD",7.819699764251709,7.821499824523926,7.818089962005615,7.819699764251709,7.819699764251709,0
"USDHKD","HKD=X",2024-06-03,"HKD",7.819900035858154,7.820000171661377,7.8124098777771,7.819900035858154,7.819900035858154,0
"USDHKD","HKD=X",2024-06-04,"HKD",7.813899993896484,7.813799858093262,7.807950019836426,7.813899993896484,7.813899993896484,0
"USDHKD","HKD=X",2024-06-05,"HKD",7.809999942779541,7.810800075531006,7.808010101318359,7.809999942779541,7.809999942779541,0
"USDHKD","HKD=X",2024-06-06,"HKD",7.809319972991943,7.811960220336914,7.807700157165527,7.809319972991943,7.809319972991943,0
"USDHKD","HKD=X",2024-06-09,"HKD",7.811600208282471,7.8140997886657715,7.808300018310547,7.811600208282471,7.811600208282471,0
"USDHKD","HKD=X",2024-06-10,"HKD",7.8119001388549805,7.812170028686523,7.807779788970947,7.8119001388549805,7.8119001388549805,0
"USDHKD","HKD=X",2024-06-11,"HKD",7.811920166015625,7.812300205230713,7.807700157165527,7.811920166015625,7.811920166015625,0
"USDHKD","HKD=X",2024-06-12,"HKD",7.808300018310547,7.810999870300293,7.80748987197876,7.808300018310547,7.808300018310547,0
"USDHKD","HKD=X",2024-06-13,"HKD",7.810359954833984,7.812220096588135,7.808899879455566,7.810359954833984,7.810359954833984,0
"USDHKD","HKD=X",2024-06-16,"HKD",7.811950206756592,7.81210994720459,7.80866003036499,7.811950206756592,7.811950206756592,0
"USDHKD","HKD=X",2024-06-17,"HKD",7.810500144958496,7.8109002113342285,7.806180000305176,7.810500144958496,7.810500144958496,0
"USDHKD","HKD=X",2024-06-18,"HKD",7.8073601722717285,7.808800220489502,7.805170059204102,7.8073601722717285,7.8073601722717285,0
"USDHKD","HKD=X",2024-06-19,"HKD",7.8061299324035645,7.80649995803833,7.80286979675293,7.8061299324035645,7.8061299324035645,0
"USDHKD","HKD=X",2024-06-20,"HKD",7.804810047149658,7.805970191955566,7.80148983001709,7.804810047149658,7.804810047149658,0
"USDHKD","HKD=X",2024-06-23,"HKD",7.803299903869629,7.808300018310547,7.80295991897583,7.803299903869629,7.803299903869629,0
"USDHKD","HKD=X",2024-06-24,"HKD",7.808000087738037,7.8094000816345215,7.806099891662598,7.808000087738037,7.808000087738037,0
"USDHKD","HKD=X",2024-06-25,"HKD",7.808899879455566,7.8105998039245605,7.807300090789795,7.808899879455566,7.808899879455566,0
"USDHKD","HKD=X",2024-06-26,"HKD",7.808700084686279,7.809299945831299,7.806399822235107,7.808700084686279,7.808700084686279,0
"USDHKD","HKD=X",2024-06-27,"HKD",7.809000015258789,7.809500217437744,7.806250095367432,7.809000015258789,7.809000015258789,0
"USDHKD","HKD=X",2024-06-30,"HKD",7.808629989624023,7.813109874725342,7.808460235595703,7.808629989624023,7.808629989624023,0
"USDHKD","HKD=X",2024-07-01,"HKD",7.812260150909424,7.814799785614014,7.810800075531006,7.812260150909424,7.812260150909424,0
"USDHKD","HKD=X",2024-07-02,"HKD",7.813499927520752,7.814119815826416,7.809209823608398,7.813499927520752,7.813499927520752,0
"USDHKD","HKD=X",2024-07-03,"HKD",7.8084001541137695,7.811299800872803,7.807700157165527,7.8084001541137695,7.8084001541137695,0
"USDHKD","HKD=X",2024-07-04,"HKD",7.809100151062012,7.8125,7.807980060577393,7.809100151062012,7.809100151062012,0
"USDHKD","HKD=X",2024-07-07,"HKD",7.8126301765441895,7.813010215759277,7.8100199699401855,7.8126301765441895,7.8126301765441895,0
"USDHKD","HKD=X",2024-07-08,"HKD",7.809830188751221,7.8125,7.809529781341553,7.809830188751221,7.809830188751221,0
"USDHKD","HKD=X",2024-07-09,"HKD",7.811800003051758,7.8125,7.809899806976318,7.811800003051758,7.811800003051758,0
"USDHKD","HKD=X",2024-07-10,"HKD",7.810800075531006,7.810999870300293,7.806700229644775,7.810800075531006,7.810800075531006,0
"USDHKD","HKD=X",2024-07-11,"HKD",7.807459831237793,7.808119773864746,7.805600166320801,7.807459831237793,7.807459831237793,0
"USDHKD","HKD=X",2024-07-14,"HKD",7.807350158691406,7.808499813079834,7.8042497634887695,7.807350158691406,7.807350158691406,0
"USDHKD","HKD=X",2024-07-15,"HKD",7.8069000244140625,7.807950019836426,7.803440093994141,7.8069000244140625,7.8069000244140625,0
"USDHKD","HKD=X",2024-07-16,"HKD",7.807469844818115,7.808800220489502,7.805200099945068,7.807469844818115,7.807469844818115,0
"USDHKD","HKD=X",2024-07-17,"HKD",7.806700229644775,7.810200214385986,7.805970191955566,7.806700229644775,7.806700229644775,0
"USDHKD","HKD=X",2024-07-18,"HKD",7.809999942779541,7.811800003051758,7.808199882507324,7.809999942779541,7.809999942779541,0
"USDHKD","HKD=X",2024-07-21,"HKD",7.809450149536133,7.810999870300293,7.806399822235107,7.809450149536133,7.809450149536133,0
"USDHKD","HKD=X",2024-07-22,"HKD",7.806700229644775,7.808599948883057,7.80564022064209,7.806700229644775,7.806700229644775,0
"USDHKD","HKD=X",2024-07-23,"HKD",7.807700157165527,7.809790134429932,7.807449817657471,7.807700157165527,7.807700157165527,0
"USDHKD","HKD=X",2024-07-24,"HKD",7.808800220489502,7.809199810028076,7.803329944610596,7.808800220489502,7.808800220489502,0
"USDHKD","HKD=X",2024-07-25,"HKD",7.806700229644775,7.807499885559082,7.805290222167969,7.806700229644775,7.806700229644775,0
"USDHKD","HKD=X",2024-07-28,"HKD",7.806700229644775,7.811800003051758,7.806300163269043,7.806700229644775,7.806700229644775,0
"USDHKD","HKD=X",2024-07-29,"HKD",7.810299873352051,7.813899993896484,7.810160160064697,7.810299873352051,7.810299873352051,0
"USDHKD","HKD=X",2024-07-30,"HKD",7.8125901222229,7.813499927520752,7.810669898986816,7.8125901222229,7.8125901222229,0
"USDHKD","HKD=X",2024-07-31,"HKD",7.81279993057251,7.815700054168701,7.811910152435303,7.81279993057251,7.81279993057251,0
"USDHKD","HKD=X",2024-08-01,"HKD",7.814199924468994,7.815700054168701,7.806489944458008,7.814199924468994,7.814199924468994,0
"USDHKD","HKD=X",2024-08-04,"HKD",7.804969787597656,7.8053998947143555,7.718480110168457,7.804969787597656,7.804969787597656,0
"USDHKD","HKD=X",2024-08-05,"HKD",7.792900085449219,7.796060085296631,7.789030075073242,7.792900085449219,7.792900085449219,0
"USDHKD","HKD=X",2024-08-06,"HKD",7.7947001457214355,7.799699783325195,7.793389797210693,7.7947001457214355,7.7947001457214355,0
"USDHKD","HKD=X",2024-08-07,"HKD",7.792200088500977,7.796500205993652,7.785880088806152,7.792200088500977,7.792200088500977,0
"USDHKD","HKD=X",2024-08-08,"HKD",7.793839931488037,7.798999786376953,7.793580055236816,7.793839931488037,7.793839931488037,0
"USDHKD","HKD=X",2024-08-11,"HKD",7.798399925231934,7.799600124359131,7.788949966430664,7.798399925231934,7.798399925231934,0
"USDHKD","HKD=X",2024-08-12,"HKD",7.791540145874023,7.7924699783325195,7.786990165710449,7.791540145874023,7.791540145874023,0
"USDHKD","HKD=X",2024-08-13,"HKD",7.788700103759766,7.792799949645996,7.785729885101318,7.788700103759766,7.788700103759766,0
"USDHKD","HKD=X",2024-08-14,"HKD",7.791600227355957,7.797399997711182,7.788939952850342,7.791600227355957,7.791600227355957,0
"USDHKD","HKD=X",2024-08-15,"HKD",7.796899795532227,7.7972002029418945,7.793139934539795,7.796899795532227,7.796899795532227,0
"USDHKD","HKD=X",2024-08-18,"HKD",7.7941999435424805,7.795000076293945,7.7884202003479,7.7941999435424805,7.7941999435424805,0
"USDHKD","HKD=X",2024-08-19,"HKD",7.7889299392700195,7.790900230407715,7.785580158233643,7.7889299392700195,7.7889299392700195,0
"USDHKD","HKD=X",2024-08-20,"HKD",7.788300037384033,7.794400215148926,7.78754997253418,7.788300037384033,7.788300037384033,0
"USDHKD","HKD=X",2024-08-21,"HKD",7.792640209197998,7.797900199890137,7.79049015045166,7.792640209197998,7.792640209197998,0
"USDHKD","HKD=X",2024-08-22,"HKD",7.796800136566162,7.80049991607666,7.794899940490723,7.796800136566162,7.796800136566162,0
"USDHKD","HKD=X",2024-08-25,"HKD",7.796899795532227,7.797130107879639,7.79355001449585,7.796899795532227,7.796899795532227,0
"USDHKD","HKD=X",2024-08-26,"HKD",7.796800136566162,7.802800178527832,7.796609878540039,7.796800136566162,7.796800136566162,0
"USDHKD","HKD=X",2024-08-27,"HKD",7.801799774169922,7.802499771118164,7.797959804534912,7.801799774169922,7.801799774169922,0
"USDHKD","HKD=X",2024-08-28,"HKD",7.800020217895508,7.80019998550415,7.791659832000732,7.800020217895508,7.800020217895508,0
"USDHKD","HKD=X",2024-08-29,"HKD",7.796860218048096,7.8010101318359375,7.793499946594238,7.796860218048096,7.796860218048096,0
"USDHKD","HKD=X",2024-09-01,"HKD",7.797689914703369,7.798699855804443,7.795949935913086,7.797689914703369,7.797689914703369,0
"USDHKD","HKD=X",2024-09-02,"HKD",7.796370029449463,7.798999786376953,7.7955498695373535,7.796370029449463,7.796370029449463,0
"USDHKD","HKD=X",2024-09-03,"HKD",7.798299789428711,7.798799991607666,7.795599937438965,7.798299789428711,7.798299789428711,0
"USDHKD","HKD=X",2024-09-04,"HKD",7.7957000732421875,7.79610013961792,7.792870044708252,7.7957000732421875,7.7957000732421875,0
"USDHKD","HKD=X",2024-09-05,"HKD",7.793580055236816,7.7962799072265625,7.789120197296143,7.793580055236816,7.793580055236816,0
"USDHKD","HKD=X",2024-09-08,"HKD",7.7953901290893555,7.797800064086914,7.794750213623047,7.7953901290893555,7.7953901290893555,0
"USDHKD","HKD=X",2024-09-09,"HKD",7.796500205993652,7.7982001304626465,7.794990062713623,7.796500205993652,7.796500205993652,0
"USDHKD","HKD=X",2024-09-10,"HKD",7.7972002029418945,7.799339771270752,7.795670032501221,7.7972002029418945,7.7972002029418945,0
"USDHKD","HKD=X",2024-09-11,"HKD",7.797510147094727,7.803199768066406,7.797150135040283,7.797510147094727,7.797510147094727,0
"USDHKD","HKD=X",2024-09-12,"HKD",7.802519798278809,7.8020501136779785,7.796999931335449,7.802519798278809,7.802519798278809,0
"USDHKD","HKD=X",2024-09-15,"HKD",7.7982001304626465,7.798699855804443,7.792900085449219,7.7982001304626465,7.7982001304626465,0
"USDHKD","HKD=X",2024-09-16,"HKD",7.792300224304199,7.793270111083984,7.788790225982666,7.792300224304199,7.792300224304199,0
"USDHKD","HKD=X",2024-09-17,"HKD",7.793700218200684,7.794400215148926,7.791500091552734,7.793700218200684,7.793700218200684,0
"USDHKD","HKD=X",2024-09-18,"HKD",7.793700218200684,7.79640007019043,7.791039943695068,7.793700218200684,7.793700218200684,0
"USDHKD","HKD=X",2024-09-19,"HKD",7.79394006729126,7.794620037078857,7.78879976272583,7.79394006729126,7.79394006729126,0
"USDHKD","HKD=X",2024-09-22,"HKD",7.790900230407715,7.791999816894531,7.783510208129883,7.790900230407715,7.790900230407715,0
"USDHKD","HKD=X",2024-09-23,"HKD",7.786499977111816,7.78941011428833,7.781400203704834,7.786499977111816,7.786499977111816,0
"USDHKD","HKD=X",2024-09-24,"HKD",7.7825398445129395,7.788400173187256,7.782179832458496,7.7825398445129395,7.7825398445129395,0
"USDHKD","HKD=X",2024-09-25,"HKD",7.786300182342529,7.785950183868408,7.778200149536133,7.786300182342529,7.786300182342529,0
"USDHKD","HKD=X",2024-09-26,"HKD",7.779379844665527,7.782899856567383,7.769979953765869,7.779379844665527,7.779379844665527,0
"USDHKD","HKD=X",2024-09-29,"HKD",7.773280143737793,7.774099826812744,7.763090133666992,7.773280143737793,7.773280143737793,0
"USDHKD","HKD=X",2024-09-30,"HKD",7.774099826812744,7.776209831237793,7.772089958190918,7.774099826812744,7.774099826812744,0
"USDHKD","HKD=X",2024-10-01,"HKD",7.771679878234863,7.774159908294678,7.761280059814453,7.771679878234863,7.771679878234863,0
"USDHKD","HKD=X",2024-10-02,"HKD",7.762670040130615,7.771830081939697,7.7624101638793945,7.762670040130615,7.762670040130615,0
"USDHKD","HKD=X",2024-10-03,"HKD",7.765379905700684,7.769489765167236,7.762129783630371,7.765379905700684,7.765379905700684,0
"USDHKD","HKD=X",2024-10-06,"HKD",7.766600131988525,7.767600059509277,7.7634100914001465,7.766600131988525,7.766600131988525,0
"USDHKD","HKD=X",2024-10-07,"HKD",7.766089916229248,7.774930000305176,7.765739917755127,7.766089916229248,7.766089916229248,0
"USDHKD","HKD=X",2024-10-08,"HKD",7.774700164794922,7.777090072631836,7.767920017242432,7.774700164794922,7.774700164794922,0
"USDHKD","HKD=X",2024-10-09,"HKD",7.772600173950195,7.773499965667725,7.769209861755371,7.772600173950195,7.772600173950195,0
"USDHKD","HKD=X",2024-10-10,"HKD",7.769559860229492,7.771900177001953,7.768700122833252,7.769559860229492,7.769559860229492,0
"USDHKD","HKD=X",2024-10-13,"HKD",7.772240161895752,7.773099899291992,7.761099815368652,7.772240161895752,7.772240161895752,0
"USDHKD","HKD=X",2024-10-14,"HKD",7.7626800537109375,7.768539905548096,7.762340068817139,7.7626800537109375,7.7626800537109375,0
"USDHKD","HKD=X",2024-10-15,"HKD",7.7677998542785645,7.771979808807373,7.766910076141357,7.7677998542785645,7.7677998542785645,0
"USDHKD","HKD=X",2024-10-16,"HKD",7.770470142364502,7.77554988861084,7.770380020141602,7.770470142364502,7.770470142364502,0
"USDHKD","HKD=X",2024-10-17,"HKD",7.773600101470947,7.77400016784668,7.767499923706055,7.773600101470947,7.773600101470947,0
"USDHKD","HKD=X",2024-10-20,"HKD",7.76993989944458,7.77400016784668,7.768119812011719,7.76993989944458,7.76993989944458,0
"USDHKD","HKD=X",2024-10-21,"HKD",7.77370023727417,7.774600028991699,7.771669864654541,7.77370023727417,7.77370023727417,0
"USDHKD","HKD=X",2024-10-22,"HKD",7.77209997177124,7.773799896240234,7.769000053405762,7.77209997177124,7.77209997177124,0
"USDHKD","HKD=X",2024-10-23,"HKD",7.769400119781494,7.7712202072143555,7.767300128936768,7.769400119781494,7.769400119781494,0
"USDHKD","HKD=X",2024-10-24,"HKD",7.77016019821167,7.771599769592285,7.7685699462890625,7.77016019821167,7.77016019821167,0
"USDHKD","HKD=X",2024-10-28,"HKD",7.770730018615723,7.773399829864502,7.769499778747559,7.770730018615723,7.770730018615723,0
"USDHKD","HKD=X",2024-10-29,"HKD",7.771900177001953,7.772190093994141,7.769489765167236,7.771900177001953,7.771900177001953,0
"USDHKD","HKD=X",2024-10-30,"HKD",7.771100044250488,7.773630142211914,7.76954984664917,7.771100044250488,7.771100044250488,0
"USDHKD","HKD=X",2024-10-31,"HKD",7.77131986618042,7.774680137634277,7.77101993560791,7.77131986618042,7.77131986618042,0
"USDHKD","HKD=X",2024-11-01,"HKD",7.77377986907959,7.778500080108643,7.7733001708984375,7.77377986907959,7.77377986907959,0
"USDHKD","HKD=X",2024-11-04,"HKD",7.776189804077148,7.776500225067139,7.771580219268799,7.776189804077148,7.776189804077148,0
"USDHKD","HKD=X",2024-11-05,"HKD",7.77269983291626,7.7748799324035645,7.77023983001709,7.77269983291626,7.77269983291626,0
"USDHKD","HKD=X",2024-11-06,"HKD",7.771420001983643,7.7782697677612305,7.771679878234863,7.771420001983643,7.771420001983643,0
"USDHKD","HKD=X",2024-11-07,"HKD",7.77603006362915,7.776299953460693,7.770770072937012,7.77603006362915,7.77603006362915,0
"USDHKD","HKD=X",2024-11-08,"HKD",7.770999908447266,7.775700092315674,7.768489837646484,7.770999908447266,7.770999908447266,0
"USDHKD","HKD=X",2024-11-11,"HKD",7.774839878082275,7.776800155639648,7.772500038146973,7.774839878082275,7.774839878082275,0
"USDHKD","HKD=X",2024-11-12,"HKD",7.775899887084961,7.779699802398682,7.774499893188477,7.775899887084961,7.775899887084961,0
"USDHKD","HKD=X",2024-11-13,"HKD",7.778200149536133,7.781310081481934,7.77623987197876,7.778200149536133,7.778200149536133,0
"USDHKD","HKD=X",2024-11-14,"HKD",7.781139850616455,7.784200191497803,7.779240131378174,7.781139850616455,7.781139850616455,0
"USDHKD","HKD=X",2024-11-15,"HKD",7.7814202308654785,7.786340236663818,7.781300067901611,7.7814202308654785,7.7814202308654785,0
"USDHKD","HKD=X",2024-11-18,"HKD",7.786349773406982,7.786489963531494,7.782800197601318,7.786349773406982,7.786349773406982,0
"USDHKD","HKD=X",2024-11-19,"HKD",7.783520221710205,7.78410005569458,7.780519962310791,7.783520221710205,7.783520221710205,0
"USDHKD","HKD=X",2024-11-20,"HKD",7.7833099365234375,7.783999919891357,7.781000137329102,7.7833099365234375,7.7833099365234375,0
"USDHKD","HKD=X",2024-11-21,"HKD",7.7829999923706055,7.783699989318848,7.781400203704834,7.7829999923706055,7.7829999923706055,0
"USDHKD","HKD=X",2024-11-22,"HKD",7.782800197601318,7.784999847412109,7.781149864196777,7.782800197601318,7.782800197601318,0
"USDHKD","HKD=X",2024-11-25,"HKD",7.783160209655762,7.783400058746338,7.779799938201904,7.783160209655762,7.783160209655762,0
"USDHKD","HKD=X",2024-11-26,"HKD",7.782320022583008,7.783840179443359,7.779799938201904,7.782320022583008,7.782320022583008,0
"USDHKD","HKD=X",2024-11-27,"HKD",7.782700061798096,7.782700061798096,7.7804999351501465,7.782700061798096,7.782700061798096,0
"USDHKD","HKD=X",2024-11-28,"HKD",7.781030178070068,7.7842302322387695,7.779900074005127,7.781030178070068,7.781030178070068,0
"USDHKD","HKD=X",2024-11-29,"HKD",7.783599853515625,7.7845001220703125,7.780379772186279,7.783599853515625,7.783599853515625,0
"USDHKD","HKD=X",2024-12-02,"HKD",7.781799793243408,7.783659934997559,7.780680179595947,7.781519889831543,7.781519889831543,0
"USDHKD","HKD=X",2024-12-03,"HKD",7.781370162963867,7.78439998626709,7.780799865722656,7.781370162963867,7.781370162963867,0
"USDHKD","HKD=X",2024-12-04,"HKD",7.7829999923706055,7.785039901733398,7.781899929046631,7.7829999923706055,7.7829999923706055,0
"USDHKD","HKD=X",2024-12-05,"HKD",7.784299850463867,7.78439998626709,7.781360149383545,7.784299850463867,7.784299850463867,0
"USDHKD","HKD=X",2024-12-06,"HKD",7.781589984893799,7.782700061798096,7.778590202331543,7.781589984893799,7.781589984893799,0
"USDHKD","HKD=X",2024-12-09,"HKD",7.77977991104126,7.781300067901611,7.772600173950195,7.77977991104126,7.77977991104126,0
"USDHKD","HKD=X",2024-12-10,"HKD",7.774240016937256,7.77701997756958,7.770909786224365,7.774240016937256,7.774240016937256,0
"USDHKD","HKD=X",2024-12-11,"HKD",7.774069786071777,7.777900218963623,7.771780014038086,7.774069786071777,7.774069786071777,0
"USDHKD","HKD=X",2024-12-12,"HKD",7.774750232696533,7.776199817657471,7.774059772491455,7.774750232696533,7.774750232696533,0
"USDHKD","HKD=X",2024-12-13,"HKD",7.775100231170654,7.776400089263916,7.773119926452637,7.775100231170654,7.775100231170654,0
"USDHKD","HKD=X",2024-12-16,"HKD",7.775320053100586,7.776509761810303,7.773519992828369,7.775320053100586,7.775320053100586,0
"USDHKD","HKD=X",2024-12-17,"HKD",7.774219989776611,7.774799823760986,7.7677001953125,7.774219989776611,7.774219989776611,0
"USDHKD","HKD=X",2024-12-18,"HKD",7.770299911499023,7.771910190582275,7.7677998542785645,7.770299911499023,7.770299911499023,0
"USDHKD","HKD=X",2024-12-19,"HKD",7.771599769592285,7.773799896240234,7.7685699462890625,7.771599769592285,7.771599769592285,0
"USDHKD","HKD=X",2024-12-20,"HKD",7.769999980926514,7.773920059204102,7.768700122833252,7.769999980926514,7.769999980926514,0
"USDHKD","HKD=X",2024-12-23,"HKD",7.772759914398193,7.772799968719482,7.768499851226807,7.772759914398193,7.772759914398193,0
"USDHKD","HKD=X",2024-12-24,"HKD",7.769800186157227,7.770299911499023,7.7652997970581055,7.769800186157227,7.769800186157227,0
"USDHKD","HKD=X",2024-12-25,"HKD",7.767399787902832,7.787199974060059,7.762030124664307,7.767399787902832,7.767399787902832,0
"USDHKD","HKD=X",2024-12-26,"HKD",7.765999794006348,7.768239974975586,7.765989780426025,7.765999794006348,7.765999794006348,0
"USDHKD","HKD=X",2024-12-27,"HKD",7.768199920654297,7.768199920654297,7.760799884796143,7.768199920654297,7.768199920654297,0
"USDHKD","HKD=X",2024-12-30,"HKD",7.763319969177246,7.767960071563721,7.758999824523926,7.763319969177246,7.763319969177246,0
"USDHKD","HKD=X",2024-12-31,"HKD",7.763500213623047,7.768199920654297,7.761340141296387,7.763500213623047,7.763500213623047,0
"USDHKD","HKD=X",2025-01-02,"HKD",7.767960071563721,7.778709888458252,7.767960071563721,7.767930030822754,7.767930030822754,0
"USDHKD","HKD=X",2025-01-03,"HKD",7.776800155639648,7.78000020980835,7.775700092315674,7.776800155639648,7.776800155639648,0
"USDHKD","HKD=X",2025-01-06,"HKD",7.777550220489502,7.778530120849609,7.772019863128662,7.777550220489502,7.777550220489502,0
"USDHKD","HKD=X",2025-01-07,"HKD",7.775310039520264,7.777400016784668,7.770820140838623,7.775310039520264,7.775310039520264,0
"USDHKD","HKD=X",2025-01-08,"HKD",7.77646017074585,7.781070232391357,7.77377986907959,7.77646017074585,7.77646017074585,0
"USDHKD","HKD=X",2025-01-09,"HKD",7.77918004989624,7.782649993896484,7.778110027313232,7.77918004989624,7.77918004989624,0
"USDHKD","HKD=X",2025-01-10,"HKD",7.782110214233398,7.787469863891602,7.779799938201904,7.782110214233398,7.782110214233398,0
"USDHKD","HKD=X",2025-01-13,"HKD",7.786099910736084,7.787600040435791,7.784470081329346,7.786099910736084,7.786099910736084,0
"USDHKD","HKD=X",2025-01-14,"HKD",7.785029888153076,7.786900043487549,7.781799793243408,7.785029888153076,7.785029888153076,0
"USDHKD","HKD=X",2025-01-15,"HKD",7.7870001792907715,7.789770126342773,7.784679889678955,7.7870001792907715,7.7870001792907715,0
"USDHKD","HKD=X",2025-01-16,"HKD",7.785039901733398,7.789060115814209,7.783899784088135,7.785039901733398,7.785039901733398,0
"USDHKD","HKD=X",2025-01-17,"HKD",7.787700176239014,7.788780212402344,7.782360076904297,7.787700176239014,7.787700176239014,0
"USDHKD","HKD=X",2025-01-20,"HKD",7.7842698097229,7.786250114440918,7.778600215911865,7.7842698097229,7.7842698097229,0
"USDHKD","HKD=X",2025-01-21,"HKD",7.780489921569824,7.786499977111816,7.778389930725098,7.780489921569824,7.780489921569824,0
"USDHKD","HKD=X",2025-01-22,"HKD",7.785699844360352,7.790289878845215,7.785200119018555,7.785699844360352,7.785699844360352,0
"USDHKD","HKD=X",2025-01-23,"HKD",7.787650108337402,7.791440010070801,7.785970211029053,7.787650108337402,7.787650108337402,0
"USDHKD","HKD=X",2025-01-24,"HKD",7.789209842681885,7.790259838104248,7.784430027008057,7.789209842681885,7.789209842681885,0
"USDHKD","HKD=X",2025-01-27,"HKD",7.787749767303467,7.791900157928467,7.785250186920166,7.787749767303467,7.787749767303467,0
"USDHKD","HKD=X",2025-01-28,"HKD",7.788219928741455,7.792069911956787,7.787209987640381,7.788219928741455,7.788219928741455,0
"USDHKD","HKD=X",2025-01-29,"HKD",7.79010009765625,7.7916998863220215,7.7888898849487305,7.79010009765625,7.79010009765625,0
"USDHKD","HKD=X",2025-01-30,"HKD",7.792300224304199,7.793449878692627,7.789899826049805,7.792300224304199,7.792300224304199,0
"USDHKD","HKD=X",2025-01-31,"HKD",7.7916998863220215,7.793700218200684,7.790939807891846,7.7916998863220215,7.7916998863220215,0
"USDHKD","HKD=X",2025-02-03,"HKD",7.794960021972656,7.795400142669678,7.791609764099121,7.794960021972656,7.794960021972656,0
"USDHKD","HKD=X",2025-02-04,"HKD",7.7932000160217285,7.793099880218506,7.786099910736084,7.7932000160217285,7.7932000160217285,0
"USDHKD","HKD=X",2025-02-05,"HKD",7.786900043487549,7.790070056915283,7.785059928894043,7.786900043487549,7.786900043487549,0
"USDHKD","HKD=X",2025-02-06,"HKD",7.786099910736084,7.788229942321777,7.783599853515625,7.786099910736084,7.786099910736084,0
"USDHKD","HKD=X",2025-02-07,"HKD",7.786499977111816,7.790900230407715,7.784570217132568,7.786499977111816,7.786499977111816,0
"USDHKD","HKD=X",2025-02-10,"HKD",7.790339946746826,7.791399955749512,7.78734016418457,7.790339946746826,7.790339946746826,0
"USDHKD","HKD=X",2025-02-11,"HKD",7.789100170135498,7.793320178985596,7.788249969482422,7.789100170135498,7.789100170135498,0
"USDHKD","HKD=X",2025-02-12,"HKD",7.791729927062988,7.793499946594238,7.788060188293457,7.791729927062988,7.791729927062988,0
"USDHKD","HKD=X",2025-02-13,"HKD",7.789430141448975,7.789899826049805,7.78548002243042,7.789430141448975,7.789430141448975,0
"USDHKD","HKD=X",2025-02-14,"HKD",7.788000106811523,7.788400173187256,7.781879901885986,7.788000106811523,7.788000106811523,0
"USDHKD","HKD=X",2025-02-17,"HKD",7.78272008895874,7.784580230712891,7.77869987487793,7.78272008895874,7.78272008895874,0
"USDHKD","HKD=X",2025-02-18,"HKD",7.780119895935059,7.782700061798096,7.774159908294678,7.780119895935059,7.780119895935059,0
"USDHKD","HKD=X",2025-02-19,"HKD",7.774400234222412,7.777760028839111,7.77223014831543,7.774400234222412,7.774400234222412,0
"USDHKD","HKD=X",2025-02-20,"HKD",7.777820110321045,7.7806901931762695,7.774710178375244,7.777820110321045,7.777820110321045,0
"USDHKD","HKD=X",2025-02-21,"HKD",7.775619983673096,7.776400089263916,7.76869010925293,7.775619983673096,7.775619983673096,0
"USDHKD","HKD=X",2025-02-24,"HKD",7.769529819488525,7.774720191955566,7.768579959869385,7.769529819488525,7.769529819488525,0
"USDHKD","HKD=X",2025-02-25,"HKD",7.773890018463135,7.7778000831604,7.772799968719482,7.773890018463135,7.773890018463135,0
"USDHKD","HKD=X",2025-02-26,"HKD",7.773220062255859,7.773900032043457,7.770170211791992,7.773220062255859,7.773220062255859,0
"USDHKD","HKD=X",2025-02-27,"HKD",7.773019790649414,7.776100158691406,7.771999835968018,7.773019790649414,7.773019790649414,0
"USDHKD","HKD=X",2025-02-28,"HKD",7.776810169219971,7.779399871826172,7.775370121002197,7.776810169219971,7.776810169219971,0
"USDHKD","HKD=X",2025-03-03,"HKD",7.7777299880981445,7.778220176696777,7.775199890136719,7.7777299880981445,7.7777299880981445,0
"USDHKD","HKD=X",2025-03-04,"HKD",7.777170181274414,7.777900218963623,7.772150039672852,7.777170181274414,7.777170181274414,0
"USDHKD","HKD=X",2025-03-05,"HKD",7.7724199295043945,7.774179935455322,7.770299911499023,7.7724199295043945,7.7724199295043945,0
"USDHKD","HKD=X",2025-03-06,"HKD",7.770400047302246,7.7743000984191895,7.768799781799316,7.770400047302246,7.770400047302246,0
"USDHKD","HKD=X",2025-03-07,"HKD",7.77239990234375,7.774700164794922,7.769229888916016,7.77239990234375,7.77239990234375,0
"USDHKD","HKD=X",2025-03-10,"HKD",7.771200180053711,7.772409915924072,7.7665300369262695,7.771200180053711,7.771200180053711,0
"USDHKD","HKD=X",2025-03-11,"HKD",7.769199848175049,7.770500183105469,7.766719818115234,7.769199848175049,7.769199848175049,0
"USDHKD","HKD=X",2025-03-12,"HKD",7.770500183105469,7.771900177001953,7.768199920654297,7.770500183105469,7.770500183105469,0
"USDHKD","HKD=X",2025-03-13,"HKD",7.7692999839782715,7.77239990234375,7.7683000564575195,7.7692999839782715,7.7692999839782715,0
"USDHKD","HKD=X",2025-03-14,"HKD",7.771609783172607,7.773690223693848,7.770669937133789,7.771609783172607,7.771609783172607,0
"USDHKD","HKD=X",2025-03-17,"HKD",7.772719860076904,7.7729997634887695,7.769279956817627,7.772719860076904,7.772719860076904,0
"USDHKD","HKD=X",2025-03-18,"HKD",7.770299911499023,7.770500183105469,7.768610000610352,7.770299911499023,7.770299911499023,0
"USDHKD","HKD=X",2025-03-19,"HKD",7.769700050354004,7.771500110626221,7.768499851226807,7.769700050354004,7.769700050354004,0
"USDHKD","HKD=X",2025-03-20,"HKD",7.769909858703613,7.772799968719482,7.769100189208984,7.769909858703613,7.769909858703613,0
"USDHKD","HKD=X",2025-03-21,"HKD",7.772600173950195,7.773900032043457,7.770899772644043,7.772600173950195,7.772600173950195,0
"USDHKD","HKD=X",2025-03-24,"HKD",7.773039817810059,7.7744598388671875,7.77249002456665,7.773039817810059,7.773039817810059,0
"USDHKD","HKD=X",2025-03-25,"HKD",7.77400016784668,7.776400089263916,7.773399829864502,7.77400016784668,7.77400016784668,0
"USDHKD","HKD=X",2025-03-26,"HKD",7.7758002281188965,7.776360034942627,7.773799896240234,7.7758002281188965,7.7758002281188965,0
"USDHKD","HKD=X",2025-03-27,"HKD",7.7758002281188965,7.777100086212158,7.774519920349121,7.7758002281188965,7.7758002281188965,0
"USDHKD","HKD=X",2025-03-28,"HKD",7.776199817657471,7.779300212860107,7.775169849395752,7.776199817657471,7.776199817657471,0
"USDHKD","HKD=X",2025-03-30,"HKD",7.77869987487793,7.780300140380859,7.777589797973633,7.77869987487793,7.77869987487793,0
"USDHKD","HKD=X",2025-03-31,"HKD",7.7795000076293945,7.782120227813721,7.778800010681152,7.7795000076293945,7.7795000076293945,0
"USDHKD","HKD=X",2025-04-01,"HKD",7.781499862670898,7.782430171966553,7.780089855194092,7.781499862670898,7.781499862670898,0
"USDHKD","HKD=X",2025-04-02,"HKD",7.78380012512207,7.784599781036377,7.775199890136719,7.78380012512207,7.78380012512207,0
"USDHKD","HKD=X",2025-04-03,"HKD",7.7779998779296875,7.77839994430542,7.770639896392822,7.7779998779296875,7.7779998779296875,0
"USDHKD","HKD=X",2025-04-06,"HKD",7.771890163421631,7.7734599113464355,7.766459941864014,7.771890163421631,7.771890163421631,0
"USDHKD","HKD=X",2025-04-07,"HKD",7.768489837646484,7.771399974822998,7.767809867858887,7.768489837646484,7.768489837646484,0
"USDHKD","HKD=X",2025-04-08,"HKD",7.769700050354004,7.769999980926514,7.753039836883545,7.769700050354004,7.769700050354004,0
"USDHKD","HKD=X",2025-04-09,"HKD",7.761099815368652,7.764739990234375,7.756619930267334,7.761099815368652,7.761099815368652,0
"USDHKD","HKD=X",2025-04-10,"HKD",7.757530212402344,7.758600234985352,7.753940105438232,7.757530212402344,7.757530212402344,0
"USDHKD","HKD=X",2025-04-13,"HKD",7.754940032958984,7.758780002593994,7.7540998458862305,7.754940032958984,7.754940032958984,0
"USDHKD","HKD=X",2025-04-14,"HKD",7.7559099197387695,7.759699821472168,7.755539894104004,7.7559099197387695,7.7559099197387695,0
"USDHKD","HKD=X",2025-04-15,"HKD",7.756899833679199,7.763299942016602,7.756149768829346,7.756899833679199,7.756899833679199,0
"USDHKD","HKD=X",2025-04-16,"HKD",7.761750221252441,7.7642998695373535,7.75984001159668,7.761750221252441,7.761750221252441,0
"USDHKD","HKD=X",2025-04-21,"HKD",7.759399890899658,7.761590003967285,7.756030082702637,7.759399890899658,7.759399890899658,0
"USDHKD","HKD=X",2025-04-22,"HKD",7.758399963378906,7.760439872741699,7.757140159606934,7.758399963378906,7.758399963378906,0
"USDHKD","HKD=X",2025-04-23,"HKD",7.759399890899658,7.759900093078613,7.757719993591309,7.759399890899658,7.759399890899658,0
"USDHKD","HKD=X",2025-04-24,"HKD",7.758309841156006,7.759099960327148,7.756189823150635,7.758309841156006,7.758309841156006,0
"USDHKD","HKD=X",2025-04-27,"HKD",7.756919860839844,7.758440017700195,7.756340026855469,7.756919860839844,7.756919860839844,0
"USDHKD","HKD=X",2025-04-28,"HKD",7.7565999031066895,7.758999824523926,7.756259918212891,7.7565999031066895,7.7565999031066895,0
"USDHKD","HKD=X",2025-04-29,"HKD",7.758800029754639,7.7596001625061035,7.754199981689453,7.758800029754639,7.758800029754639,0
"USDHKD","HKD=X",2025-04-30,"HKD",7.755149841308594,7.757299900054932,7.754950046539307,7.755149841308594,7.755149841308594,0
"USDHKD","HKD=X",2025-05-01,"HKD",7.7571001052856445,7.7571001052856445,7.749000072479248,7.7571001052856445,7.7571001052856445,0
"USDHKD","HKD=X",2025-05-04,"HKD",7.750400066375732,7.750800132751465,7.749100208282471,7.750400066375732,7.750400066375732,0
"USDHKD","HKD=X",2025-05-05,"HKD",7.750400066375732,7.751699924468994,7.749899864196777,7.750400066375732,7.750400066375732,0
"USDHKD","HKD=X",2025-05-06,"HKD",7.7515997886657715,7.761199951171875,7.750959873199463,7.7515997886657715,7.7515997886657715,0
"USDHKD","HKD=X",2025-05-07,"HKD",7.758689880371094,7.775420188903809,7.758510112762451,7.758689880371094,7.758689880371094,0
"USDHKD","HKD=X",2025-05-08,"HKD",7.774970054626465,7.778900146484375,7.76885986328125,7.774970054626465,7.774970054626465,0
"USDHKD","HKD=X",2025-05-11,"HKD",7.777140140533447,7.795639991760254,7.777120113372803,7.777140140533447,7.777140140533447,0
"USDHKD","HKD=X",2025-05-12,"HKD",7.790989875793457,7.7971601486206055,7.787559986114502,7.790989875793457,7.790989875793457,0
"USDHKD","HKD=X",2025-05-13,"HKD",7.796840190887451,7.810919761657715,7.79617977142334,7.796840190887451,7.796840190887451,0
"USDHKD","HKD=X",2025-05-14,"HKD",7.803380012512207,7.810299873352051,7.803009986877441,7.803380012512207,7.803380012512207,0
"USDHKD","HKD=X",2025-05-15,"HKD",7.8053998947143555,7.814899921417236,7.805099964141846,7.8053998947143555,7.8053998947143555,0
"USDHKD","HKD=X",2025-05-18,"HKD",7.8138298988342285,7.822000026702881,7.813839912414551,7.8138298988342285,7.8138298988342285,0
"USDHKD","HKD=X",2025-05-19,"HKD",7.821199893951416,7.82951021194458,7.820789813995361,7.821199893951416,7.821199893951416,0
"USDHKD","HKD=X",2025-05-20,"HKD",7.828400135040283,7.833059787750244,7.827400207519531,7.828400135040283,7.828400135040283,0
"USDHKD","HKD=X",2025-05-21,"HKD",7.82843017578125,7.828800201416016,7.819759845733643,7.82843017578125,7.82843017578125,0
"USDHKD","HKD=X",2025-05-22,"HKD",7.828179836273193,7.83273983001709,7.827700138092041,7.828179836273193,7.828179836273193,0
"USDHKD","HKD=X",2025-05-25,"HKD",7.830580234527588,7.8379597663879395,7.830560207366943,7.830580234527588,7.830580234527588,0
"USDHKD","HKD=X",2025-05-26,"HKD",7.836900234222412,7.839290142059326,7.835000038146973,7.836900234222412,7.836900234222412,0
"USDHKD","HKD=X",2025-05-27,"HKD",7.838399887084961,7.8400797843933105,7.836470127105713,7.838399887084961,7.838399887084961,0
"USDHKD","HKD=X",2025-05-28,"HKD",7.834489822387695,7.840400218963623,7.834350109100342,7.834489822387695,7.834489822387695,0
"USDHKD","HKD=X",2025-05-29,"HKD",7.841100215911865,7.844339847564697,7.839210033416748,7.841100215911865,7.841100215911865,0
"USDHKD","HKD=X",2025-06-01,"HKD",7.842100143432617,7.844600200653076,7.8409600257873535,7.842100143432617,7.842100143432617,0
"USDHKD","HKD=X",2025-06-02,"HKD",7.844600200653076,7.8454999923706055,7.842899799346924,7.844600200653076,7.844600200653076,0
"USDHKD","HKD=X",2025-06-03,"HKD",7.845160007476807,7.847599983215332,7.8444600105285645,7.845160007476807,7.845160007476807,0
"USDHKD","HKD=X",2025-06-04,"HKD",7.843739986419678,7.8471999168396,7.8438401222229,7.843739986419678,7.843739986419678,0
"USDHKD","HKD=X",2025-06-05,"HKD",7.846199989318848,7.847400188446045,7.845489978790283,7.846199989318848,7.846199989318848,0
"USDHKD","HKD=X",2025-06-08,"HKD",7.84689998626709,7.848400115966797,7.846330165863037,7.84689998626709,7.84689998626709,0
"USDHKD","HKD=X",2025-06-09,"HKD",7.847519874572754,7.848999977111816,7.847330093383789,7.847519874572754,7.847519874572754,0
"USDHKD","HKD=X",2025-06-10,"HKD",7.847789764404297,7.8495001792907715,7.848010063171387,7.847789764404297,7.847789764404297,0
"USDHKD","HKD=X",2025-06-11,"HKD",7.848599910736084,7.849599838256836,7.847620010375977,7.848599910736084,7.848599910736084,0
"USDHKD","HKD=X",2025-06-12,"HKD",7.848939895629883,7.849800109863281,7.848360061645508,7.848939895629883,7.848939895629883,0
"USDHKD","HKD=X",2025-06-15,"HKD",7.8491997718811035,7.849899768829346,7.849120140075684,7.8491997718811035,7.8491997718811035,0
"USDHKD","HKD=X",2025-06-16,"HKD",7.849599838256836,7.849899768829346,7.849130153656006,7.849599838256836,7.849599838256836,0
"USDHKD","HKD=X",2025-06-17,"HKD",7.849599838256836,7.84991979598999,7.848899841308594,7.849599838256836,7.849599838256836,0
"USDHKD","HKD=X",2025-06-18,"HKD",7.849689960479736,7.8499298095703125,7.849180221557617,7.849689960479736,7.849689960479736,0
"USDHKD","HKD=X",2025-06-19,"HKD",7.8495001792907715,7.8499298095703125,7.848999977111816,7.8495001792907715,7.8495001792907715,0
"USDHKD","HKD=X",2025-06-22,"HKD",7.849629878997803,7.849959850311279,7.8495001792907715,7.849629878997803,7.849629878997803,0
"USDHKD","HKD=X",2025-06-23,"HKD",7.849669933319092,7.849989891052246,7.849639892578125,7.849669933319092,7.849669933319092,0
"USDHKD","HKD=X",2025-06-24,"HKD",7.849850177764893,7.849989891052246,7.8496599197387695,7.849850177764893,7.849850177764893,0
"USDHKD","HKD=X",2025-06-25,"HKD",7.848700046539307,7.849899768829346,7.846879959106445,7.848700046539307,7.848700046539307,0
"USDHKD","HKD=X",2025-06-26,"HKD",7.849160194396973,7.849959850311279,7.849030017852783,7.849160194396973,7.849160194396973,0
"USDHKD","HKD=X",2025-06-29,"HKD",7.8495001792907715,7.849969863891602,7.8495001792907715,7.8495001792907715,7.8495001792907715,0
"USDHKD","HKD=X",2025-06-30,"HKD",7.849899768829346,7.850039958953857,7.849639892578125,7.849899768829346,7.849899768829346,0
"USDHKD","HKD=X",2025-07-01,"HKD",7.847760200500488,7.849939823150635,7.847750186920166,7.847760200500488,7.847760200500488,0
"USDHKD","HKD=X",2025-07-02,"HKD",7.849800109863281,7.850019931793213,7.849629878997803,7.849800109863281,7.849800109863281,0
"USDHKD","HKD=X",2025-07-03,"HKD",7.847700119018555,7.849899768829346,7.84660005569458,7.847700119018555,7.847700119018555,0
"USDHKD","HKD=X",2025-07-06,"HKD",7.849800109863281,7.849949836730957,7.849599838256836,7.849800109863281,7.849800109863281,0
"USDHKD","HKD=X",2025-07-07,"HKD",7.849800109863281,7.849979877471924,7.849649906158447,7.849800109863281,7.849800109863281,0
"USDHKD","HKD=X",2025-07-08,"HKD",7.849639892578125,7.849999904632568,7.849639892578125,7.849639892578125,7.849639892578125,0
"USDHKD","HKD=X",2025-07-09,"HKD",7.849800109863281,7.850039958953857,7.8496198654174805,7.849800109863281,7.849800109863281,0
"USDHKD","HKD=X",2025-07-10,"HKD",7.849599838256836,7.849999904632568,7.849400043487549,7.849599838256836,7.849599838256836,0
"USDHKD","HKD=X",2025-07-13,"HKD",7.849629878997803,7.849989891052246,7.849589824676514,7.849629878997803,7.849629878997803,0
"USDHKD","HKD=X",2025-07-14,"HKD",7.8498101234436035,7.849999904632568,7.849709987640381,7.8498101234436035,7.8498101234436035,0
"USDHKD","HKD=X",2025-07-15,"HKD",7.849699974060059,7.849979877471924,7.849160194396973,7.849699974060059,7.849699974060059,0
"USDHKD","HKD=X",2025-07-16,"HKD",7.849800109863281,7.84991979598999,7.843929767608643,7.849800109863281,7.849800109863281,0
"USDHKD","HKD=X",2025-07-17,"HKD",7.848499774932861,7.849339962005615,7.846260070800781,7.848499774932861,7.848499774932861,0
"USDHKD","HKD=X",2025-07-20,"HKD",7.848299980163574,7.849909782409668,7.847620010375977,7.848299980163574,7.848299980163574,0
"USDHKD","HKD=X",2025-07-21,"HKD",7.84935998916626,7.8499298095703125,7.848480224609375,7.84935998916626,7.84935998916626,0
"USDHKD","HKD=X",2025-07-22,"HKD",7.849689960479736,7.849969863891602,7.849649906158447,7.849689960479736,7.849689960479736,0
"USDHKD","HKD=X",2025-07-23,"HKD",7.849430084228516,7.849939823150635,7.848750114440918,7.849430084228516,7.849430084228516,0
"USDHKD","HKD=X",2025-07-24,"HKD",7.849899768829346,7.849899768829346,7.846109867095947,7.849899768829346,7.849899768829346,0
"USDHKD","HKD=X",2025-07-27,"HKD",7.8495001792907715,7.84991979598999,7.847499847412109,7.8495001792907715,7.8495001792907715,0
"USDHKD","HKD=X",2025-07-28,"HKD",7.849180221557617,7.849949836730957,7.849160194396973,7.849180221557617,7.849180221557617,0
"USDHKD","HKD=X",2025-07-29,"HKD",7.849599838256836,7.849949836730957,7.849430084228516,7.849599838256836,7.849599838256836,0
"USDHKD","HKD=X",2025-07-30,"HKD",7.849289894104004,7.849979877471924,7.849319934844971,7.849289894104004,7.849289894104004,0
"USDHKD","HKD=X",2025-07-31,"HKD",7.849899768829346,7.849979877471924,7.849470138549805,7.849899768829346,7.849899768829346,0
"USDHKD","HKD=X",2025-08-03,"HKD",7.849410057067871,7.849989891052246,7.849410057067871,7.849410057067871,7.849410057067871,0
"USDHKD","HKD=X",2025-08-04,"HKD",7.849239826202393,7.849899768829346,7.848800182342529,7.849239826202393,7.849239826202393,0
"USDHKD","HKD=X",2025-08-05,"HKD",7.849800109863281,7.8499298095703125,7.848800182342529,7.849800109863281,7.849800109863281,0
"USDHKD","HKD=X",2025-08-06,"HKD",7.849400043487549,7.849899768829346,7.848229885101318,7.849400043487549,7.849400043487549,0
"USDHKD","HKD=X",2025-08-07,"HKD",7.849319934844971,7.84991979598999,7.848599910736084,7.849319934844971,7.849319934844971,0
"USDHKD","HKD=X",2025-08-10,"HKD",7.849599838256836,7.849939823150635,7.849599838256836,7.849599838256836,7.849599838256836,0
"USDHKD","HKD=X",2025-08-11,"HKD",7.849679946899414,7.849959850311279,7.849559783935547,7.849679946899414,7.849679946899414,0
"USDHKD","HKD=X",2025-08-12,"HKD",7.848380088806152,7.8499298095703125,7.848490238189697,7.848380088806152,7.848380088806152,0
"USDHKD","HKD=X",2025-08-13,"HKD",7.8491997718811035,7.849599838256836,7.8317999839782715,7.8491997718811035,7.8491997718811035,0
"USDHKD","HKD=X",2025-08-14,"HKD",7.83459997177124,7.843900203704834,7.811880111694336,7.83459997177124,7.83459997177124,0
"USDHKD","HKD=X",2025-08-17,"HKD",7.824709892272949,7.83165979385376,7.815489768981934,7.824709892272949,7.824709892272949,0
"USDHKD","HKD=X",2025-08-18,"HKD",7.819920063018799,7.821549892425537,7.792669773101807,7.819920063018799,7.819920063018799,0
"USDHKD","HKD=X",2025-08-19,"HKD",7.799499988555908,7.816100120544434,7.798480033874512,7.799499988555908,7.799499988555908,0
"USDHKD","HKD=X",2025-08-20,"HKD",7.81220006942749,7.814000129699707,7.80633020401001,7.81220006942749,7.81220006942749,0
"USDHKD","HKD=X",2025-08-21,"HKD",7.813899993896484,7.819210052490234,7.809659957885742,7.813899993896484,7.813899993896484,0
"USDHKD","HKD=X",2025-08-24,"HKD",7.8155999183654785,7.815999984741211,7.803969860076904,7.8155999183654785,7.8155999183654785,0
"USDHKD","HKD=X",2025-08-25,"HKD",7.812699794769287,7.8125901222229,7.79272985458374,7.812699794769287,7.812699794769287,0
"USDHKD","HKD=X",2025-08-26,"HKD",7.793580055236816,7.79502010345459,7.7754597663879395,7.793580055236816,7.793580055236816,0
"USDHKD","HKD=X",2025-08-27,"HKD",7.784210205078125,7.7975897789001465,7.783299922943115,7.784210205078125,7.784210205078125,0
"USDHKD","HKD=X",2025-08-28,"HKD",7.794129848480225,7.79617977142334,7.7853498458862305,7.794129848480225,7.794129848480225,0
"USDHKD","HKD=X",2025-08-31,"HKD",7.795499801635742,7.797399997711182,7.790170192718506,7.795499801635742,7.795499801635742,0
"USDHKD","HKD=X",2025-09-01,"HKD",7.796510219573975,7.807730197906494,7.796040058135986,7.796510219573975,7.796510219573975,0
"USDHKD","HKD=X",2025-09-02,"HKD",7.807499885559082,7.81220006942749,7.79911994934082,7.807499885559082,7.807499885559082,0
"USDHKD","HKD=X",2025-09-03,"HKD",7.800389766693115,7.801819801330566,7.796199798583984,7.800389766693115,7.800389766693115,0
"USDHKD","HKD=X",2025-09-04,"HKD",7.800220012664795,7.803709983825684,7.795720100402832,7.800220012664795,7.800220012664795,0
"USDHKD","HKD=X",2025-09-07,"HKD",7.798399925231934,7.799200057983398,7.790589809417725,7.798399925231934,7.798399925231934,0
"USDHKD","HKD=X",2025-09-08,"HKD",7.793300151824951,7.793379783630371,7.786200046539307,7.793300151824951,7.793300151824951,0
"USDHKD","HKD=X",2025-09-09,"HKD",7.787390232086182,7.791299819946289,7.786019802093506,7.787390232086182,7.787390232086182,0
"USDHKD","HKD=X",2025-09-10,"HKD",7.789599895477295,7.791230201721191,7.786399841308594,7.789599895477295,7.789599895477295,0
"USDHKD","HKD=X",2025-09-11,"HKD",7.788599967956543,7.788899898529053,7.778979778289795,7.788599967956543,7.788599967956543,0
"USDHKD","HKD=X",2025-09-14,"HKD",7.780200004577637,7.780300140380859,7.773190021514893,7.780200004577637,7.780200004577637,0
"USDHKD","HKD=X",2025-09-15,"HKD",7.779990196228027,7.782899856567383,7.777140140533447,7.779990196228027,7.779990196228027,0
"USDHKD","HKD=X",2025-09-16,"HKD",7.78046989440918,7.781400203704834,7.773359775543213,7.78046989440918,7.78046989440918,0
"USDHKD","HKD=X",2025-09-17,"HKD",7.776989936828613,7.778200149536133,7.77331018447876,7.776989936828613,7.776989936828613,0
"USDHKD","HKD=X",2025-09-18,"HKD",7.7771100997924805,7.779099941253662,7.774280071258545,7.7771100997924805,7.7771100997924805,0
"USDHKD","HKD=X",2025-09-21,"HKD",7.774439811706543,7.775000095367432,7.7657999992370605,7.774439811706543,7.774439811706543,0
"USDHKD","HKD=X",2025-09-22,"HKD",7.769320011138916,7.7769999504089355,7.7691497802734375,7.769320011138916,7.769320011138916,0
"USDHKD","HKD=X",2025-09-23,"HKD",7.7754597663879395,7.778600215911865,7.773290157318115,7.7754597663879395,7.7754597663879395,0
"USDHKD","HKD=X",2025-09-24,"HKD",7.7778401374816895,7.780700206756592,7.773069858551025,7.7778401374816895,7.7778401374816895,0
"USDHKD","HKD=X",2025-09-25,"HKD",7.782700061798096,7.784520149230957,7.778039932250977,7.782700061798096,7.782700061798096,0
"USDHKD","HKD=X",2025-09-28,"HKD",7.780399799346924,7.782969951629639,7.778260231018066,7.780399799346924,7.780399799346924,0
"USDHKD","HKD=X",2025-09-29,"HKD",7.7829999923706055,7.784739971160889,7.779049873352051,7.7829999923706055,7.7829999923706055,0
"USDHKD","HKD=X",2025-09-30,"HKD",7.7819600105285645,7.782800197601318,7.780200004577637,7.7819600105285645,7.7819600105285645,0
"USDHKD","HKD=X",2025-10-01,"HKD",7.780990123748779,7.783390045166016,7.779359817504883,7.780990123748779,7.780990123748779,0
"USDHKD","HKD=X",2025-10-02,"HKD",7.782470226287842,7.7829999923706055,7.780200004577637,7.782470226287842,7.782470226287842,0
"USDHKD","HKD=X",2025-10-05,"HKD",7.781099796295166,7.78380012512207,7.780129909515381,7.781099796295166,7.781099796295166,0
"USDHKD","HKD=X",2025-10-06,"HKD",7.782649993896484,7.78380012512207,7.781499862670898,7.782649993896484,7.782649993896484,0
"USDHKD","HKD=X",2025-10-07,"HKD",7.78318977355957,7.7846999168396,7.7812299728393555,7.78318977355957,7.78318977355957,0
"USDHKD","HKD=X",2025-10-08,"HKD",7.781599998474121,7.781700134277344,7.778439998626709,7.781599998474121,7.781599998474121,0
"USDHKD","HKD=X",2025-10-09,"HKD",7.782299995422363,7.782529830932617,7.780340194702148,7.782299995422363,7.782299995422363,0
"USDHKD","HKD=X",2025-10-12,"HKD",7.782299995422363,7.782800197601318,7.775690078735352,7.782299995422363,7.782299995422363,0
"USDHKD","HKD=X",2025-10-13,"HKD",7.779139995574951,7.7795000076293945,7.7735700607299805,7.779139995574951,7.779139995574951,0
"USDHKD","HKD=X",2025-10-14,"HKD",7.77370023727417,7.777639865875244,7.772130012512207,7.77370023727417,7.77370023727417,0
"USDHKD","HKD=X",2025-10-15,"HKD",7.775000095367432,7.775000095367432,7.770299911499023,7.775000095367432,7.775000095367432,0
"USDHKD","HKD=X",2025-10-16,"HKD",7.770790100097656,7.770899772644043,7.765989780426025,7.770790100097656,7.770790100097656,0
"USDHKD","HKD=X",2025-10-19,"HKD",7.767099857330322,7.7710700035095215,7.766260147094727,7.767099857330322,7.767099857330322,0
"USDHKD","HKD=X",2025-10-20,"HKD",7.7678399085998535,7.7718000411987305,7.766190052032471,7.7678399085998535,7.7678399085998535,0
"USDHKD","HKD=X",2025-10-21,"HKD",7.771200180053711,7.773469924926758,7.7683000564575195,7.771200180053711,7.771200180053711,0
"USDHKD","HKD=X",2025-10-22,"HKD",7.770400047302246,7.773709774017334,7.769209861755371,7.770400047302246,7.770400047302246,0
"USDHKD","HKD=X",2025-10-23,"HKD",7.7718000411987305,7.7733001708984375,7.768439769744873,7.7718000411987305,7.7718000411987305,0
"USDHKD","HKD=X",2025-10-27,"HKD",7.769390106201172,7.769400119781494,7.76678991317749,7.769390106201172,7.769390106201172,0
"USDHKD","HKD=X",2025-10-28,"HKD",7.767489910125732,7.770199775695801,7.7664899826049805,7.767489910125732,7.767489910125732,0
"USDHKD","HKD=X",2025-10-29,"HKD",7.767879962921143,7.771259784698486,7.767650127410889,7.767879962921143,7.767879962921143,0
"USDHKD","HKD=X",2025-10-30,"HKD",7.771100044250488,7.771100044250488,7.767099857330322,7.771100044250488,7.771100044250488,0
"USDHKD","HKD=X",2025-10-31,"HKD",7.769139766693115,7.772059917449951,7.767000198364258,7.769139766693115,7.769139766693115,0
"USDHKD","HKD=X",2025-11-03,"HKD",7.770770072937012,7.77400016784668,7.770579814910889,7.770770072937012,7.770770072937012,0
"USDHKD","HKD=X",2025-11-04,"HKD",7.771900177001953,7.774799823760986,7.771790027618408,7.771900177001953,7.771900177001953,0
"USDHKD","HKD=X",2025-11-05,"HKD",7.773890018463135,7.776299953460693,7.773129940032959,7.773890018463135,7.773890018463135,0
"USDHKD","HKD=X",2025-11-06,"HKD",7.774799823760986,7.7758002281188965,7.773499965667725,7.774799823760986,7.774799823760986,0
"USDHKD","HKD=X",2025-11-07,"HKD",7.775599956512451,7.7779998779296875,7.77370023727417,7.775599956512451,7.775599956512451,0
"USDHKD","HKD=X",2025-11-10,"HKD",7.776770114898682,7.777200222015381,7.7725300788879395,7.776509761810303,7.776509761810303,0
"USDHKD","HKD=X",2025-11-11,"HKD",7.773340225219727,7.774099826812744,7.770880222320557,7.7731099128723145,7.7731099128723145,0
"USDHKD","HKD=X",2025-11-12,"HKD",7.771900177001953,7.772459983825684,7.769370079040527,7.771470069885254,7.771470069885254,0
"USDHKD","HKD=X",2025-11-13,"HKD",7.770420074462891,7.771500110626221,7.768549919128418,7.770420074462891,7.770420074462891,0
"USDHKD","HKD=X",2025-11-14,"HKD",7.770289897918701,7.773600101470947,7.768420219421387,7.770999908447266,7.770999908447266,0
"USDHKD","HKD=X",2025-11-17,"HKD",7.771790027618408,7.773900032043457,7.771269798278809,7.771510124206543,7.771510124206543,0
"USDHKD","HKD=X",2025-11-18,"HKD",7.77400016784668,7.78626012802124,7.773650169372559,7.773900032043457,7.773900032043457,0
"USDHKD","HKD=X",2025-11-19,"HKD",7.783999919891357,7.792699813842773,7.783899784088135,7.78410005569458,7.78410005569458,0
"USDHKD","HKD=X",2025-11-20,"HKD",7.787479877471924,7.787879943847656,7.780700206756592,7.786280155181885,7.786280155181885,0
"USDHKD","HKD=X",2025-11-21,"HKD",7.783599853515625,7.788099765777588,7.7829999923706055,7.7835001945495605,7.7835001945495605,0
"USDHKD","HKD=X",2025-11-24,"HKD",7.7825398445129395,7.784249782562256,7.780640125274658,7.7823100090026855,7.7823100090026855,0
"USDHKD","HKD=X",2025-11-25,"HKD",7.781869888305664,7.782700061798096,7.773079872131348,7.781630039215088,7.781630039215088,0
"USDHKD","HKD=X",2025-11-26,"HKD",7.7758002281188965,7.778500080108643,7.774050235748291,7.7753400802612305,7.7753400802612305,0
"USDHKD","HKD=X",2025-11-27,"HKD",7.777699947357178,7.78000020980835,7.775489807128906,7.7778000831604,7.7778000831604,0
"USDHKD","HKD=X",2025-11-28,"HKD",7.77839994430542,7.785799980163574,7.777969837188721,7.77869987487793,7.77869987487793,0
"USDHKD","HKD=X",2025-12-01,"HKD",7.785830020904541,7.789400100708008,7.78439998626709,7.784780025482178,7.784780025482178,0
"USDHKD","HKD=X",2025-12-02,"HKD",7.7881999015808105,7.791299819946289,7.7835001945495605,7.7881999015808105,7.7881999015808105,0
"USDHKD","HKD=X",2025-12-03,"HKD",7.784160137176514,7.786099910736084,7.781720161437988,7.78439998626709,7.78439998626709,0
"USDHKD","HKD=X",2025-12-04,"HKD",7.783229827880859,7.784999847412109,7.78095006942749,7.783269882202148,7.783269882202148,0
"USDHKD","HKD=X",2025-12-05,"HKD",7.782199859619141,7.785699844360352,7.781710147857666,7.7817702293396,7.7817702293396,0
"USDHKD","HKD=X",2025-12-08,"HKD",7.783969879150391,7.784599781036377,7.77947998046875,7.783959865570068,7.783959865570068,0
"USDHKD","HKD=X",2025-12-09,"HKD",7.779860019683838,7.78249979019165,7.7781901359558105,7.780399799346924,7.780399799346924,0
"USDHKD","HKD=X",2025-12-10,"HKD",7.782800197601318,7.782800197601318,7.779799938201904,7.782320022583008,7.782320022583008,0
"USDHKD","HKD=X",2025-12-11,"HKD",7.779099941253662,7.783239841461182,7.778319835662842,7.7790398597717285,7.7790398597717285,0
"USDHKD","HKD=X",2025-12-12,"HKD",7.7820000648498535,7.786499977111816,7.780700206756592,7.7820000648498535,7.7820000648498535,0
"USDHKD","HKD=X",2025-12-15,"HKD",7.784249782562256,7.7846598625183105,7.780779838562012,7.784249782562256,7.784249782562256,0
"USDHKD","HKD=X",2025-12-16,"HKD",7.781599998474121,7.782299995422363,7.776500225067139,7.7820000648498535,7.7820000648498535,0
"USDHKD","HKD=X",2025-12-17,"HKD",7.779319763183594,7.781000137329102,7.776390075683594,7.779900074005127,7.779900074005127,0
"USDHKD","HKD=X",2025-12-18,"HKD",7.779300212860107,7.782010078430176,7.777900218963623,7.779240131378174,7.779240131378174,0
"USDHKD","HKD=X",2025-12-19,"HKD",7.780310153961182,7.782839775085449,7.779630184173584,7.781000137329102,7.781000137329102,0
"USDHKD","HKD=X",2025-12-22,"HKD",7.780529975891113,7.781300067901611,7.77810001373291,7.781109809875488,7.781109809875488,0
"USDHKD","HKD=X",2025-12-23,"HKD",7.779139995574951,7.780300140380859,7.776549816131592,7.78000020980835,7.78000020980835,0
"USDHKD","HKD=X",2025-12-24,"HKD",7.776899814605713,7.777599811553955,7.7741899490356445,7.776899814605713,7.776899814605713,0
"USDHKD","HKD=X",2025-12-26,"HKD",7.77515983581543,7.776000022888184,7.770699977874756,7.776100158691406,7.776100158691406,0
"USDHKD","HKD=X",2025-12-29,"HKD",7.77092981338501,7.774799823760986,7.77085018157959,7.770880222320557,7.770880222320557,0
"USDHKD","HKD=X",2025-12-30,"HKD",7.7731099128723145,7.784120082855225,7.773079872131348,7.773029804229736,7.773029804229736,0
"USDHKD","HKD=X",2025-12-31,"HKD",7.780759811401367,7.784999847412109,7.780700206756592,7.780660152435303,7.780660152435303,0
"USDHKD","HKD=X",2026-01-02,"HKD",7.785999774932861,7.792900085449219,7.785999774932861,7.785339832305908,7.785339832305908,0
"USDHKD","HKD=X",2026-01-05,"HKD",7.790460109710693,7.793449878692627,7.784409999847412,7.790559768676758,7.790559768676758,0
"USDHKD","HKD=X",2026-01-06,"HKD",7.785200119018555,7.78863000869751,7.781280040740967,7.785600185394287,7.785600185394287,0
"USDHKD","HKD=X",2026-01-07,"HKD",7.786870002746582,7.790599822998047,7.785099983215332,7.786900043487549,7.786900043487549,0
"USDHKD","HKD=X",2026-01-08,"HKD",7.7866997718811035,7.7930498123168945,7.785289764404297,7.785999774932861,7.785999774932861,0
"USDHKD","HKD=X",2026-01-09,"HKD",7.791900157928467,7.796750068664551,7.791289806365967,7.791999816894531,7.791999816894531,0
"USDHKD","HKD=X",2026-01-12,"HKD",7.794260025024414,7.797999858856201,7.792819976806641,7.794149875640869,7.794149875640869,0
"USDHKD","HKD=X",2026-01-13,"HKD",7.795690059661865,7.802800178527832,7.795529842376709,7.79640007019043,7.79640007019043,0
"USDHKD","HKD=X",2026-01-14,"HKD",7.801199913024902,7.802299976348877,7.79541015625,7.800779819488525,7.800779819488525,0
"USDHKD","HKD=X",2026-01-15,"HKD",7.797800064086914,7.801799774169922,7.793540000915527,7.797699928283691,7.797699928283691,0
"USDHKD","HKD=X",2026-01-16,"HKD",7.796919822692871,7.800600051879883,7.796500205993652,7.797399997711182,7.797399997711182,0
"USDHKD","HKD=X",2026-01-19,"HKD",7.797389984130859,7.798900127410889,7.794730186462402,7.797239780426025,7.797239780426025,0
"USDHKD","HKD=X",2026-01-20,"HKD",7.7967000007629395,7.798900127410889,7.796319961547852,7.7967000007629395,7.7967000007629395,0
"USDHKD","HKD=X",2026-01-21,"HKD",7.7993998527526855,7.799699783325195,7.796000003814697,7.799200057983398,7.799200057983398,0
"USDHKD","HKD=X",2026-01-22,"HKD",7.796999931335449,7.798900127410889,7.7946600914001465,7.797100067138672,7.797100067138672,0
"USDHKD","HKD=X",2026-01-23,"HKD",7.796830177307129,7.798600196838379,7.796480178833008,7.7967400550842285,7.7967400550842285,0
"USDHKD","HKD=X",2026-01-26,"HKD",7.794899940490723,7.798500061035156,7.792709827423096,7.79472017288208,7.79472017288208,0
"USDHKD","HKD=X",2026-01-27,"HKD",7.797019958496094,7.802380084991455,7.796750068664551,7.7971601486206055,7.7971601486206055,0
"USDHKD","HKD=X",2026-01-28,"HKD",7.800159931182861,7.802999973297119,7.798059940338135,7.80010986328125,7.80010986328125,0
"USDHKD","HKD=X",2026-01-29,"HKD",7.800960063934326,7.806519985198975,7.800250053405762,7.801799774169922,7.801799774169922,0
"USDHKD","HKD=X",2026-01-30,"HKD",7.805540084838867,7.809999942779541,7.805230140686035,7.805530071258545,7.805530071258545,0
"USDHKD","HKD=X",2026-02-02,"HKD",7.809659957885742,7.811550140380859,7.806920051574707,7.80974006652832,7.80974006652832,0
"USDHKD","HKD=X",2026-02-03,"HKD",7.810679912567139,7.8141398429870605,7.809840202331543,7.810090065002441,7.810090065002441,0
"USDHKD","HKD=X",2026-02-04,"HKD",7.813000202178955,7.815899848937988,7.810490131378174,7.813399791717529,7.813399791717529,0
"USDHKD","HKD=X",2026-02-05,"HKD",7.811540126800537,7.814199924468994,7.807069778442383,7.81220006942749,7.81220006942749,0
"USDHKD","HKD=X",2026-02-06,"HKD",7.813799858093262,7.814799785614014,7.810219764709473,7.813700199127197,7.813700199127197,0
"USDHKD","HKD=X",2026-02-09,"HKD",7.812530040740967,7.816720008850098,7.812270164489746,7.812469959259033,7.812469959259033,0
"USDHKD","HKD=X",2026-02-10,"HKD",7.8149800300598145,7.818640232086182,7.813600063323975,7.814640045166016,7.814640045166016,0
"USDHKD","HKD=X",2026-02-11,"HKD",7.81790018081665,7.818170070648193,7.814390182495117,7.817800045013428,7.817800045013428,0
"USDHKD","HKD=X",2026-02-12,"HKD",7.8154802322387695,7.818089962005615,7.814129829406738,7.815999984741211,7.815999984741211,0
"USDHKD","HKD=X",2026-02-13,"HKD",7.81620979309082,7.818009853363037,7.814620018005371,7.816500186920166,7.816500186920166,0
"USDHKD","HKD=X",2026-02-16,"HKD",7.815839767456055,7.816400051116943,7.813950061798096,7.815899848937988,7.815899848937988,0
"USDHKD","HKD=X",2026-02-17,"HKD",7.815499782562256,7.815999984741211,7.814020156860352,7.815899848937988,7.815899848937988,0
"USDHKD","HKD=X",2026-02-18,"HKD",7.815040111541748,7.815899848937988,7.813600063323975,7.815499782562256,7.815499782562256,0
"USDHKD","HKD=X",2026-02-19,"HKD",7.814799785614014,7.815299987792969,7.8137102127075195,7.815700054168701,7.815700054168701,0
"USDHKD","HKD=X",2026-02-20,"HKD",7.814080238342285,7.815800189971924,7.813169956207275,7.814899921417236,7.814899921417236,0
"USDHKD","HKD=X",2026-02-23,"HKD",7.8135199546813965,7.819499969482422,7.813389778137207,7.813469886779785,7.813469886779785,0
"USDHKD","HKD=X",2026-02-24,"HKD",7.8184099197387695,7.82420015335083,7.817440032958984,7.818900108337402,7.818900108337402,0
"USDHKD","HKD=X",2026-02-25,"HKD",7.822519779205322,7.823200225830078,7.818719863891602,7.822519779205322,7.822519779205322,0
"USDHKD","HKD=X",2026-02-26,"HKD",7.819310188293457,7.823699951171875,7.816470146179199,7.8196001052856445,7.8196001052856445,0
"USDHKD","HKD=X",2026-02-27,"HKD",7.823299884796143,7.825399875640869,7.821569919586182,7.823279857635498,7.823279857635498,0
"USDHKD","HKD=X",2026-03-02,"HKD",7.822750091552734,7.823500156402588,7.820670127868652,7.8225998878479,7.8225998878479,0
"USDHKD","HKD=X",2026-03-03,"HKD",7.821010112762451,7.822000026702881,7.799160003662109,7.82105016708374,7.82105016708374,0
"USDHKD","HKD=X",2026-03-04,"HKD",7.804999828338623,7.819320201873779,7.8017401695251465,7.8047099113464355,7.8047099113464355,0
"USDHKD","HKD=X",2026-03-05,"HKD",7.816689968109131,7.822299957275391,7.81387996673584,7.817200183868408,7.817200183868408,0
"USDHKD","HKD=X",2026-03-06,"HKD",7.818840026855469,7.82450008392334,7.818120002746582,7.819210052490234,7.819210052490234,0
"USDHKD","HKD=X",2026-03-09,"HKD",7.8167500495910645,7.819699764251709,7.8119401931762695,7.816470146179199,7.816470146179199,0
"USDHKD","HKD=X",2026-03-10,"HKD",7.82043981552124,7.825839996337891,7.818349838256836,7.820509910583496,7.820509910583496,0
"USDHKD","HKD=X",2026-03-11,"HKD",7.823699951171875,7.828460216522217,7.8225297927856445,7.823800086975098,7.823800086975098,0
"USDHKD","HKD=X",2026-03-12,"HKD",7.825170040130615,7.827579975128174,7.823339939117432,7.825399875640869,7.825399875640869,0
"USDHKD","HKD=X",2026-03-13,"HKD",7.826590061187744,7.829209804534912,7.825429916381836,7.827300071716309,7.827300071716309,0
"USDHKD","HKD=X",2026-03-16,"HKD",7.827439785003662,7.831699848175049,7.82673978805542,7.827079772949219,7.827079772949219,0
"USDHKD","HKD=X",2026-03-17,"HKD",7.830100059509277,7.837739944458008,7.829329967498779,7.829840183258057,7.829840183258057,0
"USDHKD","HKD=X",2026-03-18,"HKD",7.836919784545898,7.839079856872559,7.835020065307617,7.83650016784668,7.83650016784668,0
"USDHKD","HKD=X",2026-03-19,"HKD",7.835569858551025,7.839200019836426,7.829649925231934,7.836100101470947,7.836100101470947,0
"USDHKD","HKD=X",2026-03-20,"HKD",7.833700180053711,7.838200092315674,7.831930160522461,7.833600044250488,7.833600044250488,0
"USDHKD","HKD=X",2026-03-23,"HKD",7.833620071411133,7.835700035095215,7.825520038604736,7.833640098571777,7.833640098571777,0
"USDHKD","HKD=X",2026-03-24,"HKD",7.8343000411987305,7.837200164794922,7.823639869689941,7.834799766540527,7.834799766540527,0
"USDHKD","HKD=X",2026-03-25,"HKD",7.8274102210998535,7.829460144042969,7.8160200119018555,7.827610015869141,7.827610015869141,0
"USDHKD","HKD=X",2026-03-26,"HKD",7.818240165710449,7.8256001472473145,7.8126702308654785,7.818059921264648,7.818059921264648,0
"USDHKD","HKD=X",2026-03-27,"HKD",7.825799942016602,7.83459997177124,7.823999881744385,7.825699806213379,7.825699806213379,0
"USDHKD","HKD=X",2026-03-29,"HKD",7.832699775695801,7.836599826812744,7.830420017242432,7.83213996887207,7.83213996887207,0
"USDHKD","HKD=X",2026-03-30,"HKD",7.83542013168335,7.840250015258789,7.835209846496582,7.835700035095215,7.835700035095215,0
"USDHKD","HKD=X",2026-03-31,"HKD",7.837719917297363,7.8394999504089355,7.8344597816467285,7.838399887084961,7.838399887084961,0
"USDHKD","HKD=X",2026-04-01,"HKD",7.837090015411377,7.838500022888184,7.8351898193359375,7.837100028991699,7.837100028991699,0
"USDHKD","HKD=X",2026-04-02,"HKD",7.837100028991699,7.838799953460693,7.835999965667725,7.836900234222412,7.836900234222412,0
"USDHKD","HKD=X",2026-04-05,"HKD",7.837200164794922,7.8379998207092285,7.835909843444824,7.837200164794922,7.837200164794922,0
"USDHKD","HKD=X",2026-04-06,"HKD",7.837200164794922,7.8379998207092285,7.834849834442139,7.836730003356934,7.836730003356934,0
"USDHKD","HKD=X",2026-04-07,"HKD",7.833759784698486,7.8354997634887695,7.827420234680176,7.8337202072143555,7.8337202072143555,0
"USDHKD","HKD=X",2026-04-08,"HKD",7.832330226898193,7.836140155792236,7.829160213470459,7.832250118255615,7.832250118255615,0
"USDHKD","HKD=X",2026-04-09,"HKD",7.83381986618042,7.835999965667725,7.831480026245117,7.833199977874756,7.833199977874756,0
"USDHKD","HKD=X",2026-04-12,"HKD",7.832509994506836,7.833449840545654,7.827869892120361,7.8322601318359375,7.8322601318359375,0
"USDHKD","HKD=X",2026-04-13,"HKD",7.829999923706055,7.83459997177124,7.828949928283691,7.829800128936768,7.829800128936768,0
"USDHKD","HKD=X",2026-04-14,"HKD",7.833700180053711,7.837940216064453,7.833139896392822,7.833580017089844,7.833580017089844,0
"USDHKD","HKD=X",2026-04-15,"HKD",7.832469940185547,7.832799911499023,7.823500156402588,7.832429885864258,7.832429885864258,0
"USDHKD","HKD=X",2026-04-16,"HKD",7.822569847106934,7.831560134887695,7.822400093078613,7.822559833526611,7.822559833526611,0
"USDHKD","HKD=X",2026-04-19,"HKD",7.8312201499938965,7.834000110626221,7.829249858856201,7.831180095672607,7.831180095672607,0
"USDHKD","HKD=X",2026-04-20,"HKD",7.83050012588501,7.832900047302246,7.828310012817383,7.829929828643799,7.829929828643799,0
"USDHKD","HKD=X",2026-04-21,"HKD",7.8301801681518555,7.833000183105469,7.8296098709106445,7.830349922180176,7.830349922180176,0
"USDHKD","HKD=X",2026-04-22,"HKD",7.832119941711426,7.833399772644043,7.831029891967773,7.8319501876831055,7.8319501876831055,0
"USDHKD","HKD=X",2026-04-23,"HKD",7.832330226898193,7.836480140686035,7.831890106201172,7.832339763641357,7.832339763641357,0
"USDHKD","HKD=X",2026-04-26,"HKD",7.834569931030273,7.837900161743164,7.834070205688477,7.83489990234375,7.83489990234375,0
"USDHKD","HKD=X",2026-04-27,"HKD",7.836619853973389,7.837769985198975,7.83450984954834,7.836699962615967,7.836699962615967,0
"USDHKD","HKD=X",2026-04-28,"HKD",7.83519983291626,7.837699890136719,7.834690093994141,7.835599899291992,7.835599899291992,0
"USDHKD","HKD=X",2026-04-29,"HKD",7.836699962615967,7.837100028991699,7.831789970397949,7.836900234222412,7.836900234222412,0
"USDHKD","HKD=X",2026-04-30,"HKD",7.832749843597412,7.835440158843994,7.832230091094971,7.832670211791992,7.832670211791992,0
"USDHKD","HKD=X",2026-05-03,"HKD",7.834630012512207,7.83519983291626,7.832230091094971,7.83489990234375,7.83489990234375,0
"USDHKD","HKD=X",2026-05-04,"HKD",7.8333001136779785,7.836619853973389,7.8330302238464355,7.833049774169922,7.833049774169922,0
"USDHKD","HKD=X",2026-05-05,"HKD",7.835629940032959,7.836790084838867,7.834199905395508,7.8356499671936035,7.8356499671936035,0
"USDHKD","HKD=X",2026-05-06,"HKD",7.833849906921387,7.83489990234375,7.829689979553223,7.834080219268799,7.834080219268799,0
"USDHKD","HKD=X",2026-05-07,"HKD",7.832550048828125,7.833099842071533,7.826399803161621,7.833779811859131,7.833779811859131,0
"USDHKD","HKD=X",2026-05-10,"HKD",7.8287200927734375,7.830420017242432,7.827380180358887,7.828690052032471,7.828690052032471,0
"USDHKD","HKD=X",2026-05-11,"HKD",7.828149795532227,7.829669952392578,7.827179908752441,7.828199863433838,7.828199863433838,0
"USDHKD","HKD=X",2026-05-12,"HKD",7.828519821166992,7.832099914550781,7.827499866485596,7.828179836273193,7.828179836273193,0
"USDHKD","HKD=X",2026-05-13,"HKD",7.82912015914917,7.8333001136779785,7.829050064086914,7.82919979095459,7.82919979095459,0
"USDHKD","HKD=X",2026-05-14,"HKD",7.832600116729736,7.833899974822998,7.828380107879639,7.8322601318359375,7.8322601318359375,0
"USDHKD","HKD=X",2026-05-17,"HKD",7.830140113830566,7.831399917602539,7.82843017578125,7.830140113830566,7.830140113830566,0
"USDHKD","HKD=X",2026-05-18,"HKD",7.830599784851074,7.833499908447266,7.8297600746154785,7.830289840698242,7.830289840698242,0
"USDHKD","HKD=X",2026-05-19,"HKD",7.83227014541626,7.834099769592285,7.831779956817627,7.832699775695801,7.832699775695801,0
"USDHKD","HKD=X",2026-05-20,"HKD",7.8312201499938965,7.8354997634887695,7.830709934234619,7.831399917602539,7.831399917602539,0
"USDHKD","HKD=X",2026-05-21,"HKD",7.834050178527832,7.836699962615967,7.833670139312744,7.83390998840332,7.83390998840332,0
"USDHKD","HKD=X",2026-05-24,"HKD",7.835010051727295,7.835599899291992,7.832809925079346,7.834670066833496,7.834670066833496,0
"USDHKD","HKD=X",2026-05-25,"HKD",7.83404016494751,7.836599826812744,7.83404016494751,7.834270000457764,7.834270000457764,0
"USDHKD","HKD=X",2026-05-26,"HKD",7.8359599113464355,7.836599826812744,7.833360195159912,7.83581018447876,7.83581018447876,0
"USDHKD","HKD=X",2026-05-27,"HKD",7.8336501121521,7.835299968719482,7.830450057983398,7.833680152893066,7.833680152893066,0
"USDHKD","HKD=X",2026-05-28,"HKD",7.833799839019775,7.837600231170654,7.832610130310059,7.8333001136779785,7.8333001136779785,0
"USDHKD","HKD=X",2026-05-31,"HKD",7.835999965667725,7.837930202484131,7.835480213165283,7.83581018447876,7.83581018447876,0
"USDHKD","HKD=X",2026-06-01,"HKD",7.836770057678223,7.838799953460693,7.836659908294678,7.836999893188477,7.836999893188477,0
"USDHKD","HKD=X",2026-06-02,"HKD",7.836400032043457,7.837600231170654,7.835000038146973,7.836900234222412,7.836900234222412,0
"USDHKD","HKD=X",2026-06-03,"HKD",7.836239814758301,7.836730003356934,7.832950115203857,7.835740089416504,7.835740089416504,0
"USDHKD","HKD=X",2026-06-04,"HKD",7.834020137786865,7.83519983291626,7.8317999839782715,7.8343000411987305,7.8343000411987305,0
"USDHKD","HKD=X",2026-06-07,"HKD",7.834080219268799,7.836999893188477,7.833670139312744,7.834129810333252,7.834129810333252,0
"USDHKD","HKD=X",2026-06-08,"HKD",7.836100101470947,7.837500095367432,7.835249900817871,7.836120128631592,7.836120128631592,0
"USDHKD","HKD=X",2026-06-09,"HKD",7.83696985244751,7.837500095367432,7.835440158843994,7.837299823760986,7.837299823760986,0
"USDHKD","HKD=X",2026-06-10,"HKD",7.835639953613281,7.837100028991699,7.83459997177124,7.835549831390381,7.835549831390381,0
"USDHKD","HKD=X",2026-06-11,"HKD",7.8358001708984375,7.836599826812744,7.834380149841309,7.8356099128723145,7.8356099128723145,0
"USDHKD","HKD=X",2026-06-14,"HKD",7.834700107574463,7.835999965667725,7.833740234375,7.834630012512207,7.834630012512207,0
"USDHKD","HKD=X",2026-06-15,"HKD",7.833779811859131,7.835299968719482,7.831719875335693,7.834499835968018,7.834499835968018,0
"USDHKD","HKD=X",2026-06-16,"HKD",7.8326802253723145,7.835700035095215,7.831250190734863,7.832590103149414,7.832590103149414,0
"USDHKD","HKD=X",2026-06-17,"HKD",7.835279941558838,7.837800025939941,7.835100173950195,7.834959983825684,7.834959983825684,0
"USDHKD","HKD=X",2026-06-18,"HKD",7.8368000984191895,7.839000225067139,7.836009979248047,7.836810111999512,7.836810111999512,0
"USDHKD","HKD=X",2026-06-21,"HKD",7.836480140686035,7.840479850769043,7.836219787597656,7.836450099945068,7.836450099945068,0
"USDHKD","HKD=X",2026-06-22,"HKD",7.839399814605713,7.841000080108643,7.838699817657471,7.839300155639648,7.839300155639648,0
"USDHKD","HKD=X",2026-06-23,"HKD",7.84089994430542,7.8414998054504395,7.839000225067139,7.840400218963623,7.840400218963623,0
"USDHKD","HKD=X",2026-06-24,"HKD",7.838840007781982,7.841000080108643,7.837639808654785,7.8389201164245605,7.8389201164245605,0
"USDHKD","HKD=X",2026-06-25,"HKD",7.840199947357178,7.8429999351501465,7.8397297859191895,7.839550018310547,7.839550018310547,0
"USDHKD","HKD=X",2026-06-28,"HKD",7.842199802398682,7.843480110168457,7.841519832611084,7.84181022644043,7.84181022644043,0
"USDHKD","HKD=X",2026-06-29,"HKD",7.8403000831604,7.8433098793029785,7.840109825134277,7.8403000831604,7.8403000831604,0
"USDHKD","HKD=X",2026-06-30,"HKD",7.842209815979004,7.844399929046631,7.842209815979004,7.842450141906738,7.842450141906738,0
"USDHKD","HKD=X",2026-07-01,"HKD",7.843420028686523,7.844399929046631,7.842030048370361,7.843800067901611,7.843800067901611,0
"USDHKD","HKD=X",2026-07-02,"HKD",7.8429999351501465,7.843699932098389,7.841670036315918,7.842810153961182,7.842810153961182,0
"USDHKD","HKD=X",2026-07-05,"HKD",7.843200206756592,7.843500137329102,7.841609954833984,7.842820167541504,7.842820167541504,0
"USDHKD","HKD=X",2026-07-06,"HKD",7.842609882354736,7.843500137329102,7.841650009155273,7.842299938201904,7.842299938201904,0
"USDHKD","HKD=X",2026-07-07,"HKD",7.841599941253662,7.8429999351501465,7.8383002281188965,7.841599941253662,7.841599941253662,0
"USDHKD","HKD=X",2026-07-08,"HKD",7.838699817657471,7.839600086212158,7.835000038146973,7.838799953460693,7.838799953460693,0
"USDHKD","HKD=X",2026-07-09,"HKD",7.835899829864502,7.84060001373291,7.834569931030273,7.8358001708984375,7.8358001708984375,0
"USDHKD","HKD=X",2026-07-12,"HKD",7.839489936828613,7.840360164642334,7.837019920349121,7.8394598960876465,7.8394598960876465,0
"USDHKD","HKD=X",2026-07-13,"HKD",7.837279796600342,7.839000225067139,7.835869789123535,7.837500095367432,7.837500095367432,0
"USDHKD","HKD=X",2026-07-14,"HKD",7.837800025939941,7.839310169219971,7.836299896240234,7.837490081787109,7.837490081787109,0
"USDHKD","HKD=X",2026-07-15,"HKD",7.838260173797607,7.840099811553955,7.837200164794922,7.838260173797607,7.838260173797607,0
"USDHKD","HKD=X",2026-07-16,"HKD",7.83981990814209,7.84119987487793,7.839379787445068,7.8404998779296875,7.8404998779296875,0
"USDHKD","HKD=X",2026-07-19,"HKD",7.839749813079834,7.841300010681152,7.839210033416748,7.839719772338867,7.839719772338867,0
"USDHKD","HKD=X",2026-07-20,"HKD",7.840610027313232,7.842199802398682,7.8397698402404785,7.8406500816345215,7.8406500816345215,0
"USDHKD","HKD=X",2026-07-21,"HKD",7.841460227966309,7.841700077056885,7.838409900665283,7.841370105743408,7.841370105743408,0
"USDHKD","HKD=X",2026-07-22,"HKD",7.840199947357178,7.841700077056885,7.839029788970947,7.839900016784668,7.839900016784668,0
"USDHKD","HKD=X",2026-07-23,"HKD",7.840799808502197,7.842700004577637,7.840390205383301,7.841100215911865,7.841100215911865,0
"USDHKD","HKD=X",2026-07-26,"HKD",7.841929912567139,7.842599868774414,7.84119987487793,7.841780185699463,7.841780185699463,0
"USDHKD","HKD=X",2026-07-27,"HKD",7.841740131378174,7.842400074005127,7.8403401374816895,7.841660022735596,7.841660022735596,0
"USDHKD","HKD=X",2026-07-28,"HKD",7.841100215911865,7.843699932098389,7.840740203857422,7.8407301902771,7.8407301902771,0
"USDHKD","HKD=X",2026-07-29,"HKD",7.842189788818359,7.844900131225586,7.841989994049072,7.84197998046875,7.84197998046875,0
"USDHKD","HKD=X",2026-07-30,"HKD",7.842929840087891,7.843760013580322,7.840250015258789,7.842800140380859,7.842800140380859,0
"USDHKD","HKD=X",2026-08-02,"HKD",7.841929912567139,7.8429999351501465,7.84089994430542,7.84181022644043,7.84181022644043,0
"USDHKD","HKD=X",2026-08-03,"HKD",7.8420000076293945,7.843599796295166,7.841639995574951,7.841710090637207,7.841710090637207,0
"USDHKD","HKD=X",2026-08-04,"HKD",7.842309951782227,7.843999862670898,7.842309951782227,7.842199802398682,7.842199802398682,0
"USDHKD","HKD=X",2026-08-05,"HKD",7.843599796295166,7.845099925994873,7.842100143432617,7.843299865722656,7.843299865722656,0
"USDHKD","HKD=X",2026-08-06,"HKD",7.844409942626953,7.84581995010376,7.843999862670898,7.844299793243408,7.844299793243408,0
"USDHKD","HKD=X",2026-08-09,"HKD",7.845190048217773,7.845900058746338,7.84443998336792,7.845190048217773,7.845190048217773,0
"USDHKD","HKD=X",2026-08-10,"HKD",7.84522008895874,7.846710205078125,7.844900131225586,7.845119953155518,7.845119953155518,0
"USDHKD","HKD=X",2026-08-11,"HKD",7.846290111541748,7.847599983215332,7.845990180969238,7.846409797668457,7.846409797668457,0
"USDHKD","HKD=X",2026-08-12,"HKD",7.846280097961426,7.847499847412109,7.845369815826416,7.84630012512207,7.84630012512207,0
"USDHKD","HKD=X",2026-08-13,"HKD",7.8468499183654785,7.847599983215332,7.846360206604004,7.8471999168396,7.8471999168396,0
"USDHKD","HKD=X",2026-08-16,"HKD",7.846650123596191,7.847400188446045,7.84414005279541,7.846560001373291,7.846560001373291,0
"USDHKD","HKD=X",2026-08-17,"HKD",7.844120025634766,7.84499979019165,7.842800140380859,7.84404993057251,7.84404993057251,0
"USDHKD","HKD=X",2026-08-18,"HKD",7.843760013580322,7.844299793243408,7.838640213012695,7.843709945678711,7.843709945678711,0
"USDHKD","HKD=X",2026-08-19,"HKD",7.840000152587891,7.844099998474121,7.840000152587891,7.840030193328857,7.840030193328857,0
"USDHKD","HKD=X",2026-08-20,"HKD",7.843349933624268,7.843699932098389,7.839260101318359,7.843470096588135,7.843470096588135,0
"USDHKD","HKD=X",2026-08-23,"HKD",7.8394999504089355,7.839700222015381,7.835879802703857,7.839200019836426,7.839200019836426,0
"USDHKD","HKD=X",2026-08-24,"HKD",7.836400032043457,7.839799880981445,7.835299968719482,7.836009979248047,7.836009979248047,0
"USDHKD","HKD=X",2026-08-25,"HKD",7.837940216064453,7.841410160064697,7.837940216064453,7.838039875030518,7.838039875030518,0
"USDHKD","HKD=X",2026-08-26,"HKD",7.839000225067139,7.8404998779296875,7.837460041046143,7.838799953460693,7.838799953460693,0
"USDHKD","HKD=X",2026-08-27,"HKD",7.8387298583984375,7.8406500816345215,7.838500022888184,7.83853006362915,7.83853006362915,0
"USDHKD","HKD=X",2026-08-30,"HKD",7.8403000831604,7.840700149536133,7.837210178375244,7.839749813079834,7.839749813079834,0
"USDHKD","HKD=X",2026-08-31,"HKD",7.838900089263916,7.84119987487793,7.838099956512451,7.838900089263916,7.838900089263916,0
"USDHKD","HKD=X",2026-09-01,"HKD",7.840660095214844,7.843200206756592,7.840519905090332,7.8406901359558105,7.8406901359558105,0
"USDHKD","HKD=X",2026-09-02,"HKD",7.841599941253662,7.842599868774414,7.839449882507324,7.841599941253662,7.841599941253662,0
"USDHKD","HKD=X",2026-09-03,"HKD",7.839869976043701,7.84119987487793,7.839099884033203,7.840000152587891,7.840000152587891,0
"USDHKD","HKD=X",2026-09-06,"HKD",7.840410232543945,7.841000080108643,7.838200092315674,7.84060001373291,7.84060001373291,0
"USDHKD","HKD=X",2026-09-07,"HKD",7.839799880981445,7.8420000076293945,7.838600158691406,7.839900016784668,7.839900016784668,0
"USDHKD","HKD=X",2026-09-08,"HKD",7.841400146484375,7.8429999351501465,7.840199947357178,7.841400146484375,7.841400146484375,0
"USDHKD","HKD=X",2026-09-09,"HKD",7.841969966888428,7.842199802398682,7.8403000831604,7.842199802398682,7.842199802398682,0
"USDHKD","HKD=X",2026-09-10,"HKD",7.841209888458252,7.843100070953369,7.841030120849609,7.841189861297607,7.841189861297607,0
"USDHKD","HKD=X",2026-09-13,"HKD",7.842259883880615,7.843870162963867,7.841879844665527,7.842010021209717,7.842010021209717,0
"USDHKD","HKD=X",2026-09-14,"HKD",7.84296989440918,7.844799995422363,7.842939853668213,7.843100070953369,7.843100070953369,0
"USDHKD","HKD=X",2026-09-15,"HKD",7.8442702293396,7.84499979019165,7.843820095062256,7.8445000648498535,7.8445000648498535,0
"USDHKD","HKD=X",2026-09-16,"HKD",7.844130039215088,7.846199989318848,7.8438801765441895,7.844079971313477,7.844079971313477,0
"USDHKD","HKD=X",2026-09-17,"HKD",7.845930099487305,7.846499919891357,7.844319820404053,7.845900058746338,7.845900058746338,0
"USDHKD","HKD=X",2026-09-20,"HKD",7.844900131225586,7.8460001945495605,7.844419956207275,7.844729900360107,7.844729900360107,0
"USDHKD","HKD=X",2026-09-21,"HKD",7.844989776611328,7.8463897705078125,7.8425798416137695,7.844840049743652,7.844840049743652,0
"USDHKD","HKD=X",2026-09-22,"HKD",7.843019962310791,7.844099998474121,7.842470169067383,7.842599868774414,7.842599868774414,0
"USDHKD","HKD=X",2026-09-23,"HKD",7.8425798416137695,7.843800067901611,7.841869831085205,7.842480182647705,7.842480182647705,0
"USDHKD","HKD=X",2026-09-24,"HKD",7.84250020980835,7.844399929046631,7.842249870300293,7.842700004577637,7.842700004577637,0
"USDHKD","HKD=X",2026-09-27,"HKD",7.843830108642578,7.845200061798096,7.84296989440918,7.844099998474121,7.844099998474121,0
"USDHKD","HKD=X",2026-09-28,"HKD",7.844789981842041,7.846799850463867,7.8442702293396,7.844669818878174,7.844669818878174,0
"USDHKD","HKD=X",2026-09-29,"HKD",7.846159934997559,7.8470001220703125,7.843900203704834,7.846099853515625,7.846099853515625,0
"USDHKD","HKD=X",2026-09-30,"HKD",7.846199989318848,7.847499847412109,7.845459938049316,7.846199989318848,7.846199989318848,0
"USDHKD","HKD=X",2026-10-01,"HKD",7.846250057220459,7.847499847412109,7.845200061798096,7.846399784088135,7.846399784088135,0
"USDHKD","HKD=X",2026-10-05,"HKD",7.84630012512207,7.847300052642822,7.845600128173828,7.846980094909668,7.846980094909668,0
"UST10Y","^TNX",2022-01-03,"USD",1.534000039100647,1.6349999904632568,1.5329999923706055,1.628000020980835,1.628000020980835,0
"UST10Y","^TNX",2022-01-04,"USD",1.6629999876022339,1.6859999895095825,1.6540000438690186,1.6679999828338623,1.6679999828338623,0
"UST10Y","^TNX",2022-01-05,"USD",1.659999966621399,1.7100000381469727,1.6469999551773071,1.7050000429153442,1.7050000429153442,0
"UST10Y","^TNX",2022-01-06,"USD",1.7330000400543213,1.74399995803833,1.7209999561309814,1.7330000400543213,1.7330000400543213,0
"UST10Y","^TNX",2022-01-07,"USD",1.7389999628067017,1.8009999990463257,1.7269999980926514,1.7710000276565552,1.7710000276565552,0
"UST10Y","^TNX",2022-01-10,"USD",1.774999976158142,1.8079999685287476,1.7669999599456787,1.7799999713897705,1.7799999713897705,0
"UST10Y","^TNX",2022-01-11,"USD",1.7599999904632568,1.784999966621399,1.7450000047683716,1.746000051498413,1.746000051498413,0
"UST10Y","^TNX",2022-01-12,"USD",1.7319999933242798,1.746000051498413,1.7109999656677246,1.725000023841858,1.725000023841858,0
"UST10Y","^TNX",2022-01-13,"USD",1.7380000352859497,1.746000051498413,1.7079999446868896,1.7109999656677246,1.7109999656677246,0
"UST10Y","^TNX",2022-01-14,"USD",1.7259999513626099,1.774999976158142,1.7059999704360962,1.7719999551773071,1.7719999551773071,0
"UST10Y","^TNX",2022-01-18,"USD",1.8270000219345093,1.8660000562667847,1.812999963760376,1.8650000095367432,1.8650000095367432,0
"UST10Y","^TNX",2022-01-19,"USD",1.8580000400543213,1.8739999532699585,1.8220000267028809,1.8270000219345093,1.8270000219345093,0
"UST10Y","^TNX",2022-01-20,"USD",1.8289999961853027,1.8450000286102295,1.8200000524520874,1.8329999446868896,1.8329999446868896,0
"UST10Y","^TNX",2022-01-21,"USD",1.7719999551773071,1.784999966621399,1.7330000400543213,1.746999979019165,1.746999979019165,0
"UST10Y","^TNX",2022-01-24,"USD",1.7319999933242798,1.7369999885559082,1.7070000171661377,1.7350000143051147,1.7350000143051147,0
"UST10Y","^TNX",2022-01-25,"USD",1.7740000486373901,1.7869999408721924,1.7300000190734863,1.7829999923706055,1.7829999923706055,0
"UST10Y","^TNX",2022-01-26,"USD",1.784999966621399,1.8569999933242798,1.7710000276565552,1.8480000495910645,1.8480000495910645,0
"UST10Y","^TNX",2022-01-27,"USD",1.8300000429153442,1.8420000076293945,1.781999945640564,1.8070000410079956,1.8070000410079956,0
"UST10Y","^TNX",2022-01-28,"USD",1.8339999914169312,1.8480000495910645,1.7769999504089355,1.781999945640564,1.781999945640564,0
"UST10Y","^TNX",2022-01-31,"USD",1.8029999732971191,1.815999984741211,1.7730000019073486,1.781999945640564,1.781999945640564,0
"UST10Y","^TNX",2022-02-01,"USD",1.75,1.8200000524520874,1.75,1.7999999523162842,1.7999999523162842,0
"UST10Y","^TNX",2022-02-02,"USD",1.7769999504089355,1.8109999895095825,1.7430000305175781,1.7660000324249268,1.7660000324249268,0
"UST10Y","^TNX",2022-02-03,"USD",1.7979999780654907,1.847000002861023,1.7970000505447388,1.8270000219345093,1.8270000219345093,0
"UST10Y","^TNX",2022-02-04,"USD",1.812999963760376,1.9359999895095825,1.809999942779541,1.9299999475479126,1.9299999475479126,0
"UST10Y","^TNX",2022-02-07,"USD",1.9210000038146973,1.9390000104904175,1.909999966621399,1.9160000085830688,1.9160000085830688,0
"UST10Y","^TNX",2022-02-08,"USD",1.9429999589920044,1.9709999561309814,1.9429999589920044,1.9539999961853027,1.9539999961853027,0
"UST10Y","^TNX",2022-02-09,"USD",1.9359999895095825,1.9470000267028809,1.909000039100647,1.9290000200271606,1.9290000200271606,0
"UST10Y","^TNX",2022-02-10,"USD",1.9290000200271606,2.049999952316284,1.9270000457763672,2.0309998989105225,2.0309998989105225,0
"UST10Y","^TNX",2022-02-11,"USD",2.006999969482422,2.062999963760376,1.934000015258789,1.9550000429153442,1.9550000429153442,0
"UST10Y","^TNX",2022-02-14,"USD",1.9630000591278076,2.0260000228881836,1.9550000429153442,1.996000051498413,1.996000051498413,0
"UST10Y","^TNX",2022-02-15,"USD",2.0329999923706055,2.055999994277954,2.0239999294281006,2.0450000762939453,2.0450000762939453,0
"UST10Y","^TNX",2022-02-16,"USD",2.0350000858306885,2.065000057220459,2.006999969482422,2.046999931335449,2.046999931335449,0
"UST10Y","^TNX",2022-02-17,"USD",2.002000093460083,2.0139999389648438,1.9529999494552612,1.972000002861023,1.972000002861023,0
"UST10Y","^TNX",2022-02-18,"USD",1.9600000381469727,1.9600000381469727,1.9179999828338623,1.9320000410079956,1.9320000410079956,0
"UST10Y","^TNX",2022-02-22,"USD",1.944000005722046,1.9600000381469727,1.9199999570846558,1.9479999542236328,1.9479999542236328,0
"UST10Y","^TNX",2022-02-23,"USD",1.9809999465942383,2,1.9550000429153442,1.9769999980926514,1.9769999980926514,0
"UST10Y","^TNX",2022-02-24,"USD",1.8819999694824219,1.968999981880188,1.8559999465942383,1.968999981880188,1.968999981880188,0
"UST10Y","^TNX",2022-02-25,"USD",1.9980000257492065,2.010999917984009,1.9630000591278076,1.9859999418258667,1.9859999418258667,0
"UST10Y","^TNX",2022-02-28,"USD",1.9170000553131104,1.9199999570846558,1.8389999866485596,1.8389999866485596,1.8389999866485596,0
"UST10Y","^TNX",2022-03-01,"USD",1.7339999675750732,1.7940000295639038,1.6820000410079956,1.7070000171661377,1.7070000171661377,0
"UST10Y","^TNX",2022-03-02,"USD",1.7769999504089355,1.8680000305175781,1.7599999904632568,1.8650000095367432,1.8650000095367432,0
"UST10Y","^TNX",2022-03-03,"USD",1.847000002861023,1.8969999551773071,1.8300000429153442,1.843999981880188,1.843999981880188,0
"UST10Y","^TNX",2022-03-04,"USD",1.7940000295639038,1.815999984741211,1.7000000476837158,1.7239999771118164,1.7239999771118164,0
"UST10Y","^TNX",2022-03-07,"USD",1.7730000019073486,1.805999994277954,1.718999981880188,1.7510000467300415,1.7510000467300415,0
"UST10Y","^TNX",2022-03-08,"USD",1.8509999513626099,1.8769999742507935,1.8350000381469727,1.871999979019165,1.871999979019165,0
"UST10Y","^TNX",2022-03-09,"USD",1.9110000133514404,1.9500000476837158,1.8919999599456787,1.9479999542236328,1.9479999542236328,0
"UST10Y","^TNX",2022-03-10,"USD",1.9739999771118164,2.0209999084472656,1.9459999799728394,2.010999917984009,2.010999917984009,0
"UST10Y","^TNX",2022-03-11,"USD",2.010999917984009,2.0199999809265137,1.9759999513626099,2.003999948501587,2.003999948501587,0
"UST10Y","^TNX",2022-03-14,"USD",2.078000068664551,2.140000104904175,2.069000005722046,2.140000104904175,2.140000104904175,0
"UST10Y","^TNX",2022-03-15,"USD",2.11899995803833,2.1619999408721924,2.078000068664551,2.1600000858306885,2.1600000858306885,0
"UST10Y","^TNX",2022-03-16,"USD",2.1689999103546143,2.246000051498413,2.1489999294281006,2.187999963760376,2.187999963760376,0
"UST10Y","^TNX",2022-03-17,"USD",2.1419999599456787,2.194000005722046,2.134999990463257,2.191999912261963,2.191999912261963,0
"UST10Y","^TNX",2022-03-18,"USD",2.1510000228881836,2.177999973297119,2.13700008392334,2.1480000019073486,2.1480000019073486,0
"UST10Y","^TNX",2022-03-21,"USD",2.2070000171661377,2.315000057220459,2.2070000171661377,2.315000057220459,2.315000057220459,0
"UST10Y","^TNX",2022-03-22,"USD",2.3550000190734863,2.390000104904175,2.3329999446868896,2.372999906539917,2.372999906539917,0
"UST10Y","^TNX",2022-03-23,"USD",2.374000072479248,2.3949999809265137,2.2990000247955322,2.321000099182129,2.321000099182129,0
"UST10Y","^TNX",2022-03-24,"USD",2.368000030517578,2.385999917984009,2.3259999752044678,2.3410000801086426,2.3410000801086426,0
"UST10Y","^TNX",2022-03-25,"USD",2.3589999675750732,2.503000020980835,2.3540000915527344,2.492000102996826,2.492000102996826,0
"UST10Y","^TNX",2022-03-28,"USD",2.4639999866485596,2.4809999465942383,2.4140000343322754,2.4769999980926514,2.4769999980926514,0
"UST10Y","^TNX",2022-03-29,"USD",2.496000051498413,2.496000051498413,2.380000114440918,2.4000000953674316,2.4000000953674316,0
"UST10Y","^TNX",2022-03-30,"USD",2.4019999504089355,2.434999942779541,2.3450000286102295,2.3580000400543213,2.3580000400543213,0
"UST10Y","^TNX",2022-03-31,"USD",2.322000026702881,2.3510000705718994,2.311000108718872,2.3269999027252197,2.3269999027252197,0
"UST10Y","^TNX",2022-04-01,"USD",2.4040000438690186,2.4560000896453857,2.3570001125335693,2.377000093460083,2.377000093460083,0
"UST10Y","^TNX",2022-04-04,"USD",2.4040000438690186,2.434000015258789,2.371000051498413,2.4119999408721924,2.4119999408721924,0
"UST10Y","^TNX",2022-04-05,"USD",2.4800000190734863,2.566999912261963,2.447000026702881,2.555999994277954,2.555999994277954,0
"UST10Y","^TNX",2022-04-06,"USD",2.628000020980835,2.6410000324249268,2.568000078201294,2.6089999675750732,2.6089999675750732,0
"UST10Y","^TNX",2022-04-07,"USD",2.630000114440918,2.6730000972747803,2.6089999675750732,2.6519999504089355,2.6519999504089355,0
"UST10Y","^TNX",2022-04-08,"USD",2.688999891281128,2.7279999256134033,2.6679999828338623,2.7130000591278076,2.7130000591278076,0
"UST10Y","^TNX",2022-04-11,"USD",2.7690000534057617,2.7920000553131104,2.7339999675750732,2.7799999713897705,2.7799999713897705,0
"UST10Y","^TNX",2022-04-12,"USD",2.760999917984009,2.7709999084472656,2.6740000247955322,2.7249999046325684,2.7249999046325684,0
"UST10Y","^TNX",2022-04-13,"USD",2.746000051498413,2.760999917984009,2.6459999084472656,2.687000036239624,2.687000036239624,0
"UST10Y","^TNX",2022-04-14,"USD",2.6670000553131104,2.8350000381469727,2.6670000553131104,2.828000068664551,2.828000068664551,0
"UST10Y","^TNX",2022-04-18,"USD",2.861999988555908,2.868000030517578,2.809999942779541,2.861999988555908,2.861999988555908,0
"UST10Y","^TNX",2022-04-19,"USD",2.880000114440918,2.930000066757202,2.880000114440918,2.9130001068115234,2.9130001068115234,0
"UST10Y","^TNX",2022-04-20,"USD",2.880000114440918,2.9030001163482666,2.819000005722046,2.8399999141693115,2.8399999141693115,0
"UST10Y","^TNX",2022-04-21,"USD",2.8540000915527344,2.9539999961853027,2.8459999561309814,2.9170000553131104,2.9170000553131104,0
"UST10Y","^TNX",2022-04-22,"USD",2.934000015258789,2.937999963760376,2.864000082015991,2.9059998989105225,2.9059998989105225,0
"UST10Y","^TNX",2022-04-25,"USD",2.8369998931884766,2.8429999351501465,2.759999990463257,2.8259999752044678,2.8259999752044678,0
"UST10Y","^TNX",2022-04-26,"USD",2.760999917984009,2.7820000648498535,2.7239999771118164,2.7720000743865967,2.7720000743865967,0
"UST10Y","^TNX",2022-04-27,"USD",2.753000020980835,2.819999933242798,2.7300000190734863,2.818000078201294,2.818000078201294,0
"UST10Y","^TNX",2022-04-28,"USD",2.867000102996826,2.888000011444092,2.8359999656677246,2.86299991607666,2.86299991607666,0
"UST10Y","^TNX",2022-04-29,"USD",2.8540000915527344,2.934000015258789,2.8540000915527344,2.88700008392334,2.88700008392334,0
"UST10Y","^TNX",2022-05-02,"USD",2.921999931335449,3.002000093460083,2.9070000648498535,2.996000051498413,2.996000051498413,0
"UST10Y","^TNX",2022-05-03,"USD",2.9579999446868896,2.9690001010894775,2.9130001068115234,2.9600000381469727,2.9600000381469727,0
"UST10Y","^TNX",2022-05-04,"USD",2.9619998931884766,3.010999917984009,2.9110000133514404,2.9170000553131104,2.9170000553131104,0
"UST10Y","^TNX",2022-05-05,"USD",2.934999942779541,3.1080000400543213,2.927000045776367,3.065999984741211,3.065999984741211,0
"UST10Y","^TNX",2022-05-06,"USD",3.0789999961853027,3.13100004196167,3.0429999828338623,3.122999906539917,3.122999906539917,0
"UST10Y","^TNX",2022-05-09,"USD",3.1630001068115234,3.1670000553131104,3.069000005722046,3.0789999961853027,3.0789999961853027,0
"UST10Y","^TNX",2022-05-10,"USD",2.990999937057495,3.005000114440918,2.941999912261963,2.993000030517578,2.993000030517578,0
"UST10Y","^TNX",2022-05-11,"USD",2.9539999961853027,3.0759999752044678,2.9070000648498535,2.9210000038146973,2.9210000038146973,0
"UST10Y","^TNX",2022-05-12,"USD",2.8410000801086426,2.880000114440918,2.816999912261963,2.816999912261963,2.816999912261963,0
"UST10Y","^TNX",2022-05-13,"USD",2.9110000133514404,2.941999912261963,2.888000011444092,2.934999942779541,2.934999942779541,0
"UST10Y","^TNX",2022-05-16,"USD",2.928999900817871,2.933000087738037,2.8529999256134033,2.877000093460083,2.877000093460083,0
"UST10Y","^TNX",2022-05-17,"USD",2.9089999198913574,2.9839999675750732,2.9089999198913574,2.9679999351501465,2.9679999351501465,0
"UST10Y","^TNX",2022-05-18,"USD",2.994999885559082,3.0139999389648438,2.878999948501587,2.885999917984009,2.885999917984009,0
"UST10Y","^TNX",2022-05-19,"USD",2.8259999752044678,2.8589999675750732,2.7720000743865967,2.8550000190734863,2.8550000190734863,0
"UST10Y","^TNX",2022-05-20,"USD",2.8510000705718994,2.8610000610351562,2.7739999294281006,2.7869999408721924,2.7869999408721924,0
"UST10Y","^TNX",2022-05-23,"USD",2.8320000171661377,2.868000030517578,2.8010001182556152,2.8589999675750732,2.8589999675750732,0
"UST10Y","^TNX",2022-05-24,"USD",2.813999891281128,2.828000068664551,2.7179999351501465,2.759999990463257,2.759999990463257,0
"UST10Y","^TNX",2022-05-25,"USD",2.7360000610351562,2.7699999809265137,2.7079999446868896,2.749000072479248,2.749000072479248,0
"UST10Y","^TNX",2022-05-26,"USD",2.743000030517578,2.7950000762939453,2.7290000915527344,2.75600004196167,2.75600004196167,0
"UST10Y","^TNX",2022-05-27,"USD",2.7239999771118164,2.752000093460083,2.7090001106262207,2.743000030517578,2.743000030517578,0
"UST10Y","^TNX",2022-05-31,"USD",2.8299999237060547,2.877000093460083,2.828000068664551,2.8440001010894775,2.8440001010894775,0
"UST10Y","^TNX",2022-06-01,"USD",2.871000051498413,2.9519999027252197,2.8329999446868896,2.930999994277954,2.930999994277954,0
"UST10Y","^TNX",2022-06-02,"USD",2.9100000858306885,2.941999912261963,2.8889999389648438,2.9130001068115234,2.9130001068115234,0
"UST10Y","^TNX",2022-06-03,"USD",2.9200000762939453,2.9860000610351562,2.9189999103546143,2.9570000171661377,2.9570000171661377,0
"UST10Y","^TNX",2022-06-06,"USD",2.9700000286102295,3.0399999618530273,2.9609999656677246,3.0380001068115234,3.0380001068115234,0
"UST10Y","^TNX",2022-06-07,"USD",3.0290000438690186,3.0290000438690186,2.9570000171661377,2.9719998836517334,2.9719998836517334,0
"UST10Y","^TNX",2022-06-08,"USD",3.009000062942505,3.0399999618530273,2.98799991607666,3.0290000438690186,3.0290000438690186,0
"UST10Y","^TNX",2022-06-09,"USD",3.052999973297119,3.072999954223633,3.0199999809265137,3.0439999103546143,3.0439999103546143,0
"UST10Y","^TNX",2022-06-10,"USD",3.0399999618530273,3.177999973297119,2.99399995803833,3.1559998989105225,3.1559998989105225,0
"UST10Y","^TNX",2022-06-13,"USD",3.2820000648498535,3.365999937057495,3.246000051498413,3.365999937057495,3.365999937057495,0
"UST10Y","^TNX",2022-06-14,"USD",3.3489999771118164,3.4830000400543213,3.302999973297119,3.4830000400543213,3.4830000400543213,0
"UST10Y","^TNX",2022-06-15,"USD",3.382999897003174,3.447999954223633,3.3540000915527344,3.3949999809265137,3.3949999809265137,0
"UST10Y","^TNX",2022-06-16,"USD",3.438999891281128,3.450000047683716,3.306999921798706,3.306999921798706,3.306999921798706,0
"UST10Y","^TNX",2022-06-17,"USD",3.2119998931884766,3.312999963760376,3.197000026702881,3.239000082015991,3.239000082015991,0
"UST10Y","^TNX",2022-06-21,"USD",3.2829999923706055,3.316999912261963,3.257999897003174,3.306999921798706,3.306999921798706,0
"UST10Y","^TNX",2022-06-22,"USD",3.2009999752044678,3.2049999237060547,3.125999927520752,3.1559998989105225,3.1559998989105225,0
"UST10Y","^TNX",2022-06-23,"USD",3.117000102996826,3.124000072479248,3.005000114440918,3.068000078201294,3.068000078201294,0
"UST10Y","^TNX",2022-06-24,"USD",3.117000102996826,3.1410000324249268,3.056999921798706,3.125,3.125,0
"UST10Y","^TNX",2022-06-27,"USD",3.183000087738037,3.2190001010894775,3.1530001163482666,3.194000005722046,3.194000005722046,0
"UST10Y","^TNX",2022-06-28,"USD",3.240000009536743,3.253000020980835,3.184999942779541,3.2060000896453857,3.2060000896453857,0
"UST10Y","^TNX",2022-06-29,"USD",3.1489999294281006,3.187000036239624,3.0929999351501465,3.0929999351501465,3.0929999351501465,0
"UST10Y","^TNX",2022-06-30,"USD",3.0350000858306885,3.0409998893737793,2.9719998836517334,2.9719998836517334,2.9719998836517334,0
"UST10Y","^TNX",2022-07-01,"USD",2.931999921798706,2.931999921798706,2.7909998893737793,2.8889999389648438,2.8889999389648438,0
"UST10Y","^TNX",2022-07-05,"USD",2.871000051498413,2.871000051498413,2.7799999713897705,2.809000015258789,2.809000015258789,0
"UST10Y","^TNX",2022-07-06,"USD",2.7839999198913574,2.9240000247955322,2.746000051498413,2.9130001068115234,2.9130001068115234,0
"UST10Y","^TNX",2022-07-07,"USD",2.937000036239624,3.0169999599456787,2.927999973297119,3.007999897003174,3.007999897003174,0
"UST10Y","^TNX",2022-07-08,"USD",2.9839999675750732,3.1010000705718994,2.9760000705718994,3.1010000705718994,3.1010000705718994,0
"UST10Y","^TNX",2022-07-11,"USD",3.0490000247955322,3.0490000247955322,2.9690001010894775,2.990999937057495,2.990999937057495,0
"UST10Y","^TNX",2022-07-12,"USD",2.9230000972747803,2.9709999561309814,2.8989999294281006,2.9579999446868896,2.9579999446868896,0
"UST10Y","^TNX",2022-07-13,"USD",2.9560000896453857,3.071000099182129,2.9000000953674316,2.9040000438690186,2.9040000438690186,0
"UST10Y","^TNX",2022-07-14,"USD",2.943000078201294,3.0280001163482666,2.943000078201294,2.9600000381469727,2.9600000381469727,0
"UST10Y","^TNX",2022-07-15,"USD",2.937000036239624,2.9709999561309814,2.9010000228881836,2.930000066757202,2.930000066757202,0
"UST10Y","^TNX",2022-07-18,"USD",2.9600000381469727,3.0190000534057617,2.9560000896453857,2.9600000381469727,2.9600000381469727,0
"UST10Y","^TNX",2022-07-19,"USD",2.9860000610351562,3.0380001068115234,2.9709999561309814,3.0190000534057617,3.0190000534057617,0
"UST10Y","^TNX",2022-07-20,"USD",2.9730000495910645,3.0420000553131104,2.943000078201294,3.0360000133514404,3.0360000133514404,0
"UST10Y","^TNX",2022-07-21,"USD",3.0769999027252197,3.0810000896453857,2.9100000858306885,2.9100000858306885,2.9100000858306885,0
"UST10Y","^TNX",2022-07-22,"USD",2.809000015258789,2.822999954223633,2.7320001125335693,2.7829999923706055,2.7829999923706055,0
"UST10Y","^TNX",2022-07-25,"USD",2.813999891281128,2.8450000286102295,2.8010001182556152,2.819999933242798,2.819999933242798,0
"UST10Y","^TNX",2022-07-26,"USD",2.7360000610351562,2.7960000038146973,2.7070000171661377,2.7869999408721924,2.7869999408721924,0
"UST10Y","^TNX",2022-07-27,"USD",2.7829999923706055,2.802999973297119,2.7230000495910645,2.7339999675750732,2.7339999675750732,0
"UST10Y","^TNX",2022-07-28,"USD",2.7690000534057617,2.7899999618530273,2.6489999294281006,2.680999994277954,2.680999994277954,0
"UST10Y","^TNX",2022-07-29,"USD",2.7070000171661377,2.7279999256134033,2.618000030517578,2.6419999599456787,2.6419999599456787,0
"UST10Y","^TNX",2022-08-01,"USD",2.6579999923706055,2.696000099182129,2.5840001106262207,2.6059999465942383,2.6059999465942383,0
"UST10Y","^TNX",2022-08-02,"USD",2.556999921798706,2.753999948501587,2.5250000953674316,2.740999937057495,2.740999937057495,0
"UST10Y","^TNX",2022-08-03,"USD",2.7829999923706055,2.8489999771118164,2.746000051498413,2.747999906539917,2.747999906539917,0
"UST10Y","^TNX",2022-08-04,"USD",2.683000087738037,2.7209999561309814,2.6559998989105225,2.6760001182556152,2.6760001182556152,0
"UST10Y","^TNX",2022-08-05,"USD",2.697000026702881,2.86899995803833,2.687999963760376,2.8399999141693115,2.8399999141693115,0
"UST10Y","^TNX",2022-08-08,"USD",2.7920000553131104,2.806999921798706,2.760999917984009,2.765000104904175,2.765000104904175,0
"UST10Y","^TNX",2022-08-09,"USD",2.812000036239624,2.813999891281128,2.7739999294281006,2.796999931335449,2.796999931335449,0
"UST10Y","^TNX",2022-08-10,"USD",2.812000036239624,2.818000078201294,2.6740000247955322,2.7860000133514404,2.7860000133514404,0
"UST10Y","^TNX",2022-08-11,"USD",2.739000082015991,2.9019999504089355,2.7300000190734863,2.888000011444092,2.888000011444092,0
"UST10Y","^TNX",2022-08-12,"USD",2.8480000495910645,2.878999948501587,2.8369998931884766,2.8489999771118164,2.8489999771118164,0
"UST10Y","^TNX",2022-08-15,"USD",2.803999900817871,2.803999900817871,2.759000062942505,2.7909998893737793,2.7909998893737793,0
"UST10Y","^TNX",2022-08-16,"USD",2.805999994277954,2.871000051498413,2.803999900817871,2.8239998817443848,2.8239998817443848,0
"UST10Y","^TNX",2022-08-17,"USD",2.8949999809265137,2.9189999103546143,2.859999895095825,2.8929998874664307,2.8929998874664307,0
"UST10Y","^TNX",2022-08-18,"USD",2.865999937057495,2.8910000324249268,2.8350000381469727,2.880000114440918,2.880000114440918,0
"UST10Y","^TNX",2022-08-19,"USD",2.9609999656677246,2.997999906539917,2.9519999027252197,2.989000082015991,2.989000082015991,0
"UST10Y","^TNX",2022-08-22,"USD",2.9809999465942383,3.0409998893737793,2.9649999141693115,3.0369999408721924,3.0369999408721924,0
"UST10Y","^TNX",2022-08-23,"USD",3.0329999923706055,3.078000068664551,2.9830000400543213,3.053999900817871,3.053999900817871,0
"UST10Y","^TNX",2022-08-24,"USD",3.0480000972747803,3.125999927520752,3.0480000972747803,3.1059999465942383,3.1059999465942383,0
"UST10Y","^TNX",2022-08-25,"USD",3.1080000400543213,3.128000020980835,3.0199999809265137,3.0260000228881836,3.0260000228881836,0
"UST10Y","^TNX",2022-08-26,"USD",3.071000099182129,3.0869998931884766,3.007999897003174,3.0350000858306885,3.0350000858306885,0
"UST10Y","^TNX",2022-08-29,"USD",3.0989999771118164,3.125,3.0859999656677246,3.109999895095825,3.109999895095825,0
"UST10Y","^TNX",2022-08-30,"USD",3.072999954223633,3.1510000228881836,3.066999912261963,3.109999895095825,3.109999895095825,0
"UST10Y","^TNX",2022-08-31,"USD",3.127000093460083,3.1440000534057617,3.1029999256134033,3.132999897003174,3.132999897003174,0
"UST10Y","^TNX",2022-09-01,"USD",3.2170000076293945,3.2950000762939453,3.2170000076293945,3.265000104904175,3.265000104904175,0
"UST10Y","^TNX",2022-09-02,"USD",3.257999897003174,3.2880001068115234,3.1760001182556152,3.193000078201294,3.193000078201294,0
"UST10Y","^TNX",2022-09-06,"USD",3.25,3.3529999256134033,3.24399995803833,3.3399999141693115,3.3399999141693115,0
"UST10Y","^TNX",2022-09-07,"USD",3.322999954223633,3.3320000171661377,3.25,3.265000104904175,3.265000104904175,0
"UST10Y","^TNX",2022-09-08,"USD",3.2309999465942383,3.303999900817871,3.2090001106262207,3.2920000553131104,3.2920000553131104,0
"UST10Y","^TNX",2022-09-09,"USD",3.2730000019073486,3.325000047683716,3.250999927520752,3.321000099182129,3.321000099182129,0
"UST10Y","^TNX",2022-09-12,"USD",3.2679998874664307,3.365000009536743,3.26200008392334,3.361999988555908,3.361999988555908,0
"UST10Y","^TNX",2022-09-13,"USD",3.302000045776367,3.4579999446868896,3.2929999828338623,3.421999931335449,3.421999931335449,0
"UST10Y","^TNX",2022-09-14,"USD",3.4600000381469727,3.4760000705718994,3.382999897003174,3.4119999408721924,3.4119999408721924,0
"UST10Y","^TNX",2022-09-15,"USD",3.4649999141693115,3.4679999351501465,3.4100000858306885,3.4590001106262207,3.4590001106262207,0
"UST10Y","^TNX",2022-09-16,"USD",3.453000068664551,3.490000009536743,3.4149999618530273,3.447999954223633,3.447999954223633,0
"UST10Y","^TNX",2022-09-19,"USD",3.509999990463257,3.509999990463257,3.4630000591278076,3.490000009536743,3.490000009536743,0
"UST10Y","^TNX",2022-09-20,"USD",3.552999973297119,3.6019999980926514,3.5339999198913574,3.571000099182129,3.571000099182129,0
"UST10Y","^TNX",2022-09-21,"USD",3.5299999713897705,3.619999885559082,3.503000020980835,3.509999990463257,3.509999990463257,0
"UST10Y","^TNX",2022-09-22,"USD",3.5480000972747803,3.7160000801086426,3.5460000038146973,3.7079999446868896,3.7079999446868896,0
"UST10Y","^TNX",2022-09-23,"USD",3.7690000534057617,3.7730000019073486,3.6589999198913574,3.697000026702881,3.697000026702881,0
"UST10Y","^TNX",2022-09-26,"USD",3.7829999923706055,3.9040000438690186,3.734999895095825,3.878000020980835,3.878000020980835,0
"UST10Y","^TNX",2022-09-27,"USD",3.809000015258789,3.992000102996826,3.809000015258789,3.9639999866485596,3.9639999866485596,0
"UST10Y","^TNX",2022-09-28,"USD",3.9110000133514404,3.9130001068115234,3.703000068664551,3.7049999237060547,3.7049999237060547,0
"UST10Y","^TNX",2022-09-29,"USD",3.818000078201294,3.8259999752044678,3.7209999561309814,3.746999979019165,3.746999979019165,0
"UST10Y","^TNX",2022-09-30,"USD",3.7139999866485596,3.803999900817871,3.686000108718872,3.803999900817871,3.803999900817871,0
"UST10Y","^TNX",2022-10-03,"USD",3.7119998931884766,3.7119998931884766,3.568000078201294,3.6510000228881836,3.6510000228881836,0
"UST10Y","^TNX",2022-10-04,"USD",3.5929999351501465,3.6589999198913574,3.563999891281128,3.617000102996826,3.617000102996826,0
"UST10Y","^TNX",2022-10-05,"USD",3.703000068664551,3.7890000343322754,3.697000026702881,3.759000062942505,3.759000062942505,0
"UST10Y","^TNX",2022-10-06,"USD",3.763000011444092,3.8440001010894775,3.740999937057495,3.8259999752044678,3.8259999752044678,0
"UST10Y","^TNX",2022-10-07,"USD",3.8329999446868896,3.9100000858306885,3.8329999446868896,3.882999897003174,3.882999897003174,0
"UST10Y","^TNX",2022-10-10,"USD",3.888000011444092,3.888000011444092,3.888000011444092,3.888000011444092,3.888000011444092,0
"UST10Y","^TNX",2022-10-11,"USD",3.9000000953674316,3.9700000286102295,3.869999885559082,3.938999891281128,3.938999891281128,0
"UST10Y","^TNX",2022-10-12,"USD",3.953000068664551,3.9779999256134033,3.884000062942505,3.9019999504089355,3.9019999504089355,0
"UST10Y","^TNX",2022-10-13,"USD",3.859999895095825,4.079999923706055,3.8440001010894775,3.9519999027252197,3.9519999027252197,0
"UST10Y","^TNX",2022-10-14,"USD",3.88700008392334,4.031000137329102,3.8510000705718994,4.010000228881836,4.010000228881836,0
"UST10Y","^TNX",2022-10-17,"USD",3.938999891281128,4.014999866485596,3.9100000858306885,4.014999866485596,4.014999866485596,0
"UST10Y","^TNX",2022-10-18,"USD",3.9839999675750732,4.066999912261963,3.9649999141693115,3.997999906539917,3.997999906539917,0
"UST10Y","^TNX",2022-10-19,"USD",4.093999862670898,4.136000156402588,4.066999912261963,4.126999855041504,4.126999855041504,0
"UST10Y","^TNX",2022-10-20,"USD",4.123000144958496,4.228000164031982,4.10099983215332,4.22599983215332,4.22599983215332,0
"UST10Y","^TNX",2022-10-21,"USD",4.330999851226807,4.333000183105469,4.199999809265137,4.2129998207092285,4.2129998207092285,0
"UST10Y","^TNX",2022-10-24,"USD",4.191999912261963,4.290999889373779,4.171000003814697,4.234000205993652,4.234000205993652,0
"UST10Y","^TNX",2022-10-25,"USD",4.163000106811523,4.171000003814697,4.052000045776367,4.107999801635742,4.107999801635742,0
"UST10Y","^TNX",2022-10-26,"USD",4.059000015258789,4.081999778747559,3.996999979019165,4.014999866485596,4.014999866485596,0
"UST10Y","^TNX",2022-10-27,"USD",4.060999870300293,4.066999912261963,3.9110000133514404,3.937000036239624,3.937000036239624,0
"UST10Y","^TNX",2022-10-28,"USD",3.99399995803833,4.047999858856201,3.950000047683716,4.010000228881836,4.010000228881836,0
"UST10Y","^TNX",2022-10-31,"USD",4.031000137329102,4.083000183105469,4.031000137329102,4.077000141143799,4.077000141143799,0
"UST10Y","^TNX",2022-11-01,"USD",3.937000036239624,4.078999996185303,3.9200000762939453,4.052000045776367,4.052000045776367,0
"UST10Y","^TNX",2022-11-02,"USD",4.044000148773193,4.078000068664551,3.9760000705718994,4.059000015258789,4.059000015258789,0
"UST10Y","^TNX",2022-11-03,"USD",4.183000087738037,4.2230000495910645,4.111000061035156,4.124000072479248,4.124000072479248,0
"UST10Y","^TNX",2022-11-04,"USD",4.164999961853027,4.209000110626221,4.104000091552734,4.156000137329102,4.156000137329102,0
"UST10Y","^TNX",2022-11-07,"USD",4.142000198364258,4.2179999351501465,4.142000198364258,4.214000225067139,4.214000225067139,0
"UST10Y","^TNX",2022-11-08,"USD",4.197000026702881,4.203000068664551,4.120999813079834,4.125999927520752,4.125999927520752,0
"UST10Y","^TNX",2022-11-09,"USD",4.151000022888184,4.173999786376953,4.0970001220703125,4.151000022888184,4.151000022888184,0
"UST10Y","^TNX",2022-11-10,"USD",4.074999809265137,4.090000152587891,3.8239998817443848,3.8289999961853027,3.8289999961853027,0
"UST10Y","^TNX",2022-11-11,"USD",3.812999963760376,3.812999963760376,3.812999963760376,3.812999963760376,3.812999963760376,0
"UST10Y","^TNX",2022-11-14,"USD",3.884000062942505,3.9010000228881836,3.8540000915527344,3.865000009536743,3.865000009536743,0
"UST10Y","^TNX",2022-11-15,"USD",3.815999984741211,3.8440001010894775,3.759999990463257,3.7990000247955322,3.7990000247955322,0
"UST10Y","^TNX",2022-11-16,"USD",3.7679998874664307,3.796999931335449,3.691999912261963,3.691999912261963,3.691999912261963,0
"UST10Y","^TNX",2022-11-17,"USD",3.76200008392334,3.802999973297119,3.743000030517578,3.7750000953674316,3.7750000953674316,0
"UST10Y","^TNX",2022-11-18,"USD",3.805000066757202,3.8269999027252197,3.76200008392334,3.818000078201294,3.818000078201294,0
"UST10Y","^TNX",2022-11-21,"USD",3.813999891281128,3.8359999656677246,3.76200008392334,3.825000047683716,3.825000047683716,0
"UST10Y","^TNX",2022-11-22,"USD",3.802999973297119,3.816999912261963,3.749000072479248,3.757999897003174,3.757999897003174,0
"UST10Y","^TNX",2022-11-23,"USD",3.7760000228881836,3.796999931335449,3.694999933242798,3.7060000896453857,3.7060000896453857,0
"UST10Y","^TNX",2022-11-25,"USD",3.7260000705718994,3.75600004196167,3.680999994277954,3.690999984741211,3.690999984741211,0
"UST10Y","^TNX",2022-11-28,"USD",3.683000087738037,3.7179999351501465,3.6679999828338623,3.703000068664551,3.703000068664551,0
"UST10Y","^TNX",2022-11-29,"USD",3.694000005722046,3.759000062942505,3.678999900817871,3.747999906539917,3.747999906539917,0
"UST10Y","^TNX",2022-11-30,"USD",3.7269999980926514,3.7980000972747803,3.690000057220459,3.703000068664551,3.703000068664551,0
"UST10Y","^TNX",2022-12-01,"USD",3.5940001010894775,3.63100004196167,3.5269999504089355,3.5290000438690186,3.5290000438690186,0
"UST10Y","^TNX",2022-12-02,"USD",3.5190000534057617,3.638000011444092,3.503999948501587,3.50600004196167,3.50600004196167,0
"UST10Y","^TNX",2022-12-05,"USD",3.5299999713897705,3.611999988555908,3.513000011444092,3.5989999771118164,3.5989999771118164,0
"UST10Y","^TNX",2022-12-06,"USD",3.561000108718872,3.5829999446868896,3.507999897003174,3.513000011444092,3.513000011444092,0
"UST10Y","^TNX",2022-12-07,"USD",3.552999973297119,3.552999973297119,3.4019999504089355,3.4079999923706055,3.4079999923706055,0
"UST10Y","^TNX",2022-12-08,"USD",3.4670000076293945,3.50600004196167,3.447999954223633,3.490999937057495,3.490999937057495,0
"UST10Y","^TNX",2022-12-09,"USD",3.4760000705718994,3.569000005722046,3.4630000591278076,3.566999912261963,3.566999912261963,0
"UST10Y","^TNX",2022-12-12,"USD",3.5429999828338623,3.630000114440918,3.5209999084472656,3.6110000610351562,3.6110000610351562,0
"UST10Y","^TNX",2022-12-13,"USD",3.5850000381469727,3.5910000801086426,3.4230000972747803,3.500999927520752,3.500999927520752,0
"UST10Y","^TNX",2022-12-14,"USD",3.507999897003174,3.559999942779541,3.4790000915527344,3.503000020980835,3.503000020980835,0
"UST10Y","^TNX",2022-12-15,"USD",3.505000114440918,3.5209999084472656,3.430000066757202,3.450000047683716,3.450000047683716,0
"UST10Y","^TNX",2022-12-16,"USD",3.50600004196167,3.556999921798706,3.4619998931884766,3.4820001125335693,3.4820001125335693,0
"UST10Y","^TNX",2022-12-19,"USD",3.559000015258789,3.6010000705718994,3.552000045776367,3.5810000896453857,3.5810000896453857,0
"UST10Y","^TNX",2022-12-20,"USD",3.6619999408721924,3.7009999752044678,3.6530001163482666,3.684000015258789,3.684000015258789,0
"UST10Y","^TNX",2022-12-21,"USD",3.6470000743865967,3.697000026702881,3.621000051498413,3.684000015258789,3.684000015258789,0
"UST10Y","^TNX",2022-12-22,"USD",3.6540000438690186,3.691999912261963,3.6470000743865967,3.6689999103546143,3.6689999103546143,0
"UST10Y","^TNX",2022-12-23,"USD",3.7009999752044678,3.753000020980835,3.694999933242798,3.750999927520752,3.750999927520752,0
"UST10Y","^TNX",2022-12-27,"USD",3.7869999408721924,3.861999988555908,3.7869999408721924,3.859999895095825,3.859999895095825,0
"UST10Y","^TNX",2022-12-28,"USD",3.818000078201294,3.890000104904175,3.815000057220459,3.88700008392334,3.88700008392334,0
"UST10Y","^TNX",2022-12-29,"USD",3.868000030517578,3.885999917984009,3.818000078201294,3.8350000381469727,3.8350000381469727,0
"UST10Y","^TNX",2022-12-30,"USD",3.86899995803833,3.9049999713897705,3.8310000896453857,3.878999948501587,3.878999948501587,0
"UST10Y","^TNX",2023-01-03,"USD",3.757999897003174,3.809999942779541,3.7239999771118164,3.7929999828338623,3.7929999828338623,0
"UST10Y","^TNX",2023-01-04,"USD",3.677000045776367,3.7279999256134033,3.6640000343322754,3.7090001106262207,3.7090001106262207,0
"UST10Y","^TNX",2023-01-05,"USD",3.7279999256134033,3.7839999198913574,3.697999954223633,3.7200000286102295,3.7200000286102295,0
"UST10Y","^TNX",2023-01-06,"USD",3.746000051498413,3.753999948501587,3.558000087738037,3.569000005722046,3.569000005722046,0
"UST10Y","^TNX",2023-01-09,"USD",3.5889999866485596,3.5910000801086426,3.507999897003174,3.5169999599456787,3.5169999599456787,0
"UST10Y","^TNX",2023-01-10,"USD",3.578000068664551,3.6389999389648438,3.566999912261963,3.621000051498413,3.621000051498413,0
"UST10Y","^TNX",2023-01-11,"USD",3.569000005722046,3.5950000286102295,3.552000045776367,3.553999900817871,3.553999900817871,0
"UST10Y","^TNX",2023-01-12,"USD",3.503999948501587,3.5910000801086426,3.430999994277954,3.4489998817443848,3.4489998817443848,0
"UST10Y","^TNX",2023-01-13,"USD",3.489000082015991,3.515000104904175,3.430000066757202,3.510999917984009,3.510999917984009,0
"UST10Y","^TNX",2023-01-17,"USD",3.575000047683716,3.5789999961853027,3.496000051498413,3.5350000858306885,3.5350000858306885,0
"UST10Y","^TNX",2023-01-18,"USD",3.4630000591278076,3.4670000076293945,3.375,3.375,3.375,0
"UST10Y","^TNX",2023-01-19,"USD",3.3970000743865967,3.427999973297119,3.372999906539917,3.3970000743865967,3.3970000743865967,0
"UST10Y","^TNX",2023-01-20,"USD",3.441999912261963,3.500999927520752,3.433000087738037,3.4839999675750732,3.4839999675750732,0
"UST10Y","^TNX",2023-01-23,"USD",3.503000020980835,3.546999931335449,3.493000030517578,3.5250000953674316,3.5250000953674316,0
"UST10Y","^TNX",2023-01-24,"USD",3.513000011444092,3.555999994277954,3.4579999446868896,3.4690001010894775,3.4690001010894775,0
"UST10Y","^TNX",2023-01-25,"USD",3.434000015258789,3.489000082015991,3.421999931335449,3.4619998931884766,3.4619998931884766,0
"UST10Y","^TNX",2023-01-26,"USD",3.490999937057495,3.5209999084472656,3.4519999027252197,3.493000030517578,3.493000030517578,0
"UST10Y","^TNX",2023-01-27,"USD",3.5439999103546143,3.552000045776367,3.5179998874664307,3.5179998874664307,3.5179998874664307,0
"UST10Y","^TNX",2023-01-30,"USD",3.552999973297119,3.5739998817443848,3.5220000743865967,3.5510001182556152,3.5510001182556152,0
"UST10Y","^TNX",2023-01-31,"USD",3.5309998989105225,3.552999973297119,3.48799991607666,3.5290000438690186,3.5290000438690186,0
"UST10Y","^TNX",2023-02-01,"USD",3.4749999046325684,3.509999990463257,3.38700008392334,3.3970000743865967,3.3970000743865967,0
"UST10Y","^TNX",2023-02-02,"USD",3.372999906539917,3.4070000648498535,3.3340001106262207,3.3959999084472656,3.3959999084472656,0
"UST10Y","^TNX",2023-02-03,"USD",3.390000104904175,3.555999994277954,3.38100004196167,3.5320000648498535,3.5320000648498535,0
"UST10Y","^TNX",2023-02-06,"USD",3.5989999771118164,3.6440000534057617,3.5989999771118164,3.634000062942505,3.634000062942505,0
"UST10Y","^TNX",2023-02-07,"USD",3.6449999809265137,3.680999994277954,3.5969998836517334,3.6740000247955322,3.6740000247955322,0
"UST10Y","^TNX",2023-02-08,"USD",3.6579999923706055,3.691999912261963,3.630000114440918,3.6530001163482666,3.6530001163482666,0
"UST10Y","^TNX",2023-02-09,"USD",3.5859999656677246,3.690000057220459,3.575000047683716,3.683000087738037,3.683000087738037,0
"UST10Y","^TNX",2023-02-10,"USD",3.686000108718872,3.746999979019165,3.6730000972747803,3.74399995803833,3.74399995803833,0
"UST10Y","^TNX",2023-02-13,"USD",3.746999979019165,3.755000114440918,3.7019999027252197,3.7170000076293945,3.7170000076293945,0
"UST10Y","^TNX",2023-02-14,"USD",3.687999963760376,3.7990000247955322,3.621999979019165,3.760999917984009,3.760999917984009,0
"UST10Y","^TNX",2023-02-15,"USD",3.749000072479248,3.822000026702881,3.749000072479248,3.809000015258789,3.809000015258789,0
"UST10Y","^TNX",2023-02-16,"USD",3.802999973297119,3.86899995803833,3.7929999828338623,3.8429999351501465,3.8429999351501465,0
"UST10Y","^TNX",2023-02-17,"USD",3.885999917984009,3.9000000953674316,3.8239998817443848,3.828000068664551,3.828000068664551,0
"UST10Y","^TNX",2023-02-21,"USD",3.8940000534057617,3.9619998931884766,3.88100004196167,3.9549999237060547,3.9549999237060547,0
"UST10Y","^TNX",2023-02-22,"USD",3.927000045776367,3.9509999752044678,3.890000104904175,3.9230000972747803,3.9230000972747803,0
"UST10Y","^TNX",2023-02-23,"USD",3.940999984741211,3.9779999256134033,3.86299991607666,3.878999948501587,3.878999948501587,0
"UST10Y","^TNX",2023-02-24,"USD",3.9159998893737793,3.9779999256134033,3.9079999923706055,3.9489998817443848,3.9489998817443848,0
"UST10Y","^TNX",2023-02-27,"USD",3.9670000076293945,3.9670000076293945,3.8970000743865967,3.921999931335449,3.921999931335449,0
"UST10Y","^TNX",2023-02-28,"USD",3.947000026702881,3.9830000400543213,3.9040000438690186,3.9159998893737793,3.9159998893737793,0
"UST10Y","^TNX",2023-03-01,"USD",3.940000057220459,4.00600004196167,3.934000015258789,3.99399995803833,3.99399995803833,0
"UST10Y","^TNX",2023-03-02,"USD",4.050000190734863,4.091000080108643,4.044000148773193,4.072999954223633,4.072999954223633,0
"UST10Y","^TNX",2023-03-03,"USD",4.013000011444092,4.026000022888184,3.9619998931884766,3.9639999866485596,3.9639999866485596,0
"UST10Y","^TNX",2023-03-06,"USD",3.9049999713897705,3.989000082015991,3.8970000743865967,3.9830000400543213,3.9830000400543213,0
"UST10Y","^TNX",2023-03-07,"USD",3.940000057220459,4.006999969482422,3.9210000038146973,3.9749999046325684,3.9749999046325684,0
"UST10Y","^TNX",2023-03-08,"USD",3.9600000381469727,3.994999885559082,3.9010000228881836,3.9760000705718994,3.9760000705718994,0
"UST10Y","^TNX",2023-03-09,"USD",4.011000156402588,4.017000198364258,3.8940000534057617,3.924999952316284,3.924999952316284,0
"UST10Y","^TNX",2023-03-10,"USD",3.812000036239624,3.8320000171661377,3.6740000247955322,3.694999933242798,3.694999933242798,0
"UST10Y","^TNX",2023-03-13,"USD",3.505000114440918,3.546999931335449,3.4189999103546143,3.515000104904175,3.515000104904175,0
"UST10Y","^TNX",2023-03-14,"USD",3.5899999141693115,3.684999942779541,3.555999994277954,3.638000011444092,3.638000011444092,0
"UST10Y","^TNX",2023-03-15,"USD",3.5260000228881836,3.5299999713897705,3.388000011444092,3.492000102996826,3.492000102996826,0
"UST10Y","^TNX",2023-03-16,"USD",3.430999994277954,3.5869998931884766,3.36899995803833,3.5850000381469727,3.5850000381469727,0
"UST10Y","^TNX",2023-03-17,"USD",3.496000051498413,3.496000051498413,3.381999969482422,3.3949999809265137,3.3949999809265137,0
"UST10Y","^TNX",2023-03-20,"USD",3.3949999809265137,3.506999969482422,3.3949999809265137,3.4809999465942383,3.4809999465942383,0
"UST10Y","^TNX",2023-03-21,"USD",3.572999954223633,3.61299991607666,3.5369999408721924,3.6059999465942383,3.6059999465942383,0
"UST10Y","^TNX",2023-03-22,"USD",3.638000011444092,3.6440000534057617,3.4600000381469727,3.5,3.5,0
"UST10Y","^TNX",2023-03-23,"USD",3.4830000400543213,3.5199999809265137,3.3929998874664307,3.4059998989105225,3.4059998989105225,0
"UST10Y","^TNX",2023-03-24,"USD",3.2980000972747803,3.3970000743865967,3.2950000762939453,3.380000114440918,3.380000114440918,0
"UST10Y","^TNX",2023-03-27,"USD",3.4700000286102295,3.5369999408721924,3.4679999351501465,3.5280001163482666,3.5280001163482666,0
"UST10Y","^TNX",2023-03-28,"USD",3.5450000762939453,3.575000047683716,3.5220000743865967,3.563999891281128,3.563999891281128,0
"UST10Y","^TNX",2023-03-29,"USD",3.5769999027252197,3.609999895095825,3.546999931335449,3.565999984741211,3.565999984741211,0
"UST10Y","^TNX",2023-03-30,"USD",3.563999891281128,3.5940001010894775,3.546999931335449,3.5510001182556152,3.5510001182556152,0
"UST10Y","^TNX",2023-03-31,"USD",3.555999994277954,3.559999942779541,3.492000102996826,3.49399995803833,3.49399995803833,0
"UST10Y","^TNX",2023-04-03,"USD",3.5169999599456787,3.5239999294281006,3.4000000953674316,3.430000066757202,3.430000066757202,0
"UST10Y","^TNX",2023-04-04,"USD",3.4730000495910645,3.484999895095825,3.3350000381469727,3.3369998931884766,3.3369998931884766,0
"UST10Y","^TNX",2023-04-05,"USD",3.309000015258789,3.3239998817443848,3.2660000324249268,3.2869999408721924,3.2869999408721924,0
"UST10Y","^TNX",2023-04-06,"USD",3.2679998874664307,3.305000066757202,3.253000020980835,3.2880001068115234,3.2880001068115234,0
"UST10Y","^TNX",2023-04-10,"USD",3.365999937057495,3.436000108718872,3.3510000705718994,3.4149999618530273,3.4149999618530273,0
"UST10Y","^TNX",2023-04-11,"USD",3.4089999198913574,3.4560000896453857,3.3910000324249268,3.434000015258789,3.434000015258789,0
"UST10Y","^TNX",2023-04-12,"USD",3.447000026702881,3.4600000381469727,3.3420000076293945,3.4210000038146973,3.4210000038146973,0
"UST10Y","^TNX",2023-04-13,"USD",3.427999973297119,3.4600000381469727,3.371999979019165,3.4519999027252197,3.4519999027252197,0
"UST10Y","^TNX",2023-04-14,"USD",3.4539999961853027,3.5360000133514404,3.443000078201294,3.5220000743865967,3.5220000743865967,0
"UST10Y","^TNX",2023-04-17,"USD",3.5490000247955322,3.6019999980926514,3.5380001068115234,3.5910000801086426,3.5910000801086426,0
"UST10Y","^TNX",2023-04-18,"USD",3.578000068664551,3.6019999980926514,3.5490000247955322,3.572000026702881,3.572000026702881,0
"UST10Y","^TNX",2023-04-19,"USD",3.634999990463257,3.6389999389648438,3.5999999046325684,3.6019999980926514,3.6019999980926514,0
"UST10Y","^TNX",2023-04-20,"USD",3.565999984741211,3.5789999961853027,3.5260000228881836,3.5450000762939453,3.5450000762939453,0
"UST10Y","^TNX",2023-04-21,"USD",3.5339999198913574,3.5799999237060547,3.502000093460083,3.569999933242798,3.569999933242798,0
"UST10Y","^TNX",2023-04-24,"USD",3.5450000762939453,3.5450000762939453,3.505000114440918,3.515000104904175,3.515000104904175,0
"UST10Y","^TNX",2023-04-25,"USD",3.444999933242798,3.447000026702881,3.378999948501587,3.3959999084472656,3.3959999084472656,0
"UST10Y","^TNX",2023-04-26,"USD",3.4110000133514404,3.4579999446868896,3.375,3.431999921798706,3.431999921798706,0
"UST10Y","^TNX",2023-04-27,"USD",3.4489998817443848,3.5320000648498535,3.447000026702881,3.5280001163482666,3.5280001163482666,0
"UST10Y","^TNX",2023-04-28,"USD",3.4790000915527344,3.49399995803833,3.434999942779541,3.4519999027252197,3.4519999027252197,0
"UST10Y","^TNX",2023-05-01,"USD",3.500999927520752,3.5759999752044678,3.4619998931884766,3.5739998817443848,3.5739998817443848,0
"UST10Y","^TNX",2023-05-02,"USD",3.5320000648498535,3.559000015258789,3.4240000247955322,3.438999891281128,3.438999891281128,0
"UST10Y","^TNX",2023-05-03,"USD",3.4179999828338623,3.4240000247955322,3.367000102996826,3.4030001163482666,3.4030001163482666,0
"UST10Y","^TNX",2023-05-04,"USD",3.3450000286102295,3.4110000133514404,3.2960000038146973,3.3510000705718994,3.3510000705718994,0
"UST10Y","^TNX",2023-05-05,"USD",3.3970000743865967,3.4649999141693115,3.3970000743865967,3.446000099182129,3.446000099182129,0
"UST10Y","^TNX",2023-05-08,"USD",3.490000009536743,3.5209999084472656,3.48799991607666,3.5209999084472656,3.5209999084472656,0
"UST10Y","^TNX",2023-05-09,"USD",3.492000102996826,3.5320000648498535,3.48799991607666,3.5209999084472656,3.5209999084472656,0
"UST10Y","^TNX",2023-05-10,"USD",3.506999969482422,3.5209999084472656,3.430999994277954,3.438999891281128,3.438999891281128,0
"UST10Y","^TNX",2023-05-11,"USD",3.4049999713897705,3.4049999713897705,3.3450000286102295,3.3970000743865967,3.3970000743865967,0
"UST10Y","^TNX",2023-05-12,"USD",3.4119999408721924,3.4630000591278076,3.384000062942505,3.4630000591278076,3.4630000591278076,0
"UST10Y","^TNX",2023-05-15,"USD",3.502000093460083,3.510999917984009,3.4660000801086426,3.507999897003174,3.507999897003174,0
"UST10Y","^TNX",2023-05-16,"USD",3.486999988555908,3.5739998817443848,3.486999988555908,3.5490000247955322,3.5490000247955322,0
"UST10Y","^TNX",2023-05-17,"USD",3.515000104904175,3.5889999866485596,3.515000104904175,3.5810000896453857,3.5810000896453857,0
"UST10Y","^TNX",2023-05-18,"USD",3.5980000495910645,3.6510000228881836,3.5980000495910645,3.6480000019073486,3.6480000019073486,0
"UST10Y","^TNX",2023-05-19,"USD",3.6710000038146973,3.7209999561309814,3.640000104904175,3.691999912261963,3.691999912261963,0
"UST10Y","^TNX",2023-05-22,"USD",3.690000057220459,3.7279999256134033,3.6649999618530273,3.7190001010894775,3.7190001010894775,0
"UST10Y","^TNX",2023-05-23,"USD",3.74399995803833,3.760999917984009,3.687999963760376,3.697999954223633,3.697999954223633,0
"UST10Y","^TNX",2023-05-24,"USD",3.6730000972747803,3.742000102996826,3.6730000972747803,3.7190001010894775,3.7190001010894775,0
"UST10Y","^TNX",2023-05-25,"USD",3.752000093460083,3.813999891281128,3.7300000190734863,3.813999891281128,3.813999891281128,0
"UST10Y","^TNX",2023-05-26,"USD",3.7890000343322754,3.8589999675750732,3.7769999504089355,3.809999942779541,3.809999942779541,0
"UST10Y","^TNX",2023-05-30,"USD",3.7119998931884766,3.753999948501587,3.684999942779541,3.700000047683716,3.700000047683716,0
"UST10Y","^TNX",2023-05-31,"USD",3.6459999084472656,3.690999984741211,3.63100004196167,3.63700008392334,3.63700008392334,0
"UST10Y","^TNX",2023-06-01,"USD",3.6500000953674316,3.6579999923706055,3.569999933242798,3.6080000400543213,3.6080000400543213,0
"UST10Y","^TNX",2023-06-02,"USD",3.619999885559082,3.700000047683716,3.611999988555908,3.690999984741211,3.690999984741211,0
"UST10Y","^TNX",2023-06-05,"USD",3.753000020980835,3.757999897003174,3.6579999923706055,3.693000078201294,3.693000078201294,0
"UST10Y","^TNX",2023-06-06,"USD",3.680999994277954,3.7330000400543213,3.680999994277954,3.6989998817443848,3.6989998817443848,0
"UST10Y","^TNX",2023-06-07,"USD",3.6989998817443848,3.8010001182556152,3.694999933242798,3.7839999198913574,3.7839999198913574,0
"UST10Y","^TNX",2023-06-08,"USD",3.816999912261963,3.821000099182129,3.7139999866485596,3.7139999866485596,3.7139999866485596,0
"UST10Y","^TNX",2023-06-09,"USD",3.7669999599456787,3.7780001163482666,3.7160000801086426,3.744999885559082,3.744999885559082,0
"UST10Y","^TNX",2023-06-12,"USD",3.7339999675750732,3.7939999103546143,3.7109999656677246,3.765000104904175,3.765000104904175,0
"UST10Y","^TNX",2023-06-13,"USD",3.7239999771118164,3.8410000801086426,3.681999921798706,3.8389999866485596,3.8389999866485596,0
"UST10Y","^TNX",2023-06-14,"USD",3.811000108718872,3.8510000705718994,3.7709999084472656,3.7960000038146973,3.7960000038146973,0
"UST10Y","^TNX",2023-06-15,"USD",3.819000005722046,3.8410000801086426,3.7070000171661377,3.7279999256134033,3.7279999256134033,0
"UST10Y","^TNX",2023-06-16,"USD",3.746000051498413,3.805999994277954,3.7249999046325684,3.7690000534057617,3.7690000534057617,0
"UST10Y","^TNX",2023-06-20,"USD",3.73799991607666,3.7769999504089355,3.7009999752044678,3.7290000915527344,3.7290000915527344,0
"UST10Y","^TNX",2023-06-21,"USD",3.76200008392334,3.7890000343322754,3.7109999656677246,3.7230000495910645,3.7230000495910645,0
"UST10Y","^TNX",2023-06-22,"USD",3.740000009536743,3.809999942779541,3.7109999656677246,3.7990000247955322,3.7990000247955322,0
"UST10Y","^TNX",2023-06-23,"USD",3.7269999980926514,3.759999990463257,3.691999912261963,3.739000082015991,3.739000082015991,0
"UST10Y","^TNX",2023-06-26,"USD",3.7019999027252197,3.736999988555908,3.678999900817871,3.7190001010894775,3.7190001010894775,0
"UST10Y","^TNX",2023-06-27,"USD",3.7139999866485596,3.7760000228881836,3.691999912261963,3.7679998874664307,3.7679998874664307,0
"UST10Y","^TNX",2023-06-28,"USD",3.734999895095825,3.7660000324249268,3.7039999961853027,3.7100000381469727,3.7100000381469727,0
"UST10Y","^TNX",2023-06-29,"USD",3.746999979019165,3.868000030517578,3.746999979019165,3.8540000915527344,3.8540000915527344,0
"UST10Y","^TNX",2023-06-30,"USD",3.859999895095825,3.871999979019165,3.806999921798706,3.819000005722046,3.819000005722046,0
"UST10Y","^TNX",2023-07-03,"USD",3.864000082015991,3.865999937057495,3.7780001163482666,3.8580000400543213,3.8580000400543213,0
"UST10Y","^TNX",2023-07-05,"USD",3.868000030517578,3.947000026702881,3.86299991607666,3.944999933242798,3.944999933242798,0
"UST10Y","^TNX",2023-07-06,"USD",3.993000030517578,4.083000183105469,3.993000030517578,4.040999889373779,4.040999889373779,0
"UST10Y","^TNX",2023-07-07,"USD",4.078000068664551,4.093999862670898,4.00600004196167,4.050000190734863,4.050000190734863,0
"UST10Y","^TNX",2023-07-10,"USD",4.052000045776367,4.0920000076293945,3.9860000610351562,4.00600004196167,4.00600004196167,0
"UST10Y","^TNX",2023-07-11,"USD",3.9800000190734863,4.001999855041504,3.9619998931884766,3.9800000190734863,3.9800000190734863,0
"UST10Y","^TNX",2023-07-12,"USD",3.946000099182129,3.947999954223633,3.8440001010894775,3.8610000610351562,3.8610000610351562,0
"UST10Y","^TNX",2023-07-13,"USD",3.8259999752044678,3.8459999561309814,3.760999917984009,3.760999917984009,3.760999917984009,0
"UST10Y","^TNX",2023-07-14,"USD",3.7790000438690186,3.819999933242798,3.76200008392334,3.819000005722046,3.819000005722046,0
"UST10Y","^TNX",2023-07-17,"USD",3.7790000438690186,3.8359999656677246,3.7790000438690186,3.796999931335449,3.796999931335449,0
"UST10Y","^TNX",2023-07-18,"USD",3.757999897003174,3.7929999828338623,3.73799991607666,3.7890000343322754,3.7890000343322754,0
"UST10Y","^TNX",2023-07-19,"USD",3.74399995803833,3.7950000762939453,3.734999895095825,3.742000102996826,3.742000102996826,0
"UST10Y","^TNX",2023-07-20,"USD",3.7909998893737793,3.874000072479248,3.7909998893737793,3.8540000915527344,3.8540000915527344,0
"UST10Y","^TNX",2023-07-21,"USD",3.8329999446868896,3.8369998931884766,3.809000015258789,3.8369998931884766,3.8369998931884766,0
"UST10Y","^TNX",2023-07-24,"USD",3.805999994277954,3.865000009536743,3.7980000972747803,3.8570001125335693,3.8570001125335693,0
"UST10Y","^TNX",2023-07-25,"USD",3.8919999599456787,3.921999931335449,3.884999990463257,3.9119999408721924,3.9119999408721924,0
"UST10Y","^TNX",2023-07-26,"USD",3.884999990463257,3.9040000438690186,3.8489999771118164,3.8510000705718994,3.8510000705718994,0
"UST10Y","^TNX",2023-07-27,"USD",3.86299991607666,4.021999835968018,3.8529999256134033,4.01200008392334,4.01200008392334,0
"UST10Y","^TNX",2023-07-28,"USD",3.9609999656677246,3.994999885559082,3.940999984741211,3.9690001010894775,3.9690001010894775,0
"UST10Y","^TNX",2023-07-31,"USD",3.9670000076293945,3.9809999465942383,3.927000045776367,3.9590001106262207,3.9590001106262207,0
"UST10Y","^TNX",2023-08-01,"USD",4.000999927520752,4.057000160217285,4.000999927520752,4.051000118255615,4.051000118255615,0
"UST10Y","^TNX",2023-08-02,"USD",4.039000034332275,4.125999927520752,4.034999847412109,4.078000068664551,4.078000068664551,0
"UST10Y","^TNX",2023-08-03,"USD",4.144999980926514,4.197999954223633,4.127999782562256,4.189000129699707,4.189000129699707,0
"UST10Y","^TNX",2023-08-04,"USD",4.191999912261963,4.205999851226807,4.058000087738037,4.059999942779541,4.059999942779541,0
"UST10Y","^TNX",2023-08-07,"USD",4.11299991607666,4.11299991607666,4.064000129699707,4.078000068664551,4.078000068664551,0
"UST10Y","^TNX",2023-08-08,"USD",4.007999897003174,4.033999919891357,3.9839999675750732,4.026000022888184,4.026000022888184,0
"UST10Y","^TNX",2023-08-09,"USD",4.035999774932861,4.035999774932861,3.98799991607666,4.01200008392334,4.01200008392334,0
"UST10Y","^TNX",2023-08-10,"USD",3.9820001125335693,4.093999862670898,3.9570000171661377,4.079999923706055,4.079999923706055,0
"UST10Y","^TNX",2023-08-11,"USD",4.10699987411499,4.168000221252441,4.090000152587891,4.168000221252441,4.168000221252441,0
"UST10Y","^TNX",2023-08-14,"USD",4.176000118255615,4.215000152587891,4.145999908447266,4.184000015258789,4.184000015258789,0
"UST10Y","^TNX",2023-08-15,"USD",4.235000133514404,4.27400016784668,4.165999889373779,4.2210001945495605,4.2210001945495605,0
"UST10Y","^TNX",2023-08-16,"USD",4.204999923706055,4.26200008392334,4.190999984741211,4.257999897003174,4.257999897003174,0
"UST10Y","^TNX",2023-08-17,"USD",4.2779998779296875,4.328000068664551,4.271999835968018,4.308000087738037,4.308000087738037,0
"UST10Y","^TNX",2023-08-18,"USD",4.243000030517578,4.28000020980835,4.2230000495910645,4.250999927520752,4.250999927520752,0
"UST10Y","^TNX",2023-08-21,"USD",4.294000148773193,4.354000091552734,4.288000106811523,4.3420000076293945,4.3420000076293945,0
"UST10Y","^TNX",2023-08-22,"USD",4.309999942779541,4.361999988555908,4.309999942779541,4.328000068664551,4.328000068664551,0
"UST10Y","^TNX",2023-08-23,"USD",4.2829999923706055,4.291999816894531,4.190000057220459,4.197999954223633,4.197999954223633,0
"UST10Y","^TNX",2023-08-24,"USD",4.2230000495910645,4.238999843597412,4.190000057220459,4.235000133514404,4.235000133514404,0
"UST10Y","^TNX",2023-08-25,"USD",4.235000133514404,4.284999847412109,4.203999996185303,4.238999843597412,4.238999843597412,0
"UST10Y","^TNX",2023-08-28,"USD",4.23199987411499,4.234000205993652,4.193999767303467,4.211999893188477,4.211999893188477,0
"UST10Y","^TNX",2023-08-29,"USD",4.21999979019165,4.243000030517578,4.105999946594238,4.122000217437744,4.122000217437744,0
"UST10Y","^TNX",2023-08-30,"USD",4.13700008392334,4.15500020980835,4.086999893188477,4.118000030517578,4.118000030517578,0
"UST10Y","^TNX",2023-08-31,"USD",4.09499979019165,4.118000030517578,4.077000141143799,4.0929999351501465,4.0929999351501465,0
"UST10Y","^TNX",2023-09-01,"USD",4.0970001220703125,4.199999809265137,4.059999942779541,4.172999858856201,4.172999858856201,0
"UST10Y","^TNX",2023-09-05,"USD",4.228000164031982,4.269999980926514,4.211999893188477,4.26800012588501,4.26800012588501,0
"UST10Y","^TNX",2023-09-06,"USD",4.242000102996826,4.306000232696533,4.239999771118164,4.289999961853027,4.289999961853027,0
"UST10Y","^TNX",2023-09-07,"USD",4.283999919891357,4.308000087738037,4.257999897003174,4.260000228881836,4.260000228881836,0
"UST10Y","^TNX",2023-09-08,"USD",4.257999897003174,4.263999938964844,4.2129998207092285,4.257999897003174,4.257999897003174,0
"UST10Y","^TNX",2023-09-11,"USD",4.283999919891357,4.300000190734863,4.271999835968018,4.288000106811523,4.288000106811523,0
"UST10Y","^TNX",2023-09-12,"USD",4.285999774932861,4.297999858856201,4.263999938964844,4.263999938964844,4.263999938964844,0
"UST10Y","^TNX",2023-09-13,"USD",4.311999797821045,4.343999862670898,4.235000133514404,4.249000072479248,4.249000072479248,0
"UST10Y","^TNX",2023-09-14,"USD",4.229000091552734,4.297999858856201,4.2230000495910645,4.288000106811523,4.288000106811523,0
"UST10Y","^TNX",2023-09-15,"USD",4.320000171661377,4.3379998207092285,4.302999973297119,4.322000026702881,4.322000026702881,0
"UST10Y","^TNX",2023-09-18,"USD",4.336999893188477,4.359000205993652,4.310999870300293,4.318999767303467,4.318999767303467,0
"UST10Y","^TNX",2023-09-19,"USD",4.333000183105469,4.364999771118164,4.324999809265137,4.364999771118164,4.364999771118164,0
"UST10Y","^TNX",2023-09-20,"USD",4.339000225067139,4.361000061035156,4.313000202178955,4.348999977111816,4.348999977111816,0
"UST10Y","^TNX",2023-09-21,"USD",4.466000080108643,4.489999771118164,4.461999893188477,4.480000019073486,4.480000019073486,0
"UST10Y","^TNX",2023-09-22,"USD",4.473999977111816,4.486000061035156,4.423999786376953,4.438000202178955,4.438000202178955,0
"UST10Y","^TNX",2023-09-25,"USD",4.505000114440918,4.546000003814697,4.499000072479248,4.541999816894531,4.541999816894531,0
"UST10Y","^TNX",2023-09-26,"USD",4.485000133514404,4.564000129699707,4.482999801635742,4.558000087738037,4.558000087738037,0
"UST10Y","^TNX",2023-09-27,"USD",4.506999969482422,4.64300012588501,4.491000175476074,4.625999927520752,4.625999927520752,0
"UST10Y","^TNX",2023-09-28,"USD",4.624000072479248,4.688000202178955,4.5970001220703125,4.5970001220703125,4.5970001220703125,0
"UST10Y","^TNX",2023-09-29,"USD",4.548999786376953,4.574999809265137,4.507999897003174,4.572999954223633,4.572999954223633,0
"UST10Y","^TNX",2023-10-02,"USD",4.63100004196167,4.703000068664551,4.626999855041504,4.683000087738037,4.683000087738037,0
"UST10Y","^TNX",2023-10-03,"USD",4.736999988555908,4.806000232696533,4.695000171661377,4.802000045776367,4.802000045776367,0
"UST10Y","^TNX",2023-10-04,"USD",4.75600004196167,4.794000148773193,4.7270002365112305,4.735000133514404,4.735000133514404,0
"UST10Y","^TNX",2023-10-05,"USD",4.730999946594238,4.7769999504089355,4.703999996185303,4.7170000076293945,4.7170000076293945,0
"UST10Y","^TNX",2023-10-06,"USD",4.739999771118164,4.88700008392334,4.739999771118164,4.783999919891357,4.783999919891357,0
"UST10Y","^TNX",2023-10-09,"USD",4.796999931335449,4.796999931335449,4.796999931335449,4.796999931335449,4.796999931335449,0
"UST10Y","^TNX",2023-10-10,"USD",4.703000068664551,4.7129998207092285,4.618000030517578,4.65500020980835,4.65500020980835,0
"UST10Y","^TNX",2023-10-11,"USD",4.580999851226807,4.624000072479248,4.564000129699707,4.59499979019165,4.59499979019165,0
"UST10Y","^TNX",2023-10-12,"USD",4.544000148773193,4.728000164031982,4.5320000648498535,4.711999893188477,4.711999893188477,0
"UST10Y","^TNX",2023-10-13,"USD",4.61899995803833,4.650000095367432,4.585999965667725,4.629000186920166,4.629000186920166,0
"UST10Y","^TNX",2023-10-16,"USD",4.690999984741211,4.724999904632568,4.665999889373779,4.711999893188477,4.711999893188477,0
"UST10Y","^TNX",2023-10-17,"USD",4.764999866485596,4.860000133514404,4.761000156402588,4.8470001220703125,4.8470001220703125,0
"UST10Y","^TNX",2023-10-18,"USD",4.839000225067139,4.927999973297119,4.834000110626221,4.9039998054504395,4.9039998054504395,0
"UST10Y","^TNX",2023-10-19,"USD",4.964000225067139,4.995999813079834,4.894000053405762,4.98799991607666,4.98799991607666,0
"UST10Y","^TNX",2023-10-20,"USD",4.978000164031982,4.993000030517578,4.892000198364258,4.923999786376953,4.923999786376953,0
"UST10Y","^TNX",2023-10-23,"USD",4.997000217437744,4.997000217437744,4.830999851226807,4.8379998207092285,4.8379998207092285,0
"UST10Y","^TNX",2023-10-24,"USD",4.869999885559082,4.888999938964844,4.827000141143799,4.840000152587891,4.840000152587891,0
"UST10Y","^TNX",2023-10-25,"USD",4.85099983215332,4.959000110626221,4.85099983215332,4.953000068664551,4.953000068664551,0
"UST10Y","^TNX",2023-10-26,"USD",4.964000225067139,4.982999801635742,4.8420000076293945,4.84499979019165,4.84499979019165,0
"UST10Y","^TNX",2023-10-27,"USD",4.866000175476074,4.892000198364258,4.8429999351501465,4.84499979019165,4.84499979019165,0
"UST10Y","^TNX",2023-10-30,"USD",4.895999908447266,4.921999931335449,4.867000102996826,4.875,4.875,0
"UST10Y","^TNX",2023-10-31,"USD",4.809999942779541,4.880000114440918,4.802999973297119,4.875,4.875,0
"UST10Y","^TNX",2023-11-01,"USD",4.89300012588501,4.9029998779296875,4.7779998779296875,4.789000034332275,4.789000034332275,0
"UST10Y","^TNX",2023-11-02,"USD",4.690000057220459,4.703000068664551,4.625999927520752,4.669000148773193,4.669000148773193,0
"UST10Y","^TNX",2023-11-03,"USD",4.63700008392334,4.64300012588501,4.484000205993652,4.558000087738037,4.558000087738037,0
"UST10Y","^TNX",2023-11-06,"USD",4.610000133514404,4.668000221252441,4.610000133514404,4.6620001792907715,4.6620001792907715,0
"UST10Y","^TNX",2023-11-07,"USD",4.619999885559082,4.626999855041504,4.544000148773193,4.571000099182129,4.571000099182129,0
"UST10Y","^TNX",2023-11-08,"USD",4.566999912261963,4.572999954223633,4.502999782562256,4.5229997634887695,4.5229997634887695,0
"UST10Y","^TNX",2023-11-09,"USD",4.551000118255615,4.6539998054504395,4.526000022888184,4.630000114440918,4.630000114440918,0
"UST10Y","^TNX",2023-11-10,"USD",4.583000183105469,4.638000011444092,4.566999912261963,4.627999782562256,4.627999782562256,0
"UST10Y","^TNX",2023-11-13,"USD",4.642000198364258,4.696000099182129,4.624000072479248,4.631999969482422,4.631999969482422,0
"UST10Y","^TNX",2023-11-14,"USD",4.616000175476074,4.616000175476074,4.432000160217285,4.440999984741211,4.440999984741211,0
"UST10Y","^TNX",2023-11-15,"USD",4.460999965667725,4.559000015258789,4.445000171661377,4.534999847412109,4.534999847412109,0
"UST10Y","^TNX",2023-11-16,"USD",4.48799991607666,4.48799991607666,4.432000160217285,4.445000171661377,4.445000171661377,0
"UST10Y","^TNX",2023-11-17,"USD",4.4120001792907715,4.468999862670898,4.4039998054504395,4.440999984741211,4.440999984741211,0
"UST10Y","^TNX",2023-11-20,"USD",4.4730000495910645,4.48199987411499,4.409999847412109,4.421999931335449,4.421999931335449,0
"UST10Y","^TNX",2023-11-21,"USD",4.409999847412109,4.442999839782715,4.390999794006348,4.418000221252441,4.418000221252441,0
"UST10Y","^TNX",2023-11-22,"USD",4.364999771118164,4.447000026702881,4.364999771118164,4.415999889373779,4.415999889373779,0
"UST10Y","^TNX",2023-11-24,"USD",4.473999977111816,4.492000102996826,4.4629998207092285,4.4720001220703125,4.4720001220703125,0
"UST10Y","^TNX",2023-11-27,"USD",4.456999778747559,4.460999965667725,4.388999938964844,4.388999938964844,4.388999938964844,0
"UST10Y","^TNX",2023-11-28,"USD",4.395999908447266,4.421999931335449,4.331999778747559,4.335999965667725,4.335999965667725,0
"UST10Y","^TNX",2023-11-29,"USD",4.294000148773193,4.322999954223633,4.252999782562256,4.270999908447266,4.270999908447266,0
"UST10Y","^TNX",2023-11-30,"USD",4.28000020980835,4.3520002365112305,4.271999835968018,4.3520002365112305,4.3520002365112305,0
"UST10Y","^TNX",2023-12-01,"USD",4.320000171661377,4.3480000495910645,4.210999965667725,4.22599983215332,4.22599983215332,0
"UST10Y","^TNX",2023-12-04,"USD",4.243000030517578,4.298999786376953,4.239999771118164,4.288000106811523,4.288000106811523,0
"UST10Y","^TNX",2023-12-05,"USD",4.22599983215332,4.228000164031982,4.164999961853027,4.171000003814697,4.171000003814697,0
"UST10Y","^TNX",2023-12-06,"USD",4.179999828338623,4.182000160217285,4.107999801635742,4.120999813079834,4.120999813079834,0
"UST10Y","^TNX",2023-12-07,"USD",4.169000148773193,4.179999828338623,4.105999946594238,4.129000186920166,4.129000186920166,0
"UST10Y","^TNX",2023-12-08,"USD",4.184999942779541,4.2779998779296875,4.182000160217285,4.244999885559082,4.244999885559082,0
"UST10Y","^TNX",2023-12-11,"USD",4.27400016784668,4.293000221252441,4.229000091552734,4.238999843597412,4.238999843597412,0
"UST10Y","^TNX",2023-12-12,"USD",4.179999828338623,4.250999927520752,4.1529998779296875,4.205999851226807,4.205999851226807,0
"UST10Y","^TNX",2023-12-13,"USD",4.186999797821045,4.190999984741211,4.008999824523926,4.0329999923706055,4.0329999923706055,0
"UST10Y","^TNX",2023-12-14,"USD",3.9660000801086426,3.98799991607666,3.884999990463257,3.930000066757202,3.930000066757202,0
"UST10Y","^TNX",2023-12-15,"USD",3.921999931335449,3.9709999561309814,3.8940000534057617,3.927999973297119,3.927999973297119,0
"UST10Y","^TNX",2023-12-18,"USD",3.9170000553131104,3.9709999561309814,3.9070000648498535,3.9539999961853027,3.9539999961853027,0
"UST10Y","^TNX",2023-12-19,"USD",3.8980000019073486,3.927999973297119,3.8959999084472656,3.921999931335449,3.921999931335449,0
"UST10Y","^TNX",2023-12-20,"USD",3.88100004196167,3.921999931335449,3.872999906539917,3.877000093460083,3.877000093460083,0
"UST10Y","^TNX",2023-12-21,"USD",3.859999895095825,3.9049999713897705,3.8289999961853027,3.8940000534057617,3.8940000534057617,0
"UST10Y","^TNX",2023-12-22,"USD",3.8519999980926514,3.9189999103546143,3.8489999771118164,3.9010000228881836,3.9010000228881836,0
"UST10Y","^TNX",2023-12-26,"USD",3.9079999923706055,3.9079999923706055,3.881999969482422,3.885999917984009,3.885999917984009,0
"UST10Y","^TNX",2023-12-27,"USD",3.8519999980926514,3.8519999980926514,3.7850000858306885,3.7890000343322754,3.7890000343322754,0
"UST10Y","^TNX",2023-12-28,"USD",3.818000078201294,3.8610000610351562,3.799999952316284,3.8499999046325684,3.8499999046325684,0
"UST10Y","^TNX",2023-12-29,"USD",3.878999948501587,3.8980000019073486,3.8469998836517334,3.865999937057495,3.865999937057495,0
"UST10Y","^TNX",2024-01-02,"USD",3.9690001010894775,3.9730000495910645,3.9179999828338623,3.946000099182129,3.946000099182129,0
"UST10Y","^TNX",2024-01-03,"USD",3.9779999256134033,4.007999897003174,3.8940000534057617,3.9070000648498535,3.9070000648498535,0
"UST10Y","^TNX",2024-01-04,"USD",3.9739999771118164,4.00600004196167,3.9709999561309814,3.990999937057495,3.990999937057495,0
"UST10Y","^TNX",2024-01-05,"USD",4.038000106811523,4.098999977111816,3.953000068664551,4.041999816894531,4.041999816894531,0
"UST10Y","^TNX",2024-01-08,"USD",4.059000015258789,4.063000202178955,3.9660000801086426,4.001999855041504,4.001999855041504,0
"UST10Y","^TNX",2024-01-09,"USD",4.046999931335449,4.052999973297119,3.996000051498413,4.019000053405762,4.019000053405762,0
"UST10Y","^TNX",2024-01-10,"USD",3.992000102996826,4.038000106811523,3.984999895095825,4.03000020980835,4.03000020980835,0
"UST10Y","^TNX",2024-01-11,"USD",3.99399995803833,4.067999839782715,3.9730000495910645,3.9769999980926514,3.9769999980926514,0
"UST10Y","^TNX",2024-01-12,"USD",4.002999782562256,4.006999969482422,3.9159998893737793,3.950000047683716,3.950000047683716,0
"UST10Y","^TNX",2024-01-16,"USD",4.002999782562256,4.083000183105469,3.990000009536743,4.065999984741211,4.065999984741211,0
"UST10Y","^TNX",2024-01-17,"USD",4.080999851226807,4.129000186920166,4.074999809265137,4.105999946594238,4.105999946594238,0
"UST10Y","^TNX",2024-01-18,"USD",4.090000152587891,4.1539998054504395,4.090000152587891,4.144000053405762,4.144000053405762,0
"UST10Y","^TNX",2024-01-19,"USD",4.131999969482422,4.197999954223633,4.131999969482422,4.145999908447266,4.145999908447266,0
"UST10Y","^TNX",2024-01-22,"USD",4.0980000495910645,4.111000061035156,4.074999809265137,4.093999862670898,4.093999862670898,0
"UST10Y","^TNX",2024-01-23,"USD",4.130000114440918,4.15500020980835,4.120999813079834,4.142000198364258,4.142000198364258,0
"UST10Y","^TNX",2024-01-24,"USD",4.098999977111816,4.188000202178955,4.085999965667725,4.177999973297119,4.177999973297119,0
"UST10Y","^TNX",2024-01-25,"USD",4.15500020980835,4.185999870300293,4.122000217437744,4.131999969482422,4.131999969482422,0
"UST10Y","^TNX",2024-01-26,"USD",4.122000217437744,4.165999889373779,4.10699987411499,4.159999847412109,4.159999847412109,0
"UST10Y","^TNX",2024-01-29,"USD",4.107999801635742,4.122000217437744,4.089000225067139,4.091000080108643,4.091000080108643,0
"UST10Y","^TNX",2024-01-30,"USD",4.067999839782715,4.103000164031982,4.040999889373779,4.059000015258789,4.059000015258789,0
"UST10Y","^TNX",2024-01-31,"USD",4.019999980926514,4.03000020980835,3.944000005722046,3.9670000076293945,3.9670000076293945,0
"UST10Y","^TNX",2024-02-01,"USD",3.927000045776367,3.927000045776367,3.816999912261963,3.86299991607666,3.86299991607666,0
"UST10Y","^TNX",2024-02-02,"USD",3.8889999389648438,4.053999900817871,3.88700008392334,4.0329999923706055,4.0329999923706055,0
"UST10Y","^TNX",2024-02-05,"USD",4.111999988555908,4.177000045776367,4.110000133514404,4.164000034332275,4.164000034332275,0
"UST10Y","^TNX",2024-02-06,"USD",4.1479997634887695,4.1620001792907715,4.078999996185303,4.090000152587891,4.090000152587891,0
"UST10Y","^TNX",2024-02-07,"USD",4.125,4.125,4.065000057220459,4.110000133514404,4.110000133514404,0
"UST10Y","^TNX",2024-02-08,"USD",4.13700008392334,4.172999858856201,4.13100004196167,4.170000076293945,4.170000076293945,0
"UST10Y","^TNX",2024-02-09,"USD",4.172999858856201,4.192999839782715,4.126999855041504,4.186999797821045,4.186999797821045,0
"UST10Y","^TNX",2024-02-12,"USD",4.1519999504089355,4.197000026702881,4.150000095367432,4.171999931335449,4.171999931335449,0
"UST10Y","^TNX",2024-02-13,"USD",4.1519999504089355,4.315999984741211,4.150000095367432,4.315999984741211,4.315999984741211,0
"UST10Y","^TNX",2024-02-14,"USD",4.308000087738037,4.322000026702881,4.245999813079834,4.267000198364258,4.267000198364258,0
"UST10Y","^TNX",2024-02-15,"USD",4.22599983215332,4.255000114440918,4.190999984741211,4.239999771118164,4.239999771118164,0
"UST10Y","^TNX",2024-02-16,"USD",4.2789998054504395,4.328000068664551,4.2769999504089355,4.295000076293945,4.295000076293945,0
"UST10Y","^TNX",2024-02-20,"USD",4.2829999923706055,4.289000034332275,4.24399995803833,4.275000095367432,4.275000095367432,0
"UST10Y","^TNX",2024-02-21,"USD",4.263999938964844,4.330999851226807,4.257999897003174,4.324999809265137,4.324999809265137,0
"UST10Y","^TNX",2024-02-22,"USD",4.336999893188477,4.354000091552734,4.296999931335449,4.327000141143799,4.327000141143799,0
"UST10Y","^TNX",2024-02-23,"USD",4.307000160217285,4.328999996185303,4.245999813079834,4.260000228881836,4.260000228881836,0
"UST10Y","^TNX",2024-02-26,"USD",4.24399995803833,4.309000015258789,4.23799991607666,4.298999786376953,4.298999786376953,0
"UST10Y","^TNX",2024-02-27,"USD",4.271999835968018,4.321000099182129,4.263999938964844,4.315000057220459,4.315000057220459,0
"UST10Y","^TNX",2024-02-28,"USD",4.28000020980835,4.309000015258789,4.271999835968018,4.27400016784668,4.27400016784668,0
"UST10Y","^TNX",2024-02-29,"USD",4.310999870300293,4.315000057220459,4.224999904632568,4.251999855041504,4.251999855041504,0
"UST10Y","^TNX",2024-03-01,"USD",4.26800012588501,4.296000003814697,4.177999973297119,4.179999828338623,4.179999828338623,0
"UST10Y","^TNX",2024-03-04,"USD",4.218999862670898,4.235000133514404,4.204999923706055,4.218999862670898,4.218999862670898,0
"UST10Y","^TNX",2024-03-05,"USD",4.164000034332275,4.165999889373779,4.113999843597412,4.13700008392334,4.13700008392334,0
"UST10Y","^TNX",2024-03-06,"USD",4.138999938964844,4.146999835968018,4.078999996185303,4.104000091552734,4.104000091552734,0
"UST10Y","^TNX",2024-03-07,"USD",4.080999851226807,4.123000144958496,4.053999900817871,4.0920000076293945,4.0920000076293945,0
"UST10Y","^TNX",2024-03-08,"USD",4.066999912261963,4.129000186920166,4.038000106811523,4.089000225067139,4.089000225067139,0
"UST10Y","^TNX",2024-03-11,"USD",4.077000141143799,4.116000175476074,4.074999809265137,4.104000091552734,4.104000091552734,0
"UST10Y","^TNX",2024-03-12,"USD",4.089000225067139,4.171999931335449,4.083000183105469,4.15500020980835,4.15500020980835,0
"UST10Y","^TNX",2024-03-13,"USD",4.185999870300293,4.196000099182129,4.170000076293945,4.191999912261963,4.191999912261963,0
"UST10Y","^TNX",2024-03-14,"USD",4.196000099182129,4.300000190734863,4.191999912261963,4.297999858856201,4.297999858856201,0
"UST10Y","^TNX",2024-03-15,"USD",4.281000137329102,4.320000171661377,4.281000137329102,4.303999900817871,4.303999900817871,0
"UST10Y","^TNX",2024-03-18,"USD",4.314000129699707,4.3480000495910645,4.303999900817871,4.340000152587891,4.340000152587891,0
"UST10Y","^TNX",2024-03-19,"USD",4.326000213623047,4.335999965667725,4.289000034332275,4.296999931335449,4.296999931335449,0
"UST10Y","^TNX",2024-03-20,"USD",4.2829999923706055,4.323999881744385,4.238999843597412,4.2729997634887695,4.2729997634887695,0
"UST10Y","^TNX",2024-03-21,"USD",4.232999801635742,4.293000221252441,4.228000164031982,4.270999908447266,4.270999908447266,0
"UST10Y","^TNX",2024-03-22,"USD",4.21999979019165,4.22599983215332,4.199999809265137,4.2179999351501465,4.2179999351501465,0
"UST10Y","^TNX",2024-03-25,"USD",4.23199987411499,4.261000156402588,4.2220001220703125,4.252999782562256,4.252999782562256,0
"UST10Y","^TNX",2024-03-26,"USD",4.236000061035156,4.2729997634887695,4.23199987411499,4.234000205993652,4.234000205993652,0
"UST10Y","^TNX",2024-03-27,"USD",4.21999979019165,4.228000164031982,4.183000087738037,4.196000099182129,4.196000099182129,0
"UST10Y","^TNX",2024-03-28,"USD",4.230000019073486,4.234000205993652,4.183000087738037,4.205999851226807,4.205999851226807,0
"UST10Y","^TNX",2024-04-01,"USD",4.234000205993652,4.336999893188477,4.234000205993652,4.328999996185303,4.328999996185303,0
"UST10Y","^TNX",2024-04-02,"USD",4.375,4.40500020980835,4.355000019073486,4.364999771118164,4.364999771118164,0
"UST10Y","^TNX",2024-04-03,"USD",4.382999897003174,4.428999900817871,4.3470001220703125,4.355000019073486,4.355000019073486,0
"UST10Y","^TNX",2024-04-04,"USD",4.370999813079834,4.38100004196167,4.307000160217285,4.309000015258789,4.309000015258789,0
"UST10Y","^TNX",2024-04-05,"USD",4.328000068664551,4.4039998054504395,4.317999839782715,4.377999782562256,4.377999782562256,0
"UST10Y","^TNX",2024-04-08,"USD",4.458000183105469,4.461999893188477,4.406000137329102,4.423999786376953,4.423999786376953,0
"UST10Y","^TNX",2024-04-09,"USD",4.383999824523926,4.395999908447266,4.357999801635742,4.366000175476074,4.366000175476074,0
"UST10Y","^TNX",2024-04-10,"USD",4.3460001945495605,4.567999839782715,4.343999862670898,4.559999942779541,4.559999942779541,0
"UST10Y","^TNX",2024-04-11,"USD",4.576000213623047,4.591000080108643,4.514999866485596,4.576000213623047,4.576000213623047,0
"UST10Y","^TNX",2024-04-12,"USD",4.513999938964844,4.5320000648498535,4.482999801635742,4.499000072479248,4.499000072479248,0
"UST10Y","^TNX",2024-04-15,"USD",4.585000038146973,4.663000106811523,4.583000183105469,4.627999782562256,4.627999782562256,0
"UST10Y","^TNX",2024-04-16,"USD",4.644999980926514,4.696000099182129,4.625999927520752,4.658999919891357,4.658999919891357,0
"UST10Y","^TNX",2024-04-17,"USD",4.65500020980835,4.660999774932861,4.574999809265137,4.585000038146973,4.585000038146973,0
"UST10Y","^TNX",2024-04-18,"USD",4.5920000076293945,4.6529998779296875,4.5920000076293945,4.646999835968018,4.646999835968018,0
"UST10Y","^TNX",2024-04-19,"USD",4.590000152587891,4.63100004196167,4.581999778747559,4.614999771118164,4.614999771118164,0
"UST10Y","^TNX",2024-04-22,"USD",4.6519999504089355,4.6519999504089355,4.611000061035156,4.623000144958496,4.623000144958496,0
"UST10Y","^TNX",2024-04-23,"USD",4.650000095367432,4.650000095367432,4.567999839782715,4.5980000495910645,4.5980000495910645,0
"UST10Y","^TNX",2024-04-24,"USD",4.642000198364258,4.671000003814697,4.626999855041504,4.6519999504089355,4.6519999504089355,0
"UST10Y","^TNX",2024-04-25,"USD",4.6579999923706055,4.736999988555908,4.625,4.705999851226807,4.705999851226807,0
"UST10Y","^TNX",2024-04-26,"USD",4.685999870300293,4.690000057220459,4.644000053405762,4.669000148773193,4.669000148773193,0
"UST10Y","^TNX",2024-04-29,"USD",4.625999927520752,4.64900016784668,4.611999988555908,4.613999843597412,4.613999843597412,0
"UST10Y","^TNX",2024-04-30,"USD",4.616000175476074,4.685999870300293,4.616000175476074,4.685999870300293,4.685999870300293,0
"UST10Y","^TNX",2024-05-01,"USD",4.670000076293945,4.676000118255615,4.580999851226807,4.59499979019165,4.59499979019165,0
"UST10Y","^TNX",2024-05-02,"USD",4.611999988555908,4.651000022888184,4.566999912261963,4.571000099182129,4.571000099182129,0
"UST10Y","^TNX",2024-05-03,"USD",4.551000118255615,4.571000099182129,4.453000068664551,4.5,4.5,0
"UST10Y","^TNX",2024-05-06,"USD",4.486999988555908,4.513999938964844,4.4710001945495605,4.488999843597412,4.488999843597412,0
"UST10Y","^TNX",2024-05-07,"USD",4.4730000495910645,4.4730000495910645,4.422999858856201,4.4629998207092285,4.4629998207092285,0
"UST10Y","^TNX",2024-05-08,"USD",4.484000205993652,4.498000144958496,4.474999904632568,4.492000102996826,4.492000102996826,0
"UST10Y","^TNX",2024-05-09,"USD",4.515999794006348,4.515999794006348,4.447000026702881,4.448999881744385,4.448999881744385,0
"UST10Y","^TNX",2024-05-10,"USD",4.4770002365112305,4.507999897003174,4.4710001945495605,4.504000186920166,4.504000186920166,0
"UST10Y","^TNX",2024-05-13,"USD",4.486999988555908,4.488999843597412,4.459000110626221,4.480999946594238,4.480999946594238,0
"UST10Y","^TNX",2024-05-14,"USD",4.480999946594238,4.5320000648498535,4.442999839782715,4.445000171661377,4.445000171661377,0
"UST10Y","^TNX",2024-05-15,"USD",4.418000221252441,4.418000221252441,4.340000152587891,4.355999946594238,4.355999946594238,0
"UST10Y","^TNX",2024-05-16,"USD",4.329999923706055,4.379000186920166,4.318999767303467,4.376999855041504,4.376999855041504,0
"UST10Y","^TNX",2024-05-17,"USD",4.395999908447266,4.426000118255615,4.390999794006348,4.420000076293945,4.420000076293945,0
"UST10Y","^TNX",2024-05-20,"USD",4.421999931335449,4.454999923706055,4.420000076293945,4.436999797821045,4.436999797821045,0
"UST10Y","^TNX",2024-05-21,"USD",4.429999828338623,4.435999870300293,4.3979997634887695,4.414000034332275,4.414000034332275,0
"UST10Y","^TNX",2024-05-22,"USD",4.453000068664551,4.460999965667725,4.4120001792907715,4.434000015258789,4.434000015258789,0
"UST10Y","^TNX",2024-05-23,"USD",4.418000221252441,4.495999813079834,4.4079999923706055,4.474999904632568,4.474999904632568,0
"UST10Y","^TNX",2024-05-24,"USD",4.488999843597412,4.501999855041504,4.459000110626221,4.4670000076293945,4.4670000076293945,0
"UST10Y","^TNX",2024-05-28,"USD",4.453000068664551,4.546000003814697,4.448999881744385,4.541999816894531,4.541999816894531,0
"UST10Y","^TNX",2024-05-29,"USD",4.565999984741211,4.638000011444092,4.559999942779541,4.624000072479248,4.624000072479248,0
"UST10Y","^TNX",2024-05-30,"USD",4.593999862670898,4.599999904632568,4.541999816894531,4.553999900817871,4.553999900817871,0
"UST10Y","^TNX",2024-05-31,"USD",4.552000045776367,4.556000232696533,4.485000133514404,4.513999938964844,4.513999938964844,0
"UST10Y","^TNX",2024-06-03,"USD",4.4730000495910645,4.4730000495910645,4.392000198364258,4.4019999504089355,4.4019999504089355,0
"UST10Y","^TNX",2024-06-04,"USD",4.361000061035156,4.367000102996826,4.314000129699707,4.335999965667725,4.335999965667725,0
"UST10Y","^TNX",2024-06-05,"USD",4.326000213623047,4.35099983215332,4.2870001792907715,4.289000034332275,4.289000034332275,0
"UST10Y","^TNX",2024-06-06,"USD",4.301000118255615,4.322000026702881,4.2769999504089355,4.281000137329102,4.281000137329102,0
"UST10Y","^TNX",2024-06-07,"USD",4.296999931335449,4.434000015258789,4.289000034332275,4.429999828338623,4.429999828338623,0
"UST10Y","^TNX",2024-06-10,"USD",4.453000068664551,4.479000091552734,4.447000026702881,4.468999862670898,4.468999862670898,0
"UST10Y","^TNX",2024-06-11,"USD",4.435999870300293,4.460999965667725,4.4019999504089355,4.4039998054504395,4.4039998054504395,0
"UST10Y","^TNX",2024-06-12,"USD",4.388000011444092,4.406000137329102,4.25,4.295000076293945,4.295000076293945,0
"UST10Y","^TNX",2024-06-13,"USD",4.309999942779541,4.309999942779541,4.2230000495910645,4.23799991607666,4.23799991607666,0
"UST10Y","^TNX",2024-06-14,"USD",4.196000099182129,4.236000061035156,4.188000202178955,4.2129998207092285,4.2129998207092285,0
"UST10Y","^TNX",2024-06-17,"USD",4.264999866485596,4.295000076293945,4.260000228881836,4.2789998054504395,4.2789998054504395,0
"UST10Y","^TNX",2024-06-18,"USD",4.2870001792907715,4.289000034332275,4.206999778747559,4.2170000076293945,4.2170000076293945,0
"UST10Y","^TNX",2024-06-20,"USD",4.23799991607666,4.293000221252441,4.230000019073486,4.254000186920166,4.254000186920166,0
"UST10Y","^TNX",2024-06-21,"USD",4.223999977111816,4.2789998054504395,4.2170000076293945,4.256999969482422,4.256999969482422,0
"UST10Y","^TNX",2024-06-24,"USD",4.275000095367432,4.275000095367432,4.245999813079834,4.248000144958496,4.248000144958496,0
"UST10Y","^TNX",2024-06-25,"USD",4.2170000076293945,4.258999824523926,4.210999965667725,4.23799991607666,4.23799991607666,0
"UST10Y","^TNX",2024-06-26,"USD",4.284999847412109,4.320000171661377,4.281000137329102,4.315999984741211,4.315999984741211,0
"UST10Y","^TNX",2024-06-27,"USD",4.327000141143799,4.3429999351501465,4.275000095367432,4.288000106811523,4.288000106811523,0
"UST10Y","^TNX",2024-06-28,"USD",4.303999900817871,4.359000205993652,4.261000156402588,4.3429999351501465,4.3429999351501465,0
"UST10Y","^TNX",2024-07-01,"USD",4.423999786376953,4.493000030517578,4.415999889373779,4.479000091552734,4.479000091552734,0
"UST10Y","^TNX",2024-07-02,"USD",4.441999912261963,4.454999923706055,4.414000034332275,4.435999870300293,4.435999870300293,0
"UST10Y","^TNX",2024-07-03,"USD",4.426000118255615,4.429999828338623,4.339000225067139,4.355000019073486,4.355000019073486,0
"UST10Y","^TNX",2024-07-05,"USD",4.330999851226807,4.374000072479248,4.270999908447266,4.271999835968018,4.271999835968018,0
"UST10Y","^TNX",2024-07-08,"USD",4.306000232696533,4.306000232696533,4.267000198364258,4.269000053405762,4.269000053405762,0
"UST10Y","^TNX",2024-07-09,"USD",4.300000190734863,4.328999996185303,4.2820000648498535,4.300000190734863,4.300000190734863,0
"UST10Y","^TNX",2024-07-10,"USD",4.2779998779296875,4.303999900817871,4.271999835968018,4.28000020980835,4.28000020980835,0
"UST10Y","^TNX",2024-07-11,"USD",4.288000106811523,4.289999961853027,4.168000221252441,4.192999839782715,4.192999839782715,0
"UST10Y","^TNX",2024-07-12,"USD",4.205999851226807,4.238999843597412,4.186999797821045,4.189000129699707,4.189000129699707,0
"UST10Y","^TNX",2024-07-15,"USD",4.236999988555908,4.241000175476074,4.199999809265137,4.229000091552734,4.229000091552734,0
"UST10Y","^TNX",2024-07-16,"USD",4.175000190734863,4.216000080108643,4.163000106811523,4.166999816894531,4.166999816894531,0
"UST10Y","^TNX",2024-07-17,"USD",4.178999900817871,4.196000099182129,4.144000053405762,4.145999908447266,4.145999908447266,0
"UST10Y","^TNX",2024-07-18,"USD",4.183000087738037,4.190000057220459,4.156000137329102,4.189000129699707,4.189000129699707,0
"UST10Y","^TNX",2024-07-19,"USD",4.224999904632568,4.249000072479248,4.224999904632568,4.238999843597412,4.238999843597412,0
"UST10Y","^TNX",2024-07-22,"USD",4.224999904632568,4.2779998779296875,4.211999893188477,4.260000228881836,4.260000228881836,0
"UST10Y","^TNX",2024-07-23,"USD",4.236999988555908,4.247000217437744,4.2210001945495605,4.238999843597412,4.238999843597412,0
"UST10Y","^TNX",2024-07-24,"USD",4.229000091552734,4.291999816894531,4.210000038146973,4.285999774932861,4.285999774932861,0
"UST10Y","^TNX",2024-07-25,"USD",4.205999851226807,4.265999794006348,4.196000099182129,4.25600004196167,4.25600004196167,0
"UST10Y","^TNX",2024-07-26,"USD",4.244999885559082,4.251999855041504,4.191999912261963,4.199999809265137,4.199999809265137,0
"UST10Y","^TNX",2024-07-29,"USD",4.163000106811523,4.185999870300293,4.151000022888184,4.177999973297119,4.177999973297119,0
"UST10Y","^TNX",2024-07-30,"USD",4.173999786376953,4.184000015258789,4.130000114440918,4.14300012588501,4.14300012588501,0
"UST10Y","^TNX",2024-07-31,"USD",4.127999782562256,4.133999824523926,4.091000080108643,4.109000205993652,4.109000205993652,0
"UST10Y","^TNX",2024-08-01,"USD",4.052999973297119,4.052999973297119,3.9649999141693115,3.9760000705718994,3.9760000705718994,0
"UST10Y","^TNX",2024-08-02,"USD",3.940000057220459,3.940000057220459,3.7920000553131104,3.7920000553131104,3.7920000553131104,0
"UST10Y","^TNX",2024-08-05,"USD",3.697000026702881,3.8320000171661377,3.6689999103546143,3.7850000858306885,3.7850000858306885,0
"UST10Y","^TNX",2024-08-06,"USD",3.8350000381469727,3.9089999198913574,3.805000066757202,3.888000011444092,3.888000011444092,0
"UST10Y","^TNX",2024-08-07,"USD",3.937000036239624,3.9769999980926514,3.927999973297119,3.9679999351501465,3.9679999351501465,0
"UST10Y","^TNX",2024-08-08,"USD",3.931999921798706,4.021999835968018,3.9260001182556152,3.996999979019165,3.996999979019165,0
"UST10Y","^TNX",2024-08-09,"USD",3.947000026702881,3.947000026702881,3.9210000038146973,3.941999912261963,3.941999912261963,0
"UST10Y","^TNX",2024-08-12,"USD",3.940000057220459,3.9670000076293945,3.8959999084472656,3.9089999198913574,3.9089999198913574,0
"UST10Y","^TNX",2024-08-13,"USD",3.8959999084472656,3.8980000019073486,3.8480000495910645,3.8519999980926514,3.8519999980926514,0
"UST10Y","^TNX",2024-08-14,"USD",3.8310000896453857,3.871000051498413,3.811000108718872,3.819999933242798,3.819999933242798,0
"UST10Y","^TNX",2024-08-15,"USD",3.8469998836517334,3.953000068664551,3.8450000286102295,3.9260001182556152,3.9260001182556152,0
"UST10Y","^TNX",2024-08-16,"USD",3.878999948501587,3.924999952316284,3.86899995803833,3.8919999599456787,3.8919999599456787,0
"UST10Y","^TNX",2024-08-19,"USD",3.859999895095825,3.9000000953674316,3.8519999980926514,3.867000102996826,3.867000102996826,0
"UST10Y","^TNX",2024-08-20,"USD",3.864000082015991,3.865000009536743,3.813999891281128,3.818000078201294,3.818000078201294,0
"UST10Y","^TNX",2024-08-21,"USD",3.809999942779541,3.8310000896453857,3.763000011444092,3.7780001163482666,3.7780001163482666,0
"UST10Y","^TNX",2024-08-22,"USD",3.8369998931884766,3.877000093460083,3.822000026702881,3.861999988555908,3.861999988555908,0
"UST10Y","^TNX",2024-08-23,"USD",3.8459999561309814,3.8559999465942383,3.7909998893737793,3.806999921798706,3.806999921798706,0
"UST10Y","^TNX",2024-08-26,"USD",3.809999942779541,3.822000026702881,3.7739999294281006,3.818000078201294,3.818000078201294,0
"UST10Y","^TNX",2024-08-27,"USD",3.8499999046325684,3.867000102996826,3.822000026702881,3.8329999446868896,3.8329999446868896,0
"UST10Y","^TNX",2024-08-28,"USD",3.8239998817443848,3.8440001010894775,3.819999933242798,3.8410000801086426,3.8410000801086426,0
"UST10Y","^TNX",2024-08-29,"USD",3.8310000896453857,3.888000011444092,3.8310000896453857,3.867000102996826,3.867000102996826,0
"UST10Y","^TNX",2024-08-30,"USD",3.8610000610351562,3.9149999618530273,3.8519999980926514,3.9110000133514404,3.9110000133514404,0
"UST10Y","^TNX",2024-09-03,"USD",3.9149999618530273,3.9230000972747803,3.825000047683716,3.8440001010894775,3.8440001010894775,0
"UST10Y","^TNX",2024-09-04,"USD",3.822999954223633,3.8420000076293945,3.7669999599456787,3.7679998874664307,3.7679998874664307,0
"UST10Y","^TNX",2024-09-05,"USD",3.740000009536743,3.7720000743865967,3.7209999561309814,3.7309999465942383,3.7309999465942383,0
"UST10Y","^TNX",2024-09-06,"USD",3.7079999446868896,3.760999917984009,3.6480000019073486,3.7100000381469727,3.7100000381469727,0
"UST10Y","^TNX",2024-09-09,"USD",3.747999906539917,3.747999906539917,3.690999984741211,3.697000026702881,3.697000026702881,0
"UST10Y","^TNX",2024-09-10,"USD",3.7149999141693115,3.7149999141693115,3.6389999389648438,3.6459999084472656,3.6459999084472656,0
"UST10Y","^TNX",2024-09-11,"USD",3.614000082015991,3.688999891281128,3.614000082015991,3.6530001163482666,3.6530001163482666,0
"UST10Y","^TNX",2024-09-12,"USD",3.6610000133514404,3.7039999961853027,3.640000104904175,3.680000066757202,3.680000066757202,0
"UST10Y","^TNX",2024-09-13,"USD",3.6589999198913574,3.6760001182556152,3.6440000534057617,3.6500000953674316,3.6500000953674316,0
"UST10Y","^TNX",2024-09-16,"USD",3.638000011444092,3.6630001068115234,3.618000030517578,3.621000051498413,3.621000051498413,0
"UST10Y","^TNX",2024-09-17,"USD",3.614000082015991,3.6549999713897705,3.6029999256134033,3.6419999599456787,3.6419999599456787,0
"UST10Y","^TNX",2024-09-18,"USD",3.680999994277954,3.696000099182129,3.638000011444092,3.684999942779541,3.684999942779541,0
"UST10Y","^TNX",2024-09-19,"USD",3.7190001010894775,3.7679998874664307,3.7109999656677246,3.740000009536743,3.740000009536743,0
"UST10Y","^TNX",2024-09-20,"USD",3.7339999675750732,3.7639999389648438,3.7149999141693115,3.7279999256134033,3.7279999256134033,0
"UST10Y","^TNX",2024-09-23,"USD",3.757999897003174,3.7939999103546143,3.7300000190734863,3.739000082015991,3.739000082015991,0
"UST10Y","^TNX",2024-09-24,"USD",3.7939999103546143,3.809999942779541,3.7279999256134033,3.7360000610351562,3.7360000610351562,0
"UST10Y","^TNX",2024-09-25,"USD",3.7750000953674316,3.7829999923706055,3.75600004196167,3.7809998989105225,3.7809998989105225,0
"UST10Y","^TNX",2024-09-26,"USD",3.757999897003174,3.821000099182129,3.755000114440918,3.7909998893737793,3.7909998893737793,0
"UST10Y","^TNX",2024-09-27,"USD",3.7769999504089355,3.7829999923706055,3.740999937057495,3.749000072479248,3.749000072479248,0
"UST10Y","^TNX",2024-09-30,"USD",3.7899999618530273,3.805999994277954,3.753999948501587,3.802000045776367,3.802000045776367,0
"UST10Y","^TNX",2024-10-01,"USD",3.744999885559082,3.752000093460083,3.696000099182129,3.743000030517578,3.743000030517578,0
"UST10Y","^TNX",2024-10-02,"USD",3.7829999923706055,3.816999912261963,3.7750000953674316,3.7850000858306885,3.7850000858306885,0
"UST10Y","^TNX",2024-10-03,"USD",3.806999921798706,3.8499999046325684,3.802000045776367,3.8499999046325684,3.8499999046325684,0
"UST10Y","^TNX",2024-10-04,"USD",3.867000102996826,3.9809999465942383,3.867000102996826,3.9809999465942383,3.9809999465942383,0
"UST10Y","^TNX",2024-10-07,"USD",4.00600004196167,4.0329999923706055,4.004000186920166,4.026000022888184,4.026000022888184,0
"UST10Y","^TNX",2024-10-08,"USD",4.0329999923706055,4.057000160217285,4.021999835968018,4.0329999923706055,4.0329999923706055,0
"UST10Y","^TNX",2024-10-09,"USD",4.043000221252441,4.078000068664551,4.0320000648498535,4.066999912261963,4.066999912261963,0
"UST10Y","^TNX",2024-10-10,"USD",4.078999996185303,4.119999885559082,4.052999973297119,4.0960001945495605,4.0960001945495605,0
"UST10Y","^TNX",2024-10-11,"USD",4.0920000076293945,4.116000175476074,4.066999912261963,4.072999954223633,4.072999954223633,0
"UST10Y","^TNX",2024-10-14,"USD",4.0980000495910645,4.0980000495910645,4.0980000495910645,4.0980000495910645,4.0980000495910645,0
"UST10Y","^TNX",2024-10-15,"USD",4.068999767303467,4.074999809265137,4.0320000648498535,4.038000106811523,4.038000106811523,0
"UST10Y","^TNX",2024-10-16,"USD",4.010000228881836,4.0279998779296875,3.994999885559082,4.015999794006348,4.015999794006348,0
"UST10Y","^TNX",2024-10-17,"USD",4.0320000648498535,4.099999904632568,4.0320000648498535,4.0960001945495605,4.0960001945495605,0
"UST10Y","^TNX",2024-10-18,"USD",4.107999801635742,4.110000133514404,4.065000057220459,4.072999954223633,4.072999954223633,0
"UST10Y","^TNX",2024-10-21,"USD",4.138000011444092,4.185999870300293,4.124000072479248,4.182000160217285,4.182000160217285,0
"UST10Y","^TNX",2024-10-22,"USD",4.185999870300293,4.216000080108643,4.165999889373779,4.203999996185303,4.203999996185303,0
"UST10Y","^TNX",2024-10-23,"USD",4.236000061035156,4.257999897003174,4.21999979019165,4.242000102996826,4.242000102996826,0
"UST10Y","^TNX",2024-10-24,"USD",4.197999954223633,4.239999771118164,4.182000160217285,4.199999809265137,4.199999809265137,0
"UST10Y","^TNX",2024-10-25,"USD",4.203999996185303,4.234000205993652,4.177999973297119,4.23199987411499,4.23199987411499,0
"UST10Y","^TNX",2024-10-28,"USD",4.248000144958496,4.300000190734863,4.230000019073486,4.2779998779296875,4.2779998779296875,0
"UST10Y","^TNX",2024-10-29,"USD",4.306000232696533,4.339000225067139,4.271999835968018,4.27400016784668,4.27400016784668,0
"UST10Y","^TNX",2024-10-30,"USD",4.260000228881836,4.2779998779296875,4.197999954223633,4.265999794006348,4.265999794006348,0
"UST10Y","^TNX",2024-10-31,"USD",4.288000106811523,4.333000183105469,4.260000228881836,4.283999919891357,4.283999919891357,0
"UST10Y","^TNX",2024-11-01,"USD",4.307000160217285,4.364999771118164,4.2230000495910645,4.361000061035156,4.361000061035156,0
"UST10Y","^TNX",2024-11-04,"USD",4.281000137329102,4.328999996185303,4.263000011444092,4.309000015258789,4.309000015258789,0
"UST10Y","^TNX",2024-11-05,"USD",4.330999851226807,4.366000175476074,4.284999847412109,4.289000034332275,4.289000034332275,0
"UST10Y","^TNX",2024-11-06,"USD",4.432000160217285,4.4770002365112305,4.4019999504089355,4.426000118255615,4.426000118255615,0
"UST10Y","^TNX",2024-11-07,"USD",4.415999889373779,4.433000087738037,4.339000225067139,4.341000080108643,4.341000080108643,0
"UST10Y","^TNX",2024-11-08,"USD",4.314000129699707,4.329999923706055,4.263999938964844,4.306000232696533,4.306000232696533,0
"UST10Y","^TNX",2024-11-11,"USD",4.308000087738037,4.308000087738037,4.308000087738037,4.308000087738037,4.308000087738037,0
"UST10Y","^TNX",2024-11-12,"USD",4.370999813079834,4.442999839782715,4.361000061035156,4.432000160217285,4.432000160217285,0
"UST10Y","^TNX",2024-11-13,"USD",4.433000087738037,4.460999965667725,4.359000205993652,4.451000213623047,4.451000213623047,0
"UST10Y","^TNX",2024-11-14,"USD",4.445000171661377,4.482999801635742,4.386000156402588,4.418000221252441,4.418000221252441,0
"UST10Y","^TNX",2024-11-15,"USD",4.429999828338623,4.505000114440918,4.400000095367432,4.427999973297119,4.427999973297119,0
"UST10Y","^TNX",2024-11-18,"USD",4.480999946594238,4.491000175476074,4.4079999923706055,4.414000034332275,4.414000034332275,0
"UST10Y","^TNX",2024-11-19,"USD",4.36299991607666,4.392000198364258,4.336999893188477,4.379000186920166,4.379000186920166,0
"UST10Y","^TNX",2024-11-20,"USD",4.421999931335449,4.438000202178955,4.388000011444092,4.406000137329102,4.406000137329102,0
"UST10Y","^TNX",2024-11-21,"USD",4.4039998054504395,4.438000202178955,4.376999855041504,4.432000160217285,4.432000160217285,0
"UST10Y","^TNX",2024-11-22,"USD",4.389999866485596,4.429999828338623,4.382999897003174,4.409999847412109,4.409999847412109,0
"UST10Y","^TNX",2024-11-25,"USD",4.317999839782715,4.331999778747559,4.261000156402588,4.264999866485596,4.264999866485596,0
"UST10Y","^TNX",2024-11-26,"USD",4.289000034332275,4.323999881744385,4.281000137329102,4.302000045776367,4.302000045776367,0
"UST10Y","^TNX",2024-11-27,"USD",4.25,4.275000095367432,4.2270002365112305,4.242000102996826,4.242000102996826,0
"UST10Y","^TNX",2024-11-29,"USD",4.224999904632568,4.224999904632568,4.171999931335449,4.177999973297119,4.177999973297119,0
"UST10Y","^TNX",2024-12-02,"USD",4.206999778747559,4.248000144958496,4.173999786376953,4.196000099182129,4.196000099182129,0
"UST10Y","^TNX",2024-12-03,"USD",4.210999965667725,4.2270002365112305,4.164999961853027,4.2230000495910645,4.2230000495910645,0
"UST10Y","^TNX",2024-12-04,"USD",4.270999908447266,4.281000137329102,4.176000118255615,4.179999828338623,4.179999828338623,0
"UST10Y","^TNX",2024-12-05,"USD",4.206999778747559,4.224999904632568,4.173999786376953,4.179999828338623,4.179999828338623,0
"UST10Y","^TNX",2024-12-06,"USD",4.184000015258789,4.215000152587891,4.125999927520752,4.151000022888184,4.151000022888184,0
"UST10Y","^TNX",2024-12-09,"USD",4.182000160217285,4.198999881744385,4.164000034332275,4.198999881744385,4.198999881744385,0
"UST10Y","^TNX",2024-12-10,"USD",4.234000205993652,4.24399995803833,4.2170000076293945,4.2210001945495605,4.2210001945495605,0
"UST10Y","^TNX",2024-12-11,"USD",4.25,4.2769999504089355,4.201000213623047,4.270999908447266,4.270999908447266,0
"UST10Y","^TNX",2024-12-12,"USD",4.300000190734863,4.331999778747559,4.269000053405762,4.323999881744385,4.323999881744385,0
"UST10Y","^TNX",2024-12-13,"USD",4.343999862670898,4.4029998779296875,4.3420000076293945,4.39900016784668,4.39900016784668,0
"UST10Y","^TNX",2024-12-16,"USD",4.36899995803833,4.410999774932861,4.361000061035156,4.396999835968018,4.396999835968018,0
"UST10Y","^TNX",2024-12-17,"USD",4.429999828338623,4.434000015258789,4.373000144958496,4.385000228881836,4.385000228881836,0
"UST10Y","^TNX",2024-12-18,"USD",4.418000221252441,4.498000144958496,4.382999897003174,4.49399995803833,4.49399995803833,0
"UST10Y","^TNX",2024-12-19,"USD",4.5320000648498535,4.593999862670898,4.5279998779296875,4.570000171661377,4.570000171661377,0
"UST10Y","^TNX",2024-12-20,"USD",4.541999816894531,4.546000003814697,4.484000205993652,4.52400016784668,4.52400016784668,0
"UST10Y","^TNX",2024-12-23,"USD",4.550000190734863,4.598999977111816,4.533999919891357,4.598999977111816,4.598999977111816,0
"UST10Y","^TNX",2024-12-24,"USD",4.609000205993652,4.629000186920166,4.583000183105469,4.591000080108643,4.591000080108643,0
"UST10Y","^TNX",2024-12-26,"USD",4.63100004196167,4.640999794006348,4.572999954223633,4.578999996185303,4.578999996185303,0
"UST10Y","^TNX",2024-12-27,"USD",4.603000164031982,4.623000144958496,4.574999809265137,4.61899995803833,4.61899995803833,0
"UST10Y","^TNX",2024-12-30,"USD",4.577000141143799,4.577000141143799,4.5370001792907715,4.545000076293945,4.545000076293945,0
"UST10Y","^TNX",2024-12-31,"USD",4.5289998054504395,4.586999893188477,4.520999908447266,4.572999954223633,4.572999954223633,0
"UST10Y","^TNX",2025-01-02,"USD",4.520999908447266,4.598999977111816,4.517000198364258,4.574999809265137,4.574999809265137,0
"UST10Y","^TNX",2025-01-03,"USD",4.545000076293945,4.599999904632568,4.539000034332275,4.5960001945495605,4.5960001945495605,0
"UST10Y","^TNX",2025-01-06,"USD",4.585000038146973,4.644000053405762,4.578999996185303,4.618000030517578,4.618000030517578,0
"UST10Y","^TNX",2025-01-07,"USD",4.633999824523926,4.698999881744385,4.625999927520752,4.683000087738037,4.683000087738037,0
"UST10Y","^TNX",2025-01-08,"USD",4.704999923706055,4.716000080108643,4.672999858856201,4.692999839782715,4.692999839782715,0
"UST10Y","^TNX",2025-01-10,"USD",4.693999767303467,4.789999961853027,4.693999767303467,4.776000022888184,4.776000022888184,0
"UST10Y","^TNX",2025-01-13,"USD",4.76800012588501,4.804999828338623,4.758999824523926,4.802999973297119,4.802999973297119,0
"UST10Y","^TNX",2025-01-14,"USD",4.788000106811523,4.809000015258789,4.755000114440918,4.788000106811523,4.788000106811523,0
"UST10Y","^TNX",2025-01-15,"USD",4.76200008392334,4.77400016784668,4.63700008392334,4.6529998779296875,4.6529998779296875,0
"UST10Y","^TNX",2025-01-16,"USD",4.684000015258789,4.693999767303467,4.5879998207092285,4.605999946594238,4.605999946594238,0
"UST10Y","^TNX",2025-01-17,"USD",4.572000026702881,4.625,4.567999839782715,4.609000205993652,4.609000205993652,0
"UST10Y","^TNX",2025-01-21,"USD",4.573999881744385,4.585000038146973,4.552000045776367,4.573999881744385,4.573999881744385,0
"UST10Y","^TNX",2025-01-22,"USD",4.559999942779541,4.617000102996826,4.559999942779541,4.598999977111816,4.598999977111816,0
"UST10Y","^TNX",2025-01-23,"USD",4.638000011444092,4.664000034332275,4.617000102996826,4.638000011444092,4.638000011444092,0
"UST10Y","^TNX",2025-01-24,"USD",4.642000198364258,4.6620001792907715,4.605000019073486,4.625999927520752,4.625999927520752,0
"UST10Y","^TNX",2025-01-27,"USD",4.5320000648498535,4.565000057220459,4.521999835968018,4.5279998779296875,4.5279998779296875,0
"UST10Y","^TNX",2025-01-28,"USD",4.568999767303467,4.578999996185303,4.545000076293945,4.551000118255615,4.551000118255615,0
"UST10Y","^TNX",2025-01-29,"USD",4.526000022888184,4.591000080108643,4.510000228881836,4.554999828338623,4.554999828338623,0
"UST10Y","^TNX",2025-01-30,"USD",4.49399995803833,4.5370001792907715,4.48799991607666,4.51200008392334,4.51200008392334,0
"UST10Y","^TNX",2025-01-31,"USD",4.525000095367432,4.568999767303467,4.501999855041504,4.568999767303467,4.568999767303467,0
"UST10Y","^TNX",2025-02-03,"USD",4.50600004196167,4.557000160217285,4.461999893188477,4.543000221252441,4.543000221252441,0
"UST10Y","^TNX",2025-02-04,"USD",4.577000141143799,4.5980000495910645,4.508999824523926,4.513000011444092,4.513000011444092,0
"UST10Y","^TNX",2025-02-05,"USD",4.464000225067139,4.473999977111816,4.400000095367432,4.421999931335449,4.421999931335449,0
"UST10Y","^TNX",2025-02-06,"USD",4.447999954223633,4.460000038146973,4.4120001792907715,4.440000057220459,4.440000057220459,0
"UST10Y","^TNX",2025-02-07,"USD",4.443999767303467,4.513000011444092,4.3979997634887695,4.486999988555908,4.486999988555908,0
"UST10Y","^TNX",2025-02-10,"USD",4.491000175476074,4.499000072479248,4.458000183105469,4.493000030517578,4.493000030517578,0
"UST10Y","^TNX",2025-02-11,"USD",4.534999847412109,4.546999931335449,4.525000095367432,4.5370001792907715,4.5370001792907715,0
"UST10Y","^TNX",2025-02-12,"USD",4.534999847412109,4.659999847412109,4.5269999504089355,4.63700008392334,4.63700008392334,0
"UST10Y","^TNX",2025-02-13,"USD",4.60099983215332,4.61899995803833,4.514999866485596,4.525000095367432,4.525000095367432,0
"UST10Y","^TNX",2025-02-14,"USD",4.531000137329102,4.5329999923706055,4.447000026702881,4.4720001220703125,4.4720001220703125,0
"UST10Y","^TNX",2025-02-18,"USD",4.519000053405762,4.546000003814697,4.506999969482422,4.544000148773193,4.544000148773193,0
"UST10Y","^TNX",2025-02-19,"USD",4.565999984741211,4.576000213623047,4.5289998054504395,4.534999847412109,4.534999847412109,0
"UST10Y","^TNX",2025-02-20,"USD",4.506999969482422,4.525000095367432,4.492000102996826,4.5,4.5,0
"UST10Y","^TNX",2025-02-21,"USD",4.484000205993652,4.500999927520752,4.406000137329102,4.420000076293945,4.420000076293945,0
"UST10Y","^TNX",2025-02-24,"USD",4.436999797821045,4.451000213623047,4.388999938964844,4.39300012588501,4.39300012588501,0
"UST10Y","^TNX",2025-02-25,"USD",4.328999996185303,4.335000038146973,4.2829999923706055,4.297999858856201,4.297999858856201,0
"UST10Y","^TNX",2025-02-26,"USD",4.290999889373779,4.314000129699707,4.247000217437744,4.249000072479248,4.249000072479248,0
"UST10Y","^TNX",2025-02-27,"USD",4.284999847412109,4.308000087738037,4.26800012588501,4.284999847412109,4.284999847412109,0
"UST10Y","^TNX",2025-02-28,"USD",4.25600004196167,4.2769999504089355,4.214000225067139,4.230999946594238,4.230999946594238,0
"UST10Y","^TNX",2025-03-03,"USD",4.254000186920166,4.25600004196167,4.170000076293945,4.179999828338623,4.179999828338623,0
"UST10Y","^TNX",2025-03-04,"USD",4.133999824523926,4.2179999351501465,4.105999946594238,4.210000038146973,4.210000038146973,0
"UST10Y","^TNX",2025-03-05,"USD",4.230999946594238,4.283999919891357,4.184999942779541,4.264999866485596,4.264999866485596,0
"UST10Y","^TNX",2025-03-06,"USD",4.2769999504089355,4.343999862670898,4.267000198364258,4.285999774932861,4.285999774932861,0
"UST10Y","^TNX",2025-03-07,"USD",4.250999927520752,4.328000068664551,4.210999965667725,4.316999912261963,4.316999912261963,0
"UST10Y","^TNX",2025-03-10,"USD",4.23199987411499,4.250999927520752,4.197999954223633,4.2129998207092285,4.2129998207092285,0
"UST10Y","^TNX",2025-03-11,"USD",4.23799991607666,4.295000076293945,4.188000202178955,4.288000106811523,4.288000106811523,0
"UST10Y","^TNX",2025-03-12,"USD",4.309000015258789,4.331999778747559,4.250999927520752,4.317999839782715,4.317999839782715,0
"UST10Y","^TNX",2025-03-13,"USD",4.329999923706055,4.353000164031982,4.258999824523926,4.27400016784668,4.27400016784668,0
"UST10Y","^TNX",2025-03-14,"USD",4.315999984741211,4.323999881744385,4.290999889373779,4.308000087738037,4.308000087738037,0
"UST10Y","^TNX",2025-03-17,"USD",4.2789998054504395,4.330999851226807,4.257999897003174,4.306000232696533,4.306000232696533,0
"UST10Y","^TNX",2025-03-18,"USD",4.320000171661377,4.339000225067139,4.265999794006348,4.281000137329102,4.281000137329102,0
"UST10Y","^TNX",2025-03-19,"USD",4.293000221252441,4.322999954223633,4.251999855041504,4.25600004196167,4.25600004196167,0
"UST10Y","^TNX",2025-03-20,"USD",4.190999984741211,4.245999813079834,4.173999786376953,4.232999801635742,4.232999801635742,0
"UST10Y","^TNX",2025-03-21,"USD",4.210000038146973,4.25600004196167,4.199999809265137,4.251999855041504,4.251999855041504,0
"UST10Y","^TNX",2025-03-24,"USD",4.302000045776367,4.339000225067139,4.288000106811523,4.330999851226807,4.330999851226807,0
"UST10Y","^TNX",2025-03-25,"USD",4.361999988555908,4.363999843597412,4.297999858856201,4.307000160217285,4.307000160217285,0
"UST10Y","^TNX",2025-03-26,"USD",4.3480000495910645,4.361999988555908,4.327000141143799,4.3379998207092285,4.3379998207092285,0
"UST10Y","^TNX",2025-03-27,"USD",4.385000228881836,4.38700008392334,4.355999946594238,4.36899995803833,4.36899995803833,0
"UST10Y","^TNX",2025-03-28,"USD",4.326000213623047,4.340000152587891,4.250999927520752,4.255000114440918,4.255000114440918,0
"UST10Y","^TNX",2025-03-31,"USD",4.203000068664551,4.258999824523926,4.191999912261963,4.245999813079834,4.245999813079834,0
"UST10Y","^TNX",2025-04-01,"USD",4.158999919891357,4.185999870300293,4.132999897003174,4.156000137329102,4.156000137329102,0
"UST10Y","^TNX",2025-04-02,"USD",4.142000198364258,4.22599983215332,4.110000133514404,4.196000099182129,4.196000099182129,0
"UST10Y","^TNX",2025-04-03,"USD",4.073999881744385,4.073999881744385,4.004000186920166,4.054999828338623,4.054999828338623,0
"UST10Y","^TNX",2025-04-04,"USD",3.9119999408721924,4.014999866485596,3.885999917984009,3.984999895095825,3.984999895095825,0
"UST10Y","^TNX",2025-04-07,"USD",3.9769999980926514,4.210000038146973,3.9719998836517334,4.15500020980835,4.15500020980835,0
"UST10Y","^TNX",2025-04-08,"USD",4.2179999351501465,4.275000095367432,4.164000034332275,4.26200008392334,4.26200008392334,0
"UST10Y","^TNX",2025-04-09,"USD",4.455999851226807,4.473999977111816,4.3429999351501465,4.400000095367432,4.400000095367432,0
"UST10Y","^TNX",2025-04-10,"USD",4.328000068664551,4.400000095367432,4.289000034332275,4.394000053405762,4.394000053405762,0
"UST10Y","^TNX",2025-04-11,"USD",4.440000057220459,4.5920000076293945,4.427000045776367,4.493000030517578,4.493000030517578,0
"UST10Y","^TNX",2025-04-14,"USD",4.438000202178955,4.458000183105469,4.360000133514404,4.363999843597412,4.363999843597412,0
"UST10Y","^TNX",2025-04-15,"USD",4.380000114440918,4.39900016784668,4.308000087738037,4.322999954223633,4.322999954223633,0
"UST10Y","^TNX",2025-04-16,"USD",4.315999984741211,4.3520002365112305,4.275000095367432,4.2789998054504395,4.2789998054504395,0
"UST10Y","^TNX",2025-04-17,"USD",4.291999816894531,4.343999862670898,4.2779998779296875,4.333000183105469,4.333000183105469,0
"UST10Y","^TNX",2025-04-21,"USD",4.396999835968018,4.4070000648498535,4.333000183105469,4.40500020980835,4.40500020980835,0
"UST10Y","^TNX",2025-04-22,"USD",4.4070000648498535,4.4070000648498535,4.370999813079834,4.388999938964844,4.388999938964844,0
"UST10Y","^TNX",2025-04-23,"USD",4.291999816894531,4.39900016784668,4.261000156402588,4.38700008392334,4.38700008392334,0
"UST10Y","^TNX",2025-04-24,"USD",4.343999862670898,4.3480000495910645,4.302999973297119,4.304999828338623,4.304999828338623,0
"UST10Y","^TNX",2025-04-25,"USD",4.2820000648498535,4.293000221252441,4.250999927520752,4.265999794006348,4.265999794006348,0
"UST10Y","^TNX",2025-04-28,"USD",4.28000020980835,4.295000076293945,4.214000225067139,4.216000080108643,4.216000080108643,0
"UST10Y","^TNX",2025-04-29,"USD",4.2270002365112305,4.244999885559082,4.164000034332275,4.172999858856201,4.172999858856201,0
"UST10Y","^TNX",2025-04-30,"USD",4.138999938964844,4.229000091552734,4.135000228881836,4.177000045776367,4.177000045776367,0
"UST10Y","^TNX",2025-05-01,"USD",4.150000095367432,4.241000175476074,4.124000072479248,4.230999946594238,4.230999946594238,0
"UST10Y","^TNX",2025-05-02,"USD",4.224999904632568,4.331999778747559,4.224999904632568,4.322000026702881,4.322000026702881,0
"UST10Y","^TNX",2025-05-05,"USD",4.301000118255615,4.370999813079834,4.297999858856201,4.3429999351501465,4.3429999351501465,0
"UST10Y","^TNX",2025-05-06,"USD",4.336999893188477,4.36299991607666,4.306000232696533,4.308000087738037,4.308000087738037,0
"UST10Y","^TNX",2025-05-07,"USD",4.320000171661377,4.328000068664551,4.260000228881836,4.275000095367432,4.275000095367432,0
"UST10Y","^TNX",2025-05-08,"USD",4.300000190734863,4.383999824523926,4.2829999923706055,4.373000144958496,4.373000144958496,0
"UST10Y","^TNX",2025-05-09,"USD",4.392000198364258,4.3979997634887695,4.3429999351501465,4.375,4.375,0
"UST10Y","^TNX",2025-05-12,"USD",4.460999965667725,4.468999862670898,4.428999900817871,4.456999778747559,4.456999778747559,0
"UST10Y","^TNX",2025-05-13,"USD",4.453000068664551,4.505000114440918,4.428999900817871,4.499000072479248,4.499000072479248,0
"UST10Y","^TNX",2025-05-14,"USD",4.4770002365112305,4.53000020980835,4.4770002365112305,4.5279998779296875,4.5279998779296875,0
"UST10Y","^TNX",2025-05-15,"USD",4.513000011444092,4.541999816894531,4.440999984741211,4.454999923706055,4.454999923706055,0
"UST10Y","^TNX",2025-05-16,"USD",4.395999908447266,4.445000171661377,4.388000011444092,4.440999984741211,4.440999984741211,0
"UST10Y","^TNX",2025-05-19,"USD",4.548999786376953,4.561999797821045,4.4710001945495605,4.474999904632568,4.474999904632568,0
"UST10Y","^TNX",2025-05-20,"USD",4.474999904632568,4.5229997634887695,4.4730000495910645,4.480999946594238,4.480999946594238,0
"UST10Y","^TNX",2025-05-21,"USD",4.543000221252441,4.604000091552734,4.5229997634887695,4.5960001945495605,4.5960001945495605,0
"UST10Y","^TNX",2025-05-22,"USD",4.61299991607666,4.629000186920166,4.540999889373779,4.552999973297119,4.552999973297119,0
"UST10Y","^TNX",2025-05-23,"USD",4.4730000495910645,4.5269999504089355,4.465000152587891,4.508999824523926,4.508999824523926,0
"UST10Y","^TNX",2025-05-27,"USD",4.468999862670898,4.486999988555908,4.432000160217285,4.434000015258789,4.434000015258789,0
"UST10Y","^TNX",2025-05-28,"USD",4.443999767303467,4.500999927520752,4.438000202178955,4.4770002365112305,4.4770002365112305,0
"UST10Y","^TNX",2025-05-29,"USD",4.497000217437744,4.499000072479248,4.415999889373779,4.423999786376953,4.423999786376953,0
"UST10Y","^TNX",2025-05-30,"USD",4.421999931335449,4.441999912261963,4.394000053405762,4.415999889373779,4.415999889373779,0
"UST10Y","^TNX",2025-06-02,"USD",4.438000202178955,4.46999979019165,4.418000221252441,4.461999893188477,4.461999893188477,0
"UST10Y","^TNX",2025-06-03,"USD",4.409999847412109,4.473999977111816,4.406000137329102,4.460000038146973,4.460000038146973,0
"UST10Y","^TNX",2025-06-04,"USD",4.427999973297119,4.429999828338623,4.348999977111816,4.364999771118164,4.364999771118164,0
"UST10Y","^TNX",2025-06-05,"USD",4.3379998207092285,4.400000095367432,4.317999839782715,4.394000053405762,4.394000053405762,0
"UST10Y","^TNX",2025-06-06,"USD",4.4029998779296875,4.51200008392334,4.400000095367432,4.510000228881836,4.510000228881836,0
"UST10Y","^TNX",2025-06-09,"USD",4.501999855041504,4.51800012588501,4.46999979019165,4.48199987411499,4.48199987411499,0
"UST10Y","^TNX",2025-06-10,"USD",4.449999809265137,4.48199987411499,4.440000057220459,4.473999977111816,4.473999977111816,0
"UST10Y","^TNX",2025-06-11,"USD",4.498000144958496,4.50600004196167,4.4070000648498535,4.4120001792907715,4.4120001792907715,0
"UST10Y","^TNX",2025-06-12,"USD",4.367000102996826,4.38700008392334,4.343999862670898,4.35699987411499,4.35699987411499,0
"UST10Y","^TNX",2025-06-13,"USD",4.343999862670898,4.446000099182129,4.340000152587891,4.423999786376953,4.423999786376953,0
"UST10Y","^TNX",2025-06-16,"USD",4.441999912261963,4.453999996185303,4.4029998779296875,4.452000141143799,4.452000141143799,0
"UST10Y","^TNX",2025-06-17,"USD",4.4029998779296875,4.441999912261963,4.38100004196167,4.39300012588501,4.39300012588501,0
"UST10Y","^TNX",2025-06-18,"USD",4.364999771118164,4.39900016784668,4.3460001945495605,4.396999835968018,4.396999835968018,0
"UST10Y","^TNX",2025-06-20,"USD",4.436999797821045,4.442999839782715,4.361000061035156,4.375,4.375,0
"UST10Y","^TNX",2025-06-23,"USD",4.361000061035156,4.361000061035156,4.290999889373779,4.320000171661377,4.320000171661377,0
"UST10Y","^TNX",2025-06-24,"USD",4.3520002365112305,4.370999813079834,4.284999847412109,4.293000221252441,4.293000221252441,0
"UST10Y","^TNX",2025-06-25,"USD",4.308000087738037,4.3379998207092285,4.293000221252441,4.293000221252441,4.293000221252441,0
"UST10Y","^TNX",2025-06-26,"USD",4.2769999504089355,4.293000221252441,4.25,4.252999782562256,4.252999782562256,0
"UST10Y","^TNX",2025-06-27,"USD",4.270999908447266,4.293000221252441,4.239999771118164,4.2829999923706055,4.2829999923706055,0
"UST10Y","^TNX",2025-06-30,"USD",4.252999782562256,4.2769999504089355,4.230000019073486,4.230000019073486,4.230000019073486,0
"UST10Y","^TNX",2025-07-01,"USD",4.206999778747559,4.2769999504089355,4.204999923706055,4.250999927520752,4.250999927520752,0
"UST10Y","^TNX",2025-07-02,"USD",4.269000053405762,4.308000087738037,4.263000011444092,4.293000221252441,4.293000221252441,0
"UST10Y","^TNX",2025-07-03,"USD",4.256999969482422,4.363999843597412,4.255000114440918,4.3480000495910645,4.3480000495910645,0
"UST10Y","^TNX",2025-07-07,"USD",4.363999843597412,4.39900016784668,4.349999904632568,4.394999980926514,4.394999980926514,0
"UST10Y","^TNX",2025-07-08,"USD",4.414999961853027,4.434999942779541,4.413000106811523,4.414999961853027,4.414999961853027,0
"UST10Y","^TNX",2025-07-09,"USD",4.416999816894531,4.422999858856201,4.340000152587891,4.3420000076293945,4.3420000076293945,0
"UST10Y","^TNX",2025-07-10,"USD",4.3460001945495605,4.375999927520752,4.3420000076293945,4.3460001945495605,4.3460001945495605,0
"UST10Y","^TNX",2025-07-11,"USD",4.388000011444092,4.425000190734863,4.380000114440918,4.422999858856201,4.422999858856201,0
"UST10Y","^TNX",2025-07-14,"USD",4.433000087738037,4.447000026702881,4.4029998779296875,4.427000045776367,4.427000045776367,0
"UST10Y","^TNX",2025-07-15,"USD",4.431000232696533,4.491000175476074,4.395999908447266,4.488999843597412,4.488999843597412,0
"UST10Y","^TNX",2025-07-16,"USD",4.474999904632568,4.488999843597412,4.436999797821045,4.454999923706055,4.454999923706055,0
"UST10Y","^TNX",2025-07-17,"USD",4.4770002365112305,4.493000030517578,4.428999900817871,4.4629998207092285,4.4629998207092285,0
"UST10Y","^TNX",2025-07-18,"USD",4.423999786376953,4.441999912261963,4.415999889373779,4.432000160217285,4.432000160217285,0
"UST10Y","^TNX",2025-07-21,"USD",4.368000030517578,4.383999824523926,4.3520002365112305,4.372000217437744,4.372000217437744,0
"UST10Y","^TNX",2025-07-22,"USD",4.372000217437744,4.377999782562256,4.328000068664551,4.335999965667725,4.335999965667725,0
"UST10Y","^TNX",2025-07-23,"USD",4.357999801635742,4.3979997634887695,4.357999801635742,4.388000011444092,4.388000011444092,0
"UST10Y","^TNX",2025-07-24,"USD",4.4079999923706055,4.441999912261963,4.394000053405762,4.4079999923706055,4.4079999923706055,0
"UST10Y","^TNX",2025-07-25,"USD",4.415999889373779,4.429999828338623,4.381999969482422,4.386000156402588,4.386000156402588,0
"UST10Y","^TNX",2025-07-28,"USD",4.400000095367432,4.420000076293945,4.392000198364258,4.420000076293945,4.420000076293945,0
"UST10Y","^TNX",2025-07-29,"USD",4.381999969482422,4.4039998054504395,4.326000213623047,4.329999923706055,4.329999923706055,0
"UST10Y","^TNX",2025-07-30,"USD",4.343999862670898,4.380000114440918,4.331999778747559,4.375999927520752,4.375999927520752,0
"UST10Y","^TNX",2025-07-31,"USD",4.343999862670898,4.360000133514404,4.326000213623047,4.360000133514404,4.360000133514404,0
"UST10Y","^TNX",2025-08-01,"USD",4.4039998054504395,4.4079999923706055,4.216000080108643,4.21999979019165,4.21999979019165,0
"UST10Y","^TNX",2025-08-04,"USD",4.223999977111816,4.236000061035156,4.197999954223633,4.199999809265137,4.199999809265137,0
"UST10Y","^TNX",2025-08-05,"USD",4.211999893188477,4.22599983215332,4.188000202178955,4.196000099182129,4.196000099182129,0
"UST10Y","^TNX",2025-08-06,"USD",4.230000019073486,4.281000137329102,4.214000225067139,4.21999979019165,4.21999979019165,0
"UST10Y","^TNX",2025-08-07,"USD",4.236999988555908,4.254000186920166,4.2210001945495605,4.24399995803833,4.24399995803833,0
"UST10Y","^TNX",2025-08-08,"USD",4.260000228881836,4.289000034332275,4.254000186920166,4.284999847412109,4.284999847412109,0
"UST10Y","^TNX",2025-08-11,"USD",4.269000053405762,4.284999847412109,4.257999897003174,4.2729997634887695,4.2729997634887695,0
"UST10Y","^TNX",2025-08-12,"USD",4.293000221252441,4.317999839782715,4.245999813079834,4.293000221252441,4.293000221252441,0
"UST10Y","^TNX",2025-08-13,"USD",4.260000228881836,4.260000228881836,4.224999904632568,4.23799991607666,4.23799991607666,0
"UST10Y","^TNX",2025-08-14,"USD",4.208000183105469,4.296000003814697,4.203999996185303,4.293000221252441,4.293000221252441,0
"UST10Y","^TNX",2025-08-15,"USD",4.293000221252441,4.331999778747559,4.281000137329102,4.328000068664551,4.328000068664551,0
"UST10Y","^TNX",2025-08-18,"USD",4.297999858856201,4.35099983215332,4.295000076293945,4.341000080108643,4.341000080108643,0
"UST10Y","^TNX",2025-08-19,"USD",4.323999881744385,4.326000213623047,4.297999858856201,4.302000045776367,4.302000045776367,0
"UST10Y","^TNX",2025-08-20,"USD",4.297999858856201,4.309999942779541,4.275000095367432,4.296000003814697,4.296000003814697,0
"UST10Y","^TNX",2025-08-21,"USD",4.315999984741211,4.3470001220703125,4.296000003814697,4.329999923706055,4.329999923706055,0
"UST10Y","^TNX",2025-08-22,"USD",4.315999984741211,4.320000171661377,4.242000102996826,4.260000228881836,4.260000228881836,0
"UST10Y","^TNX",2025-08-25,"USD",4.281000137329102,4.295000076293945,4.267000198364258,4.275000095367432,4.275000095367432,0
"UST10Y","^TNX",2025-08-26,"USD",4.2769999504089355,4.290999889373779,4.254000186920166,4.257999897003174,4.257999897003174,0
"UST10Y","^TNX",2025-08-27,"USD",4.2729997634887695,4.290999889373779,4.236000061035156,4.23799991607666,4.23799991607666,0
"UST10Y","^TNX",2025-08-28,"USD",4.234000205993652,4.25,4.203000068664551,4.206999778747559,4.206999778747559,0
"UST10Y","^TNX",2025-08-29,"USD",4.228000164031982,4.242000102996826,4.215000152587891,4.2270002365112305,4.2270002365112305,0
"UST10Y","^TNX",2025-09-02,"USD",4.297999858856201,4.306000232696533,4.260000228881836,4.2769999504089355,4.2769999504089355,0
"UST10Y","^TNX",2025-09-03,"USD",4.269000053405762,4.2829999923706055,4.203000068664551,4.210999965667725,4.210999965667725,0
"UST10Y","^TNX",2025-09-04,"USD",4.190000057220459,4.206999778747559,4.173999786376953,4.176000118255615,4.176000118255615,0
"UST10Y","^TNX",2025-09-05,"USD",4.138000011444092,4.138000011444092,4.063000202178955,4.085999965667725,4.085999965667725,0
"UST10Y","^TNX",2025-09-08,"USD",4.072000026702881,4.0879998207092285,4.044000148773193,4.046000003814697,4.046000003814697,0
"UST10Y","^TNX",2025-09-09,"USD",4.065000057220459,4.091000080108643,4.039999961853027,4.073999881744385,4.073999881744385,0
"UST10Y","^TNX",2025-09-10,"USD",4.0879998207092285,4.091000080108643,4.026000022888184,4.0320000648498535,4.0320000648498535,0
"UST10Y","^TNX",2025-09-11,"USD",4.051000118255615,4.064000129699707,3.996000051498413,4.011000156402588,4.011000156402588,0
"UST10Y","^TNX",2025-09-12,"USD",4.052999973297119,4.083000183105469,4.051000118255615,4.060999870300293,4.060999870300293,0
"UST10Y","^TNX",2025-09-15,"USD",4.059000015258789,4.059000015258789,4.03000020980835,4.033999919891357,4.033999919891357,0
"UST10Y","^TNX",2025-09-16,"USD",4.040999889373779,4.064000129699707,4.021999835968018,4.026000022888184,4.026000022888184,0
"UST10Y","^TNX",2025-09-17,"USD",4.02400016784668,4.080999851226807,3.992000102996826,4.076000213623047,4.076000213623047,0
"UST10Y","^TNX",2025-09-18,"USD",4.064000129699707,4.13700008392334,4.061999797821045,4.104000091552734,4.104000091552734,0
"UST10Y","^TNX",2025-09-19,"USD",4.13100004196167,4.14300012588501,4.116000175476074,4.138999938964844,4.138999938964844,0
"UST10Y","^TNX",2025-09-22,"USD",4.13100004196167,4.150000095367432,4.122000217437744,4.14300012588501,4.14300012588501,0
"UST10Y","^TNX",2025-09-23,"USD",4.135000228881836,4.14900016784668,4.110000133514404,4.119999885559082,4.119999885559082,0
"UST10Y","^TNX",2025-09-24,"USD",4.129000186920166,4.1519999504089355,4.126999855041504,4.146999835968018,4.146999835968018,0
"UST10Y","^TNX",2025-09-25,"USD",4.1539998054504395,4.201000213623047,4.150000095367432,4.171999931335449,4.171999931335449,0
"UST10Y","^TNX",2025-09-26,"USD",4.164000034332275,4.197000026702881,4.1519999504089355,4.186999797821045,4.186999797821045,0
"UST10Y","^TNX",2025-09-29,"USD",4.150000095367432,4.168000221252441,4.135000228881836,4.140999794006348,4.140999794006348,0
"UST10Y","^TNX",2025-09-30,"USD",4.132999897003174,4.1519999504089355,4.105999946594238,4.1479997634887695,4.1479997634887695,0
"UST10Y","^TNX",2025-10-01,"USD",4.107999801635742,4.129000186920166,4.089000225067139,4.105999946594238,4.105999946594238,0
"UST10Y","^TNX",2025-10-02,"USD",4.105999946594238,4.126999855041504,4.083000183105469,4.0879998207092285,4.0879998207092285,0
"UST10Y","^TNX",2025-10-03,"USD",4.083000183105469,4.11899995803833,4.080999851226807,4.11899995803833,4.11899995803833,0
"UST10Y","^TNX",2025-10-06,"USD",4.1620001792907715,4.165999889373779,4.132999897003174,4.1620001792907715,4.1620001792907715,0
"UST10Y","^TNX",2025-10-07,"USD",4.164000034332275,4.171000003814697,4.11299991607666,4.126999855041504,4.126999855041504,0
"UST10Y","^TNX",2025-10-08,"USD",4.104000091552734,4.136000156402588,4.0960001945495605,4.129000186920166,4.129000186920166,0
"UST10Y","^TNX",2025-10-09,"USD",4.132999897003174,4.1519999504089355,4.126999855041504,4.1479997634887695,4.1479997634887695,0
"UST10Y","^TNX",2025-10-10,"USD",4.0980000495910645,4.105000019073486,4.044000148773193,4.051000118255615,4.051000118255615,0
"UST10Y","^TNX",2025-10-13,"USD",4.051000118255615,4.051000118255615,4.051000118255615,4.051000118255615,4.051000118255615,0
"UST10Y","^TNX",2025-10-14,"USD",4.019000053405762,4.051000118255615,4.014999866485596,4.021999835968018,4.021999835968018,0
"UST10Y","^TNX",2025-10-15,"USD",4.02400016784668,4.046999931335449,4.000999927520752,4.046000003814697,4.046000003814697,0
"UST10Y","^TNX",2025-10-16,"USD",4.019000053405762,4.051000118255615,3.9709999561309814,3.9760000705718994,3.9760000705718994,0
"UST10Y","^TNX",2025-10-17,"USD",3.994999885559082,4.017000198364258,3.990000009536743,4.006999969482422,4.006999969482422,0
"UST10Y","^TNX",2025-10-20,"USD",4.005000114440918,4.005000114440918,3.9860000610351562,3.9860000610351562,3.9860000610351562,0
"UST10Y","^TNX",2025-10-21,"USD",3.9760000705718994,3.9760000705718994,3.947000026702881,3.9630000591278076,3.9630000591278076,0
"UST10Y","^TNX",2025-10-22,"USD",3.9509999752044678,3.9779999256134033,3.947000026702881,3.953000068664551,3.953000068664551,0
"UST10Y","^TNX",2025-10-23,"USD",3.989000082015991,4.005000114440918,3.9779999256134033,3.990999937057495,3.990999937057495,0
"UST10Y","^TNX",2025-10-24,"USD",4.01200008392334,4.015999794006348,3.9639999866485596,3.996999979019165,3.996999979019165,0
"UST10Y","^TNX",2025-10-27,"USD",4.019999980926514,4.0329999923706055,3.994999885559082,3.996999979019165,3.996999979019165,0
"UST10Y","^TNX",2025-10-28,"USD",3.9830000400543213,4.004000186920166,3.9700000286102295,3.9830000400543213,3.9830000400543213,0
"UST10Y","^TNX",2025-10-29,"USD",3.994999885559082,4.058000087738037,3.9830000400543213,4.058000087738037,4.058000087738037,0
"UST10Y","^TNX",2025-10-30,"USD",4.098999977111816,4.116000175476074,4.067999839782715,4.0929999351501465,4.0929999351501465,0
"UST10Y","^TNX",2025-10-31,"USD",4.10099983215332,4.103000164031982,4.076000213623047,4.10099983215332,4.10099983215332,0
"UST10Y","^TNX",2025-11-03,"USD",4.105999946594238,4.122000217437744,4.0970001220703125,4.105999946594238,4.105999946594238,0
"UST10Y","^TNX",2025-11-04,"USD",4.0970001220703125,4.10099983215332,4.078999996185303,4.089000225067139,4.089000225067139,0
"UST10Y","^TNX",2025-11-05,"USD",4.0970001220703125,4.160999774932861,4.0929999351501465,4.1570000648498535,4.1570000648498535,0
"UST10Y","^TNX",2025-11-06,"USD",4.131999969482422,4.131999969482422,4.077000141143799,4.0929999351501465,4.0929999351501465,0
"UST10Y","^TNX",2025-11-07,"USD",4.086999893188477,4.111999988555908,4.065999984741211,4.0929999351501465,4.0929999351501465,0
"UST10Y","^TNX",2025-11-10,"USD",4.136000156402588,4.138000011444092,4.0980000495910645,4.110000133514404,4.110000133514404,0
"UST10Y","^TNX",2025-11-11,"USD",4.119999885559082,4.119999885559082,4.119999885559082,4.119999885559082,4.119999885559082,0
"UST10Y","^TNX",2025-11-12,"USD",4.074999809265137,4.091000080108643,4.056000232696533,4.065000057220459,4.065000057220459,0
"UST10Y","^TNX",2025-11-13,"USD",4.104000091552734,4.117000102996826,4.0879998207092285,4.111999988555908,4.111999988555908,0
"UST10Y","^TNX",2025-11-14,"USD",4.066999912261963,4.1479997634887695,4.065000057220459,4.1479997634887695,4.1479997634887695,0
"UST10Y","^TNX",2025-11-17,"USD",4.138999938964844,4.145999908447266,4.125,4.132999897003174,4.132999897003174,0
"UST10Y","^TNX",2025-11-18,"USD",4.105999946594238,4.138999938964844,4.085000038146973,4.123000144958496,4.123000144958496,0
"UST10Y","^TNX",2025-11-19,"USD",4.110000133514404,4.135000228881836,4.0980000495910645,4.132999897003174,4.132999897003174,0
"UST10Y","^TNX",2025-11-20,"USD",4.145999908447266,4.1620001792907715,4.085999965667725,4.105999946594238,4.105999946594238,0
"UST10Y","^TNX",2025-11-21,"USD",4.071000099182129,4.085999965667725,4.053999900817871,4.063000202178955,4.063000202178955,0
"UST10Y","^TNX",2025-11-24,"USD",4.056000232696533,4.060999870300293,4.0320000648498535,4.038000106811523,4.038000106811523,0
"UST10Y","^TNX",2025-11-25,"USD",4.013000011444092,4.0269999504089355,3.98799991607666,4.001999855041504,4.001999855041504,0
"UST10Y","^TNX",2025-11-26,"USD",4,4.041999816894531,3.996000051498413,3.997999906539917,3.997999906539917,0
"UST10Y","^TNX",2025-11-28,"USD",3.990000009536743,4.035999774932861,3.990000009536743,4.017000198364258,4.017000198364258,0
"UST10Y","^TNX",2025-12-01,"USD",4.050000190734863,4.0980000495910645,4.050000190734863,4.0960001945495605,4.0960001945495605,0
"UST10Y","^TNX",2025-12-02,"USD",4.110000133514404,4.113999843597412,4.080999851226807,4.085999965667725,4.085999965667725,0
"UST10Y","^TNX",2025-12-03,"USD",4.053999900817871,4.085999965667725,4.052000045776367,4.057000160217285,4.057000160217285,0
"UST10Y","^TNX",2025-12-04,"USD",4.093999862670898,4.110000133514404,4.083000183105469,4.107999801635742,4.107999801635742,0
"UST10Y","^TNX",2025-12-05,"USD",4.118000030517578,4.144999980926514,4.0980000495910645,4.138999938964844,4.138999938964844,0
"UST10Y","^TNX",2025-12-08,"USD",4.14300012588501,4.191999912261963,4.14300012588501,4.171999931335449,4.171999931335449,0
"UST10Y","^TNX",2025-12-09,"USD",4.1620001792907715,4.190000057220459,4.14300012588501,4.185999870300293,4.185999870300293,0
"UST10Y","^TNX",2025-12-10,"USD",4.202000141143799,4.203999996185303,4.146999835968018,4.164000034332275,4.164000034332275,0
"UST10Y","^TNX",2025-12-11,"USD",4.13100004196167,4.14300012588501,4.1020002365112305,4.140999794006348,4.140999794006348,0
"UST10Y","^TNX",2025-12-12,"USD",4.177999973297119,4.199999809265137,4.177999973297119,4.193999767303467,4.193999767303467,0
"UST10Y","^TNX",2025-12-15,"USD",4.170000076293945,4.185999870300293,4.151000022888184,4.182000160217285,4.182000160217285,0
"UST10Y","^TNX",2025-12-16,"USD",4.170000076293945,4.196000099182129,4.14300012588501,4.14900016784668,4.14900016784668,0
"UST10Y","^TNX",2025-12-17,"USD",4.163000106811523,4.170000076293945,4.14300012588501,4.151000022888184,4.151000022888184,0
"UST10Y","^TNX",2025-12-18,"USD",4.125,4.13700008392334,4.107999801635742,4.116000175476074,4.116000175476074,0
"UST10Y","^TNX",2025-12-19,"USD",4.146999835968018,4.1570000648498535,4.130000114440918,4.151000022888184,4.151000022888184,0
"UST10Y","^TNX",2025-12-22,"USD",4.166999816894531,4.175000190734863,4.15500020980835,4.169000148773193,4.169000148773193,0
"UST10Y","^TNX",2025-12-23,"USD",4.151000022888184,4.202000141143799,4.151000022888184,4.169000148773193,4.169000148773193,0
"UST10Y","^TNX",2025-12-24,"USD",4.166999816894531,4.166999816894531,4.131999969482422,4.136000156402588,4.136000156402588,0
"UST10Y","^TNX",2025-12-26,"USD",4.122000217437744,4.144999980926514,4.110000133514404,4.136000156402588,4.136000156402588,0
"UST10Y","^TNX",2025-12-29,"USD",4.116000175476074,4.130000114440918,4.107999801635742,4.116000175476074,4.116000175476074,0
"UST10Y","^TNX",2025-12-30,"USD",4.140999794006348,4.140999794006348,4.116000175476074,4.130000114440918,4.130000114440918,0
"UST10Y","^TNX",2025-12-31,"USD",4.125999927520752,4.172999858856201,4.125999927520752,4.163000106811523,4.163000106811523,0
"UST10Y","^TNX",2026-01-02,"USD",4.160999774932861,4.197000026702881,4.158999919891357,4.186999797821045,4.186999797821045,0
"UST10Y","^TNX",2026-01-05,"USD",4.183000087738037,4.190999984741211,4.1529998779296875,4.164999961853027,4.164999961853027,0
"UST10Y","^TNX",2026-01-06,"USD",4.172999858856201,4.197000026702881,4.164999961853027,4.178999900817871,4.178999900817871,0
"UST10Y","^TNX",2026-01-07,"USD",4.131999969482422,4.160999774932861,4.124000072479248,4.138000011444092,4.138000011444092,0
"UST10Y","^TNX",2026-01-08,"USD",4.166999816894531,4.186999797821045,4.160999774932861,4.183000087738037,4.183000087738037,0
"UST10Y","^TNX",2026-01-09,"USD",4.186999797821045,4.210999965667725,4.158999919891357,4.171000003814697,4.171000003814697,0
"UST10Y","^TNX",2026-01-12,"USD",4.197000026702881,4.201000213623047,4.169000148773193,4.186999797821045,4.186999797821045,0
"UST10Y","^TNX",2026-01-13,"USD",4.192999839782715,4.195000171661377,4.156000137329102,4.171000003814697,4.171000003814697,0
"UST10Y","^TNX",2026-01-14,"USD",4.159999847412109,4.169000148773193,4.131999969482422,4.139999866485596,4.139999866485596,0
"UST10Y","^TNX",2026-01-15,"USD",4.138000011444092,4.164000034332275,4.136000156402588,4.159999847412109,4.159999847412109,0
"UST10Y","^TNX",2026-01-16,"USD",4.195000171661377,4.232999801635742,4.181000232696533,4.230999946594238,4.230999946594238,0
"UST10Y","^TNX",2026-01-20,"USD",4.2789998054504395,4.310999870300293,4.269000053405762,4.295000076293945,4.295000076293945,0
"UST10Y","^TNX",2026-01-21,"USD",4.281000137329102,4.301000118255615,4.249000072479248,4.252999782562256,4.252999782562256,0
"UST10Y","^TNX",2026-01-22,"USD",4.258999824523926,4.2769999504089355,4.243000030517578,4.249000072479248,4.249000072479248,0
"UST10Y","^TNX",2026-01-23,"USD",4.236999988555908,4.263000011444092,4.232999801635742,4.238999843597412,4.238999843597412,0
"UST10Y","^TNX",2026-01-26,"USD",4.2129998207092285,4.229000091552734,4.203000068664551,4.2129998207092285,4.2129998207092285,0
"UST10Y","^TNX",2026-01-27,"USD",4.235000133514404,4.238999843597412,4.206999778747559,4.2230000495910645,4.2230000495910645,0
"UST10Y","^TNX",2026-01-28,"USD",4.235000133514404,4.270999908447266,4.235000133514404,4.250999927520752,4.250999927520752,0
"UST10Y","^TNX",2026-01-29,"USD",4.247000217437744,4.270999908447266,4.2230000495910645,4.2270002365112305,4.2270002365112305,0
"UST10Y","^TNX",2026-01-30,"USD",4.247000217437744,4.261000156402588,4.236000061035156,4.241000175476074,4.241000175476074,0
"UST10Y","^TNX",2026-02-02,"USD",4.236000061035156,4.281000137329102,4.230999946594238,4.275000095367432,4.275000095367432,0
"UST10Y","^TNX",2026-02-03,"USD",4.289999961853027,4.300000190734863,4.265999794006348,4.27400016784668,4.27400016784668,0
"UST10Y","^TNX",2026-02-04,"USD",4.26800012588501,4.289999961853027,4.261000156402588,4.275000095367432,4.275000095367432,0
"UST10Y","^TNX",2026-02-05,"USD",4.251999855041504,4.25600004196167,4.203999996185303,4.210000038146973,4.210000038146973,0
"UST10Y","^TNX",2026-02-06,"USD",4.203999996185303,4.223999977111816,4.193999767303467,4.205999851226807,4.205999851226807,0
"UST10Y","^TNX",2026-02-09,"USD",4.23799991607666,4.23799991607666,4.196000099182129,4.197999954223633,4.197999954223633,0
"UST10Y","^TNX",2026-02-10,"USD",4.176000118255615,4.176000118255615,4.135000228881836,4.146999835968018,4.146999835968018,0
"UST10Y","^TNX",2026-02-11,"USD",4.132999897003174,4.205999851226807,4.125,4.171999931335449,4.171999931335449,0
"UST10Y","^TNX",2026-02-12,"USD",4.1579999923706055,4.169000148773193,4.099999904632568,4.104000091552734,4.104000091552734,0
"UST10Y","^TNX",2026-02-13,"USD",4.099999904632568,4.105999946594238,4.046000003814697,4.056000232696533,4.056000232696533,0
"UST10Y","^TNX",2026-02-17,"USD",4.031000137329102,4.059999942779541,4.025000095367432,4.052000045776367,4.052000045776367,0
"UST10Y","^TNX",2026-02-18,"USD",4.064000129699707,4.0879998207092285,4.059999942779541,4.078999996185303,4.078999996185303,0
"UST10Y","^TNX",2026-02-19,"USD",4.104000091552734,4.105999946594238,4.065000057220459,4.074999809265137,4.074999809265137,0
"UST10Y","^TNX",2026-02-20,"USD",4.059999942779541,4.104000091552734,4.059999942779541,4.085999965667725,4.085999965667725,0
"UST10Y","^TNX",2026-02-23,"USD",4.074999809265137,4.074999809265137,4.01800012588501,4.0289998054504395,4.0289998054504395,0
"UST10Y","^TNX",2026-02-24,"USD",4.041999816894531,4.046000003814697,4.0269999504089355,4.0329999923706055,4.0329999923706055,0
"UST10Y","^TNX",2026-02-25,"USD",4.056000232696533,4.058000087738037,4.034999847412109,4.047999858856201,4.047999858856201,0
"UST10Y","^TNX",2026-02-26,"USD",4.041999816894531,4.047999858856201,4.013999938964844,4.017000198364258,4.017000198364258,0
"UST10Y","^TNX",2026-02-27,"USD",3.9790000915527344,3.99399995803833,3.9560000896453857,3.9619998931884766,3.9619998931884766,0
"UST10Y","^TNX",2026-03-02,"USD",3.997999906539917,4.066999912261963,3.996000051498413,4.047999858856201,4.047999858856201,0
"UST10Y","^TNX",2026-03-03,"USD",4.093999862670898,4.117000102996826,4.039999961853027,4.056000232696533,4.056000232696533,0
"UST10Y","^TNX",2026-03-04,"USD",4.077000141143799,4.0879998207092285,4.063000202178955,4.079999923706055,4.079999923706055,0
"UST10Y","^TNX",2026-03-05,"USD",4.132999897003174,4.1479997634887695,4.123000144958496,4.145999908447266,4.145999908447266,0
"UST10Y","^TNX",2026-03-06,"USD",4.164999961853027,4.186999797821045,4.105000019073486,4.132999897003174,4.132999897003174,0
"UST10Y","^TNX",2026-03-09,"USD",4.172999858856201,4.177000045776367,4.117000102996826,4.136000156402588,4.136000156402588,0
"UST10Y","^TNX",2026-03-10,"USD",4.131999969482422,4.1539998054504395,4.104000091552734,4.136000156402588,4.136000156402588,0
"UST10Y","^TNX",2026-03-11,"USD",4.177000045776367,4.22599983215332,4.164999961853027,4.208000183105469,4.208000183105469,0
"UST10Y","^TNX",2026-03-12,"USD",4.22599983215332,4.2729997634887695,4.216000080108643,4.2729997634887695,4.2729997634887695,0
"UST10Y","^TNX",2026-03-13,"USD",4.263000011444092,4.289999961853027,4.236000061035156,4.284999847412109,4.284999847412109,0
"UST10Y","^TNX",2026-03-16,"USD",4.236000061035156,4.244999885559082,4.2179999351501465,4.21999979019165,4.21999979019165,0
"UST10Y","^TNX",2026-03-17,"USD",4.216000080108643,4.216000080108643,4.189000129699707,4.202000141143799,4.202000141143799,0
"UST10Y","^TNX",2026-03-18,"USD",4.197000026702881,4.258999824523926,4.195000171661377,4.258999824523926,4.258999824523926,0
"UST10Y","^TNX",2026-03-19,"USD",4.308000087738037,4.326000213623047,4.256999969482422,4.281000137329102,4.281000137329102,0
"UST10Y","^TNX",2026-03-20,"USD",4.303999900817871,4.394000053405762,4.296000003814697,4.390999794006348,4.390999794006348,0
"UST10Y","^TNX",2026-03-23,"USD",4.375999927520752,4.395999908447266,4.311999797821045,4.334000110626221,4.334000110626221,0
"UST10Y","^TNX",2026-03-24,"USD",4.375999927520752,4.426000118255615,4.360000133514404,4.392000198364258,4.392000198364258,0
"UST10Y","^TNX",2026-03-25,"USD",4.334000110626221,4.349999904632568,4.314000129699707,4.328000068664551,4.328000068664551,0
"UST10Y","^TNX",2026-03-26,"USD",4.377999782562256,4.421999931335449,4.354000091552734,4.415999889373779,4.415999889373779,0
"UST10Y","^TNX",2026-03-27,"USD",4.461999893188477,4.484000205993652,4.409999847412109,4.440000057220459,4.440000057220459,0
"UST10Y","^TNX",2026-03-30,"USD",4.374000072479248,4.380000114440918,4.323999881744385,4.3420000076293945,4.3420000076293945,0
"UST10Y","^TNX",2026-03-31,"USD",4.307000160217285,4.331999778747559,4.2870001792907715,4.310999870300293,4.310999870300293,0
"UST10Y","^TNX",2026-04-01,"USD",4.293000221252441,4.334000110626221,4.293000221252441,4.318999767303467,4.318999767303467,0
"UST10Y","^TNX",2026-04-02,"USD",4.354000091552734,4.361999988555908,4.289000034332275,4.313000202178955,4.313000202178955,0
"UST10Y","^TNX",2026-04-06,"USD",4.360000133514404,4.366000175476074,4.316999912261963,4.335000038146973,4.335000038146973,0
"UST10Y","^TNX",2026-04-07,"USD",4.34499979019165,4.380000114440918,4.324999809265137,4.3429999351501465,4.3429999351501465,0
"UST10Y","^TNX",2026-04-08,"USD",4.248000144958496,4.296999931335449,4.234000205993652,4.290999889373779,4.290999889373779,0
"UST10Y","^TNX",2026-04-09,"USD",4.296999931335449,4.321000099182129,4.260000228881836,4.293000221252441,4.293000221252441,0
"UST10Y","^TNX",2026-04-10,"USD",4.284999847412109,4.322999954223633,4.2769999504089355,4.316999912261963,4.316999912261963,0
"UST10Y","^TNX",2026-04-13,"USD",4.348999977111816,4.35099983215332,4.296999931335449,4.296999931335449,4.296999931335449,0
"UST10Y","^TNX",2026-04-14,"USD",4.296999931335449,4.304999828338623,4.251999855041504,4.25600004196167,4.25600004196167,0
"UST10Y","^TNX",2026-04-15,"USD",4.271999835968018,4.293000221252441,4.263999938964844,4.2820000648498535,4.2820000648498535,0
"UST10Y","^TNX",2026-04-16,"USD",4.276000022888184,4.316999912261963,4.265999794006348,4.309000015258789,4.309000015258789,0
"UST10Y","^TNX",2026-04-17,"USD",4.296999931335449,4.296999931335449,4.22599983215332,4.245999813079834,4.245999813079834,0
"UST10Y","^TNX",2026-04-20,"USD",4.26200008392334,4.27400016784668,4.24399995803833,4.25,4.25,0
"UST10Y","^TNX",2026-04-21,"USD",4.271999835968018,4.309000015258789,4.26200008392334,4.291999816894531,4.291999816894531,0
"UST10Y","^TNX",2026-04-22,"USD",4.265999794006348,4.303999900817871,4.263999938964844,4.294000148773193,4.294000148773193,0
"UST10Y","^TNX",2026-04-23,"USD",4.306000232696533,4.35099983215332,4.285999774932861,4.322999954223633,4.322999954223633,0
"UST10Y","^TNX",2026-04-24,"USD",4.311999797821045,4.353000164031982,4.300000190734863,4.309999942779541,4.309999942779541,0
"UST10Y","^TNX",2026-04-27,"USD",4.311999797821045,4.349999904632568,4.309999942779541,4.335999965667725,4.335999965667725,0
"UST10Y","^TNX",2026-04-28,"USD",4.370999813079834,4.377999782562256,4.35099983215332,4.354000091552734,4.354000091552734,0
"UST10Y","^TNX",2026-04-29,"USD",4.361999988555908,4.432000160217285,4.361999988555908,4.418000221252441,4.418000221252441,0
"UST10Y","^TNX",2026-04-30,"USD",4.392000198364258,4.409999847412109,4.381999969482422,4.389999866485596,4.389999866485596,0
"UST10Y","^TNX",2026-05-01,"USD",4.368000030517578,4.4039998054504395,4.3420000076293945,4.377999782562256,4.377999782562256,0
"UST10Y","^TNX",2026-05-04,"USD",4.400000095367432,4.464000225067139,4.389999866485596,4.446000099182129,4.446000099182129,0
"UST10Y","^TNX",2026-05-05,"USD",4.426000118255615,4.429999828338623,4.406000137329102,4.415999889373779,4.415999889373779,0
"UST10Y","^TNX",2026-05-06,"USD",4.366000175476074,4.372000217437744,4.3480000495910645,4.355999946594238,4.355999946594238,0
"UST10Y","^TNX",2026-05-07,"USD",4.334000110626221,4.395999908447266,4.314000129699707,4.392000198364258,4.392000198364258,0
"UST10Y","^TNX",2026-05-08,"USD",4.372000217437744,4.388000011444092,4.3460001945495605,4.363999843597412,4.363999843597412,0
"UST10Y","^TNX",2026-05-11,"USD",4.392000198364258,4.409999847412109,4.377999782562256,4.409999847412109,4.409999847412109,0
"UST10Y","^TNX",2026-05-12,"USD",4.436999797821045,4.4670000076293945,4.422999858856201,4.4629998207092285,4.4629998207092285,0
"UST10Y","^TNX",2026-05-13,"USD",4.465000152587891,4.5,4.460999965667725,4.480999946594238,4.480999946594238,0
"UST10Y","^TNX",2026-05-14,"USD",4.439000129699707,4.460999965667725,4.435999870300293,4.460999965667725,4.460999965667725,0
"UST10Y","^TNX",2026-05-15,"USD",4.547999858856201,4.598999977111816,4.546000003814697,4.59499979019165,4.59499979019165,0
"UST10Y","^TNX",2026-05-18,"USD",4.598999977111816,4.626999855041504,4.564000129699707,4.623000144958496,4.623000144958496,0
"UST10Y","^TNX",2026-05-19,"USD",4.617000102996826,4.686999797821045,4.61299991607666,4.666999816894531,4.666999816894531,0
"UST10Y","^TNX",2026-05-20,"USD",4.64300012588501,4.658999919891357,4.565999984741211,4.572000026702881,4.572000026702881,0
"UST10Y","^TNX",2026-05-21,"USD",4.609000205993652,4.635000228881836,4.553999900817871,4.585999965667725,4.585999965667725,0
"UST10Y","^TNX",2026-05-22,"USD",4.541999816894531,4.585999965667725,4.5279998779296875,4.558000087738037,4.558000087738037,0
"UST10Y","^TNX",2026-05-26,"USD",4.488999843597412,4.51200008392334,4.479000091552734,4.493000030517578,4.493000030517578,0
"UST10Y","^TNX",2026-05-27,"USD",4.4710001945495605,4.488999843597412,4.448999881744385,4.480999946594238,4.480999946594238,0
"UST10Y","^TNX",2026-05-28,"USD",4.507999897003174,4.510000228881836,4.436999797821045,4.454999923706055,4.454999923706055,0
"UST10Y","^TNX",2026-05-29,"USD",4.440999984741211,4.456999778747559,4.426000118255615,4.453000068664551,4.453000068664551,0
"UST10Y","^TNX",2026-06-01,"USD",4.456999778747559,4.515999794006348,4.445000171661377,4.474999904632568,4.474999904632568,0
"UST10Y","^TNX",2026-06-02,"USD",4.429999828338623,4.4629998207092285,4.427999973297119,4.454999923706055,4.454999923706055,0
"UST10Y","^TNX",2026-06-03,"USD",4.485000133514404,4.502999782562256,4.474999904632568,4.491000175476074,4.491000175476074,0
"UST10Y","^TNX",2026-06-04,"USD",4.456999778747559,4.479000091552734,4.448999881744385,4.4770002365112305,4.4770002365112305,0
"UST10Y","^TNX",2026-06-05,"USD",4.4670000076293945,4.553999900817871,4.465000152587891,4.535999774932861,4.535999774932861,0
"UST10Y","^TNX",2026-06-08,"USD",4.539999961853027,4.558000087738037,4.515999794006348,4.552000045776367,4.552000045776367,0
"UST10Y","^TNX",2026-06-09,"USD",4.546000003814697,4.556000232696533,4.519999980926514,4.5279998779296875,4.5279998779296875,0
"UST10Y","^TNX",2026-06-10,"USD",4.533999919891357,4.559999942779541,4.513000011444092,4.541999816894531,4.541999816894531,0
"UST10Y","^TNX",2026-06-11,"USD",4.520999908447266,4.550000190734863,4.456999778747559,4.4629998207092285,4.4629998207092285,0
"UST10Y","^TNX",2026-06-12,"USD",4.4730000495910645,4.506999969482422,4.468999862670898,4.486999988555908,4.486999988555908,0
"UST10Y","^TNX",2026-06-15,"USD",4.454999923706055,4.4730000495910645,4.440999984741211,4.468999862670898,4.468999862670898,0
"UST10Y","^TNX",2026-06-16,"USD",4.442999839782715,4.459000110626221,4.420000076293945,4.427999973297119,4.427999973297119,0
"UST10Y","^TNX",2026-06-17,"USD",4.442999839782715,4.479000091552734,4.426000118255615,4.4629998207092285,4.4629998207092285,0
"UST10Y","^TNX",2026-06-18,"USD",4.453000068664551,4.453000068664551,4.420000076293945,4.451000213623047,4.451000213623047,0
"UST10Y","^TNX",2026-06-22,"USD",4.494999885559082,4.514999866485596,4.480999946594238,4.508999824523926,4.508999824523926,0
"UST10Y","^TNX",2026-06-23,"USD",4.486999988555908,4.497000217437744,4.4770002365112305,4.493000030517578,4.493000030517578,0
"UST10Y","^TNX",2026-06-24,"USD",4.453000068664551,4.454999923706055,4.3979997634887695,4.4019999504089355,4.4019999504089355,0
"UST10Y","^TNX",2026-06-25,"USD",4.4120001792907715,4.414000034332275,4.36299991607666,4.392000198364258,4.392000198364258,0
"UST10Y","^TNX",2026-06-26,"USD",4.388000011444092,4.409999847412109,4.367000102996826,4.372000217437744,4.372000217437744,0
"UST10Y","^TNX",2026-06-29,"USD",4.377999782562256,4.389999866485596,4.367000102996826,4.374000072479248,4.374000072479248,0
"UST10Y","^TNX",2026-06-30,"USD",4.392000198364258,4.421999931335449,4.388000011444092,4.418000221252441,4.418000221252441,0
"UST10Y","^TNX",2026-07-01,"USD",4.482999801635742,4.500999927520752,4.456999778747559,4.474999904632568,4.474999904632568,0
"UST10Y","^TNX",2026-07-02,"USD",4.502999782562256,4.505000114440918,4.453000068664551,4.485000133514404,4.485000133514404,0
"UST10Y","^TNX",2026-07-06,"USD",4.456999778747559,4.491000175476074,4.456999778747559,4.479000091552734,4.479000091552734,0
"UST10Y","^TNX",2026-07-07,"USD",4.497000217437744,4.5329999923706055,4.485000133514404,4.5289998054504395,4.5289998054504395,0
"UST10Y","^TNX",2026-07-08,"USD",4.560999870300293,4.5970001220703125,4.557000160217285,4.568999767303467,4.568999767303467,0
"UST10Y","^TNX",2026-07-09,"USD",4.577000141143799,4.580999851226807,4.5289998054504395,4.539000034332275,4.539000034332275,0
"UST10Y","^TNX",2026-07-10,"USD",4.540999889373779,4.571000099182129,4.539000034332275,4.568999767303467,4.568999767303467,0
"UST10Y","^TNX",2026-07-13,"USD",4.585000038146973,4.618000030517578,4.572999954223633,4.609000205993652,4.609000205993652,0
"UST10Y","^TNX",2026-07-14,"USD",4.613999843597412,4.613999843597412,4.525000095367432,4.585000038146973,4.585000038146973,0
"UST10Y","^TNX",2026-07-15,"USD",4.607999801635742,4.610000133514404,4.539000034332275,4.545000076293945,4.545000076293945,0
"UST10Y","^TNX",2026-07-16,"USD",4.581999778747559,4.5960001945495605,4.560999870300293,4.568999767303467,4.568999767303467,0
"UST10Y","^TNX",2026-07-17,"USD",4.520999908447266,4.550000190734863,4.511000156402588,4.540999889373779,4.540999889373779,0
"UST10Y","^TNX",2026-07-20,"USD",4.565999984741211,4.607999801635742,4.559999942779541,4.5980000495910645,4.5980000495910645,0
"UST10Y","^TNX",2026-07-21,"USD",4.599999904632568,4.639999866485596,4.5980000495910645,4.627999782562256,4.627999782562256,0
"UST10Y","^TNX",2026-07-22,"USD",4.639999866485596,4.660999774932861,4.631999969482422,4.6570000648498535,4.6570000648498535,0
"UST10Y","^TNX",2026-07-23,"USD",4.698999881744385,4.714000225067139,4.692999839782715,4.703000068664551,4.703000068664551,0
"UST10Y","^TNX",2026-07-24,"USD",4.683000087738037,4.690999984741211,4.651000022888184,4.678999900817871,4.678999900817871,0
"UST10Y","^TNX",2026-07-27,"USD",4.646999835968018,4.664999961853027,4.630000114440918,4.640999794006348,4.640999794006348,0
"UST10Y","^TNX",2026-07-28,"USD",4.630000114440918,4.635000228881836,4.5879998207092285,4.604000091552734,4.604000091552734,0
"UST10Y","^TNX",2026-07-29,"USD",4.63700008392334,4.65500020980835,4.610000133514404,4.622000217437744,4.622000217437744,0
"UST10Y","^TNX",2026-07-30,"USD",4.669000148773193,4.685999870300293,4.651000022888184,4.663000106811523,4.663000106811523,0
"UST10Y","^TNX",2026-07-31,"USD",4.684000015258789,4.747000217437744,4.682000160217285,4.744999885559082,4.744999885559082,0
"UST10Y","^TNX",2026-08-03,"USD",4.671000003814697,4.702000141143799,4.671000003814697,4.685999870300293,4.685999870300293,0
"UST10Y","^TNX",2026-08-04,"USD",4.664999961853027,4.668000221252441,4.61899995803833,4.626999855041504,4.626999855041504,0
"UST10Y","^TNX",2026-08-05,"USD",4.609000205993652,4.638999938964844,4.60699987411499,4.617000102996826,4.617000102996826,0
"UST10Y","^TNX",2026-08-06,"USD",4.64300012588501,4.676000118255615,4.635000228881836,4.670000076293945,4.670000076293945,0
"UST10Y","^TNX",2026-08-07,"USD",4.664000034332275,4.671999931335449,4.603000164031982,4.659999847412109,4.659999847412109,0
"UST10Y","^TNX",2026-08-10,"USD",4.6620001792907715,4.703000068664551,4.6620001792907715,4.698999881744385,4.698999881744385,0
"UST10Y","^TNX",2026-08-11,"USD",4.691999912261963,4.703000068664551,4.668000221252441,4.684000015258789,4.684000015258789,0
"UST10Y","^TNX",2026-08-12,"USD",4.659999847412109,4.688000202178955,4.645999908447266,4.682000160217285,4.682000160217285,0
"UST10Y","^TNX",2026-08-13,"USD",4.673999786376953,4.676000118255615,4.61299991607666,4.640999794006348,4.640999794006348,0
"UST10Y","^TNX",2026-08-14,"USD",4.644999980926514,4.699999809265137,4.625,4.696000099182129,4.696000099182129,0
"UST10Y","^TNX",2026-08-17,"USD",4.693999767303467,4.728000164031982,4.691999912261963,4.723999977111816,4.723999977111816,0
"UST10Y","^TNX",2026-08-18,"USD",4.73199987411499,4.745999813079834,4.703999996185303,4.705999851226807,4.705999851226807,0
"UST10Y","^TNX",2026-08-19,"USD",4.684000015258789,4.684000015258789,4.63700008392334,4.6529998779296875,4.6529998779296875,0
"UST10Y","^TNX",2026-08-20,"USD",4.705999851226807,4.714000225067139,4.673999786376953,4.696000099182129,4.696000099182129,0
"UST10Y","^TNX",2026-08-21,"USD",4.691999912261963,4.74399995803833,4.691999912261963,4.73799991607666,4.73799991607666,0
"UST10Y","^TNX",2026-08-24,"USD",4.714000225067139,4.71999979019165,4.679999828338623,4.703999996185303,4.703999996185303,0
"UST10Y","^TNX",2026-08-25,"USD",4.664000034332275,4.671999931335449,4.63700008392334,4.638999938964844,4.638999938964844,0
"UST10Y","^TNX",2026-08-26,"USD",4.632999897003174,4.670000076293945,4.620999813079834,4.664000034332275,4.664000034332275,0
"UST10Y","^TNX",2026-08-27,"USD",4.6579999923706055,4.679999828338623,4.64900016784668,4.671999931335449,4.671999931335449,0
"UST10Y","^TNX",2026-08-28,"USD",4.688000202178955,4.730000019073486,4.6539998054504395,4.71999979019165,4.71999979019165,0
"UST10Y","^TNX",2026-08-31,"USD",4.728000164031982,4.76800012588501,4.72599983215332,4.757999897003174,4.757999897003174,0
"UST10Y","^TNX",2026-09-01,"USD",4.788000106811523,4.800000190734863,4.751999855041504,4.796000003814697,4.796000003814697,0
"UST10Y","^TNX",2026-09-02,"USD",4.776000022888184,4.806000232696533,4.76800012588501,4.796000003814697,4.796000003814697,0
"UST10Y","^TNX",2026-09-03,"USD",4.765999794006348,4.76800012588501,4.73199987411499,4.76200008392334,4.76200008392334,0
"UST10Y","^TNX",2026-09-04,"USD",4.754000186920166,4.811999797821045,4.748000144958496,4.783999919891357,4.783999919891357,0
"UST10Y","^TNX",2026-09-08,"USD",4.794000148773193,4.811999797821045,4.760000228881836,4.806000232696533,4.806000232696533,0
"UST10Y","^TNX",2026-09-09,"USD",4.808000087738037,4.85699987411499,4.794000148773193,4.836999893188477,4.836999893188477,0
"UST10Y","^TNX",2026-09-10,"USD",4.88100004196167,4.952000141143799,4.879000186920166,4.943999767303467,4.943999767303467,0
"UST10Y","^TNX",2026-09-11,"USD",4.954999923706055,4.985000133514404,4.9039998054504395,4.974999904632568,4.974999904632568,0
"UST10Y","^TNX",2026-09-14,"USD",4.979000091552734,5.01200008392334,4.934000015258789,4.960999965667725,4.960999965667725,0
"UST10Y","^TNX",2026-09-15,"USD",5.010000228881836,5.015999794006348,4.986999988555908,4.995999813079834,4.995999813079834,0
"UST10Y","^TNX",2026-09-16,"USD",4.979000091552734,5.00600004196167,4.939000129699707,5.00600004196167,5.00600004196167,0
"UST10Y","^TNX",2026-09-17,"USD",4.953000068664551,4.9629998207092285,4.940999984741211,4.947000026702881,4.947000026702881,0
"UST10Y","^TNX",2026-09-18,"USD",4.980000019073486,5.007999897003174,4.9710001945495605,4.998000144958496,4.998000144958496,0
"UST10Y","^TNX",2026-09-21,"USD",4.953000068664551,4.97599983215332,4.951000213623047,4.9629998207092285,4.9629998207092285,0
"UST10Y","^TNX",2026-09-22,"USD",4.928999900817871,4.98199987411499,4.926000118255615,4.9679999351501465,4.9679999351501465,0
"UST10Y","^TNX",2026-09-23,"USD",4.989999771118164,5.135000228881836,4.984000205993652,5.113999843597412,5.113999843597412,0
"UST10Y","^TNX",2026-09-24,"USD",5.120999813079834,5.181000232696533,5.086999893188477,5.1620001792907715,5.1620001792907715,0
"UST10Y","^TNX",2026-09-25,"USD",5.185999870300293,5.230000019073486,5.1620001792907715,5.184000015258789,5.184000015258789,0
"UST10Y","^TNX",2026-09-28,"USD",5.209000110626221,5.27400016784668,5.204999923706055,5.239999771118164,5.239999771118164,0
"UST10Y","^TNX",2026-09-29,"USD",5.2129998207092285,5.293000221252441,5.2129998207092285,5.255000114440918,5.255000114440918,0
"UST10Y","^TNX",2026-09-30,"USD",5.243000030517578,5.306000232696533,5.204999923706055,5.293000221252441,5.293000221252441,0
"UST10Y","^TNX",2026-10-01,"USD",5.2789998054504395,5.3420000076293945,5.206999778747559,5.236999988555908,5.236999988555908,0
"UST10Y","^TNX",2026-10-02,"USD",5.216000080108643,5.297999858856201,5.1570000648498535,5.2769999504089355,5.2769999504089355,0
"UST10Y","^TNX",2026-10-05,"USD",5.2729997634887695,5.310999870300293,5.263999938964844,5.302999973297119,5.302999973297119,0
