"panel_id","common_anchor_query","query_id","brand_id","term","week","interest_common_scale","interest_common_scale_sd","draws_used","suppressed_draws"
"fifa_a","Lenovo FIFA","cobrand_lenovo_fifa","lenovo","Lenovo FIFA",2021-12-26,0,0,10,0
"fifa_a","Lenovo FIFA","cobrand_lenovo_fifa","lenovo","Lenovo FIFA",2022-01-02,0,0,10,0
"fifa_a","Lenovo FIFA","cobrand_lenovo_fifa","lenovo","Lenovo FIFA",2022-01-09,0,0,10,0
"fifa_a","Lenovo FIFA","cobrand_lenovo_fifa","lenovo","Lenovo FIFA",2022-01-16,0,0,10,0
"fifa_a","Lenovo FIFA","cobrand_lenovo_fifa","lenovo","Lenovo FIFA",2022-01-23,1,0,10,0
"fifa_a","Lenovo FIFA","cobrand_lenovo_fifa","lenovo","Lenovo FIFA",2022-01-30,0,0,10,0
"fifa_a","Lenovo FIFA","cobrand_lenovo_fifa","lenovo","Lenovo FIFA",2022-02-06,0,0,10,0
"fifa_a","Lenovo FIFA","cobrand_lenovo_fifa","lenovo","Lenovo FIFA",2022-02-13,0,0,10,0
"fifa_a","Lenovo FIFA","cobrand_lenovo_fifa","lenovo","Lenovo FIFA",2022-02-20,0,0,10,0
"fifa_a","Lenovo FIFA","cobrand_lenovo_fifa","lenovo","Lenovo FIFA",2022-02-27,0,0,10,0
"fifa_a","Lenovo FIFA","cobrand_lenovo_fifa","lenovo","Lenovo FIFA",2022-03-06,0,0,10,10
"fifa_a","Lenovo FIFA","cobrand_lenovo_fifa","lenovo","Lenovo FIFA",2022-03-13,0,0,10,0
"fifa_a","Lenovo FIFA","cobrand_lenovo_fifa","lenovo","Lenovo FIFA",2022-03-20,0,0,10,0
"fifa_a","Lenovo FIFA","cobrand_lenovo_fifa","lenovo","Lenovo FIFA",2022-03-27,1,0,10,0
"fifa_a","Lenovo FIFA","cobrand_lenovo_fifa","lenovo","Lenovo FIFA",2022-04-03,0,0,10,0
"fifa_a","Lenovo FIFA","cobrand_lenovo_fifa","lenovo","Lenovo FIFA",2022-04-10,0,0,10,0
"fifa_a","Lenovo FIFA","cobrand_lenovo_fifa","lenovo","Lenovo FIFA",2022-04-17,0,0,10,0
"fifa_a","Lenovo FIFA","cobrand_lenovo_fifa","lenovo","Lenovo FIFA",2022-04-24,0,0,10,0
"fifa_a","Lenovo FIFA","cobrand_lenovo_fifa","lenovo","Lenovo FIFA",2022-05-01,0,0,10,0
"fifa_a","Lenovo FIFA","cobrand_lenovo_fifa","lenovo","Lenovo FIFA",2022-05-08,0,0,10,0
"fifa_a","Lenovo FIFA","cobrand_lenovo_fifa","lenovo","Lenovo FIFA",2022-05-15,0,0,10,0
"fifa_a","Lenovo FIFA","cobrand_lenovo_fifa","lenovo","Lenovo FIFA",2022-05-22,0,0,10,0
"fifa_a","Lenovo FIFA","cobrand_lenovo_fifa","lenovo","Lenovo FIFA",2022-05-29,0,0,10,0
"fifa_a","Lenovo FIFA","cobrand_lenovo_fifa","lenovo","Lenovo FIFA",2022-06-05,0,0,10,0
"fifa_a","Lenovo FIFA","cobrand_lenovo_fifa","lenovo","Lenovo FIFA",2022-06-12,0,0,10,0
"fifa_a","Lenovo FIFA","cobrand_lenovo_fifa","lenovo","Lenovo FIFA",2022-06-19,0,0,10,0
"fifa_a","Lenovo FIFA","cobrand_lenovo_fifa","lenovo","Lenovo FIFA",2022-06-26,0,0,10,0
"fifa_a","Lenovo FIFA","cobrand_lenovo_fifa","lenovo","Lenovo FIFA",2022-07-03,0,0,10,0
"fifa_a","Lenovo FIFA","cobrand_lenovo_fifa","lenovo","Lenovo FIFA",2022-07-10,0,0,10,0
"fifa_a","Lenovo FIFA","cobrand_lenovo_fifa","lenovo","Lenovo FIFA",2022-07-17,1,0,10,0
"fifa_a","Lenovo FIFA","cobrand_lenovo_fifa","lenovo","Lenovo FIFA",2022-07-24,0,0,10,0
"fifa_a","Lenovo FIFA","cobrand_lenovo_fifa","lenovo","Lenovo FIFA",2022-07-31,0,0,10,0
"fifa_a","Lenovo FIFA","cobrand_lenovo_fifa","lenovo","Lenovo FIFA",2022-08-07,0,0,10,0
"fifa_a","Lenovo FIFA","cobrand_lenovo_fifa","lenovo","Lenovo FIFA",2022-08-14,0,0,10,0
"fifa_a","Lenovo FIFA","cobrand_lenovo_fifa","lenovo","Lenovo FIFA",2022-08-21,0,0,10,0
"fifa_a","Lenovo FIFA","cobrand_lenovo_fifa","lenovo","Lenovo FIFA",2022-08-28,0,0,10,0
"fifa_a","Lenovo FIFA","cobrand_lenovo_fifa","lenovo","Lenovo FIFA",2022-09-04,0,0,10,0
"fifa_a","Lenovo FIFA","cobrand_lenovo_fifa","lenovo","Lenovo FIFA",2022-09-11,0,0,10,0
"fifa_a","Lenovo FIFA","cobrand_lenovo_fifa","lenovo","Lenovo FIFA",2022-09-18,0,0,10,0
"fifa_a","Lenovo FIFA","cobrand_lenovo_fifa","lenovo","Lenovo FIFA",2022-09-25,1,0,10,0
"fifa_a","Lenovo FIFA","cobrand_lenovo_fifa","lenovo","Lenovo FIFA",2022-10-02,1,0,10,0
"fifa_a","Lenovo FIFA","cobrand_lenovo_fifa","lenovo","Lenovo FIFA",2022-10-09,1,0,10,0
"fifa_a","Lenovo FIFA","cobrand_lenovo_fifa","lenovo","Lenovo FIFA",2022-10-16,1,0,10,0
"fifa_a","Lenovo FIFA","cobrand_lenovo_fifa","lenovo","Lenovo FIFA",2022-10-23,0,0,10,0
"fifa_a","Lenovo FIFA","cobrand_lenovo_fifa","lenovo","Lenovo FIFA",2022-10-30,1,0,10,0
"fifa_a","Lenovo FIFA","cobrand_lenovo_fifa","lenovo","Lenovo FIFA",2022-11-06,1,0,10,0
"fifa_a","Lenovo FIFA","cobrand_lenovo_fifa","lenovo","Lenovo FIFA",2022-11-13,1,0,10,0
"fifa_a","Lenovo FIFA","cobrand_lenovo_fifa","lenovo","Lenovo FIFA",2022-11-20,3,0,10,0
"fifa_a","Lenovo FIFA","cobrand_lenovo_fifa","lenovo","Lenovo FIFA",2022-11-27,3,0,10,0
"fifa_a","Lenovo FIFA","cobrand_lenovo_fifa","lenovo","Lenovo FIFA",2022-12-04,2,0,10,0
"fifa_a","Lenovo FIFA","cobrand_lenovo_fifa","lenovo","Lenovo FIFA",2022-12-11,2,0,10,0
"fifa_a","Lenovo FIFA","cobrand_lenovo_fifa","lenovo","Lenovo FIFA",2022-12-18,1,0,10,0
"fifa_a","Lenovo FIFA","cobrand_lenovo_fifa","lenovo","Lenovo FIFA",2022-12-25,1,0,10,0
"fifa_a","Lenovo FIFA","cobrand_lenovo_fifa","lenovo","Lenovo FIFA",2023-01-01,1,0,10,0
"fifa_a","Lenovo FIFA","cobrand_lenovo_fifa","lenovo","Lenovo FIFA",2023-01-08,1,0,10,0
"fifa_a","Lenovo FIFA","cobrand_lenovo_fifa","lenovo","Lenovo FIFA",2023-01-15,1,0,10,0
"fifa_a","Lenovo FIFA","cobrand_lenovo_fifa","lenovo","Lenovo FIFA",2023-01-22,0,0,10,0
"fifa_a","Lenovo FIFA","cobrand_lenovo_fifa","lenovo","Lenovo FIFA",2023-01-29,0,0,10,0
"fifa_a","Lenovo FIFA","cobrand_lenovo_fifa","lenovo","Lenovo FIFA",2023-02-05,0,0,10,0
"fifa_a","Lenovo FIFA","cobrand_lenovo_fifa","lenovo","Lenovo FIFA",2023-02-12,0,0,10,0
"fifa_a","Lenovo FIFA","cobrand_lenovo_fifa","lenovo","Lenovo FIFA",2023-02-19,0,0,10,0
"fifa_a","Lenovo FIFA","cobrand_lenovo_fifa","lenovo","Lenovo FIFA",2023-02-26,0,0,10,0
"fifa_a","Lenovo FIFA","cobrand_lenovo_fifa","lenovo","Lenovo FIFA",2023-03-05,0,0,10,0
"fifa_a","Lenovo FIFA","cobrand_lenovo_fifa","lenovo","Lenovo FIFA",2023-03-12,1,0,10,0
"fifa_a","Lenovo FIFA","cobrand_lenovo_fifa","lenovo","Lenovo FIFA",2023-03-19,0,0,10,0
"fifa_a","Lenovo FIFA","cobrand_lenovo_fifa","lenovo","Lenovo FIFA",2023-03-26,0,0,10,0
"fifa_a","Lenovo FIFA","cobrand_lenovo_fifa","lenovo","Lenovo FIFA",2023-04-02,1,0,10,0
"fifa_a","Lenovo FIFA","cobrand_lenovo_fifa","lenovo","Lenovo FIFA",2023-04-09,0,0,10,0
"fifa_a","Lenovo FIFA","cobrand_lenovo_fifa","lenovo","Lenovo FIFA",2023-04-16,0,0,10,0
"fifa_a","Lenovo FIFA","cobrand_lenovo_fifa","lenovo","Lenovo FIFA",2023-04-23,0,0,10,0
"fifa_a","Lenovo FIFA","cobrand_lenovo_fifa","lenovo","Lenovo FIFA",2023-04-30,0,0,10,0
"fifa_a","Lenovo FIFA","cobrand_lenovo_fifa","lenovo","Lenovo FIFA",2023-05-07,0,0,10,0
"fifa_a","Lenovo FIFA","cobrand_lenovo_fifa","lenovo","Lenovo FIFA",2023-05-14,0,0,10,0
"fifa_a","Lenovo FIFA","cobrand_lenovo_fifa","lenovo","Lenovo FIFA",2023-05-21,0,0,10,0
"fifa_a","Lenovo FIFA","cobrand_lenovo_fifa","lenovo","Lenovo FIFA",2023-05-28,0,0,10,0
"fifa_a","Lenovo FIFA","cobrand_lenovo_fifa","lenovo","Lenovo FIFA",2023-06-04,0,0,10,0
"fifa_a","Lenovo FIFA","cobrand_lenovo_fifa","lenovo","Lenovo FIFA",2023-06-11,0,0,10,0
"fifa_a","Lenovo FIFA","cobrand_lenovo_fifa","lenovo","Lenovo FIFA",2023-06-18,0,0,10,0
"fifa_a","Lenovo FIFA","cobrand_lenovo_fifa","lenovo","Lenovo FIFA",2023-06-25,1,0,10,0
"fifa_a","Lenovo FIFA","cobrand_lenovo_fifa","lenovo","Lenovo FIFA",2023-07-02,0,0,10,0
"fifa_a","Lenovo FIFA","cobrand_lenovo_fifa","lenovo","Lenovo FIFA",2023-07-09,1,0,10,0
"fifa_a","Lenovo FIFA","cobrand_lenovo_fifa","lenovo","Lenovo FIFA",2023-07-16,1,0,10,0
"fifa_a","Lenovo FIFA","cobrand_lenovo_fifa","lenovo","Lenovo FIFA",2023-07-23,0,0,10,0
"fifa_a","Lenovo FIFA","cobrand_lenovo_fifa","lenovo","Lenovo FIFA",2023-07-30,0,0,10,0
"fifa_a","Lenovo FIFA","cobrand_lenovo_fifa","lenovo","Lenovo FIFA",2023-08-06,1,0,10,0
"fifa_a","Lenovo FIFA","cobrand_lenovo_fifa","lenovo","Lenovo FIFA",2023-08-13,0,0,10,0
"fifa_a","Lenovo FIFA","cobrand_lenovo_fifa","lenovo","Lenovo FIFA",2023-08-20,1,0,10,0
"fifa_a","Lenovo FIFA","cobrand_lenovo_fifa","lenovo","Lenovo FIFA",2023-08-27,0,0,10,0
"fifa_a","Lenovo FIFA","cobrand_lenovo_fifa","lenovo","Lenovo FIFA",2023-09-03,0,0,10,0
"fifa_a","Lenovo FIFA","cobrand_lenovo_fifa","lenovo","Lenovo FIFA",2023-09-10,0,0,10,0
"fifa_a","Lenovo FIFA","cobrand_lenovo_fifa","lenovo","Lenovo FIFA",2023-09-17,0,0,10,0
"fifa_a","Lenovo FIFA","cobrand_lenovo_fifa","lenovo","Lenovo FIFA",2023-09-24,1,0,10,0
"fifa_a","Lenovo FIFA","cobrand_lenovo_fifa","lenovo","Lenovo FIFA",2023-10-01,0,0,10,0
"fifa_a","Lenovo FIFA","cobrand_lenovo_fifa","lenovo","Lenovo FIFA",2023-10-08,0,0,10,0
"fifa_a","Lenovo FIFA","cobrand_lenovo_fifa","lenovo","Lenovo FIFA",2023-10-15,0,0,10,0
"fifa_a","Lenovo FIFA","cobrand_lenovo_fifa","lenovo","Lenovo FIFA",2023-10-22,0,0,10,0
"fifa_a","Lenovo FIFA","cobrand_lenovo_fifa","lenovo","Lenovo FIFA",2023-10-29,0,0,10,10
"fifa_a","Lenovo FIFA","cobrand_lenovo_fifa","lenovo","Lenovo FIFA",2023-11-05,0,0,10,0
"fifa_a","Lenovo FIFA","cobrand_lenovo_fifa","lenovo","Lenovo FIFA",2023-11-12,0,0,10,0
"fifa_a","Lenovo FIFA","cobrand_lenovo_fifa","lenovo","Lenovo FIFA",2023-11-19,0,0,10,0
"fifa_a","Lenovo FIFA","cobrand_lenovo_fifa","lenovo","Lenovo FIFA",2023-11-26,0,0,10,0
"fifa_a","Lenovo FIFA","cobrand_lenovo_fifa","lenovo","Lenovo FIFA",2023-12-03,0,0,10,0
"fifa_a","Lenovo FIFA","cobrand_lenovo_fifa","lenovo","Lenovo FIFA",2023-12-10,0,0,10,0
"fifa_a","Lenovo FIFA","cobrand_lenovo_fifa","lenovo","Lenovo FIFA",2023-12-17,0,0,10,0
"fifa_a","Lenovo FIFA","cobrand_lenovo_fifa","lenovo","Lenovo FIFA",2023-12-24,0,0,10,0
"fifa_a","Lenovo FIFA","cobrand_lenovo_fifa","lenovo","Lenovo FIFA",2023-12-31,0,0,10,0
"fifa_a","Lenovo FIFA","cobrand_lenovo_fifa","lenovo","Lenovo FIFA",2024-01-07,0,0,10,0
"fifa_a","Lenovo FIFA","cobrand_lenovo_fifa","lenovo","Lenovo FIFA",2024-01-14,0,0,10,0
"fifa_a","Lenovo FIFA","cobrand_lenovo_fifa","lenovo","Lenovo FIFA",2024-01-21,0,0,10,0
"fifa_a","Lenovo FIFA","cobrand_lenovo_fifa","lenovo","Lenovo FIFA",2024-01-28,0,0,10,0
"fifa_a","Lenovo FIFA","cobrand_lenovo_fifa","lenovo","Lenovo FIFA",2024-02-04,0,0,10,10
"fifa_a","Lenovo FIFA","cobrand_lenovo_fifa","lenovo","Lenovo FIFA",2024-02-11,0,0,10,0
"fifa_a","Lenovo FIFA","cobrand_lenovo_fifa","lenovo","Lenovo FIFA",2024-02-18,0,0,10,10
"fifa_a","Lenovo FIFA","cobrand_lenovo_fifa","lenovo","Lenovo FIFA",2024-02-25,0,0,10,0
"fifa_a","Lenovo FIFA","cobrand_lenovo_fifa","lenovo","Lenovo FIFA",2024-03-03,0,0,10,0
"fifa_a","Lenovo FIFA","cobrand_lenovo_fifa","lenovo","Lenovo FIFA",2024-03-10,0,0,10,0
"fifa_a","Lenovo FIFA","cobrand_lenovo_fifa","lenovo","Lenovo FIFA",2024-03-17,0,0,10,0
"fifa_a","Lenovo FIFA","cobrand_lenovo_fifa","lenovo","Lenovo FIFA",2024-03-24,0,0,10,0
"fifa_a","Lenovo FIFA","cobrand_lenovo_fifa","lenovo","Lenovo FIFA",2024-03-31,0,0,10,0
"fifa_a","Lenovo FIFA","cobrand_lenovo_fifa","lenovo","Lenovo FIFA",2024-04-07,0,0,10,10
"fifa_a","Lenovo FIFA","cobrand_lenovo_fifa","lenovo","Lenovo FIFA",2024-04-14,0,0,10,0
"fifa_a","Lenovo FIFA","cobrand_lenovo_fifa","lenovo","Lenovo FIFA",2024-04-21,0,0,10,0
"fifa_a","Lenovo FIFA","cobrand_lenovo_fifa","lenovo","Lenovo FIFA",2024-04-28,0,0,10,0
"fifa_a","Lenovo FIFA","cobrand_lenovo_fifa","lenovo","Lenovo FIFA",2024-05-05,0,0,10,0
"fifa_a","Lenovo FIFA","cobrand_lenovo_fifa","lenovo","Lenovo FIFA",2024-05-12,0,0,10,0
"fifa_a","Lenovo FIFA","cobrand_lenovo_fifa","lenovo","Lenovo FIFA",2024-05-19,0,0,10,0
"fifa_a","Lenovo FIFA","cobrand_lenovo_fifa","lenovo","Lenovo FIFA",2024-05-26,0,0,10,0
"fifa_a","Lenovo FIFA","cobrand_lenovo_fifa","lenovo","Lenovo FIFA",2024-06-02,0,0,10,0
"fifa_a","Lenovo FIFA","cobrand_lenovo_fifa","lenovo","Lenovo FIFA",2024-06-09,0,0,10,0
"fifa_a","Lenovo FIFA","cobrand_lenovo_fifa","lenovo","Lenovo FIFA",2024-06-16,0,0,10,10
"fifa_a","Lenovo FIFA","cobrand_lenovo_fifa","lenovo","Lenovo FIFA",2024-06-23,0,0,10,0
"fifa_a","Lenovo FIFA","cobrand_lenovo_fifa","lenovo","Lenovo FIFA",2024-06-30,0,0,10,0
"fifa_a","Lenovo FIFA","cobrand_lenovo_fifa","lenovo","Lenovo FIFA",2024-07-07,0,0,10,10
"fifa_a","Lenovo FIFA","cobrand_lenovo_fifa","lenovo","Lenovo FIFA",2024-07-14,0,0,10,10
"fifa_a","Lenovo FIFA","cobrand_lenovo_fifa","lenovo","Lenovo FIFA",2024-07-21,0,0,10,10
"fifa_a","Lenovo FIFA","cobrand_lenovo_fifa","lenovo","Lenovo FIFA",2024-07-28,0,0,10,0
"fifa_a","Lenovo FIFA","cobrand_lenovo_fifa","lenovo","Lenovo FIFA",2024-08-04,0,0,10,0
"fifa_a","Lenovo FIFA","cobrand_lenovo_fifa","lenovo","Lenovo FIFA",2024-08-11,0,0,10,0
"fifa_a","Lenovo FIFA","cobrand_lenovo_fifa","lenovo","Lenovo FIFA",2024-08-18,0,0,10,10
"fifa_a","Lenovo FIFA","cobrand_lenovo_fifa","lenovo","Lenovo FIFA",2024-08-25,0,0,10,0
"fifa_a","Lenovo FIFA","cobrand_lenovo_fifa","lenovo","Lenovo FIFA",2024-09-01,0,0,10,0
"fifa_a","Lenovo FIFA","cobrand_lenovo_fifa","lenovo","Lenovo FIFA",2024-09-08,0,0,10,0
"fifa_a","Lenovo FIFA","cobrand_lenovo_fifa","lenovo","Lenovo FIFA",2024-09-15,0,0,10,0
"fifa_a","Lenovo FIFA","cobrand_lenovo_fifa","lenovo","Lenovo FIFA",2024-09-22,0,0,10,0
"fifa_a","Lenovo FIFA","cobrand_lenovo_fifa","lenovo","Lenovo FIFA",2024-09-29,0,0,10,0
"fifa_a","Lenovo FIFA","cobrand_lenovo_fifa","lenovo","Lenovo FIFA",2024-10-06,0,0,10,0
"fifa_a","Lenovo FIFA","cobrand_lenovo_fifa","lenovo","Lenovo FIFA",2024-10-13,1,0,10,0
"fifa_a","Lenovo FIFA","cobrand_lenovo_fifa","lenovo","Lenovo FIFA",2024-10-20,0,0,10,0
"fifa_a","Lenovo FIFA","cobrand_lenovo_fifa","lenovo","Lenovo FIFA",2024-10-27,0,0,10,10
"fifa_a","Lenovo FIFA","cobrand_lenovo_fifa","lenovo","Lenovo FIFA",2024-11-03,0,0,10,0
"fifa_a","Lenovo FIFA","cobrand_lenovo_fifa","lenovo","Lenovo FIFA",2024-11-10,1,0,10,0
"fifa_a","Lenovo FIFA","cobrand_lenovo_fifa","lenovo","Lenovo FIFA",2024-11-17,0,0,10,0
"fifa_a","Lenovo FIFA","cobrand_lenovo_fifa","lenovo","Lenovo FIFA",2024-11-24,0,0,10,0
"fifa_a","Lenovo FIFA","cobrand_lenovo_fifa","lenovo","Lenovo FIFA",2024-12-01,0,0,10,0
"fifa_a","Lenovo FIFA","cobrand_lenovo_fifa","lenovo","Lenovo FIFA",2024-12-08,0,0,10,0
"fifa_a","Lenovo FIFA","cobrand_lenovo_fifa","lenovo","Lenovo FIFA",2024-12-15,0,0,10,0
"fifa_a","Lenovo FIFA","cobrand_lenovo_fifa","lenovo","Lenovo FIFA",2024-12-22,0,0,10,0
"fifa_a","Lenovo FIFA","cobrand_lenovo_fifa","lenovo","Lenovo FIFA",2024-12-29,0,0,10,10
"fifa_a","Lenovo FIFA","cobrand_lenovo_fifa","lenovo","Lenovo FIFA",2025-01-05,0,0,10,0
"fifa_a","Lenovo FIFA","cobrand_lenovo_fifa","lenovo","Lenovo FIFA",2025-01-12,0,0,10,0
"fifa_a","Lenovo FIFA","cobrand_lenovo_fifa","lenovo","Lenovo FIFA",2025-01-19,0,0,10,0
"fifa_a","Lenovo FIFA","cobrand_lenovo_fifa","lenovo","Lenovo FIFA",2025-01-26,0,0,10,0
"fifa_a","Lenovo FIFA","cobrand_lenovo_fifa","lenovo","Lenovo FIFA",2025-02-02,0,0,10,0
"fifa_a","Lenovo FIFA","cobrand_lenovo_fifa","lenovo","Lenovo FIFA",2025-02-09,0,0,10,10
"fifa_a","Lenovo FIFA","cobrand_lenovo_fifa","lenovo","Lenovo FIFA",2025-02-16,0,0,10,0
"fifa_a","Lenovo FIFA","cobrand_lenovo_fifa","lenovo","Lenovo FIFA",2025-02-23,0,0,10,0
"fifa_a","Lenovo FIFA","cobrand_lenovo_fifa","lenovo","Lenovo FIFA",2025-03-02,0,0,10,0
"fifa_a","Lenovo FIFA","cobrand_lenovo_fifa","lenovo","Lenovo FIFA",2025-03-09,0,0,10,0
"fifa_a","Lenovo FIFA","cobrand_lenovo_fifa","lenovo","Lenovo FIFA",2025-03-16,0,0,10,0
"fifa_a","Lenovo FIFA","cobrand_lenovo_fifa","lenovo","Lenovo FIFA",2025-03-23,0,0,10,0
"fifa_a","Lenovo FIFA","cobrand_lenovo_fifa","lenovo","Lenovo FIFA",2025-03-30,0,0,10,0
"fifa_a","Lenovo FIFA","cobrand_lenovo_fifa","lenovo","Lenovo FIFA",2025-04-06,0,0,10,0
"fifa_a","Lenovo FIFA","cobrand_lenovo_fifa","lenovo","Lenovo FIFA",2025-04-13,0,0,10,0
"fifa_a","Lenovo FIFA","cobrand_lenovo_fifa","lenovo","Lenovo FIFA",2025-04-20,0,0,10,0
"fifa_a","Lenovo FIFA","cobrand_lenovo_fifa","lenovo","Lenovo FIFA",2025-04-27,0,0,10,0
"fifa_a","Lenovo FIFA","cobrand_lenovo_fifa","lenovo","Lenovo FIFA",2025-05-04,0,0,10,10
"fifa_a","Lenovo FIFA","cobrand_lenovo_fifa","lenovo","Lenovo FIFA",2025-05-11,0,0,10,0
"fifa_a","Lenovo FIFA","cobrand_lenovo_fifa","lenovo","Lenovo FIFA",2025-05-18,0,0,10,10
"fifa_a","Lenovo FIFA","cobrand_lenovo_fifa","lenovo","Lenovo FIFA",2025-05-25,0,0,10,0
"fifa_a","Lenovo FIFA","cobrand_lenovo_fifa","lenovo","Lenovo FIFA",2025-06-01,0,0,10,0
"fifa_a","Lenovo FIFA","cobrand_lenovo_fifa","lenovo","Lenovo FIFA",2025-06-08,1,0,10,0
"fifa_a","Lenovo FIFA","cobrand_lenovo_fifa","lenovo","Lenovo FIFA",2025-06-15,1,0,10,0
"fifa_a","Lenovo FIFA","cobrand_lenovo_fifa","lenovo","Lenovo FIFA",2025-06-22,1,0,10,0
"fifa_a","Lenovo FIFA","cobrand_lenovo_fifa","lenovo","Lenovo FIFA",2025-06-29,1,0,10,0
"fifa_a","Lenovo FIFA","cobrand_lenovo_fifa","lenovo","Lenovo FIFA",2025-07-06,1,0,10,0
"fifa_a","Lenovo FIFA","cobrand_lenovo_fifa","lenovo","Lenovo FIFA",2025-07-13,1,0,10,0
"fifa_a","Lenovo FIFA","cobrand_lenovo_fifa","lenovo","Lenovo FIFA",2025-07-20,1,0,10,0
"fifa_a","Lenovo FIFA","cobrand_lenovo_fifa","lenovo","Lenovo FIFA",2025-07-27,2,0,10,0
"fifa_a","Lenovo FIFA","cobrand_lenovo_fifa","lenovo","Lenovo FIFA",2025-08-03,2,0,10,0
"fifa_a","Lenovo FIFA","cobrand_lenovo_fifa","lenovo","Lenovo FIFA",2025-08-10,2,0,10,0
"fifa_a","Lenovo FIFA","cobrand_lenovo_fifa","lenovo","Lenovo FIFA",2025-08-17,3,0,10,0
"fifa_a","Lenovo FIFA","cobrand_lenovo_fifa","lenovo","Lenovo FIFA",2025-08-24,3,0,10,0
"fifa_a","Lenovo FIFA","cobrand_lenovo_fifa","lenovo","Lenovo FIFA",2025-08-31,6,0,10,0
"fifa_a","Lenovo FIFA","cobrand_lenovo_fifa","lenovo","Lenovo FIFA",2025-09-07,7,0,10,0
"fifa_a","Lenovo FIFA","cobrand_lenovo_fifa","lenovo","Lenovo FIFA",2025-09-14,3,0,10,0
"fifa_a","Lenovo FIFA","cobrand_lenovo_fifa","lenovo","Lenovo FIFA",2025-09-21,4,0,10,0
"fifa_a","Lenovo FIFA","cobrand_lenovo_fifa","lenovo","Lenovo FIFA",2025-09-28,4,0,10,0
"fifa_a","Lenovo FIFA","cobrand_lenovo_fifa","lenovo","Lenovo FIFA",2025-10-05,3,0,10,0
"fifa_a","Lenovo FIFA","cobrand_lenovo_fifa","lenovo","Lenovo FIFA",2025-10-12,4,0,10,0
"fifa_a","Lenovo FIFA","cobrand_lenovo_fifa","lenovo","Lenovo FIFA",2025-10-19,3,0,10,0
"fifa_a","Lenovo FIFA","cobrand_lenovo_fifa","lenovo","Lenovo FIFA",2025-10-26,3,0,10,0
"fifa_a","Lenovo FIFA","cobrand_lenovo_fifa","lenovo","Lenovo FIFA",2025-11-02,3,0,10,0
"fifa_a","Lenovo FIFA","cobrand_lenovo_fifa","lenovo","Lenovo FIFA",2025-11-09,5,0,10,0
"fifa_a","Lenovo FIFA","cobrand_lenovo_fifa","lenovo","Lenovo FIFA",2025-11-16,6,0,10,0
"fifa_a","Lenovo FIFA","cobrand_lenovo_fifa","lenovo","Lenovo FIFA",2025-11-23,4,0,10,0
"fifa_a","Lenovo FIFA","cobrand_lenovo_fifa","lenovo","Lenovo FIFA",2025-11-30,7,0,10,0
"fifa_a","Lenovo FIFA","cobrand_lenovo_fifa","lenovo","Lenovo FIFA",2025-12-07,5,0,10,0
"fifa_a","Lenovo FIFA","cobrand_lenovo_fifa","lenovo","Lenovo FIFA",2025-12-14,4,0,10,0
"fifa_a","Lenovo FIFA","cobrand_lenovo_fifa","lenovo","Lenovo FIFA",2025-12-21,2,0,10,0
"fifa_a","Lenovo FIFA","cobrand_lenovo_fifa","lenovo","Lenovo FIFA",2025-12-28,1,0,10,0
"fifa_a","Lenovo FIFA","cobrand_lenovo_fifa","lenovo","Lenovo FIFA",2026-01-04,2,0,10,0
"fifa_a","Lenovo FIFA","cobrand_lenovo_fifa","lenovo","Lenovo FIFA",2026-01-11,2,0,10,0
"fifa_a","Lenovo FIFA","cobrand_lenovo_fifa","lenovo","Lenovo FIFA",2026-01-18,2,0,10,0
"fifa_a","Lenovo FIFA","cobrand_lenovo_fifa","lenovo","Lenovo FIFA",2026-01-25,2,0,10,0
"fifa_a","Lenovo FIFA","cobrand_lenovo_fifa","lenovo","Lenovo FIFA",2026-02-01,2,0,10,0
"fifa_a","Lenovo FIFA","cobrand_lenovo_fifa","lenovo","Lenovo FIFA",2026-02-08,2,0,10,0
"fifa_a","Lenovo FIFA","cobrand_lenovo_fifa","lenovo","Lenovo FIFA",2026-02-15,2,0,10,0
"fifa_a","Lenovo FIFA","cobrand_lenovo_fifa","lenovo","Lenovo FIFA",2026-02-22,2,0,10,0
"fifa_a","Lenovo FIFA","cobrand_lenovo_fifa","lenovo","Lenovo FIFA",2026-03-01,2,0,10,0
"fifa_a","Lenovo FIFA","cobrand_lenovo_fifa","lenovo","Lenovo FIFA",2026-03-08,2,0,10,0
"fifa_a","Lenovo FIFA","cobrand_lenovo_fifa","lenovo","Lenovo FIFA",2026-03-15,3,0,10,0
"fifa_a","Lenovo FIFA","cobrand_lenovo_fifa","lenovo","Lenovo FIFA",2026-03-22,4,0,10,0
"fifa_a","Lenovo FIFA","cobrand_lenovo_fifa","lenovo","Lenovo FIFA",2026-03-29,7,0,10,0
"fifa_a","Lenovo FIFA","cobrand_lenovo_fifa","lenovo","Lenovo FIFA",2026-04-05,5,0,10,0
"fifa_a","Lenovo FIFA","cobrand_lenovo_fifa","lenovo","Lenovo FIFA",2026-04-12,3,0,10,0
"fifa_a","Lenovo FIFA","cobrand_lenovo_fifa","lenovo","Lenovo FIFA",2026-04-19,3,0,10,0
"fifa_a","Lenovo FIFA","cobrand_lenovo_fifa","lenovo","Lenovo FIFA",2026-04-26,3,0,10,0
"fifa_a","Lenovo FIFA","cobrand_lenovo_fifa","lenovo","Lenovo FIFA",2026-05-03,4,0,10,0
"fifa_a","Lenovo FIFA","cobrand_lenovo_fifa","lenovo","Lenovo FIFA",2026-05-10,6,0,10,0
"fifa_a","Lenovo FIFA","cobrand_lenovo_fifa","lenovo","Lenovo FIFA",2026-05-17,7,0,10,0
"fifa_a","Lenovo FIFA","cobrand_lenovo_fifa","lenovo","Lenovo FIFA",2026-05-24,8,0,10,0
"fifa_a","Lenovo FIFA","cobrand_lenovo_fifa","lenovo","Lenovo FIFA",2026-05-31,15,0,10,0
"fifa_a","Lenovo FIFA","cobrand_lenovo_fifa","lenovo","Lenovo FIFA",2026-06-07,41,0,10,0
"fifa_a","Lenovo FIFA","cobrand_lenovo_fifa","lenovo","Lenovo FIFA",2026-06-14,42,0,10,0
"fifa_a","Lenovo FIFA","cobrand_lenovo_fifa","lenovo","Lenovo FIFA",2026-06-21,46,0,10,0
"fifa_a","Lenovo FIFA","cobrand_lenovo_fifa","lenovo","Lenovo FIFA",2026-06-28,55,0,10,0
"fifa_a","Lenovo FIFA","cobrand_lenovo_fifa","lenovo","Lenovo FIFA",2026-07-05,42,0,10,0
"fifa_a","Lenovo FIFA","cobrand_lenovo_fifa","lenovo","Lenovo FIFA",2026-07-12,30,0,10,0
"fifa_a","Lenovo FIFA","cobrand_lenovo_fifa","lenovo","Lenovo FIFA",2026-07-19,19,0,10,0
"fifa_a","Lenovo FIFA","cobrand_lenovo_fifa","lenovo","Lenovo FIFA",2026-07-26,5,0,10,0
"fifa_a","Lenovo FIFA","cobrand_lenovo_fifa","lenovo","Lenovo FIFA",2026-08-02,4,0,10,0
"fifa_a","Lenovo FIFA","cobrand_lenovo_fifa","lenovo","Lenovo FIFA",2026-08-09,3,0,10,0
"fifa_a","Lenovo FIFA","cobrand_lenovo_fifa","lenovo","Lenovo FIFA",2026-08-16,3,0,10,0
"fifa_a","Lenovo FIFA","cobrand_lenovo_fifa","lenovo","Lenovo FIFA",2026-08-23,3,0,10,0
"fifa_a","Lenovo FIFA","cobrand_lenovo_fifa","lenovo","Lenovo FIFA",2026-08-30,3,0,10,0
"fifa_a","Lenovo FIFA","cobrand_lenovo_fifa","lenovo","Lenovo FIFA",2026-09-06,3,0,10,0
"fifa_a","Lenovo FIFA","cobrand_lenovo_fifa","lenovo","Lenovo FIFA",2026-09-13,2,0,10,0
"fifa_a","Lenovo FIFA","cobrand_lenovo_fifa","lenovo","Lenovo FIFA",2026-09-20,2,0,10,0
"fifa_a","Lenovo FIFA","cobrand_lenovo_fifa","lenovo","Lenovo FIFA",2026-09-27,1,0,10,0
"fifa_a","Lenovo FIFA","fifa_acer","acer","Acer FIFA",2021-12-26,0,0,10,0
"fifa_a","Lenovo FIFA","fifa_acer","acer","Acer FIFA",2022-01-02,0,0,10,0
"fifa_a","Lenovo FIFA","fifa_acer","acer","Acer FIFA",2022-01-09,0,0,10,0
"fifa_a","Lenovo FIFA","fifa_acer","acer","Acer FIFA",2022-01-16,0,0,10,0
"fifa_a","Lenovo FIFA","fifa_acer","acer","Acer FIFA",2022-01-23,0,0,10,0
"fifa_a","Lenovo FIFA","fifa_acer","acer","Acer FIFA",2022-01-30,0,0,10,0
"fifa_a","Lenovo FIFA","fifa_acer","acer","Acer FIFA",2022-02-06,0,0,10,0
"fifa_a","Lenovo FIFA","fifa_acer","acer","Acer FIFA",2022-02-13,0,0,10,0
"fifa_a","Lenovo FIFA","fifa_acer","acer","Acer FIFA",2022-02-20,0,0,10,0
"fifa_a","Lenovo FIFA","fifa_acer","acer","Acer FIFA",2022-02-27,0,0,10,0
"fifa_a","Lenovo FIFA","fifa_acer","acer","Acer FIFA",2022-03-06,0,0,10,0
"fifa_a","Lenovo FIFA","fifa_acer","acer","Acer FIFA",2022-03-13,0,0,10,0
"fifa_a","Lenovo FIFA","fifa_acer","acer","Acer FIFA",2022-03-20,0,0,10,0
"fifa_a","Lenovo FIFA","fifa_acer","acer","Acer FIFA",2022-03-27,0,0,10,0
"fifa_a","Lenovo FIFA","fifa_acer","acer","Acer FIFA",2022-04-03,0,0,10,0
"fifa_a","Lenovo FIFA","fifa_acer","acer","Acer FIFA",2022-04-10,0,0,10,0
"fifa_a","Lenovo FIFA","fifa_acer","acer","Acer FIFA",2022-04-17,0,0,10,0
"fifa_a","Lenovo FIFA","fifa_acer","acer","Acer FIFA",2022-04-24,0,0,10,0
"fifa_a","Lenovo FIFA","fifa_acer","acer","Acer FIFA",2022-05-01,0,0,10,0
"fifa_a","Lenovo FIFA","fifa_acer","acer","Acer FIFA",2022-05-08,0,0,10,0
"fifa_a","Lenovo FIFA","fifa_acer","acer","Acer FIFA",2022-05-15,0,0,10,10
"fifa_a","Lenovo FIFA","fifa_acer","acer","Acer FIFA",2022-05-22,0,0,10,0
"fifa_a","Lenovo FIFA","fifa_acer","acer","Acer FIFA",2022-05-29,0,0,10,0
"fifa_a","Lenovo FIFA","fifa_acer","acer","Acer FIFA",2022-06-05,0,0,10,0
"fifa_a","Lenovo FIFA","fifa_acer","acer","Acer FIFA",2022-06-12,0,0,10,0
"fifa_a","Lenovo FIFA","fifa_acer","acer","Acer FIFA",2022-06-19,0,0,10,10
"fifa_a","Lenovo FIFA","fifa_acer","acer","Acer FIFA",2022-06-26,0,0,10,0
"fifa_a","Lenovo FIFA","fifa_acer","acer","Acer FIFA",2022-07-03,0,0,10,0
"fifa_a","Lenovo FIFA","fifa_acer","acer","Acer FIFA",2022-07-10,0,0,10,0
"fifa_a","Lenovo FIFA","fifa_acer","acer","Acer FIFA",2022-07-17,0,0,10,0
"fifa_a","Lenovo FIFA","fifa_acer","acer","Acer FIFA",2022-07-24,0,0,10,0
"fifa_a","Lenovo FIFA","fifa_acer","acer","Acer FIFA",2022-07-31,0,0,10,0
"fifa_a","Lenovo FIFA","fifa_acer","acer","Acer FIFA",2022-08-07,0,0,10,0
"fifa_a","Lenovo FIFA","fifa_acer","acer","Acer FIFA",2022-08-14,0,0,10,0
"fifa_a","Lenovo FIFA","fifa_acer","acer","Acer FIFA",2022-08-21,0,0,10,0
"fifa_a","Lenovo FIFA","fifa_acer","acer","Acer FIFA",2022-08-28,0,0,10,0
"fifa_a","Lenovo FIFA","fifa_acer","acer","Acer FIFA",2022-09-04,0,0,10,0
"fifa_a","Lenovo FIFA","fifa_acer","acer","Acer FIFA",2022-09-11,0,0,10,0
"fifa_a","Lenovo FIFA","fifa_acer","acer","Acer FIFA",2022-09-18,0,0,10,0
"fifa_a","Lenovo FIFA","fifa_acer","acer","Acer FIFA",2022-09-25,1,0,10,0
"fifa_a","Lenovo FIFA","fifa_acer","acer","Acer FIFA",2022-10-02,1,0,10,0
"fifa_a","Lenovo FIFA","fifa_acer","acer","Acer FIFA",2022-10-09,0,0,10,0
"fifa_a","Lenovo FIFA","fifa_acer","acer","Acer FIFA",2022-10-16,0,0,10,0
"fifa_a","Lenovo FIFA","fifa_acer","acer","Acer FIFA",2022-10-23,0,0,10,0
"fifa_a","Lenovo FIFA","fifa_acer","acer","Acer FIFA",2022-10-30,0,0,10,0
"fifa_a","Lenovo FIFA","fifa_acer","acer","Acer FIFA",2022-11-06,0,0,10,0
"fifa_a","Lenovo FIFA","fifa_acer","acer","Acer FIFA",2022-11-13,0,0,10,0
"fifa_a","Lenovo FIFA","fifa_acer","acer","Acer FIFA",2022-11-20,1,0,10,0
"fifa_a","Lenovo FIFA","fifa_acer","acer","Acer FIFA",2022-11-27,1,0,10,0
"fifa_a","Lenovo FIFA","fifa_acer","acer","Acer FIFA",2022-12-04,1,0,10,0
"fifa_a","Lenovo FIFA","fifa_acer","acer","Acer FIFA",2022-12-11,1,0,10,0
"fifa_a","Lenovo FIFA","fifa_acer","acer","Acer FIFA",2022-12-18,1,0,10,0
"fifa_a","Lenovo FIFA","fifa_acer","acer","Acer FIFA",2022-12-25,1,0,10,0
"fifa_a","Lenovo FIFA","fifa_acer","acer","Acer FIFA",2023-01-01,1,0,10,0
"fifa_a","Lenovo FIFA","fifa_acer","acer","Acer FIFA",2023-01-08,0,0,10,0
"fifa_a","Lenovo FIFA","fifa_acer","acer","Acer FIFA",2023-01-15,0,0,10,0
"fifa_a","Lenovo FIFA","fifa_acer","acer","Acer FIFA",2023-01-22,0,0,10,0
"fifa_a","Lenovo FIFA","fifa_acer","acer","Acer FIFA",2023-01-29,0,0,10,0
"fifa_a","Lenovo FIFA","fifa_acer","acer","Acer FIFA",2023-02-05,0,0,10,0
"fifa_a","Lenovo FIFA","fifa_acer","acer","Acer FIFA",2023-02-12,0,0,10,0
"fifa_a","Lenovo FIFA","fifa_acer","acer","Acer FIFA",2023-02-19,0,0,10,10
"fifa_a","Lenovo FIFA","fifa_acer","acer","Acer FIFA",2023-02-26,0,0,10,0
"fifa_a","Lenovo FIFA","fifa_acer","acer","Acer FIFA",2023-03-05,0,0,10,0
"fifa_a","Lenovo FIFA","fifa_acer","acer","Acer FIFA",2023-03-12,0,0,10,0
"fifa_a","Lenovo FIFA","fifa_acer","acer","Acer FIFA",2023-03-19,0,0,10,0
"fifa_a","Lenovo FIFA","fifa_acer","acer","Acer FIFA",2023-03-26,0,0,10,0
"fifa_a","Lenovo FIFA","fifa_acer","acer","Acer FIFA",2023-04-02,0,0,10,0
"fifa_a","Lenovo FIFA","fifa_acer","acer","Acer FIFA",2023-04-09,0,0,10,0
"fifa_a","Lenovo FIFA","fifa_acer","acer","Acer FIFA",2023-04-16,0,0,10,10
"fifa_a","Lenovo FIFA","fifa_acer","acer","Acer FIFA",2023-04-23,0,0,10,0
"fifa_a","Lenovo FIFA","fifa_acer","acer","Acer FIFA",2023-04-30,0,0,10,0
"fifa_a","Lenovo FIFA","fifa_acer","acer","Acer FIFA",2023-05-07,0,0,10,0
"fifa_a","Lenovo FIFA","fifa_acer","acer","Acer FIFA",2023-05-14,0,0,10,0
"fifa_a","Lenovo FIFA","fifa_acer","acer","Acer FIFA",2023-05-21,0,0,10,0
"fifa_a","Lenovo FIFA","fifa_acer","acer","Acer FIFA",2023-05-28,0,0,10,0
"fifa_a","Lenovo FIFA","fifa_acer","acer","Acer FIFA",2023-06-04,0,0,10,0
"fifa_a","Lenovo FIFA","fifa_acer","acer","Acer FIFA",2023-06-11,0,0,10,0
"fifa_a","Lenovo FIFA","fifa_acer","acer","Acer FIFA",2023-06-18,0,0,10,0
"fifa_a","Lenovo FIFA","fifa_acer","acer","Acer FIFA",2023-06-25,0,0,10,0
"fifa_a","Lenovo FIFA","fifa_acer","acer","Acer FIFA",2023-07-02,0,0,10,0
"fifa_a","Lenovo FIFA","fifa_acer","acer","Acer FIFA",2023-07-09,0,0,10,0
"fifa_a","Lenovo FIFA","fifa_acer","acer","Acer FIFA",2023-07-16,0,0,10,0
"fifa_a","Lenovo FIFA","fifa_acer","acer","Acer FIFA",2023-07-23,0,0,10,0
"fifa_a","Lenovo FIFA","fifa_acer","acer","Acer FIFA",2023-07-30,0,0,10,0
"fifa_a","Lenovo FIFA","fifa_acer","acer","Acer FIFA",2023-08-06,0,0,10,0
"fifa_a","Lenovo FIFA","fifa_acer","acer","Acer FIFA",2023-08-13,0,0,10,0
"fifa_a","Lenovo FIFA","fifa_acer","acer","Acer FIFA",2023-08-20,0,0,10,0
"fifa_a","Lenovo FIFA","fifa_acer","acer","Acer FIFA",2023-08-27,0,0,10,0
"fifa_a","Lenovo FIFA","fifa_acer","acer","Acer FIFA",2023-09-03,0,0,10,0
"fifa_a","Lenovo FIFA","fifa_acer","acer","Acer FIFA",2023-09-10,0,0,10,0
"fifa_a","Lenovo FIFA","fifa_acer","acer","Acer FIFA",2023-09-17,0,0,10,0
"fifa_a","Lenovo FIFA","fifa_acer","acer","Acer FIFA",2023-09-24,0,0,10,0
"fifa_a","Lenovo FIFA","fifa_acer","acer","Acer FIFA",2023-10-01,0,0,10,0
"fifa_a","Lenovo FIFA","fifa_acer","acer","Acer FIFA",2023-10-08,0,0,10,10
"fifa_a","Lenovo FIFA","fifa_acer","acer","Acer FIFA",2023-10-15,0,0,10,0
"fifa_a","Lenovo FIFA","fifa_acer","acer","Acer FIFA",2023-10-22,0,0,10,0
"fifa_a","Lenovo FIFA","fifa_acer","acer","Acer FIFA",2023-10-29,0,0,10,10
"fifa_a","Lenovo FIFA","fifa_acer","acer","Acer FIFA",2023-11-05,0,0,10,0
"fifa_a","Lenovo FIFA","fifa_acer","acer","Acer FIFA",2023-11-12,0,0,10,0
"fifa_a","Lenovo FIFA","fifa_acer","acer","Acer FIFA",2023-11-19,0,0,10,0
"fifa_a","Lenovo FIFA","fifa_acer","acer","Acer FIFA",2023-11-26,0,0,10,0
"fifa_a","Lenovo FIFA","fifa_acer","acer","Acer FIFA",2023-12-03,0,0,10,10
"fifa_a","Lenovo FIFA","fifa_acer","acer","Acer FIFA",2023-12-10,0,0,10,0
"fifa_a","Lenovo FIFA","fifa_acer","acer","Acer FIFA",2023-12-17,0,0,10,0
"fifa_a","Lenovo FIFA","fifa_acer","acer","Acer FIFA",2023-12-24,0,0,10,10
"fifa_a","Lenovo FIFA","fifa_acer","acer","Acer FIFA",2023-12-31,0,0,10,0
"fifa_a","Lenovo FIFA","fifa_acer","acer","Acer FIFA",2024-01-07,0,0,10,10
"fifa_a","Lenovo FIFA","fifa_acer","acer","Acer FIFA",2024-01-14,0,0,10,0
"fifa_a","Lenovo FIFA","fifa_acer","acer","Acer FIFA",2024-01-21,0,0,10,10
"fifa_a","Lenovo FIFA","fifa_acer","acer","Acer FIFA",2024-01-28,0,0,10,10
"fifa_a","Lenovo FIFA","fifa_acer","acer","Acer FIFA",2024-02-04,0,0,10,10
"fifa_a","Lenovo FIFA","fifa_acer","acer","Acer FIFA",2024-02-11,0,0,10,10
"fifa_a","Lenovo FIFA","fifa_acer","acer","Acer FIFA",2024-02-18,0,0,10,10
"fifa_a","Lenovo FIFA","fifa_acer","acer","Acer FIFA",2024-02-25,0,0,10,10
"fifa_a","Lenovo FIFA","fifa_acer","acer","Acer FIFA",2024-03-03,0,0,10,10
"fifa_a","Lenovo FIFA","fifa_acer","acer","Acer FIFA",2024-03-10,0,0,10,10
"fifa_a","Lenovo FIFA","fifa_acer","acer","Acer FIFA",2024-03-17,0,0,10,0
"fifa_a","Lenovo FIFA","fifa_acer","acer","Acer FIFA",2024-03-24,0,0,10,10
"fifa_a","Lenovo FIFA","fifa_acer","acer","Acer FIFA",2024-03-31,0,0,10,0
"fifa_a","Lenovo FIFA","fifa_acer","acer","Acer FIFA",2024-04-07,0,0,10,10
"fifa_a","Lenovo FIFA","fifa_acer","acer","Acer FIFA",2024-04-14,0,0,10,10
"fifa_a","Lenovo FIFA","fifa_acer","acer","Acer FIFA",2024-04-21,0,0,10,10
"fifa_a","Lenovo FIFA","fifa_acer","acer","Acer FIFA",2024-04-28,0,0,10,0
"fifa_a","Lenovo FIFA","fifa_acer","acer","Acer FIFA",2024-05-05,0,0,10,0
"fifa_a","Lenovo FIFA","fifa_acer","acer","Acer FIFA",2024-05-12,0,0,10,10
"fifa_a","Lenovo FIFA","fifa_acer","acer","Acer FIFA",2024-05-19,0,0,10,10
"fifa_a","Lenovo FIFA","fifa_acer","acer","Acer FIFA",2024-05-26,0,0,10,10
"fifa_a","Lenovo FIFA","fifa_acer","acer","Acer FIFA",2024-06-02,0,0,10,10
"fifa_a","Lenovo FIFA","fifa_acer","acer","Acer FIFA",2024-06-09,0,0,10,10
"fifa_a","Lenovo FIFA","fifa_acer","acer","Acer FIFA",2024-06-16,0,0,10,10
"fifa_a","Lenovo FIFA","fifa_acer","acer","Acer FIFA",2024-06-23,0,0,10,10
"fifa_a","Lenovo FIFA","fifa_acer","acer","Acer FIFA",2024-06-30,0,0,10,10
"fifa_a","Lenovo FIFA","fifa_acer","acer","Acer FIFA",2024-07-07,0,0,10,10
"fifa_a","Lenovo FIFA","fifa_acer","acer","Acer FIFA",2024-07-14,0,0,10,0
"fifa_a","Lenovo FIFA","fifa_acer","acer","Acer FIFA",2024-07-21,0,0,10,10
"fifa_a","Lenovo FIFA","fifa_acer","acer","Acer FIFA",2024-07-28,0,0,10,0
"fifa_a","Lenovo FIFA","fifa_acer","acer","Acer FIFA",2024-08-04,0,0,10,10
"fifa_a","Lenovo FIFA","fifa_acer","acer","Acer FIFA",2024-08-11,0,0,10,10
"fifa_a","Lenovo FIFA","fifa_acer","acer","Acer FIFA",2024-08-18,0,0,10,10
"fifa_a","Lenovo FIFA","fifa_acer","acer","Acer FIFA",2024-08-25,0,0,10,10
"fifa_a","Lenovo FIFA","fifa_acer","acer","Acer FIFA",2024-09-01,0,0,10,0
"fifa_a","Lenovo FIFA","fifa_acer","acer","Acer FIFA",2024-09-08,0,0,10,10
"fifa_a","Lenovo FIFA","fifa_acer","acer","Acer FIFA",2024-09-15,0,0,10,0
"fifa_a","Lenovo FIFA","fifa_acer","acer","Acer FIFA",2024-09-22,0,0,10,0
"fifa_a","Lenovo FIFA","fifa_acer","acer","Acer FIFA",2024-09-29,0,0,10,10
"fifa_a","Lenovo FIFA","fifa_acer","acer","Acer FIFA",2024-10-06,0,0,10,10
"fifa_a","Lenovo FIFA","fifa_acer","acer","Acer FIFA",2024-10-13,0,0,10,10
"fifa_a","Lenovo FIFA","fifa_acer","acer","Acer FIFA",2024-10-20,0,0,10,10
"fifa_a","Lenovo FIFA","fifa_acer","acer","Acer FIFA",2024-10-27,0,0,10,0
"fifa_a","Lenovo FIFA","fifa_acer","acer","Acer FIFA",2024-11-03,0,0,10,10
"fifa_a","Lenovo FIFA","fifa_acer","acer","Acer FIFA",2024-11-10,0,0,10,10
"fifa_a","Lenovo FIFA","fifa_acer","acer","Acer FIFA",2024-11-17,0,0,10,10
"fifa_a","Lenovo FIFA","fifa_acer","acer","Acer FIFA",2024-11-24,0,0,10,10
"fifa_a","Lenovo FIFA","fifa_acer","acer","Acer FIFA",2024-12-01,0,0,10,10
"fifa_a","Lenovo FIFA","fifa_acer","acer","Acer FIFA",2024-12-08,0,0,10,10
"fifa_a","Lenovo FIFA","fifa_acer","acer","Acer FIFA",2024-12-15,0,0,10,10
"fifa_a","Lenovo FIFA","fifa_acer","acer","Acer FIFA",2024-12-22,0,0,10,10
"fifa_a","Lenovo FIFA","fifa_acer","acer","Acer FIFA",2024-12-29,0,0,10,10
"fifa_a","Lenovo FIFA","fifa_acer","acer","Acer FIFA",2025-01-05,0,0,10,10
"fifa_a","Lenovo FIFA","fifa_acer","acer","Acer FIFA",2025-01-12,0,0,10,10
"fifa_a","Lenovo FIFA","fifa_acer","acer","Acer FIFA",2025-01-19,0,0,10,10
"fifa_a","Lenovo FIFA","fifa_acer","acer","Acer FIFA",2025-01-26,0,0,10,10
"fifa_a","Lenovo FIFA","fifa_acer","acer","Acer FIFA",2025-02-02,0,0,10,10
"fifa_a","Lenovo FIFA","fifa_acer","acer","Acer FIFA",2025-02-09,0,0,10,10
"fifa_a","Lenovo FIFA","fifa_acer","acer","Acer FIFA",2025-02-16,0,0,10,10
"fifa_a","Lenovo FIFA","fifa_acer","acer","Acer FIFA",2025-02-23,0,0,10,10
"fifa_a","Lenovo FIFA","fifa_acer","acer","Acer FIFA",2025-03-02,0,0,10,10
"fifa_a","Lenovo FIFA","fifa_acer","acer","Acer FIFA",2025-03-09,0,0,10,10
"fifa_a","Lenovo FIFA","fifa_acer","acer","Acer FIFA",2025-03-16,0,0,10,10
"fifa_a","Lenovo FIFA","fifa_acer","acer","Acer FIFA",2025-03-23,0,0,10,10
"fifa_a","Lenovo FIFA","fifa_acer","acer","Acer FIFA",2025-03-30,0,0,10,10
"fifa_a","Lenovo FIFA","fifa_acer","acer","Acer FIFA",2025-04-06,0,0,10,10
"fifa_a","Lenovo FIFA","fifa_acer","acer","Acer FIFA",2025-04-13,0,0,10,10
"fifa_a","Lenovo FIFA","fifa_acer","acer","Acer FIFA",2025-04-20,0,0,10,10
"fifa_a","Lenovo FIFA","fifa_acer","acer","Acer FIFA",2025-04-27,0,0,10,10
"fifa_a","Lenovo FIFA","fifa_acer","acer","Acer FIFA",2025-05-04,0,0,10,10
"fifa_a","Lenovo FIFA","fifa_acer","acer","Acer FIFA",2025-05-11,0,0,10,10
"fifa_a","Lenovo FIFA","fifa_acer","acer","Acer FIFA",2025-05-18,0,0,10,10
"fifa_a","Lenovo FIFA","fifa_acer","acer","Acer FIFA",2025-05-25,0,0,10,10
"fifa_a","Lenovo FIFA","fifa_acer","acer","Acer FIFA",2025-06-01,0,0,10,10
"fifa_a","Lenovo FIFA","fifa_acer","acer","Acer FIFA",2025-06-08,0,0,10,0
"fifa_a","Lenovo FIFA","fifa_acer","acer","Acer FIFA",2025-06-15,0,0,10,0
"fifa_a","Lenovo FIFA","fifa_acer","acer","Acer FIFA",2025-06-22,0,0,10,10
"fifa_a","Lenovo FIFA","fifa_acer","acer","Acer FIFA",2025-06-29,0,0,10,0
"fifa_a","Lenovo FIFA","fifa_acer","acer","Acer FIFA",2025-07-06,0,0,10,0
"fifa_a","Lenovo FIFA","fifa_acer","acer","Acer FIFA",2025-07-13,0,0,10,0
"fifa_a","Lenovo FIFA","fifa_acer","acer","Acer FIFA",2025-07-20,0,0,10,0
"fifa_a","Lenovo FIFA","fifa_acer","acer","Acer FIFA",2025-07-27,1,0,10,0
"fifa_a","Lenovo FIFA","fifa_acer","acer","Acer FIFA",2025-08-03,0,0,10,0
"fifa_a","Lenovo FIFA","fifa_acer","acer","Acer FIFA",2025-08-10,1,0,10,0
"fifa_a","Lenovo FIFA","fifa_acer","acer","Acer FIFA",2025-08-17,1,0,10,0
"fifa_a","Lenovo FIFA","fifa_acer","acer","Acer FIFA",2025-08-24,1,0,10,0
"fifa_a","Lenovo FIFA","fifa_acer","acer","Acer FIFA",2025-08-31,2,0,10,0
"fifa_a","Lenovo FIFA","fifa_acer","acer","Acer FIFA",2025-09-07,3,0,10,0
"fifa_a","Lenovo FIFA","fifa_acer","acer","Acer FIFA",2025-09-14,1,0,10,0
"fifa_a","Lenovo FIFA","fifa_acer","acer","Acer FIFA",2025-09-21,2,0,10,0
"fifa_a","Lenovo FIFA","fifa_acer","acer","Acer FIFA",2025-09-28,2,0,10,0
"fifa_a","Lenovo FIFA","fifa_acer","acer","Acer FIFA",2025-10-05,1,0,10,0
"fifa_a","Lenovo FIFA","fifa_acer","acer","Acer FIFA",2025-10-12,2,0,10,0
"fifa_a","Lenovo FIFA","fifa_acer","acer","Acer FIFA",2025-10-19,1,0,10,0
"fifa_a","Lenovo FIFA","fifa_acer","acer","Acer FIFA",2025-10-26,1,0,10,0
"fifa_a","Lenovo FIFA","fifa_acer","acer","Acer FIFA",2025-11-02,1,0,10,0
"fifa_a","Lenovo FIFA","fifa_acer","acer","Acer FIFA",2025-11-09,2,0,10,0
"fifa_a","Lenovo FIFA","fifa_acer","acer","Acer FIFA",2025-11-16,2,0,10,0
"fifa_a","Lenovo FIFA","fifa_acer","acer","Acer FIFA",2025-11-23,1,0,10,0
"fifa_a","Lenovo FIFA","fifa_acer","acer","Acer FIFA",2025-11-30,3,0,10,0
"fifa_a","Lenovo FIFA","fifa_acer","acer","Acer FIFA",2025-12-07,2,0,10,0
"fifa_a","Lenovo FIFA","fifa_acer","acer","Acer FIFA",2025-12-14,1,0,10,0
"fifa_a","Lenovo FIFA","fifa_acer","acer","Acer FIFA",2025-12-21,0,0,10,0
"fifa_a","Lenovo FIFA","fifa_acer","acer","Acer FIFA",2025-12-28,1,0,10,0
"fifa_a","Lenovo FIFA","fifa_acer","acer","Acer FIFA",2026-01-04,0,0,10,0
"fifa_a","Lenovo FIFA","fifa_acer","acer","Acer FIFA",2026-01-11,1,0,10,0
"fifa_a","Lenovo FIFA","fifa_acer","acer","Acer FIFA",2026-01-18,1,0,10,0
"fifa_a","Lenovo FIFA","fifa_acer","acer","Acer FIFA",2026-01-25,1,0,10,0
"fifa_a","Lenovo FIFA","fifa_acer","acer","Acer FIFA",2026-02-01,0,0,10,0
"fifa_a","Lenovo FIFA","fifa_acer","acer","Acer FIFA",2026-02-08,1,0,10,0
"fifa_a","Lenovo FIFA","fifa_acer","acer","Acer FIFA",2026-02-15,1,0,10,0
"fifa_a","Lenovo FIFA","fifa_acer","acer","Acer FIFA",2026-02-22,0,0,10,0
"fifa_a","Lenovo FIFA","fifa_acer","acer","Acer FIFA",2026-03-01,1,0,10,0
"fifa_a","Lenovo FIFA","fifa_acer","acer","Acer FIFA",2026-03-08,1,0,10,0
"fifa_a","Lenovo FIFA","fifa_acer","acer","Acer FIFA",2026-03-15,1,0,10,0
"fifa_a","Lenovo FIFA","fifa_acer","acer","Acer FIFA",2026-03-22,1,0,10,0
"fifa_a","Lenovo FIFA","fifa_acer","acer","Acer FIFA",2026-03-29,2,0,10,0
"fifa_a","Lenovo FIFA","fifa_acer","acer","Acer FIFA",2026-04-05,1,0,10,0
"fifa_a","Lenovo FIFA","fifa_acer","acer","Acer FIFA",2026-04-12,1,0,10,0
"fifa_a","Lenovo FIFA","fifa_acer","acer","Acer FIFA",2026-04-19,1,0,10,0
"fifa_a","Lenovo FIFA","fifa_acer","acer","Acer FIFA",2026-04-26,1,0,10,0
"fifa_a","Lenovo FIFA","fifa_acer","acer","Acer FIFA",2026-05-03,1,0,10,0
"fifa_a","Lenovo FIFA","fifa_acer","acer","Acer FIFA",2026-05-10,2,0,10,0
"fifa_a","Lenovo FIFA","fifa_acer","acer","Acer FIFA",2026-05-17,2,0,10,0
"fifa_a","Lenovo FIFA","fifa_acer","acer","Acer FIFA",2026-05-24,2,0,10,0
"fifa_a","Lenovo FIFA","fifa_acer","acer","Acer FIFA",2026-05-31,4,0,10,0
"fifa_a","Lenovo FIFA","fifa_acer","acer","Acer FIFA",2026-06-07,13,0,10,0
"fifa_a","Lenovo FIFA","fifa_acer","acer","Acer FIFA",2026-06-14,14,0,10,0
"fifa_a","Lenovo FIFA","fifa_acer","acer","Acer FIFA",2026-06-21,15,0,10,0
"fifa_a","Lenovo FIFA","fifa_acer","acer","Acer FIFA",2026-06-28,17,0,10,0
"fifa_a","Lenovo FIFA","fifa_acer","acer","Acer FIFA",2026-07-05,15,0,10,0
"fifa_a","Lenovo FIFA","fifa_acer","acer","Acer FIFA",2026-07-12,9,0,10,0
"fifa_a","Lenovo FIFA","fifa_acer","acer","Acer FIFA",2026-07-19,5,0,10,0
"fifa_a","Lenovo FIFA","fifa_acer","acer","Acer FIFA",2026-07-26,1,0,10,0
"fifa_a","Lenovo FIFA","fifa_acer","acer","Acer FIFA",2026-08-02,1,0,10,0
"fifa_a","Lenovo FIFA","fifa_acer","acer","Acer FIFA",2026-08-09,1,0,10,0
"fifa_a","Lenovo FIFA","fifa_acer","acer","Acer FIFA",2026-08-16,1,0,10,0
"fifa_a","Lenovo FIFA","fifa_acer","acer","Acer FIFA",2026-08-23,1,0,10,0
"fifa_a","Lenovo FIFA","fifa_acer","acer","Acer FIFA",2026-08-30,1,0,10,0
"fifa_a","Lenovo FIFA","fifa_acer","acer","Acer FIFA",2026-09-06,1,0,10,0
"fifa_a","Lenovo FIFA","fifa_acer","acer","Acer FIFA",2026-09-13,1,0,10,0
"fifa_a","Lenovo FIFA","fifa_acer","acer","Acer FIFA",2026-09-20,1,0,10,0
"fifa_a","Lenovo FIFA","fifa_acer","acer","Acer FIFA",2026-09-27,0,0,10,0
"fifa_a","Lenovo FIFA","fifa_asus","asus","Asus FIFA",2021-12-26,0,0,10,0
"fifa_a","Lenovo FIFA","fifa_asus","asus","Asus FIFA",2022-01-02,1,0,10,0
"fifa_a","Lenovo FIFA","fifa_asus","asus","Asus FIFA",2022-01-09,1,0,10,0
"fifa_a","Lenovo FIFA","fifa_asus","asus","Asus FIFA",2022-01-16,1,0,10,0
"fifa_a","Lenovo FIFA","fifa_asus","asus","Asus FIFA",2022-01-23,0,0,10,0
"fifa_a","Lenovo FIFA","fifa_asus","asus","Asus FIFA",2022-01-30,0,0,10,0
"fifa_a","Lenovo FIFA","fifa_asus","asus","Asus FIFA",2022-02-06,1,0,10,0
"fifa_a","Lenovo FIFA","fifa_asus","asus","Asus FIFA",2022-02-13,1,0,10,0
"fifa_a","Lenovo FIFA","fifa_asus","asus","Asus FIFA",2022-02-20,0,0,10,0
"fifa_a","Lenovo FIFA","fifa_asus","asus","Asus FIFA",2022-02-27,0,0,10,0
"fifa_a","Lenovo FIFA","fifa_asus","asus","Asus FIFA",2022-03-06,0,0,10,0
"fifa_a","Lenovo FIFA","fifa_asus","asus","Asus FIFA",2022-03-13,0,0,10,0
"fifa_a","Lenovo FIFA","fifa_asus","asus","Asus FIFA",2022-03-20,1,0,10,0
"fifa_a","Lenovo FIFA","fifa_asus","asus","Asus FIFA",2022-03-27,0,0,10,0
"fifa_a","Lenovo FIFA","fifa_asus","asus","Asus FIFA",2022-04-03,0,0,10,0
"fifa_a","Lenovo FIFA","fifa_asus","asus","Asus FIFA",2022-04-10,0,0,10,0
"fifa_a","Lenovo FIFA","fifa_asus","asus","Asus FIFA",2022-04-17,1,0,10,0
"fifa_a","Lenovo FIFA","fifa_asus","asus","Asus FIFA",2022-04-24,1,0,10,0
"fifa_a","Lenovo FIFA","fifa_asus","asus","Asus FIFA",2022-05-01,0,0,10,0
"fifa_a","Lenovo FIFA","fifa_asus","asus","Asus FIFA",2022-05-08,1,0,10,0
"fifa_a","Lenovo FIFA","fifa_asus","asus","Asus FIFA",2022-05-15,0,0,10,0
"fifa_a","Lenovo FIFA","fifa_asus","asus","Asus FIFA",2022-05-22,0,0,10,0
"fifa_a","Lenovo FIFA","fifa_asus","asus","Asus FIFA",2022-05-29,0,0,10,0
"fifa_a","Lenovo FIFA","fifa_asus","asus","Asus FIFA",2022-06-05,0,0,10,0
"fifa_a","Lenovo FIFA","fifa_asus","asus","Asus FIFA",2022-06-12,1,0,10,0
"fifa_a","Lenovo FIFA","fifa_asus","asus","Asus FIFA",2022-06-19,1,0,10,0
"fifa_a","Lenovo FIFA","fifa_asus","asus","Asus FIFA",2022-06-26,1,0,10,0
"fifa_a","Lenovo FIFA","fifa_asus","asus","Asus FIFA",2022-07-03,0,0,10,0
"fifa_a","Lenovo FIFA","fifa_asus","asus","Asus FIFA",2022-07-10,0,0,10,0
"fifa_a","Lenovo FIFA","fifa_asus","asus","Asus FIFA",2022-07-17,1,0,10,0
"fifa_a","Lenovo FIFA","fifa_asus","asus","Asus FIFA",2022-07-24,1,0,10,0
"fifa_a","Lenovo FIFA","fifa_asus","asus","Asus FIFA",2022-07-31,0,0,10,0
"fifa_a","Lenovo FIFA","fifa_asus","asus","Asus FIFA",2022-08-07,1,0,10,0
"fifa_a","Lenovo FIFA","fifa_asus","asus","Asus FIFA",2022-08-14,1,0,10,0
"fifa_a","Lenovo FIFA","fifa_asus","asus","Asus FIFA",2022-08-21,1,0,10,0
"fifa_a","Lenovo FIFA","fifa_asus","asus","Asus FIFA",2022-08-28,1,0,10,0
"fifa_a","Lenovo FIFA","fifa_asus","asus","Asus FIFA",2022-09-04,1,0,10,0
"fifa_a","Lenovo FIFA","fifa_asus","asus","Asus FIFA",2022-09-11,1,0,10,0
"fifa_a","Lenovo FIFA","fifa_asus","asus","Asus FIFA",2022-09-18,1,0,10,0
"fifa_a","Lenovo FIFA","fifa_asus","asus","Asus FIFA",2022-09-25,3,0,10,0
"fifa_a","Lenovo FIFA","fifa_asus","asus","Asus FIFA",2022-10-02,1,0,10,0
"fifa_a","Lenovo FIFA","fifa_asus","asus","Asus FIFA",2022-10-09,1,0,10,0
"fifa_a","Lenovo FIFA","fifa_asus","asus","Asus FIFA",2022-10-16,1,0,10,0
"fifa_a","Lenovo FIFA","fifa_asus","asus","Asus FIFA",2022-10-23,1,0,10,0
"fifa_a","Lenovo FIFA","fifa_asus","asus","Asus FIFA",2022-10-30,1,0,10,0
"fifa_a","Lenovo FIFA","fifa_asus","asus","Asus FIFA",2022-11-06,1,0,10,0
"fifa_a","Lenovo FIFA","fifa_asus","asus","Asus FIFA",2022-11-13,1,0,10,0
"fifa_a","Lenovo FIFA","fifa_asus","asus","Asus FIFA",2022-11-20,3,0,10,0
"fifa_a","Lenovo FIFA","fifa_asus","asus","Asus FIFA",2022-11-27,3,0,10,0
"fifa_a","Lenovo FIFA","fifa_asus","asus","Asus FIFA",2022-12-04,3,0,10,0
"fifa_a","Lenovo FIFA","fifa_asus","asus","Asus FIFA",2022-12-11,2,0,10,0
"fifa_a","Lenovo FIFA","fifa_asus","asus","Asus FIFA",2022-12-18,2,0,10,0
"fifa_a","Lenovo FIFA","fifa_asus","asus","Asus FIFA",2022-12-25,1,0,10,0
"fifa_a","Lenovo FIFA","fifa_asus","asus","Asus FIFA",2023-01-01,1,0,10,0
"fifa_a","Lenovo FIFA","fifa_asus","asus","Asus FIFA",2023-01-08,1,0,10,0
"fifa_a","Lenovo FIFA","fifa_asus","asus","Asus FIFA",2023-01-15,1,0,10,0
"fifa_a","Lenovo FIFA","fifa_asus","asus","Asus FIFA",2023-01-22,1,0,10,0
"fifa_a","Lenovo FIFA","fifa_asus","asus","Asus FIFA",2023-01-29,1,0,10,0
"fifa_a","Lenovo FIFA","fifa_asus","asus","Asus FIFA",2023-02-05,1,0,10,0
"fifa_a","Lenovo FIFA","fifa_asus","asus","Asus FIFA",2023-02-12,1,0,10,0
"fifa_a","Lenovo FIFA","fifa_asus","asus","Asus FIFA",2023-02-19,1,0,10,0
"fifa_a","Lenovo FIFA","fifa_asus","asus","Asus FIFA",2023-02-26,1,0,10,0
"fifa_a","Lenovo FIFA","fifa_asus","asus","Asus FIFA",2023-03-05,1,0,10,0
"fifa_a","Lenovo FIFA","fifa_asus","asus","Asus FIFA",2023-03-12,1,0,10,0
"fifa_a","Lenovo FIFA","fifa_asus","asus","Asus FIFA",2023-03-19,1,0,10,0
"fifa_a","Lenovo FIFA","fifa_asus","asus","Asus FIFA",2023-03-26,1,0,10,0
"fifa_a","Lenovo FIFA","fifa_asus","asus","Asus FIFA",2023-04-02,1,0,10,0
"fifa_a","Lenovo FIFA","fifa_asus","asus","Asus FIFA",2023-04-09,1,0,10,0
"fifa_a","Lenovo FIFA","fifa_asus","asus","Asus FIFA",2023-04-16,1,0,10,0
"fifa_a","Lenovo FIFA","fifa_asus","asus","Asus FIFA",2023-04-23,0,0,10,0
"fifa_a","Lenovo FIFA","fifa_asus","asus","Asus FIFA",2023-04-30,1,0,10,0
"fifa_a","Lenovo FIFA","fifa_asus","asus","Asus FIFA",2023-05-07,1,0,10,0
"fifa_a","Lenovo FIFA","fifa_asus","asus","Asus FIFA",2023-05-14,1,0,10,0
"fifa_a","Lenovo FIFA","fifa_asus","asus","Asus FIFA",2023-05-21,1,0,10,0
"fifa_a","Lenovo FIFA","fifa_asus","asus","Asus FIFA",2023-05-28,1,0,10,0
"fifa_a","Lenovo FIFA","fifa_asus","asus","Asus FIFA",2023-06-04,1,0,10,0
"fifa_a","Lenovo FIFA","fifa_asus","asus","Asus FIFA",2023-06-11,1,0,10,0
"fifa_a","Lenovo FIFA","fifa_asus","asus","Asus FIFA",2023-06-18,1,0,10,0
"fifa_a","Lenovo FIFA","fifa_asus","asus","Asus FIFA",2023-06-25,1,0,10,0
"fifa_a","Lenovo FIFA","fifa_asus","asus","Asus FIFA",2023-07-02,1,0,10,0
"fifa_a","Lenovo FIFA","fifa_asus","asus","Asus FIFA",2023-07-09,1,0,10,0
"fifa_a","Lenovo FIFA","fifa_asus","asus","Asus FIFA",2023-07-16,1,0,10,0
"fifa_a","Lenovo FIFA","fifa_asus","asus","Asus FIFA",2023-07-23,1,0,10,0
"fifa_a","Lenovo FIFA","fifa_asus","asus","Asus FIFA",2023-07-30,1,0,10,0
"fifa_a","Lenovo FIFA","fifa_asus","asus","Asus FIFA",2023-08-06,1,0,10,0
"fifa_a","Lenovo FIFA","fifa_asus","asus","Asus FIFA",2023-08-13,1,0,10,0
"fifa_a","Lenovo FIFA","fifa_asus","asus","Asus FIFA",2023-08-20,1,0,10,0
"fifa_a","Lenovo FIFA","fifa_asus","asus","Asus FIFA",2023-08-27,1,0,10,0
"fifa_a","Lenovo FIFA","fifa_asus","asus","Asus FIFA",2023-09-03,1,0,10,0
"fifa_a","Lenovo FIFA","fifa_asus","asus","Asus FIFA",2023-09-10,0,0,10,0
"fifa_a","Lenovo FIFA","fifa_asus","asus","Asus FIFA",2023-09-17,1,0,10,0
"fifa_a","Lenovo FIFA","fifa_asus","asus","Asus FIFA",2023-09-24,1,0,10,0
"fifa_a","Lenovo FIFA","fifa_asus","asus","Asus FIFA",2023-10-01,1,0,10,0
"fifa_a","Lenovo FIFA","fifa_asus","asus","Asus FIFA",2023-10-08,0,0,10,0
"fifa_a","Lenovo FIFA","fifa_asus","asus","Asus FIFA",2023-10-15,1,0,10,0
"fifa_a","Lenovo FIFA","fifa_asus","asus","Asus FIFA",2023-10-22,0,0,10,0
"fifa_a","Lenovo FIFA","fifa_asus","asus","Asus FIFA",2023-10-29,0,0,10,0
"fifa_a","Lenovo FIFA","fifa_asus","asus","Asus FIFA",2023-11-05,0,0,10,0
"fifa_a","Lenovo FIFA","fifa_asus","asus","Asus FIFA",2023-11-12,0,0,10,0
"fifa_a","Lenovo FIFA","fifa_asus","asus","Asus FIFA",2023-11-19,1,0,10,0
"fifa_a","Lenovo FIFA","fifa_asus","asus","Asus FIFA",2023-11-26,0,0,10,0
"fifa_a","Lenovo FIFA","fifa_asus","asus","Asus FIFA",2023-12-03,0,0,10,0
"fifa_a","Lenovo FIFA","fifa_asus","asus","Asus FIFA",2023-12-10,1,0,10,0
"fifa_a","Lenovo FIFA","fifa_asus","asus","Asus FIFA",2023-12-17,0,0,10,0
"fifa_a","Lenovo FIFA","fifa_asus","asus","Asus FIFA",2023-12-24,1,0,10,0
"fifa_a","Lenovo FIFA","fifa_asus","asus","Asus FIFA",2023-12-31,0,0,10,0
"fifa_a","Lenovo FIFA","fifa_asus","asus","Asus FIFA",2024-01-07,0,0,10,0
"fifa_a","Lenovo FIFA","fifa_asus","asus","Asus FIFA",2024-01-14,0,0,10,0
"fifa_a","Lenovo FIFA","fifa_asus","asus","Asus FIFA",2024-01-21,0,0,10,0
"fifa_a","Lenovo FIFA","fifa_asus","asus","Asus FIFA",2024-01-28,0,0,10,0
"fifa_a","Lenovo FIFA","fifa_asus","asus","Asus FIFA",2024-02-04,0,0,10,0
"fifa_a","Lenovo FIFA","fifa_asus","asus","Asus FIFA",2024-02-11,0,0,10,0
"fifa_a","Lenovo FIFA","fifa_asus","asus","Asus FIFA",2024-02-18,0,0,10,0
"fifa_a","Lenovo FIFA","fifa_asus","asus","Asus FIFA",2024-02-25,0,0,10,0
"fifa_a","Lenovo FIFA","fifa_asus","asus","Asus FIFA",2024-03-03,0,0,10,0
"fifa_a","Lenovo FIFA","fifa_asus","asus","Asus FIFA",2024-03-10,1,0,10,0
"fifa_a","Lenovo FIFA","fifa_asus","asus","Asus FIFA",2024-03-17,0,0,10,0
"fifa_a","Lenovo FIFA","fifa_asus","asus","Asus FIFA",2024-03-24,0,0,10,0
"fifa_a","Lenovo FIFA","fifa_asus","asus","Asus FIFA",2024-03-31,0,0,10,0
"fifa_a","Lenovo FIFA","fifa_asus","asus","Asus FIFA",2024-04-07,0,0,10,0
"fifa_a","Lenovo FIFA","fifa_asus","asus","Asus FIFA",2024-04-14,0,0,10,10
"fifa_a","Lenovo FIFA","fifa_asus","asus","Asus FIFA",2024-04-21,0,0,10,0
"fifa_a","Lenovo FIFA","fifa_asus","asus","Asus FIFA",2024-04-28,0,0,10,0
"fifa_a","Lenovo FIFA","fifa_asus","asus","Asus FIFA",2024-05-05,0,0,10,0
"fifa_a","Lenovo FIFA","fifa_asus","asus","Asus FIFA",2024-05-12,0,0,10,0
"fifa_a","Lenovo FIFA","fifa_asus","asus","Asus FIFA",2024-05-19,0,0,10,0
"fifa_a","Lenovo FIFA","fifa_asus","asus","Asus FIFA",2024-05-26,0,0,10,0
"fifa_a","Lenovo FIFA","fifa_asus","asus","Asus FIFA",2024-06-02,0,0,10,0
"fifa_a","Lenovo FIFA","fifa_asus","asus","Asus FIFA",2024-06-09,0,0,10,0
"fifa_a","Lenovo FIFA","fifa_asus","asus","Asus FIFA",2024-06-16,0,0,10,10
"fifa_a","Lenovo FIFA","fifa_asus","asus","Asus FIFA",2024-06-23,0,0,10,0
"fifa_a","Lenovo FIFA","fifa_asus","asus","Asus FIFA",2024-06-30,0,0,10,0
"fifa_a","Lenovo FIFA","fifa_asus","asus","Asus FIFA",2024-07-07,0,0,10,0
"fifa_a","Lenovo FIFA","fifa_asus","asus","Asus FIFA",2024-07-14,0,0,10,0
"fifa_a","Lenovo FIFA","fifa_asus","asus","Asus FIFA",2024-07-21,0,0,10,0
"fifa_a","Lenovo FIFA","fifa_asus","asus","Asus FIFA",2024-07-28,0,0,10,0
"fifa_a","Lenovo FIFA","fifa_asus","asus","Asus FIFA",2024-08-04,0,0,10,0
"fifa_a","Lenovo FIFA","fifa_asus","asus","Asus FIFA",2024-08-11,0,0,10,0
"fifa_a","Lenovo FIFA","fifa_asus","asus","Asus FIFA",2024-08-18,0,0,10,0
"fifa_a","Lenovo FIFA","fifa_asus","asus","Asus FIFA",2024-08-25,0,0,10,0
"fifa_a","Lenovo FIFA","fifa_asus","asus","Asus FIFA",2024-09-01,0,0,10,0
"fifa_a","Lenovo FIFA","fifa_asus","asus","Asus FIFA",2024-09-08,0,0,10,0
"fifa_a","Lenovo FIFA","fifa_asus","asus","Asus FIFA",2024-09-15,0,0,10,0
"fifa_a","Lenovo FIFA","fifa_asus","asus","Asus FIFA",2024-09-22,0,0,10,0
"fifa_a","Lenovo FIFA","fifa_asus","asus","Asus FIFA",2024-09-29,1,0,10,0
"fifa_a","Lenovo FIFA","fifa_asus","asus","Asus FIFA",2024-10-06,0,0,10,0
"fifa_a","Lenovo FIFA","fifa_asus","asus","Asus FIFA",2024-10-13,0,0,10,0
"fifa_a","Lenovo FIFA","fifa_asus","asus","Asus FIFA",2024-10-20,0,0,10,0
"fifa_a","Lenovo FIFA","fifa_asus","asus","Asus FIFA",2024-10-27,0,0,10,10
"fifa_a","Lenovo FIFA","fifa_asus","asus","Asus FIFA",2024-11-03,0,0,10,0
"fifa_a","Lenovo FIFA","fifa_asus","asus","Asus FIFA",2024-11-10,0,0,10,0
"fifa_a","Lenovo FIFA","fifa_asus","asus","Asus FIFA",2024-11-17,0,0,10,0
"fifa_a","Lenovo FIFA","fifa_asus","asus","Asus FIFA",2024-11-24,0,0,10,0
"fifa_a","Lenovo FIFA","fifa_asus","asus","Asus FIFA",2024-12-01,0,0,10,0
"fifa_a","Lenovo FIFA","fifa_asus","asus","Asus FIFA",2024-12-08,0,0,10,0
"fifa_a","Lenovo FIFA","fifa_asus","asus","Asus FIFA",2024-12-15,0,0,10,0
"fifa_a","Lenovo FIFA","fifa_asus","asus","Asus FIFA",2024-12-22,0,0,10,0
"fifa_a","Lenovo FIFA","fifa_asus","asus","Asus FIFA",2024-12-29,0,0,10,0
"fifa_a","Lenovo FIFA","fifa_asus","asus","Asus FIFA",2025-01-05,0,0,10,0
"fifa_a","Lenovo FIFA","fifa_asus","asus","Asus FIFA",2025-01-12,0,0,10,10
"fifa_a","Lenovo FIFA","fifa_asus","asus","Asus FIFA",2025-01-19,0,0,10,10
"fifa_a","Lenovo FIFA","fifa_asus","asus","Asus FIFA",2025-01-26,0,0,10,0
"fifa_a","Lenovo FIFA","fifa_asus","asus","Asus FIFA",2025-02-02,0,0,10,10
"fifa_a","Lenovo FIFA","fifa_asus","asus","Asus FIFA",2025-02-09,0,0,10,10
"fifa_a","Lenovo FIFA","fifa_asus","asus","Asus FIFA",2025-02-16,0,0,10,10
"fifa_a","Lenovo FIFA","fifa_asus","asus","Asus FIFA",2025-02-23,0,0,10,10
"fifa_a","Lenovo FIFA","fifa_asus","asus","Asus FIFA",2025-03-02,0,0,10,10
"fifa_a","Lenovo FIFA","fifa_asus","asus","Asus FIFA",2025-03-09,0,0,10,0
"fifa_a","Lenovo FIFA","fifa_asus","asus","Asus FIFA",2025-03-16,0,0,10,10
"fifa_a","Lenovo FIFA","fifa_asus","asus","Asus FIFA",2025-03-23,0,0,10,0
"fifa_a","Lenovo FIFA","fifa_asus","asus","Asus FIFA",2025-03-30,0,0,10,0
"fifa_a","Lenovo FIFA","fifa_asus","asus","Asus FIFA",2025-04-06,0,0,10,0
"fifa_a","Lenovo FIFA","fifa_asus","asus","Asus FIFA",2025-04-13,0,0,10,0
"fifa_a","Lenovo FIFA","fifa_asus","asus","Asus FIFA",2025-04-20,0,0,10,0
"fifa_a","Lenovo FIFA","fifa_asus","asus","Asus FIFA",2025-04-27,0,0,10,0
"fifa_a","Lenovo FIFA","fifa_asus","asus","Asus FIFA",2025-05-04,0,0,10,0
"fifa_a","Lenovo FIFA","fifa_asus","asus","Asus FIFA",2025-05-11,0,0,10,10
"fifa_a","Lenovo FIFA","fifa_asus","asus","Asus FIFA",2025-05-18,0,0,10,0
"fifa_a","Lenovo FIFA","fifa_asus","asus","Asus FIFA",2025-05-25,0,0,10,0
"fifa_a","Lenovo FIFA","fifa_asus","asus","Asus FIFA",2025-06-01,0,0,10,0
"fifa_a","Lenovo FIFA","fifa_asus","asus","Asus FIFA",2025-06-08,0,0,10,0
"fifa_a","Lenovo FIFA","fifa_asus","asus","Asus FIFA",2025-06-15,1,0,10,0
"fifa_a","Lenovo FIFA","fifa_asus","asus","Asus FIFA",2025-06-22,1,0,10,0
"fifa_a","Lenovo FIFA","fifa_asus","asus","Asus FIFA",2025-06-29,0,0,10,0
"fifa_a","Lenovo FIFA","fifa_asus","asus","Asus FIFA",2025-07-06,1,0,10,0
"fifa_a","Lenovo FIFA","fifa_asus","asus","Asus FIFA",2025-07-13,1,0,10,0
"fifa_a","Lenovo FIFA","fifa_asus","asus","Asus FIFA",2025-07-20,1,0,10,0
"fifa_a","Lenovo FIFA","fifa_asus","asus","Asus FIFA",2025-07-27,2,0,10,0
"fifa_a","Lenovo FIFA","fifa_asus","asus","Asus FIFA",2025-08-03,2,0,10,0
"fifa_a","Lenovo FIFA","fifa_asus","asus","Asus FIFA",2025-08-10,2,0,10,0
"fifa_a","Lenovo FIFA","fifa_asus","asus","Asus FIFA",2025-08-17,3,0,10,0
"fifa_a","Lenovo FIFA","fifa_asus","asus","Asus FIFA",2025-08-24,3,0,10,0
"fifa_a","Lenovo FIFA","fifa_asus","asus","Asus FIFA",2025-08-31,6,0,10,0
"fifa_a","Lenovo FIFA","fifa_asus","asus","Asus FIFA",2025-09-07,6,0,10,0
"fifa_a","Lenovo FIFA","fifa_asus","asus","Asus FIFA",2025-09-14,3,0,10,0
"fifa_a","Lenovo FIFA","fifa_asus","asus","Asus FIFA",2025-09-21,4,0,10,0
"fifa_a","Lenovo FIFA","fifa_asus","asus","Asus FIFA",2025-09-28,4,0,10,0
"fifa_a","Lenovo FIFA","fifa_asus","asus","Asus FIFA",2025-10-05,4,0,10,0
"fifa_a","Lenovo FIFA","fifa_asus","asus","Asus FIFA",2025-10-12,4,0,10,0
"fifa_a","Lenovo FIFA","fifa_asus","asus","Asus FIFA",2025-10-19,3,0,10,0
"fifa_a","Lenovo FIFA","fifa_asus","asus","Asus FIFA",2025-10-26,3,0,10,0
"fifa_a","Lenovo FIFA","fifa_asus","asus","Asus FIFA",2025-11-02,3,0,10,0
"fifa_a","Lenovo FIFA","fifa_asus","asus","Asus FIFA",2025-11-09,4,0,10,0
"fifa_a","Lenovo FIFA","fifa_asus","asus","Asus FIFA",2025-11-16,5,0,10,0
"fifa_a","Lenovo FIFA","fifa_asus","asus","Asus FIFA",2025-11-23,4,0,10,0
"fifa_a","Lenovo FIFA","fifa_asus","asus","Asus FIFA",2025-11-30,7,0,10,0
"fifa_a","Lenovo FIFA","fifa_asus","asus","Asus FIFA",2025-12-07,5,0,10,0
"fifa_a","Lenovo FIFA","fifa_asus","asus","Asus FIFA",2025-12-14,3,0,10,0
"fifa_a","Lenovo FIFA","fifa_asus","asus","Asus FIFA",2025-12-21,2,0,10,0
"fifa_a","Lenovo FIFA","fifa_asus","asus","Asus FIFA",2025-12-28,1,0,10,0
"fifa_a","Lenovo FIFA","fifa_asus","asus","Asus FIFA",2026-01-04,1,0,10,0
"fifa_a","Lenovo FIFA","fifa_asus","asus","Asus FIFA",2026-01-11,2,0,10,0
"fifa_a","Lenovo FIFA","fifa_asus","asus","Asus FIFA",2026-01-18,2,0,10,0
"fifa_a","Lenovo FIFA","fifa_asus","asus","Asus FIFA",2026-01-25,2,0,10,0
"fifa_a","Lenovo FIFA","fifa_asus","asus","Asus FIFA",2026-02-01,2,0,10,0
"fifa_a","Lenovo FIFA","fifa_asus","asus","Asus FIFA",2026-02-08,1,0,10,0
"fifa_a","Lenovo FIFA","fifa_asus","asus","Asus FIFA",2026-02-15,2,0,10,0
"fifa_a","Lenovo FIFA","fifa_asus","asus","Asus FIFA",2026-02-22,2,0,10,0
"fifa_a","Lenovo FIFA","fifa_asus","asus","Asus FIFA",2026-03-01,2,0,10,0
"fifa_a","Lenovo FIFA","fifa_asus","asus","Asus FIFA",2026-03-08,2,0,10,0
"fifa_a","Lenovo FIFA","fifa_asus","asus","Asus FIFA",2026-03-15,2,0,10,0
"fifa_a","Lenovo FIFA","fifa_asus","asus","Asus FIFA",2026-03-22,3,0,10,0
"fifa_a","Lenovo FIFA","fifa_asus","asus","Asus FIFA",2026-03-29,6,0,10,0
"fifa_a","Lenovo FIFA","fifa_asus","asus","Asus FIFA",2026-04-05,4,0,10,0
"fifa_a","Lenovo FIFA","fifa_asus","asus","Asus FIFA",2026-04-12,3,0,10,0
"fifa_a","Lenovo FIFA","fifa_asus","asus","Asus FIFA",2026-04-19,3,0,10,0
"fifa_a","Lenovo FIFA","fifa_asus","asus","Asus FIFA",2026-04-26,2,0,10,0
"fifa_a","Lenovo FIFA","fifa_asus","asus","Asus FIFA",2026-05-03,3,0,10,0
"fifa_a","Lenovo FIFA","fifa_asus","asus","Asus FIFA",2026-05-10,4,0,10,0
"fifa_a","Lenovo FIFA","fifa_asus","asus","Asus FIFA",2026-05-17,7,0,10,0
"fifa_a","Lenovo FIFA","fifa_asus","asus","Asus FIFA",2026-05-24,7,0,10,0
"fifa_a","Lenovo FIFA","fifa_asus","asus","Asus FIFA",2026-05-31,15,0,10,0
"fifa_a","Lenovo FIFA","fifa_asus","asus","Asus FIFA",2026-06-07,39,0,10,0
"fifa_a","Lenovo FIFA","fifa_asus","asus","Asus FIFA",2026-06-14,36,0,10,0
"fifa_a","Lenovo FIFA","fifa_asus","asus","Asus FIFA",2026-06-21,43,0,10,0
"fifa_a","Lenovo FIFA","fifa_asus","asus","Asus FIFA",2026-06-28,56,0,10,0
"fifa_a","Lenovo FIFA","fifa_asus","asus","Asus FIFA",2026-07-05,42,0,10,0
"fifa_a","Lenovo FIFA","fifa_asus","asus","Asus FIFA",2026-07-12,27,0,10,0
"fifa_a","Lenovo FIFA","fifa_asus","asus","Asus FIFA",2026-07-19,16,0,10,0
"fifa_a","Lenovo FIFA","fifa_asus","asus","Asus FIFA",2026-07-26,3,0,10,0
"fifa_a","Lenovo FIFA","fifa_asus","asus","Asus FIFA",2026-08-02,3,0,10,0
"fifa_a","Lenovo FIFA","fifa_asus","asus","Asus FIFA",2026-08-09,3,0,10,0
"fifa_a","Lenovo FIFA","fifa_asus","asus","Asus FIFA",2026-08-16,2,0,10,0
"fifa_a","Lenovo FIFA","fifa_asus","asus","Asus FIFA",2026-08-23,2,0,10,0
"fifa_a","Lenovo FIFA","fifa_asus","asus","Asus FIFA",2026-08-30,3,0,10,0
"fifa_a","Lenovo FIFA","fifa_asus","asus","Asus FIFA",2026-09-06,2,0,10,0
"fifa_a","Lenovo FIFA","fifa_asus","asus","Asus FIFA",2026-09-13,1,0,10,0
"fifa_a","Lenovo FIFA","fifa_asus","asus","Asus FIFA",2026-09-20,1,0,10,0
"fifa_a","Lenovo FIFA","fifa_asus","asus","Asus FIFA",2026-09-27,1,0,10,0
"fifa_a","Lenovo FIFA","fifa_dell","dell","Dell FIFA",2021-12-26,0,0,10,0
"fifa_a","Lenovo FIFA","fifa_dell","dell","Dell FIFA",2022-01-02,0,0,10,0
"fifa_a","Lenovo FIFA","fifa_dell","dell","Dell FIFA",2022-01-09,1,0,10,0
"fifa_a","Lenovo FIFA","fifa_dell","dell","Dell FIFA",2022-01-16,0,0,10,0
"fifa_a","Lenovo FIFA","fifa_dell","dell","Dell FIFA",2022-01-23,0,0,10,0
"fifa_a","Lenovo FIFA","fifa_dell","dell","Dell FIFA",2022-01-30,0,0,10,0
"fifa_a","Lenovo FIFA","fifa_dell","dell","Dell FIFA",2022-02-06,0,0,10,0
"fifa_a","Lenovo FIFA","fifa_dell","dell","Dell FIFA",2022-02-13,0,0,10,0
"fifa_a","Lenovo FIFA","fifa_dell","dell","Dell FIFA",2022-02-20,0,0,10,0
"fifa_a","Lenovo FIFA","fifa_dell","dell","Dell FIFA",2022-02-27,0,0,10,0
"fifa_a","Lenovo FIFA","fifa_dell","dell","Dell FIFA",2022-03-06,0,0,10,0
"fifa_a","Lenovo FIFA","fifa_dell","dell","Dell FIFA",2022-03-13,0,0,10,0
"fifa_a","Lenovo FIFA","fifa_dell","dell","Dell FIFA",2022-03-20,0,0,10,0
"fifa_a","Lenovo FIFA","fifa_dell","dell","Dell FIFA",2022-03-27,0,0,10,0
"fifa_a","Lenovo FIFA","fifa_dell","dell","Dell FIFA",2022-04-03,0,0,10,0
"fifa_a","Lenovo FIFA","fifa_dell","dell","Dell FIFA",2022-04-10,0,0,10,0
"fifa_a","Lenovo FIFA","fifa_dell","dell","Dell FIFA",2022-04-17,0,0,10,0
"fifa_a","Lenovo FIFA","fifa_dell","dell","Dell FIFA",2022-04-24,0,0,10,0
"fifa_a","Lenovo FIFA","fifa_dell","dell","Dell FIFA",2022-05-01,0,0,10,0
"fifa_a","Lenovo FIFA","fifa_dell","dell","Dell FIFA",2022-05-08,0,0,10,0
"fifa_a","Lenovo FIFA","fifa_dell","dell","Dell FIFA",2022-05-15,0,0,10,0
"fifa_a","Lenovo FIFA","fifa_dell","dell","Dell FIFA",2022-05-22,0,0,10,0
"fifa_a","Lenovo FIFA","fifa_dell","dell","Dell FIFA",2022-05-29,0,0,10,0
"fifa_a","Lenovo FIFA","fifa_dell","dell","Dell FIFA",2022-06-05,0,0,10,0
"fifa_a","Lenovo FIFA","fifa_dell","dell","Dell FIFA",2022-06-12,1,0,10,0
"fifa_a","Lenovo FIFA","fifa_dell","dell","Dell FIFA",2022-06-19,0,0,10,0
"fifa_a","Lenovo FIFA","fifa_dell","dell","Dell FIFA",2022-06-26,0,0,10,0
"fifa_a","Lenovo FIFA","fifa_dell","dell","Dell FIFA",2022-07-03,0,0,10,0
"fifa_a","Lenovo FIFA","fifa_dell","dell","Dell FIFA",2022-07-10,0,0,10,0
"fifa_a","Lenovo FIFA","fifa_dell","dell","Dell FIFA",2022-07-17,1,0,10,0
"fifa_a","Lenovo FIFA","fifa_dell","dell","Dell FIFA",2022-07-24,0,0,10,0
"fifa_a","Lenovo FIFA","fifa_dell","dell","Dell FIFA",2022-07-31,0,0,10,0
"fifa_a","Lenovo FIFA","fifa_dell","dell","Dell FIFA",2022-08-07,1,0,10,0
"fifa_a","Lenovo FIFA","fifa_dell","dell","Dell FIFA",2022-08-14,0,0,10,0
"fifa_a","Lenovo FIFA","fifa_dell","dell","Dell FIFA",2022-08-21,0,0,10,0
"fifa_a","Lenovo FIFA","fifa_dell","dell","Dell FIFA",2022-08-28,0,0,10,0
"fifa_a","Lenovo FIFA","fifa_dell","dell","Dell FIFA",2022-09-04,0,0,10,0
"fifa_a","Lenovo FIFA","fifa_dell","dell","Dell FIFA",2022-09-11,0,0,10,0
"fifa_a","Lenovo FIFA","fifa_dell","dell","Dell FIFA",2022-09-18,1,0,10,0
"fifa_a","Lenovo FIFA","fifa_dell","dell","Dell FIFA",2022-09-25,1,0,10,0
"fifa_a","Lenovo FIFA","fifa_dell","dell","Dell FIFA",2022-10-02,1,0,10,0
"fifa_a","Lenovo FIFA","fifa_dell","dell","Dell FIFA",2022-10-09,1,0,10,0
"fifa_a","Lenovo FIFA","fifa_dell","dell","Dell FIFA",2022-10-16,1,0,10,0
"fifa_a","Lenovo FIFA","fifa_dell","dell","Dell FIFA",2022-10-23,0,0,10,0
"fifa_a","Lenovo FIFA","fifa_dell","dell","Dell FIFA",2022-10-30,1,0,10,0
"fifa_a","Lenovo FIFA","fifa_dell","dell","Dell FIFA",2022-11-06,1,0,10,0
"fifa_a","Lenovo FIFA","fifa_dell","dell","Dell FIFA",2022-11-13,1,0,10,0
"fifa_a","Lenovo FIFA","fifa_dell","dell","Dell FIFA",2022-11-20,3,0,10,0
"fifa_a","Lenovo FIFA","fifa_dell","dell","Dell FIFA",2022-11-27,3,0,10,0
"fifa_a","Lenovo FIFA","fifa_dell","dell","Dell FIFA",2022-12-04,2,0,10,0
"fifa_a","Lenovo FIFA","fifa_dell","dell","Dell FIFA",2022-12-11,2,0,10,0
"fifa_a","Lenovo FIFA","fifa_dell","dell","Dell FIFA",2022-12-18,1,0,10,0
"fifa_a","Lenovo FIFA","fifa_dell","dell","Dell FIFA",2022-12-25,1,0,10,0
"fifa_a","Lenovo FIFA","fifa_dell","dell","Dell FIFA",2023-01-01,1,0,10,0
"fifa_a","Lenovo FIFA","fifa_dell","dell","Dell FIFA",2023-01-08,1,0,10,0
"fifa_a","Lenovo FIFA","fifa_dell","dell","Dell FIFA",2023-01-15,1,0,10,0
"fifa_a","Lenovo FIFA","fifa_dell","dell","Dell FIFA",2023-01-22,0,0,10,0
"fifa_a","Lenovo FIFA","fifa_dell","dell","Dell FIFA",2023-01-29,0,0,10,0
"fifa_a","Lenovo FIFA","fifa_dell","dell","Dell FIFA",2023-02-05,0,0,10,0
"fifa_a","Lenovo FIFA","fifa_dell","dell","Dell FIFA",2023-02-12,0,0,10,0
"fifa_a","Lenovo FIFA","fifa_dell","dell","Dell FIFA",2023-02-19,0,0,10,0
"fifa_a","Lenovo FIFA","fifa_dell","dell","Dell FIFA",2023-02-26,1,0,10,0
"fifa_a","Lenovo FIFA","fifa_dell","dell","Dell FIFA",2023-03-05,0,0,10,0
"fifa_a","Lenovo FIFA","fifa_dell","dell","Dell FIFA",2023-03-12,0,0,10,0
"fifa_a","Lenovo FIFA","fifa_dell","dell","Dell FIFA",2023-03-19,0,0,10,0
"fifa_a","Lenovo FIFA","fifa_dell","dell","Dell FIFA",2023-03-26,0,0,10,0
"fifa_a","Lenovo FIFA","fifa_dell","dell","Dell FIFA",2023-04-02,0,0,10,0
"fifa_a","Lenovo FIFA","fifa_dell","dell","Dell FIFA",2023-04-09,0,0,10,0
"fifa_a","Lenovo FIFA","fifa_dell","dell","Dell FIFA",2023-04-16,0,0,10,0
"fifa_a","Lenovo FIFA","fifa_dell","dell","Dell FIFA",2023-04-23,0,0,10,0
"fifa_a","Lenovo FIFA","fifa_dell","dell","Dell FIFA",2023-04-30,0,0,10,0
"fifa_a","Lenovo FIFA","fifa_dell","dell","Dell FIFA",2023-05-07,0,0,10,0
"fifa_a","Lenovo FIFA","fifa_dell","dell","Dell FIFA",2023-05-14,0,0,10,0
"fifa_a","Lenovo FIFA","fifa_dell","dell","Dell FIFA",2023-05-21,1,0,10,0
"fifa_a","Lenovo FIFA","fifa_dell","dell","Dell FIFA",2023-05-28,0,0,10,0
"fifa_a","Lenovo FIFA","fifa_dell","dell","Dell FIFA",2023-06-04,0,0,10,0
"fifa_a","Lenovo FIFA","fifa_dell","dell","Dell FIFA",2023-06-11,0,0,10,0
"fifa_a","Lenovo FIFA","fifa_dell","dell","Dell FIFA",2023-06-18,0,0,10,0
"fifa_a","Lenovo FIFA","fifa_dell","dell","Dell FIFA",2023-06-25,0,0,10,0
"fifa_a","Lenovo FIFA","fifa_dell","dell","Dell FIFA",2023-07-02,0,0,10,0
"fifa_a","Lenovo FIFA","fifa_dell","dell","Dell FIFA",2023-07-09,0,0,10,0
"fifa_a","Lenovo FIFA","fifa_dell","dell","Dell FIFA",2023-07-16,1,0,10,0
"fifa_a","Lenovo FIFA","fifa_dell","dell","Dell FIFA",2023-07-23,1,0,10,0
"fifa_a","Lenovo FIFA","fifa_dell","dell","Dell FIFA",2023-07-30,0,0,10,0
"fifa_a","Lenovo FIFA","fifa_dell","dell","Dell FIFA",2023-08-06,0,0,10,0
"fifa_a","Lenovo FIFA","fifa_dell","dell","Dell FIFA",2023-08-13,0,0,10,0
"fifa_a","Lenovo FIFA","fifa_dell","dell","Dell FIFA",2023-08-20,0,0,10,0
"fifa_a","Lenovo FIFA","fifa_dell","dell","Dell FIFA",2023-08-27,0,0,10,0
"fifa_a","Lenovo FIFA","fifa_dell","dell","Dell FIFA",2023-09-03,0,0,10,0
"fifa_a","Lenovo FIFA","fifa_dell","dell","Dell FIFA",2023-09-10,0,0,10,0
"fifa_a","Lenovo FIFA","fifa_dell","dell","Dell FIFA",2023-09-17,0,0,10,0
"fifa_a","Lenovo FIFA","fifa_dell","dell","Dell FIFA",2023-09-24,0,0,10,0
"fifa_a","Lenovo FIFA","fifa_dell","dell","Dell FIFA",2023-10-01,0,0,10,0
"fifa_a","Lenovo FIFA","fifa_dell","dell","Dell FIFA",2023-10-08,0,0,10,0
"fifa_a","Lenovo FIFA","fifa_dell","dell","Dell FIFA",2023-10-15,0,0,10,0
"fifa_a","Lenovo FIFA","fifa_dell","dell","Dell FIFA",2023-10-22,0,0,10,0
"fifa_a","Lenovo FIFA","fifa_dell","dell","Dell FIFA",2023-10-29,0,0,10,0
"fifa_a","Lenovo FIFA","fifa_dell","dell","Dell FIFA",2023-11-05,0,0,10,0
"fifa_a","Lenovo FIFA","fifa_dell","dell","Dell FIFA",2023-11-12,0,0,10,0
"fifa_a","Lenovo FIFA","fifa_dell","dell","Dell FIFA",2023-11-19,0,0,10,0
"fifa_a","Lenovo FIFA","fifa_dell","dell","Dell FIFA",2023-11-26,0,0,10,0
"fifa_a","Lenovo FIFA","fifa_dell","dell","Dell FIFA",2023-12-03,0,0,10,0
"fifa_a","Lenovo FIFA","fifa_dell","dell","Dell FIFA",2023-12-10,0,0,10,0
"fifa_a","Lenovo FIFA","fifa_dell","dell","Dell FIFA",2023-12-17,0,0,10,10
"fifa_a","Lenovo FIFA","fifa_dell","dell","Dell FIFA",2023-12-24,0,0,10,0
"fifa_a","Lenovo FIFA","fifa_dell","dell","Dell FIFA",2023-12-31,0,0,10,10
"fifa_a","Lenovo FIFA","fifa_dell","dell","Dell FIFA",2024-01-07,0,0,10,0
"fifa_a","Lenovo FIFA","fifa_dell","dell","Dell FIFA",2024-01-14,0,0,10,0
"fifa_a","Lenovo FIFA","fifa_dell","dell","Dell FIFA",2024-01-21,0,0,10,0
"fifa_a","Lenovo FIFA","fifa_dell","dell","Dell FIFA",2024-01-28,0,0,10,0
"fifa_a","Lenovo FIFA","fifa_dell","dell","Dell FIFA",2024-02-04,0,0,10,0
"fifa_a","Lenovo FIFA","fifa_dell","dell","Dell FIFA",2024-02-11,0,0,10,0
"fifa_a","Lenovo FIFA","fifa_dell","dell","Dell FIFA",2024-02-18,0,0,10,0
"fifa_a","Lenovo FIFA","fifa_dell","dell","Dell FIFA",2024-02-25,0,0,10,0
"fifa_a","Lenovo FIFA","fifa_dell","dell","Dell FIFA",2024-03-03,0,0,10,0
"fifa_a","Lenovo FIFA","fifa_dell","dell","Dell FIFA",2024-03-10,0,0,10,0
"fifa_a","Lenovo FIFA","fifa_dell","dell","Dell FIFA",2024-03-17,0,0,10,0
"fifa_a","Lenovo FIFA","fifa_dell","dell","Dell FIFA",2024-03-24,0,0,10,0
"fifa_a","Lenovo FIFA","fifa_dell","dell","Dell FIFA",2024-03-31,0,0,10,0
"fifa_a","Lenovo FIFA","fifa_dell","dell","Dell FIFA",2024-04-07,0,0,10,0
"fifa_a","Lenovo FIFA","fifa_dell","dell","Dell FIFA",2024-04-14,0,0,10,10
"fifa_a","Lenovo FIFA","fifa_dell","dell","Dell FIFA",2024-04-21,0,0,10,10
"fifa_a","Lenovo FIFA","fifa_dell","dell","Dell FIFA",2024-04-28,0,0,10,0
"fifa_a","Lenovo FIFA","fifa_dell","dell","Dell FIFA",2024-05-05,0,0,10,0
"fifa_a","Lenovo FIFA","fifa_dell","dell","Dell FIFA",2024-05-12,0,0,10,0
"fifa_a","Lenovo FIFA","fifa_dell","dell","Dell FIFA",2024-05-19,0,0,10,10
"fifa_a","Lenovo FIFA","fifa_dell","dell","Dell FIFA",2024-05-26,0,0,10,0
"fifa_a","Lenovo FIFA","fifa_dell","dell","Dell FIFA",2024-06-02,0,0,10,0
"fifa_a","Lenovo FIFA","fifa_dell","dell","Dell FIFA",2024-06-09,0,0,10,0
"fifa_a","Lenovo FIFA","fifa_dell","dell","Dell FIFA",2024-06-16,0,0,10,0
"fifa_a","Lenovo FIFA","fifa_dell","dell","Dell FIFA",2024-06-23,0,0,10,0
"fifa_a","Lenovo FIFA","fifa_dell","dell","Dell FIFA",2024-06-30,0,0,10,10
"fifa_a","Lenovo FIFA","fifa_dell","dell","Dell FIFA",2024-07-07,0,0,10,0
"fifa_a","Lenovo FIFA","fifa_dell","dell","Dell FIFA",2024-07-14,0,0,10,0
"fifa_a","Lenovo FIFA","fifa_dell","dell","Dell FIFA",2024-07-21,0,0,10,0
"fifa_a","Lenovo FIFA","fifa_dell","dell","Dell FIFA",2024-07-28,0,0,10,0
"fifa_a","Lenovo FIFA","fifa_dell","dell","Dell FIFA",2024-08-04,0,0,10,0
"fifa_a","Lenovo FIFA","fifa_dell","dell","Dell FIFA",2024-08-11,0,0,10,0
"fifa_a","Lenovo FIFA","fifa_dell","dell","Dell FIFA",2024-08-18,0,0,10,0
"fifa_a","Lenovo FIFA","fifa_dell","dell","Dell FIFA",2024-08-25,0,0,10,10
"fifa_a","Lenovo FIFA","fifa_dell","dell","Dell FIFA",2024-09-01,0,0,10,10
"fifa_a","Lenovo FIFA","fifa_dell","dell","Dell FIFA",2024-09-08,0,0,10,0
"fifa_a","Lenovo FIFA","fifa_dell","dell","Dell FIFA",2024-09-15,0,0,10,0
"fifa_a","Lenovo FIFA","fifa_dell","dell","Dell FIFA",2024-09-22,0,0,10,0
"fifa_a","Lenovo FIFA","fifa_dell","dell","Dell FIFA",2024-09-29,0,0,10,0
"fifa_a","Lenovo FIFA","fifa_dell","dell","Dell FIFA",2024-10-06,0,0,10,10
"fifa_a","Lenovo FIFA","fifa_dell","dell","Dell FIFA",2024-10-13,0,0,10,0
"fifa_a","Lenovo FIFA","fifa_dell","dell","Dell FIFA",2024-10-20,0,0,10,10
"fifa_a","Lenovo FIFA","fifa_dell","dell","Dell FIFA",2024-10-27,0,0,10,0
"fifa_a","Lenovo FIFA","fifa_dell","dell","Dell FIFA",2024-11-03,0,0,10,10
"fifa_a","Lenovo FIFA","fifa_dell","dell","Dell FIFA",2024-11-10,0,0,10,0
"fifa_a","Lenovo FIFA","fifa_dell","dell","Dell FIFA",2024-11-17,0,0,10,0
"fifa_a","Lenovo FIFA","fifa_dell","dell","Dell FIFA",2024-11-24,0,0,10,10
"fifa_a","Lenovo FIFA","fifa_dell","dell","Dell FIFA",2024-12-01,0,0,10,0
"fifa_a","Lenovo FIFA","fifa_dell","dell","Dell FIFA",2024-12-08,0,0,10,0
"fifa_a","Lenovo FIFA","fifa_dell","dell","Dell FIFA",2024-12-15,0,0,10,0
"fifa_a","Lenovo FIFA","fifa_dell","dell","Dell FIFA",2024-12-22,0,0,10,0
"fifa_a","Lenovo FIFA","fifa_dell","dell","Dell FIFA",2024-12-29,0,0,10,10
"fifa_a","Lenovo FIFA","fifa_dell","dell","Dell FIFA",2025-01-05,0,0,10,0
"fifa_a","Lenovo FIFA","fifa_dell","dell","Dell FIFA",2025-01-12,0,0,10,10
"fifa_a","Lenovo FIFA","fifa_dell","dell","Dell FIFA",2025-01-19,0,0,10,10
"fifa_a","Lenovo FIFA","fifa_dell","dell","Dell FIFA",2025-01-26,0,0,10,10
"fifa_a","Lenovo FIFA","fifa_dell","dell","Dell FIFA",2025-02-02,0,0,10,10
"fifa_a","Lenovo FIFA","fifa_dell","dell","Dell FIFA",2025-02-09,0,0,10,10
"fifa_a","Lenovo FIFA","fifa_dell","dell","Dell FIFA",2025-02-16,0,0,10,0
"fifa_a","Lenovo FIFA","fifa_dell","dell","Dell FIFA",2025-02-23,0,0,10,10
"fifa_a","Lenovo FIFA","fifa_dell","dell","Dell FIFA",2025-03-02,0,0,10,10
"fifa_a","Lenovo FIFA","fifa_dell","dell","Dell FIFA",2025-03-09,0,0,10,10
"fifa_a","Lenovo FIFA","fifa_dell","dell","Dell FIFA",2025-03-16,0,0,10,0
"fifa_a","Lenovo FIFA","fifa_dell","dell","Dell FIFA",2025-03-23,0,0,10,10
"fifa_a","Lenovo FIFA","fifa_dell","dell","Dell FIFA",2025-03-30,0,0,10,10
"fifa_a","Lenovo FIFA","fifa_dell","dell","Dell FIFA",2025-04-06,0,0,10,10
"fifa_a","Lenovo FIFA","fifa_dell","dell","Dell FIFA",2025-04-13,0,0,10,0
"fifa_a","Lenovo FIFA","fifa_dell","dell","Dell FIFA",2025-04-20,0,0,10,10
"fifa_a","Lenovo FIFA","fifa_dell","dell","Dell FIFA",2025-04-27,0,0,10,10
"fifa_a","Lenovo FIFA","fifa_dell","dell","Dell FIFA",2025-05-04,0,0,10,0
"fifa_a","Lenovo FIFA","fifa_dell","dell","Dell FIFA",2025-05-11,0,0,10,10
"fifa_a","Lenovo FIFA","fifa_dell","dell","Dell FIFA",2025-05-18,0,0,10,0
"fifa_a","Lenovo FIFA","fifa_dell","dell","Dell FIFA",2025-05-25,0,0,10,0
"fifa_a","Lenovo FIFA","fifa_dell","dell","Dell FIFA",2025-06-01,0,0,10,0
"fifa_a","Lenovo FIFA","fifa_dell","dell","Dell FIFA",2025-06-08,0,0,10,0
"fifa_a","Lenovo FIFA","fifa_dell","dell","Dell FIFA",2025-06-15,1,0,10,0
"fifa_a","Lenovo FIFA","fifa_dell","dell","Dell FIFA",2025-06-22,1,0,10,0
"fifa_a","Lenovo FIFA","fifa_dell","dell","Dell FIFA",2025-06-29,1,0,10,0
"fifa_a","Lenovo FIFA","fifa_dell","dell","Dell FIFA",2025-07-06,0,0,10,0
"fifa_a","Lenovo FIFA","fifa_dell","dell","Dell FIFA",2025-07-13,1,0,10,0
"fifa_a","Lenovo FIFA","fifa_dell","dell","Dell FIFA",2025-07-20,1,0,10,0
"fifa_a","Lenovo FIFA","fifa_dell","dell","Dell FIFA",2025-07-27,1,0,10,0
"fifa_a","Lenovo FIFA","fifa_dell","dell","Dell FIFA",2025-08-03,2,0,10,0
"fifa_a","Lenovo FIFA","fifa_dell","dell","Dell FIFA",2025-08-10,2,0,10,0
"fifa_a","Lenovo FIFA","fifa_dell","dell","Dell FIFA",2025-08-17,2,0,10,0
"fifa_a","Lenovo FIFA","fifa_dell","dell","Dell FIFA",2025-08-24,2,0,10,0
"fifa_a","Lenovo FIFA","fifa_dell","dell","Dell FIFA",2025-08-31,3,0,10,0
"fifa_a","Lenovo FIFA","fifa_dell","dell","Dell FIFA",2025-09-07,5,0,10,0
"fifa_a","Lenovo FIFA","fifa_dell","dell","Dell FIFA",2025-09-14,2,0,10,0
"fifa_a","Lenovo FIFA","fifa_dell","dell","Dell FIFA",2025-09-21,2,0,10,0
"fifa_a","Lenovo FIFA","fifa_dell","dell","Dell FIFA",2025-09-28,3,0,10,0
"fifa_a","Lenovo FIFA","fifa_dell","dell","Dell FIFA",2025-10-05,3,0,10,0
"fifa_a","Lenovo FIFA","fifa_dell","dell","Dell FIFA",2025-10-12,3,0,10,0
"fifa_a","Lenovo FIFA","fifa_dell","dell","Dell FIFA",2025-10-19,2,0,10,0
"fifa_a","Lenovo FIFA","fifa_dell","dell","Dell FIFA",2025-10-26,2,0,10,0
"fifa_a","Lenovo FIFA","fifa_dell","dell","Dell FIFA",2025-11-02,2,0,10,0
"fifa_a","Lenovo FIFA","fifa_dell","dell","Dell FIFA",2025-11-09,3,0,10,0
"fifa_a","Lenovo FIFA","fifa_dell","dell","Dell FIFA",2025-11-16,5,0,10,0
"fifa_a","Lenovo FIFA","fifa_dell","dell","Dell FIFA",2025-11-23,4,0,10,0
"fifa_a","Lenovo FIFA","fifa_dell","dell","Dell FIFA",2025-11-30,7,0,10,0
"fifa_a","Lenovo FIFA","fifa_dell","dell","Dell FIFA",2025-12-07,4,0,10,0
"fifa_a","Lenovo FIFA","fifa_dell","dell","Dell FIFA",2025-12-14,3,0,10,0
"fifa_a","Lenovo FIFA","fifa_dell","dell","Dell FIFA",2025-12-21,1,0,10,0
"fifa_a","Lenovo FIFA","fifa_dell","dell","Dell FIFA",2025-12-28,1,0,10,0
"fifa_a","Lenovo FIFA","fifa_dell","dell","Dell FIFA",2026-01-04,1,0,10,0
"fifa_a","Lenovo FIFA","fifa_dell","dell","Dell FIFA",2026-01-11,1,0,10,0
"fifa_a","Lenovo FIFA","fifa_dell","dell","Dell FIFA",2026-01-18,2,0,10,0
"fifa_a","Lenovo FIFA","fifa_dell","dell","Dell FIFA",2026-01-25,2,0,10,0
"fifa_a","Lenovo FIFA","fifa_dell","dell","Dell FIFA",2026-02-01,2,0,10,0
"fifa_a","Lenovo FIFA","fifa_dell","dell","Dell FIFA",2026-02-08,1,0,10,0
"fifa_a","Lenovo FIFA","fifa_dell","dell","Dell FIFA",2026-02-15,2,0,10,0
"fifa_a","Lenovo FIFA","fifa_dell","dell","Dell FIFA",2026-02-22,2,0,10,0
"fifa_a","Lenovo FIFA","fifa_dell","dell","Dell FIFA",2026-03-01,2,0,10,0
"fifa_a","Lenovo FIFA","fifa_dell","dell","Dell FIFA",2026-03-08,2,0,10,0
"fifa_a","Lenovo FIFA","fifa_dell","dell","Dell FIFA",2026-03-15,3,0,10,0
"fifa_a","Lenovo FIFA","fifa_dell","dell","Dell FIFA",2026-03-22,3,0,10,0
"fifa_a","Lenovo FIFA","fifa_dell","dell","Dell FIFA",2026-03-29,6,0,10,0
"fifa_a","Lenovo FIFA","fifa_dell","dell","Dell FIFA",2026-04-05,4,0,10,0
"fifa_a","Lenovo FIFA","fifa_dell","dell","Dell FIFA",2026-04-12,3,0,10,0
"fifa_a","Lenovo FIFA","fifa_dell","dell","Dell FIFA",2026-04-19,2,0,10,0
"fifa_a","Lenovo FIFA","fifa_dell","dell","Dell FIFA",2026-04-26,3,0,10,0
"fifa_a","Lenovo FIFA","fifa_dell","dell","Dell FIFA",2026-05-03,3,0,10,0
"fifa_a","Lenovo FIFA","fifa_dell","dell","Dell FIFA",2026-05-10,4,0,10,0
"fifa_a","Lenovo FIFA","fifa_dell","dell","Dell FIFA",2026-05-17,7,0,10,0
"fifa_a","Lenovo FIFA","fifa_dell","dell","Dell FIFA",2026-05-24,8,0,10,0
"fifa_a","Lenovo FIFA","fifa_dell","dell","Dell FIFA",2026-05-31,15,0,10,0
"fifa_a","Lenovo FIFA","fifa_dell","dell","Dell FIFA",2026-06-07,40,0,10,0
"fifa_a","Lenovo FIFA","fifa_dell","dell","Dell FIFA",2026-06-14,38,0,10,0
"fifa_a","Lenovo FIFA","fifa_dell","dell","Dell FIFA",2026-06-21,37,0,10,0
"fifa_a","Lenovo FIFA","fifa_dell","dell","Dell FIFA",2026-06-28,44,0,10,0
"fifa_a","Lenovo FIFA","fifa_dell","dell","Dell FIFA",2026-07-05,37,0,10,0
"fifa_a","Lenovo FIFA","fifa_dell","dell","Dell FIFA",2026-07-12,24,0,10,0
"fifa_a","Lenovo FIFA","fifa_dell","dell","Dell FIFA",2026-07-19,14,0,10,0
"fifa_a","Lenovo FIFA","fifa_dell","dell","Dell FIFA",2026-07-26,3,0,10,0
"fifa_a","Lenovo FIFA","fifa_dell","dell","Dell FIFA",2026-08-02,2,0,10,0
"fifa_a","Lenovo FIFA","fifa_dell","dell","Dell FIFA",2026-08-09,2,0,10,0
"fifa_a","Lenovo FIFA","fifa_dell","dell","Dell FIFA",2026-08-16,2,0,10,0
"fifa_a","Lenovo FIFA","fifa_dell","dell","Dell FIFA",2026-08-23,2,0,10,0
"fifa_a","Lenovo FIFA","fifa_dell","dell","Dell FIFA",2026-08-30,2,0,10,0
"fifa_a","Lenovo FIFA","fifa_dell","dell","Dell FIFA",2026-09-06,1,0,10,0
"fifa_a","Lenovo FIFA","fifa_dell","dell","Dell FIFA",2026-09-13,1,0,10,0
"fifa_a","Lenovo FIFA","fifa_dell","dell","Dell FIFA",2026-09-20,1,0,10,0
"fifa_a","Lenovo FIFA","fifa_dell","dell","Dell FIFA",2026-09-27,1,0,10,0
"fifa_a","Lenovo FIFA","fifa_hp","hp","HP FIFA",2021-12-26,1,0,10,0
"fifa_a","Lenovo FIFA","fifa_hp","hp","HP FIFA",2022-01-02,1,0,10,0
"fifa_a","Lenovo FIFA","fifa_hp","hp","HP FIFA",2022-01-09,1,0,10,0
"fifa_a","Lenovo FIFA","fifa_hp","hp","HP FIFA",2022-01-16,1,0,10,0
"fifa_a","Lenovo FIFA","fifa_hp","hp","HP FIFA",2022-01-23,1,0,10,0
"fifa_a","Lenovo FIFA","fifa_hp","hp","HP FIFA",2022-01-30,1,0,10,0
"fifa_a","Lenovo FIFA","fifa_hp","hp","HP FIFA",2022-02-06,1,0,10,0
"fifa_a","Lenovo FIFA","fifa_hp","hp","HP FIFA",2022-02-13,1,0,10,0
"fifa_a","Lenovo FIFA","fifa_hp","hp","HP FIFA",2022-02-20,1,0,10,0
"fifa_a","Lenovo FIFA","fifa_hp","hp","HP FIFA",2022-02-27,1,0,10,0
"fifa_a","Lenovo FIFA","fifa_hp","hp","HP FIFA",2022-03-06,1,0,10,0
"fifa_a","Lenovo FIFA","fifa_hp","hp","HP FIFA",2022-03-13,1,0,10,0
"fifa_a","Lenovo FIFA","fifa_hp","hp","HP FIFA",2022-03-20,1,0,10,0
"fifa_a","Lenovo FIFA","fifa_hp","hp","HP FIFA",2022-03-27,1,0,10,0
"fifa_a","Lenovo FIFA","fifa_hp","hp","HP FIFA",2022-04-03,1,0,10,0
"fifa_a","Lenovo FIFA","fifa_hp","hp","HP FIFA",2022-04-10,1,0,10,0
"fifa_a","Lenovo FIFA","fifa_hp","hp","HP FIFA",2022-04-17,1,0,10,0
"fifa_a","Lenovo FIFA","fifa_hp","hp","HP FIFA",2022-04-24,1,0,10,0
"fifa_a","Lenovo FIFA","fifa_hp","hp","HP FIFA",2022-05-01,1,0,10,0
"fifa_a","Lenovo FIFA","fifa_hp","hp","HP FIFA",2022-05-08,1,0,10,0
"fifa_a","Lenovo FIFA","fifa_hp","hp","HP FIFA",2022-05-15,1,0,10,0
"fifa_a","Lenovo FIFA","fifa_hp","hp","HP FIFA",2022-05-22,1,0,10,0
"fifa_a","Lenovo FIFA","fifa_hp","hp","HP FIFA",2022-05-29,1,0,10,0
"fifa_a","Lenovo FIFA","fifa_hp","hp","HP FIFA",2022-06-05,1,0,10,0
"fifa_a","Lenovo FIFA","fifa_hp","hp","HP FIFA",2022-06-12,1,0,10,0
"fifa_a","Lenovo FIFA","fifa_hp","hp","HP FIFA",2022-06-19,1,0,10,0
"fifa_a","Lenovo FIFA","fifa_hp","hp","HP FIFA",2022-06-26,1,0,10,0
"fifa_a","Lenovo FIFA","fifa_hp","hp","HP FIFA",2022-07-03,1,0,10,0
"fifa_a","Lenovo FIFA","fifa_hp","hp","HP FIFA",2022-07-10,1,0,10,0
"fifa_a","Lenovo FIFA","fifa_hp","hp","HP FIFA",2022-07-17,1,0,10,0
"fifa_a","Lenovo FIFA","fifa_hp","hp","HP FIFA",2022-07-24,1,0,10,0
"fifa_a","Lenovo FIFA","fifa_hp","hp","HP FIFA",2022-07-31,1,0,10,0
"fifa_a","Lenovo FIFA","fifa_hp","hp","HP FIFA",2022-08-07,1,0,10,0
"fifa_a","Lenovo FIFA","fifa_hp","hp","HP FIFA",2022-08-14,1,0,10,0
"fifa_a","Lenovo FIFA","fifa_hp","hp","HP FIFA",2022-08-21,1,0,10,0
"fifa_a","Lenovo FIFA","fifa_hp","hp","HP FIFA",2022-08-28,1,0,10,0
"fifa_a","Lenovo FIFA","fifa_hp","hp","HP FIFA",2022-09-04,1,0,10,0
"fifa_a","Lenovo FIFA","fifa_hp","hp","HP FIFA",2022-09-11,1,0,10,0
"fifa_a","Lenovo FIFA","fifa_hp","hp","HP FIFA",2022-09-18,1,0,10,0
"fifa_a","Lenovo FIFA","fifa_hp","hp","HP FIFA",2022-09-25,2,0,10,0
"fifa_a","Lenovo FIFA","fifa_hp","hp","HP FIFA",2022-10-02,2,0,10,0
"fifa_a","Lenovo FIFA","fifa_hp","hp","HP FIFA",2022-10-09,1,0,10,0
"fifa_a","Lenovo FIFA","fifa_hp","hp","HP FIFA",2022-10-16,1,0,10,0
"fifa_a","Lenovo FIFA","fifa_hp","hp","HP FIFA",2022-10-23,1,0,10,0
"fifa_a","Lenovo FIFA","fifa_hp","hp","HP FIFA",2022-10-30,1,0,10,0
"fifa_a","Lenovo FIFA","fifa_hp","hp","HP FIFA",2022-11-06,1,0,10,0
"fifa_a","Lenovo FIFA","fifa_hp","hp","HP FIFA",2022-11-13,2,0,10,0
"fifa_a","Lenovo FIFA","fifa_hp","hp","HP FIFA",2022-11-20,7,0,10,0
"fifa_a","Lenovo FIFA","fifa_hp","hp","HP FIFA",2022-11-27,6,0,10,0
"fifa_a","Lenovo FIFA","fifa_hp","hp","HP FIFA",2022-12-04,6,0,10,0
"fifa_a","Lenovo FIFA","fifa_hp","hp","HP FIFA",2022-12-11,5,0,10,0
"fifa_a","Lenovo FIFA","fifa_hp","hp","HP FIFA",2022-12-18,4,0,10,0
"fifa_a","Lenovo FIFA","fifa_hp","hp","HP FIFA",2022-12-25,2,0,10,0
"fifa_a","Lenovo FIFA","fifa_hp","hp","HP FIFA",2023-01-01,1,0,10,0
"fifa_a","Lenovo FIFA","fifa_hp","hp","HP FIFA",2023-01-08,2,0,10,0
"fifa_a","Lenovo FIFA","fifa_hp","hp","HP FIFA",2023-01-15,1,0,10,0
"fifa_a","Lenovo FIFA","fifa_hp","hp","HP FIFA",2023-01-22,1,0,10,0
"fifa_a","Lenovo FIFA","fifa_hp","hp","HP FIFA",2023-01-29,1,0,10,0
"fifa_a","Lenovo FIFA","fifa_hp","hp","HP FIFA",2023-02-05,1,0,10,0
"fifa_a","Lenovo FIFA","fifa_hp","hp","HP FIFA",2023-02-12,1,0,10,0
"fifa_a","Lenovo FIFA","fifa_hp","hp","HP FIFA",2023-02-19,1,0,10,0
"fifa_a","Lenovo FIFA","fifa_hp","hp","HP FIFA",2023-02-26,1,0,10,0
"fifa_a","Lenovo FIFA","fifa_hp","hp","HP FIFA",2023-03-05,1,0,10,0
"fifa_a","Lenovo FIFA","fifa_hp","hp","HP FIFA",2023-03-12,1,0,10,0
"fifa_a","Lenovo FIFA","fifa_hp","hp","HP FIFA",2023-03-19,1,0,10,0
"fifa_a","Lenovo FIFA","fifa_hp","hp","HP FIFA",2023-03-26,2,0,10,0
"fifa_a","Lenovo FIFA","fifa_hp","hp","HP FIFA",2023-04-02,1,0,10,0
"fifa_a","Lenovo FIFA","fifa_hp","hp","HP FIFA",2023-04-09,1,0,10,0
"fifa_a","Lenovo FIFA","fifa_hp","hp","HP FIFA",2023-04-16,1,0,10,0
"fifa_a","Lenovo FIFA","fifa_hp","hp","HP FIFA",2023-04-23,1,0,10,0
"fifa_a","Lenovo FIFA","fifa_hp","hp","HP FIFA",2023-04-30,1,0,10,0
"fifa_a","Lenovo FIFA","fifa_hp","hp","HP FIFA",2023-05-07,1,0,10,0
"fifa_a","Lenovo FIFA","fifa_hp","hp","HP FIFA",2023-05-14,1,0,10,0
"fifa_a","Lenovo FIFA","fifa_hp","hp","HP FIFA",2023-05-21,1,0,10,0
"fifa_a","Lenovo FIFA","fifa_hp","hp","HP FIFA",2023-05-28,1,0,10,0
"fifa_a","Lenovo FIFA","fifa_hp","hp","HP FIFA",2023-06-04,1,0,10,0
"fifa_a","Lenovo FIFA","fifa_hp","hp","HP FIFA",2023-06-11,1,0,10,0
"fifa_a","Lenovo FIFA","fifa_hp","hp","HP FIFA",2023-06-18,1,0,10,0
"fifa_a","Lenovo FIFA","fifa_hp","hp","HP FIFA",2023-06-25,1,0,10,0
"fifa_a","Lenovo FIFA","fifa_hp","hp","HP FIFA",2023-07-02,1,0,10,0
"fifa_a","Lenovo FIFA","fifa_hp","hp","HP FIFA",2023-07-09,1,0,10,0
"fifa_a","Lenovo FIFA","fifa_hp","hp","HP FIFA",2023-07-16,1,0,10,0
"fifa_a","Lenovo FIFA","fifa_hp","hp","HP FIFA",2023-07-23,1,0,10,0
"fifa_a","Lenovo FIFA","fifa_hp","hp","HP FIFA",2023-07-30,1,0,10,0
"fifa_a","Lenovo FIFA","fifa_hp","hp","HP FIFA",2023-08-06,1,0,10,0
"fifa_a","Lenovo FIFA","fifa_hp","hp","HP FIFA",2023-08-13,1,0,10,0
"fifa_a","Lenovo FIFA","fifa_hp","hp","HP FIFA",2023-08-20,1,0,10,0
"fifa_a","Lenovo FIFA","fifa_hp","hp","HP FIFA",2023-08-27,1,0,10,0
"fifa_a","Lenovo FIFA","fifa_hp","hp","HP FIFA",2023-09-03,1,0,10,0
"fifa_a","Lenovo FIFA","fifa_hp","hp","HP FIFA",2023-09-10,1,0,10,0
"fifa_a","Lenovo FIFA","fifa_hp","hp","HP FIFA",2023-09-17,1,0,10,0
"fifa_a","Lenovo FIFA","fifa_hp","hp","HP FIFA",2023-09-24,1,0,10,0
"fifa_a","Lenovo FIFA","fifa_hp","hp","HP FIFA",2023-10-01,1,0,10,0
"fifa_a","Lenovo FIFA","fifa_hp","hp","HP FIFA",2023-10-08,1,0,10,0
"fifa_a","Lenovo FIFA","fifa_hp","hp","HP FIFA",2023-10-15,1,0,10,0
"fifa_a","Lenovo FIFA","fifa_hp","hp","HP FIFA",2023-10-22,1,0,10,0
"fifa_a","Lenovo FIFA","fifa_hp","hp","HP FIFA",2023-10-29,0,0,10,0
"fifa_a","Lenovo FIFA","fifa_hp","hp","HP FIFA",2023-11-05,1,0,10,0
"fifa_a","Lenovo FIFA","fifa_hp","hp","HP FIFA",2023-11-12,1,0,10,0
"fifa_a","Lenovo FIFA","fifa_hp","hp","HP FIFA",2023-11-19,1,0,10,0
"fifa_a","Lenovo FIFA","fifa_hp","hp","HP FIFA",2023-11-26,1,0,10,0
"fifa_a","Lenovo FIFA","fifa_hp","hp","HP FIFA",2023-12-03,1,0,10,0
"fifa_a","Lenovo FIFA","fifa_hp","hp","HP FIFA",2023-12-10,1,0,10,0
"fifa_a","Lenovo FIFA","fifa_hp","hp","HP FIFA",2023-12-17,1,0,10,0
"fifa_a","Lenovo FIFA","fifa_hp","hp","HP FIFA",2023-12-24,1,0,10,0
"fifa_a","Lenovo FIFA","fifa_hp","hp","HP FIFA",2023-12-31,1,0,10,0
"fifa_a","Lenovo FIFA","fifa_hp","hp","HP FIFA",2024-01-07,1,0,10,0
"fifa_a","Lenovo FIFA","fifa_hp","hp","HP FIFA",2024-01-14,1,0,10,0
"fifa_a","Lenovo FIFA","fifa_hp","hp","HP FIFA",2024-01-21,0,0,10,0
"fifa_a","Lenovo FIFA","fifa_hp","hp","HP FIFA",2024-01-28,1,0,10,0
"fifa_a","Lenovo FIFA","fifa_hp","hp","HP FIFA",2024-02-04,1,0,10,0
"fifa_a","Lenovo FIFA","fifa_hp","hp","HP FIFA",2024-02-11,0,0,10,0
"fifa_a","Lenovo FIFA","fifa_hp","hp","HP FIFA",2024-02-18,0,0,10,0
"fifa_a","Lenovo FIFA","fifa_hp","hp","HP FIFA",2024-02-25,0,0,10,0
"fifa_a","Lenovo FIFA","fifa_hp","hp","HP FIFA",2024-03-03,1,0,10,0
"fifa_a","Lenovo FIFA","fifa_hp","hp","HP FIFA",2024-03-10,1,0,10,0
"fifa_a","Lenovo FIFA","fifa_hp","hp","HP FIFA",2024-03-17,1,0,10,0
"fifa_a","Lenovo FIFA","fifa_hp","hp","HP FIFA",2024-03-24,1,0,10,0
"fifa_a","Lenovo FIFA","fifa_hp","hp","HP FIFA",2024-03-31,0,0,10,0
"fifa_a","Lenovo FIFA","fifa_hp","hp","HP FIFA",2024-04-07,1,0,10,0
"fifa_a","Lenovo FIFA","fifa_hp","hp","HP FIFA",2024-04-14,0,0,10,0
"fifa_a","Lenovo FIFA","fifa_hp","hp","HP FIFA",2024-04-21,0,0,10,0
"fifa_a","Lenovo FIFA","fifa_hp","hp","HP FIFA",2024-04-28,1,0,10,0
"fifa_a","Lenovo FIFA","fifa_hp","hp","HP FIFA",2024-05-05,0,0,10,0
"fifa_a","Lenovo FIFA","fifa_hp","hp","HP FIFA",2024-05-12,0,0,10,0
"fifa_a","Lenovo FIFA","fifa_hp","hp","HP FIFA",2024-05-19,0,0,10,0
"fifa_a","Lenovo FIFA","fifa_hp","hp","HP FIFA",2024-05-26,0,0,10,0
"fifa_a","Lenovo FIFA","fifa_hp","hp","HP FIFA",2024-06-02,1,0,10,0
"fifa_a","Lenovo FIFA","fifa_hp","hp","HP FIFA",2024-06-09,1,0,10,0
"fifa_a","Lenovo FIFA","fifa_hp","hp","HP FIFA",2024-06-16,1,0,10,0
"fifa_a","Lenovo FIFA","fifa_hp","hp","HP FIFA",2024-06-23,0,0,10,0
"fifa_a","Lenovo FIFA","fifa_hp","hp","HP FIFA",2024-06-30,1,0,10,0
"fifa_a","Lenovo FIFA","fifa_hp","hp","HP FIFA",2024-07-07,0,0,10,0
"fifa_a","Lenovo FIFA","fifa_hp","hp","HP FIFA",2024-07-14,0,0,10,0
"fifa_a","Lenovo FIFA","fifa_hp","hp","HP FIFA",2024-07-21,0,0,10,0
"fifa_a","Lenovo FIFA","fifa_hp","hp","HP FIFA",2024-07-28,0,0,10,0
"fifa_a","Lenovo FIFA","fifa_hp","hp","HP FIFA",2024-08-04,0,0,10,0
"fifa_a","Lenovo FIFA","fifa_hp","hp","HP FIFA",2024-08-11,0,0,10,0
"fifa_a","Lenovo FIFA","fifa_hp","hp","HP FIFA",2024-08-18,0,0,10,0
"fifa_a","Lenovo FIFA","fifa_hp","hp","HP FIFA",2024-08-25,0,0,10,0
"fifa_a","Lenovo FIFA","fifa_hp","hp","HP FIFA",2024-09-01,1,0,10,0
"fifa_a","Lenovo FIFA","fifa_hp","hp","HP FIFA",2024-09-08,1,0,10,0
"fifa_a","Lenovo FIFA","fifa_hp","hp","HP FIFA",2024-09-15,1,0,10,0
"fifa_a","Lenovo FIFA","fifa_hp","hp","HP FIFA",2024-09-22,1,0,10,0
"fifa_a","Lenovo FIFA","fifa_hp","hp","HP FIFA",2024-09-29,1,0,10,0
"fifa_a","Lenovo FIFA","fifa_hp","hp","HP FIFA",2024-10-06,1,0,10,0
"fifa_a","Lenovo FIFA","fifa_hp","hp","HP FIFA",2024-10-13,0,0,10,0
"fifa_a","Lenovo FIFA","fifa_hp","hp","HP FIFA",2024-10-20,0,0,10,0
"fifa_a","Lenovo FIFA","fifa_hp","hp","HP FIFA",2024-10-27,0,0,10,10
"fifa_a","Lenovo FIFA","fifa_hp","hp","HP FIFA",2024-11-03,1,0,10,0
"fifa_a","Lenovo FIFA","fifa_hp","hp","HP FIFA",2024-11-10,1,0,10,0
"fifa_a","Lenovo FIFA","fifa_hp","hp","HP FIFA",2024-11-17,1,0,10,0
"fifa_a","Lenovo FIFA","fifa_hp","hp","HP FIFA",2024-11-24,1,0,10,0
"fifa_a","Lenovo FIFA","fifa_hp","hp","HP FIFA",2024-12-01,0,0,10,0
"fifa_a","Lenovo FIFA","fifa_hp","hp","HP FIFA",2024-12-08,1,0,10,0
"fifa_a","Lenovo FIFA","fifa_hp","hp","HP FIFA",2024-12-15,0,0,10,0
"fifa_a","Lenovo FIFA","fifa_hp","hp","HP FIFA",2024-12-22,0,0,10,0
"fifa_a","Lenovo FIFA","fifa_hp","hp","HP FIFA",2024-12-29,1,0,10,0
"fifa_a","Lenovo FIFA","fifa_hp","hp","HP FIFA",2025-01-05,0,0,10,0
"fifa_a","Lenovo FIFA","fifa_hp","hp","HP FIFA",2025-01-12,1,0,10,0
"fifa_a","Lenovo FIFA","fifa_hp","hp","HP FIFA",2025-01-19,1,0,10,0
"fifa_a","Lenovo FIFA","fifa_hp","hp","HP FIFA",2025-01-26,0,0,10,0
"fifa_a","Lenovo FIFA","fifa_hp","hp","HP FIFA",2025-02-02,0,0,10,0
"fifa_a","Lenovo FIFA","fifa_hp","hp","HP FIFA",2025-02-09,1,0,10,0
"fifa_a","Lenovo FIFA","fifa_hp","hp","HP FIFA",2025-02-16,0,0,10,0
"fifa_a","Lenovo FIFA","fifa_hp","hp","HP FIFA",2025-02-23,0,0,10,0
"fifa_a","Lenovo FIFA","fifa_hp","hp","HP FIFA",2025-03-02,0,0,10,0
"fifa_a","Lenovo FIFA","fifa_hp","hp","HP FIFA",2025-03-09,0,0,10,0
"fifa_a","Lenovo FIFA","fifa_hp","hp","HP FIFA",2025-03-16,0,0,10,0
"fifa_a","Lenovo FIFA","fifa_hp","hp","HP FIFA",2025-03-23,0,0,10,0
"fifa_a","Lenovo FIFA","fifa_hp","hp","HP FIFA",2025-03-30,1,0,10,0
"fifa_a","Lenovo FIFA","fifa_hp","hp","HP FIFA",2025-04-06,1,0,10,0
"fifa_a","Lenovo FIFA","fifa_hp","hp","HP FIFA",2025-04-13,0,0,10,0
"fifa_a","Lenovo FIFA","fifa_hp","hp","HP FIFA",2025-04-20,0,0,10,0
"fifa_a","Lenovo FIFA","fifa_hp","hp","HP FIFA",2025-04-27,0,0,10,0
"fifa_a","Lenovo FIFA","fifa_hp","hp","HP FIFA",2025-05-04,0,0,10,0
"fifa_a","Lenovo FIFA","fifa_hp","hp","HP FIFA",2025-05-11,0,0,10,0
"fifa_a","Lenovo FIFA","fifa_hp","hp","HP FIFA",2025-05-18,0,0,10,0
"fifa_a","Lenovo FIFA","fifa_hp","hp","HP FIFA",2025-05-25,1,0,10,0
"fifa_a","Lenovo FIFA","fifa_hp","hp","HP FIFA",2025-06-01,1,0,10,0
"fifa_a","Lenovo FIFA","fifa_hp","hp","HP FIFA",2025-06-08,1,0,10,0
"fifa_a","Lenovo FIFA","fifa_hp","hp","HP FIFA",2025-06-15,1,0,10,0
"fifa_a","Lenovo FIFA","fifa_hp","hp","HP FIFA",2025-06-22,1,0,10,0
"fifa_a","Lenovo FIFA","fifa_hp","hp","HP FIFA",2025-06-29,1,0,10,0
"fifa_a","Lenovo FIFA","fifa_hp","hp","HP FIFA",2025-07-06,1,0,10,0
"fifa_a","Lenovo FIFA","fifa_hp","hp","HP FIFA",2025-07-13,2,0,10,0
"fifa_a","Lenovo FIFA","fifa_hp","hp","HP FIFA",2025-07-20,2,0,10,0
"fifa_a","Lenovo FIFA","fifa_hp","hp","HP FIFA",2025-07-27,2,0,10,0
"fifa_a","Lenovo FIFA","fifa_hp","hp","HP FIFA",2025-08-03,3,0,10,0
"fifa_a","Lenovo FIFA","fifa_hp","hp","HP FIFA",2025-08-10,3,0,10,0
"fifa_a","Lenovo FIFA","fifa_hp","hp","HP FIFA",2025-08-17,4,0,10,0
"fifa_a","Lenovo FIFA","fifa_hp","hp","HP FIFA",2025-08-24,4,0,10,0
"fifa_a","Lenovo FIFA","fifa_hp","hp","HP FIFA",2025-08-31,8,0,10,0
"fifa_a","Lenovo FIFA","fifa_hp","hp","HP FIFA",2025-09-07,9,0,10,0
"fifa_a","Lenovo FIFA","fifa_hp","hp","HP FIFA",2025-09-14,5,0,10,0
"fifa_a","Lenovo FIFA","fifa_hp","hp","HP FIFA",2025-09-21,5,0,10,0
"fifa_a","Lenovo FIFA","fifa_hp","hp","HP FIFA",2025-09-28,5,0,10,0
"fifa_a","Lenovo FIFA","fifa_hp","hp","HP FIFA",2025-10-05,5,0,10,0
"fifa_a","Lenovo FIFA","fifa_hp","hp","HP FIFA",2025-10-12,5,0,10,0
"fifa_a","Lenovo FIFA","fifa_hp","hp","HP FIFA",2025-10-19,4,0,10,0
"fifa_a","Lenovo FIFA","fifa_hp","hp","HP FIFA",2025-10-26,3,0,10,0
"fifa_a","Lenovo FIFA","fifa_hp","hp","HP FIFA",2025-11-02,4,0,10,0
"fifa_a","Lenovo FIFA","fifa_hp","hp","HP FIFA",2025-11-09,6,0,10,0
"fifa_a","Lenovo FIFA","fifa_hp","hp","HP FIFA",2025-11-16,7,0,10,0
"fifa_a","Lenovo FIFA","fifa_hp","hp","HP FIFA",2025-11-23,6,0,10,0
"fifa_a","Lenovo FIFA","fifa_hp","hp","HP FIFA",2025-11-30,13,0,10,0
"fifa_a","Lenovo FIFA","fifa_hp","hp","HP FIFA",2025-12-07,7,0,10,0
"fifa_a","Lenovo FIFA","fifa_hp","hp","HP FIFA",2025-12-14,6,0,10,0
"fifa_a","Lenovo FIFA","fifa_hp","hp","HP FIFA",2025-12-21,2,0,10,0
"fifa_a","Lenovo FIFA","fifa_hp","hp","HP FIFA",2025-12-28,2,0,10,0
"fifa_a","Lenovo FIFA","fifa_hp","hp","HP FIFA",2026-01-04,2,0,10,0
"fifa_a","Lenovo FIFA","fifa_hp","hp","HP FIFA",2026-01-11,3,0,10,0
"fifa_a","Lenovo FIFA","fifa_hp","hp","HP FIFA",2026-01-18,4,0,10,0
"fifa_a","Lenovo FIFA","fifa_hp","hp","HP FIFA",2026-01-25,3,0,10,0
"fifa_a","Lenovo FIFA","fifa_hp","hp","HP FIFA",2026-02-01,3,0,10,0
"fifa_a","Lenovo FIFA","fifa_hp","hp","HP FIFA",2026-02-08,3,0,10,0
"fifa_a","Lenovo FIFA","fifa_hp","hp","HP FIFA",2026-02-15,3,0,10,0
"fifa_a","Lenovo FIFA","fifa_hp","hp","HP FIFA",2026-02-22,3,0,10,0
"fifa_a","Lenovo FIFA","fifa_hp","hp","HP FIFA",2026-03-01,3,0,10,0
"fifa_a","Lenovo FIFA","fifa_hp","hp","HP FIFA",2026-03-08,3,0,10,0
"fifa_a","Lenovo FIFA","fifa_hp","hp","HP FIFA",2026-03-15,5,0,10,0
"fifa_a","Lenovo FIFA","fifa_hp","hp","HP FIFA",2026-03-22,7,0,10,0
"fifa_a","Lenovo FIFA","fifa_hp","hp","HP FIFA",2026-03-29,12,0,10,0
"fifa_a","Lenovo FIFA","fifa_hp","hp","HP FIFA",2026-04-05,7,0,10,0
"fifa_a","Lenovo FIFA","fifa_hp","hp","HP FIFA",2026-04-12,6,0,10,0
"fifa_a","Lenovo FIFA","fifa_hp","hp","HP FIFA",2026-04-19,5,0,10,0
"fifa_a","Lenovo FIFA","fifa_hp","hp","HP FIFA",2026-04-26,5,0,10,0
"fifa_a","Lenovo FIFA","fifa_hp","hp","HP FIFA",2026-05-03,6,0,10,0
"fifa_a","Lenovo FIFA","fifa_hp","hp","HP FIFA",2026-05-10,9,0,10,0
"fifa_a","Lenovo FIFA","fifa_hp","hp","HP FIFA",2026-05-17,12,0,10,0
"fifa_a","Lenovo FIFA","fifa_hp","hp","HP FIFA",2026-05-24,13,0,10,0
"fifa_a","Lenovo FIFA","fifa_hp","hp","HP FIFA",2026-05-31,24,0,10,0
"fifa_a","Lenovo FIFA","fifa_hp","hp","HP FIFA",2026-06-07,78,0,10,0
"fifa_a","Lenovo FIFA","fifa_hp","hp","HP FIFA",2026-06-14,92,0,10,0
"fifa_a","Lenovo FIFA","fifa_hp","hp","HP FIFA",2026-06-21,90,0,10,0
"fifa_a","Lenovo FIFA","fifa_hp","hp","HP FIFA",2026-06-28,100,0,10,0
"fifa_a","Lenovo FIFA","fifa_hp","hp","HP FIFA",2026-07-05,80,0,10,0
"fifa_a","Lenovo FIFA","fifa_hp","hp","HP FIFA",2026-07-12,51,0,10,0
"fifa_a","Lenovo FIFA","fifa_hp","hp","HP FIFA",2026-07-19,32,0,10,0
"fifa_a","Lenovo FIFA","fifa_hp","hp","HP FIFA",2026-07-26,7,0,10,0
"fifa_a","Lenovo FIFA","fifa_hp","hp","HP FIFA",2026-08-02,4,0,10,0
"fifa_a","Lenovo FIFA","fifa_hp","hp","HP FIFA",2026-08-09,5,0,10,0
"fifa_a","Lenovo FIFA","fifa_hp","hp","HP FIFA",2026-08-16,4,0,10,0
"fifa_a","Lenovo FIFA","fifa_hp","hp","HP FIFA",2026-08-23,4,0,10,0
"fifa_a","Lenovo FIFA","fifa_hp","hp","HP FIFA",2026-08-30,4,0,10,0
"fifa_a","Lenovo FIFA","fifa_hp","hp","HP FIFA",2026-09-06,3,0,10,0
"fifa_a","Lenovo FIFA","fifa_hp","hp","HP FIFA",2026-09-13,2,0,10,0
"fifa_a","Lenovo FIFA","fifa_hp","hp","HP FIFA",2026-09-20,2,0,10,0
"fifa_a","Lenovo FIFA","fifa_hp","hp","HP FIFA",2026-09-27,2,0,10,0
"fifa_b","Lenovo FIFA","cobrand_lenovo_fifa","lenovo","Lenovo FIFA",2021-12-26,0,0,10,0
"fifa_b","Lenovo FIFA","cobrand_lenovo_fifa","lenovo","Lenovo FIFA",2022-01-02,0,0,10,0
"fifa_b","Lenovo FIFA","cobrand_lenovo_fifa","lenovo","Lenovo FIFA",2022-01-09,0,0,10,0
"fifa_b","Lenovo FIFA","cobrand_lenovo_fifa","lenovo","Lenovo FIFA",2022-01-16,0,0,10,0
"fifa_b","Lenovo FIFA","cobrand_lenovo_fifa","lenovo","Lenovo FIFA",2022-01-23,0,0,10,0
"fifa_b","Lenovo FIFA","cobrand_lenovo_fifa","lenovo","Lenovo FIFA",2022-01-30,0,0,10,0
"fifa_b","Lenovo FIFA","cobrand_lenovo_fifa","lenovo","Lenovo FIFA",2022-02-06,0,0,10,0
"fifa_b","Lenovo FIFA","cobrand_lenovo_fifa","lenovo","Lenovo FIFA",2022-02-13,0,0,10,0
"fifa_b","Lenovo FIFA","cobrand_lenovo_fifa","lenovo","Lenovo FIFA",2022-02-20,0,0,10,0
"fifa_b","Lenovo FIFA","cobrand_lenovo_fifa","lenovo","Lenovo FIFA",2022-02-27,0,0,10,0
"fifa_b","Lenovo FIFA","cobrand_lenovo_fifa","lenovo","Lenovo FIFA",2022-03-06,0,0,10,10
"fifa_b","Lenovo FIFA","cobrand_lenovo_fifa","lenovo","Lenovo FIFA",2022-03-13,0,0,10,0
"fifa_b","Lenovo FIFA","cobrand_lenovo_fifa","lenovo","Lenovo FIFA",2022-03-20,0,0,10,0
"fifa_b","Lenovo FIFA","cobrand_lenovo_fifa","lenovo","Lenovo FIFA",2022-03-27,0,0,10,0
"fifa_b","Lenovo FIFA","cobrand_lenovo_fifa","lenovo","Lenovo FIFA",2022-04-03,0,0,10,0
"fifa_b","Lenovo FIFA","cobrand_lenovo_fifa","lenovo","Lenovo FIFA",2022-04-10,0,0,10,0
"fifa_b","Lenovo FIFA","cobrand_lenovo_fifa","lenovo","Lenovo FIFA",2022-04-17,0,0,10,0
"fifa_b","Lenovo FIFA","cobrand_lenovo_fifa","lenovo","Lenovo FIFA",2022-04-24,0,0,10,0
"fifa_b","Lenovo FIFA","cobrand_lenovo_fifa","lenovo","Lenovo FIFA",2022-05-01,0,0,10,0
"fifa_b","Lenovo FIFA","cobrand_lenovo_fifa","lenovo","Lenovo FIFA",2022-05-08,0,0,10,0
"fifa_b","Lenovo FIFA","cobrand_lenovo_fifa","lenovo","Lenovo FIFA",2022-05-15,0,0,10,0
"fifa_b","Lenovo FIFA","cobrand_lenovo_fifa","lenovo","Lenovo FIFA",2022-05-22,0,0,10,0
"fifa_b","Lenovo FIFA","cobrand_lenovo_fifa","lenovo","Lenovo FIFA",2022-05-29,0,0,10,0
"fifa_b","Lenovo FIFA","cobrand_lenovo_fifa","lenovo","Lenovo FIFA",2022-06-05,0,0,10,0
"fifa_b","Lenovo FIFA","cobrand_lenovo_fifa","lenovo","Lenovo FIFA",2022-06-12,0,0,10,0
"fifa_b","Lenovo FIFA","cobrand_lenovo_fifa","lenovo","Lenovo FIFA",2022-06-19,0,0,10,0
"fifa_b","Lenovo FIFA","cobrand_lenovo_fifa","lenovo","Lenovo FIFA",2022-06-26,0,0,10,0
"fifa_b","Lenovo FIFA","cobrand_lenovo_fifa","lenovo","Lenovo FIFA",2022-07-03,0,0,10,0
"fifa_b","Lenovo FIFA","cobrand_lenovo_fifa","lenovo","Lenovo FIFA",2022-07-10,0,0,10,0
"fifa_b","Lenovo FIFA","cobrand_lenovo_fifa","lenovo","Lenovo FIFA",2022-07-17,0,0,10,0
"fifa_b","Lenovo FIFA","cobrand_lenovo_fifa","lenovo","Lenovo FIFA",2022-07-24,0,0,10,0
"fifa_b","Lenovo FIFA","cobrand_lenovo_fifa","lenovo","Lenovo FIFA",2022-07-31,0,0,10,0
"fifa_b","Lenovo FIFA","cobrand_lenovo_fifa","lenovo","Lenovo FIFA",2022-08-07,0,0,10,0
"fifa_b","Lenovo FIFA","cobrand_lenovo_fifa","lenovo","Lenovo FIFA",2022-08-14,0,0,10,0
"fifa_b","Lenovo FIFA","cobrand_lenovo_fifa","lenovo","Lenovo FIFA",2022-08-21,0,0,10,0
"fifa_b","Lenovo FIFA","cobrand_lenovo_fifa","lenovo","Lenovo FIFA",2022-08-28,0,0,10,0
"fifa_b","Lenovo FIFA","cobrand_lenovo_fifa","lenovo","Lenovo FIFA",2022-09-04,0,0,10,0
"fifa_b","Lenovo FIFA","cobrand_lenovo_fifa","lenovo","Lenovo FIFA",2022-09-11,0,0,10,0
"fifa_b","Lenovo FIFA","cobrand_lenovo_fifa","lenovo","Lenovo FIFA",2022-09-18,0,0,10,0
"fifa_b","Lenovo FIFA","cobrand_lenovo_fifa","lenovo","Lenovo FIFA",2022-09-25,0,0,10,0
"fifa_b","Lenovo FIFA","cobrand_lenovo_fifa","lenovo","Lenovo FIFA",2022-10-02,0,0,10,0
"fifa_b","Lenovo FIFA","cobrand_lenovo_fifa","lenovo","Lenovo FIFA",2022-10-09,0,0,10,0
"fifa_b","Lenovo FIFA","cobrand_lenovo_fifa","lenovo","Lenovo FIFA",2022-10-16,0,0,10,0
"fifa_b","Lenovo FIFA","cobrand_lenovo_fifa","lenovo","Lenovo FIFA",2022-10-23,0,0,10,0
"fifa_b","Lenovo FIFA","cobrand_lenovo_fifa","lenovo","Lenovo FIFA",2022-10-30,0,0,10,0
"fifa_b","Lenovo FIFA","cobrand_lenovo_fifa","lenovo","Lenovo FIFA",2022-11-06,0,0,10,0
"fifa_b","Lenovo FIFA","cobrand_lenovo_fifa","lenovo","Lenovo FIFA",2022-11-13,0,0,10,0
"fifa_b","Lenovo FIFA","cobrand_lenovo_fifa","lenovo","Lenovo FIFA",2022-11-20,4.639175257731959,0,10,0
"fifa_b","Lenovo FIFA","cobrand_lenovo_fifa","lenovo","Lenovo FIFA",2022-11-27,4.639175257731959,0,10,0
"fifa_b","Lenovo FIFA","cobrand_lenovo_fifa","lenovo","Lenovo FIFA",2022-12-04,0,0,10,0
"fifa_b","Lenovo FIFA","cobrand_lenovo_fifa","lenovo","Lenovo FIFA",2022-12-11,0,0,10,0
"fifa_b","Lenovo FIFA","cobrand_lenovo_fifa","lenovo","Lenovo FIFA",2022-12-18,0,0,10,0
"fifa_b","Lenovo FIFA","cobrand_lenovo_fifa","lenovo","Lenovo FIFA",2022-12-25,0,0,10,0
"fifa_b","Lenovo FIFA","cobrand_lenovo_fifa","lenovo","Lenovo FIFA",2023-01-01,0,0,10,0
"fifa_b","Lenovo FIFA","cobrand_lenovo_fifa","lenovo","Lenovo FIFA",2023-01-08,0,0,10,0
"fifa_b","Lenovo FIFA","cobrand_lenovo_fifa","lenovo","Lenovo FIFA",2023-01-15,0,0,10,0
"fifa_b","Lenovo FIFA","cobrand_lenovo_fifa","lenovo","Lenovo FIFA",2023-01-22,0,0,10,0
"fifa_b","Lenovo FIFA","cobrand_lenovo_fifa","lenovo","Lenovo FIFA",2023-01-29,0,0,10,0
"fifa_b","Lenovo FIFA","cobrand_lenovo_fifa","lenovo","Lenovo FIFA",2023-02-05,0,0,10,0
"fifa_b","Lenovo FIFA","cobrand_lenovo_fifa","lenovo","Lenovo FIFA",2023-02-12,0,0,10,0
"fifa_b","Lenovo FIFA","cobrand_lenovo_fifa","lenovo","Lenovo FIFA",2023-02-19,0,0,10,0
"fifa_b","Lenovo FIFA","cobrand_lenovo_fifa","lenovo","Lenovo FIFA",2023-02-26,0,0,10,0
"fifa_b","Lenovo FIFA","cobrand_lenovo_fifa","lenovo","Lenovo FIFA",2023-03-05,0,0,10,0
"fifa_b","Lenovo FIFA","cobrand_lenovo_fifa","lenovo","Lenovo FIFA",2023-03-12,0,0,10,0
"fifa_b","Lenovo FIFA","cobrand_lenovo_fifa","lenovo","Lenovo FIFA",2023-03-19,0,0,10,0
"fifa_b","Lenovo FIFA","cobrand_lenovo_fifa","lenovo","Lenovo FIFA",2023-03-26,0,0,10,0
"fifa_b","Lenovo FIFA","cobrand_lenovo_fifa","lenovo","Lenovo FIFA",2023-04-02,0,0,10,0
"fifa_b","Lenovo FIFA","cobrand_lenovo_fifa","lenovo","Lenovo FIFA",2023-04-09,0,0,10,0
"fifa_b","Lenovo FIFA","cobrand_lenovo_fifa","lenovo","Lenovo FIFA",2023-04-16,0,0,10,0
"fifa_b","Lenovo FIFA","cobrand_lenovo_fifa","lenovo","Lenovo FIFA",2023-04-23,0,0,10,0
"fifa_b","Lenovo FIFA","cobrand_lenovo_fifa","lenovo","Lenovo FIFA",2023-04-30,0,0,10,0
"fifa_b","Lenovo FIFA","cobrand_lenovo_fifa","lenovo","Lenovo FIFA",2023-05-07,0,0,10,0
"fifa_b","Lenovo FIFA","cobrand_lenovo_fifa","lenovo","Lenovo FIFA",2023-05-14,0,0,10,0
"fifa_b","Lenovo FIFA","cobrand_lenovo_fifa","lenovo","Lenovo FIFA",2023-05-21,0,0,10,0
"fifa_b","Lenovo FIFA","cobrand_lenovo_fifa","lenovo","Lenovo FIFA",2023-05-28,0,0,10,0
"fifa_b","Lenovo FIFA","cobrand_lenovo_fifa","lenovo","Lenovo FIFA",2023-06-04,0,0,10,0
"fifa_b","Lenovo FIFA","cobrand_lenovo_fifa","lenovo","Lenovo FIFA",2023-06-11,0,0,10,0
"fifa_b","Lenovo FIFA","cobrand_lenovo_fifa","lenovo","Lenovo FIFA",2023-06-18,0,0,10,0
"fifa_b","Lenovo FIFA","cobrand_lenovo_fifa","lenovo","Lenovo FIFA",2023-06-25,0,0,10,0
"fifa_b","Lenovo FIFA","cobrand_lenovo_fifa","lenovo","Lenovo FIFA",2023-07-02,0,0,10,0
"fifa_b","Lenovo FIFA","cobrand_lenovo_fifa","lenovo","Lenovo FIFA",2023-07-09,0,0,10,0
"fifa_b","Lenovo FIFA","cobrand_lenovo_fifa","lenovo","Lenovo FIFA",2023-07-16,0,0,10,0
"fifa_b","Lenovo FIFA","cobrand_lenovo_fifa","lenovo","Lenovo FIFA",2023-07-23,0,0,10,0
"fifa_b","Lenovo FIFA","cobrand_lenovo_fifa","lenovo","Lenovo FIFA",2023-07-30,0,0,10,0
"fifa_b","Lenovo FIFA","cobrand_lenovo_fifa","lenovo","Lenovo FIFA",2023-08-06,0,0,10,0
"fifa_b","Lenovo FIFA","cobrand_lenovo_fifa","lenovo","Lenovo FIFA",2023-08-13,0,0,10,0
"fifa_b","Lenovo FIFA","cobrand_lenovo_fifa","lenovo","Lenovo FIFA",2023-08-20,0,0,10,0
"fifa_b","Lenovo FIFA","cobrand_lenovo_fifa","lenovo","Lenovo FIFA",2023-08-27,0,0,10,0
"fifa_b","Lenovo FIFA","cobrand_lenovo_fifa","lenovo","Lenovo FIFA",2023-09-03,0,0,10,0
"fifa_b","Lenovo FIFA","cobrand_lenovo_fifa","lenovo","Lenovo FIFA",2023-09-10,0,0,10,0
"fifa_b","Lenovo FIFA","cobrand_lenovo_fifa","lenovo","Lenovo FIFA",2023-09-17,0,0,10,0
"fifa_b","Lenovo FIFA","cobrand_lenovo_fifa","lenovo","Lenovo FIFA",2023-09-24,0,0,10,0
"fifa_b","Lenovo FIFA","cobrand_lenovo_fifa","lenovo","Lenovo FIFA",2023-10-01,0,0,10,0
"fifa_b","Lenovo FIFA","cobrand_lenovo_fifa","lenovo","Lenovo FIFA",2023-10-08,0,0,10,0
"fifa_b","Lenovo FIFA","cobrand_lenovo_fifa","lenovo","Lenovo FIFA",2023-10-15,0,0,10,0
"fifa_b","Lenovo FIFA","cobrand_lenovo_fifa","lenovo","Lenovo FIFA",2023-10-22,0,0,10,0
"fifa_b","Lenovo FIFA","cobrand_lenovo_fifa","lenovo","Lenovo FIFA",2023-10-29,0,0,10,10
"fifa_b","Lenovo FIFA","cobrand_lenovo_fifa","lenovo","Lenovo FIFA",2023-11-05,0,0,10,0
"fifa_b","Lenovo FIFA","cobrand_lenovo_fifa","lenovo","Lenovo FIFA",2023-11-12,0,0,10,0
"fifa_b","Lenovo FIFA","cobrand_lenovo_fifa","lenovo","Lenovo FIFA",2023-11-19,0,0,10,0
"fifa_b","Lenovo FIFA","cobrand_lenovo_fifa","lenovo","Lenovo FIFA",2023-11-26,0,0,10,0
"fifa_b","Lenovo FIFA","cobrand_lenovo_fifa","lenovo","Lenovo FIFA",2023-12-03,0,0,10,0
"fifa_b","Lenovo FIFA","cobrand_lenovo_fifa","lenovo","Lenovo FIFA",2023-12-10,0,0,10,0
"fifa_b","Lenovo FIFA","cobrand_lenovo_fifa","lenovo","Lenovo FIFA",2023-12-17,0,0,10,0
"fifa_b","Lenovo FIFA","cobrand_lenovo_fifa","lenovo","Lenovo FIFA",2023-12-24,0,0,10,0
"fifa_b","Lenovo FIFA","cobrand_lenovo_fifa","lenovo","Lenovo FIFA",2023-12-31,0,0,10,0
"fifa_b","Lenovo FIFA","cobrand_lenovo_fifa","lenovo","Lenovo FIFA",2024-01-07,0,0,10,0
"fifa_b","Lenovo FIFA","cobrand_lenovo_fifa","lenovo","Lenovo FIFA",2024-01-14,0,0,10,0
"fifa_b","Lenovo FIFA","cobrand_lenovo_fifa","lenovo","Lenovo FIFA",2024-01-21,0,0,10,0
"fifa_b","Lenovo FIFA","cobrand_lenovo_fifa","lenovo","Lenovo FIFA",2024-01-28,0,0,10,0
"fifa_b","Lenovo FIFA","cobrand_lenovo_fifa","lenovo","Lenovo FIFA",2024-02-04,0,0,10,10
"fifa_b","Lenovo FIFA","cobrand_lenovo_fifa","lenovo","Lenovo FIFA",2024-02-11,0,0,10,0
"fifa_b","Lenovo FIFA","cobrand_lenovo_fifa","lenovo","Lenovo FIFA",2024-02-18,0,0,10,10
"fifa_b","Lenovo FIFA","cobrand_lenovo_fifa","lenovo","Lenovo FIFA",2024-02-25,0,0,10,0
"fifa_b","Lenovo FIFA","cobrand_lenovo_fifa","lenovo","Lenovo FIFA",2024-03-03,0,0,10,0
"fifa_b","Lenovo FIFA","cobrand_lenovo_fifa","lenovo","Lenovo FIFA",2024-03-10,0,0,10,0
"fifa_b","Lenovo FIFA","cobrand_lenovo_fifa","lenovo","Lenovo FIFA",2024-03-17,0,0,10,0
"fifa_b","Lenovo FIFA","cobrand_lenovo_fifa","lenovo","Lenovo FIFA",2024-03-24,0,0,10,0
"fifa_b","Lenovo FIFA","cobrand_lenovo_fifa","lenovo","Lenovo FIFA",2024-03-31,0,0,10,0
"fifa_b","Lenovo FIFA","cobrand_lenovo_fifa","lenovo","Lenovo FIFA",2024-04-07,0,0,10,10
"fifa_b","Lenovo FIFA","cobrand_lenovo_fifa","lenovo","Lenovo FIFA",2024-04-14,0,0,10,0
"fifa_b","Lenovo FIFA","cobrand_lenovo_fifa","lenovo","Lenovo FIFA",2024-04-21,0,0,10,0
"fifa_b","Lenovo FIFA","cobrand_lenovo_fifa","lenovo","Lenovo FIFA",2024-04-28,0,0,10,0
"fifa_b","Lenovo FIFA","cobrand_lenovo_fifa","lenovo","Lenovo FIFA",2024-05-05,0,0,10,0
"fifa_b","Lenovo FIFA","cobrand_lenovo_fifa","lenovo","Lenovo FIFA",2024-05-12,0,0,10,0
"fifa_b","Lenovo FIFA","cobrand_lenovo_fifa","lenovo","Lenovo FIFA",2024-05-19,0,0,10,0
"fifa_b","Lenovo FIFA","cobrand_lenovo_fifa","lenovo","Lenovo FIFA",2024-05-26,0,0,10,0
"fifa_b","Lenovo FIFA","cobrand_lenovo_fifa","lenovo","Lenovo FIFA",2024-06-02,0,0,10,0
"fifa_b","Lenovo FIFA","cobrand_lenovo_fifa","lenovo","Lenovo FIFA",2024-06-09,0,0,10,0
"fifa_b","Lenovo FIFA","cobrand_lenovo_fifa","lenovo","Lenovo FIFA",2024-06-16,0,0,10,10
"fifa_b","Lenovo FIFA","cobrand_lenovo_fifa","lenovo","Lenovo FIFA",2024-06-23,0,0,10,0
"fifa_b","Lenovo FIFA","cobrand_lenovo_fifa","lenovo","Lenovo FIFA",2024-06-30,0,0,10,0
"fifa_b","Lenovo FIFA","cobrand_lenovo_fifa","lenovo","Lenovo FIFA",2024-07-07,0,0,10,10
"fifa_b","Lenovo FIFA","cobrand_lenovo_fifa","lenovo","Lenovo FIFA",2024-07-14,0,0,10,10
"fifa_b","Lenovo FIFA","cobrand_lenovo_fifa","lenovo","Lenovo FIFA",2024-07-21,0,0,10,10
"fifa_b","Lenovo FIFA","cobrand_lenovo_fifa","lenovo","Lenovo FIFA",2024-07-28,0,0,10,0
"fifa_b","Lenovo FIFA","cobrand_lenovo_fifa","lenovo","Lenovo FIFA",2024-08-04,0,0,10,0
"fifa_b","Lenovo FIFA","cobrand_lenovo_fifa","lenovo","Lenovo FIFA",2024-08-11,0,0,10,0
"fifa_b","Lenovo FIFA","cobrand_lenovo_fifa","lenovo","Lenovo FIFA",2024-08-18,0,0,10,10
"fifa_b","Lenovo FIFA","cobrand_lenovo_fifa","lenovo","Lenovo FIFA",2024-08-25,0,0,10,0
"fifa_b","Lenovo FIFA","cobrand_lenovo_fifa","lenovo","Lenovo FIFA",2024-09-01,0,0,10,0
"fifa_b","Lenovo FIFA","cobrand_lenovo_fifa","lenovo","Lenovo FIFA",2024-09-08,0,0,10,0
"fifa_b","Lenovo FIFA","cobrand_lenovo_fifa","lenovo","Lenovo FIFA",2024-09-15,0,0,10,0
"fifa_b","Lenovo FIFA","cobrand_lenovo_fifa","lenovo","Lenovo FIFA",2024-09-22,0,0,10,0
"fifa_b","Lenovo FIFA","cobrand_lenovo_fifa","lenovo","Lenovo FIFA",2024-09-29,0,0,10,0
"fifa_b","Lenovo FIFA","cobrand_lenovo_fifa","lenovo","Lenovo FIFA",2024-10-06,0,0,10,0
"fifa_b","Lenovo FIFA","cobrand_lenovo_fifa","lenovo","Lenovo FIFA",2024-10-13,0,0,10,0
"fifa_b","Lenovo FIFA","cobrand_lenovo_fifa","lenovo","Lenovo FIFA",2024-10-20,0,0,10,0
"fifa_b","Lenovo FIFA","cobrand_lenovo_fifa","lenovo","Lenovo FIFA",2024-10-27,0,0,10,10
"fifa_b","Lenovo FIFA","cobrand_lenovo_fifa","lenovo","Lenovo FIFA",2024-11-03,0,0,10,0
"fifa_b","Lenovo FIFA","cobrand_lenovo_fifa","lenovo","Lenovo FIFA",2024-11-10,0,0,10,0
"fifa_b","Lenovo FIFA","cobrand_lenovo_fifa","lenovo","Lenovo FIFA",2024-11-17,0,0,10,0
"fifa_b","Lenovo FIFA","cobrand_lenovo_fifa","lenovo","Lenovo FIFA",2024-11-24,0,0,10,0
"fifa_b","Lenovo FIFA","cobrand_lenovo_fifa","lenovo","Lenovo FIFA",2024-12-01,0,0,10,0
"fifa_b","Lenovo FIFA","cobrand_lenovo_fifa","lenovo","Lenovo FIFA",2024-12-08,0,0,10,0
"fifa_b","Lenovo FIFA","cobrand_lenovo_fifa","lenovo","Lenovo FIFA",2024-12-15,0,0,10,0
"fifa_b","Lenovo FIFA","cobrand_lenovo_fifa","lenovo","Lenovo FIFA",2024-12-22,0,0,10,0
"fifa_b","Lenovo FIFA","cobrand_lenovo_fifa","lenovo","Lenovo FIFA",2024-12-29,0,0,10,10
"fifa_b","Lenovo FIFA","cobrand_lenovo_fifa","lenovo","Lenovo FIFA",2025-01-05,0,0,10,0
"fifa_b","Lenovo FIFA","cobrand_lenovo_fifa","lenovo","Lenovo FIFA",2025-01-12,0,0,10,0
"fifa_b","Lenovo FIFA","cobrand_lenovo_fifa","lenovo","Lenovo FIFA",2025-01-19,0,0,10,0
"fifa_b","Lenovo FIFA","cobrand_lenovo_fifa","lenovo","Lenovo FIFA",2025-01-26,0,0,10,0
"fifa_b","Lenovo FIFA","cobrand_lenovo_fifa","lenovo","Lenovo FIFA",2025-02-02,0,0,10,0
"fifa_b","Lenovo FIFA","cobrand_lenovo_fifa","lenovo","Lenovo FIFA",2025-02-09,0,0,10,10
"fifa_b","Lenovo FIFA","cobrand_lenovo_fifa","lenovo","Lenovo FIFA",2025-02-16,0,0,10,0
"fifa_b","Lenovo FIFA","cobrand_lenovo_fifa","lenovo","Lenovo FIFA",2025-02-23,0,0,10,0
"fifa_b","Lenovo FIFA","cobrand_lenovo_fifa","lenovo","Lenovo FIFA",2025-03-02,0,0,10,0
"fifa_b","Lenovo FIFA","cobrand_lenovo_fifa","lenovo","Lenovo FIFA",2025-03-09,0,0,10,0
"fifa_b","Lenovo FIFA","cobrand_lenovo_fifa","lenovo","Lenovo FIFA",2025-03-16,0,0,10,0
"fifa_b","Lenovo FIFA","cobrand_lenovo_fifa","lenovo","Lenovo FIFA",2025-03-23,0,0,10,0
"fifa_b","Lenovo FIFA","cobrand_lenovo_fifa","lenovo","Lenovo FIFA",2025-03-30,0,0,10,0
"fifa_b","Lenovo FIFA","cobrand_lenovo_fifa","lenovo","Lenovo FIFA",2025-04-06,0,0,10,0
"fifa_b","Lenovo FIFA","cobrand_lenovo_fifa","lenovo","Lenovo FIFA",2025-04-13,0,0,10,0
"fifa_b","Lenovo FIFA","cobrand_lenovo_fifa","lenovo","Lenovo FIFA",2025-04-20,0,0,10,0
"fifa_b","Lenovo FIFA","cobrand_lenovo_fifa","lenovo","Lenovo FIFA",2025-04-27,0,0,10,0
"fifa_b","Lenovo FIFA","cobrand_lenovo_fifa","lenovo","Lenovo FIFA",2025-05-04,0,0,10,10
"fifa_b","Lenovo FIFA","cobrand_lenovo_fifa","lenovo","Lenovo FIFA",2025-05-11,0,0,10,0
"fifa_b","Lenovo FIFA","cobrand_lenovo_fifa","lenovo","Lenovo FIFA",2025-05-18,0,0,10,10
"fifa_b","Lenovo FIFA","cobrand_lenovo_fifa","lenovo","Lenovo FIFA",2025-05-25,0,0,10,0
"fifa_b","Lenovo FIFA","cobrand_lenovo_fifa","lenovo","Lenovo FIFA",2025-06-01,0,0,10,0
"fifa_b","Lenovo FIFA","cobrand_lenovo_fifa","lenovo","Lenovo FIFA",2025-06-08,0,0,10,0
"fifa_b","Lenovo FIFA","cobrand_lenovo_fifa","lenovo","Lenovo FIFA",2025-06-15,0,0,10,0
"fifa_b","Lenovo FIFA","cobrand_lenovo_fifa","lenovo","Lenovo FIFA",2025-06-22,0,0,10,0
"fifa_b","Lenovo FIFA","cobrand_lenovo_fifa","lenovo","Lenovo FIFA",2025-06-29,0,0,10,0
"fifa_b","Lenovo FIFA","cobrand_lenovo_fifa","lenovo","Lenovo FIFA",2025-07-06,0,0,10,0
"fifa_b","Lenovo FIFA","cobrand_lenovo_fifa","lenovo","Lenovo FIFA",2025-07-13,0,0,10,0
"fifa_b","Lenovo FIFA","cobrand_lenovo_fifa","lenovo","Lenovo FIFA",2025-07-20,0,0,10,0
"fifa_b","Lenovo FIFA","cobrand_lenovo_fifa","lenovo","Lenovo FIFA",2025-07-27,0,0,10,0
"fifa_b","Lenovo FIFA","cobrand_lenovo_fifa","lenovo","Lenovo FIFA",2025-08-03,0,0,10,0
"fifa_b","Lenovo FIFA","cobrand_lenovo_fifa","lenovo","Lenovo FIFA",2025-08-10,0,0,10,0
"fifa_b","Lenovo FIFA","cobrand_lenovo_fifa","lenovo","Lenovo FIFA",2025-08-17,4.639175257731959,0,10,0
"fifa_b","Lenovo FIFA","cobrand_lenovo_fifa","lenovo","Lenovo FIFA",2025-08-24,4.639175257731959,0,10,0
"fifa_b","Lenovo FIFA","cobrand_lenovo_fifa","lenovo","Lenovo FIFA",2025-08-31,4.639175257731959,0,10,0
"fifa_b","Lenovo FIFA","cobrand_lenovo_fifa","lenovo","Lenovo FIFA",2025-09-07,4.639175257731959,0,10,0
"fifa_b","Lenovo FIFA","cobrand_lenovo_fifa","lenovo","Lenovo FIFA",2025-09-14,4.639175257731959,0,10,0
"fifa_b","Lenovo FIFA","cobrand_lenovo_fifa","lenovo","Lenovo FIFA",2025-09-21,4.639175257731959,0,10,0
"fifa_b","Lenovo FIFA","cobrand_lenovo_fifa","lenovo","Lenovo FIFA",2025-09-28,4.639175257731959,0,10,0
"fifa_b","Lenovo FIFA","cobrand_lenovo_fifa","lenovo","Lenovo FIFA",2025-10-05,4.639175257731959,0,10,0
"fifa_b","Lenovo FIFA","cobrand_lenovo_fifa","lenovo","Lenovo FIFA",2025-10-12,4.639175257731959,0,10,0
"fifa_b","Lenovo FIFA","cobrand_lenovo_fifa","lenovo","Lenovo FIFA",2025-10-19,4.639175257731959,0,10,0
"fifa_b","Lenovo FIFA","cobrand_lenovo_fifa","lenovo","Lenovo FIFA",2025-10-26,4.639175257731959,0,10,0
"fifa_b","Lenovo FIFA","cobrand_lenovo_fifa","lenovo","Lenovo FIFA",2025-11-02,4.639175257731959,0,10,0
"fifa_b","Lenovo FIFA","cobrand_lenovo_fifa","lenovo","Lenovo FIFA",2025-11-09,4.639175257731959,0,10,0
"fifa_b","Lenovo FIFA","cobrand_lenovo_fifa","lenovo","Lenovo FIFA",2025-11-16,4.639175257731959,0,10,0
"fifa_b","Lenovo FIFA","cobrand_lenovo_fifa","lenovo","Lenovo FIFA",2025-11-23,4.639175257731959,0,10,0
"fifa_b","Lenovo FIFA","cobrand_lenovo_fifa","lenovo","Lenovo FIFA",2025-11-30,4.639175257731959,0,10,0
"fifa_b","Lenovo FIFA","cobrand_lenovo_fifa","lenovo","Lenovo FIFA",2025-12-07,4.639175257731959,0,10,0
"fifa_b","Lenovo FIFA","cobrand_lenovo_fifa","lenovo","Lenovo FIFA",2025-12-14,4.639175257731959,0,10,0
"fifa_b","Lenovo FIFA","cobrand_lenovo_fifa","lenovo","Lenovo FIFA",2025-12-21,0,0,10,0
"fifa_b","Lenovo FIFA","cobrand_lenovo_fifa","lenovo","Lenovo FIFA",2025-12-28,0,0,10,0
"fifa_b","Lenovo FIFA","cobrand_lenovo_fifa","lenovo","Lenovo FIFA",2026-01-04,0,0,10,0
"fifa_b","Lenovo FIFA","cobrand_lenovo_fifa","lenovo","Lenovo FIFA",2026-01-11,0,0,10,0
"fifa_b","Lenovo FIFA","cobrand_lenovo_fifa","lenovo","Lenovo FIFA",2026-01-18,0,0,10,0
"fifa_b","Lenovo FIFA","cobrand_lenovo_fifa","lenovo","Lenovo FIFA",2026-01-25,0,0,10,0
"fifa_b","Lenovo FIFA","cobrand_lenovo_fifa","lenovo","Lenovo FIFA",2026-02-01,0,0,10,0
"fifa_b","Lenovo FIFA","cobrand_lenovo_fifa","lenovo","Lenovo FIFA",2026-02-08,0,0,10,0
"fifa_b","Lenovo FIFA","cobrand_lenovo_fifa","lenovo","Lenovo FIFA",2026-02-15,0,0,10,0
"fifa_b","Lenovo FIFA","cobrand_lenovo_fifa","lenovo","Lenovo FIFA",2026-02-22,0,0,10,0
"fifa_b","Lenovo FIFA","cobrand_lenovo_fifa","lenovo","Lenovo FIFA",2026-03-01,0,0,10,0
"fifa_b","Lenovo FIFA","cobrand_lenovo_fifa","lenovo","Lenovo FIFA",2026-03-08,0,0,10,0
"fifa_b","Lenovo FIFA","cobrand_lenovo_fifa","lenovo","Lenovo FIFA",2026-03-15,4.639175257731959,0,10,0
"fifa_b","Lenovo FIFA","cobrand_lenovo_fifa","lenovo","Lenovo FIFA",2026-03-22,4.639175257731959,0,10,0
"fifa_b","Lenovo FIFA","cobrand_lenovo_fifa","lenovo","Lenovo FIFA",2026-03-29,4.639175257731959,0,10,0
"fifa_b","Lenovo FIFA","cobrand_lenovo_fifa","lenovo","Lenovo FIFA",2026-04-05,4.639175257731959,0,10,0
"fifa_b","Lenovo FIFA","cobrand_lenovo_fifa","lenovo","Lenovo FIFA",2026-04-12,4.639175257731959,0,10,0
"fifa_b","Lenovo FIFA","cobrand_lenovo_fifa","lenovo","Lenovo FIFA",2026-04-19,4.639175257731959,0,10,0
"fifa_b","Lenovo FIFA","cobrand_lenovo_fifa","lenovo","Lenovo FIFA",2026-04-26,4.639175257731959,0,10,0
"fifa_b","Lenovo FIFA","cobrand_lenovo_fifa","lenovo","Lenovo FIFA",2026-05-03,4.639175257731959,0,10,0
"fifa_b","Lenovo FIFA","cobrand_lenovo_fifa","lenovo","Lenovo FIFA",2026-05-10,4.639175257731959,0,10,0
"fifa_b","Lenovo FIFA","cobrand_lenovo_fifa","lenovo","Lenovo FIFA",2026-05-17,4.639175257731959,0,10,0
"fifa_b","Lenovo FIFA","cobrand_lenovo_fifa","lenovo","Lenovo FIFA",2026-05-24,9.278350515463918,0,10,0
"fifa_b","Lenovo FIFA","cobrand_lenovo_fifa","lenovo","Lenovo FIFA",2026-05-31,13.917525773195877,0,10,0
"fifa_b","Lenovo FIFA","cobrand_lenovo_fifa","lenovo","Lenovo FIFA",2026-06-07,37.11340206185567,0,10,0
"fifa_b","Lenovo FIFA","cobrand_lenovo_fifa","lenovo","Lenovo FIFA",2026-06-14,37.11340206185567,0,10,0
"fifa_b","Lenovo FIFA","cobrand_lenovo_fifa","lenovo","Lenovo FIFA",2026-06-21,41.75257731958763,0,10,0
"fifa_b","Lenovo FIFA","cobrand_lenovo_fifa","lenovo","Lenovo FIFA",2026-06-28,51.03092783505155,0,10,0
"fifa_b","Lenovo FIFA","cobrand_lenovo_fifa","lenovo","Lenovo FIFA",2026-07-05,41.75257731958763,0,10,0
"fifa_b","Lenovo FIFA","cobrand_lenovo_fifa","lenovo","Lenovo FIFA",2026-07-12,27.835051546391753,0,10,0
"fifa_b","Lenovo FIFA","cobrand_lenovo_fifa","lenovo","Lenovo FIFA",2026-07-19,18.556701030927837,0,10,0
"fifa_b","Lenovo FIFA","cobrand_lenovo_fifa","lenovo","Lenovo FIFA",2026-07-26,4.639175257731959,0,10,0
"fifa_b","Lenovo FIFA","cobrand_lenovo_fifa","lenovo","Lenovo FIFA",2026-08-02,4.639175257731959,0,10,0
"fifa_b","Lenovo FIFA","cobrand_lenovo_fifa","lenovo","Lenovo FIFA",2026-08-09,4.639175257731959,0,10,0
"fifa_b","Lenovo FIFA","cobrand_lenovo_fifa","lenovo","Lenovo FIFA",2026-08-16,4.639175257731959,0,10,0
"fifa_b","Lenovo FIFA","cobrand_lenovo_fifa","lenovo","Lenovo FIFA",2026-08-23,4.639175257731959,0,10,0
"fifa_b","Lenovo FIFA","cobrand_lenovo_fifa","lenovo","Lenovo FIFA",2026-08-30,4.639175257731959,0,10,0
"fifa_b","Lenovo FIFA","cobrand_lenovo_fifa","lenovo","Lenovo FIFA",2026-09-06,4.639175257731959,0,10,0
"fifa_b","Lenovo FIFA","cobrand_lenovo_fifa","lenovo","Lenovo FIFA",2026-09-13,0,0,10,0
"fifa_b","Lenovo FIFA","cobrand_lenovo_fifa","lenovo","Lenovo FIFA",2026-09-20,0,0,10,0
"fifa_b","Lenovo FIFA","cobrand_lenovo_fifa","lenovo","Lenovo FIFA",2026-09-27,0,0,10,0
"fifa_b","Lenovo FIFA","fifa_apple","apple","Apple FIFA",2021-12-26,0,0,10,0
"fifa_b","Lenovo FIFA","fifa_apple","apple","Apple FIFA",2022-01-02,0,0,10,0
"fifa_b","Lenovo FIFA","fifa_apple","apple","Apple FIFA",2022-01-09,0,0,10,0
"fifa_b","Lenovo FIFA","fifa_apple","apple","Apple FIFA",2022-01-16,0,0,10,0
"fifa_b","Lenovo FIFA","fifa_apple","apple","Apple FIFA",2022-01-23,0,0,10,0
"fifa_b","Lenovo FIFA","fifa_apple","apple","Apple FIFA",2022-01-30,0,0,10,0
"fifa_b","Lenovo FIFA","fifa_apple","apple","Apple FIFA",2022-02-06,0,0,10,0
"fifa_b","Lenovo FIFA","fifa_apple","apple","Apple FIFA",2022-02-13,0,0,10,0
"fifa_b","Lenovo FIFA","fifa_apple","apple","Apple FIFA",2022-02-20,0,0,10,0
"fifa_b","Lenovo FIFA","fifa_apple","apple","Apple FIFA",2022-02-27,0,0,10,0
"fifa_b","Lenovo FIFA","fifa_apple","apple","Apple FIFA",2022-03-06,0,0,10,0
"fifa_b","Lenovo FIFA","fifa_apple","apple","Apple FIFA",2022-03-13,0,0,10,0
"fifa_b","Lenovo FIFA","fifa_apple","apple","Apple FIFA",2022-03-20,0,0,10,0
"fifa_b","Lenovo FIFA","fifa_apple","apple","Apple FIFA",2022-03-27,0,0,10,0
"fifa_b","Lenovo FIFA","fifa_apple","apple","Apple FIFA",2022-04-03,0,0,10,0
"fifa_b","Lenovo FIFA","fifa_apple","apple","Apple FIFA",2022-04-10,0,0,10,0
"fifa_b","Lenovo FIFA","fifa_apple","apple","Apple FIFA",2022-04-17,0,0,10,0
"fifa_b","Lenovo FIFA","fifa_apple","apple","Apple FIFA",2022-04-24,0,0,10,0
"fifa_b","Lenovo FIFA","fifa_apple","apple","Apple FIFA",2022-05-01,0,0,10,0
"fifa_b","Lenovo FIFA","fifa_apple","apple","Apple FIFA",2022-05-08,0,0,10,0
"fifa_b","Lenovo FIFA","fifa_apple","apple","Apple FIFA",2022-05-15,0,0,10,0
"fifa_b","Lenovo FIFA","fifa_apple","apple","Apple FIFA",2022-05-22,0,0,10,0
"fifa_b","Lenovo FIFA","fifa_apple","apple","Apple FIFA",2022-05-29,0,0,10,0
"fifa_b","Lenovo FIFA","fifa_apple","apple","Apple FIFA",2022-06-05,0,0,10,0
"fifa_b","Lenovo FIFA","fifa_apple","apple","Apple FIFA",2022-06-12,0,0,10,0
"fifa_b","Lenovo FIFA","fifa_apple","apple","Apple FIFA",2022-06-19,0,0,10,0
"fifa_b","Lenovo FIFA","fifa_apple","apple","Apple FIFA",2022-06-26,0,0,10,0
"fifa_b","Lenovo FIFA","fifa_apple","apple","Apple FIFA",2022-07-03,0,0,10,0
"fifa_b","Lenovo FIFA","fifa_apple","apple","Apple FIFA",2022-07-10,0,0,10,0
"fifa_b","Lenovo FIFA","fifa_apple","apple","Apple FIFA",2022-07-17,0,0,10,0
"fifa_b","Lenovo FIFA","fifa_apple","apple","Apple FIFA",2022-07-24,0,0,10,0
"fifa_b","Lenovo FIFA","fifa_apple","apple","Apple FIFA",2022-07-31,0,0,10,0
"fifa_b","Lenovo FIFA","fifa_apple","apple","Apple FIFA",2022-08-07,0,0,10,0
"fifa_b","Lenovo FIFA","fifa_apple","apple","Apple FIFA",2022-08-14,0,0,10,0
"fifa_b","Lenovo FIFA","fifa_apple","apple","Apple FIFA",2022-08-21,0,0,10,0
"fifa_b","Lenovo FIFA","fifa_apple","apple","Apple FIFA",2022-08-28,0,0,10,0
"fifa_b","Lenovo FIFA","fifa_apple","apple","Apple FIFA",2022-09-04,4.639175257731959,0,10,0
"fifa_b","Lenovo FIFA","fifa_apple","apple","Apple FIFA",2022-09-11,4.639175257731959,0,10,0
"fifa_b","Lenovo FIFA","fifa_apple","apple","Apple FIFA",2022-09-18,4.639175257731959,0,10,0
"fifa_b","Lenovo FIFA","fifa_apple","apple","Apple FIFA",2022-09-25,4.639175257731959,0,10,0
"fifa_b","Lenovo FIFA","fifa_apple","apple","Apple FIFA",2022-10-02,4.639175257731959,0,10,0
"fifa_b","Lenovo FIFA","fifa_apple","apple","Apple FIFA",2022-10-09,4.639175257731959,0,10,0
"fifa_b","Lenovo FIFA","fifa_apple","apple","Apple FIFA",2022-10-16,4.639175257731959,0,10,0
"fifa_b","Lenovo FIFA","fifa_apple","apple","Apple FIFA",2022-10-23,0,0,10,0
"fifa_b","Lenovo FIFA","fifa_apple","apple","Apple FIFA",2022-10-30,4.639175257731959,0,10,0
"fifa_b","Lenovo FIFA","fifa_apple","apple","Apple FIFA",2022-11-06,4.639175257731959,0,10,0
"fifa_b","Lenovo FIFA","fifa_apple","apple","Apple FIFA",2022-11-13,4.639175257731959,0,10,0
"fifa_b","Lenovo FIFA","fifa_apple","apple","Apple FIFA",2022-11-20,23.195876288659797,0,10,0
"fifa_b","Lenovo FIFA","fifa_apple","apple","Apple FIFA",2022-11-27,23.195876288659797,0,10,0
"fifa_b","Lenovo FIFA","fifa_apple","apple","Apple FIFA",2022-12-04,18.556701030927837,0,10,0
"fifa_b","Lenovo FIFA","fifa_apple","apple","Apple FIFA",2022-12-11,13.917525773195877,0,10,0
"fifa_b","Lenovo FIFA","fifa_apple","apple","Apple FIFA",2022-12-18,9.278350515463918,0,10,0
"fifa_b","Lenovo FIFA","fifa_apple","apple","Apple FIFA",2022-12-25,4.639175257731959,0,10,0
"fifa_b","Lenovo FIFA","fifa_apple","apple","Apple FIFA",2023-01-01,4.639175257731959,0,10,0
"fifa_b","Lenovo FIFA","fifa_apple","apple","Apple FIFA",2023-01-08,4.639175257731959,0,10,0
"fifa_b","Lenovo FIFA","fifa_apple","apple","Apple FIFA",2023-01-15,0,0,10,0
"fifa_b","Lenovo FIFA","fifa_apple","apple","Apple FIFA",2023-01-22,0,0,10,0
"fifa_b","Lenovo FIFA","fifa_apple","apple","Apple FIFA",2023-01-29,0,0,10,0
"fifa_b","Lenovo FIFA","fifa_apple","apple","Apple FIFA",2023-02-05,0,0,10,0
"fifa_b","Lenovo FIFA","fifa_apple","apple","Apple FIFA",2023-02-12,0,0,10,0
"fifa_b","Lenovo FIFA","fifa_apple","apple","Apple FIFA",2023-02-19,0,0,10,0
"fifa_b","Lenovo FIFA","fifa_apple","apple","Apple FIFA",2023-02-26,0,0,10,0
"fifa_b","Lenovo FIFA","fifa_apple","apple","Apple FIFA",2023-03-05,0,0,10,0
"fifa_b","Lenovo FIFA","fifa_apple","apple","Apple FIFA",2023-03-12,0,0,10,0
"fifa_b","Lenovo FIFA","fifa_apple","apple","Apple FIFA",2023-03-19,0,0,10,0
"fifa_b","Lenovo FIFA","fifa_apple","apple","Apple FIFA",2023-03-26,0,0,10,0
"fifa_b","Lenovo FIFA","fifa_apple","apple","Apple FIFA",2023-04-02,0,0,10,0
"fifa_b","Lenovo FIFA","fifa_apple","apple","Apple FIFA",2023-04-09,0,0,10,0
"fifa_b","Lenovo FIFA","fifa_apple","apple","Apple FIFA",2023-04-16,0,0,10,0
"fifa_b","Lenovo FIFA","fifa_apple","apple","Apple FIFA",2023-04-23,0,0,10,0
"fifa_b","Lenovo FIFA","fifa_apple","apple","Apple FIFA",2023-04-30,0,0,10,0
"fifa_b","Lenovo FIFA","fifa_apple","apple","Apple FIFA",2023-05-07,0,0,10,0
"fifa_b","Lenovo FIFA","fifa_apple","apple","Apple FIFA",2023-05-14,0,0,10,0
"fifa_b","Lenovo FIFA","fifa_apple","apple","Apple FIFA",2023-05-21,0,0,10,0
"fifa_b","Lenovo FIFA","fifa_apple","apple","Apple FIFA",2023-05-28,0,0,10,0
"fifa_b","Lenovo FIFA","fifa_apple","apple","Apple FIFA",2023-06-04,0,0,10,0
"fifa_b","Lenovo FIFA","fifa_apple","apple","Apple FIFA",2023-06-11,0,0,10,0
"fifa_b","Lenovo FIFA","fifa_apple","apple","Apple FIFA",2023-06-18,0,0,10,0
"fifa_b","Lenovo FIFA","fifa_apple","apple","Apple FIFA",2023-06-25,0,0,10,0
"fifa_b","Lenovo FIFA","fifa_apple","apple","Apple FIFA",2023-07-02,0,0,10,0
"fifa_b","Lenovo FIFA","fifa_apple","apple","Apple FIFA",2023-07-09,0,0,10,0
"fifa_b","Lenovo FIFA","fifa_apple","apple","Apple FIFA",2023-07-16,4.639175257731959,0,10,0
"fifa_b","Lenovo FIFA","fifa_apple","apple","Apple FIFA",2023-07-23,4.639175257731959,0,10,0
"fifa_b","Lenovo FIFA","fifa_apple","apple","Apple FIFA",2023-07-30,4.639175257731959,0,10,0
"fifa_b","Lenovo FIFA","fifa_apple","apple","Apple FIFA",2023-08-06,4.639175257731959,0,10,0
"fifa_b","Lenovo FIFA","fifa_apple","apple","Apple FIFA",2023-08-13,4.639175257731959,0,10,0
"fifa_b","Lenovo FIFA","fifa_apple","apple","Apple FIFA",2023-08-20,0,0,10,0
"fifa_b","Lenovo FIFA","fifa_apple","apple","Apple FIFA",2023-08-27,0,0,10,0
"fifa_b","Lenovo FIFA","fifa_apple","apple","Apple FIFA",2023-09-03,0,0,10,0
"fifa_b","Lenovo FIFA","fifa_apple","apple","Apple FIFA",2023-09-10,0,0,10,0
"fifa_b","Lenovo FIFA","fifa_apple","apple","Apple FIFA",2023-09-17,0,0,10,0
"fifa_b","Lenovo FIFA","fifa_apple","apple","Apple FIFA",2023-09-24,4.639175257731959,0,10,0
"fifa_b","Lenovo FIFA","fifa_apple","apple","Apple FIFA",2023-10-01,0,0,10,0
"fifa_b","Lenovo FIFA","fifa_apple","apple","Apple FIFA",2023-10-08,0,0,10,0
"fifa_b","Lenovo FIFA","fifa_apple","apple","Apple FIFA",2023-10-15,0,0,10,0
"fifa_b","Lenovo FIFA","fifa_apple","apple","Apple FIFA",2023-10-22,0,0,10,0
"fifa_b","Lenovo FIFA","fifa_apple","apple","Apple FIFA",2023-10-29,0,0,10,0
"fifa_b","Lenovo FIFA","fifa_apple","apple","Apple FIFA",2023-11-05,0,0,10,0
"fifa_b","Lenovo FIFA","fifa_apple","apple","Apple FIFA",2023-11-12,0,0,10,0
"fifa_b","Lenovo FIFA","fifa_apple","apple","Apple FIFA",2023-11-19,0,0,10,0
"fifa_b","Lenovo FIFA","fifa_apple","apple","Apple FIFA",2023-11-26,0,0,10,0
"fifa_b","Lenovo FIFA","fifa_apple","apple","Apple FIFA",2023-12-03,0,0,10,0
"fifa_b","Lenovo FIFA","fifa_apple","apple","Apple FIFA",2023-12-10,0,0,10,0
"fifa_b","Lenovo FIFA","fifa_apple","apple","Apple FIFA",2023-12-17,0,0,10,0
"fifa_b","Lenovo FIFA","fifa_apple","apple","Apple FIFA",2023-12-24,0,0,10,0
"fifa_b","Lenovo FIFA","fifa_apple","apple","Apple FIFA",2023-12-31,0,0,10,0
"fifa_b","Lenovo FIFA","fifa_apple","apple","Apple FIFA",2024-01-07,0,0,10,0
"fifa_b","Lenovo FIFA","fifa_apple","apple","Apple FIFA",2024-01-14,0,0,10,0
"fifa_b","Lenovo FIFA","fifa_apple","apple","Apple FIFA",2024-01-21,0,0,10,0
"fifa_b","Lenovo FIFA","fifa_apple","apple","Apple FIFA",2024-01-28,0,0,10,0
"fifa_b","Lenovo FIFA","fifa_apple","apple","Apple FIFA",2024-02-04,0,0,10,0
"fifa_b","Lenovo FIFA","fifa_apple","apple","Apple FIFA",2024-02-11,0,0,10,0
"fifa_b","Lenovo FIFA","fifa_apple","apple","Apple FIFA",2024-02-18,0,0,10,0
"fifa_b","Lenovo FIFA","fifa_apple","apple","Apple FIFA",2024-02-25,0,0,10,0
"fifa_b","Lenovo FIFA","fifa_apple","apple","Apple FIFA",2024-03-03,0,0,10,0
"fifa_b","Lenovo FIFA","fifa_apple","apple","Apple FIFA",2024-03-10,0,0,10,0
"fifa_b","Lenovo FIFA","fifa_apple","apple","Apple FIFA",2024-03-17,0,0,10,0
"fifa_b","Lenovo FIFA","fifa_apple","apple","Apple FIFA",2024-03-24,0,0,10,0
"fifa_b","Lenovo FIFA","fifa_apple","apple","Apple FIFA",2024-03-31,0,0,10,0
"fifa_b","Lenovo FIFA","fifa_apple","apple","Apple FIFA",2024-04-07,0,0,10,0
"fifa_b","Lenovo FIFA","fifa_apple","apple","Apple FIFA",2024-04-14,0,0,10,0
"fifa_b","Lenovo FIFA","fifa_apple","apple","Apple FIFA",2024-04-21,0,0,10,0
"fifa_b","Lenovo FIFA","fifa_apple","apple","Apple FIFA",2024-04-28,0,0,10,0
"fifa_b","Lenovo FIFA","fifa_apple","apple","Apple FIFA",2024-05-05,0,0,10,0
"fifa_b","Lenovo FIFA","fifa_apple","apple","Apple FIFA",2024-05-12,0,0,10,0
"fifa_b","Lenovo FIFA","fifa_apple","apple","Apple FIFA",2024-05-19,0,0,10,0
"fifa_b","Lenovo FIFA","fifa_apple","apple","Apple FIFA",2024-05-26,0,0,10,0
"fifa_b","Lenovo FIFA","fifa_apple","apple","Apple FIFA",2024-06-02,0,0,10,0
"fifa_b","Lenovo FIFA","fifa_apple","apple","Apple FIFA",2024-06-09,0,0,10,0
"fifa_b","Lenovo FIFA","fifa_apple","apple","Apple FIFA",2024-06-16,0,0,10,0
"fifa_b","Lenovo FIFA","fifa_apple","apple","Apple FIFA",2024-06-23,0,0,10,0
"fifa_b","Lenovo FIFA","fifa_apple","apple","Apple FIFA",2024-06-30,0,0,10,0
"fifa_b","Lenovo FIFA","fifa_apple","apple","Apple FIFA",2024-07-07,0,0,10,0
"fifa_b","Lenovo FIFA","fifa_apple","apple","Apple FIFA",2024-07-14,0,0,10,0
"fifa_b","Lenovo FIFA","fifa_apple","apple","Apple FIFA",2024-07-21,0,0,10,0
"fifa_b","Lenovo FIFA","fifa_apple","apple","Apple FIFA",2024-07-28,0,0,10,0
"fifa_b","Lenovo FIFA","fifa_apple","apple","Apple FIFA",2024-08-04,0,0,10,0
"fifa_b","Lenovo FIFA","fifa_apple","apple","Apple FIFA",2024-08-11,0,0,10,0
"fifa_b","Lenovo FIFA","fifa_apple","apple","Apple FIFA",2024-08-18,0,0,10,0
"fifa_b","Lenovo FIFA","fifa_apple","apple","Apple FIFA",2024-08-25,0,0,10,0
"fifa_b","Lenovo FIFA","fifa_apple","apple","Apple FIFA",2024-09-01,0,0,10,0
"fifa_b","Lenovo FIFA","fifa_apple","apple","Apple FIFA",2024-09-08,0,0,10,0
"fifa_b","Lenovo FIFA","fifa_apple","apple","Apple FIFA",2024-09-15,0,0,10,0
"fifa_b","Lenovo FIFA","fifa_apple","apple","Apple FIFA",2024-09-22,0,0,10,0
"fifa_b","Lenovo FIFA","fifa_apple","apple","Apple FIFA",2024-09-29,0,0,10,0
"fifa_b","Lenovo FIFA","fifa_apple","apple","Apple FIFA",2024-10-06,0,0,10,0
"fifa_b","Lenovo FIFA","fifa_apple","apple","Apple FIFA",2024-10-13,0,0,10,0
"fifa_b","Lenovo FIFA","fifa_apple","apple","Apple FIFA",2024-10-20,0,0,10,0
"fifa_b","Lenovo FIFA","fifa_apple","apple","Apple FIFA",2024-10-27,0,0,10,0
"fifa_b","Lenovo FIFA","fifa_apple","apple","Apple FIFA",2024-11-03,0,0,10,0
"fifa_b","Lenovo FIFA","fifa_apple","apple","Apple FIFA",2024-11-10,0,0,10,0
"fifa_b","Lenovo FIFA","fifa_apple","apple","Apple FIFA",2024-11-17,0,0,10,0
"fifa_b","Lenovo FIFA","fifa_apple","apple","Apple FIFA",2024-11-24,0,0,10,0
"fifa_b","Lenovo FIFA","fifa_apple","apple","Apple FIFA",2024-12-01,0,0,10,0
"fifa_b","Lenovo FIFA","fifa_apple","apple","Apple FIFA",2024-12-08,0,0,10,0
"fifa_b","Lenovo FIFA","fifa_apple","apple","Apple FIFA",2024-12-15,0,0,10,0
"fifa_b","Lenovo FIFA","fifa_apple","apple","Apple FIFA",2024-12-22,0,0,10,0
"fifa_b","Lenovo FIFA","fifa_apple","apple","Apple FIFA",2024-12-29,0,0,10,0
"fifa_b","Lenovo FIFA","fifa_apple","apple","Apple FIFA",2025-01-05,0,0,10,0
"fifa_b","Lenovo FIFA","fifa_apple","apple","Apple FIFA",2025-01-12,0,0,10,0
"fifa_b","Lenovo FIFA","fifa_apple","apple","Apple FIFA",2025-01-19,0,0,10,0
"fifa_b","Lenovo FIFA","fifa_apple","apple","Apple FIFA",2025-01-26,0,0,10,0
"fifa_b","Lenovo FIFA","fifa_apple","apple","Apple FIFA",2025-02-02,0,0,10,0
"fifa_b","Lenovo FIFA","fifa_apple","apple","Apple FIFA",2025-02-09,0,0,10,0
"fifa_b","Lenovo FIFA","fifa_apple","apple","Apple FIFA",2025-02-16,0,0,10,0
"fifa_b","Lenovo FIFA","fifa_apple","apple","Apple FIFA",2025-02-23,0,0,10,0
"fifa_b","Lenovo FIFA","fifa_apple","apple","Apple FIFA",2025-03-02,0,0,10,0
"fifa_b","Lenovo FIFA","fifa_apple","apple","Apple FIFA",2025-03-09,0,0,10,0
"fifa_b","Lenovo FIFA","fifa_apple","apple","Apple FIFA",2025-03-16,0,0,10,0
"fifa_b","Lenovo FIFA","fifa_apple","apple","Apple FIFA",2025-03-23,0,0,10,0
"fifa_b","Lenovo FIFA","fifa_apple","apple","Apple FIFA",2025-03-30,0,0,10,0
"fifa_b","Lenovo FIFA","fifa_apple","apple","Apple FIFA",2025-04-06,0,0,10,0
"fifa_b","Lenovo FIFA","fifa_apple","apple","Apple FIFA",2025-04-13,0,0,10,0
"fifa_b","Lenovo FIFA","fifa_apple","apple","Apple FIFA",2025-04-20,0,0,10,0
"fifa_b","Lenovo FIFA","fifa_apple","apple","Apple FIFA",2025-04-27,0,0,10,0
"fifa_b","Lenovo FIFA","fifa_apple","apple","Apple FIFA",2025-05-04,0,0,10,0
"fifa_b","Lenovo FIFA","fifa_apple","apple","Apple FIFA",2025-05-11,0,0,10,0
"fifa_b","Lenovo FIFA","fifa_apple","apple","Apple FIFA",2025-05-18,0,0,10,0
"fifa_b","Lenovo FIFA","fifa_apple","apple","Apple FIFA",2025-05-25,0,0,10,0
"fifa_b","Lenovo FIFA","fifa_apple","apple","Apple FIFA",2025-06-01,0,0,10,0
"fifa_b","Lenovo FIFA","fifa_apple","apple","Apple FIFA",2025-06-08,4.639175257731959,0,10,0
"fifa_b","Lenovo FIFA","fifa_apple","apple","Apple FIFA",2025-06-15,4.639175257731959,0,10,0
"fifa_b","Lenovo FIFA","fifa_apple","apple","Apple FIFA",2025-06-22,4.639175257731959,0,10,0
"fifa_b","Lenovo FIFA","fifa_apple","apple","Apple FIFA",2025-06-29,4.639175257731959,0,10,0
"fifa_b","Lenovo FIFA","fifa_apple","apple","Apple FIFA",2025-07-06,0,0,10,0
"fifa_b","Lenovo FIFA","fifa_apple","apple","Apple FIFA",2025-07-13,4.639175257731959,0,10,0
"fifa_b","Lenovo FIFA","fifa_apple","apple","Apple FIFA",2025-07-20,4.639175257731959,0,10,0
"fifa_b","Lenovo FIFA","fifa_apple","apple","Apple FIFA",2025-07-27,4.639175257731959,0,10,0
"fifa_b","Lenovo FIFA","fifa_apple","apple","Apple FIFA",2025-08-03,9.278350515463918,0,10,0
"fifa_b","Lenovo FIFA","fifa_apple","apple","Apple FIFA",2025-08-10,9.278350515463918,0,10,0
"fifa_b","Lenovo FIFA","fifa_apple","apple","Apple FIFA",2025-08-17,9.278350515463918,0,10,0
"fifa_b","Lenovo FIFA","fifa_apple","apple","Apple FIFA",2025-08-24,9.278350515463918,0,10,0
"fifa_b","Lenovo FIFA","fifa_apple","apple","Apple FIFA",2025-08-31,18.556701030927837,0,10,0
"fifa_b","Lenovo FIFA","fifa_apple","apple","Apple FIFA",2025-09-07,32.47422680412372,0,10,0
"fifa_b","Lenovo FIFA","fifa_apple","apple","Apple FIFA",2025-09-14,13.917525773195877,0,10,0
"fifa_b","Lenovo FIFA","fifa_apple","apple","Apple FIFA",2025-09-21,18.556701030927837,0,10,0
"fifa_b","Lenovo FIFA","fifa_apple","apple","Apple FIFA",2025-09-28,18.556701030927837,0,10,0
"fifa_b","Lenovo FIFA","fifa_apple","apple","Apple FIFA",2025-10-05,13.917525773195877,0,10,0
"fifa_b","Lenovo FIFA","fifa_apple","apple","Apple FIFA",2025-10-12,13.917525773195877,0,10,0
"fifa_b","Lenovo FIFA","fifa_apple","apple","Apple FIFA",2025-10-19,9.278350515463918,0,10,0
"fifa_b","Lenovo FIFA","fifa_apple","apple","Apple FIFA",2025-10-26,9.278350515463918,0,10,0
"fifa_b","Lenovo FIFA","fifa_apple","apple","Apple FIFA",2025-11-02,9.278350515463918,0,10,0
"fifa_b","Lenovo FIFA","fifa_apple","apple","Apple FIFA",2025-11-09,13.917525773195877,0,10,0
"fifa_b","Lenovo FIFA","fifa_apple","apple","Apple FIFA",2025-11-16,23.195876288659797,0,10,0
"fifa_b","Lenovo FIFA","fifa_apple","apple","Apple FIFA",2025-11-23,23.195876288659797,0,10,0
"fifa_b","Lenovo FIFA","fifa_apple","apple","Apple FIFA",2025-11-30,46.39175257731959,0,10,0
"fifa_b","Lenovo FIFA","fifa_apple","apple","Apple FIFA",2025-12-07,32.47422680412372,0,10,0
"fifa_b","Lenovo FIFA","fifa_apple","apple","Apple FIFA",2025-12-14,23.195876288659797,0,10,0
"fifa_b","Lenovo FIFA","fifa_apple","apple","Apple FIFA",2025-12-21,13.917525773195877,0,10,0
"fifa_b","Lenovo FIFA","fifa_apple","apple","Apple FIFA",2025-12-28,9.278350515463918,0,10,0
"fifa_b","Lenovo FIFA","fifa_apple","apple","Apple FIFA",2026-01-04,9.278350515463918,0,10,0
"fifa_b","Lenovo FIFA","fifa_apple","apple","Apple FIFA",2026-01-11,13.917525773195877,0,10,0
"fifa_b","Lenovo FIFA","fifa_apple","apple","Apple FIFA",2026-01-18,13.917525773195877,0,10,0
"fifa_b","Lenovo FIFA","fifa_apple","apple","Apple FIFA",2026-01-25,13.917525773195877,0,10,0
"fifa_b","Lenovo FIFA","fifa_apple","apple","Apple FIFA",2026-02-01,13.917525773195877,0,10,0
"fifa_b","Lenovo FIFA","fifa_apple","apple","Apple FIFA",2026-02-08,13.917525773195877,0,10,0
"fifa_b","Lenovo FIFA","fifa_apple","apple","Apple FIFA",2026-02-15,13.917525773195877,0,10,0
"fifa_b","Lenovo FIFA","fifa_apple","apple","Apple FIFA",2026-02-22,13.917525773195877,0,10,0
"fifa_b","Lenovo FIFA","fifa_apple","apple","Apple FIFA",2026-03-01,13.917525773195877,0,10,0
"fifa_b","Lenovo FIFA","fifa_apple","apple","Apple FIFA",2026-03-08,13.917525773195877,0,10,0
"fifa_b","Lenovo FIFA","fifa_apple","apple","Apple FIFA",2026-03-15,18.556701030927837,0,10,0
"fifa_b","Lenovo FIFA","fifa_apple","apple","Apple FIFA",2026-03-22,27.835051546391753,0,10,0
"fifa_b","Lenovo FIFA","fifa_apple","apple","Apple FIFA",2026-03-29,41.75257731958763,0,10,0
"fifa_b","Lenovo FIFA","fifa_apple","apple","Apple FIFA",2026-04-05,27.835051546391753,0,10,0
"fifa_b","Lenovo FIFA","fifa_apple","apple","Apple FIFA",2026-04-12,18.556701030927837,0,10,0
"fifa_b","Lenovo FIFA","fifa_apple","apple","Apple FIFA",2026-04-19,18.556701030927837,0,10,0
"fifa_b","Lenovo FIFA","fifa_apple","apple","Apple FIFA",2026-04-26,18.556701030927837,0,10,0
"fifa_b","Lenovo FIFA","fifa_apple","apple","Apple FIFA",2026-05-03,23.195876288659797,0,10,0
"fifa_b","Lenovo FIFA","fifa_apple","apple","Apple FIFA",2026-05-10,32.47422680412372,0,10,0
"fifa_b","Lenovo FIFA","fifa_apple","apple","Apple FIFA",2026-05-17,41.75257731958763,0,10,0
"fifa_b","Lenovo FIFA","fifa_apple","apple","Apple FIFA",2026-05-24,55.670103092783506,0,10,0
"fifa_b","Lenovo FIFA","fifa_apple","apple","Apple FIFA",2026-05-31,120.61855670103094,0,10,0
"fifa_b","Lenovo FIFA","fifa_apple","apple","Apple FIFA",2026-06-07,422.1649484536083,0,10,0
"fifa_b","Lenovo FIFA","fifa_apple","apple","Apple FIFA",2026-06-14,385.0515463917526,0,10,0
"fifa_b","Lenovo FIFA","fifa_apple","apple","Apple FIFA",2026-06-21,412.8865979381443,0,10,0
"fifa_b","Lenovo FIFA","fifa_apple","apple","Apple FIFA",2026-06-28,463.91752577319596,0,10,0
"fifa_b","Lenovo FIFA","fifa_apple","apple","Apple FIFA",2026-07-05,371.13402061855675,0,10,0
"fifa_b","Lenovo FIFA","fifa_apple","apple","Apple FIFA",2026-07-12,227.31958762886603,0,10,0
"fifa_b","Lenovo FIFA","fifa_apple","apple","Apple FIFA",2026-07-19,134.53608247422682,0,10,0
"fifa_b","Lenovo FIFA","fifa_apple","apple","Apple FIFA",2026-07-26,27.835051546391753,0,10,0
"fifa_b","Lenovo FIFA","fifa_apple","apple","Apple FIFA",2026-08-02,13.917525773195877,0,10,0
"fifa_b","Lenovo FIFA","fifa_apple","apple","Apple FIFA",2026-08-09,13.917525773195877,0,10,0
"fifa_b","Lenovo FIFA","fifa_apple","apple","Apple FIFA",2026-08-16,9.278350515463918,0,10,0
"fifa_b","Lenovo FIFA","fifa_apple","apple","Apple FIFA",2026-08-23,9.278350515463918,0,10,0
"fifa_b","Lenovo FIFA","fifa_apple","apple","Apple FIFA",2026-08-30,9.278350515463918,0,10,0
"fifa_b","Lenovo FIFA","fifa_apple","apple","Apple FIFA",2026-09-06,13.917525773195877,0,10,0
"fifa_b","Lenovo FIFA","fifa_apple","apple","Apple FIFA",2026-09-13,9.278350515463918,0,10,0
"fifa_b","Lenovo FIFA","fifa_apple","apple","Apple FIFA",2026-09-20,4.639175257731959,0,10,0
"fifa_b","Lenovo FIFA","fifa_apple","apple","Apple FIFA",2026-09-27,4.639175257731959,0,10,0
"fifa_b","Lenovo FIFA","fifa_microsoft","microsoft","Microsoft FIFA",2021-12-26,4.639175257731959,0,10,0
"fifa_b","Lenovo FIFA","fifa_microsoft","microsoft","Microsoft FIFA",2022-01-02,0,0,10,0
"fifa_b","Lenovo FIFA","fifa_microsoft","microsoft","Microsoft FIFA",2022-01-09,0,0,10,0
"fifa_b","Lenovo FIFA","fifa_microsoft","microsoft","Microsoft FIFA",2022-01-16,4.639175257731959,0,10,0
"fifa_b","Lenovo FIFA","fifa_microsoft","microsoft","Microsoft FIFA",2022-01-23,0,0,10,0
"fifa_b","Lenovo FIFA","fifa_microsoft","microsoft","Microsoft FIFA",2022-01-30,4.639175257731959,0,10,0
"fifa_b","Lenovo FIFA","fifa_microsoft","microsoft","Microsoft FIFA",2022-02-06,0,0,10,0
"fifa_b","Lenovo FIFA","fifa_microsoft","microsoft","Microsoft FIFA",2022-02-13,0,0,10,0
"fifa_b","Lenovo FIFA","fifa_microsoft","microsoft","Microsoft FIFA",2022-02-20,0,0,10,0
"fifa_b","Lenovo FIFA","fifa_microsoft","microsoft","Microsoft FIFA",2022-02-27,0,0,10,0
"fifa_b","Lenovo FIFA","fifa_microsoft","microsoft","Microsoft FIFA",2022-03-06,0,0,10,0
"fifa_b","Lenovo FIFA","fifa_microsoft","microsoft","Microsoft FIFA",2022-03-13,0,0,10,0
"fifa_b","Lenovo FIFA","fifa_microsoft","microsoft","Microsoft FIFA",2022-03-20,0,0,10,0
"fifa_b","Lenovo FIFA","fifa_microsoft","microsoft","Microsoft FIFA",2022-03-27,0,0,10,0
"fifa_b","Lenovo FIFA","fifa_microsoft","microsoft","Microsoft FIFA",2022-04-03,0,0,10,0
"fifa_b","Lenovo FIFA","fifa_microsoft","microsoft","Microsoft FIFA",2022-04-10,0,0,10,0
"fifa_b","Lenovo FIFA","fifa_microsoft","microsoft","Microsoft FIFA",2022-04-17,0,0,10,0
"fifa_b","Lenovo FIFA","fifa_microsoft","microsoft","Microsoft FIFA",2022-04-24,0,0,10,0
"fifa_b","Lenovo FIFA","fifa_microsoft","microsoft","Microsoft FIFA",2022-05-01,0,0,10,0
"fifa_b","Lenovo FIFA","fifa_microsoft","microsoft","Microsoft FIFA",2022-05-08,0,0,10,0
"fifa_b","Lenovo FIFA","fifa_microsoft","microsoft","Microsoft FIFA",2022-05-15,0,0,10,0
"fifa_b","Lenovo FIFA","fifa_microsoft","microsoft","Microsoft FIFA",2022-05-22,0,0,10,0
"fifa_b","Lenovo FIFA","fifa_microsoft","microsoft","Microsoft FIFA",2022-05-29,0,0,10,0
"fifa_b","Lenovo FIFA","fifa_microsoft","microsoft","Microsoft FIFA",2022-06-05,0,0,10,0
"fifa_b","Lenovo FIFA","fifa_microsoft","microsoft","Microsoft FIFA",2022-06-12,0,0,10,0
"fifa_b","Lenovo FIFA","fifa_microsoft","microsoft","Microsoft FIFA",2022-06-19,0,0,10,0
"fifa_b","Lenovo FIFA","fifa_microsoft","microsoft","Microsoft FIFA",2022-06-26,0,0,10,0
"fifa_b","Lenovo FIFA","fifa_microsoft","microsoft","Microsoft FIFA",2022-07-03,0,0,10,0
"fifa_b","Lenovo FIFA","fifa_microsoft","microsoft","Microsoft FIFA",2022-07-10,0,0,10,0
"fifa_b","Lenovo FIFA","fifa_microsoft","microsoft","Microsoft FIFA",2022-07-17,0,0,10,0
"fifa_b","Lenovo FIFA","fifa_microsoft","microsoft","Microsoft FIFA",2022-07-24,0,0,10,0
"fifa_b","Lenovo FIFA","fifa_microsoft","microsoft","Microsoft FIFA",2022-07-31,0,0,10,0
"fifa_b","Lenovo FIFA","fifa_microsoft","microsoft","Microsoft FIFA",2022-08-07,0,0,10,0
"fifa_b","Lenovo FIFA","fifa_microsoft","microsoft","Microsoft FIFA",2022-08-14,0,0,10,0
"fifa_b","Lenovo FIFA","fifa_microsoft","microsoft","Microsoft FIFA",2022-08-21,0,0,10,0
"fifa_b","Lenovo FIFA","fifa_microsoft","microsoft","Microsoft FIFA",2022-08-28,0,0,10,0
"fifa_b","Lenovo FIFA","fifa_microsoft","microsoft","Microsoft FIFA",2022-09-04,0,0,10,0
"fifa_b","Lenovo FIFA","fifa_microsoft","microsoft","Microsoft FIFA",2022-09-11,0,0,10,0
"fifa_b","Lenovo FIFA","fifa_microsoft","microsoft","Microsoft FIFA",2022-09-18,4.639175257731959,0,10,0
"fifa_b","Lenovo FIFA","fifa_microsoft","microsoft","Microsoft FIFA",2022-09-25,9.278350515463918,0,10,0
"fifa_b","Lenovo FIFA","fifa_microsoft","microsoft","Microsoft FIFA",2022-10-02,4.639175257731959,0,10,0
"fifa_b","Lenovo FIFA","fifa_microsoft","microsoft","Microsoft FIFA",2022-10-09,4.639175257731959,0,10,0
"fifa_b","Lenovo FIFA","fifa_microsoft","microsoft","Microsoft FIFA",2022-10-16,4.639175257731959,0,10,0
"fifa_b","Lenovo FIFA","fifa_microsoft","microsoft","Microsoft FIFA",2022-10-23,4.639175257731959,0,10,0
"fifa_b","Lenovo FIFA","fifa_microsoft","microsoft","Microsoft FIFA",2022-10-30,0,0,10,0
"fifa_b","Lenovo FIFA","fifa_microsoft","microsoft","Microsoft FIFA",2022-11-06,4.639175257731959,0,10,0
"fifa_b","Lenovo FIFA","fifa_microsoft","microsoft","Microsoft FIFA",2022-11-13,4.639175257731959,0,10,0
"fifa_b","Lenovo FIFA","fifa_microsoft","microsoft","Microsoft FIFA",2022-11-20,9.278350515463918,0,10,0
"fifa_b","Lenovo FIFA","fifa_microsoft","microsoft","Microsoft FIFA",2022-11-27,4.639175257731959,0,10,0
"fifa_b","Lenovo FIFA","fifa_microsoft","microsoft","Microsoft FIFA",2022-12-04,4.639175257731959,0,10,0
"fifa_b","Lenovo FIFA","fifa_microsoft","microsoft","Microsoft FIFA",2022-12-11,4.639175257731959,0,10,0
"fifa_b","Lenovo FIFA","fifa_microsoft","microsoft","Microsoft FIFA",2022-12-18,4.639175257731959,0,10,0
"fifa_b","Lenovo FIFA","fifa_microsoft","microsoft","Microsoft FIFA",2022-12-25,4.639175257731959,0,10,0
"fifa_b","Lenovo FIFA","fifa_microsoft","microsoft","Microsoft FIFA",2023-01-01,4.639175257731959,0,10,0
"fifa_b","Lenovo FIFA","fifa_microsoft","microsoft","Microsoft FIFA",2023-01-08,0,0,10,0
"fifa_b","Lenovo FIFA","fifa_microsoft","microsoft","Microsoft FIFA",2023-01-15,0,0,10,0
"fifa_b","Lenovo FIFA","fifa_microsoft","microsoft","Microsoft FIFA",2023-01-22,4.639175257731959,0,10,0
"fifa_b","Lenovo FIFA","fifa_microsoft","microsoft","Microsoft FIFA",2023-01-29,4.639175257731959,0,10,0
"fifa_b","Lenovo FIFA","fifa_microsoft","microsoft","Microsoft FIFA",2023-02-05,0,0,10,0
"fifa_b","Lenovo FIFA","fifa_microsoft","microsoft","Microsoft FIFA",2023-02-12,0,0,10,0
"fifa_b","Lenovo FIFA","fifa_microsoft","microsoft","Microsoft FIFA",2023-02-19,0,0,10,0
"fifa_b","Lenovo FIFA","fifa_microsoft","microsoft","Microsoft FIFA",2023-02-26,0,0,10,0
"fifa_b","Lenovo FIFA","fifa_microsoft","microsoft","Microsoft FIFA",2023-03-05,0,0,10,0
"fifa_b","Lenovo FIFA","fifa_microsoft","microsoft","Microsoft FIFA",2023-03-12,0,0,10,0
"fifa_b","Lenovo FIFA","fifa_microsoft","microsoft","Microsoft FIFA",2023-03-19,0,0,10,0
"fifa_b","Lenovo FIFA","fifa_microsoft","microsoft","Microsoft FIFA",2023-03-26,0,0,10,0
"fifa_b","Lenovo FIFA","fifa_microsoft","microsoft","Microsoft FIFA",2023-04-02,0,0,10,0
"fifa_b","Lenovo FIFA","fifa_microsoft","microsoft","Microsoft FIFA",2023-04-09,0,0,10,0
"fifa_b","Lenovo FIFA","fifa_microsoft","microsoft","Microsoft FIFA",2023-04-16,0,0,10,0
"fifa_b","Lenovo FIFA","fifa_microsoft","microsoft","Microsoft FIFA",2023-04-23,0,0,10,0
"fifa_b","Lenovo FIFA","fifa_microsoft","microsoft","Microsoft FIFA",2023-04-30,0,0,10,0
"fifa_b","Lenovo FIFA","fifa_microsoft","microsoft","Microsoft FIFA",2023-05-07,0,0,10,0
"fifa_b","Lenovo FIFA","fifa_microsoft","microsoft","Microsoft FIFA",2023-05-14,0,0,10,0
"fifa_b","Lenovo FIFA","fifa_microsoft","microsoft","Microsoft FIFA",2023-05-21,0,0,10,0
"fifa_b","Lenovo FIFA","fifa_microsoft","microsoft","Microsoft FIFA",2023-05-28,0,0,10,0
"fifa_b","Lenovo FIFA","fifa_microsoft","microsoft","Microsoft FIFA",2023-06-04,0,0,10,0
"fifa_b","Lenovo FIFA","fifa_microsoft","microsoft","Microsoft FIFA",2023-06-11,0,0,10,0
"fifa_b","Lenovo FIFA","fifa_microsoft","microsoft","Microsoft FIFA",2023-06-18,0,0,10,0
"fifa_b","Lenovo FIFA","fifa_microsoft","microsoft","Microsoft FIFA",2023-06-25,0,0,10,0
"fifa_b","Lenovo FIFA","fifa_microsoft","microsoft","Microsoft FIFA",2023-07-02,0,0,10,0
"fifa_b","Lenovo FIFA","fifa_microsoft","microsoft","Microsoft FIFA",2023-07-09,0,0,10,0
"fifa_b","Lenovo FIFA","fifa_microsoft","microsoft","Microsoft FIFA",2023-07-16,0,0,10,0
"fifa_b","Lenovo FIFA","fifa_microsoft","microsoft","Microsoft FIFA",2023-07-23,0,0,10,0
"fifa_b","Lenovo FIFA","fifa_microsoft","microsoft","Microsoft FIFA",2023-07-30,0,0,10,0
"fifa_b","Lenovo FIFA","fifa_microsoft","microsoft","Microsoft FIFA",2023-08-06,0,0,10,0
"fifa_b","Lenovo FIFA","fifa_microsoft","microsoft","Microsoft FIFA",2023-08-13,0,0,10,0
"fifa_b","Lenovo FIFA","fifa_microsoft","microsoft","Microsoft FIFA",2023-08-20,0,0,10,0
"fifa_b","Lenovo FIFA","fifa_microsoft","microsoft","Microsoft FIFA",2023-08-27,0,0,10,0
"fifa_b","Lenovo FIFA","fifa_microsoft","microsoft","Microsoft FIFA",2023-09-03,0,0,10,0
"fifa_b","Lenovo FIFA","fifa_microsoft","microsoft","Microsoft FIFA",2023-09-10,0,0,10,0
"fifa_b","Lenovo FIFA","fifa_microsoft","microsoft","Microsoft FIFA",2023-09-17,4.639175257731959,0,10,0
"fifa_b","Lenovo FIFA","fifa_microsoft","microsoft","Microsoft FIFA",2023-09-24,0,0,10,0
"fifa_b","Lenovo FIFA","fifa_microsoft","microsoft","Microsoft FIFA",2023-10-01,0,0,10,0
"fifa_b","Lenovo FIFA","fifa_microsoft","microsoft","Microsoft FIFA",2023-10-08,0,0,10,0
"fifa_b","Lenovo FIFA","fifa_microsoft","microsoft","Microsoft FIFA",2023-10-15,0,0,10,0
"fifa_b","Lenovo FIFA","fifa_microsoft","microsoft","Microsoft FIFA",2023-10-22,0,0,10,0
"fifa_b","Lenovo FIFA","fifa_microsoft","microsoft","Microsoft FIFA",2023-10-29,0,0,10,0
"fifa_b","Lenovo FIFA","fifa_microsoft","microsoft","Microsoft FIFA",2023-11-05,0,0,10,0
"fifa_b","Lenovo FIFA","fifa_microsoft","microsoft","Microsoft FIFA",2023-11-12,0,0,10,0
"fifa_b","Lenovo FIFA","fifa_microsoft","microsoft","Microsoft FIFA",2023-11-19,0,0,10,0
"fifa_b","Lenovo FIFA","fifa_microsoft","microsoft","Microsoft FIFA",2023-11-26,0,0,10,0
"fifa_b","Lenovo FIFA","fifa_microsoft","microsoft","Microsoft FIFA",2023-12-03,0,0,10,0
"fifa_b","Lenovo FIFA","fifa_microsoft","microsoft","Microsoft FIFA",2023-12-10,0,0,10,0
"fifa_b","Lenovo FIFA","fifa_microsoft","microsoft","Microsoft FIFA",2023-12-17,0,0,10,0
"fifa_b","Lenovo FIFA","fifa_microsoft","microsoft","Microsoft FIFA",2023-12-24,0,0,10,0
"fifa_b","Lenovo FIFA","fifa_microsoft","microsoft","Microsoft FIFA",2023-12-31,0,0,10,0
"fifa_b","Lenovo FIFA","fifa_microsoft","microsoft","Microsoft FIFA",2024-01-07,0,0,10,0
"fifa_b","Lenovo FIFA","fifa_microsoft","microsoft","Microsoft FIFA",2024-01-14,0,0,10,0
"fifa_b","Lenovo FIFA","fifa_microsoft","microsoft","Microsoft FIFA",2024-01-21,0,0,10,0
"fifa_b","Lenovo FIFA","fifa_microsoft","microsoft","Microsoft FIFA",2024-01-28,0,0,10,0
"fifa_b","Lenovo FIFA","fifa_microsoft","microsoft","Microsoft FIFA",2024-02-04,0,0,10,0
"fifa_b","Lenovo FIFA","fifa_microsoft","microsoft","Microsoft FIFA",2024-02-11,0,0,10,0
"fifa_b","Lenovo FIFA","fifa_microsoft","microsoft","Microsoft FIFA",2024-02-18,0,0,10,0
"fifa_b","Lenovo FIFA","fifa_microsoft","microsoft","Microsoft FIFA",2024-02-25,0,0,10,0
"fifa_b","Lenovo FIFA","fifa_microsoft","microsoft","Microsoft FIFA",2024-03-03,0,0,10,0
"fifa_b","Lenovo FIFA","fifa_microsoft","microsoft","Microsoft FIFA",2024-03-10,0,0,10,0
"fifa_b","Lenovo FIFA","fifa_microsoft","microsoft","Microsoft FIFA",2024-03-17,0,0,10,0
"fifa_b","Lenovo FIFA","fifa_microsoft","microsoft","Microsoft FIFA",2024-03-24,0,0,10,0
"fifa_b","Lenovo FIFA","fifa_microsoft","microsoft","Microsoft FIFA",2024-03-31,0,0,10,0
"fifa_b","Lenovo FIFA","fifa_microsoft","microsoft","Microsoft FIFA",2024-04-07,0,0,10,0
"fifa_b","Lenovo FIFA","fifa_microsoft","microsoft","Microsoft FIFA",2024-04-14,0,0,10,0
"fifa_b","Lenovo FIFA","fifa_microsoft","microsoft","Microsoft FIFA",2024-04-21,0,0,10,0
"fifa_b","Lenovo FIFA","fifa_microsoft","microsoft","Microsoft FIFA",2024-04-28,0,0,10,0
"fifa_b","Lenovo FIFA","fifa_microsoft","microsoft","Microsoft FIFA",2024-05-05,0,0,10,0
"fifa_b","Lenovo FIFA","fifa_microsoft","microsoft","Microsoft FIFA",2024-05-12,0,0,10,0
"fifa_b","Lenovo FIFA","fifa_microsoft","microsoft","Microsoft FIFA",2024-05-19,0,0,10,0
"fifa_b","Lenovo FIFA","fifa_microsoft","microsoft","Microsoft FIFA",2024-05-26,0,0,10,0
"fifa_b","Lenovo FIFA","fifa_microsoft","microsoft","Microsoft FIFA",2024-06-02,0,0,10,0
"fifa_b","Lenovo FIFA","fifa_microsoft","microsoft","Microsoft FIFA",2024-06-09,0,0,10,0
"fifa_b","Lenovo FIFA","fifa_microsoft","microsoft","Microsoft FIFA",2024-06-16,0,0,10,0
"fifa_b","Lenovo FIFA","fifa_microsoft","microsoft","Microsoft FIFA",2024-06-23,0,0,10,0
"fifa_b","Lenovo FIFA","fifa_microsoft","microsoft","Microsoft FIFA",2024-06-30,0,0,10,0
"fifa_b","Lenovo FIFA","fifa_microsoft","microsoft","Microsoft FIFA",2024-07-07,0,0,10,0
"fifa_b","Lenovo FIFA","fifa_microsoft","microsoft","Microsoft FIFA",2024-07-14,0,0,10,0
"fifa_b","Lenovo FIFA","fifa_microsoft","microsoft","Microsoft FIFA",2024-07-21,0,0,10,0
"fifa_b","Lenovo FIFA","fifa_microsoft","microsoft","Microsoft FIFA",2024-07-28,0,0,10,0
"fifa_b","Lenovo FIFA","fifa_microsoft","microsoft","Microsoft FIFA",2024-08-04,0,0,10,0
"fifa_b","Lenovo FIFA","fifa_microsoft","microsoft","Microsoft FIFA",2024-08-11,0,0,10,0
"fifa_b","Lenovo FIFA","fifa_microsoft","microsoft","Microsoft FIFA",2024-08-18,0,0,10,0
"fifa_b","Lenovo FIFA","fifa_microsoft","microsoft","Microsoft FIFA",2024-08-25,0,0,10,0
"fifa_b","Lenovo FIFA","fifa_microsoft","microsoft","Microsoft FIFA",2024-09-01,0,0,10,0
"fifa_b","Lenovo FIFA","fifa_microsoft","microsoft","Microsoft FIFA",2024-09-08,0,0,10,0
"fifa_b","Lenovo FIFA","fifa_microsoft","microsoft","Microsoft FIFA",2024-09-15,0,0,10,0
"fifa_b","Lenovo FIFA","fifa_microsoft","microsoft","Microsoft FIFA",2024-09-22,0,0,10,0
"fifa_b","Lenovo FIFA","fifa_microsoft","microsoft","Microsoft FIFA",2024-09-29,0,0,10,0
"fifa_b","Lenovo FIFA","fifa_microsoft","microsoft","Microsoft FIFA",2024-10-06,0,0,10,0
"fifa_b","Lenovo FIFA","fifa_microsoft","microsoft","Microsoft FIFA",2024-10-13,0,0,10,0
"fifa_b","Lenovo FIFA","fifa_microsoft","microsoft","Microsoft FIFA",2024-10-20,0,0,10,0
"fifa_b","Lenovo FIFA","fifa_microsoft","microsoft","Microsoft FIFA",2024-10-27,0,0,10,0
"fifa_b","Lenovo FIFA","fifa_microsoft","microsoft","Microsoft FIFA",2024-11-03,0,0,10,0
"fifa_b","Lenovo FIFA","fifa_microsoft","microsoft","Microsoft FIFA",2024-11-10,0,0,10,0
"fifa_b","Lenovo FIFA","fifa_microsoft","microsoft","Microsoft FIFA",2024-11-17,0,0,10,0
"fifa_b","Lenovo FIFA","fifa_microsoft","microsoft","Microsoft FIFA",2024-11-24,0,0,10,0
"fifa_b","Lenovo FIFA","fifa_microsoft","microsoft","Microsoft FIFA",2024-12-01,0,0,10,0
"fifa_b","Lenovo FIFA","fifa_microsoft","microsoft","Microsoft FIFA",2024-12-08,0,0,10,0
"fifa_b","Lenovo FIFA","fifa_microsoft","microsoft","Microsoft FIFA",2024-12-15,0,0,10,0
"fifa_b","Lenovo FIFA","fifa_microsoft","microsoft","Microsoft FIFA",2024-12-22,0,0,10,0
"fifa_b","Lenovo FIFA","fifa_microsoft","microsoft","Microsoft FIFA",2024-12-29,0,0,10,0
"fifa_b","Lenovo FIFA","fifa_microsoft","microsoft","Microsoft FIFA",2025-01-05,0,0,10,0
"fifa_b","Lenovo FIFA","fifa_microsoft","microsoft","Microsoft FIFA",2025-01-12,0,0,10,0
"fifa_b","Lenovo FIFA","fifa_microsoft","microsoft","Microsoft FIFA",2025-01-19,0,0,10,0
"fifa_b","Lenovo FIFA","fifa_microsoft","microsoft","Microsoft FIFA",2025-01-26,0,0,10,0
"fifa_b","Lenovo FIFA","fifa_microsoft","microsoft","Microsoft FIFA",2025-02-02,0,0,10,0
"fifa_b","Lenovo FIFA","fifa_microsoft","microsoft","Microsoft FIFA",2025-02-09,0,0,10,0
"fifa_b","Lenovo FIFA","fifa_microsoft","microsoft","Microsoft FIFA",2025-02-16,0,0,10,0
"fifa_b","Lenovo FIFA","fifa_microsoft","microsoft","Microsoft FIFA",2025-02-23,0,0,10,0
"fifa_b","Lenovo FIFA","fifa_microsoft","microsoft","Microsoft FIFA",2025-03-02,0,0,10,0
"fifa_b","Lenovo FIFA","fifa_microsoft","microsoft","Microsoft FIFA",2025-03-09,0,0,10,0
"fifa_b","Lenovo FIFA","fifa_microsoft","microsoft","Microsoft FIFA",2025-03-16,0,0,10,0
"fifa_b","Lenovo FIFA","fifa_microsoft","microsoft","Microsoft FIFA",2025-03-23,0,0,10,0
"fifa_b","Lenovo FIFA","fifa_microsoft","microsoft","Microsoft FIFA",2025-03-30,0,0,10,0
"fifa_b","Lenovo FIFA","fifa_microsoft","microsoft","Microsoft FIFA",2025-04-06,0,0,10,0
"fifa_b","Lenovo FIFA","fifa_microsoft","microsoft","Microsoft FIFA",2025-04-13,0,0,10,0
"fifa_b","Lenovo FIFA","fifa_microsoft","microsoft","Microsoft FIFA",2025-04-20,0,0,10,0
"fifa_b","Lenovo FIFA","fifa_microsoft","microsoft","Microsoft FIFA",2025-04-27,0,0,10,0
"fifa_b","Lenovo FIFA","fifa_microsoft","microsoft","Microsoft FIFA",2025-05-04,0,0,10,0
"fifa_b","Lenovo FIFA","fifa_microsoft","microsoft","Microsoft FIFA",2025-05-11,0,0,10,0
"fifa_b","Lenovo FIFA","fifa_microsoft","microsoft","Microsoft FIFA",2025-05-18,0,0,10,0
"fifa_b","Lenovo FIFA","fifa_microsoft","microsoft","Microsoft FIFA",2025-05-25,0,0,10,0
"fifa_b","Lenovo FIFA","fifa_microsoft","microsoft","Microsoft FIFA",2025-06-01,0,0,10,0
"fifa_b","Lenovo FIFA","fifa_microsoft","microsoft","Microsoft FIFA",2025-06-08,0,0,10,0
"fifa_b","Lenovo FIFA","fifa_microsoft","microsoft","Microsoft FIFA",2025-06-15,0,0,10,0
"fifa_b","Lenovo FIFA","fifa_microsoft","microsoft","Microsoft FIFA",2025-06-22,0,0,10,0
"fifa_b","Lenovo FIFA","fifa_microsoft","microsoft","Microsoft FIFA",2025-06-29,0,0,10,0
"fifa_b","Lenovo FIFA","fifa_microsoft","microsoft","Microsoft FIFA",2025-07-06,0,0,10,0
"fifa_b","Lenovo FIFA","fifa_microsoft","microsoft","Microsoft FIFA",2025-07-13,0,0,10,0
"fifa_b","Lenovo FIFA","fifa_microsoft","microsoft","Microsoft FIFA",2025-07-20,0,0,10,0
"fifa_b","Lenovo FIFA","fifa_microsoft","microsoft","Microsoft FIFA",2025-07-27,4.639175257731959,0,10,0
"fifa_b","Lenovo FIFA","fifa_microsoft","microsoft","Microsoft FIFA",2025-08-03,4.639175257731959,0,10,0
"fifa_b","Lenovo FIFA","fifa_microsoft","microsoft","Microsoft FIFA",2025-08-10,4.639175257731959,0,10,0
"fifa_b","Lenovo FIFA","fifa_microsoft","microsoft","Microsoft FIFA",2025-08-17,4.639175257731959,0,10,0
"fifa_b","Lenovo FIFA","fifa_microsoft","microsoft","Microsoft FIFA",2025-08-24,4.639175257731959,0,10,0
"fifa_b","Lenovo FIFA","fifa_microsoft","microsoft","Microsoft FIFA",2025-08-31,9.278350515463918,0,10,0
"fifa_b","Lenovo FIFA","fifa_microsoft","microsoft","Microsoft FIFA",2025-09-07,13.917525773195877,0,10,0
"fifa_b","Lenovo FIFA","fifa_microsoft","microsoft","Microsoft FIFA",2025-09-14,4.639175257731959,0,10,0
"fifa_b","Lenovo FIFA","fifa_microsoft","microsoft","Microsoft FIFA",2025-09-21,9.278350515463918,0,10,0
"fifa_b","Lenovo FIFA","fifa_microsoft","microsoft","Microsoft FIFA",2025-09-28,9.278350515463918,0,10,0
"fifa_b","Lenovo FIFA","fifa_microsoft","microsoft","Microsoft FIFA",2025-10-05,9.278350515463918,0,10,0
"fifa_b","Lenovo FIFA","fifa_microsoft","microsoft","Microsoft FIFA",2025-10-12,9.278350515463918,0,10,0
"fifa_b","Lenovo FIFA","fifa_microsoft","microsoft","Microsoft FIFA",2025-10-19,4.639175257731959,0,10,0
"fifa_b","Lenovo FIFA","fifa_microsoft","microsoft","Microsoft FIFA",2025-10-26,4.639175257731959,0,10,0
"fifa_b","Lenovo FIFA","fifa_microsoft","microsoft","Microsoft FIFA",2025-11-02,9.278350515463918,0,10,0
"fifa_b","Lenovo FIFA","fifa_microsoft","microsoft","Microsoft FIFA",2025-11-09,13.917525773195877,0,10,0
"fifa_b","Lenovo FIFA","fifa_microsoft","microsoft","Microsoft FIFA",2025-11-16,18.556701030927837,0,10,0
"fifa_b","Lenovo FIFA","fifa_microsoft","microsoft","Microsoft FIFA",2025-11-23,13.917525773195877,0,10,0
"fifa_b","Lenovo FIFA","fifa_microsoft","microsoft","Microsoft FIFA",2025-11-30,27.835051546391753,0,10,0
"fifa_b","Lenovo FIFA","fifa_microsoft","microsoft","Microsoft FIFA",2025-12-07,23.195876288659797,0,10,0
"fifa_b","Lenovo FIFA","fifa_microsoft","microsoft","Microsoft FIFA",2025-12-14,13.917525773195877,0,10,0
"fifa_b","Lenovo FIFA","fifa_microsoft","microsoft","Microsoft FIFA",2025-12-21,4.639175257731959,0,10,0
"fifa_b","Lenovo FIFA","fifa_microsoft","microsoft","Microsoft FIFA",2025-12-28,4.639175257731959,0,10,0
"fifa_b","Lenovo FIFA","fifa_microsoft","microsoft","Microsoft FIFA",2026-01-04,4.639175257731959,0,10,0
"fifa_b","Lenovo FIFA","fifa_microsoft","microsoft","Microsoft FIFA",2026-01-11,9.278350515463918,0,10,0
"fifa_b","Lenovo FIFA","fifa_microsoft","microsoft","Microsoft FIFA",2026-01-18,9.278350515463918,0,10,0
"fifa_b","Lenovo FIFA","fifa_microsoft","microsoft","Microsoft FIFA",2026-01-25,13.917525773195877,0,10,0
"fifa_b","Lenovo FIFA","fifa_microsoft","microsoft","Microsoft FIFA",2026-02-01,9.278350515463918,0,10,0
"fifa_b","Lenovo FIFA","fifa_microsoft","microsoft","Microsoft FIFA",2026-02-08,9.278350515463918,0,10,0
"fifa_b","Lenovo FIFA","fifa_microsoft","microsoft","Microsoft FIFA",2026-02-15,9.278350515463918,0,10,0
"fifa_b","Lenovo FIFA","fifa_microsoft","microsoft","Microsoft FIFA",2026-02-22,9.278350515463918,0,10,0
"fifa_b","Lenovo FIFA","fifa_microsoft","microsoft","Microsoft FIFA",2026-03-01,9.278350515463918,0,10,0
"fifa_b","Lenovo FIFA","fifa_microsoft","microsoft","Microsoft FIFA",2026-03-08,9.278350515463918,0,10,0
"fifa_b","Lenovo FIFA","fifa_microsoft","microsoft","Microsoft FIFA",2026-03-15,13.917525773195877,0,10,0
"fifa_b","Lenovo FIFA","fifa_microsoft","microsoft","Microsoft FIFA",2026-03-22,18.556701030927837,0,10,0
"fifa_b","Lenovo FIFA","fifa_microsoft","microsoft","Microsoft FIFA",2026-03-29,32.47422680412372,0,10,0
"fifa_b","Lenovo FIFA","fifa_microsoft","microsoft","Microsoft FIFA",2026-04-05,18.556701030927837,0,10,0
"fifa_b","Lenovo FIFA","fifa_microsoft","microsoft","Microsoft FIFA",2026-04-12,13.917525773195877,0,10,0
"fifa_b","Lenovo FIFA","fifa_microsoft","microsoft","Microsoft FIFA",2026-04-19,13.917525773195877,0,10,0
"fifa_b","Lenovo FIFA","fifa_microsoft","microsoft","Microsoft FIFA",2026-04-26,13.917525773195877,0,10,0
"fifa_b","Lenovo FIFA","fifa_microsoft","microsoft","Microsoft FIFA",2026-05-03,13.917525773195877,0,10,0
"fifa_b","Lenovo FIFA","fifa_microsoft","microsoft","Microsoft FIFA",2026-05-10,18.556701030927837,0,10,0
"fifa_b","Lenovo FIFA","fifa_microsoft","microsoft","Microsoft FIFA",2026-05-17,32.47422680412372,0,10,0
"fifa_b","Lenovo FIFA","fifa_microsoft","microsoft","Microsoft FIFA",2026-05-24,41.75257731958763,0,10,0
"fifa_b","Lenovo FIFA","fifa_microsoft","microsoft","Microsoft FIFA",2026-05-31,83.50515463917526,0,10,0
"fifa_b","Lenovo FIFA","fifa_microsoft","microsoft","Microsoft FIFA",2026-06-07,245.87628865979383,0,10,0
"fifa_b","Lenovo FIFA","fifa_microsoft","microsoft","Microsoft FIFA",2026-06-14,194.84536082474227,0,10,0
"fifa_b","Lenovo FIFA","fifa_microsoft","microsoft","Microsoft FIFA",2026-06-21,199.48453608247425,0,10,0
"fifa_b","Lenovo FIFA","fifa_microsoft","microsoft","Microsoft FIFA",2026-06-28,264.4329896907217,0,10,0
"fifa_b","Lenovo FIFA","fifa_microsoft","microsoft","Microsoft FIFA",2026-07-05,222.68041237113403,0,10,0
"fifa_b","Lenovo FIFA","fifa_microsoft","microsoft","Microsoft FIFA",2026-07-12,106.70103092783506,0,10,0
"fifa_b","Lenovo FIFA","fifa_microsoft","microsoft","Microsoft FIFA",2026-07-19,69.58762886597938,0,10,0
"fifa_b","Lenovo FIFA","fifa_microsoft","microsoft","Microsoft FIFA",2026-07-26,18.556701030927837,0,10,0
"fifa_b","Lenovo FIFA","fifa_microsoft","microsoft","Microsoft FIFA",2026-08-02,9.278350515463918,0,10,0
"fifa_b","Lenovo FIFA","fifa_microsoft","microsoft","Microsoft FIFA",2026-08-09,9.278350515463918,0,10,0
"fifa_b","Lenovo FIFA","fifa_microsoft","microsoft","Microsoft FIFA",2026-08-16,4.639175257731959,0,10,0
"fifa_b","Lenovo FIFA","fifa_microsoft","microsoft","Microsoft FIFA",2026-08-23,9.278350515463918,0,10,0
"fifa_b","Lenovo FIFA","fifa_microsoft","microsoft","Microsoft FIFA",2026-08-30,4.639175257731959,0,10,0
"fifa_b","Lenovo FIFA","fifa_microsoft","microsoft","Microsoft FIFA",2026-09-06,4.639175257731959,0,10,0
"fifa_b","Lenovo FIFA","fifa_microsoft","microsoft","Microsoft FIFA",2026-09-13,4.639175257731959,0,10,0
"fifa_b","Lenovo FIFA","fifa_microsoft","microsoft","Microsoft FIFA",2026-09-20,4.639175257731959,0,10,0
"fifa_b","Lenovo FIFA","fifa_microsoft","microsoft","Microsoft FIFA",2026-09-27,0,0,10,0
"fifa_b","Lenovo FIFA","fifa_msi","msi","MSI FIFA",2021-12-26,0,0,10,0
"fifa_b","Lenovo FIFA","fifa_msi","msi","MSI FIFA",2022-01-02,0,0,10,10
"fifa_b","Lenovo FIFA","fifa_msi","msi","MSI FIFA",2022-01-09,0,0,10,0
"fifa_b","Lenovo FIFA","fifa_msi","msi","MSI FIFA",2022-01-16,0,0,10,0
"fifa_b","Lenovo FIFA","fifa_msi","msi","MSI FIFA",2022-01-23,0,0,10,0
"fifa_b","Lenovo FIFA","fifa_msi","msi","MSI FIFA",2022-01-30,0,0,10,0
"fifa_b","Lenovo FIFA","fifa_msi","msi","MSI FIFA",2022-02-06,0,0,10,0
"fifa_b","Lenovo FIFA","fifa_msi","msi","MSI FIFA",2022-02-13,0,0,10,0
"fifa_b","Lenovo FIFA","fifa_msi","msi","MSI FIFA",2022-02-20,0,0,10,0
"fifa_b","Lenovo FIFA","fifa_msi","msi","MSI FIFA",2022-02-27,0,0,10,0
"fifa_b","Lenovo FIFA","fifa_msi","msi","MSI FIFA",2022-03-06,0,0,10,10
"fifa_b","Lenovo FIFA","fifa_msi","msi","MSI FIFA",2022-03-13,0,0,10,0
"fifa_b","Lenovo FIFA","fifa_msi","msi","MSI FIFA",2022-03-20,0,0,10,0
"fifa_b","Lenovo FIFA","fifa_msi","msi","MSI FIFA",2022-03-27,0,0,10,0
"fifa_b","Lenovo FIFA","fifa_msi","msi","MSI FIFA",2022-04-03,0,0,10,10
"fifa_b","Lenovo FIFA","fifa_msi","msi","MSI FIFA",2022-04-10,0,0,10,10
"fifa_b","Lenovo FIFA","fifa_msi","msi","MSI FIFA",2022-04-17,0,0,10,0
"fifa_b","Lenovo FIFA","fifa_msi","msi","MSI FIFA",2022-04-24,0,0,10,0
"fifa_b","Lenovo FIFA","fifa_msi","msi","MSI FIFA",2022-05-01,0,0,10,0
"fifa_b","Lenovo FIFA","fifa_msi","msi","MSI FIFA",2022-05-08,0,0,10,0
"fifa_b","Lenovo FIFA","fifa_msi","msi","MSI FIFA",2022-05-15,0,0,10,0
"fifa_b","Lenovo FIFA","fifa_msi","msi","MSI FIFA",2022-05-22,0,0,10,0
"fifa_b","Lenovo FIFA","fifa_msi","msi","MSI FIFA",2022-05-29,0,0,10,0
"fifa_b","Lenovo FIFA","fifa_msi","msi","MSI FIFA",2022-06-05,0,0,10,0
"fifa_b","Lenovo FIFA","fifa_msi","msi","MSI FIFA",2022-06-12,0,0,10,10
"fifa_b","Lenovo FIFA","fifa_msi","msi","MSI FIFA",2022-06-19,0,0,10,0
"fifa_b","Lenovo FIFA","fifa_msi","msi","MSI FIFA",2022-06-26,0,0,10,0
"fifa_b","Lenovo FIFA","fifa_msi","msi","MSI FIFA",2022-07-03,0,0,10,0
"fifa_b","Lenovo FIFA","fifa_msi","msi","MSI FIFA",2022-07-10,0,0,10,10
"fifa_b","Lenovo FIFA","fifa_msi","msi","MSI FIFA",2022-07-17,0,0,10,0
"fifa_b","Lenovo FIFA","fifa_msi","msi","MSI FIFA",2022-07-24,0,0,10,0
"fifa_b","Lenovo FIFA","fifa_msi","msi","MSI FIFA",2022-07-31,0,0,10,0
"fifa_b","Lenovo FIFA","fifa_msi","msi","MSI FIFA",2022-08-07,0,0,10,0
"fifa_b","Lenovo FIFA","fifa_msi","msi","MSI FIFA",2022-08-14,0,0,10,0
"fifa_b","Lenovo FIFA","fifa_msi","msi","MSI FIFA",2022-08-21,0,0,10,0
"fifa_b","Lenovo FIFA","fifa_msi","msi","MSI FIFA",2022-08-28,0,0,10,0
"fifa_b","Lenovo FIFA","fifa_msi","msi","MSI FIFA",2022-09-04,0,0,10,0
"fifa_b","Lenovo FIFA","fifa_msi","msi","MSI FIFA",2022-09-11,0,0,10,0
"fifa_b","Lenovo FIFA","fifa_msi","msi","MSI FIFA",2022-09-18,0,0,10,0
"fifa_b","Lenovo FIFA","fifa_msi","msi","MSI FIFA",2022-09-25,0,0,10,0
"fifa_b","Lenovo FIFA","fifa_msi","msi","MSI FIFA",2022-10-02,0,0,10,0
"fifa_b","Lenovo FIFA","fifa_msi","msi","MSI FIFA",2022-10-09,0,0,10,0
"fifa_b","Lenovo FIFA","fifa_msi","msi","MSI FIFA",2022-10-16,0,0,10,0
"fifa_b","Lenovo FIFA","fifa_msi","msi","MSI FIFA",2022-10-23,0,0,10,0
"fifa_b","Lenovo FIFA","fifa_msi","msi","MSI FIFA",2022-10-30,0,0,10,0
"fifa_b","Lenovo FIFA","fifa_msi","msi","MSI FIFA",2022-11-06,0,0,10,0
"fifa_b","Lenovo FIFA","fifa_msi","msi","MSI FIFA",2022-11-13,0,0,10,0
"fifa_b","Lenovo FIFA","fifa_msi","msi","MSI FIFA",2022-11-20,0,0,10,0
"fifa_b","Lenovo FIFA","fifa_msi","msi","MSI FIFA",2022-11-27,0,0,10,0
"fifa_b","Lenovo FIFA","fifa_msi","msi","MSI FIFA",2022-12-04,0,0,10,0
"fifa_b","Lenovo FIFA","fifa_msi","msi","MSI FIFA",2022-12-11,0,0,10,0
"fifa_b","Lenovo FIFA","fifa_msi","msi","MSI FIFA",2022-12-18,0,0,10,0
"fifa_b","Lenovo FIFA","fifa_msi","msi","MSI FIFA",2022-12-25,0,0,10,0
"fifa_b","Lenovo FIFA","fifa_msi","msi","MSI FIFA",2023-01-01,0,0,10,0
"fifa_b","Lenovo FIFA","fifa_msi","msi","MSI FIFA",2023-01-08,0,0,10,0
"fifa_b","Lenovo FIFA","fifa_msi","msi","MSI FIFA",2023-01-15,0,0,10,0
"fifa_b","Lenovo FIFA","fifa_msi","msi","MSI FIFA",2023-01-22,0,0,10,0
"fifa_b","Lenovo FIFA","fifa_msi","msi","MSI FIFA",2023-01-29,0,0,10,0
"fifa_b","Lenovo FIFA","fifa_msi","msi","MSI FIFA",2023-02-05,0,0,10,0
"fifa_b","Lenovo FIFA","fifa_msi","msi","MSI FIFA",2023-02-12,0,0,10,0
"fifa_b","Lenovo FIFA","fifa_msi","msi","MSI FIFA",2023-02-19,0,0,10,0
"fifa_b","Lenovo FIFA","fifa_msi","msi","MSI FIFA",2023-02-26,0,0,10,0
"fifa_b","Lenovo FIFA","fifa_msi","msi","MSI FIFA",2023-03-05,0,0,10,0
"fifa_b","Lenovo FIFA","fifa_msi","msi","MSI FIFA",2023-03-12,0,0,10,0
"fifa_b","Lenovo FIFA","fifa_msi","msi","MSI FIFA",2023-03-19,0,0,10,0
"fifa_b","Lenovo FIFA","fifa_msi","msi","MSI FIFA",2023-03-26,0,0,10,0
"fifa_b","Lenovo FIFA","fifa_msi","msi","MSI FIFA",2023-04-02,0,0,10,0
"fifa_b","Lenovo FIFA","fifa_msi","msi","MSI FIFA",2023-04-09,0,0,10,0
"fifa_b","Lenovo FIFA","fifa_msi","msi","MSI FIFA",2023-04-16,0,0,10,0
"fifa_b","Lenovo FIFA","fifa_msi","msi","MSI FIFA",2023-04-23,0,0,10,0
"fifa_b","Lenovo FIFA","fifa_msi","msi","MSI FIFA",2023-04-30,0,0,10,0
"fifa_b","Lenovo FIFA","fifa_msi","msi","MSI FIFA",2023-05-07,0,0,10,0
"fifa_b","Lenovo FIFA","fifa_msi","msi","MSI FIFA",2023-05-14,0,0,10,0
"fifa_b","Lenovo FIFA","fifa_msi","msi","MSI FIFA",2023-05-21,0,0,10,0
"fifa_b","Lenovo FIFA","fifa_msi","msi","MSI FIFA",2023-05-28,0,0,10,0
"fifa_b","Lenovo FIFA","fifa_msi","msi","MSI FIFA",2023-06-04,0,0,10,0
"fifa_b","Lenovo FIFA","fifa_msi","msi","MSI FIFA",2023-06-11,0,0,10,0
"fifa_b","Lenovo FIFA","fifa_msi","msi","MSI FIFA",2023-06-18,0,0,10,0
"fifa_b","Lenovo FIFA","fifa_msi","msi","MSI FIFA",2023-06-25,0,0,10,0
"fifa_b","Lenovo FIFA","fifa_msi","msi","MSI FIFA",2023-07-02,0,0,10,0
"fifa_b","Lenovo FIFA","fifa_msi","msi","MSI FIFA",2023-07-09,0,0,10,0
"fifa_b","Lenovo FIFA","fifa_msi","msi","MSI FIFA",2023-07-16,0,0,10,0
"fifa_b","Lenovo FIFA","fifa_msi","msi","MSI FIFA",2023-07-23,0,0,10,0
"fifa_b","Lenovo FIFA","fifa_msi","msi","MSI FIFA",2023-07-30,0,0,10,0
"fifa_b","Lenovo FIFA","fifa_msi","msi","MSI FIFA",2023-08-06,0,0,10,0
"fifa_b","Lenovo FIFA","fifa_msi","msi","MSI FIFA",2023-08-13,0,0,10,0
"fifa_b","Lenovo FIFA","fifa_msi","msi","MSI FIFA",2023-08-20,0,0,10,0
"fifa_b","Lenovo FIFA","fifa_msi","msi","MSI FIFA",2023-08-27,0,0,10,0
"fifa_b","Lenovo FIFA","fifa_msi","msi","MSI FIFA",2023-09-03,0,0,10,0
"fifa_b","Lenovo FIFA","fifa_msi","msi","MSI FIFA",2023-09-10,0,0,10,0
"fifa_b","Lenovo FIFA","fifa_msi","msi","MSI FIFA",2023-09-17,0,0,10,0
"fifa_b","Lenovo FIFA","fifa_msi","msi","MSI FIFA",2023-09-24,0,0,10,0
"fifa_b","Lenovo FIFA","fifa_msi","msi","MSI FIFA",2023-10-01,0,0,10,0
"fifa_b","Lenovo FIFA","fifa_msi","msi","MSI FIFA",2023-10-08,0,0,10,0
"fifa_b","Lenovo FIFA","fifa_msi","msi","MSI FIFA",2023-10-15,0,0,10,10
"fifa_b","Lenovo FIFA","fifa_msi","msi","MSI FIFA",2023-10-22,0,0,10,0
"fifa_b","Lenovo FIFA","fifa_msi","msi","MSI FIFA",2023-10-29,0,0,10,0
"fifa_b","Lenovo FIFA","fifa_msi","msi","MSI FIFA",2023-11-05,0,0,10,0
"fifa_b","Lenovo FIFA","fifa_msi","msi","MSI FIFA",2023-11-12,0,0,10,0
"fifa_b","Lenovo FIFA","fifa_msi","msi","MSI FIFA",2023-11-19,0,0,10,0
"fifa_b","Lenovo FIFA","fifa_msi","msi","MSI FIFA",2023-11-26,0,0,10,0
"fifa_b","Lenovo FIFA","fifa_msi","msi","MSI FIFA",2023-12-03,0,0,10,0
"fifa_b","Lenovo FIFA","fifa_msi","msi","MSI FIFA",2023-12-10,0,0,10,10
"fifa_b","Lenovo FIFA","fifa_msi","msi","MSI FIFA",2023-12-17,0,0,10,0
"fifa_b","Lenovo FIFA","fifa_msi","msi","MSI FIFA",2023-12-24,0,0,10,0
"fifa_b","Lenovo FIFA","fifa_msi","msi","MSI FIFA",2023-12-31,0,0,10,0
"fifa_b","Lenovo FIFA","fifa_msi","msi","MSI FIFA",2024-01-07,0,0,10,10
"fifa_b","Lenovo FIFA","fifa_msi","msi","MSI FIFA",2024-01-14,0,0,10,0
"fifa_b","Lenovo FIFA","fifa_msi","msi","MSI FIFA",2024-01-21,0,0,10,0
"fifa_b","Lenovo FIFA","fifa_msi","msi","MSI FIFA",2024-01-28,0,0,10,10
"fifa_b","Lenovo FIFA","fifa_msi","msi","MSI FIFA",2024-02-04,0,0,10,0
"fifa_b","Lenovo FIFA","fifa_msi","msi","MSI FIFA",2024-02-11,0,0,10,0
"fifa_b","Lenovo FIFA","fifa_msi","msi","MSI FIFA",2024-02-18,0,0,10,10
"fifa_b","Lenovo FIFA","fifa_msi","msi","MSI FIFA",2024-02-25,0,0,10,0
"fifa_b","Lenovo FIFA","fifa_msi","msi","MSI FIFA",2024-03-03,0,0,10,0
"fifa_b","Lenovo FIFA","fifa_msi","msi","MSI FIFA",2024-03-10,0,0,10,0
"fifa_b","Lenovo FIFA","fifa_msi","msi","MSI FIFA",2024-03-17,0,0,10,10
"fifa_b","Lenovo FIFA","fifa_msi","msi","MSI FIFA",2024-03-24,0,0,10,10
"fifa_b","Lenovo FIFA","fifa_msi","msi","MSI FIFA",2024-03-31,0,0,10,10
"fifa_b","Lenovo FIFA","fifa_msi","msi","MSI FIFA",2024-04-07,0,0,10,10
"fifa_b","Lenovo FIFA","fifa_msi","msi","MSI FIFA",2024-04-14,0,0,10,0
"fifa_b","Lenovo FIFA","fifa_msi","msi","MSI FIFA",2024-04-21,0,0,10,10
"fifa_b","Lenovo FIFA","fifa_msi","msi","MSI FIFA",2024-04-28,0,0,10,10
"fifa_b","Lenovo FIFA","fifa_msi","msi","MSI FIFA",2024-05-05,0,0,10,0
"fifa_b","Lenovo FIFA","fifa_msi","msi","MSI FIFA",2024-05-12,0,0,10,0
"fifa_b","Lenovo FIFA","fifa_msi","msi","MSI FIFA",2024-05-19,0,0,10,10
"fifa_b","Lenovo FIFA","fifa_msi","msi","MSI FIFA",2024-05-26,0,0,10,0
"fifa_b","Lenovo FIFA","fifa_msi","msi","MSI FIFA",2024-06-02,0,0,10,0
"fifa_b","Lenovo FIFA","fifa_msi","msi","MSI FIFA",2024-06-09,0,0,10,10
"fifa_b","Lenovo FIFA","fifa_msi","msi","MSI FIFA",2024-06-16,0,0,10,10
"fifa_b","Lenovo FIFA","fifa_msi","msi","MSI FIFA",2024-06-23,0,0,10,10
"fifa_b","Lenovo FIFA","fifa_msi","msi","MSI FIFA",2024-06-30,0,0,10,0
"fifa_b","Lenovo FIFA","fifa_msi","msi","MSI FIFA",2024-07-07,0,0,10,0
"fifa_b","Lenovo FIFA","fifa_msi","msi","MSI FIFA",2024-07-14,0,0,10,0
"fifa_b","Lenovo FIFA","fifa_msi","msi","MSI FIFA",2024-07-21,0,0,10,0
"fifa_b","Lenovo FIFA","fifa_msi","msi","MSI FIFA",2024-07-28,0,0,10,10
"fifa_b","Lenovo FIFA","fifa_msi","msi","MSI FIFA",2024-08-04,0,0,10,10
"fifa_b","Lenovo FIFA","fifa_msi","msi","MSI FIFA",2024-08-11,0,0,10,0
"fifa_b","Lenovo FIFA","fifa_msi","msi","MSI FIFA",2024-08-18,0,0,10,10
"fifa_b","Lenovo FIFA","fifa_msi","msi","MSI FIFA",2024-08-25,0,0,10,10
"fifa_b","Lenovo FIFA","fifa_msi","msi","MSI FIFA",2024-09-01,0,0,10,10
"fifa_b","Lenovo FIFA","fifa_msi","msi","MSI FIFA",2024-09-08,0,0,10,0
"fifa_b","Lenovo FIFA","fifa_msi","msi","MSI FIFA",2024-09-15,0,0,10,10
"fifa_b","Lenovo FIFA","fifa_msi","msi","MSI FIFA",2024-09-22,0,0,10,0
"fifa_b","Lenovo FIFA","fifa_msi","msi","MSI FIFA",2024-09-29,0,0,10,0
"fifa_b","Lenovo FIFA","fifa_msi","msi","MSI FIFA",2024-10-06,0,0,10,0
"fifa_b","Lenovo FIFA","fifa_msi","msi","MSI FIFA",2024-10-13,0,0,10,0
"fifa_b","Lenovo FIFA","fifa_msi","msi","MSI FIFA",2024-10-20,0,0,10,10
"fifa_b","Lenovo FIFA","fifa_msi","msi","MSI FIFA",2024-10-27,0,0,10,0
"fifa_b","Lenovo FIFA","fifa_msi","msi","MSI FIFA",2024-11-03,0,0,10,0
"fifa_b","Lenovo FIFA","fifa_msi","msi","MSI FIFA",2024-11-10,0,0,10,10
"fifa_b","Lenovo FIFA","fifa_msi","msi","MSI FIFA",2024-11-17,0,0,10,0
"fifa_b","Lenovo FIFA","fifa_msi","msi","MSI FIFA",2024-11-24,0,0,10,10
"fifa_b","Lenovo FIFA","fifa_msi","msi","MSI FIFA",2024-12-01,0,0,10,10
"fifa_b","Lenovo FIFA","fifa_msi","msi","MSI FIFA",2024-12-08,0,0,10,10
"fifa_b","Lenovo FIFA","fifa_msi","msi","MSI FIFA",2024-12-15,0,0,10,10
"fifa_b","Lenovo FIFA","fifa_msi","msi","MSI FIFA",2024-12-22,0,0,10,0
"fifa_b","Lenovo FIFA","fifa_msi","msi","MSI FIFA",2024-12-29,0,0,10,10
"fifa_b","Lenovo FIFA","fifa_msi","msi","MSI FIFA",2025-01-05,0,0,10,10
"fifa_b","Lenovo FIFA","fifa_msi","msi","MSI FIFA",2025-01-12,0,0,10,10
"fifa_b","Lenovo FIFA","fifa_msi","msi","MSI FIFA",2025-01-19,0,0,10,0
"fifa_b","Lenovo FIFA","fifa_msi","msi","MSI FIFA",2025-01-26,0,0,10,10
"fifa_b","Lenovo FIFA","fifa_msi","msi","MSI FIFA",2025-02-02,0,0,10,0
"fifa_b","Lenovo FIFA","fifa_msi","msi","MSI FIFA",2025-02-09,0,0,10,10
"fifa_b","Lenovo FIFA","fifa_msi","msi","MSI FIFA",2025-02-16,0,0,10,10
"fifa_b","Lenovo FIFA","fifa_msi","msi","MSI FIFA",2025-02-23,0,0,10,10
"fifa_b","Lenovo FIFA","fifa_msi","msi","MSI FIFA",2025-03-02,0,0,10,10
"fifa_b","Lenovo FIFA","fifa_msi","msi","MSI FIFA",2025-03-09,0,0,10,0
"fifa_b","Lenovo FIFA","fifa_msi","msi","MSI FIFA",2025-03-16,0,0,10,10
"fifa_b","Lenovo FIFA","fifa_msi","msi","MSI FIFA",2025-03-23,0,0,10,0
"fifa_b","Lenovo FIFA","fifa_msi","msi","MSI FIFA",2025-03-30,0,0,10,0
"fifa_b","Lenovo FIFA","fifa_msi","msi","MSI FIFA",2025-04-06,0,0,10,10
"fifa_b","Lenovo FIFA","fifa_msi","msi","MSI FIFA",2025-04-13,0,0,10,10
"fifa_b","Lenovo FIFA","fifa_msi","msi","MSI FIFA",2025-04-20,0,0,10,10
"fifa_b","Lenovo FIFA","fifa_msi","msi","MSI FIFA",2025-04-27,0,0,10,10
"fifa_b","Lenovo FIFA","fifa_msi","msi","MSI FIFA",2025-05-04,0,0,10,10
"fifa_b","Lenovo FIFA","fifa_msi","msi","MSI FIFA",2025-05-11,0,0,10,10
"fifa_b","Lenovo FIFA","fifa_msi","msi","MSI FIFA",2025-05-18,0,0,10,10
"fifa_b","Lenovo FIFA","fifa_msi","msi","MSI FIFA",2025-05-25,0,0,10,10
"fifa_b","Lenovo FIFA","fifa_msi","msi","MSI FIFA",2025-06-01,0,0,10,10
"fifa_b","Lenovo FIFA","fifa_msi","msi","MSI FIFA",2025-06-08,0,0,10,0
"fifa_b","Lenovo FIFA","fifa_msi","msi","MSI FIFA",2025-06-15,0,0,10,0
"fifa_b","Lenovo FIFA","fifa_msi","msi","MSI FIFA",2025-06-22,0,0,10,0
"fifa_b","Lenovo FIFA","fifa_msi","msi","MSI FIFA",2025-06-29,0,0,10,0
"fifa_b","Lenovo FIFA","fifa_msi","msi","MSI FIFA",2025-07-06,0,0,10,0
"fifa_b","Lenovo FIFA","fifa_msi","msi","MSI FIFA",2025-07-13,0,0,10,0
"fifa_b","Lenovo FIFA","fifa_msi","msi","MSI FIFA",2025-07-20,0,0,10,0
"fifa_b","Lenovo FIFA","fifa_msi","msi","MSI FIFA",2025-07-27,0,0,10,0
"fifa_b","Lenovo FIFA","fifa_msi","msi","MSI FIFA",2025-08-03,0,0,10,0
"fifa_b","Lenovo FIFA","fifa_msi","msi","MSI FIFA",2025-08-10,0,0,10,0
"fifa_b","Lenovo FIFA","fifa_msi","msi","MSI FIFA",2025-08-17,0,0,10,0
"fifa_b","Lenovo FIFA","fifa_msi","msi","MSI FIFA",2025-08-24,0,0,10,0
"fifa_b","Lenovo FIFA","fifa_msi","msi","MSI FIFA",2025-08-31,4.639175257731959,0,10,0
"fifa_b","Lenovo FIFA","fifa_msi","msi","MSI FIFA",2025-09-07,4.639175257731959,0,10,0
"fifa_b","Lenovo FIFA","fifa_msi","msi","MSI FIFA",2025-09-14,0,0,10,0
"fifa_b","Lenovo FIFA","fifa_msi","msi","MSI FIFA",2025-09-21,0,0,10,0
"fifa_b","Lenovo FIFA","fifa_msi","msi","MSI FIFA",2025-09-28,0,0,10,0
"fifa_b","Lenovo FIFA","fifa_msi","msi","MSI FIFA",2025-10-05,0,0,10,0
"fifa_b","Lenovo FIFA","fifa_msi","msi","MSI FIFA",2025-10-12,0,0,10,0
"fifa_b","Lenovo FIFA","fifa_msi","msi","MSI FIFA",2025-10-19,0,0,10,0
"fifa_b","Lenovo FIFA","fifa_msi","msi","MSI FIFA",2025-10-26,0,0,10,0
"fifa_b","Lenovo FIFA","fifa_msi","msi","MSI FIFA",2025-11-02,0,0,10,0
"fifa_b","Lenovo FIFA","fifa_msi","msi","MSI FIFA",2025-11-09,0,0,10,0
"fifa_b","Lenovo FIFA","fifa_msi","msi","MSI FIFA",2025-11-16,4.639175257731959,0,10,0
"fifa_b","Lenovo FIFA","fifa_msi","msi","MSI FIFA",2025-11-23,0,0,10,0
"fifa_b","Lenovo FIFA","fifa_msi","msi","MSI FIFA",2025-11-30,4.639175257731959,0,10,0
"fifa_b","Lenovo FIFA","fifa_msi","msi","MSI FIFA",2025-12-07,4.639175257731959,0,10,0
"fifa_b","Lenovo FIFA","fifa_msi","msi","MSI FIFA",2025-12-14,0,0,10,0
"fifa_b","Lenovo FIFA","fifa_msi","msi","MSI FIFA",2025-12-21,0,0,10,0
"fifa_b","Lenovo FIFA","fifa_msi","msi","MSI FIFA",2025-12-28,0,0,10,0
"fifa_b","Lenovo FIFA","fifa_msi","msi","MSI FIFA",2026-01-04,0,0,10,0
"fifa_b","Lenovo FIFA","fifa_msi","msi","MSI FIFA",2026-01-11,0,0,10,0
"fifa_b","Lenovo FIFA","fifa_msi","msi","MSI FIFA",2026-01-18,0,0,10,0
"fifa_b","Lenovo FIFA","fifa_msi","msi","MSI FIFA",2026-01-25,0,0,10,0
"fifa_b","Lenovo FIFA","fifa_msi","msi","MSI FIFA",2026-02-01,0,0,10,0
"fifa_b","Lenovo FIFA","fifa_msi","msi","MSI FIFA",2026-02-08,0,0,10,0
"fifa_b","Lenovo FIFA","fifa_msi","msi","MSI FIFA",2026-02-15,0,0,10,0
"fifa_b","Lenovo FIFA","fifa_msi","msi","MSI FIFA",2026-02-22,0,0,10,0
"fifa_b","Lenovo FIFA","fifa_msi","msi","MSI FIFA",2026-03-01,0,0,10,0
"fifa_b","Lenovo FIFA","fifa_msi","msi","MSI FIFA",2026-03-08,0,0,10,0
"fifa_b","Lenovo FIFA","fifa_msi","msi","MSI FIFA",2026-03-15,0,0,10,0
"fifa_b","Lenovo FIFA","fifa_msi","msi","MSI FIFA",2026-03-22,0,0,10,0
"fifa_b","Lenovo FIFA","fifa_msi","msi","MSI FIFA",2026-03-29,4.639175257731959,0,10,0
"fifa_b","Lenovo FIFA","fifa_msi","msi","MSI FIFA",2026-04-05,0,0,10,0
"fifa_b","Lenovo FIFA","fifa_msi","msi","MSI FIFA",2026-04-12,0,0,10,0
"fifa_b","Lenovo FIFA","fifa_msi","msi","MSI FIFA",2026-04-19,0,0,10,0
"fifa_b","Lenovo FIFA","fifa_msi","msi","MSI FIFA",2026-04-26,0,0,10,0
"fifa_b","Lenovo FIFA","fifa_msi","msi","MSI FIFA",2026-05-03,0,0,10,0
"fifa_b","Lenovo FIFA","fifa_msi","msi","MSI FIFA",2026-05-10,0,0,10,0
"fifa_b","Lenovo FIFA","fifa_msi","msi","MSI FIFA",2026-05-17,4.639175257731959,0,10,0
"fifa_b","Lenovo FIFA","fifa_msi","msi","MSI FIFA",2026-05-24,4.639175257731959,0,10,0
"fifa_b","Lenovo FIFA","fifa_msi","msi","MSI FIFA",2026-05-31,4.639175257731959,0,10,0
"fifa_b","Lenovo FIFA","fifa_msi","msi","MSI FIFA",2026-06-07,23.195876288659797,0,10,0
"fifa_b","Lenovo FIFA","fifa_msi","msi","MSI FIFA",2026-06-14,23.195876288659797,0,10,0
"fifa_b","Lenovo FIFA","fifa_msi","msi","MSI FIFA",2026-06-21,23.195876288659797,0,10,0
"fifa_b","Lenovo FIFA","fifa_msi","msi","MSI FIFA",2026-06-28,37.11340206185567,0,10,0
"fifa_b","Lenovo FIFA","fifa_msi","msi","MSI FIFA",2026-07-05,32.47422680412372,0,10,0
"fifa_b","Lenovo FIFA","fifa_msi","msi","MSI FIFA",2026-07-12,18.556701030927837,0,10,0
"fifa_b","Lenovo FIFA","fifa_msi","msi","MSI FIFA",2026-07-19,9.278350515463918,0,10,0
"fifa_b","Lenovo FIFA","fifa_msi","msi","MSI FIFA",2026-07-26,0,0,10,0
"fifa_b","Lenovo FIFA","fifa_msi","msi","MSI FIFA",2026-08-02,0,0,10,0
"fifa_b","Lenovo FIFA","fifa_msi","msi","MSI FIFA",2026-08-09,0,0,10,0
"fifa_b","Lenovo FIFA","fifa_msi","msi","MSI FIFA",2026-08-16,0,0,10,0
"fifa_b","Lenovo FIFA","fifa_msi","msi","MSI FIFA",2026-08-23,0,0,10,0
"fifa_b","Lenovo FIFA","fifa_msi","msi","MSI FIFA",2026-08-30,0,0,10,0
"fifa_b","Lenovo FIFA","fifa_msi","msi","MSI FIFA",2026-09-06,0,0,10,0
"fifa_b","Lenovo FIFA","fifa_msi","msi","MSI FIFA",2026-09-13,0,0,10,0
"fifa_b","Lenovo FIFA","fifa_msi","msi","MSI FIFA",2026-09-20,0,0,10,0
"fifa_b","Lenovo FIFA","fifa_msi","msi","MSI FIFA",2026-09-27,0,0,10,0
"fifa_b","Lenovo FIFA","fifa_razer","razer","Razer FIFA",2021-12-26,0,0,10,0
"fifa_b","Lenovo FIFA","fifa_razer","razer","Razer FIFA",2022-01-02,0,0,10,0
"fifa_b","Lenovo FIFA","fifa_razer","razer","Razer FIFA",2022-01-09,0,0,10,0
"fifa_b","Lenovo FIFA","fifa_razer","razer","Razer FIFA",2022-01-16,0,0,10,10
"fifa_b","Lenovo FIFA","fifa_razer","razer","Razer FIFA",2022-01-23,0,0,10,0
"fifa_b","Lenovo FIFA","fifa_razer","razer","Razer FIFA",2022-01-30,0,0,10,10
"fifa_b","Lenovo FIFA","fifa_razer","razer","Razer FIFA",2022-02-06,0,0,10,0
"fifa_b","Lenovo FIFA","fifa_razer","razer","Razer FIFA",2022-02-13,0,0,10,10
"fifa_b","Lenovo FIFA","fifa_razer","razer","Razer FIFA",2022-02-20,0,0,10,0
"fifa_b","Lenovo FIFA","fifa_razer","razer","Razer FIFA",2022-02-27,0,0,10,0
"fifa_b","Lenovo FIFA","fifa_razer","razer","Razer FIFA",2022-03-06,0,0,10,10
"fifa_b","Lenovo FIFA","fifa_razer","razer","Razer FIFA",2022-03-13,0,0,10,0
"fifa_b","Lenovo FIFA","fifa_razer","razer","Razer FIFA",2022-03-20,0,0,10,0
"fifa_b","Lenovo FIFA","fifa_razer","razer","Razer FIFA",2022-03-27,0,0,10,0
"fifa_b","Lenovo FIFA","fifa_razer","razer","Razer FIFA",2022-04-03,0,0,10,0
"fifa_b","Lenovo FIFA","fifa_razer","razer","Razer FIFA",2022-04-10,0,0,10,0
"fifa_b","Lenovo FIFA","fifa_razer","razer","Razer FIFA",2022-04-17,0,0,10,10
"fifa_b","Lenovo FIFA","fifa_razer","razer","Razer FIFA",2022-04-24,0,0,10,0
"fifa_b","Lenovo FIFA","fifa_razer","razer","Razer FIFA",2022-05-01,0,0,10,0
"fifa_b","Lenovo FIFA","fifa_razer","razer","Razer FIFA",2022-05-08,0,0,10,0
"fifa_b","Lenovo FIFA","fifa_razer","razer","Razer FIFA",2022-05-15,0,0,10,10
"fifa_b","Lenovo FIFA","fifa_razer","razer","Razer FIFA",2022-05-22,0,0,10,0
"fifa_b","Lenovo FIFA","fifa_razer","razer","Razer FIFA",2022-05-29,0,0,10,0
"fifa_b","Lenovo FIFA","fifa_razer","razer","Razer FIFA",2022-06-05,0,0,10,10
"fifa_b","Lenovo FIFA","fifa_razer","razer","Razer FIFA",2022-06-12,0,0,10,10
"fifa_b","Lenovo FIFA","fifa_razer","razer","Razer FIFA",2022-06-19,0,0,10,10
"fifa_b","Lenovo FIFA","fifa_razer","razer","Razer FIFA",2022-06-26,0,0,10,0
"fifa_b","Lenovo FIFA","fifa_razer","razer","Razer FIFA",2022-07-03,0,0,10,0
"fifa_b","Lenovo FIFA","fifa_razer","razer","Razer FIFA",2022-07-10,0,0,10,10
"fifa_b","Lenovo FIFA","fifa_razer","razer","Razer FIFA",2022-07-17,0,0,10,0
"fifa_b","Lenovo FIFA","fifa_razer","razer","Razer FIFA",2022-07-24,0,0,10,0
"fifa_b","Lenovo FIFA","fifa_razer","razer","Razer FIFA",2022-07-31,0,0,10,10
"fifa_b","Lenovo FIFA","fifa_razer","razer","Razer FIFA",2022-08-07,0,0,10,0
"fifa_b","Lenovo FIFA","fifa_razer","razer","Razer FIFA",2022-08-14,0,0,10,0
"fifa_b","Lenovo FIFA","fifa_razer","razer","Razer FIFA",2022-08-21,0,0,10,0
"fifa_b","Lenovo FIFA","fifa_razer","razer","Razer FIFA",2022-08-28,0,0,10,10
"fifa_b","Lenovo FIFA","fifa_razer","razer","Razer FIFA",2022-09-04,0,0,10,10
"fifa_b","Lenovo FIFA","fifa_razer","razer","Razer FIFA",2022-09-11,0,0,10,0
"fifa_b","Lenovo FIFA","fifa_razer","razer","Razer FIFA",2022-09-18,0,0,10,0
"fifa_b","Lenovo FIFA","fifa_razer","razer","Razer FIFA",2022-09-25,0,0,10,0
"fifa_b","Lenovo FIFA","fifa_razer","razer","Razer FIFA",2022-10-02,0,0,10,0
"fifa_b","Lenovo FIFA","fifa_razer","razer","Razer FIFA",2022-10-09,0,0,10,0
"fifa_b","Lenovo FIFA","fifa_razer","razer","Razer FIFA",2022-10-16,0,0,10,0
"fifa_b","Lenovo FIFA","fifa_razer","razer","Razer FIFA",2022-10-23,0,0,10,0
"fifa_b","Lenovo FIFA","fifa_razer","razer","Razer FIFA",2022-10-30,0,0,10,0
"fifa_b","Lenovo FIFA","fifa_razer","razer","Razer FIFA",2022-11-06,0,0,10,0
"fifa_b","Lenovo FIFA","fifa_razer","razer","Razer FIFA",2022-11-13,0,0,10,0
"fifa_b","Lenovo FIFA","fifa_razer","razer","Razer FIFA",2022-11-20,0,0,10,0
"fifa_b","Lenovo FIFA","fifa_razer","razer","Razer FIFA",2022-11-27,0,0,10,0
"fifa_b","Lenovo FIFA","fifa_razer","razer","Razer FIFA",2022-12-04,0,0,10,0
"fifa_b","Lenovo FIFA","fifa_razer","razer","Razer FIFA",2022-12-11,0,0,10,0
"fifa_b","Lenovo FIFA","fifa_razer","razer","Razer FIFA",2022-12-18,0,0,10,0
"fifa_b","Lenovo FIFA","fifa_razer","razer","Razer FIFA",2022-12-25,0,0,10,0
"fifa_b","Lenovo FIFA","fifa_razer","razer","Razer FIFA",2023-01-01,0,0,10,0
"fifa_b","Lenovo FIFA","fifa_razer","razer","Razer FIFA",2023-01-08,0,0,10,0
"fifa_b","Lenovo FIFA","fifa_razer","razer","Razer FIFA",2023-01-15,0,0,10,0
"fifa_b","Lenovo FIFA","fifa_razer","razer","Razer FIFA",2023-01-22,0,0,10,0
"fifa_b","Lenovo FIFA","fifa_razer","razer","Razer FIFA",2023-01-29,0,0,10,0
"fifa_b","Lenovo FIFA","fifa_razer","razer","Razer FIFA",2023-02-05,0,0,10,0
"fifa_b","Lenovo FIFA","fifa_razer","razer","Razer FIFA",2023-02-12,0,0,10,0
"fifa_b","Lenovo FIFA","fifa_razer","razer","Razer FIFA",2023-02-19,0,0,10,0
"fifa_b","Lenovo FIFA","fifa_razer","razer","Razer FIFA",2023-02-26,0,0,10,10
"fifa_b","Lenovo FIFA","fifa_razer","razer","Razer FIFA",2023-03-05,0,0,10,10
"fifa_b","Lenovo FIFA","fifa_razer","razer","Razer FIFA",2023-03-12,0,0,10,0
"fifa_b","Lenovo FIFA","fifa_razer","razer","Razer FIFA",2023-03-19,0,0,10,0
"fifa_b","Lenovo FIFA","fifa_razer","razer","Razer FIFA",2023-03-26,0,0,10,10
"fifa_b","Lenovo FIFA","fifa_razer","razer","Razer FIFA",2023-04-02,0,0,10,0
"fifa_b","Lenovo FIFA","fifa_razer","razer","Razer FIFA",2023-04-09,0,0,10,10
"fifa_b","Lenovo FIFA","fifa_razer","razer","Razer FIFA",2023-04-16,0,0,10,10
"fifa_b","Lenovo FIFA","fifa_razer","razer","Razer FIFA",2023-04-23,0,0,10,10
"fifa_b","Lenovo FIFA","fifa_razer","razer","Razer FIFA",2023-04-30,0,0,10,10
"fifa_b","Lenovo FIFA","fifa_razer","razer","Razer FIFA",2023-05-07,0,0,10,0
"fifa_b","Lenovo FIFA","fifa_razer","razer","Razer FIFA",2023-05-14,0,0,10,0
"fifa_b","Lenovo FIFA","fifa_razer","razer","Razer FIFA",2023-05-21,0,0,10,10
"fifa_b","Lenovo FIFA","fifa_razer","razer","Razer FIFA",2023-05-28,0,0,10,0
"fifa_b","Lenovo FIFA","fifa_razer","razer","Razer FIFA",2023-06-04,0,0,10,10
"fifa_b","Lenovo FIFA","fifa_razer","razer","Razer FIFA",2023-06-11,0,0,10,0
"fifa_b","Lenovo FIFA","fifa_razer","razer","Razer FIFA",2023-06-18,0,0,10,10
"fifa_b","Lenovo FIFA","fifa_razer","razer","Razer FIFA",2023-06-25,0,0,10,0
"fifa_b","Lenovo FIFA","fifa_razer","razer","Razer FIFA",2023-07-02,0,0,10,0
"fifa_b","Lenovo FIFA","fifa_razer","razer","Razer FIFA",2023-07-09,0,0,10,0
"fifa_b","Lenovo FIFA","fifa_razer","razer","Razer FIFA",2023-07-16,0,0,10,10
"fifa_b","Lenovo FIFA","fifa_razer","razer","Razer FIFA",2023-07-23,0,0,10,0
"fifa_b","Lenovo FIFA","fifa_razer","razer","Razer FIFA",2023-07-30,0,0,10,0
"fifa_b","Lenovo FIFA","fifa_razer","razer","Razer FIFA",2023-08-06,0,0,10,10
"fifa_b","Lenovo FIFA","fifa_razer","razer","Razer FIFA",2023-08-13,0,0,10,10
"fifa_b","Lenovo FIFA","fifa_razer","razer","Razer FIFA",2023-08-20,0,0,10,10
"fifa_b","Lenovo FIFA","fifa_razer","razer","Razer FIFA",2023-08-27,0,0,10,0
"fifa_b","Lenovo FIFA","fifa_razer","razer","Razer FIFA",2023-09-03,0,0,10,0
"fifa_b","Lenovo FIFA","fifa_razer","razer","Razer FIFA",2023-09-10,0,0,10,10
"fifa_b","Lenovo FIFA","fifa_razer","razer","Razer FIFA",2023-09-17,0,0,10,0
"fifa_b","Lenovo FIFA","fifa_razer","razer","Razer FIFA",2023-09-24,0,0,10,0
"fifa_b","Lenovo FIFA","fifa_razer","razer","Razer FIFA",2023-10-01,0,0,10,10
"fifa_b","Lenovo FIFA","fifa_razer","razer","Razer FIFA",2023-10-08,0,0,10,10
"fifa_b","Lenovo FIFA","fifa_razer","razer","Razer FIFA",2023-10-15,0,0,10,10
"fifa_b","Lenovo FIFA","fifa_razer","razer","Razer FIFA",2023-10-22,0,0,10,10
"fifa_b","Lenovo FIFA","fifa_razer","razer","Razer FIFA",2023-10-29,0,0,10,0
"fifa_b","Lenovo FIFA","fifa_razer","razer","Razer FIFA",2023-11-05,0,0,10,10
"fifa_b","Lenovo FIFA","fifa_razer","razer","Razer FIFA",2023-11-12,0,0,10,10
"fifa_b","Lenovo FIFA","fifa_razer","razer","Razer FIFA",2023-11-19,0,0,10,10
"fifa_b","Lenovo FIFA","fifa_razer","razer","Razer FIFA",2023-11-26,0,0,10,10
"fifa_b","Lenovo FIFA","fifa_razer","razer","Razer FIFA",2023-12-03,0,0,10,10
"fifa_b","Lenovo FIFA","fifa_razer","razer","Razer FIFA",2023-12-10,0,0,10,0
"fifa_b","Lenovo FIFA","fifa_razer","razer","Razer FIFA",2023-12-17,0,0,10,0
"fifa_b","Lenovo FIFA","fifa_razer","razer","Razer FIFA",2023-12-24,0,0,10,10
"fifa_b","Lenovo FIFA","fifa_razer","razer","Razer FIFA",2023-12-31,0,0,10,10
"fifa_b","Lenovo FIFA","fifa_razer","razer","Razer FIFA",2024-01-07,0,0,10,10
"fifa_b","Lenovo FIFA","fifa_razer","razer","Razer FIFA",2024-01-14,0,0,10,10
"fifa_b","Lenovo FIFA","fifa_razer","razer","Razer FIFA",2024-01-21,0,0,10,10
"fifa_b","Lenovo FIFA","fifa_razer","razer","Razer FIFA",2024-01-28,0,0,10,10
"fifa_b","Lenovo FIFA","fifa_razer","razer","Razer FIFA",2024-02-04,0,0,10,10
"fifa_b","Lenovo FIFA","fifa_razer","razer","Razer FIFA",2024-02-11,0,0,10,10
"fifa_b","Lenovo FIFA","fifa_razer","razer","Razer FIFA",2024-02-18,0,0,10,10
"fifa_b","Lenovo FIFA","fifa_razer","razer","Razer FIFA",2024-02-25,0,0,10,10
"fifa_b","Lenovo FIFA","fifa_razer","razer","Razer FIFA",2024-03-03,0,0,10,10
"fifa_b","Lenovo FIFA","fifa_razer","razer","Razer FIFA",2024-03-10,0,0,10,10
"fifa_b","Lenovo FIFA","fifa_razer","razer","Razer FIFA",2024-03-17,0,0,10,10
"fifa_b","Lenovo FIFA","fifa_razer","razer","Razer FIFA",2024-03-24,0,0,10,10
"fifa_b","Lenovo FIFA","fifa_razer","razer","Razer FIFA",2024-03-31,0,0,10,10
"fifa_b","Lenovo FIFA","fifa_razer","razer","Razer FIFA",2024-04-07,0,0,10,10
"fifa_b","Lenovo FIFA","fifa_razer","razer","Razer FIFA",2024-04-14,0,0,10,10
"fifa_b","Lenovo FIFA","fifa_razer","razer","Razer FIFA",2024-04-21,0,0,10,10
"fifa_b","Lenovo FIFA","fifa_razer","razer","Razer FIFA",2024-04-28,0,0,10,10
"fifa_b","Lenovo FIFA","fifa_razer","razer","Razer FIFA",2024-05-05,0,0,10,10
"fifa_b","Lenovo FIFA","fifa_razer","razer","Razer FIFA",2024-05-12,0,0,10,10
"fifa_b","Lenovo FIFA","fifa_razer","razer","Razer FIFA",2024-05-19,0,0,10,10
"fifa_b","Lenovo FIFA","fifa_razer","razer","Razer FIFA",2024-05-26,0,0,10,10
"fifa_b","Lenovo FIFA","fifa_razer","razer","Razer FIFA",2024-06-02,0,0,10,10
"fifa_b","Lenovo FIFA","fifa_razer","razer","Razer FIFA",2024-06-09,0,0,10,10
"fifa_b","Lenovo FIFA","fifa_razer","razer","Razer FIFA",2024-06-16,0,0,10,10
"fifa_b","Lenovo FIFA","fifa_razer","razer","Razer FIFA",2024-06-23,0,0,10,10
"fifa_b","Lenovo FIFA","fifa_razer","razer","Razer FIFA",2024-06-30,0,0,10,10
"fifa_b","Lenovo FIFA","fifa_razer","razer","Razer FIFA",2024-07-07,0,0,10,10
"fifa_b","Lenovo FIFA","fifa_razer","razer","Razer FIFA",2024-07-14,0,0,10,10
"fifa_b","Lenovo FIFA","fifa_razer","razer","Razer FIFA",2024-07-21,0,0,10,10
"fifa_b","Lenovo FIFA","fifa_razer","razer","Razer FIFA",2024-07-28,0,0,10,10
"fifa_b","Lenovo FIFA","fifa_razer","razer","Razer FIFA",2024-08-04,0,0,10,0
"fifa_b","Lenovo FIFA","fifa_razer","razer","Razer FIFA",2024-08-11,0,0,10,0
"fifa_b","Lenovo FIFA","fifa_razer","razer","Razer FIFA",2024-08-18,0,0,10,10
"fifa_b","Lenovo FIFA","fifa_razer","razer","Razer FIFA",2024-08-25,0,0,10,0
"fifa_b","Lenovo FIFA","fifa_razer","razer","Razer FIFA",2024-09-01,0,0,10,10
"fifa_b","Lenovo FIFA","fifa_razer","razer","Razer FIFA",2024-09-08,0,0,10,10
"fifa_b","Lenovo FIFA","fifa_razer","razer","Razer FIFA",2024-09-15,0,0,10,10
"fifa_b","Lenovo FIFA","fifa_razer","razer","Razer FIFA",2024-09-22,0,0,10,10
"fifa_b","Lenovo FIFA","fifa_razer","razer","Razer FIFA",2024-09-29,0,0,10,10
"fifa_b","Lenovo FIFA","fifa_razer","razer","Razer FIFA",2024-10-06,0,0,10,10
"fifa_b","Lenovo FIFA","fifa_razer","razer","Razer FIFA",2024-10-13,0,0,10,10
"fifa_b","Lenovo FIFA","fifa_razer","razer","Razer FIFA",2024-10-20,0,0,10,10
"fifa_b","Lenovo FIFA","fifa_razer","razer","Razer FIFA",2024-10-27,0,0,10,10
"fifa_b","Lenovo FIFA","fifa_razer","razer","Razer FIFA",2024-11-03,0,0,10,10
"fifa_b","Lenovo FIFA","fifa_razer","razer","Razer FIFA",2024-11-10,0,0,10,10
"fifa_b","Lenovo FIFA","fifa_razer","razer","Razer FIFA",2024-11-17,0,0,10,10
"fifa_b","Lenovo FIFA","fifa_razer","razer","Razer FIFA",2024-11-24,0,0,10,10
"fifa_b","Lenovo FIFA","fifa_razer","razer","Razer FIFA",2024-12-01,0,0,10,10
"fifa_b","Lenovo FIFA","fifa_razer","razer","Razer FIFA",2024-12-08,0,0,10,10
"fifa_b","Lenovo FIFA","fifa_razer","razer","Razer FIFA",2024-12-15,0,0,10,10
"fifa_b","Lenovo FIFA","fifa_razer","razer","Razer FIFA",2024-12-22,0,0,10,10
"fifa_b","Lenovo FIFA","fifa_razer","razer","Razer FIFA",2024-12-29,0,0,10,10
"fifa_b","Lenovo FIFA","fifa_razer","razer","Razer FIFA",2025-01-05,0,0,10,10
"fifa_b","Lenovo FIFA","fifa_razer","razer","Razer FIFA",2025-01-12,0,0,10,10
"fifa_b","Lenovo FIFA","fifa_razer","razer","Razer FIFA",2025-01-19,0,0,10,0
"fifa_b","Lenovo FIFA","fifa_razer","razer","Razer FIFA",2025-01-26,0,0,10,10
"fifa_b","Lenovo FIFA","fifa_razer","razer","Razer FIFA",2025-02-02,0,0,10,10
"fifa_b","Lenovo FIFA","fifa_razer","razer","Razer FIFA",2025-02-09,0,0,10,10
"fifa_b","Lenovo FIFA","fifa_razer","razer","Razer FIFA",2025-02-16,0,0,10,10
"fifa_b","Lenovo FIFA","fifa_razer","razer","Razer FIFA",2025-02-23,0,0,10,10
"fifa_b","Lenovo FIFA","fifa_razer","razer","Razer FIFA",2025-03-02,0,0,10,10
"fifa_b","Lenovo FIFA","fifa_razer","razer","Razer FIFA",2025-03-09,0,0,10,10
"fifa_b","Lenovo FIFA","fifa_razer","razer","Razer FIFA",2025-03-16,0,0,10,10
"fifa_b","Lenovo FIFA","fifa_razer","razer","Razer FIFA",2025-03-23,0,0,10,10
"fifa_b","Lenovo FIFA","fifa_razer","razer","Razer FIFA",2025-03-30,0,0,10,10
"fifa_b","Lenovo FIFA","fifa_razer","razer","Razer FIFA",2025-04-06,0,0,10,10
"fifa_b","Lenovo FIFA","fifa_razer","razer","Razer FIFA",2025-04-13,0,0,10,10
"fifa_b","Lenovo FIFA","fifa_razer","razer","Razer FIFA",2025-04-20,0,0,10,10
"fifa_b","Lenovo FIFA","fifa_razer","razer","Razer FIFA",2025-04-27,0,0,10,0
"fifa_b","Lenovo FIFA","fifa_razer","razer","Razer FIFA",2025-05-04,0,0,10,10
"fifa_b","Lenovo FIFA","fifa_razer","razer","Razer FIFA",2025-05-11,0,0,10,10
"fifa_b","Lenovo FIFA","fifa_razer","razer","Razer FIFA",2025-05-18,0,0,10,10
"fifa_b","Lenovo FIFA","fifa_razer","razer","Razer FIFA",2025-05-25,0,0,10,10
"fifa_b","Lenovo FIFA","fifa_razer","razer","Razer FIFA",2025-06-01,0,0,10,10
"fifa_b","Lenovo FIFA","fifa_razer","razer","Razer FIFA",2025-06-08,0,0,10,10
"fifa_b","Lenovo FIFA","fifa_razer","razer","Razer FIFA",2025-06-15,0,0,10,10
"fifa_b","Lenovo FIFA","fifa_razer","razer","Razer FIFA",2025-06-22,0,0,10,10
"fifa_b","Lenovo FIFA","fifa_razer","razer","Razer FIFA",2025-06-29,0,0,10,10
"fifa_b","Lenovo FIFA","fifa_razer","razer","Razer FIFA",2025-07-06,0,0,10,10
"fifa_b","Lenovo FIFA","fifa_razer","razer","Razer FIFA",2025-07-13,0,0,10,10
"fifa_b","Lenovo FIFA","fifa_razer","razer","Razer FIFA",2025-07-20,0,0,10,10
"fifa_b","Lenovo FIFA","fifa_razer","razer","Razer FIFA",2025-07-27,0,0,10,0
"fifa_b","Lenovo FIFA","fifa_razer","razer","Razer FIFA",2025-08-03,0,0,10,0
"fifa_b","Lenovo FIFA","fifa_razer","razer","Razer FIFA",2025-08-10,0,0,10,0
"fifa_b","Lenovo FIFA","fifa_razer","razer","Razer FIFA",2025-08-17,0,0,10,0
"fifa_b","Lenovo FIFA","fifa_razer","razer","Razer FIFA",2025-08-24,0,0,10,0
"fifa_b","Lenovo FIFA","fifa_razer","razer","Razer FIFA",2025-08-31,0,0,10,0
"fifa_b","Lenovo FIFA","fifa_razer","razer","Razer FIFA",2025-09-07,0,0,10,0
"fifa_b","Lenovo FIFA","fifa_razer","razer","Razer FIFA",2025-09-14,0,0,10,0
"fifa_b","Lenovo FIFA","fifa_razer","razer","Razer FIFA",2025-09-21,0,0,10,0
"fifa_b","Lenovo FIFA","fifa_razer","razer","Razer FIFA",2025-09-28,0,0,10,0
"fifa_b","Lenovo FIFA","fifa_razer","razer","Razer FIFA",2025-10-05,0,0,10,0
"fifa_b","Lenovo FIFA","fifa_razer","razer","Razer FIFA",2025-10-12,0,0,10,0
"fifa_b","Lenovo FIFA","fifa_razer","razer","Razer FIFA",2025-10-19,0,0,10,0
"fifa_b","Lenovo FIFA","fifa_razer","razer","Razer FIFA",2025-10-26,0,0,10,0
"fifa_b","Lenovo FIFA","fifa_razer","razer","Razer FIFA",2025-11-02,0,0,10,0
"fifa_b","Lenovo FIFA","fifa_razer","razer","Razer FIFA",2025-11-09,0,0,10,0
"fifa_b","Lenovo FIFA","fifa_razer","razer","Razer FIFA",2025-11-16,0,0,10,0
"fifa_b","Lenovo FIFA","fifa_razer","razer","Razer FIFA",2025-11-23,0,0,10,0
"fifa_b","Lenovo FIFA","fifa_razer","razer","Razer FIFA",2025-11-30,0,0,10,0
"fifa_b","Lenovo FIFA","fifa_razer","razer","Razer FIFA",2025-12-07,0,0,10,0
"fifa_b","Lenovo FIFA","fifa_razer","razer","Razer FIFA",2025-12-14,0,0,10,0
"fifa_b","Lenovo FIFA","fifa_razer","razer","Razer FIFA",2025-12-21,0,0,10,10
"fifa_b","Lenovo FIFA","fifa_razer","razer","Razer FIFA",2025-12-28,0,0,10,0
"fifa_b","Lenovo FIFA","fifa_razer","razer","Razer FIFA",2026-01-04,0,0,10,0
"fifa_b","Lenovo FIFA","fifa_razer","razer","Razer FIFA",2026-01-11,0,0,10,0
"fifa_b","Lenovo FIFA","fifa_razer","razer","Razer FIFA",2026-01-18,0,0,10,0
"fifa_b","Lenovo FIFA","fifa_razer","razer","Razer FIFA",2026-01-25,0,0,10,10
"fifa_b","Lenovo FIFA","fifa_razer","razer","Razer FIFA",2026-02-01,0,0,10,0
"fifa_b","Lenovo FIFA","fifa_razer","razer","Razer FIFA",2026-02-08,0,0,10,0
"fifa_b","Lenovo FIFA","fifa_razer","razer","Razer FIFA",2026-02-15,0,0,10,0
"fifa_b","Lenovo FIFA","fifa_razer","razer","Razer FIFA",2026-02-22,0,0,10,0
"fifa_b","Lenovo FIFA","fifa_razer","razer","Razer FIFA",2026-03-01,0,0,10,0
"fifa_b","Lenovo FIFA","fifa_razer","razer","Razer FIFA",2026-03-08,0,0,10,0
"fifa_b","Lenovo FIFA","fifa_razer","razer","Razer FIFA",2026-03-15,0,0,10,0
"fifa_b","Lenovo FIFA","fifa_razer","razer","Razer FIFA",2026-03-22,0,0,10,0
"fifa_b","Lenovo FIFA","fifa_razer","razer","Razer FIFA",2026-03-29,0,0,10,0
"fifa_b","Lenovo FIFA","fifa_razer","razer","Razer FIFA",2026-04-05,0,0,10,0
"fifa_b","Lenovo FIFA","fifa_razer","razer","Razer FIFA",2026-04-12,0,0,10,0
"fifa_b","Lenovo FIFA","fifa_razer","razer","Razer FIFA",2026-04-19,0,0,10,0
"fifa_b","Lenovo FIFA","fifa_razer","razer","Razer FIFA",2026-04-26,0,0,10,0
"fifa_b","Lenovo FIFA","fifa_razer","razer","Razer FIFA",2026-05-03,0,0,10,0
"fifa_b","Lenovo FIFA","fifa_razer","razer","Razer FIFA",2026-05-10,0,0,10,0
"fifa_b","Lenovo FIFA","fifa_razer","razer","Razer FIFA",2026-05-17,0,0,10,0
"fifa_b","Lenovo FIFA","fifa_razer","razer","Razer FIFA",2026-05-24,0,0,10,0
"fifa_b","Lenovo FIFA","fifa_razer","razer","Razer FIFA",2026-05-31,4.639175257731959,0,10,0
"fifa_b","Lenovo FIFA","fifa_razer","razer","Razer FIFA",2026-06-07,9.278350515463918,0,10,0
"fifa_b","Lenovo FIFA","fifa_razer","razer","Razer FIFA",2026-06-14,9.278350515463918,0,10,0
"fifa_b","Lenovo FIFA","fifa_razer","razer","Razer FIFA",2026-06-21,9.278350515463918,0,10,0
"fifa_b","Lenovo FIFA","fifa_razer","razer","Razer FIFA",2026-06-28,9.278350515463918,0,10,0
"fifa_b","Lenovo FIFA","fifa_razer","razer","Razer FIFA",2026-07-05,9.278350515463918,0,10,0
"fifa_b","Lenovo FIFA","fifa_razer","razer","Razer FIFA",2026-07-12,4.639175257731959,0,10,0
"fifa_b","Lenovo FIFA","fifa_razer","razer","Razer FIFA",2026-07-19,4.639175257731959,0,10,0
"fifa_b","Lenovo FIFA","fifa_razer","razer","Razer FIFA",2026-07-26,0,0,10,0
"fifa_b","Lenovo FIFA","fifa_razer","razer","Razer FIFA",2026-08-02,0,0,10,0
"fifa_b","Lenovo FIFA","fifa_razer","razer","Razer FIFA",2026-08-09,0,0,10,0
"fifa_b","Lenovo FIFA","fifa_razer","razer","Razer FIFA",2026-08-16,0,0,10,0
"fifa_b","Lenovo FIFA","fifa_razer","razer","Razer FIFA",2026-08-23,0,0,10,0
"fifa_b","Lenovo FIFA","fifa_razer","razer","Razer FIFA",2026-08-30,0,0,10,0
"fifa_b","Lenovo FIFA","fifa_razer","razer","Razer FIFA",2026-09-06,0,0,10,0
"fifa_b","Lenovo FIFA","fifa_razer","razer","Razer FIFA",2026-09-13,0,0,10,10
"fifa_b","Lenovo FIFA","fifa_razer","razer","Razer FIFA",2026-09-20,0,0,10,0
"fifa_b","Lenovo FIFA","fifa_razer","razer","Razer FIFA",2026-09-27,0,0,10,0
"fifa_c","Lenovo FIFA","cobrand_lenovo_fifa","lenovo","Lenovo FIFA",2021-12-26,0,0,10,0
"fifa_c","Lenovo FIFA","cobrand_lenovo_fifa","lenovo","Lenovo FIFA",2022-01-02,0,0,10,0
"fifa_c","Lenovo FIFA","cobrand_lenovo_fifa","lenovo","Lenovo FIFA",2022-01-09,0,0,10,0
"fifa_c","Lenovo FIFA","cobrand_lenovo_fifa","lenovo","Lenovo FIFA",2022-01-16,0,0,10,0
"fifa_c","Lenovo FIFA","cobrand_lenovo_fifa","lenovo","Lenovo FIFA",2022-01-23,0.9867172675521821,0,10,0
"fifa_c","Lenovo FIFA","cobrand_lenovo_fifa","lenovo","Lenovo FIFA",2022-01-30,0,0,10,0
"fifa_c","Lenovo FIFA","cobrand_lenovo_fifa","lenovo","Lenovo FIFA",2022-02-06,0,0,10,0
"fifa_c","Lenovo FIFA","cobrand_lenovo_fifa","lenovo","Lenovo FIFA",2022-02-13,0,0,10,0
"fifa_c","Lenovo FIFA","cobrand_lenovo_fifa","lenovo","Lenovo FIFA",2022-02-20,0,0,10,0
"fifa_c","Lenovo FIFA","cobrand_lenovo_fifa","lenovo","Lenovo FIFA",2022-02-27,0,0,10,0
"fifa_c","Lenovo FIFA","cobrand_lenovo_fifa","lenovo","Lenovo FIFA",2022-03-06,0,0,10,10
"fifa_c","Lenovo FIFA","cobrand_lenovo_fifa","lenovo","Lenovo FIFA",2022-03-13,0,0,10,0
"fifa_c","Lenovo FIFA","cobrand_lenovo_fifa","lenovo","Lenovo FIFA",2022-03-20,0,0,10,0
"fifa_c","Lenovo FIFA","cobrand_lenovo_fifa","lenovo","Lenovo FIFA",2022-03-27,0.9867172675521821,0,10,0
"fifa_c","Lenovo FIFA","cobrand_lenovo_fifa","lenovo","Lenovo FIFA",2022-04-03,0,0,10,0
"fifa_c","Lenovo FIFA","cobrand_lenovo_fifa","lenovo","Lenovo FIFA",2022-04-10,0,0,10,0
"fifa_c","Lenovo FIFA","cobrand_lenovo_fifa","lenovo","Lenovo FIFA",2022-04-17,0,0,10,0
"fifa_c","Lenovo FIFA","cobrand_lenovo_fifa","lenovo","Lenovo FIFA",2022-04-24,0,0,10,0
"fifa_c","Lenovo FIFA","cobrand_lenovo_fifa","lenovo","Lenovo FIFA",2022-05-01,0,0,10,0
"fifa_c","Lenovo FIFA","cobrand_lenovo_fifa","lenovo","Lenovo FIFA",2022-05-08,0,0,10,0
"fifa_c","Lenovo FIFA","cobrand_lenovo_fifa","lenovo","Lenovo FIFA",2022-05-15,0,0,10,0
"fifa_c","Lenovo FIFA","cobrand_lenovo_fifa","lenovo","Lenovo FIFA",2022-05-22,0,0,10,0
"fifa_c","Lenovo FIFA","cobrand_lenovo_fifa","lenovo","Lenovo FIFA",2022-05-29,0,0,10,0
"fifa_c","Lenovo FIFA","cobrand_lenovo_fifa","lenovo","Lenovo FIFA",2022-06-05,0,0,10,0
"fifa_c","Lenovo FIFA","cobrand_lenovo_fifa","lenovo","Lenovo FIFA",2022-06-12,0,0,10,0
"fifa_c","Lenovo FIFA","cobrand_lenovo_fifa","lenovo","Lenovo FIFA",2022-06-19,0,0,10,0
"fifa_c","Lenovo FIFA","cobrand_lenovo_fifa","lenovo","Lenovo FIFA",2022-06-26,0,0,10,0
"fifa_c","Lenovo FIFA","cobrand_lenovo_fifa","lenovo","Lenovo FIFA",2022-07-03,0,0,10,0
"fifa_c","Lenovo FIFA","cobrand_lenovo_fifa","lenovo","Lenovo FIFA",2022-07-10,0,0,10,0
"fifa_c","Lenovo FIFA","cobrand_lenovo_fifa","lenovo","Lenovo FIFA",2022-07-17,0.9867172675521821,0,10,0
"fifa_c","Lenovo FIFA","cobrand_lenovo_fifa","lenovo","Lenovo FIFA",2022-07-24,0,0,10,0
"fifa_c","Lenovo FIFA","cobrand_lenovo_fifa","lenovo","Lenovo FIFA",2022-07-31,0,0,10,0
"fifa_c","Lenovo FIFA","cobrand_lenovo_fifa","lenovo","Lenovo FIFA",2022-08-07,0,0,10,0
"fifa_c","Lenovo FIFA","cobrand_lenovo_fifa","lenovo","Lenovo FIFA",2022-08-14,0,0,10,0
"fifa_c","Lenovo FIFA","cobrand_lenovo_fifa","lenovo","Lenovo FIFA",2022-08-21,0,0,10,0
"fifa_c","Lenovo FIFA","cobrand_lenovo_fifa","lenovo","Lenovo FIFA",2022-08-28,0,0,10,0
"fifa_c","Lenovo FIFA","cobrand_lenovo_fifa","lenovo","Lenovo FIFA",2022-09-04,0,0,10,0
"fifa_c","Lenovo FIFA","cobrand_lenovo_fifa","lenovo","Lenovo FIFA",2022-09-11,0,0,10,0
"fifa_c","Lenovo FIFA","cobrand_lenovo_fifa","lenovo","Lenovo FIFA",2022-09-18,0.9867172675521821,0,10,0
"fifa_c","Lenovo FIFA","cobrand_lenovo_fifa","lenovo","Lenovo FIFA",2022-09-25,0.9867172675521821,0,10,0
"fifa_c","Lenovo FIFA","cobrand_lenovo_fifa","lenovo","Lenovo FIFA",2022-10-02,0.9867172675521821,0,10,0
"fifa_c","Lenovo FIFA","cobrand_lenovo_fifa","lenovo","Lenovo FIFA",2022-10-09,0.9867172675521821,0,10,0
"fifa_c","Lenovo FIFA","cobrand_lenovo_fifa","lenovo","Lenovo FIFA",2022-10-16,0.9867172675521821,0,10,0
"fifa_c","Lenovo FIFA","cobrand_lenovo_fifa","lenovo","Lenovo FIFA",2022-10-23,0,0,10,0
"fifa_c","Lenovo FIFA","cobrand_lenovo_fifa","lenovo","Lenovo FIFA",2022-10-30,0.9867172675521821,0,10,0
"fifa_c","Lenovo FIFA","cobrand_lenovo_fifa","lenovo","Lenovo FIFA",2022-11-06,0.9867172675521821,0,10,0
"fifa_c","Lenovo FIFA","cobrand_lenovo_fifa","lenovo","Lenovo FIFA",2022-11-13,0.9867172675521821,0,10,0
"fifa_c","Lenovo FIFA","cobrand_lenovo_fifa","lenovo","Lenovo FIFA",2022-11-20,2.9601518026565463,0,10,0
"fifa_c","Lenovo FIFA","cobrand_lenovo_fifa","lenovo","Lenovo FIFA",2022-11-27,2.9601518026565463,0,10,0
"fifa_c","Lenovo FIFA","cobrand_lenovo_fifa","lenovo","Lenovo FIFA",2022-12-04,1.9734345351043643,0,10,0
"fifa_c","Lenovo FIFA","cobrand_lenovo_fifa","lenovo","Lenovo FIFA",2022-12-11,1.9734345351043643,0,10,0
"fifa_c","Lenovo FIFA","cobrand_lenovo_fifa","lenovo","Lenovo FIFA",2022-12-18,0.9867172675521821,0,10,0
"fifa_c","Lenovo FIFA","cobrand_lenovo_fifa","lenovo","Lenovo FIFA",2022-12-25,0.9867172675521821,0,10,0
"fifa_c","Lenovo FIFA","cobrand_lenovo_fifa","lenovo","Lenovo FIFA",2023-01-01,0.9867172675521821,0,10,0
"fifa_c","Lenovo FIFA","cobrand_lenovo_fifa","lenovo","Lenovo FIFA",2023-01-08,0.9867172675521821,0,10,0
"fifa_c","Lenovo FIFA","cobrand_lenovo_fifa","lenovo","Lenovo FIFA",2023-01-15,0.9867172675521821,0,10,0
"fifa_c","Lenovo FIFA","cobrand_lenovo_fifa","lenovo","Lenovo FIFA",2023-01-22,0,0,10,0
"fifa_c","Lenovo FIFA","cobrand_lenovo_fifa","lenovo","Lenovo FIFA",2023-01-29,0,0,10,0
"fifa_c","Lenovo FIFA","cobrand_lenovo_fifa","lenovo","Lenovo FIFA",2023-02-05,0,0,10,0
"fifa_c","Lenovo FIFA","cobrand_lenovo_fifa","lenovo","Lenovo FIFA",2023-02-12,0,0,10,0
"fifa_c","Lenovo FIFA","cobrand_lenovo_fifa","lenovo","Lenovo FIFA",2023-02-19,0,0,10,0
"fifa_c","Lenovo FIFA","cobrand_lenovo_fifa","lenovo","Lenovo FIFA",2023-02-26,0,0,10,0
"fifa_c","Lenovo FIFA","cobrand_lenovo_fifa","lenovo","Lenovo FIFA",2023-03-05,0,0,10,0
"fifa_c","Lenovo FIFA","cobrand_lenovo_fifa","lenovo","Lenovo FIFA",2023-03-12,0.9867172675521821,0,10,0
"fifa_c","Lenovo FIFA","cobrand_lenovo_fifa","lenovo","Lenovo FIFA",2023-03-19,0,0,10,0
"fifa_c","Lenovo FIFA","cobrand_lenovo_fifa","lenovo","Lenovo FIFA",2023-03-26,0,0,10,0
"fifa_c","Lenovo FIFA","cobrand_lenovo_fifa","lenovo","Lenovo FIFA",2023-04-02,0.9867172675521821,0,10,0
"fifa_c","Lenovo FIFA","cobrand_lenovo_fifa","lenovo","Lenovo FIFA",2023-04-09,0,0,10,0
"fifa_c","Lenovo FIFA","cobrand_lenovo_fifa","lenovo","Lenovo FIFA",2023-04-16,0,0,10,0
"fifa_c","Lenovo FIFA","cobrand_lenovo_fifa","lenovo","Lenovo FIFA",2023-04-23,0,0,10,0
"fifa_c","Lenovo FIFA","cobrand_lenovo_fifa","lenovo","Lenovo FIFA",2023-04-30,0,0,10,0
"fifa_c","Lenovo FIFA","cobrand_lenovo_fifa","lenovo","Lenovo FIFA",2023-05-07,0,0,10,0
"fifa_c","Lenovo FIFA","cobrand_lenovo_fifa","lenovo","Lenovo FIFA",2023-05-14,0,0,10,0
"fifa_c","Lenovo FIFA","cobrand_lenovo_fifa","lenovo","Lenovo FIFA",2023-05-21,0,0,10,0
"fifa_c","Lenovo FIFA","cobrand_lenovo_fifa","lenovo","Lenovo FIFA",2023-05-28,0,0,10,0
"fifa_c","Lenovo FIFA","cobrand_lenovo_fifa","lenovo","Lenovo FIFA",2023-06-04,0,0,10,0
"fifa_c","Lenovo FIFA","cobrand_lenovo_fifa","lenovo","Lenovo FIFA",2023-06-11,0.9867172675521821,0,10,0
"fifa_c","Lenovo FIFA","cobrand_lenovo_fifa","lenovo","Lenovo FIFA",2023-06-18,0,0,10,0
"fifa_c","Lenovo FIFA","cobrand_lenovo_fifa","lenovo","Lenovo FIFA",2023-06-25,0.9867172675521821,0,10,0
"fifa_c","Lenovo FIFA","cobrand_lenovo_fifa","lenovo","Lenovo FIFA",2023-07-02,0,0,10,0
"fifa_c","Lenovo FIFA","cobrand_lenovo_fifa","lenovo","Lenovo FIFA",2023-07-09,0.9867172675521821,0,10,0
"fifa_c","Lenovo FIFA","cobrand_lenovo_fifa","lenovo","Lenovo FIFA",2023-07-16,0.9867172675521821,0,10,0
"fifa_c","Lenovo FIFA","cobrand_lenovo_fifa","lenovo","Lenovo FIFA",2023-07-23,0.9867172675521821,0,10,0
"fifa_c","Lenovo FIFA","cobrand_lenovo_fifa","lenovo","Lenovo FIFA",2023-07-30,0,0,10,0
"fifa_c","Lenovo FIFA","cobrand_lenovo_fifa","lenovo","Lenovo FIFA",2023-08-06,0.9867172675521821,0,10,0
"fifa_c","Lenovo FIFA","cobrand_lenovo_fifa","lenovo","Lenovo FIFA",2023-08-13,0,0,10,0
"fifa_c","Lenovo FIFA","cobrand_lenovo_fifa","lenovo","Lenovo FIFA",2023-08-20,0.9867172675521821,0,10,0
"fifa_c","Lenovo FIFA","cobrand_lenovo_fifa","lenovo","Lenovo FIFA",2023-08-27,0,0,10,0
"fifa_c","Lenovo FIFA","cobrand_lenovo_fifa","lenovo","Lenovo FIFA",2023-09-03,0,0,10,0
"fifa_c","Lenovo FIFA","cobrand_lenovo_fifa","lenovo","Lenovo FIFA",2023-09-10,0,0,10,0
"fifa_c","Lenovo FIFA","cobrand_lenovo_fifa","lenovo","Lenovo FIFA",2023-09-17,0,0,10,0
"fifa_c","Lenovo FIFA","cobrand_lenovo_fifa","lenovo","Lenovo FIFA",2023-09-24,0.9867172675521821,0,10,0
"fifa_c","Lenovo FIFA","cobrand_lenovo_fifa","lenovo","Lenovo FIFA",2023-10-01,0,0,10,0
"fifa_c","Lenovo FIFA","cobrand_lenovo_fifa","lenovo","Lenovo FIFA",2023-10-08,0,0,10,0
"fifa_c","Lenovo FIFA","cobrand_lenovo_fifa","lenovo","Lenovo FIFA",2023-10-15,0,0,10,0
"fifa_c","Lenovo FIFA","cobrand_lenovo_fifa","lenovo","Lenovo FIFA",2023-10-22,0,0,10,0
"fifa_c","Lenovo FIFA","cobrand_lenovo_fifa","lenovo","Lenovo FIFA",2023-10-29,0,0,10,10
"fifa_c","Lenovo FIFA","cobrand_lenovo_fifa","lenovo","Lenovo FIFA",2023-11-05,0,0,10,0
"fifa_c","Lenovo FIFA","cobrand_lenovo_fifa","lenovo","Lenovo FIFA",2023-11-12,0,0,10,0
"fifa_c","Lenovo FIFA","cobrand_lenovo_fifa","lenovo","Lenovo FIFA",2023-11-19,0,0,10,0
"fifa_c","Lenovo FIFA","cobrand_lenovo_fifa","lenovo","Lenovo FIFA",2023-11-26,0,0,10,0
"fifa_c","Lenovo FIFA","cobrand_lenovo_fifa","lenovo","Lenovo FIFA",2023-12-03,0,0,10,0
"fifa_c","Lenovo FIFA","cobrand_lenovo_fifa","lenovo","Lenovo FIFA",2023-12-10,0,0,10,0
"fifa_c","Lenovo FIFA","cobrand_lenovo_fifa","lenovo","Lenovo FIFA",2023-12-17,0,0,10,0
"fifa_c","Lenovo FIFA","cobrand_lenovo_fifa","lenovo","Lenovo FIFA",2023-12-24,0,0,10,0
"fifa_c","Lenovo FIFA","cobrand_lenovo_fifa","lenovo","Lenovo FIFA",2023-12-31,0,0,10,0
"fifa_c","Lenovo FIFA","cobrand_lenovo_fifa","lenovo","Lenovo FIFA",2024-01-07,0,0,10,0
"fifa_c","Lenovo FIFA","cobrand_lenovo_fifa","lenovo","Lenovo FIFA",2024-01-14,0,0,10,0
"fifa_c","Lenovo FIFA","cobrand_lenovo_fifa","lenovo","Lenovo FIFA",2024-01-21,0,0,10,0
"fifa_c","Lenovo FIFA","cobrand_lenovo_fifa","lenovo","Lenovo FIFA",2024-01-28,0,0,10,0
"fifa_c","Lenovo FIFA","cobrand_lenovo_fifa","lenovo","Lenovo FIFA",2024-02-04,0,0,10,10
"fifa_c","Lenovo FIFA","cobrand_lenovo_fifa","lenovo","Lenovo FIFA",2024-02-11,0,0,10,0
"fifa_c","Lenovo FIFA","cobrand_lenovo_fifa","lenovo","Lenovo FIFA",2024-02-18,0,0,10,10
"fifa_c","Lenovo FIFA","cobrand_lenovo_fifa","lenovo","Lenovo FIFA",2024-02-25,0,0,10,0
"fifa_c","Lenovo FIFA","cobrand_lenovo_fifa","lenovo","Lenovo FIFA",2024-03-03,0,0,10,0
"fifa_c","Lenovo FIFA","cobrand_lenovo_fifa","lenovo","Lenovo FIFA",2024-03-10,0,0,10,0
"fifa_c","Lenovo FIFA","cobrand_lenovo_fifa","lenovo","Lenovo FIFA",2024-03-17,0,0,10,0
"fifa_c","Lenovo FIFA","cobrand_lenovo_fifa","lenovo","Lenovo FIFA",2024-03-24,0,0,10,0
"fifa_c","Lenovo FIFA","cobrand_lenovo_fifa","lenovo","Lenovo FIFA",2024-03-31,0,0,10,0
"fifa_c","Lenovo FIFA","cobrand_lenovo_fifa","lenovo","Lenovo FIFA",2024-04-07,0,0,10,10
"fifa_c","Lenovo FIFA","cobrand_lenovo_fifa","lenovo","Lenovo FIFA",2024-04-14,0,0,10,0
"fifa_c","Lenovo FIFA","cobrand_lenovo_fifa","lenovo","Lenovo FIFA",2024-04-21,0,0,10,0
"fifa_c","Lenovo FIFA","cobrand_lenovo_fifa","lenovo","Lenovo FIFA",2024-04-28,0,0,10,0
"fifa_c","Lenovo FIFA","cobrand_lenovo_fifa","lenovo","Lenovo FIFA",2024-05-05,0,0,10,0
"fifa_c","Lenovo FIFA","cobrand_lenovo_fifa","lenovo","Lenovo FIFA",2024-05-12,0,0,10,0
"fifa_c","Lenovo FIFA","cobrand_lenovo_fifa","lenovo","Lenovo FIFA",2024-05-19,0,0,10,0
"fifa_c","Lenovo FIFA","cobrand_lenovo_fifa","lenovo","Lenovo FIFA",2024-05-26,0,0,10,0
"fifa_c","Lenovo FIFA","cobrand_lenovo_fifa","lenovo","Lenovo FIFA",2024-06-02,0,0,10,0
"fifa_c","Lenovo FIFA","cobrand_lenovo_fifa","lenovo","Lenovo FIFA",2024-06-09,0,0,10,0
"fifa_c","Lenovo FIFA","cobrand_lenovo_fifa","lenovo","Lenovo FIFA",2024-06-16,0,0,10,10
"fifa_c","Lenovo FIFA","cobrand_lenovo_fifa","lenovo","Lenovo FIFA",2024-06-23,0,0,10,0
"fifa_c","Lenovo FIFA","cobrand_lenovo_fifa","lenovo","Lenovo FIFA",2024-06-30,0,0,10,0
"fifa_c","Lenovo FIFA","cobrand_lenovo_fifa","lenovo","Lenovo FIFA",2024-07-07,0,0,10,10
"fifa_c","Lenovo FIFA","cobrand_lenovo_fifa","lenovo","Lenovo FIFA",2024-07-14,0,0,10,10
"fifa_c","Lenovo FIFA","cobrand_lenovo_fifa","lenovo","Lenovo FIFA",2024-07-21,0,0,10,10
"fifa_c","Lenovo FIFA","cobrand_lenovo_fifa","lenovo","Lenovo FIFA",2024-07-28,0,0,10,0
"fifa_c","Lenovo FIFA","cobrand_lenovo_fifa","lenovo","Lenovo FIFA",2024-08-04,0,0,10,0
"fifa_c","Lenovo FIFA","cobrand_lenovo_fifa","lenovo","Lenovo FIFA",2024-08-11,0,0,10,0
"fifa_c","Lenovo FIFA","cobrand_lenovo_fifa","lenovo","Lenovo FIFA",2024-08-18,0,0,10,10
"fifa_c","Lenovo FIFA","cobrand_lenovo_fifa","lenovo","Lenovo FIFA",2024-08-25,0,0,10,0
"fifa_c","Lenovo FIFA","cobrand_lenovo_fifa","lenovo","Lenovo FIFA",2024-09-01,0,0,10,0
"fifa_c","Lenovo FIFA","cobrand_lenovo_fifa","lenovo","Lenovo FIFA",2024-09-08,0,0,10,0
"fifa_c","Lenovo FIFA","cobrand_lenovo_fifa","lenovo","Lenovo FIFA",2024-09-15,0,0,10,0
"fifa_c","Lenovo FIFA","cobrand_lenovo_fifa","lenovo","Lenovo FIFA",2024-09-22,0,0,10,0
"fifa_c","Lenovo FIFA","cobrand_lenovo_fifa","lenovo","Lenovo FIFA",2024-09-29,0,0,10,0
"fifa_c","Lenovo FIFA","cobrand_lenovo_fifa","lenovo","Lenovo FIFA",2024-10-06,0,0,10,0
"fifa_c","Lenovo FIFA","cobrand_lenovo_fifa","lenovo","Lenovo FIFA",2024-10-13,0.9867172675521821,0,10,0
"fifa_c","Lenovo FIFA","cobrand_lenovo_fifa","lenovo","Lenovo FIFA",2024-10-20,0,0,10,0
"fifa_c","Lenovo FIFA","cobrand_lenovo_fifa","lenovo","Lenovo FIFA",2024-10-27,0,0,10,10
"fifa_c","Lenovo FIFA","cobrand_lenovo_fifa","lenovo","Lenovo FIFA",2024-11-03,0,0,10,0
"fifa_c","Lenovo FIFA","cobrand_lenovo_fifa","lenovo","Lenovo FIFA",2024-11-10,0.9867172675521821,0,10,0
"fifa_c","Lenovo FIFA","cobrand_lenovo_fifa","lenovo","Lenovo FIFA",2024-11-17,0,0,10,0
"fifa_c","Lenovo FIFA","cobrand_lenovo_fifa","lenovo","Lenovo FIFA",2024-11-24,0,0,10,0
"fifa_c","Lenovo FIFA","cobrand_lenovo_fifa","lenovo","Lenovo FIFA",2024-12-01,0,0,10,0
"fifa_c","Lenovo FIFA","cobrand_lenovo_fifa","lenovo","Lenovo FIFA",2024-12-08,0,0,10,0
"fifa_c","Lenovo FIFA","cobrand_lenovo_fifa","lenovo","Lenovo FIFA",2024-12-15,0,0,10,0
"fifa_c","Lenovo FIFA","cobrand_lenovo_fifa","lenovo","Lenovo FIFA",2024-12-22,0,0,10,0
"fifa_c","Lenovo FIFA","cobrand_lenovo_fifa","lenovo","Lenovo FIFA",2024-12-29,0,0,10,10
"fifa_c","Lenovo FIFA","cobrand_lenovo_fifa","lenovo","Lenovo FIFA",2025-01-05,0,0,10,0
"fifa_c","Lenovo FIFA","cobrand_lenovo_fifa","lenovo","Lenovo FIFA",2025-01-12,0,0,10,0
"fifa_c","Lenovo FIFA","cobrand_lenovo_fifa","lenovo","Lenovo FIFA",2025-01-19,0,0,10,0
"fifa_c","Lenovo FIFA","cobrand_lenovo_fifa","lenovo","Lenovo FIFA",2025-01-26,0,0,10,0
"fifa_c","Lenovo FIFA","cobrand_lenovo_fifa","lenovo","Lenovo FIFA",2025-02-02,0,0,10,0
"fifa_c","Lenovo FIFA","cobrand_lenovo_fifa","lenovo","Lenovo FIFA",2025-02-09,0,0,10,10
"fifa_c","Lenovo FIFA","cobrand_lenovo_fifa","lenovo","Lenovo FIFA",2025-02-16,0,0,10,0
"fifa_c","Lenovo FIFA","cobrand_lenovo_fifa","lenovo","Lenovo FIFA",2025-02-23,0,0,10,0
"fifa_c","Lenovo FIFA","cobrand_lenovo_fifa","lenovo","Lenovo FIFA",2025-03-02,0,0,10,0
"fifa_c","Lenovo FIFA","cobrand_lenovo_fifa","lenovo","Lenovo FIFA",2025-03-09,0,0,10,0
"fifa_c","Lenovo FIFA","cobrand_lenovo_fifa","lenovo","Lenovo FIFA",2025-03-16,0,0,10,0
"fifa_c","Lenovo FIFA","cobrand_lenovo_fifa","lenovo","Lenovo FIFA",2025-03-23,0,0,10,0
"fifa_c","Lenovo FIFA","cobrand_lenovo_fifa","lenovo","Lenovo FIFA",2025-03-30,0,0,10,0
"fifa_c","Lenovo FIFA","cobrand_lenovo_fifa","lenovo","Lenovo FIFA",2025-04-06,0,0,10,0
"fifa_c","Lenovo FIFA","cobrand_lenovo_fifa","lenovo","Lenovo FIFA",2025-04-13,0,0,10,0
"fifa_c","Lenovo FIFA","cobrand_lenovo_fifa","lenovo","Lenovo FIFA",2025-04-20,0,0,10,0
"fifa_c","Lenovo FIFA","cobrand_lenovo_fifa","lenovo","Lenovo FIFA",2025-04-27,0,0,10,0
"fifa_c","Lenovo FIFA","cobrand_lenovo_fifa","lenovo","Lenovo FIFA",2025-05-04,0,0,10,10
"fifa_c","Lenovo FIFA","cobrand_lenovo_fifa","lenovo","Lenovo FIFA",2025-05-11,0,0,10,0
"fifa_c","Lenovo FIFA","cobrand_lenovo_fifa","lenovo","Lenovo FIFA",2025-05-18,0,0,10,10
"fifa_c","Lenovo FIFA","cobrand_lenovo_fifa","lenovo","Lenovo FIFA",2025-05-25,0,0,10,0
"fifa_c","Lenovo FIFA","cobrand_lenovo_fifa","lenovo","Lenovo FIFA",2025-06-01,0,0,10,0
"fifa_c","Lenovo FIFA","cobrand_lenovo_fifa","lenovo","Lenovo FIFA",2025-06-08,0.9867172675521821,0,10,0
"fifa_c","Lenovo FIFA","cobrand_lenovo_fifa","lenovo","Lenovo FIFA",2025-06-15,0.9867172675521821,0,10,0
"fifa_c","Lenovo FIFA","cobrand_lenovo_fifa","lenovo","Lenovo FIFA",2025-06-22,0.9867172675521821,0,10,0
"fifa_c","Lenovo FIFA","cobrand_lenovo_fifa","lenovo","Lenovo FIFA",2025-06-29,0.9867172675521821,0,10,0
"fifa_c","Lenovo FIFA","cobrand_lenovo_fifa","lenovo","Lenovo FIFA",2025-07-06,0.9867172675521821,0,10,0
"fifa_c","Lenovo FIFA","cobrand_lenovo_fifa","lenovo","Lenovo FIFA",2025-07-13,0.9867172675521821,0,10,0
"fifa_c","Lenovo FIFA","cobrand_lenovo_fifa","lenovo","Lenovo FIFA",2025-07-20,0.9867172675521821,0,10,0
"fifa_c","Lenovo FIFA","cobrand_lenovo_fifa","lenovo","Lenovo FIFA",2025-07-27,1.9734345351043643,0,10,0
"fifa_c","Lenovo FIFA","cobrand_lenovo_fifa","lenovo","Lenovo FIFA",2025-08-03,1.9734345351043643,0,10,0
"fifa_c","Lenovo FIFA","cobrand_lenovo_fifa","lenovo","Lenovo FIFA",2025-08-10,1.9734345351043643,0,10,0
"fifa_c","Lenovo FIFA","cobrand_lenovo_fifa","lenovo","Lenovo FIFA",2025-08-17,2.9601518026565463,0,10,0
"fifa_c","Lenovo FIFA","cobrand_lenovo_fifa","lenovo","Lenovo FIFA",2025-08-24,2.9601518026565463,0,10,0
"fifa_c","Lenovo FIFA","cobrand_lenovo_fifa","lenovo","Lenovo FIFA",2025-08-31,5.920303605313093,0,10,0
"fifa_c","Lenovo FIFA","cobrand_lenovo_fifa","lenovo","Lenovo FIFA",2025-09-07,6.907020872865276,0,10,0
"fifa_c","Lenovo FIFA","cobrand_lenovo_fifa","lenovo","Lenovo FIFA",2025-09-14,2.9601518026565463,0,10,0
"fifa_c","Lenovo FIFA","cobrand_lenovo_fifa","lenovo","Lenovo FIFA",2025-09-21,3.9468690702087286,0,10,0
"fifa_c","Lenovo FIFA","cobrand_lenovo_fifa","lenovo","Lenovo FIFA",2025-09-28,3.9468690702087286,0,10,0
"fifa_c","Lenovo FIFA","cobrand_lenovo_fifa","lenovo","Lenovo FIFA",2025-10-05,2.9601518026565463,0,10,0
"fifa_c","Lenovo FIFA","cobrand_lenovo_fifa","lenovo","Lenovo FIFA",2025-10-12,3.9468690702087286,0,10,0
"fifa_c","Lenovo FIFA","cobrand_lenovo_fifa","lenovo","Lenovo FIFA",2025-10-19,2.9601518026565463,0,10,0
"fifa_c","Lenovo FIFA","cobrand_lenovo_fifa","lenovo","Lenovo FIFA",2025-10-26,2.9601518026565463,0,10,0
"fifa_c","Lenovo FIFA","cobrand_lenovo_fifa","lenovo","Lenovo FIFA",2025-11-02,3.9468690702087286,0,10,0
"fifa_c","Lenovo FIFA","cobrand_lenovo_fifa","lenovo","Lenovo FIFA",2025-11-09,4.933586337760911,0,10,0
"fifa_c","Lenovo FIFA","cobrand_lenovo_fifa","lenovo","Lenovo FIFA",2025-11-16,5.920303605313093,0,10,0
"fifa_c","Lenovo FIFA","cobrand_lenovo_fifa","lenovo","Lenovo FIFA",2025-11-23,3.9468690702087286,0,10,0
"fifa_c","Lenovo FIFA","cobrand_lenovo_fifa","lenovo","Lenovo FIFA",2025-11-30,6.907020872865276,0,10,0
"fifa_c","Lenovo FIFA","cobrand_lenovo_fifa","lenovo","Lenovo FIFA",2025-12-07,4.933586337760911,0,10,0
"fifa_c","Lenovo FIFA","cobrand_lenovo_fifa","lenovo","Lenovo FIFA",2025-12-14,3.9468690702087286,0,10,0
"fifa_c","Lenovo FIFA","cobrand_lenovo_fifa","lenovo","Lenovo FIFA",2025-12-21,1.9734345351043643,0,10,0
"fifa_c","Lenovo FIFA","cobrand_lenovo_fifa","lenovo","Lenovo FIFA",2025-12-28,0.9867172675521821,0,10,0
"fifa_c","Lenovo FIFA","cobrand_lenovo_fifa","lenovo","Lenovo FIFA",2026-01-04,1.9734345351043643,0,10,0
"fifa_c","Lenovo FIFA","cobrand_lenovo_fifa","lenovo","Lenovo FIFA",2026-01-11,1.9734345351043643,0,10,0
"fifa_c","Lenovo FIFA","cobrand_lenovo_fifa","lenovo","Lenovo FIFA",2026-01-18,1.9734345351043643,0,10,0
"fifa_c","Lenovo FIFA","cobrand_lenovo_fifa","lenovo","Lenovo FIFA",2026-01-25,1.9734345351043643,0,10,0
"fifa_c","Lenovo FIFA","cobrand_lenovo_fifa","lenovo","Lenovo FIFA",2026-02-01,1.9734345351043643,0,10,0
"fifa_c","Lenovo FIFA","cobrand_lenovo_fifa","lenovo","Lenovo FIFA",2026-02-08,1.9734345351043643,0,10,0
"fifa_c","Lenovo FIFA","cobrand_lenovo_fifa","lenovo","Lenovo FIFA",2026-02-15,1.9734345351043643,0,10,0
"fifa_c","Lenovo FIFA","cobrand_lenovo_fifa","lenovo","Lenovo FIFA",2026-02-22,1.9734345351043643,0,10,0
"fifa_c","Lenovo FIFA","cobrand_lenovo_fifa","lenovo","Lenovo FIFA",2026-03-01,1.9734345351043643,0,10,0
"fifa_c","Lenovo FIFA","cobrand_lenovo_fifa","lenovo","Lenovo FIFA",2026-03-08,1.9734345351043643,0,10,0
"fifa_c","Lenovo FIFA","cobrand_lenovo_fifa","lenovo","Lenovo FIFA",2026-03-15,2.9601518026565463,0,10,0
"fifa_c","Lenovo FIFA","cobrand_lenovo_fifa","lenovo","Lenovo FIFA",2026-03-22,4.933586337760911,0,10,0
"fifa_c","Lenovo FIFA","cobrand_lenovo_fifa","lenovo","Lenovo FIFA",2026-03-29,6.907020872865276,0,10,0
"fifa_c","Lenovo FIFA","cobrand_lenovo_fifa","lenovo","Lenovo FIFA",2026-04-05,4.933586337760911,0,10,0
"fifa_c","Lenovo FIFA","cobrand_lenovo_fifa","lenovo","Lenovo FIFA",2026-04-12,2.9601518026565463,0,10,0
"fifa_c","Lenovo FIFA","cobrand_lenovo_fifa","lenovo","Lenovo FIFA",2026-04-19,2.9601518026565463,0,10,0
"fifa_c","Lenovo FIFA","cobrand_lenovo_fifa","lenovo","Lenovo FIFA",2026-04-26,2.9601518026565463,0,10,0
"fifa_c","Lenovo FIFA","cobrand_lenovo_fifa","lenovo","Lenovo FIFA",2026-05-03,3.9468690702087286,0,10,0
"fifa_c","Lenovo FIFA","cobrand_lenovo_fifa","lenovo","Lenovo FIFA",2026-05-10,5.920303605313093,0,10,0
"fifa_c","Lenovo FIFA","cobrand_lenovo_fifa","lenovo","Lenovo FIFA",2026-05-17,6.907020872865276,0,10,0
"fifa_c","Lenovo FIFA","cobrand_lenovo_fifa","lenovo","Lenovo FIFA",2026-05-24,7.893738140417457,0,10,0
"fifa_c","Lenovo FIFA","cobrand_lenovo_fifa","lenovo","Lenovo FIFA",2026-05-31,14.800759013282732,0,10,0
"fifa_c","Lenovo FIFA","cobrand_lenovo_fifa","lenovo","Lenovo FIFA",2026-06-07,40.45540796963947,0,10,0
"fifa_c","Lenovo FIFA","cobrand_lenovo_fifa","lenovo","Lenovo FIFA",2026-06-14,41.44212523719165,0,10,0
"fifa_c","Lenovo FIFA","cobrand_lenovo_fifa","lenovo","Lenovo FIFA",2026-06-21,46.37571157495256,0,10,0
"fifa_c","Lenovo FIFA","cobrand_lenovo_fifa","lenovo","Lenovo FIFA",2026-06-28,55.25616698292221,0,10,0
"fifa_c","Lenovo FIFA","cobrand_lenovo_fifa","lenovo","Lenovo FIFA",2026-07-05,42.428842504743834,0,10,0
"fifa_c","Lenovo FIFA","cobrand_lenovo_fifa","lenovo","Lenovo FIFA",2026-07-12,30.588235294117645,0,10,0
"fifa_c","Lenovo FIFA","cobrand_lenovo_fifa","lenovo","Lenovo FIFA",2026-07-19,18.74762808349146,0,10,0
"fifa_c","Lenovo FIFA","cobrand_lenovo_fifa","lenovo","Lenovo FIFA",2026-07-26,5.920303605313093,0,10,0
"fifa_c","Lenovo FIFA","cobrand_lenovo_fifa","lenovo","Lenovo FIFA",2026-08-02,3.9468690702087286,0,10,0
"fifa_c","Lenovo FIFA","cobrand_lenovo_fifa","lenovo","Lenovo FIFA",2026-08-09,2.9601518026565463,0,10,0
"fifa_c","Lenovo FIFA","cobrand_lenovo_fifa","lenovo","Lenovo FIFA",2026-08-16,2.9601518026565463,0,10,0
"fifa_c","Lenovo FIFA","cobrand_lenovo_fifa","lenovo","Lenovo FIFA",2026-08-23,2.9601518026565463,0,10,0
"fifa_c","Lenovo FIFA","cobrand_lenovo_fifa","lenovo","Lenovo FIFA",2026-08-30,2.9601518026565463,0,10,0
"fifa_c","Lenovo FIFA","cobrand_lenovo_fifa","lenovo","Lenovo FIFA",2026-09-06,2.9601518026565463,0,10,0
"fifa_c","Lenovo FIFA","cobrand_lenovo_fifa","lenovo","Lenovo FIFA",2026-09-13,1.9734345351043643,0,10,0
"fifa_c","Lenovo FIFA","cobrand_lenovo_fifa","lenovo","Lenovo FIFA",2026-09-20,1.9734345351043643,0,10,0
"fifa_c","Lenovo FIFA","cobrand_lenovo_fifa","lenovo","Lenovo FIFA",2026-09-27,0.9867172675521821,0,10,0
"fifa_c","Lenovo FIFA","fifa_huawei","huawei","Huawei FIFA",2021-12-26,0,0,10,0
"fifa_c","Lenovo FIFA","fifa_huawei","huawei","Huawei FIFA",2022-01-02,0,0,10,0
"fifa_c","Lenovo FIFA","fifa_huawei","huawei","Huawei FIFA",2022-01-09,0,0,10,0
"fifa_c","Lenovo FIFA","fifa_huawei","huawei","Huawei FIFA",2022-01-16,0.9867172675521821,0,10,0
"fifa_c","Lenovo FIFA","fifa_huawei","huawei","Huawei FIFA",2022-01-23,0.9867172675521821,0,10,0
"fifa_c","Lenovo FIFA","fifa_huawei","huawei","Huawei FIFA",2022-01-30,0,0,10,0
"fifa_c","Lenovo FIFA","fifa_huawei","huawei","Huawei FIFA",2022-02-06,0.9867172675521821,0,10,0
"fifa_c","Lenovo FIFA","fifa_huawei","huawei","Huawei FIFA",2022-02-13,0.9867172675521821,0,10,0
"fifa_c","Lenovo FIFA","fifa_huawei","huawei","Huawei FIFA",2022-02-20,0,0,10,0
"fifa_c","Lenovo FIFA","fifa_huawei","huawei","Huawei FIFA",2022-02-27,0.9867172675521821,0,10,0
"fifa_c","Lenovo FIFA","fifa_huawei","huawei","Huawei FIFA",2022-03-06,0,0,10,0
"fifa_c","Lenovo FIFA","fifa_huawei","huawei","Huawei FIFA",2022-03-13,0,0,10,0
"fifa_c","Lenovo FIFA","fifa_huawei","huawei","Huawei FIFA",2022-03-20,0,0,10,0
"fifa_c","Lenovo FIFA","fifa_huawei","huawei","Huawei FIFA",2022-03-27,0,0,10,0
"fifa_c","Lenovo FIFA","fifa_huawei","huawei","Huawei FIFA",2022-04-03,0,0,10,0
"fifa_c","Lenovo FIFA","fifa_huawei","huawei","Huawei FIFA",2022-04-10,0,0,10,0
"fifa_c","Lenovo FIFA","fifa_huawei","huawei","Huawei FIFA",2022-04-17,0,0,10,0
"fifa_c","Lenovo FIFA","fifa_huawei","huawei","Huawei FIFA",2022-04-24,0,0,10,0
"fifa_c","Lenovo FIFA","fifa_huawei","huawei","Huawei FIFA",2022-05-01,0,0,10,0
"fifa_c","Lenovo FIFA","fifa_huawei","huawei","Huawei FIFA",2022-05-08,0,0,10,0
"fifa_c","Lenovo FIFA","fifa_huawei","huawei","Huawei FIFA",2022-05-15,0,0,10,0
"fifa_c","Lenovo FIFA","fifa_huawei","huawei","Huawei FIFA",2022-05-22,0,0,10,0
"fifa_c","Lenovo FIFA","fifa_huawei","huawei","Huawei FIFA",2022-05-29,0,0,10,0
"fifa_c","Lenovo FIFA","fifa_huawei","huawei","Huawei FIFA",2022-06-05,0,0,10,0
"fifa_c","Lenovo FIFA","fifa_huawei","huawei","Huawei FIFA",2022-06-12,0,0,10,0
"fifa_c","Lenovo FIFA","fifa_huawei","huawei","Huawei FIFA",2022-06-19,0,0,10,0
"fifa_c","Lenovo FIFA","fifa_huawei","huawei","Huawei FIFA",2022-06-26,0,0,10,10
"fifa_c","Lenovo FIFA","fifa_huawei","huawei","Huawei FIFA",2022-07-03,0,0,10,0
"fifa_c","Lenovo FIFA","fifa_huawei","huawei","Huawei FIFA",2022-07-10,0,0,10,10
"fifa_c","Lenovo FIFA","fifa_huawei","huawei","Huawei FIFA",2022-07-17,0,0,10,0
"fifa_c","Lenovo FIFA","fifa_huawei","huawei","Huawei FIFA",2022-07-24,0,0,10,0
"fifa_c","Lenovo FIFA","fifa_huawei","huawei","Huawei FIFA",2022-07-31,0,0,10,0
"fifa_c","Lenovo FIFA","fifa_huawei","huawei","Huawei FIFA",2022-08-07,0,0,10,0
"fifa_c","Lenovo FIFA","fifa_huawei","huawei","Huawei FIFA",2022-08-14,0,0,10,0
"fifa_c","Lenovo FIFA","fifa_huawei","huawei","Huawei FIFA",2022-08-21,0,0,10,0
"fifa_c","Lenovo FIFA","fifa_huawei","huawei","Huawei FIFA",2022-08-28,0,0,10,0
"fifa_c","Lenovo FIFA","fifa_huawei","huawei","Huawei FIFA",2022-09-04,0,0,10,0
"fifa_c","Lenovo FIFA","fifa_huawei","huawei","Huawei FIFA",2022-09-11,0,0,10,0
"fifa_c","Lenovo FIFA","fifa_huawei","huawei","Huawei FIFA",2022-09-18,0.9867172675521821,0,10,0
"fifa_c","Lenovo FIFA","fifa_huawei","huawei","Huawei FIFA",2022-09-25,0.9867172675521821,0,10,0
"fifa_c","Lenovo FIFA","fifa_huawei","huawei","Huawei FIFA",2022-10-02,0.9867172675521821,0,10,0
"fifa_c","Lenovo FIFA","fifa_huawei","huawei","Huawei FIFA",2022-10-09,0.9867172675521821,0,10,0
"fifa_c","Lenovo FIFA","fifa_huawei","huawei","Huawei FIFA",2022-10-16,0,0,10,0
"fifa_c","Lenovo FIFA","fifa_huawei","huawei","Huawei FIFA",2022-10-23,0,0,10,0
"fifa_c","Lenovo FIFA","fifa_huawei","huawei","Huawei FIFA",2022-10-30,0.9867172675521821,0,10,0
"fifa_c","Lenovo FIFA","fifa_huawei","huawei","Huawei FIFA",2022-11-06,0,0,10,0
"fifa_c","Lenovo FIFA","fifa_huawei","huawei","Huawei FIFA",2022-11-13,0.9867172675521821,0,10,0
"fifa_c","Lenovo FIFA","fifa_huawei","huawei","Huawei FIFA",2022-11-20,2.9601518026565463,0,10,0
"fifa_c","Lenovo FIFA","fifa_huawei","huawei","Huawei FIFA",2022-11-27,2.9601518026565463,0,10,0
"fifa_c","Lenovo FIFA","fifa_huawei","huawei","Huawei FIFA",2022-12-04,1.9734345351043643,0,10,0
"fifa_c","Lenovo FIFA","fifa_huawei","huawei","Huawei FIFA",2022-12-11,1.9734345351043643,0,10,0
"fifa_c","Lenovo FIFA","fifa_huawei","huawei","Huawei FIFA",2022-12-18,0.9867172675521821,0,10,0
"fifa_c","Lenovo FIFA","fifa_huawei","huawei","Huawei FIFA",2022-12-25,0.9867172675521821,0,10,0
"fifa_c","Lenovo FIFA","fifa_huawei","huawei","Huawei FIFA",2023-01-01,0.9867172675521821,0,10,0
"fifa_c","Lenovo FIFA","fifa_huawei","huawei","Huawei FIFA",2023-01-08,0,0,10,0
"fifa_c","Lenovo FIFA","fifa_huawei","huawei","Huawei FIFA",2023-01-15,0,0,10,0
"fifa_c","Lenovo FIFA","fifa_huawei","huawei","Huawei FIFA",2023-01-22,0,0,10,0
"fifa_c","Lenovo FIFA","fifa_huawei","huawei","Huawei FIFA",2023-01-29,0,0,10,0
"fifa_c","Lenovo FIFA","fifa_huawei","huawei","Huawei FIFA",2023-02-05,0,0,10,0
"fifa_c","Lenovo FIFA","fifa_huawei","huawei","Huawei FIFA",2023-02-12,0,0,10,0
"fifa_c","Lenovo FIFA","fifa_huawei","huawei","Huawei FIFA",2023-02-19,0,0,10,0
"fifa_c","Lenovo FIFA","fifa_huawei","huawei","Huawei FIFA",2023-02-26,0,0,10,0
"fifa_c","Lenovo FIFA","fifa_huawei","huawei","Huawei FIFA",2023-03-05,0,0,10,0
"fifa_c","Lenovo FIFA","fifa_huawei","huawei","Huawei FIFA",2023-03-12,0,0,10,0
"fifa_c","Lenovo FIFA","fifa_huawei","huawei","Huawei FIFA",2023-03-19,0,0,10,0
"fifa_c","Lenovo FIFA","fifa_huawei","huawei","Huawei FIFA",2023-03-26,0,0,10,0
"fifa_c","Lenovo FIFA","fifa_huawei","huawei","Huawei FIFA",2023-04-02,0,0,10,0
"fifa_c","Lenovo FIFA","fifa_huawei","huawei","Huawei FIFA",2023-04-09,0,0,10,0
"fifa_c","Lenovo FIFA","fifa_huawei","huawei","Huawei FIFA",2023-04-16,0,0,10,0
"fifa_c","Lenovo FIFA","fifa_huawei","huawei","Huawei FIFA",2023-04-23,0,0,10,0
"fifa_c","Lenovo FIFA","fifa_huawei","huawei","Huawei FIFA",2023-04-30,0,0,10,0
"fifa_c","Lenovo FIFA","fifa_huawei","huawei","Huawei FIFA",2023-05-07,0,0,10,0
"fifa_c","Lenovo FIFA","fifa_huawei","huawei","Huawei FIFA",2023-05-14,0,0,10,0
"fifa_c","Lenovo FIFA","fifa_huawei","huawei","Huawei FIFA",2023-05-21,0,0,10,0
"fifa_c","Lenovo FIFA","fifa_huawei","huawei","Huawei FIFA",2023-05-28,0,0,10,0
"fifa_c","Lenovo FIFA","fifa_huawei","huawei","Huawei FIFA",2023-06-04,0,0,10,0
"fifa_c","Lenovo FIFA","fifa_huawei","huawei","Huawei FIFA",2023-06-11,0,0,10,10
"fifa_c","Lenovo FIFA","fifa_huawei","huawei","Huawei FIFA",2023-06-18,0,0,10,0
"fifa_c","Lenovo FIFA","fifa_huawei","huawei","Huawei FIFA",2023-06-25,0,0,10,0
"fifa_c","Lenovo FIFA","fifa_huawei","huawei","Huawei FIFA",2023-07-02,0,0,10,0
"fifa_c","Lenovo FIFA","fifa_huawei","huawei","Huawei FIFA",2023-07-09,0,0,10,0
"fifa_c","Lenovo FIFA","fifa_huawei","huawei","Huawei FIFA",2023-07-16,0,0,10,0
"fifa_c","Lenovo FIFA","fifa_huawei","huawei","Huawei FIFA",2023-07-23,0,0,10,0
"fifa_c","Lenovo FIFA","fifa_huawei","huawei","Huawei FIFA",2023-07-30,0,0,10,0
"fifa_c","Lenovo FIFA","fifa_huawei","huawei","Huawei FIFA",2023-08-06,0,0,10,0
"fifa_c","Lenovo FIFA","fifa_huawei","huawei","Huawei FIFA",2023-08-13,0,0,10,0
"fifa_c","Lenovo FIFA","fifa_huawei","huawei","Huawei FIFA",2023-08-20,0,0,10,0
"fifa_c","Lenovo FIFA","fifa_huawei","huawei","Huawei FIFA",2023-08-27,0,0,10,0
"fifa_c","Lenovo FIFA","fifa_huawei","huawei","Huawei FIFA",2023-09-03,0,0,10,0
"fifa_c","Lenovo FIFA","fifa_huawei","huawei","Huawei FIFA",2023-09-10,0,0,10,0
"fifa_c","Lenovo FIFA","fifa_huawei","huawei","Huawei FIFA",2023-09-17,0,0,10,10
"fifa_c","Lenovo FIFA","fifa_huawei","huawei","Huawei FIFA",2023-09-24,0,0,10,0
"fifa_c","Lenovo FIFA","fifa_huawei","huawei","Huawei FIFA",2023-10-01,0,0,10,0
"fifa_c","Lenovo FIFA","fifa_huawei","huawei","Huawei FIFA",2023-10-08,0,0,10,0
"fifa_c","Lenovo FIFA","fifa_huawei","huawei","Huawei FIFA",2023-10-15,0,0,10,0
"fifa_c","Lenovo FIFA","fifa_huawei","huawei","Huawei FIFA",2023-10-22,0,0,10,10
"fifa_c","Lenovo FIFA","fifa_huawei","huawei","Huawei FIFA",2023-10-29,0,0,10,0
"fifa_c","Lenovo FIFA","fifa_huawei","huawei","Huawei FIFA",2023-11-05,0,0,10,0
"fifa_c","Lenovo FIFA","fifa_huawei","huawei","Huawei FIFA",2023-11-12,0,0,10,0
"fifa_c","Lenovo FIFA","fifa_huawei","huawei","Huawei FIFA",2023-11-19,0,0,10,0
"fifa_c","Lenovo FIFA","fifa_huawei","huawei","Huawei FIFA",2023-11-26,0,0,10,10
"fifa_c","Lenovo FIFA","fifa_huawei","huawei","Huawei FIFA",2023-12-03,0,0,10,0
"fifa_c","Lenovo FIFA","fifa_huawei","huawei","Huawei FIFA",2023-12-10,0,0,10,10
"fifa_c","Lenovo FIFA","fifa_huawei","huawei","Huawei FIFA",2023-12-17,0,0,10,0
"fifa_c","Lenovo FIFA","fifa_huawei","huawei","Huawei FIFA",2023-12-24,0,0,10,10
"fifa_c","Lenovo FIFA","fifa_huawei","huawei","Huawei FIFA",2023-12-31,0,0,10,10
"fifa_c","Lenovo FIFA","fifa_huawei","huawei","Huawei FIFA",2024-01-07,0,0,10,10
"fifa_c","Lenovo FIFA","fifa_huawei","huawei","Huawei FIFA",2024-01-14,0,0,10,10
"fifa_c","Lenovo FIFA","fifa_huawei","huawei","Huawei FIFA",2024-01-21,0,0,10,10
"fifa_c","Lenovo FIFA","fifa_huawei","huawei","Huawei FIFA",2024-01-28,0,0,10,10
"fifa_c","Lenovo FIFA","fifa_huawei","huawei","Huawei FIFA",2024-02-04,0,0,10,10
"fifa_c","Lenovo FIFA","fifa_huawei","huawei","Huawei FIFA",2024-02-11,0,0,10,0
"fifa_c","Lenovo FIFA","fifa_huawei","huawei","Huawei FIFA",2024-02-18,0,0,10,10
"fifa_c","Lenovo FIFA","fifa_huawei","huawei","Huawei FIFA",2024-02-25,0,0,10,10
"fifa_c","Lenovo FIFA","fifa_huawei","huawei","Huawei FIFA",2024-03-03,0,0,10,10
"fifa_c","Lenovo FIFA","fifa_huawei","huawei","Huawei FIFA",2024-03-10,0,0,10,10
"fifa_c","Lenovo FIFA","fifa_huawei","huawei","Huawei FIFA",2024-03-17,0,0,10,10
"fifa_c","Lenovo FIFA","fifa_huawei","huawei","Huawei FIFA",2024-03-24,0,0,10,10
"fifa_c","Lenovo FIFA","fifa_huawei","huawei","Huawei FIFA",2024-03-31,0,0,10,10
"fifa_c","Lenovo FIFA","fifa_huawei","huawei","Huawei FIFA",2024-04-07,0,0,10,10
"fifa_c","Lenovo FIFA","fifa_huawei","huawei","Huawei FIFA",2024-04-14,0,0,10,10
"fifa_c","Lenovo FIFA","fifa_huawei","huawei","Huawei FIFA",2024-04-21,0,0,10,10
"fifa_c","Lenovo FIFA","fifa_huawei","huawei","Huawei FIFA",2024-04-28,0,0,10,10
"fifa_c","Lenovo FIFA","fifa_huawei","huawei","Huawei FIFA",2024-05-05,0,0,10,10
"fifa_c","Lenovo FIFA","fifa_huawei","huawei","Huawei FIFA",2024-05-12,0,0,10,10
"fifa_c","Lenovo FIFA","fifa_huawei","huawei","Huawei FIFA",2024-05-19,0,0,10,10
"fifa_c","Lenovo FIFA","fifa_huawei","huawei","Huawei FIFA",2024-05-26,0,0,10,10
"fifa_c","Lenovo FIFA","fifa_huawei","huawei","Huawei FIFA",2024-06-02,0,0,10,0
"fifa_c","Lenovo FIFA","fifa_huawei","huawei","Huawei FIFA",2024-06-09,0,0,10,10
"fifa_c","Lenovo FIFA","fifa_huawei","huawei","Huawei FIFA",2024-06-16,0,0,10,10
"fifa_c","Lenovo FIFA","fifa_huawei","huawei","Huawei FIFA",2024-06-23,0,0,10,10
"fifa_c","Lenovo FIFA","fifa_huawei","huawei","Huawei FIFA",2024-06-30,0,0,10,0
"fifa_c","Lenovo FIFA","fifa_huawei","huawei","Huawei FIFA",2024-07-07,0,0,10,10
"fifa_c","Lenovo FIFA","fifa_huawei","huawei","Huawei FIFA",2024-07-14,0,0,10,10
"fifa_c","Lenovo FIFA","fifa_huawei","huawei","Huawei FIFA",2024-07-21,0,0,10,10
"fifa_c","Lenovo FIFA","fifa_huawei","huawei","Huawei FIFA",2024-07-28,0,0,10,10
"fifa_c","Lenovo FIFA","fifa_huawei","huawei","Huawei FIFA",2024-08-04,0,0,10,10
"fifa_c","Lenovo FIFA","fifa_huawei","huawei","Huawei FIFA",2024-08-11,0,0,10,10
"fifa_c","Lenovo FIFA","fifa_huawei","huawei","Huawei FIFA",2024-08-18,0,0,10,10
"fifa_c","Lenovo FIFA","fifa_huawei","huawei","Huawei FIFA",2024-08-25,0,0,10,10
"fifa_c","Lenovo FIFA","fifa_huawei","huawei","Huawei FIFA",2024-09-01,0,0,10,10
"fifa_c","Lenovo FIFA","fifa_huawei","huawei","Huawei FIFA",2024-09-08,0,0,10,0
"fifa_c","Lenovo FIFA","fifa_huawei","huawei","Huawei FIFA",2024-09-15,0,0,10,10
"fifa_c","Lenovo FIFA","fifa_huawei","huawei","Huawei FIFA",2024-09-22,0,0,10,10
"fifa_c","Lenovo FIFA","fifa_huawei","huawei","Huawei FIFA",2024-09-29,0,0,10,10
"fifa_c","Lenovo FIFA","fifa_huawei","huawei","Huawei FIFA",2024-10-06,0,0,10,0
"fifa_c","Lenovo FIFA","fifa_huawei","huawei","Huawei FIFA",2024-10-13,0,0,10,10
"fifa_c","Lenovo FIFA","fifa_huawei","huawei","Huawei FIFA",2024-10-20,0,0,10,10
"fifa_c","Lenovo FIFA","fifa_huawei","huawei","Huawei FIFA",2024-10-27,0,0,10,10
"fifa_c","Lenovo FIFA","fifa_huawei","huawei","Huawei FIFA",2024-11-03,0,0,10,10
"fifa_c","Lenovo FIFA","fifa_huawei","huawei","Huawei FIFA",2024-11-10,0,0,10,0
"fifa_c","Lenovo FIFA","fifa_huawei","huawei","Huawei FIFA",2024-11-17,0,0,10,10
"fifa_c","Lenovo FIFA","fifa_huawei","huawei","Huawei FIFA",2024-11-24,0,0,10,10
"fifa_c","Lenovo FIFA","fifa_huawei","huawei","Huawei FIFA",2024-12-01,0,0,10,10
"fifa_c","Lenovo FIFA","fifa_huawei","huawei","Huawei FIFA",2024-12-08,0,0,10,10
"fifa_c","Lenovo FIFA","fifa_huawei","huawei","Huawei FIFA",2024-12-15,0,0,10,10
"fifa_c","Lenovo FIFA","fifa_huawei","huawei","Huawei FIFA",2024-12-22,0,0,10,10
"fifa_c","Lenovo FIFA","fifa_huawei","huawei","Huawei FIFA",2024-12-29,0,0,10,10
"fifa_c","Lenovo FIFA","fifa_huawei","huawei","Huawei FIFA",2025-01-05,0,0,10,10
"fifa_c","Lenovo FIFA","fifa_huawei","huawei","Huawei FIFA",2025-01-12,0,0,10,10
"fifa_c","Lenovo FIFA","fifa_huawei","huawei","Huawei FIFA",2025-01-19,0,0,10,10
"fifa_c","Lenovo FIFA","fifa_huawei","huawei","Huawei FIFA",2025-01-26,0,0,10,10
"fifa_c","Lenovo FIFA","fifa_huawei","huawei","Huawei FIFA",2025-02-02,0,0,10,10
"fifa_c","Lenovo FIFA","fifa_huawei","huawei","Huawei FIFA",2025-02-09,0,0,10,10
"fifa_c","Lenovo FIFA","fifa_huawei","huawei","Huawei FIFA",2025-02-16,0,0,10,10
"fifa_c","Lenovo FIFA","fifa_huawei","huawei","Huawei FIFA",2025-02-23,0,0,10,10
"fifa_c","Lenovo FIFA","fifa_huawei","huawei","Huawei FIFA",2025-03-02,0,0,10,10
"fifa_c","Lenovo FIFA","fifa_huawei","huawei","Huawei FIFA",2025-03-09,0,0,10,10
"fifa_c","Lenovo FIFA","fifa_huawei","huawei","Huawei FIFA",2025-03-16,0,0,10,10
"fifa_c","Lenovo FIFA","fifa_huawei","huawei","Huawei FIFA",2025-03-23,0,0,10,10
"fifa_c","Lenovo FIFA","fifa_huawei","huawei","Huawei FIFA",2025-03-30,0,0,10,10
"fifa_c","Lenovo FIFA","fifa_huawei","huawei","Huawei FIFA",2025-04-06,0,0,10,10
"fifa_c","Lenovo FIFA","fifa_huawei","huawei","Huawei FIFA",2025-04-13,0,0,10,10
"fifa_c","Lenovo FIFA","fifa_huawei","huawei","Huawei FIFA",2025-04-20,0,0,10,10
"fifa_c","Lenovo FIFA","fifa_huawei","huawei","Huawei FIFA",2025-04-27,0,0,10,10
"fifa_c","Lenovo FIFA","fifa_huawei","huawei","Huawei FIFA",2025-05-04,0,0,10,10
"fifa_c","Lenovo FIFA","fifa_huawei","huawei","Huawei FIFA",2025-05-11,0,0,10,10
"fifa_c","Lenovo FIFA","fifa_huawei","huawei","Huawei FIFA",2025-05-18,0,0,10,10
"fifa_c","Lenovo FIFA","fifa_huawei","huawei","Huawei FIFA",2025-05-25,0,0,10,10
"fifa_c","Lenovo FIFA","fifa_huawei","huawei","Huawei FIFA",2025-06-01,0,0,10,10
"fifa_c","Lenovo FIFA","fifa_huawei","huawei","Huawei FIFA",2025-06-08,0,0,10,0
"fifa_c","Lenovo FIFA","fifa_huawei","huawei","Huawei FIFA",2025-06-15,0.9867172675521821,0,10,0
"fifa_c","Lenovo FIFA","fifa_huawei","huawei","Huawei FIFA",2025-06-22,0.9867172675521821,0,10,0
"fifa_c","Lenovo FIFA","fifa_huawei","huawei","Huawei FIFA",2025-06-29,0,0,10,0
"fifa_c","Lenovo FIFA","fifa_huawei","huawei","Huawei FIFA",2025-07-06,0.9867172675521821,0,10,0
"fifa_c","Lenovo FIFA","fifa_huawei","huawei","Huawei FIFA",2025-07-13,0.9867172675521821,0,10,0
"fifa_c","Lenovo FIFA","fifa_huawei","huawei","Huawei FIFA",2025-07-20,0.9867172675521821,0,10,0
"fifa_c","Lenovo FIFA","fifa_huawei","huawei","Huawei FIFA",2025-07-27,0.9867172675521821,0,10,0
"fifa_c","Lenovo FIFA","fifa_huawei","huawei","Huawei FIFA",2025-08-03,0.9867172675521821,0,10,0
"fifa_c","Lenovo FIFA","fifa_huawei","huawei","Huawei FIFA",2025-08-10,0.9867172675521821,0,10,0
"fifa_c","Lenovo FIFA","fifa_huawei","huawei","Huawei FIFA",2025-08-17,0.9867172675521821,0,10,0
"fifa_c","Lenovo FIFA","fifa_huawei","huawei","Huawei FIFA",2025-08-24,0.9867172675521821,0,10,0
"fifa_c","Lenovo FIFA","fifa_huawei","huawei","Huawei FIFA",2025-08-31,1.9734345351043643,0,10,0
"fifa_c","Lenovo FIFA","fifa_huawei","huawei","Huawei FIFA",2025-09-07,2.9601518026565463,0,10,0
"fifa_c","Lenovo FIFA","fifa_huawei","huawei","Huawei FIFA",2025-09-14,1.9734345351043643,0,10,0
"fifa_c","Lenovo FIFA","fifa_huawei","huawei","Huawei FIFA",2025-09-21,1.9734345351043643,0,10,0
"fifa_c","Lenovo FIFA","fifa_huawei","huawei","Huawei FIFA",2025-09-28,1.9734345351043643,0,10,0
"fifa_c","Lenovo FIFA","fifa_huawei","huawei","Huawei FIFA",2025-10-05,1.9734345351043643,0,10,0
"fifa_c","Lenovo FIFA","fifa_huawei","huawei","Huawei FIFA",2025-10-12,1.9734345351043643,0,10,0
"fifa_c","Lenovo FIFA","fifa_huawei","huawei","Huawei FIFA",2025-10-19,0.9867172675521821,0,10,0
"fifa_c","Lenovo FIFA","fifa_huawei","huawei","Huawei FIFA",2025-10-26,0.9867172675521821,0,10,0
"fifa_c","Lenovo FIFA","fifa_huawei","huawei","Huawei FIFA",2025-11-02,0.9867172675521821,0,10,0
"fifa_c","Lenovo FIFA","fifa_huawei","huawei","Huawei FIFA",2025-11-09,1.9734345351043643,0,10,0
"fifa_c","Lenovo FIFA","fifa_huawei","huawei","Huawei FIFA",2025-11-16,1.9734345351043643,0,10,0
"fifa_c","Lenovo FIFA","fifa_huawei","huawei","Huawei FIFA",2025-11-23,1.9734345351043643,0,10,0
"fifa_c","Lenovo FIFA","fifa_huawei","huawei","Huawei FIFA",2025-11-30,3.9468690702087286,0,10,0
"fifa_c","Lenovo FIFA","fifa_huawei","huawei","Huawei FIFA",2025-12-07,2.9601518026565463,0,10,0
"fifa_c","Lenovo FIFA","fifa_huawei","huawei","Huawei FIFA",2025-12-14,1.9734345351043643,0,10,0
"fifa_c","Lenovo FIFA","fifa_huawei","huawei","Huawei FIFA",2025-12-21,0.9867172675521821,0,10,0
"fifa_c","Lenovo FIFA","fifa_huawei","huawei","Huawei FIFA",2025-12-28,0.9867172675521821,0,10,0
"fifa_c","Lenovo FIFA","fifa_huawei","huawei","Huawei FIFA",2026-01-04,0.9867172675521821,0,10,0
"fifa_c","Lenovo FIFA","fifa_huawei","huawei","Huawei FIFA",2026-01-11,0.9867172675521821,0,10,0
"fifa_c","Lenovo FIFA","fifa_huawei","huawei","Huawei FIFA",2026-01-18,0.9867172675521821,0,10,0
"fifa_c","Lenovo FIFA","fifa_huawei","huawei","Huawei FIFA",2026-01-25,0.9867172675521821,0,10,0
"fifa_c","Lenovo FIFA","fifa_huawei","huawei","Huawei FIFA",2026-02-01,0.9867172675521821,0,10,0
"fifa_c","Lenovo FIFA","fifa_huawei","huawei","Huawei FIFA",2026-02-08,0.9867172675521821,0,10,0
"fifa_c","Lenovo FIFA","fifa_huawei","huawei","Huawei FIFA",2026-02-15,0.9867172675521821,0,10,0
"fifa_c","Lenovo FIFA","fifa_huawei","huawei","Huawei FIFA",2026-02-22,0.9867172675521821,0,10,0
"fifa_c","Lenovo FIFA","fifa_huawei","huawei","Huawei FIFA",2026-03-01,0.9867172675521821,0,10,0
"fifa_c","Lenovo FIFA","fifa_huawei","huawei","Huawei FIFA",2026-03-08,0.9867172675521821,0,10,0
"fifa_c","Lenovo FIFA","fifa_huawei","huawei","Huawei FIFA",2026-03-15,0.9867172675521821,0,10,0
"fifa_c","Lenovo FIFA","fifa_huawei","huawei","Huawei FIFA",2026-03-22,1.9734345351043643,0,10,0
"fifa_c","Lenovo FIFA","fifa_huawei","huawei","Huawei FIFA",2026-03-29,2.9601518026565463,0,10,0
"fifa_c","Lenovo FIFA","fifa_huawei","huawei","Huawei FIFA",2026-04-05,1.9734345351043643,0,10,0
"fifa_c","Lenovo FIFA","fifa_huawei","huawei","Huawei FIFA",2026-04-12,0.9867172675521821,0,10,0
"fifa_c","Lenovo FIFA","fifa_huawei","huawei","Huawei FIFA",2026-04-19,0.9867172675521821,0,10,0
"fifa_c","Lenovo FIFA","fifa_huawei","huawei","Huawei FIFA",2026-04-26,0.9867172675521821,0,10,0
"fifa_c","Lenovo FIFA","fifa_huawei","huawei","Huawei FIFA",2026-05-03,0.9867172675521821,0,10,0
"fifa_c","Lenovo FIFA","fifa_huawei","huawei","Huawei FIFA",2026-05-10,1.9734345351043643,0,10,0
"fifa_c","Lenovo FIFA","fifa_huawei","huawei","Huawei FIFA",2026-05-17,2.9601518026565463,0,10,0
"fifa_c","Lenovo FIFA","fifa_huawei","huawei","Huawei FIFA",2026-05-24,3.9468690702087286,0,10,0
"fifa_c","Lenovo FIFA","fifa_huawei","huawei","Huawei FIFA",2026-05-31,7.893738140417457,0,10,0
"fifa_c","Lenovo FIFA","fifa_huawei","huawei","Huawei FIFA",2026-06-07,25.65464895635673,0,10,0
"fifa_c","Lenovo FIFA","fifa_huawei","huawei","Huawei FIFA",2026-06-14,29.601518026565465,0,10,0
"fifa_c","Lenovo FIFA","fifa_huawei","huawei","Huawei FIFA",2026-06-21,28.61480075901328,0,10,0
"fifa_c","Lenovo FIFA","fifa_huawei","huawei","Huawei FIFA",2026-06-28,33.54838709677419,0,10,0
"fifa_c","Lenovo FIFA","fifa_huawei","huawei","Huawei FIFA",2026-07-05,27.628083491461105,0,10,0
"fifa_c","Lenovo FIFA","fifa_huawei","huawei","Huawei FIFA",2026-07-12,18.74762808349146,0,10,0
"fifa_c","Lenovo FIFA","fifa_huawei","huawei","Huawei FIFA",2026-07-19,11.840607210626185,0,10,0
"fifa_c","Lenovo FIFA","fifa_huawei","huawei","Huawei FIFA",2026-07-26,1.9734345351043643,0,10,0
"fifa_c","Lenovo FIFA","fifa_huawei","huawei","Huawei FIFA",2026-08-02,0.9867172675521821,0,10,0
"fifa_c","Lenovo FIFA","fifa_huawei","huawei","Huawei FIFA",2026-08-09,1.9734345351043643,0,10,0
"fifa_c","Lenovo FIFA","fifa_huawei","huawei","Huawei FIFA",2026-08-16,0.9867172675521821,0,10,0
"fifa_c","Lenovo FIFA","fifa_huawei","huawei","Huawei FIFA",2026-08-23,0.9867172675521821,0,10,0
"fifa_c","Lenovo FIFA","fifa_huawei","huawei","Huawei FIFA",2026-08-30,0.9867172675521821,0,10,0
"fifa_c","Lenovo FIFA","fifa_huawei","huawei","Huawei FIFA",2026-09-06,0.9867172675521821,0,10,0
"fifa_c","Lenovo FIFA","fifa_huawei","huawei","Huawei FIFA",2026-09-13,0,0,10,10
"fifa_c","Lenovo FIFA","fifa_huawei","huawei","Huawei FIFA",2026-09-20,0,0,10,0
"fifa_c","Lenovo FIFA","fifa_huawei","huawei","Huawei FIFA",2026-09-27,0,0,10,0
"fifa_c","Lenovo FIFA","fifa_intel","intel","Intel FIFA",2021-12-26,0.9867172675521821,0,10,0
"fifa_c","Lenovo FIFA","fifa_intel","intel","Intel FIFA",2022-01-02,0.9867172675521821,0,10,0
"fifa_c","Lenovo FIFA","fifa_intel","intel","Intel FIFA",2022-01-09,0.9867172675521821,0,10,0
"fifa_c","Lenovo FIFA","fifa_intel","intel","Intel FIFA",2022-01-16,0.9867172675521821,0,10,0
"fifa_c","Lenovo FIFA","fifa_intel","intel","Intel FIFA",2022-01-23,0.9867172675521821,0,10,0
"fifa_c","Lenovo FIFA","fifa_intel","intel","Intel FIFA",2022-01-30,0.9867172675521821,0,10,0
"fifa_c","Lenovo FIFA","fifa_intel","intel","Intel FIFA",2022-02-06,0.9867172675521821,0,10,0
"fifa_c","Lenovo FIFA","fifa_intel","intel","Intel FIFA",2022-02-13,0.9867172675521821,0,10,0
"fifa_c","Lenovo FIFA","fifa_intel","intel","Intel FIFA",2022-02-20,0.9867172675521821,0,10,0
"fifa_c","Lenovo FIFA","fifa_intel","intel","Intel FIFA",2022-02-27,0.9867172675521821,0,10,0
"fifa_c","Lenovo FIFA","fifa_intel","intel","Intel FIFA",2022-03-06,0.9867172675521821,0,10,0
"fifa_c","Lenovo FIFA","fifa_intel","intel","Intel FIFA",2022-03-13,0.9867172675521821,0,10,0
"fifa_c","Lenovo FIFA","fifa_intel","intel","Intel FIFA",2022-03-20,0.9867172675521821,0,10,0
"fifa_c","Lenovo FIFA","fifa_intel","intel","Intel FIFA",2022-03-27,0.9867172675521821,0,10,0
"fifa_c","Lenovo FIFA","fifa_intel","intel","Intel FIFA",2022-04-03,0.9867172675521821,0,10,0
"fifa_c","Lenovo FIFA","fifa_intel","intel","Intel FIFA",2022-04-10,0.9867172675521821,0,10,0
"fifa_c","Lenovo FIFA","fifa_intel","intel","Intel FIFA",2022-04-17,0.9867172675521821,0,10,0
"fifa_c","Lenovo FIFA","fifa_intel","intel","Intel FIFA",2022-04-24,0.9867172675521821,0,10,0
"fifa_c","Lenovo FIFA","fifa_intel","intel","Intel FIFA",2022-05-01,0.9867172675521821,0,10,0
"fifa_c","Lenovo FIFA","fifa_intel","intel","Intel FIFA",2022-05-08,0.9867172675521821,0,10,0
"fifa_c","Lenovo FIFA","fifa_intel","intel","Intel FIFA",2022-05-15,0.9867172675521821,0,10,0
"fifa_c","Lenovo FIFA","fifa_intel","intel","Intel FIFA",2022-05-22,0.9867172675521821,0,10,0
"fifa_c","Lenovo FIFA","fifa_intel","intel","Intel FIFA",2022-05-29,0.9867172675521821,0,10,0
"fifa_c","Lenovo FIFA","fifa_intel","intel","Intel FIFA",2022-06-05,0.9867172675521821,0,10,0
"fifa_c","Lenovo FIFA","fifa_intel","intel","Intel FIFA",2022-06-12,0.9867172675521821,0,10,0
"fifa_c","Lenovo FIFA","fifa_intel","intel","Intel FIFA",2022-06-19,0.9867172675521821,0,10,0
"fifa_c","Lenovo FIFA","fifa_intel","intel","Intel FIFA",2022-06-26,0.9867172675521821,0,10,0
"fifa_c","Lenovo FIFA","fifa_intel","intel","Intel FIFA",2022-07-03,0.9867172675521821,0,10,0
"fifa_c","Lenovo FIFA","fifa_intel","intel","Intel FIFA",2022-07-10,0.9867172675521821,0,10,0
"fifa_c","Lenovo FIFA","fifa_intel","intel","Intel FIFA",2022-07-17,0.9867172675521821,0,10,0
"fifa_c","Lenovo FIFA","fifa_intel","intel","Intel FIFA",2022-07-24,0.9867172675521821,0,10,0
"fifa_c","Lenovo FIFA","fifa_intel","intel","Intel FIFA",2022-07-31,0.9867172675521821,0,10,0
"fifa_c","Lenovo FIFA","fifa_intel","intel","Intel FIFA",2022-08-07,0.9867172675521821,0,10,0
"fifa_c","Lenovo FIFA","fifa_intel","intel","Intel FIFA",2022-08-14,0.9867172675521821,0,10,0
"fifa_c","Lenovo FIFA","fifa_intel","intel","Intel FIFA",2022-08-21,0.9867172675521821,0,10,0
"fifa_c","Lenovo FIFA","fifa_intel","intel","Intel FIFA",2022-08-28,0.9867172675521821,0,10,0
"fifa_c","Lenovo FIFA","fifa_intel","intel","Intel FIFA",2022-09-04,0.9867172675521821,0,10,0
"fifa_c","Lenovo FIFA","fifa_intel","intel","Intel FIFA",2022-09-11,0.9867172675521821,0,10,0
"fifa_c","Lenovo FIFA","fifa_intel","intel","Intel FIFA",2022-09-18,0.9867172675521821,0,10,0
"fifa_c","Lenovo FIFA","fifa_intel","intel","Intel FIFA",2022-09-25,2.9601518026565463,0,10,0
"fifa_c","Lenovo FIFA","fifa_intel","intel","Intel FIFA",2022-10-02,1.9734345351043643,0,10,0
"fifa_c","Lenovo FIFA","fifa_intel","intel","Intel FIFA",2022-10-09,1.9734345351043643,0,10,0
"fifa_c","Lenovo FIFA","fifa_intel","intel","Intel FIFA",2022-10-16,0.9867172675521821,0,10,0
"fifa_c","Lenovo FIFA","fifa_intel","intel","Intel FIFA",2022-10-23,0.9867172675521821,0,10,0
"fifa_c","Lenovo FIFA","fifa_intel","intel","Intel FIFA",2022-10-30,0.9867172675521821,0,10,0
"fifa_c","Lenovo FIFA","fifa_intel","intel","Intel FIFA",2022-11-06,0.9867172675521821,0,10,0
"fifa_c","Lenovo FIFA","fifa_intel","intel","Intel FIFA",2022-11-13,0.9867172675521821,0,10,0
"fifa_c","Lenovo FIFA","fifa_intel","intel","Intel FIFA",2022-11-20,2.9601518026565463,0,10,0
"fifa_c","Lenovo FIFA","fifa_intel","intel","Intel FIFA",2022-11-27,2.9601518026565463,0,10,0
"fifa_c","Lenovo FIFA","fifa_intel","intel","Intel FIFA",2022-12-04,1.9734345351043643,0,10,0
"fifa_c","Lenovo FIFA","fifa_intel","intel","Intel FIFA",2022-12-11,1.9734345351043643,0,10,0
"fifa_c","Lenovo FIFA","fifa_intel","intel","Intel FIFA",2022-12-18,1.9734345351043643,0,10,0
"fifa_c","Lenovo FIFA","fifa_intel","intel","Intel FIFA",2022-12-25,1.9734345351043643,0,10,0
"fifa_c","Lenovo FIFA","fifa_intel","intel","Intel FIFA",2023-01-01,0.9867172675521821,0,10,0
"fifa_c","Lenovo FIFA","fifa_intel","intel","Intel FIFA",2023-01-08,0.9867172675521821,0,10,0
"fifa_c","Lenovo FIFA","fifa_intel","intel","Intel FIFA",2023-01-15,0.9867172675521821,0,10,0
"fifa_c","Lenovo FIFA","fifa_intel","intel","Intel FIFA",2023-01-22,0.9867172675521821,0,10,0
"fifa_c","Lenovo FIFA","fifa_intel","intel","Intel FIFA",2023-01-29,0.9867172675521821,0,10,0
"fifa_c","Lenovo FIFA","fifa_intel","intel","Intel FIFA",2023-02-05,0.9867172675521821,0,10,0
"fifa_c","Lenovo FIFA","fifa_intel","intel","Intel FIFA",2023-02-12,0.9867172675521821,0,10,0
"fifa_c","Lenovo FIFA","fifa_intel","intel","Intel FIFA",2023-02-19,0.9867172675521821,0,10,0
"fifa_c","Lenovo FIFA","fifa_intel","intel","Intel FIFA",2023-02-26,0.9867172675521821,0,10,0
"fifa_c","Lenovo FIFA","fifa_intel","intel","Intel FIFA",2023-03-05,0.9867172675521821,0,10,0
"fifa_c","Lenovo FIFA","fifa_intel","intel","Intel FIFA",2023-03-12,0.9867172675521821,0,10,0
"fifa_c","Lenovo FIFA","fifa_intel","intel","Intel FIFA",2023-03-19,0.9867172675521821,0,10,0
"fifa_c","Lenovo FIFA","fifa_intel","intel","Intel FIFA",2023-03-26,0.9867172675521821,0,10,0
"fifa_c","Lenovo FIFA","fifa_intel","intel","Intel FIFA",2023-04-02,0.9867172675521821,0,10,0
"fifa_c","Lenovo FIFA","fifa_intel","intel","Intel FIFA",2023-04-09,0.9867172675521821,0,10,0
"fifa_c","Lenovo FIFA","fifa_intel","intel","Intel FIFA",2023-04-16,0.9867172675521821,0,10,0
"fifa_c","Lenovo FIFA","fifa_intel","intel","Intel FIFA",2023-04-23,0.9867172675521821,0,10,0
"fifa_c","Lenovo FIFA","fifa_intel","intel","Intel FIFA",2023-04-30,0.9867172675521821,0,10,0
"fifa_c","Lenovo FIFA","fifa_intel","intel","Intel FIFA",2023-05-07,0.9867172675521821,0,10,0
"fifa_c","Lenovo FIFA","fifa_intel","intel","Intel FIFA",2023-05-14,0.9867172675521821,0,10,0
"fifa_c","Lenovo FIFA","fifa_intel","intel","Intel FIFA",2023-05-21,0.9867172675521821,0,10,0
"fifa_c","Lenovo FIFA","fifa_intel","intel","Intel FIFA",2023-05-28,0.9867172675521821,0,10,0
"fifa_c","Lenovo FIFA","fifa_intel","intel","Intel FIFA",2023-06-04,0.9867172675521821,0,10,0
"fifa_c","Lenovo FIFA","fifa_intel","intel","Intel FIFA",2023-06-11,0.9867172675521821,0,10,0
"fifa_c","Lenovo FIFA","fifa_intel","intel","Intel FIFA",2023-06-18,0.9867172675521821,0,10,0
"fifa_c","Lenovo FIFA","fifa_intel","intel","Intel FIFA",2023-06-25,0.9867172675521821,0,10,0
"fifa_c","Lenovo FIFA","fifa_intel","intel","Intel FIFA",2023-07-02,0.9867172675521821,0,10,0
"fifa_c","Lenovo FIFA","fifa_intel","intel","Intel FIFA",2023-07-09,0.9867172675521821,0,10,0
"fifa_c","Lenovo FIFA","fifa_intel","intel","Intel FIFA",2023-07-16,0.9867172675521821,0,10,0
"fifa_c","Lenovo FIFA","fifa_intel","intel","Intel FIFA",2023-07-23,0.9867172675521821,0,10,0
"fifa_c","Lenovo FIFA","fifa_intel","intel","Intel FIFA",2023-07-30,0.9867172675521821,0,10,0
"fifa_c","Lenovo FIFA","fifa_intel","intel","Intel FIFA",2023-08-06,0.9867172675521821,0,10,0
"fifa_c","Lenovo FIFA","fifa_intel","intel","Intel FIFA",2023-08-13,0.9867172675521821,0,10,0
"fifa_c","Lenovo FIFA","fifa_intel","intel","Intel FIFA",2023-08-20,0.9867172675521821,0,10,0
"fifa_c","Lenovo FIFA","fifa_intel","intel","Intel FIFA",2023-08-27,0.9867172675521821,0,10,0
"fifa_c","Lenovo FIFA","fifa_intel","intel","Intel FIFA",2023-09-03,0.9867172675521821,0,10,0
"fifa_c","Lenovo FIFA","fifa_intel","intel","Intel FIFA",2023-09-10,0.9867172675521821,0,10,0
"fifa_c","Lenovo FIFA","fifa_intel","intel","Intel FIFA",2023-09-17,0.9867172675521821,0,10,0
"fifa_c","Lenovo FIFA","fifa_intel","intel","Intel FIFA",2023-09-24,0.9867172675521821,0,10,0
"fifa_c","Lenovo FIFA","fifa_intel","intel","Intel FIFA",2023-10-01,0.9867172675521821,0,10,0
"fifa_c","Lenovo FIFA","fifa_intel","intel","Intel FIFA",2023-10-08,0.9867172675521821,0,10,0
"fifa_c","Lenovo FIFA","fifa_intel","intel","Intel FIFA",2023-10-15,0.9867172675521821,0,10,0
"fifa_c","Lenovo FIFA","fifa_intel","intel","Intel FIFA",2023-10-22,0.9867172675521821,0,10,0
"fifa_c","Lenovo FIFA","fifa_intel","intel","Intel FIFA",2023-10-29,0.9867172675521821,0,10,0
"fifa_c","Lenovo FIFA","fifa_intel","intel","Intel FIFA",2023-11-05,0.9867172675521821,0,10,0
"fifa_c","Lenovo FIFA","fifa_intel","intel","Intel FIFA",2023-11-12,0.9867172675521821,0,10,0
"fifa_c","Lenovo FIFA","fifa_intel","intel","Intel FIFA",2023-11-19,0.9867172675521821,0,10,0
"fifa_c","Lenovo FIFA","fifa_intel","intel","Intel FIFA",2023-11-26,0.9867172675521821,0,10,0
"fifa_c","Lenovo FIFA","fifa_intel","intel","Intel FIFA",2023-12-03,0.9867172675521821,0,10,0
"fifa_c","Lenovo FIFA","fifa_intel","intel","Intel FIFA",2023-12-10,0.9867172675521821,0,10,0
"fifa_c","Lenovo FIFA","fifa_intel","intel","Intel FIFA",2023-12-17,0.9867172675521821,0,10,0
"fifa_c","Lenovo FIFA","fifa_intel","intel","Intel FIFA",2023-12-24,0.9867172675521821,0,10,0
"fifa_c","Lenovo FIFA","fifa_intel","intel","Intel FIFA",2023-12-31,0.9867172675521821,0,10,0
"fifa_c","Lenovo FIFA","fifa_intel","intel","Intel FIFA",2024-01-07,0.9867172675521821,0,10,0
"fifa_c","Lenovo FIFA","fifa_intel","intel","Intel FIFA",2024-01-14,0.9867172675521821,0,10,0
"fifa_c","Lenovo FIFA","fifa_intel","intel","Intel FIFA",2024-01-21,0.9867172675521821,0,10,0
"fifa_c","Lenovo FIFA","fifa_intel","intel","Intel FIFA",2024-01-28,0.9867172675521821,0,10,0
"fifa_c","Lenovo FIFA","fifa_intel","intel","Intel FIFA",2024-02-04,0.9867172675521821,0,10,0
"fifa_c","Lenovo FIFA","fifa_intel","intel","Intel FIFA",2024-02-11,0.9867172675521821,0,10,0
"fifa_c","Lenovo FIFA","fifa_intel","intel","Intel FIFA",2024-02-18,0.9867172675521821,0,10,0
"fifa_c","Lenovo FIFA","fifa_intel","intel","Intel FIFA",2024-02-25,0.9867172675521821,0,10,0
"fifa_c","Lenovo FIFA","fifa_intel","intel","Intel FIFA",2024-03-03,0.9867172675521821,0,10,0
"fifa_c","Lenovo FIFA","fifa_intel","intel","Intel FIFA",2024-03-10,0.9867172675521821,0,10,0
"fifa_c","Lenovo FIFA","fifa_intel","intel","Intel FIFA",2024-03-17,0.9867172675521821,0,10,0
"fifa_c","Lenovo FIFA","fifa_intel","intel","Intel FIFA",2024-03-24,0.9867172675521821,0,10,0
"fifa_c","Lenovo FIFA","fifa_intel","intel","Intel FIFA",2024-03-31,0.9867172675521821,0,10,0
"fifa_c","Lenovo FIFA","fifa_intel","intel","Intel FIFA",2024-04-07,0.9867172675521821,0,10,0
"fifa_c","Lenovo FIFA","fifa_intel","intel","Intel FIFA",2024-04-14,0.9867172675521821,0,10,0
"fifa_c","Lenovo FIFA","fifa_intel","intel","Intel FIFA",2024-04-21,0.9867172675521821,0,10,0
"fifa_c","Lenovo FIFA","fifa_intel","intel","Intel FIFA",2024-04-28,0.9867172675521821,0,10,0
"fifa_c","Lenovo FIFA","fifa_intel","intel","Intel FIFA",2024-05-05,0.9867172675521821,0,10,0
"fifa_c","Lenovo FIFA","fifa_intel","intel","Intel FIFA",2024-05-12,0.9867172675521821,0,10,0
"fifa_c","Lenovo FIFA","fifa_intel","intel","Intel FIFA",2024-05-19,0.9867172675521821,0,10,0
"fifa_c","Lenovo FIFA","fifa_intel","intel","Intel FIFA",2024-05-26,0.9867172675521821,0,10,0
"fifa_c","Lenovo FIFA","fifa_intel","intel","Intel FIFA",2024-06-02,0.9867172675521821,0,10,0
"fifa_c","Lenovo FIFA","fifa_intel","intel","Intel FIFA",2024-06-09,0.9867172675521821,0,10,0
"fifa_c","Lenovo FIFA","fifa_intel","intel","Intel FIFA",2024-06-16,0.9867172675521821,0,10,0
"fifa_c","Lenovo FIFA","fifa_intel","intel","Intel FIFA",2024-06-23,0.9867172675521821,0,10,0
"fifa_c","Lenovo FIFA","fifa_intel","intel","Intel FIFA",2024-06-30,0.9867172675521821,0,10,0
"fifa_c","Lenovo FIFA","fifa_intel","intel","Intel FIFA",2024-07-07,0.9867172675521821,0,10,0
"fifa_c","Lenovo FIFA","fifa_intel","intel","Intel FIFA",2024-07-14,0.9867172675521821,0,10,0
"fifa_c","Lenovo FIFA","fifa_intel","intel","Intel FIFA",2024-07-21,0.9867172675521821,0,10,0
"fifa_c","Lenovo FIFA","fifa_intel","intel","Intel FIFA",2024-07-28,0.9867172675521821,0,10,0
"fifa_c","Lenovo FIFA","fifa_intel","intel","Intel FIFA",2024-08-04,0.9867172675521821,0,10,0
"fifa_c","Lenovo FIFA","fifa_intel","intel","Intel FIFA",2024-08-11,0.9867172675521821,0,10,0
"fifa_c","Lenovo FIFA","fifa_intel","intel","Intel FIFA",2024-08-18,0.9867172675521821,0,10,0
"fifa_c","Lenovo FIFA","fifa_intel","intel","Intel FIFA",2024-08-25,0.9867172675521821,0,10,0
"fifa_c","Lenovo FIFA","fifa_intel","intel","Intel FIFA",2024-09-01,0,0,10,0
"fifa_c","Lenovo FIFA","fifa_intel","intel","Intel FIFA",2024-09-08,0.9867172675521821,0,10,0
"fifa_c","Lenovo FIFA","fifa_intel","intel","Intel FIFA",2024-09-15,0.9867172675521821,0,10,0
"fifa_c","Lenovo FIFA","fifa_intel","intel","Intel FIFA",2024-09-22,0.9867172675521821,0,10,0
"fifa_c","Lenovo FIFA","fifa_intel","intel","Intel FIFA",2024-09-29,0.9867172675521821,0,10,0
"fifa_c","Lenovo FIFA","fifa_intel","intel","Intel FIFA",2024-10-06,0.9867172675521821,0,10,0
"fifa_c","Lenovo FIFA","fifa_intel","intel","Intel FIFA",2024-10-13,0.9867172675521821,0,10,0
"fifa_c","Lenovo FIFA","fifa_intel","intel","Intel FIFA",2024-10-20,0.9867172675521821,0,10,0
"fifa_c","Lenovo FIFA","fifa_intel","intel","Intel FIFA",2024-10-27,0.9867172675521821,0,10,0
"fifa_c","Lenovo FIFA","fifa_intel","intel","Intel FIFA",2024-11-03,0,0,10,0
"fifa_c","Lenovo FIFA","fifa_intel","intel","Intel FIFA",2024-11-10,0.9867172675521821,0,10,0
"fifa_c","Lenovo FIFA","fifa_intel","intel","Intel FIFA",2024-11-17,0.9867172675521821,0,10,0
"fifa_c","Lenovo FIFA","fifa_intel","intel","Intel FIFA",2024-11-24,0.9867172675521821,0,10,0
"fifa_c","Lenovo FIFA","fifa_intel","intel","Intel FIFA",2024-12-01,0.9867172675521821,0,10,0
"fifa_c","Lenovo FIFA","fifa_intel","intel","Intel FIFA",2024-12-08,0.9867172675521821,0,10,0
"fifa_c","Lenovo FIFA","fifa_intel","intel","Intel FIFA",2024-12-15,0.9867172675521821,0,10,0
"fifa_c","Lenovo FIFA","fifa_intel","intel","Intel FIFA",2024-12-22,0.9867172675521821,0,10,0
"fifa_c","Lenovo FIFA","fifa_intel","intel","Intel FIFA",2024-12-29,0.9867172675521821,0,10,0
"fifa_c","Lenovo FIFA","fifa_intel","intel","Intel FIFA",2025-01-05,0.9867172675521821,0,10,0
"fifa_c","Lenovo FIFA","fifa_intel","intel","Intel FIFA",2025-01-12,0.9867172675521821,0,10,0
"fifa_c","Lenovo FIFA","fifa_intel","intel","Intel FIFA",2025-01-19,0.9867172675521821,0,10,0
"fifa_c","Lenovo FIFA","fifa_intel","intel","Intel FIFA",2025-01-26,0.9867172675521821,0,10,0
"fifa_c","Lenovo FIFA","fifa_intel","intel","Intel FIFA",2025-02-02,0.9867172675521821,0,10,0
"fifa_c","Lenovo FIFA","fifa_intel","intel","Intel FIFA",2025-02-09,0.9867172675521821,0,10,0
"fifa_c","Lenovo FIFA","fifa_intel","intel","Intel FIFA",2025-02-16,0.9867172675521821,0,10,0
"fifa_c","Lenovo FIFA","fifa_intel","intel","Intel FIFA",2025-02-23,0.9867172675521821,0,10,0
"fifa_c","Lenovo FIFA","fifa_intel","intel","Intel FIFA",2025-03-02,0.9867172675521821,0,10,0
"fifa_c","Lenovo FIFA","fifa_intel","intel","Intel FIFA",2025-03-09,0,0,10,0
"fifa_c","Lenovo FIFA","fifa_intel","intel","Intel FIFA",2025-03-16,0.9867172675521821,0,10,0
"fifa_c","Lenovo FIFA","fifa_intel","intel","Intel FIFA",2025-03-23,0,0,10,0
"fifa_c","Lenovo FIFA","fifa_intel","intel","Intel FIFA",2025-03-30,0,0,10,0
"fifa_c","Lenovo FIFA","fifa_intel","intel","Intel FIFA",2025-04-06,0.9867172675521821,0,10,0
"fifa_c","Lenovo FIFA","fifa_intel","intel","Intel FIFA",2025-04-13,0,0,10,0
"fifa_c","Lenovo FIFA","fifa_intel","intel","Intel FIFA",2025-04-20,0.9867172675521821,0,10,0
"fifa_c","Lenovo FIFA","fifa_intel","intel","Intel FIFA",2025-04-27,0,0,10,0
"fifa_c","Lenovo FIFA","fifa_intel","intel","Intel FIFA",2025-05-04,0,0,10,0
"fifa_c","Lenovo FIFA","fifa_intel","intel","Intel FIFA",2025-05-11,0.9867172675521821,0,10,0
"fifa_c","Lenovo FIFA","fifa_intel","intel","Intel FIFA",2025-05-18,0,0,10,0
"fifa_c","Lenovo FIFA","fifa_intel","intel","Intel FIFA",2025-05-25,0.9867172675521821,0,10,0
"fifa_c","Lenovo FIFA","fifa_intel","intel","Intel FIFA",2025-06-01,0.9867172675521821,0,10,0
"fifa_c","Lenovo FIFA","fifa_intel","intel","Intel FIFA",2025-06-08,0.9867172675521821,0,10,0
"fifa_c","Lenovo FIFA","fifa_intel","intel","Intel FIFA",2025-06-15,0.9867172675521821,0,10,0
"fifa_c","Lenovo FIFA","fifa_intel","intel","Intel FIFA",2025-06-22,0.9867172675521821,0,10,0
"fifa_c","Lenovo FIFA","fifa_intel","intel","Intel FIFA",2025-06-29,0.9867172675521821,0,10,0
"fifa_c","Lenovo FIFA","fifa_intel","intel","Intel FIFA",2025-07-06,0.9867172675521821,0,10,0
"fifa_c","Lenovo FIFA","fifa_intel","intel","Intel FIFA",2025-07-13,0.9867172675521821,0,10,0
"fifa_c","Lenovo FIFA","fifa_intel","intel","Intel FIFA",2025-07-20,1.9734345351043643,0,10,0
"fifa_c","Lenovo FIFA","fifa_intel","intel","Intel FIFA",2025-07-27,1.9734345351043643,0,10,0
"fifa_c","Lenovo FIFA","fifa_intel","intel","Intel FIFA",2025-08-03,2.9601518026565463,0,10,0
"fifa_c","Lenovo FIFA","fifa_intel","intel","Intel FIFA",2025-08-10,2.9601518026565463,0,10,0
"fifa_c","Lenovo FIFA","fifa_intel","intel","Intel FIFA",2025-08-17,3.9468690702087286,0,10,0
"fifa_c","Lenovo FIFA","fifa_intel","intel","Intel FIFA",2025-08-24,3.9468690702087286,0,10,0
"fifa_c","Lenovo FIFA","fifa_intel","intel","Intel FIFA",2025-08-31,6.907020872865276,0,10,0
"fifa_c","Lenovo FIFA","fifa_intel","intel","Intel FIFA",2025-09-07,6.907020872865276,0,10,0
"fifa_c","Lenovo FIFA","fifa_intel","intel","Intel FIFA",2025-09-14,3.9468690702087286,0,10,0
"fifa_c","Lenovo FIFA","fifa_intel","intel","Intel FIFA",2025-09-21,5.920303605313093,0,10,0
"fifa_c","Lenovo FIFA","fifa_intel","intel","Intel FIFA",2025-09-28,5.920303605313093,0,10,0
"fifa_c","Lenovo FIFA","fifa_intel","intel","Intel FIFA",2025-10-05,3.9468690702087286,0,10,0
"fifa_c","Lenovo FIFA","fifa_intel","intel","Intel FIFA",2025-10-12,3.9468690702087286,0,10,0
"fifa_c","Lenovo FIFA","fifa_intel","intel","Intel FIFA",2025-10-19,3.9468690702087286,0,10,0
"fifa_c","Lenovo FIFA","fifa_intel","intel","Intel FIFA",2025-10-26,2.9601518026565463,0,10,0
"fifa_c","Lenovo FIFA","fifa_intel","intel","Intel FIFA",2025-11-02,2.9601518026565463,0,10,0
"fifa_c","Lenovo FIFA","fifa_intel","intel","Intel FIFA",2025-11-09,4.933586337760911,0,10,0
"fifa_c","Lenovo FIFA","fifa_intel","intel","Intel FIFA",2025-11-16,5.920303605313093,0,10,0
"fifa_c","Lenovo FIFA","fifa_intel","intel","Intel FIFA",2025-11-23,5.920303605313093,0,10,0
"fifa_c","Lenovo FIFA","fifa_intel","intel","Intel FIFA",2025-11-30,10.853889943074003,0,10,0
"fifa_c","Lenovo FIFA","fifa_intel","intel","Intel FIFA",2025-12-07,7.893738140417457,0,10,0
"fifa_c","Lenovo FIFA","fifa_intel","intel","Intel FIFA",2025-12-14,5.920303605313093,0,10,0
"fifa_c","Lenovo FIFA","fifa_intel","intel","Intel FIFA",2025-12-21,1.9734345351043643,0,10,0
"fifa_c","Lenovo FIFA","fifa_intel","intel","Intel FIFA",2025-12-28,1.9734345351043643,0,10,0
"fifa_c","Lenovo FIFA","fifa_intel","intel","Intel FIFA",2026-01-04,1.9734345351043643,0,10,0
"fifa_c","Lenovo FIFA","fifa_intel","intel","Intel FIFA",2026-01-11,2.9601518026565463,0,10,0
"fifa_c","Lenovo FIFA","fifa_intel","intel","Intel FIFA",2026-01-18,3.9468690702087286,0,10,0
"fifa_c","Lenovo FIFA","fifa_intel","intel","Intel FIFA",2026-01-25,2.9601518026565463,0,10,0
"fifa_c","Lenovo FIFA","fifa_intel","intel","Intel FIFA",2026-02-01,2.9601518026565463,0,10,0
"fifa_c","Lenovo FIFA","fifa_intel","intel","Intel FIFA",2026-02-08,2.9601518026565463,0,10,0
"fifa_c","Lenovo FIFA","fifa_intel","intel","Intel FIFA",2026-02-15,2.9601518026565463,0,10,0
"fifa_c","Lenovo FIFA","fifa_intel","intel","Intel FIFA",2026-02-22,2.9601518026565463,0,10,0
"fifa_c","Lenovo FIFA","fifa_intel","intel","Intel FIFA",2026-03-01,2.9601518026565463,0,10,0
"fifa_c","Lenovo FIFA","fifa_intel","intel","Intel FIFA",2026-03-08,2.9601518026565463,0,10,0
"fifa_c","Lenovo FIFA","fifa_intel","intel","Intel FIFA",2026-03-15,2.9601518026565463,0,10,0
"fifa_c","Lenovo FIFA","fifa_intel","intel","Intel FIFA",2026-03-22,4.933586337760911,0,10,0
"fifa_c","Lenovo FIFA","fifa_intel","intel","Intel FIFA",2026-03-29,6.907020872865276,0,10,0
"fifa_c","Lenovo FIFA","fifa_intel","intel","Intel FIFA",2026-04-05,4.933586337760911,0,10,0
"fifa_c","Lenovo FIFA","fifa_intel","intel","Intel FIFA",2026-04-12,3.9468690702087286,0,10,0
"fifa_c","Lenovo FIFA","fifa_intel","intel","Intel FIFA",2026-04-19,3.9468690702087286,0,10,0
"fifa_c","Lenovo FIFA","fifa_intel","intel","Intel FIFA",2026-04-26,3.9468690702087286,0,10,0
"fifa_c","Lenovo FIFA","fifa_intel","intel","Intel FIFA",2026-05-03,3.9468690702087286,0,10,0
"fifa_c","Lenovo FIFA","fifa_intel","intel","Intel FIFA",2026-05-10,5.920303605313093,0,10,0
"fifa_c","Lenovo FIFA","fifa_intel","intel","Intel FIFA",2026-05-17,8.88045540796964,0,10,0
"fifa_c","Lenovo FIFA","fifa_intel","intel","Intel FIFA",2026-05-24,9.867172675521822,0,10,0
"fifa_c","Lenovo FIFA","fifa_intel","intel","Intel FIFA",2026-05-31,19.734345351043643,0,10,0
"fifa_c","Lenovo FIFA","fifa_intel","intel","Intel FIFA",2026-06-07,54.269449715370015,0,10,0
"fifa_c","Lenovo FIFA","fifa_intel","intel","Intel FIFA",2026-06-14,47.36242884250474,0,10,0
"fifa_c","Lenovo FIFA","fifa_intel","intel","Intel FIFA",2026-06-21,50.32258064516129,0,10,0
"fifa_c","Lenovo FIFA","fifa_intel","intel","Intel FIFA",2026-06-28,67.09677419354838,0,10,0
"fifa_c","Lenovo FIFA","fifa_intel","intel","Intel FIFA",2026-07-05,52.296015180265655,0,10,0
"fifa_c","Lenovo FIFA","fifa_intel","intel","Intel FIFA",2026-07-12,32.56166982922201,0,10,0
"fifa_c","Lenovo FIFA","fifa_intel","intel","Intel FIFA",2026-07-19,25.65464895635673,0,10,0
"fifa_c","Lenovo FIFA","fifa_intel","intel","Intel FIFA",2026-07-26,4.933586337760911,0,10,0
"fifa_c","Lenovo FIFA","fifa_intel","intel","Intel FIFA",2026-08-02,2.9601518026565463,0,10,0
"fifa_c","Lenovo FIFA","fifa_intel","intel","Intel FIFA",2026-08-09,2.9601518026565463,0,10,0
"fifa_c","Lenovo FIFA","fifa_intel","intel","Intel FIFA",2026-08-16,1.9734345351043643,0,10,0
"fifa_c","Lenovo FIFA","fifa_intel","intel","Intel FIFA",2026-08-23,2.9601518026565463,0,10,0
"fifa_c","Lenovo FIFA","fifa_intel","intel","Intel FIFA",2026-08-30,2.9601518026565463,0,10,0
"fifa_c","Lenovo FIFA","fifa_intel","intel","Intel FIFA",2026-09-06,2.9601518026565463,0,10,0
"fifa_c","Lenovo FIFA","fifa_intel","intel","Intel FIFA",2026-09-13,1.9734345351043643,0,10,0
"fifa_c","Lenovo FIFA","fifa_intel","intel","Intel FIFA",2026-09-20,0.9867172675521821,0,10,0
"fifa_c","Lenovo FIFA","fifa_intel","intel","Intel FIFA",2026-09-27,0.9867172675521821,0,10,0
"fifa_c","Lenovo FIFA","fifa_sony","sony","Sony FIFA",2021-12-26,0.9867172675521821,0,10,0
"fifa_c","Lenovo FIFA","fifa_sony","sony","Sony FIFA",2022-01-02,0.9867172675521821,0,10,0
"fifa_c","Lenovo FIFA","fifa_sony","sony","Sony FIFA",2022-01-09,0.9867172675521821,0,10,0
"fifa_c","Lenovo FIFA","fifa_sony","sony","Sony FIFA",2022-01-16,1.9734345351043643,0,10,0
"fifa_c","Lenovo FIFA","fifa_sony","sony","Sony FIFA",2022-01-23,1.9734345351043643,0,10,0
"fifa_c","Lenovo FIFA","fifa_sony","sony","Sony FIFA",2022-01-30,1.9734345351043643,0,10,0
"fifa_c","Lenovo FIFA","fifa_sony","sony","Sony FIFA",2022-02-06,0.9867172675521821,0,10,0
"fifa_c","Lenovo FIFA","fifa_sony","sony","Sony FIFA",2022-02-13,0.9867172675521821,0,10,0
"fifa_c","Lenovo FIFA","fifa_sony","sony","Sony FIFA",2022-02-20,0.9867172675521821,0,10,0
"fifa_c","Lenovo FIFA","fifa_sony","sony","Sony FIFA",2022-02-27,0.9867172675521821,0,10,0
"fifa_c","Lenovo FIFA","fifa_sony","sony","Sony FIFA",2022-03-06,0.9867172675521821,0,10,0
"fifa_c","Lenovo FIFA","fifa_sony","sony","Sony FIFA",2022-03-13,0.9867172675521821,0,10,0
"fifa_c","Lenovo FIFA","fifa_sony","sony","Sony FIFA",2022-03-20,0.9867172675521821,0,10,0
"fifa_c","Lenovo FIFA","fifa_sony","sony","Sony FIFA",2022-03-27,0.9867172675521821,0,10,0
"fifa_c","Lenovo FIFA","fifa_sony","sony","Sony FIFA",2022-04-03,0.9867172675521821,0,10,0
"fifa_c","Lenovo FIFA","fifa_sony","sony","Sony FIFA",2022-04-10,0.9867172675521821,0,10,0
"fifa_c","Lenovo FIFA","fifa_sony","sony","Sony FIFA",2022-04-17,0.9867172675521821,0,10,0
"fifa_c","Lenovo FIFA","fifa_sony","sony","Sony FIFA",2022-04-24,0.9867172675521821,0,10,0
"fifa_c","Lenovo FIFA","fifa_sony","sony","Sony FIFA",2022-05-01,0.9867172675521821,0,10,0
"fifa_c","Lenovo FIFA","fifa_sony","sony","Sony FIFA",2022-05-08,0.9867172675521821,0,10,0
"fifa_c","Lenovo FIFA","fifa_sony","sony","Sony FIFA",2022-05-15,0.9867172675521821,0,10,0
"fifa_c","Lenovo FIFA","fifa_sony","sony","Sony FIFA",2022-05-22,0.9867172675521821,0,10,0
"fifa_c","Lenovo FIFA","fifa_sony","sony","Sony FIFA",2022-05-29,0.9867172675521821,0,10,0
"fifa_c","Lenovo FIFA","fifa_sony","sony","Sony FIFA",2022-06-05,0.9867172675521821,0,10,0
"fifa_c","Lenovo FIFA","fifa_sony","sony","Sony FIFA",2022-06-12,0.9867172675521821,0,10,0
"fifa_c","Lenovo FIFA","fifa_sony","sony","Sony FIFA",2022-06-19,0.9867172675521821,0,10,0
"fifa_c","Lenovo FIFA","fifa_sony","sony","Sony FIFA",2022-06-26,0.9867172675521821,0,10,0
"fifa_c","Lenovo FIFA","fifa_sony","sony","Sony FIFA",2022-07-03,0.9867172675521821,0,10,0
"fifa_c","Lenovo FIFA","fifa_sony","sony","Sony FIFA",2022-07-10,0.9867172675521821,0,10,0
"fifa_c","Lenovo FIFA","fifa_sony","sony","Sony FIFA",2022-07-17,0.9867172675521821,0,10,0
"fifa_c","Lenovo FIFA","fifa_sony","sony","Sony FIFA",2022-07-24,0.9867172675521821,0,10,0
"fifa_c","Lenovo FIFA","fifa_sony","sony","Sony FIFA",2022-07-31,0.9867172675521821,0,10,0
"fifa_c","Lenovo FIFA","fifa_sony","sony","Sony FIFA",2022-08-07,0.9867172675521821,0,10,0
"fifa_c","Lenovo FIFA","fifa_sony","sony","Sony FIFA",2022-08-14,0.9867172675521821,0,10,0
"fifa_c","Lenovo FIFA","fifa_sony","sony","Sony FIFA",2022-08-21,0.9867172675521821,0,10,0
"fifa_c","Lenovo FIFA","fifa_sony","sony","Sony FIFA",2022-08-28,0.9867172675521821,0,10,0
"fifa_c","Lenovo FIFA","fifa_sony","sony","Sony FIFA",2022-09-04,0.9867172675521821,0,10,0
"fifa_c","Lenovo FIFA","fifa_sony","sony","Sony FIFA",2022-09-11,1.9734345351043643,0,10,0
"fifa_c","Lenovo FIFA","fifa_sony","sony","Sony FIFA",2022-09-18,2.9601518026565463,0,10,0
"fifa_c","Lenovo FIFA","fifa_sony","sony","Sony FIFA",2022-09-25,4.933586337760911,0,10,0
"fifa_c","Lenovo FIFA","fifa_sony","sony","Sony FIFA",2022-10-02,2.9601518026565463,0,10,0
"fifa_c","Lenovo FIFA","fifa_sony","sony","Sony FIFA",2022-10-09,1.9734345351043643,0,10,0
"fifa_c","Lenovo FIFA","fifa_sony","sony","Sony FIFA",2022-10-16,1.9734345351043643,0,10,0
"fifa_c","Lenovo FIFA","fifa_sony","sony","Sony FIFA",2022-10-23,1.9734345351043643,0,10,0
"fifa_c","Lenovo FIFA","fifa_sony","sony","Sony FIFA",2022-10-30,1.9734345351043643,0,10,0
"fifa_c","Lenovo FIFA","fifa_sony","sony","Sony FIFA",2022-11-06,2.9601518026565463,0,10,0
"fifa_c","Lenovo FIFA","fifa_sony","sony","Sony FIFA",2022-11-13,6.907020872865276,0,10,0
"fifa_c","Lenovo FIFA","fifa_sony","sony","Sony FIFA",2022-11-20,15.787476280834914,0,10,0
"fifa_c","Lenovo FIFA","fifa_sony","sony","Sony FIFA",2022-11-27,7.893738140417457,0,10,0
"fifa_c","Lenovo FIFA","fifa_sony","sony","Sony FIFA",2022-12-04,7.893738140417457,0,10,0
"fifa_c","Lenovo FIFA","fifa_sony","sony","Sony FIFA",2022-12-11,4.933586337760911,0,10,0
"fifa_c","Lenovo FIFA","fifa_sony","sony","Sony FIFA",2022-12-18,4.933586337760911,0,10,0
"fifa_c","Lenovo FIFA","fifa_sony","sony","Sony FIFA",2022-12-25,2.9601518026565463,0,10,0
"fifa_c","Lenovo FIFA","fifa_sony","sony","Sony FIFA",2023-01-01,1.9734345351043643,0,10,0
"fifa_c","Lenovo FIFA","fifa_sony","sony","Sony FIFA",2023-01-08,1.9734345351043643,0,10,0
"fifa_c","Lenovo FIFA","fifa_sony","sony","Sony FIFA",2023-01-15,1.9734345351043643,0,10,0
"fifa_c","Lenovo FIFA","fifa_sony","sony","Sony FIFA",2023-01-22,1.9734345351043643,0,10,0
"fifa_c","Lenovo FIFA","fifa_sony","sony","Sony FIFA",2023-01-29,1.9734345351043643,0,10,0
"fifa_c","Lenovo FIFA","fifa_sony","sony","Sony FIFA",2023-02-05,0.9867172675521821,0,10,0
"fifa_c","Lenovo FIFA","fifa_sony","sony","Sony FIFA",2023-02-12,0.9867172675521821,0,10,0
"fifa_c","Lenovo FIFA","fifa_sony","sony","Sony FIFA",2023-02-19,0.9867172675521821,0,10,0
"fifa_c","Lenovo FIFA","fifa_sony","sony","Sony FIFA",2023-02-26,0.9867172675521821,0,10,0
"fifa_c","Lenovo FIFA","fifa_sony","sony","Sony FIFA",2023-03-05,1.9734345351043643,0,10,0
"fifa_c","Lenovo FIFA","fifa_sony","sony","Sony FIFA",2023-03-12,0.9867172675521821,0,10,0
"fifa_c","Lenovo FIFA","fifa_sony","sony","Sony FIFA",2023-03-19,0.9867172675521821,0,10,0
"fifa_c","Lenovo FIFA","fifa_sony","sony","Sony FIFA",2023-03-26,0.9867172675521821,0,10,0
"fifa_c","Lenovo FIFA","fifa_sony","sony","Sony FIFA",2023-04-02,0.9867172675521821,0,10,0
"fifa_c","Lenovo FIFA","fifa_sony","sony","Sony FIFA",2023-04-09,0.9867172675521821,0,10,0
"fifa_c","Lenovo FIFA","fifa_sony","sony","Sony FIFA",2023-04-16,0.9867172675521821,0,10,0
"fifa_c","Lenovo FIFA","fifa_sony","sony","Sony FIFA",2023-04-23,0.9867172675521821,0,10,0
"fifa_c","Lenovo FIFA","fifa_sony","sony","Sony FIFA",2023-04-30,0.9867172675521821,0,10,0
"fifa_c","Lenovo FIFA","fifa_sony","sony","Sony FIFA",2023-05-07,0.9867172675521821,0,10,0
"fifa_c","Lenovo FIFA","fifa_sony","sony","Sony FIFA",2023-05-14,0.9867172675521821,0,10,0
"fifa_c","Lenovo FIFA","fifa_sony","sony","Sony FIFA",2023-05-21,0.9867172675521821,0,10,0
"fifa_c","Lenovo FIFA","fifa_sony","sony","Sony FIFA",2023-05-28,0.9867172675521821,0,10,0
"fifa_c","Lenovo FIFA","fifa_sony","sony","Sony FIFA",2023-06-04,0.9867172675521821,0,10,0
"fifa_c","Lenovo FIFA","fifa_sony","sony","Sony FIFA",2023-06-11,0.9867172675521821,0,10,0
"fifa_c","Lenovo FIFA","fifa_sony","sony","Sony FIFA",2023-06-18,0.9867172675521821,0,10,0
"fifa_c","Lenovo FIFA","fifa_sony","sony","Sony FIFA",2023-06-25,0.9867172675521821,0,10,0
"fifa_c","Lenovo FIFA","fifa_sony","sony","Sony FIFA",2023-07-02,0.9867172675521821,0,10,0
"fifa_c","Lenovo FIFA","fifa_sony","sony","Sony FIFA",2023-07-09,0.9867172675521821,0,10,0
"fifa_c","Lenovo FIFA","fifa_sony","sony","Sony FIFA",2023-07-16,0.9867172675521821,0,10,0
"fifa_c","Lenovo FIFA","fifa_sony","sony","Sony FIFA",2023-07-23,0.9867172675521821,0,10,0
"fifa_c","Lenovo FIFA","fifa_sony","sony","Sony FIFA",2023-07-30,0.9867172675521821,0,10,0
"fifa_c","Lenovo FIFA","fifa_sony","sony","Sony FIFA",2023-08-06,0.9867172675521821,0,10,0
"fifa_c","Lenovo FIFA","fifa_sony","sony","Sony FIFA",2023-08-13,0.9867172675521821,0,10,0
"fifa_c","Lenovo FIFA","fifa_sony","sony","Sony FIFA",2023-08-20,0.9867172675521821,0,10,0
"fifa_c","Lenovo FIFA","fifa_sony","sony","Sony FIFA",2023-08-27,0.9867172675521821,0,10,0
"fifa_c","Lenovo FIFA","fifa_sony","sony","Sony FIFA",2023-09-03,0.9867172675521821,0,10,0
"fifa_c","Lenovo FIFA","fifa_sony","sony","Sony FIFA",2023-09-10,0.9867172675521821,0,10,0
"fifa_c","Lenovo FIFA","fifa_sony","sony","Sony FIFA",2023-09-17,0.9867172675521821,0,10,0
"fifa_c","Lenovo FIFA","fifa_sony","sony","Sony FIFA",2023-09-24,1.9734345351043643,0,10,0
"fifa_c","Lenovo FIFA","fifa_sony","sony","Sony FIFA",2023-10-01,0.9867172675521821,0,10,0
"fifa_c","Lenovo FIFA","fifa_sony","sony","Sony FIFA",2023-10-08,0.9867172675521821,0,10,0
"fifa_c","Lenovo FIFA","fifa_sony","sony","Sony FIFA",2023-10-15,0.9867172675521821,0,10,0
"fifa_c","Lenovo FIFA","fifa_sony","sony","Sony FIFA",2023-10-22,0.9867172675521821,0,10,0
"fifa_c","Lenovo FIFA","fifa_sony","sony","Sony FIFA",2023-10-29,0.9867172675521821,0,10,0
"fifa_c","Lenovo FIFA","fifa_sony","sony","Sony FIFA",2023-11-05,0.9867172675521821,0,10,0
"fifa_c","Lenovo FIFA","fifa_sony","sony","Sony FIFA",2023-11-12,0.9867172675521821,0,10,0
"fifa_c","Lenovo FIFA","fifa_sony","sony","Sony FIFA",2023-11-19,1.9734345351043643,0,10,0
"fifa_c","Lenovo FIFA","fifa_sony","sony","Sony FIFA",2023-11-26,0.9867172675521821,0,10,0
"fifa_c","Lenovo FIFA","fifa_sony","sony","Sony FIFA",2023-12-03,0.9867172675521821,0,10,0
"fifa_c","Lenovo FIFA","fifa_sony","sony","Sony FIFA",2023-12-10,0.9867172675521821,0,10,0
"fifa_c","Lenovo FIFA","fifa_sony","sony","Sony FIFA",2023-12-17,0.9867172675521821,0,10,0
"fifa_c","Lenovo FIFA","fifa_sony","sony","Sony FIFA",2023-12-24,0.9867172675521821,0,10,0
"fifa_c","Lenovo FIFA","fifa_sony","sony","Sony FIFA",2023-12-31,0.9867172675521821,0,10,0
"fifa_c","Lenovo FIFA","fifa_sony","sony","Sony FIFA",2024-01-07,0.9867172675521821,0,10,0
"fifa_c","Lenovo FIFA","fifa_sony","sony","Sony FIFA",2024-01-14,0.9867172675521821,0,10,0
"fifa_c","Lenovo FIFA","fifa_sony","sony","Sony FIFA",2024-01-21,0.9867172675521821,0,10,0
"fifa_c","Lenovo FIFA","fifa_sony","sony","Sony FIFA",2024-01-28,0.9867172675521821,0,10,0
"fifa_c","Lenovo FIFA","fifa_sony","sony","Sony FIFA",2024-02-04,0.9867172675521821,0,10,0
"fifa_c","Lenovo FIFA","fifa_sony","sony","Sony FIFA",2024-02-11,0.9867172675521821,0,10,0
"fifa_c","Lenovo FIFA","fifa_sony","sony","Sony FIFA",2024-02-18,0.9867172675521821,0,10,0
"fifa_c","Lenovo FIFA","fifa_sony","sony","Sony FIFA",2024-02-25,0.9867172675521821,0,10,0
"fifa_c","Lenovo FIFA","fifa_sony","sony","Sony FIFA",2024-03-03,0,0,10,0
"fifa_c","Lenovo FIFA","fifa_sony","sony","Sony FIFA",2024-03-10,0.9867172675521821,0,10,0
"fifa_c","Lenovo FIFA","fifa_sony","sony","Sony FIFA",2024-03-17,0.9867172675521821,0,10,0
"fifa_c","Lenovo FIFA","fifa_sony","sony","Sony FIFA",2024-03-24,0.9867172675521821,0,10,0
"fifa_c","Lenovo FIFA","fifa_sony","sony","Sony FIFA",2024-03-31,0.9867172675521821,0,10,0
"fifa_c","Lenovo FIFA","fifa_sony","sony","Sony FIFA",2024-04-07,0.9867172675521821,0,10,0
"fifa_c","Lenovo FIFA","fifa_sony","sony","Sony FIFA",2024-04-14,0.9867172675521821,0,10,0
"fifa_c","Lenovo FIFA","fifa_sony","sony","Sony FIFA",2024-04-21,0,0,10,0
"fifa_c","Lenovo FIFA","fifa_sony","sony","Sony FIFA",2024-04-28,0.9867172675521821,0,10,0
"fifa_c","Lenovo FIFA","fifa_sony","sony","Sony FIFA",2024-05-05,0.9867172675521821,0,10,0
"fifa_c","Lenovo FIFA","fifa_sony","sony","Sony FIFA",2024-05-12,0.9867172675521821,0,10,0
"fifa_c","Lenovo FIFA","fifa_sony","sony","Sony FIFA",2024-05-19,0,0,10,0
"fifa_c","Lenovo FIFA","fifa_sony","sony","Sony FIFA",2024-05-26,0.9867172675521821,0,10,0
"fifa_c","Lenovo FIFA","fifa_sony","sony","Sony FIFA",2024-06-02,0.9867172675521821,0,10,0
"fifa_c","Lenovo FIFA","fifa_sony","sony","Sony FIFA",2024-06-09,0.9867172675521821,0,10,0
"fifa_c","Lenovo FIFA","fifa_sony","sony","Sony FIFA",2024-06-16,0.9867172675521821,0,10,0
"fifa_c","Lenovo FIFA","fifa_sony","sony","Sony FIFA",2024-06-23,0.9867172675521821,0,10,0
"fifa_c","Lenovo FIFA","fifa_sony","sony","Sony FIFA",2024-06-30,0.9867172675521821,0,10,0
"fifa_c","Lenovo FIFA","fifa_sony","sony","Sony FIFA",2024-07-07,0.9867172675521821,0,10,0
"fifa_c","Lenovo FIFA","fifa_sony","sony","Sony FIFA",2024-07-14,0.9867172675521821,0,10,0
"fifa_c","Lenovo FIFA","fifa_sony","sony","Sony FIFA",2024-07-21,0.9867172675521821,0,10,0
"fifa_c","Lenovo FIFA","fifa_sony","sony","Sony FIFA",2024-07-28,0.9867172675521821,0,10,0
"fifa_c","Lenovo FIFA","fifa_sony","sony","Sony FIFA",2024-08-04,0.9867172675521821,0,10,0
"fifa_c","Lenovo FIFA","fifa_sony","sony","Sony FIFA",2024-08-11,0.9867172675521821,0,10,0
"fifa_c","Lenovo FIFA","fifa_sony","sony","Sony FIFA",2024-08-18,0.9867172675521821,0,10,0
"fifa_c","Lenovo FIFA","fifa_sony","sony","Sony FIFA",2024-08-25,0.9867172675521821,0,10,0
"fifa_c","Lenovo FIFA","fifa_sony","sony","Sony FIFA",2024-09-01,0.9867172675521821,0,10,0
"fifa_c","Lenovo FIFA","fifa_sony","sony","Sony FIFA",2024-09-08,0.9867172675521821,0,10,0
"fifa_c","Lenovo FIFA","fifa_sony","sony","Sony FIFA",2024-09-15,0.9867172675521821,0,10,0
"fifa_c","Lenovo FIFA","fifa_sony","sony","Sony FIFA",2024-09-22,0.9867172675521821,0,10,0
"fifa_c","Lenovo FIFA","fifa_sony","sony","Sony FIFA",2024-09-29,0.9867172675521821,0,10,0
"fifa_c","Lenovo FIFA","fifa_sony","sony","Sony FIFA",2024-10-06,0.9867172675521821,0,10,0
"fifa_c","Lenovo FIFA","fifa_sony","sony","Sony FIFA",2024-10-13,0.9867172675521821,0,10,0
"fifa_c","Lenovo FIFA","fifa_sony","sony","Sony FIFA",2024-10-20,0.9867172675521821,0,10,0
"fifa_c","Lenovo FIFA","fifa_sony","sony","Sony FIFA",2024-10-27,0.9867172675521821,0,10,0
"fifa_c","Lenovo FIFA","fifa_sony","sony","Sony FIFA",2024-11-03,0.9867172675521821,0,10,0
"fifa_c","Lenovo FIFA","fifa_sony","sony","Sony FIFA",2024-11-10,0.9867172675521821,0,10,0
"fifa_c","Lenovo FIFA","fifa_sony","sony","Sony FIFA",2024-11-17,0.9867172675521821,0,10,0
"fifa_c","Lenovo FIFA","fifa_sony","sony","Sony FIFA",2024-11-24,0.9867172675521821,0,10,0
"fifa_c","Lenovo FIFA","fifa_sony","sony","Sony FIFA",2024-12-01,0.9867172675521821,0,10,0
"fifa_c","Lenovo FIFA","fifa_sony","sony","Sony FIFA",2024-12-08,0.9867172675521821,0,10,0
"fifa_c","Lenovo FIFA","fifa_sony","sony","Sony FIFA",2024-12-15,0.9867172675521821,0,10,0
"fifa_c","Lenovo FIFA","fifa_sony","sony","Sony FIFA",2024-12-22,0.9867172675521821,0,10,0
"fifa_c","Lenovo FIFA","fifa_sony","sony","Sony FIFA",2024-12-29,0.9867172675521821,0,10,0
"fifa_c","Lenovo FIFA","fifa_sony","sony","Sony FIFA",2025-01-05,0.9867172675521821,0,10,0
"fifa_c","Lenovo FIFA","fifa_sony","sony","Sony FIFA",2025-01-12,0.9867172675521821,0,10,0
"fifa_c","Lenovo FIFA","fifa_sony","sony","Sony FIFA",2025-01-19,0.9867172675521821,0,10,0
"fifa_c","Lenovo FIFA","fifa_sony","sony","Sony FIFA",2025-01-26,0.9867172675521821,0,10,0
"fifa_c","Lenovo FIFA","fifa_sony","sony","Sony FIFA",2025-02-02,0.9867172675521821,0,10,0
"fifa_c","Lenovo FIFA","fifa_sony","sony","Sony FIFA",2025-02-09,0.9867172675521821,0,10,0
"fifa_c","Lenovo FIFA","fifa_sony","sony","Sony FIFA",2025-02-16,0.9867172675521821,0,10,0
"fifa_c","Lenovo FIFA","fifa_sony","sony","Sony FIFA",2025-02-23,0,0,10,0
"fifa_c","Lenovo FIFA","fifa_sony","sony","Sony FIFA",2025-03-02,0.9867172675521821,0,10,0
"fifa_c","Lenovo FIFA","fifa_sony","sony","Sony FIFA",2025-03-09,0.9867172675521821,0,10,0
"fifa_c","Lenovo FIFA","fifa_sony","sony","Sony FIFA",2025-03-16,0,0,10,0
"fifa_c","Lenovo FIFA","fifa_sony","sony","Sony FIFA",2025-03-23,0.9867172675521821,0,10,0
"fifa_c","Lenovo FIFA","fifa_sony","sony","Sony FIFA",2025-03-30,0.9867172675521821,0,10,0
"fifa_c","Lenovo FIFA","fifa_sony","sony","Sony FIFA",2025-04-06,0.9867172675521821,0,10,0
"fifa_c","Lenovo FIFA","fifa_sony","sony","Sony FIFA",2025-04-13,0,0,10,0
"fifa_c","Lenovo FIFA","fifa_sony","sony","Sony FIFA",2025-04-20,0.9867172675521821,0,10,0
"fifa_c","Lenovo FIFA","fifa_sony","sony","Sony FIFA",2025-04-27,0,0,10,0
"fifa_c","Lenovo FIFA","fifa_sony","sony","Sony FIFA",2025-05-04,0,0,10,0
"fifa_c","Lenovo FIFA","fifa_sony","sony","Sony FIFA",2025-05-11,0.9867172675521821,0,10,0
"fifa_c","Lenovo FIFA","fifa_sony","sony","Sony FIFA",2025-05-18,0,0,10,0
"fifa_c","Lenovo FIFA","fifa_sony","sony","Sony FIFA",2025-05-25,0,0,10,0
"fifa_c","Lenovo FIFA","fifa_sony","sony","Sony FIFA",2025-06-01,0.9867172675521821,0,10,0
"fifa_c","Lenovo FIFA","fifa_sony","sony","Sony FIFA",2025-06-08,0.9867172675521821,0,10,0
"fifa_c","Lenovo FIFA","fifa_sony","sony","Sony FIFA",2025-06-15,0.9867172675521821,0,10,0
"fifa_c","Lenovo FIFA","fifa_sony","sony","Sony FIFA",2025-06-22,0.9867172675521821,0,10,0
"fifa_c","Lenovo FIFA","fifa_sony","sony","Sony FIFA",2025-06-29,0.9867172675521821,0,10,0
"fifa_c","Lenovo FIFA","fifa_sony","sony","Sony FIFA",2025-07-06,0.9867172675521821,0,10,0
"fifa_c","Lenovo FIFA","fifa_sony","sony","Sony FIFA",2025-07-13,0.9867172675521821,0,10,0
"fifa_c","Lenovo FIFA","fifa_sony","sony","Sony FIFA",2025-07-20,0.9867172675521821,0,10,0
"fifa_c","Lenovo FIFA","fifa_sony","sony","Sony FIFA",2025-07-27,1.9734345351043643,0,10,0
"fifa_c","Lenovo FIFA","fifa_sony","sony","Sony FIFA",2025-08-03,2.9601518026565463,0,10,0
"fifa_c","Lenovo FIFA","fifa_sony","sony","Sony FIFA",2025-08-10,2.9601518026565463,0,10,0
"fifa_c","Lenovo FIFA","fifa_sony","sony","Sony FIFA",2025-08-17,2.9601518026565463,0,10,0
"fifa_c","Lenovo FIFA","fifa_sony","sony","Sony FIFA",2025-08-24,3.9468690702087286,0,10,0
"fifa_c","Lenovo FIFA","fifa_sony","sony","Sony FIFA",2025-08-31,5.920303605313093,0,10,0
"fifa_c","Lenovo FIFA","fifa_sony","sony","Sony FIFA",2025-09-07,6.907020872865276,0,10,0
"fifa_c","Lenovo FIFA","fifa_sony","sony","Sony FIFA",2025-09-14,3.9468690702087286,0,10,0
"fifa_c","Lenovo FIFA","fifa_sony","sony","Sony FIFA",2025-09-21,4.933586337760911,0,10,0
"fifa_c","Lenovo FIFA","fifa_sony","sony","Sony FIFA",2025-09-28,4.933586337760911,0,10,0
"fifa_c","Lenovo FIFA","fifa_sony","sony","Sony FIFA",2025-10-05,4.933586337760911,0,10,0
"fifa_c","Lenovo FIFA","fifa_sony","sony","Sony FIFA",2025-10-12,4.933586337760911,0,10,0
"fifa_c","Lenovo FIFA","fifa_sony","sony","Sony FIFA",2025-10-19,3.9468690702087286,0,10,0
"fifa_c","Lenovo FIFA","fifa_sony","sony","Sony FIFA",2025-10-26,2.9601518026565463,0,10,0
"fifa_c","Lenovo FIFA","fifa_sony","sony","Sony FIFA",2025-11-02,3.9468690702087286,0,10,0
"fifa_c","Lenovo FIFA","fifa_sony","sony","Sony FIFA",2025-11-09,5.920303605313093,0,10,0
"fifa_c","Lenovo FIFA","fifa_sony","sony","Sony FIFA",2025-11-16,7.893738140417457,0,10,0
"fifa_c","Lenovo FIFA","fifa_sony","sony","Sony FIFA",2025-11-23,6.907020872865276,0,10,0
"fifa_c","Lenovo FIFA","fifa_sony","sony","Sony FIFA",2025-11-30,11.840607210626185,0,10,0
"fifa_c","Lenovo FIFA","fifa_sony","sony","Sony FIFA",2025-12-07,7.893738140417457,0,10,0
"fifa_c","Lenovo FIFA","fifa_sony","sony","Sony FIFA",2025-12-14,6.907020872865276,0,10,0
"fifa_c","Lenovo FIFA","fifa_sony","sony","Sony FIFA",2025-12-21,2.9601518026565463,0,10,0
"fifa_c","Lenovo FIFA","fifa_sony","sony","Sony FIFA",2025-12-28,1.9734345351043643,0,10,0
"fifa_c","Lenovo FIFA","fifa_sony","sony","Sony FIFA",2026-01-04,1.9734345351043643,0,10,0
"fifa_c","Lenovo FIFA","fifa_sony","sony","Sony FIFA",2026-01-11,2.9601518026565463,0,10,0
"fifa_c","Lenovo FIFA","fifa_sony","sony","Sony FIFA",2026-01-18,3.9468690702087286,0,10,0
"fifa_c","Lenovo FIFA","fifa_sony","sony","Sony FIFA",2026-01-25,3.9468690702087286,0,10,0
"fifa_c","Lenovo FIFA","fifa_sony","sony","Sony FIFA",2026-02-01,2.9601518026565463,0,10,0
"fifa_c","Lenovo FIFA","fifa_sony","sony","Sony FIFA",2026-02-08,2.9601518026565463,0,10,0
"fifa_c","Lenovo FIFA","fifa_sony","sony","Sony FIFA",2026-02-15,3.9468690702087286,0,10,0
"fifa_c","Lenovo FIFA","fifa_sony","sony","Sony FIFA",2026-02-22,2.9601518026565463,0,10,0
"fifa_c","Lenovo FIFA","fifa_sony","sony","Sony FIFA",2026-03-01,2.9601518026565463,0,10,0
"fifa_c","Lenovo FIFA","fifa_sony","sony","Sony FIFA",2026-03-08,3.9468690702087286,0,10,0
"fifa_c","Lenovo FIFA","fifa_sony","sony","Sony FIFA",2026-03-15,4.933586337760911,0,10,0
"fifa_c","Lenovo FIFA","fifa_sony","sony","Sony FIFA",2026-03-22,6.907020872865276,0,10,0
"fifa_c","Lenovo FIFA","fifa_sony","sony","Sony FIFA",2026-03-29,11.840607210626185,0,10,0
"fifa_c","Lenovo FIFA","fifa_sony","sony","Sony FIFA",2026-04-05,6.907020872865276,0,10,0
"fifa_c","Lenovo FIFA","fifa_sony","sony","Sony FIFA",2026-04-12,4.933586337760911,0,10,0
"fifa_c","Lenovo FIFA","fifa_sony","sony","Sony FIFA",2026-04-19,4.933586337760911,0,10,0
"fifa_c","Lenovo FIFA","fifa_sony","sony","Sony FIFA",2026-04-26,4.933586337760911,0,10,0
"fifa_c","Lenovo FIFA","fifa_sony","sony","Sony FIFA",2026-05-03,4.933586337760911,0,10,0
"fifa_c","Lenovo FIFA","fifa_sony","sony","Sony FIFA",2026-05-10,6.907020872865276,0,10,0
"fifa_c","Lenovo FIFA","fifa_sony","sony","Sony FIFA",2026-05-17,9.867172675521822,0,10,0
"fifa_c","Lenovo FIFA","fifa_sony","sony","Sony FIFA",2026-05-24,11.840607210626185,0,10,0
"fifa_c","Lenovo FIFA","fifa_sony","sony","Sony FIFA",2026-05-31,23.68121442125237,0,10,0
"fifa_c","Lenovo FIFA","fifa_sony","sony","Sony FIFA",2026-06-07,69.07020872865274,0,10,0
"fifa_c","Lenovo FIFA","fifa_sony","sony","Sony FIFA",2026-06-14,73.01707779886148,0,10,0
"fifa_c","Lenovo FIFA","fifa_sony","sony","Sony FIFA",2026-06-21,77.9506641366224,0,10,0
"fifa_c","Lenovo FIFA","fifa_sony","sony","Sony FIFA",2026-06-28,98.67172675521822,0,10,0
"fifa_c","Lenovo FIFA","fifa_sony","sony","Sony FIFA",2026-07-05,77.9506641366224,0,10,0
"fifa_c","Lenovo FIFA","fifa_sony","sony","Sony FIFA",2026-07-12,46.37571157495256,0,10,0
"fifa_c","Lenovo FIFA","fifa_sony","sony","Sony FIFA",2026-07-19,31.57495256166983,0,10,0
"fifa_c","Lenovo FIFA","fifa_sony","sony","Sony FIFA",2026-07-26,5.920303605313093,0,10,0
"fifa_c","Lenovo FIFA","fifa_sony","sony","Sony FIFA",2026-08-02,3.9468690702087286,0,10,0
"fifa_c","Lenovo FIFA","fifa_sony","sony","Sony FIFA",2026-08-09,4.933586337760911,0,10,0
"fifa_c","Lenovo FIFA","fifa_sony","sony","Sony FIFA",2026-08-16,2.9601518026565463,0,10,0
"fifa_c","Lenovo FIFA","fifa_sony","sony","Sony FIFA",2026-08-23,2.9601518026565463,0,10,0
"fifa_c","Lenovo FIFA","fifa_sony","sony","Sony FIFA",2026-08-30,2.9601518026565463,0,10,0
"fifa_c","Lenovo FIFA","fifa_sony","sony","Sony FIFA",2026-09-06,2.9601518026565463,0,10,0
"fifa_c","Lenovo FIFA","fifa_sony","sony","Sony FIFA",2026-09-13,1.9734345351043643,0,10,0
"fifa_c","Lenovo FIFA","fifa_sony","sony","Sony FIFA",2026-09-20,1.9734345351043643,0,10,0
"fifa_c","Lenovo FIFA","fifa_sony","sony","Sony FIFA",2026-09-27,0.9867172675521821,0,10,0
"fifa_c","Lenovo FIFA","fifa_xiaomi","xiaomi","Xiaomi FIFA",2021-12-26,0,0,10,0
"fifa_c","Lenovo FIFA","fifa_xiaomi","xiaomi","Xiaomi FIFA",2022-01-02,0.9867172675521821,0,10,0
"fifa_c","Lenovo FIFA","fifa_xiaomi","xiaomi","Xiaomi FIFA",2022-01-09,0.9867172675521821,0,10,0
"fifa_c","Lenovo FIFA","fifa_xiaomi","xiaomi","Xiaomi FIFA",2022-01-16,0.9867172675521821,0,10,0
"fifa_c","Lenovo FIFA","fifa_xiaomi","xiaomi","Xiaomi FIFA",2022-01-23,0.9867172675521821,0,10,0
"fifa_c","Lenovo FIFA","fifa_xiaomi","xiaomi","Xiaomi FIFA",2022-01-30,0,0,10,0
"fifa_c","Lenovo FIFA","fifa_xiaomi","xiaomi","Xiaomi FIFA",2022-02-06,0.9867172675521821,0,10,0
"fifa_c","Lenovo FIFA","fifa_xiaomi","xiaomi","Xiaomi FIFA",2022-02-13,0.9867172675521821,0,10,0
"fifa_c","Lenovo FIFA","fifa_xiaomi","xiaomi","Xiaomi FIFA",2022-02-20,0,0,10,0
"fifa_c","Lenovo FIFA","fifa_xiaomi","xiaomi","Xiaomi FIFA",2022-02-27,0,0,10,0
"fifa_c","Lenovo FIFA","fifa_xiaomi","xiaomi","Xiaomi FIFA",2022-03-06,0,0,10,0
"fifa_c","Lenovo FIFA","fifa_xiaomi","xiaomi","Xiaomi FIFA",2022-03-13,0,0,10,0
"fifa_c","Lenovo FIFA","fifa_xiaomi","xiaomi","Xiaomi FIFA",2022-03-20,0.9867172675521821,0,10,0
"fifa_c","Lenovo FIFA","fifa_xiaomi","xiaomi","Xiaomi FIFA",2022-03-27,0.9867172675521821,0,10,0
"fifa_c","Lenovo FIFA","fifa_xiaomi","xiaomi","Xiaomi FIFA",2022-04-03,0,0,10,0
"fifa_c","Lenovo FIFA","fifa_xiaomi","xiaomi","Xiaomi FIFA",2022-04-10,0.9867172675521821,0,10,0
"fifa_c","Lenovo FIFA","fifa_xiaomi","xiaomi","Xiaomi FIFA",2022-04-17,0.9867172675521821,0,10,0
"fifa_c","Lenovo FIFA","fifa_xiaomi","xiaomi","Xiaomi FIFA",2022-04-24,0.9867172675521821,0,10,0
"fifa_c","Lenovo FIFA","fifa_xiaomi","xiaomi","Xiaomi FIFA",2022-05-01,0,0,10,0
"fifa_c","Lenovo FIFA","fifa_xiaomi","xiaomi","Xiaomi FIFA",2022-05-08,0,0,10,0
"fifa_c","Lenovo FIFA","fifa_xiaomi","xiaomi","Xiaomi FIFA",2022-05-15,0.9867172675521821,0,10,0
"fifa_c","Lenovo FIFA","fifa_xiaomi","xiaomi","Xiaomi FIFA",2022-05-22,0.9867172675521821,0,10,0
"fifa_c","Lenovo FIFA","fifa_xiaomi","xiaomi","Xiaomi FIFA",2022-05-29,0.9867172675521821,0,10,0
"fifa_c","Lenovo FIFA","fifa_xiaomi","xiaomi","Xiaomi FIFA",2022-06-05,0,0,10,0
"fifa_c","Lenovo FIFA","fifa_xiaomi","xiaomi","Xiaomi FIFA",2022-06-12,0.9867172675521821,0,10,0
"fifa_c","Lenovo FIFA","fifa_xiaomi","xiaomi","Xiaomi FIFA",2022-06-19,0.9867172675521821,0,10,0
"fifa_c","Lenovo FIFA","fifa_xiaomi","xiaomi","Xiaomi FIFA",2022-06-26,0,0,10,0
"fifa_c","Lenovo FIFA","fifa_xiaomi","xiaomi","Xiaomi FIFA",2022-07-03,0.9867172675521821,0,10,0
"fifa_c","Lenovo FIFA","fifa_xiaomi","xiaomi","Xiaomi FIFA",2022-07-10,0,0,10,0
"fifa_c","Lenovo FIFA","fifa_xiaomi","xiaomi","Xiaomi FIFA",2022-07-17,0.9867172675521821,0,10,0
"fifa_c","Lenovo FIFA","fifa_xiaomi","xiaomi","Xiaomi FIFA",2022-07-24,0.9867172675521821,0,10,0
"fifa_c","Lenovo FIFA","fifa_xiaomi","xiaomi","Xiaomi FIFA",2022-07-31,0,0,10,0
"fifa_c","Lenovo FIFA","fifa_xiaomi","xiaomi","Xiaomi FIFA",2022-08-07,0.9867172675521821,0,10,0
"fifa_c","Lenovo FIFA","fifa_xiaomi","xiaomi","Xiaomi FIFA",2022-08-14,0.9867172675521821,0,10,0
"fifa_c","Lenovo FIFA","fifa_xiaomi","xiaomi","Xiaomi FIFA",2022-08-21,0.9867172675521821,0,10,0
"fifa_c","Lenovo FIFA","fifa_xiaomi","xiaomi","Xiaomi FIFA",2022-08-28,0,0,10,0
"fifa_c","Lenovo FIFA","fifa_xiaomi","xiaomi","Xiaomi FIFA",2022-09-04,0.9867172675521821,0,10,0
"fifa_c","Lenovo FIFA","fifa_xiaomi","xiaomi","Xiaomi FIFA",2022-09-11,0.9867172675521821,0,10,0
"fifa_c","Lenovo FIFA","fifa_xiaomi","xiaomi","Xiaomi FIFA",2022-09-18,0.9867172675521821,0,10,0
"fifa_c","Lenovo FIFA","fifa_xiaomi","xiaomi","Xiaomi FIFA",2022-09-25,0.9867172675521821,0,10,0
"fifa_c","Lenovo FIFA","fifa_xiaomi","xiaomi","Xiaomi FIFA",2022-10-02,0.9867172675521821,0,10,0
"fifa_c","Lenovo FIFA","fifa_xiaomi","xiaomi","Xiaomi FIFA",2022-10-09,0.9867172675521821,0,10,0
"fifa_c","Lenovo FIFA","fifa_xiaomi","xiaomi","Xiaomi FIFA",2022-10-16,0.9867172675521821,0,10,0
"fifa_c","Lenovo FIFA","fifa_xiaomi","xiaomi","Xiaomi FIFA",2022-10-23,0.9867172675521821,0,10,0
"fifa_c","Lenovo FIFA","fifa_xiaomi","xiaomi","Xiaomi FIFA",2022-10-30,0.9867172675521821,0,10,0
"fifa_c","Lenovo FIFA","fifa_xiaomi","xiaomi","Xiaomi FIFA",2022-11-06,0.9867172675521821,0,10,0
"fifa_c","Lenovo FIFA","fifa_xiaomi","xiaomi","Xiaomi FIFA",2022-11-13,0.9867172675521821,0,10,0
"fifa_c","Lenovo FIFA","fifa_xiaomi","xiaomi","Xiaomi FIFA",2022-11-20,3.9468690702087286,0,10,0
"fifa_c","Lenovo FIFA","fifa_xiaomi","xiaomi","Xiaomi FIFA",2022-11-27,3.9468690702087286,0,10,0
"fifa_c","Lenovo FIFA","fifa_xiaomi","xiaomi","Xiaomi FIFA",2022-12-04,3.9468690702087286,0,10,0
"fifa_c","Lenovo FIFA","fifa_xiaomi","xiaomi","Xiaomi FIFA",2022-12-11,2.9601518026565463,0,10,0
"fifa_c","Lenovo FIFA","fifa_xiaomi","xiaomi","Xiaomi FIFA",2022-12-18,1.9734345351043643,0,10,0
"fifa_c","Lenovo FIFA","fifa_xiaomi","xiaomi","Xiaomi FIFA",2022-12-25,0.9867172675521821,0,10,0
"fifa_c","Lenovo FIFA","fifa_xiaomi","xiaomi","Xiaomi FIFA",2023-01-01,0.9867172675521821,0,10,0
"fifa_c","Lenovo FIFA","fifa_xiaomi","xiaomi","Xiaomi FIFA",2023-01-08,0.9867172675521821,0,10,0
"fifa_c","Lenovo FIFA","fifa_xiaomi","xiaomi","Xiaomi FIFA",2023-01-15,0.9867172675521821,0,10,0
"fifa_c","Lenovo FIFA","fifa_xiaomi","xiaomi","Xiaomi FIFA",2023-01-22,0,0,10,0
"fifa_c","Lenovo FIFA","fifa_xiaomi","xiaomi","Xiaomi FIFA",2023-01-29,0.9867172675521821,0,10,0
"fifa_c","Lenovo FIFA","fifa_xiaomi","xiaomi","Xiaomi FIFA",2023-02-05,0,0,10,0
"fifa_c","Lenovo FIFA","fifa_xiaomi","xiaomi","Xiaomi FIFA",2023-02-12,0,0,10,0
"fifa_c","Lenovo FIFA","fifa_xiaomi","xiaomi","Xiaomi FIFA",2023-02-19,0.9867172675521821,0,10,0
"fifa_c","Lenovo FIFA","fifa_xiaomi","xiaomi","Xiaomi FIFA",2023-02-26,0.9867172675521821,0,10,0
"fifa_c","Lenovo FIFA","fifa_xiaomi","xiaomi","Xiaomi FIFA",2023-03-05,0,0,10,0
"fifa_c","Lenovo FIFA","fifa_xiaomi","xiaomi","Xiaomi FIFA",2023-03-12,0.9867172675521821,0,10,0
"fifa_c","Lenovo FIFA","fifa_xiaomi","xiaomi","Xiaomi FIFA",2023-03-19,0.9867172675521821,0,10,0
"fifa_c","Lenovo FIFA","fifa_xiaomi","xiaomi","Xiaomi FIFA",2023-03-26,0.9867172675521821,0,10,0
"fifa_c","Lenovo FIFA","fifa_xiaomi","xiaomi","Xiaomi FIFA",2023-04-02,0,0,10,0
"fifa_c","Lenovo FIFA","fifa_xiaomi","xiaomi","Xiaomi FIFA",2023-04-09,0,0,10,0
"fifa_c","Lenovo FIFA","fifa_xiaomi","xiaomi","Xiaomi FIFA",2023-04-16,0.9867172675521821,0,10,0
"fifa_c","Lenovo FIFA","fifa_xiaomi","xiaomi","Xiaomi FIFA",2023-04-23,0,0,10,0
"fifa_c","Lenovo FIFA","fifa_xiaomi","xiaomi","Xiaomi FIFA",2023-04-30,0,0,10,0
"fifa_c","Lenovo FIFA","fifa_xiaomi","xiaomi","Xiaomi FIFA",2023-05-07,0.9867172675521821,0,10,0
"fifa_c","Lenovo FIFA","fifa_xiaomi","xiaomi","Xiaomi FIFA",2023-05-14,0,0,10,0
"fifa_c","Lenovo FIFA","fifa_xiaomi","xiaomi","Xiaomi FIFA",2023-05-21,0.9867172675521821,0,10,0
"fifa_c","Lenovo FIFA","fifa_xiaomi","xiaomi","Xiaomi FIFA",2023-05-28,0,0,10,0
"fifa_c","Lenovo FIFA","fifa_xiaomi","xiaomi","Xiaomi FIFA",2023-06-04,0,0,10,0
"fifa_c","Lenovo FIFA","fifa_xiaomi","xiaomi","Xiaomi FIFA",2023-06-11,0,0,10,0
"fifa_c","Lenovo FIFA","fifa_xiaomi","xiaomi","Xiaomi FIFA",2023-06-18,0.9867172675521821,0,10,0
"fifa_c","Lenovo FIFA","fifa_xiaomi","xiaomi","Xiaomi FIFA",2023-06-25,0,0,10,0
"fifa_c","Lenovo FIFA","fifa_xiaomi","xiaomi","Xiaomi FIFA",2023-07-02,0,0,10,0
"fifa_c","Lenovo FIFA","fifa_xiaomi","xiaomi","Xiaomi FIFA",2023-07-09,0,0,10,0
"fifa_c","Lenovo FIFA","fifa_xiaomi","xiaomi","Xiaomi FIFA",2023-07-16,0.9867172675521821,0,10,0
"fifa_c","Lenovo FIFA","fifa_xiaomi","xiaomi","Xiaomi FIFA",2023-07-23,0.9867172675521821,0,10,0
"fifa_c","Lenovo FIFA","fifa_xiaomi","xiaomi","Xiaomi FIFA",2023-07-30,0.9867172675521821,0,10,0
"fifa_c","Lenovo FIFA","fifa_xiaomi","xiaomi","Xiaomi FIFA",2023-08-06,0,0,10,0
"fifa_c","Lenovo FIFA","fifa_xiaomi","xiaomi","Xiaomi FIFA",2023-08-13,0.9867172675521821,0,10,0
"fifa_c","Lenovo FIFA","fifa_xiaomi","xiaomi","Xiaomi FIFA",2023-08-20,0.9867172675521821,0,10,0
"fifa_c","Lenovo FIFA","fifa_xiaomi","xiaomi","Xiaomi FIFA",2023-08-27,0,0,10,0
"fifa_c","Lenovo FIFA","fifa_xiaomi","xiaomi","Xiaomi FIFA",2023-09-03,0,0,10,0
"fifa_c","Lenovo FIFA","fifa_xiaomi","xiaomi","Xiaomi FIFA",2023-09-10,0,0,10,0
"fifa_c","Lenovo FIFA","fifa_xiaomi","xiaomi","Xiaomi FIFA",2023-09-17,0.9867172675521821,0,10,0
"fifa_c","Lenovo FIFA","fifa_xiaomi","xiaomi","Xiaomi FIFA",2023-09-24,0.9867172675521821,0,10,0
"fifa_c","Lenovo FIFA","fifa_xiaomi","xiaomi","Xiaomi FIFA",2023-10-01,0.9867172675521821,0,10,0
"fifa_c","Lenovo FIFA","fifa_xiaomi","xiaomi","Xiaomi FIFA",2023-10-08,0,0,10,0
"fifa_c","Lenovo FIFA","fifa_xiaomi","xiaomi","Xiaomi FIFA",2023-10-15,0,0,10,0
"fifa_c","Lenovo FIFA","fifa_xiaomi","xiaomi","Xiaomi FIFA",2023-10-22,0,0,10,0
"fifa_c","Lenovo FIFA","fifa_xiaomi","xiaomi","Xiaomi FIFA",2023-10-29,0,0,10,0
"fifa_c","Lenovo FIFA","fifa_xiaomi","xiaomi","Xiaomi FIFA",2023-11-05,0,0,10,0
"fifa_c","Lenovo FIFA","fifa_xiaomi","xiaomi","Xiaomi FIFA",2023-11-12,0.9867172675521821,0,10,0
"fifa_c","Lenovo FIFA","fifa_xiaomi","xiaomi","Xiaomi FIFA",2023-11-19,0.9867172675521821,0,10,0
"fifa_c","Lenovo FIFA","fifa_xiaomi","xiaomi","Xiaomi FIFA",2023-11-26,0,0,10,0
"fifa_c","Lenovo FIFA","fifa_xiaomi","xiaomi","Xiaomi FIFA",2023-12-03,0,0,10,0
"fifa_c","Lenovo FIFA","fifa_xiaomi","xiaomi","Xiaomi FIFA",2023-12-10,0,0,10,0
"fifa_c","Lenovo FIFA","fifa_xiaomi","xiaomi","Xiaomi FIFA",2023-12-17,0,0,10,0
"fifa_c","Lenovo FIFA","fifa_xiaomi","xiaomi","Xiaomi FIFA",2023-12-24,0,0,10,0
"fifa_c","Lenovo FIFA","fifa_xiaomi","xiaomi","Xiaomi FIFA",2023-12-31,0,0,10,0
"fifa_c","Lenovo FIFA","fifa_xiaomi","xiaomi","Xiaomi FIFA",2024-01-07,0,0,10,10
"fifa_c","Lenovo FIFA","fifa_xiaomi","xiaomi","Xiaomi FIFA",2024-01-14,0,0,10,0
"fifa_c","Lenovo FIFA","fifa_xiaomi","xiaomi","Xiaomi FIFA",2024-01-21,0,0,10,0
"fifa_c","Lenovo FIFA","fifa_xiaomi","xiaomi","Xiaomi FIFA",2024-01-28,0,0,10,10
"fifa_c","Lenovo FIFA","fifa_xiaomi","xiaomi","Xiaomi FIFA",2024-02-04,0,0,10,0
"fifa_c","Lenovo FIFA","fifa_xiaomi","xiaomi","Xiaomi FIFA",2024-02-11,0,0,10,0
"fifa_c","Lenovo FIFA","fifa_xiaomi","xiaomi","Xiaomi FIFA",2024-02-18,0,0,10,0
"fifa_c","Lenovo FIFA","fifa_xiaomi","xiaomi","Xiaomi FIFA",2024-02-25,0,0,10,0
"fifa_c","Lenovo FIFA","fifa_xiaomi","xiaomi","Xiaomi FIFA",2024-03-03,0,0,10,0
"fifa_c","Lenovo FIFA","fifa_xiaomi","xiaomi","Xiaomi FIFA",2024-03-10,0,0,10,10
"fifa_c","Lenovo FIFA","fifa_xiaomi","xiaomi","Xiaomi FIFA",2024-03-17,0,0,10,0
"fifa_c","Lenovo FIFA","fifa_xiaomi","xiaomi","Xiaomi FIFA",2024-03-24,0,0,10,0
"fifa_c","Lenovo FIFA","fifa_xiaomi","xiaomi","Xiaomi FIFA",2024-03-31,0,0,10,10
"fifa_c","Lenovo FIFA","fifa_xiaomi","xiaomi","Xiaomi FIFA",2024-04-07,0,0,10,0
"fifa_c","Lenovo FIFA","fifa_xiaomi","xiaomi","Xiaomi FIFA",2024-04-14,0,0,10,10
"fifa_c","Lenovo FIFA","fifa_xiaomi","xiaomi","Xiaomi FIFA",2024-04-21,0,0,10,10
"fifa_c","Lenovo FIFA","fifa_xiaomi","xiaomi","Xiaomi FIFA",2024-04-28,0,0,10,0
"fifa_c","Lenovo FIFA","fifa_xiaomi","xiaomi","Xiaomi FIFA",2024-05-05,0,0,10,10
"fifa_c","Lenovo FIFA","fifa_xiaomi","xiaomi","Xiaomi FIFA",2024-05-12,0,0,10,10
"fifa_c","Lenovo FIFA","fifa_xiaomi","xiaomi","Xiaomi FIFA",2024-05-19,0,0,10,0
"fifa_c","Lenovo FIFA","fifa_xiaomi","xiaomi","Xiaomi FIFA",2024-05-26,0,0,10,0
"fifa_c","Lenovo FIFA","fifa_xiaomi","xiaomi","Xiaomi FIFA",2024-06-02,0,0,10,10
"fifa_c","Lenovo FIFA","fifa_xiaomi","xiaomi","Xiaomi FIFA",2024-06-09,0,0,10,10
"fifa_c","Lenovo FIFA","fifa_xiaomi","xiaomi","Xiaomi FIFA",2024-06-16,0,0,10,0
"fifa_c","Lenovo FIFA","fifa_xiaomi","xiaomi","Xiaomi FIFA",2024-06-23,0,0,10,0
"fifa_c","Lenovo FIFA","fifa_xiaomi","xiaomi","Xiaomi FIFA",2024-06-30,0,0,10,0
"fifa_c","Lenovo FIFA","fifa_xiaomi","xiaomi","Xiaomi FIFA",2024-07-07,0,0,10,0
"fifa_c","Lenovo FIFA","fifa_xiaomi","xiaomi","Xiaomi FIFA",2024-07-14,0,0,10,0
"fifa_c","Lenovo FIFA","fifa_xiaomi","xiaomi","Xiaomi FIFA",2024-07-21,0,0,10,0
"fifa_c","Lenovo FIFA","fifa_xiaomi","xiaomi","Xiaomi FIFA",2024-07-28,0,0,10,10
"fifa_c","Lenovo FIFA","fifa_xiaomi","xiaomi","Xiaomi FIFA",2024-08-04,0,0,10,0
"fifa_c","Lenovo FIFA","fifa_xiaomi","xiaomi","Xiaomi FIFA",2024-08-11,0,0,10,10
"fifa_c","Lenovo FIFA","fifa_xiaomi","xiaomi","Xiaomi FIFA",2024-08-18,0,0,10,10
"fifa_c","Lenovo FIFA","fifa_xiaomi","xiaomi","Xiaomi FIFA",2024-08-25,0,0,10,10
"fifa_c","Lenovo FIFA","fifa_xiaomi","xiaomi","Xiaomi FIFA",2024-09-01,0,0,10,0
"fifa_c","Lenovo FIFA","fifa_xiaomi","xiaomi","Xiaomi FIFA",2024-09-08,0,0,10,10
"fifa_c","Lenovo FIFA","fifa_xiaomi","xiaomi","Xiaomi FIFA",2024-09-15,0,0,10,0
"fifa_c","Lenovo FIFA","fifa_xiaomi","xiaomi","Xiaomi FIFA",2024-09-22,0,0,10,0
"fifa_c","Lenovo FIFA","fifa_xiaomi","xiaomi","Xiaomi FIFA",2024-09-29,0,0,10,10
"fifa_c","Lenovo FIFA","fifa_xiaomi","xiaomi","Xiaomi FIFA",2024-10-06,0,0,10,0
"fifa_c","Lenovo FIFA","fifa_xiaomi","xiaomi","Xiaomi FIFA",2024-10-13,0,0,10,10
"fifa_c","Lenovo FIFA","fifa_xiaomi","xiaomi","Xiaomi FIFA",2024-10-20,0,0,10,10
"fifa_c","Lenovo FIFA","fifa_xiaomi","xiaomi","Xiaomi FIFA",2024-10-27,0,0,10,10
"fifa_c","Lenovo FIFA","fifa_xiaomi","xiaomi","Xiaomi FIFA",2024-11-03,0.9867172675521821,0,10,0
"fifa_c","Lenovo FIFA","fifa_xiaomi","xiaomi","Xiaomi FIFA",2024-11-10,0,0,10,0
"fifa_c","Lenovo FIFA","fifa_xiaomi","xiaomi","Xiaomi FIFA",2024-11-17,0,0,10,0
"fifa_c","Lenovo FIFA","fifa_xiaomi","xiaomi","Xiaomi FIFA",2024-11-24,0,0,10,0
"fifa_c","Lenovo FIFA","fifa_xiaomi","xiaomi","Xiaomi FIFA",2024-12-01,0,0,10,0
"fifa_c","Lenovo FIFA","fifa_xiaomi","xiaomi","Xiaomi FIFA",2024-12-08,0,0,10,10
"fifa_c","Lenovo FIFA","fifa_xiaomi","xiaomi","Xiaomi FIFA",2024-12-15,0,0,10,10
"fifa_c","Lenovo FIFA","fifa_xiaomi","xiaomi","Xiaomi FIFA",2024-12-22,0,0,10,10
"fifa_c","Lenovo FIFA","fifa_xiaomi","xiaomi","Xiaomi FIFA",2024-12-29,0,0,10,10
"fifa_c","Lenovo FIFA","fifa_xiaomi","xiaomi","Xiaomi FIFA",2025-01-05,0,0,10,0
"fifa_c","Lenovo FIFA","fifa_xiaomi","xiaomi","Xiaomi FIFA",2025-01-12,0,0,10,10
"fifa_c","Lenovo FIFA","fifa_xiaomi","xiaomi","Xiaomi FIFA",2025-01-19,0,0,10,10
"fifa_c","Lenovo FIFA","fifa_xiaomi","xiaomi","Xiaomi FIFA",2025-01-26,0,0,10,10
"fifa_c","Lenovo FIFA","fifa_xiaomi","xiaomi","Xiaomi FIFA",2025-02-02,0,0,10,10
"fifa_c","Lenovo FIFA","fifa_xiaomi","xiaomi","Xiaomi FIFA",2025-02-09,0,0,10,10
"fifa_c","Lenovo FIFA","fifa_xiaomi","xiaomi","Xiaomi FIFA",2025-02-16,0,0,10,10
"fifa_c","Lenovo FIFA","fifa_xiaomi","xiaomi","Xiaomi FIFA",2025-02-23,0,0,10,10
"fifa_c","Lenovo FIFA","fifa_xiaomi","xiaomi","Xiaomi FIFA",2025-03-02,0,0,10,10
"fifa_c","Lenovo FIFA","fifa_xiaomi","xiaomi","Xiaomi FIFA",2025-03-09,0,0,10,10
"fifa_c","Lenovo FIFA","fifa_xiaomi","xiaomi","Xiaomi FIFA",2025-03-16,0,0,10,0
"fifa_c","Lenovo FIFA","fifa_xiaomi","xiaomi","Xiaomi FIFA",2025-03-23,0,0,10,0
"fifa_c","Lenovo FIFA","fifa_xiaomi","xiaomi","Xiaomi FIFA",2025-03-30,0,0,10,10
"fifa_c","Lenovo FIFA","fifa_xiaomi","xiaomi","Xiaomi FIFA",2025-04-06,0,0,10,10
"fifa_c","Lenovo FIFA","fifa_xiaomi","xiaomi","Xiaomi FIFA",2025-04-13,0,0,10,10
"fifa_c","Lenovo FIFA","fifa_xiaomi","xiaomi","Xiaomi FIFA",2025-04-20,0,0,10,10
"fifa_c","Lenovo FIFA","fifa_xiaomi","xiaomi","Xiaomi FIFA",2025-04-27,0,0,10,10
"fifa_c","Lenovo FIFA","fifa_xiaomi","xiaomi","Xiaomi FIFA",2025-05-04,0,0,10,0
"fifa_c","Lenovo FIFA","fifa_xiaomi","xiaomi","Xiaomi FIFA",2025-05-11,0,0,10,10
"fifa_c","Lenovo FIFA","fifa_xiaomi","xiaomi","Xiaomi FIFA",2025-05-18,0,0,10,10
"fifa_c","Lenovo FIFA","fifa_xiaomi","xiaomi","Xiaomi FIFA",2025-05-25,0,0,10,10
"fifa_c","Lenovo FIFA","fifa_xiaomi","xiaomi","Xiaomi FIFA",2025-06-01,0,0,10,10
"fifa_c","Lenovo FIFA","fifa_xiaomi","xiaomi","Xiaomi FIFA",2025-06-08,0,0,10,0
"fifa_c","Lenovo FIFA","fifa_xiaomi","xiaomi","Xiaomi FIFA",2025-06-15,0.9867172675521821,0,10,0
"fifa_c","Lenovo FIFA","fifa_xiaomi","xiaomi","Xiaomi FIFA",2025-06-22,0.9867172675521821,0,10,0
"fifa_c","Lenovo FIFA","fifa_xiaomi","xiaomi","Xiaomi FIFA",2025-06-29,0.9867172675521821,0,10,0
"fifa_c","Lenovo FIFA","fifa_xiaomi","xiaomi","Xiaomi FIFA",2025-07-06,0.9867172675521821,0,10,0
"fifa_c","Lenovo FIFA","fifa_xiaomi","xiaomi","Xiaomi FIFA",2025-07-13,0.9867172675521821,0,10,0
"fifa_c","Lenovo FIFA","fifa_xiaomi","xiaomi","Xiaomi FIFA",2025-07-20,0.9867172675521821,0,10,0
"fifa_c","Lenovo FIFA","fifa_xiaomi","xiaomi","Xiaomi FIFA",2025-07-27,1.9734345351043643,0,10,0
"fifa_c","Lenovo FIFA","fifa_xiaomi","xiaomi","Xiaomi FIFA",2025-08-03,1.9734345351043643,0,10,0
"fifa_c","Lenovo FIFA","fifa_xiaomi","xiaomi","Xiaomi FIFA",2025-08-10,1.9734345351043643,0,10,0
"fifa_c","Lenovo FIFA","fifa_xiaomi","xiaomi","Xiaomi FIFA",2025-08-17,2.9601518026565463,0,10,0
"fifa_c","Lenovo FIFA","fifa_xiaomi","xiaomi","Xiaomi FIFA",2025-08-24,2.9601518026565463,0,10,0
"fifa_c","Lenovo FIFA","fifa_xiaomi","xiaomi","Xiaomi FIFA",2025-08-31,4.933586337760911,0,10,0
"fifa_c","Lenovo FIFA","fifa_xiaomi","xiaomi","Xiaomi FIFA",2025-09-07,5.920303605313093,0,10,0
"fifa_c","Lenovo FIFA","fifa_xiaomi","xiaomi","Xiaomi FIFA",2025-09-14,2.9601518026565463,0,10,0
"fifa_c","Lenovo FIFA","fifa_xiaomi","xiaomi","Xiaomi FIFA",2025-09-21,3.9468690702087286,0,10,0
"fifa_c","Lenovo FIFA","fifa_xiaomi","xiaomi","Xiaomi FIFA",2025-09-28,4.933586337760911,0,10,0
"fifa_c","Lenovo FIFA","fifa_xiaomi","xiaomi","Xiaomi FIFA",2025-10-05,3.9468690702087286,0,10,0
"fifa_c","Lenovo FIFA","fifa_xiaomi","xiaomi","Xiaomi FIFA",2025-10-12,3.9468690702087286,0,10,0
"fifa_c","Lenovo FIFA","fifa_xiaomi","xiaomi","Xiaomi FIFA",2025-10-19,2.9601518026565463,0,10,0
"fifa_c","Lenovo FIFA","fifa_xiaomi","xiaomi","Xiaomi FIFA",2025-10-26,1.9734345351043643,0,10,0
"fifa_c","Lenovo FIFA","fifa_xiaomi","xiaomi","Xiaomi FIFA",2025-11-02,1.9734345351043643,0,10,0
"fifa_c","Lenovo FIFA","fifa_xiaomi","xiaomi","Xiaomi FIFA",2025-11-09,3.9468690702087286,0,10,0
"fifa_c","Lenovo FIFA","fifa_xiaomi","xiaomi","Xiaomi FIFA",2025-11-16,4.933586337760911,0,10,0
"fifa_c","Lenovo FIFA","fifa_xiaomi","xiaomi","Xiaomi FIFA",2025-11-23,3.9468690702087286,0,10,0
"fifa_c","Lenovo FIFA","fifa_xiaomi","xiaomi","Xiaomi FIFA",2025-11-30,8.88045540796964,0,10,0
"fifa_c","Lenovo FIFA","fifa_xiaomi","xiaomi","Xiaomi FIFA",2025-12-07,5.920303605313093,0,10,0
"fifa_c","Lenovo FIFA","fifa_xiaomi","xiaomi","Xiaomi FIFA",2025-12-14,3.9468690702087286,0,10,0
"fifa_c","Lenovo FIFA","fifa_xiaomi","xiaomi","Xiaomi FIFA",2025-12-21,1.9734345351043643,0,10,0
"fifa_c","Lenovo FIFA","fifa_xiaomi","xiaomi","Xiaomi FIFA",2025-12-28,0.9867172675521821,0,10,0
"fifa_c","Lenovo FIFA","fifa_xiaomi","xiaomi","Xiaomi FIFA",2026-01-04,0.9867172675521821,0,10,0
"fifa_c","Lenovo FIFA","fifa_xiaomi","xiaomi","Xiaomi FIFA",2026-01-11,1.9734345351043643,0,10,0
"fifa_c","Lenovo FIFA","fifa_xiaomi","xiaomi","Xiaomi FIFA",2026-01-18,2.9601518026565463,0,10,0
"fifa_c","Lenovo FIFA","fifa_xiaomi","xiaomi","Xiaomi FIFA",2026-01-25,1.9734345351043643,0,10,0
"fifa_c","Lenovo FIFA","fifa_xiaomi","xiaomi","Xiaomi FIFA",2026-02-01,1.9734345351043643,0,10,0
"fifa_c","Lenovo FIFA","fifa_xiaomi","xiaomi","Xiaomi FIFA",2026-02-08,1.9734345351043643,0,10,0
"fifa_c","Lenovo FIFA","fifa_xiaomi","xiaomi","Xiaomi FIFA",2026-02-15,1.9734345351043643,0,10,0
"fifa_c","Lenovo FIFA","fifa_xiaomi","xiaomi","Xiaomi FIFA",2026-02-22,1.9734345351043643,0,10,0
"fifa_c","Lenovo FIFA","fifa_xiaomi","xiaomi","Xiaomi FIFA",2026-03-01,2.9601518026565463,0,10,0
"fifa_c","Lenovo FIFA","fifa_xiaomi","xiaomi","Xiaomi FIFA",2026-03-08,1.9734345351043643,0,10,0
"fifa_c","Lenovo FIFA","fifa_xiaomi","xiaomi","Xiaomi FIFA",2026-03-15,3.9468690702087286,0,10,0
"fifa_c","Lenovo FIFA","fifa_xiaomi","xiaomi","Xiaomi FIFA",2026-03-22,3.9468690702087286,0,10,0
"fifa_c","Lenovo FIFA","fifa_xiaomi","xiaomi","Xiaomi FIFA",2026-03-29,6.907020872865276,0,10,0
"fifa_c","Lenovo FIFA","fifa_xiaomi","xiaomi","Xiaomi FIFA",2026-04-05,2.9601518026565463,0,10,0
"fifa_c","Lenovo FIFA","fifa_xiaomi","xiaomi","Xiaomi FIFA",2026-04-12,1.9734345351043643,0,10,0
"fifa_c","Lenovo FIFA","fifa_xiaomi","xiaomi","Xiaomi FIFA",2026-04-19,1.9734345351043643,0,10,0
"fifa_c","Lenovo FIFA","fifa_xiaomi","xiaomi","Xiaomi FIFA",2026-04-26,2.9601518026565463,0,10,0
"fifa_c","Lenovo FIFA","fifa_xiaomi","xiaomi","Xiaomi FIFA",2026-05-03,1.9734345351043643,0,10,0
"fifa_c","Lenovo FIFA","fifa_xiaomi","xiaomi","Xiaomi FIFA",2026-05-10,2.9601518026565463,0,10,0
"fifa_c","Lenovo FIFA","fifa_xiaomi","xiaomi","Xiaomi FIFA",2026-05-17,4.933586337760911,0,10,0
"fifa_c","Lenovo FIFA","fifa_xiaomi","xiaomi","Xiaomi FIFA",2026-05-24,5.920303605313093,0,10,0
"fifa_c","Lenovo FIFA","fifa_xiaomi","xiaomi","Xiaomi FIFA",2026-05-31,14.800759013282732,0,10,0
"fifa_c","Lenovo FIFA","fifa_xiaomi","xiaomi","Xiaomi FIFA",2026-06-07,46.37571157495256,0,10,0
"fifa_c","Lenovo FIFA","fifa_xiaomi","xiaomi","Xiaomi FIFA",2026-06-14,54.269449715370015,0,10,0
"fifa_c","Lenovo FIFA","fifa_xiaomi","xiaomi","Xiaomi FIFA",2026-06-21,55.25616698292221,0,10,0
"fifa_c","Lenovo FIFA","fifa_xiaomi","xiaomi","Xiaomi FIFA",2026-06-28,68.08349146110056,0,10,0
"fifa_c","Lenovo FIFA","fifa_xiaomi","xiaomi","Xiaomi FIFA",2026-07-05,58.21631878557876,0,10,0
"fifa_c","Lenovo FIFA","fifa_xiaomi","xiaomi","Xiaomi FIFA",2026-07-12,35.52182163187856,0,10,0
"fifa_c","Lenovo FIFA","fifa_xiaomi","xiaomi","Xiaomi FIFA",2026-07-19,21.707779886148007,0,10,0
"fifa_c","Lenovo FIFA","fifa_xiaomi","xiaomi","Xiaomi FIFA",2026-07-26,3.9468690702087286,0,10,0
"fifa_c","Lenovo FIFA","fifa_xiaomi","xiaomi","Xiaomi FIFA",2026-08-02,2.9601518026565463,0,10,0
"fifa_c","Lenovo FIFA","fifa_xiaomi","xiaomi","Xiaomi FIFA",2026-08-09,3.9468690702087286,0,10,0
"fifa_c","Lenovo FIFA","fifa_xiaomi","xiaomi","Xiaomi FIFA",2026-08-16,2.9601518026565463,0,10,0
"fifa_c","Lenovo FIFA","fifa_xiaomi","xiaomi","Xiaomi FIFA",2026-08-23,2.9601518026565463,0,10,0
"fifa_c","Lenovo FIFA","fifa_xiaomi","xiaomi","Xiaomi FIFA",2026-08-30,2.9601518026565463,0,10,0
"fifa_c","Lenovo FIFA","fifa_xiaomi","xiaomi","Xiaomi FIFA",2026-09-06,1.9734345351043643,0,10,0
"fifa_c","Lenovo FIFA","fifa_xiaomi","xiaomi","Xiaomi FIFA",2026-09-13,0.9867172675521821,0,10,0
"fifa_c","Lenovo FIFA","fifa_xiaomi","xiaomi","Xiaomi FIFA",2026-09-20,0.9867172675521821,0,10,0
"fifa_c","Lenovo FIFA","fifa_xiaomi","xiaomi","Xiaomi FIFA",2026-09-27,0.9867172675521821,0,10,0
"worldcup_a","Lenovo FIFA","cobrand_lenovo_fifa","lenovo","Lenovo FIFA",2021-12-26,0,0,10,0
"worldcup_a","Lenovo FIFA","cobrand_lenovo_fifa","lenovo","Lenovo FIFA",2022-01-02,0,0,10,0
"worldcup_a","Lenovo FIFA","cobrand_lenovo_fifa","lenovo","Lenovo FIFA",2022-01-09,0,0,10,0
"worldcup_a","Lenovo FIFA","cobrand_lenovo_fifa","lenovo","Lenovo FIFA",2022-01-16,0,0,10,0
"worldcup_a","Lenovo FIFA","cobrand_lenovo_fifa","lenovo","Lenovo FIFA",2022-01-23,0,0,10,0
"worldcup_a","Lenovo FIFA","cobrand_lenovo_fifa","lenovo","Lenovo FIFA",2022-01-30,0,0,10,0
"worldcup_a","Lenovo FIFA","cobrand_lenovo_fifa","lenovo","Lenovo FIFA",2022-02-06,0,0,10,0
"worldcup_a","Lenovo FIFA","cobrand_lenovo_fifa","lenovo","Lenovo FIFA",2022-02-13,0,0,10,0
"worldcup_a","Lenovo FIFA","cobrand_lenovo_fifa","lenovo","Lenovo FIFA",2022-02-20,0,0,10,0
"worldcup_a","Lenovo FIFA","cobrand_lenovo_fifa","lenovo","Lenovo FIFA",2022-02-27,0,0,10,0
"worldcup_a","Lenovo FIFA","cobrand_lenovo_fifa","lenovo","Lenovo FIFA",2022-03-06,0,0,10,10
"worldcup_a","Lenovo FIFA","cobrand_lenovo_fifa","lenovo","Lenovo FIFA",2022-03-13,0,0,10,0
"worldcup_a","Lenovo FIFA","cobrand_lenovo_fifa","lenovo","Lenovo FIFA",2022-03-20,0,0,10,0
"worldcup_a","Lenovo FIFA","cobrand_lenovo_fifa","lenovo","Lenovo FIFA",2022-03-27,0,0,10,0
"worldcup_a","Lenovo FIFA","cobrand_lenovo_fifa","lenovo","Lenovo FIFA",2022-04-03,0,0,10,0
"worldcup_a","Lenovo FIFA","cobrand_lenovo_fifa","lenovo","Lenovo FIFA",2022-04-10,0,0,10,0
"worldcup_a","Lenovo FIFA","cobrand_lenovo_fifa","lenovo","Lenovo FIFA",2022-04-17,0,0,10,0
"worldcup_a","Lenovo FIFA","cobrand_lenovo_fifa","lenovo","Lenovo FIFA",2022-04-24,0,0,10,0
"worldcup_a","Lenovo FIFA","cobrand_lenovo_fifa","lenovo","Lenovo FIFA",2022-05-01,0,0,10,0
"worldcup_a","Lenovo FIFA","cobrand_lenovo_fifa","lenovo","Lenovo FIFA",2022-05-08,0,0,10,0
"worldcup_a","Lenovo FIFA","cobrand_lenovo_fifa","lenovo","Lenovo FIFA",2022-05-15,0,0,10,0
"worldcup_a","Lenovo FIFA","cobrand_lenovo_fifa","lenovo","Lenovo FIFA",2022-05-22,0,0,10,0
"worldcup_a","Lenovo FIFA","cobrand_lenovo_fifa","lenovo","Lenovo FIFA",2022-05-29,0,0,10,0
"worldcup_a","Lenovo FIFA","cobrand_lenovo_fifa","lenovo","Lenovo FIFA",2022-06-05,0,0,10,0
"worldcup_a","Lenovo FIFA","cobrand_lenovo_fifa","lenovo","Lenovo FIFA",2022-06-12,0,0,10,0
"worldcup_a","Lenovo FIFA","cobrand_lenovo_fifa","lenovo","Lenovo FIFA",2022-06-19,0,0,10,0
"worldcup_a","Lenovo FIFA","cobrand_lenovo_fifa","lenovo","Lenovo FIFA",2022-06-26,0,0,10,0
"worldcup_a","Lenovo FIFA","cobrand_lenovo_fifa","lenovo","Lenovo FIFA",2022-07-03,0,0,10,0
"worldcup_a","Lenovo FIFA","cobrand_lenovo_fifa","lenovo","Lenovo FIFA",2022-07-10,0,0,10,0
"worldcup_a","Lenovo FIFA","cobrand_lenovo_fifa","lenovo","Lenovo FIFA",2022-07-17,0,0,10,0
"worldcup_a","Lenovo FIFA","cobrand_lenovo_fifa","lenovo","Lenovo FIFA",2022-07-24,0,0,10,0
"worldcup_a","Lenovo FIFA","cobrand_lenovo_fifa","lenovo","Lenovo FIFA",2022-07-31,0,0,10,0
"worldcup_a","Lenovo FIFA","cobrand_lenovo_fifa","lenovo","Lenovo FIFA",2022-08-07,0,0,10,0
"worldcup_a","Lenovo FIFA","cobrand_lenovo_fifa","lenovo","Lenovo FIFA",2022-08-14,0,0,10,0
"worldcup_a","Lenovo FIFA","cobrand_lenovo_fifa","lenovo","Lenovo FIFA",2022-08-21,0,0,10,0
"worldcup_a","Lenovo FIFA","cobrand_lenovo_fifa","lenovo","Lenovo FIFA",2022-08-28,0,0,10,0
"worldcup_a","Lenovo FIFA","cobrand_lenovo_fifa","lenovo","Lenovo FIFA",2022-09-04,0,0,10,0
"worldcup_a","Lenovo FIFA","cobrand_lenovo_fifa","lenovo","Lenovo FIFA",2022-09-11,0,0,10,0
"worldcup_a","Lenovo FIFA","cobrand_lenovo_fifa","lenovo","Lenovo FIFA",2022-09-18,0,0,10,0
"worldcup_a","Lenovo FIFA","cobrand_lenovo_fifa","lenovo","Lenovo FIFA",2022-09-25,1.8191881918819188,0,10,0
"worldcup_a","Lenovo FIFA","cobrand_lenovo_fifa","lenovo","Lenovo FIFA",2022-10-02,0,0,10,0
"worldcup_a","Lenovo FIFA","cobrand_lenovo_fifa","lenovo","Lenovo FIFA",2022-10-09,0,0,10,0
"worldcup_a","Lenovo FIFA","cobrand_lenovo_fifa","lenovo","Lenovo FIFA",2022-10-16,0,0,10,0
"worldcup_a","Lenovo FIFA","cobrand_lenovo_fifa","lenovo","Lenovo FIFA",2022-10-23,0,0,10,0
"worldcup_a","Lenovo FIFA","cobrand_lenovo_fifa","lenovo","Lenovo FIFA",2022-10-30,0,0,10,0
"worldcup_a","Lenovo FIFA","cobrand_lenovo_fifa","lenovo","Lenovo FIFA",2022-11-06,0,0,10,0
"worldcup_a","Lenovo FIFA","cobrand_lenovo_fifa","lenovo","Lenovo FIFA",2022-11-13,0,0,10,0
"worldcup_a","Lenovo FIFA","cobrand_lenovo_fifa","lenovo","Lenovo FIFA",2022-11-20,3.6383763837638377,0,10,0
"worldcup_a","Lenovo FIFA","cobrand_lenovo_fifa","lenovo","Lenovo FIFA",2022-11-27,3.6383763837638377,0,10,0
"worldcup_a","Lenovo FIFA","cobrand_lenovo_fifa","lenovo","Lenovo FIFA",2022-12-04,1.8191881918819188,0,10,0
"worldcup_a","Lenovo FIFA","cobrand_lenovo_fifa","lenovo","Lenovo FIFA",2022-12-11,1.8191881918819188,0,10,0
"worldcup_a","Lenovo FIFA","cobrand_lenovo_fifa","lenovo","Lenovo FIFA",2022-12-18,1.8191881918819188,0,10,0
"worldcup_a","Lenovo FIFA","cobrand_lenovo_fifa","lenovo","Lenovo FIFA",2022-12-25,0,0,10,0
"worldcup_a","Lenovo FIFA","cobrand_lenovo_fifa","lenovo","Lenovo FIFA",2023-01-01,0,0,10,0
"worldcup_a","Lenovo FIFA","cobrand_lenovo_fifa","lenovo","Lenovo FIFA",2023-01-08,0,0,10,0
"worldcup_a","Lenovo FIFA","cobrand_lenovo_fifa","lenovo","Lenovo FIFA",2023-01-15,0,0,10,0
"worldcup_a","Lenovo FIFA","cobrand_lenovo_fifa","lenovo","Lenovo FIFA",2023-01-22,0,0,10,0
"worldcup_a","Lenovo FIFA","cobrand_lenovo_fifa","lenovo","Lenovo FIFA",2023-01-29,0,0,10,0
"worldcup_a","Lenovo FIFA","cobrand_lenovo_fifa","lenovo","Lenovo FIFA",2023-02-05,0,0,10,0
"worldcup_a","Lenovo FIFA","cobrand_lenovo_fifa","lenovo","Lenovo FIFA",2023-02-12,0,0,10,0
"worldcup_a","Lenovo FIFA","cobrand_lenovo_fifa","lenovo","Lenovo FIFA",2023-02-19,0,0,10,0
"worldcup_a","Lenovo FIFA","cobrand_lenovo_fifa","lenovo","Lenovo FIFA",2023-02-26,0,0,10,0
"worldcup_a","Lenovo FIFA","cobrand_lenovo_fifa","lenovo","Lenovo FIFA",2023-03-05,0,0,10,0
"worldcup_a","Lenovo FIFA","cobrand_lenovo_fifa","lenovo","Lenovo FIFA",2023-03-12,0,0,10,0
"worldcup_a","Lenovo FIFA","cobrand_lenovo_fifa","lenovo","Lenovo FIFA",2023-03-19,0,0,10,0
"worldcup_a","Lenovo FIFA","cobrand_lenovo_fifa","lenovo","Lenovo FIFA",2023-03-26,0,0,10,0
"worldcup_a","Lenovo FIFA","cobrand_lenovo_fifa","lenovo","Lenovo FIFA",2023-04-02,0,0,10,0
"worldcup_a","Lenovo FIFA","cobrand_lenovo_fifa","lenovo","Lenovo FIFA",2023-04-09,0,0,10,0
"worldcup_a","Lenovo FIFA","cobrand_lenovo_fifa","lenovo","Lenovo FIFA",2023-04-16,0,0,10,0
"worldcup_a","Lenovo FIFA","cobrand_lenovo_fifa","lenovo","Lenovo FIFA",2023-04-23,0,0,10,0
"worldcup_a","Lenovo FIFA","cobrand_lenovo_fifa","lenovo","Lenovo FIFA",2023-04-30,0,0,10,0
"worldcup_a","Lenovo FIFA","cobrand_lenovo_fifa","lenovo","Lenovo FIFA",2023-05-07,0,0,10,0
"worldcup_a","Lenovo FIFA","cobrand_lenovo_fifa","lenovo","Lenovo FIFA",2023-05-14,0,0,10,0
"worldcup_a","Lenovo FIFA","cobrand_lenovo_fifa","lenovo","Lenovo FIFA",2023-05-21,0,0,10,0
"worldcup_a","Lenovo FIFA","cobrand_lenovo_fifa","lenovo","Lenovo FIFA",2023-05-28,0,0,10,0
"worldcup_a","Lenovo FIFA","cobrand_lenovo_fifa","lenovo","Lenovo FIFA",2023-06-04,0,0,10,0
"worldcup_a","Lenovo FIFA","cobrand_lenovo_fifa","lenovo","Lenovo FIFA",2023-06-11,0,0,10,0
"worldcup_a","Lenovo FIFA","cobrand_lenovo_fifa","lenovo","Lenovo FIFA",2023-06-18,0,0,10,0
"worldcup_a","Lenovo FIFA","cobrand_lenovo_fifa","lenovo","Lenovo FIFA",2023-06-25,0,0,10,0
"worldcup_a","Lenovo FIFA","cobrand_lenovo_fifa","lenovo","Lenovo FIFA",2023-07-02,0,0,10,0
"worldcup_a","Lenovo FIFA","cobrand_lenovo_fifa","lenovo","Lenovo FIFA",2023-07-09,0,0,10,0
"worldcup_a","Lenovo FIFA","cobrand_lenovo_fifa","lenovo","Lenovo FIFA",2023-07-16,0,0,10,0
"worldcup_a","Lenovo FIFA","cobrand_lenovo_fifa","lenovo","Lenovo FIFA",2023-07-23,0,0,10,0
"worldcup_a","Lenovo FIFA","cobrand_lenovo_fifa","lenovo","Lenovo FIFA",2023-07-30,0,0,10,0
"worldcup_a","Lenovo FIFA","cobrand_lenovo_fifa","lenovo","Lenovo FIFA",2023-08-06,0,0,10,0
"worldcup_a","Lenovo FIFA","cobrand_lenovo_fifa","lenovo","Lenovo FIFA",2023-08-13,0,0,10,0
"worldcup_a","Lenovo FIFA","cobrand_lenovo_fifa","lenovo","Lenovo FIFA",2023-08-20,0,0,10,0
"worldcup_a","Lenovo FIFA","cobrand_lenovo_fifa","lenovo","Lenovo FIFA",2023-08-27,0,0,10,0
"worldcup_a","Lenovo FIFA","cobrand_lenovo_fifa","lenovo","Lenovo FIFA",2023-09-03,0,0,10,0
"worldcup_a","Lenovo FIFA","cobrand_lenovo_fifa","lenovo","Lenovo FIFA",2023-09-10,0,0,10,0
"worldcup_a","Lenovo FIFA","cobrand_lenovo_fifa","lenovo","Lenovo FIFA",2023-09-17,0,0,10,0
"worldcup_a","Lenovo FIFA","cobrand_lenovo_fifa","lenovo","Lenovo FIFA",2023-09-24,0,0,10,0
"worldcup_a","Lenovo FIFA","cobrand_lenovo_fifa","lenovo","Lenovo FIFA",2023-10-01,0,0,10,0
"worldcup_a","Lenovo FIFA","cobrand_lenovo_fifa","lenovo","Lenovo FIFA",2023-10-08,0,0,10,0
"worldcup_a","Lenovo FIFA","cobrand_lenovo_fifa","lenovo","Lenovo FIFA",2023-10-15,0,0,10,0
"worldcup_a","Lenovo FIFA","cobrand_lenovo_fifa","lenovo","Lenovo FIFA",2023-10-22,0,0,10,0
"worldcup_a","Lenovo FIFA","cobrand_lenovo_fifa","lenovo","Lenovo FIFA",2023-10-29,0,0,10,10
"worldcup_a","Lenovo FIFA","cobrand_lenovo_fifa","lenovo","Lenovo FIFA",2023-11-05,0,0,10,0
"worldcup_a","Lenovo FIFA","cobrand_lenovo_fifa","lenovo","Lenovo FIFA",2023-11-12,0,0,10,0
"worldcup_a","Lenovo FIFA","cobrand_lenovo_fifa","lenovo","Lenovo FIFA",2023-11-19,0,0,10,0
"worldcup_a","Lenovo FIFA","cobrand_lenovo_fifa","lenovo","Lenovo FIFA",2023-11-26,0,0,10,0
"worldcup_a","Lenovo FIFA","cobrand_lenovo_fifa","lenovo","Lenovo FIFA",2023-12-03,0,0,10,0
"worldcup_a","Lenovo FIFA","cobrand_lenovo_fifa","lenovo","Lenovo FIFA",2023-12-10,0,0,10,0
"worldcup_a","Lenovo FIFA","cobrand_lenovo_fifa","lenovo","Lenovo FIFA",2023-12-17,0,0,10,0
"worldcup_a","Lenovo FIFA","cobrand_lenovo_fifa","lenovo","Lenovo FIFA",2023-12-24,0,0,10,0
"worldcup_a","Lenovo FIFA","cobrand_lenovo_fifa","lenovo","Lenovo FIFA",2023-12-31,0,0,10,0
"worldcup_a","Lenovo FIFA","cobrand_lenovo_fifa","lenovo","Lenovo FIFA",2024-01-07,0,0,10,0
"worldcup_a","Lenovo FIFA","cobrand_lenovo_fifa","lenovo","Lenovo FIFA",2024-01-14,0,0,10,0
"worldcup_a","Lenovo FIFA","cobrand_lenovo_fifa","lenovo","Lenovo FIFA",2024-01-21,0,0,10,0
"worldcup_a","Lenovo FIFA","cobrand_lenovo_fifa","lenovo","Lenovo FIFA",2024-01-28,0,0,10,0
"worldcup_a","Lenovo FIFA","cobrand_lenovo_fifa","lenovo","Lenovo FIFA",2024-02-04,0,0,10,10
"worldcup_a","Lenovo FIFA","cobrand_lenovo_fifa","lenovo","Lenovo FIFA",2024-02-11,0,0,10,0
"worldcup_a","Lenovo FIFA","cobrand_lenovo_fifa","lenovo","Lenovo FIFA",2024-02-18,0,0,10,10
"worldcup_a","Lenovo FIFA","cobrand_lenovo_fifa","lenovo","Lenovo FIFA",2024-02-25,0,0,10,0
"worldcup_a","Lenovo FIFA","cobrand_lenovo_fifa","lenovo","Lenovo FIFA",2024-03-03,0,0,10,0
"worldcup_a","Lenovo FIFA","cobrand_lenovo_fifa","lenovo","Lenovo FIFA",2024-03-10,0,0,10,0
"worldcup_a","Lenovo FIFA","cobrand_lenovo_fifa","lenovo","Lenovo FIFA",2024-03-17,0,0,10,0
"worldcup_a","Lenovo FIFA","cobrand_lenovo_fifa","lenovo","Lenovo FIFA",2024-03-24,0,0,10,0
"worldcup_a","Lenovo FIFA","cobrand_lenovo_fifa","lenovo","Lenovo FIFA",2024-03-31,0,0,10,0
"worldcup_a","Lenovo FIFA","cobrand_lenovo_fifa","lenovo","Lenovo FIFA",2024-04-07,0,0,10,10
"worldcup_a","Lenovo FIFA","cobrand_lenovo_fifa","lenovo","Lenovo FIFA",2024-04-14,0,0,10,0
"worldcup_a","Lenovo FIFA","cobrand_lenovo_fifa","lenovo","Lenovo FIFA",2024-04-21,0,0,10,0
"worldcup_a","Lenovo FIFA","cobrand_lenovo_fifa","lenovo","Lenovo FIFA",2024-04-28,0,0,10,0
"worldcup_a","Lenovo FIFA","cobrand_lenovo_fifa","lenovo","Lenovo FIFA",2024-05-05,0,0,10,0
"worldcup_a","Lenovo FIFA","cobrand_lenovo_fifa","lenovo","Lenovo FIFA",2024-05-12,0,0,10,0
"worldcup_a","Lenovo FIFA","cobrand_lenovo_fifa","lenovo","Lenovo FIFA",2024-05-19,0,0,10,0
"worldcup_a","Lenovo FIFA","cobrand_lenovo_fifa","lenovo","Lenovo FIFA",2024-05-26,0,0,10,0
"worldcup_a","Lenovo FIFA","cobrand_lenovo_fifa","lenovo","Lenovo FIFA",2024-06-02,0,0,10,0
"worldcup_a","Lenovo FIFA","cobrand_lenovo_fifa","lenovo","Lenovo FIFA",2024-06-09,0,0,10,0
"worldcup_a","Lenovo FIFA","cobrand_lenovo_fifa","lenovo","Lenovo FIFA",2024-06-16,0,0,10,10
"worldcup_a","Lenovo FIFA","cobrand_lenovo_fifa","lenovo","Lenovo FIFA",2024-06-23,0,0,10,0
"worldcup_a","Lenovo FIFA","cobrand_lenovo_fifa","lenovo","Lenovo FIFA",2024-06-30,0,0,10,0
"worldcup_a","Lenovo FIFA","cobrand_lenovo_fifa","lenovo","Lenovo FIFA",2024-07-07,0,0,10,10
"worldcup_a","Lenovo FIFA","cobrand_lenovo_fifa","lenovo","Lenovo FIFA",2024-07-14,0,0,10,10
"worldcup_a","Lenovo FIFA","cobrand_lenovo_fifa","lenovo","Lenovo FIFA",2024-07-21,0,0,10,10
"worldcup_a","Lenovo FIFA","cobrand_lenovo_fifa","lenovo","Lenovo FIFA",2024-07-28,0,0,10,0
"worldcup_a","Lenovo FIFA","cobrand_lenovo_fifa","lenovo","Lenovo FIFA",2024-08-04,0,0,10,0
"worldcup_a","Lenovo FIFA","cobrand_lenovo_fifa","lenovo","Lenovo FIFA",2024-08-11,0,0,10,0
"worldcup_a","Lenovo FIFA","cobrand_lenovo_fifa","lenovo","Lenovo FIFA",2024-08-18,0,0,10,10
"worldcup_a","Lenovo FIFA","cobrand_lenovo_fifa","lenovo","Lenovo FIFA",2024-08-25,0,0,10,0
"worldcup_a","Lenovo FIFA","cobrand_lenovo_fifa","lenovo","Lenovo FIFA",2024-09-01,0,0,10,0
"worldcup_a","Lenovo FIFA","cobrand_lenovo_fifa","lenovo","Lenovo FIFA",2024-09-08,0,0,10,0
"worldcup_a","Lenovo FIFA","cobrand_lenovo_fifa","lenovo","Lenovo FIFA",2024-09-15,0,0,10,0
"worldcup_a","Lenovo FIFA","cobrand_lenovo_fifa","lenovo","Lenovo FIFA",2024-09-22,0,0,10,0
"worldcup_a","Lenovo FIFA","cobrand_lenovo_fifa","lenovo","Lenovo FIFA",2024-09-29,0,0,10,0
"worldcup_a","Lenovo FIFA","cobrand_lenovo_fifa","lenovo","Lenovo FIFA",2024-10-06,0,0,10,0
"worldcup_a","Lenovo FIFA","cobrand_lenovo_fifa","lenovo","Lenovo FIFA",2024-10-13,0,0,10,0
"worldcup_a","Lenovo FIFA","cobrand_lenovo_fifa","lenovo","Lenovo FIFA",2024-10-20,0,0,10,0
"worldcup_a","Lenovo FIFA","cobrand_lenovo_fifa","lenovo","Lenovo FIFA",2024-10-27,0,0,10,10
"worldcup_a","Lenovo FIFA","cobrand_lenovo_fifa","lenovo","Lenovo FIFA",2024-11-03,0,0,10,0
"worldcup_a","Lenovo FIFA","cobrand_lenovo_fifa","lenovo","Lenovo FIFA",2024-11-10,0,0,10,0
"worldcup_a","Lenovo FIFA","cobrand_lenovo_fifa","lenovo","Lenovo FIFA",2024-11-17,0,0,10,0
"worldcup_a","Lenovo FIFA","cobrand_lenovo_fifa","lenovo","Lenovo FIFA",2024-11-24,0,0,10,0
"worldcup_a","Lenovo FIFA","cobrand_lenovo_fifa","lenovo","Lenovo FIFA",2024-12-01,0,0,10,0
"worldcup_a","Lenovo FIFA","cobrand_lenovo_fifa","lenovo","Lenovo FIFA",2024-12-08,0,0,10,0
"worldcup_a","Lenovo FIFA","cobrand_lenovo_fifa","lenovo","Lenovo FIFA",2024-12-15,0,0,10,0
"worldcup_a","Lenovo FIFA","cobrand_lenovo_fifa","lenovo","Lenovo FIFA",2024-12-22,0,0,10,0
"worldcup_a","Lenovo FIFA","cobrand_lenovo_fifa","lenovo","Lenovo FIFA",2024-12-29,0,0,10,10
"worldcup_a","Lenovo FIFA","cobrand_lenovo_fifa","lenovo","Lenovo FIFA",2025-01-05,0,0,10,0
"worldcup_a","Lenovo FIFA","cobrand_lenovo_fifa","lenovo","Lenovo FIFA",2025-01-12,0,0,10,0
"worldcup_a","Lenovo FIFA","cobrand_lenovo_fifa","lenovo","Lenovo FIFA",2025-01-19,0,0,10,0
"worldcup_a","Lenovo FIFA","cobrand_lenovo_fifa","lenovo","Lenovo FIFA",2025-01-26,0,0,10,0
"worldcup_a","Lenovo FIFA","cobrand_lenovo_fifa","lenovo","Lenovo FIFA",2025-02-02,0,0,10,0
"worldcup_a","Lenovo FIFA","cobrand_lenovo_fifa","lenovo","Lenovo FIFA",2025-02-09,0,0,10,10
"worldcup_a","Lenovo FIFA","cobrand_lenovo_fifa","lenovo","Lenovo FIFA",2025-02-16,0,0,10,0
"worldcup_a","Lenovo FIFA","cobrand_lenovo_fifa","lenovo","Lenovo FIFA",2025-02-23,0,0,10,0
"worldcup_a","Lenovo FIFA","cobrand_lenovo_fifa","lenovo","Lenovo FIFA",2025-03-02,0,0,10,0
"worldcup_a","Lenovo FIFA","cobrand_lenovo_fifa","lenovo","Lenovo FIFA",2025-03-09,0,0,10,0
"worldcup_a","Lenovo FIFA","cobrand_lenovo_fifa","lenovo","Lenovo FIFA",2025-03-16,0,0,10,0
"worldcup_a","Lenovo FIFA","cobrand_lenovo_fifa","lenovo","Lenovo FIFA",2025-03-23,0,0,10,0
"worldcup_a","Lenovo FIFA","cobrand_lenovo_fifa","lenovo","Lenovo FIFA",2025-03-30,0,0,10,0
"worldcup_a","Lenovo FIFA","cobrand_lenovo_fifa","lenovo","Lenovo FIFA",2025-04-06,0,0,10,0
"worldcup_a","Lenovo FIFA","cobrand_lenovo_fifa","lenovo","Lenovo FIFA",2025-04-13,0,0,10,0
"worldcup_a","Lenovo FIFA","cobrand_lenovo_fifa","lenovo","Lenovo FIFA",2025-04-20,0,0,10,0
"worldcup_a","Lenovo FIFA","cobrand_lenovo_fifa","lenovo","Lenovo FIFA",2025-04-27,0,0,10,0
"worldcup_a","Lenovo FIFA","cobrand_lenovo_fifa","lenovo","Lenovo FIFA",2025-05-04,0,0,10,10
"worldcup_a","Lenovo FIFA","cobrand_lenovo_fifa","lenovo","Lenovo FIFA",2025-05-11,0,0,10,0
"worldcup_a","Lenovo FIFA","cobrand_lenovo_fifa","lenovo","Lenovo FIFA",2025-05-18,0,0,10,10
"worldcup_a","Lenovo FIFA","cobrand_lenovo_fifa","lenovo","Lenovo FIFA",2025-05-25,0,0,10,0
"worldcup_a","Lenovo FIFA","cobrand_lenovo_fifa","lenovo","Lenovo FIFA",2025-06-01,0,0,10,0
"worldcup_a","Lenovo FIFA","cobrand_lenovo_fifa","lenovo","Lenovo FIFA",2025-06-08,0,0,10,0
"worldcup_a","Lenovo FIFA","cobrand_lenovo_fifa","lenovo","Lenovo FIFA",2025-06-15,0,0,10,0
"worldcup_a","Lenovo FIFA","cobrand_lenovo_fifa","lenovo","Lenovo FIFA",2025-06-22,1.8191881918819188,0,10,0
"worldcup_a","Lenovo FIFA","cobrand_lenovo_fifa","lenovo","Lenovo FIFA",2025-06-29,0,0,10,0
"worldcup_a","Lenovo FIFA","cobrand_lenovo_fifa","lenovo","Lenovo FIFA",2025-07-06,0,0,10,0
"worldcup_a","Lenovo FIFA","cobrand_lenovo_fifa","lenovo","Lenovo FIFA",2025-07-13,1.8191881918819188,0,10,0
"worldcup_a","Lenovo FIFA","cobrand_lenovo_fifa","lenovo","Lenovo FIFA",2025-07-20,1.8191881918819188,0,10,0
"worldcup_a","Lenovo FIFA","cobrand_lenovo_fifa","lenovo","Lenovo FIFA",2025-07-27,1.8191881918819188,0,10,0
"worldcup_a","Lenovo FIFA","cobrand_lenovo_fifa","lenovo","Lenovo FIFA",2025-08-03,1.8191881918819188,0,10,0
"worldcup_a","Lenovo FIFA","cobrand_lenovo_fifa","lenovo","Lenovo FIFA",2025-08-10,1.8191881918819188,0,10,0
"worldcup_a","Lenovo FIFA","cobrand_lenovo_fifa","lenovo","Lenovo FIFA",2025-08-17,1.8191881918819188,0,10,0
"worldcup_a","Lenovo FIFA","cobrand_lenovo_fifa","lenovo","Lenovo FIFA",2025-08-24,3.6383763837638377,0,10,0
"worldcup_a","Lenovo FIFA","cobrand_lenovo_fifa","lenovo","Lenovo FIFA",2025-08-31,5.4575645756457565,0,10,0
"worldcup_a","Lenovo FIFA","cobrand_lenovo_fifa","lenovo","Lenovo FIFA",2025-09-07,7.276752767527675,0,10,0
"worldcup_a","Lenovo FIFA","cobrand_lenovo_fifa","lenovo","Lenovo FIFA",2025-09-14,3.6383763837638377,0,10,0
"worldcup_a","Lenovo FIFA","cobrand_lenovo_fifa","lenovo","Lenovo FIFA",2025-09-21,3.6383763837638377,0,10,0
"worldcup_a","Lenovo FIFA","cobrand_lenovo_fifa","lenovo","Lenovo FIFA",2025-09-28,3.6383763837638377,0,10,0
"worldcup_a","Lenovo FIFA","cobrand_lenovo_fifa","lenovo","Lenovo FIFA",2025-10-05,3.6383763837638377,0,10,0
"worldcup_a","Lenovo FIFA","cobrand_lenovo_fifa","lenovo","Lenovo FIFA",2025-10-12,3.6383763837638377,0,10,0
"worldcup_a","Lenovo FIFA","cobrand_lenovo_fifa","lenovo","Lenovo FIFA",2025-10-19,1.8191881918819188,0,10,0
"worldcup_a","Lenovo FIFA","cobrand_lenovo_fifa","lenovo","Lenovo FIFA",2025-10-26,1.8191881918819188,0,10,0
"worldcup_a","Lenovo FIFA","cobrand_lenovo_fifa","lenovo","Lenovo FIFA",2025-11-02,3.6383763837638377,0,10,0
"worldcup_a","Lenovo FIFA","cobrand_lenovo_fifa","lenovo","Lenovo FIFA",2025-11-09,5.4575645756457565,0,10,0
"worldcup_a","Lenovo FIFA","cobrand_lenovo_fifa","lenovo","Lenovo FIFA",2025-11-16,5.4575645756457565,0,10,0
"worldcup_a","Lenovo FIFA","cobrand_lenovo_fifa","lenovo","Lenovo FIFA",2025-11-23,3.6383763837638377,0,10,0
"worldcup_a","Lenovo FIFA","cobrand_lenovo_fifa","lenovo","Lenovo FIFA",2025-11-30,7.276752767527675,0,10,0
"worldcup_a","Lenovo FIFA","cobrand_lenovo_fifa","lenovo","Lenovo FIFA",2025-12-07,5.4575645756457565,0,10,0
"worldcup_a","Lenovo FIFA","cobrand_lenovo_fifa","lenovo","Lenovo FIFA",2025-12-14,3.6383763837638377,0,10,0
"worldcup_a","Lenovo FIFA","cobrand_lenovo_fifa","lenovo","Lenovo FIFA",2025-12-21,1.8191881918819188,0,10,0
"worldcup_a","Lenovo FIFA","cobrand_lenovo_fifa","lenovo","Lenovo FIFA",2025-12-28,1.8191881918819188,0,10,0
"worldcup_a","Lenovo FIFA","cobrand_lenovo_fifa","lenovo","Lenovo FIFA",2026-01-04,1.8191881918819188,0,10,0
"worldcup_a","Lenovo FIFA","cobrand_lenovo_fifa","lenovo","Lenovo FIFA",2026-01-11,1.8191881918819188,0,10,0
"worldcup_a","Lenovo FIFA","cobrand_lenovo_fifa","lenovo","Lenovo FIFA",2026-01-18,1.8191881918819188,0,10,0
"worldcup_a","Lenovo FIFA","cobrand_lenovo_fifa","lenovo","Lenovo FIFA",2026-01-25,1.8191881918819188,0,10,0
"worldcup_a","Lenovo FIFA","cobrand_lenovo_fifa","lenovo","Lenovo FIFA",2026-02-01,1.8191881918819188,0,10,0
"worldcup_a","Lenovo FIFA","cobrand_lenovo_fifa","lenovo","Lenovo FIFA",2026-02-08,1.8191881918819188,0,10,0
"worldcup_a","Lenovo FIFA","cobrand_lenovo_fifa","lenovo","Lenovo FIFA",2026-02-15,1.8191881918819188,0,10,0
"worldcup_a","Lenovo FIFA","cobrand_lenovo_fifa","lenovo","Lenovo FIFA",2026-02-22,1.8191881918819188,0,10,0
"worldcup_a","Lenovo FIFA","cobrand_lenovo_fifa","lenovo","Lenovo FIFA",2026-03-01,1.8191881918819188,0,10,0
"worldcup_a","Lenovo FIFA","cobrand_lenovo_fifa","lenovo","Lenovo FIFA",2026-03-08,1.8191881918819188,0,10,0
"worldcup_a","Lenovo FIFA","cobrand_lenovo_fifa","lenovo","Lenovo FIFA",2026-03-15,3.6383763837638377,0,10,0
"worldcup_a","Lenovo FIFA","cobrand_lenovo_fifa","lenovo","Lenovo FIFA",2026-03-22,3.6383763837638377,0,10,0
"worldcup_a","Lenovo FIFA","cobrand_lenovo_fifa","lenovo","Lenovo FIFA",2026-03-29,7.276752767527675,0,10,0
"worldcup_a","Lenovo FIFA","cobrand_lenovo_fifa","lenovo","Lenovo FIFA",2026-04-05,5.4575645756457565,0,10,0
"worldcup_a","Lenovo FIFA","cobrand_lenovo_fifa","lenovo","Lenovo FIFA",2026-04-12,3.6383763837638377,0,10,0
"worldcup_a","Lenovo FIFA","cobrand_lenovo_fifa","lenovo","Lenovo FIFA",2026-04-19,3.6383763837638377,0,10,0
"worldcup_a","Lenovo FIFA","cobrand_lenovo_fifa","lenovo","Lenovo FIFA",2026-04-26,3.6383763837638377,0,10,0
"worldcup_a","Lenovo FIFA","cobrand_lenovo_fifa","lenovo","Lenovo FIFA",2026-05-03,3.6383763837638377,0,10,0
"worldcup_a","Lenovo FIFA","cobrand_lenovo_fifa","lenovo","Lenovo FIFA",2026-05-10,5.4575645756457565,0,10,0
"worldcup_a","Lenovo FIFA","cobrand_lenovo_fifa","lenovo","Lenovo FIFA",2026-05-17,7.276752767527675,0,10,0
"worldcup_a","Lenovo FIFA","cobrand_lenovo_fifa","lenovo","Lenovo FIFA",2026-05-24,7.276752767527675,0,10,0
"worldcup_a","Lenovo FIFA","cobrand_lenovo_fifa","lenovo","Lenovo FIFA",2026-05-31,14.55350553505535,0,10,0
"worldcup_a","Lenovo FIFA","cobrand_lenovo_fifa","lenovo","Lenovo FIFA",2026-06-07,40.02214022140221,0,10,0
"worldcup_a","Lenovo FIFA","cobrand_lenovo_fifa","lenovo","Lenovo FIFA",2026-06-14,41.84132841328413,0,10,0
"worldcup_a","Lenovo FIFA","cobrand_lenovo_fifa","lenovo","Lenovo FIFA",2026-06-21,45.47970479704797,0,10,0
"worldcup_a","Lenovo FIFA","cobrand_lenovo_fifa","lenovo","Lenovo FIFA",2026-06-28,54.57564575645756,0,10,0
"worldcup_a","Lenovo FIFA","cobrand_lenovo_fifa","lenovo","Lenovo FIFA",2026-07-05,41.84132841328413,0,10,0
"worldcup_a","Lenovo FIFA","cobrand_lenovo_fifa","lenovo","Lenovo FIFA",2026-07-12,29.1070110701107,0,10,0
"worldcup_a","Lenovo FIFA","cobrand_lenovo_fifa","lenovo","Lenovo FIFA",2026-07-19,18.19188191881919,0,10,0
"worldcup_a","Lenovo FIFA","cobrand_lenovo_fifa","lenovo","Lenovo FIFA",2026-07-26,5.4575645756457565,0,10,0
"worldcup_a","Lenovo FIFA","cobrand_lenovo_fifa","lenovo","Lenovo FIFA",2026-08-02,3.6383763837638377,0,10,0
"worldcup_a","Lenovo FIFA","cobrand_lenovo_fifa","lenovo","Lenovo FIFA",2026-08-09,3.6383763837638377,0,10,0
"worldcup_a","Lenovo FIFA","cobrand_lenovo_fifa","lenovo","Lenovo FIFA",2026-08-16,3.6383763837638377,0,10,0
"worldcup_a","Lenovo FIFA","cobrand_lenovo_fifa","lenovo","Lenovo FIFA",2026-08-23,3.6383763837638377,0,10,0
"worldcup_a","Lenovo FIFA","cobrand_lenovo_fifa","lenovo","Lenovo FIFA",2026-08-30,3.6383763837638377,0,10,0
"worldcup_a","Lenovo FIFA","cobrand_lenovo_fifa","lenovo","Lenovo FIFA",2026-09-06,1.8191881918819188,0,10,0
"worldcup_a","Lenovo FIFA","cobrand_lenovo_fifa","lenovo","Lenovo FIFA",2026-09-13,1.8191881918819188,0,10,0
"worldcup_a","Lenovo FIFA","cobrand_lenovo_fifa","lenovo","Lenovo FIFA",2026-09-20,1.8191881918819188,0,10,0
"worldcup_a","Lenovo FIFA","cobrand_lenovo_fifa","lenovo","Lenovo FIFA",2026-09-27,1.8191881918819188,0,10,0
"worldcup_a","Lenovo FIFA","worldcup_asus","asus","Asus World Cup",2021-12-26,0,0,10,10
"worldcup_a","Lenovo FIFA","worldcup_asus","asus","Asus World Cup",2022-01-02,0,0,10,10
"worldcup_a","Lenovo FIFA","worldcup_asus","asus","Asus World Cup",2022-01-09,0,0,10,10
"worldcup_a","Lenovo FIFA","worldcup_asus","asus","Asus World Cup",2022-01-16,0,0,10,10
"worldcup_a","Lenovo FIFA","worldcup_asus","asus","Asus World Cup",2022-01-23,0,0,10,10
"worldcup_a","Lenovo FIFA","worldcup_asus","asus","Asus World Cup",2022-01-30,0,0,10,0
"worldcup_a","Lenovo FIFA","worldcup_asus","asus","Asus World Cup",2022-02-06,0,0,10,10
"worldcup_a","Lenovo FIFA","worldcup_asus","asus","Asus World Cup",2022-02-13,0,0,10,10
"worldcup_a","Lenovo FIFA","worldcup_asus","asus","Asus World Cup",2022-02-20,0,0,10,10
"worldcup_a","Lenovo FIFA","worldcup_asus","asus","Asus World Cup",2022-02-27,0,0,10,0
"worldcup_a","Lenovo FIFA","worldcup_asus","asus","Asus World Cup",2022-03-06,0,0,10,10
"worldcup_a","Lenovo FIFA","worldcup_asus","asus","Asus World Cup",2022-03-13,0,0,10,10
"worldcup_a","Lenovo FIFA","worldcup_asus","asus","Asus World Cup",2022-03-20,0,0,10,0
"worldcup_a","Lenovo FIFA","worldcup_asus","asus","Asus World Cup",2022-03-27,0,0,10,0
"worldcup_a","Lenovo FIFA","worldcup_asus","asus","Asus World Cup",2022-04-03,0,0,10,10
"worldcup_a","Lenovo FIFA","worldcup_asus","asus","Asus World Cup",2022-04-10,0,0,10,10
"worldcup_a","Lenovo FIFA","worldcup_asus","asus","Asus World Cup",2022-04-17,0,0,10,10
"worldcup_a","Lenovo FIFA","worldcup_asus","asus","Asus World Cup",2022-04-24,0,0,10,10
"worldcup_a","Lenovo FIFA","worldcup_asus","asus","Asus World Cup",2022-05-01,0,0,10,10
"worldcup_a","Lenovo FIFA","worldcup_asus","asus","Asus World Cup",2022-05-08,0,0,10,10
"worldcup_a","Lenovo FIFA","worldcup_asus","asus","Asus World Cup",2022-05-15,0,0,10,10
"worldcup_a","Lenovo FIFA","worldcup_asus","asus","Asus World Cup",2022-05-22,0,0,10,10
"worldcup_a","Lenovo FIFA","worldcup_asus","asus","Asus World Cup",2022-05-29,0,0,10,10
"worldcup_a","Lenovo FIFA","worldcup_asus","asus","Asus World Cup",2022-06-05,0,0,10,10
"worldcup_a","Lenovo FIFA","worldcup_asus","asus","Asus World Cup",2022-06-12,0,0,10,0
"worldcup_a","Lenovo FIFA","worldcup_asus","asus","Asus World Cup",2022-06-19,0,0,10,0
"worldcup_a","Lenovo FIFA","worldcup_asus","asus","Asus World Cup",2022-06-26,0,0,10,10
"worldcup_a","Lenovo FIFA","worldcup_asus","asus","Asus World Cup",2022-07-03,0,0,10,10
"worldcup_a","Lenovo FIFA","worldcup_asus","asus","Asus World Cup",2022-07-10,0,0,10,10
"worldcup_a","Lenovo FIFA","worldcup_asus","asus","Asus World Cup",2022-07-17,0,0,10,10
"worldcup_a","Lenovo FIFA","worldcup_asus","asus","Asus World Cup",2022-07-24,0,0,10,10
"worldcup_a","Lenovo FIFA","worldcup_asus","asus","Asus World Cup",2022-07-31,0,0,10,10
"worldcup_a","Lenovo FIFA","worldcup_asus","asus","Asus World Cup",2022-08-07,0,0,10,10
"worldcup_a","Lenovo FIFA","worldcup_asus","asus","Asus World Cup",2022-08-14,0,0,10,10
"worldcup_a","Lenovo FIFA","worldcup_asus","asus","Asus World Cup",2022-08-21,0,0,10,10
"worldcup_a","Lenovo FIFA","worldcup_asus","asus","Asus World Cup",2022-08-28,0,0,10,10
"worldcup_a","Lenovo FIFA","worldcup_asus","asus","Asus World Cup",2022-09-04,0,0,10,0
"worldcup_a","Lenovo FIFA","worldcup_asus","asus","Asus World Cup",2022-09-11,0,0,10,0
"worldcup_a","Lenovo FIFA","worldcup_asus","asus","Asus World Cup",2022-09-18,0,0,10,10
"worldcup_a","Lenovo FIFA","worldcup_asus","asus","Asus World Cup",2022-09-25,0,0,10,10
"worldcup_a","Lenovo FIFA","worldcup_asus","asus","Asus World Cup",2022-10-02,0,0,10,0
"worldcup_a","Lenovo FIFA","worldcup_asus","asus","Asus World Cup",2022-10-09,0,0,10,0
"worldcup_a","Lenovo FIFA","worldcup_asus","asus","Asus World Cup",2022-10-16,0,0,10,0
"worldcup_a","Lenovo FIFA","worldcup_asus","asus","Asus World Cup",2022-10-23,1.8191881918819188,0,10,0
"worldcup_a","Lenovo FIFA","worldcup_asus","asus","Asus World Cup",2022-10-30,1.8191881918819188,0,10,0
"worldcup_a","Lenovo FIFA","worldcup_asus","asus","Asus World Cup",2022-11-06,1.8191881918819188,0,10,0
"worldcup_a","Lenovo FIFA","worldcup_asus","asus","Asus World Cup",2022-11-13,1.8191881918819188,0,10,0
"worldcup_a","Lenovo FIFA","worldcup_asus","asus","Asus World Cup",2022-11-20,7.276752767527675,0,10,0
"worldcup_a","Lenovo FIFA","worldcup_asus","asus","Asus World Cup",2022-11-27,7.276752767527675,0,10,0
"worldcup_a","Lenovo FIFA","worldcup_asus","asus","Asus World Cup",2022-12-04,3.6383763837638377,0,10,0
"worldcup_a","Lenovo FIFA","worldcup_asus","asus","Asus World Cup",2022-12-11,1.8191881918819188,0,10,0
"worldcup_a","Lenovo FIFA","worldcup_asus","asus","Asus World Cup",2022-12-18,1.8191881918819188,0,10,0
"worldcup_a","Lenovo FIFA","worldcup_asus","asus","Asus World Cup",2022-12-25,0,0,10,10
"worldcup_a","Lenovo FIFA","worldcup_asus","asus","Asus World Cup",2023-01-01,0,0,10,10
"worldcup_a","Lenovo FIFA","worldcup_asus","asus","Asus World Cup",2023-01-08,0,0,10,10
"worldcup_a","Lenovo FIFA","worldcup_asus","asus","Asus World Cup",2023-01-15,0,0,10,10
"worldcup_a","Lenovo FIFA","worldcup_asus","asus","Asus World Cup",2023-01-22,0,0,10,10
"worldcup_a","Lenovo FIFA","worldcup_asus","asus","Asus World Cup",2023-01-29,0,0,10,0
"worldcup_a","Lenovo FIFA","worldcup_asus","asus","Asus World Cup",2023-02-05,0,0,10,10
"worldcup_a","Lenovo FIFA","worldcup_asus","asus","Asus World Cup",2023-02-12,0,0,10,0
"worldcup_a","Lenovo FIFA","worldcup_asus","asus","Asus World Cup",2023-02-19,0,0,10,10
"worldcup_a","Lenovo FIFA","worldcup_asus","asus","Asus World Cup",2023-02-26,0,0,10,10
"worldcup_a","Lenovo FIFA","worldcup_asus","asus","Asus World Cup",2023-03-05,0,0,10,10
"worldcup_a","Lenovo FIFA","worldcup_asus","asus","Asus World Cup",2023-03-12,0,0,10,10
"worldcup_a","Lenovo FIFA","worldcup_asus","asus","Asus World Cup",2023-03-19,0,0,10,10
"worldcup_a","Lenovo FIFA","worldcup_asus","asus","Asus World Cup",2023-03-26,0,0,10,10
"worldcup_a","Lenovo FIFA","worldcup_asus","asus","Asus World Cup",2023-04-02,0,0,10,0
"worldcup_a","Lenovo FIFA","worldcup_asus","asus","Asus World Cup",2023-04-09,0,0,10,10
"worldcup_a","Lenovo FIFA","worldcup_asus","asus","Asus World Cup",2023-04-16,0,0,10,10
"worldcup_a","Lenovo FIFA","worldcup_asus","asus","Asus World Cup",2023-04-23,0,0,10,10
"worldcup_a","Lenovo FIFA","worldcup_asus","asus","Asus World Cup",2023-04-30,0,0,10,10
"worldcup_a","Lenovo FIFA","worldcup_asus","asus","Asus World Cup",2023-05-07,0,0,10,10
"worldcup_a","Lenovo FIFA","worldcup_asus","asus","Asus World Cup",2023-05-14,0,0,10,0
"worldcup_a","Lenovo FIFA","worldcup_asus","asus","Asus World Cup",2023-05-21,0,0,10,10
"worldcup_a","Lenovo FIFA","worldcup_asus","asus","Asus World Cup",2023-05-28,0,0,10,10
"worldcup_a","Lenovo FIFA","worldcup_asus","asus","Asus World Cup",2023-06-04,0,0,10,10
"worldcup_a","Lenovo FIFA","worldcup_asus","asus","Asus World Cup",2023-06-11,0,0,10,0
"worldcup_a","Lenovo FIFA","worldcup_asus","asus","Asus World Cup",2023-06-18,0,0,10,10
"worldcup_a","Lenovo FIFA","worldcup_asus","asus","Asus World Cup",2023-06-25,0,0,10,0
"worldcup_a","Lenovo FIFA","worldcup_asus","asus","Asus World Cup",2023-07-02,0,0,10,0
"worldcup_a","Lenovo FIFA","worldcup_asus","asus","Asus World Cup",2023-07-09,0,0,10,10
"worldcup_a","Lenovo FIFA","worldcup_asus","asus","Asus World Cup",2023-07-16,0,0,10,0
"worldcup_a","Lenovo FIFA","worldcup_asus","asus","Asus World Cup",2023-07-23,0,0,10,0
"worldcup_a","Lenovo FIFA","worldcup_asus","asus","Asus World Cup",2023-07-30,1.8191881918819188,0,10,0
"worldcup_a","Lenovo FIFA","worldcup_asus","asus","Asus World Cup",2023-08-06,0,0,10,0
"worldcup_a","Lenovo FIFA","worldcup_asus","asus","Asus World Cup",2023-08-13,0,0,10,0
"worldcup_a","Lenovo FIFA","worldcup_asus","asus","Asus World Cup",2023-08-20,0,0,10,0
"worldcup_a","Lenovo FIFA","worldcup_asus","asus","Asus World Cup",2023-08-27,0,0,10,0
"worldcup_a","Lenovo FIFA","worldcup_asus","asus","Asus World Cup",2023-09-03,0,0,10,0
"worldcup_a","Lenovo FIFA","worldcup_asus","asus","Asus World Cup",2023-09-10,0,0,10,0
"worldcup_a","Lenovo FIFA","worldcup_asus","asus","Asus World Cup",2023-09-17,0,0,10,0
"worldcup_a","Lenovo FIFA","worldcup_asus","asus","Asus World Cup",2023-09-24,0,0,10,0
"worldcup_a","Lenovo FIFA","worldcup_asus","asus","Asus World Cup",2023-10-01,1.8191881918819188,0,10,0
"worldcup_a","Lenovo FIFA","worldcup_asus","asus","Asus World Cup",2023-10-08,1.8191881918819188,0,10,0
"worldcup_a","Lenovo FIFA","worldcup_asus","asus","Asus World Cup",2023-10-15,1.8191881918819188,0,10,0
"worldcup_a","Lenovo FIFA","worldcup_asus","asus","Asus World Cup",2023-10-22,1.8191881918819188,0,10,0
"worldcup_a","Lenovo FIFA","worldcup_asus","asus","Asus World Cup",2023-10-29,1.8191881918819188,0,10,0
"worldcup_a","Lenovo FIFA","worldcup_asus","asus","Asus World Cup",2023-11-05,1.8191881918819188,0,10,0
"worldcup_a","Lenovo FIFA","worldcup_asus","asus","Asus World Cup",2023-11-12,1.8191881918819188,0,10,0
"worldcup_a","Lenovo FIFA","worldcup_asus","asus","Asus World Cup",2023-11-19,1.8191881918819188,0,10,0
"worldcup_a","Lenovo FIFA","worldcup_asus","asus","Asus World Cup",2023-11-26,0,0,10,10
"worldcup_a","Lenovo FIFA","worldcup_asus","asus","Asus World Cup",2023-12-03,0,0,10,10
"worldcup_a","Lenovo FIFA","worldcup_asus","asus","Asus World Cup",2023-12-10,0,0,10,10
"worldcup_a","Lenovo FIFA","worldcup_asus","asus","Asus World Cup",2023-12-17,0,0,10,10
"worldcup_a","Lenovo FIFA","worldcup_asus","asus","Asus World Cup",2023-12-24,0,0,10,10
"worldcup_a","Lenovo FIFA","worldcup_asus","asus","Asus World Cup",2023-12-31,0,0,10,10
"worldcup_a","Lenovo FIFA","worldcup_asus","asus","Asus World Cup",2024-01-07,0,0,10,10
"worldcup_a","Lenovo FIFA","worldcup_asus","asus","Asus World Cup",2024-01-14,0,0,10,10
"worldcup_a","Lenovo FIFA","worldcup_asus","asus","Asus World Cup",2024-01-21,0,0,10,10
"worldcup_a","Lenovo FIFA","worldcup_asus","asus","Asus World Cup",2024-01-28,0,0,10,10
"worldcup_a","Lenovo FIFA","worldcup_asus","asus","Asus World Cup",2024-02-04,0,0,10,10
"worldcup_a","Lenovo FIFA","worldcup_asus","asus","Asus World Cup",2024-02-11,0,0,10,10
"worldcup_a","Lenovo FIFA","worldcup_asus","asus","Asus World Cup",2024-02-18,0,0,10,10
"worldcup_a","Lenovo FIFA","worldcup_asus","asus","Asus World Cup",2024-02-25,0,0,10,10
"worldcup_a","Lenovo FIFA","worldcup_asus","asus","Asus World Cup",2024-03-03,0,0,10,10
"worldcup_a","Lenovo FIFA","worldcup_asus","asus","Asus World Cup",2024-03-10,0,0,10,10
"worldcup_a","Lenovo FIFA","worldcup_asus","asus","Asus World Cup",2024-03-17,0,0,10,10
"worldcup_a","Lenovo FIFA","worldcup_asus","asus","Asus World Cup",2024-03-24,0,0,10,10
"worldcup_a","Lenovo FIFA","worldcup_asus","asus","Asus World Cup",2024-03-31,0,0,10,10
"worldcup_a","Lenovo FIFA","worldcup_asus","asus","Asus World Cup",2024-04-07,0,0,10,10
"worldcup_a","Lenovo FIFA","worldcup_asus","asus","Asus World Cup",2024-04-14,0,0,10,10
"worldcup_a","Lenovo FIFA","worldcup_asus","asus","Asus World Cup",2024-04-21,0,0,10,10
"worldcup_a","Lenovo FIFA","worldcup_asus","asus","Asus World Cup",2024-04-28,0,0,10,10
"worldcup_a","Lenovo FIFA","worldcup_asus","asus","Asus World Cup",2024-05-05,0,0,10,10
"worldcup_a","Lenovo FIFA","worldcup_asus","asus","Asus World Cup",2024-05-12,0,0,10,10
"worldcup_a","Lenovo FIFA","worldcup_asus","asus","Asus World Cup",2024-05-19,0,0,10,10
"worldcup_a","Lenovo FIFA","worldcup_asus","asus","Asus World Cup",2024-05-26,0,0,10,0
"worldcup_a","Lenovo FIFA","worldcup_asus","asus","Asus World Cup",2024-06-02,0,0,10,0
"worldcup_a","Lenovo FIFA","worldcup_asus","asus","Asus World Cup",2024-06-09,0,0,10,0
"worldcup_a","Lenovo FIFA","worldcup_asus","asus","Asus World Cup",2024-06-16,0,0,10,0
"worldcup_a","Lenovo FIFA","worldcup_asus","asus","Asus World Cup",2024-06-23,0,0,10,0
"worldcup_a","Lenovo FIFA","worldcup_asus","asus","Asus World Cup",2024-06-30,0,0,10,0
"worldcup_a","Lenovo FIFA","worldcup_asus","asus","Asus World Cup",2024-07-07,0,0,10,10
"worldcup_a","Lenovo FIFA","worldcup_asus","asus","Asus World Cup",2024-07-14,0,0,10,0
"worldcup_a","Lenovo FIFA","worldcup_asus","asus","Asus World Cup",2024-07-21,0,0,10,0
"worldcup_a","Lenovo FIFA","worldcup_asus","asus","Asus World Cup",2024-07-28,0,0,10,10
"worldcup_a","Lenovo FIFA","worldcup_asus","asus","Asus World Cup",2024-08-04,0,0,10,10
"worldcup_a","Lenovo FIFA","worldcup_asus","asus","Asus World Cup",2024-08-11,0,0,10,10
"worldcup_a","Lenovo FIFA","worldcup_asus","asus","Asus World Cup",2024-08-18,0,0,10,10
"worldcup_a","Lenovo FIFA","worldcup_asus","asus","Asus World Cup",2024-08-25,0,0,10,10
"worldcup_a","Lenovo FIFA","worldcup_asus","asus","Asus World Cup",2024-09-01,0,0,10,10
"worldcup_a","Lenovo FIFA","worldcup_asus","asus","Asus World Cup",2024-09-08,0,0,10,10
"worldcup_a","Lenovo FIFA","worldcup_asus","asus","Asus World Cup",2024-09-15,0,0,10,10
"worldcup_a","Lenovo FIFA","worldcup_asus","asus","Asus World Cup",2024-09-22,0,0,10,10
"worldcup_a","Lenovo FIFA","worldcup_asus","asus","Asus World Cup",2024-09-29,0,0,10,0
"worldcup_a","Lenovo FIFA","worldcup_asus","asus","Asus World Cup",2024-10-06,0,0,10,10
"worldcup_a","Lenovo FIFA","worldcup_asus","asus","Asus World Cup",2024-10-13,0,0,10,10
"worldcup_a","Lenovo FIFA","worldcup_asus","asus","Asus World Cup",2024-10-20,0,0,10,10
"worldcup_a","Lenovo FIFA","worldcup_asus","asus","Asus World Cup",2024-10-27,0,0,10,10
"worldcup_a","Lenovo FIFA","worldcup_asus","asus","Asus World Cup",2024-11-03,0,0,10,10
"worldcup_a","Lenovo FIFA","worldcup_asus","asus","Asus World Cup",2024-11-10,0,0,10,10
"worldcup_a","Lenovo FIFA","worldcup_asus","asus","Asus World Cup",2024-11-17,0,0,10,10
"worldcup_a","Lenovo FIFA","worldcup_asus","asus","Asus World Cup",2024-11-24,0,0,10,10
"worldcup_a","Lenovo FIFA","worldcup_asus","asus","Asus World Cup",2024-12-01,0,0,10,10
"worldcup_a","Lenovo FIFA","worldcup_asus","asus","Asus World Cup",2024-12-08,0,0,10,10
"worldcup_a","Lenovo FIFA","worldcup_asus","asus","Asus World Cup",2024-12-15,0,0,10,10
"worldcup_a","Lenovo FIFA","worldcup_asus","asus","Asus World Cup",2024-12-22,0,0,10,10
"worldcup_a","Lenovo FIFA","worldcup_asus","asus","Asus World Cup",2024-12-29,0,0,10,10
"worldcup_a","Lenovo FIFA","worldcup_asus","asus","Asus World Cup",2025-01-05,0,0,10,10
"worldcup_a","Lenovo FIFA","worldcup_asus","asus","Asus World Cup",2025-01-12,0,0,10,10
"worldcup_a","Lenovo FIFA","worldcup_asus","asus","Asus World Cup",2025-01-19,0,0,10,10
"worldcup_a","Lenovo FIFA","worldcup_asus","asus","Asus World Cup",2025-01-26,0,0,10,10
"worldcup_a","Lenovo FIFA","worldcup_asus","asus","Asus World Cup",2025-02-02,0,0,10,10
"worldcup_a","Lenovo FIFA","worldcup_asus","asus","Asus World Cup",2025-02-09,0,0,10,10
"worldcup_a","Lenovo FIFA","worldcup_asus","asus","Asus World Cup",2025-02-16,0,0,10,10
"worldcup_a","Lenovo FIFA","worldcup_asus","asus","Asus World Cup",2025-02-23,0,0,10,10
"worldcup_a","Lenovo FIFA","worldcup_asus","asus","Asus World Cup",2025-03-02,0,0,10,10
"worldcup_a","Lenovo FIFA","worldcup_asus","asus","Asus World Cup",2025-03-09,0,0,10,10
"worldcup_a","Lenovo FIFA","worldcup_asus","asus","Asus World Cup",2025-03-16,0,0,10,10
"worldcup_a","Lenovo FIFA","worldcup_asus","asus","Asus World Cup",2025-03-23,0,0,10,10
"worldcup_a","Lenovo FIFA","worldcup_asus","asus","Asus World Cup",2025-03-30,0,0,10,10
"worldcup_a","Lenovo FIFA","worldcup_asus","asus","Asus World Cup",2025-04-06,0,0,10,10
"worldcup_a","Lenovo FIFA","worldcup_asus","asus","Asus World Cup",2025-04-13,0,0,10,10
"worldcup_a","Lenovo FIFA","worldcup_asus","asus","Asus World Cup",2025-04-20,0,0,10,10
"worldcup_a","Lenovo FIFA","worldcup_asus","asus","Asus World Cup",2025-04-27,0,0,10,10
"worldcup_a","Lenovo FIFA","worldcup_asus","asus","Asus World Cup",2025-05-04,0,0,10,10
"worldcup_a","Lenovo FIFA","worldcup_asus","asus","Asus World Cup",2025-05-11,0,0,10,10
"worldcup_a","Lenovo FIFA","worldcup_asus","asus","Asus World Cup",2025-05-18,0,0,10,10
"worldcup_a","Lenovo FIFA","worldcup_asus","asus","Asus World Cup",2025-05-25,0,0,10,10
"worldcup_a","Lenovo FIFA","worldcup_asus","asus","Asus World Cup",2025-06-01,0,0,10,0
"worldcup_a","Lenovo FIFA","worldcup_asus","asus","Asus World Cup",2025-06-08,0,0,10,0
"worldcup_a","Lenovo FIFA","worldcup_asus","asus","Asus World Cup",2025-06-15,0,0,10,0
"worldcup_a","Lenovo FIFA","worldcup_asus","asus","Asus World Cup",2025-06-22,0,0,10,0
"worldcup_a","Lenovo FIFA","worldcup_asus","asus","Asus World Cup",2025-06-29,0,0,10,0
"worldcup_a","Lenovo FIFA","worldcup_asus","asus","Asus World Cup",2025-07-06,0,0,10,0
"worldcup_a","Lenovo FIFA","worldcup_asus","asus","Asus World Cup",2025-07-13,0,0,10,0
"worldcup_a","Lenovo FIFA","worldcup_asus","asus","Asus World Cup",2025-07-20,1.8191881918819188,0,10,0
"worldcup_a","Lenovo FIFA","worldcup_asus","asus","Asus World Cup",2025-07-27,1.8191881918819188,0,10,0
"worldcup_a","Lenovo FIFA","worldcup_asus","asus","Asus World Cup",2025-08-03,1.8191881918819188,0,10,0
"worldcup_a","Lenovo FIFA","worldcup_asus","asus","Asus World Cup",2025-08-10,1.8191881918819188,0,10,0
"worldcup_a","Lenovo FIFA","worldcup_asus","asus","Asus World Cup",2025-08-17,3.6383763837638377,0,10,0
"worldcup_a","Lenovo FIFA","worldcup_asus","asus","Asus World Cup",2025-08-24,3.6383763837638377,0,10,0
"worldcup_a","Lenovo FIFA","worldcup_asus","asus","Asus World Cup",2025-08-31,10.915129151291513,0,10,0
"worldcup_a","Lenovo FIFA","worldcup_asus","asus","Asus World Cup",2025-09-07,10.915129151291513,0,10,0
"worldcup_a","Lenovo FIFA","worldcup_asus","asus","Asus World Cup",2025-09-14,3.6383763837638377,0,10,0
"worldcup_a","Lenovo FIFA","worldcup_asus","asus","Asus World Cup",2025-09-21,3.6383763837638377,0,10,0
"worldcup_a","Lenovo FIFA","worldcup_asus","asus","Asus World Cup",2025-09-28,5.4575645756457565,0,10,0
"worldcup_a","Lenovo FIFA","worldcup_asus","asus","Asus World Cup",2025-10-05,5.4575645756457565,0,10,0
"worldcup_a","Lenovo FIFA","worldcup_asus","asus","Asus World Cup",2025-10-12,7.276752767527675,0,10,0
"worldcup_a","Lenovo FIFA","worldcup_asus","asus","Asus World Cup",2025-10-19,5.4575645756457565,0,10,0
"worldcup_a","Lenovo FIFA","worldcup_asus","asus","Asus World Cup",2025-10-26,7.276752767527675,0,10,0
"worldcup_a","Lenovo FIFA","worldcup_asus","asus","Asus World Cup",2025-11-02,9.095940959409594,0,10,0
"worldcup_a","Lenovo FIFA","worldcup_asus","asus","Asus World Cup",2025-11-09,12.734317343173432,0,10,0
"worldcup_a","Lenovo FIFA","worldcup_asus","asus","Asus World Cup",2025-11-16,9.095940959409594,0,10,0
"worldcup_a","Lenovo FIFA","worldcup_asus","asus","Asus World Cup",2025-11-23,5.4575645756457565,0,10,0
"worldcup_a","Lenovo FIFA","worldcup_asus","asus","Asus World Cup",2025-11-30,9.095940959409594,0,10,0
"worldcup_a","Lenovo FIFA","worldcup_asus","asus","Asus World Cup",2025-12-07,5.4575645756457565,0,10,0
"worldcup_a","Lenovo FIFA","worldcup_asus","asus","Asus World Cup",2025-12-14,5.4575645756457565,0,10,0
"worldcup_a","Lenovo FIFA","worldcup_asus","asus","Asus World Cup",2025-12-21,1.8191881918819188,0,10,0
"worldcup_a","Lenovo FIFA","worldcup_asus","asus","Asus World Cup",2025-12-28,1.8191881918819188,0,10,0
"worldcup_a","Lenovo FIFA","worldcup_asus","asus","Asus World Cup",2026-01-04,1.8191881918819188,0,10,0
"worldcup_a","Lenovo FIFA","worldcup_asus","asus","Asus World Cup",2026-01-11,1.8191881918819188,0,10,0
"worldcup_a","Lenovo FIFA","worldcup_asus","asus","Asus World Cup",2026-01-18,3.6383763837638377,0,10,0
"worldcup_a","Lenovo FIFA","worldcup_asus","asus","Asus World Cup",2026-01-25,3.6383763837638377,0,10,0
"worldcup_a","Lenovo FIFA","worldcup_asus","asus","Asus World Cup",2026-02-01,3.6383763837638377,0,10,0
"worldcup_a","Lenovo FIFA","worldcup_asus","asus","Asus World Cup",2026-02-08,3.6383763837638377,0,10,0
"worldcup_a","Lenovo FIFA","worldcup_asus","asus","Asus World Cup",2026-02-15,5.4575645756457565,0,10,0
"worldcup_a","Lenovo FIFA","worldcup_asus","asus","Asus World Cup",2026-02-22,3.6383763837638377,0,10,0
"worldcup_a","Lenovo FIFA","worldcup_asus","asus","Asus World Cup",2026-03-01,5.4575645756457565,0,10,0
"worldcup_a","Lenovo FIFA","worldcup_asus","asus","Asus World Cup",2026-03-08,3.6383763837638377,0,10,0
"worldcup_a","Lenovo FIFA","worldcup_asus","asus","Asus World Cup",2026-03-15,3.6383763837638377,0,10,0
"worldcup_a","Lenovo FIFA","worldcup_asus","asus","Asus World Cup",2026-03-22,5.4575645756457565,0,10,0
"worldcup_a","Lenovo FIFA","worldcup_asus","asus","Asus World Cup",2026-03-29,9.095940959409594,0,10,0
"worldcup_a","Lenovo FIFA","worldcup_asus","asus","Asus World Cup",2026-04-05,5.4575645756457565,0,10,0
"worldcup_a","Lenovo FIFA","worldcup_asus","asus","Asus World Cup",2026-04-12,3.6383763837638377,0,10,0
"worldcup_a","Lenovo FIFA","worldcup_asus","asus","Asus World Cup",2026-04-19,3.6383763837638377,0,10,0
"worldcup_a","Lenovo FIFA","worldcup_asus","asus","Asus World Cup",2026-04-26,3.6383763837638377,0,10,0
"worldcup_a","Lenovo FIFA","worldcup_asus","asus","Asus World Cup",2026-05-03,5.4575645756457565,0,10,0
"worldcup_a","Lenovo FIFA","worldcup_asus","asus","Asus World Cup",2026-05-10,7.276752767527675,0,10,0
"worldcup_a","Lenovo FIFA","worldcup_asus","asus","Asus World Cup",2026-05-17,10.915129151291513,0,10,0
"worldcup_a","Lenovo FIFA","worldcup_asus","asus","Asus World Cup",2026-05-24,10.915129151291513,0,10,0
"worldcup_a","Lenovo FIFA","worldcup_asus","asus","Asus World Cup",2026-05-31,21.830258302583026,0,10,0
"worldcup_a","Lenovo FIFA","worldcup_asus","asus","Asus World Cup",2026-06-07,60.033210332103316,0,10,0
"worldcup_a","Lenovo FIFA","worldcup_asus","asus","Asus World Cup",2026-06-14,69.12915129151291,0,10,0
"worldcup_a","Lenovo FIFA","worldcup_asus","asus","Asus World Cup",2026-06-21,87.3210332103321,0,10,0
"worldcup_a","Lenovo FIFA","worldcup_asus","asus","Asus World Cup",2026-06-28,114.60885608856088,0,10,0
"worldcup_a","Lenovo FIFA","worldcup_asus","asus","Asus World Cup",2026-07-05,87.3210332103321,0,10,0
"worldcup_a","Lenovo FIFA","worldcup_asus","asus","Asus World Cup",2026-07-12,38.2029520295203,0,10,0
"worldcup_a","Lenovo FIFA","worldcup_asus","asus","Asus World Cup",2026-07-19,21.830258302583026,0,10,0
"worldcup_a","Lenovo FIFA","worldcup_asus","asus","Asus World Cup",2026-07-26,3.6383763837638377,0,10,0
"worldcup_a","Lenovo FIFA","worldcup_asus","asus","Asus World Cup",2026-08-02,3.6383763837638377,0,10,0
"worldcup_a","Lenovo FIFA","worldcup_asus","asus","Asus World Cup",2026-08-09,3.6383763837638377,0,10,0
"worldcup_a","Lenovo FIFA","worldcup_asus","asus","Asus World Cup",2026-08-16,3.6383763837638377,0,10,0
"worldcup_a","Lenovo FIFA","worldcup_asus","asus","Asus World Cup",2026-08-23,3.6383763837638377,0,10,0
"worldcup_a","Lenovo FIFA","worldcup_asus","asus","Asus World Cup",2026-08-30,3.6383763837638377,0,10,0
"worldcup_a","Lenovo FIFA","worldcup_asus","asus","Asus World Cup",2026-09-06,3.6383763837638377,0,10,0
"worldcup_a","Lenovo FIFA","worldcup_asus","asus","Asus World Cup",2026-09-13,1.8191881918819188,0,10,0
"worldcup_a","Lenovo FIFA","worldcup_asus","asus","Asus World Cup",2026-09-20,1.8191881918819188,0,10,0
"worldcup_a","Lenovo FIFA","worldcup_asus","asus","Asus World Cup",2026-09-27,0,0,10,0
"worldcup_a","Lenovo FIFA","worldcup_dell","dell","Dell World Cup",2021-12-26,0,0,10,10
"worldcup_a","Lenovo FIFA","worldcup_dell","dell","Dell World Cup",2022-01-02,0,0,10,10
"worldcup_a","Lenovo FIFA","worldcup_dell","dell","Dell World Cup",2022-01-09,0,0,10,10
"worldcup_a","Lenovo FIFA","worldcup_dell","dell","Dell World Cup",2022-01-16,0,0,10,10
"worldcup_a","Lenovo FIFA","worldcup_dell","dell","Dell World Cup",2022-01-23,0,0,10,10
"worldcup_a","Lenovo FIFA","worldcup_dell","dell","Dell World Cup",2022-01-30,0,0,10,10
"worldcup_a","Lenovo FIFA","worldcup_dell","dell","Dell World Cup",2022-02-06,0,0,10,10
"worldcup_a","Lenovo FIFA","worldcup_dell","dell","Dell World Cup",2022-02-13,0,0,10,10
"worldcup_a","Lenovo FIFA","worldcup_dell","dell","Dell World Cup",2022-02-20,0,0,10,10
"worldcup_a","Lenovo FIFA","worldcup_dell","dell","Dell World Cup",2022-02-27,0,0,10,0
"worldcup_a","Lenovo FIFA","worldcup_dell","dell","Dell World Cup",2022-03-06,0,0,10,10
"worldcup_a","Lenovo FIFA","worldcup_dell","dell","Dell World Cup",2022-03-13,0,0,10,10
"worldcup_a","Lenovo FIFA","worldcup_dell","dell","Dell World Cup",2022-03-20,0,0,10,0
"worldcup_a","Lenovo FIFA","worldcup_dell","dell","Dell World Cup",2022-03-27,0,0,10,0
"worldcup_a","Lenovo FIFA","worldcup_dell","dell","Dell World Cup",2022-04-03,0,0,10,0
"worldcup_a","Lenovo FIFA","worldcup_dell","dell","Dell World Cup",2022-04-10,0,0,10,10
"worldcup_a","Lenovo FIFA","worldcup_dell","dell","Dell World Cup",2022-04-17,0,0,10,10
"worldcup_a","Lenovo FIFA","worldcup_dell","dell","Dell World Cup",2022-04-24,0,0,10,10
"worldcup_a","Lenovo FIFA","worldcup_dell","dell","Dell World Cup",2022-05-01,0,0,10,10
"worldcup_a","Lenovo FIFA","worldcup_dell","dell","Dell World Cup",2022-05-08,0,0,10,0
"worldcup_a","Lenovo FIFA","worldcup_dell","dell","Dell World Cup",2022-05-15,0,0,10,10
"worldcup_a","Lenovo FIFA","worldcup_dell","dell","Dell World Cup",2022-05-22,0,0,10,10
"worldcup_a","Lenovo FIFA","worldcup_dell","dell","Dell World Cup",2022-05-29,0,0,10,0
"worldcup_a","Lenovo FIFA","worldcup_dell","dell","Dell World Cup",2022-06-05,0,0,10,0
"worldcup_a","Lenovo FIFA","worldcup_dell","dell","Dell World Cup",2022-06-12,0,0,10,0
"worldcup_a","Lenovo FIFA","worldcup_dell","dell","Dell World Cup",2022-06-19,0,0,10,0
"worldcup_a","Lenovo FIFA","worldcup_dell","dell","Dell World Cup",2022-06-26,0,0,10,10
"worldcup_a","Lenovo FIFA","worldcup_dell","dell","Dell World Cup",2022-07-03,0,0,10,10
"worldcup_a","Lenovo FIFA","worldcup_dell","dell","Dell World Cup",2022-07-10,0,0,10,10
"worldcup_a","Lenovo FIFA","worldcup_dell","dell","Dell World Cup",2022-07-17,0,0,10,10
"worldcup_a","Lenovo FIFA","worldcup_dell","dell","Dell World Cup",2022-07-24,0,0,10,0
"worldcup_a","Lenovo FIFA","worldcup_dell","dell","Dell World Cup",2022-07-31,0,0,10,10
"worldcup_a","Lenovo FIFA","worldcup_dell","dell","Dell World Cup",2022-08-07,0,0,10,10
"worldcup_a","Lenovo FIFA","worldcup_dell","dell","Dell World Cup",2022-08-14,0,0,10,10
"worldcup_a","Lenovo FIFA","worldcup_dell","dell","Dell World Cup",2022-08-21,0,0,10,10
"worldcup_a","Lenovo FIFA","worldcup_dell","dell","Dell World Cup",2022-08-28,0,0,10,0
"worldcup_a","Lenovo FIFA","worldcup_dell","dell","Dell World Cup",2022-09-04,0,0,10,0
"worldcup_a","Lenovo FIFA","worldcup_dell","dell","Dell World Cup",2022-09-11,0,0,10,0
"worldcup_a","Lenovo FIFA","worldcup_dell","dell","Dell World Cup",2022-09-18,0,0,10,10
"worldcup_a","Lenovo FIFA","worldcup_dell","dell","Dell World Cup",2022-09-25,0,0,10,0
"worldcup_a","Lenovo FIFA","worldcup_dell","dell","Dell World Cup",2022-10-02,0,0,10,0
"worldcup_a","Lenovo FIFA","worldcup_dell","dell","Dell World Cup",2022-10-09,0,0,10,0
"worldcup_a","Lenovo FIFA","worldcup_dell","dell","Dell World Cup",2022-10-16,0,0,10,0
"worldcup_a","Lenovo FIFA","worldcup_dell","dell","Dell World Cup",2022-10-23,1.8191881918819188,0,10,0
"worldcup_a","Lenovo FIFA","worldcup_dell","dell","Dell World Cup",2022-10-30,1.8191881918819188,0,10,0
"worldcup_a","Lenovo FIFA","worldcup_dell","dell","Dell World Cup",2022-11-06,1.8191881918819188,0,10,0
"worldcup_a","Lenovo FIFA","worldcup_dell","dell","Dell World Cup",2022-11-13,1.8191881918819188,0,10,0
"worldcup_a","Lenovo FIFA","worldcup_dell","dell","Dell World Cup",2022-11-20,7.276752767527675,0,10,0
"worldcup_a","Lenovo FIFA","worldcup_dell","dell","Dell World Cup",2022-11-27,7.276752767527675,0,10,0
"worldcup_a","Lenovo FIFA","worldcup_dell","dell","Dell World Cup",2022-12-04,5.4575645756457565,0,10,0
"worldcup_a","Lenovo FIFA","worldcup_dell","dell","Dell World Cup",2022-12-11,3.6383763837638377,0,10,0
"worldcup_a","Lenovo FIFA","worldcup_dell","dell","Dell World Cup",2022-12-18,1.8191881918819188,0,10,0
"worldcup_a","Lenovo FIFA","worldcup_dell","dell","Dell World Cup",2022-12-25,0,0,10,0
"worldcup_a","Lenovo FIFA","worldcup_dell","dell","Dell World Cup",2023-01-01,0,0,10,0
"worldcup_a","Lenovo FIFA","worldcup_dell","dell","Dell World Cup",2023-01-08,0,0,10,10
"worldcup_a","Lenovo FIFA","worldcup_dell","dell","Dell World Cup",2023-01-15,0,0,10,0
"worldcup_a","Lenovo FIFA","worldcup_dell","dell","Dell World Cup",2023-01-22,0,0,10,0
"worldcup_a","Lenovo FIFA","worldcup_dell","dell","Dell World Cup",2023-01-29,0,0,10,0
"worldcup_a","Lenovo FIFA","worldcup_dell","dell","Dell World Cup",2023-02-05,0,0,10,10
"worldcup_a","Lenovo FIFA","worldcup_dell","dell","Dell World Cup",2023-02-12,0,0,10,0
"worldcup_a","Lenovo FIFA","worldcup_dell","dell","Dell World Cup",2023-02-19,0,0,10,10
"worldcup_a","Lenovo FIFA","worldcup_dell","dell","Dell World Cup",2023-02-26,0,0,10,10
"worldcup_a","Lenovo FIFA","worldcup_dell","dell","Dell World Cup",2023-03-05,0,0,10,0
"worldcup_a","Lenovo FIFA","worldcup_dell","dell","Dell World Cup",2023-03-12,0,0,10,10
"worldcup_a","Lenovo FIFA","worldcup_dell","dell","Dell World Cup",2023-03-19,0,0,10,0
"worldcup_a","Lenovo FIFA","worldcup_dell","dell","Dell World Cup",2023-03-26,0,0,10,0
"worldcup_a","Lenovo FIFA","worldcup_dell","dell","Dell World Cup",2023-04-02,0,0,10,10
"worldcup_a","Lenovo FIFA","worldcup_dell","dell","Dell World Cup",2023-04-09,0,0,10,10
"worldcup_a","Lenovo FIFA","worldcup_dell","dell","Dell World Cup",2023-04-16,0,0,10,10
"worldcup_a","Lenovo FIFA","worldcup_dell","dell","Dell World Cup",2023-04-23,0,0,10,10
"worldcup_a","Lenovo FIFA","worldcup_dell","dell","Dell World Cup",2023-04-30,0,0,10,10
"worldcup_a","Lenovo FIFA","worldcup_dell","dell","Dell World Cup",2023-05-07,0,0,10,10
"worldcup_a","Lenovo FIFA","worldcup_dell","dell","Dell World Cup",2023-05-14,0,0,10,10
"worldcup_a","Lenovo FIFA","worldcup_dell","dell","Dell World Cup",2023-05-21,0,0,10,10
"worldcup_a","Lenovo FIFA","worldcup_dell","dell","Dell World Cup",2023-05-28,0,0,10,10
"worldcup_a","Lenovo FIFA","worldcup_dell","dell","Dell World Cup",2023-06-04,0,0,10,10
"worldcup_a","Lenovo FIFA","worldcup_dell","dell","Dell World Cup",2023-06-11,0,0,10,0
"worldcup_a","Lenovo FIFA","worldcup_dell","dell","Dell World Cup",2023-06-18,0,0,10,0
"worldcup_a","Lenovo FIFA","worldcup_dell","dell","Dell World Cup",2023-06-25,0,0,10,0
"worldcup_a","Lenovo FIFA","worldcup_dell","dell","Dell World Cup",2023-07-02,0,0,10,0
"worldcup_a","Lenovo FIFA","worldcup_dell","dell","Dell World Cup",2023-07-09,0,0,10,10
"worldcup_a","Lenovo FIFA","worldcup_dell","dell","Dell World Cup",2023-07-16,0,0,10,0
"worldcup_a","Lenovo FIFA","worldcup_dell","dell","Dell World Cup",2023-07-23,0,0,10,0
"worldcup_a","Lenovo FIFA","worldcup_dell","dell","Dell World Cup",2023-07-30,1.8191881918819188,0,10,0
"worldcup_a","Lenovo FIFA","worldcup_dell","dell","Dell World Cup",2023-08-06,0,0,10,0
"worldcup_a","Lenovo FIFA","worldcup_dell","dell","Dell World Cup",2023-08-13,0,0,10,0
"worldcup_a","Lenovo FIFA","worldcup_dell","dell","Dell World Cup",2023-08-20,0,0,10,0
"worldcup_a","Lenovo FIFA","worldcup_dell","dell","Dell World Cup",2023-08-27,0,0,10,0
"worldcup_a","Lenovo FIFA","worldcup_dell","dell","Dell World Cup",2023-09-03,0,0,10,0
"worldcup_a","Lenovo FIFA","worldcup_dell","dell","Dell World Cup",2023-09-10,0,0,10,0
"worldcup_a","Lenovo FIFA","worldcup_dell","dell","Dell World Cup",2023-09-17,0,0,10,0
"worldcup_a","Lenovo FIFA","worldcup_dell","dell","Dell World Cup",2023-09-24,0,0,10,0
"worldcup_a","Lenovo FIFA","worldcup_dell","dell","Dell World Cup",2023-10-01,1.8191881918819188,0,10,0
"worldcup_a","Lenovo FIFA","worldcup_dell","dell","Dell World Cup",2023-10-08,1.8191881918819188,0,10,0
"worldcup_a","Lenovo FIFA","worldcup_dell","dell","Dell World Cup",2023-10-15,1.8191881918819188,0,10,0
"worldcup_a","Lenovo FIFA","worldcup_dell","dell","Dell World Cup",2023-10-22,1.8191881918819188,0,10,0
"worldcup_a","Lenovo FIFA","worldcup_dell","dell","Dell World Cup",2023-10-29,1.8191881918819188,0,10,0
"worldcup_a","Lenovo FIFA","worldcup_dell","dell","Dell World Cup",2023-11-05,1.8191881918819188,0,10,0
"worldcup_a","Lenovo FIFA","worldcup_dell","dell","Dell World Cup",2023-11-12,1.8191881918819188,0,10,0
"worldcup_a","Lenovo FIFA","worldcup_dell","dell","Dell World Cup",2023-11-19,1.8191881918819188,0,10,0
"worldcup_a","Lenovo FIFA","worldcup_dell","dell","Dell World Cup",2023-11-26,0,0,10,0
"worldcup_a","Lenovo FIFA","worldcup_dell","dell","Dell World Cup",2023-12-03,0,0,10,0
"worldcup_a","Lenovo FIFA","worldcup_dell","dell","Dell World Cup",2023-12-10,0,0,10,10
"worldcup_a","Lenovo FIFA","worldcup_dell","dell","Dell World Cup",2023-12-17,0,0,10,10
"worldcup_a","Lenovo FIFA","worldcup_dell","dell","Dell World Cup",2023-12-24,0,0,10,10
"worldcup_a","Lenovo FIFA","worldcup_dell","dell","Dell World Cup",2023-12-31,0,0,10,10
"worldcup_a","Lenovo FIFA","worldcup_dell","dell","Dell World Cup",2024-01-07,0,0,10,10
"worldcup_a","Lenovo FIFA","worldcup_dell","dell","Dell World Cup",2024-01-14,0,0,10,10
"worldcup_a","Lenovo FIFA","worldcup_dell","dell","Dell World Cup",2024-01-21,0,0,10,10
"worldcup_a","Lenovo FIFA","worldcup_dell","dell","Dell World Cup",2024-01-28,0,0,10,10
"worldcup_a","Lenovo FIFA","worldcup_dell","dell","Dell World Cup",2024-02-04,0,0,10,10
"worldcup_a","Lenovo FIFA","worldcup_dell","dell","Dell World Cup",2024-02-11,0,0,10,10
"worldcup_a","Lenovo FIFA","worldcup_dell","dell","Dell World Cup",2024-02-18,0,0,10,10
"worldcup_a","Lenovo FIFA","worldcup_dell","dell","Dell World Cup",2024-02-25,0,0,10,10
"worldcup_a","Lenovo FIFA","worldcup_dell","dell","Dell World Cup",2024-03-03,0,0,10,10
"worldcup_a","Lenovo FIFA","worldcup_dell","dell","Dell World Cup",2024-03-10,0,0,10,10
"worldcup_a","Lenovo FIFA","worldcup_dell","dell","Dell World Cup",2024-03-17,0,0,10,10
"worldcup_a","Lenovo FIFA","worldcup_dell","dell","Dell World Cup",2024-03-24,0,0,10,10
"worldcup_a","Lenovo FIFA","worldcup_dell","dell","Dell World Cup",2024-03-31,0,0,10,10
"worldcup_a","Lenovo FIFA","worldcup_dell","dell","Dell World Cup",2024-04-07,0,0,10,10
"worldcup_a","Lenovo FIFA","worldcup_dell","dell","Dell World Cup",2024-04-14,0,0,10,10
"worldcup_a","Lenovo FIFA","worldcup_dell","dell","Dell World Cup",2024-04-21,0,0,10,10
"worldcup_a","Lenovo FIFA","worldcup_dell","dell","Dell World Cup",2024-04-28,0,0,10,10
"worldcup_a","Lenovo FIFA","worldcup_dell","dell","Dell World Cup",2024-05-05,0,0,10,10
"worldcup_a","Lenovo FIFA","worldcup_dell","dell","Dell World Cup",2024-05-12,0,0,10,10
"worldcup_a","Lenovo FIFA","worldcup_dell","dell","Dell World Cup",2024-05-19,0,0,10,10
"worldcup_a","Lenovo FIFA","worldcup_dell","dell","Dell World Cup",2024-05-26,0,0,10,0
"worldcup_a","Lenovo FIFA","worldcup_dell","dell","Dell World Cup",2024-06-02,0,0,10,0
"worldcup_a","Lenovo FIFA","worldcup_dell","dell","Dell World Cup",2024-06-09,1.8191881918819188,0,10,0
"worldcup_a","Lenovo FIFA","worldcup_dell","dell","Dell World Cup",2024-06-16,1.8191881918819188,0,10,0
"worldcup_a","Lenovo FIFA","worldcup_dell","dell","Dell World Cup",2024-06-23,1.8191881918819188,0,10,0
"worldcup_a","Lenovo FIFA","worldcup_dell","dell","Dell World Cup",2024-06-30,0,0,10,0
"worldcup_a","Lenovo FIFA","worldcup_dell","dell","Dell World Cup",2024-07-07,0,0,10,10
"worldcup_a","Lenovo FIFA","worldcup_dell","dell","Dell World Cup",2024-07-14,0,0,10,10
"worldcup_a","Lenovo FIFA","worldcup_dell","dell","Dell World Cup",2024-07-21,0,0,10,10
"worldcup_a","Lenovo FIFA","worldcup_dell","dell","Dell World Cup",2024-07-28,0,0,10,10
"worldcup_a","Lenovo FIFA","worldcup_dell","dell","Dell World Cup",2024-08-04,0,0,10,10
"worldcup_a","Lenovo FIFA","worldcup_dell","dell","Dell World Cup",2024-08-11,0,0,10,10
"worldcup_a","Lenovo FIFA","worldcup_dell","dell","Dell World Cup",2024-08-18,0,0,10,10
"worldcup_a","Lenovo FIFA","worldcup_dell","dell","Dell World Cup",2024-08-25,0,0,10,10
"worldcup_a","Lenovo FIFA","worldcup_dell","dell","Dell World Cup",2024-09-01,0,0,10,10
"worldcup_a","Lenovo FIFA","worldcup_dell","dell","Dell World Cup",2024-09-08,0,0,10,10
"worldcup_a","Lenovo FIFA","worldcup_dell","dell","Dell World Cup",2024-09-15,0,0,10,0
"worldcup_a","Lenovo FIFA","worldcup_dell","dell","Dell World Cup",2024-09-22,0,0,10,10
"worldcup_a","Lenovo FIFA","worldcup_dell","dell","Dell World Cup",2024-09-29,0,0,10,0
"worldcup_a","Lenovo FIFA","worldcup_dell","dell","Dell World Cup",2024-10-06,0,0,10,10
"worldcup_a","Lenovo FIFA","worldcup_dell","dell","Dell World Cup",2024-10-13,0,0,10,10
"worldcup_a","Lenovo FIFA","worldcup_dell","dell","Dell World Cup",2024-10-20,0,0,10,10
"worldcup_a","Lenovo FIFA","worldcup_dell","dell","Dell World Cup",2024-10-27,0,0,10,10
"worldcup_a","Lenovo FIFA","worldcup_dell","dell","Dell World Cup",2024-11-03,0,0,10,10
"worldcup_a","Lenovo FIFA","worldcup_dell","dell","Dell World Cup",2024-11-10,0,0,10,10
"worldcup_a","Lenovo FIFA","worldcup_dell","dell","Dell World Cup",2024-11-17,0,0,10,10
"worldcup_a","Lenovo FIFA","worldcup_dell","dell","Dell World Cup",2024-11-24,0,0,10,10
"worldcup_a","Lenovo FIFA","worldcup_dell","dell","Dell World Cup",2024-12-01,0,0,10,10
"worldcup_a","Lenovo FIFA","worldcup_dell","dell","Dell World Cup",2024-12-08,0,0,10,10
"worldcup_a","Lenovo FIFA","worldcup_dell","dell","Dell World Cup",2024-12-15,0,0,10,10
"worldcup_a","Lenovo FIFA","worldcup_dell","dell","Dell World Cup",2024-12-22,0,0,10,10
"worldcup_a","Lenovo FIFA","worldcup_dell","dell","Dell World Cup",2024-12-29,0,0,10,10
"worldcup_a","Lenovo FIFA","worldcup_dell","dell","Dell World Cup",2025-01-05,0,0,10,10
"worldcup_a","Lenovo FIFA","worldcup_dell","dell","Dell World Cup",2025-01-12,0,0,10,10
"worldcup_a","Lenovo FIFA","worldcup_dell","dell","Dell World Cup",2025-01-19,0,0,10,10
"worldcup_a","Lenovo FIFA","worldcup_dell","dell","Dell World Cup",2025-01-26,0,0,10,10
"worldcup_a","Lenovo FIFA","worldcup_dell","dell","Dell World Cup",2025-02-02,0,0,10,10
"worldcup_a","Lenovo FIFA","worldcup_dell","dell","Dell World Cup",2025-02-09,0,0,10,10
"worldcup_a","Lenovo FIFA","worldcup_dell","dell","Dell World Cup",2025-02-16,0,0,10,10
"worldcup_a","Lenovo FIFA","worldcup_dell","dell","Dell World Cup",2025-02-23,0,0,10,10
"worldcup_a","Lenovo FIFA","worldcup_dell","dell","Dell World Cup",2025-03-02,0,0,10,10
"worldcup_a","Lenovo FIFA","worldcup_dell","dell","Dell World Cup",2025-03-09,0,0,10,10
"worldcup_a","Lenovo FIFA","worldcup_dell","dell","Dell World Cup",2025-03-16,0,0,10,10
"worldcup_a","Lenovo FIFA","worldcup_dell","dell","Dell World Cup",2025-03-23,0,0,10,10
"worldcup_a","Lenovo FIFA","worldcup_dell","dell","Dell World Cup",2025-03-30,0,0,10,10
"worldcup_a","Lenovo FIFA","worldcup_dell","dell","Dell World Cup",2025-04-06,0,0,10,10
"worldcup_a","Lenovo FIFA","worldcup_dell","dell","Dell World Cup",2025-04-13,0,0,10,10
"worldcup_a","Lenovo FIFA","worldcup_dell","dell","Dell World Cup",2025-04-20,0,0,10,10
"worldcup_a","Lenovo FIFA","worldcup_dell","dell","Dell World Cup",2025-04-27,0,0,10,10
"worldcup_a","Lenovo FIFA","worldcup_dell","dell","Dell World Cup",2025-05-04,0,0,10,10
"worldcup_a","Lenovo FIFA","worldcup_dell","dell","Dell World Cup",2025-05-11,0,0,10,10
"worldcup_a","Lenovo FIFA","worldcup_dell","dell","Dell World Cup",2025-05-18,0,0,10,10
"worldcup_a","Lenovo FIFA","worldcup_dell","dell","Dell World Cup",2025-05-25,0,0,10,10
"worldcup_a","Lenovo FIFA","worldcup_dell","dell","Dell World Cup",2025-06-01,0,0,10,10
"worldcup_a","Lenovo FIFA","worldcup_dell","dell","Dell World Cup",2025-06-08,0,0,10,0
"worldcup_a","Lenovo FIFA","worldcup_dell","dell","Dell World Cup",2025-06-15,0,0,10,0
"worldcup_a","Lenovo FIFA","worldcup_dell","dell","Dell World Cup",2025-06-22,0,0,10,0
"worldcup_a","Lenovo FIFA","worldcup_dell","dell","Dell World Cup",2025-06-29,0,0,10,0
"worldcup_a","Lenovo FIFA","worldcup_dell","dell","Dell World Cup",2025-07-06,0,0,10,0
"worldcup_a","Lenovo FIFA","worldcup_dell","dell","Dell World Cup",2025-07-13,0,0,10,0
"worldcup_a","Lenovo FIFA","worldcup_dell","dell","Dell World Cup",2025-07-20,1.8191881918819188,0,10,0
"worldcup_a","Lenovo FIFA","worldcup_dell","dell","Dell World Cup",2025-07-27,1.8191881918819188,0,10,0
"worldcup_a","Lenovo FIFA","worldcup_dell","dell","Dell World Cup",2025-08-03,1.8191881918819188,0,10,0
"worldcup_a","Lenovo FIFA","worldcup_dell","dell","Dell World Cup",2025-08-10,1.8191881918819188,0,10,0
"worldcup_a","Lenovo FIFA","worldcup_dell","dell","Dell World Cup",2025-08-17,1.8191881918819188,0,10,0
"worldcup_a","Lenovo FIFA","worldcup_dell","dell","Dell World Cup",2025-08-24,3.6383763837638377,0,10,0
"worldcup_a","Lenovo FIFA","worldcup_dell","dell","Dell World Cup",2025-08-31,5.4575645756457565,0,10,0
"worldcup_a","Lenovo FIFA","worldcup_dell","dell","Dell World Cup",2025-09-07,7.276752767527675,0,10,0
"worldcup_a","Lenovo FIFA","worldcup_dell","dell","Dell World Cup",2025-09-14,3.6383763837638377,0,10,0
"worldcup_a","Lenovo FIFA","worldcup_dell","dell","Dell World Cup",2025-09-21,3.6383763837638377,0,10,0
"worldcup_a","Lenovo FIFA","worldcup_dell","dell","Dell World Cup",2025-09-28,5.4575645756457565,0,10,0
"worldcup_a","Lenovo FIFA","worldcup_dell","dell","Dell World Cup",2025-10-05,3.6383763837638377,0,10,0
"worldcup_a","Lenovo FIFA","worldcup_dell","dell","Dell World Cup",2025-10-12,5.4575645756457565,0,10,0
"worldcup_a","Lenovo FIFA","worldcup_dell","dell","Dell World Cup",2025-10-19,3.6383763837638377,0,10,0
"worldcup_a","Lenovo FIFA","worldcup_dell","dell","Dell World Cup",2025-10-26,3.6383763837638377,0,10,0
"worldcup_a","Lenovo FIFA","worldcup_dell","dell","Dell World Cup",2025-11-02,7.276752767527675,0,10,0
"worldcup_a","Lenovo FIFA","worldcup_dell","dell","Dell World Cup",2025-11-09,9.095940959409594,0,10,0
"worldcup_a","Lenovo FIFA","worldcup_dell","dell","Dell World Cup",2025-11-16,9.095940959409594,0,10,0
"worldcup_a","Lenovo FIFA","worldcup_dell","dell","Dell World Cup",2025-11-23,5.4575645756457565,0,10,0
"worldcup_a","Lenovo FIFA","worldcup_dell","dell","Dell World Cup",2025-11-30,9.095940959409594,0,10,0
"worldcup_a","Lenovo FIFA","worldcup_dell","dell","Dell World Cup",2025-12-07,5.4575645756457565,0,10,0
"worldcup_a","Lenovo FIFA","worldcup_dell","dell","Dell World Cup",2025-12-14,3.6383763837638377,0,10,0
"worldcup_a","Lenovo FIFA","worldcup_dell","dell","Dell World Cup",2025-12-21,1.8191881918819188,0,10,0
"worldcup_a","Lenovo FIFA","worldcup_dell","dell","Dell World Cup",2025-12-28,1.8191881918819188,0,10,0
"worldcup_a","Lenovo FIFA","worldcup_dell","dell","Dell World Cup",2026-01-04,1.8191881918819188,0,10,0
"worldcup_a","Lenovo FIFA","worldcup_dell","dell","Dell World Cup",2026-01-11,1.8191881918819188,0,10,0
"worldcup_a","Lenovo FIFA","worldcup_dell","dell","Dell World Cup",2026-01-18,3.6383763837638377,0,10,0
"worldcup_a","Lenovo FIFA","worldcup_dell","dell","Dell World Cup",2026-01-25,3.6383763837638377,0,10,0
"worldcup_a","Lenovo FIFA","worldcup_dell","dell","Dell World Cup",2026-02-01,3.6383763837638377,0,10,0
"worldcup_a","Lenovo FIFA","worldcup_dell","dell","Dell World Cup",2026-02-08,3.6383763837638377,0,10,0
"worldcup_a","Lenovo FIFA","worldcup_dell","dell","Dell World Cup",2026-02-15,5.4575645756457565,0,10,0
"worldcup_a","Lenovo FIFA","worldcup_dell","dell","Dell World Cup",2026-02-22,5.4575645756457565,0,10,0
"worldcup_a","Lenovo FIFA","worldcup_dell","dell","Dell World Cup",2026-03-01,5.4575645756457565,0,10,0
"worldcup_a","Lenovo FIFA","worldcup_dell","dell","Dell World Cup",2026-03-08,3.6383763837638377,0,10,0
"worldcup_a","Lenovo FIFA","worldcup_dell","dell","Dell World Cup",2026-03-15,5.4575645756457565,0,10,0
"worldcup_a","Lenovo FIFA","worldcup_dell","dell","Dell World Cup",2026-03-22,5.4575645756457565,0,10,0
"worldcup_a","Lenovo FIFA","worldcup_dell","dell","Dell World Cup",2026-03-29,9.095940959409594,0,10,0
"worldcup_a","Lenovo FIFA","worldcup_dell","dell","Dell World Cup",2026-04-05,5.4575645756457565,0,10,0
"worldcup_a","Lenovo FIFA","worldcup_dell","dell","Dell World Cup",2026-04-12,5.4575645756457565,0,10,0
"worldcup_a","Lenovo FIFA","worldcup_dell","dell","Dell World Cup",2026-04-19,3.6383763837638377,0,10,0
"worldcup_a","Lenovo FIFA","worldcup_dell","dell","Dell World Cup",2026-04-26,3.6383763837638377,0,10,0
"worldcup_a","Lenovo FIFA","worldcup_dell","dell","Dell World Cup",2026-05-03,3.6383763837638377,0,10,0
"worldcup_a","Lenovo FIFA","worldcup_dell","dell","Dell World Cup",2026-05-10,7.276752767527675,0,10,0
"worldcup_a","Lenovo FIFA","worldcup_dell","dell","Dell World Cup",2026-05-17,9.095940959409594,0,10,0
"worldcup_a","Lenovo FIFA","worldcup_dell","dell","Dell World Cup",2026-05-24,12.734317343173432,0,10,0
"worldcup_a","Lenovo FIFA","worldcup_dell","dell","Dell World Cup",2026-05-31,21.830258302583026,0,10,0
"worldcup_a","Lenovo FIFA","worldcup_dell","dell","Dell World Cup",2026-06-07,50.93726937269373,0,10,0
"worldcup_a","Lenovo FIFA","worldcup_dell","dell","Dell World Cup",2026-06-14,65.49077490774908,0,10,0
"worldcup_a","Lenovo FIFA","worldcup_dell","dell","Dell World Cup",2026-06-21,76.4059040590406,0,10,0
"worldcup_a","Lenovo FIFA","worldcup_dell","dell","Dell World Cup",2026-06-28,90.95940959409594,0,10,0
"worldcup_a","Lenovo FIFA","worldcup_dell","dell","Dell World Cup",2026-07-05,72.76752767527675,0,10,0
"worldcup_a","Lenovo FIFA","worldcup_dell","dell","Dell World Cup",2026-07-12,40.02214022140221,0,10,0
"worldcup_a","Lenovo FIFA","worldcup_dell","dell","Dell World Cup",2026-07-19,20.011070110701105,0,10,0
"worldcup_a","Lenovo FIFA","worldcup_dell","dell","Dell World Cup",2026-07-26,3.6383763837638377,0,10,0
"worldcup_a","Lenovo FIFA","worldcup_dell","dell","Dell World Cup",2026-08-02,3.6383763837638377,0,10,0
"worldcup_a","Lenovo FIFA","worldcup_dell","dell","Dell World Cup",2026-08-09,3.6383763837638377,0,10,0
"worldcup_a","Lenovo FIFA","worldcup_dell","dell","Dell World Cup",2026-08-16,1.8191881918819188,0,10,0
"worldcup_a","Lenovo FIFA","worldcup_dell","dell","Dell World Cup",2026-08-23,3.6383763837638377,0,10,0
"worldcup_a","Lenovo FIFA","worldcup_dell","dell","Dell World Cup",2026-08-30,3.6383763837638377,0,10,0
"worldcup_a","Lenovo FIFA","worldcup_dell","dell","Dell World Cup",2026-09-06,1.8191881918819188,0,10,0
"worldcup_a","Lenovo FIFA","worldcup_dell","dell","Dell World Cup",2026-09-13,1.8191881918819188,0,10,0
"worldcup_a","Lenovo FIFA","worldcup_dell","dell","Dell World Cup",2026-09-20,1.8191881918819188,0,10,0
"worldcup_a","Lenovo FIFA","worldcup_dell","dell","Dell World Cup",2026-09-27,0,0,10,0
"worldcup_a","Lenovo FIFA","worldcup_hp","hp","HP World Cup",2021-12-26,0,0,10,10
"worldcup_a","Lenovo FIFA","worldcup_hp","hp","HP World Cup",2022-01-02,0,0,10,10
"worldcup_a","Lenovo FIFA","worldcup_hp","hp","HP World Cup",2022-01-09,0,0,10,10
"worldcup_a","Lenovo FIFA","worldcup_hp","hp","HP World Cup",2022-01-16,0,0,10,10
"worldcup_a","Lenovo FIFA","worldcup_hp","hp","HP World Cup",2022-01-23,0,0,10,0
"worldcup_a","Lenovo FIFA","worldcup_hp","hp","HP World Cup",2022-01-30,0,0,10,0
"worldcup_a","Lenovo FIFA","worldcup_hp","hp","HP World Cup",2022-02-06,0,0,10,0
"worldcup_a","Lenovo FIFA","worldcup_hp","hp","HP World Cup",2022-02-13,0,0,10,0
"worldcup_a","Lenovo FIFA","worldcup_hp","hp","HP World Cup",2022-02-20,0,0,10,10
"worldcup_a","Lenovo FIFA","worldcup_hp","hp","HP World Cup",2022-02-27,1.8191881918819188,0,10,0
"worldcup_a","Lenovo FIFA","worldcup_hp","hp","HP World Cup",2022-03-06,0,0,10,10
"worldcup_a","Lenovo FIFA","worldcup_hp","hp","HP World Cup",2022-03-13,0,0,10,0
"worldcup_a","Lenovo FIFA","worldcup_hp","hp","HP World Cup",2022-03-20,0,0,10,0
"worldcup_a","Lenovo FIFA","worldcup_hp","hp","HP World Cup",2022-03-27,1.8191881918819188,0,10,0
"worldcup_a","Lenovo FIFA","worldcup_hp","hp","HP World Cup",2022-04-03,0,0,10,0
"worldcup_a","Lenovo FIFA","worldcup_hp","hp","HP World Cup",2022-04-10,0,0,10,10
"worldcup_a","Lenovo FIFA","worldcup_hp","hp","HP World Cup",2022-04-17,0,0,10,0
"worldcup_a","Lenovo FIFA","worldcup_hp","hp","HP World Cup",2022-04-24,0,0,10,0
"worldcup_a","Lenovo FIFA","worldcup_hp","hp","HP World Cup",2022-05-01,0,0,10,0
"worldcup_a","Lenovo FIFA","worldcup_hp","hp","HP World Cup",2022-05-08,0,0,10,0
"worldcup_a","Lenovo FIFA","worldcup_hp","hp","HP World Cup",2022-05-15,0,0,10,0
"worldcup_a","Lenovo FIFA","worldcup_hp","hp","HP World Cup",2022-05-22,0,0,10,10
"worldcup_a","Lenovo FIFA","worldcup_hp","hp","HP World Cup",2022-05-29,0,0,10,0
"worldcup_a","Lenovo FIFA","worldcup_hp","hp","HP World Cup",2022-06-05,0,0,10,0
"worldcup_a","Lenovo FIFA","worldcup_hp","hp","HP World Cup",2022-06-12,0,0,10,0
"worldcup_a","Lenovo FIFA","worldcup_hp","hp","HP World Cup",2022-06-19,0,0,10,0
"worldcup_a","Lenovo FIFA","worldcup_hp","hp","HP World Cup",2022-06-26,0,0,10,10
"worldcup_a","Lenovo FIFA","worldcup_hp","hp","HP World Cup",2022-07-03,0,0,10,10
"worldcup_a","Lenovo FIFA","worldcup_hp","hp","HP World Cup",2022-07-10,0,0,10,0
"worldcup_a","Lenovo FIFA","worldcup_hp","hp","HP World Cup",2022-07-17,0,0,10,0
"worldcup_a","Lenovo FIFA","worldcup_hp","hp","HP World Cup",2022-07-24,0,0,10,0
"worldcup_a","Lenovo FIFA","worldcup_hp","hp","HP World Cup",2022-07-31,0,0,10,0
"worldcup_a","Lenovo FIFA","worldcup_hp","hp","HP World Cup",2022-08-07,0,0,10,0
"worldcup_a","Lenovo FIFA","worldcup_hp","hp","HP World Cup",2022-08-14,0,0,10,0
"worldcup_a","Lenovo FIFA","worldcup_hp","hp","HP World Cup",2022-08-21,0,0,10,0
"worldcup_a","Lenovo FIFA","worldcup_hp","hp","HP World Cup",2022-08-28,0,0,10,0
"worldcup_a","Lenovo FIFA","worldcup_hp","hp","HP World Cup",2022-09-04,0,0,10,0
"worldcup_a","Lenovo FIFA","worldcup_hp","hp","HP World Cup",2022-09-11,0,0,10,0
"worldcup_a","Lenovo FIFA","worldcup_hp","hp","HP World Cup",2022-09-18,0,0,10,0
"worldcup_a","Lenovo FIFA","worldcup_hp","hp","HP World Cup",2022-09-25,0,0,10,0
"worldcup_a","Lenovo FIFA","worldcup_hp","hp","HP World Cup",2022-10-02,0,0,10,0
"worldcup_a","Lenovo FIFA","worldcup_hp","hp","HP World Cup",2022-10-09,0,0,10,0
"worldcup_a","Lenovo FIFA","worldcup_hp","hp","HP World Cup",2022-10-16,1.8191881918819188,0,10,0
"worldcup_a","Lenovo FIFA","worldcup_hp","hp","HP World Cup",2022-10-23,1.8191881918819188,0,10,0
"worldcup_a","Lenovo FIFA","worldcup_hp","hp","HP World Cup",2022-10-30,3.6383763837638377,0,10,0
"worldcup_a","Lenovo FIFA","worldcup_hp","hp","HP World Cup",2022-11-06,3.6383763837638377,0,10,0
"worldcup_a","Lenovo FIFA","worldcup_hp","hp","HP World Cup",2022-11-13,3.6383763837638377,0,10,0
"worldcup_a","Lenovo FIFA","worldcup_hp","hp","HP World Cup",2022-11-20,16.37269372693727,0,10,0
"worldcup_a","Lenovo FIFA","worldcup_hp","hp","HP World Cup",2022-11-27,14.55350553505535,0,10,0
"worldcup_a","Lenovo FIFA","worldcup_hp","hp","HP World Cup",2022-12-04,10.915129151291513,0,10,0
"worldcup_a","Lenovo FIFA","worldcup_hp","hp","HP World Cup",2022-12-11,7.276752767527675,0,10,0
"worldcup_a","Lenovo FIFA","worldcup_hp","hp","HP World Cup",2022-12-18,3.6383763837638377,0,10,0
"worldcup_a","Lenovo FIFA","worldcup_hp","hp","HP World Cup",2022-12-25,0,0,10,0
"worldcup_a","Lenovo FIFA","worldcup_hp","hp","HP World Cup",2023-01-01,0,0,10,0
"worldcup_a","Lenovo FIFA","worldcup_hp","hp","HP World Cup",2023-01-08,0,0,10,0
"worldcup_a","Lenovo FIFA","worldcup_hp","hp","HP World Cup",2023-01-15,0,0,10,0
"worldcup_a","Lenovo FIFA","worldcup_hp","hp","HP World Cup",2023-01-22,0,0,10,0
"worldcup_a","Lenovo FIFA","worldcup_hp","hp","HP World Cup",2023-01-29,0,0,10,0
"worldcup_a","Lenovo FIFA","worldcup_hp","hp","HP World Cup",2023-02-05,0,0,10,0
"worldcup_a","Lenovo FIFA","worldcup_hp","hp","HP World Cup",2023-02-12,0,0,10,0
"worldcup_a","Lenovo FIFA","worldcup_hp","hp","HP World Cup",2023-02-19,0,0,10,0
"worldcup_a","Lenovo FIFA","worldcup_hp","hp","HP World Cup",2023-02-26,0,0,10,0
"worldcup_a","Lenovo FIFA","worldcup_hp","hp","HP World Cup",2023-03-05,0,0,10,0
"worldcup_a","Lenovo FIFA","worldcup_hp","hp","HP World Cup",2023-03-12,0,0,10,0
"worldcup_a","Lenovo FIFA","worldcup_hp","hp","HP World Cup",2023-03-19,0,0,10,0
"worldcup_a","Lenovo FIFA","worldcup_hp","hp","HP World Cup",2023-03-26,0,0,10,0
"worldcup_a","Lenovo FIFA","worldcup_hp","hp","HP World Cup",2023-04-02,0,0,10,10
"worldcup_a","Lenovo FIFA","worldcup_hp","hp","HP World Cup",2023-04-09,0,0,10,10
"worldcup_a","Lenovo FIFA","worldcup_hp","hp","HP World Cup",2023-04-16,0,0,10,0
"worldcup_a","Lenovo FIFA","worldcup_hp","hp","HP World Cup",2023-04-23,0,0,10,0
"worldcup_a","Lenovo FIFA","worldcup_hp","hp","HP World Cup",2023-04-30,0,0,10,0
"worldcup_a","Lenovo FIFA","worldcup_hp","hp","HP World Cup",2023-05-07,0,0,10,0
"worldcup_a","Lenovo FIFA","worldcup_hp","hp","HP World Cup",2023-05-14,0,0,10,0
"worldcup_a","Lenovo FIFA","worldcup_hp","hp","HP World Cup",2023-05-21,0,0,10,0
"worldcup_a","Lenovo FIFA","worldcup_hp","hp","HP World Cup",2023-05-28,0,0,10,0
"worldcup_a","Lenovo FIFA","worldcup_hp","hp","HP World Cup",2023-06-04,0,0,10,0
"worldcup_a","Lenovo FIFA","worldcup_hp","hp","HP World Cup",2023-06-11,0,0,10,0
"worldcup_a","Lenovo FIFA","worldcup_hp","hp","HP World Cup",2023-06-18,0,0,10,0
"worldcup_a","Lenovo FIFA","worldcup_hp","hp","HP World Cup",2023-06-25,0,0,10,0
"worldcup_a","Lenovo FIFA","worldcup_hp","hp","HP World Cup",2023-07-02,0,0,10,0
"worldcup_a","Lenovo FIFA","worldcup_hp","hp","HP World Cup",2023-07-09,0,0,10,0
"worldcup_a","Lenovo FIFA","worldcup_hp","hp","HP World Cup",2023-07-16,1.8191881918819188,0,10,0
"worldcup_a","Lenovo FIFA","worldcup_hp","hp","HP World Cup",2023-07-23,0,0,10,0
"worldcup_a","Lenovo FIFA","worldcup_hp","hp","HP World Cup",2023-07-30,3.6383763837638377,0,10,0
"worldcup_a","Lenovo FIFA","worldcup_hp","hp","HP World Cup",2023-08-06,1.8191881918819188,0,10,0
"worldcup_a","Lenovo FIFA","worldcup_hp","hp","HP World Cup",2023-08-13,1.8191881918819188,0,10,0
"worldcup_a","Lenovo FIFA","worldcup_hp","hp","HP World Cup",2023-08-20,1.8191881918819188,0,10,0
"worldcup_a","Lenovo FIFA","worldcup_hp","hp","HP World Cup",2023-08-27,0,0,10,0
"worldcup_a","Lenovo FIFA","worldcup_hp","hp","HP World Cup",2023-09-03,1.8191881918819188,0,10,0
"worldcup_a","Lenovo FIFA","worldcup_hp","hp","HP World Cup",2023-09-10,0,0,10,0
"worldcup_a","Lenovo FIFA","worldcup_hp","hp","HP World Cup",2023-09-17,1.8191881918819188,0,10,0
"worldcup_a","Lenovo FIFA","worldcup_hp","hp","HP World Cup",2023-09-24,0,0,10,0
"worldcup_a","Lenovo FIFA","worldcup_hp","hp","HP World Cup",2023-10-01,3.6383763837638377,0,10,0
"worldcup_a","Lenovo FIFA","worldcup_hp","hp","HP World Cup",2023-10-08,5.4575645756457565,0,10,0
"worldcup_a","Lenovo FIFA","worldcup_hp","hp","HP World Cup",2023-10-15,5.4575645756457565,0,10,0
"worldcup_a","Lenovo FIFA","worldcup_hp","hp","HP World Cup",2023-10-22,5.4575645756457565,0,10,0
"worldcup_a","Lenovo FIFA","worldcup_hp","hp","HP World Cup",2023-10-29,5.4575645756457565,0,10,0
"worldcup_a","Lenovo FIFA","worldcup_hp","hp","HP World Cup",2023-11-05,5.4575645756457565,0,10,0
"worldcup_a","Lenovo FIFA","worldcup_hp","hp","HP World Cup",2023-11-12,3.6383763837638377,0,10,0
"worldcup_a","Lenovo FIFA","worldcup_hp","hp","HP World Cup",2023-11-19,3.6383763837638377,0,10,0
"worldcup_a","Lenovo FIFA","worldcup_hp","hp","HP World Cup",2023-11-26,0,0,10,0
"worldcup_a","Lenovo FIFA","worldcup_hp","hp","HP World Cup",2023-12-03,0,0,10,0
"worldcup_a","Lenovo FIFA","worldcup_hp","hp","HP World Cup",2023-12-10,0,0,10,0
"worldcup_a","Lenovo FIFA","worldcup_hp","hp","HP World Cup",2023-12-17,0,0,10,0
"worldcup_a","Lenovo FIFA","worldcup_hp","hp","HP World Cup",2023-12-24,0,0,10,0
"worldcup_a","Lenovo FIFA","worldcup_hp","hp","HP World Cup",2023-12-31,0,0,10,10
"worldcup_a","Lenovo FIFA","worldcup_hp","hp","HP World Cup",2024-01-07,0,0,10,0
"worldcup_a","Lenovo FIFA","worldcup_hp","hp","HP World Cup",2024-01-14,0,0,10,0
"worldcup_a","Lenovo FIFA","worldcup_hp","hp","HP World Cup",2024-01-21,0,0,10,0
"worldcup_a","Lenovo FIFA","worldcup_hp","hp","HP World Cup",2024-01-28,0,0,10,0
"worldcup_a","Lenovo FIFA","worldcup_hp","hp","HP World Cup",2024-02-04,0,0,10,0
"worldcup_a","Lenovo FIFA","worldcup_hp","hp","HP World Cup",2024-02-11,0,0,10,0
"worldcup_a","Lenovo FIFA","worldcup_hp","hp","HP World Cup",2024-02-18,0,0,10,0
"worldcup_a","Lenovo FIFA","worldcup_hp","hp","HP World Cup",2024-02-25,0,0,10,0
"worldcup_a","Lenovo FIFA","worldcup_hp","hp","HP World Cup",2024-03-03,0,0,10,0
"worldcup_a","Lenovo FIFA","worldcup_hp","hp","HP World Cup",2024-03-10,0,0,10,10
"worldcup_a","Lenovo FIFA","worldcup_hp","hp","HP World Cup",2024-03-17,0,0,10,10
"worldcup_a","Lenovo FIFA","worldcup_hp","hp","HP World Cup",2024-03-24,0,0,10,10
"worldcup_a","Lenovo FIFA","worldcup_hp","hp","HP World Cup",2024-03-31,0,0,10,0
"worldcup_a","Lenovo FIFA","worldcup_hp","hp","HP World Cup",2024-04-07,0,0,10,10
"worldcup_a","Lenovo FIFA","worldcup_hp","hp","HP World Cup",2024-04-14,0,0,10,10
"worldcup_a","Lenovo FIFA","worldcup_hp","hp","HP World Cup",2024-04-21,0,0,10,10
"worldcup_a","Lenovo FIFA","worldcup_hp","hp","HP World Cup",2024-04-28,0,0,10,0
"worldcup_a","Lenovo FIFA","worldcup_hp","hp","HP World Cup",2024-05-05,0,0,10,0
"worldcup_a","Lenovo FIFA","worldcup_hp","hp","HP World Cup",2024-05-12,0,0,10,0
"worldcup_a","Lenovo FIFA","worldcup_hp","hp","HP World Cup",2024-05-19,0,0,10,10
"worldcup_a","Lenovo FIFA","worldcup_hp","hp","HP World Cup",2024-05-26,1.8191881918819188,0,10,0
"worldcup_a","Lenovo FIFA","worldcup_hp","hp","HP World Cup",2024-06-02,1.8191881918819188,0,10,0
"worldcup_a","Lenovo FIFA","worldcup_hp","hp","HP World Cup",2024-06-09,1.8191881918819188,0,10,0
"worldcup_a","Lenovo FIFA","worldcup_hp","hp","HP World Cup",2024-06-16,1.8191881918819188,0,10,0
"worldcup_a","Lenovo FIFA","worldcup_hp","hp","HP World Cup",2024-06-23,3.6383763837638377,0,10,0
"worldcup_a","Lenovo FIFA","worldcup_hp","hp","HP World Cup",2024-06-30,1.8191881918819188,0,10,0
"worldcup_a","Lenovo FIFA","worldcup_hp","hp","HP World Cup",2024-07-07,0,0,10,0
"worldcup_a","Lenovo FIFA","worldcup_hp","hp","HP World Cup",2024-07-14,0,0,10,0
"worldcup_a","Lenovo FIFA","worldcup_hp","hp","HP World Cup",2024-07-21,0,0,10,0
"worldcup_a","Lenovo FIFA","worldcup_hp","hp","HP World Cup",2024-07-28,0,0,10,0
"worldcup_a","Lenovo FIFA","worldcup_hp","hp","HP World Cup",2024-08-04,0,0,10,0
"worldcup_a","Lenovo FIFA","worldcup_hp","hp","HP World Cup",2024-08-11,0,0,10,10
"worldcup_a","Lenovo FIFA","worldcup_hp","hp","HP World Cup",2024-08-18,0,0,10,0
"worldcup_a","Lenovo FIFA","worldcup_hp","hp","HP World Cup",2024-08-25,0,0,10,10
"worldcup_a","Lenovo FIFA","worldcup_hp","hp","HP World Cup",2024-09-01,0,0,10,0
"worldcup_a","Lenovo FIFA","worldcup_hp","hp","HP World Cup",2024-09-08,0,0,10,0
"worldcup_a","Lenovo FIFA","worldcup_hp","hp","HP World Cup",2024-09-15,0,0,10,10
"worldcup_a","Lenovo FIFA","worldcup_hp","hp","HP World Cup",2024-09-22,0,0,10,10
"worldcup_a","Lenovo FIFA","worldcup_hp","hp","HP World Cup",2024-09-29,1.8191881918819188,0,10,0
"worldcup_a","Lenovo FIFA","worldcup_hp","hp","HP World Cup",2024-10-06,0,0,10,0
"worldcup_a","Lenovo FIFA","worldcup_hp","hp","HP World Cup",2024-10-13,0,0,10,0
"worldcup_a","Lenovo FIFA","worldcup_hp","hp","HP World Cup",2024-10-20,0,0,10,0
"worldcup_a","Lenovo FIFA","worldcup_hp","hp","HP World Cup",2024-10-27,0,0,10,10
"worldcup_a","Lenovo FIFA","worldcup_hp","hp","HP World Cup",2024-11-03,0,0,10,10
"worldcup_a","Lenovo FIFA","worldcup_hp","hp","HP World Cup",2024-11-10,0,0,10,0
"worldcup_a","Lenovo FIFA","worldcup_hp","hp","HP World Cup",2024-11-17,0,0,10,0
"worldcup_a","Lenovo FIFA","worldcup_hp","hp","HP World Cup",2024-11-24,0,0,10,10
"worldcup_a","Lenovo FIFA","worldcup_hp","hp","HP World Cup",2024-12-01,0,0,10,10
"worldcup_a","Lenovo FIFA","worldcup_hp","hp","HP World Cup",2024-12-08,0,0,10,10
"worldcup_a","Lenovo FIFA","worldcup_hp","hp","HP World Cup",2024-12-15,0,0,10,10
"worldcup_a","Lenovo FIFA","worldcup_hp","hp","HP World Cup",2024-12-22,0,0,10,10
"worldcup_a","Lenovo FIFA","worldcup_hp","hp","HP World Cup",2024-12-29,0,0,10,10
"worldcup_a","Lenovo FIFA","worldcup_hp","hp","HP World Cup",2025-01-05,0,0,10,10
"worldcup_a","Lenovo FIFA","worldcup_hp","hp","HP World Cup",2025-01-12,0,0,10,10
"worldcup_a","Lenovo FIFA","worldcup_hp","hp","HP World Cup",2025-01-19,0,0,10,10
"worldcup_a","Lenovo FIFA","worldcup_hp","hp","HP World Cup",2025-01-26,0,0,10,10
"worldcup_a","Lenovo FIFA","worldcup_hp","hp","HP World Cup",2025-02-02,0,0,10,10
"worldcup_a","Lenovo FIFA","worldcup_hp","hp","HP World Cup",2025-02-09,0,0,10,10
"worldcup_a","Lenovo FIFA","worldcup_hp","hp","HP World Cup",2025-02-16,0,0,10,10
"worldcup_a","Lenovo FIFA","worldcup_hp","hp","HP World Cup",2025-02-23,0,0,10,10
"worldcup_a","Lenovo FIFA","worldcup_hp","hp","HP World Cup",2025-03-02,0,0,10,0
"worldcup_a","Lenovo FIFA","worldcup_hp","hp","HP World Cup",2025-03-09,0,0,10,0
"worldcup_a","Lenovo FIFA","worldcup_hp","hp","HP World Cup",2025-03-16,0,0,10,10
"worldcup_a","Lenovo FIFA","worldcup_hp","hp","HP World Cup",2025-03-23,0,0,10,0
"worldcup_a","Lenovo FIFA","worldcup_hp","hp","HP World Cup",2025-03-30,0,0,10,10
"worldcup_a","Lenovo FIFA","worldcup_hp","hp","HP World Cup",2025-04-06,0,0,10,10
"worldcup_a","Lenovo FIFA","worldcup_hp","hp","HP World Cup",2025-04-13,0,0,10,10
"worldcup_a","Lenovo FIFA","worldcup_hp","hp","HP World Cup",2025-04-20,0,0,10,10
"worldcup_a","Lenovo FIFA","worldcup_hp","hp","HP World Cup",2025-04-27,0,0,10,10
"worldcup_a","Lenovo FIFA","worldcup_hp","hp","HP World Cup",2025-05-04,0,0,10,0
"worldcup_a","Lenovo FIFA","worldcup_hp","hp","HP World Cup",2025-05-11,0,0,10,10
"worldcup_a","Lenovo FIFA","worldcup_hp","hp","HP World Cup",2025-05-18,0,0,10,0
"worldcup_a","Lenovo FIFA","worldcup_hp","hp","HP World Cup",2025-05-25,0,0,10,0
"worldcup_a","Lenovo FIFA","worldcup_hp","hp","HP World Cup",2025-06-01,0,0,10,0
"worldcup_a","Lenovo FIFA","worldcup_hp","hp","HP World Cup",2025-06-08,0,0,10,0
"worldcup_a","Lenovo FIFA","worldcup_hp","hp","HP World Cup",2025-06-15,1.8191881918819188,0,10,0
"worldcup_a","Lenovo FIFA","worldcup_hp","hp","HP World Cup",2025-06-22,1.8191881918819188,0,10,0
"worldcup_a","Lenovo FIFA","worldcup_hp","hp","HP World Cup",2025-06-29,1.8191881918819188,0,10,0
"worldcup_a","Lenovo FIFA","worldcup_hp","hp","HP World Cup",2025-07-06,0,0,10,0
"worldcup_a","Lenovo FIFA","worldcup_hp","hp","HP World Cup",2025-07-13,1.8191881918819188,0,10,0
"worldcup_a","Lenovo FIFA","worldcup_hp","hp","HP World Cup",2025-07-20,1.8191881918819188,0,10,0
"worldcup_a","Lenovo FIFA","worldcup_hp","hp","HP World Cup",2025-07-27,3.6383763837638377,0,10,0
"worldcup_a","Lenovo FIFA","worldcup_hp","hp","HP World Cup",2025-08-03,3.6383763837638377,0,10,0
"worldcup_a","Lenovo FIFA","worldcup_hp","hp","HP World Cup",2025-08-10,3.6383763837638377,0,10,0
"worldcup_a","Lenovo FIFA","worldcup_hp","hp","HP World Cup",2025-08-17,5.4575645756457565,0,10,0
"worldcup_a","Lenovo FIFA","worldcup_hp","hp","HP World Cup",2025-08-24,3.6383763837638377,0,10,0
"worldcup_a","Lenovo FIFA","worldcup_hp","hp","HP World Cup",2025-08-31,12.734317343173432,0,10,0
"worldcup_a","Lenovo FIFA","worldcup_hp","hp","HP World Cup",2025-09-07,16.37269372693727,0,10,0
"worldcup_a","Lenovo FIFA","worldcup_hp","hp","HP World Cup",2025-09-14,5.4575645756457565,0,10,0
"worldcup_a","Lenovo FIFA","worldcup_hp","hp","HP World Cup",2025-09-21,5.4575645756457565,0,10,0
"worldcup_a","Lenovo FIFA","worldcup_hp","hp","HP World Cup",2025-09-28,9.095940959409594,0,10,0
"worldcup_a","Lenovo FIFA","worldcup_hp","hp","HP World Cup",2025-10-05,7.276752767527675,0,10,0
"worldcup_a","Lenovo FIFA","worldcup_hp","hp","HP World Cup",2025-10-12,9.095940959409594,0,10,0
"worldcup_a","Lenovo FIFA","worldcup_hp","hp","HP World Cup",2025-10-19,7.276752767527675,0,10,0
"worldcup_a","Lenovo FIFA","worldcup_hp","hp","HP World Cup",2025-10-26,7.276752767527675,0,10,0
"worldcup_a","Lenovo FIFA","worldcup_hp","hp","HP World Cup",2025-11-02,10.915129151291513,0,10,0
"worldcup_a","Lenovo FIFA","worldcup_hp","hp","HP World Cup",2025-11-09,16.37269372693727,0,10,0
"worldcup_a","Lenovo FIFA","worldcup_hp","hp","HP World Cup",2025-11-16,14.55350553505535,0,10,0
"worldcup_a","Lenovo FIFA","worldcup_hp","hp","HP World Cup",2025-11-23,9.095940959409594,0,10,0
"worldcup_a","Lenovo FIFA","worldcup_hp","hp","HP World Cup",2025-11-30,14.55350553505535,0,10,0
"worldcup_a","Lenovo FIFA","worldcup_hp","hp","HP World Cup",2025-12-07,9.095940959409594,0,10,0
"worldcup_a","Lenovo FIFA","worldcup_hp","hp","HP World Cup",2025-12-14,7.276752767527675,0,10,0
"worldcup_a","Lenovo FIFA","worldcup_hp","hp","HP World Cup",2025-12-21,1.8191881918819188,0,10,0
"worldcup_a","Lenovo FIFA","worldcup_hp","hp","HP World Cup",2025-12-28,1.8191881918819188,0,10,0
"worldcup_a","Lenovo FIFA","worldcup_hp","hp","HP World Cup",2026-01-04,1.8191881918819188,0,10,0
"worldcup_a","Lenovo FIFA","worldcup_hp","hp","HP World Cup",2026-01-11,5.4575645756457565,0,10,0
"worldcup_a","Lenovo FIFA","worldcup_hp","hp","HP World Cup",2026-01-18,7.276752767527675,0,10,0
"worldcup_a","Lenovo FIFA","worldcup_hp","hp","HP World Cup",2026-01-25,7.276752767527675,0,10,0
"worldcup_a","Lenovo FIFA","worldcup_hp","hp","HP World Cup",2026-02-01,9.095940959409594,0,10,0
"worldcup_a","Lenovo FIFA","worldcup_hp","hp","HP World Cup",2026-02-08,9.095940959409594,0,10,0
"worldcup_a","Lenovo FIFA","worldcup_hp","hp","HP World Cup",2026-02-15,9.095940959409594,0,10,0
"worldcup_a","Lenovo FIFA","worldcup_hp","hp","HP World Cup",2026-02-22,9.095940959409594,0,10,0
"worldcup_a","Lenovo FIFA","worldcup_hp","hp","HP World Cup",2026-03-01,10.915129151291513,0,10,0
"worldcup_a","Lenovo FIFA","worldcup_hp","hp","HP World Cup",2026-03-08,9.095940959409594,0,10,0
"worldcup_a","Lenovo FIFA","worldcup_hp","hp","HP World Cup",2026-03-15,9.095940959409594,0,10,0
"worldcup_a","Lenovo FIFA","worldcup_hp","hp","HP World Cup",2026-03-22,10.915129151291513,0,10,0
"worldcup_a","Lenovo FIFA","worldcup_hp","hp","HP World Cup",2026-03-29,18.19188191881919,0,10,0
"worldcup_a","Lenovo FIFA","worldcup_hp","hp","HP World Cup",2026-04-05,10.915129151291513,0,10,0
"worldcup_a","Lenovo FIFA","worldcup_hp","hp","HP World Cup",2026-04-12,9.095940959409594,0,10,0
"worldcup_a","Lenovo FIFA","worldcup_hp","hp","HP World Cup",2026-04-19,7.276752767527675,0,10,0
"worldcup_a","Lenovo FIFA","worldcup_hp","hp","HP World Cup",2026-04-26,7.276752767527675,0,10,0
"worldcup_a","Lenovo FIFA","worldcup_hp","hp","HP World Cup",2026-05-03,9.095940959409594,0,10,0
"worldcup_a","Lenovo FIFA","worldcup_hp","hp","HP World Cup",2026-05-10,12.734317343173432,0,10,0
"worldcup_a","Lenovo FIFA","worldcup_hp","hp","HP World Cup",2026-05-17,18.19188191881919,0,10,0
"worldcup_a","Lenovo FIFA","worldcup_hp","hp","HP World Cup",2026-05-24,20.011070110701105,0,10,0
"worldcup_a","Lenovo FIFA","worldcup_hp","hp","HP World Cup",2026-05-31,36.38376383763838,0,10,0
"worldcup_a","Lenovo FIFA","worldcup_hp","hp","HP World Cup",2026-06-07,107.33210332103322,0,10,0
"worldcup_a","Lenovo FIFA","worldcup_hp","hp","HP World Cup",2026-06-14,130.98154981549817,0,10,0
"worldcup_a","Lenovo FIFA","worldcup_hp","hp","HP World Cup",2026-06-21,150.99261992619927,0,10,0
"worldcup_a","Lenovo FIFA","worldcup_hp","hp","HP World Cup",2026-06-28,181.9188191881919,0,10,0
"worldcup_a","Lenovo FIFA","worldcup_hp","hp","HP World Cup",2026-07-05,140.07749077490774,0,10,0
"worldcup_a","Lenovo FIFA","worldcup_hp","hp","HP World Cup",2026-07-12,76.4059040590406,0,10,0
"worldcup_a","Lenovo FIFA","worldcup_hp","hp","HP World Cup",2026-07-19,43.66051660516605,0,10,0
"worldcup_a","Lenovo FIFA","worldcup_hp","hp","HP World Cup",2026-07-26,9.095940959409594,0,10,0
"worldcup_a","Lenovo FIFA","worldcup_hp","hp","HP World Cup",2026-08-02,7.276752767527675,0,10,0
"worldcup_a","Lenovo FIFA","worldcup_hp","hp","HP World Cup",2026-08-09,7.276752767527675,0,10,0
"worldcup_a","Lenovo FIFA","worldcup_hp","hp","HP World Cup",2026-08-16,7.276752767527675,0,10,0
"worldcup_a","Lenovo FIFA","worldcup_hp","hp","HP World Cup",2026-08-23,7.276752767527675,0,10,0
"worldcup_a","Lenovo FIFA","worldcup_hp","hp","HP World Cup",2026-08-30,5.4575645756457565,0,10,0
"worldcup_a","Lenovo FIFA","worldcup_hp","hp","HP World Cup",2026-09-06,5.4575645756457565,0,10,0
"worldcup_a","Lenovo FIFA","worldcup_hp","hp","HP World Cup",2026-09-13,3.6383763837638377,0,10,0
"worldcup_a","Lenovo FIFA","worldcup_hp","hp","HP World Cup",2026-09-20,3.6383763837638377,0,10,0
"worldcup_a","Lenovo FIFA","worldcup_hp","hp","HP World Cup",2026-09-27,1.8191881918819188,0,10,0
"worldcup_a","Lenovo FIFA","worldcup_lenovo","lenovo","Lenovo World Cup",2021-12-26,0,0,10,10
"worldcup_a","Lenovo FIFA","worldcup_lenovo","lenovo","Lenovo World Cup",2022-01-02,0,0,10,10
"worldcup_a","Lenovo FIFA","worldcup_lenovo","lenovo","Lenovo World Cup",2022-01-09,0,0,10,10
"worldcup_a","Lenovo FIFA","worldcup_lenovo","lenovo","Lenovo World Cup",2022-01-16,0,0,10,10
"worldcup_a","Lenovo FIFA","worldcup_lenovo","lenovo","Lenovo World Cup",2022-01-23,0,0,10,10
"worldcup_a","Lenovo FIFA","worldcup_lenovo","lenovo","Lenovo World Cup",2022-01-30,0,0,10,10
"worldcup_a","Lenovo FIFA","worldcup_lenovo","lenovo","Lenovo World Cup",2022-02-06,0,0,10,10
"worldcup_a","Lenovo FIFA","worldcup_lenovo","lenovo","Lenovo World Cup",2022-02-13,0,0,10,10
"worldcup_a","Lenovo FIFA","worldcup_lenovo","lenovo","Lenovo World Cup",2022-02-20,0,0,10,10
"worldcup_a","Lenovo FIFA","worldcup_lenovo","lenovo","Lenovo World Cup",2022-02-27,0,0,10,0
"worldcup_a","Lenovo FIFA","worldcup_lenovo","lenovo","Lenovo World Cup",2022-03-06,0,0,10,10
"worldcup_a","Lenovo FIFA","worldcup_lenovo","lenovo","Lenovo World Cup",2022-03-13,0,0,10,10
"worldcup_a","Lenovo FIFA","worldcup_lenovo","lenovo","Lenovo World Cup",2022-03-20,0,0,10,0
"worldcup_a","Lenovo FIFA","worldcup_lenovo","lenovo","Lenovo World Cup",2022-03-27,0,0,10,0
"worldcup_a","Lenovo FIFA","worldcup_lenovo","lenovo","Lenovo World Cup",2022-04-03,0,0,10,10
"worldcup_a","Lenovo FIFA","worldcup_lenovo","lenovo","Lenovo World Cup",2022-04-10,0,0,10,10
"worldcup_a","Lenovo FIFA","worldcup_lenovo","lenovo","Lenovo World Cup",2022-04-17,0,0,10,10
"worldcup_a","Lenovo FIFA","worldcup_lenovo","lenovo","Lenovo World Cup",2022-04-24,0,0,10,10
"worldcup_a","Lenovo FIFA","worldcup_lenovo","lenovo","Lenovo World Cup",2022-05-01,0,0,10,10
"worldcup_a","Lenovo FIFA","worldcup_lenovo","lenovo","Lenovo World Cup",2022-05-08,0,0,10,10
"worldcup_a","Lenovo FIFA","worldcup_lenovo","lenovo","Lenovo World Cup",2022-05-15,0,0,10,10
"worldcup_a","Lenovo FIFA","worldcup_lenovo","lenovo","Lenovo World Cup",2022-05-22,0,0,10,10
"worldcup_a","Lenovo FIFA","worldcup_lenovo","lenovo","Lenovo World Cup",2022-05-29,0,0,10,0
"worldcup_a","Lenovo FIFA","worldcup_lenovo","lenovo","Lenovo World Cup",2022-06-05,0,0,10,10
"worldcup_a","Lenovo FIFA","worldcup_lenovo","lenovo","Lenovo World Cup",2022-06-12,0,0,10,0
"worldcup_a","Lenovo FIFA","worldcup_lenovo","lenovo","Lenovo World Cup",2022-06-19,0,0,10,0
"worldcup_a","Lenovo FIFA","worldcup_lenovo","lenovo","Lenovo World Cup",2022-06-26,0,0,10,10
"worldcup_a","Lenovo FIFA","worldcup_lenovo","lenovo","Lenovo World Cup",2022-07-03,0,0,10,10
"worldcup_a","Lenovo FIFA","worldcup_lenovo","lenovo","Lenovo World Cup",2022-07-10,0,0,10,10
"worldcup_a","Lenovo FIFA","worldcup_lenovo","lenovo","Lenovo World Cup",2022-07-17,0,0,10,10
"worldcup_a","Lenovo FIFA","worldcup_lenovo","lenovo","Lenovo World Cup",2022-07-24,0,0,10,10
"worldcup_a","Lenovo FIFA","worldcup_lenovo","lenovo","Lenovo World Cup",2022-07-31,0,0,10,10
"worldcup_a","Lenovo FIFA","worldcup_lenovo","lenovo","Lenovo World Cup",2022-08-07,0,0,10,10
"worldcup_a","Lenovo FIFA","worldcup_lenovo","lenovo","Lenovo World Cup",2022-08-14,0,0,10,10
"worldcup_a","Lenovo FIFA","worldcup_lenovo","lenovo","Lenovo World Cup",2022-08-21,0,0,10,10
"worldcup_a","Lenovo FIFA","worldcup_lenovo","lenovo","Lenovo World Cup",2022-08-28,0,0,10,10
"worldcup_a","Lenovo FIFA","worldcup_lenovo","lenovo","Lenovo World Cup",2022-09-04,0,0,10,0
"worldcup_a","Lenovo FIFA","worldcup_lenovo","lenovo","Lenovo World Cup",2022-09-11,0,0,10,0
"worldcup_a","Lenovo FIFA","worldcup_lenovo","lenovo","Lenovo World Cup",2022-09-18,0,0,10,10
"worldcup_a","Lenovo FIFA","worldcup_lenovo","lenovo","Lenovo World Cup",2022-09-25,0,0,10,0
"worldcup_a","Lenovo FIFA","worldcup_lenovo","lenovo","Lenovo World Cup",2022-10-02,0,0,10,10
"worldcup_a","Lenovo FIFA","worldcup_lenovo","lenovo","Lenovo World Cup",2022-10-09,0,0,10,0
"worldcup_a","Lenovo FIFA","worldcup_lenovo","lenovo","Lenovo World Cup",2022-10-16,0,0,10,0
"worldcup_a","Lenovo FIFA","worldcup_lenovo","lenovo","Lenovo World Cup",2022-10-23,0,0,10,0
"worldcup_a","Lenovo FIFA","worldcup_lenovo","lenovo","Lenovo World Cup",2022-10-30,1.8191881918819188,0,10,0
"worldcup_a","Lenovo FIFA","worldcup_lenovo","lenovo","Lenovo World Cup",2022-11-06,1.8191881918819188,0,10,0
"worldcup_a","Lenovo FIFA","worldcup_lenovo","lenovo","Lenovo World Cup",2022-11-13,1.8191881918819188,0,10,0
"worldcup_a","Lenovo FIFA","worldcup_lenovo","lenovo","Lenovo World Cup",2022-11-20,5.4575645756457565,0,10,0
"worldcup_a","Lenovo FIFA","worldcup_lenovo","lenovo","Lenovo World Cup",2022-11-27,5.4575645756457565,0,10,0
"worldcup_a","Lenovo FIFA","worldcup_lenovo","lenovo","Lenovo World Cup",2022-12-04,3.6383763837638377,0,10,0
"worldcup_a","Lenovo FIFA","worldcup_lenovo","lenovo","Lenovo World Cup",2022-12-11,1.8191881918819188,0,10,0
"worldcup_a","Lenovo FIFA","worldcup_lenovo","lenovo","Lenovo World Cup",2022-12-18,1.8191881918819188,0,10,0
"worldcup_a","Lenovo FIFA","worldcup_lenovo","lenovo","Lenovo World Cup",2022-12-25,0,0,10,0
"worldcup_a","Lenovo FIFA","worldcup_lenovo","lenovo","Lenovo World Cup",2023-01-01,0,0,10,0
"worldcup_a","Lenovo FIFA","worldcup_lenovo","lenovo","Lenovo World Cup",2023-01-08,0,0,10,0
"worldcup_a","Lenovo FIFA","worldcup_lenovo","lenovo","Lenovo World Cup",2023-01-15,0,0,10,10
"worldcup_a","Lenovo FIFA","worldcup_lenovo","lenovo","Lenovo World Cup",2023-01-22,0,0,10,10
"worldcup_a","Lenovo FIFA","worldcup_lenovo","lenovo","Lenovo World Cup",2023-01-29,0,0,10,10
"worldcup_a","Lenovo FIFA","worldcup_lenovo","lenovo","Lenovo World Cup",2023-02-05,0,0,10,10
"worldcup_a","Lenovo FIFA","worldcup_lenovo","lenovo","Lenovo World Cup",2023-02-12,0,0,10,10
"worldcup_a","Lenovo FIFA","worldcup_lenovo","lenovo","Lenovo World Cup",2023-02-19,0,0,10,0
"worldcup_a","Lenovo FIFA","worldcup_lenovo","lenovo","Lenovo World Cup",2023-02-26,0,0,10,10
"worldcup_a","Lenovo FIFA","worldcup_lenovo","lenovo","Lenovo World Cup",2023-03-05,0,0,10,10
"worldcup_a","Lenovo FIFA","worldcup_lenovo","lenovo","Lenovo World Cup",2023-03-12,0,0,10,10
"worldcup_a","Lenovo FIFA","worldcup_lenovo","lenovo","Lenovo World Cup",2023-03-19,0,0,10,10
"worldcup_a","Lenovo FIFA","worldcup_lenovo","lenovo","Lenovo World Cup",2023-03-26,0,0,10,10
"worldcup_a","Lenovo FIFA","worldcup_lenovo","lenovo","Lenovo World Cup",2023-04-02,0,0,10,10
"worldcup_a","Lenovo FIFA","worldcup_lenovo","lenovo","Lenovo World Cup",2023-04-09,0,0,10,10
"worldcup_a","Lenovo FIFA","worldcup_lenovo","lenovo","Lenovo World Cup",2023-04-16,0,0,10,10
"worldcup_a","Lenovo FIFA","worldcup_lenovo","lenovo","Lenovo World Cup",2023-04-23,0,0,10,10
"worldcup_a","Lenovo FIFA","worldcup_lenovo","lenovo","Lenovo World Cup",2023-04-30,0,0,10,10
"worldcup_a","Lenovo FIFA","worldcup_lenovo","lenovo","Lenovo World Cup",2023-05-07,0,0,10,10
"worldcup_a","Lenovo FIFA","worldcup_lenovo","lenovo","Lenovo World Cup",2023-05-14,0,0,10,10
"worldcup_a","Lenovo FIFA","worldcup_lenovo","lenovo","Lenovo World Cup",2023-05-21,0,0,10,10
"worldcup_a","Lenovo FIFA","worldcup_lenovo","lenovo","Lenovo World Cup",2023-05-28,0,0,10,10
"worldcup_a","Lenovo FIFA","worldcup_lenovo","lenovo","Lenovo World Cup",2023-06-04,0,0,10,10
"worldcup_a","Lenovo FIFA","worldcup_lenovo","lenovo","Lenovo World Cup",2023-06-11,0,0,10,10
"worldcup_a","Lenovo FIFA","worldcup_lenovo","lenovo","Lenovo World Cup",2023-06-18,0,0,10,10
"worldcup_a","Lenovo FIFA","worldcup_lenovo","lenovo","Lenovo World Cup",2023-06-25,0,0,10,0
"worldcup_a","Lenovo FIFA","worldcup_lenovo","lenovo","Lenovo World Cup",2023-07-02,0,0,10,0
"worldcup_a","Lenovo FIFA","worldcup_lenovo","lenovo","Lenovo World Cup",2023-07-09,0,0,10,10
"worldcup_a","Lenovo FIFA","worldcup_lenovo","lenovo","Lenovo World Cup",2023-07-16,0,0,10,0
"worldcup_a","Lenovo FIFA","worldcup_lenovo","lenovo","Lenovo World Cup",2023-07-23,0,0,10,0
"worldcup_a","Lenovo FIFA","worldcup_lenovo","lenovo","Lenovo World Cup",2023-07-30,1.8191881918819188,0,10,0
"worldcup_a","Lenovo FIFA","worldcup_lenovo","lenovo","Lenovo World Cup",2023-08-06,0,0,10,0
"worldcup_a","Lenovo FIFA","worldcup_lenovo","lenovo","Lenovo World Cup",2023-08-13,0,0,10,0
"worldcup_a","Lenovo FIFA","worldcup_lenovo","lenovo","Lenovo World Cup",2023-08-20,0,0,10,0
"worldcup_a","Lenovo FIFA","worldcup_lenovo","lenovo","Lenovo World Cup",2023-08-27,0,0,10,0
"worldcup_a","Lenovo FIFA","worldcup_lenovo","lenovo","Lenovo World Cup",2023-09-03,0,0,10,0
"worldcup_a","Lenovo FIFA","worldcup_lenovo","lenovo","Lenovo World Cup",2023-09-10,0,0,10,0
"worldcup_a","Lenovo FIFA","worldcup_lenovo","lenovo","Lenovo World Cup",2023-09-17,0,0,10,0
"worldcup_a","Lenovo FIFA","worldcup_lenovo","lenovo","Lenovo World Cup",2023-09-24,0,0,10,0
"worldcup_a","Lenovo FIFA","worldcup_lenovo","lenovo","Lenovo World Cup",2023-10-01,1.8191881918819188,0,10,0
"worldcup_a","Lenovo FIFA","worldcup_lenovo","lenovo","Lenovo World Cup",2023-10-08,1.8191881918819188,0,10,0
"worldcup_a","Lenovo FIFA","worldcup_lenovo","lenovo","Lenovo World Cup",2023-10-15,1.8191881918819188,0,10,0
"worldcup_a","Lenovo FIFA","worldcup_lenovo","lenovo","Lenovo World Cup",2023-10-22,1.8191881918819188,0,10,0
"worldcup_a","Lenovo FIFA","worldcup_lenovo","lenovo","Lenovo World Cup",2023-10-29,1.8191881918819188,0,10,0
"worldcup_a","Lenovo FIFA","worldcup_lenovo","lenovo","Lenovo World Cup",2023-11-05,1.8191881918819188,0,10,0
"worldcup_a","Lenovo FIFA","worldcup_lenovo","lenovo","Lenovo World Cup",2023-11-12,1.8191881918819188,0,10,0
"worldcup_a","Lenovo FIFA","worldcup_lenovo","lenovo","Lenovo World Cup",2023-11-19,1.8191881918819188,0,10,0
"worldcup_a","Lenovo FIFA","worldcup_lenovo","lenovo","Lenovo World Cup",2023-11-26,0,0,10,0
"worldcup_a","Lenovo FIFA","worldcup_lenovo","lenovo","Lenovo World Cup",2023-12-03,0,0,10,10
"worldcup_a","Lenovo FIFA","worldcup_lenovo","lenovo","Lenovo World Cup",2023-12-10,0,0,10,10
"worldcup_a","Lenovo FIFA","worldcup_lenovo","lenovo","Lenovo World Cup",2023-12-17,0,0,10,10
"worldcup_a","Lenovo FIFA","worldcup_lenovo","lenovo","Lenovo World Cup",2023-12-24,0,0,10,10
"worldcup_a","Lenovo FIFA","worldcup_lenovo","lenovo","Lenovo World Cup",2023-12-31,0,0,10,10
"worldcup_a","Lenovo FIFA","worldcup_lenovo","lenovo","Lenovo World Cup",2024-01-07,0,0,10,10
"worldcup_a","Lenovo FIFA","worldcup_lenovo","lenovo","Lenovo World Cup",2024-01-14,0,0,10,10
"worldcup_a","Lenovo FIFA","worldcup_lenovo","lenovo","Lenovo World Cup",2024-01-21,0,0,10,0
"worldcup_a","Lenovo FIFA","worldcup_lenovo","lenovo","Lenovo World Cup",2024-01-28,0,0,10,10
"worldcup_a","Lenovo FIFA","worldcup_lenovo","lenovo","Lenovo World Cup",2024-02-04,0,0,10,10
"worldcup_a","Lenovo FIFA","worldcup_lenovo","lenovo","Lenovo World Cup",2024-02-11,0,0,10,10
"worldcup_a","Lenovo FIFA","worldcup_lenovo","lenovo","Lenovo World Cup",2024-02-18,0,0,10,10
"worldcup_a","Lenovo FIFA","worldcup_lenovo","lenovo","Lenovo World Cup",2024-02-25,0,0,10,10
"worldcup_a","Lenovo FIFA","worldcup_lenovo","lenovo","Lenovo World Cup",2024-03-03,0,0,10,10
"worldcup_a","Lenovo FIFA","worldcup_lenovo","lenovo","Lenovo World Cup",2024-03-10,0,0,10,10
"worldcup_a","Lenovo FIFA","worldcup_lenovo","lenovo","Lenovo World Cup",2024-03-17,0,0,10,10
"worldcup_a","Lenovo FIFA","worldcup_lenovo","lenovo","Lenovo World Cup",2024-03-24,0,0,10,10
"worldcup_a","Lenovo FIFA","worldcup_lenovo","lenovo","Lenovo World Cup",2024-03-31,0,0,10,10
"worldcup_a","Lenovo FIFA","worldcup_lenovo","lenovo","Lenovo World Cup",2024-04-07,0,0,10,10
"worldcup_a","Lenovo FIFA","worldcup_lenovo","lenovo","Lenovo World Cup",2024-04-14,0,0,10,10
"worldcup_a","Lenovo FIFA","worldcup_lenovo","lenovo","Lenovo World Cup",2024-04-21,0,0,10,10
"worldcup_a","Lenovo FIFA","worldcup_lenovo","lenovo","Lenovo World Cup",2024-04-28,0,0,10,10
"worldcup_a","Lenovo FIFA","worldcup_lenovo","lenovo","Lenovo World Cup",2024-05-05,0,0,10,10
"worldcup_a","Lenovo FIFA","worldcup_lenovo","lenovo","Lenovo World Cup",2024-05-12,0,0,10,10
"worldcup_a","Lenovo FIFA","worldcup_lenovo","lenovo","Lenovo World Cup",2024-05-19,0,0,10,10
"worldcup_a","Lenovo FIFA","worldcup_lenovo","lenovo","Lenovo World Cup",2024-05-26,0,0,10,0
"worldcup_a","Lenovo FIFA","worldcup_lenovo","lenovo","Lenovo World Cup",2024-06-02,0,0,10,0
"worldcup_a","Lenovo FIFA","worldcup_lenovo","lenovo","Lenovo World Cup",2024-06-09,1.8191881918819188,0,10,0
"worldcup_a","Lenovo FIFA","worldcup_lenovo","lenovo","Lenovo World Cup",2024-06-16,0,0,10,0
"worldcup_a","Lenovo FIFA","worldcup_lenovo","lenovo","Lenovo World Cup",2024-06-23,1.8191881918819188,0,10,0
"worldcup_a","Lenovo FIFA","worldcup_lenovo","lenovo","Lenovo World Cup",2024-06-30,0,0,10,0
"worldcup_a","Lenovo FIFA","worldcup_lenovo","lenovo","Lenovo World Cup",2024-07-07,0,0,10,10
"worldcup_a","Lenovo FIFA","worldcup_lenovo","lenovo","Lenovo World Cup",2024-07-14,0,0,10,10
"worldcup_a","Lenovo FIFA","worldcup_lenovo","lenovo","Lenovo World Cup",2024-07-21,0,0,10,10
"worldcup_a","Lenovo FIFA","worldcup_lenovo","lenovo","Lenovo World Cup",2024-07-28,0,0,10,10
"worldcup_a","Lenovo FIFA","worldcup_lenovo","lenovo","Lenovo World Cup",2024-08-04,0,0,10,10
"worldcup_a","Lenovo FIFA","worldcup_lenovo","lenovo","Lenovo World Cup",2024-08-11,0,0,10,10
"worldcup_a","Lenovo FIFA","worldcup_lenovo","lenovo","Lenovo World Cup",2024-08-18,0,0,10,10
"worldcup_a","Lenovo FIFA","worldcup_lenovo","lenovo","Lenovo World Cup",2024-08-25,0,0,10,10
"worldcup_a","Lenovo FIFA","worldcup_lenovo","lenovo","Lenovo World Cup",2024-09-01,0,0,10,10
"worldcup_a","Lenovo FIFA","worldcup_lenovo","lenovo","Lenovo World Cup",2024-09-08,0,0,10,10
"worldcup_a","Lenovo FIFA","worldcup_lenovo","lenovo","Lenovo World Cup",2024-09-15,0,0,10,10
"worldcup_a","Lenovo FIFA","worldcup_lenovo","lenovo","Lenovo World Cup",2024-09-22,0,0,10,0
"worldcup_a","Lenovo FIFA","worldcup_lenovo","lenovo","Lenovo World Cup",2024-09-29,0,0,10,0
"worldcup_a","Lenovo FIFA","worldcup_lenovo","lenovo","Lenovo World Cup",2024-10-06,0,0,10,10
"worldcup_a","Lenovo FIFA","worldcup_lenovo","lenovo","Lenovo World Cup",2024-10-13,0,0,10,0
"worldcup_a","Lenovo FIFA","worldcup_lenovo","lenovo","Lenovo World Cup",2024-10-20,0,0,10,10
"worldcup_a","Lenovo FIFA","worldcup_lenovo","lenovo","Lenovo World Cup",2024-10-27,0,0,10,10
"worldcup_a","Lenovo FIFA","worldcup_lenovo","lenovo","Lenovo World Cup",2024-11-03,0,0,10,10
"worldcup_a","Lenovo FIFA","worldcup_lenovo","lenovo","Lenovo World Cup",2024-11-10,0,0,10,10
"worldcup_a","Lenovo FIFA","worldcup_lenovo","lenovo","Lenovo World Cup",2024-11-17,0,0,10,10
"worldcup_a","Lenovo FIFA","worldcup_lenovo","lenovo","Lenovo World Cup",2024-11-24,0,0,10,10
"worldcup_a","Lenovo FIFA","worldcup_lenovo","lenovo","Lenovo World Cup",2024-12-01,0,0,10,10
"worldcup_a","Lenovo FIFA","worldcup_lenovo","lenovo","Lenovo World Cup",2024-12-08,0,0,10,10
"worldcup_a","Lenovo FIFA","worldcup_lenovo","lenovo","Lenovo World Cup",2024-12-15,0,0,10,10
"worldcup_a","Lenovo FIFA","worldcup_lenovo","lenovo","Lenovo World Cup",2024-12-22,0,0,10,10
"worldcup_a","Lenovo FIFA","worldcup_lenovo","lenovo","Lenovo World Cup",2024-12-29,0,0,10,10
"worldcup_a","Lenovo FIFA","worldcup_lenovo","lenovo","Lenovo World Cup",2025-01-05,0,0,10,10
"worldcup_a","Lenovo FIFA","worldcup_lenovo","lenovo","Lenovo World Cup",2025-01-12,0,0,10,10
"worldcup_a","Lenovo FIFA","worldcup_lenovo","lenovo","Lenovo World Cup",2025-01-19,0,0,10,10
"worldcup_a","Lenovo FIFA","worldcup_lenovo","lenovo","Lenovo World Cup",2025-01-26,0,0,10,10
"worldcup_a","Lenovo FIFA","worldcup_lenovo","lenovo","Lenovo World Cup",2025-02-02,0,0,10,10
"worldcup_a","Lenovo FIFA","worldcup_lenovo","lenovo","Lenovo World Cup",2025-02-09,0,0,10,10
"worldcup_a","Lenovo FIFA","worldcup_lenovo","lenovo","Lenovo World Cup",2025-02-16,0,0,10,10
"worldcup_a","Lenovo FIFA","worldcup_lenovo","lenovo","Lenovo World Cup",2025-02-23,0,0,10,10
"worldcup_a","Lenovo FIFA","worldcup_lenovo","lenovo","Lenovo World Cup",2025-03-02,0,0,10,10
"worldcup_a","Lenovo FIFA","worldcup_lenovo","lenovo","Lenovo World Cup",2025-03-09,0,0,10,10
"worldcup_a","Lenovo FIFA","worldcup_lenovo","lenovo","Lenovo World Cup",2025-03-16,0,0,10,0
"worldcup_a","Lenovo FIFA","worldcup_lenovo","lenovo","Lenovo World Cup",2025-03-23,0,0,10,10
"worldcup_a","Lenovo FIFA","worldcup_lenovo","lenovo","Lenovo World Cup",2025-03-30,0,0,10,10
"worldcup_a","Lenovo FIFA","worldcup_lenovo","lenovo","Lenovo World Cup",2025-04-06,0,0,10,10
"worldcup_a","Lenovo FIFA","worldcup_lenovo","lenovo","Lenovo World Cup",2025-04-13,0,0,10,10
"worldcup_a","Lenovo FIFA","worldcup_lenovo","lenovo","Lenovo World Cup",2025-04-20,0,0,10,10
"worldcup_a","Lenovo FIFA","worldcup_lenovo","lenovo","Lenovo World Cup",2025-04-27,0,0,10,10
"worldcup_a","Lenovo FIFA","worldcup_lenovo","lenovo","Lenovo World Cup",2025-05-04,0,0,10,10
"worldcup_a","Lenovo FIFA","worldcup_lenovo","lenovo","Lenovo World Cup",2025-05-11,0,0,10,10
"worldcup_a","Lenovo FIFA","worldcup_lenovo","lenovo","Lenovo World Cup",2025-05-18,0,0,10,10
"worldcup_a","Lenovo FIFA","worldcup_lenovo","lenovo","Lenovo World Cup",2025-05-25,0,0,10,10
"worldcup_a","Lenovo FIFA","worldcup_lenovo","lenovo","Lenovo World Cup",2025-06-01,0,0,10,10
"worldcup_a","Lenovo FIFA","worldcup_lenovo","lenovo","Lenovo World Cup",2025-06-08,0,0,10,0
"worldcup_a","Lenovo FIFA","worldcup_lenovo","lenovo","Lenovo World Cup",2025-06-15,0,0,10,0
"worldcup_a","Lenovo FIFA","worldcup_lenovo","lenovo","Lenovo World Cup",2025-06-22,0,0,10,0
"worldcup_a","Lenovo FIFA","worldcup_lenovo","lenovo","Lenovo World Cup",2025-06-29,0,0,10,0
"worldcup_a","Lenovo FIFA","worldcup_lenovo","lenovo","Lenovo World Cup",2025-07-06,0,0,10,0
"worldcup_a","Lenovo FIFA","worldcup_lenovo","lenovo","Lenovo World Cup",2025-07-13,0,0,10,0
"worldcup_a","Lenovo FIFA","worldcup_lenovo","lenovo","Lenovo World Cup",2025-07-20,1.8191881918819188,0,10,0
"worldcup_a","Lenovo FIFA","worldcup_lenovo","lenovo","Lenovo World Cup",2025-07-27,1.8191881918819188,0,10,0
"worldcup_a","Lenovo FIFA","worldcup_lenovo","lenovo","Lenovo World Cup",2025-08-03,1.8191881918819188,0,10,0
"worldcup_a","Lenovo FIFA","worldcup_lenovo","lenovo","Lenovo World Cup",2025-08-10,1.8191881918819188,0,10,0
"worldcup_a","Lenovo FIFA","worldcup_lenovo","lenovo","Lenovo World Cup",2025-08-17,3.6383763837638377,0,10,0
"worldcup_a","Lenovo FIFA","worldcup_lenovo","lenovo","Lenovo World Cup",2025-08-24,3.6383763837638377,0,10,0
"worldcup_a","Lenovo FIFA","worldcup_lenovo","lenovo","Lenovo World Cup",2025-08-31,9.095940959409594,0,10,0
"worldcup_a","Lenovo FIFA","worldcup_lenovo","lenovo","Lenovo World Cup",2025-09-07,12.734317343173432,0,10,0
"worldcup_a","Lenovo FIFA","worldcup_lenovo","lenovo","Lenovo World Cup",2025-09-14,3.6383763837638377,0,10,0
"worldcup_a","Lenovo FIFA","worldcup_lenovo","lenovo","Lenovo World Cup",2025-09-21,3.6383763837638377,0,10,0
"worldcup_a","Lenovo FIFA","worldcup_lenovo","lenovo","Lenovo World Cup",2025-09-28,5.4575645756457565,0,10,0
"worldcup_a","Lenovo FIFA","worldcup_lenovo","lenovo","Lenovo World Cup",2025-10-05,5.4575645756457565,0,10,0
"worldcup_a","Lenovo FIFA","worldcup_lenovo","lenovo","Lenovo World Cup",2025-10-12,7.276752767527675,0,10,0
"worldcup_a","Lenovo FIFA","worldcup_lenovo","lenovo","Lenovo World Cup",2025-10-19,3.6383763837638377,0,10,0
"worldcup_a","Lenovo FIFA","worldcup_lenovo","lenovo","Lenovo World Cup",2025-10-26,7.276752767527675,0,10,0
"worldcup_a","Lenovo FIFA","worldcup_lenovo","lenovo","Lenovo World Cup",2025-11-02,9.095940959409594,0,10,0
"worldcup_a","Lenovo FIFA","worldcup_lenovo","lenovo","Lenovo World Cup",2025-11-09,14.55350553505535,0,10,0
"worldcup_a","Lenovo FIFA","worldcup_lenovo","lenovo","Lenovo World Cup",2025-11-16,10.915129151291513,0,10,0
"worldcup_a","Lenovo FIFA","worldcup_lenovo","lenovo","Lenovo World Cup",2025-11-23,5.4575645756457565,0,10,0
"worldcup_a","Lenovo FIFA","worldcup_lenovo","lenovo","Lenovo World Cup",2025-11-30,9.095940959409594,0,10,0
"worldcup_a","Lenovo FIFA","worldcup_lenovo","lenovo","Lenovo World Cup",2025-12-07,5.4575645756457565,0,10,0
"worldcup_a","Lenovo FIFA","worldcup_lenovo","lenovo","Lenovo World Cup",2025-12-14,3.6383763837638377,0,10,0
"worldcup_a","Lenovo FIFA","worldcup_lenovo","lenovo","Lenovo World Cup",2025-12-21,1.8191881918819188,0,10,0
"worldcup_a","Lenovo FIFA","worldcup_lenovo","lenovo","Lenovo World Cup",2025-12-28,1.8191881918819188,0,10,0
"worldcup_a","Lenovo FIFA","worldcup_lenovo","lenovo","Lenovo World Cup",2026-01-04,1.8191881918819188,0,10,0
"worldcup_a","Lenovo FIFA","worldcup_lenovo","lenovo","Lenovo World Cup",2026-01-11,1.8191881918819188,0,10,0
"worldcup_a","Lenovo FIFA","worldcup_lenovo","lenovo","Lenovo World Cup",2026-01-18,3.6383763837638377,0,10,0
"worldcup_a","Lenovo FIFA","worldcup_lenovo","lenovo","Lenovo World Cup",2026-01-25,3.6383763837638377,0,10,0
"worldcup_a","Lenovo FIFA","worldcup_lenovo","lenovo","Lenovo World Cup",2026-02-01,3.6383763837638377,0,10,0
"worldcup_a","Lenovo FIFA","worldcup_lenovo","lenovo","Lenovo World Cup",2026-02-08,3.6383763837638377,0,10,0
"worldcup_a","Lenovo FIFA","worldcup_lenovo","lenovo","Lenovo World Cup",2026-02-15,5.4575645756457565,0,10,0
"worldcup_a","Lenovo FIFA","worldcup_lenovo","lenovo","Lenovo World Cup",2026-02-22,5.4575645756457565,0,10,0
"worldcup_a","Lenovo FIFA","worldcup_lenovo","lenovo","Lenovo World Cup",2026-03-01,5.4575645756457565,0,10,0
"worldcup_a","Lenovo FIFA","worldcup_lenovo","lenovo","Lenovo World Cup",2026-03-08,5.4575645756457565,0,10,0
"worldcup_a","Lenovo FIFA","worldcup_lenovo","lenovo","Lenovo World Cup",2026-03-15,5.4575645756457565,0,10,0
"worldcup_a","Lenovo FIFA","worldcup_lenovo","lenovo","Lenovo World Cup",2026-03-22,7.276752767527675,0,10,0
"worldcup_a","Lenovo FIFA","worldcup_lenovo","lenovo","Lenovo World Cup",2026-03-29,10.915129151291513,0,10,0
"worldcup_a","Lenovo FIFA","worldcup_lenovo","lenovo","Lenovo World Cup",2026-04-05,7.276752767527675,0,10,0
"worldcup_a","Lenovo FIFA","worldcup_lenovo","lenovo","Lenovo World Cup",2026-04-12,3.6383763837638377,0,10,0
"worldcup_a","Lenovo FIFA","worldcup_lenovo","lenovo","Lenovo World Cup",2026-04-19,5.4575645756457565,0,10,0
"worldcup_a","Lenovo FIFA","worldcup_lenovo","lenovo","Lenovo World Cup",2026-04-26,3.6383763837638377,0,10,0
"worldcup_a","Lenovo FIFA","worldcup_lenovo","lenovo","Lenovo World Cup",2026-05-03,5.4575645756457565,0,10,0
"worldcup_a","Lenovo FIFA","worldcup_lenovo","lenovo","Lenovo World Cup",2026-05-10,7.276752767527675,0,10,0
"worldcup_a","Lenovo FIFA","worldcup_lenovo","lenovo","Lenovo World Cup",2026-05-17,10.915129151291513,0,10,0
"worldcup_a","Lenovo FIFA","worldcup_lenovo","lenovo","Lenovo World Cup",2026-05-24,10.915129151291513,0,10,0
"worldcup_a","Lenovo FIFA","worldcup_lenovo","lenovo","Lenovo World Cup",2026-05-31,21.830258302583026,0,10,0
"worldcup_a","Lenovo FIFA","worldcup_lenovo","lenovo","Lenovo World Cup",2026-06-07,54.57564575645756,0,10,0
"worldcup_a","Lenovo FIFA","worldcup_lenovo","lenovo","Lenovo World Cup",2026-06-14,72.76752767527675,0,10,0
"worldcup_a","Lenovo FIFA","worldcup_lenovo","lenovo","Lenovo World Cup",2026-06-21,85.50184501845018,0,10,0
"worldcup_a","Lenovo FIFA","worldcup_lenovo","lenovo","Lenovo World Cup",2026-06-28,107.33210332103322,0,10,0
"worldcup_a","Lenovo FIFA","worldcup_lenovo","lenovo","Lenovo World Cup",2026-07-05,83.68265682656826,0,10,0
"worldcup_a","Lenovo FIFA","worldcup_lenovo","lenovo","Lenovo World Cup",2026-07-12,41.84132841328413,0,10,0
"worldcup_a","Lenovo FIFA","worldcup_lenovo","lenovo","Lenovo World Cup",2026-07-19,23.649446494464947,0,10,0
"worldcup_a","Lenovo FIFA","worldcup_lenovo","lenovo","Lenovo World Cup",2026-07-26,5.4575645756457565,0,10,0
"worldcup_a","Lenovo FIFA","worldcup_lenovo","lenovo","Lenovo World Cup",2026-08-02,3.6383763837638377,0,10,0
"worldcup_a","Lenovo FIFA","worldcup_lenovo","lenovo","Lenovo World Cup",2026-08-09,5.4575645756457565,0,10,0
"worldcup_a","Lenovo FIFA","worldcup_lenovo","lenovo","Lenovo World Cup",2026-08-16,5.4575645756457565,0,10,0
"worldcup_a","Lenovo FIFA","worldcup_lenovo","lenovo","Lenovo World Cup",2026-08-23,3.6383763837638377,0,10,0
"worldcup_a","Lenovo FIFA","worldcup_lenovo","lenovo","Lenovo World Cup",2026-08-30,3.6383763837638377,0,10,0
"worldcup_a","Lenovo FIFA","worldcup_lenovo","lenovo","Lenovo World Cup",2026-09-06,3.6383763837638377,0,10,0
"worldcup_a","Lenovo FIFA","worldcup_lenovo","lenovo","Lenovo World Cup",2026-09-13,1.8191881918819188,0,10,0
"worldcup_a","Lenovo FIFA","worldcup_lenovo","lenovo","Lenovo World Cup",2026-09-20,1.8191881918819188,0,10,0
"worldcup_a","Lenovo FIFA","worldcup_lenovo","lenovo","Lenovo World Cup",2026-09-27,0,0,10,0
"worldcup_b","Lenovo FIFA","cobrand_lenovo_fifa","lenovo","Lenovo FIFA",2021-12-26,0,0,10,0
"worldcup_b","Lenovo FIFA","cobrand_lenovo_fifa","lenovo","Lenovo FIFA",2022-01-02,0,0,10,0
"worldcup_b","Lenovo FIFA","cobrand_lenovo_fifa","lenovo","Lenovo FIFA",2022-01-09,0,0,10,0
"worldcup_b","Lenovo FIFA","cobrand_lenovo_fifa","lenovo","Lenovo FIFA",2022-01-16,0,0,10,0
"worldcup_b","Lenovo FIFA","cobrand_lenovo_fifa","lenovo","Lenovo FIFA",2022-01-23,0,0,10,0
"worldcup_b","Lenovo FIFA","cobrand_lenovo_fifa","lenovo","Lenovo FIFA",2022-01-30,0,0,10,0
"worldcup_b","Lenovo FIFA","cobrand_lenovo_fifa","lenovo","Lenovo FIFA",2022-02-06,0,0,10,0
"worldcup_b","Lenovo FIFA","cobrand_lenovo_fifa","lenovo","Lenovo FIFA",2022-02-13,0,0,10,0
"worldcup_b","Lenovo FIFA","cobrand_lenovo_fifa","lenovo","Lenovo FIFA",2022-02-20,0,0,10,0
"worldcup_b","Lenovo FIFA","cobrand_lenovo_fifa","lenovo","Lenovo FIFA",2022-02-27,0,0,10,0
"worldcup_b","Lenovo FIFA","cobrand_lenovo_fifa","lenovo","Lenovo FIFA",2022-03-06,0,0,10,10
"worldcup_b","Lenovo FIFA","cobrand_lenovo_fifa","lenovo","Lenovo FIFA",2022-03-13,0,0,10,0
"worldcup_b","Lenovo FIFA","cobrand_lenovo_fifa","lenovo","Lenovo FIFA",2022-03-20,0,0,10,0
"worldcup_b","Lenovo FIFA","cobrand_lenovo_fifa","lenovo","Lenovo FIFA",2022-03-27,0,0,10,0
"worldcup_b","Lenovo FIFA","cobrand_lenovo_fifa","lenovo","Lenovo FIFA",2022-04-03,0,0,10,0
"worldcup_b","Lenovo FIFA","cobrand_lenovo_fifa","lenovo","Lenovo FIFA",2022-04-10,0,0,10,0
"worldcup_b","Lenovo FIFA","cobrand_lenovo_fifa","lenovo","Lenovo FIFA",2022-04-17,0,0,10,0
"worldcup_b","Lenovo FIFA","cobrand_lenovo_fifa","lenovo","Lenovo FIFA",2022-04-24,0,0,10,0
"worldcup_b","Lenovo FIFA","cobrand_lenovo_fifa","lenovo","Lenovo FIFA",2022-05-01,0,0,10,0
"worldcup_b","Lenovo FIFA","cobrand_lenovo_fifa","lenovo","Lenovo FIFA",2022-05-08,0,0,10,0
"worldcup_b","Lenovo FIFA","cobrand_lenovo_fifa","lenovo","Lenovo FIFA",2022-05-15,0,0,10,0
"worldcup_b","Lenovo FIFA","cobrand_lenovo_fifa","lenovo","Lenovo FIFA",2022-05-22,0,0,10,0
"worldcup_b","Lenovo FIFA","cobrand_lenovo_fifa","lenovo","Lenovo FIFA",2022-05-29,0,0,10,0
"worldcup_b","Lenovo FIFA","cobrand_lenovo_fifa","lenovo","Lenovo FIFA",2022-06-05,0,0,10,0
"worldcup_b","Lenovo FIFA","cobrand_lenovo_fifa","lenovo","Lenovo FIFA",2022-06-12,0,0,10,0
"worldcup_b","Lenovo FIFA","cobrand_lenovo_fifa","lenovo","Lenovo FIFA",2022-06-19,0,0,10,0
"worldcup_b","Lenovo FIFA","cobrand_lenovo_fifa","lenovo","Lenovo FIFA",2022-06-26,0,0,10,0
"worldcup_b","Lenovo FIFA","cobrand_lenovo_fifa","lenovo","Lenovo FIFA",2022-07-03,0,0,10,0
"worldcup_b","Lenovo FIFA","cobrand_lenovo_fifa","lenovo","Lenovo FIFA",2022-07-10,0,0,10,0
"worldcup_b","Lenovo FIFA","cobrand_lenovo_fifa","lenovo","Lenovo FIFA",2022-07-17,0,0,10,0
"worldcup_b","Lenovo FIFA","cobrand_lenovo_fifa","lenovo","Lenovo FIFA",2022-07-24,0,0,10,0
"worldcup_b","Lenovo FIFA","cobrand_lenovo_fifa","lenovo","Lenovo FIFA",2022-07-31,0,0,10,0
"worldcup_b","Lenovo FIFA","cobrand_lenovo_fifa","lenovo","Lenovo FIFA",2022-08-07,0,0,10,0
"worldcup_b","Lenovo FIFA","cobrand_lenovo_fifa","lenovo","Lenovo FIFA",2022-08-14,0,0,10,0
"worldcup_b","Lenovo FIFA","cobrand_lenovo_fifa","lenovo","Lenovo FIFA",2022-08-21,0,0,10,0
"worldcup_b","Lenovo FIFA","cobrand_lenovo_fifa","lenovo","Lenovo FIFA",2022-08-28,0,0,10,0
"worldcup_b","Lenovo FIFA","cobrand_lenovo_fifa","lenovo","Lenovo FIFA",2022-09-04,0,0,10,0
"worldcup_b","Lenovo FIFA","cobrand_lenovo_fifa","lenovo","Lenovo FIFA",2022-09-11,0,0,10,0
"worldcup_b","Lenovo FIFA","cobrand_lenovo_fifa","lenovo","Lenovo FIFA",2022-09-18,0,0,10,0
"worldcup_b","Lenovo FIFA","cobrand_lenovo_fifa","lenovo","Lenovo FIFA",2022-09-25,0,0,10,0
"worldcup_b","Lenovo FIFA","cobrand_lenovo_fifa","lenovo","Lenovo FIFA",2022-10-02,0,0,10,0
"worldcup_b","Lenovo FIFA","cobrand_lenovo_fifa","lenovo","Lenovo FIFA",2022-10-09,0,0,10,0
"worldcup_b","Lenovo FIFA","cobrand_lenovo_fifa","lenovo","Lenovo FIFA",2022-10-16,0,0,10,0
"worldcup_b","Lenovo FIFA","cobrand_lenovo_fifa","lenovo","Lenovo FIFA",2022-10-23,0,0,10,0
"worldcup_b","Lenovo FIFA","cobrand_lenovo_fifa","lenovo","Lenovo FIFA",2022-10-30,0,0,10,0
"worldcup_b","Lenovo FIFA","cobrand_lenovo_fifa","lenovo","Lenovo FIFA",2022-11-06,0,0,10,0
"worldcup_b","Lenovo FIFA","cobrand_lenovo_fifa","lenovo","Lenovo FIFA",2022-11-13,0,0,10,0
"worldcup_b","Lenovo FIFA","cobrand_lenovo_fifa","lenovo","Lenovo FIFA",2022-11-20,0,0,10,0
"worldcup_b","Lenovo FIFA","cobrand_lenovo_fifa","lenovo","Lenovo FIFA",2022-11-27,0,0,10,0
"worldcup_b","Lenovo FIFA","cobrand_lenovo_fifa","lenovo","Lenovo FIFA",2022-12-04,0,0,10,0
"worldcup_b","Lenovo FIFA","cobrand_lenovo_fifa","lenovo","Lenovo FIFA",2022-12-11,0,0,10,0
"worldcup_b","Lenovo FIFA","cobrand_lenovo_fifa","lenovo","Lenovo FIFA",2022-12-18,0,0,10,0
"worldcup_b","Lenovo FIFA","cobrand_lenovo_fifa","lenovo","Lenovo FIFA",2022-12-25,0,0,10,0
"worldcup_b","Lenovo FIFA","cobrand_lenovo_fifa","lenovo","Lenovo FIFA",2023-01-01,0,0,10,0
"worldcup_b","Lenovo FIFA","cobrand_lenovo_fifa","lenovo","Lenovo FIFA",2023-01-08,0,0,10,0
"worldcup_b","Lenovo FIFA","cobrand_lenovo_fifa","lenovo","Lenovo FIFA",2023-01-15,0,0,10,0
"worldcup_b","Lenovo FIFA","cobrand_lenovo_fifa","lenovo","Lenovo FIFA",2023-01-22,0,0,10,0
"worldcup_b","Lenovo FIFA","cobrand_lenovo_fifa","lenovo","Lenovo FIFA",2023-01-29,0,0,10,0
"worldcup_b","Lenovo FIFA","cobrand_lenovo_fifa","lenovo","Lenovo FIFA",2023-02-05,0,0,10,0
"worldcup_b","Lenovo FIFA","cobrand_lenovo_fifa","lenovo","Lenovo FIFA",2023-02-12,0,0,10,0
"worldcup_b","Lenovo FIFA","cobrand_lenovo_fifa","lenovo","Lenovo FIFA",2023-02-19,0,0,10,0
"worldcup_b","Lenovo FIFA","cobrand_lenovo_fifa","lenovo","Lenovo FIFA",2023-02-26,0,0,10,0
"worldcup_b","Lenovo FIFA","cobrand_lenovo_fifa","lenovo","Lenovo FIFA",2023-03-05,0,0,10,0
"worldcup_b","Lenovo FIFA","cobrand_lenovo_fifa","lenovo","Lenovo FIFA",2023-03-12,0,0,10,0
"worldcup_b","Lenovo FIFA","cobrand_lenovo_fifa","lenovo","Lenovo FIFA",2023-03-19,0,0,10,0
"worldcup_b","Lenovo FIFA","cobrand_lenovo_fifa","lenovo","Lenovo FIFA",2023-03-26,0,0,10,0
"worldcup_b","Lenovo FIFA","cobrand_lenovo_fifa","lenovo","Lenovo FIFA",2023-04-02,0,0,10,0
"worldcup_b","Lenovo FIFA","cobrand_lenovo_fifa","lenovo","Lenovo FIFA",2023-04-09,0,0,10,0
"worldcup_b","Lenovo FIFA","cobrand_lenovo_fifa","lenovo","Lenovo FIFA",2023-04-16,0,0,10,0
"worldcup_b","Lenovo FIFA","cobrand_lenovo_fifa","lenovo","Lenovo FIFA",2023-04-23,0,0,10,0
"worldcup_b","Lenovo FIFA","cobrand_lenovo_fifa","lenovo","Lenovo FIFA",2023-04-30,0,0,10,0
"worldcup_b","Lenovo FIFA","cobrand_lenovo_fifa","lenovo","Lenovo FIFA",2023-05-07,0,0,10,0
"worldcup_b","Lenovo FIFA","cobrand_lenovo_fifa","lenovo","Lenovo FIFA",2023-05-14,0,0,10,0
"worldcup_b","Lenovo FIFA","cobrand_lenovo_fifa","lenovo","Lenovo FIFA",2023-05-21,0,0,10,0
"worldcup_b","Lenovo FIFA","cobrand_lenovo_fifa","lenovo","Lenovo FIFA",2023-05-28,0,0,10,0
"worldcup_b","Lenovo FIFA","cobrand_lenovo_fifa","lenovo","Lenovo FIFA",2023-06-04,0,0,10,0
"worldcup_b","Lenovo FIFA","cobrand_lenovo_fifa","lenovo","Lenovo FIFA",2023-06-11,0,0,10,0
"worldcup_b","Lenovo FIFA","cobrand_lenovo_fifa","lenovo","Lenovo FIFA",2023-06-18,0,0,10,0
"worldcup_b","Lenovo FIFA","cobrand_lenovo_fifa","lenovo","Lenovo FIFA",2023-06-25,0,0,10,0
"worldcup_b","Lenovo FIFA","cobrand_lenovo_fifa","lenovo","Lenovo FIFA",2023-07-02,0,0,10,0
"worldcup_b","Lenovo FIFA","cobrand_lenovo_fifa","lenovo","Lenovo FIFA",2023-07-09,0,0,10,0
"worldcup_b","Lenovo FIFA","cobrand_lenovo_fifa","lenovo","Lenovo FIFA",2023-07-16,0,0,10,0
"worldcup_b","Lenovo FIFA","cobrand_lenovo_fifa","lenovo","Lenovo FIFA",2023-07-23,0,0,10,0
"worldcup_b","Lenovo FIFA","cobrand_lenovo_fifa","lenovo","Lenovo FIFA",2023-07-30,0,0,10,0
"worldcup_b","Lenovo FIFA","cobrand_lenovo_fifa","lenovo","Lenovo FIFA",2023-08-06,0,0,10,0
"worldcup_b","Lenovo FIFA","cobrand_lenovo_fifa","lenovo","Lenovo FIFA",2023-08-13,0,0,10,0
"worldcup_b","Lenovo FIFA","cobrand_lenovo_fifa","lenovo","Lenovo FIFA",2023-08-20,0,0,10,0
"worldcup_b","Lenovo FIFA","cobrand_lenovo_fifa","lenovo","Lenovo FIFA",2023-08-27,0,0,10,0
"worldcup_b","Lenovo FIFA","cobrand_lenovo_fifa","lenovo","Lenovo FIFA",2023-09-03,0,0,10,0
"worldcup_b","Lenovo FIFA","cobrand_lenovo_fifa","lenovo","Lenovo FIFA",2023-09-10,0,0,10,0
"worldcup_b","Lenovo FIFA","cobrand_lenovo_fifa","lenovo","Lenovo FIFA",2023-09-17,0,0,10,0
"worldcup_b","Lenovo FIFA","cobrand_lenovo_fifa","lenovo","Lenovo FIFA",2023-09-24,0,0,10,0
"worldcup_b","Lenovo FIFA","cobrand_lenovo_fifa","lenovo","Lenovo FIFA",2023-10-01,0,0,10,0
"worldcup_b","Lenovo FIFA","cobrand_lenovo_fifa","lenovo","Lenovo FIFA",2023-10-08,0,0,10,0
"worldcup_b","Lenovo FIFA","cobrand_lenovo_fifa","lenovo","Lenovo FIFA",2023-10-15,0,0,10,0
"worldcup_b","Lenovo FIFA","cobrand_lenovo_fifa","lenovo","Lenovo FIFA",2023-10-22,0,0,10,0
"worldcup_b","Lenovo FIFA","cobrand_lenovo_fifa","lenovo","Lenovo FIFA",2023-10-29,0,0,10,10
"worldcup_b","Lenovo FIFA","cobrand_lenovo_fifa","lenovo","Lenovo FIFA",2023-11-05,0,0,10,0
"worldcup_b","Lenovo FIFA","cobrand_lenovo_fifa","lenovo","Lenovo FIFA",2023-11-12,0,0,10,0
"worldcup_b","Lenovo FIFA","cobrand_lenovo_fifa","lenovo","Lenovo FIFA",2023-11-19,0,0,10,0
"worldcup_b","Lenovo FIFA","cobrand_lenovo_fifa","lenovo","Lenovo FIFA",2023-11-26,0,0,10,0
"worldcup_b","Lenovo FIFA","cobrand_lenovo_fifa","lenovo","Lenovo FIFA",2023-12-03,0,0,10,0
"worldcup_b","Lenovo FIFA","cobrand_lenovo_fifa","lenovo","Lenovo FIFA",2023-12-10,0,0,10,0
"worldcup_b","Lenovo FIFA","cobrand_lenovo_fifa","lenovo","Lenovo FIFA",2023-12-17,0,0,10,0
"worldcup_b","Lenovo FIFA","cobrand_lenovo_fifa","lenovo","Lenovo FIFA",2023-12-24,0,0,10,0
"worldcup_b","Lenovo FIFA","cobrand_lenovo_fifa","lenovo","Lenovo FIFA",2023-12-31,0,0,10,0
"worldcup_b","Lenovo FIFA","cobrand_lenovo_fifa","lenovo","Lenovo FIFA",2024-01-07,0,0,10,0
"worldcup_b","Lenovo FIFA","cobrand_lenovo_fifa","lenovo","Lenovo FIFA",2024-01-14,0,0,10,0
"worldcup_b","Lenovo FIFA","cobrand_lenovo_fifa","lenovo","Lenovo FIFA",2024-01-21,0,0,10,0
"worldcup_b","Lenovo FIFA","cobrand_lenovo_fifa","lenovo","Lenovo FIFA",2024-01-28,0,0,10,0
"worldcup_b","Lenovo FIFA","cobrand_lenovo_fifa","lenovo","Lenovo FIFA",2024-02-04,0,0,10,10
"worldcup_b","Lenovo FIFA","cobrand_lenovo_fifa","lenovo","Lenovo FIFA",2024-02-11,0,0,10,0
"worldcup_b","Lenovo FIFA","cobrand_lenovo_fifa","lenovo","Lenovo FIFA",2024-02-18,0,0,10,10
"worldcup_b","Lenovo FIFA","cobrand_lenovo_fifa","lenovo","Lenovo FIFA",2024-02-25,0,0,10,0
"worldcup_b","Lenovo FIFA","cobrand_lenovo_fifa","lenovo","Lenovo FIFA",2024-03-03,0,0,10,0
"worldcup_b","Lenovo FIFA","cobrand_lenovo_fifa","lenovo","Lenovo FIFA",2024-03-10,0,0,10,0
"worldcup_b","Lenovo FIFA","cobrand_lenovo_fifa","lenovo","Lenovo FIFA",2024-03-17,0,0,10,0
"worldcup_b","Lenovo FIFA","cobrand_lenovo_fifa","lenovo","Lenovo FIFA",2024-03-24,0,0,10,0
"worldcup_b","Lenovo FIFA","cobrand_lenovo_fifa","lenovo","Lenovo FIFA",2024-03-31,0,0,10,0
"worldcup_b","Lenovo FIFA","cobrand_lenovo_fifa","lenovo","Lenovo FIFA",2024-04-07,0,0,10,10
"worldcup_b","Lenovo FIFA","cobrand_lenovo_fifa","lenovo","Lenovo FIFA",2024-04-14,0,0,10,0
"worldcup_b","Lenovo FIFA","cobrand_lenovo_fifa","lenovo","Lenovo FIFA",2024-04-21,0,0,10,0
"worldcup_b","Lenovo FIFA","cobrand_lenovo_fifa","lenovo","Lenovo FIFA",2024-04-28,0,0,10,0
"worldcup_b","Lenovo FIFA","cobrand_lenovo_fifa","lenovo","Lenovo FIFA",2024-05-05,0,0,10,0
"worldcup_b","Lenovo FIFA","cobrand_lenovo_fifa","lenovo","Lenovo FIFA",2024-05-12,0,0,10,0
"worldcup_b","Lenovo FIFA","cobrand_lenovo_fifa","lenovo","Lenovo FIFA",2024-05-19,0,0,10,0
"worldcup_b","Lenovo FIFA","cobrand_lenovo_fifa","lenovo","Lenovo FIFA",2024-05-26,0,0,10,0
"worldcup_b","Lenovo FIFA","cobrand_lenovo_fifa","lenovo","Lenovo FIFA",2024-06-02,0,0,10,0
"worldcup_b","Lenovo FIFA","cobrand_lenovo_fifa","lenovo","Lenovo FIFA",2024-06-09,0,0,10,0
"worldcup_b","Lenovo FIFA","cobrand_lenovo_fifa","lenovo","Lenovo FIFA",2024-06-16,0,0,10,10
"worldcup_b","Lenovo FIFA","cobrand_lenovo_fifa","lenovo","Lenovo FIFA",2024-06-23,0,0,10,0
"worldcup_b","Lenovo FIFA","cobrand_lenovo_fifa","lenovo","Lenovo FIFA",2024-06-30,0,0,10,0
"worldcup_b","Lenovo FIFA","cobrand_lenovo_fifa","lenovo","Lenovo FIFA",2024-07-07,0,0,10,10
"worldcup_b","Lenovo FIFA","cobrand_lenovo_fifa","lenovo","Lenovo FIFA",2024-07-14,0,0,10,10
"worldcup_b","Lenovo FIFA","cobrand_lenovo_fifa","lenovo","Lenovo FIFA",2024-07-21,0,0,10,10
"worldcup_b","Lenovo FIFA","cobrand_lenovo_fifa","lenovo","Lenovo FIFA",2024-07-28,0,0,10,0
"worldcup_b","Lenovo FIFA","cobrand_lenovo_fifa","lenovo","Lenovo FIFA",2024-08-04,0,0,10,0
"worldcup_b","Lenovo FIFA","cobrand_lenovo_fifa","lenovo","Lenovo FIFA",2024-08-11,0,0,10,0
"worldcup_b","Lenovo FIFA","cobrand_lenovo_fifa","lenovo","Lenovo FIFA",2024-08-18,0,0,10,10
"worldcup_b","Lenovo FIFA","cobrand_lenovo_fifa","lenovo","Lenovo FIFA",2024-08-25,0,0,10,0
"worldcup_b","Lenovo FIFA","cobrand_lenovo_fifa","lenovo","Lenovo FIFA",2024-09-01,0,0,10,0
"worldcup_b","Lenovo FIFA","cobrand_lenovo_fifa","lenovo","Lenovo FIFA",2024-09-08,0,0,10,0
"worldcup_b","Lenovo FIFA","cobrand_lenovo_fifa","lenovo","Lenovo FIFA",2024-09-15,0,0,10,0
"worldcup_b","Lenovo FIFA","cobrand_lenovo_fifa","lenovo","Lenovo FIFA",2024-09-22,0,0,10,0
"worldcup_b","Lenovo FIFA","cobrand_lenovo_fifa","lenovo","Lenovo FIFA",2024-09-29,0,0,10,0
"worldcup_b","Lenovo FIFA","cobrand_lenovo_fifa","lenovo","Lenovo FIFA",2024-10-06,0,0,10,0
"worldcup_b","Lenovo FIFA","cobrand_lenovo_fifa","lenovo","Lenovo FIFA",2024-10-13,0,0,10,0
"worldcup_b","Lenovo FIFA","cobrand_lenovo_fifa","lenovo","Lenovo FIFA",2024-10-20,0,0,10,0
"worldcup_b","Lenovo FIFA","cobrand_lenovo_fifa","lenovo","Lenovo FIFA",2024-10-27,0,0,10,10
"worldcup_b","Lenovo FIFA","cobrand_lenovo_fifa","lenovo","Lenovo FIFA",2024-11-03,0,0,10,0
"worldcup_b","Lenovo FIFA","cobrand_lenovo_fifa","lenovo","Lenovo FIFA",2024-11-10,0,0,10,0
"worldcup_b","Lenovo FIFA","cobrand_lenovo_fifa","lenovo","Lenovo FIFA",2024-11-17,0,0,10,0
"worldcup_b","Lenovo FIFA","cobrand_lenovo_fifa","lenovo","Lenovo FIFA",2024-11-24,0,0,10,0
"worldcup_b","Lenovo FIFA","cobrand_lenovo_fifa","lenovo","Lenovo FIFA",2024-12-01,0,0,10,0
"worldcup_b","Lenovo FIFA","cobrand_lenovo_fifa","lenovo","Lenovo FIFA",2024-12-08,0,0,10,0
"worldcup_b","Lenovo FIFA","cobrand_lenovo_fifa","lenovo","Lenovo FIFA",2024-12-15,0,0,10,0
"worldcup_b","Lenovo FIFA","cobrand_lenovo_fifa","lenovo","Lenovo FIFA",2024-12-22,0,0,10,0
"worldcup_b","Lenovo FIFA","cobrand_lenovo_fifa","lenovo","Lenovo FIFA",2024-12-29,0,0,10,10
"worldcup_b","Lenovo FIFA","cobrand_lenovo_fifa","lenovo","Lenovo FIFA",2025-01-05,0,0,10,0
"worldcup_b","Lenovo FIFA","cobrand_lenovo_fifa","lenovo","Lenovo FIFA",2025-01-12,0,0,10,0
"worldcup_b","Lenovo FIFA","cobrand_lenovo_fifa","lenovo","Lenovo FIFA",2025-01-19,0,0,10,0
"worldcup_b","Lenovo FIFA","cobrand_lenovo_fifa","lenovo","Lenovo FIFA",2025-01-26,0,0,10,0
"worldcup_b","Lenovo FIFA","cobrand_lenovo_fifa","lenovo","Lenovo FIFA",2025-02-02,0,0,10,0
"worldcup_b","Lenovo FIFA","cobrand_lenovo_fifa","lenovo","Lenovo FIFA",2025-02-09,0,0,10,10
"worldcup_b","Lenovo FIFA","cobrand_lenovo_fifa","lenovo","Lenovo FIFA",2025-02-16,0,0,10,0
"worldcup_b","Lenovo FIFA","cobrand_lenovo_fifa","lenovo","Lenovo FIFA",2025-02-23,0,0,10,0
"worldcup_b","Lenovo FIFA","cobrand_lenovo_fifa","lenovo","Lenovo FIFA",2025-03-02,0,0,10,0
"worldcup_b","Lenovo FIFA","cobrand_lenovo_fifa","lenovo","Lenovo FIFA",2025-03-09,0,0,10,0
"worldcup_b","Lenovo FIFA","cobrand_lenovo_fifa","lenovo","Lenovo FIFA",2025-03-16,0,0,10,0
"worldcup_b","Lenovo FIFA","cobrand_lenovo_fifa","lenovo","Lenovo FIFA",2025-03-23,0,0,10,0
"worldcup_b","Lenovo FIFA","cobrand_lenovo_fifa","lenovo","Lenovo FIFA",2025-03-30,0,0,10,0
"worldcup_b","Lenovo FIFA","cobrand_lenovo_fifa","lenovo","Lenovo FIFA",2025-04-06,0,0,10,0
"worldcup_b","Lenovo FIFA","cobrand_lenovo_fifa","lenovo","Lenovo FIFA",2025-04-13,0,0,10,0
"worldcup_b","Lenovo FIFA","cobrand_lenovo_fifa","lenovo","Lenovo FIFA",2025-04-20,0,0,10,0
"worldcup_b","Lenovo FIFA","cobrand_lenovo_fifa","lenovo","Lenovo FIFA",2025-04-27,0,0,10,0
"worldcup_b","Lenovo FIFA","cobrand_lenovo_fifa","lenovo","Lenovo FIFA",2025-05-04,0,0,10,10
"worldcup_b","Lenovo FIFA","cobrand_lenovo_fifa","lenovo","Lenovo FIFA",2025-05-11,0,0,10,0
"worldcup_b","Lenovo FIFA","cobrand_lenovo_fifa","lenovo","Lenovo FIFA",2025-05-18,0,0,10,10
"worldcup_b","Lenovo FIFA","cobrand_lenovo_fifa","lenovo","Lenovo FIFA",2025-05-25,0,0,10,0
"worldcup_b","Lenovo FIFA","cobrand_lenovo_fifa","lenovo","Lenovo FIFA",2025-06-01,0,0,10,0
"worldcup_b","Lenovo FIFA","cobrand_lenovo_fifa","lenovo","Lenovo FIFA",2025-06-08,0,0,10,0
"worldcup_b","Lenovo FIFA","cobrand_lenovo_fifa","lenovo","Lenovo FIFA",2025-06-15,0,0,10,0
"worldcup_b","Lenovo FIFA","cobrand_lenovo_fifa","lenovo","Lenovo FIFA",2025-06-22,0,0,10,0
"worldcup_b","Lenovo FIFA","cobrand_lenovo_fifa","lenovo","Lenovo FIFA",2025-06-29,0,0,10,0
"worldcup_b","Lenovo FIFA","cobrand_lenovo_fifa","lenovo","Lenovo FIFA",2025-07-06,0,0,10,0
"worldcup_b","Lenovo FIFA","cobrand_lenovo_fifa","lenovo","Lenovo FIFA",2025-07-13,0,0,10,0
"worldcup_b","Lenovo FIFA","cobrand_lenovo_fifa","lenovo","Lenovo FIFA",2025-07-20,0,0,10,0
"worldcup_b","Lenovo FIFA","cobrand_lenovo_fifa","lenovo","Lenovo FIFA",2025-07-27,0,0,10,0
"worldcup_b","Lenovo FIFA","cobrand_lenovo_fifa","lenovo","Lenovo FIFA",2025-08-03,0,0,10,0
"worldcup_b","Lenovo FIFA","cobrand_lenovo_fifa","lenovo","Lenovo FIFA",2025-08-10,0,0,10,0
"worldcup_b","Lenovo FIFA","cobrand_lenovo_fifa","lenovo","Lenovo FIFA",2025-08-17,0,0,10,0
"worldcup_b","Lenovo FIFA","cobrand_lenovo_fifa","lenovo","Lenovo FIFA",2025-08-24,0,0,10,0
"worldcup_b","Lenovo FIFA","cobrand_lenovo_fifa","lenovo","Lenovo FIFA",2025-08-31,9.694444444444445,0,10,0
"worldcup_b","Lenovo FIFA","cobrand_lenovo_fifa","lenovo","Lenovo FIFA",2025-09-07,9.694444444444445,0,10,0
"worldcup_b","Lenovo FIFA","cobrand_lenovo_fifa","lenovo","Lenovo FIFA",2025-09-14,0,0,10,0
"worldcup_b","Lenovo FIFA","cobrand_lenovo_fifa","lenovo","Lenovo FIFA",2025-09-21,0,0,10,0
"worldcup_b","Lenovo FIFA","cobrand_lenovo_fifa","lenovo","Lenovo FIFA",2025-09-28,0,0,10,0
"worldcup_b","Lenovo FIFA","cobrand_lenovo_fifa","lenovo","Lenovo FIFA",2025-10-05,0,0,10,0
"worldcup_b","Lenovo FIFA","cobrand_lenovo_fifa","lenovo","Lenovo FIFA",2025-10-12,0,0,10,0
"worldcup_b","Lenovo FIFA","cobrand_lenovo_fifa","lenovo","Lenovo FIFA",2025-10-19,0,0,10,0
"worldcup_b","Lenovo FIFA","cobrand_lenovo_fifa","lenovo","Lenovo FIFA",2025-10-26,0,0,10,0
"worldcup_b","Lenovo FIFA","cobrand_lenovo_fifa","lenovo","Lenovo FIFA",2025-11-02,0,0,10,0
"worldcup_b","Lenovo FIFA","cobrand_lenovo_fifa","lenovo","Lenovo FIFA",2025-11-09,0,0,10,0
"worldcup_b","Lenovo FIFA","cobrand_lenovo_fifa","lenovo","Lenovo FIFA",2025-11-16,9.694444444444445,0,10,0
"worldcup_b","Lenovo FIFA","cobrand_lenovo_fifa","lenovo","Lenovo FIFA",2025-11-23,0,0,10,0
"worldcup_b","Lenovo FIFA","cobrand_lenovo_fifa","lenovo","Lenovo FIFA",2025-11-30,9.694444444444445,0,10,0
"worldcup_b","Lenovo FIFA","cobrand_lenovo_fifa","lenovo","Lenovo FIFA",2025-12-07,0,0,10,0
"worldcup_b","Lenovo FIFA","cobrand_lenovo_fifa","lenovo","Lenovo FIFA",2025-12-14,0,0,10,0
"worldcup_b","Lenovo FIFA","cobrand_lenovo_fifa","lenovo","Lenovo FIFA",2025-12-21,0,0,10,0
"worldcup_b","Lenovo FIFA","cobrand_lenovo_fifa","lenovo","Lenovo FIFA",2025-12-28,0,0,10,0
"worldcup_b","Lenovo FIFA","cobrand_lenovo_fifa","lenovo","Lenovo FIFA",2026-01-04,0,0,10,0
"worldcup_b","Lenovo FIFA","cobrand_lenovo_fifa","lenovo","Lenovo FIFA",2026-01-11,0,0,10,0
"worldcup_b","Lenovo FIFA","cobrand_lenovo_fifa","lenovo","Lenovo FIFA",2026-01-18,0,0,10,0
"worldcup_b","Lenovo FIFA","cobrand_lenovo_fifa","lenovo","Lenovo FIFA",2026-01-25,0,0,10,0
"worldcup_b","Lenovo FIFA","cobrand_lenovo_fifa","lenovo","Lenovo FIFA",2026-02-01,0,0,10,0
"worldcup_b","Lenovo FIFA","cobrand_lenovo_fifa","lenovo","Lenovo FIFA",2026-02-08,0,0,10,0
"worldcup_b","Lenovo FIFA","cobrand_lenovo_fifa","lenovo","Lenovo FIFA",2026-02-15,0,0,10,0
"worldcup_b","Lenovo FIFA","cobrand_lenovo_fifa","lenovo","Lenovo FIFA",2026-02-22,0,0,10,0
"worldcup_b","Lenovo FIFA","cobrand_lenovo_fifa","lenovo","Lenovo FIFA",2026-03-01,0,0,10,0
"worldcup_b","Lenovo FIFA","cobrand_lenovo_fifa","lenovo","Lenovo FIFA",2026-03-08,0,0,10,0
"worldcup_b","Lenovo FIFA","cobrand_lenovo_fifa","lenovo","Lenovo FIFA",2026-03-15,0,0,10,0
"worldcup_b","Lenovo FIFA","cobrand_lenovo_fifa","lenovo","Lenovo FIFA",2026-03-22,0,0,10,0
"worldcup_b","Lenovo FIFA","cobrand_lenovo_fifa","lenovo","Lenovo FIFA",2026-03-29,9.694444444444445,0,10,0
"worldcup_b","Lenovo FIFA","cobrand_lenovo_fifa","lenovo","Lenovo FIFA",2026-04-05,0,0,10,0
"worldcup_b","Lenovo FIFA","cobrand_lenovo_fifa","lenovo","Lenovo FIFA",2026-04-12,0,0,10,0
"worldcup_b","Lenovo FIFA","cobrand_lenovo_fifa","lenovo","Lenovo FIFA",2026-04-19,0,0,10,0
"worldcup_b","Lenovo FIFA","cobrand_lenovo_fifa","lenovo","Lenovo FIFA",2026-04-26,0,0,10,0
"worldcup_b","Lenovo FIFA","cobrand_lenovo_fifa","lenovo","Lenovo FIFA",2026-05-03,0,0,10,0
"worldcup_b","Lenovo FIFA","cobrand_lenovo_fifa","lenovo","Lenovo FIFA",2026-05-10,9.694444444444445,0,10,0
"worldcup_b","Lenovo FIFA","cobrand_lenovo_fifa","lenovo","Lenovo FIFA",2026-05-17,9.694444444444445,0,10,0
"worldcup_b","Lenovo FIFA","cobrand_lenovo_fifa","lenovo","Lenovo FIFA",2026-05-24,9.694444444444445,0,10,0
"worldcup_b","Lenovo FIFA","cobrand_lenovo_fifa","lenovo","Lenovo FIFA",2026-05-31,9.694444444444445,0,10,0
"worldcup_b","Lenovo FIFA","cobrand_lenovo_fifa","lenovo","Lenovo FIFA",2026-06-07,38.77777777777778,0,10,0
"worldcup_b","Lenovo FIFA","cobrand_lenovo_fifa","lenovo","Lenovo FIFA",2026-06-14,38.77777777777778,0,10,0
"worldcup_b","Lenovo FIFA","cobrand_lenovo_fifa","lenovo","Lenovo FIFA",2026-06-21,38.77777777777778,0,10,0
"worldcup_b","Lenovo FIFA","cobrand_lenovo_fifa","lenovo","Lenovo FIFA",2026-06-28,48.47222222222222,0,10,0
"worldcup_b","Lenovo FIFA","cobrand_lenovo_fifa","lenovo","Lenovo FIFA",2026-07-05,38.77777777777778,0,10,0
"worldcup_b","Lenovo FIFA","cobrand_lenovo_fifa","lenovo","Lenovo FIFA",2026-07-12,29.083333333333336,0,10,0
"worldcup_b","Lenovo FIFA","cobrand_lenovo_fifa","lenovo","Lenovo FIFA",2026-07-19,19.38888888888889,0,10,0
"worldcup_b","Lenovo FIFA","cobrand_lenovo_fifa","lenovo","Lenovo FIFA",2026-07-26,9.694444444444445,0,10,0
"worldcup_b","Lenovo FIFA","cobrand_lenovo_fifa","lenovo","Lenovo FIFA",2026-08-02,0,0,10,0
"worldcup_b","Lenovo FIFA","cobrand_lenovo_fifa","lenovo","Lenovo FIFA",2026-08-09,0,0,10,0
"worldcup_b","Lenovo FIFA","cobrand_lenovo_fifa","lenovo","Lenovo FIFA",2026-08-16,0,0,10,0
"worldcup_b","Lenovo FIFA","cobrand_lenovo_fifa","lenovo","Lenovo FIFA",2026-08-23,0,0,10,0
"worldcup_b","Lenovo FIFA","cobrand_lenovo_fifa","lenovo","Lenovo FIFA",2026-08-30,0,0,10,0
"worldcup_b","Lenovo FIFA","cobrand_lenovo_fifa","lenovo","Lenovo FIFA",2026-09-06,0,0,10,0
"worldcup_b","Lenovo FIFA","cobrand_lenovo_fifa","lenovo","Lenovo FIFA",2026-09-13,0,0,10,0
"worldcup_b","Lenovo FIFA","cobrand_lenovo_fifa","lenovo","Lenovo FIFA",2026-09-20,0,0,10,0
"worldcup_b","Lenovo FIFA","cobrand_lenovo_fifa","lenovo","Lenovo FIFA",2026-09-27,0,0,10,0
"worldcup_b","Lenovo FIFA","worldcup_acer","acer","Acer World Cup",2021-12-26,0,0,10,10
"worldcup_b","Lenovo FIFA","worldcup_acer","acer","Acer World Cup",2022-01-02,0,0,10,10
"worldcup_b","Lenovo FIFA","worldcup_acer","acer","Acer World Cup",2022-01-09,0,0,10,10
"worldcup_b","Lenovo FIFA","worldcup_acer","acer","Acer World Cup",2022-01-16,0,0,10,10
"worldcup_b","Lenovo FIFA","worldcup_acer","acer","Acer World Cup",2022-01-23,0,0,10,10
"worldcup_b","Lenovo FIFA","worldcup_acer","acer","Acer World Cup",2022-01-30,0,0,10,10
"worldcup_b","Lenovo FIFA","worldcup_acer","acer","Acer World Cup",2022-02-06,0,0,10,10
"worldcup_b","Lenovo FIFA","worldcup_acer","acer","Acer World Cup",2022-02-13,0,0,10,10
"worldcup_b","Lenovo FIFA","worldcup_acer","acer","Acer World Cup",2022-02-20,0,0,10,10
"worldcup_b","Lenovo FIFA","worldcup_acer","acer","Acer World Cup",2022-02-27,0,0,10,0
"worldcup_b","Lenovo FIFA","worldcup_acer","acer","Acer World Cup",2022-03-06,0,0,10,10
"worldcup_b","Lenovo FIFA","worldcup_acer","acer","Acer World Cup",2022-03-13,0,0,10,10
"worldcup_b","Lenovo FIFA","worldcup_acer","acer","Acer World Cup",2022-03-20,0,0,10,0
"worldcup_b","Lenovo FIFA","worldcup_acer","acer","Acer World Cup",2022-03-27,0,0,10,0
"worldcup_b","Lenovo FIFA","worldcup_acer","acer","Acer World Cup",2022-04-03,0,0,10,10
"worldcup_b","Lenovo FIFA","worldcup_acer","acer","Acer World Cup",2022-04-10,0,0,10,10
"worldcup_b","Lenovo FIFA","worldcup_acer","acer","Acer World Cup",2022-04-17,0,0,10,10
"worldcup_b","Lenovo FIFA","worldcup_acer","acer","Acer World Cup",2022-04-24,0,0,10,10
"worldcup_b","Lenovo FIFA","worldcup_acer","acer","Acer World Cup",2022-05-01,0,0,10,10
"worldcup_b","Lenovo FIFA","worldcup_acer","acer","Acer World Cup",2022-05-08,0,0,10,10
"worldcup_b","Lenovo FIFA","worldcup_acer","acer","Acer World Cup",2022-05-15,0,0,10,10
"worldcup_b","Lenovo FIFA","worldcup_acer","acer","Acer World Cup",2022-05-22,0,0,10,10
"worldcup_b","Lenovo FIFA","worldcup_acer","acer","Acer World Cup",2022-05-29,0,0,10,10
"worldcup_b","Lenovo FIFA","worldcup_acer","acer","Acer World Cup",2022-06-05,0,0,10,10
"worldcup_b","Lenovo FIFA","worldcup_acer","acer","Acer World Cup",2022-06-12,0,0,10,0
"worldcup_b","Lenovo FIFA","worldcup_acer","acer","Acer World Cup",2022-06-19,0,0,10,10
"worldcup_b","Lenovo FIFA","worldcup_acer","acer","Acer World Cup",2022-06-26,0,0,10,0
"worldcup_b","Lenovo FIFA","worldcup_acer","acer","Acer World Cup",2022-07-03,0,0,10,10
"worldcup_b","Lenovo FIFA","worldcup_acer","acer","Acer World Cup",2022-07-10,0,0,10,10
"worldcup_b","Lenovo FIFA","worldcup_acer","acer","Acer World Cup",2022-07-17,0,0,10,10
"worldcup_b","Lenovo FIFA","worldcup_acer","acer","Acer World Cup",2022-07-24,0,0,10,10
"worldcup_b","Lenovo FIFA","worldcup_acer","acer","Acer World Cup",2022-07-31,0,0,10,10
"worldcup_b","Lenovo FIFA","worldcup_acer","acer","Acer World Cup",2022-08-07,0,0,10,10
"worldcup_b","Lenovo FIFA","worldcup_acer","acer","Acer World Cup",2022-08-14,0,0,10,10
"worldcup_b","Lenovo FIFA","worldcup_acer","acer","Acer World Cup",2022-08-21,0,0,10,10
"worldcup_b","Lenovo FIFA","worldcup_acer","acer","Acer World Cup",2022-08-28,0,0,10,10
"worldcup_b","Lenovo FIFA","worldcup_acer","acer","Acer World Cup",2022-09-04,0,0,10,10
"worldcup_b","Lenovo FIFA","worldcup_acer","acer","Acer World Cup",2022-09-11,0,0,10,10
"worldcup_b","Lenovo FIFA","worldcup_acer","acer","Acer World Cup",2022-09-18,0,0,10,10
"worldcup_b","Lenovo FIFA","worldcup_acer","acer","Acer World Cup",2022-09-25,0,0,10,10
"worldcup_b","Lenovo FIFA","worldcup_acer","acer","Acer World Cup",2022-10-02,0,0,10,10
"worldcup_b","Lenovo FIFA","worldcup_acer","acer","Acer World Cup",2022-10-09,0,0,10,10
"worldcup_b","Lenovo FIFA","worldcup_acer","acer","Acer World Cup",2022-10-16,0,0,10,0
"worldcup_b","Lenovo FIFA","worldcup_acer","acer","Acer World Cup",2022-10-23,0,0,10,0
"worldcup_b","Lenovo FIFA","worldcup_acer","acer","Acer World Cup",2022-10-30,0,0,10,0
"worldcup_b","Lenovo FIFA","worldcup_acer","acer","Acer World Cup",2022-11-06,0,0,10,0
"worldcup_b","Lenovo FIFA","worldcup_acer","acer","Acer World Cup",2022-11-13,0,0,10,0
"worldcup_b","Lenovo FIFA","worldcup_acer","acer","Acer World Cup",2022-11-20,0,0,10,0
"worldcup_b","Lenovo FIFA","worldcup_acer","acer","Acer World Cup",2022-11-27,0,0,10,0
"worldcup_b","Lenovo FIFA","worldcup_acer","acer","Acer World Cup",2022-12-04,0,0,10,0
"worldcup_b","Lenovo FIFA","worldcup_acer","acer","Acer World Cup",2022-12-11,0,0,10,0
"worldcup_b","Lenovo FIFA","worldcup_acer","acer","Acer World Cup",2022-12-18,0,0,10,0
"worldcup_b","Lenovo FIFA","worldcup_acer","acer","Acer World Cup",2022-12-25,0,0,10,10
"worldcup_b","Lenovo FIFA","worldcup_acer","acer","Acer World Cup",2023-01-01,0,0,10,0
"worldcup_b","Lenovo FIFA","worldcup_acer","acer","Acer World Cup",2023-01-08,0,0,10,10
"worldcup_b","Lenovo FIFA","worldcup_acer","acer","Acer World Cup",2023-01-15,0,0,10,10
"worldcup_b","Lenovo FIFA","worldcup_acer","acer","Acer World Cup",2023-01-22,0,0,10,10
"worldcup_b","Lenovo FIFA","worldcup_acer","acer","Acer World Cup",2023-01-29,0,0,10,10
"worldcup_b","Lenovo FIFA","worldcup_acer","acer","Acer World Cup",2023-02-05,0,0,10,10
"worldcup_b","Lenovo FIFA","worldcup_acer","acer","Acer World Cup",2023-02-12,0,0,10,10
"worldcup_b","Lenovo FIFA","worldcup_acer","acer","Acer World Cup",2023-02-19,0,0,10,10
"worldcup_b","Lenovo FIFA","worldcup_acer","acer","Acer World Cup",2023-02-26,0,0,10,10
"worldcup_b","Lenovo FIFA","worldcup_acer","acer","Acer World Cup",2023-03-05,0,0,10,10
"worldcup_b","Lenovo FIFA","worldcup_acer","acer","Acer World Cup",2023-03-12,0,0,10,10
"worldcup_b","Lenovo FIFA","worldcup_acer","acer","Acer World Cup",2023-03-19,0,0,10,10
"worldcup_b","Lenovo FIFA","worldcup_acer","acer","Acer World Cup",2023-03-26,0,0,10,10
"worldcup_b","Lenovo FIFA","worldcup_acer","acer","Acer World Cup",2023-04-02,0,0,10,10
"worldcup_b","Lenovo FIFA","worldcup_acer","acer","Acer World Cup",2023-04-09,0,0,10,10
"worldcup_b","Lenovo FIFA","worldcup_acer","acer","Acer World Cup",2023-04-16,0,0,10,10
"worldcup_b","Lenovo FIFA","worldcup_acer","acer","Acer World Cup",2023-04-23,0,0,10,10
"worldcup_b","Lenovo FIFA","worldcup_acer","acer","Acer World Cup",2023-04-30,0,0,10,10
"worldcup_b","Lenovo FIFA","worldcup_acer","acer","Acer World Cup",2023-05-07,0,0,10,10
"worldcup_b","Lenovo FIFA","worldcup_acer","acer","Acer World Cup",2023-05-14,0,0,10,10
"worldcup_b","Lenovo FIFA","worldcup_acer","acer","Acer World Cup",2023-05-21,0,0,10,10
"worldcup_b","Lenovo FIFA","worldcup_acer","acer","Acer World Cup",2023-05-28,0,0,10,10
"worldcup_b","Lenovo FIFA","worldcup_acer","acer","Acer World Cup",2023-06-04,0,0,10,10
"worldcup_b","Lenovo FIFA","worldcup_acer","acer","Acer World Cup",2023-06-11,0,0,10,10
"worldcup_b","Lenovo FIFA","worldcup_acer","acer","Acer World Cup",2023-06-18,0,0,10,10
"worldcup_b","Lenovo FIFA","worldcup_acer","acer","Acer World Cup",2023-06-25,0,0,10,0
"worldcup_b","Lenovo FIFA","worldcup_acer","acer","Acer World Cup",2023-07-02,0,0,10,10
"worldcup_b","Lenovo FIFA","worldcup_acer","acer","Acer World Cup",2023-07-09,0,0,10,0
"worldcup_b","Lenovo FIFA","worldcup_acer","acer","Acer World Cup",2023-07-16,0,0,10,0
"worldcup_b","Lenovo FIFA","worldcup_acer","acer","Acer World Cup",2023-07-23,0,0,10,10
"worldcup_b","Lenovo FIFA","worldcup_acer","acer","Acer World Cup",2023-07-30,0,0,10,0
"worldcup_b","Lenovo FIFA","worldcup_acer","acer","Acer World Cup",2023-08-06,0,0,10,10
"worldcup_b","Lenovo FIFA","worldcup_acer","acer","Acer World Cup",2023-08-13,0,0,10,10
"worldcup_b","Lenovo FIFA","worldcup_acer","acer","Acer World Cup",2023-08-20,0,0,10,0
"worldcup_b","Lenovo FIFA","worldcup_acer","acer","Acer World Cup",2023-08-27,0,0,10,10
"worldcup_b","Lenovo FIFA","worldcup_acer","acer","Acer World Cup",2023-09-03,0,0,10,0
"worldcup_b","Lenovo FIFA","worldcup_acer","acer","Acer World Cup",2023-09-10,0,0,10,0
"worldcup_b","Lenovo FIFA","worldcup_acer","acer","Acer World Cup",2023-09-17,0,0,10,10
"worldcup_b","Lenovo FIFA","worldcup_acer","acer","Acer World Cup",2023-09-24,0,0,10,10
"worldcup_b","Lenovo FIFA","worldcup_acer","acer","Acer World Cup",2023-10-01,0,0,10,0
"worldcup_b","Lenovo FIFA","worldcup_acer","acer","Acer World Cup",2023-10-08,0,0,10,0
"worldcup_b","Lenovo FIFA","worldcup_acer","acer","Acer World Cup",2023-10-15,0,0,10,0
"worldcup_b","Lenovo FIFA","worldcup_acer","acer","Acer World Cup",2023-10-22,0,0,10,0
"worldcup_b","Lenovo FIFA","worldcup_acer","acer","Acer World Cup",2023-10-29,0,0,10,0
"worldcup_b","Lenovo FIFA","worldcup_acer","acer","Acer World Cup",2023-11-05,0,0,10,0
"worldcup_b","Lenovo FIFA","worldcup_acer","acer","Acer World Cup",2023-11-12,0,0,10,0
"worldcup_b","Lenovo FIFA","worldcup_acer","acer","Acer World Cup",2023-11-19,0,0,10,0
"worldcup_b","Lenovo FIFA","worldcup_acer","acer","Acer World Cup",2023-11-26,0,0,10,10
"worldcup_b","Lenovo FIFA","worldcup_acer","acer","Acer World Cup",2023-12-03,0,0,10,10
"worldcup_b","Lenovo FIFA","worldcup_acer","acer","Acer World Cup",2023-12-10,0,0,10,10
"worldcup_b","Lenovo FIFA","worldcup_acer","acer","Acer World Cup",2023-12-17,0,0,10,10
"worldcup_b","Lenovo FIFA","worldcup_acer","acer","Acer World Cup",2023-12-24,0,0,10,10
"worldcup_b","Lenovo FIFA","worldcup_acer","acer","Acer World Cup",2023-12-31,0,0,10,10
"worldcup_b","Lenovo FIFA","worldcup_acer","acer","Acer World Cup",2024-01-07,0,0,10,10
"worldcup_b","Lenovo FIFA","worldcup_acer","acer","Acer World Cup",2024-01-14,0,0,10,10
"worldcup_b","Lenovo FIFA","worldcup_acer","acer","Acer World Cup",2024-01-21,0,0,10,10
"worldcup_b","Lenovo FIFA","worldcup_acer","acer","Acer World Cup",2024-01-28,0,0,10,10
"worldcup_b","Lenovo FIFA","worldcup_acer","acer","Acer World Cup",2024-02-04,0,0,10,10
"worldcup_b","Lenovo FIFA","worldcup_acer","acer","Acer World Cup",2024-02-11,0,0,10,10
"worldcup_b","Lenovo FIFA","worldcup_acer","acer","Acer World Cup",2024-02-18,0,0,10,10
"worldcup_b","Lenovo FIFA","worldcup_acer","acer","Acer World Cup",2024-02-25,0,0,10,10
"worldcup_b","Lenovo FIFA","worldcup_acer","acer","Acer World Cup",2024-03-03,0,0,10,10
"worldcup_b","Lenovo FIFA","worldcup_acer","acer","Acer World Cup",2024-03-10,0,0,10,10
"worldcup_b","Lenovo FIFA","worldcup_acer","acer","Acer World Cup",2024-03-17,0,0,10,10
"worldcup_b","Lenovo FIFA","worldcup_acer","acer","Acer World Cup",2024-03-24,0,0,10,10
"worldcup_b","Lenovo FIFA","worldcup_acer","acer","Acer World Cup",2024-03-31,0,0,10,10
"worldcup_b","Lenovo FIFA","worldcup_acer","acer","Acer World Cup",2024-04-07,0,0,10,10
"worldcup_b","Lenovo FIFA","worldcup_acer","acer","Acer World Cup",2024-04-14,0,0,10,10
"worldcup_b","Lenovo FIFA","worldcup_acer","acer","Acer World Cup",2024-04-21,0,0,10,10
"worldcup_b","Lenovo FIFA","worldcup_acer","acer","Acer World Cup",2024-04-28,0,0,10,10
"worldcup_b","Lenovo FIFA","worldcup_acer","acer","Acer World Cup",2024-05-05,0,0,10,10
"worldcup_b","Lenovo FIFA","worldcup_acer","acer","Acer World Cup",2024-05-12,0,0,10,10
"worldcup_b","Lenovo FIFA","worldcup_acer","acer","Acer World Cup",2024-05-19,0,0,10,10
"worldcup_b","Lenovo FIFA","worldcup_acer","acer","Acer World Cup",2024-05-26,0,0,10,0
"worldcup_b","Lenovo FIFA","worldcup_acer","acer","Acer World Cup",2024-06-02,0,0,10,0
"worldcup_b","Lenovo FIFA","worldcup_acer","acer","Acer World Cup",2024-06-09,0,0,10,0
"worldcup_b","Lenovo FIFA","worldcup_acer","acer","Acer World Cup",2024-06-16,0,0,10,10
"worldcup_b","Lenovo FIFA","worldcup_acer","acer","Acer World Cup",2024-06-23,0,0,10,0
"worldcup_b","Lenovo FIFA","worldcup_acer","acer","Acer World Cup",2024-06-30,0,0,10,10
"worldcup_b","Lenovo FIFA","worldcup_acer","acer","Acer World Cup",2024-07-07,0,0,10,10
"worldcup_b","Lenovo FIFA","worldcup_acer","acer","Acer World Cup",2024-07-14,0,0,10,10
"worldcup_b","Lenovo FIFA","worldcup_acer","acer","Acer World Cup",2024-07-21,0,0,10,10
"worldcup_b","Lenovo FIFA","worldcup_acer","acer","Acer World Cup",2024-07-28,0,0,10,10
"worldcup_b","Lenovo FIFA","worldcup_acer","acer","Acer World Cup",2024-08-04,0,0,10,10
"worldcup_b","Lenovo FIFA","worldcup_acer","acer","Acer World Cup",2024-08-11,0,0,10,10
"worldcup_b","Lenovo FIFA","worldcup_acer","acer","Acer World Cup",2024-08-18,0,0,10,10
"worldcup_b","Lenovo FIFA","worldcup_acer","acer","Acer World Cup",2024-08-25,0,0,10,10
"worldcup_b","Lenovo FIFA","worldcup_acer","acer","Acer World Cup",2024-09-01,0,0,10,10
"worldcup_b","Lenovo FIFA","worldcup_acer","acer","Acer World Cup",2024-09-08,0,0,10,10
"worldcup_b","Lenovo FIFA","worldcup_acer","acer","Acer World Cup",2024-09-15,0,0,10,10
"worldcup_b","Lenovo FIFA","worldcup_acer","acer","Acer World Cup",2024-09-22,0,0,10,10
"worldcup_b","Lenovo FIFA","worldcup_acer","acer","Acer World Cup",2024-09-29,0,0,10,0
"worldcup_b","Lenovo FIFA","worldcup_acer","acer","Acer World Cup",2024-10-06,0,0,10,10
"worldcup_b","Lenovo FIFA","worldcup_acer","acer","Acer World Cup",2024-10-13,0,0,10,10
"worldcup_b","Lenovo FIFA","worldcup_acer","acer","Acer World Cup",2024-10-20,0,0,10,10
"worldcup_b","Lenovo FIFA","worldcup_acer","acer","Acer World Cup",2024-10-27,0,0,10,10
"worldcup_b","Lenovo FIFA","worldcup_acer","acer","Acer World Cup",2024-11-03,0,0,10,10
"worldcup_b","Lenovo FIFA","worldcup_acer","acer","Acer World Cup",2024-11-10,0,0,10,10
"worldcup_b","Lenovo FIFA","worldcup_acer","acer","Acer World Cup",2024-11-17,0,0,10,10
"worldcup_b","Lenovo FIFA","worldcup_acer","acer","Acer World Cup",2024-11-24,0,0,10,10
"worldcup_b","Lenovo FIFA","worldcup_acer","acer","Acer World Cup",2024-12-01,0,0,10,10
"worldcup_b","Lenovo FIFA","worldcup_acer","acer","Acer World Cup",2024-12-08,0,0,10,10
"worldcup_b","Lenovo FIFA","worldcup_acer","acer","Acer World Cup",2024-12-15,0,0,10,10
"worldcup_b","Lenovo FIFA","worldcup_acer","acer","Acer World Cup",2024-12-22,0,0,10,10
"worldcup_b","Lenovo FIFA","worldcup_acer","acer","Acer World Cup",2024-12-29,0,0,10,10
"worldcup_b","Lenovo FIFA","worldcup_acer","acer","Acer World Cup",2025-01-05,0,0,10,10
"worldcup_b","Lenovo FIFA","worldcup_acer","acer","Acer World Cup",2025-01-12,0,0,10,10
"worldcup_b","Lenovo FIFA","worldcup_acer","acer","Acer World Cup",2025-01-19,0,0,10,10
"worldcup_b","Lenovo FIFA","worldcup_acer","acer","Acer World Cup",2025-01-26,0,0,10,10
"worldcup_b","Lenovo FIFA","worldcup_acer","acer","Acer World Cup",2025-02-02,0,0,10,10
"worldcup_b","Lenovo FIFA","worldcup_acer","acer","Acer World Cup",2025-02-09,0,0,10,10
"worldcup_b","Lenovo FIFA","worldcup_acer","acer","Acer World Cup",2025-02-16,0,0,10,10
"worldcup_b","Lenovo FIFA","worldcup_acer","acer","Acer World Cup",2025-02-23,0,0,10,10
"worldcup_b","Lenovo FIFA","worldcup_acer","acer","Acer World Cup",2025-03-02,0,0,10,10
"worldcup_b","Lenovo FIFA","worldcup_acer","acer","Acer World Cup",2025-03-09,0,0,10,10
"worldcup_b","Lenovo FIFA","worldcup_acer","acer","Acer World Cup",2025-03-16,0,0,10,10
"worldcup_b","Lenovo FIFA","worldcup_acer","acer","Acer World Cup",2025-03-23,0,0,10,10
"worldcup_b","Lenovo FIFA","worldcup_acer","acer","Acer World Cup",2025-03-30,0,0,10,10
"worldcup_b","Lenovo FIFA","worldcup_acer","acer","Acer World Cup",2025-04-06,0,0,10,10
"worldcup_b","Lenovo FIFA","worldcup_acer","acer","Acer World Cup",2025-04-13,0,0,10,10
"worldcup_b","Lenovo FIFA","worldcup_acer","acer","Acer World Cup",2025-04-20,0,0,10,10
"worldcup_b","Lenovo FIFA","worldcup_acer","acer","Acer World Cup",2025-04-27,0,0,10,10
"worldcup_b","Lenovo FIFA","worldcup_acer","acer","Acer World Cup",2025-05-04,0,0,10,10
"worldcup_b","Lenovo FIFA","worldcup_acer","acer","Acer World Cup",2025-05-11,0,0,10,10
"worldcup_b","Lenovo FIFA","worldcup_acer","acer","Acer World Cup",2025-05-18,0,0,10,10
"worldcup_b","Lenovo FIFA","worldcup_acer","acer","Acer World Cup",2025-05-25,0,0,10,10
"worldcup_b","Lenovo FIFA","worldcup_acer","acer","Acer World Cup",2025-06-01,0,0,10,10
"worldcup_b","Lenovo FIFA","worldcup_acer","acer","Acer World Cup",2025-06-08,0,0,10,10
"worldcup_b","Lenovo FIFA","worldcup_acer","acer","Acer World Cup",2025-06-15,0,0,10,10
"worldcup_b","Lenovo FIFA","worldcup_acer","acer","Acer World Cup",2025-06-22,0,0,10,10
"worldcup_b","Lenovo FIFA","worldcup_acer","acer","Acer World Cup",2025-06-29,0,0,10,0
"worldcup_b","Lenovo FIFA","worldcup_acer","acer","Acer World Cup",2025-07-06,0,0,10,10
"worldcup_b","Lenovo FIFA","worldcup_acer","acer","Acer World Cup",2025-07-13,0,0,10,0
"worldcup_b","Lenovo FIFA","worldcup_acer","acer","Acer World Cup",2025-07-20,0,0,10,0
"worldcup_b","Lenovo FIFA","worldcup_acer","acer","Acer World Cup",2025-07-27,0,0,10,0
"worldcup_b","Lenovo FIFA","worldcup_acer","acer","Acer World Cup",2025-08-03,0,0,10,0
"worldcup_b","Lenovo FIFA","worldcup_acer","acer","Acer World Cup",2025-08-10,0,0,10,0
"worldcup_b","Lenovo FIFA","worldcup_acer","acer","Acer World Cup",2025-08-17,0,0,10,0
"worldcup_b","Lenovo FIFA","worldcup_acer","acer","Acer World Cup",2025-08-24,0,0,10,0
"worldcup_b","Lenovo FIFA","worldcup_acer","acer","Acer World Cup",2025-08-31,0,0,10,0
"worldcup_b","Lenovo FIFA","worldcup_acer","acer","Acer World Cup",2025-09-07,0,0,10,0
"worldcup_b","Lenovo FIFA","worldcup_acer","acer","Acer World Cup",2025-09-14,0,0,10,0
"worldcup_b","Lenovo FIFA","worldcup_acer","acer","Acer World Cup",2025-09-21,0,0,10,0
"worldcup_b","Lenovo FIFA","worldcup_acer","acer","Acer World Cup",2025-09-28,0,0,10,0
"worldcup_b","Lenovo FIFA","worldcup_acer","acer","Acer World Cup",2025-10-05,0,0,10,0
"worldcup_b","Lenovo FIFA","worldcup_acer","acer","Acer World Cup",2025-10-12,0,0,10,0
"worldcup_b","Lenovo FIFA","worldcup_acer","acer","Acer World Cup",2025-10-19,0,0,10,0
"worldcup_b","Lenovo FIFA","worldcup_acer","acer","Acer World Cup",2025-10-26,0,0,10,0
"worldcup_b","Lenovo FIFA","worldcup_acer","acer","Acer World Cup",2025-11-02,0,0,10,0
"worldcup_b","Lenovo FIFA","worldcup_acer","acer","Acer World Cup",2025-11-09,9.694444444444445,0,10,0
"worldcup_b","Lenovo FIFA","worldcup_acer","acer","Acer World Cup",2025-11-16,0,0,10,0
"worldcup_b","Lenovo FIFA","worldcup_acer","acer","Acer World Cup",2025-11-23,0,0,10,0
"worldcup_b","Lenovo FIFA","worldcup_acer","acer","Acer World Cup",2025-11-30,0,0,10,0
"worldcup_b","Lenovo FIFA","worldcup_acer","acer","Acer World Cup",2025-12-07,0,0,10,0
"worldcup_b","Lenovo FIFA","worldcup_acer","acer","Acer World Cup",2025-12-14,0,0,10,0
"worldcup_b","Lenovo FIFA","worldcup_acer","acer","Acer World Cup",2025-12-21,0,0,10,0
"worldcup_b","Lenovo FIFA","worldcup_acer","acer","Acer World Cup",2025-12-28,0,0,10,0
"worldcup_b","Lenovo FIFA","worldcup_acer","acer","Acer World Cup",2026-01-04,0,0,10,10
"worldcup_b","Lenovo FIFA","worldcup_acer","acer","Acer World Cup",2026-01-11,0,0,10,0
"worldcup_b","Lenovo FIFA","worldcup_acer","acer","Acer World Cup",2026-01-18,0,0,10,0
"worldcup_b","Lenovo FIFA","worldcup_acer","acer","Acer World Cup",2026-01-25,0,0,10,0
"worldcup_b","Lenovo FIFA","worldcup_acer","acer","Acer World Cup",2026-02-01,0,0,10,0
"worldcup_b","Lenovo FIFA","worldcup_acer","acer","Acer World Cup",2026-02-08,0,0,10,0
"worldcup_b","Lenovo FIFA","worldcup_acer","acer","Acer World Cup",2026-02-15,0,0,10,0
"worldcup_b","Lenovo FIFA","worldcup_acer","acer","Acer World Cup",2026-02-22,0,0,10,0
"worldcup_b","Lenovo FIFA","worldcup_acer","acer","Acer World Cup",2026-03-01,0,0,10,0
"worldcup_b","Lenovo FIFA","worldcup_acer","acer","Acer World Cup",2026-03-08,0,0,10,0
"worldcup_b","Lenovo FIFA","worldcup_acer","acer","Acer World Cup",2026-03-15,0,0,10,0
"worldcup_b","Lenovo FIFA","worldcup_acer","acer","Acer World Cup",2026-03-22,0,0,10,0
"worldcup_b","Lenovo FIFA","worldcup_acer","acer","Acer World Cup",2026-03-29,0,0,10,0
"worldcup_b","Lenovo FIFA","worldcup_acer","acer","Acer World Cup",2026-04-05,0,0,10,0
"worldcup_b","Lenovo FIFA","worldcup_acer","acer","Acer World Cup",2026-04-12,0,0,10,0
"worldcup_b","Lenovo FIFA","worldcup_acer","acer","Acer World Cup",2026-04-19,0,0,10,0
"worldcup_b","Lenovo FIFA","worldcup_acer","acer","Acer World Cup",2026-04-26,0,0,10,0
"worldcup_b","Lenovo FIFA","worldcup_acer","acer","Acer World Cup",2026-05-03,0,0,10,0
"worldcup_b","Lenovo FIFA","worldcup_acer","acer","Acer World Cup",2026-05-10,0,0,10,0
"worldcup_b","Lenovo FIFA","worldcup_acer","acer","Acer World Cup",2026-05-17,0,0,10,0
"worldcup_b","Lenovo FIFA","worldcup_acer","acer","Acer World Cup",2026-05-24,0,0,10,0
"worldcup_b","Lenovo FIFA","worldcup_acer","acer","Acer World Cup",2026-05-31,9.694444444444445,0,10,0
"worldcup_b","Lenovo FIFA","worldcup_acer","acer","Acer World Cup",2026-06-07,19.38888888888889,0,10,0
"worldcup_b","Lenovo FIFA","worldcup_acer","acer","Acer World Cup",2026-06-14,19.38888888888889,0,10,0
"worldcup_b","Lenovo FIFA","worldcup_acer","acer","Acer World Cup",2026-06-21,29.083333333333336,0,10,0
"worldcup_b","Lenovo FIFA","worldcup_acer","acer","Acer World Cup",2026-06-28,29.083333333333336,0,10,0
"worldcup_b","Lenovo FIFA","worldcup_acer","acer","Acer World Cup",2026-07-05,19.38888888888889,0,10,0
"worldcup_b","Lenovo FIFA","worldcup_acer","acer","Acer World Cup",2026-07-12,9.694444444444445,0,10,0
"worldcup_b","Lenovo FIFA","worldcup_acer","acer","Acer World Cup",2026-07-19,9.694444444444445,0,10,0
"worldcup_b","Lenovo FIFA","worldcup_acer","acer","Acer World Cup",2026-07-26,0,0,10,0
"worldcup_b","Lenovo FIFA","worldcup_acer","acer","Acer World Cup",2026-08-02,0,0,10,0
"worldcup_b","Lenovo FIFA","worldcup_acer","acer","Acer World Cup",2026-08-09,0,0,10,0
"worldcup_b","Lenovo FIFA","worldcup_acer","acer","Acer World Cup",2026-08-16,0,0,10,0
"worldcup_b","Lenovo FIFA","worldcup_acer","acer","Acer World Cup",2026-08-23,0,0,10,0
"worldcup_b","Lenovo FIFA","worldcup_acer","acer","Acer World Cup",2026-08-30,0,0,10,0
"worldcup_b","Lenovo FIFA","worldcup_acer","acer","Acer World Cup",2026-09-06,0,0,10,0
"worldcup_b","Lenovo FIFA","worldcup_acer","acer","Acer World Cup",2026-09-13,0,0,10,0
"worldcup_b","Lenovo FIFA","worldcup_acer","acer","Acer World Cup",2026-09-20,0,0,10,0
"worldcup_b","Lenovo FIFA","worldcup_acer","acer","Acer World Cup",2026-09-27,0,0,10,0
"worldcup_b","Lenovo FIFA","worldcup_apple","apple","Apple World Cup",2021-12-26,0,0,10,0
"worldcup_b","Lenovo FIFA","worldcup_apple","apple","Apple World Cup",2022-01-02,0,0,10,0
"worldcup_b","Lenovo FIFA","worldcup_apple","apple","Apple World Cup",2022-01-09,0,0,10,0
"worldcup_b","Lenovo FIFA","worldcup_apple","apple","Apple World Cup",2022-01-16,0,0,10,0
"worldcup_b","Lenovo FIFA","worldcup_apple","apple","Apple World Cup",2022-01-23,0,0,10,0
"worldcup_b","Lenovo FIFA","worldcup_apple","apple","Apple World Cup",2022-01-30,0,0,10,0
"worldcup_b","Lenovo FIFA","worldcup_apple","apple","Apple World Cup",2022-02-06,0,0,10,0
"worldcup_b","Lenovo FIFA","worldcup_apple","apple","Apple World Cup",2022-02-13,0,0,10,0
"worldcup_b","Lenovo FIFA","worldcup_apple","apple","Apple World Cup",2022-02-20,0,0,10,0
"worldcup_b","Lenovo FIFA","worldcup_apple","apple","Apple World Cup",2022-02-27,0,0,10,0
"worldcup_b","Lenovo FIFA","worldcup_apple","apple","Apple World Cup",2022-03-06,0,0,10,0
"worldcup_b","Lenovo FIFA","worldcup_apple","apple","Apple World Cup",2022-03-13,0,0,10,0
"worldcup_b","Lenovo FIFA","worldcup_apple","apple","Apple World Cup",2022-03-20,0,0,10,0
"worldcup_b","Lenovo FIFA","worldcup_apple","apple","Apple World Cup",2022-03-27,0,0,10,0
"worldcup_b","Lenovo FIFA","worldcup_apple","apple","Apple World Cup",2022-04-03,0,0,10,0
"worldcup_b","Lenovo FIFA","worldcup_apple","apple","Apple World Cup",2022-04-10,0,0,10,0
"worldcup_b","Lenovo FIFA","worldcup_apple","apple","Apple World Cup",2022-04-17,0,0,10,0
"worldcup_b","Lenovo FIFA","worldcup_apple","apple","Apple World Cup",2022-04-24,0,0,10,0
"worldcup_b","Lenovo FIFA","worldcup_apple","apple","Apple World Cup",2022-05-01,0,0,10,0
"worldcup_b","Lenovo FIFA","worldcup_apple","apple","Apple World Cup",2022-05-08,0,0,10,0
"worldcup_b","Lenovo FIFA","worldcup_apple","apple","Apple World Cup",2022-05-15,0,0,10,0
"worldcup_b","Lenovo FIFA","worldcup_apple","apple","Apple World Cup",2022-05-22,0,0,10,0
"worldcup_b","Lenovo FIFA","worldcup_apple","apple","Apple World Cup",2022-05-29,0,0,10,0
"worldcup_b","Lenovo FIFA","worldcup_apple","apple","Apple World Cup",2022-06-05,0,0,10,0
"worldcup_b","Lenovo FIFA","worldcup_apple","apple","Apple World Cup",2022-06-12,0,0,10,0
"worldcup_b","Lenovo FIFA","worldcup_apple","apple","Apple World Cup",2022-06-19,0,0,10,0
"worldcup_b","Lenovo FIFA","worldcup_apple","apple","Apple World Cup",2022-06-26,0,0,10,0
"worldcup_b","Lenovo FIFA","worldcup_apple","apple","Apple World Cup",2022-07-03,0,0,10,0
"worldcup_b","Lenovo FIFA","worldcup_apple","apple","Apple World Cup",2022-07-10,0,0,10,0
"worldcup_b","Lenovo FIFA","worldcup_apple","apple","Apple World Cup",2022-07-17,0,0,10,0
"worldcup_b","Lenovo FIFA","worldcup_apple","apple","Apple World Cup",2022-07-24,0,0,10,0
"worldcup_b","Lenovo FIFA","worldcup_apple","apple","Apple World Cup",2022-07-31,0,0,10,0
"worldcup_b","Lenovo FIFA","worldcup_apple","apple","Apple World Cup",2022-08-07,0,0,10,0
"worldcup_b","Lenovo FIFA","worldcup_apple","apple","Apple World Cup",2022-08-14,0,0,10,0
"worldcup_b","Lenovo FIFA","worldcup_apple","apple","Apple World Cup",2022-08-21,0,0,10,0
"worldcup_b","Lenovo FIFA","worldcup_apple","apple","Apple World Cup",2022-08-28,0,0,10,0
"worldcup_b","Lenovo FIFA","worldcup_apple","apple","Apple World Cup",2022-09-04,0,0,10,0
"worldcup_b","Lenovo FIFA","worldcup_apple","apple","Apple World Cup",2022-09-11,0,0,10,0
"worldcup_b","Lenovo FIFA","worldcup_apple","apple","Apple World Cup",2022-09-18,0,0,10,0
"worldcup_b","Lenovo FIFA","worldcup_apple","apple","Apple World Cup",2022-09-25,0,0,10,0
"worldcup_b","Lenovo FIFA","worldcup_apple","apple","Apple World Cup",2022-10-02,0,0,10,0
"worldcup_b","Lenovo FIFA","worldcup_apple","apple","Apple World Cup",2022-10-09,0,0,10,0
"worldcup_b","Lenovo FIFA","worldcup_apple","apple","Apple World Cup",2022-10-16,0,0,10,0
"worldcup_b","Lenovo FIFA","worldcup_apple","apple","Apple World Cup",2022-10-23,9.694444444444445,0,10,0
"worldcup_b","Lenovo FIFA","worldcup_apple","apple","Apple World Cup",2022-10-30,9.694444444444445,0,10,0
"worldcup_b","Lenovo FIFA","worldcup_apple","apple","Apple World Cup",2022-11-06,9.694444444444445,0,10,0
"worldcup_b","Lenovo FIFA","worldcup_apple","apple","Apple World Cup",2022-11-13,9.694444444444445,0,10,0
"worldcup_b","Lenovo FIFA","worldcup_apple","apple","Apple World Cup",2022-11-20,77.55555555555556,0,10,0
"worldcup_b","Lenovo FIFA","worldcup_apple","apple","Apple World Cup",2022-11-27,77.55555555555556,0,10,0
"worldcup_b","Lenovo FIFA","worldcup_apple","apple","Apple World Cup",2022-12-04,48.47222222222222,0,10,0
"worldcup_b","Lenovo FIFA","worldcup_apple","apple","Apple World Cup",2022-12-11,29.083333333333336,0,10,0
"worldcup_b","Lenovo FIFA","worldcup_apple","apple","Apple World Cup",2022-12-18,19.38888888888889,0,10,0
"worldcup_b","Lenovo FIFA","worldcup_apple","apple","Apple World Cup",2022-12-25,0,0,10,0
"worldcup_b","Lenovo FIFA","worldcup_apple","apple","Apple World Cup",2023-01-01,0,0,10,0
"worldcup_b","Lenovo FIFA","worldcup_apple","apple","Apple World Cup",2023-01-08,0,0,10,0
"worldcup_b","Lenovo FIFA","worldcup_apple","apple","Apple World Cup",2023-01-15,0,0,10,0
"worldcup_b","Lenovo FIFA","worldcup_apple","apple","Apple World Cup",2023-01-22,0,0,10,0
"worldcup_b","Lenovo FIFA","worldcup_apple","apple","Apple World Cup",2023-01-29,0,0,10,0
"worldcup_b","Lenovo FIFA","worldcup_apple","apple","Apple World Cup",2023-02-05,0,0,10,0
"worldcup_b","Lenovo FIFA","worldcup_apple","apple","Apple World Cup",2023-02-12,0,0,10,0
"worldcup_b","Lenovo FIFA","worldcup_apple","apple","Apple World Cup",2023-02-19,0,0,10,0
"worldcup_b","Lenovo FIFA","worldcup_apple","apple","Apple World Cup",2023-02-26,0,0,10,0
"worldcup_b","Lenovo FIFA","worldcup_apple","apple","Apple World Cup",2023-03-05,0,0,10,0
"worldcup_b","Lenovo FIFA","worldcup_apple","apple","Apple World Cup",2023-03-12,0,0,10,0
"worldcup_b","Lenovo FIFA","worldcup_apple","apple","Apple World Cup",2023-03-19,0,0,10,0
"worldcup_b","Lenovo FIFA","worldcup_apple","apple","Apple World Cup",2023-03-26,0,0,10,0
"worldcup_b","Lenovo FIFA","worldcup_apple","apple","Apple World Cup",2023-04-02,0,0,10,0
"worldcup_b","Lenovo FIFA","worldcup_apple","apple","Apple World Cup",2023-04-09,0,0,10,0
"worldcup_b","Lenovo FIFA","worldcup_apple","apple","Apple World Cup",2023-04-16,0,0,10,0
"worldcup_b","Lenovo FIFA","worldcup_apple","apple","Apple World Cup",2023-04-23,0,0,10,0
"worldcup_b","Lenovo FIFA","worldcup_apple","apple","Apple World Cup",2023-04-30,0,0,10,0
"worldcup_b","Lenovo FIFA","worldcup_apple","apple","Apple World Cup",2023-05-07,0,0,10,0
"worldcup_b","Lenovo FIFA","worldcup_apple","apple","Apple World Cup",2023-05-14,0,0,10,0
"worldcup_b","Lenovo FIFA","worldcup_apple","apple","Apple World Cup",2023-05-21,0,0,10,0
"worldcup_b","Lenovo FIFA","worldcup_apple","apple","Apple World Cup",2023-05-28,0,0,10,0
"worldcup_b","Lenovo FIFA","worldcup_apple","apple","Apple World Cup",2023-06-04,0,0,10,0
"worldcup_b","Lenovo FIFA","worldcup_apple","apple","Apple World Cup",2023-06-11,0,0,10,0
"worldcup_b","Lenovo FIFA","worldcup_apple","apple","Apple World Cup",2023-06-18,0,0,10,0
"worldcup_b","Lenovo FIFA","worldcup_apple","apple","Apple World Cup",2023-06-25,0,0,10,0
"worldcup_b","Lenovo FIFA","worldcup_apple","apple","Apple World Cup",2023-07-02,0,0,10,0
"worldcup_b","Lenovo FIFA","worldcup_apple","apple","Apple World Cup",2023-07-09,0,0,10,0
"worldcup_b","Lenovo FIFA","worldcup_apple","apple","Apple World Cup",2023-07-16,9.694444444444445,0,10,0
"worldcup_b","Lenovo FIFA","worldcup_apple","apple","Apple World Cup",2023-07-23,9.694444444444445,0,10,0
"worldcup_b","Lenovo FIFA","worldcup_apple","apple","Apple World Cup",2023-07-30,19.38888888888889,0,10,0
"worldcup_b","Lenovo FIFA","worldcup_apple","apple","Apple World Cup",2023-08-06,9.694444444444445,0,10,0
"worldcup_b","Lenovo FIFA","worldcup_apple","apple","Apple World Cup",2023-08-13,9.694444444444445,0,10,0
"worldcup_b","Lenovo FIFA","worldcup_apple","apple","Apple World Cup",2023-08-20,9.694444444444445,0,10,0
"worldcup_b","Lenovo FIFA","worldcup_apple","apple","Apple World Cup",2023-08-27,0,0,10,0
"worldcup_b","Lenovo FIFA","worldcup_apple","apple","Apple World Cup",2023-09-03,0,0,10,0
"worldcup_b","Lenovo FIFA","worldcup_apple","apple","Apple World Cup",2023-09-10,0,0,10,0
"worldcup_b","Lenovo FIFA","worldcup_apple","apple","Apple World Cup",2023-09-17,0,0,10,0
"worldcup_b","Lenovo FIFA","worldcup_apple","apple","Apple World Cup",2023-09-24,0,0,10,0
"worldcup_b","Lenovo FIFA","worldcup_apple","apple","Apple World Cup",2023-10-01,9.694444444444445,0,10,0
"worldcup_b","Lenovo FIFA","worldcup_apple","apple","Apple World Cup",2023-10-08,9.694444444444445,0,10,0
"worldcup_b","Lenovo FIFA","worldcup_apple","apple","Apple World Cup",2023-10-15,9.694444444444445,0,10,0
"worldcup_b","Lenovo FIFA","worldcup_apple","apple","Apple World Cup",2023-10-22,9.694444444444445,0,10,0
"worldcup_b","Lenovo FIFA","worldcup_apple","apple","Apple World Cup",2023-10-29,9.694444444444445,0,10,0
"worldcup_b","Lenovo FIFA","worldcup_apple","apple","Apple World Cup",2023-11-05,9.694444444444445,0,10,0
"worldcup_b","Lenovo FIFA","worldcup_apple","apple","Apple World Cup",2023-11-12,9.694444444444445,0,10,0
"worldcup_b","Lenovo FIFA","worldcup_apple","apple","Apple World Cup",2023-11-19,9.694444444444445,0,10,0
"worldcup_b","Lenovo FIFA","worldcup_apple","apple","Apple World Cup",2023-11-26,0,0,10,0
"worldcup_b","Lenovo FIFA","worldcup_apple","apple","Apple World Cup",2023-12-03,0,0,10,0
"worldcup_b","Lenovo FIFA","worldcup_apple","apple","Apple World Cup",2023-12-10,0,0,10,0
"worldcup_b","Lenovo FIFA","worldcup_apple","apple","Apple World Cup",2023-12-17,0,0,10,0
"worldcup_b","Lenovo FIFA","worldcup_apple","apple","Apple World Cup",2023-12-24,0,0,10,0
"worldcup_b","Lenovo FIFA","worldcup_apple","apple","Apple World Cup",2023-12-31,0,0,10,0
"worldcup_b","Lenovo FIFA","worldcup_apple","apple","Apple World Cup",2024-01-07,0,0,10,0
"worldcup_b","Lenovo FIFA","worldcup_apple","apple","Apple World Cup",2024-01-14,0,0,10,0
"worldcup_b","Lenovo FIFA","worldcup_apple","apple","Apple World Cup",2024-01-21,0,0,10,0
"worldcup_b","Lenovo FIFA","worldcup_apple","apple","Apple World Cup",2024-01-28,0,0,10,0
"worldcup_b","Lenovo FIFA","worldcup_apple","apple","Apple World Cup",2024-02-04,0,0,10,0
"worldcup_b","Lenovo FIFA","worldcup_apple","apple","Apple World Cup",2024-02-11,0,0,10,0
"worldcup_b","Lenovo FIFA","worldcup_apple","apple","Apple World Cup",2024-02-18,0,0,10,0
"worldcup_b","Lenovo FIFA","worldcup_apple","apple","Apple World Cup",2024-02-25,0,0,10,0
"worldcup_b","Lenovo FIFA","worldcup_apple","apple","Apple World Cup",2024-03-03,0,0,10,0
"worldcup_b","Lenovo FIFA","worldcup_apple","apple","Apple World Cup",2024-03-10,0,0,10,0
"worldcup_b","Lenovo FIFA","worldcup_apple","apple","Apple World Cup",2024-03-17,0,0,10,0
"worldcup_b","Lenovo FIFA","worldcup_apple","apple","Apple World Cup",2024-03-24,0,0,10,0
"worldcup_b","Lenovo FIFA","worldcup_apple","apple","Apple World Cup",2024-03-31,0,0,10,0
"worldcup_b","Lenovo FIFA","worldcup_apple","apple","Apple World Cup",2024-04-07,0,0,10,0
"worldcup_b","Lenovo FIFA","worldcup_apple","apple","Apple World Cup",2024-04-14,0,0,10,0
"worldcup_b","Lenovo FIFA","worldcup_apple","apple","Apple World Cup",2024-04-21,0,0,10,0
"worldcup_b","Lenovo FIFA","worldcup_apple","apple","Apple World Cup",2024-04-28,0,0,10,0
"worldcup_b","Lenovo FIFA","worldcup_apple","apple","Apple World Cup",2024-05-05,0,0,10,0
"worldcup_b","Lenovo FIFA","worldcup_apple","apple","Apple World Cup",2024-05-12,0,0,10,0
"worldcup_b","Lenovo FIFA","worldcup_apple","apple","Apple World Cup",2024-05-19,0,0,10,0
"worldcup_b","Lenovo FIFA","worldcup_apple","apple","Apple World Cup",2024-05-26,9.694444444444445,0,10,0
"worldcup_b","Lenovo FIFA","worldcup_apple","apple","Apple World Cup",2024-06-02,9.694444444444445,0,10,0
"worldcup_b","Lenovo FIFA","worldcup_apple","apple","Apple World Cup",2024-06-09,9.694444444444445,0,10,0
"worldcup_b","Lenovo FIFA","worldcup_apple","apple","Apple World Cup",2024-06-16,9.694444444444445,0,10,0
"worldcup_b","Lenovo FIFA","worldcup_apple","apple","Apple World Cup",2024-06-23,9.694444444444445,0,10,0
"worldcup_b","Lenovo FIFA","worldcup_apple","apple","Apple World Cup",2024-06-30,0,0,10,0
"worldcup_b","Lenovo FIFA","worldcup_apple","apple","Apple World Cup",2024-07-07,0,0,10,0
"worldcup_b","Lenovo FIFA","worldcup_apple","apple","Apple World Cup",2024-07-14,0,0,10,0
"worldcup_b","Lenovo FIFA","worldcup_apple","apple","Apple World Cup",2024-07-21,0,0,10,0
"worldcup_b","Lenovo FIFA","worldcup_apple","apple","Apple World Cup",2024-07-28,0,0,10,0
"worldcup_b","Lenovo FIFA","worldcup_apple","apple","Apple World Cup",2024-08-04,0,0,10,0
"worldcup_b","Lenovo FIFA","worldcup_apple","apple","Apple World Cup",2024-08-11,0,0,10,0
"worldcup_b","Lenovo FIFA","worldcup_apple","apple","Apple World Cup",2024-08-18,0,0,10,0
"worldcup_b","Lenovo FIFA","worldcup_apple","apple","Apple World Cup",2024-08-25,0,0,10,0
"worldcup_b","Lenovo FIFA","worldcup_apple","apple","Apple World Cup",2024-09-01,0,0,10,0
"worldcup_b","Lenovo FIFA","worldcup_apple","apple","Apple World Cup",2024-09-08,0,0,10,0
"worldcup_b","Lenovo FIFA","worldcup_apple","apple","Apple World Cup",2024-09-15,0,0,10,0
"worldcup_b","Lenovo FIFA","worldcup_apple","apple","Apple World Cup",2024-09-22,0,0,10,0
"worldcup_b","Lenovo FIFA","worldcup_apple","apple","Apple World Cup",2024-09-29,0,0,10,0
"worldcup_b","Lenovo FIFA","worldcup_apple","apple","Apple World Cup",2024-10-06,0,0,10,0
"worldcup_b","Lenovo FIFA","worldcup_apple","apple","Apple World Cup",2024-10-13,0,0,10,0
"worldcup_b","Lenovo FIFA","worldcup_apple","apple","Apple World Cup",2024-10-20,0,0,10,0
"worldcup_b","Lenovo FIFA","worldcup_apple","apple","Apple World Cup",2024-10-27,0,0,10,0
"worldcup_b","Lenovo FIFA","worldcup_apple","apple","Apple World Cup",2024-11-03,0,0,10,0
"worldcup_b","Lenovo FIFA","worldcup_apple","apple","Apple World Cup",2024-11-10,0,0,10,0
"worldcup_b","Lenovo FIFA","worldcup_apple","apple","Apple World Cup",2024-11-17,0,0,10,0
"worldcup_b","Lenovo FIFA","worldcup_apple","apple","Apple World Cup",2024-11-24,0,0,10,0
"worldcup_b","Lenovo FIFA","worldcup_apple","apple","Apple World Cup",2024-12-01,0,0,10,0
"worldcup_b","Lenovo FIFA","worldcup_apple","apple","Apple World Cup",2024-12-08,0,0,10,0
"worldcup_b","Lenovo FIFA","worldcup_apple","apple","Apple World Cup",2024-12-15,0,0,10,0
"worldcup_b","Lenovo FIFA","worldcup_apple","apple","Apple World Cup",2024-12-22,0,0,10,0
"worldcup_b","Lenovo FIFA","worldcup_apple","apple","Apple World Cup",2024-12-29,0,0,10,0
"worldcup_b","Lenovo FIFA","worldcup_apple","apple","Apple World Cup",2025-01-05,0,0,10,0
"worldcup_b","Lenovo FIFA","worldcup_apple","apple","Apple World Cup",2025-01-12,0,0,10,0
"worldcup_b","Lenovo FIFA","worldcup_apple","apple","Apple World Cup",2025-01-19,0,0,10,0
"worldcup_b","Lenovo FIFA","worldcup_apple","apple","Apple World Cup",2025-01-26,0,0,10,0
"worldcup_b","Lenovo FIFA","worldcup_apple","apple","Apple World Cup",2025-02-02,0,0,10,0
"worldcup_b","Lenovo FIFA","worldcup_apple","apple","Apple World Cup",2025-02-09,0,0,10,0
"worldcup_b","Lenovo FIFA","worldcup_apple","apple","Apple World Cup",2025-02-16,0,0,10,0
"worldcup_b","Lenovo FIFA","worldcup_apple","apple","Apple World Cup",2025-02-23,0,0,10,0
"worldcup_b","Lenovo FIFA","worldcup_apple","apple","Apple World Cup",2025-03-02,0,0,10,0
"worldcup_b","Lenovo FIFA","worldcup_apple","apple","Apple World Cup",2025-03-09,0,0,10,0
"worldcup_b","Lenovo FIFA","worldcup_apple","apple","Apple World Cup",2025-03-16,0,0,10,0
"worldcup_b","Lenovo FIFA","worldcup_apple","apple","Apple World Cup",2025-03-23,0,0,10,0
"worldcup_b","Lenovo FIFA","worldcup_apple","apple","Apple World Cup",2025-03-30,0,0,10,0
"worldcup_b","Lenovo FIFA","worldcup_apple","apple","Apple World Cup",2025-04-06,0,0,10,0
"worldcup_b","Lenovo FIFA","worldcup_apple","apple","Apple World Cup",2025-04-13,0,0,10,0
"worldcup_b","Lenovo FIFA","worldcup_apple","apple","Apple World Cup",2025-04-20,0,0,10,0
"worldcup_b","Lenovo FIFA","worldcup_apple","apple","Apple World Cup",2025-04-27,0,0,10,0
"worldcup_b","Lenovo FIFA","worldcup_apple","apple","Apple World Cup",2025-05-04,0,0,10,0
"worldcup_b","Lenovo FIFA","worldcup_apple","apple","Apple World Cup",2025-05-11,0,0,10,0
"worldcup_b","Lenovo FIFA","worldcup_apple","apple","Apple World Cup",2025-05-18,0,0,10,0
"worldcup_b","Lenovo FIFA","worldcup_apple","apple","Apple World Cup",2025-05-25,0,0,10,0
"worldcup_b","Lenovo FIFA","worldcup_apple","apple","Apple World Cup",2025-06-01,0,0,10,0
"worldcup_b","Lenovo FIFA","worldcup_apple","apple","Apple World Cup",2025-06-08,0,0,10,0
"worldcup_b","Lenovo FIFA","worldcup_apple","apple","Apple World Cup",2025-06-15,9.694444444444445,0,10,0
"worldcup_b","Lenovo FIFA","worldcup_apple","apple","Apple World Cup",2025-06-22,9.694444444444445,0,10,0
"worldcup_b","Lenovo FIFA","worldcup_apple","apple","Apple World Cup",2025-06-29,0,0,10,0
"worldcup_b","Lenovo FIFA","worldcup_apple","apple","Apple World Cup",2025-07-06,0,0,10,0
"worldcup_b","Lenovo FIFA","worldcup_apple","apple","Apple World Cup",2025-07-13,0,0,10,0
"worldcup_b","Lenovo FIFA","worldcup_apple","apple","Apple World Cup",2025-07-20,0,0,10,0
"worldcup_b","Lenovo FIFA","worldcup_apple","apple","Apple World Cup",2025-07-27,9.694444444444445,0,10,0
"worldcup_b","Lenovo FIFA","worldcup_apple","apple","Apple World Cup",2025-08-03,9.694444444444445,0,10,0
"worldcup_b","Lenovo FIFA","worldcup_apple","apple","Apple World Cup",2025-08-10,9.694444444444445,0,10,0
"worldcup_b","Lenovo FIFA","worldcup_apple","apple","Apple World Cup",2025-08-17,9.694444444444445,0,10,0
"worldcup_b","Lenovo FIFA","worldcup_apple","apple","Apple World Cup",2025-08-24,9.694444444444445,0,10,0
"worldcup_b","Lenovo FIFA","worldcup_apple","apple","Apple World Cup",2025-08-31,29.083333333333336,0,10,0
"worldcup_b","Lenovo FIFA","worldcup_apple","apple","Apple World Cup",2025-09-07,67.86111111111111,0,10,0
"worldcup_b","Lenovo FIFA","worldcup_apple","apple","Apple World Cup",2025-09-14,19.38888888888889,0,10,0
"worldcup_b","Lenovo FIFA","worldcup_apple","apple","Apple World Cup",2025-09-21,29.083333333333336,0,10,0
"worldcup_b","Lenovo FIFA","worldcup_apple","apple","Apple World Cup",2025-09-28,29.083333333333336,0,10,0
"worldcup_b","Lenovo FIFA","worldcup_apple","apple","Apple World Cup",2025-10-05,29.083333333333336,0,10,0
"worldcup_b","Lenovo FIFA","worldcup_apple","apple","Apple World Cup",2025-10-12,29.083333333333336,0,10,0
"worldcup_b","Lenovo FIFA","worldcup_apple","apple","Apple World Cup",2025-10-19,19.38888888888889,0,10,0
"worldcup_b","Lenovo FIFA","worldcup_apple","apple","Apple World Cup",2025-10-26,19.38888888888889,0,10,0
"worldcup_b","Lenovo FIFA","worldcup_apple","apple","Apple World Cup",2025-11-02,29.083333333333336,0,10,0
"worldcup_b","Lenovo FIFA","worldcup_apple","apple","Apple World Cup",2025-11-09,38.77777777777778,0,10,0
"worldcup_b","Lenovo FIFA","worldcup_apple","apple","Apple World Cup",2025-11-16,48.47222222222222,0,10,0
"worldcup_b","Lenovo FIFA","worldcup_apple","apple","Apple World Cup",2025-11-23,38.77777777777778,0,10,0
"worldcup_b","Lenovo FIFA","worldcup_apple","apple","Apple World Cup",2025-11-30,58.16666666666667,0,10,0
"worldcup_b","Lenovo FIFA","worldcup_apple","apple","Apple World Cup",2025-12-07,38.77777777777778,0,10,0
"worldcup_b","Lenovo FIFA","worldcup_apple","apple","Apple World Cup",2025-12-14,38.77777777777778,0,10,0
"worldcup_b","Lenovo FIFA","worldcup_apple","apple","Apple World Cup",2025-12-21,9.694444444444445,0,10,0
"worldcup_b","Lenovo FIFA","worldcup_apple","apple","Apple World Cup",2025-12-28,9.694444444444445,0,10,0
"worldcup_b","Lenovo FIFA","worldcup_apple","apple","Apple World Cup",2026-01-04,9.694444444444445,0,10,0
"worldcup_b","Lenovo FIFA","worldcup_apple","apple","Apple World Cup",2026-01-11,29.083333333333336,0,10,0
"worldcup_b","Lenovo FIFA","worldcup_apple","apple","Apple World Cup",2026-01-18,29.083333333333336,0,10,0
"worldcup_b","Lenovo FIFA","worldcup_apple","apple","Apple World Cup",2026-01-25,29.083333333333336,0,10,0
"worldcup_b","Lenovo FIFA","worldcup_apple","apple","Apple World Cup",2026-02-01,38.77777777777778,0,10,0
"worldcup_b","Lenovo FIFA","worldcup_apple","apple","Apple World Cup",2026-02-08,29.083333333333336,0,10,0
"worldcup_b","Lenovo FIFA","worldcup_apple","apple","Apple World Cup",2026-02-15,38.77777777777778,0,10,0
"worldcup_b","Lenovo FIFA","worldcup_apple","apple","Apple World Cup",2026-02-22,38.77777777777778,0,10,0
"worldcup_b","Lenovo FIFA","worldcup_apple","apple","Apple World Cup",2026-03-01,48.47222222222222,0,10,0
"worldcup_b","Lenovo FIFA","worldcup_apple","apple","Apple World Cup",2026-03-08,38.77777777777778,0,10,0
"worldcup_b","Lenovo FIFA","worldcup_apple","apple","Apple World Cup",2026-03-15,38.77777777777778,0,10,0
"worldcup_b","Lenovo FIFA","worldcup_apple","apple","Apple World Cup",2026-03-22,48.47222222222222,0,10,0
"worldcup_b","Lenovo FIFA","worldcup_apple","apple","Apple World Cup",2026-03-29,87.25,0,10,0
"worldcup_b","Lenovo FIFA","worldcup_apple","apple","Apple World Cup",2026-04-05,38.77777777777778,0,10,0
"worldcup_b","Lenovo FIFA","worldcup_apple","apple","Apple World Cup",2026-04-12,29.083333333333336,0,10,0
"worldcup_b","Lenovo FIFA","worldcup_apple","apple","Apple World Cup",2026-04-19,29.083333333333336,0,10,0
"worldcup_b","Lenovo FIFA","worldcup_apple","apple","Apple World Cup",2026-04-26,38.77777777777778,0,10,0
"worldcup_b","Lenovo FIFA","worldcup_apple","apple","Apple World Cup",2026-05-03,38.77777777777778,0,10,0
"worldcup_b","Lenovo FIFA","worldcup_apple","apple","Apple World Cup",2026-05-10,48.47222222222222,0,10,0
"worldcup_b","Lenovo FIFA","worldcup_apple","apple","Apple World Cup",2026-05-17,77.55555555555556,0,10,0
"worldcup_b","Lenovo FIFA","worldcup_apple","apple","Apple World Cup",2026-05-24,96.94444444444444,0,10,0
"worldcup_b","Lenovo FIFA","worldcup_apple","apple","Apple World Cup",2026-05-31,174.5,0,10,0
"worldcup_b","Lenovo FIFA","worldcup_apple","apple","Apple World Cup",2026-06-07,610.75,0,10,0
"worldcup_b","Lenovo FIFA","worldcup_apple","apple","Apple World Cup",2026-06-14,688.3055555555555,0,10,0
"worldcup_b","Lenovo FIFA","worldcup_apple","apple","Apple World Cup",2026-06-21,794.9444444444445,0,10,0
"worldcup_b","Lenovo FIFA","worldcup_apple","apple","Apple World Cup",2026-06-28,969.4444444444446,0,10,0
"worldcup_b","Lenovo FIFA","worldcup_apple","apple","Apple World Cup",2026-07-05,727.0833333333334,0,10,0
"worldcup_b","Lenovo FIFA","worldcup_apple","apple","Apple World Cup",2026-07-12,358.69444444444446,0,10,0
"worldcup_b","Lenovo FIFA","worldcup_apple","apple","Apple World Cup",2026-07-19,184.19444444444446,0,10,0
"worldcup_b","Lenovo FIFA","worldcup_apple","apple","Apple World Cup",2026-07-26,38.77777777777778,0,10,0
"worldcup_b","Lenovo FIFA","worldcup_apple","apple","Apple World Cup",2026-08-02,29.083333333333336,0,10,0
"worldcup_b","Lenovo FIFA","worldcup_apple","apple","Apple World Cup",2026-08-09,29.083333333333336,0,10,0
"worldcup_b","Lenovo FIFA","worldcup_apple","apple","Apple World Cup",2026-08-16,19.38888888888889,0,10,0
"worldcup_b","Lenovo FIFA","worldcup_apple","apple","Apple World Cup",2026-08-23,19.38888888888889,0,10,0
"worldcup_b","Lenovo FIFA","worldcup_apple","apple","Apple World Cup",2026-08-30,19.38888888888889,0,10,0
"worldcup_b","Lenovo FIFA","worldcup_apple","apple","Apple World Cup",2026-09-06,29.083333333333336,0,10,0
"worldcup_b","Lenovo FIFA","worldcup_apple","apple","Apple World Cup",2026-09-13,19.38888888888889,0,10,0
"worldcup_b","Lenovo FIFA","worldcup_apple","apple","Apple World Cup",2026-09-20,9.694444444444445,0,10,0
"worldcup_b","Lenovo FIFA","worldcup_apple","apple","Apple World Cup",2026-09-27,0,0,10,0
"worldcup_b","Lenovo FIFA","worldcup_microsoft","microsoft","Microsoft World Cup",2021-12-26,0,0,10,0
"worldcup_b","Lenovo FIFA","worldcup_microsoft","microsoft","Microsoft World Cup",2022-01-02,0,0,10,0
"worldcup_b","Lenovo FIFA","worldcup_microsoft","microsoft","Microsoft World Cup",2022-01-09,0,0,10,0
"worldcup_b","Lenovo FIFA","worldcup_microsoft","microsoft","Microsoft World Cup",2022-01-16,0,0,10,0
"worldcup_b","Lenovo FIFA","worldcup_microsoft","microsoft","Microsoft World Cup",2022-01-23,0,0,10,0
"worldcup_b","Lenovo FIFA","worldcup_microsoft","microsoft","Microsoft World Cup",2022-01-30,0,0,10,0
"worldcup_b","Lenovo FIFA","worldcup_microsoft","microsoft","Microsoft World Cup",2022-02-06,0,0,10,0
"worldcup_b","Lenovo FIFA","worldcup_microsoft","microsoft","Microsoft World Cup",2022-02-13,0,0,10,0
"worldcup_b","Lenovo FIFA","worldcup_microsoft","microsoft","Microsoft World Cup",2022-02-20,0,0,10,10
"worldcup_b","Lenovo FIFA","worldcup_microsoft","microsoft","Microsoft World Cup",2022-02-27,0,0,10,0
"worldcup_b","Lenovo FIFA","worldcup_microsoft","microsoft","Microsoft World Cup",2022-03-06,0,0,10,0
"worldcup_b","Lenovo FIFA","worldcup_microsoft","microsoft","Microsoft World Cup",2022-03-13,0,0,10,0
"worldcup_b","Lenovo FIFA","worldcup_microsoft","microsoft","Microsoft World Cup",2022-03-20,0,0,10,0
"worldcup_b","Lenovo FIFA","worldcup_microsoft","microsoft","Microsoft World Cup",2022-03-27,0,0,10,0
"worldcup_b","Lenovo FIFA","worldcup_microsoft","microsoft","Microsoft World Cup",2022-04-03,0,0,10,0
"worldcup_b","Lenovo FIFA","worldcup_microsoft","microsoft","Microsoft World Cup",2022-04-10,0,0,10,0
"worldcup_b","Lenovo FIFA","worldcup_microsoft","microsoft","Microsoft World Cup",2022-04-17,0,0,10,10
"worldcup_b","Lenovo FIFA","worldcup_microsoft","microsoft","Microsoft World Cup",2022-04-24,0,0,10,0
"worldcup_b","Lenovo FIFA","worldcup_microsoft","microsoft","Microsoft World Cup",2022-05-01,0,0,10,0
"worldcup_b","Lenovo FIFA","worldcup_microsoft","microsoft","Microsoft World Cup",2022-05-08,0,0,10,0
"worldcup_b","Lenovo FIFA","worldcup_microsoft","microsoft","Microsoft World Cup",2022-05-15,0,0,10,0
"worldcup_b","Lenovo FIFA","worldcup_microsoft","microsoft","Microsoft World Cup",2022-05-22,0,0,10,10
"worldcup_b","Lenovo FIFA","worldcup_microsoft","microsoft","Microsoft World Cup",2022-05-29,0,0,10,10
"worldcup_b","Lenovo FIFA","worldcup_microsoft","microsoft","Microsoft World Cup",2022-06-05,0,0,10,0
"worldcup_b","Lenovo FIFA","worldcup_microsoft","microsoft","Microsoft World Cup",2022-06-12,0,0,10,0
"worldcup_b","Lenovo FIFA","worldcup_microsoft","microsoft","Microsoft World Cup",2022-06-19,0,0,10,0
"worldcup_b","Lenovo FIFA","worldcup_microsoft","microsoft","Microsoft World Cup",2022-06-26,0,0,10,0
"worldcup_b","Lenovo FIFA","worldcup_microsoft","microsoft","Microsoft World Cup",2022-07-03,0,0,10,0
"worldcup_b","Lenovo FIFA","worldcup_microsoft","microsoft","Microsoft World Cup",2022-07-10,0,0,10,0
"worldcup_b","Lenovo FIFA","worldcup_microsoft","microsoft","Microsoft World Cup",2022-07-17,0,0,10,0
"worldcup_b","Lenovo FIFA","worldcup_microsoft","microsoft","Microsoft World Cup",2022-07-24,0,0,10,0
"worldcup_b","Lenovo FIFA","worldcup_microsoft","microsoft","Microsoft World Cup",2022-07-31,0,0,10,0
"worldcup_b","Lenovo FIFA","worldcup_microsoft","microsoft","Microsoft World Cup",2022-08-07,0,0,10,0
"worldcup_b","Lenovo FIFA","worldcup_microsoft","microsoft","Microsoft World Cup",2022-08-14,0,0,10,0
"worldcup_b","Lenovo FIFA","worldcup_microsoft","microsoft","Microsoft World Cup",2022-08-21,0,0,10,10
"worldcup_b","Lenovo FIFA","worldcup_microsoft","microsoft","Microsoft World Cup",2022-08-28,0,0,10,0
"worldcup_b","Lenovo FIFA","worldcup_microsoft","microsoft","Microsoft World Cup",2022-09-04,0,0,10,0
"worldcup_b","Lenovo FIFA","worldcup_microsoft","microsoft","Microsoft World Cup",2022-09-11,0,0,10,0
"worldcup_b","Lenovo FIFA","worldcup_microsoft","microsoft","Microsoft World Cup",2022-09-18,0,0,10,0
"worldcup_b","Lenovo FIFA","worldcup_microsoft","microsoft","Microsoft World Cup",2022-09-25,0,0,10,0
"worldcup_b","Lenovo FIFA","worldcup_microsoft","microsoft","Microsoft World Cup",2022-10-02,0,0,10,0
"worldcup_b","Lenovo FIFA","worldcup_microsoft","microsoft","Microsoft World Cup",2022-10-09,0,0,10,0
"worldcup_b","Lenovo FIFA","worldcup_microsoft","microsoft","Microsoft World Cup",2022-10-16,0,0,10,0
"worldcup_b","Lenovo FIFA","worldcup_microsoft","microsoft","Microsoft World Cup",2022-10-23,0,0,10,0
"worldcup_b","Lenovo FIFA","worldcup_microsoft","microsoft","Microsoft World Cup",2022-10-30,0,0,10,0
"worldcup_b","Lenovo FIFA","worldcup_microsoft","microsoft","Microsoft World Cup",2022-11-06,0,0,10,0
"worldcup_b","Lenovo FIFA","worldcup_microsoft","microsoft","Microsoft World Cup",2022-11-13,0,0,10,0
"worldcup_b","Lenovo FIFA","worldcup_microsoft","microsoft","Microsoft World Cup",2022-11-20,19.38888888888889,0,10,0
"worldcup_b","Lenovo FIFA","worldcup_microsoft","microsoft","Microsoft World Cup",2022-11-27,19.38888888888889,0,10,0
"worldcup_b","Lenovo FIFA","worldcup_microsoft","microsoft","Microsoft World Cup",2022-12-04,9.694444444444445,0,10,0
"worldcup_b","Lenovo FIFA","worldcup_microsoft","microsoft","Microsoft World Cup",2022-12-11,9.694444444444445,0,10,0
"worldcup_b","Lenovo FIFA","worldcup_microsoft","microsoft","Microsoft World Cup",2022-12-18,0,0,10,0
"worldcup_b","Lenovo FIFA","worldcup_microsoft","microsoft","Microsoft World Cup",2022-12-25,0,0,10,0
"worldcup_b","Lenovo FIFA","worldcup_microsoft","microsoft","Microsoft World Cup",2023-01-01,0,0,10,0
"worldcup_b","Lenovo FIFA","worldcup_microsoft","microsoft","Microsoft World Cup",2023-01-08,0,0,10,0
"worldcup_b","Lenovo FIFA","worldcup_microsoft","microsoft","Microsoft World Cup",2023-01-15,0,0,10,0
"worldcup_b","Lenovo FIFA","worldcup_microsoft","microsoft","Microsoft World Cup",2023-01-22,0,0,10,0
"worldcup_b","Lenovo FIFA","worldcup_microsoft","microsoft","Microsoft World Cup",2023-01-29,0,0,10,0
"worldcup_b","Lenovo FIFA","worldcup_microsoft","microsoft","Microsoft World Cup",2023-02-05,0,0,10,0
"worldcup_b","Lenovo FIFA","worldcup_microsoft","microsoft","Microsoft World Cup",2023-02-12,0,0,10,0
"worldcup_b","Lenovo FIFA","worldcup_microsoft","microsoft","Microsoft World Cup",2023-02-19,0,0,10,0
"worldcup_b","Lenovo FIFA","worldcup_microsoft","microsoft","Microsoft World Cup",2023-02-26,0,0,10,0
"worldcup_b","Lenovo FIFA","worldcup_microsoft","microsoft","Microsoft World Cup",2023-03-05,0,0,10,0
"worldcup_b","Lenovo FIFA","worldcup_microsoft","microsoft","Microsoft World Cup",2023-03-12,0,0,10,0
"worldcup_b","Lenovo FIFA","worldcup_microsoft","microsoft","Microsoft World Cup",2023-03-19,0,0,10,0
"worldcup_b","Lenovo FIFA","worldcup_microsoft","microsoft","Microsoft World Cup",2023-03-26,0,0,10,0
"worldcup_b","Lenovo FIFA","worldcup_microsoft","microsoft","Microsoft World Cup",2023-04-02,0,0,10,0
"worldcup_b","Lenovo FIFA","worldcup_microsoft","microsoft","Microsoft World Cup",2023-04-09,0,0,10,0
"worldcup_b","Lenovo FIFA","worldcup_microsoft","microsoft","Microsoft World Cup",2023-04-16,0,0,10,0
"worldcup_b","Lenovo FIFA","worldcup_microsoft","microsoft","Microsoft World Cup",2023-04-23,0,0,10,0
"worldcup_b","Lenovo FIFA","worldcup_microsoft","microsoft","Microsoft World Cup",2023-04-30,0,0,10,0
"worldcup_b","Lenovo FIFA","worldcup_microsoft","microsoft","Microsoft World Cup",2023-05-07,0,0,10,10
"worldcup_b","Lenovo FIFA","worldcup_microsoft","microsoft","Microsoft World Cup",2023-05-14,0,0,10,0
"worldcup_b","Lenovo FIFA","worldcup_microsoft","microsoft","Microsoft World Cup",2023-05-21,0,0,10,0
"worldcup_b","Lenovo FIFA","worldcup_microsoft","microsoft","Microsoft World Cup",2023-05-28,0,0,10,0
"worldcup_b","Lenovo FIFA","worldcup_microsoft","microsoft","Microsoft World Cup",2023-06-04,0,0,10,0
"worldcup_b","Lenovo FIFA","worldcup_microsoft","microsoft","Microsoft World Cup",2023-06-11,0,0,10,0
"worldcup_b","Lenovo FIFA","worldcup_microsoft","microsoft","Microsoft World Cup",2023-06-18,0,0,10,0
"worldcup_b","Lenovo FIFA","worldcup_microsoft","microsoft","Microsoft World Cup",2023-06-25,0,0,10,0
"worldcup_b","Lenovo FIFA","worldcup_microsoft","microsoft","Microsoft World Cup",2023-07-02,0,0,10,0
"worldcup_b","Lenovo FIFA","worldcup_microsoft","microsoft","Microsoft World Cup",2023-07-09,0,0,10,0
"worldcup_b","Lenovo FIFA","worldcup_microsoft","microsoft","Microsoft World Cup",2023-07-16,0,0,10,0
"worldcup_b","Lenovo FIFA","worldcup_microsoft","microsoft","Microsoft World Cup",2023-07-23,0,0,10,0
"worldcup_b","Lenovo FIFA","worldcup_microsoft","microsoft","Microsoft World Cup",2023-07-30,0,0,10,0
"worldcup_b","Lenovo FIFA","worldcup_microsoft","microsoft","Microsoft World Cup",2023-08-06,0,0,10,0
"worldcup_b","Lenovo FIFA","worldcup_microsoft","microsoft","Microsoft World Cup",2023-08-13,0,0,10,0
"worldcup_b","Lenovo FIFA","worldcup_microsoft","microsoft","Microsoft World Cup",2023-08-20,0,0,10,0
"worldcup_b","Lenovo FIFA","worldcup_microsoft","microsoft","Microsoft World Cup",2023-08-27,0,0,10,0
"worldcup_b","Lenovo FIFA","worldcup_microsoft","microsoft","Microsoft World Cup",2023-09-03,0,0,10,0
"worldcup_b","Lenovo FIFA","worldcup_microsoft","microsoft","Microsoft World Cup",2023-09-10,0,0,10,0
"worldcup_b","Lenovo FIFA","worldcup_microsoft","microsoft","Microsoft World Cup",2023-09-17,0,0,10,0
"worldcup_b","Lenovo FIFA","worldcup_microsoft","microsoft","Microsoft World Cup",2023-09-24,0,0,10,0
"worldcup_b","Lenovo FIFA","worldcup_microsoft","microsoft","Microsoft World Cup",2023-10-01,0,0,10,0
"worldcup_b","Lenovo FIFA","worldcup_microsoft","microsoft","Microsoft World Cup",2023-10-08,0,0,10,0
"worldcup_b","Lenovo FIFA","worldcup_microsoft","microsoft","Microsoft World Cup",2023-10-15,0,0,10,0
"worldcup_b","Lenovo FIFA","worldcup_microsoft","microsoft","Microsoft World Cup",2023-10-22,0,0,10,0
"worldcup_b","Lenovo FIFA","worldcup_microsoft","microsoft","Microsoft World Cup",2023-10-29,0,0,10,0
"worldcup_b","Lenovo FIFA","worldcup_microsoft","microsoft","Microsoft World Cup",2023-11-05,0,0,10,0
"worldcup_b","Lenovo FIFA","worldcup_microsoft","microsoft","Microsoft World Cup",2023-11-12,0,0,10,0
"worldcup_b","Lenovo FIFA","worldcup_microsoft","microsoft","Microsoft World Cup",2023-11-19,0,0,10,0
"worldcup_b","Lenovo FIFA","worldcup_microsoft","microsoft","Microsoft World Cup",2023-11-26,0,0,10,0
"worldcup_b","Lenovo FIFA","worldcup_microsoft","microsoft","Microsoft World Cup",2023-12-03,0,0,10,0
"worldcup_b","Lenovo FIFA","worldcup_microsoft","microsoft","Microsoft World Cup",2023-12-10,0,0,10,0
"worldcup_b","Lenovo FIFA","worldcup_microsoft","microsoft","Microsoft World Cup",2023-12-17,0,0,10,0
"worldcup_b","Lenovo FIFA","worldcup_microsoft","microsoft","Microsoft World Cup",2023-12-24,0,0,10,0
"worldcup_b","Lenovo FIFA","worldcup_microsoft","microsoft","Microsoft World Cup",2023-12-31,0,0,10,0
"worldcup_b","Lenovo FIFA","worldcup_microsoft","microsoft","Microsoft World Cup",2024-01-07,0,0,10,0
"worldcup_b","Lenovo FIFA","worldcup_microsoft","microsoft","Microsoft World Cup",2024-01-14,0,0,10,0
"worldcup_b","Lenovo FIFA","worldcup_microsoft","microsoft","Microsoft World Cup",2024-01-21,0,0,10,0
"worldcup_b","Lenovo FIFA","worldcup_microsoft","microsoft","Microsoft World Cup",2024-01-28,0,0,10,0
"worldcup_b","Lenovo FIFA","worldcup_microsoft","microsoft","Microsoft World Cup",2024-02-04,0,0,10,0
"worldcup_b","Lenovo FIFA","worldcup_microsoft","microsoft","Microsoft World Cup",2024-02-11,0,0,10,0
"worldcup_b","Lenovo FIFA","worldcup_microsoft","microsoft","Microsoft World Cup",2024-02-18,0,0,10,0
"worldcup_b","Lenovo FIFA","worldcup_microsoft","microsoft","Microsoft World Cup",2024-02-25,0,0,10,0
"worldcup_b","Lenovo FIFA","worldcup_microsoft","microsoft","Microsoft World Cup",2024-03-03,0,0,10,0
"worldcup_b","Lenovo FIFA","worldcup_microsoft","microsoft","Microsoft World Cup",2024-03-10,0,0,10,0
"worldcup_b","Lenovo FIFA","worldcup_microsoft","microsoft","Microsoft World Cup",2024-03-17,0,0,10,0
"worldcup_b","Lenovo FIFA","worldcup_microsoft","microsoft","Microsoft World Cup",2024-03-24,0,0,10,0
"worldcup_b","Lenovo FIFA","worldcup_microsoft","microsoft","Microsoft World Cup",2024-03-31,0,0,10,10
"worldcup_b","Lenovo FIFA","worldcup_microsoft","microsoft","Microsoft World Cup",2024-04-07,0,0,10,10
"worldcup_b","Lenovo FIFA","worldcup_microsoft","microsoft","Microsoft World Cup",2024-04-14,0,0,10,10
"worldcup_b","Lenovo FIFA","worldcup_microsoft","microsoft","Microsoft World Cup",2024-04-21,0,0,10,0
"worldcup_b","Lenovo FIFA","worldcup_microsoft","microsoft","Microsoft World Cup",2024-04-28,0,0,10,0
"worldcup_b","Lenovo FIFA","worldcup_microsoft","microsoft","Microsoft World Cup",2024-05-05,0,0,10,0
"worldcup_b","Lenovo FIFA","worldcup_microsoft","microsoft","Microsoft World Cup",2024-05-12,0,0,10,0
"worldcup_b","Lenovo FIFA","worldcup_microsoft","microsoft","Microsoft World Cup",2024-05-19,0,0,10,0
"worldcup_b","Lenovo FIFA","worldcup_microsoft","microsoft","Microsoft World Cup",2024-05-26,0,0,10,0
"worldcup_b","Lenovo FIFA","worldcup_microsoft","microsoft","Microsoft World Cup",2024-06-02,0,0,10,0
"worldcup_b","Lenovo FIFA","worldcup_microsoft","microsoft","Microsoft World Cup",2024-06-09,0,0,10,0
"worldcup_b","Lenovo FIFA","worldcup_microsoft","microsoft","Microsoft World Cup",2024-06-16,0,0,10,0
"worldcup_b","Lenovo FIFA","worldcup_microsoft","microsoft","Microsoft World Cup",2024-06-23,0,0,10,0
"worldcup_b","Lenovo FIFA","worldcup_microsoft","microsoft","Microsoft World Cup",2024-06-30,0,0,10,0
"worldcup_b","Lenovo FIFA","worldcup_microsoft","microsoft","Microsoft World Cup",2024-07-07,0,0,10,0
"worldcup_b","Lenovo FIFA","worldcup_microsoft","microsoft","Microsoft World Cup",2024-07-14,0,0,10,0
"worldcup_b","Lenovo FIFA","worldcup_microsoft","microsoft","Microsoft World Cup",2024-07-21,0,0,10,0
"worldcup_b","Lenovo FIFA","worldcup_microsoft","microsoft","Microsoft World Cup",2024-07-28,0,0,10,0
"worldcup_b","Lenovo FIFA","worldcup_microsoft","microsoft","Microsoft World Cup",2024-08-04,0,0,10,0
"worldcup_b","Lenovo FIFA","worldcup_microsoft","microsoft","Microsoft World Cup",2024-08-11,0,0,10,0
"worldcup_b","Lenovo FIFA","worldcup_microsoft","microsoft","Microsoft World Cup",2024-08-18,0,0,10,0
"worldcup_b","Lenovo FIFA","worldcup_microsoft","microsoft","Microsoft World Cup",2024-08-25,0,0,10,10
"worldcup_b","Lenovo FIFA","worldcup_microsoft","microsoft","Microsoft World Cup",2024-09-01,0,0,10,0
"worldcup_b","Lenovo FIFA","worldcup_microsoft","microsoft","Microsoft World Cup",2024-09-08,0,0,10,0
"worldcup_b","Lenovo FIFA","worldcup_microsoft","microsoft","Microsoft World Cup",2024-09-15,0,0,10,0
"worldcup_b","Lenovo FIFA","worldcup_microsoft","microsoft","Microsoft World Cup",2024-09-22,0,0,10,0
"worldcup_b","Lenovo FIFA","worldcup_microsoft","microsoft","Microsoft World Cup",2024-09-29,0,0,10,0
"worldcup_b","Lenovo FIFA","worldcup_microsoft","microsoft","Microsoft World Cup",2024-10-06,0,0,10,0
"worldcup_b","Lenovo FIFA","worldcup_microsoft","microsoft","Microsoft World Cup",2024-10-13,0,0,10,0
"worldcup_b","Lenovo FIFA","worldcup_microsoft","microsoft","Microsoft World Cup",2024-10-20,0,0,10,0
"worldcup_b","Lenovo FIFA","worldcup_microsoft","microsoft","Microsoft World Cup",2024-10-27,0,0,10,0
"worldcup_b","Lenovo FIFA","worldcup_microsoft","microsoft","Microsoft World Cup",2024-11-03,0,0,10,0
"worldcup_b","Lenovo FIFA","worldcup_microsoft","microsoft","Microsoft World Cup",2024-11-10,0,0,10,0
"worldcup_b","Lenovo FIFA","worldcup_microsoft","microsoft","Microsoft World Cup",2024-11-17,0,0,10,0
"worldcup_b","Lenovo FIFA","worldcup_microsoft","microsoft","Microsoft World Cup",2024-11-24,0,0,10,10
"worldcup_b","Lenovo FIFA","worldcup_microsoft","microsoft","Microsoft World Cup",2024-12-01,0,0,10,0
"worldcup_b","Lenovo FIFA","worldcup_microsoft","microsoft","Microsoft World Cup",2024-12-08,0,0,10,0
"worldcup_b","Lenovo FIFA","worldcup_microsoft","microsoft","Microsoft World Cup",2024-12-15,0,0,10,0
"worldcup_b","Lenovo FIFA","worldcup_microsoft","microsoft","Microsoft World Cup",2024-12-22,0,0,10,0
"worldcup_b","Lenovo FIFA","worldcup_microsoft","microsoft","Microsoft World Cup",2024-12-29,0,0,10,0
"worldcup_b","Lenovo FIFA","worldcup_microsoft","microsoft","Microsoft World Cup",2025-01-05,0,0,10,0
"worldcup_b","Lenovo FIFA","worldcup_microsoft","microsoft","Microsoft World Cup",2025-01-12,0,0,10,0
"worldcup_b","Lenovo FIFA","worldcup_microsoft","microsoft","Microsoft World Cup",2025-01-19,0,0,10,0
"worldcup_b","Lenovo FIFA","worldcup_microsoft","microsoft","Microsoft World Cup",2025-01-26,0,0,10,0
"worldcup_b","Lenovo FIFA","worldcup_microsoft","microsoft","Microsoft World Cup",2025-02-02,0,0,10,10
"worldcup_b","Lenovo FIFA","worldcup_microsoft","microsoft","Microsoft World Cup",2025-02-09,0,0,10,0
"worldcup_b","Lenovo FIFA","worldcup_microsoft","microsoft","Microsoft World Cup",2025-02-16,0,0,10,0
"worldcup_b","Lenovo FIFA","worldcup_microsoft","microsoft","Microsoft World Cup",2025-02-23,0,0,10,0
"worldcup_b","Lenovo FIFA","worldcup_microsoft","microsoft","Microsoft World Cup",2025-03-02,0,0,10,0
"worldcup_b","Lenovo FIFA","worldcup_microsoft","microsoft","Microsoft World Cup",2025-03-09,0,0,10,0
"worldcup_b","Lenovo FIFA","worldcup_microsoft","microsoft","Microsoft World Cup",2025-03-16,0,0,10,0
"worldcup_b","Lenovo FIFA","worldcup_microsoft","microsoft","Microsoft World Cup",2025-03-23,0,0,10,0
"worldcup_b","Lenovo FIFA","worldcup_microsoft","microsoft","Microsoft World Cup",2025-03-30,0,0,10,0
"worldcup_b","Lenovo FIFA","worldcup_microsoft","microsoft","Microsoft World Cup",2025-04-06,0,0,10,0
"worldcup_b","Lenovo FIFA","worldcup_microsoft","microsoft","Microsoft World Cup",2025-04-13,0,0,10,10
"worldcup_b","Lenovo FIFA","worldcup_microsoft","microsoft","Microsoft World Cup",2025-04-20,0,0,10,0
"worldcup_b","Lenovo FIFA","worldcup_microsoft","microsoft","Microsoft World Cup",2025-04-27,0,0,10,0
"worldcup_b","Lenovo FIFA","worldcup_microsoft","microsoft","Microsoft World Cup",2025-05-04,0,0,10,0
"worldcup_b","Lenovo FIFA","worldcup_microsoft","microsoft","Microsoft World Cup",2025-05-11,0,0,10,0
"worldcup_b","Lenovo FIFA","worldcup_microsoft","microsoft","Microsoft World Cup",2025-05-18,0,0,10,0
"worldcup_b","Lenovo FIFA","worldcup_microsoft","microsoft","Microsoft World Cup",2025-05-25,0,0,10,0
"worldcup_b","Lenovo FIFA","worldcup_microsoft","microsoft","Microsoft World Cup",2025-06-01,0,0,10,0
"worldcup_b","Lenovo FIFA","worldcup_microsoft","microsoft","Microsoft World Cup",2025-06-08,0,0,10,0
"worldcup_b","Lenovo FIFA","worldcup_microsoft","microsoft","Microsoft World Cup",2025-06-15,0,0,10,0
"worldcup_b","Lenovo FIFA","worldcup_microsoft","microsoft","Microsoft World Cup",2025-06-22,0,0,10,0
"worldcup_b","Lenovo FIFA","worldcup_microsoft","microsoft","Microsoft World Cup",2025-06-29,0,0,10,0
"worldcup_b","Lenovo FIFA","worldcup_microsoft","microsoft","Microsoft World Cup",2025-07-06,0,0,10,0
"worldcup_b","Lenovo FIFA","worldcup_microsoft","microsoft","Microsoft World Cup",2025-07-13,0,0,10,0
"worldcup_b","Lenovo FIFA","worldcup_microsoft","microsoft","Microsoft World Cup",2025-07-20,0,0,10,0
"worldcup_b","Lenovo FIFA","worldcup_microsoft","microsoft","Microsoft World Cup",2025-07-27,0,0,10,0
"worldcup_b","Lenovo FIFA","worldcup_microsoft","microsoft","Microsoft World Cup",2025-08-03,0,0,10,0
"worldcup_b","Lenovo FIFA","worldcup_microsoft","microsoft","Microsoft World Cup",2025-08-10,9.694444444444445,0,10,0
"worldcup_b","Lenovo FIFA","worldcup_microsoft","microsoft","Microsoft World Cup",2025-08-17,9.694444444444445,0,10,0
"worldcup_b","Lenovo FIFA","worldcup_microsoft","microsoft","Microsoft World Cup",2025-08-24,9.694444444444445,0,10,0
"worldcup_b","Lenovo FIFA","worldcup_microsoft","microsoft","Microsoft World Cup",2025-08-31,19.38888888888889,0,10,0
"worldcup_b","Lenovo FIFA","worldcup_microsoft","microsoft","Microsoft World Cup",2025-09-07,19.38888888888889,0,10,0
"worldcup_b","Lenovo FIFA","worldcup_microsoft","microsoft","Microsoft World Cup",2025-09-14,9.694444444444445,0,10,0
"worldcup_b","Lenovo FIFA","worldcup_microsoft","microsoft","Microsoft World Cup",2025-09-21,9.694444444444445,0,10,0
"worldcup_b","Lenovo FIFA","worldcup_microsoft","microsoft","Microsoft World Cup",2025-09-28,19.38888888888889,0,10,0
"worldcup_b","Lenovo FIFA","worldcup_microsoft","microsoft","Microsoft World Cup",2025-10-05,19.38888888888889,0,10,0
"worldcup_b","Lenovo FIFA","worldcup_microsoft","microsoft","Microsoft World Cup",2025-10-12,19.38888888888889,0,10,0
"worldcup_b","Lenovo FIFA","worldcup_microsoft","microsoft","Microsoft World Cup",2025-10-19,9.694444444444445,0,10,0
"worldcup_b","Lenovo FIFA","worldcup_microsoft","microsoft","Microsoft World Cup",2025-10-26,9.694444444444445,0,10,0
"worldcup_b","Lenovo FIFA","worldcup_microsoft","microsoft","Microsoft World Cup",2025-11-02,19.38888888888889,0,10,0
"worldcup_b","Lenovo FIFA","worldcup_microsoft","microsoft","Microsoft World Cup",2025-11-09,38.77777777777778,0,10,0
"worldcup_b","Lenovo FIFA","worldcup_microsoft","microsoft","Microsoft World Cup",2025-11-16,38.77777777777778,0,10,0
"worldcup_b","Lenovo FIFA","worldcup_microsoft","microsoft","Microsoft World Cup",2025-11-23,29.083333333333336,0,10,0
"worldcup_b","Lenovo FIFA","worldcup_microsoft","microsoft","Microsoft World Cup",2025-11-30,38.77777777777778,0,10,0
"worldcup_b","Lenovo FIFA","worldcup_microsoft","microsoft","Microsoft World Cup",2025-12-07,29.083333333333336,0,10,0
"worldcup_b","Lenovo FIFA","worldcup_microsoft","microsoft","Microsoft World Cup",2025-12-14,29.083333333333336,0,10,0
"worldcup_b","Lenovo FIFA","worldcup_microsoft","microsoft","Microsoft World Cup",2025-12-21,9.694444444444445,0,10,0
"worldcup_b","Lenovo FIFA","worldcup_microsoft","microsoft","Microsoft World Cup",2025-12-28,0,0,10,0
"worldcup_b","Lenovo FIFA","worldcup_microsoft","microsoft","Microsoft World Cup",2026-01-04,9.694444444444445,0,10,0
"worldcup_b","Lenovo FIFA","worldcup_microsoft","microsoft","Microsoft World Cup",2026-01-11,19.38888888888889,0,10,0
"worldcup_b","Lenovo FIFA","worldcup_microsoft","microsoft","Microsoft World Cup",2026-01-18,38.77777777777778,0,10,0
"worldcup_b","Lenovo FIFA","worldcup_microsoft","microsoft","Microsoft World Cup",2026-01-25,29.083333333333336,0,10,0
"worldcup_b","Lenovo FIFA","worldcup_microsoft","microsoft","Microsoft World Cup",2026-02-01,19.38888888888889,0,10,0
"worldcup_b","Lenovo FIFA","worldcup_microsoft","microsoft","Microsoft World Cup",2026-02-08,19.38888888888889,0,10,0
"worldcup_b","Lenovo FIFA","worldcup_microsoft","microsoft","Microsoft World Cup",2026-02-15,29.083333333333336,0,10,0
"worldcup_b","Lenovo FIFA","worldcup_microsoft","microsoft","Microsoft World Cup",2026-02-22,29.083333333333336,0,10,0
"worldcup_b","Lenovo FIFA","worldcup_microsoft","microsoft","Microsoft World Cup",2026-03-01,29.083333333333336,0,10,0
"worldcup_b","Lenovo FIFA","worldcup_microsoft","microsoft","Microsoft World Cup",2026-03-08,29.083333333333336,0,10,0
"worldcup_b","Lenovo FIFA","worldcup_microsoft","microsoft","Microsoft World Cup",2026-03-15,29.083333333333336,0,10,0
"worldcup_b","Lenovo FIFA","worldcup_microsoft","microsoft","Microsoft World Cup",2026-03-22,38.77777777777778,0,10,0
"worldcup_b","Lenovo FIFA","worldcup_microsoft","microsoft","Microsoft World Cup",2026-03-29,58.16666666666667,0,10,0
"worldcup_b","Lenovo FIFA","worldcup_microsoft","microsoft","Microsoft World Cup",2026-04-05,29.083333333333336,0,10,0
"worldcup_b","Lenovo FIFA","worldcup_microsoft","microsoft","Microsoft World Cup",2026-04-12,19.38888888888889,0,10,0
"worldcup_b","Lenovo FIFA","worldcup_microsoft","microsoft","Microsoft World Cup",2026-04-19,19.38888888888889,0,10,0
"worldcup_b","Lenovo FIFA","worldcup_microsoft","microsoft","Microsoft World Cup",2026-04-26,19.38888888888889,0,10,0
"worldcup_b","Lenovo FIFA","worldcup_microsoft","microsoft","Microsoft World Cup",2026-05-03,19.38888888888889,0,10,0
"worldcup_b","Lenovo FIFA","worldcup_microsoft","microsoft","Microsoft World Cup",2026-05-10,29.083333333333336,0,10,0
"worldcup_b","Lenovo FIFA","worldcup_microsoft","microsoft","Microsoft World Cup",2026-05-17,48.47222222222222,0,10,0
"worldcup_b","Lenovo FIFA","worldcup_microsoft","microsoft","Microsoft World Cup",2026-05-24,58.16666666666667,0,10,0
"worldcup_b","Lenovo FIFA","worldcup_microsoft","microsoft","Microsoft World Cup",2026-05-31,116.33333333333334,0,10,0
"worldcup_b","Lenovo FIFA","worldcup_microsoft","microsoft","Microsoft World Cup",2026-06-07,378.0833333333333,0,10,0
"worldcup_b","Lenovo FIFA","worldcup_microsoft","microsoft","Microsoft World Cup",2026-06-14,397.47222222222223,0,10,0
"worldcup_b","Lenovo FIFA","worldcup_microsoft","microsoft","Microsoft World Cup",2026-06-21,436.25,0,10,0
"worldcup_b","Lenovo FIFA","worldcup_microsoft","microsoft","Microsoft World Cup",2026-06-28,571.9722222222223,0,10,0
"worldcup_b","Lenovo FIFA","worldcup_microsoft","microsoft","Microsoft World Cup",2026-07-05,436.25,0,10,0
"worldcup_b","Lenovo FIFA","worldcup_microsoft","microsoft","Microsoft World Cup",2026-07-12,184.19444444444446,0,10,0
"worldcup_b","Lenovo FIFA","worldcup_microsoft","microsoft","Microsoft World Cup",2026-07-19,106.63888888888889,0,10,0
"worldcup_b","Lenovo FIFA","worldcup_microsoft","microsoft","Microsoft World Cup",2026-07-26,29.083333333333336,0,10,0
"worldcup_b","Lenovo FIFA","worldcup_microsoft","microsoft","Microsoft World Cup",2026-08-02,19.38888888888889,0,10,0
"worldcup_b","Lenovo FIFA","worldcup_microsoft","microsoft","Microsoft World Cup",2026-08-09,19.38888888888889,0,10,0
"worldcup_b","Lenovo FIFA","worldcup_microsoft","microsoft","Microsoft World Cup",2026-08-16,9.694444444444445,0,10,0
"worldcup_b","Lenovo FIFA","worldcup_microsoft","microsoft","Microsoft World Cup",2026-08-23,9.694444444444445,0,10,0
"worldcup_b","Lenovo FIFA","worldcup_microsoft","microsoft","Microsoft World Cup",2026-08-30,9.694444444444445,0,10,0
"worldcup_b","Lenovo FIFA","worldcup_microsoft","microsoft","Microsoft World Cup",2026-09-06,9.694444444444445,0,10,0
"worldcup_b","Lenovo FIFA","worldcup_microsoft","microsoft","Microsoft World Cup",2026-09-13,9.694444444444445,0,10,0
"worldcup_b","Lenovo FIFA","worldcup_microsoft","microsoft","Microsoft World Cup",2026-09-20,9.694444444444445,0,10,0
"worldcup_b","Lenovo FIFA","worldcup_microsoft","microsoft","Microsoft World Cup",2026-09-27,0,0,10,0
"worldcup_b","Lenovo FIFA","worldcup_msi","msi","MSI World Cup",2021-12-26,0,0,10,10
"worldcup_b","Lenovo FIFA","worldcup_msi","msi","MSI World Cup",2022-01-02,0,0,10,10
"worldcup_b","Lenovo FIFA","worldcup_msi","msi","MSI World Cup",2022-01-09,0,0,10,10
"worldcup_b","Lenovo FIFA","worldcup_msi","msi","MSI World Cup",2022-01-16,0,0,10,10
"worldcup_b","Lenovo FIFA","worldcup_msi","msi","MSI World Cup",2022-01-23,0,0,10,10
"worldcup_b","Lenovo FIFA","worldcup_msi","msi","MSI World Cup",2022-01-30,0,0,10,10
"worldcup_b","Lenovo FIFA","worldcup_msi","msi","MSI World Cup",2022-02-06,0,0,10,10
"worldcup_b","Lenovo FIFA","worldcup_msi","msi","MSI World Cup",2022-02-13,0,0,10,10
"worldcup_b","Lenovo FIFA","worldcup_msi","msi","MSI World Cup",2022-02-20,0,0,10,10
"worldcup_b","Lenovo FIFA","worldcup_msi","msi","MSI World Cup",2022-02-27,0,0,10,10
"worldcup_b","Lenovo FIFA","worldcup_msi","msi","MSI World Cup",2022-03-06,0,0,10,10
"worldcup_b","Lenovo FIFA","worldcup_msi","msi","MSI World Cup",2022-03-13,0,0,10,10
"worldcup_b","Lenovo FIFA","worldcup_msi","msi","MSI World Cup",2022-03-20,0,0,10,10
"worldcup_b","Lenovo FIFA","worldcup_msi","msi","MSI World Cup",2022-03-27,0,0,10,0
"worldcup_b","Lenovo FIFA","worldcup_msi","msi","MSI World Cup",2022-04-03,0,0,10,10
"worldcup_b","Lenovo FIFA","worldcup_msi","msi","MSI World Cup",2022-04-10,0,0,10,10
"worldcup_b","Lenovo FIFA","worldcup_msi","msi","MSI World Cup",2022-04-17,0,0,10,10
"worldcup_b","Lenovo FIFA","worldcup_msi","msi","MSI World Cup",2022-04-24,0,0,10,10
"worldcup_b","Lenovo FIFA","worldcup_msi","msi","MSI World Cup",2022-05-01,0,0,10,10
"worldcup_b","Lenovo FIFA","worldcup_msi","msi","MSI World Cup",2022-05-08,0,0,10,10
"worldcup_b","Lenovo FIFA","worldcup_msi","msi","MSI World Cup",2022-05-15,0,0,10,0
"worldcup_b","Lenovo FIFA","worldcup_msi","msi","MSI World Cup",2022-05-22,0,0,10,0
"worldcup_b","Lenovo FIFA","worldcup_msi","msi","MSI World Cup",2022-05-29,0,0,10,10
"worldcup_b","Lenovo FIFA","worldcup_msi","msi","MSI World Cup",2022-06-05,0,0,10,10
"worldcup_b","Lenovo FIFA","worldcup_msi","msi","MSI World Cup",2022-06-12,0,0,10,10
"worldcup_b","Lenovo FIFA","worldcup_msi","msi","MSI World Cup",2022-06-19,0,0,10,10
"worldcup_b","Lenovo FIFA","worldcup_msi","msi","MSI World Cup",2022-06-26,0,0,10,10
"worldcup_b","Lenovo FIFA","worldcup_msi","msi","MSI World Cup",2022-07-03,0,0,10,10
"worldcup_b","Lenovo FIFA","worldcup_msi","msi","MSI World Cup",2022-07-10,0,0,10,10
"worldcup_b","Lenovo FIFA","worldcup_msi","msi","MSI World Cup",2022-07-17,0,0,10,10
"worldcup_b","Lenovo FIFA","worldcup_msi","msi","MSI World Cup",2022-07-24,0,0,10,10
"worldcup_b","Lenovo FIFA","worldcup_msi","msi","MSI World Cup",2022-07-31,0,0,10,10
"worldcup_b","Lenovo FIFA","worldcup_msi","msi","MSI World Cup",2022-08-07,0,0,10,10
"worldcup_b","Lenovo FIFA","worldcup_msi","msi","MSI World Cup",2022-08-14,0,0,10,10
"worldcup_b","Lenovo FIFA","worldcup_msi","msi","MSI World Cup",2022-08-21,0,0,10,10
"worldcup_b","Lenovo FIFA","worldcup_msi","msi","MSI World Cup",2022-08-28,0,0,10,10
"worldcup_b","Lenovo FIFA","worldcup_msi","msi","MSI World Cup",2022-09-04,0,0,10,10
"worldcup_b","Lenovo FIFA","worldcup_msi","msi","MSI World Cup",2022-09-11,0,0,10,10
"worldcup_b","Lenovo FIFA","worldcup_msi","msi","MSI World Cup",2022-09-18,0,0,10,10
"worldcup_b","Lenovo FIFA","worldcup_msi","msi","MSI World Cup",2022-09-25,0,0,10,10
"worldcup_b","Lenovo FIFA","worldcup_msi","msi","MSI World Cup",2022-10-02,0,0,10,10
"worldcup_b","Lenovo FIFA","worldcup_msi","msi","MSI World Cup",2022-10-09,0,0,10,10
"worldcup_b","Lenovo FIFA","worldcup_msi","msi","MSI World Cup",2022-10-16,0,0,10,10
"worldcup_b","Lenovo FIFA","worldcup_msi","msi","MSI World Cup",2022-10-23,0,0,10,10
"worldcup_b","Lenovo FIFA","worldcup_msi","msi","MSI World Cup",2022-10-30,0,0,10,0
"worldcup_b","Lenovo FIFA","worldcup_msi","msi","MSI World Cup",2022-11-06,0,0,10,0
"worldcup_b","Lenovo FIFA","worldcup_msi","msi","MSI World Cup",2022-11-13,0,0,10,0
"worldcup_b","Lenovo FIFA","worldcup_msi","msi","MSI World Cup",2022-11-20,0,0,10,0
"worldcup_b","Lenovo FIFA","worldcup_msi","msi","MSI World Cup",2022-11-27,0,0,10,0
"worldcup_b","Lenovo FIFA","worldcup_msi","msi","MSI World Cup",2022-12-04,0,0,10,0
"worldcup_b","Lenovo FIFA","worldcup_msi","msi","MSI World Cup",2022-12-11,0,0,10,0
"worldcup_b","Lenovo FIFA","worldcup_msi","msi","MSI World Cup",2022-12-18,0,0,10,0
"worldcup_b","Lenovo FIFA","worldcup_msi","msi","MSI World Cup",2022-12-25,0,0,10,0
"worldcup_b","Lenovo FIFA","worldcup_msi","msi","MSI World Cup",2023-01-01,0,0,10,10
"worldcup_b","Lenovo FIFA","worldcup_msi","msi","MSI World Cup",2023-01-08,0,0,10,10
"worldcup_b","Lenovo FIFA","worldcup_msi","msi","MSI World Cup",2023-01-15,0,0,10,10
"worldcup_b","Lenovo FIFA","worldcup_msi","msi","MSI World Cup",2023-01-22,0,0,10,10
"worldcup_b","Lenovo FIFA","worldcup_msi","msi","MSI World Cup",2023-01-29,0,0,10,10
"worldcup_b","Lenovo FIFA","worldcup_msi","msi","MSI World Cup",2023-02-05,0,0,10,10
"worldcup_b","Lenovo FIFA","worldcup_msi","msi","MSI World Cup",2023-02-12,0,0,10,10
"worldcup_b","Lenovo FIFA","worldcup_msi","msi","MSI World Cup",2023-02-19,0,0,10,0
"worldcup_b","Lenovo FIFA","worldcup_msi","msi","MSI World Cup",2023-02-26,0,0,10,10
"worldcup_b","Lenovo FIFA","worldcup_msi","msi","MSI World Cup",2023-03-05,0,0,10,10
"worldcup_b","Lenovo FIFA","worldcup_msi","msi","MSI World Cup",2023-03-12,0,0,10,10
"worldcup_b","Lenovo FIFA","worldcup_msi","msi","MSI World Cup",2023-03-19,0,0,10,10
"worldcup_b","Lenovo FIFA","worldcup_msi","msi","MSI World Cup",2023-03-26,0,0,10,10
"worldcup_b","Lenovo FIFA","worldcup_msi","msi","MSI World Cup",2023-04-02,0,0,10,10
"worldcup_b","Lenovo FIFA","worldcup_msi","msi","MSI World Cup",2023-04-09,0,0,10,10
"worldcup_b","Lenovo FIFA","worldcup_msi","msi","MSI World Cup",2023-04-16,0,0,10,10
"worldcup_b","Lenovo FIFA","worldcup_msi","msi","MSI World Cup",2023-04-23,0,0,10,10
"worldcup_b","Lenovo FIFA","worldcup_msi","msi","MSI World Cup",2023-04-30,0,0,10,10
"worldcup_b","Lenovo FIFA","worldcup_msi","msi","MSI World Cup",2023-05-07,0,0,10,10
"worldcup_b","Lenovo FIFA","worldcup_msi","msi","MSI World Cup",2023-05-14,0,0,10,10
"worldcup_b","Lenovo FIFA","worldcup_msi","msi","MSI World Cup",2023-05-21,0,0,10,10
"worldcup_b","Lenovo FIFA","worldcup_msi","msi","MSI World Cup",2023-05-28,0,0,10,10
"worldcup_b","Lenovo FIFA","worldcup_msi","msi","MSI World Cup",2023-06-04,0,0,10,10
"worldcup_b","Lenovo FIFA","worldcup_msi","msi","MSI World Cup",2023-06-11,0,0,10,10
"worldcup_b","Lenovo FIFA","worldcup_msi","msi","MSI World Cup",2023-06-18,0,0,10,10
"worldcup_b","Lenovo FIFA","worldcup_msi","msi","MSI World Cup",2023-06-25,0,0,10,10
"worldcup_b","Lenovo FIFA","worldcup_msi","msi","MSI World Cup",2023-07-02,0,0,10,10
"worldcup_b","Lenovo FIFA","worldcup_msi","msi","MSI World Cup",2023-07-09,0,0,10,10
"worldcup_b","Lenovo FIFA","worldcup_msi","msi","MSI World Cup",2023-07-16,0,0,10,0
"worldcup_b","Lenovo FIFA","worldcup_msi","msi","MSI World Cup",2023-07-23,0,0,10,0
"worldcup_b","Lenovo FIFA","worldcup_msi","msi","MSI World Cup",2023-07-30,0,0,10,0
"worldcup_b","Lenovo FIFA","worldcup_msi","msi","MSI World Cup",2023-08-06,0,0,10,10
"worldcup_b","Lenovo FIFA","worldcup_msi","msi","MSI World Cup",2023-08-13,0,0,10,0
"worldcup_b","Lenovo FIFA","worldcup_msi","msi","MSI World Cup",2023-08-20,0,0,10,0
"worldcup_b","Lenovo FIFA","worldcup_msi","msi","MSI World Cup",2023-08-27,0,0,10,10
"worldcup_b","Lenovo FIFA","worldcup_msi","msi","MSI World Cup",2023-09-03,0,0,10,0
"worldcup_b","Lenovo FIFA","worldcup_msi","msi","MSI World Cup",2023-09-10,0,0,10,10
"worldcup_b","Lenovo FIFA","worldcup_msi","msi","MSI World Cup",2023-09-17,0,0,10,0
"worldcup_b","Lenovo FIFA","worldcup_msi","msi","MSI World Cup",2023-09-24,0,0,10,10
"worldcup_b","Lenovo FIFA","worldcup_msi","msi","MSI World Cup",2023-10-01,0,0,10,0
"worldcup_b","Lenovo FIFA","worldcup_msi","msi","MSI World Cup",2023-10-08,0,0,10,0
"worldcup_b","Lenovo FIFA","worldcup_msi","msi","MSI World Cup",2023-10-15,0,0,10,0
"worldcup_b","Lenovo FIFA","worldcup_msi","msi","MSI World Cup",2023-10-22,0,0,10,0
"worldcup_b","Lenovo FIFA","worldcup_msi","msi","MSI World Cup",2023-10-29,0,0,10,0
"worldcup_b","Lenovo FIFA","worldcup_msi","msi","MSI World Cup",2023-11-05,0,0,10,0
"worldcup_b","Lenovo FIFA","worldcup_msi","msi","MSI World Cup",2023-11-12,0,0,10,0
"worldcup_b","Lenovo FIFA","worldcup_msi","msi","MSI World Cup",2023-11-19,0,0,10,0
"worldcup_b","Lenovo FIFA","worldcup_msi","msi","MSI World Cup",2023-11-26,0,0,10,10
"worldcup_b","Lenovo FIFA","worldcup_msi","msi","MSI World Cup",2023-12-03,0,0,10,10
"worldcup_b","Lenovo FIFA","worldcup_msi","msi","MSI World Cup",2023-12-10,0,0,10,10
"worldcup_b","Lenovo FIFA","worldcup_msi","msi","MSI World Cup",2023-12-17,0,0,10,10
"worldcup_b","Lenovo FIFA","worldcup_msi","msi","MSI World Cup",2023-12-24,0,0,10,10
"worldcup_b","Lenovo FIFA","worldcup_msi","msi","MSI World Cup",2023-12-31,0,0,10,10
"worldcup_b","Lenovo FIFA","worldcup_msi","msi","MSI World Cup",2024-01-07,0,0,10,10
"worldcup_b","Lenovo FIFA","worldcup_msi","msi","MSI World Cup",2024-01-14,0,0,10,10
"worldcup_b","Lenovo FIFA","worldcup_msi","msi","MSI World Cup",2024-01-21,0,0,10,10
"worldcup_b","Lenovo FIFA","worldcup_msi","msi","MSI World Cup",2024-01-28,0,0,10,10
"worldcup_b","Lenovo FIFA","worldcup_msi","msi","MSI World Cup",2024-02-04,0,0,10,10
"worldcup_b","Lenovo FIFA","worldcup_msi","msi","MSI World Cup",2024-02-11,0,0,10,10
"worldcup_b","Lenovo FIFA","worldcup_msi","msi","MSI World Cup",2024-02-18,0,0,10,10
"worldcup_b","Lenovo FIFA","worldcup_msi","msi","MSI World Cup",2024-02-25,0,0,10,10
"worldcup_b","Lenovo FIFA","worldcup_msi","msi","MSI World Cup",2024-03-03,0,0,10,10
"worldcup_b","Lenovo FIFA","worldcup_msi","msi","MSI World Cup",2024-03-10,0,0,10,10
"worldcup_b","Lenovo FIFA","worldcup_msi","msi","MSI World Cup",2024-03-17,0,0,10,10
"worldcup_b","Lenovo FIFA","worldcup_msi","msi","MSI World Cup",2024-03-24,0,0,10,10
"worldcup_b","Lenovo FIFA","worldcup_msi","msi","MSI World Cup",2024-03-31,0,0,10,10
"worldcup_b","Lenovo FIFA","worldcup_msi","msi","MSI World Cup",2024-04-07,0,0,10,10
"worldcup_b","Lenovo FIFA","worldcup_msi","msi","MSI World Cup",2024-04-14,0,0,10,10
"worldcup_b","Lenovo FIFA","worldcup_msi","msi","MSI World Cup",2024-04-21,0,0,10,10
"worldcup_b","Lenovo FIFA","worldcup_msi","msi","MSI World Cup",2024-04-28,0,0,10,10
"worldcup_b","Lenovo FIFA","worldcup_msi","msi","MSI World Cup",2024-05-05,0,0,10,10
"worldcup_b","Lenovo FIFA","worldcup_msi","msi","MSI World Cup",2024-05-12,0,0,10,10
"worldcup_b","Lenovo FIFA","worldcup_msi","msi","MSI World Cup",2024-05-19,0,0,10,10
"worldcup_b","Lenovo FIFA","worldcup_msi","msi","MSI World Cup",2024-05-26,0,0,10,0
"worldcup_b","Lenovo FIFA","worldcup_msi","msi","MSI World Cup",2024-06-02,0,0,10,0
"worldcup_b","Lenovo FIFA","worldcup_msi","msi","MSI World Cup",2024-06-09,0,0,10,10
"worldcup_b","Lenovo FIFA","worldcup_msi","msi","MSI World Cup",2024-06-16,0,0,10,0
"worldcup_b","Lenovo FIFA","worldcup_msi","msi","MSI World Cup",2024-06-23,0,0,10,0
"worldcup_b","Lenovo FIFA","worldcup_msi","msi","MSI World Cup",2024-06-30,0,0,10,0
"worldcup_b","Lenovo FIFA","worldcup_msi","msi","MSI World Cup",2024-07-07,0,0,10,10
"worldcup_b","Lenovo FIFA","worldcup_msi","msi","MSI World Cup",2024-07-14,0,0,10,10
"worldcup_b","Lenovo FIFA","worldcup_msi","msi","MSI World Cup",2024-07-21,0,0,10,10
"worldcup_b","Lenovo FIFA","worldcup_msi","msi","MSI World Cup",2024-07-28,0,0,10,10
"worldcup_b","Lenovo FIFA","worldcup_msi","msi","MSI World Cup",2024-08-04,0,0,10,10
"worldcup_b","Lenovo FIFA","worldcup_msi","msi","MSI World Cup",2024-08-11,0,0,10,10
"worldcup_b","Lenovo FIFA","worldcup_msi","msi","MSI World Cup",2024-08-18,0,0,10,10
"worldcup_b","Lenovo FIFA","worldcup_msi","msi","MSI World Cup",2024-08-25,0,0,10,10
"worldcup_b","Lenovo FIFA","worldcup_msi","msi","MSI World Cup",2024-09-01,0,0,10,10
"worldcup_b","Lenovo FIFA","worldcup_msi","msi","MSI World Cup",2024-09-08,0,0,10,10
"worldcup_b","Lenovo FIFA","worldcup_msi","msi","MSI World Cup",2024-09-15,0,0,10,10
"worldcup_b","Lenovo FIFA","worldcup_msi","msi","MSI World Cup",2024-09-22,0,0,10,10
"worldcup_b","Lenovo FIFA","worldcup_msi","msi","MSI World Cup",2024-09-29,0,0,10,0
"worldcup_b","Lenovo FIFA","worldcup_msi","msi","MSI World Cup",2024-10-06,0,0,10,10
"worldcup_b","Lenovo FIFA","worldcup_msi","msi","MSI World Cup",2024-10-13,0,0,10,10
"worldcup_b","Lenovo FIFA","worldcup_msi","msi","MSI World Cup",2024-10-20,0,0,10,10
"worldcup_b","Lenovo FIFA","worldcup_msi","msi","MSI World Cup",2024-10-27,0,0,10,10
"worldcup_b","Lenovo FIFA","worldcup_msi","msi","MSI World Cup",2024-11-03,0,0,10,10
"worldcup_b","Lenovo FIFA","worldcup_msi","msi","MSI World Cup",2024-11-10,0,0,10,10
"worldcup_b","Lenovo FIFA","worldcup_msi","msi","MSI World Cup",2024-11-17,0,0,10,10
"worldcup_b","Lenovo FIFA","worldcup_msi","msi","MSI World Cup",2024-11-24,0,0,10,10
"worldcup_b","Lenovo FIFA","worldcup_msi","msi","MSI World Cup",2024-12-01,0,0,10,10
"worldcup_b","Lenovo FIFA","worldcup_msi","msi","MSI World Cup",2024-12-08,0,0,10,10
"worldcup_b","Lenovo FIFA","worldcup_msi","msi","MSI World Cup",2024-12-15,0,0,10,10
"worldcup_b","Lenovo FIFA","worldcup_msi","msi","MSI World Cup",2024-12-22,0,0,10,10
"worldcup_b","Lenovo FIFA","worldcup_msi","msi","MSI World Cup",2024-12-29,0,0,10,10
"worldcup_b","Lenovo FIFA","worldcup_msi","msi","MSI World Cup",2025-01-05,0,0,10,10
"worldcup_b","Lenovo FIFA","worldcup_msi","msi","MSI World Cup",2025-01-12,0,0,10,10
"worldcup_b","Lenovo FIFA","worldcup_msi","msi","MSI World Cup",2025-01-19,0,0,10,10
"worldcup_b","Lenovo FIFA","worldcup_msi","msi","MSI World Cup",2025-01-26,0,0,10,10
"worldcup_b","Lenovo FIFA","worldcup_msi","msi","MSI World Cup",2025-02-02,0,0,10,10
"worldcup_b","Lenovo FIFA","worldcup_msi","msi","MSI World Cup",2025-02-09,0,0,10,10
"worldcup_b","Lenovo FIFA","worldcup_msi","msi","MSI World Cup",2025-02-16,0,0,10,10
"worldcup_b","Lenovo FIFA","worldcup_msi","msi","MSI World Cup",2025-02-23,0,0,10,10
"worldcup_b","Lenovo FIFA","worldcup_msi","msi","MSI World Cup",2025-03-02,0,0,10,10
"worldcup_b","Lenovo FIFA","worldcup_msi","msi","MSI World Cup",2025-03-09,0,0,10,10
"worldcup_b","Lenovo FIFA","worldcup_msi","msi","MSI World Cup",2025-03-16,0,0,10,10
"worldcup_b","Lenovo FIFA","worldcup_msi","msi","MSI World Cup",2025-03-23,0,0,10,10
"worldcup_b","Lenovo FIFA","worldcup_msi","msi","MSI World Cup",2025-03-30,0,0,10,10
"worldcup_b","Lenovo FIFA","worldcup_msi","msi","MSI World Cup",2025-04-06,0,0,10,10
"worldcup_b","Lenovo FIFA","worldcup_msi","msi","MSI World Cup",2025-04-13,0,0,10,10
"worldcup_b","Lenovo FIFA","worldcup_msi","msi","MSI World Cup",2025-04-20,0,0,10,10
"worldcup_b","Lenovo FIFA","worldcup_msi","msi","MSI World Cup",2025-04-27,0,0,10,10
"worldcup_b","Lenovo FIFA","worldcup_msi","msi","MSI World Cup",2025-05-04,0,0,10,10
"worldcup_b","Lenovo FIFA","worldcup_msi","msi","MSI World Cup",2025-05-11,0,0,10,10
"worldcup_b","Lenovo FIFA","worldcup_msi","msi","MSI World Cup",2025-05-18,0,0,10,10
"worldcup_b","Lenovo FIFA","worldcup_msi","msi","MSI World Cup",2025-05-25,0,0,10,10
"worldcup_b","Lenovo FIFA","worldcup_msi","msi","MSI World Cup",2025-06-01,0,0,10,10
"worldcup_b","Lenovo FIFA","worldcup_msi","msi","MSI World Cup",2025-06-08,0,0,10,0
"worldcup_b","Lenovo FIFA","worldcup_msi","msi","MSI World Cup",2025-06-15,0,0,10,0
"worldcup_b","Lenovo FIFA","worldcup_msi","msi","MSI World Cup",2025-06-22,0,0,10,0
"worldcup_b","Lenovo FIFA","worldcup_msi","msi","MSI World Cup",2025-06-29,0,0,10,0
"worldcup_b","Lenovo FIFA","worldcup_msi","msi","MSI World Cup",2025-07-06,0,0,10,0
"worldcup_b","Lenovo FIFA","worldcup_msi","msi","MSI World Cup",2025-07-13,0,0,10,0
"worldcup_b","Lenovo FIFA","worldcup_msi","msi","MSI World Cup",2025-07-20,0,0,10,0
"worldcup_b","Lenovo FIFA","worldcup_msi","msi","MSI World Cup",2025-07-27,0,0,10,0
"worldcup_b","Lenovo FIFA","worldcup_msi","msi","MSI World Cup",2025-08-03,0,0,10,0
"worldcup_b","Lenovo FIFA","worldcup_msi","msi","MSI World Cup",2025-08-10,0,0,10,0
"worldcup_b","Lenovo FIFA","worldcup_msi","msi","MSI World Cup",2025-08-17,0,0,10,0
"worldcup_b","Lenovo FIFA","worldcup_msi","msi","MSI World Cup",2025-08-24,0,0,10,0
"worldcup_b","Lenovo FIFA","worldcup_msi","msi","MSI World Cup",2025-08-31,9.694444444444445,0,10,0
"worldcup_b","Lenovo FIFA","worldcup_msi","msi","MSI World Cup",2025-09-07,9.694444444444445,0,10,0
"worldcup_b","Lenovo FIFA","worldcup_msi","msi","MSI World Cup",2025-09-14,0,0,10,0
"worldcup_b","Lenovo FIFA","worldcup_msi","msi","MSI World Cup",2025-09-21,0,0,10,0
"worldcup_b","Lenovo FIFA","worldcup_msi","msi","MSI World Cup",2025-09-28,0,0,10,0
"worldcup_b","Lenovo FIFA","worldcup_msi","msi","MSI World Cup",2025-10-05,0,0,10,0
"worldcup_b","Lenovo FIFA","worldcup_msi","msi","MSI World Cup",2025-10-12,0,0,10,0
"worldcup_b","Lenovo FIFA","worldcup_msi","msi","MSI World Cup",2025-10-19,0,0,10,0
"worldcup_b","Lenovo FIFA","worldcup_msi","msi","MSI World Cup",2025-10-26,0,0,10,0
"worldcup_b","Lenovo FIFA","worldcup_msi","msi","MSI World Cup",2025-11-02,0,0,10,0
"worldcup_b","Lenovo FIFA","worldcup_msi","msi","MSI World Cup",2025-11-09,9.694444444444445,0,10,0
"worldcup_b","Lenovo FIFA","worldcup_msi","msi","MSI World Cup",2025-11-16,0,0,10,0
"worldcup_b","Lenovo FIFA","worldcup_msi","msi","MSI World Cup",2025-11-23,0,0,10,0
"worldcup_b","Lenovo FIFA","worldcup_msi","msi","MSI World Cup",2025-11-30,9.694444444444445,0,10,0
"worldcup_b","Lenovo FIFA","worldcup_msi","msi","MSI World Cup",2025-12-07,0,0,10,0
"worldcup_b","Lenovo FIFA","worldcup_msi","msi","MSI World Cup",2025-12-14,0,0,10,0
"worldcup_b","Lenovo FIFA","worldcup_msi","msi","MSI World Cup",2025-12-21,0,0,10,0
"worldcup_b","Lenovo FIFA","worldcup_msi","msi","MSI World Cup",2025-12-28,0,0,10,0
"worldcup_b","Lenovo FIFA","worldcup_msi","msi","MSI World Cup",2026-01-04,0,0,10,0
"worldcup_b","Lenovo FIFA","worldcup_msi","msi","MSI World Cup",2026-01-11,0,0,10,0
"worldcup_b","Lenovo FIFA","worldcup_msi","msi","MSI World Cup",2026-01-18,0,0,10,0
"worldcup_b","Lenovo FIFA","worldcup_msi","msi","MSI World Cup",2026-01-25,0,0,10,0
"worldcup_b","Lenovo FIFA","worldcup_msi","msi","MSI World Cup",2026-02-01,0,0,10,0
"worldcup_b","Lenovo FIFA","worldcup_msi","msi","MSI World Cup",2026-02-08,0,0,10,0
"worldcup_b","Lenovo FIFA","worldcup_msi","msi","MSI World Cup",2026-02-15,0,0,10,0
"worldcup_b","Lenovo FIFA","worldcup_msi","msi","MSI World Cup",2026-02-22,0,0,10,0
"worldcup_b","Lenovo FIFA","worldcup_msi","msi","MSI World Cup",2026-03-01,0,0,10,0
"worldcup_b","Lenovo FIFA","worldcup_msi","msi","MSI World Cup",2026-03-08,0,0,10,0
"worldcup_b","Lenovo FIFA","worldcup_msi","msi","MSI World Cup",2026-03-15,0,0,10,0
"worldcup_b","Lenovo FIFA","worldcup_msi","msi","MSI World Cup",2026-03-22,0,0,10,0
"worldcup_b","Lenovo FIFA","worldcup_msi","msi","MSI World Cup",2026-03-29,9.694444444444445,0,10,0
"worldcup_b","Lenovo FIFA","worldcup_msi","msi","MSI World Cup",2026-04-05,0,0,10,0
"worldcup_b","Lenovo FIFA","worldcup_msi","msi","MSI World Cup",2026-04-12,0,0,10,0
"worldcup_b","Lenovo FIFA","worldcup_msi","msi","MSI World Cup",2026-04-19,0,0,10,0
"worldcup_b","Lenovo FIFA","worldcup_msi","msi","MSI World Cup",2026-04-26,0,0,10,0
"worldcup_b","Lenovo FIFA","worldcup_msi","msi","MSI World Cup",2026-05-03,0,0,10,0
"worldcup_b","Lenovo FIFA","worldcup_msi","msi","MSI World Cup",2026-05-10,0,0,10,0
"worldcup_b","Lenovo FIFA","worldcup_msi","msi","MSI World Cup",2026-05-17,0,0,10,0
"worldcup_b","Lenovo FIFA","worldcup_msi","msi","MSI World Cup",2026-05-24,9.694444444444445,0,10,0
"worldcup_b","Lenovo FIFA","worldcup_msi","msi","MSI World Cup",2026-05-31,9.694444444444445,0,10,0
"worldcup_b","Lenovo FIFA","worldcup_msi","msi","MSI World Cup",2026-06-07,29.083333333333336,0,10,0
"worldcup_b","Lenovo FIFA","worldcup_msi","msi","MSI World Cup",2026-06-14,38.77777777777778,0,10,0
"worldcup_b","Lenovo FIFA","worldcup_msi","msi","MSI World Cup",2026-06-21,38.77777777777778,0,10,0
"worldcup_b","Lenovo FIFA","worldcup_msi","msi","MSI World Cup",2026-06-28,77.55555555555556,0,10,0
"worldcup_b","Lenovo FIFA","worldcup_msi","msi","MSI World Cup",2026-07-05,58.16666666666667,0,10,0
"worldcup_b","Lenovo FIFA","worldcup_msi","msi","MSI World Cup",2026-07-12,29.083333333333336,0,10,0
"worldcup_b","Lenovo FIFA","worldcup_msi","msi","MSI World Cup",2026-07-19,9.694444444444445,0,10,0
"worldcup_b","Lenovo FIFA","worldcup_msi","msi","MSI World Cup",2026-07-26,0,0,10,0
"worldcup_b","Lenovo FIFA","worldcup_msi","msi","MSI World Cup",2026-08-02,0,0,10,0
"worldcup_b","Lenovo FIFA","worldcup_msi","msi","MSI World Cup",2026-08-09,0,0,10,0
"worldcup_b","Lenovo FIFA","worldcup_msi","msi","MSI World Cup",2026-08-16,0,0,10,0
"worldcup_b","Lenovo FIFA","worldcup_msi","msi","MSI World Cup",2026-08-23,0,0,10,0
"worldcup_b","Lenovo FIFA","worldcup_msi","msi","MSI World Cup",2026-08-30,0,0,10,0
"worldcup_b","Lenovo FIFA","worldcup_msi","msi","MSI World Cup",2026-09-06,0,0,10,0
"worldcup_b","Lenovo FIFA","worldcup_msi","msi","MSI World Cup",2026-09-13,0,0,10,0
"worldcup_b","Lenovo FIFA","worldcup_msi","msi","MSI World Cup",2026-09-20,0,0,10,0
"worldcup_b","Lenovo FIFA","worldcup_msi","msi","MSI World Cup",2026-09-27,0,0,10,0
"worldcup_c","Lenovo FIFA","cobrand_lenovo_fifa","lenovo","Lenovo FIFA",2021-12-26,0,0,10,0
"worldcup_c","Lenovo FIFA","cobrand_lenovo_fifa","lenovo","Lenovo FIFA",2022-01-02,0,0,10,0
"worldcup_c","Lenovo FIFA","cobrand_lenovo_fifa","lenovo","Lenovo FIFA",2022-01-09,0,0,10,0
"worldcup_c","Lenovo FIFA","cobrand_lenovo_fifa","lenovo","Lenovo FIFA",2022-01-16,0,0,10,0
"worldcup_c","Lenovo FIFA","cobrand_lenovo_fifa","lenovo","Lenovo FIFA",2022-01-23,0,0,10,0
"worldcup_c","Lenovo FIFA","cobrand_lenovo_fifa","lenovo","Lenovo FIFA",2022-01-30,0,0,10,0
"worldcup_c","Lenovo FIFA","cobrand_lenovo_fifa","lenovo","Lenovo FIFA",2022-02-06,0,0,10,0
"worldcup_c","Lenovo FIFA","cobrand_lenovo_fifa","lenovo","Lenovo FIFA",2022-02-13,0,0,10,0
"worldcup_c","Lenovo FIFA","cobrand_lenovo_fifa","lenovo","Lenovo FIFA",2022-02-20,0,0,10,0
"worldcup_c","Lenovo FIFA","cobrand_lenovo_fifa","lenovo","Lenovo FIFA",2022-02-27,0,0,10,0
"worldcup_c","Lenovo FIFA","cobrand_lenovo_fifa","lenovo","Lenovo FIFA",2022-03-06,0,0,10,10
"worldcup_c","Lenovo FIFA","cobrand_lenovo_fifa","lenovo","Lenovo FIFA",2022-03-13,0,0,10,0
"worldcup_c","Lenovo FIFA","cobrand_lenovo_fifa","lenovo","Lenovo FIFA",2022-03-20,0,0,10,0
"worldcup_c","Lenovo FIFA","cobrand_lenovo_fifa","lenovo","Lenovo FIFA",2022-03-27,0,0,10,0
"worldcup_c","Lenovo FIFA","cobrand_lenovo_fifa","lenovo","Lenovo FIFA",2022-04-03,0,0,10,0
"worldcup_c","Lenovo FIFA","cobrand_lenovo_fifa","lenovo","Lenovo FIFA",2022-04-10,0,0,10,0
"worldcup_c","Lenovo FIFA","cobrand_lenovo_fifa","lenovo","Lenovo FIFA",2022-04-17,0,0,10,0
"worldcup_c","Lenovo FIFA","cobrand_lenovo_fifa","lenovo","Lenovo FIFA",2022-04-24,0,0,10,0
"worldcup_c","Lenovo FIFA","cobrand_lenovo_fifa","lenovo","Lenovo FIFA",2022-05-01,0,0,10,0
"worldcup_c","Lenovo FIFA","cobrand_lenovo_fifa","lenovo","Lenovo FIFA",2022-05-08,0,0,10,0
"worldcup_c","Lenovo FIFA","cobrand_lenovo_fifa","lenovo","Lenovo FIFA",2022-05-15,0,0,10,0
"worldcup_c","Lenovo FIFA","cobrand_lenovo_fifa","lenovo","Lenovo FIFA",2022-05-22,0,0,10,0
"worldcup_c","Lenovo FIFA","cobrand_lenovo_fifa","lenovo","Lenovo FIFA",2022-05-29,0,0,10,0
"worldcup_c","Lenovo FIFA","cobrand_lenovo_fifa","lenovo","Lenovo FIFA",2022-06-05,0,0,10,0
"worldcup_c","Lenovo FIFA","cobrand_lenovo_fifa","lenovo","Lenovo FIFA",2022-06-12,0,0,10,0
"worldcup_c","Lenovo FIFA","cobrand_lenovo_fifa","lenovo","Lenovo FIFA",2022-06-19,0,0,10,0
"worldcup_c","Lenovo FIFA","cobrand_lenovo_fifa","lenovo","Lenovo FIFA",2022-06-26,0,0,10,0
"worldcup_c","Lenovo FIFA","cobrand_lenovo_fifa","lenovo","Lenovo FIFA",2022-07-03,0,0,10,0
"worldcup_c","Lenovo FIFA","cobrand_lenovo_fifa","lenovo","Lenovo FIFA",2022-07-10,0,0,10,0
"worldcup_c","Lenovo FIFA","cobrand_lenovo_fifa","lenovo","Lenovo FIFA",2022-07-17,0,0,10,0
"worldcup_c","Lenovo FIFA","cobrand_lenovo_fifa","lenovo","Lenovo FIFA",2022-07-24,0,0,10,0
"worldcup_c","Lenovo FIFA","cobrand_lenovo_fifa","lenovo","Lenovo FIFA",2022-07-31,0,0,10,0
"worldcup_c","Lenovo FIFA","cobrand_lenovo_fifa","lenovo","Lenovo FIFA",2022-08-07,0,0,10,0
"worldcup_c","Lenovo FIFA","cobrand_lenovo_fifa","lenovo","Lenovo FIFA",2022-08-14,0,0,10,0
"worldcup_c","Lenovo FIFA","cobrand_lenovo_fifa","lenovo","Lenovo FIFA",2022-08-21,0,0,10,0
"worldcup_c","Lenovo FIFA","cobrand_lenovo_fifa","lenovo","Lenovo FIFA",2022-08-28,0,0,10,0
"worldcup_c","Lenovo FIFA","cobrand_lenovo_fifa","lenovo","Lenovo FIFA",2022-09-04,0,0,10,0
"worldcup_c","Lenovo FIFA","cobrand_lenovo_fifa","lenovo","Lenovo FIFA",2022-09-11,0,0,10,0
"worldcup_c","Lenovo FIFA","cobrand_lenovo_fifa","lenovo","Lenovo FIFA",2022-09-18,0,0,10,0
"worldcup_c","Lenovo FIFA","cobrand_lenovo_fifa","lenovo","Lenovo FIFA",2022-09-25,1.8923076923076922,0,10,0
"worldcup_c","Lenovo FIFA","cobrand_lenovo_fifa","lenovo","Lenovo FIFA",2022-10-02,0,0,10,0
"worldcup_c","Lenovo FIFA","cobrand_lenovo_fifa","lenovo","Lenovo FIFA",2022-10-09,0,0,10,0
"worldcup_c","Lenovo FIFA","cobrand_lenovo_fifa","lenovo","Lenovo FIFA",2022-10-16,0,0,10,0
"worldcup_c","Lenovo FIFA","cobrand_lenovo_fifa","lenovo","Lenovo FIFA",2022-10-23,0,0,10,0
"worldcup_c","Lenovo FIFA","cobrand_lenovo_fifa","lenovo","Lenovo FIFA",2022-10-30,0,0,10,0
"worldcup_c","Lenovo FIFA","cobrand_lenovo_fifa","lenovo","Lenovo FIFA",2022-11-06,0,0,10,0
"worldcup_c","Lenovo FIFA","cobrand_lenovo_fifa","lenovo","Lenovo FIFA",2022-11-13,0,0,10,0
"worldcup_c","Lenovo FIFA","cobrand_lenovo_fifa","lenovo","Lenovo FIFA",2022-11-20,3.7846153846153845,0,10,0
"worldcup_c","Lenovo FIFA","cobrand_lenovo_fifa","lenovo","Lenovo FIFA",2022-11-27,1.8923076923076922,0,10,0
"worldcup_c","Lenovo FIFA","cobrand_lenovo_fifa","lenovo","Lenovo FIFA",2022-12-04,1.8923076923076922,0,10,0
"worldcup_c","Lenovo FIFA","cobrand_lenovo_fifa","lenovo","Lenovo FIFA",2022-12-11,1.8923076923076922,0,10,0
"worldcup_c","Lenovo FIFA","cobrand_lenovo_fifa","lenovo","Lenovo FIFA",2022-12-18,1.8923076923076922,0,10,0
"worldcup_c","Lenovo FIFA","cobrand_lenovo_fifa","lenovo","Lenovo FIFA",2022-12-25,0,0,10,0
"worldcup_c","Lenovo FIFA","cobrand_lenovo_fifa","lenovo","Lenovo FIFA",2023-01-01,0,0,10,0
"worldcup_c","Lenovo FIFA","cobrand_lenovo_fifa","lenovo","Lenovo FIFA",2023-01-08,0,0,10,0
"worldcup_c","Lenovo FIFA","cobrand_lenovo_fifa","lenovo","Lenovo FIFA",2023-01-15,0,0,10,0
"worldcup_c","Lenovo FIFA","cobrand_lenovo_fifa","lenovo","Lenovo FIFA",2023-01-22,0,0,10,0
"worldcup_c","Lenovo FIFA","cobrand_lenovo_fifa","lenovo","Lenovo FIFA",2023-01-29,0,0,10,0
"worldcup_c","Lenovo FIFA","cobrand_lenovo_fifa","lenovo","Lenovo FIFA",2023-02-05,0,0,10,0
"worldcup_c","Lenovo FIFA","cobrand_lenovo_fifa","lenovo","Lenovo FIFA",2023-02-12,0,0,10,0
"worldcup_c","Lenovo FIFA","cobrand_lenovo_fifa","lenovo","Lenovo FIFA",2023-02-19,0,0,10,0
"worldcup_c","Lenovo FIFA","cobrand_lenovo_fifa","lenovo","Lenovo FIFA",2023-02-26,0,0,10,0
"worldcup_c","Lenovo FIFA","cobrand_lenovo_fifa","lenovo","Lenovo FIFA",2023-03-05,0,0,10,0
"worldcup_c","Lenovo FIFA","cobrand_lenovo_fifa","lenovo","Lenovo FIFA",2023-03-12,0,0,10,0
"worldcup_c","Lenovo FIFA","cobrand_lenovo_fifa","lenovo","Lenovo FIFA",2023-03-19,0,0,10,0
"worldcup_c","Lenovo FIFA","cobrand_lenovo_fifa","lenovo","Lenovo FIFA",2023-03-26,0,0,10,0
"worldcup_c","Lenovo FIFA","cobrand_lenovo_fifa","lenovo","Lenovo FIFA",2023-04-02,0,0,10,0
"worldcup_c","Lenovo FIFA","cobrand_lenovo_fifa","lenovo","Lenovo FIFA",2023-04-09,0,0,10,0
"worldcup_c","Lenovo FIFA","cobrand_lenovo_fifa","lenovo","Lenovo FIFA",2023-04-16,0,0,10,0
"worldcup_c","Lenovo FIFA","cobrand_lenovo_fifa","lenovo","Lenovo FIFA",2023-04-23,0,0,10,0
"worldcup_c","Lenovo FIFA","cobrand_lenovo_fifa","lenovo","Lenovo FIFA",2023-04-30,0,0,10,0
"worldcup_c","Lenovo FIFA","cobrand_lenovo_fifa","lenovo","Lenovo FIFA",2023-05-07,0,0,10,0
"worldcup_c","Lenovo FIFA","cobrand_lenovo_fifa","lenovo","Lenovo FIFA",2023-05-14,0,0,10,0
"worldcup_c","Lenovo FIFA","cobrand_lenovo_fifa","lenovo","Lenovo FIFA",2023-05-21,0,0,10,0
"worldcup_c","Lenovo FIFA","cobrand_lenovo_fifa","lenovo","Lenovo FIFA",2023-05-28,0,0,10,0
"worldcup_c","Lenovo FIFA","cobrand_lenovo_fifa","lenovo","Lenovo FIFA",2023-06-04,0,0,10,0
"worldcup_c","Lenovo FIFA","cobrand_lenovo_fifa","lenovo","Lenovo FIFA",2023-06-11,0,0,10,0
"worldcup_c","Lenovo FIFA","cobrand_lenovo_fifa","lenovo","Lenovo FIFA",2023-06-18,0,0,10,0
"worldcup_c","Lenovo FIFA","cobrand_lenovo_fifa","lenovo","Lenovo FIFA",2023-06-25,0,0,10,0
"worldcup_c","Lenovo FIFA","cobrand_lenovo_fifa","lenovo","Lenovo FIFA",2023-07-02,0,0,10,0
"worldcup_c","Lenovo FIFA","cobrand_lenovo_fifa","lenovo","Lenovo FIFA",2023-07-09,0,0,10,0
"worldcup_c","Lenovo FIFA","cobrand_lenovo_fifa","lenovo","Lenovo FIFA",2023-07-16,0,0,10,0
"worldcup_c","Lenovo FIFA","cobrand_lenovo_fifa","lenovo","Lenovo FIFA",2023-07-23,0,0,10,0
"worldcup_c","Lenovo FIFA","cobrand_lenovo_fifa","lenovo","Lenovo FIFA",2023-07-30,0,0,10,0
"worldcup_c","Lenovo FIFA","cobrand_lenovo_fifa","lenovo","Lenovo FIFA",2023-08-06,0,0,10,0
"worldcup_c","Lenovo FIFA","cobrand_lenovo_fifa","lenovo","Lenovo FIFA",2023-08-13,0,0,10,0
"worldcup_c","Lenovo FIFA","cobrand_lenovo_fifa","lenovo","Lenovo FIFA",2023-08-20,0,0,10,0
"worldcup_c","Lenovo FIFA","cobrand_lenovo_fifa","lenovo","Lenovo FIFA",2023-08-27,0,0,10,0
"worldcup_c","Lenovo FIFA","cobrand_lenovo_fifa","lenovo","Lenovo FIFA",2023-09-03,0,0,10,0
"worldcup_c","Lenovo FIFA","cobrand_lenovo_fifa","lenovo","Lenovo FIFA",2023-09-10,0,0,10,0
"worldcup_c","Lenovo FIFA","cobrand_lenovo_fifa","lenovo","Lenovo FIFA",2023-09-17,0,0,10,0
"worldcup_c","Lenovo FIFA","cobrand_lenovo_fifa","lenovo","Lenovo FIFA",2023-09-24,0,0,10,0
"worldcup_c","Lenovo FIFA","cobrand_lenovo_fifa","lenovo","Lenovo FIFA",2023-10-01,0,0,10,0
"worldcup_c","Lenovo FIFA","cobrand_lenovo_fifa","lenovo","Lenovo FIFA",2023-10-08,0,0,10,0
"worldcup_c","Lenovo FIFA","cobrand_lenovo_fifa","lenovo","Lenovo FIFA",2023-10-15,0,0,10,0
"worldcup_c","Lenovo FIFA","cobrand_lenovo_fifa","lenovo","Lenovo FIFA",2023-10-22,0,0,10,0
"worldcup_c","Lenovo FIFA","cobrand_lenovo_fifa","lenovo","Lenovo FIFA",2023-10-29,0,0,10,10
"worldcup_c","Lenovo FIFA","cobrand_lenovo_fifa","lenovo","Lenovo FIFA",2023-11-05,0,0,10,0
"worldcup_c","Lenovo FIFA","cobrand_lenovo_fifa","lenovo","Lenovo FIFA",2023-11-12,0,0,10,0
"worldcup_c","Lenovo FIFA","cobrand_lenovo_fifa","lenovo","Lenovo FIFA",2023-11-19,0,0,10,0
"worldcup_c","Lenovo FIFA","cobrand_lenovo_fifa","lenovo","Lenovo FIFA",2023-11-26,0,0,10,0
"worldcup_c","Lenovo FIFA","cobrand_lenovo_fifa","lenovo","Lenovo FIFA",2023-12-03,0,0,10,0
"worldcup_c","Lenovo FIFA","cobrand_lenovo_fifa","lenovo","Lenovo FIFA",2023-12-10,0,0,10,0
"worldcup_c","Lenovo FIFA","cobrand_lenovo_fifa","lenovo","Lenovo FIFA",2023-12-17,0,0,10,0
"worldcup_c","Lenovo FIFA","cobrand_lenovo_fifa","lenovo","Lenovo FIFA",2023-12-24,0,0,10,0
"worldcup_c","Lenovo FIFA","cobrand_lenovo_fifa","lenovo","Lenovo FIFA",2023-12-31,0,0,10,0
"worldcup_c","Lenovo FIFA","cobrand_lenovo_fifa","lenovo","Lenovo FIFA",2024-01-07,0,0,10,0
"worldcup_c","Lenovo FIFA","cobrand_lenovo_fifa","lenovo","Lenovo FIFA",2024-01-14,0,0,10,0
"worldcup_c","Lenovo FIFA","cobrand_lenovo_fifa","lenovo","Lenovo FIFA",2024-01-21,0,0,10,0
"worldcup_c","Lenovo FIFA","cobrand_lenovo_fifa","lenovo","Lenovo FIFA",2024-01-28,0,0,10,0
"worldcup_c","Lenovo FIFA","cobrand_lenovo_fifa","lenovo","Lenovo FIFA",2024-02-04,0,0,10,10
"worldcup_c","Lenovo FIFA","cobrand_lenovo_fifa","lenovo","Lenovo FIFA",2024-02-11,0,0,10,0
"worldcup_c","Lenovo FIFA","cobrand_lenovo_fifa","lenovo","Lenovo FIFA",2024-02-18,0,0,10,10
"worldcup_c","Lenovo FIFA","cobrand_lenovo_fifa","lenovo","Lenovo FIFA",2024-02-25,0,0,10,0
"worldcup_c","Lenovo FIFA","cobrand_lenovo_fifa","lenovo","Lenovo FIFA",2024-03-03,0,0,10,0
"worldcup_c","Lenovo FIFA","cobrand_lenovo_fifa","lenovo","Lenovo FIFA",2024-03-10,0,0,10,0
"worldcup_c","Lenovo FIFA","cobrand_lenovo_fifa","lenovo","Lenovo FIFA",2024-03-17,0,0,10,0
"worldcup_c","Lenovo FIFA","cobrand_lenovo_fifa","lenovo","Lenovo FIFA",2024-03-24,0,0,10,0
"worldcup_c","Lenovo FIFA","cobrand_lenovo_fifa","lenovo","Lenovo FIFA",2024-03-31,0,0,10,0
"worldcup_c","Lenovo FIFA","cobrand_lenovo_fifa","lenovo","Lenovo FIFA",2024-04-07,0,0,10,10
"worldcup_c","Lenovo FIFA","cobrand_lenovo_fifa","lenovo","Lenovo FIFA",2024-04-14,0,0,10,0
"worldcup_c","Lenovo FIFA","cobrand_lenovo_fifa","lenovo","Lenovo FIFA",2024-04-21,0,0,10,0
"worldcup_c","Lenovo FIFA","cobrand_lenovo_fifa","lenovo","Lenovo FIFA",2024-04-28,0,0,10,0
"worldcup_c","Lenovo FIFA","cobrand_lenovo_fifa","lenovo","Lenovo FIFA",2024-05-05,0,0,10,0
"worldcup_c","Lenovo FIFA","cobrand_lenovo_fifa","lenovo","Lenovo FIFA",2024-05-12,0,0,10,0
"worldcup_c","Lenovo FIFA","cobrand_lenovo_fifa","lenovo","Lenovo FIFA",2024-05-19,0,0,10,0
"worldcup_c","Lenovo FIFA","cobrand_lenovo_fifa","lenovo","Lenovo FIFA",2024-05-26,0,0,10,0
"worldcup_c","Lenovo FIFA","cobrand_lenovo_fifa","lenovo","Lenovo FIFA",2024-06-02,0,0,10,0
"worldcup_c","Lenovo FIFA","cobrand_lenovo_fifa","lenovo","Lenovo FIFA",2024-06-09,0,0,10,0
"worldcup_c","Lenovo FIFA","cobrand_lenovo_fifa","lenovo","Lenovo FIFA",2024-06-16,0,0,10,10
"worldcup_c","Lenovo FIFA","cobrand_lenovo_fifa","lenovo","Lenovo FIFA",2024-06-23,0,0,10,0
"worldcup_c","Lenovo FIFA","cobrand_lenovo_fifa","lenovo","Lenovo FIFA",2024-06-30,0,0,10,0
"worldcup_c","Lenovo FIFA","cobrand_lenovo_fifa","lenovo","Lenovo FIFA",2024-07-07,0,0,10,10
"worldcup_c","Lenovo FIFA","cobrand_lenovo_fifa","lenovo","Lenovo FIFA",2024-07-14,0,0,10,10
"worldcup_c","Lenovo FIFA","cobrand_lenovo_fifa","lenovo","Lenovo FIFA",2024-07-21,0,0,10,10
"worldcup_c","Lenovo FIFA","cobrand_lenovo_fifa","lenovo","Lenovo FIFA",2024-07-28,0,0,10,0
"worldcup_c","Lenovo FIFA","cobrand_lenovo_fifa","lenovo","Lenovo FIFA",2024-08-04,0,0,10,0
"worldcup_c","Lenovo FIFA","cobrand_lenovo_fifa","lenovo","Lenovo FIFA",2024-08-11,0,0,10,0
"worldcup_c","Lenovo FIFA","cobrand_lenovo_fifa","lenovo","Lenovo FIFA",2024-08-18,0,0,10,10
"worldcup_c","Lenovo FIFA","cobrand_lenovo_fifa","lenovo","Lenovo FIFA",2024-08-25,0,0,10,0
"worldcup_c","Lenovo FIFA","cobrand_lenovo_fifa","lenovo","Lenovo FIFA",2024-09-01,0,0,10,0
"worldcup_c","Lenovo FIFA","cobrand_lenovo_fifa","lenovo","Lenovo FIFA",2024-09-08,0,0,10,0
"worldcup_c","Lenovo FIFA","cobrand_lenovo_fifa","lenovo","Lenovo FIFA",2024-09-15,0,0,10,0
"worldcup_c","Lenovo FIFA","cobrand_lenovo_fifa","lenovo","Lenovo FIFA",2024-09-22,0,0,10,0
"worldcup_c","Lenovo FIFA","cobrand_lenovo_fifa","lenovo","Lenovo FIFA",2024-09-29,0,0,10,0
"worldcup_c","Lenovo FIFA","cobrand_lenovo_fifa","lenovo","Lenovo FIFA",2024-10-06,0,0,10,0
"worldcup_c","Lenovo FIFA","cobrand_lenovo_fifa","lenovo","Lenovo FIFA",2024-10-13,0,0,10,0
"worldcup_c","Lenovo FIFA","cobrand_lenovo_fifa","lenovo","Lenovo FIFA",2024-10-20,0,0,10,0
"worldcup_c","Lenovo FIFA","cobrand_lenovo_fifa","lenovo","Lenovo FIFA",2024-10-27,0,0,10,10
"worldcup_c","Lenovo FIFA","cobrand_lenovo_fifa","lenovo","Lenovo FIFA",2024-11-03,0,0,10,0
"worldcup_c","Lenovo FIFA","cobrand_lenovo_fifa","lenovo","Lenovo FIFA",2024-11-10,0,0,10,0
"worldcup_c","Lenovo FIFA","cobrand_lenovo_fifa","lenovo","Lenovo FIFA",2024-11-17,0,0,10,0
"worldcup_c","Lenovo FIFA","cobrand_lenovo_fifa","lenovo","Lenovo FIFA",2024-11-24,0,0,10,0
"worldcup_c","Lenovo FIFA","cobrand_lenovo_fifa","lenovo","Lenovo FIFA",2024-12-01,0,0,10,0
"worldcup_c","Lenovo FIFA","cobrand_lenovo_fifa","lenovo","Lenovo FIFA",2024-12-08,0,0,10,0
"worldcup_c","Lenovo FIFA","cobrand_lenovo_fifa","lenovo","Lenovo FIFA",2024-12-15,0,0,10,0
"worldcup_c","Lenovo FIFA","cobrand_lenovo_fifa","lenovo","Lenovo FIFA",2024-12-22,0,0,10,0
"worldcup_c","Lenovo FIFA","cobrand_lenovo_fifa","lenovo","Lenovo FIFA",2024-12-29,0,0,10,10
"worldcup_c","Lenovo FIFA","cobrand_lenovo_fifa","lenovo","Lenovo FIFA",2025-01-05,0,0,10,0
"worldcup_c","Lenovo FIFA","cobrand_lenovo_fifa","lenovo","Lenovo FIFA",2025-01-12,0,0,10,0
"worldcup_c","Lenovo FIFA","cobrand_lenovo_fifa","lenovo","Lenovo FIFA",2025-01-19,0,0,10,0
"worldcup_c","Lenovo FIFA","cobrand_lenovo_fifa","lenovo","Lenovo FIFA",2025-01-26,0,0,10,0
"worldcup_c","Lenovo FIFA","cobrand_lenovo_fifa","lenovo","Lenovo FIFA",2025-02-02,0,0,10,0
"worldcup_c","Lenovo FIFA","cobrand_lenovo_fifa","lenovo","Lenovo FIFA",2025-02-09,0,0,10,10
"worldcup_c","Lenovo FIFA","cobrand_lenovo_fifa","lenovo","Lenovo FIFA",2025-02-16,0,0,10,0
"worldcup_c","Lenovo FIFA","cobrand_lenovo_fifa","lenovo","Lenovo FIFA",2025-02-23,0,0,10,0
"worldcup_c","Lenovo FIFA","cobrand_lenovo_fifa","lenovo","Lenovo FIFA",2025-03-02,0,0,10,0
"worldcup_c","Lenovo FIFA","cobrand_lenovo_fifa","lenovo","Lenovo FIFA",2025-03-09,0,0,10,0
"worldcup_c","Lenovo FIFA","cobrand_lenovo_fifa","lenovo","Lenovo FIFA",2025-03-16,0,0,10,0
"worldcup_c","Lenovo FIFA","cobrand_lenovo_fifa","lenovo","Lenovo FIFA",2025-03-23,0,0,10,0
"worldcup_c","Lenovo FIFA","cobrand_lenovo_fifa","lenovo","Lenovo FIFA",2025-03-30,0,0,10,0
"worldcup_c","Lenovo FIFA","cobrand_lenovo_fifa","lenovo","Lenovo FIFA",2025-04-06,0,0,10,0
"worldcup_c","Lenovo FIFA","cobrand_lenovo_fifa","lenovo","Lenovo FIFA",2025-04-13,0,0,10,0
"worldcup_c","Lenovo FIFA","cobrand_lenovo_fifa","lenovo","Lenovo FIFA",2025-04-20,0,0,10,0
"worldcup_c","Lenovo FIFA","cobrand_lenovo_fifa","lenovo","Lenovo FIFA",2025-04-27,0,0,10,0
"worldcup_c","Lenovo FIFA","cobrand_lenovo_fifa","lenovo","Lenovo FIFA",2025-05-04,0,0,10,10
"worldcup_c","Lenovo FIFA","cobrand_lenovo_fifa","lenovo","Lenovo FIFA",2025-05-11,0,0,10,0
"worldcup_c","Lenovo FIFA","cobrand_lenovo_fifa","lenovo","Lenovo FIFA",2025-05-18,0,0,10,10
"worldcup_c","Lenovo FIFA","cobrand_lenovo_fifa","lenovo","Lenovo FIFA",2025-05-25,0,0,10,0
"worldcup_c","Lenovo FIFA","cobrand_lenovo_fifa","lenovo","Lenovo FIFA",2025-06-01,0,0,10,0
"worldcup_c","Lenovo FIFA","cobrand_lenovo_fifa","lenovo","Lenovo FIFA",2025-06-08,0,0,10,0
"worldcup_c","Lenovo FIFA","cobrand_lenovo_fifa","lenovo","Lenovo FIFA",2025-06-15,0,0,10,0
"worldcup_c","Lenovo FIFA","cobrand_lenovo_fifa","lenovo","Lenovo FIFA",2025-06-22,0,0,10,0
"worldcup_c","Lenovo FIFA","cobrand_lenovo_fifa","lenovo","Lenovo FIFA",2025-06-29,0,0,10,0
"worldcup_c","Lenovo FIFA","cobrand_lenovo_fifa","lenovo","Lenovo FIFA",2025-07-06,0,0,10,0
"worldcup_c","Lenovo FIFA","cobrand_lenovo_fifa","lenovo","Lenovo FIFA",2025-07-13,1.8923076923076922,0,10,0
"worldcup_c","Lenovo FIFA","cobrand_lenovo_fifa","lenovo","Lenovo FIFA",2025-07-20,1.8923076923076922,0,10,0
"worldcup_c","Lenovo FIFA","cobrand_lenovo_fifa","lenovo","Lenovo FIFA",2025-07-27,1.8923076923076922,0,10,0
"worldcup_c","Lenovo FIFA","cobrand_lenovo_fifa","lenovo","Lenovo FIFA",2025-08-03,1.8923076923076922,0,10,0
"worldcup_c","Lenovo FIFA","cobrand_lenovo_fifa","lenovo","Lenovo FIFA",2025-08-10,1.8923076923076922,0,10,0
"worldcup_c","Lenovo FIFA","cobrand_lenovo_fifa","lenovo","Lenovo FIFA",2025-08-17,1.8923076923076922,0,10,0
"worldcup_c","Lenovo FIFA","cobrand_lenovo_fifa","lenovo","Lenovo FIFA",2025-08-24,3.7846153846153845,0,10,0
"worldcup_c","Lenovo FIFA","cobrand_lenovo_fifa","lenovo","Lenovo FIFA",2025-08-31,5.676923076923076,0,10,0
"worldcup_c","Lenovo FIFA","cobrand_lenovo_fifa","lenovo","Lenovo FIFA",2025-09-07,5.676923076923076,0,10,0
"worldcup_c","Lenovo FIFA","cobrand_lenovo_fifa","lenovo","Lenovo FIFA",2025-09-14,3.7846153846153845,0,10,0
"worldcup_c","Lenovo FIFA","cobrand_lenovo_fifa","lenovo","Lenovo FIFA",2025-09-21,3.7846153846153845,0,10,0
"worldcup_c","Lenovo FIFA","cobrand_lenovo_fifa","lenovo","Lenovo FIFA",2025-09-28,3.7846153846153845,0,10,0
"worldcup_c","Lenovo FIFA","cobrand_lenovo_fifa","lenovo","Lenovo FIFA",2025-10-05,3.7846153846153845,0,10,0
"worldcup_c","Lenovo FIFA","cobrand_lenovo_fifa","lenovo","Lenovo FIFA",2025-10-12,3.7846153846153845,0,10,0
"worldcup_c","Lenovo FIFA","cobrand_lenovo_fifa","lenovo","Lenovo FIFA",2025-10-19,1.8923076923076922,0,10,0
"worldcup_c","Lenovo FIFA","cobrand_lenovo_fifa","lenovo","Lenovo FIFA",2025-10-26,1.8923076923076922,0,10,0
"worldcup_c","Lenovo FIFA","cobrand_lenovo_fifa","lenovo","Lenovo FIFA",2025-11-02,3.7846153846153845,0,10,0
"worldcup_c","Lenovo FIFA","cobrand_lenovo_fifa","lenovo","Lenovo FIFA",2025-11-09,5.676923076923076,0,10,0
"worldcup_c","Lenovo FIFA","cobrand_lenovo_fifa","lenovo","Lenovo FIFA",2025-11-16,5.676923076923076,0,10,0
"worldcup_c","Lenovo FIFA","cobrand_lenovo_fifa","lenovo","Lenovo FIFA",2025-11-23,3.7846153846153845,0,10,0
"worldcup_c","Lenovo FIFA","cobrand_lenovo_fifa","lenovo","Lenovo FIFA",2025-11-30,7.569230769230769,0,10,0
"worldcup_c","Lenovo FIFA","cobrand_lenovo_fifa","lenovo","Lenovo FIFA",2025-12-07,5.676923076923076,0,10,0
"worldcup_c","Lenovo FIFA","cobrand_lenovo_fifa","lenovo","Lenovo FIFA",2025-12-14,3.7846153846153845,0,10,0
"worldcup_c","Lenovo FIFA","cobrand_lenovo_fifa","lenovo","Lenovo FIFA",2025-12-21,1.8923076923076922,0,10,0
"worldcup_c","Lenovo FIFA","cobrand_lenovo_fifa","lenovo","Lenovo FIFA",2025-12-28,1.8923076923076922,0,10,0
"worldcup_c","Lenovo FIFA","cobrand_lenovo_fifa","lenovo","Lenovo FIFA",2026-01-04,1.8923076923076922,0,10,0
"worldcup_c","Lenovo FIFA","cobrand_lenovo_fifa","lenovo","Lenovo FIFA",2026-01-11,1.8923076923076922,0,10,0
"worldcup_c","Lenovo FIFA","cobrand_lenovo_fifa","lenovo","Lenovo FIFA",2026-01-18,1.8923076923076922,0,10,0
"worldcup_c","Lenovo FIFA","cobrand_lenovo_fifa","lenovo","Lenovo FIFA",2026-01-25,1.8923076923076922,0,10,0
"worldcup_c","Lenovo FIFA","cobrand_lenovo_fifa","lenovo","Lenovo FIFA",2026-02-01,1.8923076923076922,0,10,0
"worldcup_c","Lenovo FIFA","cobrand_lenovo_fifa","lenovo","Lenovo FIFA",2026-02-08,1.8923076923076922,0,10,0
"worldcup_c","Lenovo FIFA","cobrand_lenovo_fifa","lenovo","Lenovo FIFA",2026-02-15,1.8923076923076922,0,10,0
"worldcup_c","Lenovo FIFA","cobrand_lenovo_fifa","lenovo","Lenovo FIFA",2026-02-22,1.8923076923076922,0,10,0
"worldcup_c","Lenovo FIFA","cobrand_lenovo_fifa","lenovo","Lenovo FIFA",2026-03-01,1.8923076923076922,0,10,0
"worldcup_c","Lenovo FIFA","cobrand_lenovo_fifa","lenovo","Lenovo FIFA",2026-03-08,1.8923076923076922,0,10,0
"worldcup_c","Lenovo FIFA","cobrand_lenovo_fifa","lenovo","Lenovo FIFA",2026-03-15,1.8923076923076922,0,10,0
"worldcup_c","Lenovo FIFA","cobrand_lenovo_fifa","lenovo","Lenovo FIFA",2026-03-22,3.7846153846153845,0,10,0
"worldcup_c","Lenovo FIFA","cobrand_lenovo_fifa","lenovo","Lenovo FIFA",2026-03-29,5.676923076923076,0,10,0
"worldcup_c","Lenovo FIFA","cobrand_lenovo_fifa","lenovo","Lenovo FIFA",2026-04-05,3.7846153846153845,0,10,0
"worldcup_c","Lenovo FIFA","cobrand_lenovo_fifa","lenovo","Lenovo FIFA",2026-04-12,3.7846153846153845,0,10,0
"worldcup_c","Lenovo FIFA","cobrand_lenovo_fifa","lenovo","Lenovo FIFA",2026-04-19,3.7846153846153845,0,10,0
"worldcup_c","Lenovo FIFA","cobrand_lenovo_fifa","lenovo","Lenovo FIFA",2026-04-26,3.7846153846153845,0,10,0
"worldcup_c","Lenovo FIFA","cobrand_lenovo_fifa","lenovo","Lenovo FIFA",2026-05-03,3.7846153846153845,0,10,0
"worldcup_c","Lenovo FIFA","cobrand_lenovo_fifa","lenovo","Lenovo FIFA",2026-05-10,5.676923076923076,0,10,0
"worldcup_c","Lenovo FIFA","cobrand_lenovo_fifa","lenovo","Lenovo FIFA",2026-05-17,7.569230769230769,0,10,0
"worldcup_c","Lenovo FIFA","cobrand_lenovo_fifa","lenovo","Lenovo FIFA",2026-05-24,7.569230769230769,0,10,0
"worldcup_c","Lenovo FIFA","cobrand_lenovo_fifa","lenovo","Lenovo FIFA",2026-05-31,15.138461538461538,0,10,0
"worldcup_c","Lenovo FIFA","cobrand_lenovo_fifa","lenovo","Lenovo FIFA",2026-06-07,39.738461538461536,0,10,0
"worldcup_c","Lenovo FIFA","cobrand_lenovo_fifa","lenovo","Lenovo FIFA",2026-06-14,41.63076923076923,0,10,0
"worldcup_c","Lenovo FIFA","cobrand_lenovo_fifa","lenovo","Lenovo FIFA",2026-06-21,45.41538461538461,0,10,0
"worldcup_c","Lenovo FIFA","cobrand_lenovo_fifa","lenovo","Lenovo FIFA",2026-06-28,54.87692307692307,0,10,0
"worldcup_c","Lenovo FIFA","cobrand_lenovo_fifa","lenovo","Lenovo FIFA",2026-07-05,41.63076923076923,0,10,0
"worldcup_c","Lenovo FIFA","cobrand_lenovo_fifa","lenovo","Lenovo FIFA",2026-07-12,30.276923076923076,0,10,0
"worldcup_c","Lenovo FIFA","cobrand_lenovo_fifa","lenovo","Lenovo FIFA",2026-07-19,18.923076923076923,0,10,0
"worldcup_c","Lenovo FIFA","cobrand_lenovo_fifa","lenovo","Lenovo FIFA",2026-07-26,5.676923076923076,0,10,0
"worldcup_c","Lenovo FIFA","cobrand_lenovo_fifa","lenovo","Lenovo FIFA",2026-08-02,3.7846153846153845,0,10,0
"worldcup_c","Lenovo FIFA","cobrand_lenovo_fifa","lenovo","Lenovo FIFA",2026-08-09,3.7846153846153845,0,10,0
"worldcup_c","Lenovo FIFA","cobrand_lenovo_fifa","lenovo","Lenovo FIFA",2026-08-16,3.7846153846153845,0,10,0
"worldcup_c","Lenovo FIFA","cobrand_lenovo_fifa","lenovo","Lenovo FIFA",2026-08-23,3.7846153846153845,0,10,0
"worldcup_c","Lenovo FIFA","cobrand_lenovo_fifa","lenovo","Lenovo FIFA",2026-08-30,3.7846153846153845,0,10,0
"worldcup_c","Lenovo FIFA","cobrand_lenovo_fifa","lenovo","Lenovo FIFA",2026-09-06,1.8923076923076922,0,10,0
"worldcup_c","Lenovo FIFA","cobrand_lenovo_fifa","lenovo","Lenovo FIFA",2026-09-13,1.8923076923076922,0,10,0
"worldcup_c","Lenovo FIFA","cobrand_lenovo_fifa","lenovo","Lenovo FIFA",2026-09-20,1.8923076923076922,0,10,0
"worldcup_c","Lenovo FIFA","cobrand_lenovo_fifa","lenovo","Lenovo FIFA",2026-09-27,1.8923076923076922,0,10,0
"worldcup_c","Lenovo FIFA","worldcup_huawei","huawei","Huawei World Cup",2021-12-26,0,0,10,10
"worldcup_c","Lenovo FIFA","worldcup_huawei","huawei","Huawei World Cup",2022-01-02,0,0,10,10
"worldcup_c","Lenovo FIFA","worldcup_huawei","huawei","Huawei World Cup",2022-01-09,0,0,10,10
"worldcup_c","Lenovo FIFA","worldcup_huawei","huawei","Huawei World Cup",2022-01-16,0,0,10,10
"worldcup_c","Lenovo FIFA","worldcup_huawei","huawei","Huawei World Cup",2022-01-23,0,0,10,10
"worldcup_c","Lenovo FIFA","worldcup_huawei","huawei","Huawei World Cup",2022-01-30,0,0,10,10
"worldcup_c","Lenovo FIFA","worldcup_huawei","huawei","Huawei World Cup",2022-02-06,0,0,10,10
"worldcup_c","Lenovo FIFA","worldcup_huawei","huawei","Huawei World Cup",2022-02-13,0,0,10,10
"worldcup_c","Lenovo FIFA","worldcup_huawei","huawei","Huawei World Cup",2022-02-20,0,0,10,10
"worldcup_c","Lenovo FIFA","worldcup_huawei","huawei","Huawei World Cup",2022-02-27,0,0,10,10
"worldcup_c","Lenovo FIFA","worldcup_huawei","huawei","Huawei World Cup",2022-03-06,0,0,10,10
"worldcup_c","Lenovo FIFA","worldcup_huawei","huawei","Huawei World Cup",2022-03-13,0,0,10,10
"worldcup_c","Lenovo FIFA","worldcup_huawei","huawei","Huawei World Cup",2022-03-20,0,0,10,0
"worldcup_c","Lenovo FIFA","worldcup_huawei","huawei","Huawei World Cup",2022-03-27,0,0,10,0
"worldcup_c","Lenovo FIFA","worldcup_huawei","huawei","Huawei World Cup",2022-04-03,0,0,10,10
"worldcup_c","Lenovo FIFA","worldcup_huawei","huawei","Huawei World Cup",2022-04-10,0,0,10,10
"worldcup_c","Lenovo FIFA","worldcup_huawei","huawei","Huawei World Cup",2022-04-17,0,0,10,0
"worldcup_c","Lenovo FIFA","worldcup_huawei","huawei","Huawei World Cup",2022-04-24,0,0,10,10
"worldcup_c","Lenovo FIFA","worldcup_huawei","huawei","Huawei World Cup",2022-05-01,0,0,10,10
"worldcup_c","Lenovo FIFA","worldcup_huawei","huawei","Huawei World Cup",2022-05-08,0,0,10,10
"worldcup_c","Lenovo FIFA","worldcup_huawei","huawei","Huawei World Cup",2022-05-15,0,0,10,10
"worldcup_c","Lenovo FIFA","worldcup_huawei","huawei","Huawei World Cup",2022-05-22,0,0,10,10
"worldcup_c","Lenovo FIFA","worldcup_huawei","huawei","Huawei World Cup",2022-05-29,0,0,10,10
"worldcup_c","Lenovo FIFA","worldcup_huawei","huawei","Huawei World Cup",2022-06-05,0,0,10,10
"worldcup_c","Lenovo FIFA","worldcup_huawei","huawei","Huawei World Cup",2022-06-12,0,0,10,10
"worldcup_c","Lenovo FIFA","worldcup_huawei","huawei","Huawei World Cup",2022-06-19,0,0,10,10
"worldcup_c","Lenovo FIFA","worldcup_huawei","huawei","Huawei World Cup",2022-06-26,0,0,10,10
"worldcup_c","Lenovo FIFA","worldcup_huawei","huawei","Huawei World Cup",2022-07-03,0,0,10,10
"worldcup_c","Lenovo FIFA","worldcup_huawei","huawei","Huawei World Cup",2022-07-10,0,0,10,10
"worldcup_c","Lenovo FIFA","worldcup_huawei","huawei","Huawei World Cup",2022-07-17,0,0,10,10
"worldcup_c","Lenovo FIFA","worldcup_huawei","huawei","Huawei World Cup",2022-07-24,0,0,10,10
"worldcup_c","Lenovo FIFA","worldcup_huawei","huawei","Huawei World Cup",2022-07-31,0,0,10,10
"worldcup_c","Lenovo FIFA","worldcup_huawei","huawei","Huawei World Cup",2022-08-07,0,0,10,10
"worldcup_c","Lenovo FIFA","worldcup_huawei","huawei","Huawei World Cup",2022-08-14,0,0,10,0
"worldcup_c","Lenovo FIFA","worldcup_huawei","huawei","Huawei World Cup",2022-08-21,0,0,10,10
"worldcup_c","Lenovo FIFA","worldcup_huawei","huawei","Huawei World Cup",2022-08-28,0,0,10,10
"worldcup_c","Lenovo FIFA","worldcup_huawei","huawei","Huawei World Cup",2022-09-04,0,0,10,10
"worldcup_c","Lenovo FIFA","worldcup_huawei","huawei","Huawei World Cup",2022-09-11,0,0,10,10
"worldcup_c","Lenovo FIFA","worldcup_huawei","huawei","Huawei World Cup",2022-09-18,0,0,10,10
"worldcup_c","Lenovo FIFA","worldcup_huawei","huawei","Huawei World Cup",2022-09-25,0,0,10,0
"worldcup_c","Lenovo FIFA","worldcup_huawei","huawei","Huawei World Cup",2022-10-02,0,0,10,0
"worldcup_c","Lenovo FIFA","worldcup_huawei","huawei","Huawei World Cup",2022-10-09,0,0,10,0
"worldcup_c","Lenovo FIFA","worldcup_huawei","huawei","Huawei World Cup",2022-10-16,0,0,10,0
"worldcup_c","Lenovo FIFA","worldcup_huawei","huawei","Huawei World Cup",2022-10-23,0,0,10,0
"worldcup_c","Lenovo FIFA","worldcup_huawei","huawei","Huawei World Cup",2022-10-30,0,0,10,0
"worldcup_c","Lenovo FIFA","worldcup_huawei","huawei","Huawei World Cup",2022-11-06,1.8923076923076922,0,10,0
"worldcup_c","Lenovo FIFA","worldcup_huawei","huawei","Huawei World Cup",2022-11-13,1.8923076923076922,0,10,0
"worldcup_c","Lenovo FIFA","worldcup_huawei","huawei","Huawei World Cup",2022-11-20,5.676923076923076,0,10,0
"worldcup_c","Lenovo FIFA","worldcup_huawei","huawei","Huawei World Cup",2022-11-27,5.676923076923076,0,10,0
"worldcup_c","Lenovo FIFA","worldcup_huawei","huawei","Huawei World Cup",2022-12-04,3.7846153846153845,0,10,0
"worldcup_c","Lenovo FIFA","worldcup_huawei","huawei","Huawei World Cup",2022-12-11,1.8923076923076922,0,10,0
"worldcup_c","Lenovo FIFA","worldcup_huawei","huawei","Huawei World Cup",2022-12-18,1.8923076923076922,0,10,0
"worldcup_c","Lenovo FIFA","worldcup_huawei","huawei","Huawei World Cup",2022-12-25,0,0,10,0
"worldcup_c","Lenovo FIFA","worldcup_huawei","huawei","Huawei World Cup",2023-01-01,0,0,10,0
"worldcup_c","Lenovo FIFA","worldcup_huawei","huawei","Huawei World Cup",2023-01-08,0,0,10,0
"worldcup_c","Lenovo FIFA","worldcup_huawei","huawei","Huawei World Cup",2023-01-15,0,0,10,0
"worldcup_c","Lenovo FIFA","worldcup_huawei","huawei","Huawei World Cup",2023-01-22,0,0,10,0
"worldcup_c","Lenovo FIFA","worldcup_huawei","huawei","Huawei World Cup",2023-01-29,0,0,10,10
"worldcup_c","Lenovo FIFA","worldcup_huawei","huawei","Huawei World Cup",2023-02-05,0,0,10,0
"worldcup_c","Lenovo FIFA","worldcup_huawei","huawei","Huawei World Cup",2023-02-12,0,0,10,0
"worldcup_c","Lenovo FIFA","worldcup_huawei","huawei","Huawei World Cup",2023-02-19,0,0,10,0
"worldcup_c","Lenovo FIFA","worldcup_huawei","huawei","Huawei World Cup",2023-02-26,0,0,10,0
"worldcup_c","Lenovo FIFA","worldcup_huawei","huawei","Huawei World Cup",2023-03-05,0,0,10,10
"worldcup_c","Lenovo FIFA","worldcup_huawei","huawei","Huawei World Cup",2023-03-12,0,0,10,10
"worldcup_c","Lenovo FIFA","worldcup_huawei","huawei","Huawei World Cup",2023-03-19,0,0,10,0
"worldcup_c","Lenovo FIFA","worldcup_huawei","huawei","Huawei World Cup",2023-03-26,0,0,10,10
"worldcup_c","Lenovo FIFA","worldcup_huawei","huawei","Huawei World Cup",2023-04-02,0,0,10,10
"worldcup_c","Lenovo FIFA","worldcup_huawei","huawei","Huawei World Cup",2023-04-09,0,0,10,0
"worldcup_c","Lenovo FIFA","worldcup_huawei","huawei","Huawei World Cup",2023-04-16,0,0,10,10
"worldcup_c","Lenovo FIFA","worldcup_huawei","huawei","Huawei World Cup",2023-04-23,0,0,10,10
"worldcup_c","Lenovo FIFA","worldcup_huawei","huawei","Huawei World Cup",2023-04-30,0,0,10,10
"worldcup_c","Lenovo FIFA","worldcup_huawei","huawei","Huawei World Cup",2023-05-07,0,0,10,0
"worldcup_c","Lenovo FIFA","worldcup_huawei","huawei","Huawei World Cup",2023-05-14,0,0,10,10
"worldcup_c","Lenovo FIFA","worldcup_huawei","huawei","Huawei World Cup",2023-05-21,0,0,10,10
"worldcup_c","Lenovo FIFA","worldcup_huawei","huawei","Huawei World Cup",2023-05-28,0,0,10,10
"worldcup_c","Lenovo FIFA","worldcup_huawei","huawei","Huawei World Cup",2023-06-04,0,0,10,10
"worldcup_c","Lenovo FIFA","worldcup_huawei","huawei","Huawei World Cup",2023-06-11,0,0,10,10
"worldcup_c","Lenovo FIFA","worldcup_huawei","huawei","Huawei World Cup",2023-06-18,0,0,10,0
"worldcup_c","Lenovo FIFA","worldcup_huawei","huawei","Huawei World Cup",2023-06-25,0,0,10,0
"worldcup_c","Lenovo FIFA","worldcup_huawei","huawei","Huawei World Cup",2023-07-02,0,0,10,0
"worldcup_c","Lenovo FIFA","worldcup_huawei","huawei","Huawei World Cup",2023-07-09,0,0,10,10
"worldcup_c","Lenovo FIFA","worldcup_huawei","huawei","Huawei World Cup",2023-07-16,0,0,10,0
"worldcup_c","Lenovo FIFA","worldcup_huawei","huawei","Huawei World Cup",2023-07-23,0,0,10,0
"worldcup_c","Lenovo FIFA","worldcup_huawei","huawei","Huawei World Cup",2023-07-30,0,0,10,0
"worldcup_c","Lenovo FIFA","worldcup_huawei","huawei","Huawei World Cup",2023-08-06,0,0,10,0
"worldcup_c","Lenovo FIFA","worldcup_huawei","huawei","Huawei World Cup",2023-08-13,0,0,10,0
"worldcup_c","Lenovo FIFA","worldcup_huawei","huawei","Huawei World Cup",2023-08-20,0,0,10,0
"worldcup_c","Lenovo FIFA","worldcup_huawei","huawei","Huawei World Cup",2023-08-27,0,0,10,0
"worldcup_c","Lenovo FIFA","worldcup_huawei","huawei","Huawei World Cup",2023-09-03,0,0,10,0
"worldcup_c","Lenovo FIFA","worldcup_huawei","huawei","Huawei World Cup",2023-09-10,0,0,10,0
"worldcup_c","Lenovo FIFA","worldcup_huawei","huawei","Huawei World Cup",2023-09-17,0,0,10,0
"worldcup_c","Lenovo FIFA","worldcup_huawei","huawei","Huawei World Cup",2023-09-24,0,0,10,0
"worldcup_c","Lenovo FIFA","worldcup_huawei","huawei","Huawei World Cup",2023-10-01,0,0,10,0
"worldcup_c","Lenovo FIFA","worldcup_huawei","huawei","Huawei World Cup",2023-10-08,1.8923076923076922,0,10,0
"worldcup_c","Lenovo FIFA","worldcup_huawei","huawei","Huawei World Cup",2023-10-15,1.8923076923076922,0,10,0
"worldcup_c","Lenovo FIFA","worldcup_huawei","huawei","Huawei World Cup",2023-10-22,1.8923076923076922,0,10,0
"worldcup_c","Lenovo FIFA","worldcup_huawei","huawei","Huawei World Cup",2023-10-29,1.8923076923076922,0,10,0
"worldcup_c","Lenovo FIFA","worldcup_huawei","huawei","Huawei World Cup",2023-11-05,1.8923076923076922,0,10,0
"worldcup_c","Lenovo FIFA","worldcup_huawei","huawei","Huawei World Cup",2023-11-12,0,0,10,0
"worldcup_c","Lenovo FIFA","worldcup_huawei","huawei","Huawei World Cup",2023-11-19,0,0,10,0
"worldcup_c","Lenovo FIFA","worldcup_huawei","huawei","Huawei World Cup",2023-11-26,0,0,10,10
"worldcup_c","Lenovo FIFA","worldcup_huawei","huawei","Huawei World Cup",2023-12-03,0,0,10,10
"worldcup_c","Lenovo FIFA","worldcup_huawei","huawei","Huawei World Cup",2023-12-10,0,0,10,10
"worldcup_c","Lenovo FIFA","worldcup_huawei","huawei","Huawei World Cup",2023-12-17,0,0,10,10
"worldcup_c","Lenovo FIFA","worldcup_huawei","huawei","Huawei World Cup",2023-12-24,0,0,10,10
"worldcup_c","Lenovo FIFA","worldcup_huawei","huawei","Huawei World Cup",2023-12-31,0,0,10,10
"worldcup_c","Lenovo FIFA","worldcup_huawei","huawei","Huawei World Cup",2024-01-07,0,0,10,10
"worldcup_c","Lenovo FIFA","worldcup_huawei","huawei","Huawei World Cup",2024-01-14,0,0,10,10
"worldcup_c","Lenovo FIFA","worldcup_huawei","huawei","Huawei World Cup",2024-01-21,0,0,10,10
"worldcup_c","Lenovo FIFA","worldcup_huawei","huawei","Huawei World Cup",2024-01-28,0,0,10,10
"worldcup_c","Lenovo FIFA","worldcup_huawei","huawei","Huawei World Cup",2024-02-04,0,0,10,10
"worldcup_c","Lenovo FIFA","worldcup_huawei","huawei","Huawei World Cup",2024-02-11,0,0,10,10
"worldcup_c","Lenovo FIFA","worldcup_huawei","huawei","Huawei World Cup",2024-02-18,0,0,10,10
"worldcup_c","Lenovo FIFA","worldcup_huawei","huawei","Huawei World Cup",2024-02-25,0,0,10,10
"worldcup_c","Lenovo FIFA","worldcup_huawei","huawei","Huawei World Cup",2024-03-03,0,0,10,10
"worldcup_c","Lenovo FIFA","worldcup_huawei","huawei","Huawei World Cup",2024-03-10,0,0,10,10
"worldcup_c","Lenovo FIFA","worldcup_huawei","huawei","Huawei World Cup",2024-03-17,0,0,10,10
"worldcup_c","Lenovo FIFA","worldcup_huawei","huawei","Huawei World Cup",2024-03-24,0,0,10,10
"worldcup_c","Lenovo FIFA","worldcup_huawei","huawei","Huawei World Cup",2024-03-31,0,0,10,10
"worldcup_c","Lenovo FIFA","worldcup_huawei","huawei","Huawei World Cup",2024-04-07,0,0,10,10
"worldcup_c","Lenovo FIFA","worldcup_huawei","huawei","Huawei World Cup",2024-04-14,0,0,10,10
"worldcup_c","Lenovo FIFA","worldcup_huawei","huawei","Huawei World Cup",2024-04-21,0,0,10,10
"worldcup_c","Lenovo FIFA","worldcup_huawei","huawei","Huawei World Cup",2024-04-28,0,0,10,10
"worldcup_c","Lenovo FIFA","worldcup_huawei","huawei","Huawei World Cup",2024-05-05,0,0,10,10
"worldcup_c","Lenovo FIFA","worldcup_huawei","huawei","Huawei World Cup",2024-05-12,0,0,10,10
"worldcup_c","Lenovo FIFA","worldcup_huawei","huawei","Huawei World Cup",2024-05-19,0,0,10,10
"worldcup_c","Lenovo FIFA","worldcup_huawei","huawei","Huawei World Cup",2024-05-26,0,0,10,0
"worldcup_c","Lenovo FIFA","worldcup_huawei","huawei","Huawei World Cup",2024-06-02,0,0,10,0
"worldcup_c","Lenovo FIFA","worldcup_huawei","huawei","Huawei World Cup",2024-06-09,0,0,10,0
"worldcup_c","Lenovo FIFA","worldcup_huawei","huawei","Huawei World Cup",2024-06-16,0,0,10,0
"worldcup_c","Lenovo FIFA","worldcup_huawei","huawei","Huawei World Cup",2024-06-23,0,0,10,0
"worldcup_c","Lenovo FIFA","worldcup_huawei","huawei","Huawei World Cup",2024-06-30,0,0,10,10
"worldcup_c","Lenovo FIFA","worldcup_huawei","huawei","Huawei World Cup",2024-07-07,0,0,10,10
"worldcup_c","Lenovo FIFA","worldcup_huawei","huawei","Huawei World Cup",2024-07-14,0,0,10,10
"worldcup_c","Lenovo FIFA","worldcup_huawei","huawei","Huawei World Cup",2024-07-21,0,0,10,10
"worldcup_c","Lenovo FIFA","worldcup_huawei","huawei","Huawei World Cup",2024-07-28,0,0,10,10
"worldcup_c","Lenovo FIFA","worldcup_huawei","huawei","Huawei World Cup",2024-08-04,0,0,10,10
"worldcup_c","Lenovo FIFA","worldcup_huawei","huawei","Huawei World Cup",2024-08-11,0,0,10,10
"worldcup_c","Lenovo FIFA","worldcup_huawei","huawei","Huawei World Cup",2024-08-18,0,0,10,10
"worldcup_c","Lenovo FIFA","worldcup_huawei","huawei","Huawei World Cup",2024-08-25,0,0,10,10
"worldcup_c","Lenovo FIFA","worldcup_huawei","huawei","Huawei World Cup",2024-09-01,0,0,10,10
"worldcup_c","Lenovo FIFA","worldcup_huawei","huawei","Huawei World Cup",2024-09-08,0,0,10,10
"worldcup_c","Lenovo FIFA","worldcup_huawei","huawei","Huawei World Cup",2024-09-15,0,0,10,10
"worldcup_c","Lenovo FIFA","worldcup_huawei","huawei","Huawei World Cup",2024-09-22,0,0,10,10
"worldcup_c","Lenovo FIFA","worldcup_huawei","huawei","Huawei World Cup",2024-09-29,0,0,10,10
"worldcup_c","Lenovo FIFA","worldcup_huawei","huawei","Huawei World Cup",2024-10-06,0,0,10,10
"worldcup_c","Lenovo FIFA","worldcup_huawei","huawei","Huawei World Cup",2024-10-13,0,0,10,10
"worldcup_c","Lenovo FIFA","worldcup_huawei","huawei","Huawei World Cup",2024-10-20,0,0,10,0
"worldcup_c","Lenovo FIFA","worldcup_huawei","huawei","Huawei World Cup",2024-10-27,0,0,10,10
"worldcup_c","Lenovo FIFA","worldcup_huawei","huawei","Huawei World Cup",2024-11-03,0,0,10,10
"worldcup_c","Lenovo FIFA","worldcup_huawei","huawei","Huawei World Cup",2024-11-10,0,0,10,10
"worldcup_c","Lenovo FIFA","worldcup_huawei","huawei","Huawei World Cup",2024-11-17,0,0,10,10
"worldcup_c","Lenovo FIFA","worldcup_huawei","huawei","Huawei World Cup",2024-11-24,0,0,10,10
"worldcup_c","Lenovo FIFA","worldcup_huawei","huawei","Huawei World Cup",2024-12-01,0,0,10,10
"worldcup_c","Lenovo FIFA","worldcup_huawei","huawei","Huawei World Cup",2024-12-08,0,0,10,10
"worldcup_c","Lenovo FIFA","worldcup_huawei","huawei","Huawei World Cup",2024-12-15,0,0,10,10
"worldcup_c","Lenovo FIFA","worldcup_huawei","huawei","Huawei World Cup",2024-12-22,0,0,10,10
"worldcup_c","Lenovo FIFA","worldcup_huawei","huawei","Huawei World Cup",2024-12-29,0,0,10,10
"worldcup_c","Lenovo FIFA","worldcup_huawei","huawei","Huawei World Cup",2025-01-05,0,0,10,10
"worldcup_c","Lenovo FIFA","worldcup_huawei","huawei","Huawei World Cup",2025-01-12,0,0,10,10
"worldcup_c","Lenovo FIFA","worldcup_huawei","huawei","Huawei World Cup",2025-01-19,0,0,10,10
"worldcup_c","Lenovo FIFA","worldcup_huawei","huawei","Huawei World Cup",2025-01-26,0,0,10,10
"worldcup_c","Lenovo FIFA","worldcup_huawei","huawei","Huawei World Cup",2025-02-02,0,0,10,10
"worldcup_c","Lenovo FIFA","worldcup_huawei","huawei","Huawei World Cup",2025-02-09,0,0,10,10
"worldcup_c","Lenovo FIFA","worldcup_huawei","huawei","Huawei World Cup",2025-02-16,0,0,10,10
"worldcup_c","Lenovo FIFA","worldcup_huawei","huawei","Huawei World Cup",2025-02-23,0,0,10,10
"worldcup_c","Lenovo FIFA","worldcup_huawei","huawei","Huawei World Cup",2025-03-02,0,0,10,10
"worldcup_c","Lenovo FIFA","worldcup_huawei","huawei","Huawei World Cup",2025-03-09,0,0,10,10
"worldcup_c","Lenovo FIFA","worldcup_huawei","huawei","Huawei World Cup",2025-03-16,0,0,10,10
"worldcup_c","Lenovo FIFA","worldcup_huawei","huawei","Huawei World Cup",2025-03-23,0,0,10,10
"worldcup_c","Lenovo FIFA","worldcup_huawei","huawei","Huawei World Cup",2025-03-30,0,0,10,10
"worldcup_c","Lenovo FIFA","worldcup_huawei","huawei","Huawei World Cup",2025-04-06,0,0,10,10
"worldcup_c","Lenovo FIFA","worldcup_huawei","huawei","Huawei World Cup",2025-04-13,0,0,10,10
"worldcup_c","Lenovo FIFA","worldcup_huawei","huawei","Huawei World Cup",2025-04-20,0,0,10,10
"worldcup_c","Lenovo FIFA","worldcup_huawei","huawei","Huawei World Cup",2025-04-27,0,0,10,10
"worldcup_c","Lenovo FIFA","worldcup_huawei","huawei","Huawei World Cup",2025-05-04,0,0,10,10
"worldcup_c","Lenovo FIFA","worldcup_huawei","huawei","Huawei World Cup",2025-05-11,0,0,10,10
"worldcup_c","Lenovo FIFA","worldcup_huawei","huawei","Huawei World Cup",2025-05-18,0,0,10,10
"worldcup_c","Lenovo FIFA","worldcup_huawei","huawei","Huawei World Cup",2025-05-25,0,0,10,10
"worldcup_c","Lenovo FIFA","worldcup_huawei","huawei","Huawei World Cup",2025-06-01,0,0,10,0
"worldcup_c","Lenovo FIFA","worldcup_huawei","huawei","Huawei World Cup",2025-06-08,0,0,10,0
"worldcup_c","Lenovo FIFA","worldcup_huawei","huawei","Huawei World Cup",2025-06-15,0,0,10,0
"worldcup_c","Lenovo FIFA","worldcup_huawei","huawei","Huawei World Cup",2025-06-22,0,0,10,0
"worldcup_c","Lenovo FIFA","worldcup_huawei","huawei","Huawei World Cup",2025-06-29,0,0,10,0
"worldcup_c","Lenovo FIFA","worldcup_huawei","huawei","Huawei World Cup",2025-07-06,0,0,10,0
"worldcup_c","Lenovo FIFA","worldcup_huawei","huawei","Huawei World Cup",2025-07-13,0,0,10,0
"worldcup_c","Lenovo FIFA","worldcup_huawei","huawei","Huawei World Cup",2025-07-20,0,0,10,0
"worldcup_c","Lenovo FIFA","worldcup_huawei","huawei","Huawei World Cup",2025-07-27,1.8923076923076922,0,10,0
"worldcup_c","Lenovo FIFA","worldcup_huawei","huawei","Huawei World Cup",2025-08-03,1.8923076923076922,0,10,0
"worldcup_c","Lenovo FIFA","worldcup_huawei","huawei","Huawei World Cup",2025-08-10,1.8923076923076922,0,10,0
"worldcup_c","Lenovo FIFA","worldcup_huawei","huawei","Huawei World Cup",2025-08-17,1.8923076923076922,0,10,0
"worldcup_c","Lenovo FIFA","worldcup_huawei","huawei","Huawei World Cup",2025-08-24,1.8923076923076922,0,10,0
"worldcup_c","Lenovo FIFA","worldcup_huawei","huawei","Huawei World Cup",2025-08-31,3.7846153846153845,0,10,0
"worldcup_c","Lenovo FIFA","worldcup_huawei","huawei","Huawei World Cup",2025-09-07,5.676923076923076,0,10,0
"worldcup_c","Lenovo FIFA","worldcup_huawei","huawei","Huawei World Cup",2025-09-14,1.8923076923076922,0,10,0
"worldcup_c","Lenovo FIFA","worldcup_huawei","huawei","Huawei World Cup",2025-09-21,1.8923076923076922,0,10,0
"worldcup_c","Lenovo FIFA","worldcup_huawei","huawei","Huawei World Cup",2025-09-28,1.8923076923076922,0,10,0
"worldcup_c","Lenovo FIFA","worldcup_huawei","huawei","Huawei World Cup",2025-10-05,1.8923076923076922,0,10,0
"worldcup_c","Lenovo FIFA","worldcup_huawei","huawei","Huawei World Cup",2025-10-12,3.7846153846153845,0,10,0
"worldcup_c","Lenovo FIFA","worldcup_huawei","huawei","Huawei World Cup",2025-10-19,1.8923076923076922,0,10,0
"worldcup_c","Lenovo FIFA","worldcup_huawei","huawei","Huawei World Cup",2025-10-26,1.8923076923076922,0,10,0
"worldcup_c","Lenovo FIFA","worldcup_huawei","huawei","Huawei World Cup",2025-11-02,1.8923076923076922,0,10,0
"worldcup_c","Lenovo FIFA","worldcup_huawei","huawei","Huawei World Cup",2025-11-09,3.7846153846153845,0,10,0
"worldcup_c","Lenovo FIFA","worldcup_huawei","huawei","Huawei World Cup",2025-11-16,3.7846153846153845,0,10,0
"worldcup_c","Lenovo FIFA","worldcup_huawei","huawei","Huawei World Cup",2025-11-23,1.8923076923076922,0,10,0
"worldcup_c","Lenovo FIFA","worldcup_huawei","huawei","Huawei World Cup",2025-11-30,5.676923076923076,0,10,0
"worldcup_c","Lenovo FIFA","worldcup_huawei","huawei","Huawei World Cup",2025-12-07,1.8923076923076922,0,10,0
"worldcup_c","Lenovo FIFA","worldcup_huawei","huawei","Huawei World Cup",2025-12-14,1.8923076923076922,0,10,0
"worldcup_c","Lenovo FIFA","worldcup_huawei","huawei","Huawei World Cup",2025-12-21,0,0,10,0
"worldcup_c","Lenovo FIFA","worldcup_huawei","huawei","Huawei World Cup",2025-12-28,0,0,10,0
"worldcup_c","Lenovo FIFA","worldcup_huawei","huawei","Huawei World Cup",2026-01-04,0,0,10,0
"worldcup_c","Lenovo FIFA","worldcup_huawei","huawei","Huawei World Cup",2026-01-11,1.8923076923076922,0,10,0
"worldcup_c","Lenovo FIFA","worldcup_huawei","huawei","Huawei World Cup",2026-01-18,1.8923076923076922,0,10,0
"worldcup_c","Lenovo FIFA","worldcup_huawei","huawei","Huawei World Cup",2026-01-25,1.8923076923076922,0,10,0
"worldcup_c","Lenovo FIFA","worldcup_huawei","huawei","Huawei World Cup",2026-02-01,1.8923076923076922,0,10,0
"worldcup_c","Lenovo FIFA","worldcup_huawei","huawei","Huawei World Cup",2026-02-08,1.8923076923076922,0,10,0
"worldcup_c","Lenovo FIFA","worldcup_huawei","huawei","Huawei World Cup",2026-02-15,1.8923076923076922,0,10,0
"worldcup_c","Lenovo FIFA","worldcup_huawei","huawei","Huawei World Cup",2026-02-22,1.8923076923076922,0,10,0
"worldcup_c","Lenovo FIFA","worldcup_huawei","huawei","Huawei World Cup",2026-03-01,3.7846153846153845,0,10,0
"worldcup_c","Lenovo FIFA","worldcup_huawei","huawei","Huawei World Cup",2026-03-08,1.8923076923076922,0,10,0
"worldcup_c","Lenovo FIFA","worldcup_huawei","huawei","Huawei World Cup",2026-03-15,1.8923076923076922,0,10,0
"worldcup_c","Lenovo FIFA","worldcup_huawei","huawei","Huawei World Cup",2026-03-22,1.8923076923076922,0,10,0
"worldcup_c","Lenovo FIFA","worldcup_huawei","huawei","Huawei World Cup",2026-03-29,3.7846153846153845,0,10,0
"worldcup_c","Lenovo FIFA","worldcup_huawei","huawei","Huawei World Cup",2026-04-05,1.8923076923076922,0,10,0
"worldcup_c","Lenovo FIFA","worldcup_huawei","huawei","Huawei World Cup",2026-04-12,1.8923076923076922,0,10,0
"worldcup_c","Lenovo FIFA","worldcup_huawei","huawei","Huawei World Cup",2026-04-19,1.8923076923076922,0,10,0
"worldcup_c","Lenovo FIFA","worldcup_huawei","huawei","Huawei World Cup",2026-04-26,1.8923076923076922,0,10,0
"worldcup_c","Lenovo FIFA","worldcup_huawei","huawei","Huawei World Cup",2026-05-03,1.8923076923076922,0,10,0
"worldcup_c","Lenovo FIFA","worldcup_huawei","huawei","Huawei World Cup",2026-05-10,1.8923076923076922,0,10,0
"worldcup_c","Lenovo FIFA","worldcup_huawei","huawei","Huawei World Cup",2026-05-17,3.7846153846153845,0,10,0
"worldcup_c","Lenovo FIFA","worldcup_huawei","huawei","Huawei World Cup",2026-05-24,5.676923076923076,0,10,0
"worldcup_c","Lenovo FIFA","worldcup_huawei","huawei","Huawei World Cup",2026-05-31,11.353846153846153,0,10,0
"worldcup_c","Lenovo FIFA","worldcup_huawei","huawei","Huawei World Cup",2026-06-07,35.95384615384615,0,10,0
"worldcup_c","Lenovo FIFA","worldcup_huawei","huawei","Huawei World Cup",2026-06-14,39.738461538461536,0,10,0
"worldcup_c","Lenovo FIFA","worldcup_huawei","huawei","Huawei World Cup",2026-06-21,43.52307692307692,0,10,0
"worldcup_c","Lenovo FIFA","worldcup_huawei","huawei","Huawei World Cup",2026-06-28,58.66153846153846,0,10,0
"worldcup_c","Lenovo FIFA","worldcup_huawei","huawei","Huawei World Cup",2026-07-05,43.52307692307692,0,10,0
"worldcup_c","Lenovo FIFA","worldcup_huawei","huawei","Huawei World Cup",2026-07-12,28.38461538461538,0,10,0
"worldcup_c","Lenovo FIFA","worldcup_huawei","huawei","Huawei World Cup",2026-07-19,15.138461538461538,0,10,0
"worldcup_c","Lenovo FIFA","worldcup_huawei","huawei","Huawei World Cup",2026-07-26,3.7846153846153845,0,10,0
"worldcup_c","Lenovo FIFA","worldcup_huawei","huawei","Huawei World Cup",2026-08-02,1.8923076923076922,0,10,0
"worldcup_c","Lenovo FIFA","worldcup_huawei","huawei","Huawei World Cup",2026-08-09,1.8923076923076922,0,10,0
"worldcup_c","Lenovo FIFA","worldcup_huawei","huawei","Huawei World Cup",2026-08-16,1.8923076923076922,0,10,0
"worldcup_c","Lenovo FIFA","worldcup_huawei","huawei","Huawei World Cup",2026-08-23,1.8923076923076922,0,10,0
"worldcup_c","Lenovo FIFA","worldcup_huawei","huawei","Huawei World Cup",2026-08-30,1.8923076923076922,0,10,0
"worldcup_c","Lenovo FIFA","worldcup_huawei","huawei","Huawei World Cup",2026-09-06,1.8923076923076922,0,10,0
"worldcup_c","Lenovo FIFA","worldcup_huawei","huawei","Huawei World Cup",2026-09-13,0,0,10,0
"worldcup_c","Lenovo FIFA","worldcup_huawei","huawei","Huawei World Cup",2026-09-20,0,0,10,0
"worldcup_c","Lenovo FIFA","worldcup_huawei","huawei","Huawei World Cup",2026-09-27,0,0,10,0
"worldcup_c","Lenovo FIFA","worldcup_razer","razer","Razer World Cup",2021-12-26,0,0,10,10
"worldcup_c","Lenovo FIFA","worldcup_razer","razer","Razer World Cup",2022-01-02,0,0,10,10
"worldcup_c","Lenovo FIFA","worldcup_razer","razer","Razer World Cup",2022-01-09,0,0,10,10
"worldcup_c","Lenovo FIFA","worldcup_razer","razer","Razer World Cup",2022-01-16,0,0,10,10
"worldcup_c","Lenovo FIFA","worldcup_razer","razer","Razer World Cup",2022-01-23,0,0,10,10
"worldcup_c","Lenovo FIFA","worldcup_razer","razer","Razer World Cup",2022-01-30,0,0,10,10
"worldcup_c","Lenovo FIFA","worldcup_razer","razer","Razer World Cup",2022-02-06,0,0,10,10
"worldcup_c","Lenovo FIFA","worldcup_razer","razer","Razer World Cup",2022-02-13,0,0,10,10
"worldcup_c","Lenovo FIFA","worldcup_razer","razer","Razer World Cup",2022-02-20,0,0,10,10
"worldcup_c","Lenovo FIFA","worldcup_razer","razer","Razer World Cup",2022-02-27,0,0,10,10
"worldcup_c","Lenovo FIFA","worldcup_razer","razer","Razer World Cup",2022-03-06,0,0,10,10
"worldcup_c","Lenovo FIFA","worldcup_razer","razer","Razer World Cup",2022-03-13,0,0,10,10
"worldcup_c","Lenovo FIFA","worldcup_razer","razer","Razer World Cup",2022-03-20,0,0,10,10
"worldcup_c","Lenovo FIFA","worldcup_razer","razer","Razer World Cup",2022-03-27,0,0,10,0
"worldcup_c","Lenovo FIFA","worldcup_razer","razer","Razer World Cup",2022-04-03,0,0,10,10
"worldcup_c","Lenovo FIFA","worldcup_razer","razer","Razer World Cup",2022-04-10,0,0,10,10
"worldcup_c","Lenovo FIFA","worldcup_razer","razer","Razer World Cup",2022-04-17,0,0,10,10
"worldcup_c","Lenovo FIFA","worldcup_razer","razer","Razer World Cup",2022-04-24,0,0,10,10
"worldcup_c","Lenovo FIFA","worldcup_razer","razer","Razer World Cup",2022-05-01,0,0,10,10
"worldcup_c","Lenovo FIFA","worldcup_razer","razer","Razer World Cup",2022-05-08,0,0,10,10
"worldcup_c","Lenovo FIFA","worldcup_razer","razer","Razer World Cup",2022-05-15,0,0,10,10
"worldcup_c","Lenovo FIFA","worldcup_razer","razer","Razer World Cup",2022-05-22,0,0,10,10
"worldcup_c","Lenovo FIFA","worldcup_razer","razer","Razer World Cup",2022-05-29,0,0,10,10
"worldcup_c","Lenovo FIFA","worldcup_razer","razer","Razer World Cup",2022-06-05,0,0,10,10
"worldcup_c","Lenovo FIFA","worldcup_razer","razer","Razer World Cup",2022-06-12,0,0,10,10
"worldcup_c","Lenovo FIFA","worldcup_razer","razer","Razer World Cup",2022-06-19,0,0,10,10
"worldcup_c","Lenovo FIFA","worldcup_razer","razer","Razer World Cup",2022-06-26,0,0,10,10
"worldcup_c","Lenovo FIFA","worldcup_razer","razer","Razer World Cup",2022-07-03,0,0,10,10
"worldcup_c","Lenovo FIFA","worldcup_razer","razer","Razer World Cup",2022-07-10,0,0,10,10
"worldcup_c","Lenovo FIFA","worldcup_razer","razer","Razer World Cup",2022-07-17,0,0,10,10
"worldcup_c","Lenovo FIFA","worldcup_razer","razer","Razer World Cup",2022-07-24,0,0,10,10
"worldcup_c","Lenovo FIFA","worldcup_razer","razer","Razer World Cup",2022-07-31,0,0,10,10
"worldcup_c","Lenovo FIFA","worldcup_razer","razer","Razer World Cup",2022-08-07,0,0,10,10
"worldcup_c","Lenovo FIFA","worldcup_razer","razer","Razer World Cup",2022-08-14,0,0,10,10
"worldcup_c","Lenovo FIFA","worldcup_razer","razer","Razer World Cup",2022-08-21,0,0,10,10
"worldcup_c","Lenovo FIFA","worldcup_razer","razer","Razer World Cup",2022-08-28,0,0,10,10
"worldcup_c","Lenovo FIFA","worldcup_razer","razer","Razer World Cup",2022-09-04,0,0,10,10
"worldcup_c","Lenovo FIFA","worldcup_razer","razer","Razer World Cup",2022-09-11,0,0,10,10
"worldcup_c","Lenovo FIFA","worldcup_razer","razer","Razer World Cup",2022-09-18,0,0,10,10
"worldcup_c","Lenovo FIFA","worldcup_razer","razer","Razer World Cup",2022-09-25,0,0,10,10
"worldcup_c","Lenovo FIFA","worldcup_razer","razer","Razer World Cup",2022-10-02,0,0,10,10
"worldcup_c","Lenovo FIFA","worldcup_razer","razer","Razer World Cup",2022-10-09,0,0,10,10
"worldcup_c","Lenovo FIFA","worldcup_razer","razer","Razer World Cup",2022-10-16,0,0,10,10
"worldcup_c","Lenovo FIFA","worldcup_razer","razer","Razer World Cup",2022-10-23,0,0,10,10
"worldcup_c","Lenovo FIFA","worldcup_razer","razer","Razer World Cup",2022-10-30,0,0,10,10
"worldcup_c","Lenovo FIFA","worldcup_razer","razer","Razer World Cup",2022-11-06,0,0,10,0
"worldcup_c","Lenovo FIFA","worldcup_razer","razer","Razer World Cup",2022-11-13,0,0,10,0
"worldcup_c","Lenovo FIFA","worldcup_razer","razer","Razer World Cup",2022-11-20,1.8923076923076922,0,10,0
"worldcup_c","Lenovo FIFA","worldcup_razer","razer","Razer World Cup",2022-11-27,1.8923076923076922,0,10,0
"worldcup_c","Lenovo FIFA","worldcup_razer","razer","Razer World Cup",2022-12-04,1.8923076923076922,0,10,0
"worldcup_c","Lenovo FIFA","worldcup_razer","razer","Razer World Cup",2022-12-11,1.8923076923076922,0,10,0
"worldcup_c","Lenovo FIFA","worldcup_razer","razer","Razer World Cup",2022-12-18,0,0,10,0
"worldcup_c","Lenovo FIFA","worldcup_razer","razer","Razer World Cup",2022-12-25,0,0,10,0
"worldcup_c","Lenovo FIFA","worldcup_razer","razer","Razer World Cup",2023-01-01,0,0,10,10
"worldcup_c","Lenovo FIFA","worldcup_razer","razer","Razer World Cup",2023-01-08,0,0,10,10
"worldcup_c","Lenovo FIFA","worldcup_razer","razer","Razer World Cup",2023-01-15,0,0,10,10
"worldcup_c","Lenovo FIFA","worldcup_razer","razer","Razer World Cup",2023-01-22,0,0,10,10
"worldcup_c","Lenovo FIFA","worldcup_razer","razer","Razer World Cup",2023-01-29,0,0,10,10
"worldcup_c","Lenovo FIFA","worldcup_razer","razer","Razer World Cup",2023-02-05,0,0,10,10
"worldcup_c","Lenovo FIFA","worldcup_razer","razer","Razer World Cup",2023-02-12,0,0,10,10
"worldcup_c","Lenovo FIFA","worldcup_razer","razer","Razer World Cup",2023-02-19,0,0,10,10
"worldcup_c","Lenovo FIFA","worldcup_razer","razer","Razer World Cup",2023-02-26,0,0,10,10
"worldcup_c","Lenovo FIFA","worldcup_razer","razer","Razer World Cup",2023-03-05,0,0,10,10
"worldcup_c","Lenovo FIFA","worldcup_razer","razer","Razer World Cup",2023-03-12,0,0,10,10
"worldcup_c","Lenovo FIFA","worldcup_razer","razer","Razer World Cup",2023-03-19,0,0,10,10
"worldcup_c","Lenovo FIFA","worldcup_razer","razer","Razer World Cup",2023-03-26,0,0,10,10
"worldcup_c","Lenovo FIFA","worldcup_razer","razer","Razer World Cup",2023-04-02,0,0,10,10
"worldcup_c","Lenovo FIFA","worldcup_razer","razer","Razer World Cup",2023-04-09,0,0,10,10
"worldcup_c","Lenovo FIFA","worldcup_razer","razer","Razer World Cup",2023-04-16,0,0,10,10
"worldcup_c","Lenovo FIFA","worldcup_razer","razer","Razer World Cup",2023-04-23,0,0,10,10
"worldcup_c","Lenovo FIFA","worldcup_razer","razer","Razer World Cup",2023-04-30,0,0,10,10
"worldcup_c","Lenovo FIFA","worldcup_razer","razer","Razer World Cup",2023-05-07,0,0,10,10
"worldcup_c","Lenovo FIFA","worldcup_razer","razer","Razer World Cup",2023-05-14,0,0,10,10
"worldcup_c","Lenovo FIFA","worldcup_razer","razer","Razer World Cup",2023-05-21,0,0,10,10
"worldcup_c","Lenovo FIFA","worldcup_razer","razer","Razer World Cup",2023-05-28,0,0,10,10
"worldcup_c","Lenovo FIFA","worldcup_razer","razer","Razer World Cup",2023-06-04,0,0,10,10
"worldcup_c","Lenovo FIFA","worldcup_razer","razer","Razer World Cup",2023-06-11,0,0,10,10
"worldcup_c","Lenovo FIFA","worldcup_razer","razer","Razer World Cup",2023-06-18,0,0,10,10
"worldcup_c","Lenovo FIFA","worldcup_razer","razer","Razer World Cup",2023-06-25,0,0,10,10
"worldcup_c","Lenovo FIFA","worldcup_razer","razer","Razer World Cup",2023-07-02,0,0,10,10
"worldcup_c","Lenovo FIFA","worldcup_razer","razer","Razer World Cup",2023-07-09,0,0,10,10
"worldcup_c","Lenovo FIFA","worldcup_razer","razer","Razer World Cup",2023-07-16,0,0,10,0
"worldcup_c","Lenovo FIFA","worldcup_razer","razer","Razer World Cup",2023-07-23,0,0,10,10
"worldcup_c","Lenovo FIFA","worldcup_razer","razer","Razer World Cup",2023-07-30,0,0,10,0
"worldcup_c","Lenovo FIFA","worldcup_razer","razer","Razer World Cup",2023-08-06,0,0,10,10
"worldcup_c","Lenovo FIFA","worldcup_razer","razer","Razer World Cup",2023-08-13,0,0,10,10
"worldcup_c","Lenovo FIFA","worldcup_razer","razer","Razer World Cup",2023-08-20,0,0,10,0
"worldcup_c","Lenovo FIFA","worldcup_razer","razer","Razer World Cup",2023-08-27,0,0,10,10
"worldcup_c","Lenovo FIFA","worldcup_razer","razer","Razer World Cup",2023-09-03,0,0,10,10
"worldcup_c","Lenovo FIFA","worldcup_razer","razer","Razer World Cup",2023-09-10,0,0,10,10
"worldcup_c","Lenovo FIFA","worldcup_razer","razer","Razer World Cup",2023-09-17,0,0,10,10
"worldcup_c","Lenovo FIFA","worldcup_razer","razer","Razer World Cup",2023-09-24,0,0,10,10
"worldcup_c","Lenovo FIFA","worldcup_razer","razer","Razer World Cup",2023-10-01,0,0,10,0
"worldcup_c","Lenovo FIFA","worldcup_razer","razer","Razer World Cup",2023-10-08,0,0,10,0
"worldcup_c","Lenovo FIFA","worldcup_razer","razer","Razer World Cup",2023-10-15,0,0,10,10
"worldcup_c","Lenovo FIFA","worldcup_razer","razer","Razer World Cup",2023-10-22,0,0,10,10
"worldcup_c","Lenovo FIFA","worldcup_razer","razer","Razer World Cup",2023-10-29,0,0,10,10
"worldcup_c","Lenovo FIFA","worldcup_razer","razer","Razer World Cup",2023-11-05,0,0,10,10
"worldcup_c","Lenovo FIFA","worldcup_razer","razer","Razer World Cup",2023-11-12,0,0,10,0
"worldcup_c","Lenovo FIFA","worldcup_razer","razer","Razer World Cup",2023-11-19,0,0,10,0
"worldcup_c","Lenovo FIFA","worldcup_razer","razer","Razer World Cup",2023-11-26,0,0,10,10
"worldcup_c","Lenovo FIFA","worldcup_razer","razer","Razer World Cup",2023-12-03,0,0,10,10
"worldcup_c","Lenovo FIFA","worldcup_razer","razer","Razer World Cup",2023-12-10,0,0,10,10
"worldcup_c","Lenovo FIFA","worldcup_razer","razer","Razer World Cup",2023-12-17,0,0,10,10
"worldcup_c","Lenovo FIFA","worldcup_razer","razer","Razer World Cup",2023-12-24,0,0,10,10
"worldcup_c","Lenovo FIFA","worldcup_razer","razer","Razer World Cup",2023-12-31,0,0,10,10
"worldcup_c","Lenovo FIFA","worldcup_razer","razer","Razer World Cup",2024-01-07,0,0,10,10
"worldcup_c","Lenovo FIFA","worldcup_razer","razer","Razer World Cup",2024-01-14,0,0,10,10
"worldcup_c","Lenovo FIFA","worldcup_razer","razer","Razer World Cup",2024-01-21,0,0,10,10
"worldcup_c","Lenovo FIFA","worldcup_razer","razer","Razer World Cup",2024-01-28,0,0,10,10
"worldcup_c","Lenovo FIFA","worldcup_razer","razer","Razer World Cup",2024-02-04,0,0,10,10
"worldcup_c","Lenovo FIFA","worldcup_razer","razer","Razer World Cup",2024-02-11,0,0,10,10
"worldcup_c","Lenovo FIFA","worldcup_razer","razer","Razer World Cup",2024-02-18,0,0,10,10
"worldcup_c","Lenovo FIFA","worldcup_razer","razer","Razer World Cup",2024-02-25,0,0,10,10
"worldcup_c","Lenovo FIFA","worldcup_razer","razer","Razer World Cup",2024-03-03,0,0,10,10
"worldcup_c","Lenovo FIFA","worldcup_razer","razer","Razer World Cup",2024-03-10,0,0,10,10
"worldcup_c","Lenovo FIFA","worldcup_razer","razer","Razer World Cup",2024-03-17,0,0,10,10
"worldcup_c","Lenovo FIFA","worldcup_razer","razer","Razer World Cup",2024-03-24,0,0,10,10
"worldcup_c","Lenovo FIFA","worldcup_razer","razer","Razer World Cup",2024-03-31,0,0,10,10
"worldcup_c","Lenovo FIFA","worldcup_razer","razer","Razer World Cup",2024-04-07,0,0,10,10
"worldcup_c","Lenovo FIFA","worldcup_razer","razer","Razer World Cup",2024-04-14,0,0,10,10
"worldcup_c","Lenovo FIFA","worldcup_razer","razer","Razer World Cup",2024-04-21,0,0,10,10
"worldcup_c","Lenovo FIFA","worldcup_razer","razer","Razer World Cup",2024-04-28,0,0,10,10
"worldcup_c","Lenovo FIFA","worldcup_razer","razer","Razer World Cup",2024-05-05,0,0,10,10
"worldcup_c","Lenovo FIFA","worldcup_razer","razer","Razer World Cup",2024-05-12,0,0,10,10
"worldcup_c","Lenovo FIFA","worldcup_razer","razer","Razer World Cup",2024-05-19,0,0,10,10
"worldcup_c","Lenovo FIFA","worldcup_razer","razer","Razer World Cup",2024-05-26,0,0,10,10
"worldcup_c","Lenovo FIFA","worldcup_razer","razer","Razer World Cup",2024-06-02,0,0,10,0
"worldcup_c","Lenovo FIFA","worldcup_razer","razer","Razer World Cup",2024-06-09,0,0,10,10
"worldcup_c","Lenovo FIFA","worldcup_razer","razer","Razer World Cup",2024-06-16,0,0,10,10
"worldcup_c","Lenovo FIFA","worldcup_razer","razer","Razer World Cup",2024-06-23,0,0,10,10
"worldcup_c","Lenovo FIFA","worldcup_razer","razer","Razer World Cup",2024-06-30,0,0,10,10
"worldcup_c","Lenovo FIFA","worldcup_razer","razer","Razer World Cup",2024-07-07,0,0,10,10
"worldcup_c","Lenovo FIFA","worldcup_razer","razer","Razer World Cup",2024-07-14,0,0,10,10
"worldcup_c","Lenovo FIFA","worldcup_razer","razer","Razer World Cup",2024-07-21,0,0,10,10
"worldcup_c","Lenovo FIFA","worldcup_razer","razer","Razer World Cup",2024-07-28,0,0,10,10
"worldcup_c","Lenovo FIFA","worldcup_razer","razer","Razer World Cup",2024-08-04,0,0,10,10
"worldcup_c","Lenovo FIFA","worldcup_razer","razer","Razer World Cup",2024-08-11,0,0,10,10
"worldcup_c","Lenovo FIFA","worldcup_razer","razer","Razer World Cup",2024-08-18,0,0,10,10
"worldcup_c","Lenovo FIFA","worldcup_razer","razer","Razer World Cup",2024-08-25,0,0,10,10
"worldcup_c","Lenovo FIFA","worldcup_razer","razer","Razer World Cup",2024-09-01,0,0,10,10
"worldcup_c","Lenovo FIFA","worldcup_razer","razer","Razer World Cup",2024-09-08,0,0,10,10
"worldcup_c","Lenovo FIFA","worldcup_razer","razer","Razer World Cup",2024-09-15,0,0,10,10
"worldcup_c","Lenovo FIFA","worldcup_razer","razer","Razer World Cup",2024-09-22,0,0,10,10
"worldcup_c","Lenovo FIFA","worldcup_razer","razer","Razer World Cup",2024-09-29,0,0,10,10
"worldcup_c","Lenovo FIFA","worldcup_razer","razer","Razer World Cup",2024-10-06,0,0,10,10
"worldcup_c","Lenovo FIFA","worldcup_razer","razer","Razer World Cup",2024-10-13,0,0,10,10
"worldcup_c","Lenovo FIFA","worldcup_razer","razer","Razer World Cup",2024-10-20,0,0,10,10
"worldcup_c","Lenovo FIFA","worldcup_razer","razer","Razer World Cup",2024-10-27,0,0,10,10
"worldcup_c","Lenovo FIFA","worldcup_razer","razer","Razer World Cup",2024-11-03,0,0,10,10
"worldcup_c","Lenovo FIFA","worldcup_razer","razer","Razer World Cup",2024-11-10,0,0,10,10
"worldcup_c","Lenovo FIFA","worldcup_razer","razer","Razer World Cup",2024-11-17,0,0,10,10
"worldcup_c","Lenovo FIFA","worldcup_razer","razer","Razer World Cup",2024-11-24,0,0,10,10
"worldcup_c","Lenovo FIFA","worldcup_razer","razer","Razer World Cup",2024-12-01,0,0,10,10
"worldcup_c","Lenovo FIFA","worldcup_razer","razer","Razer World Cup",2024-12-08,0,0,10,10
"worldcup_c","Lenovo FIFA","worldcup_razer","razer","Razer World Cup",2024-12-15,0,0,10,10
"worldcup_c","Lenovo FIFA","worldcup_razer","razer","Razer World Cup",2024-12-22,0,0,10,10
"worldcup_c","Lenovo FIFA","worldcup_razer","razer","Razer World Cup",2024-12-29,0,0,10,10
"worldcup_c","Lenovo FIFA","worldcup_razer","razer","Razer World Cup",2025-01-05,0,0,10,10
"worldcup_c","Lenovo FIFA","worldcup_razer","razer","Razer World Cup",2025-01-12,0,0,10,10
"worldcup_c","Lenovo FIFA","worldcup_razer","razer","Razer World Cup",2025-01-19,0,0,10,10
"worldcup_c","Lenovo FIFA","worldcup_razer","razer","Razer World Cup",2025-01-26,0,0,10,10
"worldcup_c","Lenovo FIFA","worldcup_razer","razer","Razer World Cup",2025-02-02,0,0,10,10
"worldcup_c","Lenovo FIFA","worldcup_razer","razer","Razer World Cup",2025-02-09,0,0,10,10
"worldcup_c","Lenovo FIFA","worldcup_razer","razer","Razer World Cup",2025-02-16,0,0,10,10
"worldcup_c","Lenovo FIFA","worldcup_razer","razer","Razer World Cup",2025-02-23,0,0,10,10
"worldcup_c","Lenovo FIFA","worldcup_razer","razer","Razer World Cup",2025-03-02,0,0,10,10
"worldcup_c","Lenovo FIFA","worldcup_razer","razer","Razer World Cup",2025-03-09,0,0,10,10
"worldcup_c","Lenovo FIFA","worldcup_razer","razer","Razer World Cup",2025-03-16,0,0,10,10
"worldcup_c","Lenovo FIFA","worldcup_razer","razer","Razer World Cup",2025-03-23,0,0,10,10
"worldcup_c","Lenovo FIFA","worldcup_razer","razer","Razer World Cup",2025-03-30,0,0,10,10
"worldcup_c","Lenovo FIFA","worldcup_razer","razer","Razer World Cup",2025-04-06,0,0,10,10
"worldcup_c","Lenovo FIFA","worldcup_razer","razer","Razer World Cup",2025-04-13,0,0,10,10
"worldcup_c","Lenovo FIFA","worldcup_razer","razer","Razer World Cup",2025-04-20,0,0,10,10
"worldcup_c","Lenovo FIFA","worldcup_razer","razer","Razer World Cup",2025-04-27,0,0,10,10
"worldcup_c","Lenovo FIFA","worldcup_razer","razer","Razer World Cup",2025-05-04,0,0,10,10
"worldcup_c","Lenovo FIFA","worldcup_razer","razer","Razer World Cup",2025-05-11,0,0,10,10
"worldcup_c","Lenovo FIFA","worldcup_razer","razer","Razer World Cup",2025-05-18,0,0,10,10
"worldcup_c","Lenovo FIFA","worldcup_razer","razer","Razer World Cup",2025-05-25,0,0,10,0
"worldcup_c","Lenovo FIFA","worldcup_razer","razer","Razer World Cup",2025-06-01,0,0,10,10
"worldcup_c","Lenovo FIFA","worldcup_razer","razer","Razer World Cup",2025-06-08,0,0,10,10
"worldcup_c","Lenovo FIFA","worldcup_razer","razer","Razer World Cup",2025-06-15,0,0,10,10
"worldcup_c","Lenovo FIFA","worldcup_razer","razer","Razer World Cup",2025-06-22,0,0,10,10
"worldcup_c","Lenovo FIFA","worldcup_razer","razer","Razer World Cup",2025-06-29,0,0,10,10
"worldcup_c","Lenovo FIFA","worldcup_razer","razer","Razer World Cup",2025-07-06,0,0,10,10
"worldcup_c","Lenovo FIFA","worldcup_razer","razer","Razer World Cup",2025-07-13,0,0,10,10
"worldcup_c","Lenovo FIFA","worldcup_razer","razer","Razer World Cup",2025-07-20,0,0,10,10
"worldcup_c","Lenovo FIFA","worldcup_razer","razer","Razer World Cup",2025-07-27,0,0,10,0
"worldcup_c","Lenovo FIFA","worldcup_razer","razer","Razer World Cup",2025-08-03,0,0,10,0
"worldcup_c","Lenovo FIFA","worldcup_razer","razer","Razer World Cup",2025-08-10,0,0,10,10
"worldcup_c","Lenovo FIFA","worldcup_razer","razer","Razer World Cup",2025-08-17,0,0,10,0
"worldcup_c","Lenovo FIFA","worldcup_razer","razer","Razer World Cup",2025-08-24,0,0,10,0
"worldcup_c","Lenovo FIFA","worldcup_razer","razer","Razer World Cup",2025-08-31,1.8923076923076922,0,10,0
"worldcup_c","Lenovo FIFA","worldcup_razer","razer","Razer World Cup",2025-09-07,1.8923076923076922,0,10,0
"worldcup_c","Lenovo FIFA","worldcup_razer","razer","Razer World Cup",2025-09-14,0,0,10,0
"worldcup_c","Lenovo FIFA","worldcup_razer","razer","Razer World Cup",2025-09-21,0,0,10,0
"worldcup_c","Lenovo FIFA","worldcup_razer","razer","Razer World Cup",2025-09-28,0,0,10,0
"worldcup_c","Lenovo FIFA","worldcup_razer","razer","Razer World Cup",2025-10-05,1.8923076923076922,0,10,0
"worldcup_c","Lenovo FIFA","worldcup_razer","razer","Razer World Cup",2025-10-12,1.8923076923076922,0,10,0
"worldcup_c","Lenovo FIFA","worldcup_razer","razer","Razer World Cup",2025-10-19,0,0,10,0
"worldcup_c","Lenovo FIFA","worldcup_razer","razer","Razer World Cup",2025-10-26,1.8923076923076922,0,10,0
"worldcup_c","Lenovo FIFA","worldcup_razer","razer","Razer World Cup",2025-11-02,1.8923076923076922,0,10,0
"worldcup_c","Lenovo FIFA","worldcup_razer","razer","Razer World Cup",2025-11-09,1.8923076923076922,0,10,0
"worldcup_c","Lenovo FIFA","worldcup_razer","razer","Razer World Cup",2025-11-16,1.8923076923076922,0,10,0
"worldcup_c","Lenovo FIFA","worldcup_razer","razer","Razer World Cup",2025-11-23,1.8923076923076922,0,10,0
"worldcup_c","Lenovo FIFA","worldcup_razer","razer","Razer World Cup",2025-11-30,1.8923076923076922,0,10,0
"worldcup_c","Lenovo FIFA","worldcup_razer","razer","Razer World Cup",2025-12-07,1.8923076923076922,0,10,0
"worldcup_c","Lenovo FIFA","worldcup_razer","razer","Razer World Cup",2025-12-14,1.8923076923076922,0,10,0
"worldcup_c","Lenovo FIFA","worldcup_razer","razer","Razer World Cup",2025-12-21,0,0,10,0
"worldcup_c","Lenovo FIFA","worldcup_razer","razer","Razer World Cup",2025-12-28,0,0,10,0
"worldcup_c","Lenovo FIFA","worldcup_razer","razer","Razer World Cup",2026-01-04,0,0,10,0
"worldcup_c","Lenovo FIFA","worldcup_razer","razer","Razer World Cup",2026-01-11,0,0,10,0
"worldcup_c","Lenovo FIFA","worldcup_razer","razer","Razer World Cup",2026-01-18,0,0,10,0
"worldcup_c","Lenovo FIFA","worldcup_razer","razer","Razer World Cup",2026-01-25,0,0,10,0
"worldcup_c","Lenovo FIFA","worldcup_razer","razer","Razer World Cup",2026-02-01,0,0,10,0
"worldcup_c","Lenovo FIFA","worldcup_razer","razer","Razer World Cup",2026-02-08,0,0,10,0
"worldcup_c","Lenovo FIFA","worldcup_razer","razer","Razer World Cup",2026-02-15,1.8923076923076922,0,10,0
"worldcup_c","Lenovo FIFA","worldcup_razer","razer","Razer World Cup",2026-02-22,1.8923076923076922,0,10,0
"worldcup_c","Lenovo FIFA","worldcup_razer","razer","Razer World Cup",2026-03-01,0,0,10,0
"worldcup_c","Lenovo FIFA","worldcup_razer","razer","Razer World Cup",2026-03-08,1.8923076923076922,0,10,0
"worldcup_c","Lenovo FIFA","worldcup_razer","razer","Razer World Cup",2026-03-15,0,0,10,0
"worldcup_c","Lenovo FIFA","worldcup_razer","razer","Razer World Cup",2026-03-22,1.8923076923076922,0,10,0
"worldcup_c","Lenovo FIFA","worldcup_razer","razer","Razer World Cup",2026-03-29,1.8923076923076922,0,10,0
"worldcup_c","Lenovo FIFA","worldcup_razer","razer","Razer World Cup",2026-04-05,1.8923076923076922,0,10,0
"worldcup_c","Lenovo FIFA","worldcup_razer","razer","Razer World Cup",2026-04-12,0,0,10,0
"worldcup_c","Lenovo FIFA","worldcup_razer","razer","Razer World Cup",2026-04-19,0,0,10,0
"worldcup_c","Lenovo FIFA","worldcup_razer","razer","Razer World Cup",2026-04-26,0,0,10,0
"worldcup_c","Lenovo FIFA","worldcup_razer","razer","Razer World Cup",2026-05-03,0,0,10,0
"worldcup_c","Lenovo FIFA","worldcup_razer","razer","Razer World Cup",2026-05-10,1.8923076923076922,0,10,0
"worldcup_c","Lenovo FIFA","worldcup_razer","razer","Razer World Cup",2026-05-17,1.8923076923076922,0,10,0
"worldcup_c","Lenovo FIFA","worldcup_razer","razer","Razer World Cup",2026-05-24,1.8923076923076922,0,10,0
"worldcup_c","Lenovo FIFA","worldcup_razer","razer","Razer World Cup",2026-05-31,3.7846153846153845,0,10,0
"worldcup_c","Lenovo FIFA","worldcup_razer","razer","Razer World Cup",2026-06-07,11.353846153846153,0,10,0
"worldcup_c","Lenovo FIFA","worldcup_razer","razer","Razer World Cup",2026-06-14,11.353846153846153,0,10,0
"worldcup_c","Lenovo FIFA","worldcup_razer","razer","Razer World Cup",2026-06-21,17.03076923076923,0,10,0
"worldcup_c","Lenovo FIFA","worldcup_razer","razer","Razer World Cup",2026-06-28,18.923076923076923,0,10,0
"worldcup_c","Lenovo FIFA","worldcup_razer","razer","Razer World Cup",2026-07-05,15.138461538461538,0,10,0
"worldcup_c","Lenovo FIFA","worldcup_razer","razer","Razer World Cup",2026-07-12,7.569230769230769,0,10,0
"worldcup_c","Lenovo FIFA","worldcup_razer","razer","Razer World Cup",2026-07-19,3.7846153846153845,0,10,0
"worldcup_c","Lenovo FIFA","worldcup_razer","razer","Razer World Cup",2026-07-26,0,0,10,0
"worldcup_c","Lenovo FIFA","worldcup_razer","razer","Razer World Cup",2026-08-02,0,0,10,0
"worldcup_c","Lenovo FIFA","worldcup_razer","razer","Razer World Cup",2026-08-09,0,0,10,0
"worldcup_c","Lenovo FIFA","worldcup_razer","razer","Razer World Cup",2026-08-16,0,0,10,0
"worldcup_c","Lenovo FIFA","worldcup_razer","razer","Razer World Cup",2026-08-23,0,0,10,0
"worldcup_c","Lenovo FIFA","worldcup_razer","razer","Razer World Cup",2026-08-30,0,0,10,0
"worldcup_c","Lenovo FIFA","worldcup_razer","razer","Razer World Cup",2026-09-06,0,0,10,0
"worldcup_c","Lenovo FIFA","worldcup_razer","razer","Razer World Cup",2026-09-13,0,0,10,0
"worldcup_c","Lenovo FIFA","worldcup_razer","razer","Razer World Cup",2026-09-20,0,0,10,0
"worldcup_c","Lenovo FIFA","worldcup_razer","razer","Razer World Cup",2026-09-27,0,0,10,0
"worldcup_c","Lenovo FIFA","worldcup_sony","sony","Sony World Cup",2021-12-26,0,0,10,10
"worldcup_c","Lenovo FIFA","worldcup_sony","sony","Sony World Cup",2022-01-02,0,0,10,0
"worldcup_c","Lenovo FIFA","worldcup_sony","sony","Sony World Cup",2022-01-09,0,0,10,0
"worldcup_c","Lenovo FIFA","worldcup_sony","sony","Sony World Cup",2022-01-16,0,0,10,0
"worldcup_c","Lenovo FIFA","worldcup_sony","sony","Sony World Cup",2022-01-23,0,0,10,0
"worldcup_c","Lenovo FIFA","worldcup_sony","sony","Sony World Cup",2022-01-30,1.8923076923076922,0,10,0
"worldcup_c","Lenovo FIFA","worldcup_sony","sony","Sony World Cup",2022-02-06,0,0,10,0
"worldcup_c","Lenovo FIFA","worldcup_sony","sony","Sony World Cup",2022-02-13,0,0,10,0
"worldcup_c","Lenovo FIFA","worldcup_sony","sony","Sony World Cup",2022-02-20,0,0,10,0
"worldcup_c","Lenovo FIFA","worldcup_sony","sony","Sony World Cup",2022-02-27,0,0,10,0
"worldcup_c","Lenovo FIFA","worldcup_sony","sony","Sony World Cup",2022-03-06,0,0,10,0
"worldcup_c","Lenovo FIFA","worldcup_sony","sony","Sony World Cup",2022-03-13,0,0,10,0
"worldcup_c","Lenovo FIFA","worldcup_sony","sony","Sony World Cup",2022-03-20,1.8923076923076922,0,10,0
"worldcup_c","Lenovo FIFA","worldcup_sony","sony","Sony World Cup",2022-03-27,1.8923076923076922,0,10,0
"worldcup_c","Lenovo FIFA","worldcup_sony","sony","Sony World Cup",2022-04-03,0,0,10,0
"worldcup_c","Lenovo FIFA","worldcup_sony","sony","Sony World Cup",2022-04-10,0,0,10,0
"worldcup_c","Lenovo FIFA","worldcup_sony","sony","Sony World Cup",2022-04-17,0,0,10,0
"worldcup_c","Lenovo FIFA","worldcup_sony","sony","Sony World Cup",2022-04-24,0,0,10,0
"worldcup_c","Lenovo FIFA","worldcup_sony","sony","Sony World Cup",2022-05-01,0,0,10,0
"worldcup_c","Lenovo FIFA","worldcup_sony","sony","Sony World Cup",2022-05-08,0,0,10,0
"worldcup_c","Lenovo FIFA","worldcup_sony","sony","Sony World Cup",2022-05-15,0,0,10,0
"worldcup_c","Lenovo FIFA","worldcup_sony","sony","Sony World Cup",2022-05-22,0,0,10,0
"worldcup_c","Lenovo FIFA","worldcup_sony","sony","Sony World Cup",2022-05-29,1.8923076923076922,0,10,0
"worldcup_c","Lenovo FIFA","worldcup_sony","sony","Sony World Cup",2022-06-05,0,0,10,0
"worldcup_c","Lenovo FIFA","worldcup_sony","sony","Sony World Cup",2022-06-12,0,0,10,0
"worldcup_c","Lenovo FIFA","worldcup_sony","sony","Sony World Cup",2022-06-19,0,0,10,0
"worldcup_c","Lenovo FIFA","worldcup_sony","sony","Sony World Cup",2022-06-26,0,0,10,0
"worldcup_c","Lenovo FIFA","worldcup_sony","sony","Sony World Cup",2022-07-03,0,0,10,0
"worldcup_c","Lenovo FIFA","worldcup_sony","sony","Sony World Cup",2022-07-10,0,0,10,0
"worldcup_c","Lenovo FIFA","worldcup_sony","sony","Sony World Cup",2022-07-17,0,0,10,0
"worldcup_c","Lenovo FIFA","worldcup_sony","sony","Sony World Cup",2022-07-24,0,0,10,0
"worldcup_c","Lenovo FIFA","worldcup_sony","sony","Sony World Cup",2022-07-31,0,0,10,0
"worldcup_c","Lenovo FIFA","worldcup_sony","sony","Sony World Cup",2022-08-07,0,0,10,0
"worldcup_c","Lenovo FIFA","worldcup_sony","sony","Sony World Cup",2022-08-14,0,0,10,0
"worldcup_c","Lenovo FIFA","worldcup_sony","sony","Sony World Cup",2022-08-21,0,0,10,0
"worldcup_c","Lenovo FIFA","worldcup_sony","sony","Sony World Cup",2022-08-28,0,0,10,0
"worldcup_c","Lenovo FIFA","worldcup_sony","sony","Sony World Cup",2022-09-04,0,0,10,0
"worldcup_c","Lenovo FIFA","worldcup_sony","sony","Sony World Cup",2022-09-11,0,0,10,0
"worldcup_c","Lenovo FIFA","worldcup_sony","sony","Sony World Cup",2022-09-18,0,0,10,0
"worldcup_c","Lenovo FIFA","worldcup_sony","sony","Sony World Cup",2022-09-25,0,0,10,0
"worldcup_c","Lenovo FIFA","worldcup_sony","sony","Sony World Cup",2022-10-02,1.8923076923076922,0,10,0
"worldcup_c","Lenovo FIFA","worldcup_sony","sony","Sony World Cup",2022-10-09,1.8923076923076922,0,10,0
"worldcup_c","Lenovo FIFA","worldcup_sony","sony","Sony World Cup",2022-10-16,1.8923076923076922,0,10,0
"worldcup_c","Lenovo FIFA","worldcup_sony","sony","Sony World Cup",2022-10-23,3.7846153846153845,0,10,0
"worldcup_c","Lenovo FIFA","worldcup_sony","sony","Sony World Cup",2022-10-30,3.7846153846153845,0,10,0
"worldcup_c","Lenovo FIFA","worldcup_sony","sony","Sony World Cup",2022-11-06,5.676923076923076,0,10,0
"worldcup_c","Lenovo FIFA","worldcup_sony","sony","Sony World Cup",2022-11-13,7.569230769230769,0,10,0
"worldcup_c","Lenovo FIFA","worldcup_sony","sony","Sony World Cup",2022-11-20,26.49230769230769,0,10,0
"worldcup_c","Lenovo FIFA","worldcup_sony","sony","Sony World Cup",2022-11-27,15.138461538461538,0,10,0
"worldcup_c","Lenovo FIFA","worldcup_sony","sony","Sony World Cup",2022-12-04,11.353846153846153,0,10,0
"worldcup_c","Lenovo FIFA","worldcup_sony","sony","Sony World Cup",2022-12-11,7.569230769230769,0,10,0
"worldcup_c","Lenovo FIFA","worldcup_sony","sony","Sony World Cup",2022-12-18,5.676923076923076,0,10,0
"worldcup_c","Lenovo FIFA","worldcup_sony","sony","Sony World Cup",2022-12-25,0,0,10,0
"worldcup_c","Lenovo FIFA","worldcup_sony","sony","Sony World Cup",2023-01-01,0,0,10,0
"worldcup_c","Lenovo FIFA","worldcup_sony","sony","Sony World Cup",2023-01-08,0,0,10,0
"worldcup_c","Lenovo FIFA","worldcup_sony","sony","Sony World Cup",2023-01-15,0,0,10,0
"worldcup_c","Lenovo FIFA","worldcup_sony","sony","Sony World Cup",2023-01-22,0,0,10,0
"worldcup_c","Lenovo FIFA","worldcup_sony","sony","Sony World Cup",2023-01-29,0,0,10,0
"worldcup_c","Lenovo FIFA","worldcup_sony","sony","Sony World Cup",2023-02-05,0,0,10,0
"worldcup_c","Lenovo FIFA","worldcup_sony","sony","Sony World Cup",2023-02-12,0,0,10,0
"worldcup_c","Lenovo FIFA","worldcup_sony","sony","Sony World Cup",2023-02-19,0,0,10,0
"worldcup_c","Lenovo FIFA","worldcup_sony","sony","Sony World Cup",2023-02-26,0,0,10,0
"worldcup_c","Lenovo FIFA","worldcup_sony","sony","Sony World Cup",2023-03-05,0,0,10,0
"worldcup_c","Lenovo FIFA","worldcup_sony","sony","Sony World Cup",2023-03-12,0,0,10,0
"worldcup_c","Lenovo FIFA","worldcup_sony","sony","Sony World Cup",2023-03-19,0,0,10,0
"worldcup_c","Lenovo FIFA","worldcup_sony","sony","Sony World Cup",2023-03-26,0,0,10,0
"worldcup_c","Lenovo FIFA","worldcup_sony","sony","Sony World Cup",2023-04-02,0,0,10,0
"worldcup_c","Lenovo FIFA","worldcup_sony","sony","Sony World Cup",2023-04-09,0,0,10,0
"worldcup_c","Lenovo FIFA","worldcup_sony","sony","Sony World Cup",2023-04-16,0,0,10,0
"worldcup_c","Lenovo FIFA","worldcup_sony","sony","Sony World Cup",2023-04-23,0,0,10,0
"worldcup_c","Lenovo FIFA","worldcup_sony","sony","Sony World Cup",2023-04-30,0,0,10,0
"worldcup_c","Lenovo FIFA","worldcup_sony","sony","Sony World Cup",2023-05-07,0,0,10,10
"worldcup_c","Lenovo FIFA","worldcup_sony","sony","Sony World Cup",2023-05-14,0,0,10,0
"worldcup_c","Lenovo FIFA","worldcup_sony","sony","Sony World Cup",2023-05-21,0,0,10,0
"worldcup_c","Lenovo FIFA","worldcup_sony","sony","Sony World Cup",2023-05-28,0,0,10,0
"worldcup_c","Lenovo FIFA","worldcup_sony","sony","Sony World Cup",2023-06-04,0,0,10,0
"worldcup_c","Lenovo FIFA","worldcup_sony","sony","Sony World Cup",2023-06-11,0,0,10,0
"worldcup_c","Lenovo FIFA","worldcup_sony","sony","Sony World Cup",2023-06-18,0,0,10,0
"worldcup_c","Lenovo FIFA","worldcup_sony","sony","Sony World Cup",2023-06-25,0,0,10,0
"worldcup_c","Lenovo FIFA","worldcup_sony","sony","Sony World Cup",2023-07-02,0,0,10,0
"worldcup_c","Lenovo FIFA","worldcup_sony","sony","Sony World Cup",2023-07-09,0,0,10,0
"worldcup_c","Lenovo FIFA","worldcup_sony","sony","Sony World Cup",2023-07-16,1.8923076923076922,0,10,0
"worldcup_c","Lenovo FIFA","worldcup_sony","sony","Sony World Cup",2023-07-23,1.8923076923076922,0,10,0
"worldcup_c","Lenovo FIFA","worldcup_sony","sony","Sony World Cup",2023-07-30,1.8923076923076922,0,10,0
"worldcup_c","Lenovo FIFA","worldcup_sony","sony","Sony World Cup",2023-08-06,1.8923076923076922,0,10,0
"worldcup_c","Lenovo FIFA","worldcup_sony","sony","Sony World Cup",2023-08-13,1.8923076923076922,0,10,0
"worldcup_c","Lenovo FIFA","worldcup_sony","sony","Sony World Cup",2023-08-20,1.8923076923076922,0,10,0
"worldcup_c","Lenovo FIFA","worldcup_sony","sony","Sony World Cup",2023-08-27,0,0,10,0
"worldcup_c","Lenovo FIFA","worldcup_sony","sony","Sony World Cup",2023-09-03,1.8923076923076922,0,10,0
"worldcup_c","Lenovo FIFA","worldcup_sony","sony","Sony World Cup",2023-09-10,0,0,10,0
"worldcup_c","Lenovo FIFA","worldcup_sony","sony","Sony World Cup",2023-09-17,1.8923076923076922,0,10,0
"worldcup_c","Lenovo FIFA","worldcup_sony","sony","Sony World Cup",2023-09-24,1.8923076923076922,0,10,0
"worldcup_c","Lenovo FIFA","worldcup_sony","sony","Sony World Cup",2023-10-01,3.7846153846153845,0,10,0
"worldcup_c","Lenovo FIFA","worldcup_sony","sony","Sony World Cup",2023-10-08,3.7846153846153845,0,10,0
"worldcup_c","Lenovo FIFA","worldcup_sony","sony","Sony World Cup",2023-10-15,3.7846153846153845,0,10,0
"worldcup_c","Lenovo FIFA","worldcup_sony","sony","Sony World Cup",2023-10-22,3.7846153846153845,0,10,0
"worldcup_c","Lenovo FIFA","worldcup_sony","sony","Sony World Cup",2023-10-29,3.7846153846153845,0,10,0
"worldcup_c","Lenovo FIFA","worldcup_sony","sony","Sony World Cup",2023-11-05,5.676923076923076,0,10,0
"worldcup_c","Lenovo FIFA","worldcup_sony","sony","Sony World Cup",2023-11-12,3.7846153846153845,0,10,0
"worldcup_c","Lenovo FIFA","worldcup_sony","sony","Sony World Cup",2023-11-19,3.7846153846153845,0,10,0
"worldcup_c","Lenovo FIFA","worldcup_sony","sony","Sony World Cup",2023-11-26,0,0,10,0
"worldcup_c","Lenovo FIFA","worldcup_sony","sony","Sony World Cup",2023-12-03,0,0,10,0
"worldcup_c","Lenovo FIFA","worldcup_sony","sony","Sony World Cup",2023-12-10,0,0,10,0
"worldcup_c","Lenovo FIFA","worldcup_sony","sony","Sony World Cup",2023-12-17,0,0,10,0
"worldcup_c","Lenovo FIFA","worldcup_sony","sony","Sony World Cup",2023-12-24,0,0,10,0
"worldcup_c","Lenovo FIFA","worldcup_sony","sony","Sony World Cup",2023-12-31,0,0,10,0
"worldcup_c","Lenovo FIFA","worldcup_sony","sony","Sony World Cup",2024-01-07,0,0,10,0
"worldcup_c","Lenovo FIFA","worldcup_sony","sony","Sony World Cup",2024-01-14,0,0,10,0
"worldcup_c","Lenovo FIFA","worldcup_sony","sony","Sony World Cup",2024-01-21,0,0,10,0
"worldcup_c","Lenovo FIFA","worldcup_sony","sony","Sony World Cup",2024-01-28,0,0,10,0
"worldcup_c","Lenovo FIFA","worldcup_sony","sony","Sony World Cup",2024-02-04,0,0,10,0
"worldcup_c","Lenovo FIFA","worldcup_sony","sony","Sony World Cup",2024-02-11,0,0,10,0
"worldcup_c","Lenovo FIFA","worldcup_sony","sony","Sony World Cup",2024-02-18,0,0,10,10
"worldcup_c","Lenovo FIFA","worldcup_sony","sony","Sony World Cup",2024-02-25,0,0,10,0
"worldcup_c","Lenovo FIFA","worldcup_sony","sony","Sony World Cup",2024-03-03,0,0,10,10
"worldcup_c","Lenovo FIFA","worldcup_sony","sony","Sony World Cup",2024-03-10,0,0,10,10
"worldcup_c","Lenovo FIFA","worldcup_sony","sony","Sony World Cup",2024-03-17,0,0,10,0
"worldcup_c","Lenovo FIFA","worldcup_sony","sony","Sony World Cup",2024-03-24,0,0,10,0
"worldcup_c","Lenovo FIFA","worldcup_sony","sony","Sony World Cup",2024-03-31,0,0,10,10
"worldcup_c","Lenovo FIFA","worldcup_sony","sony","Sony World Cup",2024-04-07,0,0,10,0
"worldcup_c","Lenovo FIFA","worldcup_sony","sony","Sony World Cup",2024-04-14,0,0,10,0
"worldcup_c","Lenovo FIFA","worldcup_sony","sony","Sony World Cup",2024-04-21,0,0,10,0
"worldcup_c","Lenovo FIFA","worldcup_sony","sony","Sony World Cup",2024-04-28,0,0,10,0
"worldcup_c","Lenovo FIFA","worldcup_sony","sony","Sony World Cup",2024-05-05,0,0,10,0
"worldcup_c","Lenovo FIFA","worldcup_sony","sony","Sony World Cup",2024-05-12,0,0,10,0
"worldcup_c","Lenovo FIFA","worldcup_sony","sony","Sony World Cup",2024-05-19,0,0,10,0
"worldcup_c","Lenovo FIFA","worldcup_sony","sony","Sony World Cup",2024-05-26,1.8923076923076922,0,10,0
"worldcup_c","Lenovo FIFA","worldcup_sony","sony","Sony World Cup",2024-06-02,3.7846153846153845,0,10,0
"worldcup_c","Lenovo FIFA","worldcup_sony","sony","Sony World Cup",2024-06-09,3.7846153846153845,0,10,0
"worldcup_c","Lenovo FIFA","worldcup_sony","sony","Sony World Cup",2024-06-16,1.8923076923076922,0,10,0
"worldcup_c","Lenovo FIFA","worldcup_sony","sony","Sony World Cup",2024-06-23,1.8923076923076922,0,10,0
"worldcup_c","Lenovo FIFA","worldcup_sony","sony","Sony World Cup",2024-06-30,1.8923076923076922,0,10,0
"worldcup_c","Lenovo FIFA","worldcup_sony","sony","Sony World Cup",2024-07-07,0,0,10,0
"worldcup_c","Lenovo FIFA","worldcup_sony","sony","Sony World Cup",2024-07-14,0,0,10,0
"worldcup_c","Lenovo FIFA","worldcup_sony","sony","Sony World Cup",2024-07-21,0,0,10,0
"worldcup_c","Lenovo FIFA","worldcup_sony","sony","Sony World Cup",2024-07-28,0,0,10,0
"worldcup_c","Lenovo FIFA","worldcup_sony","sony","Sony World Cup",2024-08-04,0,0,10,0
"worldcup_c","Lenovo FIFA","worldcup_sony","sony","Sony World Cup",2024-08-11,0,0,10,10
"worldcup_c","Lenovo FIFA","worldcup_sony","sony","Sony World Cup",2024-08-18,0,0,10,0
"worldcup_c","Lenovo FIFA","worldcup_sony","sony","Sony World Cup",2024-08-25,0,0,10,10
"worldcup_c","Lenovo FIFA","worldcup_sony","sony","Sony World Cup",2024-09-01,0,0,10,0
"worldcup_c","Lenovo FIFA","worldcup_sony","sony","Sony World Cup",2024-09-08,0,0,10,0
"worldcup_c","Lenovo FIFA","worldcup_sony","sony","Sony World Cup",2024-09-15,0,0,10,10
"worldcup_c","Lenovo FIFA","worldcup_sony","sony","Sony World Cup",2024-09-22,0,0,10,10
"worldcup_c","Lenovo FIFA","worldcup_sony","sony","Sony World Cup",2024-09-29,1.8923076923076922,0,10,0
"worldcup_c","Lenovo FIFA","worldcup_sony","sony","Sony World Cup",2024-10-06,0,0,10,0
"worldcup_c","Lenovo FIFA","worldcup_sony","sony","Sony World Cup",2024-10-13,0,0,10,0
"worldcup_c","Lenovo FIFA","worldcup_sony","sony","Sony World Cup",2024-10-20,0,0,10,0
"worldcup_c","Lenovo FIFA","worldcup_sony","sony","Sony World Cup",2024-10-27,0,0,10,10
"worldcup_c","Lenovo FIFA","worldcup_sony","sony","Sony World Cup",2024-11-03,0,0,10,10
"worldcup_c","Lenovo FIFA","worldcup_sony","sony","Sony World Cup",2024-11-10,0,0,10,10
"worldcup_c","Lenovo FIFA","worldcup_sony","sony","Sony World Cup",2024-11-17,0,0,10,10
"worldcup_c","Lenovo FIFA","worldcup_sony","sony","Sony World Cup",2024-11-24,0,0,10,0
"worldcup_c","Lenovo FIFA","worldcup_sony","sony","Sony World Cup",2024-12-01,0,0,10,10
"worldcup_c","Lenovo FIFA","worldcup_sony","sony","Sony World Cup",2024-12-08,0,0,10,0
"worldcup_c","Lenovo FIFA","worldcup_sony","sony","Sony World Cup",2024-12-15,0,0,10,10
"worldcup_c","Lenovo FIFA","worldcup_sony","sony","Sony World Cup",2024-12-22,0,0,10,10
"worldcup_c","Lenovo FIFA","worldcup_sony","sony","Sony World Cup",2024-12-29,0,0,10,10
"worldcup_c","Lenovo FIFA","worldcup_sony","sony","Sony World Cup",2025-01-05,0,0,10,10
"worldcup_c","Lenovo FIFA","worldcup_sony","sony","Sony World Cup",2025-01-12,0,0,10,0
"worldcup_c","Lenovo FIFA","worldcup_sony","sony","Sony World Cup",2025-01-19,0,0,10,10
"worldcup_c","Lenovo FIFA","worldcup_sony","sony","Sony World Cup",2025-01-26,0,0,10,10
"worldcup_c","Lenovo FIFA","worldcup_sony","sony","Sony World Cup",2025-02-02,0,0,10,10
"worldcup_c","Lenovo FIFA","worldcup_sony","sony","Sony World Cup",2025-02-09,0,0,10,0
"worldcup_c","Lenovo FIFA","worldcup_sony","sony","Sony World Cup",2025-02-16,0,0,10,10
"worldcup_c","Lenovo FIFA","worldcup_sony","sony","Sony World Cup",2025-02-23,0,0,10,10
"worldcup_c","Lenovo FIFA","worldcup_sony","sony","Sony World Cup",2025-03-02,0,0,10,0
"worldcup_c","Lenovo FIFA","worldcup_sony","sony","Sony World Cup",2025-03-09,0,0,10,0
"worldcup_c","Lenovo FIFA","worldcup_sony","sony","Sony World Cup",2025-03-16,0,0,10,0
"worldcup_c","Lenovo FIFA","worldcup_sony","sony","Sony World Cup",2025-03-23,0,0,10,0
"worldcup_c","Lenovo FIFA","worldcup_sony","sony","Sony World Cup",2025-03-30,0,0,10,10
"worldcup_c","Lenovo FIFA","worldcup_sony","sony","Sony World Cup",2025-04-06,0,0,10,10
"worldcup_c","Lenovo FIFA","worldcup_sony","sony","Sony World Cup",2025-04-13,0,0,10,0
"worldcup_c","Lenovo FIFA","worldcup_sony","sony","Sony World Cup",2025-04-20,0,0,10,0
"worldcup_c","Lenovo FIFA","worldcup_sony","sony","Sony World Cup",2025-04-27,0,0,10,0
"worldcup_c","Lenovo FIFA","worldcup_sony","sony","Sony World Cup",2025-05-04,0,0,10,10
"worldcup_c","Lenovo FIFA","worldcup_sony","sony","Sony World Cup",2025-05-11,0,0,10,0
"worldcup_c","Lenovo FIFA","worldcup_sony","sony","Sony World Cup",2025-05-18,0,0,10,10
"worldcup_c","Lenovo FIFA","worldcup_sony","sony","Sony World Cup",2025-05-25,0,0,10,0
"worldcup_c","Lenovo FIFA","worldcup_sony","sony","Sony World Cup",2025-06-01,0,0,10,0
"worldcup_c","Lenovo FIFA","worldcup_sony","sony","Sony World Cup",2025-06-08,0,0,10,0
"worldcup_c","Lenovo FIFA","worldcup_sony","sony","Sony World Cup",2025-06-15,1.8923076923076922,0,10,0
"worldcup_c","Lenovo FIFA","worldcup_sony","sony","Sony World Cup",2025-06-22,0,0,10,0
"worldcup_c","Lenovo FIFA","worldcup_sony","sony","Sony World Cup",2025-06-29,1.8923076923076922,0,10,0
"worldcup_c","Lenovo FIFA","worldcup_sony","sony","Sony World Cup",2025-07-06,1.8923076923076922,0,10,0
"worldcup_c","Lenovo FIFA","worldcup_sony","sony","Sony World Cup",2025-07-13,1.8923076923076922,0,10,0
"worldcup_c","Lenovo FIFA","worldcup_sony","sony","Sony World Cup",2025-07-20,1.8923076923076922,0,10,0
"worldcup_c","Lenovo FIFA","worldcup_sony","sony","Sony World Cup",2025-07-27,1.8923076923076922,0,10,0
"worldcup_c","Lenovo FIFA","worldcup_sony","sony","Sony World Cup",2025-08-03,3.7846153846153845,0,10,0
"worldcup_c","Lenovo FIFA","worldcup_sony","sony","Sony World Cup",2025-08-10,3.7846153846153845,0,10,0
"worldcup_c","Lenovo FIFA","worldcup_sony","sony","Sony World Cup",2025-08-17,3.7846153846153845,0,10,0
"worldcup_c","Lenovo FIFA","worldcup_sony","sony","Sony World Cup",2025-08-24,3.7846153846153845,0,10,0
"worldcup_c","Lenovo FIFA","worldcup_sony","sony","Sony World Cup",2025-08-31,11.353846153846153,0,10,0
"worldcup_c","Lenovo FIFA","worldcup_sony","sony","Sony World Cup",2025-09-07,13.246153846153845,0,10,0
"worldcup_c","Lenovo FIFA","worldcup_sony","sony","Sony World Cup",2025-09-14,5.676923076923076,0,10,0
"worldcup_c","Lenovo FIFA","worldcup_sony","sony","Sony World Cup",2025-09-21,5.676923076923076,0,10,0
"worldcup_c","Lenovo FIFA","worldcup_sony","sony","Sony World Cup",2025-09-28,7.569230769230769,0,10,0
"worldcup_c","Lenovo FIFA","worldcup_sony","sony","Sony World Cup",2025-10-05,7.569230769230769,0,10,0
"worldcup_c","Lenovo FIFA","worldcup_sony","sony","Sony World Cup",2025-10-12,7.569230769230769,0,10,0
"worldcup_c","Lenovo FIFA","worldcup_sony","sony","Sony World Cup",2025-10-19,5.676923076923076,0,10,0
"worldcup_c","Lenovo FIFA","worldcup_sony","sony","Sony World Cup",2025-10-26,7.569230769230769,0,10,0
"worldcup_c","Lenovo FIFA","worldcup_sony","sony","Sony World Cup",2025-11-02,11.353846153846153,0,10,0
"worldcup_c","Lenovo FIFA","worldcup_sony","sony","Sony World Cup",2025-11-09,17.03076923076923,0,10,0
"worldcup_c","Lenovo FIFA","worldcup_sony","sony","Sony World Cup",2025-11-16,15.138461538461538,0,10,0
"worldcup_c","Lenovo FIFA","worldcup_sony","sony","Sony World Cup",2025-11-23,9.461538461538462,0,10,0
"worldcup_c","Lenovo FIFA","worldcup_sony","sony","Sony World Cup",2025-11-30,15.138461538461538,0,10,0
"worldcup_c","Lenovo FIFA","worldcup_sony","sony","Sony World Cup",2025-12-07,11.353846153846153,0,10,0
"worldcup_c","Lenovo FIFA","worldcup_sony","sony","Sony World Cup",2025-12-14,7.569230769230769,0,10,0
"worldcup_c","Lenovo FIFA","worldcup_sony","sony","Sony World Cup",2025-12-21,3.7846153846153845,0,10,0
"worldcup_c","Lenovo FIFA","worldcup_sony","sony","Sony World Cup",2025-12-28,1.8923076923076922,0,10,0
"worldcup_c","Lenovo FIFA","worldcup_sony","sony","Sony World Cup",2026-01-04,1.8923076923076922,0,10,0
"worldcup_c","Lenovo FIFA","worldcup_sony","sony","Sony World Cup",2026-01-11,5.676923076923076,0,10,0
"worldcup_c","Lenovo FIFA","worldcup_sony","sony","Sony World Cup",2026-01-18,7.569230769230769,0,10,0
"worldcup_c","Lenovo FIFA","worldcup_sony","sony","Sony World Cup",2026-01-25,7.569230769230769,0,10,0
"worldcup_c","Lenovo FIFA","worldcup_sony","sony","Sony World Cup",2026-02-01,7.569230769230769,0,10,0
"worldcup_c","Lenovo FIFA","worldcup_sony","sony","Sony World Cup",2026-02-08,7.569230769230769,0,10,0
"worldcup_c","Lenovo FIFA","worldcup_sony","sony","Sony World Cup",2026-02-15,9.461538461538462,0,10,0
"worldcup_c","Lenovo FIFA","worldcup_sony","sony","Sony World Cup",2026-02-22,7.569230769230769,0,10,0
"worldcup_c","Lenovo FIFA","worldcup_sony","sony","Sony World Cup",2026-03-01,9.461538461538462,0,10,0
"worldcup_c","Lenovo FIFA","worldcup_sony","sony","Sony World Cup",2026-03-08,11.353846153846153,0,10,0
"worldcup_c","Lenovo FIFA","worldcup_sony","sony","Sony World Cup",2026-03-15,7.569230769230769,0,10,0
"worldcup_c","Lenovo FIFA","worldcup_sony","sony","Sony World Cup",2026-03-22,11.353846153846153,0,10,0
"worldcup_c","Lenovo FIFA","worldcup_sony","sony","Sony World Cup",2026-03-29,17.03076923076923,0,10,0
"worldcup_c","Lenovo FIFA","worldcup_sony","sony","Sony World Cup",2026-04-05,11.353846153846153,0,10,0
"worldcup_c","Lenovo FIFA","worldcup_sony","sony","Sony World Cup",2026-04-12,7.569230769230769,0,10,0
"worldcup_c","Lenovo FIFA","worldcup_sony","sony","Sony World Cup",2026-04-19,7.569230769230769,0,10,0
"worldcup_c","Lenovo FIFA","worldcup_sony","sony","Sony World Cup",2026-04-26,7.569230769230769,0,10,0
"worldcup_c","Lenovo FIFA","worldcup_sony","sony","Sony World Cup",2026-05-03,7.569230769230769,0,10,0
"worldcup_c","Lenovo FIFA","worldcup_sony","sony","Sony World Cup",2026-05-10,11.353846153846153,0,10,0
"worldcup_c","Lenovo FIFA","worldcup_sony","sony","Sony World Cup",2026-05-17,17.03076923076923,0,10,0
"worldcup_c","Lenovo FIFA","worldcup_sony","sony","Sony World Cup",2026-05-24,18.923076923076923,0,10,0
"worldcup_c","Lenovo FIFA","worldcup_sony","sony","Sony World Cup",2026-05-31,32.169230769230765,0,10,0
"worldcup_c","Lenovo FIFA","worldcup_sony","sony","Sony World Cup",2026-06-07,98.39999999999999,0,10,0
"worldcup_c","Lenovo FIFA","worldcup_sony","sony","Sony World Cup",2026-06-14,113.53846153846152,0,10,0
"worldcup_c","Lenovo FIFA","worldcup_sony","sony","Sony World Cup",2026-06-21,141.9230769230769,0,10,0
"worldcup_c","Lenovo FIFA","worldcup_sony","sony","Sony World Cup",2026-06-28,189.23076923076923,0,10,0
"worldcup_c","Lenovo FIFA","worldcup_sony","sony","Sony World Cup",2026-07-05,140.03076923076924,0,10,0
"worldcup_c","Lenovo FIFA","worldcup_sony","sony","Sony World Cup",2026-07-12,75.6923076923077,0,10,0
"worldcup_c","Lenovo FIFA","worldcup_sony","sony","Sony World Cup",2026-07-19,41.63076923076923,0,10,0
"worldcup_c","Lenovo FIFA","worldcup_sony","sony","Sony World Cup",2026-07-26,7.569230769230769,0,10,0
"worldcup_c","Lenovo FIFA","worldcup_sony","sony","Sony World Cup",2026-08-02,5.676923076923076,0,10,0
"worldcup_c","Lenovo FIFA","worldcup_sony","sony","Sony World Cup",2026-08-09,7.569230769230769,0,10,0
"worldcup_c","Lenovo FIFA","worldcup_sony","sony","Sony World Cup",2026-08-16,3.7846153846153845,0,10,0
"worldcup_c","Lenovo FIFA","worldcup_sony","sony","Sony World Cup",2026-08-23,3.7846153846153845,0,10,0
"worldcup_c","Lenovo FIFA","worldcup_sony","sony","Sony World Cup",2026-08-30,3.7846153846153845,0,10,0
"worldcup_c","Lenovo FIFA","worldcup_sony","sony","Sony World Cup",2026-09-06,3.7846153846153845,0,10,0
"worldcup_c","Lenovo FIFA","worldcup_sony","sony","Sony World Cup",2026-09-13,1.8923076923076922,0,10,0
"worldcup_c","Lenovo FIFA","worldcup_sony","sony","Sony World Cup",2026-09-20,1.8923076923076922,0,10,0
"worldcup_c","Lenovo FIFA","worldcup_sony","sony","Sony World Cup",2026-09-27,1.8923076923076922,0,10,0
"worldcup_c","Lenovo FIFA","worldcup_xiaomi","xiaomi","Xiaomi World Cup",2021-12-26,0,0,10,10
"worldcup_c","Lenovo FIFA","worldcup_xiaomi","xiaomi","Xiaomi World Cup",2022-01-02,0,0,10,10
"worldcup_c","Lenovo FIFA","worldcup_xiaomi","xiaomi","Xiaomi World Cup",2022-01-09,0,0,10,10
"worldcup_c","Lenovo FIFA","worldcup_xiaomi","xiaomi","Xiaomi World Cup",2022-01-16,0,0,10,10
"worldcup_c","Lenovo FIFA","worldcup_xiaomi","xiaomi","Xiaomi World Cup",2022-01-23,0,0,10,0
"worldcup_c","Lenovo FIFA","worldcup_xiaomi","xiaomi","Xiaomi World Cup",2022-01-30,0,0,10,0
"worldcup_c","Lenovo FIFA","worldcup_xiaomi","xiaomi","Xiaomi World Cup",2022-02-06,0,0,10,10
"worldcup_c","Lenovo FIFA","worldcup_xiaomi","xiaomi","Xiaomi World Cup",2022-02-13,0,0,10,10
"worldcup_c","Lenovo FIFA","worldcup_xiaomi","xiaomi","Xiaomi World Cup",2022-02-20,0,0,10,10
"worldcup_c","Lenovo FIFA","worldcup_xiaomi","xiaomi","Xiaomi World Cup",2022-02-27,0,0,10,0
"worldcup_c","Lenovo FIFA","worldcup_xiaomi","xiaomi","Xiaomi World Cup",2022-03-06,0,0,10,10
"worldcup_c","Lenovo FIFA","worldcup_xiaomi","xiaomi","Xiaomi World Cup",2022-03-13,0,0,10,0
"worldcup_c","Lenovo FIFA","worldcup_xiaomi","xiaomi","Xiaomi World Cup",2022-03-20,0,0,10,0
"worldcup_c","Lenovo FIFA","worldcup_xiaomi","xiaomi","Xiaomi World Cup",2022-03-27,0,0,10,0
"worldcup_c","Lenovo FIFA","worldcup_xiaomi","xiaomi","Xiaomi World Cup",2022-04-03,0,0,10,0
"worldcup_c","Lenovo FIFA","worldcup_xiaomi","xiaomi","Xiaomi World Cup",2022-04-10,0,0,10,10
"worldcup_c","Lenovo FIFA","worldcup_xiaomi","xiaomi","Xiaomi World Cup",2022-04-17,0,0,10,0
"worldcup_c","Lenovo FIFA","worldcup_xiaomi","xiaomi","Xiaomi World Cup",2022-04-24,0,0,10,0
"worldcup_c","Lenovo FIFA","worldcup_xiaomi","xiaomi","Xiaomi World Cup",2022-05-01,0,0,10,0
"worldcup_c","Lenovo FIFA","worldcup_xiaomi","xiaomi","Xiaomi World Cup",2022-05-08,0,0,10,0
"worldcup_c","Lenovo FIFA","worldcup_xiaomi","xiaomi","Xiaomi World Cup",2022-05-15,0,0,10,0
"worldcup_c","Lenovo FIFA","worldcup_xiaomi","xiaomi","Xiaomi World Cup",2022-05-22,0,0,10,10
"worldcup_c","Lenovo FIFA","worldcup_xiaomi","xiaomi","Xiaomi World Cup",2022-05-29,0,0,10,10
"worldcup_c","Lenovo FIFA","worldcup_xiaomi","xiaomi","Xiaomi World Cup",2022-06-05,0,0,10,0
"worldcup_c","Lenovo FIFA","worldcup_xiaomi","xiaomi","Xiaomi World Cup",2022-06-12,0,0,10,10
"worldcup_c","Lenovo FIFA","worldcup_xiaomi","xiaomi","Xiaomi World Cup",2022-06-19,0,0,10,10
"worldcup_c","Lenovo FIFA","worldcup_xiaomi","xiaomi","Xiaomi World Cup",2022-06-26,0,0,10,10
"worldcup_c","Lenovo FIFA","worldcup_xiaomi","xiaomi","Xiaomi World Cup",2022-07-03,0,0,10,10
"worldcup_c","Lenovo FIFA","worldcup_xiaomi","xiaomi","Xiaomi World Cup",2022-07-10,0,0,10,0
"worldcup_c","Lenovo FIFA","worldcup_xiaomi","xiaomi","Xiaomi World Cup",2022-07-17,0,0,10,10
"worldcup_c","Lenovo FIFA","worldcup_xiaomi","xiaomi","Xiaomi World Cup",2022-07-24,0,0,10,10
"worldcup_c","Lenovo FIFA","worldcup_xiaomi","xiaomi","Xiaomi World Cup",2022-07-31,0,0,10,10
"worldcup_c","Lenovo FIFA","worldcup_xiaomi","xiaomi","Xiaomi World Cup",2022-08-07,0,0,10,10
"worldcup_c","Lenovo FIFA","worldcup_xiaomi","xiaomi","Xiaomi World Cup",2022-08-14,0,0,10,10
"worldcup_c","Lenovo FIFA","worldcup_xiaomi","xiaomi","Xiaomi World Cup",2022-08-21,0,0,10,0
"worldcup_c","Lenovo FIFA","worldcup_xiaomi","xiaomi","Xiaomi World Cup",2022-08-28,0,0,10,10
"worldcup_c","Lenovo FIFA","worldcup_xiaomi","xiaomi","Xiaomi World Cup",2022-09-04,0,0,10,10
"worldcup_c","Lenovo FIFA","worldcup_xiaomi","xiaomi","Xiaomi World Cup",2022-09-11,0,0,10,0
"worldcup_c","Lenovo FIFA","worldcup_xiaomi","xiaomi","Xiaomi World Cup",2022-09-18,0,0,10,0
"worldcup_c","Lenovo FIFA","worldcup_xiaomi","xiaomi","Xiaomi World Cup",2022-09-25,0,0,10,0
"worldcup_c","Lenovo FIFA","worldcup_xiaomi","xiaomi","Xiaomi World Cup",2022-10-02,0,0,10,0
"worldcup_c","Lenovo FIFA","worldcup_xiaomi","xiaomi","Xiaomi World Cup",2022-10-09,0,0,10,0
"worldcup_c","Lenovo FIFA","worldcup_xiaomi","xiaomi","Xiaomi World Cup",2022-10-16,0,0,10,0
"worldcup_c","Lenovo FIFA","worldcup_xiaomi","xiaomi","Xiaomi World Cup",2022-10-23,1.8923076923076922,0,10,0
"worldcup_c","Lenovo FIFA","worldcup_xiaomi","xiaomi","Xiaomi World Cup",2022-10-30,1.8923076923076922,0,10,0
"worldcup_c","Lenovo FIFA","worldcup_xiaomi","xiaomi","Xiaomi World Cup",2022-11-06,1.8923076923076922,0,10,0
"worldcup_c","Lenovo FIFA","worldcup_xiaomi","xiaomi","Xiaomi World Cup",2022-11-13,1.8923076923076922,0,10,0
"worldcup_c","Lenovo FIFA","worldcup_xiaomi","xiaomi","Xiaomi World Cup",2022-11-20,7.569230769230769,0,10,0
"worldcup_c","Lenovo FIFA","worldcup_xiaomi","xiaomi","Xiaomi World Cup",2022-11-27,7.569230769230769,0,10,0
"worldcup_c","Lenovo FIFA","worldcup_xiaomi","xiaomi","Xiaomi World Cup",2022-12-04,5.676923076923076,0,10,0
"worldcup_c","Lenovo FIFA","worldcup_xiaomi","xiaomi","Xiaomi World Cup",2022-12-11,3.7846153846153845,0,10,0
"worldcup_c","Lenovo FIFA","worldcup_xiaomi","xiaomi","Xiaomi World Cup",2022-12-18,1.8923076923076922,0,10,0
"worldcup_c","Lenovo FIFA","worldcup_xiaomi","xiaomi","Xiaomi World Cup",2022-12-25,0,0,10,0
"worldcup_c","Lenovo FIFA","worldcup_xiaomi","xiaomi","Xiaomi World Cup",2023-01-01,0,0,10,0
"worldcup_c","Lenovo FIFA","worldcup_xiaomi","xiaomi","Xiaomi World Cup",2023-01-08,0,0,10,0
"worldcup_c","Lenovo FIFA","worldcup_xiaomi","xiaomi","Xiaomi World Cup",2023-01-15,0,0,10,0
"worldcup_c","Lenovo FIFA","worldcup_xiaomi","xiaomi","Xiaomi World Cup",2023-01-22,0,0,10,0
"worldcup_c","Lenovo FIFA","worldcup_xiaomi","xiaomi","Xiaomi World Cup",2023-01-29,0,0,10,10
"worldcup_c","Lenovo FIFA","worldcup_xiaomi","xiaomi","Xiaomi World Cup",2023-02-05,0,0,10,0
"worldcup_c","Lenovo FIFA","worldcup_xiaomi","xiaomi","Xiaomi World Cup",2023-02-12,0,0,10,10
"worldcup_c","Lenovo FIFA","worldcup_xiaomi","xiaomi","Xiaomi World Cup",2023-02-19,0,0,10,0
"worldcup_c","Lenovo FIFA","worldcup_xiaomi","xiaomi","Xiaomi World Cup",2023-02-26,0,0,10,0
"worldcup_c","Lenovo FIFA","worldcup_xiaomi","xiaomi","Xiaomi World Cup",2023-03-05,0,0,10,10
"worldcup_c","Lenovo FIFA","worldcup_xiaomi","xiaomi","Xiaomi World Cup",2023-03-12,0,0,10,10
"worldcup_c","Lenovo FIFA","worldcup_xiaomi","xiaomi","Xiaomi World Cup",2023-03-19,0,0,10,10
"worldcup_c","Lenovo FIFA","worldcup_xiaomi","xiaomi","Xiaomi World Cup",2023-03-26,0,0,10,10
"worldcup_c","Lenovo FIFA","worldcup_xiaomi","xiaomi","Xiaomi World Cup",2023-04-02,0,0,10,10
"worldcup_c","Lenovo FIFA","worldcup_xiaomi","xiaomi","Xiaomi World Cup",2023-04-09,0,0,10,10
"worldcup_c","Lenovo FIFA","worldcup_xiaomi","xiaomi","Xiaomi World Cup",2023-04-16,0,0,10,10
"worldcup_c","Lenovo FIFA","worldcup_xiaomi","xiaomi","Xiaomi World Cup",2023-04-23,0,0,10,10
"worldcup_c","Lenovo FIFA","worldcup_xiaomi","xiaomi","Xiaomi World Cup",2023-04-30,0,0,10,10
"worldcup_c","Lenovo FIFA","worldcup_xiaomi","xiaomi","Xiaomi World Cup",2023-05-07,0,0,10,10
"worldcup_c","Lenovo FIFA","worldcup_xiaomi","xiaomi","Xiaomi World Cup",2023-05-14,0,0,10,10
"worldcup_c","Lenovo FIFA","worldcup_xiaomi","xiaomi","Xiaomi World Cup",2023-05-21,0,0,10,10
"worldcup_c","Lenovo FIFA","worldcup_xiaomi","xiaomi","Xiaomi World Cup",2023-05-28,0,0,10,10
"worldcup_c","Lenovo FIFA","worldcup_xiaomi","xiaomi","Xiaomi World Cup",2023-06-04,0,0,10,10
"worldcup_c","Lenovo FIFA","worldcup_xiaomi","xiaomi","Xiaomi World Cup",2023-06-11,0,0,10,10
"worldcup_c","Lenovo FIFA","worldcup_xiaomi","xiaomi","Xiaomi World Cup",2023-06-18,0,0,10,0
"worldcup_c","Lenovo FIFA","worldcup_xiaomi","xiaomi","Xiaomi World Cup",2023-06-25,0,0,10,10
"worldcup_c","Lenovo FIFA","worldcup_xiaomi","xiaomi","Xiaomi World Cup",2023-07-02,0,0,10,0
"worldcup_c","Lenovo FIFA","worldcup_xiaomi","xiaomi","Xiaomi World Cup",2023-07-09,0,0,10,10
"worldcup_c","Lenovo FIFA","worldcup_xiaomi","xiaomi","Xiaomi World Cup",2023-07-16,0,0,10,0
"worldcup_c","Lenovo FIFA","worldcup_xiaomi","xiaomi","Xiaomi World Cup",2023-07-23,0,0,10,0
"worldcup_c","Lenovo FIFA","worldcup_xiaomi","xiaomi","Xiaomi World Cup",2023-07-30,1.8923076923076922,0,10,0
"worldcup_c","Lenovo FIFA","worldcup_xiaomi","xiaomi","Xiaomi World Cup",2023-08-06,0,0,10,0
"worldcup_c","Lenovo FIFA","worldcup_xiaomi","xiaomi","Xiaomi World Cup",2023-08-13,0,0,10,0
"worldcup_c","Lenovo FIFA","worldcup_xiaomi","xiaomi","Xiaomi World Cup",2023-08-20,0,0,10,0
"worldcup_c","Lenovo FIFA","worldcup_xiaomi","xiaomi","Xiaomi World Cup",2023-08-27,0,0,10,0
"worldcup_c","Lenovo FIFA","worldcup_xiaomi","xiaomi","Xiaomi World Cup",2023-09-03,0,0,10,0
"worldcup_c","Lenovo FIFA","worldcup_xiaomi","xiaomi","Xiaomi World Cup",2023-09-10,0,0,10,0
"worldcup_c","Lenovo FIFA","worldcup_xiaomi","xiaomi","Xiaomi World Cup",2023-09-17,0,0,10,0
"worldcup_c","Lenovo FIFA","worldcup_xiaomi","xiaomi","Xiaomi World Cup",2023-09-24,0,0,10,0
"worldcup_c","Lenovo FIFA","worldcup_xiaomi","xiaomi","Xiaomi World Cup",2023-10-01,1.8923076923076922,0,10,0
"worldcup_c","Lenovo FIFA","worldcup_xiaomi","xiaomi","Xiaomi World Cup",2023-10-08,1.8923076923076922,0,10,0
"worldcup_c","Lenovo FIFA","worldcup_xiaomi","xiaomi","Xiaomi World Cup",2023-10-15,1.8923076923076922,0,10,0
"worldcup_c","Lenovo FIFA","worldcup_xiaomi","xiaomi","Xiaomi World Cup",2023-10-22,1.8923076923076922,0,10,0
"worldcup_c","Lenovo FIFA","worldcup_xiaomi","xiaomi","Xiaomi World Cup",2023-10-29,1.8923076923076922,0,10,0
"worldcup_c","Lenovo FIFA","worldcup_xiaomi","xiaomi","Xiaomi World Cup",2023-11-05,1.8923076923076922,0,10,0
"worldcup_c","Lenovo FIFA","worldcup_xiaomi","xiaomi","Xiaomi World Cup",2023-11-12,1.8923076923076922,0,10,0
"worldcup_c","Lenovo FIFA","worldcup_xiaomi","xiaomi","Xiaomi World Cup",2023-11-19,1.8923076923076922,0,10,0
"worldcup_c","Lenovo FIFA","worldcup_xiaomi","xiaomi","Xiaomi World Cup",2023-11-26,0,0,10,0
"worldcup_c","Lenovo FIFA","worldcup_xiaomi","xiaomi","Xiaomi World Cup",2023-12-03,0,0,10,0
"worldcup_c","Lenovo FIFA","worldcup_xiaomi","xiaomi","Xiaomi World Cup",2023-12-10,0,0,10,0
"worldcup_c","Lenovo FIFA","worldcup_xiaomi","xiaomi","Xiaomi World Cup",2023-12-17,0,0,10,0
"worldcup_c","Lenovo FIFA","worldcup_xiaomi","xiaomi","Xiaomi World Cup",2023-12-24,0,0,10,10
"worldcup_c","Lenovo FIFA","worldcup_xiaomi","xiaomi","Xiaomi World Cup",2023-12-31,0,0,10,0
"worldcup_c","Lenovo FIFA","worldcup_xiaomi","xiaomi","Xiaomi World Cup",2024-01-07,0,0,10,10
"worldcup_c","Lenovo FIFA","worldcup_xiaomi","xiaomi","Xiaomi World Cup",2024-01-14,0,0,10,0
"worldcup_c","Lenovo FIFA","worldcup_xiaomi","xiaomi","Xiaomi World Cup",2024-01-21,0,0,10,10
"worldcup_c","Lenovo FIFA","worldcup_xiaomi","xiaomi","Xiaomi World Cup",2024-01-28,0,0,10,10
"worldcup_c","Lenovo FIFA","worldcup_xiaomi","xiaomi","Xiaomi World Cup",2024-02-04,0,0,10,0
"worldcup_c","Lenovo FIFA","worldcup_xiaomi","xiaomi","Xiaomi World Cup",2024-02-11,0,0,10,10
"worldcup_c","Lenovo FIFA","worldcup_xiaomi","xiaomi","Xiaomi World Cup",2024-02-18,0,0,10,10
"worldcup_c","Lenovo FIFA","worldcup_xiaomi","xiaomi","Xiaomi World Cup",2024-02-25,0,0,10,10
"worldcup_c","Lenovo FIFA","worldcup_xiaomi","xiaomi","Xiaomi World Cup",2024-03-03,0,0,10,10
"worldcup_c","Lenovo FIFA","worldcup_xiaomi","xiaomi","Xiaomi World Cup",2024-03-10,0,0,10,0
"worldcup_c","Lenovo FIFA","worldcup_xiaomi","xiaomi","Xiaomi World Cup",2024-03-17,0,0,10,10
"worldcup_c","Lenovo FIFA","worldcup_xiaomi","xiaomi","Xiaomi World Cup",2024-03-24,0,0,10,10
"worldcup_c","Lenovo FIFA","worldcup_xiaomi","xiaomi","Xiaomi World Cup",2024-03-31,0,0,10,10
"worldcup_c","Lenovo FIFA","worldcup_xiaomi","xiaomi","Xiaomi World Cup",2024-04-07,0,0,10,10
"worldcup_c","Lenovo FIFA","worldcup_xiaomi","xiaomi","Xiaomi World Cup",2024-04-14,0,0,10,10
"worldcup_c","Lenovo FIFA","worldcup_xiaomi","xiaomi","Xiaomi World Cup",2024-04-21,0,0,10,10
"worldcup_c","Lenovo FIFA","worldcup_xiaomi","xiaomi","Xiaomi World Cup",2024-04-28,0,0,10,10
"worldcup_c","Lenovo FIFA","worldcup_xiaomi","xiaomi","Xiaomi World Cup",2024-05-05,0,0,10,10
"worldcup_c","Lenovo FIFA","worldcup_xiaomi","xiaomi","Xiaomi World Cup",2024-05-12,0,0,10,10
"worldcup_c","Lenovo FIFA","worldcup_xiaomi","xiaomi","Xiaomi World Cup",2024-05-19,0,0,10,10
"worldcup_c","Lenovo FIFA","worldcup_xiaomi","xiaomi","Xiaomi World Cup",2024-05-26,0,0,10,0
"worldcup_c","Lenovo FIFA","worldcup_xiaomi","xiaomi","Xiaomi World Cup",2024-06-02,0,0,10,0
"worldcup_c","Lenovo FIFA","worldcup_xiaomi","xiaomi","Xiaomi World Cup",2024-06-09,1.8923076923076922,0,10,0
"worldcup_c","Lenovo FIFA","worldcup_xiaomi","xiaomi","Xiaomi World Cup",2024-06-16,1.8923076923076922,0,10,0
"worldcup_c","Lenovo FIFA","worldcup_xiaomi","xiaomi","Xiaomi World Cup",2024-06-23,1.8923076923076922,0,10,0
"worldcup_c","Lenovo FIFA","worldcup_xiaomi","xiaomi","Xiaomi World Cup",2024-06-30,0,0,10,0
"worldcup_c","Lenovo FIFA","worldcup_xiaomi","xiaomi","Xiaomi World Cup",2024-07-07,0,0,10,0
"worldcup_c","Lenovo FIFA","worldcup_xiaomi","xiaomi","Xiaomi World Cup",2024-07-14,0,0,10,10
"worldcup_c","Lenovo FIFA","worldcup_xiaomi","xiaomi","Xiaomi World Cup",2024-07-21,0,0,10,10
"worldcup_c","Lenovo FIFA","worldcup_xiaomi","xiaomi","Xiaomi World Cup",2024-07-28,0,0,10,10
"worldcup_c","Lenovo FIFA","worldcup_xiaomi","xiaomi","Xiaomi World Cup",2024-08-04,0,0,10,10
"worldcup_c","Lenovo FIFA","worldcup_xiaomi","xiaomi","Xiaomi World Cup",2024-08-11,0,0,10,10
"worldcup_c","Lenovo FIFA","worldcup_xiaomi","xiaomi","Xiaomi World Cup",2024-08-18,0,0,10,10
"worldcup_c","Lenovo FIFA","worldcup_xiaomi","xiaomi","Xiaomi World Cup",2024-08-25,0,0,10,10
"worldcup_c","Lenovo FIFA","worldcup_xiaomi","xiaomi","Xiaomi World Cup",2024-09-01,0,0,10,10
"worldcup_c","Lenovo FIFA","worldcup_xiaomi","xiaomi","Xiaomi World Cup",2024-09-08,0,0,10,0
"worldcup_c","Lenovo FIFA","worldcup_xiaomi","xiaomi","Xiaomi World Cup",2024-09-15,0,0,10,0
"worldcup_c","Lenovo FIFA","worldcup_xiaomi","xiaomi","Xiaomi World Cup",2024-09-22,0,0,10,10
"worldcup_c","Lenovo FIFA","worldcup_xiaomi","xiaomi","Xiaomi World Cup",2024-09-29,0,0,10,0
"worldcup_c","Lenovo FIFA","worldcup_xiaomi","xiaomi","Xiaomi World Cup",2024-10-06,0,0,10,10
"worldcup_c","Lenovo FIFA","worldcup_xiaomi","xiaomi","Xiaomi World Cup",2024-10-13,0,0,10,10
"worldcup_c","Lenovo FIFA","worldcup_xiaomi","xiaomi","Xiaomi World Cup",2024-10-20,0,0,10,10
"worldcup_c","Lenovo FIFA","worldcup_xiaomi","xiaomi","Xiaomi World Cup",2024-10-27,0,0,10,10
"worldcup_c","Lenovo FIFA","worldcup_xiaomi","xiaomi","Xiaomi World Cup",2024-11-03,0,0,10,10
"worldcup_c","Lenovo FIFA","worldcup_xiaomi","xiaomi","Xiaomi World Cup",2024-11-10,0,0,10,10
"worldcup_c","Lenovo FIFA","worldcup_xiaomi","xiaomi","Xiaomi World Cup",2024-11-17,0,0,10,10
"worldcup_c","Lenovo FIFA","worldcup_xiaomi","xiaomi","Xiaomi World Cup",2024-11-24,0,0,10,10
"worldcup_c","Lenovo FIFA","worldcup_xiaomi","xiaomi","Xiaomi World Cup",2024-12-01,0,0,10,10
"worldcup_c","Lenovo FIFA","worldcup_xiaomi","xiaomi","Xiaomi World Cup",2024-12-08,0,0,10,10
"worldcup_c","Lenovo FIFA","worldcup_xiaomi","xiaomi","Xiaomi World Cup",2024-12-15,0,0,10,10
"worldcup_c","Lenovo FIFA","worldcup_xiaomi","xiaomi","Xiaomi World Cup",2024-12-22,0,0,10,10
"worldcup_c","Lenovo FIFA","worldcup_xiaomi","xiaomi","Xiaomi World Cup",2024-12-29,0,0,10,0
"worldcup_c","Lenovo FIFA","worldcup_xiaomi","xiaomi","Xiaomi World Cup",2025-01-05,0,0,10,10
"worldcup_c","Lenovo FIFA","worldcup_xiaomi","xiaomi","Xiaomi World Cup",2025-01-12,0,0,10,10
"worldcup_c","Lenovo FIFA","worldcup_xiaomi","xiaomi","Xiaomi World Cup",2025-01-19,0,0,10,0
"worldcup_c","Lenovo FIFA","worldcup_xiaomi","xiaomi","Xiaomi World Cup",2025-01-26,0,0,10,10
"worldcup_c","Lenovo FIFA","worldcup_xiaomi","xiaomi","Xiaomi World Cup",2025-02-02,0,0,10,10
"worldcup_c","Lenovo FIFA","worldcup_xiaomi","xiaomi","Xiaomi World Cup",2025-02-09,0,0,10,10
"worldcup_c","Lenovo FIFA","worldcup_xiaomi","xiaomi","Xiaomi World Cup",2025-02-16,0,0,10,10
"worldcup_c","Lenovo FIFA","worldcup_xiaomi","xiaomi","Xiaomi World Cup",2025-02-23,0,0,10,10
"worldcup_c","Lenovo FIFA","worldcup_xiaomi","xiaomi","Xiaomi World Cup",2025-03-02,0,0,10,10
"worldcup_c","Lenovo FIFA","worldcup_xiaomi","xiaomi","Xiaomi World Cup",2025-03-09,0,0,10,10
"worldcup_c","Lenovo FIFA","worldcup_xiaomi","xiaomi","Xiaomi World Cup",2025-03-16,0,0,10,10
"worldcup_c","Lenovo FIFA","worldcup_xiaomi","xiaomi","Xiaomi World Cup",2025-03-23,0,0,10,10
"worldcup_c","Lenovo FIFA","worldcup_xiaomi","xiaomi","Xiaomi World Cup",2025-03-30,0,0,10,10
"worldcup_c","Lenovo FIFA","worldcup_xiaomi","xiaomi","Xiaomi World Cup",2025-04-06,0,0,10,10
"worldcup_c","Lenovo FIFA","worldcup_xiaomi","xiaomi","Xiaomi World Cup",2025-04-13,0,0,10,10
"worldcup_c","Lenovo FIFA","worldcup_xiaomi","xiaomi","Xiaomi World Cup",2025-04-20,0,0,10,10
"worldcup_c","Lenovo FIFA","worldcup_xiaomi","xiaomi","Xiaomi World Cup",2025-04-27,0,0,10,10
"worldcup_c","Lenovo FIFA","worldcup_xiaomi","xiaomi","Xiaomi World Cup",2025-05-04,0,0,10,10
"worldcup_c","Lenovo FIFA","worldcup_xiaomi","xiaomi","Xiaomi World Cup",2025-05-11,0,0,10,10
"worldcup_c","Lenovo FIFA","worldcup_xiaomi","xiaomi","Xiaomi World Cup",2025-05-18,0,0,10,10
"worldcup_c","Lenovo FIFA","worldcup_xiaomi","xiaomi","Xiaomi World Cup",2025-05-25,0,0,10,10
"worldcup_c","Lenovo FIFA","worldcup_xiaomi","xiaomi","Xiaomi World Cup",2025-06-01,0,0,10,10
"worldcup_c","Lenovo FIFA","worldcup_xiaomi","xiaomi","Xiaomi World Cup",2025-06-08,0,0,10,0
"worldcup_c","Lenovo FIFA","worldcup_xiaomi","xiaomi","Xiaomi World Cup",2025-06-15,0,0,10,0
"worldcup_c","Lenovo FIFA","worldcup_xiaomi","xiaomi","Xiaomi World Cup",2025-06-22,0,0,10,0
"worldcup_c","Lenovo FIFA","worldcup_xiaomi","xiaomi","Xiaomi World Cup",2025-06-29,0,0,10,0
"worldcup_c","Lenovo FIFA","worldcup_xiaomi","xiaomi","Xiaomi World Cup",2025-07-06,0,0,10,0
"worldcup_c","Lenovo FIFA","worldcup_xiaomi","xiaomi","Xiaomi World Cup",2025-07-13,1.8923076923076922,0,10,0
"worldcup_c","Lenovo FIFA","worldcup_xiaomi","xiaomi","Xiaomi World Cup",2025-07-20,1.8923076923076922,0,10,0
"worldcup_c","Lenovo FIFA","worldcup_xiaomi","xiaomi","Xiaomi World Cup",2025-07-27,1.8923076923076922,0,10,0
"worldcup_c","Lenovo FIFA","worldcup_xiaomi","xiaomi","Xiaomi World Cup",2025-08-03,1.8923076923076922,0,10,0
"worldcup_c","Lenovo FIFA","worldcup_xiaomi","xiaomi","Xiaomi World Cup",2025-08-10,1.8923076923076922,0,10,0
"worldcup_c","Lenovo FIFA","worldcup_xiaomi","xiaomi","Xiaomi World Cup",2025-08-17,3.7846153846153845,0,10,0
"worldcup_c","Lenovo FIFA","worldcup_xiaomi","xiaomi","Xiaomi World Cup",2025-08-24,3.7846153846153845,0,10,0
"worldcup_c","Lenovo FIFA","worldcup_xiaomi","xiaomi","Xiaomi World Cup",2025-08-31,7.569230769230769,0,10,0
"worldcup_c","Lenovo FIFA","worldcup_xiaomi","xiaomi","Xiaomi World Cup",2025-09-07,11.353846153846153,0,10,0
"worldcup_c","Lenovo FIFA","worldcup_xiaomi","xiaomi","Xiaomi World Cup",2025-09-14,3.7846153846153845,0,10,0
"worldcup_c","Lenovo FIFA","worldcup_xiaomi","xiaomi","Xiaomi World Cup",2025-09-21,3.7846153846153845,0,10,0
"worldcup_c","Lenovo FIFA","worldcup_xiaomi","xiaomi","Xiaomi World Cup",2025-09-28,7.569230769230769,0,10,0
"worldcup_c","Lenovo FIFA","worldcup_xiaomi","xiaomi","Xiaomi World Cup",2025-10-05,5.676923076923076,0,10,0
"worldcup_c","Lenovo FIFA","worldcup_xiaomi","xiaomi","Xiaomi World Cup",2025-10-12,7.569230769230769,0,10,0
"worldcup_c","Lenovo FIFA","worldcup_xiaomi","xiaomi","Xiaomi World Cup",2025-10-19,3.7846153846153845,0,10,0
"worldcup_c","Lenovo FIFA","worldcup_xiaomi","xiaomi","Xiaomi World Cup",2025-10-26,3.7846153846153845,0,10,0
"worldcup_c","Lenovo FIFA","worldcup_xiaomi","xiaomi","Xiaomi World Cup",2025-11-02,5.676923076923076,0,10,0
"worldcup_c","Lenovo FIFA","worldcup_xiaomi","xiaomi","Xiaomi World Cup",2025-11-09,9.461538461538462,0,10,0
"worldcup_c","Lenovo FIFA","worldcup_xiaomi","xiaomi","Xiaomi World Cup",2025-11-16,9.461538461538462,0,10,0
"worldcup_c","Lenovo FIFA","worldcup_xiaomi","xiaomi","Xiaomi World Cup",2025-11-23,5.676923076923076,0,10,0
"worldcup_c","Lenovo FIFA","worldcup_xiaomi","xiaomi","Xiaomi World Cup",2025-11-30,11.353846153846153,0,10,0
"worldcup_c","Lenovo FIFA","worldcup_xiaomi","xiaomi","Xiaomi World Cup",2025-12-07,7.569230769230769,0,10,0
"worldcup_c","Lenovo FIFA","worldcup_xiaomi","xiaomi","Xiaomi World Cup",2025-12-14,3.7846153846153845,0,10,0
"worldcup_c","Lenovo FIFA","worldcup_xiaomi","xiaomi","Xiaomi World Cup",2025-12-21,1.8923076923076922,0,10,0
"worldcup_c","Lenovo FIFA","worldcup_xiaomi","xiaomi","Xiaomi World Cup",2025-12-28,1.8923076923076922,0,10,0
"worldcup_c","Lenovo FIFA","worldcup_xiaomi","xiaomi","Xiaomi World Cup",2026-01-04,1.8923076923076922,0,10,0
"worldcup_c","Lenovo FIFA","worldcup_xiaomi","xiaomi","Xiaomi World Cup",2026-01-11,3.7846153846153845,0,10,0
"worldcup_c","Lenovo FIFA","worldcup_xiaomi","xiaomi","Xiaomi World Cup",2026-01-18,3.7846153846153845,0,10,0
"worldcup_c","Lenovo FIFA","worldcup_xiaomi","xiaomi","Xiaomi World Cup",2026-01-25,3.7846153846153845,0,10,0
"worldcup_c","Lenovo FIFA","worldcup_xiaomi","xiaomi","Xiaomi World Cup",2026-02-01,5.676923076923076,0,10,0
"worldcup_c","Lenovo FIFA","worldcup_xiaomi","xiaomi","Xiaomi World Cup",2026-02-08,5.676923076923076,0,10,0
"worldcup_c","Lenovo FIFA","worldcup_xiaomi","xiaomi","Xiaomi World Cup",2026-02-15,5.676923076923076,0,10,0
"worldcup_c","Lenovo FIFA","worldcup_xiaomi","xiaomi","Xiaomi World Cup",2026-02-22,5.676923076923076,0,10,0
"worldcup_c","Lenovo FIFA","worldcup_xiaomi","xiaomi","Xiaomi World Cup",2026-03-01,7.569230769230769,0,10,0
"worldcup_c","Lenovo FIFA","worldcup_xiaomi","xiaomi","Xiaomi World Cup",2026-03-08,7.569230769230769,0,10,0
"worldcup_c","Lenovo FIFA","worldcup_xiaomi","xiaomi","Xiaomi World Cup",2026-03-15,7.569230769230769,0,10,0
"worldcup_c","Lenovo FIFA","worldcup_xiaomi","xiaomi","Xiaomi World Cup",2026-03-22,5.676923076923076,0,10,0
"worldcup_c","Lenovo FIFA","worldcup_xiaomi","xiaomi","Xiaomi World Cup",2026-03-29,9.461538461538462,0,10,0
"worldcup_c","Lenovo FIFA","worldcup_xiaomi","xiaomi","Xiaomi World Cup",2026-04-05,3.7846153846153845,0,10,0
"worldcup_c","Lenovo FIFA","worldcup_xiaomi","xiaomi","Xiaomi World Cup",2026-04-12,3.7846153846153845,0,10,0
"worldcup_c","Lenovo FIFA","worldcup_xiaomi","xiaomi","Xiaomi World Cup",2026-04-19,3.7846153846153845,0,10,0
"worldcup_c","Lenovo FIFA","worldcup_xiaomi","xiaomi","Xiaomi World Cup",2026-04-26,3.7846153846153845,0,10,0
"worldcup_c","Lenovo FIFA","worldcup_xiaomi","xiaomi","Xiaomi World Cup",2026-05-03,3.7846153846153845,0,10,0
"worldcup_c","Lenovo FIFA","worldcup_xiaomi","xiaomi","Xiaomi World Cup",2026-05-10,5.676923076923076,0,10,0
"worldcup_c","Lenovo FIFA","worldcup_xiaomi","xiaomi","Xiaomi World Cup",2026-05-17,9.461538461538462,0,10,0
"worldcup_c","Lenovo FIFA","worldcup_xiaomi","xiaomi","Xiaomi World Cup",2026-05-24,11.353846153846153,0,10,0
"worldcup_c","Lenovo FIFA","worldcup_xiaomi","xiaomi","Xiaomi World Cup",2026-05-31,22.707692307692305,0,10,0
"worldcup_c","Lenovo FIFA","worldcup_xiaomi","xiaomi","Xiaomi World Cup",2026-06-07,64.33846153846153,0,10,0
"worldcup_c","Lenovo FIFA","worldcup_xiaomi","xiaomi","Xiaomi World Cup",2026-06-14,70.01538461538462,0,10,0
"worldcup_c","Lenovo FIFA","worldcup_xiaomi","xiaomi","Xiaomi World Cup",2026-06-21,88.93846153846154,0,10,0
"worldcup_c","Lenovo FIFA","worldcup_xiaomi","xiaomi","Xiaomi World Cup",2026-06-28,109.75384615384614,0,10,0
"worldcup_c","Lenovo FIFA","worldcup_xiaomi","xiaomi","Xiaomi World Cup",2026-07-05,96.50769230769231,0,10,0
"worldcup_c","Lenovo FIFA","worldcup_xiaomi","xiaomi","Xiaomi World Cup",2026-07-12,45.41538461538461,0,10,0
"worldcup_c","Lenovo FIFA","worldcup_xiaomi","xiaomi","Xiaomi World Cup",2026-07-19,26.49230769230769,0,10,0
"worldcup_c","Lenovo FIFA","worldcup_xiaomi","xiaomi","Xiaomi World Cup",2026-07-26,5.676923076923076,0,10,0
"worldcup_c","Lenovo FIFA","worldcup_xiaomi","xiaomi","Xiaomi World Cup",2026-08-02,3.7846153846153845,0,10,0
"worldcup_c","Lenovo FIFA","worldcup_xiaomi","xiaomi","Xiaomi World Cup",2026-08-09,5.676923076923076,0,10,0
"worldcup_c","Lenovo FIFA","worldcup_xiaomi","xiaomi","Xiaomi World Cup",2026-08-16,5.676923076923076,0,10,0
"worldcup_c","Lenovo FIFA","worldcup_xiaomi","xiaomi","Xiaomi World Cup",2026-08-23,3.7846153846153845,0,10,0
"worldcup_c","Lenovo FIFA","worldcup_xiaomi","xiaomi","Xiaomi World Cup",2026-08-30,3.7846153846153845,0,10,0
"worldcup_c","Lenovo FIFA","worldcup_xiaomi","xiaomi","Xiaomi World Cup",2026-09-06,3.7846153846153845,0,10,0
"worldcup_c","Lenovo FIFA","worldcup_xiaomi","xiaomi","Xiaomi World Cup",2026-09-13,1.8923076923076922,0,10,0
"worldcup_c","Lenovo FIFA","worldcup_xiaomi","xiaomi","Xiaomi World Cup",2026-09-20,1.8923076923076922,0,10,0
"worldcup_c","Lenovo FIFA","worldcup_xiaomi","xiaomi","Xiaomi World Cup",2026-09-27,0,0,10,0
