"panel_id","common_anchor_query","query_id","brand_id","term","week","interest_common_scale","interest_common_scale_sd","draws_used","suppressed_draws"
"core_expansion_a","Lenovo","anchor_lenovo","lenovo","Lenovo",2021-12-26,36,0,10,0
"core_expansion_a","Lenovo","anchor_lenovo","lenovo","Lenovo",2022-01-02,42,0,10,0
"core_expansion_a","Lenovo","anchor_lenovo","lenovo","Lenovo",2022-01-09,42,0,10,0
"core_expansion_a","Lenovo","anchor_lenovo","lenovo","Lenovo",2022-01-16,38,0,10,0
"core_expansion_a","Lenovo","anchor_lenovo","lenovo","Lenovo",2022-01-23,45,0,10,0
"core_expansion_a","Lenovo","anchor_lenovo","lenovo","Lenovo",2022-01-30,41,0,10,0
"core_expansion_a","Lenovo","anchor_lenovo","lenovo","Lenovo",2022-02-06,42,0,10,0
"core_expansion_a","Lenovo","anchor_lenovo","lenovo","Lenovo",2022-02-13,42,0,10,0
"core_expansion_a","Lenovo","anchor_lenovo","lenovo","Lenovo",2022-02-20,42,0,10,0
"core_expansion_a","Lenovo","anchor_lenovo","lenovo","Lenovo",2022-02-27,40,0,10,0
"core_expansion_a","Lenovo","anchor_lenovo","lenovo","Lenovo",2022-03-06,42,0,10,0
"core_expansion_a","Lenovo","anchor_lenovo","lenovo","Lenovo",2022-03-13,41,0,10,0
"core_expansion_a","Lenovo","anchor_lenovo","lenovo","Lenovo",2022-03-20,39,0,10,0
"core_expansion_a","Lenovo","anchor_lenovo","lenovo","Lenovo",2022-03-27,39,0,10,0
"core_expansion_a","Lenovo","anchor_lenovo","lenovo","Lenovo",2022-04-03,36,0,10,0
"core_expansion_a","Lenovo","anchor_lenovo","lenovo","Lenovo",2022-04-10,35,0,10,0
"core_expansion_a","Lenovo","anchor_lenovo","lenovo","Lenovo",2022-04-17,34,0,10,0
"core_expansion_a","Lenovo","anchor_lenovo","lenovo","Lenovo",2022-04-24,34,0,10,0
"core_expansion_a","Lenovo","anchor_lenovo","lenovo","Lenovo",2022-05-01,34,0,10,0
"core_expansion_a","Lenovo","anchor_lenovo","lenovo","Lenovo",2022-05-08,34,0,10,0
"core_expansion_a","Lenovo","anchor_lenovo","lenovo","Lenovo",2022-05-15,34,0,10,0
"core_expansion_a","Lenovo","anchor_lenovo","lenovo","Lenovo",2022-05-22,33,0,10,0
"core_expansion_a","Lenovo","anchor_lenovo","lenovo","Lenovo",2022-05-29,34,0,10,0
"core_expansion_a","Lenovo","anchor_lenovo","lenovo","Lenovo",2022-06-05,34,0,10,0
"core_expansion_a","Lenovo","anchor_lenovo","lenovo","Lenovo",2022-06-12,33,0,10,0
"core_expansion_a","Lenovo","anchor_lenovo","lenovo","Lenovo",2022-06-19,35,0,10,0
"core_expansion_a","Lenovo","anchor_lenovo","lenovo","Lenovo",2022-06-26,34,0,10,0
"core_expansion_a","Lenovo","anchor_lenovo","lenovo","Lenovo",2022-07-03,36,0,10,0
"core_expansion_a","Lenovo","anchor_lenovo","lenovo","Lenovo",2022-07-10,37,0,10,0
"core_expansion_a","Lenovo","anchor_lenovo","lenovo","Lenovo",2022-07-17,38,0,10,0
"core_expansion_a","Lenovo","anchor_lenovo","lenovo","Lenovo",2022-07-24,38,0,10,0
"core_expansion_a","Lenovo","anchor_lenovo","lenovo","Lenovo",2022-07-31,38,0,10,0
"core_expansion_a","Lenovo","anchor_lenovo","lenovo","Lenovo",2022-08-07,38,0,10,0
"core_expansion_a","Lenovo","anchor_lenovo","lenovo","Lenovo",2022-08-14,39,0,10,0
"core_expansion_a","Lenovo","anchor_lenovo","lenovo","Lenovo",2022-08-21,38,0,10,0
"core_expansion_a","Lenovo","anchor_lenovo","lenovo","Lenovo",2022-08-28,38,0,10,0
"core_expansion_a","Lenovo","anchor_lenovo","lenovo","Lenovo",2022-09-04,39,0,10,0
"core_expansion_a","Lenovo","anchor_lenovo","lenovo","Lenovo",2022-09-11,38,0,10,0
"core_expansion_a","Lenovo","anchor_lenovo","lenovo","Lenovo",2022-09-18,38,0,10,0
"core_expansion_a","Lenovo","anchor_lenovo","lenovo","Lenovo",2022-09-25,37,0,10,0
"core_expansion_a","Lenovo","anchor_lenovo","lenovo","Lenovo",2022-10-02,36,0,10,0
"core_expansion_a","Lenovo","anchor_lenovo","lenovo","Lenovo",2022-10-09,37,0,10,0
"core_expansion_a","Lenovo","anchor_lenovo","lenovo","Lenovo",2022-10-16,37,0,10,0
"core_expansion_a","Lenovo","anchor_lenovo","lenovo","Lenovo",2022-10-23,35,0,10,0
"core_expansion_a","Lenovo","anchor_lenovo","lenovo","Lenovo",2022-10-30,34,0,10,0
"core_expansion_a","Lenovo","anchor_lenovo","lenovo","Lenovo",2022-11-06,38,0,10,0
"core_expansion_a","Lenovo","anchor_lenovo","lenovo","Lenovo",2022-11-13,39,0,10,0
"core_expansion_a","Lenovo","anchor_lenovo","lenovo","Lenovo",2022-11-20,41,0,10,0
"core_expansion_a","Lenovo","anchor_lenovo","lenovo","Lenovo",2022-11-27,37,0,10,0
"core_expansion_a","Lenovo","anchor_lenovo","lenovo","Lenovo",2022-12-04,35,0,10,0
"core_expansion_a","Lenovo","anchor_lenovo","lenovo","Lenovo",2022-12-11,36,0,10,0
"core_expansion_a","Lenovo","anchor_lenovo","lenovo","Lenovo",2022-12-18,37,0,10,0
"core_expansion_a","Lenovo","anchor_lenovo","lenovo","Lenovo",2022-12-25,38,0,10,0
"core_expansion_a","Lenovo","anchor_lenovo","lenovo","Lenovo",2023-01-01,37,0,10,0
"core_expansion_a","Lenovo","anchor_lenovo","lenovo","Lenovo",2023-01-08,39,0,10,0
"core_expansion_a","Lenovo","anchor_lenovo","lenovo","Lenovo",2023-01-15,38,0,10,0
"core_expansion_a","Lenovo","anchor_lenovo","lenovo","Lenovo",2023-01-22,40,0,10,0
"core_expansion_a","Lenovo","anchor_lenovo","lenovo","Lenovo",2023-01-29,38,0,10,0
"core_expansion_a","Lenovo","anchor_lenovo","lenovo","Lenovo",2023-02-05,36,0,10,0
"core_expansion_a","Lenovo","anchor_lenovo","lenovo","Lenovo",2023-02-12,37,0,10,0
"core_expansion_a","Lenovo","anchor_lenovo","lenovo","Lenovo",2023-02-19,37,0,10,0
"core_expansion_a","Lenovo","anchor_lenovo","lenovo","Lenovo",2023-02-26,37,0,10,0
"core_expansion_a","Lenovo","anchor_lenovo","lenovo","Lenovo",2023-03-05,36,0,10,0
"core_expansion_a","Lenovo","anchor_lenovo","lenovo","Lenovo",2023-03-12,35,0,10,0
"core_expansion_a","Lenovo","anchor_lenovo","lenovo","Lenovo",2023-03-19,34,0,10,0
"core_expansion_a","Lenovo","anchor_lenovo","lenovo","Lenovo",2023-03-26,34,0,10,0
"core_expansion_a","Lenovo","anchor_lenovo","lenovo","Lenovo",2023-04-02,31,0,10,0
"core_expansion_a","Lenovo","anchor_lenovo","lenovo","Lenovo",2023-04-09,32,0,10,0
"core_expansion_a","Lenovo","anchor_lenovo","lenovo","Lenovo",2023-04-16,32,0,10,0
"core_expansion_a","Lenovo","anchor_lenovo","lenovo","Lenovo",2023-04-23,31,0,10,0
"core_expansion_a","Lenovo","anchor_lenovo","lenovo","Lenovo",2023-04-30,31,0,10,0
"core_expansion_a","Lenovo","anchor_lenovo","lenovo","Lenovo",2023-05-07,32,0,10,0
"core_expansion_a","Lenovo","anchor_lenovo","lenovo","Lenovo",2023-05-14,31,0,10,0
"core_expansion_a","Lenovo","anchor_lenovo","lenovo","Lenovo",2023-05-21,33,0,10,0
"core_expansion_a","Lenovo","anchor_lenovo","lenovo","Lenovo",2023-05-28,32,0,10,0
"core_expansion_a","Lenovo","anchor_lenovo","lenovo","Lenovo",2023-06-04,32,0,10,0
"core_expansion_a","Lenovo","anchor_lenovo","lenovo","Lenovo",2023-06-11,33,0,10,0
"core_expansion_a","Lenovo","anchor_lenovo","lenovo","Lenovo",2023-06-18,33,0,10,0
"core_expansion_a","Lenovo","anchor_lenovo","lenovo","Lenovo",2023-06-25,33,0,10,0
"core_expansion_a","Lenovo","anchor_lenovo","lenovo","Lenovo",2023-07-02,34,0,10,0
"core_expansion_a","Lenovo","anchor_lenovo","lenovo","Lenovo",2023-07-09,39,0,10,0
"core_expansion_a","Lenovo","anchor_lenovo","lenovo","Lenovo",2023-07-16,36,0,10,0
"core_expansion_a","Lenovo","anchor_lenovo","lenovo","Lenovo",2023-07-23,36,0,10,0
"core_expansion_a","Lenovo","anchor_lenovo","lenovo","Lenovo",2023-07-30,35,0,10,0
"core_expansion_a","Lenovo","anchor_lenovo","lenovo","Lenovo",2023-08-06,37,0,10,0
"core_expansion_a","Lenovo","anchor_lenovo","lenovo","Lenovo",2023-08-13,38,0,10,0
"core_expansion_a","Lenovo","anchor_lenovo","lenovo","Lenovo",2023-08-20,37,0,10,0
"core_expansion_a","Lenovo","anchor_lenovo","lenovo","Lenovo",2023-08-27,39,0,10,0
"core_expansion_a","Lenovo","anchor_lenovo","lenovo","Lenovo",2023-09-03,38,0,10,0
"core_expansion_a","Lenovo","anchor_lenovo","lenovo","Lenovo",2023-09-10,37,0,10,0
"core_expansion_a","Lenovo","anchor_lenovo","lenovo","Lenovo",2023-09-17,37,0,10,0
"core_expansion_a","Lenovo","anchor_lenovo","lenovo","Lenovo",2023-09-24,37,0,10,0
"core_expansion_a","Lenovo","anchor_lenovo","lenovo","Lenovo",2023-10-01,36,0,10,0
"core_expansion_a","Lenovo","anchor_lenovo","lenovo","Lenovo",2023-10-08,37,0,10,0
"core_expansion_a","Lenovo","anchor_lenovo","lenovo","Lenovo",2023-10-15,36,0,10,0
"core_expansion_a","Lenovo","anchor_lenovo","lenovo","Lenovo",2023-10-22,36,0,10,0
"core_expansion_a","Lenovo","anchor_lenovo","lenovo","Lenovo",2023-10-29,37,0,10,0
"core_expansion_a","Lenovo","anchor_lenovo","lenovo","Lenovo",2023-11-05,39,0,10,0
"core_expansion_a","Lenovo","anchor_lenovo","lenovo","Lenovo",2023-11-12,40,0,10,0
"core_expansion_a","Lenovo","anchor_lenovo","lenovo","Lenovo",2023-11-19,46,0,10,0
"core_expansion_a","Lenovo","anchor_lenovo","lenovo","Lenovo",2023-11-26,41,0,10,0
"core_expansion_a","Lenovo","anchor_lenovo","lenovo","Lenovo",2023-12-03,38,0,10,0
"core_expansion_a","Lenovo","anchor_lenovo","lenovo","Lenovo",2023-12-10,37,0,10,0
"core_expansion_a","Lenovo","anchor_lenovo","lenovo","Lenovo",2023-12-17,38,0,10,0
"core_expansion_a","Lenovo","anchor_lenovo","lenovo","Lenovo",2023-12-24,40,0,10,0
"core_expansion_a","Lenovo","anchor_lenovo","lenovo","Lenovo",2023-12-31,36,0,10,0
"core_expansion_a","Lenovo","anchor_lenovo","lenovo","Lenovo",2024-01-07,38,0,10,0
"core_expansion_a","Lenovo","anchor_lenovo","lenovo","Lenovo",2024-01-14,37,0,10,0
"core_expansion_a","Lenovo","anchor_lenovo","lenovo","Lenovo",2024-01-21,39,0,10,0
"core_expansion_a","Lenovo","anchor_lenovo","lenovo","Lenovo",2024-01-28,39,0,10,0
"core_expansion_a","Lenovo","anchor_lenovo","lenovo","Lenovo",2024-02-04,39,0,10,0
"core_expansion_a","Lenovo","anchor_lenovo","lenovo","Lenovo",2024-02-11,37,0,10,0
"core_expansion_a","Lenovo","anchor_lenovo","lenovo","Lenovo",2024-02-18,38,0,10,0
"core_expansion_a","Lenovo","anchor_lenovo","lenovo","Lenovo",2024-02-25,39,0,10,0
"core_expansion_a","Lenovo","anchor_lenovo","lenovo","Lenovo",2024-03-03,37,0,10,0
"core_expansion_a","Lenovo","anchor_lenovo","lenovo","Lenovo",2024-03-10,36,0,10,0
"core_expansion_a","Lenovo","anchor_lenovo","lenovo","Lenovo",2024-03-17,37,0,10,0
"core_expansion_a","Lenovo","anchor_lenovo","lenovo","Lenovo",2024-03-24,36,0,10,0
"core_expansion_a","Lenovo","anchor_lenovo","lenovo","Lenovo",2024-03-31,35,0,10,0
"core_expansion_a","Lenovo","anchor_lenovo","lenovo","Lenovo",2024-04-07,33,0,10,0
"core_expansion_a","Lenovo","anchor_lenovo","lenovo","Lenovo",2024-04-14,34,0,10,0
"core_expansion_a","Lenovo","anchor_lenovo","lenovo","Lenovo",2024-04-21,33,0,10,0
"core_expansion_a","Lenovo","anchor_lenovo","lenovo","Lenovo",2024-04-28,34,0,10,0
"core_expansion_a","Lenovo","anchor_lenovo","lenovo","Lenovo",2024-05-05,34,0,10,0
"core_expansion_a","Lenovo","anchor_lenovo","lenovo","Lenovo",2024-05-12,34,0,10,0
"core_expansion_a","Lenovo","anchor_lenovo","lenovo","Lenovo",2024-05-19,35,0,10,0
"core_expansion_a","Lenovo","anchor_lenovo","lenovo","Lenovo",2024-05-26,35,0,10,0
"core_expansion_a","Lenovo","anchor_lenovo","lenovo","Lenovo",2024-06-02,33,0,10,0
"core_expansion_a","Lenovo","anchor_lenovo","lenovo","Lenovo",2024-06-09,34,0,10,0
"core_expansion_a","Lenovo","anchor_lenovo","lenovo","Lenovo",2024-06-16,35,0,10,0
"core_expansion_a","Lenovo","anchor_lenovo","lenovo","Lenovo",2024-06-23,34,0,10,0
"core_expansion_a","Lenovo","anchor_lenovo","lenovo","Lenovo",2024-06-30,34,0,10,0
"core_expansion_a","Lenovo","anchor_lenovo","lenovo","Lenovo",2024-07-07,37,0,10,0
"core_expansion_a","Lenovo","anchor_lenovo","lenovo","Lenovo",2024-07-14,40,0,10,0
"core_expansion_a","Lenovo","anchor_lenovo","lenovo","Lenovo",2024-07-21,37,0,10,0
"core_expansion_a","Lenovo","anchor_lenovo","lenovo","Lenovo",2024-07-28,35,0,10,0
"core_expansion_a","Lenovo","anchor_lenovo","lenovo","Lenovo",2024-08-04,37,0,10,0
"core_expansion_a","Lenovo","anchor_lenovo","lenovo","Lenovo",2024-08-11,39,0,10,0
"core_expansion_a","Lenovo","anchor_lenovo","lenovo","Lenovo",2024-08-18,41,0,10,0
"core_expansion_a","Lenovo","anchor_lenovo","lenovo","Lenovo",2024-08-25,40,0,10,0
"core_expansion_a","Lenovo","anchor_lenovo","lenovo","Lenovo",2024-09-01,40,0,10,0
"core_expansion_a","Lenovo","anchor_lenovo","lenovo","Lenovo",2024-09-08,40,0,10,0
"core_expansion_a","Lenovo","anchor_lenovo","lenovo","Lenovo",2024-09-15,40,0,10,0
"core_expansion_a","Lenovo","anchor_lenovo","lenovo","Lenovo",2024-09-22,40,0,10,0
"core_expansion_a","Lenovo","anchor_lenovo","lenovo","Lenovo",2024-09-29,39,0,10,0
"core_expansion_a","Lenovo","anchor_lenovo","lenovo","Lenovo",2024-10-06,40,0,10,0
"core_expansion_a","Lenovo","anchor_lenovo","lenovo","Lenovo",2024-10-13,38,0,10,0
"core_expansion_a","Lenovo","anchor_lenovo","lenovo","Lenovo",2024-10-20,38,0,10,0
"core_expansion_a","Lenovo","anchor_lenovo","lenovo","Lenovo",2024-10-27,38,0,10,0
"core_expansion_a","Lenovo","anchor_lenovo","lenovo","Lenovo",2024-11-03,38,0,10,0
"core_expansion_a","Lenovo","anchor_lenovo","lenovo","Lenovo",2024-11-10,42,0,10,0
"core_expansion_a","Lenovo","anchor_lenovo","lenovo","Lenovo",2024-11-17,45,0,10,0
"core_expansion_a","Lenovo","anchor_lenovo","lenovo","Lenovo",2024-11-24,50,0,10,0
"core_expansion_a","Lenovo","anchor_lenovo","lenovo","Lenovo",2024-12-01,45,0,10,0
"core_expansion_a","Lenovo","anchor_lenovo","lenovo","Lenovo",2024-12-08,42,0,10,0
"core_expansion_a","Lenovo","anchor_lenovo","lenovo","Lenovo",2024-12-15,39,0,10,0
"core_expansion_a","Lenovo","anchor_lenovo","lenovo","Lenovo",2024-12-22,44,0,10,0
"core_expansion_a","Lenovo","anchor_lenovo","lenovo","Lenovo",2024-12-29,41,0,10,0
"core_expansion_a","Lenovo","anchor_lenovo","lenovo","Lenovo",2025-01-05,44,0,10,0
"core_expansion_a","Lenovo","anchor_lenovo","lenovo","Lenovo",2025-01-12,40,0,10,0
"core_expansion_a","Lenovo","anchor_lenovo","lenovo","Lenovo",2025-01-19,43,0,10,0
"core_expansion_a","Lenovo","anchor_lenovo","lenovo","Lenovo",2025-01-26,41,0,10,0
"core_expansion_a","Lenovo","anchor_lenovo","lenovo","Lenovo",2025-02-02,41,0,10,0
"core_expansion_a","Lenovo","anchor_lenovo","lenovo","Lenovo",2025-02-09,42,0,10,0
"core_expansion_a","Lenovo","anchor_lenovo","lenovo","Lenovo",2025-02-16,41,0,10,0
"core_expansion_a","Lenovo","anchor_lenovo","lenovo","Lenovo",2025-02-23,40,0,10,0
"core_expansion_a","Lenovo","anchor_lenovo","lenovo","Lenovo",2025-03-02,40,0,10,0
"core_expansion_a","Lenovo","anchor_lenovo","lenovo","Lenovo",2025-03-09,38,0,10,0
"core_expansion_a","Lenovo","anchor_lenovo","lenovo","Lenovo",2025-03-16,41,0,10,0
"core_expansion_a","Lenovo","anchor_lenovo","lenovo","Lenovo",2025-03-23,39,0,10,0
"core_expansion_a","Lenovo","anchor_lenovo","lenovo","Lenovo",2025-03-30,39,0,10,0
"core_expansion_a","Lenovo","anchor_lenovo","lenovo","Lenovo",2025-04-06,38,0,10,0
"core_expansion_a","Lenovo","anchor_lenovo","lenovo","Lenovo",2025-04-13,37,0,10,0
"core_expansion_a","Lenovo","anchor_lenovo","lenovo","Lenovo",2025-04-20,38,0,10,0
"core_expansion_a","Lenovo","anchor_lenovo","lenovo","Lenovo",2025-04-27,35,0,10,0
"core_expansion_a","Lenovo","anchor_lenovo","lenovo","Lenovo",2025-05-04,36,0,10,0
"core_expansion_a","Lenovo","anchor_lenovo","lenovo","Lenovo",2025-05-11,37,0,10,0
"core_expansion_a","Lenovo","anchor_lenovo","lenovo","Lenovo",2025-05-18,39,0,10,0
"core_expansion_a","Lenovo","anchor_lenovo","lenovo","Lenovo",2025-05-25,38,0,10,0
"core_expansion_a","Lenovo","anchor_lenovo","lenovo","Lenovo",2025-06-01,38,0,10,0
"core_expansion_a","Lenovo","anchor_lenovo","lenovo","Lenovo",2025-06-08,38,0,10,0
"core_expansion_a","Lenovo","anchor_lenovo","lenovo","Lenovo",2025-06-15,38,0,10,0
"core_expansion_a","Lenovo","anchor_lenovo","lenovo","Lenovo",2025-06-22,40,0,10,0
"core_expansion_a","Lenovo","anchor_lenovo","lenovo","Lenovo",2025-06-29,38,0,10,0
"core_expansion_a","Lenovo","anchor_lenovo","lenovo","Lenovo",2025-07-06,42,0,10,0
"core_expansion_a","Lenovo","anchor_lenovo","lenovo","Lenovo",2025-07-13,43,0,10,0
"core_expansion_a","Lenovo","anchor_lenovo","lenovo","Lenovo",2025-07-20,47,0,10,0
"core_expansion_a","Lenovo","anchor_lenovo","lenovo","Lenovo",2025-07-27,48,0,10,0
"core_expansion_a","Lenovo","anchor_lenovo","lenovo","Lenovo",2025-08-03,54,0,10,0
"core_expansion_a","Lenovo","anchor_lenovo","lenovo","Lenovo",2025-08-10,56,0,10,0
"core_expansion_a","Lenovo","anchor_lenovo","lenovo","Lenovo",2025-08-17,59,0,10,0
"core_expansion_a","Lenovo","anchor_lenovo","lenovo","Lenovo",2025-08-24,66,0,10,0
"core_expansion_a","Lenovo","anchor_lenovo","lenovo","Lenovo",2025-08-31,67,0,10,0
"core_expansion_a","Lenovo","anchor_lenovo","lenovo","Lenovo",2025-09-07,63,0,10,0
"core_expansion_a","Lenovo","anchor_lenovo","lenovo","Lenovo",2025-09-14,59,0,10,0
"core_expansion_a","Lenovo","anchor_lenovo","lenovo","Lenovo",2025-09-21,62,0,10,0
"core_expansion_a","Lenovo","anchor_lenovo","lenovo","Lenovo",2025-09-28,59,0,10,0
"core_expansion_a","Lenovo","anchor_lenovo","lenovo","Lenovo",2025-10-05,57,0,10,0
"core_expansion_a","Lenovo","anchor_lenovo","lenovo","Lenovo",2025-10-12,57,0,10,0
"core_expansion_a","Lenovo","anchor_lenovo","lenovo","Lenovo",2025-10-19,59,0,10,0
"core_expansion_a","Lenovo","anchor_lenovo","lenovo","Lenovo",2025-10-26,53,0,10,0
"core_expansion_a","Lenovo","anchor_lenovo","lenovo","Lenovo",2025-11-02,58,0,10,0
"core_expansion_a","Lenovo","anchor_lenovo","lenovo","Lenovo",2025-11-09,60,0,10,0
"core_expansion_a","Lenovo","anchor_lenovo","lenovo","Lenovo",2025-11-16,60,0,10,0
"core_expansion_a","Lenovo","anchor_lenovo","lenovo","Lenovo",2025-11-23,66,0,10,0
"core_expansion_a","Lenovo","anchor_lenovo","lenovo","Lenovo",2025-11-30,55,0,10,0
"core_expansion_a","Lenovo","anchor_lenovo","lenovo","Lenovo",2025-12-07,49,0,10,0
"core_expansion_a","Lenovo","anchor_lenovo","lenovo","Lenovo",2025-12-14,51,0,10,0
"core_expansion_a","Lenovo","anchor_lenovo","lenovo","Lenovo",2025-12-21,46,0,10,0
"core_expansion_a","Lenovo","anchor_lenovo","lenovo","Lenovo",2025-12-28,42,0,10,0
"core_expansion_a","Lenovo","anchor_lenovo","lenovo","Lenovo",2026-01-04,46,0,10,0
"core_expansion_a","Lenovo","anchor_lenovo","lenovo","Lenovo",2026-01-11,47,0,10,0
"core_expansion_a","Lenovo","anchor_lenovo","lenovo","Lenovo",2026-01-18,48,0,10,0
"core_expansion_a","Lenovo","anchor_lenovo","lenovo","Lenovo",2026-01-25,49,0,10,0
"core_expansion_a","Lenovo","anchor_lenovo","lenovo","Lenovo",2026-02-01,49,0,10,0
"core_expansion_a","Lenovo","anchor_lenovo","lenovo","Lenovo",2026-02-08,50,0,10,0
"core_expansion_a","Lenovo","anchor_lenovo","lenovo","Lenovo",2026-02-15,47,0,10,0
"core_expansion_a","Lenovo","anchor_lenovo","lenovo","Lenovo",2026-02-22,47,0,10,0
"core_expansion_a","Lenovo","anchor_lenovo","lenovo","Lenovo",2026-03-01,53,0,10,0
"core_expansion_a","Lenovo","anchor_lenovo","lenovo","Lenovo",2026-03-08,56,0,10,0
"core_expansion_a","Lenovo","anchor_lenovo","lenovo","Lenovo",2026-03-15,51,0,10,0
"core_expansion_a","Lenovo","anchor_lenovo","lenovo","Lenovo",2026-03-22,72,0,10,0
"core_expansion_a","Lenovo","anchor_lenovo","lenovo","Lenovo",2026-03-29,85,0,10,0
"core_expansion_a","Lenovo","anchor_lenovo","lenovo","Lenovo",2026-04-05,86,0,10,0
"core_expansion_a","Lenovo","anchor_lenovo","lenovo","Lenovo",2026-04-12,90,0,10,0
"core_expansion_a","Lenovo","anchor_lenovo","lenovo","Lenovo",2026-04-19,81,0,10,0
"core_expansion_a","Lenovo","anchor_lenovo","lenovo","Lenovo",2026-04-26,80,0,10,0
"core_expansion_a","Lenovo","anchor_lenovo","lenovo","Lenovo",2026-05-03,100,0,10,0
"core_expansion_a","Lenovo","anchor_lenovo","lenovo","Lenovo",2026-05-10,95,0,10,0
"core_expansion_a","Lenovo","anchor_lenovo","lenovo","Lenovo",2026-05-17,72,0,10,0
"core_expansion_a","Lenovo","anchor_lenovo","lenovo","Lenovo",2026-05-24,64,0,10,0
"core_expansion_a","Lenovo","anchor_lenovo","lenovo","Lenovo",2026-05-31,68,0,10,0
"core_expansion_a","Lenovo","anchor_lenovo","lenovo","Lenovo",2026-06-07,58,0,10,0
"core_expansion_a","Lenovo","anchor_lenovo","lenovo","Lenovo",2026-06-14,54,0,10,0
"core_expansion_a","Lenovo","anchor_lenovo","lenovo","Lenovo",2026-06-21,57,0,10,0
"core_expansion_a","Lenovo","anchor_lenovo","lenovo","Lenovo",2026-06-28,46,0,10,0
"core_expansion_a","Lenovo","anchor_lenovo","lenovo","Lenovo",2026-07-05,43,0,10,0
"core_expansion_a","Lenovo","donor_gigabyte","gigabyte","Gigabyte laptop",2021-12-26,0,0,10,0
"core_expansion_a","Lenovo","donor_gigabyte","gigabyte","Gigabyte laptop",2022-01-02,0,0,10,0
"core_expansion_a","Lenovo","donor_gigabyte","gigabyte","Gigabyte laptop",2022-01-09,0,0,10,0
"core_expansion_a","Lenovo","donor_gigabyte","gigabyte","Gigabyte laptop",2022-01-16,0,0,10,0
"core_expansion_a","Lenovo","donor_gigabyte","gigabyte","Gigabyte laptop",2022-01-23,0,0,10,0
"core_expansion_a","Lenovo","donor_gigabyte","gigabyte","Gigabyte laptop",2022-01-30,0,0,10,0
"core_expansion_a","Lenovo","donor_gigabyte","gigabyte","Gigabyte laptop",2022-02-06,0,0,10,0
"core_expansion_a","Lenovo","donor_gigabyte","gigabyte","Gigabyte laptop",2022-02-13,0,0,10,0
"core_expansion_a","Lenovo","donor_gigabyte","gigabyte","Gigabyte laptop",2022-02-20,0,0,10,0
"core_expansion_a","Lenovo","donor_gigabyte","gigabyte","Gigabyte laptop",2022-02-27,0,0,10,0
"core_expansion_a","Lenovo","donor_gigabyte","gigabyte","Gigabyte laptop",2022-03-06,0,0,10,0
"core_expansion_a","Lenovo","donor_gigabyte","gigabyte","Gigabyte laptop",2022-03-13,0,0,10,0
"core_expansion_a","Lenovo","donor_gigabyte","gigabyte","Gigabyte laptop",2022-03-20,0,0,10,0
"core_expansion_a","Lenovo","donor_gigabyte","gigabyte","Gigabyte laptop",2022-03-27,0,0,10,0
"core_expansion_a","Lenovo","donor_gigabyte","gigabyte","Gigabyte laptop",2022-04-03,0,0,10,0
"core_expansion_a","Lenovo","donor_gigabyte","gigabyte","Gigabyte laptop",2022-04-10,0,0,10,0
"core_expansion_a","Lenovo","donor_gigabyte","gigabyte","Gigabyte laptop",2022-04-17,0,0,10,0
"core_expansion_a","Lenovo","donor_gigabyte","gigabyte","Gigabyte laptop",2022-04-24,0,0,10,0
"core_expansion_a","Lenovo","donor_gigabyte","gigabyte","Gigabyte laptop",2022-05-01,0,0,10,0
"core_expansion_a","Lenovo","donor_gigabyte","gigabyte","Gigabyte laptop",2022-05-08,0,0,10,0
"core_expansion_a","Lenovo","donor_gigabyte","gigabyte","Gigabyte laptop",2022-05-15,0,0,10,0
"core_expansion_a","Lenovo","donor_gigabyte","gigabyte","Gigabyte laptop",2022-05-22,0,0,10,0
"core_expansion_a","Lenovo","donor_gigabyte","gigabyte","Gigabyte laptop",2022-05-29,0,0,10,0
"core_expansion_a","Lenovo","donor_gigabyte","gigabyte","Gigabyte laptop",2022-06-05,0,0,10,0
"core_expansion_a","Lenovo","donor_gigabyte","gigabyte","Gigabyte laptop",2022-06-12,0,0,10,0
"core_expansion_a","Lenovo","donor_gigabyte","gigabyte","Gigabyte laptop",2022-06-19,0,0,10,0
"core_expansion_a","Lenovo","donor_gigabyte","gigabyte","Gigabyte laptop",2022-06-26,0,0,10,0
"core_expansion_a","Lenovo","donor_gigabyte","gigabyte","Gigabyte laptop",2022-07-03,0,0,10,0
"core_expansion_a","Lenovo","donor_gigabyte","gigabyte","Gigabyte laptop",2022-07-10,0,0,10,0
"core_expansion_a","Lenovo","donor_gigabyte","gigabyte","Gigabyte laptop",2022-07-17,0,0,10,0
"core_expansion_a","Lenovo","donor_gigabyte","gigabyte","Gigabyte laptop",2022-07-24,0,0,10,0
"core_expansion_a","Lenovo","donor_gigabyte","gigabyte","Gigabyte laptop",2022-07-31,0,0,10,0
"core_expansion_a","Lenovo","donor_gigabyte","gigabyte","Gigabyte laptop",2022-08-07,0,0,10,0
"core_expansion_a","Lenovo","donor_gigabyte","gigabyte","Gigabyte laptop",2022-08-14,0,0,10,0
"core_expansion_a","Lenovo","donor_gigabyte","gigabyte","Gigabyte laptop",2022-08-21,0,0,10,0
"core_expansion_a","Lenovo","donor_gigabyte","gigabyte","Gigabyte laptop",2022-08-28,0,0,10,0
"core_expansion_a","Lenovo","donor_gigabyte","gigabyte","Gigabyte laptop",2022-09-04,0,0,10,0
"core_expansion_a","Lenovo","donor_gigabyte","gigabyte","Gigabyte laptop",2022-09-11,0,0,10,0
"core_expansion_a","Lenovo","donor_gigabyte","gigabyte","Gigabyte laptop",2022-09-18,0,0,10,0
"core_expansion_a","Lenovo","donor_gigabyte","gigabyte","Gigabyte laptop",2022-09-25,0,0,10,0
"core_expansion_a","Lenovo","donor_gigabyte","gigabyte","Gigabyte laptop",2022-10-02,0,0,10,0
"core_expansion_a","Lenovo","donor_gigabyte","gigabyte","Gigabyte laptop",2022-10-09,0,0,10,0
"core_expansion_a","Lenovo","donor_gigabyte","gigabyte","Gigabyte laptop",2022-10-16,0,0,10,0
"core_expansion_a","Lenovo","donor_gigabyte","gigabyte","Gigabyte laptop",2022-10-23,0,0,10,0
"core_expansion_a","Lenovo","donor_gigabyte","gigabyte","Gigabyte laptop",2022-10-30,0,0,10,0
"core_expansion_a","Lenovo","donor_gigabyte","gigabyte","Gigabyte laptop",2022-11-06,0,0,10,0
"core_expansion_a","Lenovo","donor_gigabyte","gigabyte","Gigabyte laptop",2022-11-13,0,0,10,0
"core_expansion_a","Lenovo","donor_gigabyte","gigabyte","Gigabyte laptop",2022-11-20,0,0,10,0
"core_expansion_a","Lenovo","donor_gigabyte","gigabyte","Gigabyte laptop",2022-11-27,0,0,10,0
"core_expansion_a","Lenovo","donor_gigabyte","gigabyte","Gigabyte laptop",2022-12-04,0,0,10,0
"core_expansion_a","Lenovo","donor_gigabyte","gigabyte","Gigabyte laptop",2022-12-11,0,0,10,0
"core_expansion_a","Lenovo","donor_gigabyte","gigabyte","Gigabyte laptop",2022-12-18,0,0,10,0
"core_expansion_a","Lenovo","donor_gigabyte","gigabyte","Gigabyte laptop",2022-12-25,0,0,10,0
"core_expansion_a","Lenovo","donor_gigabyte","gigabyte","Gigabyte laptop",2023-01-01,0,0,10,0
"core_expansion_a","Lenovo","donor_gigabyte","gigabyte","Gigabyte laptop",2023-01-08,0,0,10,0
"core_expansion_a","Lenovo","donor_gigabyte","gigabyte","Gigabyte laptop",2023-01-15,0,0,10,0
"core_expansion_a","Lenovo","donor_gigabyte","gigabyte","Gigabyte laptop",2023-01-22,0,0,10,0
"core_expansion_a","Lenovo","donor_gigabyte","gigabyte","Gigabyte laptop",2023-01-29,0,0,10,0
"core_expansion_a","Lenovo","donor_gigabyte","gigabyte","Gigabyte laptop",2023-02-05,0,0,10,0
"core_expansion_a","Lenovo","donor_gigabyte","gigabyte","Gigabyte laptop",2023-02-12,0,0,10,0
"core_expansion_a","Lenovo","donor_gigabyte","gigabyte","Gigabyte laptop",2023-02-19,0,0,10,0
"core_expansion_a","Lenovo","donor_gigabyte","gigabyte","Gigabyte laptop",2023-02-26,0,0,10,0
"core_expansion_a","Lenovo","donor_gigabyte","gigabyte","Gigabyte laptop",2023-03-05,0,0,10,0
"core_expansion_a","Lenovo","donor_gigabyte","gigabyte","Gigabyte laptop",2023-03-12,0,0,10,0
"core_expansion_a","Lenovo","donor_gigabyte","gigabyte","Gigabyte laptop",2023-03-19,0,0,10,0
"core_expansion_a","Lenovo","donor_gigabyte","gigabyte","Gigabyte laptop",2023-03-26,0,0,10,0
"core_expansion_a","Lenovo","donor_gigabyte","gigabyte","Gigabyte laptop",2023-04-02,0,0,10,0
"core_expansion_a","Lenovo","donor_gigabyte","gigabyte","Gigabyte laptop",2023-04-09,0,0,10,0
"core_expansion_a","Lenovo","donor_gigabyte","gigabyte","Gigabyte laptop",2023-04-16,0,0,10,0
"core_expansion_a","Lenovo","donor_gigabyte","gigabyte","Gigabyte laptop",2023-04-23,0,0,10,0
"core_expansion_a","Lenovo","donor_gigabyte","gigabyte","Gigabyte laptop",2023-04-30,0,0,10,0
"core_expansion_a","Lenovo","donor_gigabyte","gigabyte","Gigabyte laptop",2023-05-07,0,0,10,0
"core_expansion_a","Lenovo","donor_gigabyte","gigabyte","Gigabyte laptop",2023-05-14,0,0,10,0
"core_expansion_a","Lenovo","donor_gigabyte","gigabyte","Gigabyte laptop",2023-05-21,0,0,10,0
"core_expansion_a","Lenovo","donor_gigabyte","gigabyte","Gigabyte laptop",2023-05-28,0,0,10,0
"core_expansion_a","Lenovo","donor_gigabyte","gigabyte","Gigabyte laptop",2023-06-04,0,0,10,0
"core_expansion_a","Lenovo","donor_gigabyte","gigabyte","Gigabyte laptop",2023-06-11,0,0,10,0
"core_expansion_a","Lenovo","donor_gigabyte","gigabyte","Gigabyte laptop",2023-06-18,0,0,10,0
"core_expansion_a","Lenovo","donor_gigabyte","gigabyte","Gigabyte laptop",2023-06-25,0,0,10,0
"core_expansion_a","Lenovo","donor_gigabyte","gigabyte","Gigabyte laptop",2023-07-02,0,0,10,0
"core_expansion_a","Lenovo","donor_gigabyte","gigabyte","Gigabyte laptop",2023-07-09,0,0,10,0
"core_expansion_a","Lenovo","donor_gigabyte","gigabyte","Gigabyte laptop",2023-07-16,0,0,10,0
"core_expansion_a","Lenovo","donor_gigabyte","gigabyte","Gigabyte laptop",2023-07-23,0,0,10,0
"core_expansion_a","Lenovo","donor_gigabyte","gigabyte","Gigabyte laptop",2023-07-30,0,0,10,0
"core_expansion_a","Lenovo","donor_gigabyte","gigabyte","Gigabyte laptop",2023-08-06,0,0,10,0
"core_expansion_a","Lenovo","donor_gigabyte","gigabyte","Gigabyte laptop",2023-08-13,0,0,10,0
"core_expansion_a","Lenovo","donor_gigabyte","gigabyte","Gigabyte laptop",2023-08-20,0,0,10,0
"core_expansion_a","Lenovo","donor_gigabyte","gigabyte","Gigabyte laptop",2023-08-27,0,0,10,0
"core_expansion_a","Lenovo","donor_gigabyte","gigabyte","Gigabyte laptop",2023-09-03,0,0,10,0
"core_expansion_a","Lenovo","donor_gigabyte","gigabyte","Gigabyte laptop",2023-09-10,0,0,10,0
"core_expansion_a","Lenovo","donor_gigabyte","gigabyte","Gigabyte laptop",2023-09-17,0,0,10,0
"core_expansion_a","Lenovo","donor_gigabyte","gigabyte","Gigabyte laptop",2023-09-24,0,0,10,0
"core_expansion_a","Lenovo","donor_gigabyte","gigabyte","Gigabyte laptop",2023-10-01,0,0,10,0
"core_expansion_a","Lenovo","donor_gigabyte","gigabyte","Gigabyte laptop",2023-10-08,0,0,10,0
"core_expansion_a","Lenovo","donor_gigabyte","gigabyte","Gigabyte laptop",2023-10-15,0,0,10,0
"core_expansion_a","Lenovo","donor_gigabyte","gigabyte","Gigabyte laptop",2023-10-22,0,0,10,0
"core_expansion_a","Lenovo","donor_gigabyte","gigabyte","Gigabyte laptop",2023-10-29,0,0,10,0
"core_expansion_a","Lenovo","donor_gigabyte","gigabyte","Gigabyte laptop",2023-11-05,0,0,10,0
"core_expansion_a","Lenovo","donor_gigabyte","gigabyte","Gigabyte laptop",2023-11-12,0,0,10,0
"core_expansion_a","Lenovo","donor_gigabyte","gigabyte","Gigabyte laptop",2023-11-19,0,0,10,0
"core_expansion_a","Lenovo","donor_gigabyte","gigabyte","Gigabyte laptop",2023-11-26,0,0,10,0
"core_expansion_a","Lenovo","donor_gigabyte","gigabyte","Gigabyte laptop",2023-12-03,0,0,10,0
"core_expansion_a","Lenovo","donor_gigabyte","gigabyte","Gigabyte laptop",2023-12-10,0,0,10,0
"core_expansion_a","Lenovo","donor_gigabyte","gigabyte","Gigabyte laptop",2023-12-17,0,0,10,0
"core_expansion_a","Lenovo","donor_gigabyte","gigabyte","Gigabyte laptop",2023-12-24,0,0,10,0
"core_expansion_a","Lenovo","donor_gigabyte","gigabyte","Gigabyte laptop",2023-12-31,0,0,10,0
"core_expansion_a","Lenovo","donor_gigabyte","gigabyte","Gigabyte laptop",2024-01-07,0,0,10,0
"core_expansion_a","Lenovo","donor_gigabyte","gigabyte","Gigabyte laptop",2024-01-14,0,0,10,0
"core_expansion_a","Lenovo","donor_gigabyte","gigabyte","Gigabyte laptop",2024-01-21,0,0,10,0
"core_expansion_a","Lenovo","donor_gigabyte","gigabyte","Gigabyte laptop",2024-01-28,0,0,10,0
"core_expansion_a","Lenovo","donor_gigabyte","gigabyte","Gigabyte laptop",2024-02-04,0,0,10,0
"core_expansion_a","Lenovo","donor_gigabyte","gigabyte","Gigabyte laptop",2024-02-11,0,0,10,0
"core_expansion_a","Lenovo","donor_gigabyte","gigabyte","Gigabyte laptop",2024-02-18,0,0,10,0
"core_expansion_a","Lenovo","donor_gigabyte","gigabyte","Gigabyte laptop",2024-02-25,0,0,10,0
"core_expansion_a","Lenovo","donor_gigabyte","gigabyte","Gigabyte laptop",2024-03-03,0,0,10,0
"core_expansion_a","Lenovo","donor_gigabyte","gigabyte","Gigabyte laptop",2024-03-10,0,0,10,0
"core_expansion_a","Lenovo","donor_gigabyte","gigabyte","Gigabyte laptop",2024-03-17,0,0,10,0
"core_expansion_a","Lenovo","donor_gigabyte","gigabyte","Gigabyte laptop",2024-03-24,0,0,10,0
"core_expansion_a","Lenovo","donor_gigabyte","gigabyte","Gigabyte laptop",2024-03-31,0,0,10,0
"core_expansion_a","Lenovo","donor_gigabyte","gigabyte","Gigabyte laptop",2024-04-07,0,0,10,0
"core_expansion_a","Lenovo","donor_gigabyte","gigabyte","Gigabyte laptop",2024-04-14,0,0,10,0
"core_expansion_a","Lenovo","donor_gigabyte","gigabyte","Gigabyte laptop",2024-04-21,0,0,10,0
"core_expansion_a","Lenovo","donor_gigabyte","gigabyte","Gigabyte laptop",2024-04-28,0,0,10,0
"core_expansion_a","Lenovo","donor_gigabyte","gigabyte","Gigabyte laptop",2024-05-05,0,0,10,0
"core_expansion_a","Lenovo","donor_gigabyte","gigabyte","Gigabyte laptop",2024-05-12,0,0,10,0
"core_expansion_a","Lenovo","donor_gigabyte","gigabyte","Gigabyte laptop",2024-05-19,0,0,10,0
"core_expansion_a","Lenovo","donor_gigabyte","gigabyte","Gigabyte laptop",2024-05-26,0,0,10,0
"core_expansion_a","Lenovo","donor_gigabyte","gigabyte","Gigabyte laptop",2024-06-02,0,0,10,0
"core_expansion_a","Lenovo","donor_gigabyte","gigabyte","Gigabyte laptop",2024-06-09,0,0,10,0
"core_expansion_a","Lenovo","donor_gigabyte","gigabyte","Gigabyte laptop",2024-06-16,0,0,10,0
"core_expansion_a","Lenovo","donor_gigabyte","gigabyte","Gigabyte laptop",2024-06-23,0,0,10,0
"core_expansion_a","Lenovo","donor_gigabyte","gigabyte","Gigabyte laptop",2024-06-30,0,0,10,0
"core_expansion_a","Lenovo","donor_gigabyte","gigabyte","Gigabyte laptop",2024-07-07,0,0,10,0
"core_expansion_a","Lenovo","donor_gigabyte","gigabyte","Gigabyte laptop",2024-07-14,0,0,10,0
"core_expansion_a","Lenovo","donor_gigabyte","gigabyte","Gigabyte laptop",2024-07-21,0,0,10,0
"core_expansion_a","Lenovo","donor_gigabyte","gigabyte","Gigabyte laptop",2024-07-28,0,0,10,0
"core_expansion_a","Lenovo","donor_gigabyte","gigabyte","Gigabyte laptop",2024-08-04,0,0,10,0
"core_expansion_a","Lenovo","donor_gigabyte","gigabyte","Gigabyte laptop",2024-08-11,0,0,10,0
"core_expansion_a","Lenovo","donor_gigabyte","gigabyte","Gigabyte laptop",2024-08-18,0,0,10,0
"core_expansion_a","Lenovo","donor_gigabyte","gigabyte","Gigabyte laptop",2024-08-25,0,0,10,0
"core_expansion_a","Lenovo","donor_gigabyte","gigabyte","Gigabyte laptop",2024-09-01,0,0,10,0
"core_expansion_a","Lenovo","donor_gigabyte","gigabyte","Gigabyte laptop",2024-09-08,0,0,10,0
"core_expansion_a","Lenovo","donor_gigabyte","gigabyte","Gigabyte laptop",2024-09-15,0,0,10,0
"core_expansion_a","Lenovo","donor_gigabyte","gigabyte","Gigabyte laptop",2024-09-22,0,0,10,0
"core_expansion_a","Lenovo","donor_gigabyte","gigabyte","Gigabyte laptop",2024-09-29,0,0,10,0
"core_expansion_a","Lenovo","donor_gigabyte","gigabyte","Gigabyte laptop",2024-10-06,0,0,10,0
"core_expansion_a","Lenovo","donor_gigabyte","gigabyte","Gigabyte laptop",2024-10-13,0,0,10,0
"core_expansion_a","Lenovo","donor_gigabyte","gigabyte","Gigabyte laptop",2024-10-20,0,0,10,0
"core_expansion_a","Lenovo","donor_gigabyte","gigabyte","Gigabyte laptop",2024-10-27,0,0,10,0
"core_expansion_a","Lenovo","donor_gigabyte","gigabyte","Gigabyte laptop",2024-11-03,0,0,10,0
"core_expansion_a","Lenovo","donor_gigabyte","gigabyte","Gigabyte laptop",2024-11-10,0,0,10,0
"core_expansion_a","Lenovo","donor_gigabyte","gigabyte","Gigabyte laptop",2024-11-17,0,0,10,0
"core_expansion_a","Lenovo","donor_gigabyte","gigabyte","Gigabyte laptop",2024-11-24,0,0,10,0
"core_expansion_a","Lenovo","donor_gigabyte","gigabyte","Gigabyte laptop",2024-12-01,0,0,10,0
"core_expansion_a","Lenovo","donor_gigabyte","gigabyte","Gigabyte laptop",2024-12-08,0,0,10,0
"core_expansion_a","Lenovo","donor_gigabyte","gigabyte","Gigabyte laptop",2024-12-15,0,0,10,0
"core_expansion_a","Lenovo","donor_gigabyte","gigabyte","Gigabyte laptop",2024-12-22,0,0,10,0
"core_expansion_a","Lenovo","donor_gigabyte","gigabyte","Gigabyte laptop",2024-12-29,0,0,10,0
"core_expansion_a","Lenovo","donor_gigabyte","gigabyte","Gigabyte laptop",2025-01-05,0,0,10,0
"core_expansion_a","Lenovo","donor_gigabyte","gigabyte","Gigabyte laptop",2025-01-12,0,0,10,0
"core_expansion_a","Lenovo","donor_gigabyte","gigabyte","Gigabyte laptop",2025-01-19,0,0,10,0
"core_expansion_a","Lenovo","donor_gigabyte","gigabyte","Gigabyte laptop",2025-01-26,0,0,10,0
"core_expansion_a","Lenovo","donor_gigabyte","gigabyte","Gigabyte laptop",2025-02-02,0,0,10,0
"core_expansion_a","Lenovo","donor_gigabyte","gigabyte","Gigabyte laptop",2025-02-09,0,0,10,0
"core_expansion_a","Lenovo","donor_gigabyte","gigabyte","Gigabyte laptop",2025-02-16,0,0,10,0
"core_expansion_a","Lenovo","donor_gigabyte","gigabyte","Gigabyte laptop",2025-02-23,0,0,10,0
"core_expansion_a","Lenovo","donor_gigabyte","gigabyte","Gigabyte laptop",2025-03-02,0,0,10,0
"core_expansion_a","Lenovo","donor_gigabyte","gigabyte","Gigabyte laptop",2025-03-09,0,0,10,0
"core_expansion_a","Lenovo","donor_gigabyte","gigabyte","Gigabyte laptop",2025-03-16,0,0,10,0
"core_expansion_a","Lenovo","donor_gigabyte","gigabyte","Gigabyte laptop",2025-03-23,0,0,10,0
"core_expansion_a","Lenovo","donor_gigabyte","gigabyte","Gigabyte laptop",2025-03-30,0,0,10,0
"core_expansion_a","Lenovo","donor_gigabyte","gigabyte","Gigabyte laptop",2025-04-06,0,0,10,0
"core_expansion_a","Lenovo","donor_gigabyte","gigabyte","Gigabyte laptop",2025-04-13,0,0,10,0
"core_expansion_a","Lenovo","donor_gigabyte","gigabyte","Gigabyte laptop",2025-04-20,0,0,10,0
"core_expansion_a","Lenovo","donor_gigabyte","gigabyte","Gigabyte laptop",2025-04-27,0,0,10,0
"core_expansion_a","Lenovo","donor_gigabyte","gigabyte","Gigabyte laptop",2025-05-04,0,0,10,0
"core_expansion_a","Lenovo","donor_gigabyte","gigabyte","Gigabyte laptop",2025-05-11,0,0,10,0
"core_expansion_a","Lenovo","donor_gigabyte","gigabyte","Gigabyte laptop",2025-05-18,0,0,10,0
"core_expansion_a","Lenovo","donor_gigabyte","gigabyte","Gigabyte laptop",2025-05-25,0,0,10,0
"core_expansion_a","Lenovo","donor_gigabyte","gigabyte","Gigabyte laptop",2025-06-01,0,0,10,0
"core_expansion_a","Lenovo","donor_gigabyte","gigabyte","Gigabyte laptop",2025-06-08,0,0,10,0
"core_expansion_a","Lenovo","donor_gigabyte","gigabyte","Gigabyte laptop",2025-06-15,0,0,10,0
"core_expansion_a","Lenovo","donor_gigabyte","gigabyte","Gigabyte laptop",2025-06-22,0,0,10,0
"core_expansion_a","Lenovo","donor_gigabyte","gigabyte","Gigabyte laptop",2025-06-29,0,0,10,0
"core_expansion_a","Lenovo","donor_gigabyte","gigabyte","Gigabyte laptop",2025-07-06,0,0,10,0
"core_expansion_a","Lenovo","donor_gigabyte","gigabyte","Gigabyte laptop",2025-07-13,0,0,10,0
"core_expansion_a","Lenovo","donor_gigabyte","gigabyte","Gigabyte laptop",2025-07-20,0,0,10,0
"core_expansion_a","Lenovo","donor_gigabyte","gigabyte","Gigabyte laptop",2025-07-27,0,0,10,0
"core_expansion_a","Lenovo","donor_gigabyte","gigabyte","Gigabyte laptop",2025-08-03,0,0,10,0
"core_expansion_a","Lenovo","donor_gigabyte","gigabyte","Gigabyte laptop",2025-08-10,0,0,10,0
"core_expansion_a","Lenovo","donor_gigabyte","gigabyte","Gigabyte laptop",2025-08-17,0,0,10,0
"core_expansion_a","Lenovo","donor_gigabyte","gigabyte","Gigabyte laptop",2025-08-24,0,0,10,0
"core_expansion_a","Lenovo","donor_gigabyte","gigabyte","Gigabyte laptop",2025-08-31,0,0,10,0
"core_expansion_a","Lenovo","donor_gigabyte","gigabyte","Gigabyte laptop",2025-09-07,0,0,10,0
"core_expansion_a","Lenovo","donor_gigabyte","gigabyte","Gigabyte laptop",2025-09-14,0,0,10,0
"core_expansion_a","Lenovo","donor_gigabyte","gigabyte","Gigabyte laptop",2025-09-21,0,0,10,0
"core_expansion_a","Lenovo","donor_gigabyte","gigabyte","Gigabyte laptop",2025-09-28,0,0,10,0
"core_expansion_a","Lenovo","donor_gigabyte","gigabyte","Gigabyte laptop",2025-10-05,0,0,10,0
"core_expansion_a","Lenovo","donor_gigabyte","gigabyte","Gigabyte laptop",2025-10-12,0,0,10,0
"core_expansion_a","Lenovo","donor_gigabyte","gigabyte","Gigabyte laptop",2025-10-19,0,0,10,0
"core_expansion_a","Lenovo","donor_gigabyte","gigabyte","Gigabyte laptop",2025-10-26,0,0,10,0
"core_expansion_a","Lenovo","donor_gigabyte","gigabyte","Gigabyte laptop",2025-11-02,0,0,10,0
"core_expansion_a","Lenovo","donor_gigabyte","gigabyte","Gigabyte laptop",2025-11-09,0,0,10,0
"core_expansion_a","Lenovo","donor_gigabyte","gigabyte","Gigabyte laptop",2025-11-16,0,0,10,0
"core_expansion_a","Lenovo","donor_gigabyte","gigabyte","Gigabyte laptop",2025-11-23,0,0,10,0
"core_expansion_a","Lenovo","donor_gigabyte","gigabyte","Gigabyte laptop",2025-11-30,0,0,10,0
"core_expansion_a","Lenovo","donor_gigabyte","gigabyte","Gigabyte laptop",2025-12-07,0,0,10,0
"core_expansion_a","Lenovo","donor_gigabyte","gigabyte","Gigabyte laptop",2025-12-14,0,0,10,0
"core_expansion_a","Lenovo","donor_gigabyte","gigabyte","Gigabyte laptop",2025-12-21,0,0,10,0
"core_expansion_a","Lenovo","donor_gigabyte","gigabyte","Gigabyte laptop",2025-12-28,0,0,10,0
"core_expansion_a","Lenovo","donor_gigabyte","gigabyte","Gigabyte laptop",2026-01-04,0,0,10,0
"core_expansion_a","Lenovo","donor_gigabyte","gigabyte","Gigabyte laptop",2026-01-11,0,0,10,0
"core_expansion_a","Lenovo","donor_gigabyte","gigabyte","Gigabyte laptop",2026-01-18,0,0,10,0
"core_expansion_a","Lenovo","donor_gigabyte","gigabyte","Gigabyte laptop",2026-01-25,0,0,10,0
"core_expansion_a","Lenovo","donor_gigabyte","gigabyte","Gigabyte laptop",2026-02-01,0,0,10,0
"core_expansion_a","Lenovo","donor_gigabyte","gigabyte","Gigabyte laptop",2026-02-08,0,0,10,0
"core_expansion_a","Lenovo","donor_gigabyte","gigabyte","Gigabyte laptop",2026-02-15,0,0,10,0
"core_expansion_a","Lenovo","donor_gigabyte","gigabyte","Gigabyte laptop",2026-02-22,0,0,10,0
"core_expansion_a","Lenovo","donor_gigabyte","gigabyte","Gigabyte laptop",2026-03-01,0,0,10,0
"core_expansion_a","Lenovo","donor_gigabyte","gigabyte","Gigabyte laptop",2026-03-08,0,0,10,0
"core_expansion_a","Lenovo","donor_gigabyte","gigabyte","Gigabyte laptop",2026-03-15,0,0,10,0
"core_expansion_a","Lenovo","donor_gigabyte","gigabyte","Gigabyte laptop",2026-03-22,0,0,10,0
"core_expansion_a","Lenovo","donor_gigabyte","gigabyte","Gigabyte laptop",2026-03-29,0,0,10,0
"core_expansion_a","Lenovo","donor_gigabyte","gigabyte","Gigabyte laptop",2026-04-05,0,0,10,0
"core_expansion_a","Lenovo","donor_gigabyte","gigabyte","Gigabyte laptop",2026-04-12,0,0,10,0
"core_expansion_a","Lenovo","donor_gigabyte","gigabyte","Gigabyte laptop",2026-04-19,0,0,10,0
"core_expansion_a","Lenovo","donor_gigabyte","gigabyte","Gigabyte laptop",2026-04-26,0,0,10,0
"core_expansion_a","Lenovo","donor_gigabyte","gigabyte","Gigabyte laptop",2026-05-03,0,0,10,0
"core_expansion_a","Lenovo","donor_gigabyte","gigabyte","Gigabyte laptop",2026-05-10,0,0,10,0
"core_expansion_a","Lenovo","donor_gigabyte","gigabyte","Gigabyte laptop",2026-05-17,0,0,10,0
"core_expansion_a","Lenovo","donor_gigabyte","gigabyte","Gigabyte laptop",2026-05-24,0,0,10,0
"core_expansion_a","Lenovo","donor_gigabyte","gigabyte","Gigabyte laptop",2026-05-31,0,0,10,0
"core_expansion_a","Lenovo","donor_gigabyte","gigabyte","Gigabyte laptop",2026-06-07,0,0,10,0
"core_expansion_a","Lenovo","donor_gigabyte","gigabyte","Gigabyte laptop",2026-06-14,0,0,10,0
"core_expansion_a","Lenovo","donor_gigabyte","gigabyte","Gigabyte laptop",2026-06-21,0,0,10,0
"core_expansion_a","Lenovo","donor_gigabyte","gigabyte","Gigabyte laptop",2026-06-28,0,0,10,0
"core_expansion_a","Lenovo","donor_gigabyte","gigabyte","Gigabyte laptop",2026-07-05,0,0,10,0
"core_expansion_a","Lenovo","donor_logitech","logitech","Logitech",2021-12-26,18,0,10,0
"core_expansion_a","Lenovo","donor_logitech","logitech","Logitech",2022-01-02,22,0,10,0
"core_expansion_a","Lenovo","donor_logitech","logitech","Logitech",2022-01-09,22,0,10,0
"core_expansion_a","Lenovo","donor_logitech","logitech","Logitech",2022-01-16,19,0,10,0
"core_expansion_a","Lenovo","donor_logitech","logitech","Logitech",2022-01-23,22,0,10,0
"core_expansion_a","Lenovo","donor_logitech","logitech","Logitech",2022-01-30,21,0,10,0
"core_expansion_a","Lenovo","donor_logitech","logitech","Logitech",2022-02-06,20,0,10,0
"core_expansion_a","Lenovo","donor_logitech","logitech","Logitech",2022-02-13,21,0,10,0
"core_expansion_a","Lenovo","donor_logitech","logitech","Logitech",2022-02-20,20,0,10,0
"core_expansion_a","Lenovo","donor_logitech","logitech","Logitech",2022-02-27,19,0,10,0
"core_expansion_a","Lenovo","donor_logitech","logitech","Logitech",2022-03-06,19,0,10,0
"core_expansion_a","Lenovo","donor_logitech","logitech","Logitech",2022-03-13,20,0,10,0
"core_expansion_a","Lenovo","donor_logitech","logitech","Logitech",2022-03-20,20,0,10,0
"core_expansion_a","Lenovo","donor_logitech","logitech","Logitech",2022-03-27,18,0,10,0
"core_expansion_a","Lenovo","donor_logitech","logitech","Logitech",2022-04-03,19,0,10,0
"core_expansion_a","Lenovo","donor_logitech","logitech","Logitech",2022-04-10,19,0,10,0
"core_expansion_a","Lenovo","donor_logitech","logitech","Logitech",2022-04-17,26,0,10,0
"core_expansion_a","Lenovo","donor_logitech","logitech","Logitech",2022-04-24,18,0,10,0
"core_expansion_a","Lenovo","donor_logitech","logitech","Logitech",2022-05-01,18,0,10,0
"core_expansion_a","Lenovo","donor_logitech","logitech","Logitech",2022-05-08,17,0,10,0
"core_expansion_a","Lenovo","donor_logitech","logitech","Logitech",2022-05-15,16,0,10,0
"core_expansion_a","Lenovo","donor_logitech","logitech","Logitech",2022-05-22,16,0,10,0
"core_expansion_a","Lenovo","donor_logitech","logitech","Logitech",2022-05-29,16,0,10,0
"core_expansion_a","Lenovo","donor_logitech","logitech","Logitech",2022-06-05,17,0,10,0
"core_expansion_a","Lenovo","donor_logitech","logitech","Logitech",2022-06-12,17,0,10,0
"core_expansion_a","Lenovo","donor_logitech","logitech","Logitech",2022-06-19,17,0,10,0
"core_expansion_a","Lenovo","donor_logitech","logitech","Logitech",2022-06-26,17,0,10,0
"core_expansion_a","Lenovo","donor_logitech","logitech","Logitech",2022-07-03,18,0,10,0
"core_expansion_a","Lenovo","donor_logitech","logitech","Logitech",2022-07-10,19,0,10,0
"core_expansion_a","Lenovo","donor_logitech","logitech","Logitech",2022-07-17,17,0,10,0
"core_expansion_a","Lenovo","donor_logitech","logitech","Logitech",2022-07-24,18,0,10,0
"core_expansion_a","Lenovo","donor_logitech","logitech","Logitech",2022-07-31,17,0,10,0
"core_expansion_a","Lenovo","donor_logitech","logitech","Logitech",2022-08-07,17,0,10,0
"core_expansion_a","Lenovo","donor_logitech","logitech","Logitech",2022-08-14,18,0,10,0
"core_expansion_a","Lenovo","donor_logitech","logitech","Logitech",2022-08-21,17,0,10,0
"core_expansion_a","Lenovo","donor_logitech","logitech","Logitech",2022-08-28,18,0,10,0
"core_expansion_a","Lenovo","donor_logitech","logitech","Logitech",2022-09-04,17,0,10,0
"core_expansion_a","Lenovo","donor_logitech","logitech","Logitech",2022-09-11,18,0,10,0
"core_expansion_a","Lenovo","donor_logitech","logitech","Logitech",2022-09-18,18,0,10,0
"core_expansion_a","Lenovo","donor_logitech","logitech","Logitech",2022-09-25,18,0,10,0
"core_expansion_a","Lenovo","donor_logitech","logitech","Logitech",2022-10-02,16,0,10,0
"core_expansion_a","Lenovo","donor_logitech","logitech","Logitech",2022-10-09,18,0,10,0
"core_expansion_a","Lenovo","donor_logitech","logitech","Logitech",2022-10-16,17,0,10,0
"core_expansion_a","Lenovo","donor_logitech","logitech","Logitech",2022-10-23,17,0,10,0
"core_expansion_a","Lenovo","donor_logitech","logitech","Logitech",2022-10-30,17,0,10,0
"core_expansion_a","Lenovo","donor_logitech","logitech","Logitech",2022-11-06,17,0,10,0
"core_expansion_a","Lenovo","donor_logitech","logitech","Logitech",2022-11-13,19,0,10,0
"core_expansion_a","Lenovo","donor_logitech","logitech","Logitech",2022-11-20,22,0,10,0
"core_expansion_a","Lenovo","donor_logitech","logitech","Logitech",2022-11-27,19,0,10,0
"core_expansion_a","Lenovo","donor_logitech","logitech","Logitech",2022-12-04,19,0,10,0
"core_expansion_a","Lenovo","donor_logitech","logitech","Logitech",2022-12-11,20,0,10,0
"core_expansion_a","Lenovo","donor_logitech","logitech","Logitech",2022-12-18,19,0,10,0
"core_expansion_a","Lenovo","donor_logitech","logitech","Logitech",2022-12-25,24,0,10,0
"core_expansion_a","Lenovo","donor_logitech","logitech","Logitech",2023-01-01,19,0,10,0
"core_expansion_a","Lenovo","donor_logitech","logitech","Logitech",2023-01-08,18,0,10,0
"core_expansion_a","Lenovo","donor_logitech","logitech","Logitech",2023-01-15,18,0,10,0
"core_expansion_a","Lenovo","donor_logitech","logitech","Logitech",2023-01-22,18,0,10,0
"core_expansion_a","Lenovo","donor_logitech","logitech","Logitech",2023-01-29,19,0,10,0
"core_expansion_a","Lenovo","donor_logitech","logitech","Logitech",2023-02-05,17,0,10,0
"core_expansion_a","Lenovo","donor_logitech","logitech","Logitech",2023-02-12,17,0,10,0
"core_expansion_a","Lenovo","donor_logitech","logitech","Logitech",2023-02-19,17,0,10,0
"core_expansion_a","Lenovo","donor_logitech","logitech","Logitech",2023-02-26,19,0,10,0
"core_expansion_a","Lenovo","donor_logitech","logitech","Logitech",2023-03-05,17,0,10,0
"core_expansion_a","Lenovo","donor_logitech","logitech","Logitech",2023-03-12,17,0,10,0
"core_expansion_a","Lenovo","donor_logitech","logitech","Logitech",2023-03-19,16,0,10,0
"core_expansion_a","Lenovo","donor_logitech","logitech","Logitech",2023-03-26,17,0,10,0
"core_expansion_a","Lenovo","donor_logitech","logitech","Logitech",2023-04-02,17,0,10,0
"core_expansion_a","Lenovo","donor_logitech","logitech","Logitech",2023-04-09,16,0,10,0
"core_expansion_a","Lenovo","donor_logitech","logitech","Logitech",2023-04-16,15,0,10,0
"core_expansion_a","Lenovo","donor_logitech","logitech","Logitech",2023-04-23,15,0,10,0
"core_expansion_a","Lenovo","donor_logitech","logitech","Logitech",2023-04-30,15,0,10,0
"core_expansion_a","Lenovo","donor_logitech","logitech","Logitech",2023-05-07,15,0,10,0
"core_expansion_a","Lenovo","donor_logitech","logitech","Logitech",2023-05-14,15,0,10,0
"core_expansion_a","Lenovo","donor_logitech","logitech","Logitech",2023-05-21,16,0,10,0
"core_expansion_a","Lenovo","donor_logitech","logitech","Logitech",2023-05-28,16,0,10,0
"core_expansion_a","Lenovo","donor_logitech","logitech","Logitech",2023-06-04,15,0,10,0
"core_expansion_a","Lenovo","donor_logitech","logitech","Logitech",2023-06-11,15,0,10,0
"core_expansion_a","Lenovo","donor_logitech","logitech","Logitech",2023-06-18,22,0,10,0
"core_expansion_a","Lenovo","donor_logitech","logitech","Logitech",2023-06-25,19,0,10,0
"core_expansion_a","Lenovo","donor_logitech","logitech","Logitech",2023-07-02,17,0,10,0
"core_expansion_a","Lenovo","donor_logitech","logitech","Logitech",2023-07-09,20,0,10,0
"core_expansion_a","Lenovo","donor_logitech","logitech","Logitech",2023-07-16,17,0,10,0
"core_expansion_a","Lenovo","donor_logitech","logitech","Logitech",2023-07-23,17,0,10,0
"core_expansion_a","Lenovo","donor_logitech","logitech","Logitech",2023-07-30,18,0,10,0
"core_expansion_a","Lenovo","donor_logitech","logitech","Logitech",2023-08-06,18,0,10,0
"core_expansion_a","Lenovo","donor_logitech","logitech","Logitech",2023-08-13,17,0,10,0
"core_expansion_a","Lenovo","donor_logitech","logitech","Logitech",2023-08-20,16,0,10,0
"core_expansion_a","Lenovo","donor_logitech","logitech","Logitech",2023-08-27,18,0,10,0
"core_expansion_a","Lenovo","donor_logitech","logitech","Logitech",2023-09-03,19,0,10,0
"core_expansion_a","Lenovo","donor_logitech","logitech","Logitech",2023-09-10,16,0,10,0
"core_expansion_a","Lenovo","donor_logitech","logitech","Logitech",2023-09-17,18,0,10,0
"core_expansion_a","Lenovo","donor_logitech","logitech","Logitech",2023-09-24,17,0,10,0
"core_expansion_a","Lenovo","donor_logitech","logitech","Logitech",2023-10-01,17,0,10,0
"core_expansion_a","Lenovo","donor_logitech","logitech","Logitech",2023-10-08,17,0,10,0
"core_expansion_a","Lenovo","donor_logitech","logitech","Logitech",2023-10-15,16,0,10,0
"core_expansion_a","Lenovo","donor_logitech","logitech","Logitech",2023-10-22,16,0,10,0
"core_expansion_a","Lenovo","donor_logitech","logitech","Logitech",2023-10-29,18,0,10,0
"core_expansion_a","Lenovo","donor_logitech","logitech","Logitech",2023-11-05,17,0,10,0
"core_expansion_a","Lenovo","donor_logitech","logitech","Logitech",2023-11-12,20,0,10,0
"core_expansion_a","Lenovo","donor_logitech","logitech","Logitech",2023-11-19,24,0,10,0
"core_expansion_a","Lenovo","donor_logitech","logitech","Logitech",2023-11-26,22,0,10,0
"core_expansion_a","Lenovo","donor_logitech","logitech","Logitech",2023-12-03,21,0,10,0
"core_expansion_a","Lenovo","donor_logitech","logitech","Logitech",2023-12-10,21,0,10,0
"core_expansion_a","Lenovo","donor_logitech","logitech","Logitech",2023-12-17,21,0,10,0
"core_expansion_a","Lenovo","donor_logitech","logitech","Logitech",2023-12-24,24,0,10,0
"core_expansion_a","Lenovo","donor_logitech","logitech","Logitech",2023-12-31,20,0,10,0
"core_expansion_a","Lenovo","donor_logitech","logitech","Logitech",2024-01-07,19,0,10,0
"core_expansion_a","Lenovo","donor_logitech","logitech","Logitech",2024-01-14,19,0,10,0
"core_expansion_a","Lenovo","donor_logitech","logitech","Logitech",2024-01-21,18,0,10,0
"core_expansion_a","Lenovo","donor_logitech","logitech","Logitech",2024-01-28,20,0,10,0
"core_expansion_a","Lenovo","donor_logitech","logitech","Logitech",2024-02-04,19,0,10,0
"core_expansion_a","Lenovo","donor_logitech","logitech","Logitech",2024-02-11,20,0,10,0
"core_expansion_a","Lenovo","donor_logitech","logitech","Logitech",2024-02-18,19,0,10,0
"core_expansion_a","Lenovo","donor_logitech","logitech","Logitech",2024-02-25,19,0,10,0
"core_expansion_a","Lenovo","donor_logitech","logitech","Logitech",2024-03-03,18,0,10,0
"core_expansion_a","Lenovo","donor_logitech","logitech","Logitech",2024-03-10,19,0,10,0
"core_expansion_a","Lenovo","donor_logitech","logitech","Logitech",2024-03-17,19,0,10,0
"core_expansion_a","Lenovo","donor_logitech","logitech","Logitech",2024-03-24,19,0,10,0
"core_expansion_a","Lenovo","donor_logitech","logitech","Logitech",2024-03-31,18,0,10,0
"core_expansion_a","Lenovo","donor_logitech","logitech","Logitech",2024-04-07,17,0,10,0
"core_expansion_a","Lenovo","donor_logitech","logitech","Logitech",2024-04-14,17,0,10,0
"core_expansion_a","Lenovo","donor_logitech","logitech","Logitech",2024-04-21,17,0,10,0
"core_expansion_a","Lenovo","donor_logitech","logitech","Logitech",2024-04-28,16,0,10,0
"core_expansion_a","Lenovo","donor_logitech","logitech","Logitech",2024-05-05,17,0,10,0
"core_expansion_a","Lenovo","donor_logitech","logitech","Logitech",2024-05-12,17,0,10,0
"core_expansion_a","Lenovo","donor_logitech","logitech","Logitech",2024-05-19,16,0,10,0
"core_expansion_a","Lenovo","donor_logitech","logitech","Logitech",2024-05-26,18,0,10,0
"core_expansion_a","Lenovo","donor_logitech","logitech","Logitech",2024-06-02,17,0,10,0
"core_expansion_a","Lenovo","donor_logitech","logitech","Logitech",2024-06-09,17,0,10,0
"core_expansion_a","Lenovo","donor_logitech","logitech","Logitech",2024-06-16,17,0,10,0
"core_expansion_a","Lenovo","donor_logitech","logitech","Logitech",2024-06-23,18,0,10,0
"core_expansion_a","Lenovo","donor_logitech","logitech","Logitech",2024-06-30,17,0,10,0
"core_expansion_a","Lenovo","donor_logitech","logitech","Logitech",2024-07-07,17,0,10,0
"core_expansion_a","Lenovo","donor_logitech","logitech","Logitech",2024-07-14,18,0,10,0
"core_expansion_a","Lenovo","donor_logitech","logitech","Logitech",2024-07-21,18,0,10,0
"core_expansion_a","Lenovo","donor_logitech","logitech","Logitech",2024-07-28,17,0,10,0
"core_expansion_a","Lenovo","donor_logitech","logitech","Logitech",2024-08-04,19,0,10,0
"core_expansion_a","Lenovo","donor_logitech","logitech","Logitech",2024-08-11,18,0,10,0
"core_expansion_a","Lenovo","donor_logitech","logitech","Logitech",2024-08-18,18,0,10,0
"core_expansion_a","Lenovo","donor_logitech","logitech","Logitech",2024-08-25,18,0,10,0
"core_expansion_a","Lenovo","donor_logitech","logitech","Logitech",2024-09-01,18,0,10,0
"core_expansion_a","Lenovo","donor_logitech","logitech","Logitech",2024-09-08,18,0,10,0
"core_expansion_a","Lenovo","donor_logitech","logitech","Logitech",2024-09-15,19,0,10,0
"core_expansion_a","Lenovo","donor_logitech","logitech","Logitech",2024-09-22,19,0,10,0
"core_expansion_a","Lenovo","donor_logitech","logitech","Logitech",2024-09-29,18,0,10,0
"core_expansion_a","Lenovo","donor_logitech","logitech","Logitech",2024-10-06,18,0,10,0
"core_expansion_a","Lenovo","donor_logitech","logitech","Logitech",2024-10-13,18,0,10,0
"core_expansion_a","Lenovo","donor_logitech","logitech","Logitech",2024-10-20,18,0,10,0
"core_expansion_a","Lenovo","donor_logitech","logitech","Logitech",2024-10-27,18,0,10,0
"core_expansion_a","Lenovo","donor_logitech","logitech","Logitech",2024-11-03,20,0,10,0
"core_expansion_a","Lenovo","donor_logitech","logitech","Logitech",2024-11-10,21,0,10,0
"core_expansion_a","Lenovo","donor_logitech","logitech","Logitech",2024-11-17,23,0,10,0
"core_expansion_a","Lenovo","donor_logitech","logitech","Logitech",2024-11-24,26,0,10,0
"core_expansion_a","Lenovo","donor_logitech","logitech","Logitech",2024-12-01,23,0,10,0
"core_expansion_a","Lenovo","donor_logitech","logitech","Logitech",2024-12-08,23,0,10,0
"core_expansion_a","Lenovo","donor_logitech","logitech","Logitech",2024-12-15,23,0,10,0
"core_expansion_a","Lenovo","donor_logitech","logitech","Logitech",2024-12-22,27,0,10,0
"core_expansion_a","Lenovo","donor_logitech","logitech","Logitech",2024-12-29,23,0,10,0
"core_expansion_a","Lenovo","donor_logitech","logitech","Logitech",2025-01-05,22,0,10,0
"core_expansion_a","Lenovo","donor_logitech","logitech","Logitech",2025-01-12,20,0,10,0
"core_expansion_a","Lenovo","donor_logitech","logitech","Logitech",2025-01-19,21,0,10,0
"core_expansion_a","Lenovo","donor_logitech","logitech","Logitech",2025-01-26,20,0,10,0
"core_expansion_a","Lenovo","donor_logitech","logitech","Logitech",2025-02-02,21,0,10,0
"core_expansion_a","Lenovo","donor_logitech","logitech","Logitech",2025-02-09,19,0,10,0
"core_expansion_a","Lenovo","donor_logitech","logitech","Logitech",2025-02-16,20,0,10,0
"core_expansion_a","Lenovo","donor_logitech","logitech","Logitech",2025-02-23,19,0,10,0
"core_expansion_a","Lenovo","donor_logitech","logitech","Logitech",2025-03-02,20,0,10,0
"core_expansion_a","Lenovo","donor_logitech","logitech","Logitech",2025-03-09,18,0,10,0
"core_expansion_a","Lenovo","donor_logitech","logitech","Logitech",2025-03-16,19,0,10,0
"core_expansion_a","Lenovo","donor_logitech","logitech","Logitech",2025-03-23,18,0,10,0
"core_expansion_a","Lenovo","donor_logitech","logitech","Logitech",2025-03-30,18,0,10,0
"core_expansion_a","Lenovo","donor_logitech","logitech","Logitech",2025-04-06,19,0,10,0
"core_expansion_a","Lenovo","donor_logitech","logitech","Logitech",2025-04-13,17,0,10,0
"core_expansion_a","Lenovo","donor_logitech","logitech","Logitech",2025-04-20,18,0,10,0
"core_expansion_a","Lenovo","donor_logitech","logitech","Logitech",2025-04-27,17,0,10,0
"core_expansion_a","Lenovo","donor_logitech","logitech","Logitech",2025-05-04,17,0,10,0
"core_expansion_a","Lenovo","donor_logitech","logitech","Logitech",2025-05-11,18,0,10,0
"core_expansion_a","Lenovo","donor_logitech","logitech","Logitech",2025-05-18,18,0,10,0
"core_expansion_a","Lenovo","donor_logitech","logitech","Logitech",2025-05-25,17,0,10,0
"core_expansion_a","Lenovo","donor_logitech","logitech","Logitech",2025-06-01,19,0,10,0
"core_expansion_a","Lenovo","donor_logitech","logitech","Logitech",2025-06-08,18,0,10,0
"core_expansion_a","Lenovo","donor_logitech","logitech","Logitech",2025-06-15,18,0,10,0
"core_expansion_a","Lenovo","donor_logitech","logitech","Logitech",2025-06-22,19,0,10,0
"core_expansion_a","Lenovo","donor_logitech","logitech","Logitech",2025-06-29,18,0,10,0
"core_expansion_a","Lenovo","donor_logitech","logitech","Logitech",2025-07-06,21,0,10,0
"core_expansion_a","Lenovo","donor_logitech","logitech","Logitech",2025-07-13,21,0,10,0
"core_expansion_a","Lenovo","donor_logitech","logitech","Logitech",2025-07-20,20,0,10,0
"core_expansion_a","Lenovo","donor_logitech","logitech","Logitech",2025-07-27,21,0,10,0
"core_expansion_a","Lenovo","donor_logitech","logitech","Logitech",2025-08-03,22,0,10,0
"core_expansion_a","Lenovo","donor_logitech","logitech","Logitech",2025-08-10,23,0,10,0
"core_expansion_a","Lenovo","donor_logitech","logitech","Logitech",2025-08-17,24,0,10,0
"core_expansion_a","Lenovo","donor_logitech","logitech","Logitech",2025-08-24,26,0,10,0
"core_expansion_a","Lenovo","donor_logitech","logitech","Logitech",2025-08-31,26,0,10,0
"core_expansion_a","Lenovo","donor_logitech","logitech","Logitech",2025-09-07,24,0,10,0
"core_expansion_a","Lenovo","donor_logitech","logitech","Logitech",2025-09-14,23,0,10,0
"core_expansion_a","Lenovo","donor_logitech","logitech","Logitech",2025-09-21,23,0,10,0
"core_expansion_a","Lenovo","donor_logitech","logitech","Logitech",2025-09-28,24,0,10,0
"core_expansion_a","Lenovo","donor_logitech","logitech","Logitech",2025-10-05,24,0,10,0
"core_expansion_a","Lenovo","donor_logitech","logitech","Logitech",2025-10-12,25,0,10,0
"core_expansion_a","Lenovo","donor_logitech","logitech","Logitech",2025-10-19,25,0,10,0
"core_expansion_a","Lenovo","donor_logitech","logitech","Logitech",2025-10-26,23,0,10,0
"core_expansion_a","Lenovo","donor_logitech","logitech","Logitech",2025-11-02,23,0,10,0
"core_expansion_a","Lenovo","donor_logitech","logitech","Logitech",2025-11-09,25,0,10,0
"core_expansion_a","Lenovo","donor_logitech","logitech","Logitech",2025-11-16,25,0,10,0
"core_expansion_a","Lenovo","donor_logitech","logitech","Logitech",2025-11-23,28,0,10,0
"core_expansion_a","Lenovo","donor_logitech","logitech","Logitech",2025-11-30,28,0,10,0
"core_expansion_a","Lenovo","donor_logitech","logitech","Logitech",2025-12-07,24,0,10,0
"core_expansion_a","Lenovo","donor_logitech","logitech","Logitech",2025-12-14,24,0,10,0
"core_expansion_a","Lenovo","donor_logitech","logitech","Logitech",2025-12-21,25,0,10,0
"core_expansion_a","Lenovo","donor_logitech","logitech","Logitech",2025-12-28,22,0,10,0
"core_expansion_a","Lenovo","donor_logitech","logitech","Logitech",2026-01-04,23,0,10,0
"core_expansion_a","Lenovo","donor_logitech","logitech","Logitech",2026-01-11,22,0,10,0
"core_expansion_a","Lenovo","donor_logitech","logitech","Logitech",2026-01-18,22,0,10,0
"core_expansion_a","Lenovo","donor_logitech","logitech","Logitech",2026-01-25,21,0,10,0
"core_expansion_a","Lenovo","donor_logitech","logitech","Logitech",2026-02-01,21,0,10,0
"core_expansion_a","Lenovo","donor_logitech","logitech","Logitech",2026-02-08,22,0,10,0
"core_expansion_a","Lenovo","donor_logitech","logitech","Logitech",2026-02-15,21,0,10,0
"core_expansion_a","Lenovo","donor_logitech","logitech","Logitech",2026-02-22,22,0,10,0
"core_expansion_a","Lenovo","donor_logitech","logitech","Logitech",2026-03-01,23,0,10,0
"core_expansion_a","Lenovo","donor_logitech","logitech","Logitech",2026-03-08,22,0,10,0
"core_expansion_a","Lenovo","donor_logitech","logitech","Logitech",2026-03-15,22,0,10,0
"core_expansion_a","Lenovo","donor_logitech","logitech","Logitech",2026-03-22,29,0,10,0
"core_expansion_a","Lenovo","donor_logitech","logitech","Logitech",2026-03-29,35,0,10,0
"core_expansion_a","Lenovo","donor_logitech","logitech","Logitech",2026-04-05,35,0,10,0
"core_expansion_a","Lenovo","donor_logitech","logitech","Logitech",2026-04-12,37,0,10,0
"core_expansion_a","Lenovo","donor_logitech","logitech","Logitech",2026-04-19,31,0,10,0
"core_expansion_a","Lenovo","donor_logitech","logitech","Logitech",2026-04-26,30,0,10,0
"core_expansion_a","Lenovo","donor_logitech","logitech","Logitech",2026-05-03,35,0,10,0
"core_expansion_a","Lenovo","donor_logitech","logitech","Logitech",2026-05-10,36,0,10,0
"core_expansion_a","Lenovo","donor_logitech","logitech","Logitech",2026-05-17,30,0,10,0
"core_expansion_a","Lenovo","donor_logitech","logitech","Logitech",2026-05-24,27,0,10,0
"core_expansion_a","Lenovo","donor_logitech","logitech","Logitech",2026-05-31,28,0,10,0
"core_expansion_a","Lenovo","donor_logitech","logitech","Logitech",2026-06-07,25,0,10,0
"core_expansion_a","Lenovo","donor_logitech","logitech","Logitech",2026-06-14,23,0,10,0
"core_expansion_a","Lenovo","donor_logitech","logitech","Logitech",2026-06-21,24,0,10,0
"core_expansion_a","Lenovo","donor_logitech","logitech","Logitech",2026-06-28,19,0,10,0
"core_expansion_a","Lenovo","donor_logitech","logitech","Logitech",2026-07-05,18,0,10,0
"core_expansion_a","Lenovo","donor_microsoft_surface","microsoft_surface","Microsoft Surface",2021-12-26,3,0,10,0
"core_expansion_a","Lenovo","donor_microsoft_surface","microsoft_surface","Microsoft Surface",2022-01-02,3,0,10,0
"core_expansion_a","Lenovo","donor_microsoft_surface","microsoft_surface","Microsoft Surface",2022-01-09,3,0,10,0
"core_expansion_a","Lenovo","donor_microsoft_surface","microsoft_surface","Microsoft Surface",2022-01-16,3,0,10,0
"core_expansion_a","Lenovo","donor_microsoft_surface","microsoft_surface","Microsoft Surface",2022-01-23,3,0,10,0
"core_expansion_a","Lenovo","donor_microsoft_surface","microsoft_surface","Microsoft Surface",2022-01-30,4,0,10,0
"core_expansion_a","Lenovo","donor_microsoft_surface","microsoft_surface","Microsoft Surface",2022-02-06,3,0,10,0
"core_expansion_a","Lenovo","donor_microsoft_surface","microsoft_surface","Microsoft Surface",2022-02-13,3,0,10,0
"core_expansion_a","Lenovo","donor_microsoft_surface","microsoft_surface","Microsoft Surface",2022-02-20,3,0,10,0
"core_expansion_a","Lenovo","donor_microsoft_surface","microsoft_surface","Microsoft Surface",2022-02-27,3,0,10,0
"core_expansion_a","Lenovo","donor_microsoft_surface","microsoft_surface","Microsoft Surface",2022-03-06,3,0,10,0
"core_expansion_a","Lenovo","donor_microsoft_surface","microsoft_surface","Microsoft Surface",2022-03-13,3,0,10,0
"core_expansion_a","Lenovo","donor_microsoft_surface","microsoft_surface","Microsoft Surface",2022-03-20,3,0,10,0
"core_expansion_a","Lenovo","donor_microsoft_surface","microsoft_surface","Microsoft Surface",2022-03-27,3,0,10,0
"core_expansion_a","Lenovo","donor_microsoft_surface","microsoft_surface","Microsoft Surface",2022-04-03,3,0,10,0
"core_expansion_a","Lenovo","donor_microsoft_surface","microsoft_surface","Microsoft Surface",2022-04-10,3,0,10,0
"core_expansion_a","Lenovo","donor_microsoft_surface","microsoft_surface","Microsoft Surface",2022-04-17,3,0,10,0
"core_expansion_a","Lenovo","donor_microsoft_surface","microsoft_surface","Microsoft Surface",2022-04-24,3,0,10,0
"core_expansion_a","Lenovo","donor_microsoft_surface","microsoft_surface","Microsoft Surface",2022-05-01,3,0,10,0
"core_expansion_a","Lenovo","donor_microsoft_surface","microsoft_surface","Microsoft Surface",2022-05-08,2,0,10,0
"core_expansion_a","Lenovo","donor_microsoft_surface","microsoft_surface","Microsoft Surface",2022-05-15,2,0,10,0
"core_expansion_a","Lenovo","donor_microsoft_surface","microsoft_surface","Microsoft Surface",2022-05-22,2,0,10,0
"core_expansion_a","Lenovo","donor_microsoft_surface","microsoft_surface","Microsoft Surface",2022-05-29,2,0,10,0
"core_expansion_a","Lenovo","donor_microsoft_surface","microsoft_surface","Microsoft Surface",2022-06-05,3,0,10,0
"core_expansion_a","Lenovo","donor_microsoft_surface","microsoft_surface","Microsoft Surface",2022-06-12,3,0,10,0
"core_expansion_a","Lenovo","donor_microsoft_surface","microsoft_surface","Microsoft Surface",2022-06-19,2,0,10,0
"core_expansion_a","Lenovo","donor_microsoft_surface","microsoft_surface","Microsoft Surface",2022-06-26,2,0,10,0
"core_expansion_a","Lenovo","donor_microsoft_surface","microsoft_surface","Microsoft Surface",2022-07-03,2,0,10,0
"core_expansion_a","Lenovo","donor_microsoft_surface","microsoft_surface","Microsoft Surface",2022-07-10,3,0,10,0
"core_expansion_a","Lenovo","donor_microsoft_surface","microsoft_surface","Microsoft Surface",2022-07-17,2,0,10,0
"core_expansion_a","Lenovo","donor_microsoft_surface","microsoft_surface","Microsoft Surface",2022-07-24,3,0,10,0
"core_expansion_a","Lenovo","donor_microsoft_surface","microsoft_surface","Microsoft Surface",2022-07-31,3,0,10,0
"core_expansion_a","Lenovo","donor_microsoft_surface","microsoft_surface","Microsoft Surface",2022-08-07,3,0,10,0
"core_expansion_a","Lenovo","donor_microsoft_surface","microsoft_surface","Microsoft Surface",2022-08-14,3,0,10,0
"core_expansion_a","Lenovo","donor_microsoft_surface","microsoft_surface","Microsoft Surface",2022-08-21,3,0,10,0
"core_expansion_a","Lenovo","donor_microsoft_surface","microsoft_surface","Microsoft Surface",2022-08-28,3,0,10,0
"core_expansion_a","Lenovo","donor_microsoft_surface","microsoft_surface","Microsoft Surface",2022-09-04,3,0,10,0
"core_expansion_a","Lenovo","donor_microsoft_surface","microsoft_surface","Microsoft Surface",2022-09-11,3,0,10,0
"core_expansion_a","Lenovo","donor_microsoft_surface","microsoft_surface","Microsoft Surface",2022-09-18,3,0,10,0
"core_expansion_a","Lenovo","donor_microsoft_surface","microsoft_surface","Microsoft Surface",2022-09-25,3,0,10,0
"core_expansion_a","Lenovo","donor_microsoft_surface","microsoft_surface","Microsoft Surface",2022-10-02,3,0,10,0
"core_expansion_a","Lenovo","donor_microsoft_surface","microsoft_surface","Microsoft Surface",2022-10-09,3,0,10,0
"core_expansion_a","Lenovo","donor_microsoft_surface","microsoft_surface","Microsoft Surface",2022-10-16,3,0,10,0
"core_expansion_a","Lenovo","donor_microsoft_surface","microsoft_surface","Microsoft Surface",2022-10-23,3,0,10,0
"core_expansion_a","Lenovo","donor_microsoft_surface","microsoft_surface","Microsoft Surface",2022-10-30,3,0,10,0
"core_expansion_a","Lenovo","donor_microsoft_surface","microsoft_surface","Microsoft Surface",2022-11-06,3,0,10,0
"core_expansion_a","Lenovo","donor_microsoft_surface","microsoft_surface","Microsoft Surface",2022-11-13,3,0,10,0
"core_expansion_a","Lenovo","donor_microsoft_surface","microsoft_surface","Microsoft Surface",2022-11-20,3,0,10,0
"core_expansion_a","Lenovo","donor_microsoft_surface","microsoft_surface","Microsoft Surface",2022-11-27,3,0,10,0
"core_expansion_a","Lenovo","donor_microsoft_surface","microsoft_surface","Microsoft Surface",2022-12-04,2,0,10,0
"core_expansion_a","Lenovo","donor_microsoft_surface","microsoft_surface","Microsoft Surface",2022-12-11,2,0,10,0
"core_expansion_a","Lenovo","donor_microsoft_surface","microsoft_surface","Microsoft Surface",2022-12-18,2,0,10,0
"core_expansion_a","Lenovo","donor_microsoft_surface","microsoft_surface","Microsoft Surface",2022-12-25,3,0,10,0
"core_expansion_a","Lenovo","donor_microsoft_surface","microsoft_surface","Microsoft Surface",2023-01-01,3,0,10,0
"core_expansion_a","Lenovo","donor_microsoft_surface","microsoft_surface","Microsoft Surface",2023-01-08,3,0,10,0
"core_expansion_a","Lenovo","donor_microsoft_surface","microsoft_surface","Microsoft Surface",2023-01-15,3,0,10,0
"core_expansion_a","Lenovo","donor_microsoft_surface","microsoft_surface","Microsoft Surface",2023-01-22,3,0,10,0
"core_expansion_a","Lenovo","donor_microsoft_surface","microsoft_surface","Microsoft Surface",2023-01-29,3,0,10,0
"core_expansion_a","Lenovo","donor_microsoft_surface","microsoft_surface","Microsoft Surface",2023-02-05,3,0,10,0
"core_expansion_a","Lenovo","donor_microsoft_surface","microsoft_surface","Microsoft Surface",2023-02-12,2,0,10,0
"core_expansion_a","Lenovo","donor_microsoft_surface","microsoft_surface","Microsoft Surface",2023-02-19,3,0,10,0
"core_expansion_a","Lenovo","donor_microsoft_surface","microsoft_surface","Microsoft Surface",2023-02-26,2,0,10,0
"core_expansion_a","Lenovo","donor_microsoft_surface","microsoft_surface","Microsoft Surface",2023-03-05,2,0,10,0
"core_expansion_a","Lenovo","donor_microsoft_surface","microsoft_surface","Microsoft Surface",2023-03-12,2,0,10,0
"core_expansion_a","Lenovo","donor_microsoft_surface","microsoft_surface","Microsoft Surface",2023-03-19,2,0,10,0
"core_expansion_a","Lenovo","donor_microsoft_surface","microsoft_surface","Microsoft Surface",2023-03-26,2,0,10,0
"core_expansion_a","Lenovo","donor_microsoft_surface","microsoft_surface","Microsoft Surface",2023-04-02,2,0,10,0
"core_expansion_a","Lenovo","donor_microsoft_surface","microsoft_surface","Microsoft Surface",2023-04-09,2,0,10,0
"core_expansion_a","Lenovo","donor_microsoft_surface","microsoft_surface","Microsoft Surface",2023-04-16,2,0,10,0
"core_expansion_a","Lenovo","donor_microsoft_surface","microsoft_surface","Microsoft Surface",2023-04-23,2,0,10,0
"core_expansion_a","Lenovo","donor_microsoft_surface","microsoft_surface","Microsoft Surface",2023-04-30,2,0,10,0
"core_expansion_a","Lenovo","donor_microsoft_surface","microsoft_surface","Microsoft Surface",2023-05-07,2,0,10,0
"core_expansion_a","Lenovo","donor_microsoft_surface","microsoft_surface","Microsoft Surface",2023-05-14,2,0,10,0
"core_expansion_a","Lenovo","donor_microsoft_surface","microsoft_surface","Microsoft Surface",2023-05-21,2,0,10,0
"core_expansion_a","Lenovo","donor_microsoft_surface","microsoft_surface","Microsoft Surface",2023-05-28,2,0,10,0
"core_expansion_a","Lenovo","donor_microsoft_surface","microsoft_surface","Microsoft Surface",2023-06-04,2,0,10,0
"core_expansion_a","Lenovo","donor_microsoft_surface","microsoft_surface","Microsoft Surface",2023-06-11,2,0,10,0
"core_expansion_a","Lenovo","donor_microsoft_surface","microsoft_surface","Microsoft Surface",2023-06-18,2,0,10,0
"core_expansion_a","Lenovo","donor_microsoft_surface","microsoft_surface","Microsoft Surface",2023-06-25,2,0,10,0
"core_expansion_a","Lenovo","donor_microsoft_surface","microsoft_surface","Microsoft Surface",2023-07-02,2,0,10,0
"core_expansion_a","Lenovo","donor_microsoft_surface","microsoft_surface","Microsoft Surface",2023-07-09,3,0,10,0
"core_expansion_a","Lenovo","donor_microsoft_surface","microsoft_surface","Microsoft Surface",2023-07-16,2,0,10,0
"core_expansion_a","Lenovo","donor_microsoft_surface","microsoft_surface","Microsoft Surface",2023-07-23,2,0,10,0
"core_expansion_a","Lenovo","donor_microsoft_surface","microsoft_surface","Microsoft Surface",2023-07-30,3,0,10,0
"core_expansion_a","Lenovo","donor_microsoft_surface","microsoft_surface","Microsoft Surface",2023-08-06,3,0,10,0
"core_expansion_a","Lenovo","donor_microsoft_surface","microsoft_surface","Microsoft Surface",2023-08-13,3,0,10,0
"core_expansion_a","Lenovo","donor_microsoft_surface","microsoft_surface","Microsoft Surface",2023-08-20,2,0,10,0
"core_expansion_a","Lenovo","donor_microsoft_surface","microsoft_surface","Microsoft Surface",2023-08-27,2,0,10,0
"core_expansion_a","Lenovo","donor_microsoft_surface","microsoft_surface","Microsoft Surface",2023-09-03,3,0,10,0
"core_expansion_a","Lenovo","donor_microsoft_surface","microsoft_surface","Microsoft Surface",2023-09-10,3,0,10,0
"core_expansion_a","Lenovo","donor_microsoft_surface","microsoft_surface","Microsoft Surface",2023-09-17,3,0,10,0
"core_expansion_a","Lenovo","donor_microsoft_surface","microsoft_surface","Microsoft Surface",2023-09-24,3,0,10,0
"core_expansion_a","Lenovo","donor_microsoft_surface","microsoft_surface","Microsoft Surface",2023-10-01,3,0,10,0
"core_expansion_a","Lenovo","donor_microsoft_surface","microsoft_surface","Microsoft Surface",2023-10-08,2,0,10,0
"core_expansion_a","Lenovo","donor_microsoft_surface","microsoft_surface","Microsoft Surface",2023-10-15,2,0,10,0
"core_expansion_a","Lenovo","donor_microsoft_surface","microsoft_surface","Microsoft Surface",2023-10-22,2,0,10,0
"core_expansion_a","Lenovo","donor_microsoft_surface","microsoft_surface","Microsoft Surface",2023-10-29,2,0,10,0
"core_expansion_a","Lenovo","donor_microsoft_surface","microsoft_surface","Microsoft Surface",2023-11-05,3,0,10,0
"core_expansion_a","Lenovo","donor_microsoft_surface","microsoft_surface","Microsoft Surface",2023-11-12,3,0,10,0
"core_expansion_a","Lenovo","donor_microsoft_surface","microsoft_surface","Microsoft Surface",2023-11-19,3,0,10,0
"core_expansion_a","Lenovo","donor_microsoft_surface","microsoft_surface","Microsoft Surface",2023-11-26,3,0,10,0
"core_expansion_a","Lenovo","donor_microsoft_surface","microsoft_surface","Microsoft Surface",2023-12-03,2,0,10,0
"core_expansion_a","Lenovo","donor_microsoft_surface","microsoft_surface","Microsoft Surface",2023-12-10,2,0,10,0
"core_expansion_a","Lenovo","donor_microsoft_surface","microsoft_surface","Microsoft Surface",2023-12-17,2,0,10,0
"core_expansion_a","Lenovo","donor_microsoft_surface","microsoft_surface","Microsoft Surface",2023-12-24,2,0,10,0
"core_expansion_a","Lenovo","donor_microsoft_surface","microsoft_surface","Microsoft Surface",2023-12-31,2,0,10,0
"core_expansion_a","Lenovo","donor_microsoft_surface","microsoft_surface","Microsoft Surface",2024-01-07,2,0,10,0
"core_expansion_a","Lenovo","donor_microsoft_surface","microsoft_surface","Microsoft Surface",2024-01-14,2,0,10,0
"core_expansion_a","Lenovo","donor_microsoft_surface","microsoft_surface","Microsoft Surface",2024-01-21,2,0,10,0
"core_expansion_a","Lenovo","donor_microsoft_surface","microsoft_surface","Microsoft Surface",2024-01-28,2,0,10,0
"core_expansion_a","Lenovo","donor_microsoft_surface","microsoft_surface","Microsoft Surface",2024-02-04,2,0,10,0
"core_expansion_a","Lenovo","donor_microsoft_surface","microsoft_surface","Microsoft Surface",2024-02-11,2,0,10,0
"core_expansion_a","Lenovo","donor_microsoft_surface","microsoft_surface","Microsoft Surface",2024-02-18,2,0,10,0
"core_expansion_a","Lenovo","donor_microsoft_surface","microsoft_surface","Microsoft Surface",2024-02-25,2,0,10,0
"core_expansion_a","Lenovo","donor_microsoft_surface","microsoft_surface","Microsoft Surface",2024-03-03,2,0,10,0
"core_expansion_a","Lenovo","donor_microsoft_surface","microsoft_surface","Microsoft Surface",2024-03-10,2,0,10,0
"core_expansion_a","Lenovo","donor_microsoft_surface","microsoft_surface","Microsoft Surface",2024-03-17,3,0,10,0
"core_expansion_a","Lenovo","donor_microsoft_surface","microsoft_surface","Microsoft Surface",2024-03-24,2,0,10,0
"core_expansion_a","Lenovo","donor_microsoft_surface","microsoft_surface","Microsoft Surface",2024-03-31,2,0,10,0
"core_expansion_a","Lenovo","donor_microsoft_surface","microsoft_surface","Microsoft Surface",2024-04-07,2,0,10,0
"core_expansion_a","Lenovo","donor_microsoft_surface","microsoft_surface","Microsoft Surface",2024-04-14,2,0,10,0
"core_expansion_a","Lenovo","donor_microsoft_surface","microsoft_surface","Microsoft Surface",2024-04-21,2,0,10,0
"core_expansion_a","Lenovo","donor_microsoft_surface","microsoft_surface","Microsoft Surface",2024-04-28,2,0,10,0
"core_expansion_a","Lenovo","donor_microsoft_surface","microsoft_surface","Microsoft Surface",2024-05-05,2,0,10,0
"core_expansion_a","Lenovo","donor_microsoft_surface","microsoft_surface","Microsoft Surface",2024-05-12,2,0,10,0
"core_expansion_a","Lenovo","donor_microsoft_surface","microsoft_surface","Microsoft Surface",2024-05-19,3,0,10,0
"core_expansion_a","Lenovo","donor_microsoft_surface","microsoft_surface","Microsoft Surface",2024-05-26,2,0,10,0
"core_expansion_a","Lenovo","donor_microsoft_surface","microsoft_surface","Microsoft Surface",2024-06-02,2,0,10,0
"core_expansion_a","Lenovo","donor_microsoft_surface","microsoft_surface","Microsoft Surface",2024-06-09,2,0,10,0
"core_expansion_a","Lenovo","donor_microsoft_surface","microsoft_surface","Microsoft Surface",2024-06-16,3,0,10,0
"core_expansion_a","Lenovo","donor_microsoft_surface","microsoft_surface","Microsoft Surface",2024-06-23,3,0,10,0
"core_expansion_a","Lenovo","donor_microsoft_surface","microsoft_surface","Microsoft Surface",2024-06-30,2,0,10,0
"core_expansion_a","Lenovo","donor_microsoft_surface","microsoft_surface","Microsoft Surface",2024-07-07,2,0,10,0
"core_expansion_a","Lenovo","donor_microsoft_surface","microsoft_surface","Microsoft Surface",2024-07-14,3,0,10,0
"core_expansion_a","Lenovo","donor_microsoft_surface","microsoft_surface","Microsoft Surface",2024-07-21,2,0,10,0
"core_expansion_a","Lenovo","donor_microsoft_surface","microsoft_surface","Microsoft Surface",2024-07-28,2,0,10,0
"core_expansion_a","Lenovo","donor_microsoft_surface","microsoft_surface","Microsoft Surface",2024-08-04,3,0,10,0
"core_expansion_a","Lenovo","donor_microsoft_surface","microsoft_surface","Microsoft Surface",2024-08-11,3,0,10,0
"core_expansion_a","Lenovo","donor_microsoft_surface","microsoft_surface","Microsoft Surface",2024-08-18,3,0,10,0
"core_expansion_a","Lenovo","donor_microsoft_surface","microsoft_surface","Microsoft Surface",2024-08-25,3,0,10,0
"core_expansion_a","Lenovo","donor_microsoft_surface","microsoft_surface","Microsoft Surface",2024-09-01,3,0,10,0
"core_expansion_a","Lenovo","donor_microsoft_surface","microsoft_surface","Microsoft Surface",2024-09-08,3,0,10,0
"core_expansion_a","Lenovo","donor_microsoft_surface","microsoft_surface","Microsoft Surface",2024-09-15,2,0,10,0
"core_expansion_a","Lenovo","donor_microsoft_surface","microsoft_surface","Microsoft Surface",2024-09-22,3,0,10,0
"core_expansion_a","Lenovo","donor_microsoft_surface","microsoft_surface","Microsoft Surface",2024-09-29,2,0,10,0
"core_expansion_a","Lenovo","donor_microsoft_surface","microsoft_surface","Microsoft Surface",2024-10-06,2,0,10,0
"core_expansion_a","Lenovo","donor_microsoft_surface","microsoft_surface","Microsoft Surface",2024-10-13,2,0,10,0
"core_expansion_a","Lenovo","donor_microsoft_surface","microsoft_surface","Microsoft Surface",2024-10-20,2,0,10,0
"core_expansion_a","Lenovo","donor_microsoft_surface","microsoft_surface","Microsoft Surface",2024-10-27,2,0,10,0
"core_expansion_a","Lenovo","donor_microsoft_surface","microsoft_surface","Microsoft Surface",2024-11-03,2,0,10,0
"core_expansion_a","Lenovo","donor_microsoft_surface","microsoft_surface","Microsoft Surface",2024-11-10,3,0,10,0
"core_expansion_a","Lenovo","donor_microsoft_surface","microsoft_surface","Microsoft Surface",2024-11-17,3,0,10,0
"core_expansion_a","Lenovo","donor_microsoft_surface","microsoft_surface","Microsoft Surface",2024-11-24,3,0,10,0
"core_expansion_a","Lenovo","donor_microsoft_surface","microsoft_surface","Microsoft Surface",2024-12-01,3,0,10,0
"core_expansion_a","Lenovo","donor_microsoft_surface","microsoft_surface","Microsoft Surface",2024-12-08,3,0,10,0
"core_expansion_a","Lenovo","donor_microsoft_surface","microsoft_surface","Microsoft Surface",2024-12-15,2,0,10,0
"core_expansion_a","Lenovo","donor_microsoft_surface","microsoft_surface","Microsoft Surface",2024-12-22,2,0,10,0
"core_expansion_a","Lenovo","donor_microsoft_surface","microsoft_surface","Microsoft Surface",2024-12-29,2,0,10,0
"core_expansion_a","Lenovo","donor_microsoft_surface","microsoft_surface","Microsoft Surface",2025-01-05,2,0,10,0
"core_expansion_a","Lenovo","donor_microsoft_surface","microsoft_surface","Microsoft Surface",2025-01-12,3,0,10,0
"core_expansion_a","Lenovo","donor_microsoft_surface","microsoft_surface","Microsoft Surface",2025-01-19,3,0,10,0
"core_expansion_a","Lenovo","donor_microsoft_surface","microsoft_surface","Microsoft Surface",2025-01-26,3,0,10,0
"core_expansion_a","Lenovo","donor_microsoft_surface","microsoft_surface","Microsoft Surface",2025-02-02,3,0,10,0
"core_expansion_a","Lenovo","donor_microsoft_surface","microsoft_surface","Microsoft Surface",2025-02-09,3,0,10,0
"core_expansion_a","Lenovo","donor_microsoft_surface","microsoft_surface","Microsoft Surface",2025-02-16,3,0,10,0
"core_expansion_a","Lenovo","donor_microsoft_surface","microsoft_surface","Microsoft Surface",2025-02-23,3,0,10,0
"core_expansion_a","Lenovo","donor_microsoft_surface","microsoft_surface","Microsoft Surface",2025-03-02,3,0,10,0
"core_expansion_a","Lenovo","donor_microsoft_surface","microsoft_surface","Microsoft Surface",2025-03-09,2,0,10,0
"core_expansion_a","Lenovo","donor_microsoft_surface","microsoft_surface","Microsoft Surface",2025-03-16,2,0,10,0
"core_expansion_a","Lenovo","donor_microsoft_surface","microsoft_surface","Microsoft Surface",2025-03-23,2,0,10,0
"core_expansion_a","Lenovo","donor_microsoft_surface","microsoft_surface","Microsoft Surface",2025-03-30,2,0,10,0
"core_expansion_a","Lenovo","donor_microsoft_surface","microsoft_surface","Microsoft Surface",2025-04-06,2,0,10,0
"core_expansion_a","Lenovo","donor_microsoft_surface","microsoft_surface","Microsoft Surface",2025-04-13,2,0,10,0
"core_expansion_a","Lenovo","donor_microsoft_surface","microsoft_surface","Microsoft Surface",2025-04-20,2,0,10,0
"core_expansion_a","Lenovo","donor_microsoft_surface","microsoft_surface","Microsoft Surface",2025-04-27,2,0,10,0
"core_expansion_a","Lenovo","donor_microsoft_surface","microsoft_surface","Microsoft Surface",2025-05-04,2,0,10,0
"core_expansion_a","Lenovo","donor_microsoft_surface","microsoft_surface","Microsoft Surface",2025-05-11,2,0,10,0
"core_expansion_a","Lenovo","donor_microsoft_surface","microsoft_surface","Microsoft Surface",2025-05-18,2,0,10,0
"core_expansion_a","Lenovo","donor_microsoft_surface","microsoft_surface","Microsoft Surface",2025-05-25,2,0,10,0
"core_expansion_a","Lenovo","donor_microsoft_surface","microsoft_surface","Microsoft Surface",2025-06-01,2,0,10,0
"core_expansion_a","Lenovo","donor_microsoft_surface","microsoft_surface","Microsoft Surface",2025-06-08,2,0,10,0
"core_expansion_a","Lenovo","donor_microsoft_surface","microsoft_surface","Microsoft Surface",2025-06-15,2,0,10,0
"core_expansion_a","Lenovo","donor_microsoft_surface","microsoft_surface","Microsoft Surface",2025-06-22,3,0,10,0
"core_expansion_a","Lenovo","donor_microsoft_surface","microsoft_surface","Microsoft Surface",2025-06-29,2,0,10,0
"core_expansion_a","Lenovo","donor_microsoft_surface","microsoft_surface","Microsoft Surface",2025-07-06,3,0,10,0
"core_expansion_a","Lenovo","donor_microsoft_surface","microsoft_surface","Microsoft Surface",2025-07-13,3,0,10,0
"core_expansion_a","Lenovo","donor_microsoft_surface","microsoft_surface","Microsoft Surface",2025-07-20,3,0,10,0
"core_expansion_a","Lenovo","donor_microsoft_surface","microsoft_surface","Microsoft Surface",2025-07-27,3,0,10,0
"core_expansion_a","Lenovo","donor_microsoft_surface","microsoft_surface","Microsoft Surface",2025-08-03,3,0,10,0
"core_expansion_a","Lenovo","donor_microsoft_surface","microsoft_surface","Microsoft Surface",2025-08-10,4,0,10,0
"core_expansion_a","Lenovo","donor_microsoft_surface","microsoft_surface","Microsoft Surface",2025-08-17,4,0,10,0
"core_expansion_a","Lenovo","donor_microsoft_surface","microsoft_surface","Microsoft Surface",2025-08-24,4,0,10,0
"core_expansion_a","Lenovo","donor_microsoft_surface","microsoft_surface","Microsoft Surface",2025-08-31,4,0,10,0
"core_expansion_a","Lenovo","donor_microsoft_surface","microsoft_surface","Microsoft Surface",2025-09-07,4,0,10,0
"core_expansion_a","Lenovo","donor_microsoft_surface","microsoft_surface","Microsoft Surface",2025-09-14,3,0,10,0
"core_expansion_a","Lenovo","donor_microsoft_surface","microsoft_surface","Microsoft Surface",2025-09-21,3,0,10,0
"core_expansion_a","Lenovo","donor_microsoft_surface","microsoft_surface","Microsoft Surface",2025-09-28,3,0,10,0
"core_expansion_a","Lenovo","donor_microsoft_surface","microsoft_surface","Microsoft Surface",2025-10-05,3,0,10,0
"core_expansion_a","Lenovo","donor_microsoft_surface","microsoft_surface","Microsoft Surface",2025-10-12,3,0,10,0
"core_expansion_a","Lenovo","donor_microsoft_surface","microsoft_surface","Microsoft Surface",2025-10-19,3,0,10,0
"core_expansion_a","Lenovo","donor_microsoft_surface","microsoft_surface","Microsoft Surface",2025-10-26,3,0,10,0
"core_expansion_a","Lenovo","donor_microsoft_surface","microsoft_surface","Microsoft Surface",2025-11-02,3,0,10,0
"core_expansion_a","Lenovo","donor_microsoft_surface","microsoft_surface","Microsoft Surface",2025-11-09,3,0,10,0
"core_expansion_a","Lenovo","donor_microsoft_surface","microsoft_surface","Microsoft Surface",2025-11-16,4,0,10,0
"core_expansion_a","Lenovo","donor_microsoft_surface","microsoft_surface","Microsoft Surface",2025-11-23,4,0,10,0
"core_expansion_a","Lenovo","donor_microsoft_surface","microsoft_surface","Microsoft Surface",2025-11-30,4,0,10,0
"core_expansion_a","Lenovo","donor_microsoft_surface","microsoft_surface","Microsoft Surface",2025-12-07,3,0,10,0
"core_expansion_a","Lenovo","donor_microsoft_surface","microsoft_surface","Microsoft Surface",2025-12-14,3,0,10,0
"core_expansion_a","Lenovo","donor_microsoft_surface","microsoft_surface","Microsoft Surface",2025-12-21,2,0,10,0
"core_expansion_a","Lenovo","donor_microsoft_surface","microsoft_surface","Microsoft Surface",2025-12-28,2,0,10,0
"core_expansion_a","Lenovo","donor_microsoft_surface","microsoft_surface","Microsoft Surface",2026-01-04,3,0,10,0
"core_expansion_a","Lenovo","donor_microsoft_surface","microsoft_surface","Microsoft Surface",2026-01-11,3,0,10,0
"core_expansion_a","Lenovo","donor_microsoft_surface","microsoft_surface","Microsoft Surface",2026-01-18,3,0,10,0
"core_expansion_a","Lenovo","donor_microsoft_surface","microsoft_surface","Microsoft Surface",2026-01-25,3,0,10,0
"core_expansion_a","Lenovo","donor_microsoft_surface","microsoft_surface","Microsoft Surface",2026-02-01,3,0,10,0
"core_expansion_a","Lenovo","donor_microsoft_surface","microsoft_surface","Microsoft Surface",2026-02-08,3,0,10,0
"core_expansion_a","Lenovo","donor_microsoft_surface","microsoft_surface","Microsoft Surface",2026-02-15,3,0,10,0
"core_expansion_a","Lenovo","donor_microsoft_surface","microsoft_surface","Microsoft Surface",2026-02-22,3,0,10,0
"core_expansion_a","Lenovo","donor_microsoft_surface","microsoft_surface","Microsoft Surface",2026-03-01,3,0,10,0
"core_expansion_a","Lenovo","donor_microsoft_surface","microsoft_surface","Microsoft Surface",2026-03-08,4,0,10,0
"core_expansion_a","Lenovo","donor_microsoft_surface","microsoft_surface","Microsoft Surface",2026-03-15,3,0,10,0
"core_expansion_a","Lenovo","donor_microsoft_surface","microsoft_surface","Microsoft Surface",2026-03-22,4,0,10,0
"core_expansion_a","Lenovo","donor_microsoft_surface","microsoft_surface","Microsoft Surface",2026-03-29,5,0,10,0
"core_expansion_a","Lenovo","donor_microsoft_surface","microsoft_surface","Microsoft Surface",2026-04-05,5,0,10,0
"core_expansion_a","Lenovo","donor_microsoft_surface","microsoft_surface","Microsoft Surface",2026-04-12,6,0,10,0
"core_expansion_a","Lenovo","donor_microsoft_surface","microsoft_surface","Microsoft Surface",2026-04-19,5,0,10,0
"core_expansion_a","Lenovo","donor_microsoft_surface","microsoft_surface","Microsoft Surface",2026-04-26,4,0,10,0
"core_expansion_a","Lenovo","donor_microsoft_surface","microsoft_surface","Microsoft Surface",2026-05-03,5,0,10,0
"core_expansion_a","Lenovo","donor_microsoft_surface","microsoft_surface","Microsoft Surface",2026-05-10,6,0,10,0
"core_expansion_a","Lenovo","donor_microsoft_surface","microsoft_surface","Microsoft Surface",2026-05-17,6,0,10,0
"core_expansion_a","Lenovo","donor_microsoft_surface","microsoft_surface","Microsoft Surface",2026-05-24,5,0,10,0
"core_expansion_a","Lenovo","donor_microsoft_surface","microsoft_surface","Microsoft Surface",2026-05-31,6,0,10,0
"core_expansion_a","Lenovo","donor_microsoft_surface","microsoft_surface","Microsoft Surface",2026-06-07,5,0,10,0
"core_expansion_a","Lenovo","donor_microsoft_surface","microsoft_surface","Microsoft Surface",2026-06-14,5,0,10,0
"core_expansion_a","Lenovo","donor_microsoft_surface","microsoft_surface","Microsoft Surface",2026-06-21,5,0,10,0
"core_expansion_a","Lenovo","donor_microsoft_surface","microsoft_surface","Microsoft Surface",2026-06-28,3,0,10,0
"core_expansion_a","Lenovo","donor_microsoft_surface","microsoft_surface","Microsoft Surface",2026-07-05,3,0,10,0
"core_expansion_a","Lenovo","donor_razer","razer","Razer",2021-12-26,13,0,10,0
"core_expansion_a","Lenovo","donor_razer","razer","Razer",2022-01-02,14,0,10,0
"core_expansion_a","Lenovo","donor_razer","razer","Razer",2022-01-09,13,0,10,0
"core_expansion_a","Lenovo","donor_razer","razer","Razer",2022-01-16,13,0,10,0
"core_expansion_a","Lenovo","donor_razer","razer","Razer",2022-01-23,13,0,10,0
"core_expansion_a","Lenovo","donor_razer","razer","Razer",2022-01-30,12,0,10,0
"core_expansion_a","Lenovo","donor_razer","razer","Razer",2022-02-06,12,0,10,0
"core_expansion_a","Lenovo","donor_razer","razer","Razer",2022-02-13,14,0,10,0
"core_expansion_a","Lenovo","donor_razer","razer","Razer",2022-02-20,13,0,10,0
"core_expansion_a","Lenovo","donor_razer","razer","Razer",2022-02-27,12,0,10,0
"core_expansion_a","Lenovo","donor_razer","razer","Razer",2022-03-06,11,0,10,0
"core_expansion_a","Lenovo","donor_razer","razer","Razer",2022-03-13,12,0,10,0
"core_expansion_a","Lenovo","donor_razer","razer","Razer",2022-03-20,12,0,10,0
"core_expansion_a","Lenovo","donor_razer","razer","Razer",2022-03-27,11,0,10,0
"core_expansion_a","Lenovo","donor_razer","razer","Razer",2022-04-03,11,0,10,0
"core_expansion_a","Lenovo","donor_razer","razer","Razer",2022-04-10,12,0,10,0
"core_expansion_a","Lenovo","donor_razer","razer","Razer",2022-04-17,11,0,10,0
"core_expansion_a","Lenovo","donor_razer","razer","Razer",2022-04-24,12,0,10,0
"core_expansion_a","Lenovo","donor_razer","razer","Razer",2022-05-01,10,0,10,0
"core_expansion_a","Lenovo","donor_razer","razer","Razer",2022-05-08,11,0,10,0
"core_expansion_a","Lenovo","donor_razer","razer","Razer",2022-05-15,9,0,10,0
"core_expansion_a","Lenovo","donor_razer","razer","Razer",2022-05-22,10,0,10,0
"core_expansion_a","Lenovo","donor_razer","razer","Razer",2022-05-29,10,0,10,0
"core_expansion_a","Lenovo","donor_razer","razer","Razer",2022-06-05,10,0,10,0
"core_expansion_a","Lenovo","donor_razer","razer","Razer",2022-06-12,10,0,10,0
"core_expansion_a","Lenovo","donor_razer","razer","Razer",2022-06-19,10,0,10,0
"core_expansion_a","Lenovo","donor_razer","razer","Razer",2022-06-26,10,0,10,0
"core_expansion_a","Lenovo","donor_razer","razer","Razer",2022-07-03,10,0,10,0
"core_expansion_a","Lenovo","donor_razer","razer","Razer",2022-07-10,11,0,10,0
"core_expansion_a","Lenovo","donor_razer","razer","Razer",2022-07-17,10,0,10,0
"core_expansion_a","Lenovo","donor_razer","razer","Razer",2022-07-24,10,0,10,0
"core_expansion_a","Lenovo","donor_razer","razer","Razer",2022-07-31,10,0,10,0
"core_expansion_a","Lenovo","donor_razer","razer","Razer",2022-08-07,11,0,10,0
"core_expansion_a","Lenovo","donor_razer","razer","Razer",2022-08-14,11,0,10,0
"core_expansion_a","Lenovo","donor_razer","razer","Razer",2022-08-21,10,0,10,0
"core_expansion_a","Lenovo","donor_razer","razer","Razer",2022-08-28,10,0,10,0
"core_expansion_a","Lenovo","donor_razer","razer","Razer",2022-09-04,9,0,10,0
"core_expansion_a","Lenovo","donor_razer","razer","Razer",2022-09-11,9,0,10,0
"core_expansion_a","Lenovo","donor_razer","razer","Razer",2022-09-18,9,0,10,0
"core_expansion_a","Lenovo","donor_razer","razer","Razer",2022-09-25,10,0,10,0
"core_expansion_a","Lenovo","donor_razer","razer","Razer",2022-10-02,9,0,10,0
"core_expansion_a","Lenovo","donor_razer","razer","Razer",2022-10-09,9,0,10,0
"core_expansion_a","Lenovo","donor_razer","razer","Razer",2022-10-16,9,0,10,0
"core_expansion_a","Lenovo","donor_razer","razer","Razer",2022-10-23,9,0,10,0
"core_expansion_a","Lenovo","donor_razer","razer","Razer",2022-10-30,9,0,10,0
"core_expansion_a","Lenovo","donor_razer","razer","Razer",2022-11-06,10,0,10,0
"core_expansion_a","Lenovo","donor_razer","razer","Razer",2022-11-13,11,0,10,0
"core_expansion_a","Lenovo","donor_razer","razer","Razer",2022-11-20,13,0,10,0
"core_expansion_a","Lenovo","donor_razer","razer","Razer",2022-11-27,11,0,10,0
"core_expansion_a","Lenovo","donor_razer","razer","Razer",2022-12-04,10,0,10,0
"core_expansion_a","Lenovo","donor_razer","razer","Razer",2022-12-11,11,0,10,0
"core_expansion_a","Lenovo","donor_razer","razer","Razer",2022-12-18,12,0,10,0
"core_expansion_a","Lenovo","donor_razer","razer","Razer",2022-12-25,15,0,10,0
"core_expansion_a","Lenovo","donor_razer","razer","Razer",2023-01-01,11,0,10,0
"core_expansion_a","Lenovo","donor_razer","razer","Razer",2023-01-08,11,0,10,0
"core_expansion_a","Lenovo","donor_razer","razer","Razer",2023-01-15,10,0,10,0
"core_expansion_a","Lenovo","donor_razer","razer","Razer",2023-01-22,11,0,10,0
"core_expansion_a","Lenovo","donor_razer","razer","Razer",2023-01-29,11,0,10,0
"core_expansion_a","Lenovo","donor_razer","razer","Razer",2023-02-05,10,0,10,0
"core_expansion_a","Lenovo","donor_razer","razer","Razer",2023-02-12,10,0,10,0
"core_expansion_a","Lenovo","donor_razer","razer","Razer",2023-02-19,10,0,10,0
"core_expansion_a","Lenovo","donor_razer","razer","Razer",2023-02-26,10,0,10,0
"core_expansion_a","Lenovo","donor_razer","razer","Razer",2023-03-05,10,0,10,0
"core_expansion_a","Lenovo","donor_razer","razer","Razer",2023-03-12,10,0,10,0
"core_expansion_a","Lenovo","donor_razer","razer","Razer",2023-03-19,10,0,10,0
"core_expansion_a","Lenovo","donor_razer","razer","Razer",2023-03-26,10,0,10,0
"core_expansion_a","Lenovo","donor_razer","razer","Razer",2023-04-02,10,0,10,0
"core_expansion_a","Lenovo","donor_razer","razer","Razer",2023-04-09,9,0,10,0
"core_expansion_a","Lenovo","donor_razer","razer","Razer",2023-04-16,9,0,10,0
"core_expansion_a","Lenovo","donor_razer","razer","Razer",2023-04-23,9,0,10,0
"core_expansion_a","Lenovo","donor_razer","razer","Razer",2023-04-30,9,0,10,0
"core_expansion_a","Lenovo","donor_razer","razer","Razer",2023-05-07,8,0,10,0
"core_expansion_a","Lenovo","donor_razer","razer","Razer",2023-05-14,8,0,10,0
"core_expansion_a","Lenovo","donor_razer","razer","Razer",2023-05-21,9,0,10,0
"core_expansion_a","Lenovo","donor_razer","razer","Razer",2023-05-28,9,0,10,0
"core_expansion_a","Lenovo","donor_razer","razer","Razer",2023-06-04,9,0,10,0
"core_expansion_a","Lenovo","donor_razer","razer","Razer",2023-06-11,9,0,10,0
"core_expansion_a","Lenovo","donor_razer","razer","Razer",2023-06-18,9,0,10,0
"core_expansion_a","Lenovo","donor_razer","razer","Razer",2023-06-25,9,0,10,0
"core_expansion_a","Lenovo","donor_razer","razer","Razer",2023-07-02,10,0,10,0
"core_expansion_a","Lenovo","donor_razer","razer","Razer",2023-07-09,10,0,10,0
"core_expansion_a","Lenovo","donor_razer","razer","Razer",2023-07-16,10,0,10,0
"core_expansion_a","Lenovo","donor_razer","razer","Razer",2023-07-23,10,0,10,0
"core_expansion_a","Lenovo","donor_razer","razer","Razer",2023-07-30,9,0,10,0
"core_expansion_a","Lenovo","donor_razer","razer","Razer",2023-08-06,10,0,10,0
"core_expansion_a","Lenovo","donor_razer","razer","Razer",2023-08-13,9,0,10,0
"core_expansion_a","Lenovo","donor_razer","razer","Razer",2023-08-20,10,0,10,0
"core_expansion_a","Lenovo","donor_razer","razer","Razer",2023-08-27,10,0,10,0
"core_expansion_a","Lenovo","donor_razer","razer","Razer",2023-09-03,9,0,10,0
"core_expansion_a","Lenovo","donor_razer","razer","Razer",2023-09-10,8,0,10,0
"core_expansion_a","Lenovo","donor_razer","razer","Razer",2023-09-17,9,0,10,0
"core_expansion_a","Lenovo","donor_razer","razer","Razer",2023-09-24,9,0,10,0
"core_expansion_a","Lenovo","donor_razer","razer","Razer",2023-10-01,8,0,10,0
"core_expansion_a","Lenovo","donor_razer","razer","Razer",2023-10-08,8,0,10,0
"core_expansion_a","Lenovo","donor_razer","razer","Razer",2023-10-15,8,0,10,0
"core_expansion_a","Lenovo","donor_razer","razer","Razer",2023-10-22,8,0,10,0
"core_expansion_a","Lenovo","donor_razer","razer","Razer",2023-10-29,9,0,10,0
"core_expansion_a","Lenovo","donor_razer","razer","Razer",2023-11-05,10,0,10,0
"core_expansion_a","Lenovo","donor_razer","razer","Razer",2023-11-12,12,0,10,0
"core_expansion_a","Lenovo","donor_razer","razer","Razer",2023-11-19,13,0,10,0
"core_expansion_a","Lenovo","donor_razer","razer","Razer",2023-11-26,12,0,10,0
"core_expansion_a","Lenovo","donor_razer","razer","Razer",2023-12-03,11,0,10,0
"core_expansion_a","Lenovo","donor_razer","razer","Razer",2023-12-10,11,0,10,0
"core_expansion_a","Lenovo","donor_razer","razer","Razer",2023-12-17,12,0,10,0
"core_expansion_a","Lenovo","donor_razer","razer","Razer",2023-12-24,14,0,10,0
"core_expansion_a","Lenovo","donor_razer","razer","Razer",2023-12-31,11,0,10,0
"core_expansion_a","Lenovo","donor_razer","razer","Razer",2024-01-07,11,0,10,0
"core_expansion_a","Lenovo","donor_razer","razer","Razer",2024-01-14,10,0,10,0
"core_expansion_a","Lenovo","donor_razer","razer","Razer",2024-01-21,10,0,10,0
"core_expansion_a","Lenovo","donor_razer","razer","Razer",2024-01-28,9,0,10,0
"core_expansion_a","Lenovo","donor_razer","razer","Razer",2024-02-04,10,0,10,0
"core_expansion_a","Lenovo","donor_razer","razer","Razer",2024-02-11,9,0,10,0
"core_expansion_a","Lenovo","donor_razer","razer","Razer",2024-02-18,9,0,10,0
"core_expansion_a","Lenovo","donor_razer","razer","Razer",2024-02-25,10,0,10,0
"core_expansion_a","Lenovo","donor_razer","razer","Razer",2024-03-03,9,0,10,0
"core_expansion_a","Lenovo","donor_razer","razer","Razer",2024-03-10,9,0,10,0
"core_expansion_a","Lenovo","donor_razer","razer","Razer",2024-03-17,9,0,10,0
"core_expansion_a","Lenovo","donor_razer","razer","Razer",2024-03-24,9,0,10,0
"core_expansion_a","Lenovo","donor_razer","razer","Razer",2024-03-31,10,0,10,0
"core_expansion_a","Lenovo","donor_razer","razer","Razer",2024-04-07,9,0,10,0
"core_expansion_a","Lenovo","donor_razer","razer","Razer",2024-04-14,8,0,10,0
"core_expansion_a","Lenovo","donor_razer","razer","Razer",2024-04-21,9,0,10,0
"core_expansion_a","Lenovo","donor_razer","razer","Razer",2024-04-28,9,0,10,0
"core_expansion_a","Lenovo","donor_razer","razer","Razer",2024-05-05,9,0,10,0
"core_expansion_a","Lenovo","donor_razer","razer","Razer",2024-05-12,8,0,10,0
"core_expansion_a","Lenovo","donor_razer","razer","Razer",2024-05-19,9,0,10,0
"core_expansion_a","Lenovo","donor_razer","razer","Razer",2024-05-26,9,0,10,0
"core_expansion_a","Lenovo","donor_razer","razer","Razer",2024-06-02,8,0,10,0
"core_expansion_a","Lenovo","donor_razer","razer","Razer",2024-06-09,9,0,10,0
"core_expansion_a","Lenovo","donor_razer","razer","Razer",2024-06-16,9,0,10,0
"core_expansion_a","Lenovo","donor_razer","razer","Razer",2024-06-23,8,0,10,0
"core_expansion_a","Lenovo","donor_razer","razer","Razer",2024-06-30,9,0,10,0
"core_expansion_a","Lenovo","donor_razer","razer","Razer",2024-07-07,9,0,10,0
"core_expansion_a","Lenovo","donor_razer","razer","Razer",2024-07-14,10,0,10,0
"core_expansion_a","Lenovo","donor_razer","razer","Razer",2024-07-21,12,0,10,0
"core_expansion_a","Lenovo","donor_razer","razer","Razer",2024-07-28,10,0,10,0
"core_expansion_a","Lenovo","donor_razer","razer","Razer",2024-08-04,10,0,10,0
"core_expansion_a","Lenovo","donor_razer","razer","Razer",2024-08-11,9,0,10,0
"core_expansion_a","Lenovo","donor_razer","razer","Razer",2024-08-18,10,0,10,0
"core_expansion_a","Lenovo","donor_razer","razer","Razer",2024-08-25,10,0,10,0
"core_expansion_a","Lenovo","donor_razer","razer","Razer",2024-09-01,10,0,10,0
"core_expansion_a","Lenovo","donor_razer","razer","Razer",2024-09-08,9,0,10,0
"core_expansion_a","Lenovo","donor_razer","razer","Razer",2024-09-15,9,0,10,0
"core_expansion_a","Lenovo","donor_razer","razer","Razer",2024-09-22,9,0,10,0
"core_expansion_a","Lenovo","donor_razer","razer","Razer",2024-09-29,9,0,10,0
"core_expansion_a","Lenovo","donor_razer","razer","Razer",2024-10-06,9,0,10,0
"core_expansion_a","Lenovo","donor_razer","razer","Razer",2024-10-13,9,0,10,0
"core_expansion_a","Lenovo","donor_razer","razer","Razer",2024-10-20,9,0,10,0
"core_expansion_a","Lenovo","donor_razer","razer","Razer",2024-10-27,10,0,10,0
"core_expansion_a","Lenovo","donor_razer","razer","Razer",2024-11-03,10,0,10,0
"core_expansion_a","Lenovo","donor_razer","razer","Razer",2024-11-10,11,0,10,0
"core_expansion_a","Lenovo","donor_razer","razer","Razer",2024-11-17,11,0,10,0
"core_expansion_a","Lenovo","donor_razer","razer","Razer",2024-11-24,13,0,10,0
"core_expansion_a","Lenovo","donor_razer","razer","Razer",2024-12-01,12,0,10,0
"core_expansion_a","Lenovo","donor_razer","razer","Razer",2024-12-08,12,0,10,0
"core_expansion_a","Lenovo","donor_razer","razer","Razer",2024-12-15,11,0,10,0
"core_expansion_a","Lenovo","donor_razer","razer","Razer",2024-12-22,14,0,10,0
"core_expansion_a","Lenovo","donor_razer","razer","Razer",2024-12-29,13,0,10,0
"core_expansion_a","Lenovo","donor_razer","razer","Razer",2025-01-05,12,0,10,0
"core_expansion_a","Lenovo","donor_razer","razer","Razer",2025-01-12,11,0,10,0
"core_expansion_a","Lenovo","donor_razer","razer","Razer",2025-01-19,10,0,10,0
"core_expansion_a","Lenovo","donor_razer","razer","Razer",2025-01-26,10,0,10,0
"core_expansion_a","Lenovo","donor_razer","razer","Razer",2025-02-02,10,0,10,0
"core_expansion_a","Lenovo","donor_razer","razer","Razer",2025-02-09,10,0,10,0
"core_expansion_a","Lenovo","donor_razer","razer","Razer",2025-02-16,10,0,10,0
"core_expansion_a","Lenovo","donor_razer","razer","Razer",2025-02-23,10,0,10,0
"core_expansion_a","Lenovo","donor_razer","razer","Razer",2025-03-02,10,0,10,0
"core_expansion_a","Lenovo","donor_razer","razer","Razer",2025-03-09,9,0,10,0
"core_expansion_a","Lenovo","donor_razer","razer","Razer",2025-03-16,9,0,10,0
"core_expansion_a","Lenovo","donor_razer","razer","Razer",2025-03-23,9,0,10,0
"core_expansion_a","Lenovo","donor_razer","razer","Razer",2025-03-30,9,0,10,0
"core_expansion_a","Lenovo","donor_razer","razer","Razer",2025-04-06,9,0,10,0
"core_expansion_a","Lenovo","donor_razer","razer","Razer",2025-04-13,8,0,10,0
"core_expansion_a","Lenovo","donor_razer","razer","Razer",2025-04-20,9,0,10,0
"core_expansion_a","Lenovo","donor_razer","razer","Razer",2025-04-27,9,0,10,0
"core_expansion_a","Lenovo","donor_razer","razer","Razer",2025-05-04,8,0,10,0
"core_expansion_a","Lenovo","donor_razer","razer","Razer",2025-05-11,8,0,10,0
"core_expansion_a","Lenovo","donor_razer","razer","Razer",2025-05-18,8,0,10,0
"core_expansion_a","Lenovo","donor_razer","razer","Razer",2025-05-25,9,0,10,0
"core_expansion_a","Lenovo","donor_razer","razer","Razer",2025-06-01,9,0,10,0
"core_expansion_a","Lenovo","donor_razer","razer","Razer",2025-06-08,9,0,10,0
"core_expansion_a","Lenovo","donor_razer","razer","Razer",2025-06-15,9,0,10,0
"core_expansion_a","Lenovo","donor_razer","razer","Razer",2025-06-22,9,0,10,0
"core_expansion_a","Lenovo","donor_razer","razer","Razer",2025-06-29,9,0,10,0
"core_expansion_a","Lenovo","donor_razer","razer","Razer",2025-07-06,10,0,10,0
"core_expansion_a","Lenovo","donor_razer","razer","Razer",2025-07-13,10,0,10,0
"core_expansion_a","Lenovo","donor_razer","razer","Razer",2025-07-20,9,0,10,0
"core_expansion_a","Lenovo","donor_razer","razer","Razer",2025-07-27,11,0,10,0
"core_expansion_a","Lenovo","donor_razer","razer","Razer",2025-08-03,12,0,10,0
"core_expansion_a","Lenovo","donor_razer","razer","Razer",2025-08-10,13,0,10,0
"core_expansion_a","Lenovo","donor_razer","razer","Razer",2025-08-17,12,0,10,0
"core_expansion_a","Lenovo","donor_razer","razer","Razer",2025-08-24,12,0,10,0
"core_expansion_a","Lenovo","donor_razer","razer","Razer",2025-08-31,13,0,10,0
"core_expansion_a","Lenovo","donor_razer","razer","Razer",2025-09-07,11,0,10,0
"core_expansion_a","Lenovo","donor_razer","razer","Razer",2025-09-14,11,0,10,0
"core_expansion_a","Lenovo","donor_razer","razer","Razer",2025-09-21,10,0,10,0
"core_expansion_a","Lenovo","donor_razer","razer","Razer",2025-09-28,10,0,10,0
"core_expansion_a","Lenovo","donor_razer","razer","Razer",2025-10-05,11,0,10,0
"core_expansion_a","Lenovo","donor_razer","razer","Razer",2025-10-12,11,0,10,0
"core_expansion_a","Lenovo","donor_razer","razer","Razer",2025-10-19,11,0,10,0
"core_expansion_a","Lenovo","donor_razer","razer","Razer",2025-10-26,11,0,10,0
"core_expansion_a","Lenovo","donor_razer","razer","Razer",2025-11-02,12,0,10,0
"core_expansion_a","Lenovo","donor_razer","razer","Razer",2025-11-09,12,0,10,0
"core_expansion_a","Lenovo","donor_razer","razer","Razer",2025-11-16,12,0,10,0
"core_expansion_a","Lenovo","donor_razer","razer","Razer",2025-11-23,14,0,10,0
"core_expansion_a","Lenovo","donor_razer","razer","Razer",2025-11-30,12,0,10,0
"core_expansion_a","Lenovo","donor_razer","razer","Razer",2025-12-07,12,0,10,0
"core_expansion_a","Lenovo","donor_razer","razer","Razer",2025-12-14,12,0,10,0
"core_expansion_a","Lenovo","donor_razer","razer","Razer",2025-12-21,13,0,10,0
"core_expansion_a","Lenovo","donor_razer","razer","Razer",2025-12-28,11,0,10,0
"core_expansion_a","Lenovo","donor_razer","razer","Razer",2026-01-04,11,0,10,0
"core_expansion_a","Lenovo","donor_razer","razer","Razer",2026-01-11,11,0,10,0
"core_expansion_a","Lenovo","donor_razer","razer","Razer",2026-01-18,10,0,10,0
"core_expansion_a","Lenovo","donor_razer","razer","Razer",2026-01-25,10,0,10,0
"core_expansion_a","Lenovo","donor_razer","razer","Razer",2026-02-01,10,0,10,0
"core_expansion_a","Lenovo","donor_razer","razer","Razer",2026-02-08,10,0,10,0
"core_expansion_a","Lenovo","donor_razer","razer","Razer",2026-02-15,10,0,10,0
"core_expansion_a","Lenovo","donor_razer","razer","Razer",2026-02-22,9,0,10,0
"core_expansion_a","Lenovo","donor_razer","razer","Razer",2026-03-01,10,0,10,0
"core_expansion_a","Lenovo","donor_razer","razer","Razer",2026-03-08,10,0,10,0
"core_expansion_a","Lenovo","donor_razer","razer","Razer",2026-03-15,10,0,10,0
"core_expansion_a","Lenovo","donor_razer","razer","Razer",2026-03-22,13,0,10,0
"core_expansion_a","Lenovo","donor_razer","razer","Razer",2026-03-29,16,0,10,0
"core_expansion_a","Lenovo","donor_razer","razer","Razer",2026-04-05,15,0,10,0
"core_expansion_a","Lenovo","donor_razer","razer","Razer",2026-04-12,16,0,10,0
"core_expansion_a","Lenovo","donor_razer","razer","Razer",2026-04-19,14,0,10,0
"core_expansion_a","Lenovo","donor_razer","razer","Razer",2026-04-26,14,0,10,0
"core_expansion_a","Lenovo","donor_razer","razer","Razer",2026-05-03,15,0,10,0
"core_expansion_a","Lenovo","donor_razer","razer","Razer",2026-05-10,15,0,10,0
"core_expansion_a","Lenovo","donor_razer","razer","Razer",2026-05-17,13,0,10,0
"core_expansion_a","Lenovo","donor_razer","razer","Razer",2026-05-24,12,0,10,0
"core_expansion_a","Lenovo","donor_razer","razer","Razer",2026-05-31,13,0,10,0
"core_expansion_a","Lenovo","donor_razer","razer","Razer",2026-06-07,12,0,10,0
"core_expansion_a","Lenovo","donor_razer","razer","Razer",2026-06-14,11,0,10,0
"core_expansion_a","Lenovo","donor_razer","razer","Razer",2026-06-21,12,0,10,0
"core_expansion_a","Lenovo","donor_razer","razer","Razer",2026-06-28,10,0,10,0
"core_expansion_a","Lenovo","donor_razer","razer","Razer",2026-07-05,9,0,10,0
"core_expansion_b","Lenovo","anchor_lenovo","lenovo","Lenovo",2021-12-26,36,0,10,0
"core_expansion_b","Lenovo","anchor_lenovo","lenovo","Lenovo",2022-01-02,42,0,10,0
"core_expansion_b","Lenovo","anchor_lenovo","lenovo","Lenovo",2022-01-09,42,0,10,0
"core_expansion_b","Lenovo","anchor_lenovo","lenovo","Lenovo",2022-01-16,38,0,10,0
"core_expansion_b","Lenovo","anchor_lenovo","lenovo","Lenovo",2022-01-23,45,0,10,0
"core_expansion_b","Lenovo","anchor_lenovo","lenovo","Lenovo",2022-01-30,41,0,10,0
"core_expansion_b","Lenovo","anchor_lenovo","lenovo","Lenovo",2022-02-06,42,0,10,0
"core_expansion_b","Lenovo","anchor_lenovo","lenovo","Lenovo",2022-02-13,42,0,10,0
"core_expansion_b","Lenovo","anchor_lenovo","lenovo","Lenovo",2022-02-20,42,0,10,0
"core_expansion_b","Lenovo","anchor_lenovo","lenovo","Lenovo",2022-02-27,40,0,10,0
"core_expansion_b","Lenovo","anchor_lenovo","lenovo","Lenovo",2022-03-06,42,0,10,0
"core_expansion_b","Lenovo","anchor_lenovo","lenovo","Lenovo",2022-03-13,41,0,10,0
"core_expansion_b","Lenovo","anchor_lenovo","lenovo","Lenovo",2022-03-20,39,0,10,0
"core_expansion_b","Lenovo","anchor_lenovo","lenovo","Lenovo",2022-03-27,39,0,10,0
"core_expansion_b","Lenovo","anchor_lenovo","lenovo","Lenovo",2022-04-03,36,0,10,0
"core_expansion_b","Lenovo","anchor_lenovo","lenovo","Lenovo",2022-04-10,35,0,10,0
"core_expansion_b","Lenovo","anchor_lenovo","lenovo","Lenovo",2022-04-17,34,0,10,0
"core_expansion_b","Lenovo","anchor_lenovo","lenovo","Lenovo",2022-04-24,34,0,10,0
"core_expansion_b","Lenovo","anchor_lenovo","lenovo","Lenovo",2022-05-01,34,0,10,0
"core_expansion_b","Lenovo","anchor_lenovo","lenovo","Lenovo",2022-05-08,34,0,10,0
"core_expansion_b","Lenovo","anchor_lenovo","lenovo","Lenovo",2022-05-15,34,0,10,0
"core_expansion_b","Lenovo","anchor_lenovo","lenovo","Lenovo",2022-05-22,33,0,10,0
"core_expansion_b","Lenovo","anchor_lenovo","lenovo","Lenovo",2022-05-29,34,0,10,0
"core_expansion_b","Lenovo","anchor_lenovo","lenovo","Lenovo",2022-06-05,34,0,10,0
"core_expansion_b","Lenovo","anchor_lenovo","lenovo","Lenovo",2022-06-12,33,0,10,0
"core_expansion_b","Lenovo","anchor_lenovo","lenovo","Lenovo",2022-06-19,35,0,10,0
"core_expansion_b","Lenovo","anchor_lenovo","lenovo","Lenovo",2022-06-26,34,0,10,0
"core_expansion_b","Lenovo","anchor_lenovo","lenovo","Lenovo",2022-07-03,36,0,10,0
"core_expansion_b","Lenovo","anchor_lenovo","lenovo","Lenovo",2022-07-10,37,0,10,0
"core_expansion_b","Lenovo","anchor_lenovo","lenovo","Lenovo",2022-07-17,38,0,10,0
"core_expansion_b","Lenovo","anchor_lenovo","lenovo","Lenovo",2022-07-24,38,0,10,0
"core_expansion_b","Lenovo","anchor_lenovo","lenovo","Lenovo",2022-07-31,38,0,10,0
"core_expansion_b","Lenovo","anchor_lenovo","lenovo","Lenovo",2022-08-07,38,0,10,0
"core_expansion_b","Lenovo","anchor_lenovo","lenovo","Lenovo",2022-08-14,39,0,10,0
"core_expansion_b","Lenovo","anchor_lenovo","lenovo","Lenovo",2022-08-21,38,0,10,0
"core_expansion_b","Lenovo","anchor_lenovo","lenovo","Lenovo",2022-08-28,38,0,10,0
"core_expansion_b","Lenovo","anchor_lenovo","lenovo","Lenovo",2022-09-04,39,0,10,0
"core_expansion_b","Lenovo","anchor_lenovo","lenovo","Lenovo",2022-09-11,38,0,10,0
"core_expansion_b","Lenovo","anchor_lenovo","lenovo","Lenovo",2022-09-18,38,0,10,0
"core_expansion_b","Lenovo","anchor_lenovo","lenovo","Lenovo",2022-09-25,37,0,10,0
"core_expansion_b","Lenovo","anchor_lenovo","lenovo","Lenovo",2022-10-02,36,0,10,0
"core_expansion_b","Lenovo","anchor_lenovo","lenovo","Lenovo",2022-10-09,37,0,10,0
"core_expansion_b","Lenovo","anchor_lenovo","lenovo","Lenovo",2022-10-16,37,0,10,0
"core_expansion_b","Lenovo","anchor_lenovo","lenovo","Lenovo",2022-10-23,35,0,10,0
"core_expansion_b","Lenovo","anchor_lenovo","lenovo","Lenovo",2022-10-30,34,0,10,0
"core_expansion_b","Lenovo","anchor_lenovo","lenovo","Lenovo",2022-11-06,38,0,10,0
"core_expansion_b","Lenovo","anchor_lenovo","lenovo","Lenovo",2022-11-13,39,0,10,0
"core_expansion_b","Lenovo","anchor_lenovo","lenovo","Lenovo",2022-11-20,41,0,10,0
"core_expansion_b","Lenovo","anchor_lenovo","lenovo","Lenovo",2022-11-27,37,0,10,0
"core_expansion_b","Lenovo","anchor_lenovo","lenovo","Lenovo",2022-12-04,35,0,10,0
"core_expansion_b","Lenovo","anchor_lenovo","lenovo","Lenovo",2022-12-11,36,0,10,0
"core_expansion_b","Lenovo","anchor_lenovo","lenovo","Lenovo",2022-12-18,37,0,10,0
"core_expansion_b","Lenovo","anchor_lenovo","lenovo","Lenovo",2022-12-25,38,0,10,0
"core_expansion_b","Lenovo","anchor_lenovo","lenovo","Lenovo",2023-01-01,37,0,10,0
"core_expansion_b","Lenovo","anchor_lenovo","lenovo","Lenovo",2023-01-08,39,0,10,0
"core_expansion_b","Lenovo","anchor_lenovo","lenovo","Lenovo",2023-01-15,38,0,10,0
"core_expansion_b","Lenovo","anchor_lenovo","lenovo","Lenovo",2023-01-22,40,0,10,0
"core_expansion_b","Lenovo","anchor_lenovo","lenovo","Lenovo",2023-01-29,38,0,10,0
"core_expansion_b","Lenovo","anchor_lenovo","lenovo","Lenovo",2023-02-05,36,0,10,0
"core_expansion_b","Lenovo","anchor_lenovo","lenovo","Lenovo",2023-02-12,37,0,10,0
"core_expansion_b","Lenovo","anchor_lenovo","lenovo","Lenovo",2023-02-19,37,0,10,0
"core_expansion_b","Lenovo","anchor_lenovo","lenovo","Lenovo",2023-02-26,37,0,10,0
"core_expansion_b","Lenovo","anchor_lenovo","lenovo","Lenovo",2023-03-05,36,0,10,0
"core_expansion_b","Lenovo","anchor_lenovo","lenovo","Lenovo",2023-03-12,35,0,10,0
"core_expansion_b","Lenovo","anchor_lenovo","lenovo","Lenovo",2023-03-19,34,0,10,0
"core_expansion_b","Lenovo","anchor_lenovo","lenovo","Lenovo",2023-03-26,34,0,10,0
"core_expansion_b","Lenovo","anchor_lenovo","lenovo","Lenovo",2023-04-02,31,0,10,0
"core_expansion_b","Lenovo","anchor_lenovo","lenovo","Lenovo",2023-04-09,32,0,10,0
"core_expansion_b","Lenovo","anchor_lenovo","lenovo","Lenovo",2023-04-16,32,0,10,0
"core_expansion_b","Lenovo","anchor_lenovo","lenovo","Lenovo",2023-04-23,31,0,10,0
"core_expansion_b","Lenovo","anchor_lenovo","lenovo","Lenovo",2023-04-30,31,0,10,0
"core_expansion_b","Lenovo","anchor_lenovo","lenovo","Lenovo",2023-05-07,32,0,10,0
"core_expansion_b","Lenovo","anchor_lenovo","lenovo","Lenovo",2023-05-14,31,0,10,0
"core_expansion_b","Lenovo","anchor_lenovo","lenovo","Lenovo",2023-05-21,33,0,10,0
"core_expansion_b","Lenovo","anchor_lenovo","lenovo","Lenovo",2023-05-28,32,0,10,0
"core_expansion_b","Lenovo","anchor_lenovo","lenovo","Lenovo",2023-06-04,32,0,10,0
"core_expansion_b","Lenovo","anchor_lenovo","lenovo","Lenovo",2023-06-11,33,0,10,0
"core_expansion_b","Lenovo","anchor_lenovo","lenovo","Lenovo",2023-06-18,33,0,10,0
"core_expansion_b","Lenovo","anchor_lenovo","lenovo","Lenovo",2023-06-25,33,0,10,0
"core_expansion_b","Lenovo","anchor_lenovo","lenovo","Lenovo",2023-07-02,34,0,10,0
"core_expansion_b","Lenovo","anchor_lenovo","lenovo","Lenovo",2023-07-09,39,0,10,0
"core_expansion_b","Lenovo","anchor_lenovo","lenovo","Lenovo",2023-07-16,36,0,10,0
"core_expansion_b","Lenovo","anchor_lenovo","lenovo","Lenovo",2023-07-23,36,0,10,0
"core_expansion_b","Lenovo","anchor_lenovo","lenovo","Lenovo",2023-07-30,35,0,10,0
"core_expansion_b","Lenovo","anchor_lenovo","lenovo","Lenovo",2023-08-06,37,0,10,0
"core_expansion_b","Lenovo","anchor_lenovo","lenovo","Lenovo",2023-08-13,38,0,10,0
"core_expansion_b","Lenovo","anchor_lenovo","lenovo","Lenovo",2023-08-20,37,0,10,0
"core_expansion_b","Lenovo","anchor_lenovo","lenovo","Lenovo",2023-08-27,39,0,10,0
"core_expansion_b","Lenovo","anchor_lenovo","lenovo","Lenovo",2023-09-03,38,0,10,0
"core_expansion_b","Lenovo","anchor_lenovo","lenovo","Lenovo",2023-09-10,37,0,10,0
"core_expansion_b","Lenovo","anchor_lenovo","lenovo","Lenovo",2023-09-17,37,0,10,0
"core_expansion_b","Lenovo","anchor_lenovo","lenovo","Lenovo",2023-09-24,37,0,10,0
"core_expansion_b","Lenovo","anchor_lenovo","lenovo","Lenovo",2023-10-01,36,0,10,0
"core_expansion_b","Lenovo","anchor_lenovo","lenovo","Lenovo",2023-10-08,37,0,10,0
"core_expansion_b","Lenovo","anchor_lenovo","lenovo","Lenovo",2023-10-15,36,0,10,0
"core_expansion_b","Lenovo","anchor_lenovo","lenovo","Lenovo",2023-10-22,36,0,10,0
"core_expansion_b","Lenovo","anchor_lenovo","lenovo","Lenovo",2023-10-29,37,0,10,0
"core_expansion_b","Lenovo","anchor_lenovo","lenovo","Lenovo",2023-11-05,39,0,10,0
"core_expansion_b","Lenovo","anchor_lenovo","lenovo","Lenovo",2023-11-12,40,0,10,0
"core_expansion_b","Lenovo","anchor_lenovo","lenovo","Lenovo",2023-11-19,46,0,10,0
"core_expansion_b","Lenovo","anchor_lenovo","lenovo","Lenovo",2023-11-26,41,0,10,0
"core_expansion_b","Lenovo","anchor_lenovo","lenovo","Lenovo",2023-12-03,38,0,10,0
"core_expansion_b","Lenovo","anchor_lenovo","lenovo","Lenovo",2023-12-10,37,0,10,0
"core_expansion_b","Lenovo","anchor_lenovo","lenovo","Lenovo",2023-12-17,38,0,10,0
"core_expansion_b","Lenovo","anchor_lenovo","lenovo","Lenovo",2023-12-24,40,0,10,0
"core_expansion_b","Lenovo","anchor_lenovo","lenovo","Lenovo",2023-12-31,36,0,10,0
"core_expansion_b","Lenovo","anchor_lenovo","lenovo","Lenovo",2024-01-07,38,0,10,0
"core_expansion_b","Lenovo","anchor_lenovo","lenovo","Lenovo",2024-01-14,37,0,10,0
"core_expansion_b","Lenovo","anchor_lenovo","lenovo","Lenovo",2024-01-21,39,0,10,0
"core_expansion_b","Lenovo","anchor_lenovo","lenovo","Lenovo",2024-01-28,39,0,10,0
"core_expansion_b","Lenovo","anchor_lenovo","lenovo","Lenovo",2024-02-04,39,0,10,0
"core_expansion_b","Lenovo","anchor_lenovo","lenovo","Lenovo",2024-02-11,37,0,10,0
"core_expansion_b","Lenovo","anchor_lenovo","lenovo","Lenovo",2024-02-18,38,0,10,0
"core_expansion_b","Lenovo","anchor_lenovo","lenovo","Lenovo",2024-02-25,39,0,10,0
"core_expansion_b","Lenovo","anchor_lenovo","lenovo","Lenovo",2024-03-03,37,0,10,0
"core_expansion_b","Lenovo","anchor_lenovo","lenovo","Lenovo",2024-03-10,36,0,10,0
"core_expansion_b","Lenovo","anchor_lenovo","lenovo","Lenovo",2024-03-17,37,0,10,0
"core_expansion_b","Lenovo","anchor_lenovo","lenovo","Lenovo",2024-03-24,36,0,10,0
"core_expansion_b","Lenovo","anchor_lenovo","lenovo","Lenovo",2024-03-31,35,0,10,0
"core_expansion_b","Lenovo","anchor_lenovo","lenovo","Lenovo",2024-04-07,33,0,10,0
"core_expansion_b","Lenovo","anchor_lenovo","lenovo","Lenovo",2024-04-14,34,0,10,0
"core_expansion_b","Lenovo","anchor_lenovo","lenovo","Lenovo",2024-04-21,33,0,10,0
"core_expansion_b","Lenovo","anchor_lenovo","lenovo","Lenovo",2024-04-28,34,0,10,0
"core_expansion_b","Lenovo","anchor_lenovo","lenovo","Lenovo",2024-05-05,34,0,10,0
"core_expansion_b","Lenovo","anchor_lenovo","lenovo","Lenovo",2024-05-12,34,0,10,0
"core_expansion_b","Lenovo","anchor_lenovo","lenovo","Lenovo",2024-05-19,35,0,10,0
"core_expansion_b","Lenovo","anchor_lenovo","lenovo","Lenovo",2024-05-26,35,0,10,0
"core_expansion_b","Lenovo","anchor_lenovo","lenovo","Lenovo",2024-06-02,33,0,10,0
"core_expansion_b","Lenovo","anchor_lenovo","lenovo","Lenovo",2024-06-09,34,0,10,0
"core_expansion_b","Lenovo","anchor_lenovo","lenovo","Lenovo",2024-06-16,35,0,10,0
"core_expansion_b","Lenovo","anchor_lenovo","lenovo","Lenovo",2024-06-23,34,0,10,0
"core_expansion_b","Lenovo","anchor_lenovo","lenovo","Lenovo",2024-06-30,34,0,10,0
"core_expansion_b","Lenovo","anchor_lenovo","lenovo","Lenovo",2024-07-07,37,0,10,0
"core_expansion_b","Lenovo","anchor_lenovo","lenovo","Lenovo",2024-07-14,40,0,10,0
"core_expansion_b","Lenovo","anchor_lenovo","lenovo","Lenovo",2024-07-21,37,0,10,0
"core_expansion_b","Lenovo","anchor_lenovo","lenovo","Lenovo",2024-07-28,35,0,10,0
"core_expansion_b","Lenovo","anchor_lenovo","lenovo","Lenovo",2024-08-04,37,0,10,0
"core_expansion_b","Lenovo","anchor_lenovo","lenovo","Lenovo",2024-08-11,39,0,10,0
"core_expansion_b","Lenovo","anchor_lenovo","lenovo","Lenovo",2024-08-18,41,0,10,0
"core_expansion_b","Lenovo","anchor_lenovo","lenovo","Lenovo",2024-08-25,40,0,10,0
"core_expansion_b","Lenovo","anchor_lenovo","lenovo","Lenovo",2024-09-01,40,0,10,0
"core_expansion_b","Lenovo","anchor_lenovo","lenovo","Lenovo",2024-09-08,40,0,10,0
"core_expansion_b","Lenovo","anchor_lenovo","lenovo","Lenovo",2024-09-15,40,0,10,0
"core_expansion_b","Lenovo","anchor_lenovo","lenovo","Lenovo",2024-09-22,40,0,10,0
"core_expansion_b","Lenovo","anchor_lenovo","lenovo","Lenovo",2024-09-29,39,0,10,0
"core_expansion_b","Lenovo","anchor_lenovo","lenovo","Lenovo",2024-10-06,40,0,10,0
"core_expansion_b","Lenovo","anchor_lenovo","lenovo","Lenovo",2024-10-13,38,0,10,0
"core_expansion_b","Lenovo","anchor_lenovo","lenovo","Lenovo",2024-10-20,38,0,10,0
"core_expansion_b","Lenovo","anchor_lenovo","lenovo","Lenovo",2024-10-27,38,0,10,0
"core_expansion_b","Lenovo","anchor_lenovo","lenovo","Lenovo",2024-11-03,38,0,10,0
"core_expansion_b","Lenovo","anchor_lenovo","lenovo","Lenovo",2024-11-10,42,0,10,0
"core_expansion_b","Lenovo","anchor_lenovo","lenovo","Lenovo",2024-11-17,45,0,10,0
"core_expansion_b","Lenovo","anchor_lenovo","lenovo","Lenovo",2024-11-24,50,0,10,0
"core_expansion_b","Lenovo","anchor_lenovo","lenovo","Lenovo",2024-12-01,45,0,10,0
"core_expansion_b","Lenovo","anchor_lenovo","lenovo","Lenovo",2024-12-08,42,0,10,0
"core_expansion_b","Lenovo","anchor_lenovo","lenovo","Lenovo",2024-12-15,39,0,10,0
"core_expansion_b","Lenovo","anchor_lenovo","lenovo","Lenovo",2024-12-22,44,0,10,0
"core_expansion_b","Lenovo","anchor_lenovo","lenovo","Lenovo",2024-12-29,41,0,10,0
"core_expansion_b","Lenovo","anchor_lenovo","lenovo","Lenovo",2025-01-05,44,0,10,0
"core_expansion_b","Lenovo","anchor_lenovo","lenovo","Lenovo",2025-01-12,40,0,10,0
"core_expansion_b","Lenovo","anchor_lenovo","lenovo","Lenovo",2025-01-19,43,0,10,0
"core_expansion_b","Lenovo","anchor_lenovo","lenovo","Lenovo",2025-01-26,41,0,10,0
"core_expansion_b","Lenovo","anchor_lenovo","lenovo","Lenovo",2025-02-02,41,0,10,0
"core_expansion_b","Lenovo","anchor_lenovo","lenovo","Lenovo",2025-02-09,42,0,10,0
"core_expansion_b","Lenovo","anchor_lenovo","lenovo","Lenovo",2025-02-16,41,0,10,0
"core_expansion_b","Lenovo","anchor_lenovo","lenovo","Lenovo",2025-02-23,40,0,10,0
"core_expansion_b","Lenovo","anchor_lenovo","lenovo","Lenovo",2025-03-02,40,0,10,0
"core_expansion_b","Lenovo","anchor_lenovo","lenovo","Lenovo",2025-03-09,38,0,10,0
"core_expansion_b","Lenovo","anchor_lenovo","lenovo","Lenovo",2025-03-16,41,0,10,0
"core_expansion_b","Lenovo","anchor_lenovo","lenovo","Lenovo",2025-03-23,39,0,10,0
"core_expansion_b","Lenovo","anchor_lenovo","lenovo","Lenovo",2025-03-30,39,0,10,0
"core_expansion_b","Lenovo","anchor_lenovo","lenovo","Lenovo",2025-04-06,38,0,10,0
"core_expansion_b","Lenovo","anchor_lenovo","lenovo","Lenovo",2025-04-13,37,0,10,0
"core_expansion_b","Lenovo","anchor_lenovo","lenovo","Lenovo",2025-04-20,38,0,10,0
"core_expansion_b","Lenovo","anchor_lenovo","lenovo","Lenovo",2025-04-27,35,0,10,0
"core_expansion_b","Lenovo","anchor_lenovo","lenovo","Lenovo",2025-05-04,36,0,10,0
"core_expansion_b","Lenovo","anchor_lenovo","lenovo","Lenovo",2025-05-11,37,0,10,0
"core_expansion_b","Lenovo","anchor_lenovo","lenovo","Lenovo",2025-05-18,39,0,10,0
"core_expansion_b","Lenovo","anchor_lenovo","lenovo","Lenovo",2025-05-25,38,0,10,0
"core_expansion_b","Lenovo","anchor_lenovo","lenovo","Lenovo",2025-06-01,38,0,10,0
"core_expansion_b","Lenovo","anchor_lenovo","lenovo","Lenovo",2025-06-08,38,0,10,0
"core_expansion_b","Lenovo","anchor_lenovo","lenovo","Lenovo",2025-06-15,38,0,10,0
"core_expansion_b","Lenovo","anchor_lenovo","lenovo","Lenovo",2025-06-22,40,0,10,0
"core_expansion_b","Lenovo","anchor_lenovo","lenovo","Lenovo",2025-06-29,38,0,10,0
"core_expansion_b","Lenovo","anchor_lenovo","lenovo","Lenovo",2025-07-06,42,0,10,0
"core_expansion_b","Lenovo","anchor_lenovo","lenovo","Lenovo",2025-07-13,43,0,10,0
"core_expansion_b","Lenovo","anchor_lenovo","lenovo","Lenovo",2025-07-20,47,0,10,0
"core_expansion_b","Lenovo","anchor_lenovo","lenovo","Lenovo",2025-07-27,48,0,10,0
"core_expansion_b","Lenovo","anchor_lenovo","lenovo","Lenovo",2025-08-03,54,0,10,0
"core_expansion_b","Lenovo","anchor_lenovo","lenovo","Lenovo",2025-08-10,56,0,10,0
"core_expansion_b","Lenovo","anchor_lenovo","lenovo","Lenovo",2025-08-17,59,0,10,0
"core_expansion_b","Lenovo","anchor_lenovo","lenovo","Lenovo",2025-08-24,66,0,10,0
"core_expansion_b","Lenovo","anchor_lenovo","lenovo","Lenovo",2025-08-31,67,0,10,0
"core_expansion_b","Lenovo","anchor_lenovo","lenovo","Lenovo",2025-09-07,63,0,10,0
"core_expansion_b","Lenovo","anchor_lenovo","lenovo","Lenovo",2025-09-14,59,0,10,0
"core_expansion_b","Lenovo","anchor_lenovo","lenovo","Lenovo",2025-09-21,62,0,10,0
"core_expansion_b","Lenovo","anchor_lenovo","lenovo","Lenovo",2025-09-28,59,0,10,0
"core_expansion_b","Lenovo","anchor_lenovo","lenovo","Lenovo",2025-10-05,57,0,10,0
"core_expansion_b","Lenovo","anchor_lenovo","lenovo","Lenovo",2025-10-12,57,0,10,0
"core_expansion_b","Lenovo","anchor_lenovo","lenovo","Lenovo",2025-10-19,59,0,10,0
"core_expansion_b","Lenovo","anchor_lenovo","lenovo","Lenovo",2025-10-26,53,0,10,0
"core_expansion_b","Lenovo","anchor_lenovo","lenovo","Lenovo",2025-11-02,58,0,10,0
"core_expansion_b","Lenovo","anchor_lenovo","lenovo","Lenovo",2025-11-09,60,0,10,0
"core_expansion_b","Lenovo","anchor_lenovo","lenovo","Lenovo",2025-11-16,60,0,10,0
"core_expansion_b","Lenovo","anchor_lenovo","lenovo","Lenovo",2025-11-23,66,0,10,0
"core_expansion_b","Lenovo","anchor_lenovo","lenovo","Lenovo",2025-11-30,55,0,10,0
"core_expansion_b","Lenovo","anchor_lenovo","lenovo","Lenovo",2025-12-07,49,0,10,0
"core_expansion_b","Lenovo","anchor_lenovo","lenovo","Lenovo",2025-12-14,51,0,10,0
"core_expansion_b","Lenovo","anchor_lenovo","lenovo","Lenovo",2025-12-21,46,0,10,0
"core_expansion_b","Lenovo","anchor_lenovo","lenovo","Lenovo",2025-12-28,42,0,10,0
"core_expansion_b","Lenovo","anchor_lenovo","lenovo","Lenovo",2026-01-04,46,0,10,0
"core_expansion_b","Lenovo","anchor_lenovo","lenovo","Lenovo",2026-01-11,47,0,10,0
"core_expansion_b","Lenovo","anchor_lenovo","lenovo","Lenovo",2026-01-18,48,0,10,0
"core_expansion_b","Lenovo","anchor_lenovo","lenovo","Lenovo",2026-01-25,49,0,10,0
"core_expansion_b","Lenovo","anchor_lenovo","lenovo","Lenovo",2026-02-01,49,0,10,0
"core_expansion_b","Lenovo","anchor_lenovo","lenovo","Lenovo",2026-02-08,50,0,10,0
"core_expansion_b","Lenovo","anchor_lenovo","lenovo","Lenovo",2026-02-15,47,0,10,0
"core_expansion_b","Lenovo","anchor_lenovo","lenovo","Lenovo",2026-02-22,47,0,10,0
"core_expansion_b","Lenovo","anchor_lenovo","lenovo","Lenovo",2026-03-01,53,0,10,0
"core_expansion_b","Lenovo","anchor_lenovo","lenovo","Lenovo",2026-03-08,56,0,10,0
"core_expansion_b","Lenovo","anchor_lenovo","lenovo","Lenovo",2026-03-15,51,0,10,0
"core_expansion_b","Lenovo","anchor_lenovo","lenovo","Lenovo",2026-03-22,72,0,10,0
"core_expansion_b","Lenovo","anchor_lenovo","lenovo","Lenovo",2026-03-29,85,0,10,0
"core_expansion_b","Lenovo","anchor_lenovo","lenovo","Lenovo",2026-04-05,86,0,10,0
"core_expansion_b","Lenovo","anchor_lenovo","lenovo","Lenovo",2026-04-12,90,0,10,0
"core_expansion_b","Lenovo","anchor_lenovo","lenovo","Lenovo",2026-04-19,81,0,10,0
"core_expansion_b","Lenovo","anchor_lenovo","lenovo","Lenovo",2026-04-26,80,0,10,0
"core_expansion_b","Lenovo","anchor_lenovo","lenovo","Lenovo",2026-05-03,100,0,10,0
"core_expansion_b","Lenovo","anchor_lenovo","lenovo","Lenovo",2026-05-10,95,0,10,0
"core_expansion_b","Lenovo","anchor_lenovo","lenovo","Lenovo",2026-05-17,72,0,10,0
"core_expansion_b","Lenovo","anchor_lenovo","lenovo","Lenovo",2026-05-24,64,0,10,0
"core_expansion_b","Lenovo","anchor_lenovo","lenovo","Lenovo",2026-05-31,68,0,10,0
"core_expansion_b","Lenovo","anchor_lenovo","lenovo","Lenovo",2026-06-07,58,0,10,0
"core_expansion_b","Lenovo","anchor_lenovo","lenovo","Lenovo",2026-06-14,54,0,10,0
"core_expansion_b","Lenovo","anchor_lenovo","lenovo","Lenovo",2026-06-21,57,0,10,0
"core_expansion_b","Lenovo","anchor_lenovo","lenovo","Lenovo",2026-06-28,46,0,10,0
"core_expansion_b","Lenovo","anchor_lenovo","lenovo","Lenovo",2026-07-05,43,0,10,0
"core_expansion_b","Lenovo","donor_fujitsu","fujitsu","Fujitsu laptop",2021-12-26,0,0,10,0
"core_expansion_b","Lenovo","donor_fujitsu","fujitsu","Fujitsu laptop",2022-01-02,0,0,10,0
"core_expansion_b","Lenovo","donor_fujitsu","fujitsu","Fujitsu laptop",2022-01-09,0,0,10,0
"core_expansion_b","Lenovo","donor_fujitsu","fujitsu","Fujitsu laptop",2022-01-16,0,0,10,0
"core_expansion_b","Lenovo","donor_fujitsu","fujitsu","Fujitsu laptop",2022-01-23,0,0,10,0
"core_expansion_b","Lenovo","donor_fujitsu","fujitsu","Fujitsu laptop",2022-01-30,0,0,10,0
"core_expansion_b","Lenovo","donor_fujitsu","fujitsu","Fujitsu laptop",2022-02-06,0,0,10,0
"core_expansion_b","Lenovo","donor_fujitsu","fujitsu","Fujitsu laptop",2022-02-13,0,0,10,0
"core_expansion_b","Lenovo","donor_fujitsu","fujitsu","Fujitsu laptop",2022-02-20,0,0,10,0
"core_expansion_b","Lenovo","donor_fujitsu","fujitsu","Fujitsu laptop",2022-02-27,0,0,10,0
"core_expansion_b","Lenovo","donor_fujitsu","fujitsu","Fujitsu laptop",2022-03-06,0,0,10,0
"core_expansion_b","Lenovo","donor_fujitsu","fujitsu","Fujitsu laptop",2022-03-13,0,0,10,0
"core_expansion_b","Lenovo","donor_fujitsu","fujitsu","Fujitsu laptop",2022-03-20,0,0,10,0
"core_expansion_b","Lenovo","donor_fujitsu","fujitsu","Fujitsu laptop",2022-03-27,0,0,10,0
"core_expansion_b","Lenovo","donor_fujitsu","fujitsu","Fujitsu laptop",2022-04-03,0,0,10,0
"core_expansion_b","Lenovo","donor_fujitsu","fujitsu","Fujitsu laptop",2022-04-10,0,0,10,0
"core_expansion_b","Lenovo","donor_fujitsu","fujitsu","Fujitsu laptop",2022-04-17,0,0,10,0
"core_expansion_b","Lenovo","donor_fujitsu","fujitsu","Fujitsu laptop",2022-04-24,0,0,10,0
"core_expansion_b","Lenovo","donor_fujitsu","fujitsu","Fujitsu laptop",2022-05-01,0,0,10,0
"core_expansion_b","Lenovo","donor_fujitsu","fujitsu","Fujitsu laptop",2022-05-08,0,0,10,0
"core_expansion_b","Lenovo","donor_fujitsu","fujitsu","Fujitsu laptop",2022-05-15,0,0,10,0
"core_expansion_b","Lenovo","donor_fujitsu","fujitsu","Fujitsu laptop",2022-05-22,0,0,10,0
"core_expansion_b","Lenovo","donor_fujitsu","fujitsu","Fujitsu laptop",2022-05-29,0,0,10,0
"core_expansion_b","Lenovo","donor_fujitsu","fujitsu","Fujitsu laptop",2022-06-05,0,0,10,0
"core_expansion_b","Lenovo","donor_fujitsu","fujitsu","Fujitsu laptop",2022-06-12,0,0,10,0
"core_expansion_b","Lenovo","donor_fujitsu","fujitsu","Fujitsu laptop",2022-06-19,0,0,10,0
"core_expansion_b","Lenovo","donor_fujitsu","fujitsu","Fujitsu laptop",2022-06-26,0,0,10,0
"core_expansion_b","Lenovo","donor_fujitsu","fujitsu","Fujitsu laptop",2022-07-03,0,0,10,0
"core_expansion_b","Lenovo","donor_fujitsu","fujitsu","Fujitsu laptop",2022-07-10,0,0,10,0
"core_expansion_b","Lenovo","donor_fujitsu","fujitsu","Fujitsu laptop",2022-07-17,0,0,10,0
"core_expansion_b","Lenovo","donor_fujitsu","fujitsu","Fujitsu laptop",2022-07-24,0,0,10,0
"core_expansion_b","Lenovo","donor_fujitsu","fujitsu","Fujitsu laptop",2022-07-31,0,0,10,0
"core_expansion_b","Lenovo","donor_fujitsu","fujitsu","Fujitsu laptop",2022-08-07,0,0,10,0
"core_expansion_b","Lenovo","donor_fujitsu","fujitsu","Fujitsu laptop",2022-08-14,0,0,10,0
"core_expansion_b","Lenovo","donor_fujitsu","fujitsu","Fujitsu laptop",2022-08-21,0,0,10,0
"core_expansion_b","Lenovo","donor_fujitsu","fujitsu","Fujitsu laptop",2022-08-28,0,0,10,0
"core_expansion_b","Lenovo","donor_fujitsu","fujitsu","Fujitsu laptop",2022-09-04,0,0,10,0
"core_expansion_b","Lenovo","donor_fujitsu","fujitsu","Fujitsu laptop",2022-09-11,0,0,10,0
"core_expansion_b","Lenovo","donor_fujitsu","fujitsu","Fujitsu laptop",2022-09-18,0,0,10,0
"core_expansion_b","Lenovo","donor_fujitsu","fujitsu","Fujitsu laptop",2022-09-25,0,0,10,0
"core_expansion_b","Lenovo","donor_fujitsu","fujitsu","Fujitsu laptop",2022-10-02,0,0,10,0
"core_expansion_b","Lenovo","donor_fujitsu","fujitsu","Fujitsu laptop",2022-10-09,0,0,10,0
"core_expansion_b","Lenovo","donor_fujitsu","fujitsu","Fujitsu laptop",2022-10-16,0,0,10,0
"core_expansion_b","Lenovo","donor_fujitsu","fujitsu","Fujitsu laptop",2022-10-23,0,0,10,0
"core_expansion_b","Lenovo","donor_fujitsu","fujitsu","Fujitsu laptop",2022-10-30,0,0,10,0
"core_expansion_b","Lenovo","donor_fujitsu","fujitsu","Fujitsu laptop",2022-11-06,0,0,10,0
"core_expansion_b","Lenovo","donor_fujitsu","fujitsu","Fujitsu laptop",2022-11-13,0,0,10,0
"core_expansion_b","Lenovo","donor_fujitsu","fujitsu","Fujitsu laptop",2022-11-20,0,0,10,0
"core_expansion_b","Lenovo","donor_fujitsu","fujitsu","Fujitsu laptop",2022-11-27,0,0,10,0
"core_expansion_b","Lenovo","donor_fujitsu","fujitsu","Fujitsu laptop",2022-12-04,0,0,10,0
"core_expansion_b","Lenovo","donor_fujitsu","fujitsu","Fujitsu laptop",2022-12-11,0,0,10,0
"core_expansion_b","Lenovo","donor_fujitsu","fujitsu","Fujitsu laptop",2022-12-18,0,0,10,0
"core_expansion_b","Lenovo","donor_fujitsu","fujitsu","Fujitsu laptop",2022-12-25,0,0,10,0
"core_expansion_b","Lenovo","donor_fujitsu","fujitsu","Fujitsu laptop",2023-01-01,0,0,10,0
"core_expansion_b","Lenovo","donor_fujitsu","fujitsu","Fujitsu laptop",2023-01-08,0,0,10,0
"core_expansion_b","Lenovo","donor_fujitsu","fujitsu","Fujitsu laptop",2023-01-15,0,0,10,0
"core_expansion_b","Lenovo","donor_fujitsu","fujitsu","Fujitsu laptop",2023-01-22,0,0,10,0
"core_expansion_b","Lenovo","donor_fujitsu","fujitsu","Fujitsu laptop",2023-01-29,0,0,10,0
"core_expansion_b","Lenovo","donor_fujitsu","fujitsu","Fujitsu laptop",2023-02-05,0,0,10,0
"core_expansion_b","Lenovo","donor_fujitsu","fujitsu","Fujitsu laptop",2023-02-12,0,0,10,0
"core_expansion_b","Lenovo","donor_fujitsu","fujitsu","Fujitsu laptop",2023-02-19,0,0,10,0
"core_expansion_b","Lenovo","donor_fujitsu","fujitsu","Fujitsu laptop",2023-02-26,0,0,10,0
"core_expansion_b","Lenovo","donor_fujitsu","fujitsu","Fujitsu laptop",2023-03-05,0,0,10,0
"core_expansion_b","Lenovo","donor_fujitsu","fujitsu","Fujitsu laptop",2023-03-12,0,0,10,0
"core_expansion_b","Lenovo","donor_fujitsu","fujitsu","Fujitsu laptop",2023-03-19,0,0,10,0
"core_expansion_b","Lenovo","donor_fujitsu","fujitsu","Fujitsu laptop",2023-03-26,0,0,10,0
"core_expansion_b","Lenovo","donor_fujitsu","fujitsu","Fujitsu laptop",2023-04-02,0,0,10,0
"core_expansion_b","Lenovo","donor_fujitsu","fujitsu","Fujitsu laptop",2023-04-09,0,0,10,0
"core_expansion_b","Lenovo","donor_fujitsu","fujitsu","Fujitsu laptop",2023-04-16,0,0,10,0
"core_expansion_b","Lenovo","donor_fujitsu","fujitsu","Fujitsu laptop",2023-04-23,0,0,10,0
"core_expansion_b","Lenovo","donor_fujitsu","fujitsu","Fujitsu laptop",2023-04-30,0,0,10,0
"core_expansion_b","Lenovo","donor_fujitsu","fujitsu","Fujitsu laptop",2023-05-07,0,0,10,0
"core_expansion_b","Lenovo","donor_fujitsu","fujitsu","Fujitsu laptop",2023-05-14,0,0,10,0
"core_expansion_b","Lenovo","donor_fujitsu","fujitsu","Fujitsu laptop",2023-05-21,0,0,10,0
"core_expansion_b","Lenovo","donor_fujitsu","fujitsu","Fujitsu laptop",2023-05-28,0,0,10,0
"core_expansion_b","Lenovo","donor_fujitsu","fujitsu","Fujitsu laptop",2023-06-04,0,0,10,0
"core_expansion_b","Lenovo","donor_fujitsu","fujitsu","Fujitsu laptop",2023-06-11,0,0,10,0
"core_expansion_b","Lenovo","donor_fujitsu","fujitsu","Fujitsu laptop",2023-06-18,0,0,10,0
"core_expansion_b","Lenovo","donor_fujitsu","fujitsu","Fujitsu laptop",2023-06-25,0,0,10,0
"core_expansion_b","Lenovo","donor_fujitsu","fujitsu","Fujitsu laptop",2023-07-02,0,0,10,0
"core_expansion_b","Lenovo","donor_fujitsu","fujitsu","Fujitsu laptop",2023-07-09,0,0,10,0
"core_expansion_b","Lenovo","donor_fujitsu","fujitsu","Fujitsu laptop",2023-07-16,0,0,10,0
"core_expansion_b","Lenovo","donor_fujitsu","fujitsu","Fujitsu laptop",2023-07-23,0,0,10,0
"core_expansion_b","Lenovo","donor_fujitsu","fujitsu","Fujitsu laptop",2023-07-30,0,0,10,0
"core_expansion_b","Lenovo","donor_fujitsu","fujitsu","Fujitsu laptop",2023-08-06,0,0,10,0
"core_expansion_b","Lenovo","donor_fujitsu","fujitsu","Fujitsu laptop",2023-08-13,0,0,10,0
"core_expansion_b","Lenovo","donor_fujitsu","fujitsu","Fujitsu laptop",2023-08-20,0,0,10,0
"core_expansion_b","Lenovo","donor_fujitsu","fujitsu","Fujitsu laptop",2023-08-27,0,0,10,0
"core_expansion_b","Lenovo","donor_fujitsu","fujitsu","Fujitsu laptop",2023-09-03,0,0,10,0
"core_expansion_b","Lenovo","donor_fujitsu","fujitsu","Fujitsu laptop",2023-09-10,0,0,10,0
"core_expansion_b","Lenovo","donor_fujitsu","fujitsu","Fujitsu laptop",2023-09-17,0,0,10,0
"core_expansion_b","Lenovo","donor_fujitsu","fujitsu","Fujitsu laptop",2023-09-24,0,0,10,0
"core_expansion_b","Lenovo","donor_fujitsu","fujitsu","Fujitsu laptop",2023-10-01,0,0,10,0
"core_expansion_b","Lenovo","donor_fujitsu","fujitsu","Fujitsu laptop",2023-10-08,0,0,10,0
"core_expansion_b","Lenovo","donor_fujitsu","fujitsu","Fujitsu laptop",2023-10-15,0,0,10,0
"core_expansion_b","Lenovo","donor_fujitsu","fujitsu","Fujitsu laptop",2023-10-22,0,0,10,0
"core_expansion_b","Lenovo","donor_fujitsu","fujitsu","Fujitsu laptop",2023-10-29,0,0,10,0
"core_expansion_b","Lenovo","donor_fujitsu","fujitsu","Fujitsu laptop",2023-11-05,0,0,10,0
"core_expansion_b","Lenovo","donor_fujitsu","fujitsu","Fujitsu laptop",2023-11-12,0,0,10,0
"core_expansion_b","Lenovo","donor_fujitsu","fujitsu","Fujitsu laptop",2023-11-19,0,0,10,0
"core_expansion_b","Lenovo","donor_fujitsu","fujitsu","Fujitsu laptop",2023-11-26,0,0,10,0
"core_expansion_b","Lenovo","donor_fujitsu","fujitsu","Fujitsu laptop",2023-12-03,0,0,10,0
"core_expansion_b","Lenovo","donor_fujitsu","fujitsu","Fujitsu laptop",2023-12-10,0,0,10,0
"core_expansion_b","Lenovo","donor_fujitsu","fujitsu","Fujitsu laptop",2023-12-17,0,0,10,0
"core_expansion_b","Lenovo","donor_fujitsu","fujitsu","Fujitsu laptop",2023-12-24,0,0,10,0
"core_expansion_b","Lenovo","donor_fujitsu","fujitsu","Fujitsu laptop",2023-12-31,0,0,10,0
"core_expansion_b","Lenovo","donor_fujitsu","fujitsu","Fujitsu laptop",2024-01-07,0,0,10,0
"core_expansion_b","Lenovo","donor_fujitsu","fujitsu","Fujitsu laptop",2024-01-14,0,0,10,0
"core_expansion_b","Lenovo","donor_fujitsu","fujitsu","Fujitsu laptop",2024-01-21,0,0,10,0
"core_expansion_b","Lenovo","donor_fujitsu","fujitsu","Fujitsu laptop",2024-01-28,0,0,10,0
"core_expansion_b","Lenovo","donor_fujitsu","fujitsu","Fujitsu laptop",2024-02-04,0,0,10,0
"core_expansion_b","Lenovo","donor_fujitsu","fujitsu","Fujitsu laptop",2024-02-11,0,0,10,0
"core_expansion_b","Lenovo","donor_fujitsu","fujitsu","Fujitsu laptop",2024-02-18,0,0,10,0
"core_expansion_b","Lenovo","donor_fujitsu","fujitsu","Fujitsu laptop",2024-02-25,0,0,10,0
"core_expansion_b","Lenovo","donor_fujitsu","fujitsu","Fujitsu laptop",2024-03-03,0,0,10,0
"core_expansion_b","Lenovo","donor_fujitsu","fujitsu","Fujitsu laptop",2024-03-10,0,0,10,0
"core_expansion_b","Lenovo","donor_fujitsu","fujitsu","Fujitsu laptop",2024-03-17,0,0,10,0
"core_expansion_b","Lenovo","donor_fujitsu","fujitsu","Fujitsu laptop",2024-03-24,0,0,10,0
"core_expansion_b","Lenovo","donor_fujitsu","fujitsu","Fujitsu laptop",2024-03-31,0,0,10,0
"core_expansion_b","Lenovo","donor_fujitsu","fujitsu","Fujitsu laptop",2024-04-07,0,0,10,0
"core_expansion_b","Lenovo","donor_fujitsu","fujitsu","Fujitsu laptop",2024-04-14,0,0,10,0
"core_expansion_b","Lenovo","donor_fujitsu","fujitsu","Fujitsu laptop",2024-04-21,0,0,10,0
"core_expansion_b","Lenovo","donor_fujitsu","fujitsu","Fujitsu laptop",2024-04-28,0,0,10,0
"core_expansion_b","Lenovo","donor_fujitsu","fujitsu","Fujitsu laptop",2024-05-05,0,0,10,0
"core_expansion_b","Lenovo","donor_fujitsu","fujitsu","Fujitsu laptop",2024-05-12,0,0,10,0
"core_expansion_b","Lenovo","donor_fujitsu","fujitsu","Fujitsu laptop",2024-05-19,0,0,10,0
"core_expansion_b","Lenovo","donor_fujitsu","fujitsu","Fujitsu laptop",2024-05-26,0,0,10,0
"core_expansion_b","Lenovo","donor_fujitsu","fujitsu","Fujitsu laptop",2024-06-02,0,0,10,0
"core_expansion_b","Lenovo","donor_fujitsu","fujitsu","Fujitsu laptop",2024-06-09,0,0,10,0
"core_expansion_b","Lenovo","donor_fujitsu","fujitsu","Fujitsu laptop",2024-06-16,0,0,10,0
"core_expansion_b","Lenovo","donor_fujitsu","fujitsu","Fujitsu laptop",2024-06-23,0,0,10,0
"core_expansion_b","Lenovo","donor_fujitsu","fujitsu","Fujitsu laptop",2024-06-30,0,0,10,0
"core_expansion_b","Lenovo","donor_fujitsu","fujitsu","Fujitsu laptop",2024-07-07,0,0,10,0
"core_expansion_b","Lenovo","donor_fujitsu","fujitsu","Fujitsu laptop",2024-07-14,0,0,10,0
"core_expansion_b","Lenovo","donor_fujitsu","fujitsu","Fujitsu laptop",2024-07-21,0,0,10,0
"core_expansion_b","Lenovo","donor_fujitsu","fujitsu","Fujitsu laptop",2024-07-28,0,0,10,0
"core_expansion_b","Lenovo","donor_fujitsu","fujitsu","Fujitsu laptop",2024-08-04,0,0,10,0
"core_expansion_b","Lenovo","donor_fujitsu","fujitsu","Fujitsu laptop",2024-08-11,0,0,10,0
"core_expansion_b","Lenovo","donor_fujitsu","fujitsu","Fujitsu laptop",2024-08-18,0,0,10,0
"core_expansion_b","Lenovo","donor_fujitsu","fujitsu","Fujitsu laptop",2024-08-25,0,0,10,0
"core_expansion_b","Lenovo","donor_fujitsu","fujitsu","Fujitsu laptop",2024-09-01,0,0,10,0
"core_expansion_b","Lenovo","donor_fujitsu","fujitsu","Fujitsu laptop",2024-09-08,0,0,10,0
"core_expansion_b","Lenovo","donor_fujitsu","fujitsu","Fujitsu laptop",2024-09-15,0,0,10,0
"core_expansion_b","Lenovo","donor_fujitsu","fujitsu","Fujitsu laptop",2024-09-22,0,0,10,0
"core_expansion_b","Lenovo","donor_fujitsu","fujitsu","Fujitsu laptop",2024-09-29,0,0,10,0
"core_expansion_b","Lenovo","donor_fujitsu","fujitsu","Fujitsu laptop",2024-10-06,0,0,10,0
"core_expansion_b","Lenovo","donor_fujitsu","fujitsu","Fujitsu laptop",2024-10-13,0,0,10,0
"core_expansion_b","Lenovo","donor_fujitsu","fujitsu","Fujitsu laptop",2024-10-20,0,0,10,0
"core_expansion_b","Lenovo","donor_fujitsu","fujitsu","Fujitsu laptop",2024-10-27,0,0,10,0
"core_expansion_b","Lenovo","donor_fujitsu","fujitsu","Fujitsu laptop",2024-11-03,0,0,10,0
"core_expansion_b","Lenovo","donor_fujitsu","fujitsu","Fujitsu laptop",2024-11-10,0,0,10,0
"core_expansion_b","Lenovo","donor_fujitsu","fujitsu","Fujitsu laptop",2024-11-17,0,0,10,0
"core_expansion_b","Lenovo","donor_fujitsu","fujitsu","Fujitsu laptop",2024-11-24,0,0,10,0
"core_expansion_b","Lenovo","donor_fujitsu","fujitsu","Fujitsu laptop",2024-12-01,0,0,10,0
"core_expansion_b","Lenovo","donor_fujitsu","fujitsu","Fujitsu laptop",2024-12-08,0,0,10,0
"core_expansion_b","Lenovo","donor_fujitsu","fujitsu","Fujitsu laptop",2024-12-15,0,0,10,0
"core_expansion_b","Lenovo","donor_fujitsu","fujitsu","Fujitsu laptop",2024-12-22,0,0,10,0
"core_expansion_b","Lenovo","donor_fujitsu","fujitsu","Fujitsu laptop",2024-12-29,0,0,10,0
"core_expansion_b","Lenovo","donor_fujitsu","fujitsu","Fujitsu laptop",2025-01-05,0,0,10,0
"core_expansion_b","Lenovo","donor_fujitsu","fujitsu","Fujitsu laptop",2025-01-12,0,0,10,0
"core_expansion_b","Lenovo","donor_fujitsu","fujitsu","Fujitsu laptop",2025-01-19,0,0,10,0
"core_expansion_b","Lenovo","donor_fujitsu","fujitsu","Fujitsu laptop",2025-01-26,0,0,10,0
"core_expansion_b","Lenovo","donor_fujitsu","fujitsu","Fujitsu laptop",2025-02-02,0,0,10,0
"core_expansion_b","Lenovo","donor_fujitsu","fujitsu","Fujitsu laptop",2025-02-09,0,0,10,0
"core_expansion_b","Lenovo","donor_fujitsu","fujitsu","Fujitsu laptop",2025-02-16,0,0,10,0
"core_expansion_b","Lenovo","donor_fujitsu","fujitsu","Fujitsu laptop",2025-02-23,0,0,10,0
"core_expansion_b","Lenovo","donor_fujitsu","fujitsu","Fujitsu laptop",2025-03-02,0,0,10,0
"core_expansion_b","Lenovo","donor_fujitsu","fujitsu","Fujitsu laptop",2025-03-09,0,0,10,0
"core_expansion_b","Lenovo","donor_fujitsu","fujitsu","Fujitsu laptop",2025-03-16,0,0,10,0
"core_expansion_b","Lenovo","donor_fujitsu","fujitsu","Fujitsu laptop",2025-03-23,0,0,10,0
"core_expansion_b","Lenovo","donor_fujitsu","fujitsu","Fujitsu laptop",2025-03-30,0,0,10,0
"core_expansion_b","Lenovo","donor_fujitsu","fujitsu","Fujitsu laptop",2025-04-06,0,0,10,0
"core_expansion_b","Lenovo","donor_fujitsu","fujitsu","Fujitsu laptop",2025-04-13,0,0,10,0
"core_expansion_b","Lenovo","donor_fujitsu","fujitsu","Fujitsu laptop",2025-04-20,0,0,10,0
"core_expansion_b","Lenovo","donor_fujitsu","fujitsu","Fujitsu laptop",2025-04-27,0,0,10,0
"core_expansion_b","Lenovo","donor_fujitsu","fujitsu","Fujitsu laptop",2025-05-04,0,0,10,0
"core_expansion_b","Lenovo","donor_fujitsu","fujitsu","Fujitsu laptop",2025-05-11,0,0,10,0
"core_expansion_b","Lenovo","donor_fujitsu","fujitsu","Fujitsu laptop",2025-05-18,0,0,10,0
"core_expansion_b","Lenovo","donor_fujitsu","fujitsu","Fujitsu laptop",2025-05-25,0,0,10,0
"core_expansion_b","Lenovo","donor_fujitsu","fujitsu","Fujitsu laptop",2025-06-01,0,0,10,0
"core_expansion_b","Lenovo","donor_fujitsu","fujitsu","Fujitsu laptop",2025-06-08,0,0,10,0
"core_expansion_b","Lenovo","donor_fujitsu","fujitsu","Fujitsu laptop",2025-06-15,0,0,10,0
"core_expansion_b","Lenovo","donor_fujitsu","fujitsu","Fujitsu laptop",2025-06-22,0,0,10,0
"core_expansion_b","Lenovo","donor_fujitsu","fujitsu","Fujitsu laptop",2025-06-29,0,0,10,0
"core_expansion_b","Lenovo","donor_fujitsu","fujitsu","Fujitsu laptop",2025-07-06,0,0,10,0
"core_expansion_b","Lenovo","donor_fujitsu","fujitsu","Fujitsu laptop",2025-07-13,0,0,10,0
"core_expansion_b","Lenovo","donor_fujitsu","fujitsu","Fujitsu laptop",2025-07-20,0,0,10,0
"core_expansion_b","Lenovo","donor_fujitsu","fujitsu","Fujitsu laptop",2025-07-27,0,0,10,0
"core_expansion_b","Lenovo","donor_fujitsu","fujitsu","Fujitsu laptop",2025-08-03,0,0,10,0
"core_expansion_b","Lenovo","donor_fujitsu","fujitsu","Fujitsu laptop",2025-08-10,0,0,10,0
"core_expansion_b","Lenovo","donor_fujitsu","fujitsu","Fujitsu laptop",2025-08-17,0,0,10,0
"core_expansion_b","Lenovo","donor_fujitsu","fujitsu","Fujitsu laptop",2025-08-24,0,0,10,0
"core_expansion_b","Lenovo","donor_fujitsu","fujitsu","Fujitsu laptop",2025-08-31,0,0,10,0
"core_expansion_b","Lenovo","donor_fujitsu","fujitsu","Fujitsu laptop",2025-09-07,0,0,10,0
"core_expansion_b","Lenovo","donor_fujitsu","fujitsu","Fujitsu laptop",2025-09-14,0,0,10,0
"core_expansion_b","Lenovo","donor_fujitsu","fujitsu","Fujitsu laptop",2025-09-21,0,0,10,0
"core_expansion_b","Lenovo","donor_fujitsu","fujitsu","Fujitsu laptop",2025-09-28,0,0,10,0
"core_expansion_b","Lenovo","donor_fujitsu","fujitsu","Fujitsu laptop",2025-10-05,0,0,10,0
"core_expansion_b","Lenovo","donor_fujitsu","fujitsu","Fujitsu laptop",2025-10-12,0,0,10,0
"core_expansion_b","Lenovo","donor_fujitsu","fujitsu","Fujitsu laptop",2025-10-19,0,0,10,0
"core_expansion_b","Lenovo","donor_fujitsu","fujitsu","Fujitsu laptop",2025-10-26,0,0,10,0
"core_expansion_b","Lenovo","donor_fujitsu","fujitsu","Fujitsu laptop",2025-11-02,0,0,10,0
"core_expansion_b","Lenovo","donor_fujitsu","fujitsu","Fujitsu laptop",2025-11-09,0,0,10,0
"core_expansion_b","Lenovo","donor_fujitsu","fujitsu","Fujitsu laptop",2025-11-16,0,0,10,0
"core_expansion_b","Lenovo","donor_fujitsu","fujitsu","Fujitsu laptop",2025-11-23,0,0,10,0
"core_expansion_b","Lenovo","donor_fujitsu","fujitsu","Fujitsu laptop",2025-11-30,0,0,10,0
"core_expansion_b","Lenovo","donor_fujitsu","fujitsu","Fujitsu laptop",2025-12-07,0,0,10,0
"core_expansion_b","Lenovo","donor_fujitsu","fujitsu","Fujitsu laptop",2025-12-14,0,0,10,0
"core_expansion_b","Lenovo","donor_fujitsu","fujitsu","Fujitsu laptop",2025-12-21,0,0,10,0
"core_expansion_b","Lenovo","donor_fujitsu","fujitsu","Fujitsu laptop",2025-12-28,0,0,10,0
"core_expansion_b","Lenovo","donor_fujitsu","fujitsu","Fujitsu laptop",2026-01-04,0,0,10,0
"core_expansion_b","Lenovo","donor_fujitsu","fujitsu","Fujitsu laptop",2026-01-11,0,0,10,0
"core_expansion_b","Lenovo","donor_fujitsu","fujitsu","Fujitsu laptop",2026-01-18,0,0,10,0
"core_expansion_b","Lenovo","donor_fujitsu","fujitsu","Fujitsu laptop",2026-01-25,0,0,10,0
"core_expansion_b","Lenovo","donor_fujitsu","fujitsu","Fujitsu laptop",2026-02-01,0,0,10,0
"core_expansion_b","Lenovo","donor_fujitsu","fujitsu","Fujitsu laptop",2026-02-08,0,0,10,0
"core_expansion_b","Lenovo","donor_fujitsu","fujitsu","Fujitsu laptop",2026-02-15,0,0,10,0
"core_expansion_b","Lenovo","donor_fujitsu","fujitsu","Fujitsu laptop",2026-02-22,0,0,10,0
"core_expansion_b","Lenovo","donor_fujitsu","fujitsu","Fujitsu laptop",2026-03-01,0,0,10,0
"core_expansion_b","Lenovo","donor_fujitsu","fujitsu","Fujitsu laptop",2026-03-08,0,0,10,0
"core_expansion_b","Lenovo","donor_fujitsu","fujitsu","Fujitsu laptop",2026-03-15,0,0,10,0
"core_expansion_b","Lenovo","donor_fujitsu","fujitsu","Fujitsu laptop",2026-03-22,0,0,10,0
"core_expansion_b","Lenovo","donor_fujitsu","fujitsu","Fujitsu laptop",2026-03-29,0,0,10,0
"core_expansion_b","Lenovo","donor_fujitsu","fujitsu","Fujitsu laptop",2026-04-05,0,0,10,0
"core_expansion_b","Lenovo","donor_fujitsu","fujitsu","Fujitsu laptop",2026-04-12,0,0,10,0
"core_expansion_b","Lenovo","donor_fujitsu","fujitsu","Fujitsu laptop",2026-04-19,0,0,10,0
"core_expansion_b","Lenovo","donor_fujitsu","fujitsu","Fujitsu laptop",2026-04-26,0,0,10,0
"core_expansion_b","Lenovo","donor_fujitsu","fujitsu","Fujitsu laptop",2026-05-03,1,0,10,0
"core_expansion_b","Lenovo","donor_fujitsu","fujitsu","Fujitsu laptop",2026-05-10,1,0,10,0
"core_expansion_b","Lenovo","donor_fujitsu","fujitsu","Fujitsu laptop",2026-05-17,0,0,10,0
"core_expansion_b","Lenovo","donor_fujitsu","fujitsu","Fujitsu laptop",2026-05-24,0,0,10,0
"core_expansion_b","Lenovo","donor_fujitsu","fujitsu","Fujitsu laptop",2026-05-31,0,0,10,0
"core_expansion_b","Lenovo","donor_fujitsu","fujitsu","Fujitsu laptop",2026-06-07,0,0,10,0
"core_expansion_b","Lenovo","donor_fujitsu","fujitsu","Fujitsu laptop",2026-06-14,0,0,10,0
"core_expansion_b","Lenovo","donor_fujitsu","fujitsu","Fujitsu laptop",2026-06-21,0,0,10,0
"core_expansion_b","Lenovo","donor_fujitsu","fujitsu","Fujitsu laptop",2026-06-28,0,0,10,0
"core_expansion_b","Lenovo","donor_fujitsu","fujitsu","Fujitsu laptop",2026-07-05,0,0,10,0
"core_expansion_b","Lenovo","donor_msi","msi","MSI",2021-12-26,15,0,10,0
"core_expansion_b","Lenovo","donor_msi","msi","MSI",2022-01-02,18,0,10,0
"core_expansion_b","Lenovo","donor_msi","msi","MSI",2022-01-09,17,0,10,0
"core_expansion_b","Lenovo","donor_msi","msi","MSI",2022-01-16,16,0,10,0
"core_expansion_b","Lenovo","donor_msi","msi","MSI",2022-01-23,18,0,10,0
"core_expansion_b","Lenovo","donor_msi","msi","MSI",2022-01-30,17,0,10,0
"core_expansion_b","Lenovo","donor_msi","msi","MSI",2022-02-06,17,0,10,0
"core_expansion_b","Lenovo","donor_msi","msi","MSI",2022-02-13,18,0,10,0
"core_expansion_b","Lenovo","donor_msi","msi","MSI",2022-02-20,17,0,10,0
"core_expansion_b","Lenovo","donor_msi","msi","MSI",2022-02-27,18,0,10,0
"core_expansion_b","Lenovo","donor_msi","msi","MSI",2022-03-06,17,0,10,0
"core_expansion_b","Lenovo","donor_msi","msi","MSI",2022-03-13,17,0,10,0
"core_expansion_b","Lenovo","donor_msi","msi","MSI",2022-03-20,17,0,10,0
"core_expansion_b","Lenovo","donor_msi","msi","MSI",2022-03-27,17,0,10,0
"core_expansion_b","Lenovo","donor_msi","msi","MSI",2022-04-03,17,0,10,0
"core_expansion_b","Lenovo","donor_msi","msi","MSI",2022-04-10,17,0,10,0
"core_expansion_b","Lenovo","donor_msi","msi","MSI",2022-04-17,16,0,10,0
"core_expansion_b","Lenovo","donor_msi","msi","MSI",2022-04-24,17,0,10,0
"core_expansion_b","Lenovo","donor_msi","msi","MSI",2022-05-01,17,0,10,0
"core_expansion_b","Lenovo","donor_msi","msi","MSI",2022-05-08,29,0,10,0
"core_expansion_b","Lenovo","donor_msi","msi","MSI",2022-05-15,26,0,10,0
"core_expansion_b","Lenovo","donor_msi","msi","MSI",2022-05-22,27,0,10,0
"core_expansion_b","Lenovo","donor_msi","msi","MSI",2022-05-29,17,0,10,0
"core_expansion_b","Lenovo","donor_msi","msi","MSI",2022-06-05,15,0,10,0
"core_expansion_b","Lenovo","donor_msi","msi","MSI",2022-06-12,15,0,10,0
"core_expansion_b","Lenovo","donor_msi","msi","MSI",2022-06-19,15,0,10,0
"core_expansion_b","Lenovo","donor_msi","msi","MSI",2022-06-26,15,0,10,0
"core_expansion_b","Lenovo","donor_msi","msi","MSI",2022-07-03,15,0,10,0
"core_expansion_b","Lenovo","donor_msi","msi","MSI",2022-07-10,16,0,10,0
"core_expansion_b","Lenovo","donor_msi","msi","MSI",2022-07-17,15,0,10,0
"core_expansion_b","Lenovo","donor_msi","msi","MSI",2022-07-24,15,0,10,0
"core_expansion_b","Lenovo","donor_msi","msi","MSI",2022-07-31,14,0,10,0
"core_expansion_b","Lenovo","donor_msi","msi","MSI",2022-08-07,15,0,10,0
"core_expansion_b","Lenovo","donor_msi","msi","MSI",2022-08-14,15,0,10,0
"core_expansion_b","Lenovo","donor_msi","msi","MSI",2022-08-21,15,0,10,0
"core_expansion_b","Lenovo","donor_msi","msi","MSI",2022-08-28,14,0,10,0
"core_expansion_b","Lenovo","donor_msi","msi","MSI",2022-09-04,14,0,10,0
"core_expansion_b","Lenovo","donor_msi","msi","MSI",2022-09-11,14,0,10,0
"core_expansion_b","Lenovo","donor_msi","msi","MSI",2022-09-18,15,0,10,0
"core_expansion_b","Lenovo","donor_msi","msi","MSI",2022-09-25,15,0,10,0
"core_expansion_b","Lenovo","donor_msi","msi","MSI",2022-10-02,15,0,10,0
"core_expansion_b","Lenovo","donor_msi","msi","MSI",2022-10-09,15,0,10,0
"core_expansion_b","Lenovo","donor_msi","msi","MSI",2022-10-16,15,0,10,0
"core_expansion_b","Lenovo","donor_msi","msi","MSI",2022-10-23,15,0,10,0
"core_expansion_b","Lenovo","donor_msi","msi","MSI",2022-10-30,15,0,10,0
"core_expansion_b","Lenovo","donor_msi","msi","MSI",2022-11-06,16,0,10,0
"core_expansion_b","Lenovo","donor_msi","msi","MSI",2022-11-13,17,0,10,0
"core_expansion_b","Lenovo","donor_msi","msi","MSI",2022-11-20,18,0,10,0
"core_expansion_b","Lenovo","donor_msi","msi","MSI",2022-11-27,17,0,10,0
"core_expansion_b","Lenovo","donor_msi","msi","MSI",2022-12-04,15,0,10,0
"core_expansion_b","Lenovo","donor_msi","msi","MSI",2022-12-11,16,0,10,0
"core_expansion_b","Lenovo","donor_msi","msi","MSI",2022-12-18,16,0,10,0
"core_expansion_b","Lenovo","donor_msi","msi","MSI",2022-12-25,19,0,10,0
"core_expansion_b","Lenovo","donor_msi","msi","MSI",2023-01-01,18,0,10,0
"core_expansion_b","Lenovo","donor_msi","msi","MSI",2023-01-08,17,0,10,0
"core_expansion_b","Lenovo","donor_msi","msi","MSI",2023-01-15,16,0,10,0
"core_expansion_b","Lenovo","donor_msi","msi","MSI",2023-01-22,15,0,10,0
"core_expansion_b","Lenovo","donor_msi","msi","MSI",2023-01-29,16,0,10,0
"core_expansion_b","Lenovo","donor_msi","msi","MSI",2023-02-05,15,0,10,0
"core_expansion_b","Lenovo","donor_msi","msi","MSI",2023-02-12,15,0,10,0
"core_expansion_b","Lenovo","donor_msi","msi","MSI",2023-02-19,15,0,10,0
"core_expansion_b","Lenovo","donor_msi","msi","MSI",2023-02-26,15,0,10,0
"core_expansion_b","Lenovo","donor_msi","msi","MSI",2023-03-05,15,0,10,0
"core_expansion_b","Lenovo","donor_msi","msi","MSI",2023-03-12,15,0,10,0
"core_expansion_b","Lenovo","donor_msi","msi","MSI",2023-03-19,14,0,10,0
"core_expansion_b","Lenovo","donor_msi","msi","MSI",2023-03-26,15,0,10,0
"core_expansion_b","Lenovo","donor_msi","msi","MSI",2023-04-02,15,0,10,0
"core_expansion_b","Lenovo","donor_msi","msi","MSI",2023-04-09,15,0,10,0
"core_expansion_b","Lenovo","donor_msi","msi","MSI",2023-04-16,15,0,10,0
"core_expansion_b","Lenovo","donor_msi","msi","MSI",2023-04-23,15,0,10,0
"core_expansion_b","Lenovo","donor_msi","msi","MSI",2023-04-30,22,0,10,0
"core_expansion_b","Lenovo","donor_msi","msi","MSI",2023-05-07,23,0,10,0
"core_expansion_b","Lenovo","donor_msi","msi","MSI",2023-05-14,25,0,10,0
"core_expansion_b","Lenovo","donor_msi","msi","MSI",2023-05-21,15,0,10,0
"core_expansion_b","Lenovo","donor_msi","msi","MSI",2023-05-28,14,0,10,0
"core_expansion_b","Lenovo","donor_msi","msi","MSI",2023-06-04,14,0,10,0
"core_expansion_b","Lenovo","donor_msi","msi","MSI",2023-06-11,14,0,10,0
"core_expansion_b","Lenovo","donor_msi","msi","MSI",2023-06-18,14,0,10,0
"core_expansion_b","Lenovo","donor_msi","msi","MSI",2023-06-25,15,0,10,0
"core_expansion_b","Lenovo","donor_msi","msi","MSI",2023-07-02,14,0,10,0
"core_expansion_b","Lenovo","donor_msi","msi","MSI",2023-07-09,16,0,10,0
"core_expansion_b","Lenovo","donor_msi","msi","MSI",2023-07-16,15,0,10,0
"core_expansion_b","Lenovo","donor_msi","msi","MSI",2023-07-23,15,0,10,0
"core_expansion_b","Lenovo","donor_msi","msi","MSI",2023-07-30,15,0,10,0
"core_expansion_b","Lenovo","donor_msi","msi","MSI",2023-08-06,16,0,10,0
"core_expansion_b","Lenovo","donor_msi","msi","MSI",2023-08-13,14,0,10,0
"core_expansion_b","Lenovo","donor_msi","msi","MSI",2023-08-20,16,0,10,0
"core_expansion_b","Lenovo","donor_msi","msi","MSI",2023-08-27,16,0,10,0
"core_expansion_b","Lenovo","donor_msi","msi","MSI",2023-09-03,16,0,10,0
"core_expansion_b","Lenovo","donor_msi","msi","MSI",2023-09-10,15,0,10,0
"core_expansion_b","Lenovo","donor_msi","msi","MSI",2023-09-17,15,0,10,0
"core_expansion_b","Lenovo","donor_msi","msi","MSI",2023-09-24,15,0,10,0
"core_expansion_b","Lenovo","donor_msi","msi","MSI",2023-10-01,15,0,10,0
"core_expansion_b","Lenovo","donor_msi","msi","MSI",2023-10-08,15,0,10,0
"core_expansion_b","Lenovo","donor_msi","msi","MSI",2023-10-15,15,0,10,0
"core_expansion_b","Lenovo","donor_msi","msi","MSI",2023-10-22,15,0,10,0
"core_expansion_b","Lenovo","donor_msi","msi","MSI",2023-10-29,15,0,10,0
"core_expansion_b","Lenovo","donor_msi","msi","MSI",2023-11-05,17,0,10,0
"core_expansion_b","Lenovo","donor_msi","msi","MSI",2023-11-12,18,0,10,0
"core_expansion_b","Lenovo","donor_msi","msi","MSI",2023-11-19,20,0,10,0
"core_expansion_b","Lenovo","donor_msi","msi","MSI",2023-11-26,18,0,10,0
"core_expansion_b","Lenovo","donor_msi","msi","MSI",2023-12-03,17,0,10,0
"core_expansion_b","Lenovo","donor_msi","msi","MSI",2023-12-10,17,0,10,0
"core_expansion_b","Lenovo","donor_msi","msi","MSI",2023-12-17,17,0,10,0
"core_expansion_b","Lenovo","donor_msi","msi","MSI",2023-12-24,20,0,10,0
"core_expansion_b","Lenovo","donor_msi","msi","MSI",2023-12-31,18,0,10,0
"core_expansion_b","Lenovo","donor_msi","msi","MSI",2024-01-07,19,0,10,0
"core_expansion_b","Lenovo","donor_msi","msi","MSI",2024-01-14,18,0,10,0
"core_expansion_b","Lenovo","donor_msi","msi","MSI",2024-01-21,17,0,10,0
"core_expansion_b","Lenovo","donor_msi","msi","MSI",2024-01-28,18,0,10,0
"core_expansion_b","Lenovo","donor_msi","msi","MSI",2024-02-04,17,0,10,0
"core_expansion_b","Lenovo","donor_msi","msi","MSI",2024-02-11,17,0,10,0
"core_expansion_b","Lenovo","donor_msi","msi","MSI",2024-02-18,18,0,10,0
"core_expansion_b","Lenovo","donor_msi","msi","MSI",2024-02-25,17,0,10,0
"core_expansion_b","Lenovo","donor_msi","msi","MSI",2024-03-03,17,0,10,0
"core_expansion_b","Lenovo","donor_msi","msi","MSI",2024-03-10,17,0,10,0
"core_expansion_b","Lenovo","donor_msi","msi","MSI",2024-03-17,17,0,10,0
"core_expansion_b","Lenovo","donor_msi","msi","MSI",2024-03-24,18,0,10,0
"core_expansion_b","Lenovo","donor_msi","msi","MSI",2024-03-31,17,0,10,0
"core_expansion_b","Lenovo","donor_msi","msi","MSI",2024-04-07,16,0,10,0
"core_expansion_b","Lenovo","donor_msi","msi","MSI",2024-04-14,16,0,10,0
"core_expansion_b","Lenovo","donor_msi","msi","MSI",2024-04-21,18,0,10,0
"core_expansion_b","Lenovo","donor_msi","msi","MSI",2024-04-28,23,0,10,0
"core_expansion_b","Lenovo","donor_msi","msi","MSI",2024-05-05,25,0,10,0
"core_expansion_b","Lenovo","donor_msi","msi","MSI",2024-05-12,27,0,10,0
"core_expansion_b","Lenovo","donor_msi","msi","MSI",2024-05-19,18,0,10,0
"core_expansion_b","Lenovo","donor_msi","msi","MSI",2024-05-26,16,0,10,0
"core_expansion_b","Lenovo","donor_msi","msi","MSI",2024-06-02,16,0,10,0
"core_expansion_b","Lenovo","donor_msi","msi","MSI",2024-06-09,17,0,10,0
"core_expansion_b","Lenovo","donor_msi","msi","MSI",2024-06-16,16,0,10,0
"core_expansion_b","Lenovo","donor_msi","msi","MSI",2024-06-23,16,0,10,0
"core_expansion_b","Lenovo","donor_msi","msi","MSI",2024-06-30,17,0,10,0
"core_expansion_b","Lenovo","donor_msi","msi","MSI",2024-07-07,16,0,10,0
"core_expansion_b","Lenovo","donor_msi","msi","MSI",2024-07-14,18,0,10,0
"core_expansion_b","Lenovo","donor_msi","msi","MSI",2024-07-21,17,0,10,0
"core_expansion_b","Lenovo","donor_msi","msi","MSI",2024-07-28,17,0,10,0
"core_expansion_b","Lenovo","donor_msi","msi","MSI",2024-08-04,17,0,10,0
"core_expansion_b","Lenovo","donor_msi","msi","MSI",2024-08-11,18,0,10,0
"core_expansion_b","Lenovo","donor_msi","msi","MSI",2024-08-18,18,0,10,0
"core_expansion_b","Lenovo","donor_msi","msi","MSI",2024-08-25,17,0,10,0
"core_expansion_b","Lenovo","donor_msi","msi","MSI",2024-09-01,18,0,10,0
"core_expansion_b","Lenovo","donor_msi","msi","MSI",2024-09-08,19,0,10,0
"core_expansion_b","Lenovo","donor_msi","msi","MSI",2024-09-15,18,0,10,0
"core_expansion_b","Lenovo","donor_msi","msi","MSI",2024-09-22,18,0,10,0
"core_expansion_b","Lenovo","donor_msi","msi","MSI",2024-09-29,18,0,10,0
"core_expansion_b","Lenovo","donor_msi","msi","MSI",2024-10-06,19,0,10,0
"core_expansion_b","Lenovo","donor_msi","msi","MSI",2024-10-13,19,0,10,0
"core_expansion_b","Lenovo","donor_msi","msi","MSI",2024-10-20,18,0,10,0
"core_expansion_b","Lenovo","donor_msi","msi","MSI",2024-10-27,19,0,10,0
"core_expansion_b","Lenovo","donor_msi","msi","MSI",2024-11-03,19,0,10,0
"core_expansion_b","Lenovo","donor_msi","msi","MSI",2024-11-10,21,0,10,0
"core_expansion_b","Lenovo","donor_msi","msi","MSI",2024-11-17,23,0,10,0
"core_expansion_b","Lenovo","donor_msi","msi","MSI",2024-11-24,25,0,10,0
"core_expansion_b","Lenovo","donor_msi","msi","MSI",2024-12-01,23,0,10,0
"core_expansion_b","Lenovo","donor_msi","msi","MSI",2024-12-08,23,0,10,0
"core_expansion_b","Lenovo","donor_msi","msi","MSI",2024-12-15,22,0,10,0
"core_expansion_b","Lenovo","donor_msi","msi","MSI",2024-12-22,24,0,10,0
"core_expansion_b","Lenovo","donor_msi","msi","MSI",2024-12-29,22,0,10,0
"core_expansion_b","Lenovo","donor_msi","msi","MSI",2025-01-05,24,0,10,0
"core_expansion_b","Lenovo","donor_msi","msi","MSI",2025-01-12,22,0,10,0
"core_expansion_b","Lenovo","donor_msi","msi","MSI",2025-01-19,20,0,10,0
"core_expansion_b","Lenovo","donor_msi","msi","MSI",2025-01-26,22,0,10,0
"core_expansion_b","Lenovo","donor_msi","msi","MSI",2025-02-02,22,0,10,0
"core_expansion_b","Lenovo","donor_msi","msi","MSI",2025-02-09,21,0,10,0
"core_expansion_b","Lenovo","donor_msi","msi","MSI",2025-02-16,21,0,10,0
"core_expansion_b","Lenovo","donor_msi","msi","MSI",2025-02-23,21,0,10,0
"core_expansion_b","Lenovo","donor_msi","msi","MSI",2025-03-02,22,0,10,0
"core_expansion_b","Lenovo","donor_msi","msi","MSI",2025-03-09,21,0,10,0
"core_expansion_b","Lenovo","donor_msi","msi","MSI",2025-03-16,20,0,10,0
"core_expansion_b","Lenovo","donor_msi","msi","MSI",2025-03-23,19,0,10,0
"core_expansion_b","Lenovo","donor_msi","msi","MSI",2025-03-30,19,0,10,0
"core_expansion_b","Lenovo","donor_msi","msi","MSI",2025-04-06,20,0,10,0
"core_expansion_b","Lenovo","donor_msi","msi","MSI",2025-04-13,19,0,10,0
"core_expansion_b","Lenovo","donor_msi","msi","MSI",2025-04-20,19,0,10,0
"core_expansion_b","Lenovo","donor_msi","msi","MSI",2025-04-27,18,0,10,0
"core_expansion_b","Lenovo","donor_msi","msi","MSI",2025-05-04,19,0,10,0
"core_expansion_b","Lenovo","donor_msi","msi","MSI",2025-05-11,19,0,10,0
"core_expansion_b","Lenovo","donor_msi","msi","MSI",2025-05-18,18,0,10,0
"core_expansion_b","Lenovo","donor_msi","msi","MSI",2025-05-25,19,0,10,0
"core_expansion_b","Lenovo","donor_msi","msi","MSI",2025-06-01,20,0,10,0
"core_expansion_b","Lenovo","donor_msi","msi","MSI",2025-06-08,20,0,10,0
"core_expansion_b","Lenovo","donor_msi","msi","MSI",2025-06-15,23,0,10,0
"core_expansion_b","Lenovo","donor_msi","msi","MSI",2025-06-22,27,0,10,0
"core_expansion_b","Lenovo","donor_msi","msi","MSI",2025-06-29,35,0,10,0
"core_expansion_b","Lenovo","donor_msi","msi","MSI",2025-07-06,34,0,10,0
"core_expansion_b","Lenovo","donor_msi","msi","MSI",2025-07-13,25,0,10,0
"core_expansion_b","Lenovo","donor_msi","msi","MSI",2025-07-20,23,0,10,0
"core_expansion_b","Lenovo","donor_msi","msi","MSI",2025-07-27,22,0,10,0
"core_expansion_b","Lenovo","donor_msi","msi","MSI",2025-08-03,27,0,10,0
"core_expansion_b","Lenovo","donor_msi","msi","MSI",2025-08-10,29,0,10,0
"core_expansion_b","Lenovo","donor_msi","msi","MSI",2025-08-17,28,0,10,0
"core_expansion_b","Lenovo","donor_msi","msi","MSI",2025-08-24,30,0,10,0
"core_expansion_b","Lenovo","donor_msi","msi","MSI",2025-08-31,32,0,10,0
"core_expansion_b","Lenovo","donor_msi","msi","MSI",2025-09-07,30,0,10,0
"core_expansion_b","Lenovo","donor_msi","msi","MSI",2025-09-14,28,0,10,0
"core_expansion_b","Lenovo","donor_msi","msi","MSI",2025-09-21,27,0,10,0
"core_expansion_b","Lenovo","donor_msi","msi","MSI",2025-09-28,29,0,10,0
"core_expansion_b","Lenovo","donor_msi","msi","MSI",2025-10-05,25,0,10,0
"core_expansion_b","Lenovo","donor_msi","msi","MSI",2025-10-12,28,0,10,0
"core_expansion_b","Lenovo","donor_msi","msi","MSI",2025-10-19,27,0,10,0
"core_expansion_b","Lenovo","donor_msi","msi","MSI",2025-10-26,27,0,10,0
"core_expansion_b","Lenovo","donor_msi","msi","MSI",2025-11-02,27,0,10,0
"core_expansion_b","Lenovo","donor_msi","msi","MSI",2025-11-09,31,0,10,0
"core_expansion_b","Lenovo","donor_msi","msi","MSI",2025-11-16,31,0,10,0
"core_expansion_b","Lenovo","donor_msi","msi","MSI",2025-11-23,33,0,10,0
"core_expansion_b","Lenovo","donor_msi","msi","MSI",2025-11-30,29,0,10,0
"core_expansion_b","Lenovo","donor_msi","msi","MSI",2025-12-07,25,0,10,0
"core_expansion_b","Lenovo","donor_msi","msi","MSI",2025-12-14,25,0,10,0
"core_expansion_b","Lenovo","donor_msi","msi","MSI",2025-12-21,24,0,10,0
"core_expansion_b","Lenovo","donor_msi","msi","MSI",2025-12-28,24,0,10,0
"core_expansion_b","Lenovo","donor_msi","msi","MSI",2026-01-04,24,0,10,0
"core_expansion_b","Lenovo","donor_msi","msi","MSI",2026-01-11,23,0,10,0
"core_expansion_b","Lenovo","donor_msi","msi","MSI",2026-01-18,23,0,10,0
"core_expansion_b","Lenovo","donor_msi","msi","MSI",2026-01-25,23,0,10,0
"core_expansion_b","Lenovo","donor_msi","msi","MSI",2026-02-01,23,0,10,0
"core_expansion_b","Lenovo","donor_msi","msi","MSI",2026-02-08,21,0,10,0
"core_expansion_b","Lenovo","donor_msi","msi","MSI",2026-02-15,21,0,10,0
"core_expansion_b","Lenovo","donor_msi","msi","MSI",2026-02-22,20,0,10,0
"core_expansion_b","Lenovo","donor_msi","msi","MSI",2026-03-01,22,0,10,0
"core_expansion_b","Lenovo","donor_msi","msi","MSI",2026-03-08,23,0,10,0
"core_expansion_b","Lenovo","donor_msi","msi","MSI",2026-03-15,22,0,10,0
"core_expansion_b","Lenovo","donor_msi","msi","MSI",2026-03-22,25,0,10,0
"core_expansion_b","Lenovo","donor_msi","msi","MSI",2026-03-29,30,0,10,0
"core_expansion_b","Lenovo","donor_msi","msi","MSI",2026-04-05,29,0,10,0
"core_expansion_b","Lenovo","donor_msi","msi","MSI",2026-04-12,29,0,10,0
"core_expansion_b","Lenovo","donor_msi","msi","MSI",2026-04-19,26,0,10,0
"core_expansion_b","Lenovo","donor_msi","msi","MSI",2026-04-26,25,0,10,0
"core_expansion_b","Lenovo","donor_msi","msi","MSI",2026-05-03,26,0,10,0
"core_expansion_b","Lenovo","donor_msi","msi","MSI",2026-05-10,28,0,10,0
"core_expansion_b","Lenovo","donor_msi","msi","MSI",2026-05-17,27,0,10,0
"core_expansion_b","Lenovo","donor_msi","msi","MSI",2026-05-24,25,0,10,0
"core_expansion_b","Lenovo","donor_msi","msi","MSI",2026-05-31,27,0,10,0
"core_expansion_b","Lenovo","donor_msi","msi","MSI",2026-06-07,26,0,10,0
"core_expansion_b","Lenovo","donor_msi","msi","MSI",2026-06-14,27,0,10,0
"core_expansion_b","Lenovo","donor_msi","msi","MSI",2026-06-21,30,0,10,0
"core_expansion_b","Lenovo","donor_msi","msi","MSI",2026-06-28,34,0,10,0
"core_expansion_b","Lenovo","donor_msi","msi","MSI",2026-07-05,32,0,10,0
"core_expansion_b","Lenovo","donor_samsung","samsung","Samsung laptop",2021-12-26,1,0,10,0
"core_expansion_b","Lenovo","donor_samsung","samsung","Samsung laptop",2022-01-02,1,0,10,0
"core_expansion_b","Lenovo","donor_samsung","samsung","Samsung laptop",2022-01-09,1,0,10,0
"core_expansion_b","Lenovo","donor_samsung","samsung","Samsung laptop",2022-01-16,1,0,10,0
"core_expansion_b","Lenovo","donor_samsung","samsung","Samsung laptop",2022-01-23,1,0,10,0
"core_expansion_b","Lenovo","donor_samsung","samsung","Samsung laptop",2022-01-30,1,0,10,0
"core_expansion_b","Lenovo","donor_samsung","samsung","Samsung laptop",2022-02-06,1,0,10,0
"core_expansion_b","Lenovo","donor_samsung","samsung","Samsung laptop",2022-02-13,2,0,10,0
"core_expansion_b","Lenovo","donor_samsung","samsung","Samsung laptop",2022-02-20,1,0,10,0
"core_expansion_b","Lenovo","donor_samsung","samsung","Samsung laptop",2022-02-27,1,0,10,0
"core_expansion_b","Lenovo","donor_samsung","samsung","Samsung laptop",2022-03-06,2,0,10,0
"core_expansion_b","Lenovo","donor_samsung","samsung","Samsung laptop",2022-03-13,1,0,10,0
"core_expansion_b","Lenovo","donor_samsung","samsung","Samsung laptop",2022-03-20,1,0,10,0
"core_expansion_b","Lenovo","donor_samsung","samsung","Samsung laptop",2022-03-27,1,0,10,0
"core_expansion_b","Lenovo","donor_samsung","samsung","Samsung laptop",2022-04-03,1,0,10,0
"core_expansion_b","Lenovo","donor_samsung","samsung","Samsung laptop",2022-04-10,1,0,10,0
"core_expansion_b","Lenovo","donor_samsung","samsung","Samsung laptop",2022-04-17,1,0,10,0
"core_expansion_b","Lenovo","donor_samsung","samsung","Samsung laptop",2022-04-24,1,0,10,0
"core_expansion_b","Lenovo","donor_samsung","samsung","Samsung laptop",2022-05-01,1,0,10,0
"core_expansion_b","Lenovo","donor_samsung","samsung","Samsung laptop",2022-05-08,1,0,10,0
"core_expansion_b","Lenovo","donor_samsung","samsung","Samsung laptop",2022-05-15,1,0,10,0
"core_expansion_b","Lenovo","donor_samsung","samsung","Samsung laptop",2022-05-22,1,0,10,0
"core_expansion_b","Lenovo","donor_samsung","samsung","Samsung laptop",2022-05-29,1,0,10,0
"core_expansion_b","Lenovo","donor_samsung","samsung","Samsung laptop",2022-06-05,1,0,10,0
"core_expansion_b","Lenovo","donor_samsung","samsung","Samsung laptop",2022-06-12,1,0,10,0
"core_expansion_b","Lenovo","donor_samsung","samsung","Samsung laptop",2022-06-19,1,0,10,0
"core_expansion_b","Lenovo","donor_samsung","samsung","Samsung laptop",2022-06-26,1,0,10,0
"core_expansion_b","Lenovo","donor_samsung","samsung","Samsung laptop",2022-07-03,1,0,10,0
"core_expansion_b","Lenovo","donor_samsung","samsung","Samsung laptop",2022-07-10,1,0,10,0
"core_expansion_b","Lenovo","donor_samsung","samsung","Samsung laptop",2022-07-17,1,0,10,0
"core_expansion_b","Lenovo","donor_samsung","samsung","Samsung laptop",2022-07-24,1,0,10,0
"core_expansion_b","Lenovo","donor_samsung","samsung","Samsung laptop",2022-07-31,1,0,10,0
"core_expansion_b","Lenovo","donor_samsung","samsung","Samsung laptop",2022-08-07,1,0,10,0
"core_expansion_b","Lenovo","donor_samsung","samsung","Samsung laptop",2022-08-14,1,0,10,0
"core_expansion_b","Lenovo","donor_samsung","samsung","Samsung laptop",2022-08-21,1,0,10,0
"core_expansion_b","Lenovo","donor_samsung","samsung","Samsung laptop",2022-08-28,1,0,10,0
"core_expansion_b","Lenovo","donor_samsung","samsung","Samsung laptop",2022-09-04,1,0,10,0
"core_expansion_b","Lenovo","donor_samsung","samsung","Samsung laptop",2022-09-11,1,0,10,0
"core_expansion_b","Lenovo","donor_samsung","samsung","Samsung laptop",2022-09-18,1,0,10,0
"core_expansion_b","Lenovo","donor_samsung","samsung","Samsung laptop",2022-09-25,1,0,10,0
"core_expansion_b","Lenovo","donor_samsung","samsung","Samsung laptop",2022-10-02,1,0,10,0
"core_expansion_b","Lenovo","donor_samsung","samsung","Samsung laptop",2022-10-09,1,0,10,0
"core_expansion_b","Lenovo","donor_samsung","samsung","Samsung laptop",2022-10-16,1,0,10,0
"core_expansion_b","Lenovo","donor_samsung","samsung","Samsung laptop",2022-10-23,1,0,10,0
"core_expansion_b","Lenovo","donor_samsung","samsung","Samsung laptop",2022-10-30,1,0,10,0
"core_expansion_b","Lenovo","donor_samsung","samsung","Samsung laptop",2022-11-06,1,0,10,0
"core_expansion_b","Lenovo","donor_samsung","samsung","Samsung laptop",2022-11-13,1,0,10,0
"core_expansion_b","Lenovo","donor_samsung","samsung","Samsung laptop",2022-11-20,2,0,10,0
"core_expansion_b","Lenovo","donor_samsung","samsung","Samsung laptop",2022-11-27,1,0,10,0
"core_expansion_b","Lenovo","donor_samsung","samsung","Samsung laptop",2022-12-04,1,0,10,0
"core_expansion_b","Lenovo","donor_samsung","samsung","Samsung laptop",2022-12-11,1,0,10,0
"core_expansion_b","Lenovo","donor_samsung","samsung","Samsung laptop",2022-12-18,1,0,10,0
"core_expansion_b","Lenovo","donor_samsung","samsung","Samsung laptop",2022-12-25,1,0,10,0
"core_expansion_b","Lenovo","donor_samsung","samsung","Samsung laptop",2023-01-01,1,0,10,0
"core_expansion_b","Lenovo","donor_samsung","samsung","Samsung laptop",2023-01-08,1,0,10,0
"core_expansion_b","Lenovo","donor_samsung","samsung","Samsung laptop",2023-01-15,1,0,10,0
"core_expansion_b","Lenovo","donor_samsung","samsung","Samsung laptop",2023-01-22,1,0,10,0
"core_expansion_b","Lenovo","donor_samsung","samsung","Samsung laptop",2023-01-29,1,0,10,0
"core_expansion_b","Lenovo","donor_samsung","samsung","Samsung laptop",2023-02-05,1,0,10,0
"core_expansion_b","Lenovo","donor_samsung","samsung","Samsung laptop",2023-02-12,1,0,10,0
"core_expansion_b","Lenovo","donor_samsung","samsung","Samsung laptop",2023-02-19,1,0,10,0
"core_expansion_b","Lenovo","donor_samsung","samsung","Samsung laptop",2023-02-26,1,0,10,0
"core_expansion_b","Lenovo","donor_samsung","samsung","Samsung laptop",2023-03-05,1,0,10,0
"core_expansion_b","Lenovo","donor_samsung","samsung","Samsung laptop",2023-03-12,1,0,10,0
"core_expansion_b","Lenovo","donor_samsung","samsung","Samsung laptop",2023-03-19,1,0,10,0
"core_expansion_b","Lenovo","donor_samsung","samsung","Samsung laptop",2023-03-26,1,0,10,0
"core_expansion_b","Lenovo","donor_samsung","samsung","Samsung laptop",2023-04-02,1,0,10,0
"core_expansion_b","Lenovo","donor_samsung","samsung","Samsung laptop",2023-04-09,1,0,10,0
"core_expansion_b","Lenovo","donor_samsung","samsung","Samsung laptop",2023-04-16,1,0,10,0
"core_expansion_b","Lenovo","donor_samsung","samsung","Samsung laptop",2023-04-23,1,0,10,0
"core_expansion_b","Lenovo","donor_samsung","samsung","Samsung laptop",2023-04-30,1,0,10,0
"core_expansion_b","Lenovo","donor_samsung","samsung","Samsung laptop",2023-05-07,1,0,10,0
"core_expansion_b","Lenovo","donor_samsung","samsung","Samsung laptop",2023-05-14,1,0,10,0
"core_expansion_b","Lenovo","donor_samsung","samsung","Samsung laptop",2023-05-21,1,0,10,0
"core_expansion_b","Lenovo","donor_samsung","samsung","Samsung laptop",2023-05-28,1,0,10,0
"core_expansion_b","Lenovo","donor_samsung","samsung","Samsung laptop",2023-06-04,1,0,10,0
"core_expansion_b","Lenovo","donor_samsung","samsung","Samsung laptop",2023-06-11,1,0,10,0
"core_expansion_b","Lenovo","donor_samsung","samsung","Samsung laptop",2023-06-18,1,0,10,0
"core_expansion_b","Lenovo","donor_samsung","samsung","Samsung laptop",2023-06-25,1,0,10,0
"core_expansion_b","Lenovo","donor_samsung","samsung","Samsung laptop",2023-07-02,1,0,10,0
"core_expansion_b","Lenovo","donor_samsung","samsung","Samsung laptop",2023-07-09,1,0,10,0
"core_expansion_b","Lenovo","donor_samsung","samsung","Samsung laptop",2023-07-16,1,0,10,0
"core_expansion_b","Lenovo","donor_samsung","samsung","Samsung laptop",2023-07-23,1,0,10,0
"core_expansion_b","Lenovo","donor_samsung","samsung","Samsung laptop",2023-07-30,1,0,10,0
"core_expansion_b","Lenovo","donor_samsung","samsung","Samsung laptop",2023-08-06,1,0,10,0
"core_expansion_b","Lenovo","donor_samsung","samsung","Samsung laptop",2023-08-13,1,0,10,0
"core_expansion_b","Lenovo","donor_samsung","samsung","Samsung laptop",2023-08-20,1,0,10,0
"core_expansion_b","Lenovo","donor_samsung","samsung","Samsung laptop",2023-08-27,1,0,10,0
"core_expansion_b","Lenovo","donor_samsung","samsung","Samsung laptop",2023-09-03,1,0,10,0
"core_expansion_b","Lenovo","donor_samsung","samsung","Samsung laptop",2023-09-10,1,0,10,0
"core_expansion_b","Lenovo","donor_samsung","samsung","Samsung laptop",2023-09-17,1,0,10,0
"core_expansion_b","Lenovo","donor_samsung","samsung","Samsung laptop",2023-09-24,1,0,10,0
"core_expansion_b","Lenovo","donor_samsung","samsung","Samsung laptop",2023-10-01,1,0,10,0
"core_expansion_b","Lenovo","donor_samsung","samsung","Samsung laptop",2023-10-08,1,0,10,0
"core_expansion_b","Lenovo","donor_samsung","samsung","Samsung laptop",2023-10-15,1,0,10,0
"core_expansion_b","Lenovo","donor_samsung","samsung","Samsung laptop",2023-10-22,1,0,10,0
"core_expansion_b","Lenovo","donor_samsung","samsung","Samsung laptop",2023-10-29,1,0,10,0
"core_expansion_b","Lenovo","donor_samsung","samsung","Samsung laptop",2023-11-05,1,0,10,0
"core_expansion_b","Lenovo","donor_samsung","samsung","Samsung laptop",2023-11-12,1,0,10,0
"core_expansion_b","Lenovo","donor_samsung","samsung","Samsung laptop",2023-11-19,2,0,10,0
"core_expansion_b","Lenovo","donor_samsung","samsung","Samsung laptop",2023-11-26,1,0,10,0
"core_expansion_b","Lenovo","donor_samsung","samsung","Samsung laptop",2023-12-03,1,0,10,0
"core_expansion_b","Lenovo","donor_samsung","samsung","Samsung laptop",2023-12-10,1,0,10,0
"core_expansion_b","Lenovo","donor_samsung","samsung","Samsung laptop",2023-12-17,1,0,10,0
"core_expansion_b","Lenovo","donor_samsung","samsung","Samsung laptop",2023-12-24,1,0,10,0
"core_expansion_b","Lenovo","donor_samsung","samsung","Samsung laptop",2023-12-31,1,0,10,0
"core_expansion_b","Lenovo","donor_samsung","samsung","Samsung laptop",2024-01-07,1,0,10,0
"core_expansion_b","Lenovo","donor_samsung","samsung","Samsung laptop",2024-01-14,1,0,10,0
"core_expansion_b","Lenovo","donor_samsung","samsung","Samsung laptop",2024-01-21,1,0,10,0
"core_expansion_b","Lenovo","donor_samsung","samsung","Samsung laptop",2024-01-28,1,0,10,0
"core_expansion_b","Lenovo","donor_samsung","samsung","Samsung laptop",2024-02-04,1,0,10,0
"core_expansion_b","Lenovo","donor_samsung","samsung","Samsung laptop",2024-02-11,1,0,10,0
"core_expansion_b","Lenovo","donor_samsung","samsung","Samsung laptop",2024-02-18,1,0,10,0
"core_expansion_b","Lenovo","donor_samsung","samsung","Samsung laptop",2024-02-25,1,0,10,0
"core_expansion_b","Lenovo","donor_samsung","samsung","Samsung laptop",2024-03-03,1,0,10,0
"core_expansion_b","Lenovo","donor_samsung","samsung","Samsung laptop",2024-03-10,1,0,10,0
"core_expansion_b","Lenovo","donor_samsung","samsung","Samsung laptop",2024-03-17,1,0,10,0
"core_expansion_b","Lenovo","donor_samsung","samsung","Samsung laptop",2024-03-24,1,0,10,0
"core_expansion_b","Lenovo","donor_samsung","samsung","Samsung laptop",2024-03-31,1,0,10,0
"core_expansion_b","Lenovo","donor_samsung","samsung","Samsung laptop",2024-04-07,1,0,10,0
"core_expansion_b","Lenovo","donor_samsung","samsung","Samsung laptop",2024-04-14,1,0,10,0
"core_expansion_b","Lenovo","donor_samsung","samsung","Samsung laptop",2024-04-21,1,0,10,0
"core_expansion_b","Lenovo","donor_samsung","samsung","Samsung laptop",2024-04-28,1,0,10,0
"core_expansion_b","Lenovo","donor_samsung","samsung","Samsung laptop",2024-05-05,1,0,10,0
"core_expansion_b","Lenovo","donor_samsung","samsung","Samsung laptop",2024-05-12,1,0,10,0
"core_expansion_b","Lenovo","donor_samsung","samsung","Samsung laptop",2024-05-19,1,0,10,0
"core_expansion_b","Lenovo","donor_samsung","samsung","Samsung laptop",2024-05-26,1,0,10,0
"core_expansion_b","Lenovo","donor_samsung","samsung","Samsung laptop",2024-06-02,1,0,10,0
"core_expansion_b","Lenovo","donor_samsung","samsung","Samsung laptop",2024-06-09,1,0,10,0
"core_expansion_b","Lenovo","donor_samsung","samsung","Samsung laptop",2024-06-16,1,0,10,0
"core_expansion_b","Lenovo","donor_samsung","samsung","Samsung laptop",2024-06-23,1,0,10,0
"core_expansion_b","Lenovo","donor_samsung","samsung","Samsung laptop",2024-06-30,1,0,10,0
"core_expansion_b","Lenovo","donor_samsung","samsung","Samsung laptop",2024-07-07,1,0,10,0
"core_expansion_b","Lenovo","donor_samsung","samsung","Samsung laptop",2024-07-14,1,0,10,0
"core_expansion_b","Lenovo","donor_samsung","samsung","Samsung laptop",2024-07-21,1,0,10,0
"core_expansion_b","Lenovo","donor_samsung","samsung","Samsung laptop",2024-07-28,1,0,10,0
"core_expansion_b","Lenovo","donor_samsung","samsung","Samsung laptop",2024-08-04,1,0,10,0
"core_expansion_b","Lenovo","donor_samsung","samsung","Samsung laptop",2024-08-11,1,0,10,0
"core_expansion_b","Lenovo","donor_samsung","samsung","Samsung laptop",2024-08-18,1,0,10,0
"core_expansion_b","Lenovo","donor_samsung","samsung","Samsung laptop",2024-08-25,1,0,10,0
"core_expansion_b","Lenovo","donor_samsung","samsung","Samsung laptop",2024-09-01,1,0,10,0
"core_expansion_b","Lenovo","donor_samsung","samsung","Samsung laptop",2024-09-08,1,0,10,0
"core_expansion_b","Lenovo","donor_samsung","samsung","Samsung laptop",2024-09-15,1,0,10,0
"core_expansion_b","Lenovo","donor_samsung","samsung","Samsung laptop",2024-09-22,1,0,10,0
"core_expansion_b","Lenovo","donor_samsung","samsung","Samsung laptop",2024-09-29,1,0,10,0
"core_expansion_b","Lenovo","donor_samsung","samsung","Samsung laptop",2024-10-06,1,0,10,0
"core_expansion_b","Lenovo","donor_samsung","samsung","Samsung laptop",2024-10-13,1,0,10,0
"core_expansion_b","Lenovo","donor_samsung","samsung","Samsung laptop",2024-10-20,1,0,10,0
"core_expansion_b","Lenovo","donor_samsung","samsung","Samsung laptop",2024-10-27,1,0,10,0
"core_expansion_b","Lenovo","donor_samsung","samsung","Samsung laptop",2024-11-03,1,0,10,0
"core_expansion_b","Lenovo","donor_samsung","samsung","Samsung laptop",2024-11-10,1,0,10,0
"core_expansion_b","Lenovo","donor_samsung","samsung","Samsung laptop",2024-11-17,1,0,10,0
"core_expansion_b","Lenovo","donor_samsung","samsung","Samsung laptop",2024-11-24,1,0,10,0
"core_expansion_b","Lenovo","donor_samsung","samsung","Samsung laptop",2024-12-01,1,0,10,0
"core_expansion_b","Lenovo","donor_samsung","samsung","Samsung laptop",2024-12-08,1,0,10,0
"core_expansion_b","Lenovo","donor_samsung","samsung","Samsung laptop",2024-12-15,1,0,10,0
"core_expansion_b","Lenovo","donor_samsung","samsung","Samsung laptop",2024-12-22,1,0,10,0
"core_expansion_b","Lenovo","donor_samsung","samsung","Samsung laptop",2024-12-29,1,0,10,0
"core_expansion_b","Lenovo","donor_samsung","samsung","Samsung laptop",2025-01-05,1,0,10,0
"core_expansion_b","Lenovo","donor_samsung","samsung","Samsung laptop",2025-01-12,1,0,10,0
"core_expansion_b","Lenovo","donor_samsung","samsung","Samsung laptop",2025-01-19,1,0,10,0
"core_expansion_b","Lenovo","donor_samsung","samsung","Samsung laptop",2025-01-26,1,0,10,0
"core_expansion_b","Lenovo","donor_samsung","samsung","Samsung laptop",2025-02-02,1,0,10,0
"core_expansion_b","Lenovo","donor_samsung","samsung","Samsung laptop",2025-02-09,1,0,10,0
"core_expansion_b","Lenovo","donor_samsung","samsung","Samsung laptop",2025-02-16,1,0,10,0
"core_expansion_b","Lenovo","donor_samsung","samsung","Samsung laptop",2025-02-23,1,0,10,0
"core_expansion_b","Lenovo","donor_samsung","samsung","Samsung laptop",2025-03-02,1,0,10,0
"core_expansion_b","Lenovo","donor_samsung","samsung","Samsung laptop",2025-03-09,1,0,10,0
"core_expansion_b","Lenovo","donor_samsung","samsung","Samsung laptop",2025-03-16,1,0,10,0
"core_expansion_b","Lenovo","donor_samsung","samsung","Samsung laptop",2025-03-23,1,0,10,0
"core_expansion_b","Lenovo","donor_samsung","samsung","Samsung laptop",2025-03-30,1,0,10,0
"core_expansion_b","Lenovo","donor_samsung","samsung","Samsung laptop",2025-04-06,1,0,10,0
"core_expansion_b","Lenovo","donor_samsung","samsung","Samsung laptop",2025-04-13,1,0,10,0
"core_expansion_b","Lenovo","donor_samsung","samsung","Samsung laptop",2025-04-20,1,0,10,0
"core_expansion_b","Lenovo","donor_samsung","samsung","Samsung laptop",2025-04-27,1,0,10,0
"core_expansion_b","Lenovo","donor_samsung","samsung","Samsung laptop",2025-05-04,1,0,10,0
"core_expansion_b","Lenovo","donor_samsung","samsung","Samsung laptop",2025-05-11,1,0,10,0
"core_expansion_b","Lenovo","donor_samsung","samsung","Samsung laptop",2025-05-18,1,0,10,0
"core_expansion_b","Lenovo","donor_samsung","samsung","Samsung laptop",2025-05-25,1,0,10,0
"core_expansion_b","Lenovo","donor_samsung","samsung","Samsung laptop",2025-06-01,1,0,10,0
"core_expansion_b","Lenovo","donor_samsung","samsung","Samsung laptop",2025-06-08,1,0,10,0
"core_expansion_b","Lenovo","donor_samsung","samsung","Samsung laptop",2025-06-15,1,0,10,0
"core_expansion_b","Lenovo","donor_samsung","samsung","Samsung laptop",2025-06-22,1,0,10,0
"core_expansion_b","Lenovo","donor_samsung","samsung","Samsung laptop",2025-06-29,1,0,10,0
"core_expansion_b","Lenovo","donor_samsung","samsung","Samsung laptop",2025-07-06,1,0,10,0
"core_expansion_b","Lenovo","donor_samsung","samsung","Samsung laptop",2025-07-13,1,0,10,0
"core_expansion_b","Lenovo","donor_samsung","samsung","Samsung laptop",2025-07-20,1,0,10,0
"core_expansion_b","Lenovo","donor_samsung","samsung","Samsung laptop",2025-07-27,2,0,10,0
"core_expansion_b","Lenovo","donor_samsung","samsung","Samsung laptop",2025-08-03,2,0,10,0
"core_expansion_b","Lenovo","donor_samsung","samsung","Samsung laptop",2025-08-10,2,0,10,0
"core_expansion_b","Lenovo","donor_samsung","samsung","Samsung laptop",2025-08-17,2,0,10,0
"core_expansion_b","Lenovo","donor_samsung","samsung","Samsung laptop",2025-08-24,3,0,10,0
"core_expansion_b","Lenovo","donor_samsung","samsung","Samsung laptop",2025-08-31,3,0,10,0
"core_expansion_b","Lenovo","donor_samsung","samsung","Samsung laptop",2025-09-07,3,0,10,0
"core_expansion_b","Lenovo","donor_samsung","samsung","Samsung laptop",2025-09-14,3,0,10,0
"core_expansion_b","Lenovo","donor_samsung","samsung","Samsung laptop",2025-09-21,3,0,10,0
"core_expansion_b","Lenovo","donor_samsung","samsung","Samsung laptop",2025-09-28,3,0,10,0
"core_expansion_b","Lenovo","donor_samsung","samsung","Samsung laptop",2025-10-05,2,0,10,0
"core_expansion_b","Lenovo","donor_samsung","samsung","Samsung laptop",2025-10-12,2,0,10,0
"core_expansion_b","Lenovo","donor_samsung","samsung","Samsung laptop",2025-10-19,2,0,10,0
"core_expansion_b","Lenovo","donor_samsung","samsung","Samsung laptop",2025-10-26,2,0,10,0
"core_expansion_b","Lenovo","donor_samsung","samsung","Samsung laptop",2025-11-02,2,0,10,0
"core_expansion_b","Lenovo","donor_samsung","samsung","Samsung laptop",2025-11-09,3,0,10,0
"core_expansion_b","Lenovo","donor_samsung","samsung","Samsung laptop",2025-11-16,3,0,10,0
"core_expansion_b","Lenovo","donor_samsung","samsung","Samsung laptop",2025-11-23,3,0,10,0
"core_expansion_b","Lenovo","donor_samsung","samsung","Samsung laptop",2025-11-30,3,0,10,0
"core_expansion_b","Lenovo","donor_samsung","samsung","Samsung laptop",2025-12-07,2,0,10,0
"core_expansion_b","Lenovo","donor_samsung","samsung","Samsung laptop",2025-12-14,2,0,10,0
"core_expansion_b","Lenovo","donor_samsung","samsung","Samsung laptop",2025-12-21,2,0,10,0
"core_expansion_b","Lenovo","donor_samsung","samsung","Samsung laptop",2025-12-28,2,0,10,0
"core_expansion_b","Lenovo","donor_samsung","samsung","Samsung laptop",2026-01-04,2,0,10,0
"core_expansion_b","Lenovo","donor_samsung","samsung","Samsung laptop",2026-01-11,2,0,10,0
"core_expansion_b","Lenovo","donor_samsung","samsung","Samsung laptop",2026-01-18,2,0,10,0
"core_expansion_b","Lenovo","donor_samsung","samsung","Samsung laptop",2026-01-25,2,0,10,0
"core_expansion_b","Lenovo","donor_samsung","samsung","Samsung laptop",2026-02-01,2,0,10,0
"core_expansion_b","Lenovo","donor_samsung","samsung","Samsung laptop",2026-02-08,2,0,10,0
"core_expansion_b","Lenovo","donor_samsung","samsung","Samsung laptop",2026-02-15,2,0,10,0
"core_expansion_b","Lenovo","donor_samsung","samsung","Samsung laptop",2026-02-22,2,0,10,0
"core_expansion_b","Lenovo","donor_samsung","samsung","Samsung laptop",2026-03-01,2,0,10,0
"core_expansion_b","Lenovo","donor_samsung","samsung","Samsung laptop",2026-03-08,2,0,10,0
"core_expansion_b","Lenovo","donor_samsung","samsung","Samsung laptop",2026-03-15,2,0,10,0
"core_expansion_b","Lenovo","donor_samsung","samsung","Samsung laptop",2026-03-22,5,0,10,0
"core_expansion_b","Lenovo","donor_samsung","samsung","Samsung laptop",2026-03-29,7,0,10,0
"core_expansion_b","Lenovo","donor_samsung","samsung","Samsung laptop",2026-04-05,7,0,10,0
"core_expansion_b","Lenovo","donor_samsung","samsung","Samsung laptop",2026-04-12,7,0,10,0
"core_expansion_b","Lenovo","donor_samsung","samsung","Samsung laptop",2026-04-19,6,0,10,0
"core_expansion_b","Lenovo","donor_samsung","samsung","Samsung laptop",2026-04-26,6,0,10,0
"core_expansion_b","Lenovo","donor_samsung","samsung","Samsung laptop",2026-05-03,8,0,10,0
"core_expansion_b","Lenovo","donor_samsung","samsung","Samsung laptop",2026-05-10,8,0,10,0
"core_expansion_b","Lenovo","donor_samsung","samsung","Samsung laptop",2026-05-17,6,0,10,0
"core_expansion_b","Lenovo","donor_samsung","samsung","Samsung laptop",2026-05-24,5,0,10,0
"core_expansion_b","Lenovo","donor_samsung","samsung","Samsung laptop",2026-05-31,5,0,10,0
"core_expansion_b","Lenovo","donor_samsung","samsung","Samsung laptop",2026-06-07,3,0,10,0
"core_expansion_b","Lenovo","donor_samsung","samsung","Samsung laptop",2026-06-14,3,0,10,0
"core_expansion_b","Lenovo","donor_samsung","samsung","Samsung laptop",2026-06-21,3,0,10,0
"core_expansion_b","Lenovo","donor_samsung","samsung","Samsung laptop",2026-06-28,2,0,10,0
"core_expansion_b","Lenovo","donor_samsung","samsung","Samsung laptop",2026-07-05,2,0,10,0
"core_expansion_b","Lenovo","donor_toshiba","toshiba","Toshiba laptop",2021-12-26,1,0,10,0
"core_expansion_b","Lenovo","donor_toshiba","toshiba","Toshiba laptop",2022-01-02,1,0,10,0
"core_expansion_b","Lenovo","donor_toshiba","toshiba","Toshiba laptop",2022-01-09,1,0,10,0
"core_expansion_b","Lenovo","donor_toshiba","toshiba","Toshiba laptop",2022-01-16,1,0,10,0
"core_expansion_b","Lenovo","donor_toshiba","toshiba","Toshiba laptop",2022-01-23,1,0,10,0
"core_expansion_b","Lenovo","donor_toshiba","toshiba","Toshiba laptop",2022-01-30,1,0,10,0
"core_expansion_b","Lenovo","donor_toshiba","toshiba","Toshiba laptop",2022-02-06,1,0,10,0
"core_expansion_b","Lenovo","donor_toshiba","toshiba","Toshiba laptop",2022-02-13,1,0,10,0
"core_expansion_b","Lenovo","donor_toshiba","toshiba","Toshiba laptop",2022-02-20,1,0,10,0
"core_expansion_b","Lenovo","donor_toshiba","toshiba","Toshiba laptop",2022-02-27,1,0,10,0
"core_expansion_b","Lenovo","donor_toshiba","toshiba","Toshiba laptop",2022-03-06,1,0,10,0
"core_expansion_b","Lenovo","donor_toshiba","toshiba","Toshiba laptop",2022-03-13,1,0,10,0
"core_expansion_b","Lenovo","donor_toshiba","toshiba","Toshiba laptop",2022-03-20,1,0,10,0
"core_expansion_b","Lenovo","donor_toshiba","toshiba","Toshiba laptop",2022-03-27,1,0,10,0
"core_expansion_b","Lenovo","donor_toshiba","toshiba","Toshiba laptop",2022-04-03,1,0,10,0
"core_expansion_b","Lenovo","donor_toshiba","toshiba","Toshiba laptop",2022-04-10,1,0,10,0
"core_expansion_b","Lenovo","donor_toshiba","toshiba","Toshiba laptop",2022-04-17,1,0,10,0
"core_expansion_b","Lenovo","donor_toshiba","toshiba","Toshiba laptop",2022-04-24,1,0,10,0
"core_expansion_b","Lenovo","donor_toshiba","toshiba","Toshiba laptop",2022-05-01,0,0,10,0
"core_expansion_b","Lenovo","donor_toshiba","toshiba","Toshiba laptop",2022-05-08,1,0,10,0
"core_expansion_b","Lenovo","donor_toshiba","toshiba","Toshiba laptop",2022-05-15,1,0,10,0
"core_expansion_b","Lenovo","donor_toshiba","toshiba","Toshiba laptop",2022-05-22,1,0,10,0
"core_expansion_b","Lenovo","donor_toshiba","toshiba","Toshiba laptop",2022-05-29,1,0,10,0
"core_expansion_b","Lenovo","donor_toshiba","toshiba","Toshiba laptop",2022-06-05,1,0,10,0
"core_expansion_b","Lenovo","donor_toshiba","toshiba","Toshiba laptop",2022-06-12,1,0,10,0
"core_expansion_b","Lenovo","donor_toshiba","toshiba","Toshiba laptop",2022-06-19,1,0,10,0
"core_expansion_b","Lenovo","donor_toshiba","toshiba","Toshiba laptop",2022-06-26,1,0,10,0
"core_expansion_b","Lenovo","donor_toshiba","toshiba","Toshiba laptop",2022-07-03,1,0,10,0
"core_expansion_b","Lenovo","donor_toshiba","toshiba","Toshiba laptop",2022-07-10,1,0,10,0
"core_expansion_b","Lenovo","donor_toshiba","toshiba","Toshiba laptop",2022-07-17,1,0,10,0
"core_expansion_b","Lenovo","donor_toshiba","toshiba","Toshiba laptop",2022-07-24,1,0,10,0
"core_expansion_b","Lenovo","donor_toshiba","toshiba","Toshiba laptop",2022-07-31,1,0,10,0
"core_expansion_b","Lenovo","donor_toshiba","toshiba","Toshiba laptop",2022-08-07,1,0,10,0
"core_expansion_b","Lenovo","donor_toshiba","toshiba","Toshiba laptop",2022-08-14,1,0,10,0
"core_expansion_b","Lenovo","donor_toshiba","toshiba","Toshiba laptop",2022-08-21,1,0,10,0
"core_expansion_b","Lenovo","donor_toshiba","toshiba","Toshiba laptop",2022-08-28,1,0,10,0
"core_expansion_b","Lenovo","donor_toshiba","toshiba","Toshiba laptop",2022-09-04,1,0,10,0
"core_expansion_b","Lenovo","donor_toshiba","toshiba","Toshiba laptop",2022-09-11,1,0,10,0
"core_expansion_b","Lenovo","donor_toshiba","toshiba","Toshiba laptop",2022-09-18,1,0,10,0
"core_expansion_b","Lenovo","donor_toshiba","toshiba","Toshiba laptop",2022-09-25,1,0,10,0
"core_expansion_b","Lenovo","donor_toshiba","toshiba","Toshiba laptop",2022-10-02,1,0,10,0
"core_expansion_b","Lenovo","donor_toshiba","toshiba","Toshiba laptop",2022-10-09,1,0,10,0
"core_expansion_b","Lenovo","donor_toshiba","toshiba","Toshiba laptop",2022-10-16,1,0,10,0
"core_expansion_b","Lenovo","donor_toshiba","toshiba","Toshiba laptop",2022-10-23,1,0,10,0
"core_expansion_b","Lenovo","donor_toshiba","toshiba","Toshiba laptop",2022-10-30,1,0,10,0
"core_expansion_b","Lenovo","donor_toshiba","toshiba","Toshiba laptop",2022-11-06,0,0,10,0
"core_expansion_b","Lenovo","donor_toshiba","toshiba","Toshiba laptop",2022-11-13,1,0,10,0
"core_expansion_b","Lenovo","donor_toshiba","toshiba","Toshiba laptop",2022-11-20,1,0,10,0
"core_expansion_b","Lenovo","donor_toshiba","toshiba","Toshiba laptop",2022-11-27,0,0,10,0
"core_expansion_b","Lenovo","donor_toshiba","toshiba","Toshiba laptop",2022-12-04,0,0,10,0
"core_expansion_b","Lenovo","donor_toshiba","toshiba","Toshiba laptop",2022-12-11,0,0,10,0
"core_expansion_b","Lenovo","donor_toshiba","toshiba","Toshiba laptop",2022-12-18,0,0,10,0
"core_expansion_b","Lenovo","donor_toshiba","toshiba","Toshiba laptop",2022-12-25,0,0,10,0
"core_expansion_b","Lenovo","donor_toshiba","toshiba","Toshiba laptop",2023-01-01,0,0,10,0
"core_expansion_b","Lenovo","donor_toshiba","toshiba","Toshiba laptop",2023-01-08,1,0,10,0
"core_expansion_b","Lenovo","donor_toshiba","toshiba","Toshiba laptop",2023-01-15,1,0,10,0
"core_expansion_b","Lenovo","donor_toshiba","toshiba","Toshiba laptop",2023-01-22,1,0,10,0
"core_expansion_b","Lenovo","donor_toshiba","toshiba","Toshiba laptop",2023-01-29,1,0,10,0
"core_expansion_b","Lenovo","donor_toshiba","toshiba","Toshiba laptop",2023-02-05,1,0,10,0
"core_expansion_b","Lenovo","donor_toshiba","toshiba","Toshiba laptop",2023-02-12,1,0,10,0
"core_expansion_b","Lenovo","donor_toshiba","toshiba","Toshiba laptop",2023-02-19,0,0,10,0
"core_expansion_b","Lenovo","donor_toshiba","toshiba","Toshiba laptop",2023-02-26,0,0,10,0
"core_expansion_b","Lenovo","donor_toshiba","toshiba","Toshiba laptop",2023-03-05,1,0,10,0
"core_expansion_b","Lenovo","donor_toshiba","toshiba","Toshiba laptop",2023-03-12,0,0,10,0
"core_expansion_b","Lenovo","donor_toshiba","toshiba","Toshiba laptop",2023-03-19,0,0,10,0
"core_expansion_b","Lenovo","donor_toshiba","toshiba","Toshiba laptop",2023-03-26,0,0,10,0
"core_expansion_b","Lenovo","donor_toshiba","toshiba","Toshiba laptop",2023-04-02,0,0,10,0
"core_expansion_b","Lenovo","donor_toshiba","toshiba","Toshiba laptop",2023-04-09,0,0,10,0
"core_expansion_b","Lenovo","donor_toshiba","toshiba","Toshiba laptop",2023-04-16,0,0,10,0
"core_expansion_b","Lenovo","donor_toshiba","toshiba","Toshiba laptop",2023-04-23,0,0,10,0
"core_expansion_b","Lenovo","donor_toshiba","toshiba","Toshiba laptop",2023-04-30,0,0,10,0
"core_expansion_b","Lenovo","donor_toshiba","toshiba","Toshiba laptop",2023-05-07,0,0,10,0
"core_expansion_b","Lenovo","donor_toshiba","toshiba","Toshiba laptop",2023-05-14,0,0,10,0
"core_expansion_b","Lenovo","donor_toshiba","toshiba","Toshiba laptop",2023-05-21,0,0,10,0
"core_expansion_b","Lenovo","donor_toshiba","toshiba","Toshiba laptop",2023-05-28,0,0,10,0
"core_expansion_b","Lenovo","donor_toshiba","toshiba","Toshiba laptop",2023-06-04,0,0,10,0
"core_expansion_b","Lenovo","donor_toshiba","toshiba","Toshiba laptop",2023-06-11,0,0,10,0
"core_expansion_b","Lenovo","donor_toshiba","toshiba","Toshiba laptop",2023-06-18,0,0,10,0
"core_expansion_b","Lenovo","donor_toshiba","toshiba","Toshiba laptop",2023-06-25,0,0,10,0
"core_expansion_b","Lenovo","donor_toshiba","toshiba","Toshiba laptop",2023-07-02,0,0,10,0
"core_expansion_b","Lenovo","donor_toshiba","toshiba","Toshiba laptop",2023-07-09,0,0,10,0
"core_expansion_b","Lenovo","donor_toshiba","toshiba","Toshiba laptop",2023-07-16,0,0,10,0
"core_expansion_b","Lenovo","donor_toshiba","toshiba","Toshiba laptop",2023-07-23,0,0,10,0
"core_expansion_b","Lenovo","donor_toshiba","toshiba","Toshiba laptop",2023-07-30,0,0,10,0
"core_expansion_b","Lenovo","donor_toshiba","toshiba","Toshiba laptop",2023-08-06,0,0,10,0
"core_expansion_b","Lenovo","donor_toshiba","toshiba","Toshiba laptop",2023-08-13,0,0,10,0
"core_expansion_b","Lenovo","donor_toshiba","toshiba","Toshiba laptop",2023-08-20,0,0,10,0
"core_expansion_b","Lenovo","donor_toshiba","toshiba","Toshiba laptop",2023-08-27,0,0,10,0
"core_expansion_b","Lenovo","donor_toshiba","toshiba","Toshiba laptop",2023-09-03,0,0,10,0
"core_expansion_b","Lenovo","donor_toshiba","toshiba","Toshiba laptop",2023-09-10,0,0,10,0
"core_expansion_b","Lenovo","donor_toshiba","toshiba","Toshiba laptop",2023-09-17,0,0,10,0
"core_expansion_b","Lenovo","donor_toshiba","toshiba","Toshiba laptop",2023-09-24,0,0,10,0
"core_expansion_b","Lenovo","donor_toshiba","toshiba","Toshiba laptop",2023-10-01,0,0,10,0
"core_expansion_b","Lenovo","donor_toshiba","toshiba","Toshiba laptop",2023-10-08,0,0,10,0
"core_expansion_b","Lenovo","donor_toshiba","toshiba","Toshiba laptop",2023-10-15,0,0,10,0
"core_expansion_b","Lenovo","donor_toshiba","toshiba","Toshiba laptop",2023-10-22,0,0,10,0
"core_expansion_b","Lenovo","donor_toshiba","toshiba","Toshiba laptop",2023-10-29,0,0,10,0
"core_expansion_b","Lenovo","donor_toshiba","toshiba","Toshiba laptop",2023-11-05,0,0,10,0
"core_expansion_b","Lenovo","donor_toshiba","toshiba","Toshiba laptop",2023-11-12,0,0,10,0
"core_expansion_b","Lenovo","donor_toshiba","toshiba","Toshiba laptop",2023-11-19,0,0,10,0
"core_expansion_b","Lenovo","donor_toshiba","toshiba","Toshiba laptop",2023-11-26,0,0,10,0
"core_expansion_b","Lenovo","donor_toshiba","toshiba","Toshiba laptop",2023-12-03,0,0,10,0
"core_expansion_b","Lenovo","donor_toshiba","toshiba","Toshiba laptop",2023-12-10,0,0,10,0
"core_expansion_b","Lenovo","donor_toshiba","toshiba","Toshiba laptop",2023-12-17,0,0,10,0
"core_expansion_b","Lenovo","donor_toshiba","toshiba","Toshiba laptop",2023-12-24,0,0,10,0
"core_expansion_b","Lenovo","donor_toshiba","toshiba","Toshiba laptop",2023-12-31,0,0,10,0
"core_expansion_b","Lenovo","donor_toshiba","toshiba","Toshiba laptop",2024-01-07,0,0,10,0
"core_expansion_b","Lenovo","donor_toshiba","toshiba","Toshiba laptop",2024-01-14,0,0,10,0
"core_expansion_b","Lenovo","donor_toshiba","toshiba","Toshiba laptop",2024-01-21,0,0,10,0
"core_expansion_b","Lenovo","donor_toshiba","toshiba","Toshiba laptop",2024-01-28,0,0,10,0
"core_expansion_b","Lenovo","donor_toshiba","toshiba","Toshiba laptop",2024-02-04,0,0,10,0
"core_expansion_b","Lenovo","donor_toshiba","toshiba","Toshiba laptop",2024-02-11,0,0,10,0
"core_expansion_b","Lenovo","donor_toshiba","toshiba","Toshiba laptop",2024-02-18,0,0,10,0
"core_expansion_b","Lenovo","donor_toshiba","toshiba","Toshiba laptop",2024-02-25,0,0,10,0
"core_expansion_b","Lenovo","donor_toshiba","toshiba","Toshiba laptop",2024-03-03,0,0,10,0
"core_expansion_b","Lenovo","donor_toshiba","toshiba","Toshiba laptop",2024-03-10,0,0,10,0
"core_expansion_b","Lenovo","donor_toshiba","toshiba","Toshiba laptop",2024-03-17,0,0,10,0
"core_expansion_b","Lenovo","donor_toshiba","toshiba","Toshiba laptop",2024-03-24,0,0,10,0
"core_expansion_b","Lenovo","donor_toshiba","toshiba","Toshiba laptop",2024-03-31,0,0,10,0
"core_expansion_b","Lenovo","donor_toshiba","toshiba","Toshiba laptop",2024-04-07,0,0,10,0
"core_expansion_b","Lenovo","donor_toshiba","toshiba","Toshiba laptop",2024-04-14,0,0,10,0
"core_expansion_b","Lenovo","donor_toshiba","toshiba","Toshiba laptop",2024-04-21,0,0,10,0
"core_expansion_b","Lenovo","donor_toshiba","toshiba","Toshiba laptop",2024-04-28,0,0,10,0
"core_expansion_b","Lenovo","donor_toshiba","toshiba","Toshiba laptop",2024-05-05,0,0,10,0
"core_expansion_b","Lenovo","donor_toshiba","toshiba","Toshiba laptop",2024-05-12,0,0,10,0
"core_expansion_b","Lenovo","donor_toshiba","toshiba","Toshiba laptop",2024-05-19,0,0,10,0
"core_expansion_b","Lenovo","donor_toshiba","toshiba","Toshiba laptop",2024-05-26,0,0,10,0
"core_expansion_b","Lenovo","donor_toshiba","toshiba","Toshiba laptop",2024-06-02,0,0,10,0
"core_expansion_b","Lenovo","donor_toshiba","toshiba","Toshiba laptop",2024-06-09,0,0,10,0
"core_expansion_b","Lenovo","donor_toshiba","toshiba","Toshiba laptop",2024-06-16,0,0,10,0
"core_expansion_b","Lenovo","donor_toshiba","toshiba","Toshiba laptop",2024-06-23,0,0,10,0
"core_expansion_b","Lenovo","donor_toshiba","toshiba","Toshiba laptop",2024-06-30,0,0,10,0
"core_expansion_b","Lenovo","donor_toshiba","toshiba","Toshiba laptop",2024-07-07,0,0,10,0
"core_expansion_b","Lenovo","donor_toshiba","toshiba","Toshiba laptop",2024-07-14,0,0,10,0
"core_expansion_b","Lenovo","donor_toshiba","toshiba","Toshiba laptop",2024-07-21,0,0,10,0
"core_expansion_b","Lenovo","donor_toshiba","toshiba","Toshiba laptop",2024-07-28,0,0,10,0
"core_expansion_b","Lenovo","donor_toshiba","toshiba","Toshiba laptop",2024-08-04,0,0,10,0
"core_expansion_b","Lenovo","donor_toshiba","toshiba","Toshiba laptop",2024-08-11,0,0,10,0
"core_expansion_b","Lenovo","donor_toshiba","toshiba","Toshiba laptop",2024-08-18,0,0,10,0
"core_expansion_b","Lenovo","donor_toshiba","toshiba","Toshiba laptop",2024-08-25,0,0,10,0
"core_expansion_b","Lenovo","donor_toshiba","toshiba","Toshiba laptop",2024-09-01,0,0,10,0
"core_expansion_b","Lenovo","donor_toshiba","toshiba","Toshiba laptop",2024-09-08,0,0,10,0
"core_expansion_b","Lenovo","donor_toshiba","toshiba","Toshiba laptop",2024-09-15,0,0,10,0
"core_expansion_b","Lenovo","donor_toshiba","toshiba","Toshiba laptop",2024-09-22,0,0,10,0
"core_expansion_b","Lenovo","donor_toshiba","toshiba","Toshiba laptop",2024-09-29,0,0,10,0
"core_expansion_b","Lenovo","donor_toshiba","toshiba","Toshiba laptop",2024-10-06,0,0,10,0
"core_expansion_b","Lenovo","donor_toshiba","toshiba","Toshiba laptop",2024-10-13,0,0,10,0
"core_expansion_b","Lenovo","donor_toshiba","toshiba","Toshiba laptop",2024-10-20,0,0,10,0
"core_expansion_b","Lenovo","donor_toshiba","toshiba","Toshiba laptop",2024-10-27,0,0,10,0
"core_expansion_b","Lenovo","donor_toshiba","toshiba","Toshiba laptop",2024-11-03,0,0,10,0
"core_expansion_b","Lenovo","donor_toshiba","toshiba","Toshiba laptop",2024-11-10,0,0,10,0
"core_expansion_b","Lenovo","donor_toshiba","toshiba","Toshiba laptop",2024-11-17,0,0,10,0
"core_expansion_b","Lenovo","donor_toshiba","toshiba","Toshiba laptop",2024-11-24,0,0,10,0
"core_expansion_b","Lenovo","donor_toshiba","toshiba","Toshiba laptop",2024-12-01,0,0,10,0
"core_expansion_b","Lenovo","donor_toshiba","toshiba","Toshiba laptop",2024-12-08,0,0,10,0
"core_expansion_b","Lenovo","donor_toshiba","toshiba","Toshiba laptop",2024-12-15,0,0,10,0
"core_expansion_b","Lenovo","donor_toshiba","toshiba","Toshiba laptop",2024-12-22,0,0,10,0
"core_expansion_b","Lenovo","donor_toshiba","toshiba","Toshiba laptop",2024-12-29,0,0,10,0
"core_expansion_b","Lenovo","donor_toshiba","toshiba","Toshiba laptop",2025-01-05,0,0,10,0
"core_expansion_b","Lenovo","donor_toshiba","toshiba","Toshiba laptop",2025-01-12,0,0,10,0
"core_expansion_b","Lenovo","donor_toshiba","toshiba","Toshiba laptop",2025-01-19,0,0,10,0
"core_expansion_b","Lenovo","donor_toshiba","toshiba","Toshiba laptop",2025-01-26,0,0,10,0
"core_expansion_b","Lenovo","donor_toshiba","toshiba","Toshiba laptop",2025-02-02,0,0,10,0
"core_expansion_b","Lenovo","donor_toshiba","toshiba","Toshiba laptop",2025-02-09,0,0,10,0
"core_expansion_b","Lenovo","donor_toshiba","toshiba","Toshiba laptop",2025-02-16,0,0,10,0
"core_expansion_b","Lenovo","donor_toshiba","toshiba","Toshiba laptop",2025-02-23,0,0,10,0
"core_expansion_b","Lenovo","donor_toshiba","toshiba","Toshiba laptop",2025-03-02,0,0,10,0
"core_expansion_b","Lenovo","donor_toshiba","toshiba","Toshiba laptop",2025-03-09,0,0,10,0
"core_expansion_b","Lenovo","donor_toshiba","toshiba","Toshiba laptop",2025-03-16,0,0,10,0
"core_expansion_b","Lenovo","donor_toshiba","toshiba","Toshiba laptop",2025-03-23,0,0,10,0
"core_expansion_b","Lenovo","donor_toshiba","toshiba","Toshiba laptop",2025-03-30,0,0,10,0
"core_expansion_b","Lenovo","donor_toshiba","toshiba","Toshiba laptop",2025-04-06,0,0,10,0
"core_expansion_b","Lenovo","donor_toshiba","toshiba","Toshiba laptop",2025-04-13,0,0,10,0
"core_expansion_b","Lenovo","donor_toshiba","toshiba","Toshiba laptop",2025-04-20,0,0,10,0
"core_expansion_b","Lenovo","donor_toshiba","toshiba","Toshiba laptop",2025-04-27,0,0,10,0
"core_expansion_b","Lenovo","donor_toshiba","toshiba","Toshiba laptop",2025-05-04,0,0,10,0
"core_expansion_b","Lenovo","donor_toshiba","toshiba","Toshiba laptop",2025-05-11,0,0,10,0
"core_expansion_b","Lenovo","donor_toshiba","toshiba","Toshiba laptop",2025-05-18,0,0,10,0
"core_expansion_b","Lenovo","donor_toshiba","toshiba","Toshiba laptop",2025-05-25,0,0,10,0
"core_expansion_b","Lenovo","donor_toshiba","toshiba","Toshiba laptop",2025-06-01,0,0,10,0
"core_expansion_b","Lenovo","donor_toshiba","toshiba","Toshiba laptop",2025-06-08,0,0,10,0
"core_expansion_b","Lenovo","donor_toshiba","toshiba","Toshiba laptop",2025-06-15,0,0,10,0
"core_expansion_b","Lenovo","donor_toshiba","toshiba","Toshiba laptop",2025-06-22,0,0,10,0
"core_expansion_b","Lenovo","donor_toshiba","toshiba","Toshiba laptop",2025-06-29,0,0,10,0
"core_expansion_b","Lenovo","donor_toshiba","toshiba","Toshiba laptop",2025-07-06,0,0,10,0
"core_expansion_b","Lenovo","donor_toshiba","toshiba","Toshiba laptop",2025-07-13,0,0,10,0
"core_expansion_b","Lenovo","donor_toshiba","toshiba","Toshiba laptop",2025-07-20,0,0,10,0
"core_expansion_b","Lenovo","donor_toshiba","toshiba","Toshiba laptop",2025-07-27,0,0,10,0
"core_expansion_b","Lenovo","donor_toshiba","toshiba","Toshiba laptop",2025-08-03,0,0,10,0
"core_expansion_b","Lenovo","donor_toshiba","toshiba","Toshiba laptop",2025-08-10,0,0,10,0
"core_expansion_b","Lenovo","donor_toshiba","toshiba","Toshiba laptop",2025-08-17,0,0,10,0
"core_expansion_b","Lenovo","donor_toshiba","toshiba","Toshiba laptop",2025-08-24,0,0,10,0
"core_expansion_b","Lenovo","donor_toshiba","toshiba","Toshiba laptop",2025-08-31,0,0,10,0
"core_expansion_b","Lenovo","donor_toshiba","toshiba","Toshiba laptop",2025-09-07,0,0,10,0
"core_expansion_b","Lenovo","donor_toshiba","toshiba","Toshiba laptop",2025-09-14,0,0,10,0
"core_expansion_b","Lenovo","donor_toshiba","toshiba","Toshiba laptop",2025-09-21,0,0,10,0
"core_expansion_b","Lenovo","donor_toshiba","toshiba","Toshiba laptop",2025-09-28,0,0,10,0
"core_expansion_b","Lenovo","donor_toshiba","toshiba","Toshiba laptop",2025-10-05,0,0,10,0
"core_expansion_b","Lenovo","donor_toshiba","toshiba","Toshiba laptop",2025-10-12,0,0,10,0
"core_expansion_b","Lenovo","donor_toshiba","toshiba","Toshiba laptop",2025-10-19,0,0,10,0
"core_expansion_b","Lenovo","donor_toshiba","toshiba","Toshiba laptop",2025-10-26,0,0,10,0
"core_expansion_b","Lenovo","donor_toshiba","toshiba","Toshiba laptop",2025-11-02,0,0,10,0
"core_expansion_b","Lenovo","donor_toshiba","toshiba","Toshiba laptop",2025-11-09,0,0,10,0
"core_expansion_b","Lenovo","donor_toshiba","toshiba","Toshiba laptop",2025-11-16,0,0,10,0
"core_expansion_b","Lenovo","donor_toshiba","toshiba","Toshiba laptop",2025-11-23,0,0,10,0
"core_expansion_b","Lenovo","donor_toshiba","toshiba","Toshiba laptop",2025-11-30,0,0,10,0
"core_expansion_b","Lenovo","donor_toshiba","toshiba","Toshiba laptop",2025-12-07,0,0,10,0
"core_expansion_b","Lenovo","donor_toshiba","toshiba","Toshiba laptop",2025-12-14,0,0,10,0
"core_expansion_b","Lenovo","donor_toshiba","toshiba","Toshiba laptop",2025-12-21,0,0,10,0
"core_expansion_b","Lenovo","donor_toshiba","toshiba","Toshiba laptop",2025-12-28,0,0,10,0
"core_expansion_b","Lenovo","donor_toshiba","toshiba","Toshiba laptop",2026-01-04,0,0,10,0
"core_expansion_b","Lenovo","donor_toshiba","toshiba","Toshiba laptop",2026-01-11,0,0,10,0
"core_expansion_b","Lenovo","donor_toshiba","toshiba","Toshiba laptop",2026-01-18,0,0,10,0
"core_expansion_b","Lenovo","donor_toshiba","toshiba","Toshiba laptop",2026-01-25,0,0,10,0
"core_expansion_b","Lenovo","donor_toshiba","toshiba","Toshiba laptop",2026-02-01,0,0,10,0
"core_expansion_b","Lenovo","donor_toshiba","toshiba","Toshiba laptop",2026-02-08,0,0,10,0
"core_expansion_b","Lenovo","donor_toshiba","toshiba","Toshiba laptop",2026-02-15,0,0,10,0
"core_expansion_b","Lenovo","donor_toshiba","toshiba","Toshiba laptop",2026-02-22,0,0,10,0
"core_expansion_b","Lenovo","donor_toshiba","toshiba","Toshiba laptop",2026-03-01,0,0,10,0
"core_expansion_b","Lenovo","donor_toshiba","toshiba","Toshiba laptop",2026-03-08,0,0,10,0
"core_expansion_b","Lenovo","donor_toshiba","toshiba","Toshiba laptop",2026-03-15,0,0,10,0
"core_expansion_b","Lenovo","donor_toshiba","toshiba","Toshiba laptop",2026-03-22,0,0,10,0
"core_expansion_b","Lenovo","donor_toshiba","toshiba","Toshiba laptop",2026-03-29,0,0,10,0
"core_expansion_b","Lenovo","donor_toshiba","toshiba","Toshiba laptop",2026-04-05,0,0,10,0
"core_expansion_b","Lenovo","donor_toshiba","toshiba","Toshiba laptop",2026-04-12,0,0,10,0
"core_expansion_b","Lenovo","donor_toshiba","toshiba","Toshiba laptop",2026-04-19,0,0,10,0
"core_expansion_b","Lenovo","donor_toshiba","toshiba","Toshiba laptop",2026-04-26,0,0,10,0
"core_expansion_b","Lenovo","donor_toshiba","toshiba","Toshiba laptop",2026-05-03,0,0,10,0
"core_expansion_b","Lenovo","donor_toshiba","toshiba","Toshiba laptop",2026-05-10,0,0,10,0
"core_expansion_b","Lenovo","donor_toshiba","toshiba","Toshiba laptop",2026-05-17,0,0,10,0
"core_expansion_b","Lenovo","donor_toshiba","toshiba","Toshiba laptop",2026-05-24,0,0,10,0
"core_expansion_b","Lenovo","donor_toshiba","toshiba","Toshiba laptop",2026-05-31,0,0,10,0
"core_expansion_b","Lenovo","donor_toshiba","toshiba","Toshiba laptop",2026-06-07,0,0,10,0
"core_expansion_b","Lenovo","donor_toshiba","toshiba","Toshiba laptop",2026-06-14,0,0,10,0
"core_expansion_b","Lenovo","donor_toshiba","toshiba","Toshiba laptop",2026-06-21,0,0,10,0
"core_expansion_b","Lenovo","donor_toshiba","toshiba","Toshiba laptop",2026-06-28,0,0,10,0
"core_expansion_b","Lenovo","donor_toshiba","toshiba","Toshiba laptop",2026-07-05,0,0,10,0
"core_expansion_c","Lenovo","anchor_lenovo","lenovo","Lenovo",2021-12-26,35.68264462809917,0,10,0
"core_expansion_c","Lenovo","anchor_lenovo","lenovo","Lenovo",2022-01-02,42.054545454545455,0,10,0
"core_expansion_c","Lenovo","anchor_lenovo","lenovo","Lenovo",2022-01-09,42.054545454545455,0,10,0
"core_expansion_c","Lenovo","anchor_lenovo","lenovo","Lenovo",2022-01-16,38.231404958677686,0,10,0
"core_expansion_c","Lenovo","anchor_lenovo","lenovo","Lenovo",2022-01-23,44.603305785123965,0,10,0
"core_expansion_c","Lenovo","anchor_lenovo","lenovo","Lenovo",2022-01-30,40.780165289256196,0,10,0
"core_expansion_c","Lenovo","anchor_lenovo","lenovo","Lenovo",2022-02-06,42.054545454545455,0,10,0
"core_expansion_c","Lenovo","anchor_lenovo","lenovo","Lenovo",2022-02-13,42.054545454545455,0,10,0
"core_expansion_c","Lenovo","anchor_lenovo","lenovo","Lenovo",2022-02-20,42.054545454545455,0,10,0
"core_expansion_c","Lenovo","anchor_lenovo","lenovo","Lenovo",2022-02-27,39.50578512396694,0,10,0
"core_expansion_c","Lenovo","anchor_lenovo","lenovo","Lenovo",2022-03-06,42.054545454545455,0,10,0
"core_expansion_c","Lenovo","anchor_lenovo","lenovo","Lenovo",2022-03-13,40.780165289256196,0,10,0
"core_expansion_c","Lenovo","anchor_lenovo","lenovo","Lenovo",2022-03-20,39.50578512396694,0,10,0
"core_expansion_c","Lenovo","anchor_lenovo","lenovo","Lenovo",2022-03-27,38.231404958677686,0,10,0
"core_expansion_c","Lenovo","anchor_lenovo","lenovo","Lenovo",2022-04-03,35.68264462809917,0,10,0
"core_expansion_c","Lenovo","anchor_lenovo","lenovo","Lenovo",2022-04-10,35.68264462809917,0,10,0
"core_expansion_c","Lenovo","anchor_lenovo","lenovo","Lenovo",2022-04-17,34.40826446280992,0,10,0
"core_expansion_c","Lenovo","anchor_lenovo","lenovo","Lenovo",2022-04-24,34.40826446280992,0,10,0
"core_expansion_c","Lenovo","anchor_lenovo","lenovo","Lenovo",2022-05-01,34.40826446280992,0,10,0
"core_expansion_c","Lenovo","anchor_lenovo","lenovo","Lenovo",2022-05-08,34.40826446280992,0,10,0
"core_expansion_c","Lenovo","anchor_lenovo","lenovo","Lenovo",2022-05-15,34.40826446280992,0,10,0
"core_expansion_c","Lenovo","anchor_lenovo","lenovo","Lenovo",2022-05-22,33.13388429752066,0,10,0
"core_expansion_c","Lenovo","anchor_lenovo","lenovo","Lenovo",2022-05-29,34.40826446280992,0,10,0
"core_expansion_c","Lenovo","anchor_lenovo","lenovo","Lenovo",2022-06-05,34.40826446280992,0,10,0
"core_expansion_c","Lenovo","anchor_lenovo","lenovo","Lenovo",2022-06-12,33.13388429752066,0,10,0
"core_expansion_c","Lenovo","anchor_lenovo","lenovo","Lenovo",2022-06-19,35.68264462809917,0,10,0
"core_expansion_c","Lenovo","anchor_lenovo","lenovo","Lenovo",2022-06-26,34.40826446280992,0,10,0
"core_expansion_c","Lenovo","anchor_lenovo","lenovo","Lenovo",2022-07-03,35.68264462809917,0,10,0
"core_expansion_c","Lenovo","anchor_lenovo","lenovo","Lenovo",2022-07-10,36.95702479338843,0,10,0
"core_expansion_c","Lenovo","anchor_lenovo","lenovo","Lenovo",2022-07-17,36.95702479338843,0,10,0
"core_expansion_c","Lenovo","anchor_lenovo","lenovo","Lenovo",2022-07-24,38.231404958677686,0,10,0
"core_expansion_c","Lenovo","anchor_lenovo","lenovo","Lenovo",2022-07-31,38.231404958677686,0,10,0
"core_expansion_c","Lenovo","anchor_lenovo","lenovo","Lenovo",2022-08-07,38.231404958677686,0,10,0
"core_expansion_c","Lenovo","anchor_lenovo","lenovo","Lenovo",2022-08-14,39.50578512396694,0,10,0
"core_expansion_c","Lenovo","anchor_lenovo","lenovo","Lenovo",2022-08-21,38.231404958677686,0,10,0
"core_expansion_c","Lenovo","anchor_lenovo","lenovo","Lenovo",2022-08-28,38.231404958677686,0,10,0
"core_expansion_c","Lenovo","anchor_lenovo","lenovo","Lenovo",2022-09-04,38.231404958677686,0,10,0
"core_expansion_c","Lenovo","anchor_lenovo","lenovo","Lenovo",2022-09-11,38.231404958677686,0,10,0
"core_expansion_c","Lenovo","anchor_lenovo","lenovo","Lenovo",2022-09-18,38.231404958677686,0,10,0
"core_expansion_c","Lenovo","anchor_lenovo","lenovo","Lenovo",2022-09-25,36.95702479338843,0,10,0
"core_expansion_c","Lenovo","anchor_lenovo","lenovo","Lenovo",2022-10-02,35.68264462809917,0,10,0
"core_expansion_c","Lenovo","anchor_lenovo","lenovo","Lenovo",2022-10-09,36.95702479338843,0,10,0
"core_expansion_c","Lenovo","anchor_lenovo","lenovo","Lenovo",2022-10-16,36.95702479338843,0,10,0
"core_expansion_c","Lenovo","anchor_lenovo","lenovo","Lenovo",2022-10-23,35.68264462809917,0,10,0
"core_expansion_c","Lenovo","anchor_lenovo","lenovo","Lenovo",2022-10-30,34.40826446280992,0,10,0
"core_expansion_c","Lenovo","anchor_lenovo","lenovo","Lenovo",2022-11-06,36.95702479338843,0,10,0
"core_expansion_c","Lenovo","anchor_lenovo","lenovo","Lenovo",2022-11-13,39.50578512396694,0,10,0
"core_expansion_c","Lenovo","anchor_lenovo","lenovo","Lenovo",2022-11-20,40.780165289256196,0,10,0
"core_expansion_c","Lenovo","anchor_lenovo","lenovo","Lenovo",2022-11-27,36.95702479338843,0,10,0
"core_expansion_c","Lenovo","anchor_lenovo","lenovo","Lenovo",2022-12-04,34.40826446280992,0,10,0
"core_expansion_c","Lenovo","anchor_lenovo","lenovo","Lenovo",2022-12-11,35.68264462809917,0,10,0
"core_expansion_c","Lenovo","anchor_lenovo","lenovo","Lenovo",2022-12-18,36.95702479338843,0,10,0
"core_expansion_c","Lenovo","anchor_lenovo","lenovo","Lenovo",2022-12-25,38.231404958677686,0,10,0
"core_expansion_c","Lenovo","anchor_lenovo","lenovo","Lenovo",2023-01-01,36.95702479338843,0,10,0
"core_expansion_c","Lenovo","anchor_lenovo","lenovo","Lenovo",2023-01-08,39.50578512396694,0,10,0
"core_expansion_c","Lenovo","anchor_lenovo","lenovo","Lenovo",2023-01-15,38.231404958677686,0,10,0
"core_expansion_c","Lenovo","anchor_lenovo","lenovo","Lenovo",2023-01-22,40.780165289256196,0,10,0
"core_expansion_c","Lenovo","anchor_lenovo","lenovo","Lenovo",2023-01-29,36.95702479338843,0,10,0
"core_expansion_c","Lenovo","anchor_lenovo","lenovo","Lenovo",2023-02-05,35.68264462809917,0,10,0
"core_expansion_c","Lenovo","anchor_lenovo","lenovo","Lenovo",2023-02-12,36.95702479338843,0,10,0
"core_expansion_c","Lenovo","anchor_lenovo","lenovo","Lenovo",2023-02-19,36.95702479338843,0,10,0
"core_expansion_c","Lenovo","anchor_lenovo","lenovo","Lenovo",2023-02-26,36.95702479338843,0,10,0
"core_expansion_c","Lenovo","anchor_lenovo","lenovo","Lenovo",2023-03-05,35.68264462809917,0,10,0
"core_expansion_c","Lenovo","anchor_lenovo","lenovo","Lenovo",2023-03-12,34.40826446280992,0,10,0
"core_expansion_c","Lenovo","anchor_lenovo","lenovo","Lenovo",2023-03-19,34.40826446280992,0,10,0
"core_expansion_c","Lenovo","anchor_lenovo","lenovo","Lenovo",2023-03-26,33.13388429752066,0,10,0
"core_expansion_c","Lenovo","anchor_lenovo","lenovo","Lenovo",2023-04-02,31.859504132231404,0,10,0
"core_expansion_c","Lenovo","anchor_lenovo","lenovo","Lenovo",2023-04-09,31.859504132231404,0,10,0
"core_expansion_c","Lenovo","anchor_lenovo","lenovo","Lenovo",2023-04-16,31.859504132231404,0,10,0
"core_expansion_c","Lenovo","anchor_lenovo","lenovo","Lenovo",2023-04-23,30.58512396694215,0,10,0
"core_expansion_c","Lenovo","anchor_lenovo","lenovo","Lenovo",2023-04-30,30.58512396694215,0,10,0
"core_expansion_c","Lenovo","anchor_lenovo","lenovo","Lenovo",2023-05-07,31.859504132231404,0,10,0
"core_expansion_c","Lenovo","anchor_lenovo","lenovo","Lenovo",2023-05-14,31.859504132231404,0,10,0
"core_expansion_c","Lenovo","anchor_lenovo","lenovo","Lenovo",2023-05-21,33.13388429752066,0,10,0
"core_expansion_c","Lenovo","anchor_lenovo","lenovo","Lenovo",2023-05-28,31.859504132231404,0,10,0
"core_expansion_c","Lenovo","anchor_lenovo","lenovo","Lenovo",2023-06-04,31.859504132231404,0,10,0
"core_expansion_c","Lenovo","anchor_lenovo","lenovo","Lenovo",2023-06-11,33.13388429752066,0,10,0
"core_expansion_c","Lenovo","anchor_lenovo","lenovo","Lenovo",2023-06-18,33.13388429752066,0,10,0
"core_expansion_c","Lenovo","anchor_lenovo","lenovo","Lenovo",2023-06-25,33.13388429752066,0,10,0
"core_expansion_c","Lenovo","anchor_lenovo","lenovo","Lenovo",2023-07-02,34.40826446280992,0,10,0
"core_expansion_c","Lenovo","anchor_lenovo","lenovo","Lenovo",2023-07-09,39.50578512396694,0,10,0
"core_expansion_c","Lenovo","anchor_lenovo","lenovo","Lenovo",2023-07-16,35.68264462809917,0,10,0
"core_expansion_c","Lenovo","anchor_lenovo","lenovo","Lenovo",2023-07-23,35.68264462809917,0,10,0
"core_expansion_c","Lenovo","anchor_lenovo","lenovo","Lenovo",2023-07-30,35.68264462809917,0,10,0
"core_expansion_c","Lenovo","anchor_lenovo","lenovo","Lenovo",2023-08-06,36.95702479338843,0,10,0
"core_expansion_c","Lenovo","anchor_lenovo","lenovo","Lenovo",2023-08-13,38.231404958677686,0,10,0
"core_expansion_c","Lenovo","anchor_lenovo","lenovo","Lenovo",2023-08-20,36.95702479338843,0,10,0
"core_expansion_c","Lenovo","anchor_lenovo","lenovo","Lenovo",2023-08-27,39.50578512396694,0,10,0
"core_expansion_c","Lenovo","anchor_lenovo","lenovo","Lenovo",2023-09-03,38.231404958677686,0,10,0
"core_expansion_c","Lenovo","anchor_lenovo","lenovo","Lenovo",2023-09-10,36.95702479338843,0,10,0
"core_expansion_c","Lenovo","anchor_lenovo","lenovo","Lenovo",2023-09-17,36.95702479338843,0,10,0
"core_expansion_c","Lenovo","anchor_lenovo","lenovo","Lenovo",2023-09-24,36.95702479338843,0,10,0
"core_expansion_c","Lenovo","anchor_lenovo","lenovo","Lenovo",2023-10-01,35.68264462809917,0,10,0
"core_expansion_c","Lenovo","anchor_lenovo","lenovo","Lenovo",2023-10-08,36.95702479338843,0,10,0
"core_expansion_c","Lenovo","anchor_lenovo","lenovo","Lenovo",2023-10-15,35.68264462809917,0,10,0
"core_expansion_c","Lenovo","anchor_lenovo","lenovo","Lenovo",2023-10-22,35.68264462809917,0,10,0
"core_expansion_c","Lenovo","anchor_lenovo","lenovo","Lenovo",2023-10-29,36.95702479338843,0,10,0
"core_expansion_c","Lenovo","anchor_lenovo","lenovo","Lenovo",2023-11-05,38.231404958677686,0,10,0
"core_expansion_c","Lenovo","anchor_lenovo","lenovo","Lenovo",2023-11-12,40.780165289256196,0,10,0
"core_expansion_c","Lenovo","anchor_lenovo","lenovo","Lenovo",2023-11-19,45.87768595041322,0,10,0
"core_expansion_c","Lenovo","anchor_lenovo","lenovo","Lenovo",2023-11-26,40.780165289256196,0,10,0
"core_expansion_c","Lenovo","anchor_lenovo","lenovo","Lenovo",2023-12-03,38.231404958677686,0,10,0
"core_expansion_c","Lenovo","anchor_lenovo","lenovo","Lenovo",2023-12-10,36.95702479338843,0,10,0
"core_expansion_c","Lenovo","anchor_lenovo","lenovo","Lenovo",2023-12-17,38.231404958677686,0,10,0
"core_expansion_c","Lenovo","anchor_lenovo","lenovo","Lenovo",2023-12-24,40.780165289256196,0,10,0
"core_expansion_c","Lenovo","anchor_lenovo","lenovo","Lenovo",2023-12-31,35.68264462809917,0,10,0
"core_expansion_c","Lenovo","anchor_lenovo","lenovo","Lenovo",2024-01-07,38.231404958677686,0,10,0
"core_expansion_c","Lenovo","anchor_lenovo","lenovo","Lenovo",2024-01-14,36.95702479338843,0,10,0
"core_expansion_c","Lenovo","anchor_lenovo","lenovo","Lenovo",2024-01-21,39.50578512396694,0,10,0
"core_expansion_c","Lenovo","anchor_lenovo","lenovo","Lenovo",2024-01-28,39.50578512396694,0,10,0
"core_expansion_c","Lenovo","anchor_lenovo","lenovo","Lenovo",2024-02-04,38.231404958677686,0,10,0
"core_expansion_c","Lenovo","anchor_lenovo","lenovo","Lenovo",2024-02-11,36.95702479338843,0,10,0
"core_expansion_c","Lenovo","anchor_lenovo","lenovo","Lenovo",2024-02-18,38.231404958677686,0,10,0
"core_expansion_c","Lenovo","anchor_lenovo","lenovo","Lenovo",2024-02-25,38.231404958677686,0,10,0
"core_expansion_c","Lenovo","anchor_lenovo","lenovo","Lenovo",2024-03-03,36.95702479338843,0,10,0
"core_expansion_c","Lenovo","anchor_lenovo","lenovo","Lenovo",2024-03-10,35.68264462809917,0,10,0
"core_expansion_c","Lenovo","anchor_lenovo","lenovo","Lenovo",2024-03-17,36.95702479338843,0,10,0
"core_expansion_c","Lenovo","anchor_lenovo","lenovo","Lenovo",2024-03-24,35.68264462809917,0,10,0
"core_expansion_c","Lenovo","anchor_lenovo","lenovo","Lenovo",2024-03-31,35.68264462809917,0,10,0
"core_expansion_c","Lenovo","anchor_lenovo","lenovo","Lenovo",2024-04-07,33.13388429752066,0,10,0
"core_expansion_c","Lenovo","anchor_lenovo","lenovo","Lenovo",2024-04-14,34.40826446280992,0,10,0
"core_expansion_c","Lenovo","anchor_lenovo","lenovo","Lenovo",2024-04-21,33.13388429752066,0,10,0
"core_expansion_c","Lenovo","anchor_lenovo","lenovo","Lenovo",2024-04-28,33.13388429752066,0,10,0
"core_expansion_c","Lenovo","anchor_lenovo","lenovo","Lenovo",2024-05-05,33.13388429752066,0,10,0
"core_expansion_c","Lenovo","anchor_lenovo","lenovo","Lenovo",2024-05-12,34.40826446280992,0,10,0
"core_expansion_c","Lenovo","anchor_lenovo","lenovo","Lenovo",2024-05-19,34.40826446280992,0,10,0
"core_expansion_c","Lenovo","anchor_lenovo","lenovo","Lenovo",2024-05-26,35.68264462809917,0,10,0
"core_expansion_c","Lenovo","anchor_lenovo","lenovo","Lenovo",2024-06-02,33.13388429752066,0,10,0
"core_expansion_c","Lenovo","anchor_lenovo","lenovo","Lenovo",2024-06-09,34.40826446280992,0,10,0
"core_expansion_c","Lenovo","anchor_lenovo","lenovo","Lenovo",2024-06-16,34.40826446280992,0,10,0
"core_expansion_c","Lenovo","anchor_lenovo","lenovo","Lenovo",2024-06-23,33.13388429752066,0,10,0
"core_expansion_c","Lenovo","anchor_lenovo","lenovo","Lenovo",2024-06-30,34.40826446280992,0,10,0
"core_expansion_c","Lenovo","anchor_lenovo","lenovo","Lenovo",2024-07-07,36.95702479338843,0,10,0
"core_expansion_c","Lenovo","anchor_lenovo","lenovo","Lenovo",2024-07-14,39.50578512396694,0,10,0
"core_expansion_c","Lenovo","anchor_lenovo","lenovo","Lenovo",2024-07-21,36.95702479338843,0,10,0
"core_expansion_c","Lenovo","anchor_lenovo","lenovo","Lenovo",2024-07-28,34.40826446280992,0,10,0
"core_expansion_c","Lenovo","anchor_lenovo","lenovo","Lenovo",2024-08-04,36.95702479338843,0,10,0
"core_expansion_c","Lenovo","anchor_lenovo","lenovo","Lenovo",2024-08-11,38.231404958677686,0,10,0
"core_expansion_c","Lenovo","anchor_lenovo","lenovo","Lenovo",2024-08-18,40.780165289256196,0,10,0
"core_expansion_c","Lenovo","anchor_lenovo","lenovo","Lenovo",2024-08-25,39.50578512396694,0,10,0
"core_expansion_c","Lenovo","anchor_lenovo","lenovo","Lenovo",2024-09-01,39.50578512396694,0,10,0
"core_expansion_c","Lenovo","anchor_lenovo","lenovo","Lenovo",2024-09-08,40.780165289256196,0,10,0
"core_expansion_c","Lenovo","anchor_lenovo","lenovo","Lenovo",2024-09-15,39.50578512396694,0,10,0
"core_expansion_c","Lenovo","anchor_lenovo","lenovo","Lenovo",2024-09-22,39.50578512396694,0,10,0
"core_expansion_c","Lenovo","anchor_lenovo","lenovo","Lenovo",2024-09-29,38.231404958677686,0,10,0
"core_expansion_c","Lenovo","anchor_lenovo","lenovo","Lenovo",2024-10-06,39.50578512396694,0,10,0
"core_expansion_c","Lenovo","anchor_lenovo","lenovo","Lenovo",2024-10-13,38.231404958677686,0,10,0
"core_expansion_c","Lenovo","anchor_lenovo","lenovo","Lenovo",2024-10-20,38.231404958677686,0,10,0
"core_expansion_c","Lenovo","anchor_lenovo","lenovo","Lenovo",2024-10-27,38.231404958677686,0,10,0
"core_expansion_c","Lenovo","anchor_lenovo","lenovo","Lenovo",2024-11-03,38.231404958677686,0,10,0
"core_expansion_c","Lenovo","anchor_lenovo","lenovo","Lenovo",2024-11-10,42.054545454545455,0,10,0
"core_expansion_c","Lenovo","anchor_lenovo","lenovo","Lenovo",2024-11-17,44.603305785123965,0,10,0
"core_expansion_c","Lenovo","anchor_lenovo","lenovo","Lenovo",2024-11-24,49.70082644628099,0,10,0
"core_expansion_c","Lenovo","anchor_lenovo","lenovo","Lenovo",2024-12-01,44.603305785123965,0,10,0
"core_expansion_c","Lenovo","anchor_lenovo","lenovo","Lenovo",2024-12-08,42.054545454545455,0,10,0
"core_expansion_c","Lenovo","anchor_lenovo","lenovo","Lenovo",2024-12-15,39.50578512396694,0,10,0
"core_expansion_c","Lenovo","anchor_lenovo","lenovo","Lenovo",2024-12-22,44.603305785123965,0,10,0
"core_expansion_c","Lenovo","anchor_lenovo","lenovo","Lenovo",2024-12-29,40.780165289256196,0,10,0
"core_expansion_c","Lenovo","anchor_lenovo","lenovo","Lenovo",2025-01-05,44.603305785123965,0,10,0
"core_expansion_c","Lenovo","anchor_lenovo","lenovo","Lenovo",2025-01-12,40.780165289256196,0,10,0
"core_expansion_c","Lenovo","anchor_lenovo","lenovo","Lenovo",2025-01-19,43.328925619834706,0,10,0
"core_expansion_c","Lenovo","anchor_lenovo","lenovo","Lenovo",2025-01-26,40.780165289256196,0,10,0
"core_expansion_c","Lenovo","anchor_lenovo","lenovo","Lenovo",2025-02-02,40.780165289256196,0,10,0
"core_expansion_c","Lenovo","anchor_lenovo","lenovo","Lenovo",2025-02-09,42.054545454545455,0,10,0
"core_expansion_c","Lenovo","anchor_lenovo","lenovo","Lenovo",2025-02-16,40.780165289256196,0,10,0
"core_expansion_c","Lenovo","anchor_lenovo","lenovo","Lenovo",2025-02-23,40.780165289256196,0,10,0
"core_expansion_c","Lenovo","anchor_lenovo","lenovo","Lenovo",2025-03-02,39.50578512396694,0,10,0
"core_expansion_c","Lenovo","anchor_lenovo","lenovo","Lenovo",2025-03-09,38.231404958677686,0,10,0
"core_expansion_c","Lenovo","anchor_lenovo","lenovo","Lenovo",2025-03-16,40.780165289256196,0,10,0
"core_expansion_c","Lenovo","anchor_lenovo","lenovo","Lenovo",2025-03-23,39.50578512396694,0,10,0
"core_expansion_c","Lenovo","anchor_lenovo","lenovo","Lenovo",2025-03-30,38.231404958677686,0,10,0
"core_expansion_c","Lenovo","anchor_lenovo","lenovo","Lenovo",2025-04-06,38.231404958677686,0,10,0
"core_expansion_c","Lenovo","anchor_lenovo","lenovo","Lenovo",2025-04-13,36.95702479338843,0,10,0
"core_expansion_c","Lenovo","anchor_lenovo","lenovo","Lenovo",2025-04-20,38.231404958677686,0,10,0
"core_expansion_c","Lenovo","anchor_lenovo","lenovo","Lenovo",2025-04-27,34.40826446280992,0,10,0
"core_expansion_c","Lenovo","anchor_lenovo","lenovo","Lenovo",2025-05-04,36.95702479338843,0,10,0
"core_expansion_c","Lenovo","anchor_lenovo","lenovo","Lenovo",2025-05-11,36.95702479338843,0,10,0
"core_expansion_c","Lenovo","anchor_lenovo","lenovo","Lenovo",2025-05-18,38.231404958677686,0,10,0
"core_expansion_c","Lenovo","anchor_lenovo","lenovo","Lenovo",2025-05-25,38.231404958677686,0,10,0
"core_expansion_c","Lenovo","anchor_lenovo","lenovo","Lenovo",2025-06-01,38.231404958677686,0,10,0
"core_expansion_c","Lenovo","anchor_lenovo","lenovo","Lenovo",2025-06-08,38.231404958677686,0,10,0
"core_expansion_c","Lenovo","anchor_lenovo","lenovo","Lenovo",2025-06-15,38.231404958677686,0,10,0
"core_expansion_c","Lenovo","anchor_lenovo","lenovo","Lenovo",2025-06-22,40.780165289256196,0,10,0
"core_expansion_c","Lenovo","anchor_lenovo","lenovo","Lenovo",2025-06-29,38.231404958677686,0,10,0
"core_expansion_c","Lenovo","anchor_lenovo","lenovo","Lenovo",2025-07-06,42.054545454545455,0,10,0
"core_expansion_c","Lenovo","anchor_lenovo","lenovo","Lenovo",2025-07-13,42.054545454545455,0,10,0
"core_expansion_c","Lenovo","anchor_lenovo","lenovo","Lenovo",2025-07-20,47.152066115702475,0,10,0
"core_expansion_c","Lenovo","anchor_lenovo","lenovo","Lenovo",2025-07-27,48.42644628099173,0,10,0
"core_expansion_c","Lenovo","anchor_lenovo","lenovo","Lenovo",2025-08-03,53.52396694214876,0,10,0
"core_expansion_c","Lenovo","anchor_lenovo","lenovo","Lenovo",2025-08-10,56.07272727272728,0,10,0
"core_expansion_c","Lenovo","anchor_lenovo","lenovo","Lenovo",2025-08-17,59.89586776859504,0,10,0
"core_expansion_c","Lenovo","anchor_lenovo","lenovo","Lenovo",2025-08-24,66.26776859504132,0,10,0
"core_expansion_c","Lenovo","anchor_lenovo","lenovo","Lenovo",2025-08-31,66.26776859504132,0,10,0
"core_expansion_c","Lenovo","anchor_lenovo","lenovo","Lenovo",2025-09-07,62.444628099173556,0,10,0
"core_expansion_c","Lenovo","anchor_lenovo","lenovo","Lenovo",2025-09-14,58.62148760330579,0,10,0
"core_expansion_c","Lenovo","anchor_lenovo","lenovo","Lenovo",2025-09-21,62.444628099173556,0,10,0
"core_expansion_c","Lenovo","anchor_lenovo","lenovo","Lenovo",2025-09-28,58.62148760330579,0,10,0
"core_expansion_c","Lenovo","anchor_lenovo","lenovo","Lenovo",2025-10-05,57.34710743801653,0,10,0
"core_expansion_c","Lenovo","anchor_lenovo","lenovo","Lenovo",2025-10-12,57.34710743801653,0,10,0
"core_expansion_c","Lenovo","anchor_lenovo","lenovo","Lenovo",2025-10-19,58.62148760330579,0,10,0
"core_expansion_c","Lenovo","anchor_lenovo","lenovo","Lenovo",2025-10-26,53.52396694214876,0,10,0
"core_expansion_c","Lenovo","anchor_lenovo","lenovo","Lenovo",2025-11-02,58.62148760330579,0,10,0
"core_expansion_c","Lenovo","anchor_lenovo","lenovo","Lenovo",2025-11-09,59.89586776859504,0,10,0
"core_expansion_c","Lenovo","anchor_lenovo","lenovo","Lenovo",2025-11-16,59.89586776859504,0,10,0
"core_expansion_c","Lenovo","anchor_lenovo","lenovo","Lenovo",2025-11-23,66.26776859504132,0,10,0
"core_expansion_c","Lenovo","anchor_lenovo","lenovo","Lenovo",2025-11-30,56.07272727272728,0,10,0
"core_expansion_c","Lenovo","anchor_lenovo","lenovo","Lenovo",2025-12-07,48.42644628099173,0,10,0
"core_expansion_c","Lenovo","anchor_lenovo","lenovo","Lenovo",2025-12-14,52.249586776859495,0,10,0
"core_expansion_c","Lenovo","anchor_lenovo","lenovo","Lenovo",2025-12-21,45.87768595041322,0,10,0
"core_expansion_c","Lenovo","anchor_lenovo","lenovo","Lenovo",2025-12-28,42.054545454545455,0,10,0
"core_expansion_c","Lenovo","anchor_lenovo","lenovo","Lenovo",2026-01-04,45.87768595041322,0,10,0
"core_expansion_c","Lenovo","anchor_lenovo","lenovo","Lenovo",2026-01-11,47.152066115702475,0,10,0
"core_expansion_c","Lenovo","anchor_lenovo","lenovo","Lenovo",2026-01-18,48.42644628099173,0,10,0
"core_expansion_c","Lenovo","anchor_lenovo","lenovo","Lenovo",2026-01-25,48.42644628099173,0,10,0
"core_expansion_c","Lenovo","anchor_lenovo","lenovo","Lenovo",2026-02-01,48.42644628099173,0,10,0
"core_expansion_c","Lenovo","anchor_lenovo","lenovo","Lenovo",2026-02-08,49.70082644628099,0,10,0
"core_expansion_c","Lenovo","anchor_lenovo","lenovo","Lenovo",2026-02-15,47.152066115702475,0,10,0
"core_expansion_c","Lenovo","anchor_lenovo","lenovo","Lenovo",2026-02-22,47.152066115702475,0,10,0
"core_expansion_c","Lenovo","anchor_lenovo","lenovo","Lenovo",2026-03-01,52.249586776859495,0,10,0
"core_expansion_c","Lenovo","anchor_lenovo","lenovo","Lenovo",2026-03-08,56.07272727272728,0,10,0
"core_expansion_c","Lenovo","anchor_lenovo","lenovo","Lenovo",2026-03-15,50.97520661157024,0,10,0
"core_expansion_c","Lenovo","anchor_lenovo","lenovo","Lenovo",2026-03-22,71.36528925619834,0,10,0
"core_expansion_c","Lenovo","anchor_lenovo","lenovo","Lenovo",2026-03-29,85.38347107438015,0,10,0
"core_expansion_c","Lenovo","anchor_lenovo","lenovo","Lenovo",2026-04-05,86.65785123966941,0,10,0
"core_expansion_c","Lenovo","anchor_lenovo","lenovo","Lenovo",2026-04-12,89.20661157024793,0,10,0
"core_expansion_c","Lenovo","anchor_lenovo","lenovo","Lenovo",2026-04-19,80.28595041322313,0,10,0
"core_expansion_c","Lenovo","anchor_lenovo","lenovo","Lenovo",2026-04-26,80.28595041322313,0,10,0
"core_expansion_c","Lenovo","anchor_lenovo","lenovo","Lenovo",2026-05-03,100.67603305785123,0,10,0
"core_expansion_c","Lenovo","anchor_lenovo","lenovo","Lenovo",2026-05-10,94.30413223140495,0,10,0
"core_expansion_c","Lenovo","anchor_lenovo","lenovo","Lenovo",2026-05-17,71.36528925619834,0,10,0
"core_expansion_c","Lenovo","anchor_lenovo","lenovo","Lenovo",2026-05-24,63.71900826446281,0,10,0
"core_expansion_c","Lenovo","anchor_lenovo","lenovo","Lenovo",2026-05-31,68.81652892561983,0,10,0
"core_expansion_c","Lenovo","anchor_lenovo","lenovo","Lenovo",2026-06-07,58.62148760330579,0,10,0
"core_expansion_c","Lenovo","anchor_lenovo","lenovo","Lenovo",2026-06-14,53.52396694214876,0,10,0
"core_expansion_c","Lenovo","anchor_lenovo","lenovo","Lenovo",2026-06-21,56.07272727272728,0,10,0
"core_expansion_c","Lenovo","anchor_lenovo","lenovo","Lenovo",2026-06-28,45.87768595041322,0,10,0
"core_expansion_c","Lenovo","anchor_lenovo","lenovo","Lenovo",2026-07-05,43.328925619834706,0,10,0
"core_expansion_c","Lenovo","donor_framework","framework","Framework laptop",2021-12-26,0,0,10,0
"core_expansion_c","Lenovo","donor_framework","framework","Framework laptop",2022-01-02,0,0,10,0
"core_expansion_c","Lenovo","donor_framework","framework","Framework laptop",2022-01-09,0,0,10,0
"core_expansion_c","Lenovo","donor_framework","framework","Framework laptop",2022-01-16,0,0,10,0
"core_expansion_c","Lenovo","donor_framework","framework","Framework laptop",2022-01-23,0,0,10,0
"core_expansion_c","Lenovo","donor_framework","framework","Framework laptop",2022-01-30,0,0,10,0
"core_expansion_c","Lenovo","donor_framework","framework","Framework laptop",2022-02-06,0,0,10,0
"core_expansion_c","Lenovo","donor_framework","framework","Framework laptop",2022-02-13,0,0,10,0
"core_expansion_c","Lenovo","donor_framework","framework","Framework laptop",2022-02-20,0,0,10,0
"core_expansion_c","Lenovo","donor_framework","framework","Framework laptop",2022-02-27,0,0,10,0
"core_expansion_c","Lenovo","donor_framework","framework","Framework laptop",2022-03-06,0,0,10,0
"core_expansion_c","Lenovo","donor_framework","framework","Framework laptop",2022-03-13,0,0,10,0
"core_expansion_c","Lenovo","donor_framework","framework","Framework laptop",2022-03-20,0,0,10,0
"core_expansion_c","Lenovo","donor_framework","framework","Framework laptop",2022-03-27,0,0,10,0
"core_expansion_c","Lenovo","donor_framework","framework","Framework laptop",2022-04-03,0,0,10,0
"core_expansion_c","Lenovo","donor_framework","framework","Framework laptop",2022-04-10,0,0,10,0
"core_expansion_c","Lenovo","donor_framework","framework","Framework laptop",2022-04-17,0,0,10,0
"core_expansion_c","Lenovo","donor_framework","framework","Framework laptop",2022-04-24,0,0,10,0
"core_expansion_c","Lenovo","donor_framework","framework","Framework laptop",2022-05-01,0,0,10,0
"core_expansion_c","Lenovo","donor_framework","framework","Framework laptop",2022-05-08,0,0,10,0
"core_expansion_c","Lenovo","donor_framework","framework","Framework laptop",2022-05-15,0,0,10,0
"core_expansion_c","Lenovo","donor_framework","framework","Framework laptop",2022-05-22,0,0,10,0
"core_expansion_c","Lenovo","donor_framework","framework","Framework laptop",2022-05-29,0,0,10,0
"core_expansion_c","Lenovo","donor_framework","framework","Framework laptop",2022-06-05,0,0,10,0
"core_expansion_c","Lenovo","donor_framework","framework","Framework laptop",2022-06-12,0,0,10,0
"core_expansion_c","Lenovo","donor_framework","framework","Framework laptop",2022-06-19,0,0,10,0
"core_expansion_c","Lenovo","donor_framework","framework","Framework laptop",2022-06-26,0,0,10,0
"core_expansion_c","Lenovo","donor_framework","framework","Framework laptop",2022-07-03,0,0,10,0
"core_expansion_c","Lenovo","donor_framework","framework","Framework laptop",2022-07-10,0,0,10,0
"core_expansion_c","Lenovo","donor_framework","framework","Framework laptop",2022-07-17,0,0,10,0
"core_expansion_c","Lenovo","donor_framework","framework","Framework laptop",2022-07-24,0,0,10,0
"core_expansion_c","Lenovo","donor_framework","framework","Framework laptop",2022-07-31,0,0,10,0
"core_expansion_c","Lenovo","donor_framework","framework","Framework laptop",2022-08-07,0,0,10,0
"core_expansion_c","Lenovo","donor_framework","framework","Framework laptop",2022-08-14,0,0,10,0
"core_expansion_c","Lenovo","donor_framework","framework","Framework laptop",2022-08-21,0,0,10,0
"core_expansion_c","Lenovo","donor_framework","framework","Framework laptop",2022-08-28,0,0,10,0
"core_expansion_c","Lenovo","donor_framework","framework","Framework laptop",2022-09-04,0,0,10,0
"core_expansion_c","Lenovo","donor_framework","framework","Framework laptop",2022-09-11,0,0,10,0
"core_expansion_c","Lenovo","donor_framework","framework","Framework laptop",2022-09-18,0,0,10,0
"core_expansion_c","Lenovo","donor_framework","framework","Framework laptop",2022-09-25,0,0,10,0
"core_expansion_c","Lenovo","donor_framework","framework","Framework laptop",2022-10-02,0,0,10,0
"core_expansion_c","Lenovo","donor_framework","framework","Framework laptop",2022-10-09,0,0,10,0
"core_expansion_c","Lenovo","donor_framework","framework","Framework laptop",2022-10-16,0,0,10,0
"core_expansion_c","Lenovo","donor_framework","framework","Framework laptop",2022-10-23,0,0,10,0
"core_expansion_c","Lenovo","donor_framework","framework","Framework laptop",2022-10-30,0,0,10,0
"core_expansion_c","Lenovo","donor_framework","framework","Framework laptop",2022-11-06,0,0,10,0
"core_expansion_c","Lenovo","donor_framework","framework","Framework laptop",2022-11-13,0,0,10,0
"core_expansion_c","Lenovo","donor_framework","framework","Framework laptop",2022-11-20,0,0,10,0
"core_expansion_c","Lenovo","donor_framework","framework","Framework laptop",2022-11-27,0,0,10,0
"core_expansion_c","Lenovo","donor_framework","framework","Framework laptop",2022-12-04,0,0,10,0
"core_expansion_c","Lenovo","donor_framework","framework","Framework laptop",2022-12-11,0,0,10,0
"core_expansion_c","Lenovo","donor_framework","framework","Framework laptop",2022-12-18,0,0,10,0
"core_expansion_c","Lenovo","donor_framework","framework","Framework laptop",2022-12-25,0,0,10,0
"core_expansion_c","Lenovo","donor_framework","framework","Framework laptop",2023-01-01,0,0,10,0
"core_expansion_c","Lenovo","donor_framework","framework","Framework laptop",2023-01-08,0,0,10,0
"core_expansion_c","Lenovo","donor_framework","framework","Framework laptop",2023-01-15,0,0,10,0
"core_expansion_c","Lenovo","donor_framework","framework","Framework laptop",2023-01-22,0,0,10,0
"core_expansion_c","Lenovo","donor_framework","framework","Framework laptop",2023-01-29,0,0,10,0
"core_expansion_c","Lenovo","donor_framework","framework","Framework laptop",2023-02-05,0,0,10,0
"core_expansion_c","Lenovo","donor_framework","framework","Framework laptop",2023-02-12,0,0,10,0
"core_expansion_c","Lenovo","donor_framework","framework","Framework laptop",2023-02-19,0,0,10,0
"core_expansion_c","Lenovo","donor_framework","framework","Framework laptop",2023-02-26,0,0,10,0
"core_expansion_c","Lenovo","donor_framework","framework","Framework laptop",2023-03-05,0,0,10,0
"core_expansion_c","Lenovo","donor_framework","framework","Framework laptop",2023-03-12,0,0,10,0
"core_expansion_c","Lenovo","donor_framework","framework","Framework laptop",2023-03-19,0,0,10,0
"core_expansion_c","Lenovo","donor_framework","framework","Framework laptop",2023-03-26,1.2743801652892561,0,10,0
"core_expansion_c","Lenovo","donor_framework","framework","Framework laptop",2023-04-02,0,0,10,0
"core_expansion_c","Lenovo","donor_framework","framework","Framework laptop",2023-04-09,0,0,10,0
"core_expansion_c","Lenovo","donor_framework","framework","Framework laptop",2023-04-16,0,0,10,0
"core_expansion_c","Lenovo","donor_framework","framework","Framework laptop",2023-04-23,0,0,10,0
"core_expansion_c","Lenovo","donor_framework","framework","Framework laptop",2023-04-30,0,0,10,0
"core_expansion_c","Lenovo","donor_framework","framework","Framework laptop",2023-05-07,0,0,10,0
"core_expansion_c","Lenovo","donor_framework","framework","Framework laptop",2023-05-14,0,0,10,0
"core_expansion_c","Lenovo","donor_framework","framework","Framework laptop",2023-05-21,0,0,10,0
"core_expansion_c","Lenovo","donor_framework","framework","Framework laptop",2023-05-28,0,0,10,0
"core_expansion_c","Lenovo","donor_framework","framework","Framework laptop",2023-06-04,0,0,10,0
"core_expansion_c","Lenovo","donor_framework","framework","Framework laptop",2023-06-11,0,0,10,0
"core_expansion_c","Lenovo","donor_framework","framework","Framework laptop",2023-06-18,1.2743801652892561,0,10,0
"core_expansion_c","Lenovo","donor_framework","framework","Framework laptop",2023-06-25,0,0,10,0
"core_expansion_c","Lenovo","donor_framework","framework","Framework laptop",2023-07-02,0,0,10,0
"core_expansion_c","Lenovo","donor_framework","framework","Framework laptop",2023-07-09,0,0,10,0
"core_expansion_c","Lenovo","donor_framework","framework","Framework laptop",2023-07-16,0,0,10,0
"core_expansion_c","Lenovo","donor_framework","framework","Framework laptop",2023-07-23,0,0,10,0
"core_expansion_c","Lenovo","donor_framework","framework","Framework laptop",2023-07-30,0,0,10,0
"core_expansion_c","Lenovo","donor_framework","framework","Framework laptop",2023-08-06,0,0,10,0
"core_expansion_c","Lenovo","donor_framework","framework","Framework laptop",2023-08-13,0,0,10,0
"core_expansion_c","Lenovo","donor_framework","framework","Framework laptop",2023-08-20,0,0,10,0
"core_expansion_c","Lenovo","donor_framework","framework","Framework laptop",2023-08-27,0,0,10,0
"core_expansion_c","Lenovo","donor_framework","framework","Framework laptop",2023-09-03,0,0,10,0
"core_expansion_c","Lenovo","donor_framework","framework","Framework laptop",2023-09-10,0,0,10,0
"core_expansion_c","Lenovo","donor_framework","framework","Framework laptop",2023-09-17,0,0,10,0
"core_expansion_c","Lenovo","donor_framework","framework","Framework laptop",2023-09-24,0,0,10,0
"core_expansion_c","Lenovo","donor_framework","framework","Framework laptop",2023-10-01,0,0,10,0
"core_expansion_c","Lenovo","donor_framework","framework","Framework laptop",2023-10-08,0,0,10,0
"core_expansion_c","Lenovo","donor_framework","framework","Framework laptop",2023-10-15,0,0,10,0
"core_expansion_c","Lenovo","donor_framework","framework","Framework laptop",2023-10-22,0,0,10,0
"core_expansion_c","Lenovo","donor_framework","framework","Framework laptop",2023-10-29,0,0,10,0
"core_expansion_c","Lenovo","donor_framework","framework","Framework laptop",2023-11-05,0,0,10,0
"core_expansion_c","Lenovo","donor_framework","framework","Framework laptop",2023-11-12,0,0,10,0
"core_expansion_c","Lenovo","donor_framework","framework","Framework laptop",2023-11-19,0,0,10,0
"core_expansion_c","Lenovo","donor_framework","framework","Framework laptop",2023-11-26,0,0,10,0
"core_expansion_c","Lenovo","donor_framework","framework","Framework laptop",2023-12-03,0,0,10,0
"core_expansion_c","Lenovo","donor_framework","framework","Framework laptop",2023-12-10,0,0,10,0
"core_expansion_c","Lenovo","donor_framework","framework","Framework laptop",2023-12-17,0,0,10,0
"core_expansion_c","Lenovo","donor_framework","framework","Framework laptop",2023-12-24,0,0,10,0
"core_expansion_c","Lenovo","donor_framework","framework","Framework laptop",2023-12-31,0,0,10,0
"core_expansion_c","Lenovo","donor_framework","framework","Framework laptop",2024-01-07,0,0,10,0
"core_expansion_c","Lenovo","donor_framework","framework","Framework laptop",2024-01-14,0,0,10,0
"core_expansion_c","Lenovo","donor_framework","framework","Framework laptop",2024-01-21,0,0,10,0
"core_expansion_c","Lenovo","donor_framework","framework","Framework laptop",2024-01-28,0,0,10,0
"core_expansion_c","Lenovo","donor_framework","framework","Framework laptop",2024-02-04,0,0,10,0
"core_expansion_c","Lenovo","donor_framework","framework","Framework laptop",2024-02-11,0,0,10,0
"core_expansion_c","Lenovo","donor_framework","framework","Framework laptop",2024-02-18,0,0,10,0
"core_expansion_c","Lenovo","donor_framework","framework","Framework laptop",2024-02-25,0,0,10,0
"core_expansion_c","Lenovo","donor_framework","framework","Framework laptop",2024-03-03,0,0,10,0
"core_expansion_c","Lenovo","donor_framework","framework","Framework laptop",2024-03-10,0,0,10,0
"core_expansion_c","Lenovo","donor_framework","framework","Framework laptop",2024-03-17,0,0,10,0
"core_expansion_c","Lenovo","donor_framework","framework","Framework laptop",2024-03-24,0,0,10,0
"core_expansion_c","Lenovo","donor_framework","framework","Framework laptop",2024-03-31,0,0,10,0
"core_expansion_c","Lenovo","donor_framework","framework","Framework laptop",2024-04-07,0,0,10,0
"core_expansion_c","Lenovo","donor_framework","framework","Framework laptop",2024-04-14,0,0,10,0
"core_expansion_c","Lenovo","donor_framework","framework","Framework laptop",2024-04-21,0,0,10,0
"core_expansion_c","Lenovo","donor_framework","framework","Framework laptop",2024-04-28,0,0,10,0
"core_expansion_c","Lenovo","donor_framework","framework","Framework laptop",2024-05-05,0,0,10,0
"core_expansion_c","Lenovo","donor_framework","framework","Framework laptop",2024-05-12,0,0,10,0
"core_expansion_c","Lenovo","donor_framework","framework","Framework laptop",2024-05-19,0,0,10,0
"core_expansion_c","Lenovo","donor_framework","framework","Framework laptop",2024-05-26,0,0,10,0
"core_expansion_c","Lenovo","donor_framework","framework","Framework laptop",2024-06-02,0,0,10,0
"core_expansion_c","Lenovo","donor_framework","framework","Framework laptop",2024-06-09,0,0,10,0
"core_expansion_c","Lenovo","donor_framework","framework","Framework laptop",2024-06-16,0,0,10,0
"core_expansion_c","Lenovo","donor_framework","framework","Framework laptop",2024-06-23,0,0,10,0
"core_expansion_c","Lenovo","donor_framework","framework","Framework laptop",2024-06-30,0,0,10,0
"core_expansion_c","Lenovo","donor_framework","framework","Framework laptop",2024-07-07,0,0,10,0
"core_expansion_c","Lenovo","donor_framework","framework","Framework laptop",2024-07-14,0,0,10,0
"core_expansion_c","Lenovo","donor_framework","framework","Framework laptop",2024-07-21,0,0,10,0
"core_expansion_c","Lenovo","donor_framework","framework","Framework laptop",2024-07-28,0,0,10,0
"core_expansion_c","Lenovo","donor_framework","framework","Framework laptop",2024-08-04,0,0,10,0
"core_expansion_c","Lenovo","donor_framework","framework","Framework laptop",2024-08-11,0,0,10,0
"core_expansion_c","Lenovo","donor_framework","framework","Framework laptop",2024-08-18,0,0,10,0
"core_expansion_c","Lenovo","donor_framework","framework","Framework laptop",2024-08-25,0,0,10,0
"core_expansion_c","Lenovo","donor_framework","framework","Framework laptop",2024-09-01,0,0,10,0
"core_expansion_c","Lenovo","donor_framework","framework","Framework laptop",2024-09-08,0,0,10,0
"core_expansion_c","Lenovo","donor_framework","framework","Framework laptop",2024-09-15,0,0,10,0
"core_expansion_c","Lenovo","donor_framework","framework","Framework laptop",2024-09-22,0,0,10,0
"core_expansion_c","Lenovo","donor_framework","framework","Framework laptop",2024-09-29,0,0,10,0
"core_expansion_c","Lenovo","donor_framework","framework","Framework laptop",2024-10-06,0,0,10,0
"core_expansion_c","Lenovo","donor_framework","framework","Framework laptop",2024-10-13,0,0,10,0
"core_expansion_c","Lenovo","donor_framework","framework","Framework laptop",2024-10-20,0,0,10,0
"core_expansion_c","Lenovo","donor_framework","framework","Framework laptop",2024-10-27,0,0,10,0
"core_expansion_c","Lenovo","donor_framework","framework","Framework laptop",2024-11-03,0,0,10,0
"core_expansion_c","Lenovo","donor_framework","framework","Framework laptop",2024-11-10,0,0,10,0
"core_expansion_c","Lenovo","donor_framework","framework","Framework laptop",2024-11-17,0,0,10,0
"core_expansion_c","Lenovo","donor_framework","framework","Framework laptop",2024-11-24,0,0,10,0
"core_expansion_c","Lenovo","donor_framework","framework","Framework laptop",2024-12-01,0,0,10,0
"core_expansion_c","Lenovo","donor_framework","framework","Framework laptop",2024-12-08,0,0,10,0
"core_expansion_c","Lenovo","donor_framework","framework","Framework laptop",2024-12-15,0,0,10,0
"core_expansion_c","Lenovo","donor_framework","framework","Framework laptop",2024-12-22,0,0,10,0
"core_expansion_c","Lenovo","donor_framework","framework","Framework laptop",2024-12-29,0,0,10,0
"core_expansion_c","Lenovo","donor_framework","framework","Framework laptop",2025-01-05,0,0,10,0
"core_expansion_c","Lenovo","donor_framework","framework","Framework laptop",2025-01-12,0,0,10,0
"core_expansion_c","Lenovo","donor_framework","framework","Framework laptop",2025-01-19,0,0,10,0
"core_expansion_c","Lenovo","donor_framework","framework","Framework laptop",2025-01-26,0,0,10,0
"core_expansion_c","Lenovo","donor_framework","framework","Framework laptop",2025-02-02,0,0,10,0
"core_expansion_c","Lenovo","donor_framework","framework","Framework laptop",2025-02-09,0,0,10,0
"core_expansion_c","Lenovo","donor_framework","framework","Framework laptop",2025-02-16,0,0,10,0
"core_expansion_c","Lenovo","donor_framework","framework","Framework laptop",2025-02-23,0,0,10,0
"core_expansion_c","Lenovo","donor_framework","framework","Framework laptop",2025-03-02,0,0,10,0
"core_expansion_c","Lenovo","donor_framework","framework","Framework laptop",2025-03-09,0,0,10,0
"core_expansion_c","Lenovo","donor_framework","framework","Framework laptop",2025-03-16,0,0,10,0
"core_expansion_c","Lenovo","donor_framework","framework","Framework laptop",2025-03-23,0,0,10,0
"core_expansion_c","Lenovo","donor_framework","framework","Framework laptop",2025-03-30,0,0,10,0
"core_expansion_c","Lenovo","donor_framework","framework","Framework laptop",2025-04-06,0,0,10,0
"core_expansion_c","Lenovo","donor_framework","framework","Framework laptop",2025-04-13,0,0,10,0
"core_expansion_c","Lenovo","donor_framework","framework","Framework laptop",2025-04-20,0,0,10,0
"core_expansion_c","Lenovo","donor_framework","framework","Framework laptop",2025-04-27,0,0,10,0
"core_expansion_c","Lenovo","donor_framework","framework","Framework laptop",2025-05-04,0,0,10,0
"core_expansion_c","Lenovo","donor_framework","framework","Framework laptop",2025-05-11,0,0,10,0
"core_expansion_c","Lenovo","donor_framework","framework","Framework laptop",2025-05-18,0,0,10,0
"core_expansion_c","Lenovo","donor_framework","framework","Framework laptop",2025-05-25,0,0,10,0
"core_expansion_c","Lenovo","donor_framework","framework","Framework laptop",2025-06-01,0,0,10,0
"core_expansion_c","Lenovo","donor_framework","framework","Framework laptop",2025-06-08,0,0,10,0
"core_expansion_c","Lenovo","donor_framework","framework","Framework laptop",2025-06-15,0,0,10,0
"core_expansion_c","Lenovo","donor_framework","framework","Framework laptop",2025-06-22,0,0,10,0
"core_expansion_c","Lenovo","donor_framework","framework","Framework laptop",2025-06-29,0,0,10,0
"core_expansion_c","Lenovo","donor_framework","framework","Framework laptop",2025-07-06,0,0,10,0
"core_expansion_c","Lenovo","donor_framework","framework","Framework laptop",2025-07-13,0,0,10,0
"core_expansion_c","Lenovo","donor_framework","framework","Framework laptop",2025-07-20,0,0,10,0
"core_expansion_c","Lenovo","donor_framework","framework","Framework laptop",2025-07-27,0,0,10,0
"core_expansion_c","Lenovo","donor_framework","framework","Framework laptop",2025-08-03,0,0,10,0
"core_expansion_c","Lenovo","donor_framework","framework","Framework laptop",2025-08-10,0,0,10,0
"core_expansion_c","Lenovo","donor_framework","framework","Framework laptop",2025-08-17,0,0,10,0
"core_expansion_c","Lenovo","donor_framework","framework","Framework laptop",2025-08-24,1.2743801652892561,0,10,0
"core_expansion_c","Lenovo","donor_framework","framework","Framework laptop",2025-08-31,1.2743801652892561,0,10,0
"core_expansion_c","Lenovo","donor_framework","framework","Framework laptop",2025-09-07,1.2743801652892561,0,10,0
"core_expansion_c","Lenovo","donor_framework","framework","Framework laptop",2025-09-14,0,0,10,0
"core_expansion_c","Lenovo","donor_framework","framework","Framework laptop",2025-09-21,0,0,10,0
"core_expansion_c","Lenovo","donor_framework","framework","Framework laptop",2025-09-28,0,0,10,0
"core_expansion_c","Lenovo","donor_framework","framework","Framework laptop",2025-10-05,0,0,10,0
"core_expansion_c","Lenovo","donor_framework","framework","Framework laptop",2025-10-12,1.2743801652892561,0,10,0
"core_expansion_c","Lenovo","donor_framework","framework","Framework laptop",2025-10-19,1.2743801652892561,0,10,0
"core_expansion_c","Lenovo","donor_framework","framework","Framework laptop",2025-10-26,0,0,10,0
"core_expansion_c","Lenovo","donor_framework","framework","Framework laptop",2025-11-02,1.2743801652892561,0,10,0
"core_expansion_c","Lenovo","donor_framework","framework","Framework laptop",2025-11-09,1.2743801652892561,0,10,0
"core_expansion_c","Lenovo","donor_framework","framework","Framework laptop",2025-11-16,0,0,10,0
"core_expansion_c","Lenovo","donor_framework","framework","Framework laptop",2025-11-23,1.2743801652892561,0,10,0
"core_expansion_c","Lenovo","donor_framework","framework","Framework laptop",2025-11-30,0,0,10,0
"core_expansion_c","Lenovo","donor_framework","framework","Framework laptop",2025-12-07,0,0,10,0
"core_expansion_c","Lenovo","donor_framework","framework","Framework laptop",2025-12-14,0,0,10,0
"core_expansion_c","Lenovo","donor_framework","framework","Framework laptop",2025-12-21,0,0,10,0
"core_expansion_c","Lenovo","donor_framework","framework","Framework laptop",2025-12-28,0,0,10,0
"core_expansion_c","Lenovo","donor_framework","framework","Framework laptop",2026-01-04,0,0,10,0
"core_expansion_c","Lenovo","donor_framework","framework","Framework laptop",2026-01-11,0,0,10,0
"core_expansion_c","Lenovo","donor_framework","framework","Framework laptop",2026-01-18,0,0,10,0
"core_expansion_c","Lenovo","donor_framework","framework","Framework laptop",2026-01-25,0,0,10,0
"core_expansion_c","Lenovo","donor_framework","framework","Framework laptop",2026-02-01,0,0,10,0
"core_expansion_c","Lenovo","donor_framework","framework","Framework laptop",2026-02-08,0,0,10,0
"core_expansion_c","Lenovo","donor_framework","framework","Framework laptop",2026-02-15,0,0,10,0
"core_expansion_c","Lenovo","donor_framework","framework","Framework laptop",2026-02-22,0,0,10,0
"core_expansion_c","Lenovo","donor_framework","framework","Framework laptop",2026-03-01,0,0,10,0
"core_expansion_c","Lenovo","donor_framework","framework","Framework laptop",2026-03-08,0,0,10,0
"core_expansion_c","Lenovo","donor_framework","framework","Framework laptop",2026-03-15,0,0,10,0
"core_expansion_c","Lenovo","donor_framework","framework","Framework laptop",2026-03-22,0,0,10,0
"core_expansion_c","Lenovo","donor_framework","framework","Framework laptop",2026-03-29,0,0,10,0
"core_expansion_c","Lenovo","donor_framework","framework","Framework laptop",2026-04-05,0,0,10,0
"core_expansion_c","Lenovo","donor_framework","framework","Framework laptop",2026-04-12,0,0,10,0
"core_expansion_c","Lenovo","donor_framework","framework","Framework laptop",2026-04-19,1.2743801652892561,0,10,0
"core_expansion_c","Lenovo","donor_framework","framework","Framework laptop",2026-04-26,1.2743801652892561,0,10,0
"core_expansion_c","Lenovo","donor_framework","framework","Framework laptop",2026-05-03,1.2743801652892561,0,10,0
"core_expansion_c","Lenovo","donor_framework","framework","Framework laptop",2026-05-10,1.2743801652892561,0,10,0
"core_expansion_c","Lenovo","donor_framework","framework","Framework laptop",2026-05-17,1.2743801652892561,0,10,0
"core_expansion_c","Lenovo","donor_framework","framework","Framework laptop",2026-05-24,0,0,10,0
"core_expansion_c","Lenovo","donor_framework","framework","Framework laptop",2026-05-31,1.2743801652892561,0,10,0
"core_expansion_c","Lenovo","donor_framework","framework","Framework laptop",2026-06-07,0,0,10,0
"core_expansion_c","Lenovo","donor_framework","framework","Framework laptop",2026-06-14,0,0,10,0
"core_expansion_c","Lenovo","donor_framework","framework","Framework laptop",2026-06-21,1.2743801652892561,0,10,0
"core_expansion_c","Lenovo","donor_framework","framework","Framework laptop",2026-06-28,0,0,10,0
"core_expansion_c","Lenovo","donor_framework","framework","Framework laptop",2026-07-05,0,0,10,0
"core_expansion_c","Lenovo","donor_lg_gram","lg_gram","LG gram",2021-12-26,0,0,10,0
"core_expansion_c","Lenovo","donor_lg_gram","lg_gram","LG gram",2022-01-02,0,0,10,0
"core_expansion_c","Lenovo","donor_lg_gram","lg_gram","LG gram",2022-01-09,0,0,10,0
"core_expansion_c","Lenovo","donor_lg_gram","lg_gram","LG gram",2022-01-16,0,0,10,0
"core_expansion_c","Lenovo","donor_lg_gram","lg_gram","LG gram",2022-01-23,0,0,10,0
"core_expansion_c","Lenovo","donor_lg_gram","lg_gram","LG gram",2022-01-30,0,0,10,0
"core_expansion_c","Lenovo","donor_lg_gram","lg_gram","LG gram",2022-02-06,0,0,10,0
"core_expansion_c","Lenovo","donor_lg_gram","lg_gram","LG gram",2022-02-13,0,0,10,0
"core_expansion_c","Lenovo","donor_lg_gram","lg_gram","LG gram",2022-02-20,0,0,10,0
"core_expansion_c","Lenovo","donor_lg_gram","lg_gram","LG gram",2022-02-27,0,0,10,0
"core_expansion_c","Lenovo","donor_lg_gram","lg_gram","LG gram",2022-03-06,0,0,10,0
"core_expansion_c","Lenovo","donor_lg_gram","lg_gram","LG gram",2022-03-13,0,0,10,0
"core_expansion_c","Lenovo","donor_lg_gram","lg_gram","LG gram",2022-03-20,0,0,10,0
"core_expansion_c","Lenovo","donor_lg_gram","lg_gram","LG gram",2022-03-27,0,0,10,0
"core_expansion_c","Lenovo","donor_lg_gram","lg_gram","LG gram",2022-04-03,0,0,10,0
"core_expansion_c","Lenovo","donor_lg_gram","lg_gram","LG gram",2022-04-10,0,0,10,0
"core_expansion_c","Lenovo","donor_lg_gram","lg_gram","LG gram",2022-04-17,0,0,10,0
"core_expansion_c","Lenovo","donor_lg_gram","lg_gram","LG gram",2022-04-24,0,0,10,0
"core_expansion_c","Lenovo","donor_lg_gram","lg_gram","LG gram",2022-05-01,0,0,10,0
"core_expansion_c","Lenovo","donor_lg_gram","lg_gram","LG gram",2022-05-08,0,0,10,0
"core_expansion_c","Lenovo","donor_lg_gram","lg_gram","LG gram",2022-05-15,0,0,10,0
"core_expansion_c","Lenovo","donor_lg_gram","lg_gram","LG gram",2022-05-22,0,0,10,0
"core_expansion_c","Lenovo","donor_lg_gram","lg_gram","LG gram",2022-05-29,0,0,10,0
"core_expansion_c","Lenovo","donor_lg_gram","lg_gram","LG gram",2022-06-05,0,0,10,0
"core_expansion_c","Lenovo","donor_lg_gram","lg_gram","LG gram",2022-06-12,0,0,10,0
"core_expansion_c","Lenovo","donor_lg_gram","lg_gram","LG gram",2022-06-19,0,0,10,0
"core_expansion_c","Lenovo","donor_lg_gram","lg_gram","LG gram",2022-06-26,0,0,10,0
"core_expansion_c","Lenovo","donor_lg_gram","lg_gram","LG gram",2022-07-03,0,0,10,0
"core_expansion_c","Lenovo","donor_lg_gram","lg_gram","LG gram",2022-07-10,0,0,10,0
"core_expansion_c","Lenovo","donor_lg_gram","lg_gram","LG gram",2022-07-17,0,0,10,0
"core_expansion_c","Lenovo","donor_lg_gram","lg_gram","LG gram",2022-07-24,0,0,10,0
"core_expansion_c","Lenovo","donor_lg_gram","lg_gram","LG gram",2022-07-31,0,0,10,0
"core_expansion_c","Lenovo","donor_lg_gram","lg_gram","LG gram",2022-08-07,0,0,10,0
"core_expansion_c","Lenovo","donor_lg_gram","lg_gram","LG gram",2022-08-14,0,0,10,0
"core_expansion_c","Lenovo","donor_lg_gram","lg_gram","LG gram",2022-08-21,0,0,10,0
"core_expansion_c","Lenovo","donor_lg_gram","lg_gram","LG gram",2022-08-28,0,0,10,0
"core_expansion_c","Lenovo","donor_lg_gram","lg_gram","LG gram",2022-09-04,0,0,10,0
"core_expansion_c","Lenovo","donor_lg_gram","lg_gram","LG gram",2022-09-11,0,0,10,0
"core_expansion_c","Lenovo","donor_lg_gram","lg_gram","LG gram",2022-09-18,0,0,10,0
"core_expansion_c","Lenovo","donor_lg_gram","lg_gram","LG gram",2022-09-25,0,0,10,0
"core_expansion_c","Lenovo","donor_lg_gram","lg_gram","LG gram",2022-10-02,0,0,10,0
"core_expansion_c","Lenovo","donor_lg_gram","lg_gram","LG gram",2022-10-09,0,0,10,0
"core_expansion_c","Lenovo","donor_lg_gram","lg_gram","LG gram",2022-10-16,0,0,10,0
"core_expansion_c","Lenovo","donor_lg_gram","lg_gram","LG gram",2022-10-23,0,0,10,0
"core_expansion_c","Lenovo","donor_lg_gram","lg_gram","LG gram",2022-10-30,0,0,10,0
"core_expansion_c","Lenovo","donor_lg_gram","lg_gram","LG gram",2022-11-06,0,0,10,0
"core_expansion_c","Lenovo","donor_lg_gram","lg_gram","LG gram",2022-11-13,0,0,10,0
"core_expansion_c","Lenovo","donor_lg_gram","lg_gram","LG gram",2022-11-20,0,0,10,0
"core_expansion_c","Lenovo","donor_lg_gram","lg_gram","LG gram",2022-11-27,0,0,10,0
"core_expansion_c","Lenovo","donor_lg_gram","lg_gram","LG gram",2022-12-04,0,0,10,0
"core_expansion_c","Lenovo","donor_lg_gram","lg_gram","LG gram",2022-12-11,0,0,10,0
"core_expansion_c","Lenovo","donor_lg_gram","lg_gram","LG gram",2022-12-18,0,0,10,0
"core_expansion_c","Lenovo","donor_lg_gram","lg_gram","LG gram",2022-12-25,0,0,10,0
"core_expansion_c","Lenovo","donor_lg_gram","lg_gram","LG gram",2023-01-01,0,0,10,0
"core_expansion_c","Lenovo","donor_lg_gram","lg_gram","LG gram",2023-01-08,0,0,10,0
"core_expansion_c","Lenovo","donor_lg_gram","lg_gram","LG gram",2023-01-15,0,0,10,0
"core_expansion_c","Lenovo","donor_lg_gram","lg_gram","LG gram",2023-01-22,0,0,10,0
"core_expansion_c","Lenovo","donor_lg_gram","lg_gram","LG gram",2023-01-29,0,0,10,0
"core_expansion_c","Lenovo","donor_lg_gram","lg_gram","LG gram",2023-02-05,0,0,10,0
"core_expansion_c","Lenovo","donor_lg_gram","lg_gram","LG gram",2023-02-12,0,0,10,0
"core_expansion_c","Lenovo","donor_lg_gram","lg_gram","LG gram",2023-02-19,0,0,10,0
"core_expansion_c","Lenovo","donor_lg_gram","lg_gram","LG gram",2023-02-26,0,0,10,0
"core_expansion_c","Lenovo","donor_lg_gram","lg_gram","LG gram",2023-03-05,0,0,10,0
"core_expansion_c","Lenovo","donor_lg_gram","lg_gram","LG gram",2023-03-12,0,0,10,0
"core_expansion_c","Lenovo","donor_lg_gram","lg_gram","LG gram",2023-03-19,0,0,10,0
"core_expansion_c","Lenovo","donor_lg_gram","lg_gram","LG gram",2023-03-26,0,0,10,0
"core_expansion_c","Lenovo","donor_lg_gram","lg_gram","LG gram",2023-04-02,0,0,10,0
"core_expansion_c","Lenovo","donor_lg_gram","lg_gram","LG gram",2023-04-09,0,0,10,0
"core_expansion_c","Lenovo","donor_lg_gram","lg_gram","LG gram",2023-04-16,0,0,10,0
"core_expansion_c","Lenovo","donor_lg_gram","lg_gram","LG gram",2023-04-23,0,0,10,0
"core_expansion_c","Lenovo","donor_lg_gram","lg_gram","LG gram",2023-04-30,0,0,10,0
"core_expansion_c","Lenovo","donor_lg_gram","lg_gram","LG gram",2023-05-07,0,0,10,0
"core_expansion_c","Lenovo","donor_lg_gram","lg_gram","LG gram",2023-05-14,0,0,10,0
"core_expansion_c","Lenovo","donor_lg_gram","lg_gram","LG gram",2023-05-21,0,0,10,0
"core_expansion_c","Lenovo","donor_lg_gram","lg_gram","LG gram",2023-05-28,0,0,10,0
"core_expansion_c","Lenovo","donor_lg_gram","lg_gram","LG gram",2023-06-04,0,0,10,0
"core_expansion_c","Lenovo","donor_lg_gram","lg_gram","LG gram",2023-06-11,0,0,10,0
"core_expansion_c","Lenovo","donor_lg_gram","lg_gram","LG gram",2023-06-18,0,0,10,0
"core_expansion_c","Lenovo","donor_lg_gram","lg_gram","LG gram",2023-06-25,0,0,10,0
"core_expansion_c","Lenovo","donor_lg_gram","lg_gram","LG gram",2023-07-02,0,0,10,0
"core_expansion_c","Lenovo","donor_lg_gram","lg_gram","LG gram",2023-07-09,0,0,10,0
"core_expansion_c","Lenovo","donor_lg_gram","lg_gram","LG gram",2023-07-16,0,0,10,0
"core_expansion_c","Lenovo","donor_lg_gram","lg_gram","LG gram",2023-07-23,0,0,10,0
"core_expansion_c","Lenovo","donor_lg_gram","lg_gram","LG gram",2023-07-30,0,0,10,0
"core_expansion_c","Lenovo","donor_lg_gram","lg_gram","LG gram",2023-08-06,0,0,10,0
"core_expansion_c","Lenovo","donor_lg_gram","lg_gram","LG gram",2023-08-13,0,0,10,0
"core_expansion_c","Lenovo","donor_lg_gram","lg_gram","LG gram",2023-08-20,0,0,10,0
"core_expansion_c","Lenovo","donor_lg_gram","lg_gram","LG gram",2023-08-27,0,0,10,0
"core_expansion_c","Lenovo","donor_lg_gram","lg_gram","LG gram",2023-09-03,0,0,10,0
"core_expansion_c","Lenovo","donor_lg_gram","lg_gram","LG gram",2023-09-10,0,0,10,0
"core_expansion_c","Lenovo","donor_lg_gram","lg_gram","LG gram",2023-09-17,0,0,10,0
"core_expansion_c","Lenovo","donor_lg_gram","lg_gram","LG gram",2023-09-24,0,0,10,0
"core_expansion_c","Lenovo","donor_lg_gram","lg_gram","LG gram",2023-10-01,0,0,10,0
"core_expansion_c","Lenovo","donor_lg_gram","lg_gram","LG gram",2023-10-08,0,0,10,0
"core_expansion_c","Lenovo","donor_lg_gram","lg_gram","LG gram",2023-10-15,0,0,10,0
"core_expansion_c","Lenovo","donor_lg_gram","lg_gram","LG gram",2023-10-22,0,0,10,0
"core_expansion_c","Lenovo","donor_lg_gram","lg_gram","LG gram",2023-10-29,0,0,10,0
"core_expansion_c","Lenovo","donor_lg_gram","lg_gram","LG gram",2023-11-05,0,0,10,0
"core_expansion_c","Lenovo","donor_lg_gram","lg_gram","LG gram",2023-11-12,0,0,10,0
"core_expansion_c","Lenovo","donor_lg_gram","lg_gram","LG gram",2023-11-19,0,0,10,0
"core_expansion_c","Lenovo","donor_lg_gram","lg_gram","LG gram",2023-11-26,0,0,10,0
"core_expansion_c","Lenovo","donor_lg_gram","lg_gram","LG gram",2023-12-03,0,0,10,0
"core_expansion_c","Lenovo","donor_lg_gram","lg_gram","LG gram",2023-12-10,0,0,10,0
"core_expansion_c","Lenovo","donor_lg_gram","lg_gram","LG gram",2023-12-17,0,0,10,0
"core_expansion_c","Lenovo","donor_lg_gram","lg_gram","LG gram",2023-12-24,0,0,10,0
"core_expansion_c","Lenovo","donor_lg_gram","lg_gram","LG gram",2023-12-31,0,0,10,0
"core_expansion_c","Lenovo","donor_lg_gram","lg_gram","LG gram",2024-01-07,0,0,10,0
"core_expansion_c","Lenovo","donor_lg_gram","lg_gram","LG gram",2024-01-14,0,0,10,0
"core_expansion_c","Lenovo","donor_lg_gram","lg_gram","LG gram",2024-01-21,0,0,10,0
"core_expansion_c","Lenovo","donor_lg_gram","lg_gram","LG gram",2024-01-28,0,0,10,0
"core_expansion_c","Lenovo","donor_lg_gram","lg_gram","LG gram",2024-02-04,0,0,10,0
"core_expansion_c","Lenovo","donor_lg_gram","lg_gram","LG gram",2024-02-11,0,0,10,0
"core_expansion_c","Lenovo","donor_lg_gram","lg_gram","LG gram",2024-02-18,0,0,10,0
"core_expansion_c","Lenovo","donor_lg_gram","lg_gram","LG gram",2024-02-25,0,0,10,0
"core_expansion_c","Lenovo","donor_lg_gram","lg_gram","LG gram",2024-03-03,0,0,10,0
"core_expansion_c","Lenovo","donor_lg_gram","lg_gram","LG gram",2024-03-10,0,0,10,0
"core_expansion_c","Lenovo","donor_lg_gram","lg_gram","LG gram",2024-03-17,0,0,10,0
"core_expansion_c","Lenovo","donor_lg_gram","lg_gram","LG gram",2024-03-24,0,0,10,0
"core_expansion_c","Lenovo","donor_lg_gram","lg_gram","LG gram",2024-03-31,0,0,10,0
"core_expansion_c","Lenovo","donor_lg_gram","lg_gram","LG gram",2024-04-07,0,0,10,0
"core_expansion_c","Lenovo","donor_lg_gram","lg_gram","LG gram",2024-04-14,0,0,10,0
"core_expansion_c","Lenovo","donor_lg_gram","lg_gram","LG gram",2024-04-21,0,0,10,0
"core_expansion_c","Lenovo","donor_lg_gram","lg_gram","LG gram",2024-04-28,0,0,10,0
"core_expansion_c","Lenovo","donor_lg_gram","lg_gram","LG gram",2024-05-05,0,0,10,0
"core_expansion_c","Lenovo","donor_lg_gram","lg_gram","LG gram",2024-05-12,0,0,10,0
"core_expansion_c","Lenovo","donor_lg_gram","lg_gram","LG gram",2024-05-19,0,0,10,0
"core_expansion_c","Lenovo","donor_lg_gram","lg_gram","LG gram",2024-05-26,0,0,10,0
"core_expansion_c","Lenovo","donor_lg_gram","lg_gram","LG gram",2024-06-02,0,0,10,0
"core_expansion_c","Lenovo","donor_lg_gram","lg_gram","LG gram",2024-06-09,0,0,10,0
"core_expansion_c","Lenovo","donor_lg_gram","lg_gram","LG gram",2024-06-16,0,0,10,0
"core_expansion_c","Lenovo","donor_lg_gram","lg_gram","LG gram",2024-06-23,0,0,10,0
"core_expansion_c","Lenovo","donor_lg_gram","lg_gram","LG gram",2024-06-30,0,0,10,0
"core_expansion_c","Lenovo","donor_lg_gram","lg_gram","LG gram",2024-07-07,0,0,10,0
"core_expansion_c","Lenovo","donor_lg_gram","lg_gram","LG gram",2024-07-14,0,0,10,0
"core_expansion_c","Lenovo","donor_lg_gram","lg_gram","LG gram",2024-07-21,0,0,10,0
"core_expansion_c","Lenovo","donor_lg_gram","lg_gram","LG gram",2024-07-28,0,0,10,0
"core_expansion_c","Lenovo","donor_lg_gram","lg_gram","LG gram",2024-08-04,0,0,10,0
"core_expansion_c","Lenovo","donor_lg_gram","lg_gram","LG gram",2024-08-11,0,0,10,0
"core_expansion_c","Lenovo","donor_lg_gram","lg_gram","LG gram",2024-08-18,0,0,10,0
"core_expansion_c","Lenovo","donor_lg_gram","lg_gram","LG gram",2024-08-25,0,0,10,0
"core_expansion_c","Lenovo","donor_lg_gram","lg_gram","LG gram",2024-09-01,0,0,10,0
"core_expansion_c","Lenovo","donor_lg_gram","lg_gram","LG gram",2024-09-08,0,0,10,0
"core_expansion_c","Lenovo","donor_lg_gram","lg_gram","LG gram",2024-09-15,0,0,10,0
"core_expansion_c","Lenovo","donor_lg_gram","lg_gram","LG gram",2024-09-22,0,0,10,0
"core_expansion_c","Lenovo","donor_lg_gram","lg_gram","LG gram",2024-09-29,0,0,10,0
"core_expansion_c","Lenovo","donor_lg_gram","lg_gram","LG gram",2024-10-06,0,0,10,0
"core_expansion_c","Lenovo","donor_lg_gram","lg_gram","LG gram",2024-10-13,0,0,10,0
"core_expansion_c","Lenovo","donor_lg_gram","lg_gram","LG gram",2024-10-20,0,0,10,0
"core_expansion_c","Lenovo","donor_lg_gram","lg_gram","LG gram",2024-10-27,0,0,10,0
"core_expansion_c","Lenovo","donor_lg_gram","lg_gram","LG gram",2024-11-03,0,0,10,0
"core_expansion_c","Lenovo","donor_lg_gram","lg_gram","LG gram",2024-11-10,0,0,10,0
"core_expansion_c","Lenovo","donor_lg_gram","lg_gram","LG gram",2024-11-17,0,0,10,0
"core_expansion_c","Lenovo","donor_lg_gram","lg_gram","LG gram",2024-11-24,0,0,10,0
"core_expansion_c","Lenovo","donor_lg_gram","lg_gram","LG gram",2024-12-01,0,0,10,0
"core_expansion_c","Lenovo","donor_lg_gram","lg_gram","LG gram",2024-12-08,0,0,10,0
"core_expansion_c","Lenovo","donor_lg_gram","lg_gram","LG gram",2024-12-15,0,0,10,0
"core_expansion_c","Lenovo","donor_lg_gram","lg_gram","LG gram",2024-12-22,0,0,10,0
"core_expansion_c","Lenovo","donor_lg_gram","lg_gram","LG gram",2024-12-29,0,0,10,0
"core_expansion_c","Lenovo","donor_lg_gram","lg_gram","LG gram",2025-01-05,0,0,10,0
"core_expansion_c","Lenovo","donor_lg_gram","lg_gram","LG gram",2025-01-12,0,0,10,0
"core_expansion_c","Lenovo","donor_lg_gram","lg_gram","LG gram",2025-01-19,0,0,10,0
"core_expansion_c","Lenovo","donor_lg_gram","lg_gram","LG gram",2025-01-26,0,0,10,0
"core_expansion_c","Lenovo","donor_lg_gram","lg_gram","LG gram",2025-02-02,0,0,10,0
"core_expansion_c","Lenovo","donor_lg_gram","lg_gram","LG gram",2025-02-09,0,0,10,0
"core_expansion_c","Lenovo","donor_lg_gram","lg_gram","LG gram",2025-02-16,0,0,10,0
"core_expansion_c","Lenovo","donor_lg_gram","lg_gram","LG gram",2025-02-23,0,0,10,0
"core_expansion_c","Lenovo","donor_lg_gram","lg_gram","LG gram",2025-03-02,0,0,10,0
"core_expansion_c","Lenovo","donor_lg_gram","lg_gram","LG gram",2025-03-09,0,0,10,0
"core_expansion_c","Lenovo","donor_lg_gram","lg_gram","LG gram",2025-03-16,0,0,10,0
"core_expansion_c","Lenovo","donor_lg_gram","lg_gram","LG gram",2025-03-23,0,0,10,0
"core_expansion_c","Lenovo","donor_lg_gram","lg_gram","LG gram",2025-03-30,0,0,10,0
"core_expansion_c","Lenovo","donor_lg_gram","lg_gram","LG gram",2025-04-06,0,0,10,0
"core_expansion_c","Lenovo","donor_lg_gram","lg_gram","LG gram",2025-04-13,0,0,10,0
"core_expansion_c","Lenovo","donor_lg_gram","lg_gram","LG gram",2025-04-20,0,0,10,0
"core_expansion_c","Lenovo","donor_lg_gram","lg_gram","LG gram",2025-04-27,0,0,10,0
"core_expansion_c","Lenovo","donor_lg_gram","lg_gram","LG gram",2025-05-04,0,0,10,0
"core_expansion_c","Lenovo","donor_lg_gram","lg_gram","LG gram",2025-05-11,0,0,10,0
"core_expansion_c","Lenovo","donor_lg_gram","lg_gram","LG gram",2025-05-18,0,0,10,0
"core_expansion_c","Lenovo","donor_lg_gram","lg_gram","LG gram",2025-05-25,0,0,10,0
"core_expansion_c","Lenovo","donor_lg_gram","lg_gram","LG gram",2025-06-01,0,0,10,0
"core_expansion_c","Lenovo","donor_lg_gram","lg_gram","LG gram",2025-06-08,0,0,10,0
"core_expansion_c","Lenovo","donor_lg_gram","lg_gram","LG gram",2025-06-15,0,0,10,0
"core_expansion_c","Lenovo","donor_lg_gram","lg_gram","LG gram",2025-06-22,0,0,10,0
"core_expansion_c","Lenovo","donor_lg_gram","lg_gram","LG gram",2025-06-29,0,0,10,0
"core_expansion_c","Lenovo","donor_lg_gram","lg_gram","LG gram",2025-07-06,0,0,10,0
"core_expansion_c","Lenovo","donor_lg_gram","lg_gram","LG gram",2025-07-13,0,0,10,0
"core_expansion_c","Lenovo","donor_lg_gram","lg_gram","LG gram",2025-07-20,0,0,10,0
"core_expansion_c","Lenovo","donor_lg_gram","lg_gram","LG gram",2025-07-27,0,0,10,0
"core_expansion_c","Lenovo","donor_lg_gram","lg_gram","LG gram",2025-08-03,1.2743801652892561,0,10,0
"core_expansion_c","Lenovo","donor_lg_gram","lg_gram","LG gram",2025-08-10,1.2743801652892561,0,10,0
"core_expansion_c","Lenovo","donor_lg_gram","lg_gram","LG gram",2025-08-17,1.2743801652892561,0,10,0
"core_expansion_c","Lenovo","donor_lg_gram","lg_gram","LG gram",2025-08-24,1.2743801652892561,0,10,0
"core_expansion_c","Lenovo","donor_lg_gram","lg_gram","LG gram",2025-08-31,1.2743801652892561,0,10,0
"core_expansion_c","Lenovo","donor_lg_gram","lg_gram","LG gram",2025-09-07,1.2743801652892561,0,10,0
"core_expansion_c","Lenovo","donor_lg_gram","lg_gram","LG gram",2025-09-14,0,0,10,0
"core_expansion_c","Lenovo","donor_lg_gram","lg_gram","LG gram",2025-09-21,0,0,10,0
"core_expansion_c","Lenovo","donor_lg_gram","lg_gram","LG gram",2025-09-28,0,0,10,0
"core_expansion_c","Lenovo","donor_lg_gram","lg_gram","LG gram",2025-10-05,0,0,10,0
"core_expansion_c","Lenovo","donor_lg_gram","lg_gram","LG gram",2025-10-12,0,0,10,0
"core_expansion_c","Lenovo","donor_lg_gram","lg_gram","LG gram",2025-10-19,0,0,10,0
"core_expansion_c","Lenovo","donor_lg_gram","lg_gram","LG gram",2025-10-26,0,0,10,0
"core_expansion_c","Lenovo","donor_lg_gram","lg_gram","LG gram",2025-11-02,0,0,10,0
"core_expansion_c","Lenovo","donor_lg_gram","lg_gram","LG gram",2025-11-09,1.2743801652892561,0,10,0
"core_expansion_c","Lenovo","donor_lg_gram","lg_gram","LG gram",2025-11-16,1.2743801652892561,0,10,0
"core_expansion_c","Lenovo","donor_lg_gram","lg_gram","LG gram",2025-11-23,1.2743801652892561,0,10,0
"core_expansion_c","Lenovo","donor_lg_gram","lg_gram","LG gram",2025-11-30,1.2743801652892561,0,10,0
"core_expansion_c","Lenovo","donor_lg_gram","lg_gram","LG gram",2025-12-07,0,0,10,0
"core_expansion_c","Lenovo","donor_lg_gram","lg_gram","LG gram",2025-12-14,0,0,10,0
"core_expansion_c","Lenovo","donor_lg_gram","lg_gram","LG gram",2025-12-21,0,0,10,0
"core_expansion_c","Lenovo","donor_lg_gram","lg_gram","LG gram",2025-12-28,0,0,10,0
"core_expansion_c","Lenovo","donor_lg_gram","lg_gram","LG gram",2026-01-04,0,0,10,0
"core_expansion_c","Lenovo","donor_lg_gram","lg_gram","LG gram",2026-01-11,0,0,10,0
"core_expansion_c","Lenovo","donor_lg_gram","lg_gram","LG gram",2026-01-18,0,0,10,0
"core_expansion_c","Lenovo","donor_lg_gram","lg_gram","LG gram",2026-01-25,0,0,10,0
"core_expansion_c","Lenovo","donor_lg_gram","lg_gram","LG gram",2026-02-01,0,0,10,0
"core_expansion_c","Lenovo","donor_lg_gram","lg_gram","LG gram",2026-02-08,0,0,10,0
"core_expansion_c","Lenovo","donor_lg_gram","lg_gram","LG gram",2026-02-15,0,0,10,0
"core_expansion_c","Lenovo","donor_lg_gram","lg_gram","LG gram",2026-02-22,0,0,10,0
"core_expansion_c","Lenovo","donor_lg_gram","lg_gram","LG gram",2026-03-01,0,0,10,0
"core_expansion_c","Lenovo","donor_lg_gram","lg_gram","LG gram",2026-03-08,1.2743801652892561,0,10,0
"core_expansion_c","Lenovo","donor_lg_gram","lg_gram","LG gram",2026-03-15,1.2743801652892561,0,10,0
"core_expansion_c","Lenovo","donor_lg_gram","lg_gram","LG gram",2026-03-22,1.2743801652892561,0,10,0
"core_expansion_c","Lenovo","donor_lg_gram","lg_gram","LG gram",2026-03-29,1.2743801652892561,0,10,0
"core_expansion_c","Lenovo","donor_lg_gram","lg_gram","LG gram",2026-04-05,2.5487603305785123,0,10,0
"core_expansion_c","Lenovo","donor_lg_gram","lg_gram","LG gram",2026-04-12,2.5487603305785123,0,10,0
"core_expansion_c","Lenovo","donor_lg_gram","lg_gram","LG gram",2026-04-19,2.5487603305785123,0,10,0
"core_expansion_c","Lenovo","donor_lg_gram","lg_gram","LG gram",2026-04-26,2.5487603305785123,0,10,0
"core_expansion_c","Lenovo","donor_lg_gram","lg_gram","LG gram",2026-05-03,2.5487603305785123,0,10,0
"core_expansion_c","Lenovo","donor_lg_gram","lg_gram","LG gram",2026-05-10,2.5487603305785123,0,10,0
"core_expansion_c","Lenovo","donor_lg_gram","lg_gram","LG gram",2026-05-17,1.2743801652892561,0,10,0
"core_expansion_c","Lenovo","donor_lg_gram","lg_gram","LG gram",2026-05-24,1.2743801652892561,0,10,0
"core_expansion_c","Lenovo","donor_lg_gram","lg_gram","LG gram",2026-05-31,1.2743801652892561,0,10,0
"core_expansion_c","Lenovo","donor_lg_gram","lg_gram","LG gram",2026-06-07,1.2743801652892561,0,10,0
"core_expansion_c","Lenovo","donor_lg_gram","lg_gram","LG gram",2026-06-14,1.2743801652892561,0,10,0
"core_expansion_c","Lenovo","donor_lg_gram","lg_gram","LG gram",2026-06-21,1.2743801652892561,0,10,0
"core_expansion_c","Lenovo","donor_lg_gram","lg_gram","LG gram",2026-06-28,0,0,10,0
"core_expansion_c","Lenovo","donor_lg_gram","lg_gram","LG gram",2026-07-05,0,0,10,0
"core_expansion_c","Lenovo","donor_macbook","macbook","MacBook",2021-12-26,47.152066115702475,0,10,0
"core_expansion_c","Lenovo","donor_macbook","macbook","MacBook",2022-01-02,56.07272727272728,0,10,0
"core_expansion_c","Lenovo","donor_macbook","macbook","MacBook",2022-01-09,54.798347107438005,0,10,0
"core_expansion_c","Lenovo","donor_macbook","macbook","MacBook",2022-01-16,48.42644628099173,0,10,0
"core_expansion_c","Lenovo","donor_macbook","macbook","MacBook",2022-01-23,54.798347107438005,0,10,0
"core_expansion_c","Lenovo","donor_macbook","macbook","MacBook",2022-01-30,53.52396694214876,0,10,0
"core_expansion_c","Lenovo","donor_macbook","macbook","MacBook",2022-02-06,53.52396694214876,0,10,0
"core_expansion_c","Lenovo","donor_macbook","macbook","MacBook",2022-02-13,53.52396694214876,0,10,0
"core_expansion_c","Lenovo","donor_macbook","macbook","MacBook",2022-02-20,49.70082644628099,0,10,0
"core_expansion_c","Lenovo","donor_macbook","macbook","MacBook",2022-02-27,48.42644628099173,0,10,0
"core_expansion_c","Lenovo","donor_macbook","macbook","MacBook",2022-03-06,50.97520661157024,0,10,0
"core_expansion_c","Lenovo","donor_macbook","macbook","MacBook",2022-03-13,49.70082644628099,0,10,0
"core_expansion_c","Lenovo","donor_macbook","macbook","MacBook",2022-03-20,49.70082644628099,0,10,0
"core_expansion_c","Lenovo","donor_macbook","macbook","MacBook",2022-03-27,48.42644628099173,0,10,0
"core_expansion_c","Lenovo","donor_macbook","macbook","MacBook",2022-04-03,48.42644628099173,0,10,0
"core_expansion_c","Lenovo","donor_macbook","macbook","MacBook",2022-04-10,48.42644628099173,0,10,0
"core_expansion_c","Lenovo","donor_macbook","macbook","MacBook",2022-04-17,45.87768595041322,0,10,0
"core_expansion_c","Lenovo","donor_macbook","macbook","MacBook",2022-04-24,45.87768595041322,0,10,0
"core_expansion_c","Lenovo","donor_macbook","macbook","MacBook",2022-05-01,45.87768595041322,0,10,0
"core_expansion_c","Lenovo","donor_macbook","macbook","MacBook",2022-05-08,45.87768595041322,0,10,0
"core_expansion_c","Lenovo","donor_macbook","macbook","MacBook",2022-05-15,42.054545454545455,0,10,0
"core_expansion_c","Lenovo","donor_macbook","macbook","MacBook",2022-05-22,43.328925619834706,0,10,0
"core_expansion_c","Lenovo","donor_macbook","macbook","MacBook",2022-05-29,44.603305785123965,0,10,0
"core_expansion_c","Lenovo","donor_macbook","macbook","MacBook",2022-06-05,57.34710743801653,0,10,0
"core_expansion_c","Lenovo","donor_macbook","macbook","MacBook",2022-06-12,45.87768595041322,0,10,0
"core_expansion_c","Lenovo","donor_macbook","macbook","MacBook",2022-06-19,47.152066115702475,0,10,0
"core_expansion_c","Lenovo","donor_macbook","macbook","MacBook",2022-06-26,47.152066115702475,0,10,0
"core_expansion_c","Lenovo","donor_macbook","macbook","MacBook",2022-07-03,47.152066115702475,0,10,0
"core_expansion_c","Lenovo","donor_macbook","macbook","MacBook",2022-07-10,48.42644628099173,0,10,0
"core_expansion_c","Lenovo","donor_macbook","macbook","MacBook",2022-07-17,50.97520661157024,0,10,0
"core_expansion_c","Lenovo","donor_macbook","macbook","MacBook",2022-07-24,49.70082644628099,0,10,0
"core_expansion_c","Lenovo","donor_macbook","macbook","MacBook",2022-07-31,50.97520661157024,0,10,0
"core_expansion_c","Lenovo","donor_macbook","macbook","MacBook",2022-08-07,52.249586776859495,0,10,0
"core_expansion_c","Lenovo","donor_macbook","macbook","MacBook",2022-08-14,52.249586776859495,0,10,0
"core_expansion_c","Lenovo","donor_macbook","macbook","MacBook",2022-08-21,50.97520661157024,0,10,0
"core_expansion_c","Lenovo","donor_macbook","macbook","MacBook",2022-08-28,50.97520661157024,0,10,0
"core_expansion_c","Lenovo","donor_macbook","macbook","MacBook",2022-09-04,48.42644628099173,0,10,0
"core_expansion_c","Lenovo","donor_macbook","macbook","MacBook",2022-09-11,49.70082644628099,0,10,0
"core_expansion_c","Lenovo","donor_macbook","macbook","MacBook",2022-09-18,50.97520661157024,0,10,0
"core_expansion_c","Lenovo","donor_macbook","macbook","MacBook",2022-09-25,45.87768595041322,0,10,0
"core_expansion_c","Lenovo","donor_macbook","macbook","MacBook",2022-10-02,43.328925619834706,0,10,0
"core_expansion_c","Lenovo","donor_macbook","macbook","MacBook",2022-10-09,48.42644628099173,0,10,0
"core_expansion_c","Lenovo","donor_macbook","macbook","MacBook",2022-10-16,44.603305785123965,0,10,0
"core_expansion_c","Lenovo","donor_macbook","macbook","MacBook",2022-10-23,45.87768595041322,0,10,0
"core_expansion_c","Lenovo","donor_macbook","macbook","MacBook",2022-10-30,47.152066115702475,0,10,0
"core_expansion_c","Lenovo","donor_macbook","macbook","MacBook",2022-11-06,45.87768595041322,0,10,0
"core_expansion_c","Lenovo","donor_macbook","macbook","MacBook",2022-11-13,48.42644628099173,0,10,0
"core_expansion_c","Lenovo","donor_macbook","macbook","MacBook",2022-11-20,49.70082644628099,0,10,0
"core_expansion_c","Lenovo","donor_macbook","macbook","MacBook",2022-11-27,48.42644628099173,0,10,0
"core_expansion_c","Lenovo","donor_macbook","macbook","MacBook",2022-12-04,40.780165289256196,0,10,0
"core_expansion_c","Lenovo","donor_macbook","macbook","MacBook",2022-12-11,44.603305785123965,0,10,0
"core_expansion_c","Lenovo","donor_macbook","macbook","MacBook",2022-12-18,43.328925619834706,0,10,0
"core_expansion_c","Lenovo","donor_macbook","macbook","MacBook",2022-12-25,47.152066115702475,0,10,0
"core_expansion_c","Lenovo","donor_macbook","macbook","MacBook",2023-01-01,49.70082644628099,0,10,0
"core_expansion_c","Lenovo","donor_macbook","macbook","MacBook",2023-01-08,48.42644628099173,0,10,0
"core_expansion_c","Lenovo","donor_macbook","macbook","MacBook",2023-01-15,50.97520661157024,0,10,0
"core_expansion_c","Lenovo","donor_macbook","macbook","MacBook",2023-01-22,49.70082644628099,0,10,0
"core_expansion_c","Lenovo","donor_macbook","macbook","MacBook",2023-01-29,52.249586776859495,0,10,0
"core_expansion_c","Lenovo","donor_macbook","macbook","MacBook",2023-02-05,45.87768595041322,0,10,0
"core_expansion_c","Lenovo","donor_macbook","macbook","MacBook",2023-02-12,44.603305785123965,0,10,0
"core_expansion_c","Lenovo","donor_macbook","macbook","MacBook",2023-02-19,45.87768595041322,0,10,0
"core_expansion_c","Lenovo","donor_macbook","macbook","MacBook",2023-02-26,44.603305785123965,0,10,0
"core_expansion_c","Lenovo","donor_macbook","macbook","MacBook",2023-03-05,43.328925619834706,0,10,0
"core_expansion_c","Lenovo","donor_macbook","macbook","MacBook",2023-03-12,42.054545454545455,0,10,0
"core_expansion_c","Lenovo","donor_macbook","macbook","MacBook",2023-03-19,44.603305785123965,0,10,0
"core_expansion_c","Lenovo","donor_macbook","macbook","MacBook",2023-03-26,43.328925619834706,0,10,0
"core_expansion_c","Lenovo","donor_macbook","macbook","MacBook",2023-04-02,42.054545454545455,0,10,0
"core_expansion_c","Lenovo","donor_macbook","macbook","MacBook",2023-04-09,39.50578512396694,0,10,0
"core_expansion_c","Lenovo","donor_macbook","macbook","MacBook",2023-04-16,42.054545454545455,0,10,0
"core_expansion_c","Lenovo","donor_macbook","macbook","MacBook",2023-04-23,42.054545454545455,0,10,0
"core_expansion_c","Lenovo","donor_macbook","macbook","MacBook",2023-04-30,40.780165289256196,0,10,0
"core_expansion_c","Lenovo","donor_macbook","macbook","MacBook",2023-05-07,38.231404958677686,0,10,0
"core_expansion_c","Lenovo","donor_macbook","macbook","MacBook",2023-05-14,40.780165289256196,0,10,0
"core_expansion_c","Lenovo","donor_macbook","macbook","MacBook",2023-05-21,39.50578512396694,0,10,0
"core_expansion_c","Lenovo","donor_macbook","macbook","MacBook",2023-05-28,39.50578512396694,0,10,0
"core_expansion_c","Lenovo","donor_macbook","macbook","MacBook",2023-06-04,47.152066115702475,0,10,0
"core_expansion_c","Lenovo","donor_macbook","macbook","MacBook",2023-06-11,47.152066115702475,0,10,0
"core_expansion_c","Lenovo","donor_macbook","macbook","MacBook",2023-06-18,44.603305785123965,0,10,0
"core_expansion_c","Lenovo","donor_macbook","macbook","MacBook",2023-06-25,42.054545454545455,0,10,0
"core_expansion_c","Lenovo","donor_macbook","macbook","MacBook",2023-07-02,43.328925619834706,0,10,0
"core_expansion_c","Lenovo","donor_macbook","macbook","MacBook",2023-07-09,45.87768595041322,0,10,0
"core_expansion_c","Lenovo","donor_macbook","macbook","MacBook",2023-07-16,45.87768595041322,0,10,0
"core_expansion_c","Lenovo","donor_macbook","macbook","MacBook",2023-07-23,44.603305785123965,0,10,0
"core_expansion_c","Lenovo","donor_macbook","macbook","MacBook",2023-07-30,45.87768595041322,0,10,0
"core_expansion_c","Lenovo","donor_macbook","macbook","MacBook",2023-08-06,49.70082644628099,0,10,0
"core_expansion_c","Lenovo","donor_macbook","macbook","MacBook",2023-08-13,48.42644628099173,0,10,0
"core_expansion_c","Lenovo","donor_macbook","macbook","MacBook",2023-08-20,47.152066115702475,0,10,0
"core_expansion_c","Lenovo","donor_macbook","macbook","MacBook",2023-08-27,48.42644628099173,0,10,0
"core_expansion_c","Lenovo","donor_macbook","macbook","MacBook",2023-09-03,49.70082644628099,0,10,0
"core_expansion_c","Lenovo","donor_macbook","macbook","MacBook",2023-09-10,49.70082644628099,0,10,0
"core_expansion_c","Lenovo","donor_macbook","macbook","MacBook",2023-09-17,48.42644628099173,0,10,0
"core_expansion_c","Lenovo","donor_macbook","macbook","MacBook",2023-09-24,50.97520661157024,0,10,0
"core_expansion_c","Lenovo","donor_macbook","macbook","MacBook",2023-10-01,48.42644628099173,0,10,0
"core_expansion_c","Lenovo","donor_macbook","macbook","MacBook",2023-10-08,48.42644628099173,0,10,0
"core_expansion_c","Lenovo","donor_macbook","macbook","MacBook",2023-10-15,45.87768595041322,0,10,0
"core_expansion_c","Lenovo","donor_macbook","macbook","MacBook",2023-10-22,45.87768595041322,0,10,0
"core_expansion_c","Lenovo","donor_macbook","macbook","MacBook",2023-10-29,52.249586776859495,0,10,0
"core_expansion_c","Lenovo","donor_macbook","macbook","MacBook",2023-11-05,52.249586776859495,0,10,0
"core_expansion_c","Lenovo","donor_macbook","macbook","MacBook",2023-11-12,53.52396694214876,0,10,0
"core_expansion_c","Lenovo","donor_macbook","macbook","MacBook",2023-11-19,54.798347107438005,0,10,0
"core_expansion_c","Lenovo","donor_macbook","macbook","MacBook",2023-11-26,50.97520661157024,0,10,0
"core_expansion_c","Lenovo","donor_macbook","macbook","MacBook",2023-12-03,45.87768595041322,0,10,0
"core_expansion_c","Lenovo","donor_macbook","macbook","MacBook",2023-12-10,45.87768595041322,0,10,0
"core_expansion_c","Lenovo","donor_macbook","macbook","MacBook",2023-12-17,44.603305785123965,0,10,0
"core_expansion_c","Lenovo","donor_macbook","macbook","MacBook",2023-12-24,47.152066115702475,0,10,0
"core_expansion_c","Lenovo","donor_macbook","macbook","MacBook",2023-12-31,47.152066115702475,0,10,0
"core_expansion_c","Lenovo","donor_macbook","macbook","MacBook",2024-01-07,49.70082644628099,0,10,0
"core_expansion_c","Lenovo","donor_macbook","macbook","MacBook",2024-01-14,50.97520661157024,0,10,0
"core_expansion_c","Lenovo","donor_macbook","macbook","MacBook",2024-01-21,50.97520661157024,0,10,0
"core_expansion_c","Lenovo","donor_macbook","macbook","MacBook",2024-01-28,52.249586776859495,0,10,0
"core_expansion_c","Lenovo","donor_macbook","macbook","MacBook",2024-02-04,50.97520661157024,0,10,0
"core_expansion_c","Lenovo","donor_macbook","macbook","MacBook",2024-02-11,48.42644628099173,0,10,0
"core_expansion_c","Lenovo","donor_macbook","macbook","MacBook",2024-02-18,52.249586776859495,0,10,0
"core_expansion_c","Lenovo","donor_macbook","macbook","MacBook",2024-02-25,50.97520661157024,0,10,0
"core_expansion_c","Lenovo","donor_macbook","macbook","MacBook",2024-03-03,54.798347107438005,0,10,0
"core_expansion_c","Lenovo","donor_macbook","macbook","MacBook",2024-03-10,52.249586776859495,0,10,0
"core_expansion_c","Lenovo","donor_macbook","macbook","MacBook",2024-03-17,50.97520661157024,0,10,0
"core_expansion_c","Lenovo","donor_macbook","macbook","MacBook",2024-03-24,49.70082644628099,0,10,0
"core_expansion_c","Lenovo","donor_macbook","macbook","MacBook",2024-03-31,47.152066115702475,0,10,0
"core_expansion_c","Lenovo","donor_macbook","macbook","MacBook",2024-04-07,45.87768595041322,0,10,0
"core_expansion_c","Lenovo","donor_macbook","macbook","MacBook",2024-04-14,45.87768595041322,0,10,0
"core_expansion_c","Lenovo","donor_macbook","macbook","MacBook",2024-04-21,49.70082644628099,0,10,0
"core_expansion_c","Lenovo","donor_macbook","macbook","MacBook",2024-04-28,45.87768595041322,0,10,0
"core_expansion_c","Lenovo","donor_macbook","macbook","MacBook",2024-05-05,45.87768595041322,0,10,0
"core_expansion_c","Lenovo","donor_macbook","macbook","MacBook",2024-05-12,45.87768595041322,0,10,0
"core_expansion_c","Lenovo","donor_macbook","macbook","MacBook",2024-05-19,44.603305785123965,0,10,0
"core_expansion_c","Lenovo","donor_macbook","macbook","MacBook",2024-05-26,47.152066115702475,0,10,0
"core_expansion_c","Lenovo","donor_macbook","macbook","MacBook",2024-06-02,45.87768595041322,0,10,0
"core_expansion_c","Lenovo","donor_macbook","macbook","MacBook",2024-06-09,48.42644628099173,0,10,0
"core_expansion_c","Lenovo","donor_macbook","macbook","MacBook",2024-06-16,47.152066115702475,0,10,0
"core_expansion_c","Lenovo","donor_macbook","macbook","MacBook",2024-06-23,45.87768595041322,0,10,0
"core_expansion_c","Lenovo","donor_macbook","macbook","MacBook",2024-06-30,45.87768595041322,0,10,0
"core_expansion_c","Lenovo","donor_macbook","macbook","MacBook",2024-07-07,48.42644628099173,0,10,0
"core_expansion_c","Lenovo","donor_macbook","macbook","MacBook",2024-07-14,53.52396694214876,0,10,0
"core_expansion_c","Lenovo","donor_macbook","macbook","MacBook",2024-07-21,48.42644628099173,0,10,0
"core_expansion_c","Lenovo","donor_macbook","macbook","MacBook",2024-07-28,47.152066115702475,0,10,0
"core_expansion_c","Lenovo","donor_macbook","macbook","MacBook",2024-08-04,48.42644628099173,0,10,0
"core_expansion_c","Lenovo","donor_macbook","macbook","MacBook",2024-08-11,53.52396694214876,0,10,0
"core_expansion_c","Lenovo","donor_macbook","macbook","MacBook",2024-08-18,54.798347107438005,0,10,0
"core_expansion_c","Lenovo","donor_macbook","macbook","MacBook",2024-08-25,54.798347107438005,0,10,0
"core_expansion_c","Lenovo","donor_macbook","macbook","MacBook",2024-09-01,53.52396694214876,0,10,0
"core_expansion_c","Lenovo","donor_macbook","macbook","MacBook",2024-09-08,57.34710743801653,0,10,0
"core_expansion_c","Lenovo","donor_macbook","macbook","MacBook",2024-09-15,57.34710743801653,0,10,0
"core_expansion_c","Lenovo","donor_macbook","macbook","MacBook",2024-09-22,56.07272727272728,0,10,0
"core_expansion_c","Lenovo","donor_macbook","macbook","MacBook",2024-09-29,54.798347107438005,0,10,0
"core_expansion_c","Lenovo","donor_macbook","macbook","MacBook",2024-10-06,54.798347107438005,0,10,0
"core_expansion_c","Lenovo","donor_macbook","macbook","MacBook",2024-10-13,53.52396694214876,0,10,0
"core_expansion_c","Lenovo","donor_macbook","macbook","MacBook",2024-10-20,53.52396694214876,0,10,0
"core_expansion_c","Lenovo","donor_macbook","macbook","MacBook",2024-10-27,58.62148760330579,0,10,0
"core_expansion_c","Lenovo","donor_macbook","macbook","MacBook",2024-11-03,54.798347107438005,0,10,0
"core_expansion_c","Lenovo","donor_macbook","macbook","MacBook",2024-11-10,58.62148760330579,0,10,0
"core_expansion_c","Lenovo","donor_macbook","macbook","MacBook",2024-11-17,58.62148760330579,0,10,0
"core_expansion_c","Lenovo","donor_macbook","macbook","MacBook",2024-11-24,64.99338842975206,0,10,0
"core_expansion_c","Lenovo","donor_macbook","macbook","MacBook",2024-12-01,59.89586776859504,0,10,0
"core_expansion_c","Lenovo","donor_macbook","macbook","MacBook",2024-12-08,57.34710743801653,0,10,0
"core_expansion_c","Lenovo","donor_macbook","macbook","MacBook",2024-12-15,50.97520661157024,0,10,0
"core_expansion_c","Lenovo","donor_macbook","macbook","MacBook",2024-12-22,57.34710743801653,0,10,0
"core_expansion_c","Lenovo","donor_macbook","macbook","MacBook",2024-12-29,53.52396694214876,0,10,0
"core_expansion_c","Lenovo","donor_macbook","macbook","MacBook",2025-01-05,56.07272727272728,0,10,0
"core_expansion_c","Lenovo","donor_macbook","macbook","MacBook",2025-01-12,58.62148760330579,0,10,0
"core_expansion_c","Lenovo","donor_macbook","macbook","MacBook",2025-01-19,54.798347107438005,0,10,0
"core_expansion_c","Lenovo","donor_macbook","macbook","MacBook",2025-01-26,56.07272727272728,0,10,0
"core_expansion_c","Lenovo","donor_macbook","macbook","MacBook",2025-02-02,56.07272727272728,0,10,0
"core_expansion_c","Lenovo","donor_macbook","macbook","MacBook",2025-02-09,50.97520661157024,0,10,0
"core_expansion_c","Lenovo","donor_macbook","macbook","MacBook",2025-02-16,54.798347107438005,0,10,0
"core_expansion_c","Lenovo","donor_macbook","macbook","MacBook",2025-02-23,52.249586776859495,0,10,0
"core_expansion_c","Lenovo","donor_macbook","macbook","MacBook",2025-03-02,61.1702479338843,0,10,0
"core_expansion_c","Lenovo","donor_macbook","macbook","MacBook",2025-03-09,59.89586776859504,0,10,0
"core_expansion_c","Lenovo","donor_macbook","macbook","MacBook",2025-03-16,56.07272727272728,0,10,0
"core_expansion_c","Lenovo","donor_macbook","macbook","MacBook",2025-03-23,52.249586776859495,0,10,0
"core_expansion_c","Lenovo","donor_macbook","macbook","MacBook",2025-03-30,54.798347107438005,0,10,0
"core_expansion_c","Lenovo","donor_macbook","macbook","MacBook",2025-04-06,53.52396694214876,0,10,0
"core_expansion_c","Lenovo","donor_macbook","macbook","MacBook",2025-04-13,49.70082644628099,0,10,0
"core_expansion_c","Lenovo","donor_macbook","macbook","MacBook",2025-04-20,50.97520661157024,0,10,0
"core_expansion_c","Lenovo","donor_macbook","macbook","MacBook",2025-04-27,48.42644628099173,0,10,0
"core_expansion_c","Lenovo","donor_macbook","macbook","MacBook",2025-05-04,48.42644628099173,0,10,0
"core_expansion_c","Lenovo","donor_macbook","macbook","MacBook",2025-05-11,50.97520661157024,0,10,0
"core_expansion_c","Lenovo","donor_macbook","macbook","MacBook",2025-05-18,49.70082644628099,0,10,0
"core_expansion_c","Lenovo","donor_macbook","macbook","MacBook",2025-05-25,49.70082644628099,0,10,0
"core_expansion_c","Lenovo","donor_macbook","macbook","MacBook",2025-06-01,52.249586776859495,0,10,0
"core_expansion_c","Lenovo","donor_macbook","macbook","MacBook",2025-06-08,52.249586776859495,0,10,0
"core_expansion_c","Lenovo","donor_macbook","macbook","MacBook",2025-06-15,52.249586776859495,0,10,0
"core_expansion_c","Lenovo","donor_macbook","macbook","MacBook",2025-06-22,49.70082644628099,0,10,0
"core_expansion_c","Lenovo","donor_macbook","macbook","MacBook",2025-06-29,50.97520661157024,0,10,0
"core_expansion_c","Lenovo","donor_macbook","macbook","MacBook",2025-07-06,56.07272727272728,0,10,0
"core_expansion_c","Lenovo","donor_macbook","macbook","MacBook",2025-07-13,54.798347107438005,0,10,0
"core_expansion_c","Lenovo","donor_macbook","macbook","MacBook",2025-07-20,56.07272727272728,0,10,0
"core_expansion_c","Lenovo","donor_macbook","macbook","MacBook",2025-07-27,59.89586776859504,0,10,0
"core_expansion_c","Lenovo","donor_macbook","macbook","MacBook",2025-08-03,64.99338842975206,0,10,0
"core_expansion_c","Lenovo","donor_macbook","macbook","MacBook",2025-08-10,70.0909090909091,0,10,0
"core_expansion_c","Lenovo","donor_macbook","macbook","MacBook",2025-08-17,68.81652892561983,0,10,0
"core_expansion_c","Lenovo","donor_macbook","macbook","MacBook",2025-08-24,76.46280991735537,0,10,0
"core_expansion_c","Lenovo","donor_macbook","macbook","MacBook",2025-08-31,77.73719008264463,0,10,0
"core_expansion_c","Lenovo","donor_macbook","macbook","MacBook",2025-09-07,76.46280991735537,0,10,0
"core_expansion_c","Lenovo","donor_macbook","macbook","MacBook",2025-09-14,71.36528925619834,0,10,0
"core_expansion_c","Lenovo","donor_macbook","macbook","MacBook",2025-09-21,75.18842975206611,0,10,0
"core_expansion_c","Lenovo","donor_macbook","macbook","MacBook",2025-09-28,71.36528925619834,0,10,0
"core_expansion_c","Lenovo","donor_macbook","macbook","MacBook",2025-10-05,68.81652892561983,0,10,0
"core_expansion_c","Lenovo","donor_macbook","macbook","MacBook",2025-10-12,72.6396694214876,0,10,0
"core_expansion_c","Lenovo","donor_macbook","macbook","MacBook",2025-10-19,68.81652892561983,0,10,0
"core_expansion_c","Lenovo","donor_macbook","macbook","MacBook",2025-10-26,64.99338842975206,0,10,0
"core_expansion_c","Lenovo","donor_macbook","macbook","MacBook",2025-11-02,66.26776859504132,0,10,0
"core_expansion_c","Lenovo","donor_macbook","macbook","MacBook",2025-11-09,70.0909090909091,0,10,0
"core_expansion_c","Lenovo","donor_macbook","macbook","MacBook",2025-11-16,70.0909090909091,0,10,0
"core_expansion_c","Lenovo","donor_macbook","macbook","MacBook",2025-11-23,76.46280991735537,0,10,0
"core_expansion_c","Lenovo","donor_macbook","macbook","MacBook",2025-11-30,71.36528925619834,0,10,0
"core_expansion_c","Lenovo","donor_macbook","macbook","MacBook",2025-12-07,62.444628099173556,0,10,0
"core_expansion_c","Lenovo","donor_macbook","macbook","MacBook",2025-12-14,61.1702479338843,0,10,0
"core_expansion_c","Lenovo","donor_macbook","macbook","MacBook",2025-12-21,61.1702479338843,0,10,0
"core_expansion_c","Lenovo","donor_macbook","macbook","MacBook",2025-12-28,57.34710743801653,0,10,0
"core_expansion_c","Lenovo","donor_macbook","macbook","MacBook",2026-01-04,61.1702479338843,0,10,0
"core_expansion_c","Lenovo","donor_macbook","macbook","MacBook",2026-01-11,64.99338842975206,0,10,0
"core_expansion_c","Lenovo","donor_macbook","macbook","MacBook",2026-01-18,63.71900826446281,0,10,0
"core_expansion_c","Lenovo","donor_macbook","macbook","MacBook",2026-01-25,64.99338842975206,0,10,0
"core_expansion_c","Lenovo","donor_macbook","macbook","MacBook",2026-02-01,64.99338842975206,0,10,0
"core_expansion_c","Lenovo","donor_macbook","macbook","MacBook",2026-02-08,62.444628099173556,0,10,0
"core_expansion_c","Lenovo","donor_macbook","macbook","MacBook",2026-02-15,68.81652892561983,0,10,0
"core_expansion_c","Lenovo","donor_macbook","macbook","MacBook",2026-02-22,67.54214876033058,0,10,0
"core_expansion_c","Lenovo","donor_macbook","macbook","MacBook",2026-03-01,127.43801652892562,0,10,0
"core_expansion_c","Lenovo","donor_macbook","macbook","MacBook",2026-03-08,119.79173553719008,0,10,0
"core_expansion_c","Lenovo","donor_macbook","macbook","MacBook",2026-03-15,90.48099173553719,0,10,0
"core_expansion_c","Lenovo","donor_macbook","macbook","MacBook",2026-03-22,107.04793388429752,0,10,0
"core_expansion_c","Lenovo","donor_macbook","macbook","MacBook",2026-03-29,108.32231404958677,0,10,0
"core_expansion_c","Lenovo","donor_macbook","macbook","MacBook",2026-04-05,105.77355371900826,0,10,0
"core_expansion_c","Lenovo","donor_macbook","macbook","MacBook",2026-04-12,105.77355371900826,0,10,0
"core_expansion_c","Lenovo","donor_macbook","macbook","MacBook",2026-04-19,96.85289256198347,0,10,0
"core_expansion_c","Lenovo","donor_macbook","macbook","MacBook",2026-04-26,94.30413223140495,0,10,0
"core_expansion_c","Lenovo","donor_macbook","macbook","MacBook",2026-05-03,96.85289256198347,0,10,0
"core_expansion_c","Lenovo","donor_macbook","macbook","MacBook",2026-05-10,96.85289256198347,0,10,0
"core_expansion_c","Lenovo","donor_macbook","macbook","MacBook",2026-05-17,87.93223140495867,0,10,0
"core_expansion_c","Lenovo","donor_macbook","macbook","MacBook",2026-05-24,80.28595041322313,0,10,0
"core_expansion_c","Lenovo","donor_macbook","macbook","MacBook",2026-05-31,85.38347107438015,0,10,0
"core_expansion_c","Lenovo","donor_macbook","macbook","MacBook",2026-06-07,80.28595041322313,0,10,0
"core_expansion_c","Lenovo","donor_macbook","macbook","MacBook",2026-06-14,76.46280991735537,0,10,0
"core_expansion_c","Lenovo","donor_macbook","macbook","MacBook",2026-06-21,86.65785123966941,0,10,0
"core_expansion_c","Lenovo","donor_macbook","macbook","MacBook",2026-06-28,68.81652892561983,0,10,0
"core_expansion_c","Lenovo","donor_macbook","macbook","MacBook",2026-07-05,58.62148760330579,0,10,0
"core_expansion_c","Lenovo","donor_vaio","vaio","VAIO laptop",2021-12-26,0,0,10,0
"core_expansion_c","Lenovo","donor_vaio","vaio","VAIO laptop",2022-01-02,0,0,10,0
"core_expansion_c","Lenovo","donor_vaio","vaio","VAIO laptop",2022-01-09,0,0,10,0
"core_expansion_c","Lenovo","donor_vaio","vaio","VAIO laptop",2022-01-16,0,0,10,0
"core_expansion_c","Lenovo","donor_vaio","vaio","VAIO laptop",2022-01-23,0,0,10,0
"core_expansion_c","Lenovo","donor_vaio","vaio","VAIO laptop",2022-01-30,0,0,10,0
"core_expansion_c","Lenovo","donor_vaio","vaio","VAIO laptop",2022-02-06,0,0,10,0
"core_expansion_c","Lenovo","donor_vaio","vaio","VAIO laptop",2022-02-13,0,0,10,0
"core_expansion_c","Lenovo","donor_vaio","vaio","VAIO laptop",2022-02-20,0,0,10,0
"core_expansion_c","Lenovo","donor_vaio","vaio","VAIO laptop",2022-02-27,0,0,10,0
"core_expansion_c","Lenovo","donor_vaio","vaio","VAIO laptop",2022-03-06,0,0,10,0
"core_expansion_c","Lenovo","donor_vaio","vaio","VAIO laptop",2022-03-13,0,0,10,0
"core_expansion_c","Lenovo","donor_vaio","vaio","VAIO laptop",2022-03-20,0,0,10,0
"core_expansion_c","Lenovo","donor_vaio","vaio","VAIO laptop",2022-03-27,0,0,10,0
"core_expansion_c","Lenovo","donor_vaio","vaio","VAIO laptop",2022-04-03,0,0,10,0
"core_expansion_c","Lenovo","donor_vaio","vaio","VAIO laptop",2022-04-10,0,0,10,0
"core_expansion_c","Lenovo","donor_vaio","vaio","VAIO laptop",2022-04-17,0,0,10,0
"core_expansion_c","Lenovo","donor_vaio","vaio","VAIO laptop",2022-04-24,0,0,10,0
"core_expansion_c","Lenovo","donor_vaio","vaio","VAIO laptop",2022-05-01,0,0,10,0
"core_expansion_c","Lenovo","donor_vaio","vaio","VAIO laptop",2022-05-08,0,0,10,0
"core_expansion_c","Lenovo","donor_vaio","vaio","VAIO laptop",2022-05-15,0,0,10,0
"core_expansion_c","Lenovo","donor_vaio","vaio","VAIO laptop",2022-05-22,0,0,10,0
"core_expansion_c","Lenovo","donor_vaio","vaio","VAIO laptop",2022-05-29,0,0,10,0
"core_expansion_c","Lenovo","donor_vaio","vaio","VAIO laptop",2022-06-05,0,0,10,0
"core_expansion_c","Lenovo","donor_vaio","vaio","VAIO laptop",2022-06-12,0,0,10,0
"core_expansion_c","Lenovo","donor_vaio","vaio","VAIO laptop",2022-06-19,0,0,10,0
"core_expansion_c","Lenovo","donor_vaio","vaio","VAIO laptop",2022-06-26,0,0,10,0
"core_expansion_c","Lenovo","donor_vaio","vaio","VAIO laptop",2022-07-03,0,0,10,0
"core_expansion_c","Lenovo","donor_vaio","vaio","VAIO laptop",2022-07-10,0,0,10,0
"core_expansion_c","Lenovo","donor_vaio","vaio","VAIO laptop",2022-07-17,0,0,10,0
"core_expansion_c","Lenovo","donor_vaio","vaio","VAIO laptop",2022-07-24,0,0,10,0
"core_expansion_c","Lenovo","donor_vaio","vaio","VAIO laptop",2022-07-31,0,0,10,0
"core_expansion_c","Lenovo","donor_vaio","vaio","VAIO laptop",2022-08-07,0,0,10,0
"core_expansion_c","Lenovo","donor_vaio","vaio","VAIO laptop",2022-08-14,0,0,10,0
"core_expansion_c","Lenovo","donor_vaio","vaio","VAIO laptop",2022-08-21,0,0,10,0
"core_expansion_c","Lenovo","donor_vaio","vaio","VAIO laptop",2022-08-28,0,0,10,0
"core_expansion_c","Lenovo","donor_vaio","vaio","VAIO laptop",2022-09-04,0,0,10,0
"core_expansion_c","Lenovo","donor_vaio","vaio","VAIO laptop",2022-09-11,0,0,10,0
"core_expansion_c","Lenovo","donor_vaio","vaio","VAIO laptop",2022-09-18,0,0,10,0
"core_expansion_c","Lenovo","donor_vaio","vaio","VAIO laptop",2022-09-25,0,0,10,0
"core_expansion_c","Lenovo","donor_vaio","vaio","VAIO laptop",2022-10-02,0,0,10,0
"core_expansion_c","Lenovo","donor_vaio","vaio","VAIO laptop",2022-10-09,0,0,10,0
"core_expansion_c","Lenovo","donor_vaio","vaio","VAIO laptop",2022-10-16,0,0,10,0
"core_expansion_c","Lenovo","donor_vaio","vaio","VAIO laptop",2022-10-23,0,0,10,0
"core_expansion_c","Lenovo","donor_vaio","vaio","VAIO laptop",2022-10-30,0,0,10,0
"core_expansion_c","Lenovo","donor_vaio","vaio","VAIO laptop",2022-11-06,0,0,10,0
"core_expansion_c","Lenovo","donor_vaio","vaio","VAIO laptop",2022-11-13,0,0,10,0
"core_expansion_c","Lenovo","donor_vaio","vaio","VAIO laptop",2022-11-20,0,0,10,0
"core_expansion_c","Lenovo","donor_vaio","vaio","VAIO laptop",2022-11-27,0,0,10,0
"core_expansion_c","Lenovo","donor_vaio","vaio","VAIO laptop",2022-12-04,0,0,10,0
"core_expansion_c","Lenovo","donor_vaio","vaio","VAIO laptop",2022-12-11,0,0,10,0
"core_expansion_c","Lenovo","donor_vaio","vaio","VAIO laptop",2022-12-18,0,0,10,0
"core_expansion_c","Lenovo","donor_vaio","vaio","VAIO laptop",2022-12-25,0,0,10,0
"core_expansion_c","Lenovo","donor_vaio","vaio","VAIO laptop",2023-01-01,0,0,10,0
"core_expansion_c","Lenovo","donor_vaio","vaio","VAIO laptop",2023-01-08,0,0,10,0
"core_expansion_c","Lenovo","donor_vaio","vaio","VAIO laptop",2023-01-15,0,0,10,0
"core_expansion_c","Lenovo","donor_vaio","vaio","VAIO laptop",2023-01-22,0,0,10,0
"core_expansion_c","Lenovo","donor_vaio","vaio","VAIO laptop",2023-01-29,0,0,10,0
"core_expansion_c","Lenovo","donor_vaio","vaio","VAIO laptop",2023-02-05,0,0,10,0
"core_expansion_c","Lenovo","donor_vaio","vaio","VAIO laptop",2023-02-12,0,0,10,0
"core_expansion_c","Lenovo","donor_vaio","vaio","VAIO laptop",2023-02-19,0,0,10,0
"core_expansion_c","Lenovo","donor_vaio","vaio","VAIO laptop",2023-02-26,0,0,10,0
"core_expansion_c","Lenovo","donor_vaio","vaio","VAIO laptop",2023-03-05,0,0,10,0
"core_expansion_c","Lenovo","donor_vaio","vaio","VAIO laptop",2023-03-12,0,0,10,0
"core_expansion_c","Lenovo","donor_vaio","vaio","VAIO laptop",2023-03-19,0,0,10,0
"core_expansion_c","Lenovo","donor_vaio","vaio","VAIO laptop",2023-03-26,0,0,10,0
"core_expansion_c","Lenovo","donor_vaio","vaio","VAIO laptop",2023-04-02,0,0,10,0
"core_expansion_c","Lenovo","donor_vaio","vaio","VAIO laptop",2023-04-09,0,0,10,0
"core_expansion_c","Lenovo","donor_vaio","vaio","VAIO laptop",2023-04-16,0,0,10,0
"core_expansion_c","Lenovo","donor_vaio","vaio","VAIO laptop",2023-04-23,0,0,10,0
"core_expansion_c","Lenovo","donor_vaio","vaio","VAIO laptop",2023-04-30,0,0,10,0
"core_expansion_c","Lenovo","donor_vaio","vaio","VAIO laptop",2023-05-07,0,0,10,0
"core_expansion_c","Lenovo","donor_vaio","vaio","VAIO laptop",2023-05-14,0,0,10,0
"core_expansion_c","Lenovo","donor_vaio","vaio","VAIO laptop",2023-05-21,0,0,10,0
"core_expansion_c","Lenovo","donor_vaio","vaio","VAIO laptop",2023-05-28,0,0,10,0
"core_expansion_c","Lenovo","donor_vaio","vaio","VAIO laptop",2023-06-04,0,0,10,0
"core_expansion_c","Lenovo","donor_vaio","vaio","VAIO laptop",2023-06-11,0,0,10,0
"core_expansion_c","Lenovo","donor_vaio","vaio","VAIO laptop",2023-06-18,0,0,10,0
"core_expansion_c","Lenovo","donor_vaio","vaio","VAIO laptop",2023-06-25,0,0,10,0
"core_expansion_c","Lenovo","donor_vaio","vaio","VAIO laptop",2023-07-02,0,0,10,0
"core_expansion_c","Lenovo","donor_vaio","vaio","VAIO laptop",2023-07-09,0,0,10,0
"core_expansion_c","Lenovo","donor_vaio","vaio","VAIO laptop",2023-07-16,0,0,10,0
"core_expansion_c","Lenovo","donor_vaio","vaio","VAIO laptop",2023-07-23,0,0,10,0
"core_expansion_c","Lenovo","donor_vaio","vaio","VAIO laptop",2023-07-30,0,0,10,0
"core_expansion_c","Lenovo","donor_vaio","vaio","VAIO laptop",2023-08-06,0,0,10,0
"core_expansion_c","Lenovo","donor_vaio","vaio","VAIO laptop",2023-08-13,0,0,10,0
"core_expansion_c","Lenovo","donor_vaio","vaio","VAIO laptop",2023-08-20,0,0,10,0
"core_expansion_c","Lenovo","donor_vaio","vaio","VAIO laptop",2023-08-27,0,0,10,0
"core_expansion_c","Lenovo","donor_vaio","vaio","VAIO laptop",2023-09-03,0,0,10,0
"core_expansion_c","Lenovo","donor_vaio","vaio","VAIO laptop",2023-09-10,0,0,10,0
"core_expansion_c","Lenovo","donor_vaio","vaio","VAIO laptop",2023-09-17,0,0,10,0
"core_expansion_c","Lenovo","donor_vaio","vaio","VAIO laptop",2023-09-24,0,0,10,0
"core_expansion_c","Lenovo","donor_vaio","vaio","VAIO laptop",2023-10-01,0,0,10,0
"core_expansion_c","Lenovo","donor_vaio","vaio","VAIO laptop",2023-10-08,0,0,10,0
"core_expansion_c","Lenovo","donor_vaio","vaio","VAIO laptop",2023-10-15,0,0,10,0
"core_expansion_c","Lenovo","donor_vaio","vaio","VAIO laptop",2023-10-22,0,0,10,0
"core_expansion_c","Lenovo","donor_vaio","vaio","VAIO laptop",2023-10-29,0,0,10,0
"core_expansion_c","Lenovo","donor_vaio","vaio","VAIO laptop",2023-11-05,0,0,10,0
"core_expansion_c","Lenovo","donor_vaio","vaio","VAIO laptop",2023-11-12,0,0,10,0
"core_expansion_c","Lenovo","donor_vaio","vaio","VAIO laptop",2023-11-19,0,0,10,0
"core_expansion_c","Lenovo","donor_vaio","vaio","VAIO laptop",2023-11-26,0,0,10,0
"core_expansion_c","Lenovo","donor_vaio","vaio","VAIO laptop",2023-12-03,0,0,10,0
"core_expansion_c","Lenovo","donor_vaio","vaio","VAIO laptop",2023-12-10,0,0,10,0
"core_expansion_c","Lenovo","donor_vaio","vaio","VAIO laptop",2023-12-17,0,0,10,0
"core_expansion_c","Lenovo","donor_vaio","vaio","VAIO laptop",2023-12-24,0,0,10,0
"core_expansion_c","Lenovo","donor_vaio","vaio","VAIO laptop",2023-12-31,0,0,10,0
"core_expansion_c","Lenovo","donor_vaio","vaio","VAIO laptop",2024-01-07,0,0,10,0
"core_expansion_c","Lenovo","donor_vaio","vaio","VAIO laptop",2024-01-14,0,0,10,0
"core_expansion_c","Lenovo","donor_vaio","vaio","VAIO laptop",2024-01-21,0,0,10,0
"core_expansion_c","Lenovo","donor_vaio","vaio","VAIO laptop",2024-01-28,0,0,10,0
"core_expansion_c","Lenovo","donor_vaio","vaio","VAIO laptop",2024-02-04,0,0,10,0
"core_expansion_c","Lenovo","donor_vaio","vaio","VAIO laptop",2024-02-11,0,0,10,0
"core_expansion_c","Lenovo","donor_vaio","vaio","VAIO laptop",2024-02-18,0,0,10,0
"core_expansion_c","Lenovo","donor_vaio","vaio","VAIO laptop",2024-02-25,0,0,10,0
"core_expansion_c","Lenovo","donor_vaio","vaio","VAIO laptop",2024-03-03,0,0,10,0
"core_expansion_c","Lenovo","donor_vaio","vaio","VAIO laptop",2024-03-10,0,0,10,0
"core_expansion_c","Lenovo","donor_vaio","vaio","VAIO laptop",2024-03-17,0,0,10,0
"core_expansion_c","Lenovo","donor_vaio","vaio","VAIO laptop",2024-03-24,0,0,10,0
"core_expansion_c","Lenovo","donor_vaio","vaio","VAIO laptop",2024-03-31,0,0,10,0
"core_expansion_c","Lenovo","donor_vaio","vaio","VAIO laptop",2024-04-07,0,0,10,0
"core_expansion_c","Lenovo","donor_vaio","vaio","VAIO laptop",2024-04-14,0,0,10,0
"core_expansion_c","Lenovo","donor_vaio","vaio","VAIO laptop",2024-04-21,0,0,10,0
"core_expansion_c","Lenovo","donor_vaio","vaio","VAIO laptop",2024-04-28,0,0,10,0
"core_expansion_c","Lenovo","donor_vaio","vaio","VAIO laptop",2024-05-05,0,0,10,0
"core_expansion_c","Lenovo","donor_vaio","vaio","VAIO laptop",2024-05-12,0,0,10,0
"core_expansion_c","Lenovo","donor_vaio","vaio","VAIO laptop",2024-05-19,0,0,10,0
"core_expansion_c","Lenovo","donor_vaio","vaio","VAIO laptop",2024-05-26,0,0,10,0
"core_expansion_c","Lenovo","donor_vaio","vaio","VAIO laptop",2024-06-02,0,0,10,0
"core_expansion_c","Lenovo","donor_vaio","vaio","VAIO laptop",2024-06-09,0,0,10,0
"core_expansion_c","Lenovo","donor_vaio","vaio","VAIO laptop",2024-06-16,0,0,10,0
"core_expansion_c","Lenovo","donor_vaio","vaio","VAIO laptop",2024-06-23,0,0,10,0
"core_expansion_c","Lenovo","donor_vaio","vaio","VAIO laptop",2024-06-30,0,0,10,0
"core_expansion_c","Lenovo","donor_vaio","vaio","VAIO laptop",2024-07-07,0,0,10,0
"core_expansion_c","Lenovo","donor_vaio","vaio","VAIO laptop",2024-07-14,0,0,10,0
"core_expansion_c","Lenovo","donor_vaio","vaio","VAIO laptop",2024-07-21,0,0,10,0
"core_expansion_c","Lenovo","donor_vaio","vaio","VAIO laptop",2024-07-28,0,0,10,0
"core_expansion_c","Lenovo","donor_vaio","vaio","VAIO laptop",2024-08-04,0,0,10,0
"core_expansion_c","Lenovo","donor_vaio","vaio","VAIO laptop",2024-08-11,0,0,10,0
"core_expansion_c","Lenovo","donor_vaio","vaio","VAIO laptop",2024-08-18,0,0,10,0
"core_expansion_c","Lenovo","donor_vaio","vaio","VAIO laptop",2024-08-25,0,0,10,0
"core_expansion_c","Lenovo","donor_vaio","vaio","VAIO laptop",2024-09-01,0,0,10,0
"core_expansion_c","Lenovo","donor_vaio","vaio","VAIO laptop",2024-09-08,0,0,10,0
"core_expansion_c","Lenovo","donor_vaio","vaio","VAIO laptop",2024-09-15,0,0,10,0
"core_expansion_c","Lenovo","donor_vaio","vaio","VAIO laptop",2024-09-22,0,0,10,0
"core_expansion_c","Lenovo","donor_vaio","vaio","VAIO laptop",2024-09-29,0,0,10,0
"core_expansion_c","Lenovo","donor_vaio","vaio","VAIO laptop",2024-10-06,0,0,10,0
"core_expansion_c","Lenovo","donor_vaio","vaio","VAIO laptop",2024-10-13,0,0,10,0
"core_expansion_c","Lenovo","donor_vaio","vaio","VAIO laptop",2024-10-20,0,0,10,0
"core_expansion_c","Lenovo","donor_vaio","vaio","VAIO laptop",2024-10-27,0,0,10,0
"core_expansion_c","Lenovo","donor_vaio","vaio","VAIO laptop",2024-11-03,0,0,10,0
"core_expansion_c","Lenovo","donor_vaio","vaio","VAIO laptop",2024-11-10,0,0,10,0
"core_expansion_c","Lenovo","donor_vaio","vaio","VAIO laptop",2024-11-17,0,0,10,0
"core_expansion_c","Lenovo","donor_vaio","vaio","VAIO laptop",2024-11-24,0,0,10,0
"core_expansion_c","Lenovo","donor_vaio","vaio","VAIO laptop",2024-12-01,0,0,10,0
"core_expansion_c","Lenovo","donor_vaio","vaio","VAIO laptop",2024-12-08,0,0,10,0
"core_expansion_c","Lenovo","donor_vaio","vaio","VAIO laptop",2024-12-15,0,0,10,0
"core_expansion_c","Lenovo","donor_vaio","vaio","VAIO laptop",2024-12-22,0,0,10,0
"core_expansion_c","Lenovo","donor_vaio","vaio","VAIO laptop",2024-12-29,0,0,10,0
"core_expansion_c","Lenovo","donor_vaio","vaio","VAIO laptop",2025-01-05,0,0,10,0
"core_expansion_c","Lenovo","donor_vaio","vaio","VAIO laptop",2025-01-12,0,0,10,0
"core_expansion_c","Lenovo","donor_vaio","vaio","VAIO laptop",2025-01-19,0,0,10,0
"core_expansion_c","Lenovo","donor_vaio","vaio","VAIO laptop",2025-01-26,0,0,10,0
"core_expansion_c","Lenovo","donor_vaio","vaio","VAIO laptop",2025-02-02,0,0,10,0
"core_expansion_c","Lenovo","donor_vaio","vaio","VAIO laptop",2025-02-09,0,0,10,0
"core_expansion_c","Lenovo","donor_vaio","vaio","VAIO laptop",2025-02-16,0,0,10,0
"core_expansion_c","Lenovo","donor_vaio","vaio","VAIO laptop",2025-02-23,0,0,10,0
"core_expansion_c","Lenovo","donor_vaio","vaio","VAIO laptop",2025-03-02,0,0,10,0
"core_expansion_c","Lenovo","donor_vaio","vaio","VAIO laptop",2025-03-09,0,0,10,0
"core_expansion_c","Lenovo","donor_vaio","vaio","VAIO laptop",2025-03-16,0,0,10,0
"core_expansion_c","Lenovo","donor_vaio","vaio","VAIO laptop",2025-03-23,0,0,10,0
"core_expansion_c","Lenovo","donor_vaio","vaio","VAIO laptop",2025-03-30,0,0,10,0
"core_expansion_c","Lenovo","donor_vaio","vaio","VAIO laptop",2025-04-06,0,0,10,0
"core_expansion_c","Lenovo","donor_vaio","vaio","VAIO laptop",2025-04-13,0,0,10,0
"core_expansion_c","Lenovo","donor_vaio","vaio","VAIO laptop",2025-04-20,0,0,10,0
"core_expansion_c","Lenovo","donor_vaio","vaio","VAIO laptop",2025-04-27,0,0,10,0
"core_expansion_c","Lenovo","donor_vaio","vaio","VAIO laptop",2025-05-04,0,0,10,0
"core_expansion_c","Lenovo","donor_vaio","vaio","VAIO laptop",2025-05-11,0,0,10,0
"core_expansion_c","Lenovo","donor_vaio","vaio","VAIO laptop",2025-05-18,0,0,10,0
"core_expansion_c","Lenovo","donor_vaio","vaio","VAIO laptop",2025-05-25,0,0,10,0
"core_expansion_c","Lenovo","donor_vaio","vaio","VAIO laptop",2025-06-01,0,0,10,0
"core_expansion_c","Lenovo","donor_vaio","vaio","VAIO laptop",2025-06-08,0,0,10,0
"core_expansion_c","Lenovo","donor_vaio","vaio","VAIO laptop",2025-06-15,0,0,10,0
"core_expansion_c","Lenovo","donor_vaio","vaio","VAIO laptop",2025-06-22,0,0,10,0
"core_expansion_c","Lenovo","donor_vaio","vaio","VAIO laptop",2025-06-29,0,0,10,0
"core_expansion_c","Lenovo","donor_vaio","vaio","VAIO laptop",2025-07-06,0,0,10,0
"core_expansion_c","Lenovo","donor_vaio","vaio","VAIO laptop",2025-07-13,0,0,10,0
"core_expansion_c","Lenovo","donor_vaio","vaio","VAIO laptop",2025-07-20,0,0,10,0
"core_expansion_c","Lenovo","donor_vaio","vaio","VAIO laptop",2025-07-27,0,0,10,0
"core_expansion_c","Lenovo","donor_vaio","vaio","VAIO laptop",2025-08-03,0,0,10,0
"core_expansion_c","Lenovo","donor_vaio","vaio","VAIO laptop",2025-08-10,0,0,10,0
"core_expansion_c","Lenovo","donor_vaio","vaio","VAIO laptop",2025-08-17,0,0,10,0
"core_expansion_c","Lenovo","donor_vaio","vaio","VAIO laptop",2025-08-24,0,0,10,0
"core_expansion_c","Lenovo","donor_vaio","vaio","VAIO laptop",2025-08-31,0,0,10,0
"core_expansion_c","Lenovo","donor_vaio","vaio","VAIO laptop",2025-09-07,0,0,10,0
"core_expansion_c","Lenovo","donor_vaio","vaio","VAIO laptop",2025-09-14,0,0,10,0
"core_expansion_c","Lenovo","donor_vaio","vaio","VAIO laptop",2025-09-21,0,0,10,0
"core_expansion_c","Lenovo","donor_vaio","vaio","VAIO laptop",2025-09-28,0,0,10,0
"core_expansion_c","Lenovo","donor_vaio","vaio","VAIO laptop",2025-10-05,0,0,10,0
"core_expansion_c","Lenovo","donor_vaio","vaio","VAIO laptop",2025-10-12,0,0,10,0
"core_expansion_c","Lenovo","donor_vaio","vaio","VAIO laptop",2025-10-19,0,0,10,0
"core_expansion_c","Lenovo","donor_vaio","vaio","VAIO laptop",2025-10-26,0,0,10,0
"core_expansion_c","Lenovo","donor_vaio","vaio","VAIO laptop",2025-11-02,0,0,10,0
"core_expansion_c","Lenovo","donor_vaio","vaio","VAIO laptop",2025-11-09,0,0,10,0
"core_expansion_c","Lenovo","donor_vaio","vaio","VAIO laptop",2025-11-16,0,0,10,0
"core_expansion_c","Lenovo","donor_vaio","vaio","VAIO laptop",2025-11-23,0,0,10,0
"core_expansion_c","Lenovo","donor_vaio","vaio","VAIO laptop",2025-11-30,0,0,10,0
"core_expansion_c","Lenovo","donor_vaio","vaio","VAIO laptop",2025-12-07,0,0,10,0
"core_expansion_c","Lenovo","donor_vaio","vaio","VAIO laptop",2025-12-14,0,0,10,0
"core_expansion_c","Lenovo","donor_vaio","vaio","VAIO laptop",2025-12-21,0,0,10,0
"core_expansion_c","Lenovo","donor_vaio","vaio","VAIO laptop",2025-12-28,0,0,10,0
"core_expansion_c","Lenovo","donor_vaio","vaio","VAIO laptop",2026-01-04,0,0,10,0
"core_expansion_c","Lenovo","donor_vaio","vaio","VAIO laptop",2026-01-11,0,0,10,0
"core_expansion_c","Lenovo","donor_vaio","vaio","VAIO laptop",2026-01-18,0,0,10,0
"core_expansion_c","Lenovo","donor_vaio","vaio","VAIO laptop",2026-01-25,0,0,10,0
"core_expansion_c","Lenovo","donor_vaio","vaio","VAIO laptop",2026-02-01,0,0,10,0
"core_expansion_c","Lenovo","donor_vaio","vaio","VAIO laptop",2026-02-08,0,0,10,0
"core_expansion_c","Lenovo","donor_vaio","vaio","VAIO laptop",2026-02-15,0,0,10,0
"core_expansion_c","Lenovo","donor_vaio","vaio","VAIO laptop",2026-02-22,0,0,10,0
"core_expansion_c","Lenovo","donor_vaio","vaio","VAIO laptop",2026-03-01,0,0,10,0
"core_expansion_c","Lenovo","donor_vaio","vaio","VAIO laptop",2026-03-08,0,0,10,0
"core_expansion_c","Lenovo","donor_vaio","vaio","VAIO laptop",2026-03-15,0,0,10,0
"core_expansion_c","Lenovo","donor_vaio","vaio","VAIO laptop",2026-03-22,0,0,10,0
"core_expansion_c","Lenovo","donor_vaio","vaio","VAIO laptop",2026-03-29,1.2743801652892561,0,10,0
"core_expansion_c","Lenovo","donor_vaio","vaio","VAIO laptop",2026-04-05,1.2743801652892561,0,10,0
"core_expansion_c","Lenovo","donor_vaio","vaio","VAIO laptop",2026-04-12,1.2743801652892561,0,10,0
"core_expansion_c","Lenovo","donor_vaio","vaio","VAIO laptop",2026-04-19,1.2743801652892561,0,10,0
"core_expansion_c","Lenovo","donor_vaio","vaio","VAIO laptop",2026-04-26,1.2743801652892561,0,10,0
"core_expansion_c","Lenovo","donor_vaio","vaio","VAIO laptop",2026-05-03,1.2743801652892561,0,10,0
"core_expansion_c","Lenovo","donor_vaio","vaio","VAIO laptop",2026-05-10,1.2743801652892561,0,10,0
"core_expansion_c","Lenovo","donor_vaio","vaio","VAIO laptop",2026-05-17,0,0,10,0
"core_expansion_c","Lenovo","donor_vaio","vaio","VAIO laptop",2026-05-24,0,0,10,0
"core_expansion_c","Lenovo","donor_vaio","vaio","VAIO laptop",2026-05-31,0,0,10,0
"core_expansion_c","Lenovo","donor_vaio","vaio","VAIO laptop",2026-06-07,0,0,10,0
"core_expansion_c","Lenovo","donor_vaio","vaio","VAIO laptop",2026-06-14,0,0,10,0
"core_expansion_c","Lenovo","donor_vaio","vaio","VAIO laptop",2026-06-21,0,0,10,0
"core_expansion_c","Lenovo","donor_vaio","vaio","VAIO laptop",2026-06-28,0,0,10,0
"core_expansion_c","Lenovo","donor_vaio","vaio","VAIO laptop",2026-07-05,0,0,10,0
"core_expansion_d","Lenovo","anchor_lenovo","lenovo","Lenovo",2021-12-26,35.83197616683218,0,10,0
"core_expansion_d","Lenovo","anchor_lenovo","lenovo","Lenovo",2022-01-02,42.79930486593843,0,10,0
"core_expansion_d","Lenovo","anchor_lenovo","lenovo","Lenovo",2022-01-09,41.80397219463754,0,10,0
"core_expansion_d","Lenovo","anchor_lenovo","lenovo","Lenovo",2022-01-16,38.81797418073486,0,10,0
"core_expansion_d","Lenovo","anchor_lenovo","lenovo","Lenovo",2022-01-23,42.79930486593843,0,10,0
"core_expansion_d","Lenovo","anchor_lenovo","lenovo","Lenovo",2022-01-30,40.808639523336645,0,10,0
"core_expansion_d","Lenovo","anchor_lenovo","lenovo","Lenovo",2022-02-06,40.808639523336645,0,10,0
"core_expansion_d","Lenovo","anchor_lenovo","lenovo","Lenovo",2022-02-13,42.79930486593843,0,10,0
"core_expansion_d","Lenovo","anchor_lenovo","lenovo","Lenovo",2022-02-20,41.80397219463754,0,10,0
"core_expansion_d","Lenovo","anchor_lenovo","lenovo","Lenovo",2022-02-27,40.808639523336645,0,10,0
"core_expansion_d","Lenovo","anchor_lenovo","lenovo","Lenovo",2022-03-06,40.808639523336645,0,10,0
"core_expansion_d","Lenovo","anchor_lenovo","lenovo","Lenovo",2022-03-13,40.808639523336645,0,10,0
"core_expansion_d","Lenovo","anchor_lenovo","lenovo","Lenovo",2022-03-20,40.808639523336645,0,10,0
"core_expansion_d","Lenovo","anchor_lenovo","lenovo","Lenovo",2022-03-27,38.81797418073486,0,10,0
"core_expansion_d","Lenovo","anchor_lenovo","lenovo","Lenovo",2022-04-03,35.83197616683218,0,10,0
"core_expansion_d","Lenovo","anchor_lenovo","lenovo","Lenovo",2022-04-10,34.836643495531284,0,10,0
"core_expansion_d","Lenovo","anchor_lenovo","lenovo","Lenovo",2022-04-17,36.82730883813307,0,10,0
"core_expansion_d","Lenovo","anchor_lenovo","lenovo","Lenovo",2022-04-24,35.83197616683218,0,10,0
"core_expansion_d","Lenovo","anchor_lenovo","lenovo","Lenovo",2022-05-01,34.836643495531284,0,10,0
"core_expansion_d","Lenovo","anchor_lenovo","lenovo","Lenovo",2022-05-08,33.84131082423039,0,10,0
"core_expansion_d","Lenovo","anchor_lenovo","lenovo","Lenovo",2022-05-15,33.84131082423039,0,10,0
"core_expansion_d","Lenovo","anchor_lenovo","lenovo","Lenovo",2022-05-22,32.8459781529295,0,10,0
"core_expansion_d","Lenovo","anchor_lenovo","lenovo","Lenovo",2022-05-29,33.84131082423039,0,10,0
"core_expansion_d","Lenovo","anchor_lenovo","lenovo","Lenovo",2022-06-05,33.84131082423039,0,10,0
"core_expansion_d","Lenovo","anchor_lenovo","lenovo","Lenovo",2022-06-12,34.836643495531284,0,10,0
"core_expansion_d","Lenovo","anchor_lenovo","lenovo","Lenovo",2022-06-19,35.83197616683218,0,10,0
"core_expansion_d","Lenovo","anchor_lenovo","lenovo","Lenovo",2022-06-26,34.836643495531284,0,10,0
"core_expansion_d","Lenovo","anchor_lenovo","lenovo","Lenovo",2022-07-03,35.83197616683218,0,10,0
"core_expansion_d","Lenovo","anchor_lenovo","lenovo","Lenovo",2022-07-10,37.822641509433964,0,10,0
"core_expansion_d","Lenovo","anchor_lenovo","lenovo","Lenovo",2022-07-17,37.822641509433964,0,10,0
"core_expansion_d","Lenovo","anchor_lenovo","lenovo","Lenovo",2022-07-24,37.822641509433964,0,10,0
"core_expansion_d","Lenovo","anchor_lenovo","lenovo","Lenovo",2022-07-31,36.82730883813307,0,10,0
"core_expansion_d","Lenovo","anchor_lenovo","lenovo","Lenovo",2022-08-07,37.822641509433964,0,10,0
"core_expansion_d","Lenovo","anchor_lenovo","lenovo","Lenovo",2022-08-14,38.81797418073486,0,10,0
"core_expansion_d","Lenovo","anchor_lenovo","lenovo","Lenovo",2022-08-21,40.808639523336645,0,10,0
"core_expansion_d","Lenovo","anchor_lenovo","lenovo","Lenovo",2022-08-28,39.81330685203575,0,10,0
"core_expansion_d","Lenovo","anchor_lenovo","lenovo","Lenovo",2022-09-04,37.822641509433964,0,10,0
"core_expansion_d","Lenovo","anchor_lenovo","lenovo","Lenovo",2022-09-11,37.822641509433964,0,10,0
"core_expansion_d","Lenovo","anchor_lenovo","lenovo","Lenovo",2022-09-18,37.822641509433964,0,10,0
"core_expansion_d","Lenovo","anchor_lenovo","lenovo","Lenovo",2022-09-25,36.82730883813307,0,10,0
"core_expansion_d","Lenovo","anchor_lenovo","lenovo","Lenovo",2022-10-02,36.82730883813307,0,10,0
"core_expansion_d","Lenovo","anchor_lenovo","lenovo","Lenovo",2022-10-09,37.822641509433964,0,10,0
"core_expansion_d","Lenovo","anchor_lenovo","lenovo","Lenovo",2022-10-16,36.82730883813307,0,10,0
"core_expansion_d","Lenovo","anchor_lenovo","lenovo","Lenovo",2022-10-23,34.836643495531284,0,10,0
"core_expansion_d","Lenovo","anchor_lenovo","lenovo","Lenovo",2022-10-30,34.836643495531284,0,10,0
"core_expansion_d","Lenovo","anchor_lenovo","lenovo","Lenovo",2022-11-06,35.83197616683218,0,10,0
"core_expansion_d","Lenovo","anchor_lenovo","lenovo","Lenovo",2022-11-13,39.81330685203575,0,10,0
"core_expansion_d","Lenovo","anchor_lenovo","lenovo","Lenovo",2022-11-20,40.808639523336645,0,10,0
"core_expansion_d","Lenovo","anchor_lenovo","lenovo","Lenovo",2022-11-27,36.82730883813307,0,10,0
"core_expansion_d","Lenovo","anchor_lenovo","lenovo","Lenovo",2022-12-04,35.83197616683218,0,10,0
"core_expansion_d","Lenovo","anchor_lenovo","lenovo","Lenovo",2022-12-11,34.836643495531284,0,10,0
"core_expansion_d","Lenovo","anchor_lenovo","lenovo","Lenovo",2022-12-18,35.83197616683218,0,10,0
"core_expansion_d","Lenovo","anchor_lenovo","lenovo","Lenovo",2022-12-25,38.81797418073486,0,10,0
"core_expansion_d","Lenovo","anchor_lenovo","lenovo","Lenovo",2023-01-01,36.82730883813307,0,10,0
"core_expansion_d","Lenovo","anchor_lenovo","lenovo","Lenovo",2023-01-08,38.81797418073486,0,10,0
"core_expansion_d","Lenovo","anchor_lenovo","lenovo","Lenovo",2023-01-15,38.81797418073486,0,10,0
"core_expansion_d","Lenovo","anchor_lenovo","lenovo","Lenovo",2023-01-22,38.81797418073486,0,10,0
"core_expansion_d","Lenovo","anchor_lenovo","lenovo","Lenovo",2023-01-29,38.81797418073486,0,10,0
"core_expansion_d","Lenovo","anchor_lenovo","lenovo","Lenovo",2023-02-05,35.83197616683218,0,10,0
"core_expansion_d","Lenovo","anchor_lenovo","lenovo","Lenovo",2023-02-12,36.82730883813307,0,10,0
"core_expansion_d","Lenovo","anchor_lenovo","lenovo","Lenovo",2023-02-19,38.81797418073486,0,10,0
"core_expansion_d","Lenovo","anchor_lenovo","lenovo","Lenovo",2023-02-26,34.836643495531284,0,10,0
"core_expansion_d","Lenovo","anchor_lenovo","lenovo","Lenovo",2023-03-05,36.82730883813307,0,10,0
"core_expansion_d","Lenovo","anchor_lenovo","lenovo","Lenovo",2023-03-12,34.836643495531284,0,10,0
"core_expansion_d","Lenovo","anchor_lenovo","lenovo","Lenovo",2023-03-19,34.836643495531284,0,10,0
"core_expansion_d","Lenovo","anchor_lenovo","lenovo","Lenovo",2023-03-26,32.8459781529295,0,10,0
"core_expansion_d","Lenovo","anchor_lenovo","lenovo","Lenovo",2023-04-02,32.8459781529295,0,10,0
"core_expansion_d","Lenovo","anchor_lenovo","lenovo","Lenovo",2023-04-09,30.855312810327707,0,10,0
"core_expansion_d","Lenovo","anchor_lenovo","lenovo","Lenovo",2023-04-16,30.855312810327707,0,10,0
"core_expansion_d","Lenovo","anchor_lenovo","lenovo","Lenovo",2023-04-23,30.855312810327707,0,10,0
"core_expansion_d","Lenovo","anchor_lenovo","lenovo","Lenovo",2023-04-30,30.855312810327707,0,10,0
"core_expansion_d","Lenovo","anchor_lenovo","lenovo","Lenovo",2023-05-07,31.8506454816286,0,10,0
"core_expansion_d","Lenovo","anchor_lenovo","lenovo","Lenovo",2023-05-14,30.855312810327707,0,10,0
"core_expansion_d","Lenovo","anchor_lenovo","lenovo","Lenovo",2023-05-21,32.8459781529295,0,10,0
"core_expansion_d","Lenovo","anchor_lenovo","lenovo","Lenovo",2023-05-28,31.8506454816286,0,10,0
"core_expansion_d","Lenovo","anchor_lenovo","lenovo","Lenovo",2023-06-04,32.8459781529295,0,10,0
"core_expansion_d","Lenovo","anchor_lenovo","lenovo","Lenovo",2023-06-11,37.822641509433964,0,10,0
"core_expansion_d","Lenovo","anchor_lenovo","lenovo","Lenovo",2023-06-18,31.8506454816286,0,10,0
"core_expansion_d","Lenovo","anchor_lenovo","lenovo","Lenovo",2023-06-25,32.8459781529295,0,10,0
"core_expansion_d","Lenovo","anchor_lenovo","lenovo","Lenovo",2023-07-02,34.836643495531284,0,10,0
"core_expansion_d","Lenovo","anchor_lenovo","lenovo","Lenovo",2023-07-09,37.822641509433964,0,10,0
"core_expansion_d","Lenovo","anchor_lenovo","lenovo","Lenovo",2023-07-16,35.83197616683218,0,10,0
"core_expansion_d","Lenovo","anchor_lenovo","lenovo","Lenovo",2023-07-23,35.83197616683218,0,10,0
"core_expansion_d","Lenovo","anchor_lenovo","lenovo","Lenovo",2023-07-30,36.82730883813307,0,10,0
"core_expansion_d","Lenovo","anchor_lenovo","lenovo","Lenovo",2023-08-06,36.82730883813307,0,10,0
"core_expansion_d","Lenovo","anchor_lenovo","lenovo","Lenovo",2023-08-13,36.82730883813307,0,10,0
"core_expansion_d","Lenovo","anchor_lenovo","lenovo","Lenovo",2023-08-20,35.83197616683218,0,10,0
"core_expansion_d","Lenovo","anchor_lenovo","lenovo","Lenovo",2023-08-27,38.81797418073486,0,10,0
"core_expansion_d","Lenovo","anchor_lenovo","lenovo","Lenovo",2023-09-03,38.81797418073486,0,10,0
"core_expansion_d","Lenovo","anchor_lenovo","lenovo","Lenovo",2023-09-10,36.82730883813307,0,10,0
"core_expansion_d","Lenovo","anchor_lenovo","lenovo","Lenovo",2023-09-17,37.822641509433964,0,10,0
"core_expansion_d","Lenovo","anchor_lenovo","lenovo","Lenovo",2023-09-24,35.83197616683218,0,10,0
"core_expansion_d","Lenovo","anchor_lenovo","lenovo","Lenovo",2023-10-01,35.83197616683218,0,10,0
"core_expansion_d","Lenovo","anchor_lenovo","lenovo","Lenovo",2023-10-08,36.82730883813307,0,10,0
"core_expansion_d","Lenovo","anchor_lenovo","lenovo","Lenovo",2023-10-15,35.83197616683218,0,10,0
"core_expansion_d","Lenovo","anchor_lenovo","lenovo","Lenovo",2023-10-22,35.83197616683218,0,10,0
"core_expansion_d","Lenovo","anchor_lenovo","lenovo","Lenovo",2023-10-29,37.822641509433964,0,10,0
"core_expansion_d","Lenovo","anchor_lenovo","lenovo","Lenovo",2023-11-05,38.81797418073486,0,10,0
"core_expansion_d","Lenovo","anchor_lenovo","lenovo","Lenovo",2023-11-12,38.81797418073486,0,10,0
"core_expansion_d","Lenovo","anchor_lenovo","lenovo","Lenovo",2023-11-19,47.7759682224429,0,10,0
"core_expansion_d","Lenovo","anchor_lenovo","lenovo","Lenovo",2023-11-26,40.808639523336645,0,10,0
"core_expansion_d","Lenovo","anchor_lenovo","lenovo","Lenovo",2023-12-03,37.822641509433964,0,10,0
"core_expansion_d","Lenovo","anchor_lenovo","lenovo","Lenovo",2023-12-10,36.82730883813307,0,10,0
"core_expansion_d","Lenovo","anchor_lenovo","lenovo","Lenovo",2023-12-17,37.822641509433964,0,10,0
"core_expansion_d","Lenovo","anchor_lenovo","lenovo","Lenovo",2023-12-24,38.81797418073486,0,10,0
"core_expansion_d","Lenovo","anchor_lenovo","lenovo","Lenovo",2023-12-31,36.82730883813307,0,10,0
"core_expansion_d","Lenovo","anchor_lenovo","lenovo","Lenovo",2024-01-07,37.822641509433964,0,10,0
"core_expansion_d","Lenovo","anchor_lenovo","lenovo","Lenovo",2024-01-14,36.82730883813307,0,10,0
"core_expansion_d","Lenovo","anchor_lenovo","lenovo","Lenovo",2024-01-21,39.81330685203575,0,10,0
"core_expansion_d","Lenovo","anchor_lenovo","lenovo","Lenovo",2024-01-28,38.81797418073486,0,10,0
"core_expansion_d","Lenovo","anchor_lenovo","lenovo","Lenovo",2024-02-04,37.822641509433964,0,10,0
"core_expansion_d","Lenovo","anchor_lenovo","lenovo","Lenovo",2024-02-11,36.82730883813307,0,10,0
"core_expansion_d","Lenovo","anchor_lenovo","lenovo","Lenovo",2024-02-18,35.83197616683218,0,10,0
"core_expansion_d","Lenovo","anchor_lenovo","lenovo","Lenovo",2024-02-25,37.822641509433964,0,10,0
"core_expansion_d","Lenovo","anchor_lenovo","lenovo","Lenovo",2024-03-03,36.82730883813307,0,10,0
"core_expansion_d","Lenovo","anchor_lenovo","lenovo","Lenovo",2024-03-10,36.82730883813307,0,10,0
"core_expansion_d","Lenovo","anchor_lenovo","lenovo","Lenovo",2024-03-17,36.82730883813307,0,10,0
"core_expansion_d","Lenovo","anchor_lenovo","lenovo","Lenovo",2024-03-24,35.83197616683218,0,10,0
"core_expansion_d","Lenovo","anchor_lenovo","lenovo","Lenovo",2024-03-31,32.8459781529295,0,10,0
"core_expansion_d","Lenovo","anchor_lenovo","lenovo","Lenovo",2024-04-07,33.84131082423039,0,10,0
"core_expansion_d","Lenovo","anchor_lenovo","lenovo","Lenovo",2024-04-14,34.836643495531284,0,10,0
"core_expansion_d","Lenovo","anchor_lenovo","lenovo","Lenovo",2024-04-21,34.836643495531284,0,10,0
"core_expansion_d","Lenovo","anchor_lenovo","lenovo","Lenovo",2024-04-28,32.8459781529295,0,10,0
"core_expansion_d","Lenovo","anchor_lenovo","lenovo","Lenovo",2024-05-05,32.8459781529295,0,10,0
"core_expansion_d","Lenovo","anchor_lenovo","lenovo","Lenovo",2024-05-12,33.84131082423039,0,10,0
"core_expansion_d","Lenovo","anchor_lenovo","lenovo","Lenovo",2024-05-19,34.836643495531284,0,10,0
"core_expansion_d","Lenovo","anchor_lenovo","lenovo","Lenovo",2024-05-26,34.836643495531284,0,10,0
"core_expansion_d","Lenovo","anchor_lenovo","lenovo","Lenovo",2024-06-02,31.8506454816286,0,10,0
"core_expansion_d","Lenovo","anchor_lenovo","lenovo","Lenovo",2024-06-09,35.83197616683218,0,10,0
"core_expansion_d","Lenovo","anchor_lenovo","lenovo","Lenovo",2024-06-16,34.836643495531284,0,10,0
"core_expansion_d","Lenovo","anchor_lenovo","lenovo","Lenovo",2024-06-23,35.83197616683218,0,10,0
"core_expansion_d","Lenovo","anchor_lenovo","lenovo","Lenovo",2024-06-30,34.836643495531284,0,10,0
"core_expansion_d","Lenovo","anchor_lenovo","lenovo","Lenovo",2024-07-07,37.822641509433964,0,10,0
"core_expansion_d","Lenovo","anchor_lenovo","lenovo","Lenovo",2024-07-14,39.81330685203575,0,10,0
"core_expansion_d","Lenovo","anchor_lenovo","lenovo","Lenovo",2024-07-21,36.82730883813307,0,10,0
"core_expansion_d","Lenovo","anchor_lenovo","lenovo","Lenovo",2024-07-28,36.82730883813307,0,10,0
"core_expansion_d","Lenovo","anchor_lenovo","lenovo","Lenovo",2024-08-04,37.822641509433964,0,10,0
"core_expansion_d","Lenovo","anchor_lenovo","lenovo","Lenovo",2024-08-11,37.822641509433964,0,10,0
"core_expansion_d","Lenovo","anchor_lenovo","lenovo","Lenovo",2024-08-18,38.81797418073486,0,10,0
"core_expansion_d","Lenovo","anchor_lenovo","lenovo","Lenovo",2024-08-25,38.81797418073486,0,10,0
"core_expansion_d","Lenovo","anchor_lenovo","lenovo","Lenovo",2024-09-01,39.81330685203575,0,10,0
"core_expansion_d","Lenovo","anchor_lenovo","lenovo","Lenovo",2024-09-08,40.808639523336645,0,10,0
"core_expansion_d","Lenovo","anchor_lenovo","lenovo","Lenovo",2024-09-15,38.81797418073486,0,10,0
"core_expansion_d","Lenovo","anchor_lenovo","lenovo","Lenovo",2024-09-22,40.808639523336645,0,10,0
"core_expansion_d","Lenovo","anchor_lenovo","lenovo","Lenovo",2024-09-29,38.81797418073486,0,10,0
"core_expansion_d","Lenovo","anchor_lenovo","lenovo","Lenovo",2024-10-06,39.81330685203575,0,10,0
"core_expansion_d","Lenovo","anchor_lenovo","lenovo","Lenovo",2024-10-13,38.81797418073486,0,10,0
"core_expansion_d","Lenovo","anchor_lenovo","lenovo","Lenovo",2024-10-20,39.81330685203575,0,10,0
"core_expansion_d","Lenovo","anchor_lenovo","lenovo","Lenovo",2024-10-27,36.82730883813307,0,10,0
"core_expansion_d","Lenovo","anchor_lenovo","lenovo","Lenovo",2024-11-03,38.81797418073486,0,10,0
"core_expansion_d","Lenovo","anchor_lenovo","lenovo","Lenovo",2024-11-10,42.79930486593843,0,10,0
"core_expansion_d","Lenovo","anchor_lenovo","lenovo","Lenovo",2024-11-17,44.78997020854022,0,10,0
"core_expansion_d","Lenovo","anchor_lenovo","lenovo","Lenovo",2024-11-24,48.77130089374379,0,10,0
"core_expansion_d","Lenovo","anchor_lenovo","lenovo","Lenovo",2024-12-01,43.794637537239325,0,10,0
"core_expansion_d","Lenovo","anchor_lenovo","lenovo","Lenovo",2024-12-08,41.80397219463754,0,10,0
"core_expansion_d","Lenovo","anchor_lenovo","lenovo","Lenovo",2024-12-15,39.81330685203575,0,10,0
"core_expansion_d","Lenovo","anchor_lenovo","lenovo","Lenovo",2024-12-22,43.794637537239325,0,10,0
"core_expansion_d","Lenovo","anchor_lenovo","lenovo","Lenovo",2024-12-29,39.81330685203575,0,10,0
"core_expansion_d","Lenovo","anchor_lenovo","lenovo","Lenovo",2025-01-05,44.78997020854022,0,10,0
"core_expansion_d","Lenovo","anchor_lenovo","lenovo","Lenovo",2025-01-12,40.808639523336645,0,10,0
"core_expansion_d","Lenovo","anchor_lenovo","lenovo","Lenovo",2025-01-19,41.80397219463754,0,10,0
"core_expansion_d","Lenovo","anchor_lenovo","lenovo","Lenovo",2025-01-26,40.808639523336645,0,10,0
"core_expansion_d","Lenovo","anchor_lenovo","lenovo","Lenovo",2025-02-02,41.80397219463754,0,10,0
"core_expansion_d","Lenovo","anchor_lenovo","lenovo","Lenovo",2025-02-09,41.80397219463754,0,10,0
"core_expansion_d","Lenovo","anchor_lenovo","lenovo","Lenovo",2025-02-16,41.80397219463754,0,10,0
"core_expansion_d","Lenovo","anchor_lenovo","lenovo","Lenovo",2025-02-23,40.808639523336645,0,10,0
"core_expansion_d","Lenovo","anchor_lenovo","lenovo","Lenovo",2025-03-02,40.808639523336645,0,10,0
"core_expansion_d","Lenovo","anchor_lenovo","lenovo","Lenovo",2025-03-09,37.822641509433964,0,10,0
"core_expansion_d","Lenovo","anchor_lenovo","lenovo","Lenovo",2025-03-16,40.808639523336645,0,10,0
"core_expansion_d","Lenovo","anchor_lenovo","lenovo","Lenovo",2025-03-23,38.81797418073486,0,10,0
"core_expansion_d","Lenovo","anchor_lenovo","lenovo","Lenovo",2025-03-30,37.822641509433964,0,10,0
"core_expansion_d","Lenovo","anchor_lenovo","lenovo","Lenovo",2025-04-06,38.81797418073486,0,10,0
"core_expansion_d","Lenovo","anchor_lenovo","lenovo","Lenovo",2025-04-13,36.82730883813307,0,10,0
"core_expansion_d","Lenovo","anchor_lenovo","lenovo","Lenovo",2025-04-20,37.822641509433964,0,10,0
"core_expansion_d","Lenovo","anchor_lenovo","lenovo","Lenovo",2025-04-27,35.83197616683218,0,10,0
"core_expansion_d","Lenovo","anchor_lenovo","lenovo","Lenovo",2025-05-04,36.82730883813307,0,10,0
"core_expansion_d","Lenovo","anchor_lenovo","lenovo","Lenovo",2025-05-11,36.82730883813307,0,10,0
"core_expansion_d","Lenovo","anchor_lenovo","lenovo","Lenovo",2025-05-18,38.81797418073486,0,10,0
"core_expansion_d","Lenovo","anchor_lenovo","lenovo","Lenovo",2025-05-25,37.822641509433964,0,10,0
"core_expansion_d","Lenovo","anchor_lenovo","lenovo","Lenovo",2025-06-01,38.81797418073486,0,10,0
"core_expansion_d","Lenovo","anchor_lenovo","lenovo","Lenovo",2025-06-08,39.81330685203575,0,10,0
"core_expansion_d","Lenovo","anchor_lenovo","lenovo","Lenovo",2025-06-15,37.822641509433964,0,10,0
"core_expansion_d","Lenovo","anchor_lenovo","lenovo","Lenovo",2025-06-22,40.808639523336645,0,10,0
"core_expansion_d","Lenovo","anchor_lenovo","lenovo","Lenovo",2025-06-29,37.822641509433964,0,10,0
"core_expansion_d","Lenovo","anchor_lenovo","lenovo","Lenovo",2025-07-06,42.79930486593843,0,10,0
"core_expansion_d","Lenovo","anchor_lenovo","lenovo","Lenovo",2025-07-13,41.80397219463754,0,10,0
"core_expansion_d","Lenovo","anchor_lenovo","lenovo","Lenovo",2025-07-20,46.780635551142005,0,10,0
"core_expansion_d","Lenovo","anchor_lenovo","lenovo","Lenovo",2025-07-27,46.780635551142005,0,10,0
"core_expansion_d","Lenovo","anchor_lenovo","lenovo","Lenovo",2025-08-03,53.747964250248266,0,10,0
"core_expansion_d","Lenovo","anchor_lenovo","lenovo","Lenovo",2025-08-10,55.73862959285005,0,10,0
"core_expansion_d","Lenovo","anchor_lenovo","lenovo","Lenovo",2025-08-17,59.71996027805362,0,10,0
"core_expansion_d","Lenovo","anchor_lenovo","lenovo","Lenovo",2025-08-24,63.7012909632572,0,10,0
"core_expansion_d","Lenovo","anchor_lenovo","lenovo","Lenovo",2025-08-31,64.6966236345581,0,10,0
"core_expansion_d","Lenovo","anchor_lenovo","lenovo","Lenovo",2025-09-07,64.6966236345581,0,10,0
"core_expansion_d","Lenovo","anchor_lenovo","lenovo","Lenovo",2025-09-14,55.73862959285005,0,10,0
"core_expansion_d","Lenovo","anchor_lenovo","lenovo","Lenovo",2025-09-21,62.705958291956314,0,10,0
"core_expansion_d","Lenovo","anchor_lenovo","lenovo","Lenovo",2025-09-28,57.72929493545185,0,10,0
"core_expansion_d","Lenovo","anchor_lenovo","lenovo","Lenovo",2025-10-05,54.74329692154915,0,10,0
"core_expansion_d","Lenovo","anchor_lenovo","lenovo","Lenovo",2025-10-12,56.73396226415095,0,10,0
"core_expansion_d","Lenovo","anchor_lenovo","lenovo","Lenovo",2025-10-19,57.72929493545185,0,10,0
"core_expansion_d","Lenovo","anchor_lenovo","lenovo","Lenovo",2025-10-26,52.752631578947366,0,10,0
"core_expansion_d","Lenovo","anchor_lenovo","lenovo","Lenovo",2025-11-02,56.73396226415095,0,10,0
"core_expansion_d","Lenovo","anchor_lenovo","lenovo","Lenovo",2025-11-09,61.710625620655414,0,10,0
"core_expansion_d","Lenovo","anchor_lenovo","lenovo","Lenovo",2025-11-16,59.71996027805362,0,10,0
"core_expansion_d","Lenovo","anchor_lenovo","lenovo","Lenovo",2025-11-23,64.6966236345581,0,10,0
"core_expansion_d","Lenovo","anchor_lenovo","lenovo","Lenovo",2025-11-30,56.73396226415095,0,10,0
"core_expansion_d","Lenovo","anchor_lenovo","lenovo","Lenovo",2025-12-07,49.766633565044685,0,10,0
"core_expansion_d","Lenovo","anchor_lenovo","lenovo","Lenovo",2025-12-14,54.74329692154915,0,10,0
"core_expansion_d","Lenovo","anchor_lenovo","lenovo","Lenovo",2025-12-21,46.780635551142005,0,10,0
"core_expansion_d","Lenovo","anchor_lenovo","lenovo","Lenovo",2025-12-28,41.80397219463754,0,10,0
"core_expansion_d","Lenovo","anchor_lenovo","lenovo","Lenovo",2026-01-04,45.78530287984111,0,10,0
"core_expansion_d","Lenovo","anchor_lenovo","lenovo","Lenovo",2026-01-11,46.780635551142005,0,10,0
"core_expansion_d","Lenovo","anchor_lenovo","lenovo","Lenovo",2026-01-18,47.7759682224429,0,10,0
"core_expansion_d","Lenovo","anchor_lenovo","lenovo","Lenovo",2026-01-25,48.77130089374379,0,10,0
"core_expansion_d","Lenovo","anchor_lenovo","lenovo","Lenovo",2026-02-01,49.766633565044685,0,10,0
"core_expansion_d","Lenovo","anchor_lenovo","lenovo","Lenovo",2026-02-08,47.7759682224429,0,10,0
"core_expansion_d","Lenovo","anchor_lenovo","lenovo","Lenovo",2026-02-15,48.77130089374379,0,10,0
"core_expansion_d","Lenovo","anchor_lenovo","lenovo","Lenovo",2026-02-22,47.7759682224429,0,10,0
"core_expansion_d","Lenovo","anchor_lenovo","lenovo","Lenovo",2026-03-01,51.75729890764647,0,10,0
"core_expansion_d","Lenovo","anchor_lenovo","lenovo","Lenovo",2026-03-08,54.74329692154915,0,10,0
"core_expansion_d","Lenovo","anchor_lenovo","lenovo","Lenovo",2026-03-15,50.76196623634558,0,10,0
"core_expansion_d","Lenovo","anchor_lenovo","lenovo","Lenovo",2026-03-22,69.67328699106257,0,10,0
"core_expansion_d","Lenovo","anchor_lenovo","lenovo","Lenovo",2026-03-29,87.58927507447865,0,10,0
"core_expansion_d","Lenovo","anchor_lenovo","lenovo","Lenovo",2026-04-05,86.59394240317776,0,10,0
"core_expansion_d","Lenovo","anchor_lenovo","lenovo","Lenovo",2026-04-12,90.57527308838134,0,10,0
"core_expansion_d","Lenovo","anchor_lenovo","lenovo","Lenovo",2026-04-19,79.6266137040715,0,10,0
"core_expansion_d","Lenovo","anchor_lenovo","lenovo","Lenovo",2026-04-26,79.6266137040715,0,10,0
"core_expansion_d","Lenovo","anchor_lenovo","lenovo","Lenovo",2026-05-03,99.53326713008937,0,10,0
"core_expansion_d","Lenovo","anchor_lenovo","lenovo","Lenovo",2026-05-10,92.56593843098312,0,10,0
"core_expansion_d","Lenovo","anchor_lenovo","lenovo","Lenovo",2026-05-17,71.66395233366435,0,10,0
"core_expansion_d","Lenovo","anchor_lenovo","lenovo","Lenovo",2026-05-24,62.705958291956314,0,10,0
"core_expansion_d","Lenovo","anchor_lenovo","lenovo","Lenovo",2026-05-31,69.67328699106257,0,10,0
"core_expansion_d","Lenovo","anchor_lenovo","lenovo","Lenovo",2026-06-07,59.71996027805362,0,10,0
"core_expansion_d","Lenovo","anchor_lenovo","lenovo","Lenovo",2026-06-14,53.747964250248266,0,10,0
"core_expansion_d","Lenovo","anchor_lenovo","lenovo","Lenovo",2026-06-21,56.73396226415095,0,10,0
"core_expansion_d","Lenovo","anchor_lenovo","lenovo","Lenovo",2026-06-28,45.78530287984111,0,10,0
"core_expansion_d","Lenovo","anchor_lenovo","lenovo","Lenovo",2026-07-05,42.79930486593843,0,10,0
"core_expansion_d","Lenovo","donor_aoc_monitor","aoc_monitor","AOC monitor",2021-12-26,0.9953326713008938,0,10,0
"core_expansion_d","Lenovo","donor_aoc_monitor","aoc_monitor","AOC monitor",2022-01-02,0.9953326713008938,0,10,0
"core_expansion_d","Lenovo","donor_aoc_monitor","aoc_monitor","AOC monitor",2022-01-09,0.9953326713008938,0,10,0
"core_expansion_d","Lenovo","donor_aoc_monitor","aoc_monitor","AOC monitor",2022-01-16,0.9953326713008938,0,10,0
"core_expansion_d","Lenovo","donor_aoc_monitor","aoc_monitor","AOC monitor",2022-01-23,0.9953326713008938,0,10,0
"core_expansion_d","Lenovo","donor_aoc_monitor","aoc_monitor","AOC monitor",2022-01-30,0.9953326713008938,0,10,0
"core_expansion_d","Lenovo","donor_aoc_monitor","aoc_monitor","AOC monitor",2022-02-06,0.9953326713008938,0,10,0
"core_expansion_d","Lenovo","donor_aoc_monitor","aoc_monitor","AOC monitor",2022-02-13,0.9953326713008938,0,10,0
"core_expansion_d","Lenovo","donor_aoc_monitor","aoc_monitor","AOC monitor",2022-02-20,0.9953326713008938,0,10,0
"core_expansion_d","Lenovo","donor_aoc_monitor","aoc_monitor","AOC monitor",2022-02-27,0.9953326713008938,0,10,0
"core_expansion_d","Lenovo","donor_aoc_monitor","aoc_monitor","AOC monitor",2022-03-06,0.9953326713008938,0,10,0
"core_expansion_d","Lenovo","donor_aoc_monitor","aoc_monitor","AOC monitor",2022-03-13,0.9953326713008938,0,10,0
"core_expansion_d","Lenovo","donor_aoc_monitor","aoc_monitor","AOC monitor",2022-03-20,0.9953326713008938,0,10,0
"core_expansion_d","Lenovo","donor_aoc_monitor","aoc_monitor","AOC monitor",2022-03-27,0.9953326713008938,0,10,0
"core_expansion_d","Lenovo","donor_aoc_monitor","aoc_monitor","AOC monitor",2022-04-03,0.9953326713008938,0,10,0
"core_expansion_d","Lenovo","donor_aoc_monitor","aoc_monitor","AOC monitor",2022-04-10,0.9953326713008938,0,10,0
"core_expansion_d","Lenovo","donor_aoc_monitor","aoc_monitor","AOC monitor",2022-04-17,0.9953326713008938,0,10,0
"core_expansion_d","Lenovo","donor_aoc_monitor","aoc_monitor","AOC monitor",2022-04-24,0.9953326713008938,0,10,0
"core_expansion_d","Lenovo","donor_aoc_monitor","aoc_monitor","AOC monitor",2022-05-01,0.9953326713008938,0,10,0
"core_expansion_d","Lenovo","donor_aoc_monitor","aoc_monitor","AOC monitor",2022-05-08,0.9953326713008938,0,10,0
"core_expansion_d","Lenovo","donor_aoc_monitor","aoc_monitor","AOC monitor",2022-05-15,0.9953326713008938,0,10,0
"core_expansion_d","Lenovo","donor_aoc_monitor","aoc_monitor","AOC monitor",2022-05-22,0.9953326713008938,0,10,0
"core_expansion_d","Lenovo","donor_aoc_monitor","aoc_monitor","AOC monitor",2022-05-29,0.9953326713008938,0,10,0
"core_expansion_d","Lenovo","donor_aoc_monitor","aoc_monitor","AOC monitor",2022-06-05,0.9953326713008938,0,10,0
"core_expansion_d","Lenovo","donor_aoc_monitor","aoc_monitor","AOC monitor",2022-06-12,0.9953326713008938,0,10,0
"core_expansion_d","Lenovo","donor_aoc_monitor","aoc_monitor","AOC monitor",2022-06-19,0.9953326713008938,0,10,0
"core_expansion_d","Lenovo","donor_aoc_monitor","aoc_monitor","AOC monitor",2022-06-26,0.9953326713008938,0,10,0
"core_expansion_d","Lenovo","donor_aoc_monitor","aoc_monitor","AOC monitor",2022-07-03,0.9953326713008938,0,10,0
"core_expansion_d","Lenovo","donor_aoc_monitor","aoc_monitor","AOC monitor",2022-07-10,0.9953326713008938,0,10,0
"core_expansion_d","Lenovo","donor_aoc_monitor","aoc_monitor","AOC monitor",2022-07-17,0.9953326713008938,0,10,0
"core_expansion_d","Lenovo","donor_aoc_monitor","aoc_monitor","AOC monitor",2022-07-24,0.9953326713008938,0,10,0
"core_expansion_d","Lenovo","donor_aoc_monitor","aoc_monitor","AOC monitor",2022-07-31,0.9953326713008938,0,10,0
"core_expansion_d","Lenovo","donor_aoc_monitor","aoc_monitor","AOC monitor",2022-08-07,0.9953326713008938,0,10,0
"core_expansion_d","Lenovo","donor_aoc_monitor","aoc_monitor","AOC monitor",2022-08-14,0.9953326713008938,0,10,0
"core_expansion_d","Lenovo","donor_aoc_monitor","aoc_monitor","AOC monitor",2022-08-21,0.9953326713008938,0,10,0
"core_expansion_d","Lenovo","donor_aoc_monitor","aoc_monitor","AOC monitor",2022-08-28,0.9953326713008938,0,10,0
"core_expansion_d","Lenovo","donor_aoc_monitor","aoc_monitor","AOC monitor",2022-09-04,0.9953326713008938,0,10,0
"core_expansion_d","Lenovo","donor_aoc_monitor","aoc_monitor","AOC monitor",2022-09-11,0.9953326713008938,0,10,0
"core_expansion_d","Lenovo","donor_aoc_monitor","aoc_monitor","AOC monitor",2022-09-18,0.9953326713008938,0,10,0
"core_expansion_d","Lenovo","donor_aoc_monitor","aoc_monitor","AOC monitor",2022-09-25,0.9953326713008938,0,10,0
"core_expansion_d","Lenovo","donor_aoc_monitor","aoc_monitor","AOC monitor",2022-10-02,0.9953326713008938,0,10,0
"core_expansion_d","Lenovo","donor_aoc_monitor","aoc_monitor","AOC monitor",2022-10-09,0.9953326713008938,0,10,0
"core_expansion_d","Lenovo","donor_aoc_monitor","aoc_monitor","AOC monitor",2022-10-16,0.9953326713008938,0,10,0
"core_expansion_d","Lenovo","donor_aoc_monitor","aoc_monitor","AOC monitor",2022-10-23,0.9953326713008938,0,10,0
"core_expansion_d","Lenovo","donor_aoc_monitor","aoc_monitor","AOC monitor",2022-10-30,0.9953326713008938,0,10,0
"core_expansion_d","Lenovo","donor_aoc_monitor","aoc_monitor","AOC monitor",2022-11-06,0.9953326713008938,0,10,0
"core_expansion_d","Lenovo","donor_aoc_monitor","aoc_monitor","AOC monitor",2022-11-13,0.9953326713008938,0,10,0
"core_expansion_d","Lenovo","donor_aoc_monitor","aoc_monitor","AOC monitor",2022-11-20,0.9953326713008938,0,10,0
"core_expansion_d","Lenovo","donor_aoc_monitor","aoc_monitor","AOC monitor",2022-11-27,0.9953326713008938,0,10,0
"core_expansion_d","Lenovo","donor_aoc_monitor","aoc_monitor","AOC monitor",2022-12-04,0.9953326713008938,0,10,0
"core_expansion_d","Lenovo","donor_aoc_monitor","aoc_monitor","AOC monitor",2022-12-11,0.9953326713008938,0,10,0
"core_expansion_d","Lenovo","donor_aoc_monitor","aoc_monitor","AOC monitor",2022-12-18,0.9953326713008938,0,10,0
"core_expansion_d","Lenovo","donor_aoc_monitor","aoc_monitor","AOC monitor",2022-12-25,0.9953326713008938,0,10,0
"core_expansion_d","Lenovo","donor_aoc_monitor","aoc_monitor","AOC monitor",2023-01-01,0.9953326713008938,0,10,0
"core_expansion_d","Lenovo","donor_aoc_monitor","aoc_monitor","AOC monitor",2023-01-08,0.9953326713008938,0,10,0
"core_expansion_d","Lenovo","donor_aoc_monitor","aoc_monitor","AOC monitor",2023-01-15,0.9953326713008938,0,10,0
"core_expansion_d","Lenovo","donor_aoc_monitor","aoc_monitor","AOC monitor",2023-01-22,0.9953326713008938,0,10,0
"core_expansion_d","Lenovo","donor_aoc_monitor","aoc_monitor","AOC monitor",2023-01-29,0.9953326713008938,0,10,0
"core_expansion_d","Lenovo","donor_aoc_monitor","aoc_monitor","AOC monitor",2023-02-05,0.9953326713008938,0,10,0
"core_expansion_d","Lenovo","donor_aoc_monitor","aoc_monitor","AOC monitor",2023-02-12,0.9953326713008938,0,10,0
"core_expansion_d","Lenovo","donor_aoc_monitor","aoc_monitor","AOC monitor",2023-02-19,0.9953326713008938,0,10,0
"core_expansion_d","Lenovo","donor_aoc_monitor","aoc_monitor","AOC monitor",2023-02-26,0.9953326713008938,0,10,0
"core_expansion_d","Lenovo","donor_aoc_monitor","aoc_monitor","AOC monitor",2023-03-05,0.9953326713008938,0,10,0
"core_expansion_d","Lenovo","donor_aoc_monitor","aoc_monitor","AOC monitor",2023-03-12,0.9953326713008938,0,10,0
"core_expansion_d","Lenovo","donor_aoc_monitor","aoc_monitor","AOC monitor",2023-03-19,0.9953326713008938,0,10,0
"core_expansion_d","Lenovo","donor_aoc_monitor","aoc_monitor","AOC monitor",2023-03-26,0.9953326713008938,0,10,0
"core_expansion_d","Lenovo","donor_aoc_monitor","aoc_monitor","AOC monitor",2023-04-02,0.9953326713008938,0,10,0
"core_expansion_d","Lenovo","donor_aoc_monitor","aoc_monitor","AOC monitor",2023-04-09,0.9953326713008938,0,10,0
"core_expansion_d","Lenovo","donor_aoc_monitor","aoc_monitor","AOC monitor",2023-04-16,0.9953326713008938,0,10,0
"core_expansion_d","Lenovo","donor_aoc_monitor","aoc_monitor","AOC monitor",2023-04-23,0.9953326713008938,0,10,0
"core_expansion_d","Lenovo","donor_aoc_monitor","aoc_monitor","AOC monitor",2023-04-30,0.9953326713008938,0,10,0
"core_expansion_d","Lenovo","donor_aoc_monitor","aoc_monitor","AOC monitor",2023-05-07,0.9953326713008938,0,10,0
"core_expansion_d","Lenovo","donor_aoc_monitor","aoc_monitor","AOC monitor",2023-05-14,0.9953326713008938,0,10,0
"core_expansion_d","Lenovo","donor_aoc_monitor","aoc_monitor","AOC monitor",2023-05-21,0.9953326713008938,0,10,0
"core_expansion_d","Lenovo","donor_aoc_monitor","aoc_monitor","AOC monitor",2023-05-28,0.9953326713008938,0,10,0
"core_expansion_d","Lenovo","donor_aoc_monitor","aoc_monitor","AOC monitor",2023-06-04,0.9953326713008938,0,10,0
"core_expansion_d","Lenovo","donor_aoc_monitor","aoc_monitor","AOC monitor",2023-06-11,0.9953326713008938,0,10,0
"core_expansion_d","Lenovo","donor_aoc_monitor","aoc_monitor","AOC monitor",2023-06-18,0.9953326713008938,0,10,0
"core_expansion_d","Lenovo","donor_aoc_monitor","aoc_monitor","AOC monitor",2023-06-25,0.9953326713008938,0,10,0
"core_expansion_d","Lenovo","donor_aoc_monitor","aoc_monitor","AOC monitor",2023-07-02,0.9953326713008938,0,10,0
"core_expansion_d","Lenovo","donor_aoc_monitor","aoc_monitor","AOC monitor",2023-07-09,0.9953326713008938,0,10,0
"core_expansion_d","Lenovo","donor_aoc_monitor","aoc_monitor","AOC monitor",2023-07-16,0.9953326713008938,0,10,0
"core_expansion_d","Lenovo","donor_aoc_monitor","aoc_monitor","AOC monitor",2023-07-23,0.9953326713008938,0,10,0
"core_expansion_d","Lenovo","donor_aoc_monitor","aoc_monitor","AOC monitor",2023-07-30,0.9953326713008938,0,10,0
"core_expansion_d","Lenovo","donor_aoc_monitor","aoc_monitor","AOC monitor",2023-08-06,0.9953326713008938,0,10,0
"core_expansion_d","Lenovo","donor_aoc_monitor","aoc_monitor","AOC monitor",2023-08-13,0.9953326713008938,0,10,0
"core_expansion_d","Lenovo","donor_aoc_monitor","aoc_monitor","AOC monitor",2023-08-20,0.9953326713008938,0,10,0
"core_expansion_d","Lenovo","donor_aoc_monitor","aoc_monitor","AOC monitor",2023-08-27,0.9953326713008938,0,10,0
"core_expansion_d","Lenovo","donor_aoc_monitor","aoc_monitor","AOC monitor",2023-09-03,0.9953326713008938,0,10,0
"core_expansion_d","Lenovo","donor_aoc_monitor","aoc_monitor","AOC monitor",2023-09-10,0.9953326713008938,0,10,0
"core_expansion_d","Lenovo","donor_aoc_monitor","aoc_monitor","AOC monitor",2023-09-17,0.9953326713008938,0,10,0
"core_expansion_d","Lenovo","donor_aoc_monitor","aoc_monitor","AOC monitor",2023-09-24,0.9953326713008938,0,10,0
"core_expansion_d","Lenovo","donor_aoc_monitor","aoc_monitor","AOC monitor",2023-10-01,0.9953326713008938,0,10,0
"core_expansion_d","Lenovo","donor_aoc_monitor","aoc_monitor","AOC monitor",2023-10-08,0.9953326713008938,0,10,0
"core_expansion_d","Lenovo","donor_aoc_monitor","aoc_monitor","AOC monitor",2023-10-15,0.9953326713008938,0,10,0
"core_expansion_d","Lenovo","donor_aoc_monitor","aoc_monitor","AOC monitor",2023-10-22,0.9953326713008938,0,10,0
"core_expansion_d","Lenovo","donor_aoc_monitor","aoc_monitor","AOC monitor",2023-10-29,0.9953326713008938,0,10,0
"core_expansion_d","Lenovo","donor_aoc_monitor","aoc_monitor","AOC monitor",2023-11-05,0.9953326713008938,0,10,0
"core_expansion_d","Lenovo","donor_aoc_monitor","aoc_monitor","AOC monitor",2023-11-12,0.9953326713008938,0,10,0
"core_expansion_d","Lenovo","donor_aoc_monitor","aoc_monitor","AOC monitor",2023-11-19,0.9953326713008938,0,10,0
"core_expansion_d","Lenovo","donor_aoc_monitor","aoc_monitor","AOC monitor",2023-11-26,0.9953326713008938,0,10,0
"core_expansion_d","Lenovo","donor_aoc_monitor","aoc_monitor","AOC monitor",2023-12-03,0.9953326713008938,0,10,0
"core_expansion_d","Lenovo","donor_aoc_monitor","aoc_monitor","AOC monitor",2023-12-10,0.9953326713008938,0,10,0
"core_expansion_d","Lenovo","donor_aoc_monitor","aoc_monitor","AOC monitor",2023-12-17,0.9953326713008938,0,10,0
"core_expansion_d","Lenovo","donor_aoc_monitor","aoc_monitor","AOC monitor",2023-12-24,0.9953326713008938,0,10,0
"core_expansion_d","Lenovo","donor_aoc_monitor","aoc_monitor","AOC monitor",2023-12-31,0.9953326713008938,0,10,0
"core_expansion_d","Lenovo","donor_aoc_monitor","aoc_monitor","AOC monitor",2024-01-07,0.9953326713008938,0,10,0
"core_expansion_d","Lenovo","donor_aoc_monitor","aoc_monitor","AOC monitor",2024-01-14,0.9953326713008938,0,10,0
"core_expansion_d","Lenovo","donor_aoc_monitor","aoc_monitor","AOC monitor",2024-01-21,0.9953326713008938,0,10,0
"core_expansion_d","Lenovo","donor_aoc_monitor","aoc_monitor","AOC monitor",2024-01-28,0.9953326713008938,0,10,0
"core_expansion_d","Lenovo","donor_aoc_monitor","aoc_monitor","AOC monitor",2024-02-04,0.9953326713008938,0,10,0
"core_expansion_d","Lenovo","donor_aoc_monitor","aoc_monitor","AOC monitor",2024-02-11,0.9953326713008938,0,10,0
"core_expansion_d","Lenovo","donor_aoc_monitor","aoc_monitor","AOC monitor",2024-02-18,0.9953326713008938,0,10,0
"core_expansion_d","Lenovo","donor_aoc_monitor","aoc_monitor","AOC monitor",2024-02-25,0.9953326713008938,0,10,0
"core_expansion_d","Lenovo","donor_aoc_monitor","aoc_monitor","AOC monitor",2024-03-03,0.9953326713008938,0,10,0
"core_expansion_d","Lenovo","donor_aoc_monitor","aoc_monitor","AOC monitor",2024-03-10,0.9953326713008938,0,10,0
"core_expansion_d","Lenovo","donor_aoc_monitor","aoc_monitor","AOC monitor",2024-03-17,0.9953326713008938,0,10,0
"core_expansion_d","Lenovo","donor_aoc_monitor","aoc_monitor","AOC monitor",2024-03-24,0.9953326713008938,0,10,0
"core_expansion_d","Lenovo","donor_aoc_monitor","aoc_monitor","AOC monitor",2024-03-31,0.9953326713008938,0,10,0
"core_expansion_d","Lenovo","donor_aoc_monitor","aoc_monitor","AOC monitor",2024-04-07,0.9953326713008938,0,10,0
"core_expansion_d","Lenovo","donor_aoc_monitor","aoc_monitor","AOC monitor",2024-04-14,0.9953326713008938,0,10,0
"core_expansion_d","Lenovo","donor_aoc_monitor","aoc_monitor","AOC monitor",2024-04-21,0.9953326713008938,0,10,0
"core_expansion_d","Lenovo","donor_aoc_monitor","aoc_monitor","AOC monitor",2024-04-28,0.9953326713008938,0,10,0
"core_expansion_d","Lenovo","donor_aoc_monitor","aoc_monitor","AOC monitor",2024-05-05,0.9953326713008938,0,10,0
"core_expansion_d","Lenovo","donor_aoc_monitor","aoc_monitor","AOC monitor",2024-05-12,0.9953326713008938,0,10,0
"core_expansion_d","Lenovo","donor_aoc_monitor","aoc_monitor","AOC monitor",2024-05-19,0.9953326713008938,0,10,0
"core_expansion_d","Lenovo","donor_aoc_monitor","aoc_monitor","AOC monitor",2024-05-26,0.9953326713008938,0,10,0
"core_expansion_d","Lenovo","donor_aoc_monitor","aoc_monitor","AOC monitor",2024-06-02,0.9953326713008938,0,10,0
"core_expansion_d","Lenovo","donor_aoc_monitor","aoc_monitor","AOC monitor",2024-06-09,0.9953326713008938,0,10,0
"core_expansion_d","Lenovo","donor_aoc_monitor","aoc_monitor","AOC monitor",2024-06-16,0.9953326713008938,0,10,0
"core_expansion_d","Lenovo","donor_aoc_monitor","aoc_monitor","AOC monitor",2024-06-23,0.9953326713008938,0,10,0
"core_expansion_d","Lenovo","donor_aoc_monitor","aoc_monitor","AOC monitor",2024-06-30,0.9953326713008938,0,10,0
"core_expansion_d","Lenovo","donor_aoc_monitor","aoc_monitor","AOC monitor",2024-07-07,0.9953326713008938,0,10,0
"core_expansion_d","Lenovo","donor_aoc_monitor","aoc_monitor","AOC monitor",2024-07-14,0.9953326713008938,0,10,0
"core_expansion_d","Lenovo","donor_aoc_monitor","aoc_monitor","AOC monitor",2024-07-21,0.9953326713008938,0,10,0
"core_expansion_d","Lenovo","donor_aoc_monitor","aoc_monitor","AOC monitor",2024-07-28,0.9953326713008938,0,10,0
"core_expansion_d","Lenovo","donor_aoc_monitor","aoc_monitor","AOC monitor",2024-08-04,0.9953326713008938,0,10,0
"core_expansion_d","Lenovo","donor_aoc_monitor","aoc_monitor","AOC monitor",2024-08-11,0.9953326713008938,0,10,0
"core_expansion_d","Lenovo","donor_aoc_monitor","aoc_monitor","AOC monitor",2024-08-18,0.9953326713008938,0,10,0
"core_expansion_d","Lenovo","donor_aoc_monitor","aoc_monitor","AOC monitor",2024-08-25,0.9953326713008938,0,10,0
"core_expansion_d","Lenovo","donor_aoc_monitor","aoc_monitor","AOC monitor",2024-09-01,0.9953326713008938,0,10,0
"core_expansion_d","Lenovo","donor_aoc_monitor","aoc_monitor","AOC monitor",2024-09-08,0.9953326713008938,0,10,0
"core_expansion_d","Lenovo","donor_aoc_monitor","aoc_monitor","AOC monitor",2024-09-15,0.9953326713008938,0,10,0
"core_expansion_d","Lenovo","donor_aoc_monitor","aoc_monitor","AOC monitor",2024-09-22,0.9953326713008938,0,10,0
"core_expansion_d","Lenovo","donor_aoc_monitor","aoc_monitor","AOC monitor",2024-09-29,0.9953326713008938,0,10,0
"core_expansion_d","Lenovo","donor_aoc_monitor","aoc_monitor","AOC monitor",2024-10-06,0.9953326713008938,0,10,0
"core_expansion_d","Lenovo","donor_aoc_monitor","aoc_monitor","AOC monitor",2024-10-13,0.9953326713008938,0,10,0
"core_expansion_d","Lenovo","donor_aoc_monitor","aoc_monitor","AOC monitor",2024-10-20,0.9953326713008938,0,10,0
"core_expansion_d","Lenovo","donor_aoc_monitor","aoc_monitor","AOC monitor",2024-10-27,0.9953326713008938,0,10,0
"core_expansion_d","Lenovo","donor_aoc_monitor","aoc_monitor","AOC monitor",2024-11-03,0.9953326713008938,0,10,0
"core_expansion_d","Lenovo","donor_aoc_monitor","aoc_monitor","AOC monitor",2024-11-10,0.9953326713008938,0,10,0
"core_expansion_d","Lenovo","donor_aoc_monitor","aoc_monitor","AOC monitor",2024-11-17,0.9953326713008938,0,10,0
"core_expansion_d","Lenovo","donor_aoc_monitor","aoc_monitor","AOC monitor",2024-11-24,0.9953326713008938,0,10,0
"core_expansion_d","Lenovo","donor_aoc_monitor","aoc_monitor","AOC monitor",2024-12-01,0.9953326713008938,0,10,0
"core_expansion_d","Lenovo","donor_aoc_monitor","aoc_monitor","AOC monitor",2024-12-08,0.9953326713008938,0,10,0
"core_expansion_d","Lenovo","donor_aoc_monitor","aoc_monitor","AOC monitor",2024-12-15,0.9953326713008938,0,10,0
"core_expansion_d","Lenovo","donor_aoc_monitor","aoc_monitor","AOC monitor",2024-12-22,0.9953326713008938,0,10,0
"core_expansion_d","Lenovo","donor_aoc_monitor","aoc_monitor","AOC monitor",2024-12-29,0.9953326713008938,0,10,0
"core_expansion_d","Lenovo","donor_aoc_monitor","aoc_monitor","AOC monitor",2025-01-05,0.9953326713008938,0,10,0
"core_expansion_d","Lenovo","donor_aoc_monitor","aoc_monitor","AOC monitor",2025-01-12,0.9953326713008938,0,10,0
"core_expansion_d","Lenovo","donor_aoc_monitor","aoc_monitor","AOC monitor",2025-01-19,0.9953326713008938,0,10,0
"core_expansion_d","Lenovo","donor_aoc_monitor","aoc_monitor","AOC monitor",2025-01-26,0.9953326713008938,0,10,0
"core_expansion_d","Lenovo","donor_aoc_monitor","aoc_monitor","AOC monitor",2025-02-02,0.9953326713008938,0,10,0
"core_expansion_d","Lenovo","donor_aoc_monitor","aoc_monitor","AOC monitor",2025-02-09,0.9953326713008938,0,10,0
"core_expansion_d","Lenovo","donor_aoc_monitor","aoc_monitor","AOC monitor",2025-02-16,0.9953326713008938,0,10,0
"core_expansion_d","Lenovo","donor_aoc_monitor","aoc_monitor","AOC monitor",2025-02-23,0.9953326713008938,0,10,0
"core_expansion_d","Lenovo","donor_aoc_monitor","aoc_monitor","AOC monitor",2025-03-02,0.9953326713008938,0,10,0
"core_expansion_d","Lenovo","donor_aoc_monitor","aoc_monitor","AOC monitor",2025-03-09,0.9953326713008938,0,10,0
"core_expansion_d","Lenovo","donor_aoc_monitor","aoc_monitor","AOC monitor",2025-03-16,0.9953326713008938,0,10,0
"core_expansion_d","Lenovo","donor_aoc_monitor","aoc_monitor","AOC monitor",2025-03-23,0.9953326713008938,0,10,0
"core_expansion_d","Lenovo","donor_aoc_monitor","aoc_monitor","AOC monitor",2025-03-30,0.9953326713008938,0,10,0
"core_expansion_d","Lenovo","donor_aoc_monitor","aoc_monitor","AOC monitor",2025-04-06,0.9953326713008938,0,10,0
"core_expansion_d","Lenovo","donor_aoc_monitor","aoc_monitor","AOC monitor",2025-04-13,0.9953326713008938,0,10,0
"core_expansion_d","Lenovo","donor_aoc_monitor","aoc_monitor","AOC monitor",2025-04-20,0.9953326713008938,0,10,0
"core_expansion_d","Lenovo","donor_aoc_monitor","aoc_monitor","AOC monitor",2025-04-27,0.9953326713008938,0,10,0
"core_expansion_d","Lenovo","donor_aoc_monitor","aoc_monitor","AOC monitor",2025-05-04,0.9953326713008938,0,10,0
"core_expansion_d","Lenovo","donor_aoc_monitor","aoc_monitor","AOC monitor",2025-05-11,0.9953326713008938,0,10,0
"core_expansion_d","Lenovo","donor_aoc_monitor","aoc_monitor","AOC monitor",2025-05-18,0.9953326713008938,0,10,0
"core_expansion_d","Lenovo","donor_aoc_monitor","aoc_monitor","AOC monitor",2025-05-25,0.9953326713008938,0,10,0
"core_expansion_d","Lenovo","donor_aoc_monitor","aoc_monitor","AOC monitor",2025-06-01,0.9953326713008938,0,10,0
"core_expansion_d","Lenovo","donor_aoc_monitor","aoc_monitor","AOC monitor",2025-06-08,0.9953326713008938,0,10,0
"core_expansion_d","Lenovo","donor_aoc_monitor","aoc_monitor","AOC monitor",2025-06-15,0.9953326713008938,0,10,0
"core_expansion_d","Lenovo","donor_aoc_monitor","aoc_monitor","AOC monitor",2025-06-22,0.9953326713008938,0,10,0
"core_expansion_d","Lenovo","donor_aoc_monitor","aoc_monitor","AOC monitor",2025-06-29,0.9953326713008938,0,10,0
"core_expansion_d","Lenovo","donor_aoc_monitor","aoc_monitor","AOC monitor",2025-07-06,0.9953326713008938,0,10,0
"core_expansion_d","Lenovo","donor_aoc_monitor","aoc_monitor","AOC monitor",2025-07-13,0.9953326713008938,0,10,0
"core_expansion_d","Lenovo","donor_aoc_monitor","aoc_monitor","AOC monitor",2025-07-20,0.9953326713008938,0,10,0
"core_expansion_d","Lenovo","donor_aoc_monitor","aoc_monitor","AOC monitor",2025-07-27,0.9953326713008938,0,10,0
"core_expansion_d","Lenovo","donor_aoc_monitor","aoc_monitor","AOC monitor",2025-08-03,0.9953326713008938,0,10,0
"core_expansion_d","Lenovo","donor_aoc_monitor","aoc_monitor","AOC monitor",2025-08-10,0.9953326713008938,0,10,0
"core_expansion_d","Lenovo","donor_aoc_monitor","aoc_monitor","AOC monitor",2025-08-17,0.9953326713008938,0,10,0
"core_expansion_d","Lenovo","donor_aoc_monitor","aoc_monitor","AOC monitor",2025-08-24,0.9953326713008938,0,10,0
"core_expansion_d","Lenovo","donor_aoc_monitor","aoc_monitor","AOC monitor",2025-08-31,0.9953326713008938,0,10,0
"core_expansion_d","Lenovo","donor_aoc_monitor","aoc_monitor","AOC monitor",2025-09-07,0.9953326713008938,0,10,0
"core_expansion_d","Lenovo","donor_aoc_monitor","aoc_monitor","AOC monitor",2025-09-14,0.9953326713008938,0,10,0
"core_expansion_d","Lenovo","donor_aoc_monitor","aoc_monitor","AOC monitor",2025-09-21,0.9953326713008938,0,10,0
"core_expansion_d","Lenovo","donor_aoc_monitor","aoc_monitor","AOC monitor",2025-09-28,0.9953326713008938,0,10,0
"core_expansion_d","Lenovo","donor_aoc_monitor","aoc_monitor","AOC monitor",2025-10-05,0.9953326713008938,0,10,0
"core_expansion_d","Lenovo","donor_aoc_monitor","aoc_monitor","AOC monitor",2025-10-12,0.9953326713008938,0,10,0
"core_expansion_d","Lenovo","donor_aoc_monitor","aoc_monitor","AOC monitor",2025-10-19,0.9953326713008938,0,10,0
"core_expansion_d","Lenovo","donor_aoc_monitor","aoc_monitor","AOC monitor",2025-10-26,0.9953326713008938,0,10,0
"core_expansion_d","Lenovo","donor_aoc_monitor","aoc_monitor","AOC monitor",2025-11-02,0.9953326713008938,0,10,0
"core_expansion_d","Lenovo","donor_aoc_monitor","aoc_monitor","AOC monitor",2025-11-09,0.9953326713008938,0,10,0
"core_expansion_d","Lenovo","donor_aoc_monitor","aoc_monitor","AOC monitor",2025-11-16,0.9953326713008938,0,10,0
"core_expansion_d","Lenovo","donor_aoc_monitor","aoc_monitor","AOC monitor",2025-11-23,0.9953326713008938,0,10,0
"core_expansion_d","Lenovo","donor_aoc_monitor","aoc_monitor","AOC monitor",2025-11-30,0.9953326713008938,0,10,0
"core_expansion_d","Lenovo","donor_aoc_monitor","aoc_monitor","AOC monitor",2025-12-07,0.9953326713008938,0,10,0
"core_expansion_d","Lenovo","donor_aoc_monitor","aoc_monitor","AOC monitor",2025-12-14,0.9953326713008938,0,10,0
"core_expansion_d","Lenovo","donor_aoc_monitor","aoc_monitor","AOC monitor",2025-12-21,0.9953326713008938,0,10,0
"core_expansion_d","Lenovo","donor_aoc_monitor","aoc_monitor","AOC monitor",2025-12-28,0.9953326713008938,0,10,0
"core_expansion_d","Lenovo","donor_aoc_monitor","aoc_monitor","AOC monitor",2026-01-04,0.9953326713008938,0,10,0
"core_expansion_d","Lenovo","donor_aoc_monitor","aoc_monitor","AOC monitor",2026-01-11,0.9953326713008938,0,10,0
"core_expansion_d","Lenovo","donor_aoc_monitor","aoc_monitor","AOC monitor",2026-01-18,0.9953326713008938,0,10,0
"core_expansion_d","Lenovo","donor_aoc_monitor","aoc_monitor","AOC monitor",2026-01-25,0.9953326713008938,0,10,0
"core_expansion_d","Lenovo","donor_aoc_monitor","aoc_monitor","AOC monitor",2026-02-01,0.9953326713008938,0,10,0
"core_expansion_d","Lenovo","donor_aoc_monitor","aoc_monitor","AOC monitor",2026-02-08,0.9953326713008938,0,10,0
"core_expansion_d","Lenovo","donor_aoc_monitor","aoc_monitor","AOC monitor",2026-02-15,0.9953326713008938,0,10,0
"core_expansion_d","Lenovo","donor_aoc_monitor","aoc_monitor","AOC monitor",2026-02-22,0.9953326713008938,0,10,0
"core_expansion_d","Lenovo","donor_aoc_monitor","aoc_monitor","AOC monitor",2026-03-01,0.9953326713008938,0,10,0
"core_expansion_d","Lenovo","donor_aoc_monitor","aoc_monitor","AOC monitor",2026-03-08,0.9953326713008938,0,10,0
"core_expansion_d","Lenovo","donor_aoc_monitor","aoc_monitor","AOC monitor",2026-03-15,0.9953326713008938,0,10,0
"core_expansion_d","Lenovo","donor_aoc_monitor","aoc_monitor","AOC monitor",2026-03-22,0.9953326713008938,0,10,0
"core_expansion_d","Lenovo","donor_aoc_monitor","aoc_monitor","AOC monitor",2026-03-29,0.9953326713008938,0,10,0
"core_expansion_d","Lenovo","donor_aoc_monitor","aoc_monitor","AOC monitor",2026-04-05,0.9953326713008938,0,10,0
"core_expansion_d","Lenovo","donor_aoc_monitor","aoc_monitor","AOC monitor",2026-04-12,0.9953326713008938,0,10,0
"core_expansion_d","Lenovo","donor_aoc_monitor","aoc_monitor","AOC monitor",2026-04-19,0.9953326713008938,0,10,0
"core_expansion_d","Lenovo","donor_aoc_monitor","aoc_monitor","AOC monitor",2026-04-26,0.9953326713008938,0,10,0
"core_expansion_d","Lenovo","donor_aoc_monitor","aoc_monitor","AOC monitor",2026-05-03,0.9953326713008938,0,10,0
"core_expansion_d","Lenovo","donor_aoc_monitor","aoc_monitor","AOC monitor",2026-05-10,0.9953326713008938,0,10,0
"core_expansion_d","Lenovo","donor_aoc_monitor","aoc_monitor","AOC monitor",2026-05-17,0.9953326713008938,0,10,0
"core_expansion_d","Lenovo","donor_aoc_monitor","aoc_monitor","AOC monitor",2026-05-24,0.9953326713008938,0,10,0
"core_expansion_d","Lenovo","donor_aoc_monitor","aoc_monitor","AOC monitor",2026-05-31,0.9953326713008938,0,10,0
"core_expansion_d","Lenovo","donor_aoc_monitor","aoc_monitor","AOC monitor",2026-06-07,0.9953326713008938,0,10,0
"core_expansion_d","Lenovo","donor_aoc_monitor","aoc_monitor","AOC monitor",2026-06-14,0.9953326713008938,0,10,0
"core_expansion_d","Lenovo","donor_aoc_monitor","aoc_monitor","AOC monitor",2026-06-21,0.9953326713008938,0,10,0
"core_expansion_d","Lenovo","donor_aoc_monitor","aoc_monitor","AOC monitor",2026-06-28,0.9953326713008938,0,10,0
"core_expansion_d","Lenovo","donor_aoc_monitor","aoc_monitor","AOC monitor",2026-07-05,0.9953326713008938,0,10,0
"core_expansion_d","Lenovo","donor_benq","benq","BenQ",2021-12-26,1.9906653426017875,0,10,0
"core_expansion_d","Lenovo","donor_benq","benq","BenQ",2022-01-02,2.985998013902681,0,10,0
"core_expansion_d","Lenovo","donor_benq","benq","BenQ",2022-01-09,1.9906653426017875,0,10,0
"core_expansion_d","Lenovo","donor_benq","benq","BenQ",2022-01-16,1.9906653426017875,0,10,0
"core_expansion_d","Lenovo","donor_benq","benq","BenQ",2022-01-23,2.985998013902681,0,10,0
"core_expansion_d","Lenovo","donor_benq","benq","BenQ",2022-01-30,1.9906653426017875,0,10,0
"core_expansion_d","Lenovo","donor_benq","benq","BenQ",2022-02-06,1.9906653426017875,0,10,0
"core_expansion_d","Lenovo","donor_benq","benq","BenQ",2022-02-13,2.985998013902681,0,10,0
"core_expansion_d","Lenovo","donor_benq","benq","BenQ",2022-02-20,1.9906653426017875,0,10,0
"core_expansion_d","Lenovo","donor_benq","benq","BenQ",2022-02-27,1.9906653426017875,0,10,0
"core_expansion_d","Lenovo","donor_benq","benq","BenQ",2022-03-06,1.9906653426017875,0,10,0
"core_expansion_d","Lenovo","donor_benq","benq","BenQ",2022-03-13,1.9906653426017875,0,10,0
"core_expansion_d","Lenovo","donor_benq","benq","BenQ",2022-03-20,1.9906653426017875,0,10,0
"core_expansion_d","Lenovo","donor_benq","benq","BenQ",2022-03-27,1.9906653426017875,0,10,0
"core_expansion_d","Lenovo","donor_benq","benq","BenQ",2022-04-03,1.9906653426017875,0,10,0
"core_expansion_d","Lenovo","donor_benq","benq","BenQ",2022-04-10,1.9906653426017875,0,10,0
"core_expansion_d","Lenovo","donor_benq","benq","BenQ",2022-04-17,1.9906653426017875,0,10,0
"core_expansion_d","Lenovo","donor_benq","benq","BenQ",2022-04-24,1.9906653426017875,0,10,0
"core_expansion_d","Lenovo","donor_benq","benq","BenQ",2022-05-01,1.9906653426017875,0,10,0
"core_expansion_d","Lenovo","donor_benq","benq","BenQ",2022-05-08,1.9906653426017875,0,10,0
"core_expansion_d","Lenovo","donor_benq","benq","BenQ",2022-05-15,1.9906653426017875,0,10,0
"core_expansion_d","Lenovo","donor_benq","benq","BenQ",2022-05-22,1.9906653426017875,0,10,0
"core_expansion_d","Lenovo","donor_benq","benq","BenQ",2022-05-29,1.9906653426017875,0,10,0
"core_expansion_d","Lenovo","donor_benq","benq","BenQ",2022-06-05,1.9906653426017875,0,10,0
"core_expansion_d","Lenovo","donor_benq","benq","BenQ",2022-06-12,1.9906653426017875,0,10,0
"core_expansion_d","Lenovo","donor_benq","benq","BenQ",2022-06-19,1.9906653426017875,0,10,0
"core_expansion_d","Lenovo","donor_benq","benq","BenQ",2022-06-26,1.9906653426017875,0,10,0
"core_expansion_d","Lenovo","donor_benq","benq","BenQ",2022-07-03,1.9906653426017875,0,10,0
"core_expansion_d","Lenovo","donor_benq","benq","BenQ",2022-07-10,1.9906653426017875,0,10,0
"core_expansion_d","Lenovo","donor_benq","benq","BenQ",2022-07-17,1.9906653426017875,0,10,0
"core_expansion_d","Lenovo","donor_benq","benq","BenQ",2022-07-24,1.9906653426017875,0,10,0
"core_expansion_d","Lenovo","donor_benq","benq","BenQ",2022-07-31,1.9906653426017875,0,10,0
"core_expansion_d","Lenovo","donor_benq","benq","BenQ",2022-08-07,1.9906653426017875,0,10,0
"core_expansion_d","Lenovo","donor_benq","benq","BenQ",2022-08-14,1.9906653426017875,0,10,0
"core_expansion_d","Lenovo","donor_benq","benq","BenQ",2022-08-21,1.9906653426017875,0,10,0
"core_expansion_d","Lenovo","donor_benq","benq","BenQ",2022-08-28,1.9906653426017875,0,10,0
"core_expansion_d","Lenovo","donor_benq","benq","BenQ",2022-09-04,1.9906653426017875,0,10,0
"core_expansion_d","Lenovo","donor_benq","benq","BenQ",2022-09-11,1.9906653426017875,0,10,0
"core_expansion_d","Lenovo","donor_benq","benq","BenQ",2022-09-18,1.9906653426017875,0,10,0
"core_expansion_d","Lenovo","donor_benq","benq","BenQ",2022-09-25,1.9906653426017875,0,10,0
"core_expansion_d","Lenovo","donor_benq","benq","BenQ",2022-10-02,1.9906653426017875,0,10,0
"core_expansion_d","Lenovo","donor_benq","benq","BenQ",2022-10-09,1.9906653426017875,0,10,0
"core_expansion_d","Lenovo","donor_benq","benq","BenQ",2022-10-16,1.9906653426017875,0,10,0
"core_expansion_d","Lenovo","donor_benq","benq","BenQ",2022-10-23,1.9906653426017875,0,10,0
"core_expansion_d","Lenovo","donor_benq","benq","BenQ",2022-10-30,1.9906653426017875,0,10,0
"core_expansion_d","Lenovo","donor_benq","benq","BenQ",2022-11-06,1.9906653426017875,0,10,0
"core_expansion_d","Lenovo","donor_benq","benq","BenQ",2022-11-13,1.9906653426017875,0,10,0
"core_expansion_d","Lenovo","donor_benq","benq","BenQ",2022-11-20,2.985998013902681,0,10,0
"core_expansion_d","Lenovo","donor_benq","benq","BenQ",2022-11-27,1.9906653426017875,0,10,0
"core_expansion_d","Lenovo","donor_benq","benq","BenQ",2022-12-04,1.9906653426017875,0,10,0
"core_expansion_d","Lenovo","donor_benq","benq","BenQ",2022-12-11,1.9906653426017875,0,10,0
"core_expansion_d","Lenovo","donor_benq","benq","BenQ",2022-12-18,1.9906653426017875,0,10,0
"core_expansion_d","Lenovo","donor_benq","benq","BenQ",2022-12-25,1.9906653426017875,0,10,0
"core_expansion_d","Lenovo","donor_benq","benq","BenQ",2023-01-01,1.9906653426017875,0,10,0
"core_expansion_d","Lenovo","donor_benq","benq","BenQ",2023-01-08,1.9906653426017875,0,10,0
"core_expansion_d","Lenovo","donor_benq","benq","BenQ",2023-01-15,1.9906653426017875,0,10,0
"core_expansion_d","Lenovo","donor_benq","benq","BenQ",2023-01-22,1.9906653426017875,0,10,0
"core_expansion_d","Lenovo","donor_benq","benq","BenQ",2023-01-29,1.9906653426017875,0,10,0
"core_expansion_d","Lenovo","donor_benq","benq","BenQ",2023-02-05,1.9906653426017875,0,10,0
"core_expansion_d","Lenovo","donor_benq","benq","BenQ",2023-02-12,1.9906653426017875,0,10,0
"core_expansion_d","Lenovo","donor_benq","benq","BenQ",2023-02-19,1.9906653426017875,0,10,0
"core_expansion_d","Lenovo","donor_benq","benq","BenQ",2023-02-26,1.9906653426017875,0,10,0
"core_expansion_d","Lenovo","donor_benq","benq","BenQ",2023-03-05,1.9906653426017875,0,10,0
"core_expansion_d","Lenovo","donor_benq","benq","BenQ",2023-03-12,1.9906653426017875,0,10,0
"core_expansion_d","Lenovo","donor_benq","benq","BenQ",2023-03-19,1.9906653426017875,0,10,0
"core_expansion_d","Lenovo","donor_benq","benq","BenQ",2023-03-26,1.9906653426017875,0,10,0
"core_expansion_d","Lenovo","donor_benq","benq","BenQ",2023-04-02,1.9906653426017875,0,10,0
"core_expansion_d","Lenovo","donor_benq","benq","BenQ",2023-04-09,1.9906653426017875,0,10,0
"core_expansion_d","Lenovo","donor_benq","benq","BenQ",2023-04-16,1.9906653426017875,0,10,0
"core_expansion_d","Lenovo","donor_benq","benq","BenQ",2023-04-23,1.9906653426017875,0,10,0
"core_expansion_d","Lenovo","donor_benq","benq","BenQ",2023-04-30,1.9906653426017875,0,10,0
"core_expansion_d","Lenovo","donor_benq","benq","BenQ",2023-05-07,1.9906653426017875,0,10,0
"core_expansion_d","Lenovo","donor_benq","benq","BenQ",2023-05-14,1.9906653426017875,0,10,0
"core_expansion_d","Lenovo","donor_benq","benq","BenQ",2023-05-21,1.9906653426017875,0,10,0
"core_expansion_d","Lenovo","donor_benq","benq","BenQ",2023-05-28,1.9906653426017875,0,10,0
"core_expansion_d","Lenovo","donor_benq","benq","BenQ",2023-06-04,1.9906653426017875,0,10,0
"core_expansion_d","Lenovo","donor_benq","benq","BenQ",2023-06-11,1.9906653426017875,0,10,0
"core_expansion_d","Lenovo","donor_benq","benq","BenQ",2023-06-18,1.9906653426017875,0,10,0
"core_expansion_d","Lenovo","donor_benq","benq","BenQ",2023-06-25,1.9906653426017875,0,10,0
"core_expansion_d","Lenovo","donor_benq","benq","BenQ",2023-07-02,1.9906653426017875,0,10,0
"core_expansion_d","Lenovo","donor_benq","benq","BenQ",2023-07-09,1.9906653426017875,0,10,0
"core_expansion_d","Lenovo","donor_benq","benq","BenQ",2023-07-16,1.9906653426017875,0,10,0
"core_expansion_d","Lenovo","donor_benq","benq","BenQ",2023-07-23,1.9906653426017875,0,10,0
"core_expansion_d","Lenovo","donor_benq","benq","BenQ",2023-07-30,1.9906653426017875,0,10,0
"core_expansion_d","Lenovo","donor_benq","benq","BenQ",2023-08-06,1.9906653426017875,0,10,0
"core_expansion_d","Lenovo","donor_benq","benq","BenQ",2023-08-13,1.9906653426017875,0,10,0
"core_expansion_d","Lenovo","donor_benq","benq","BenQ",2023-08-20,1.9906653426017875,0,10,0
"core_expansion_d","Lenovo","donor_benq","benq","BenQ",2023-08-27,1.9906653426017875,0,10,0
"core_expansion_d","Lenovo","donor_benq","benq","BenQ",2023-09-03,1.9906653426017875,0,10,0
"core_expansion_d","Lenovo","donor_benq","benq","BenQ",2023-09-10,1.9906653426017875,0,10,0
"core_expansion_d","Lenovo","donor_benq","benq","BenQ",2023-09-17,1.9906653426017875,0,10,0
"core_expansion_d","Lenovo","donor_benq","benq","BenQ",2023-09-24,1.9906653426017875,0,10,0
"core_expansion_d","Lenovo","donor_benq","benq","BenQ",2023-10-01,1.9906653426017875,0,10,0
"core_expansion_d","Lenovo","donor_benq","benq","BenQ",2023-10-08,1.9906653426017875,0,10,0
"core_expansion_d","Lenovo","donor_benq","benq","BenQ",2023-10-15,1.9906653426017875,0,10,0
"core_expansion_d","Lenovo","donor_benq","benq","BenQ",2023-10-22,1.9906653426017875,0,10,0
"core_expansion_d","Lenovo","donor_benq","benq","BenQ",2023-10-29,1.9906653426017875,0,10,0
"core_expansion_d","Lenovo","donor_benq","benq","BenQ",2023-11-05,1.9906653426017875,0,10,0
"core_expansion_d","Lenovo","donor_benq","benq","BenQ",2023-11-12,1.9906653426017875,0,10,0
"core_expansion_d","Lenovo","donor_benq","benq","BenQ",2023-11-19,2.985998013902681,0,10,0
"core_expansion_d","Lenovo","donor_benq","benq","BenQ",2023-11-26,1.9906653426017875,0,10,0
"core_expansion_d","Lenovo","donor_benq","benq","BenQ",2023-12-03,1.9906653426017875,0,10,0
"core_expansion_d","Lenovo","donor_benq","benq","BenQ",2023-12-10,1.9906653426017875,0,10,0
"core_expansion_d","Lenovo","donor_benq","benq","BenQ",2023-12-17,1.9906653426017875,0,10,0
"core_expansion_d","Lenovo","donor_benq","benq","BenQ",2023-12-24,1.9906653426017875,0,10,0
"core_expansion_d","Lenovo","donor_benq","benq","BenQ",2023-12-31,1.9906653426017875,0,10,0
"core_expansion_d","Lenovo","donor_benq","benq","BenQ",2024-01-07,1.9906653426017875,0,10,0
"core_expansion_d","Lenovo","donor_benq","benq","BenQ",2024-01-14,1.9906653426017875,0,10,0
"core_expansion_d","Lenovo","donor_benq","benq","BenQ",2024-01-21,1.9906653426017875,0,10,0
"core_expansion_d","Lenovo","donor_benq","benq","BenQ",2024-01-28,1.9906653426017875,0,10,0
"core_expansion_d","Lenovo","donor_benq","benq","BenQ",2024-02-04,1.9906653426017875,0,10,0
"core_expansion_d","Lenovo","donor_benq","benq","BenQ",2024-02-11,1.9906653426017875,0,10,0
"core_expansion_d","Lenovo","donor_benq","benq","BenQ",2024-02-18,1.9906653426017875,0,10,0
"core_expansion_d","Lenovo","donor_benq","benq","BenQ",2024-02-25,1.9906653426017875,0,10,0
"core_expansion_d","Lenovo","donor_benq","benq","BenQ",2024-03-03,1.9906653426017875,0,10,0
"core_expansion_d","Lenovo","donor_benq","benq","BenQ",2024-03-10,1.9906653426017875,0,10,0
"core_expansion_d","Lenovo","donor_benq","benq","BenQ",2024-03-17,1.9906653426017875,0,10,0
"core_expansion_d","Lenovo","donor_benq","benq","BenQ",2024-03-24,1.9906653426017875,0,10,0
"core_expansion_d","Lenovo","donor_benq","benq","BenQ",2024-03-31,1.9906653426017875,0,10,0
"core_expansion_d","Lenovo","donor_benq","benq","BenQ",2024-04-07,1.9906653426017875,0,10,0
"core_expansion_d","Lenovo","donor_benq","benq","BenQ",2024-04-14,1.9906653426017875,0,10,0
"core_expansion_d","Lenovo","donor_benq","benq","BenQ",2024-04-21,1.9906653426017875,0,10,0
"core_expansion_d","Lenovo","donor_benq","benq","BenQ",2024-04-28,1.9906653426017875,0,10,0
"core_expansion_d","Lenovo","donor_benq","benq","BenQ",2024-05-05,1.9906653426017875,0,10,0
"core_expansion_d","Lenovo","donor_benq","benq","BenQ",2024-05-12,1.9906653426017875,0,10,0
"core_expansion_d","Lenovo","donor_benq","benq","BenQ",2024-05-19,1.9906653426017875,0,10,0
"core_expansion_d","Lenovo","donor_benq","benq","BenQ",2024-05-26,1.9906653426017875,0,10,0
"core_expansion_d","Lenovo","donor_benq","benq","BenQ",2024-06-02,1.9906653426017875,0,10,0
"core_expansion_d","Lenovo","donor_benq","benq","BenQ",2024-06-09,1.9906653426017875,0,10,0
"core_expansion_d","Lenovo","donor_benq","benq","BenQ",2024-06-16,1.9906653426017875,0,10,0
"core_expansion_d","Lenovo","donor_benq","benq","BenQ",2024-06-23,1.9906653426017875,0,10,0
"core_expansion_d","Lenovo","donor_benq","benq","BenQ",2024-06-30,1.9906653426017875,0,10,0
"core_expansion_d","Lenovo","donor_benq","benq","BenQ",2024-07-07,1.9906653426017875,0,10,0
"core_expansion_d","Lenovo","donor_benq","benq","BenQ",2024-07-14,1.9906653426017875,0,10,0
"core_expansion_d","Lenovo","donor_benq","benq","BenQ",2024-07-21,1.9906653426017875,0,10,0
"core_expansion_d","Lenovo","donor_benq","benq","BenQ",2024-07-28,1.9906653426017875,0,10,0
"core_expansion_d","Lenovo","donor_benq","benq","BenQ",2024-08-04,1.9906653426017875,0,10,0
"core_expansion_d","Lenovo","donor_benq","benq","BenQ",2024-08-11,1.9906653426017875,0,10,0
"core_expansion_d","Lenovo","donor_benq","benq","BenQ",2024-08-18,1.9906653426017875,0,10,0
"core_expansion_d","Lenovo","donor_benq","benq","BenQ",2024-08-25,1.9906653426017875,0,10,0
"core_expansion_d","Lenovo","donor_benq","benq","BenQ",2024-09-01,1.9906653426017875,0,10,0
"core_expansion_d","Lenovo","donor_benq","benq","BenQ",2024-09-08,1.9906653426017875,0,10,0
"core_expansion_d","Lenovo","donor_benq","benq","BenQ",2024-09-15,1.9906653426017875,0,10,0
"core_expansion_d","Lenovo","donor_benq","benq","BenQ",2024-09-22,1.9906653426017875,0,10,0
"core_expansion_d","Lenovo","donor_benq","benq","BenQ",2024-09-29,1.9906653426017875,0,10,0
"core_expansion_d","Lenovo","donor_benq","benq","BenQ",2024-10-06,1.9906653426017875,0,10,0
"core_expansion_d","Lenovo","donor_benq","benq","BenQ",2024-10-13,1.9906653426017875,0,10,0
"core_expansion_d","Lenovo","donor_benq","benq","BenQ",2024-10-20,1.9906653426017875,0,10,0
"core_expansion_d","Lenovo","donor_benq","benq","BenQ",2024-10-27,1.9906653426017875,0,10,0
"core_expansion_d","Lenovo","donor_benq","benq","BenQ",2024-11-03,1.9906653426017875,0,10,0
"core_expansion_d","Lenovo","donor_benq","benq","BenQ",2024-11-10,2.985998013902681,0,10,0
"core_expansion_d","Lenovo","donor_benq","benq","BenQ",2024-11-17,2.985998013902681,0,10,0
"core_expansion_d","Lenovo","donor_benq","benq","BenQ",2024-11-24,2.985998013902681,0,10,0
"core_expansion_d","Lenovo","donor_benq","benq","BenQ",2024-12-01,2.985998013902681,0,10,0
"core_expansion_d","Lenovo","donor_benq","benq","BenQ",2024-12-08,1.9906653426017875,0,10,0
"core_expansion_d","Lenovo","donor_benq","benq","BenQ",2024-12-15,1.9906653426017875,0,10,0
"core_expansion_d","Lenovo","donor_benq","benq","BenQ",2024-12-22,2.985998013902681,0,10,0
"core_expansion_d","Lenovo","donor_benq","benq","BenQ",2024-12-29,1.9906653426017875,0,10,0
"core_expansion_d","Lenovo","donor_benq","benq","BenQ",2025-01-05,2.985998013902681,0,10,0
"core_expansion_d","Lenovo","donor_benq","benq","BenQ",2025-01-12,1.9906653426017875,0,10,0
"core_expansion_d","Lenovo","donor_benq","benq","BenQ",2025-01-19,1.9906653426017875,0,10,0
"core_expansion_d","Lenovo","donor_benq","benq","BenQ",2025-01-26,1.9906653426017875,0,10,0
"core_expansion_d","Lenovo","donor_benq","benq","BenQ",2025-02-02,1.9906653426017875,0,10,0
"core_expansion_d","Lenovo","donor_benq","benq","BenQ",2025-02-09,1.9906653426017875,0,10,0
"core_expansion_d","Lenovo","donor_benq","benq","BenQ",2025-02-16,1.9906653426017875,0,10,0
"core_expansion_d","Lenovo","donor_benq","benq","BenQ",2025-02-23,1.9906653426017875,0,10,0
"core_expansion_d","Lenovo","donor_benq","benq","BenQ",2025-03-02,1.9906653426017875,0,10,0
"core_expansion_d","Lenovo","donor_benq","benq","BenQ",2025-03-09,1.9906653426017875,0,10,0
"core_expansion_d","Lenovo","donor_benq","benq","BenQ",2025-03-16,1.9906653426017875,0,10,0
"core_expansion_d","Lenovo","donor_benq","benq","BenQ",2025-03-23,1.9906653426017875,0,10,0
"core_expansion_d","Lenovo","donor_benq","benq","BenQ",2025-03-30,1.9906653426017875,0,10,0
"core_expansion_d","Lenovo","donor_benq","benq","BenQ",2025-04-06,1.9906653426017875,0,10,0
"core_expansion_d","Lenovo","donor_benq","benq","BenQ",2025-04-13,1.9906653426017875,0,10,0
"core_expansion_d","Lenovo","donor_benq","benq","BenQ",2025-04-20,1.9906653426017875,0,10,0
"core_expansion_d","Lenovo","donor_benq","benq","BenQ",2025-04-27,1.9906653426017875,0,10,0
"core_expansion_d","Lenovo","donor_benq","benq","BenQ",2025-05-04,1.9906653426017875,0,10,0
"core_expansion_d","Lenovo","donor_benq","benq","BenQ",2025-05-11,1.9906653426017875,0,10,0
"core_expansion_d","Lenovo","donor_benq","benq","BenQ",2025-05-18,1.9906653426017875,0,10,0
"core_expansion_d","Lenovo","donor_benq","benq","BenQ",2025-05-25,1.9906653426017875,0,10,0
"core_expansion_d","Lenovo","donor_benq","benq","BenQ",2025-06-01,1.9906653426017875,0,10,0
"core_expansion_d","Lenovo","donor_benq","benq","BenQ",2025-06-08,1.9906653426017875,0,10,0
"core_expansion_d","Lenovo","donor_benq","benq","BenQ",2025-06-15,1.9906653426017875,0,10,0
"core_expansion_d","Lenovo","donor_benq","benq","BenQ",2025-06-22,1.9906653426017875,0,10,0
"core_expansion_d","Lenovo","donor_benq","benq","BenQ",2025-06-29,1.9906653426017875,0,10,0
"core_expansion_d","Lenovo","donor_benq","benq","BenQ",2025-07-06,1.9906653426017875,0,10,0
"core_expansion_d","Lenovo","donor_benq","benq","BenQ",2025-07-13,1.9906653426017875,0,10,0
"core_expansion_d","Lenovo","donor_benq","benq","BenQ",2025-07-20,1.9906653426017875,0,10,0
"core_expansion_d","Lenovo","donor_benq","benq","BenQ",2025-07-27,1.9906653426017875,0,10,0
"core_expansion_d","Lenovo","donor_benq","benq","BenQ",2025-08-03,2.985998013902681,0,10,0
"core_expansion_d","Lenovo","donor_benq","benq","BenQ",2025-08-10,2.985998013902681,0,10,0
"core_expansion_d","Lenovo","donor_benq","benq","BenQ",2025-08-17,2.985998013902681,0,10,0
"core_expansion_d","Lenovo","donor_benq","benq","BenQ",2025-08-24,3.981330685203575,0,10,0
"core_expansion_d","Lenovo","donor_benq","benq","BenQ",2025-08-31,3.981330685203575,0,10,0
"core_expansion_d","Lenovo","donor_benq","benq","BenQ",2025-09-07,2.985998013902681,0,10,0
"core_expansion_d","Lenovo","donor_benq","benq","BenQ",2025-09-14,2.985998013902681,0,10,0
"core_expansion_d","Lenovo","donor_benq","benq","BenQ",2025-09-21,2.985998013902681,0,10,0
"core_expansion_d","Lenovo","donor_benq","benq","BenQ",2025-09-28,2.985998013902681,0,10,0
"core_expansion_d","Lenovo","donor_benq","benq","BenQ",2025-10-05,2.985998013902681,0,10,0
"core_expansion_d","Lenovo","donor_benq","benq","BenQ",2025-10-12,2.985998013902681,0,10,0
"core_expansion_d","Lenovo","donor_benq","benq","BenQ",2025-10-19,2.985998013902681,0,10,0
"core_expansion_d","Lenovo","donor_benq","benq","BenQ",2025-10-26,2.985998013902681,0,10,0
"core_expansion_d","Lenovo","donor_benq","benq","BenQ",2025-11-02,2.985998013902681,0,10,0
"core_expansion_d","Lenovo","donor_benq","benq","BenQ",2025-11-09,3.981330685203575,0,10,0
"core_expansion_d","Lenovo","donor_benq","benq","BenQ",2025-11-16,2.985998013902681,0,10,0
"core_expansion_d","Lenovo","donor_benq","benq","BenQ",2025-11-23,3.981330685203575,0,10,0
"core_expansion_d","Lenovo","donor_benq","benq","BenQ",2025-11-30,2.985998013902681,0,10,0
"core_expansion_d","Lenovo","donor_benq","benq","BenQ",2025-12-07,2.985998013902681,0,10,0
"core_expansion_d","Lenovo","donor_benq","benq","BenQ",2025-12-14,2.985998013902681,0,10,0
"core_expansion_d","Lenovo","donor_benq","benq","BenQ",2025-12-21,2.985998013902681,0,10,0
"core_expansion_d","Lenovo","donor_benq","benq","BenQ",2025-12-28,1.9906653426017875,0,10,0
"core_expansion_d","Lenovo","donor_benq","benq","BenQ",2026-01-04,1.9906653426017875,0,10,0
"core_expansion_d","Lenovo","donor_benq","benq","BenQ",2026-01-11,1.9906653426017875,0,10,0
"core_expansion_d","Lenovo","donor_benq","benq","BenQ",2026-01-18,2.985998013902681,0,10,0
"core_expansion_d","Lenovo","donor_benq","benq","BenQ",2026-01-25,2.985998013902681,0,10,0
"core_expansion_d","Lenovo","donor_benq","benq","BenQ",2026-02-01,1.9906653426017875,0,10,0
"core_expansion_d","Lenovo","donor_benq","benq","BenQ",2026-02-08,1.9906653426017875,0,10,0
"core_expansion_d","Lenovo","donor_benq","benq","BenQ",2026-02-15,2.985998013902681,0,10,0
"core_expansion_d","Lenovo","donor_benq","benq","BenQ",2026-02-22,1.9906653426017875,0,10,0
"core_expansion_d","Lenovo","donor_benq","benq","BenQ",2026-03-01,2.985998013902681,0,10,0
"core_expansion_d","Lenovo","donor_benq","benq","BenQ",2026-03-08,2.985998013902681,0,10,0
"core_expansion_d","Lenovo","donor_benq","benq","BenQ",2026-03-15,2.985998013902681,0,10,0
"core_expansion_d","Lenovo","donor_benq","benq","BenQ",2026-03-22,3.981330685203575,0,10,0
"core_expansion_d","Lenovo","donor_benq","benq","BenQ",2026-03-29,4.976663356504469,0,10,0
"core_expansion_d","Lenovo","donor_benq","benq","BenQ",2026-04-05,4.976663356504469,0,10,0
"core_expansion_d","Lenovo","donor_benq","benq","BenQ",2026-04-12,4.976663356504469,0,10,0
"core_expansion_d","Lenovo","donor_benq","benq","BenQ",2026-04-19,4.976663356504469,0,10,0
"core_expansion_d","Lenovo","donor_benq","benq","BenQ",2026-04-26,3.981330685203575,0,10,0
"core_expansion_d","Lenovo","donor_benq","benq","BenQ",2026-05-03,4.976663356504469,0,10,0
"core_expansion_d","Lenovo","donor_benq","benq","BenQ",2026-05-10,4.976663356504469,0,10,0
"core_expansion_d","Lenovo","donor_benq","benq","BenQ",2026-05-17,3.981330685203575,0,10,0
"core_expansion_d","Lenovo","donor_benq","benq","BenQ",2026-05-24,3.981330685203575,0,10,0
"core_expansion_d","Lenovo","donor_benq","benq","BenQ",2026-05-31,3.981330685203575,0,10,0
"core_expansion_d","Lenovo","donor_benq","benq","BenQ",2026-06-07,2.985998013902681,0,10,0
"core_expansion_d","Lenovo","donor_benq","benq","BenQ",2026-06-14,2.985998013902681,0,10,0
"core_expansion_d","Lenovo","donor_benq","benq","BenQ",2026-06-21,3.981330685203575,0,10,0
"core_expansion_d","Lenovo","donor_benq","benq","BenQ",2026-06-28,2.985998013902681,0,10,0
"core_expansion_d","Lenovo","donor_benq","benq","BenQ",2026-07-05,1.9906653426017875,0,10,0
"core_expansion_d","Lenovo","donor_corsair","corsair","Corsair",2021-12-26,6.967328699106257,0,10,0
"core_expansion_d","Lenovo","donor_corsair","corsair","Corsair",2022-01-02,7.96266137040715,0,10,0
"core_expansion_d","Lenovo","donor_corsair","corsair","Corsair",2022-01-09,7.96266137040715,0,10,0
"core_expansion_d","Lenovo","donor_corsair","corsair","Corsair",2022-01-16,6.967328699106257,0,10,0
"core_expansion_d","Lenovo","donor_corsair","corsair","Corsair",2022-01-23,7.96266137040715,0,10,0
"core_expansion_d","Lenovo","donor_corsair","corsair","Corsair",2022-01-30,6.967328699106257,0,10,0
"core_expansion_d","Lenovo","donor_corsair","corsair","Corsair",2022-02-06,6.967328699106257,0,10,0
"core_expansion_d","Lenovo","donor_corsair","corsair","Corsair",2022-02-13,7.96266137040715,0,10,0
"core_expansion_d","Lenovo","donor_corsair","corsair","Corsair",2022-02-20,6.967328699106257,0,10,0
"core_expansion_d","Lenovo","donor_corsair","corsair","Corsair",2022-02-27,6.967328699106257,0,10,0
"core_expansion_d","Lenovo","donor_corsair","corsair","Corsair",2022-03-06,6.967328699106257,0,10,0
"core_expansion_d","Lenovo","donor_corsair","corsair","Corsair",2022-03-13,6.967328699106257,0,10,0
"core_expansion_d","Lenovo","donor_corsair","corsair","Corsair",2022-03-20,6.967328699106257,0,10,0
"core_expansion_d","Lenovo","donor_corsair","corsair","Corsair",2022-03-27,6.967328699106257,0,10,0
"core_expansion_d","Lenovo","donor_corsair","corsair","Corsair",2022-04-03,6.967328699106257,0,10,0
"core_expansion_d","Lenovo","donor_corsair","corsair","Corsair",2022-04-10,6.967328699106257,0,10,0
"core_expansion_d","Lenovo","donor_corsair","corsair","Corsair",2022-04-17,6.967328699106257,0,10,0
"core_expansion_d","Lenovo","donor_corsair","corsair","Corsair",2022-04-24,5.971996027805362,0,10,0
"core_expansion_d","Lenovo","donor_corsair","corsair","Corsair",2022-05-01,5.971996027805362,0,10,0
"core_expansion_d","Lenovo","donor_corsair","corsair","Corsair",2022-05-08,5.971996027805362,0,10,0
"core_expansion_d","Lenovo","donor_corsair","corsair","Corsair",2022-05-15,4.976663356504469,0,10,0
"core_expansion_d","Lenovo","donor_corsair","corsair","Corsair",2022-05-22,5.971996027805362,0,10,0
"core_expansion_d","Lenovo","donor_corsair","corsair","Corsair",2022-05-29,5.971996027805362,0,10,0
"core_expansion_d","Lenovo","donor_corsair","corsair","Corsair",2022-06-05,5.971996027805362,0,10,0
"core_expansion_d","Lenovo","donor_corsair","corsair","Corsair",2022-06-12,5.971996027805362,0,10,0
"core_expansion_d","Lenovo","donor_corsair","corsair","Corsair",2022-06-19,5.971996027805362,0,10,0
"core_expansion_d","Lenovo","donor_corsair","corsair","Corsair",2022-06-26,5.971996027805362,0,10,0
"core_expansion_d","Lenovo","donor_corsair","corsair","Corsair",2022-07-03,5.971996027805362,0,10,0
"core_expansion_d","Lenovo","donor_corsair","corsair","Corsair",2022-07-10,6.967328699106257,0,10,0
"core_expansion_d","Lenovo","donor_corsair","corsair","Corsair",2022-07-17,5.971996027805362,0,10,0
"core_expansion_d","Lenovo","donor_corsair","corsair","Corsair",2022-07-24,6.967328699106257,0,10,0
"core_expansion_d","Lenovo","donor_corsair","corsair","Corsair",2022-07-31,5.971996027805362,0,10,0
"core_expansion_d","Lenovo","donor_corsair","corsair","Corsair",2022-08-07,5.971996027805362,0,10,0
"core_expansion_d","Lenovo","donor_corsair","corsair","Corsair",2022-08-14,5.971996027805362,0,10,0
"core_expansion_d","Lenovo","donor_corsair","corsair","Corsair",2022-08-21,5.971996027805362,0,10,0
"core_expansion_d","Lenovo","donor_corsair","corsair","Corsair",2022-08-28,5.971996027805362,0,10,0
"core_expansion_d","Lenovo","donor_corsair","corsair","Corsair",2022-09-04,5.971996027805362,0,10,0
"core_expansion_d","Lenovo","donor_corsair","corsair","Corsair",2022-09-11,5.971996027805362,0,10,0
"core_expansion_d","Lenovo","donor_corsair","corsair","Corsair",2022-09-18,5.971996027805362,0,10,0
"core_expansion_d","Lenovo","donor_corsair","corsair","Corsair",2022-09-25,5.971996027805362,0,10,0
"core_expansion_d","Lenovo","donor_corsair","corsair","Corsair",2022-10-02,5.971996027805362,0,10,0
"core_expansion_d","Lenovo","donor_corsair","corsair","Corsair",2022-10-09,6.967328699106257,0,10,0
"core_expansion_d","Lenovo","donor_corsair","corsair","Corsair",2022-10-16,5.971996027805362,0,10,0
"core_expansion_d","Lenovo","donor_corsair","corsair","Corsair",2022-10-23,5.971996027805362,0,10,0
"core_expansion_d","Lenovo","donor_corsair","corsair","Corsair",2022-10-30,5.971996027805362,0,10,0
"core_expansion_d","Lenovo","donor_corsair","corsair","Corsair",2022-11-06,5.971996027805362,0,10,0
"core_expansion_d","Lenovo","donor_corsair","corsair","Corsair",2022-11-13,6.967328699106257,0,10,0
"core_expansion_d","Lenovo","donor_corsair","corsair","Corsair",2022-11-20,7.96266137040715,0,10,0
"core_expansion_d","Lenovo","donor_corsair","corsair","Corsair",2022-11-27,6.967328699106257,0,10,0
"core_expansion_d","Lenovo","donor_corsair","corsair","Corsair",2022-12-04,5.971996027805362,0,10,0
"core_expansion_d","Lenovo","donor_corsair","corsair","Corsair",2022-12-11,6.967328699106257,0,10,0
"core_expansion_d","Lenovo","donor_corsair","corsair","Corsair",2022-12-18,6.967328699106257,0,10,0
"core_expansion_d","Lenovo","donor_corsair","corsair","Corsair",2022-12-25,8.957994041708044,0,10,0
"core_expansion_d","Lenovo","donor_corsair","corsair","Corsair",2023-01-01,7.96266137040715,0,10,0
"core_expansion_d","Lenovo","donor_corsair","corsair","Corsair",2023-01-08,6.967328699106257,0,10,0
"core_expansion_d","Lenovo","donor_corsair","corsair","Corsair",2023-01-15,6.967328699106257,0,10,0
"core_expansion_d","Lenovo","donor_corsair","corsair","Corsair",2023-01-22,6.967328699106257,0,10,0
"core_expansion_d","Lenovo","donor_corsair","corsair","Corsair",2023-01-29,5.971996027805362,0,10,0
"core_expansion_d","Lenovo","donor_corsair","corsair","Corsair",2023-02-05,5.971996027805362,0,10,0
"core_expansion_d","Lenovo","donor_corsair","corsair","Corsair",2023-02-12,5.971996027805362,0,10,0
"core_expansion_d","Lenovo","donor_corsair","corsair","Corsair",2023-02-19,5.971996027805362,0,10,0
"core_expansion_d","Lenovo","donor_corsair","corsair","Corsair",2023-02-26,5.971996027805362,0,10,0
"core_expansion_d","Lenovo","donor_corsair","corsair","Corsair",2023-03-05,5.971996027805362,0,10,0
"core_expansion_d","Lenovo","donor_corsair","corsair","Corsair",2023-03-12,5.971996027805362,0,10,0
"core_expansion_d","Lenovo","donor_corsair","corsair","Corsair",2023-03-19,5.971996027805362,0,10,0
"core_expansion_d","Lenovo","donor_corsair","corsair","Corsair",2023-03-26,5.971996027805362,0,10,0
"core_expansion_d","Lenovo","donor_corsair","corsair","Corsair",2023-04-02,5.971996027805362,0,10,0
"core_expansion_d","Lenovo","donor_corsair","corsair","Corsair",2023-04-09,4.976663356504469,0,10,0
"core_expansion_d","Lenovo","donor_corsair","corsair","Corsair",2023-04-16,5.971996027805362,0,10,0
"core_expansion_d","Lenovo","donor_corsair","corsair","Corsair",2023-04-23,4.976663356504469,0,10,0
"core_expansion_d","Lenovo","donor_corsair","corsair","Corsair",2023-04-30,4.976663356504469,0,10,0
"core_expansion_d","Lenovo","donor_corsair","corsair","Corsair",2023-05-07,4.976663356504469,0,10,0
"core_expansion_d","Lenovo","donor_corsair","corsair","Corsair",2023-05-14,4.976663356504469,0,10,0
"core_expansion_d","Lenovo","donor_corsair","corsair","Corsair",2023-05-21,4.976663356504469,0,10,0
"core_expansion_d","Lenovo","donor_corsair","corsair","Corsair",2023-05-28,4.976663356504469,0,10,0
"core_expansion_d","Lenovo","donor_corsair","corsair","Corsair",2023-06-04,4.976663356504469,0,10,0
"core_expansion_d","Lenovo","donor_corsair","corsair","Corsair",2023-06-11,4.976663356504469,0,10,0
"core_expansion_d","Lenovo","donor_corsair","corsair","Corsair",2023-06-18,4.976663356504469,0,10,0
"core_expansion_d","Lenovo","donor_corsair","corsair","Corsair",2023-06-25,5.971996027805362,0,10,0
"core_expansion_d","Lenovo","donor_corsair","corsair","Corsair",2023-07-02,4.976663356504469,0,10,0
"core_expansion_d","Lenovo","donor_corsair","corsair","Corsair",2023-07-09,6.967328699106257,0,10,0
"core_expansion_d","Lenovo","donor_corsair","corsair","Corsair",2023-07-16,5.971996027805362,0,10,0
"core_expansion_d","Lenovo","donor_corsair","corsair","Corsair",2023-07-23,5.971996027805362,0,10,0
"core_expansion_d","Lenovo","donor_corsair","corsair","Corsair",2023-07-30,5.971996027805362,0,10,0
"core_expansion_d","Lenovo","donor_corsair","corsair","Corsair",2023-08-06,5.971996027805362,0,10,0
"core_expansion_d","Lenovo","donor_corsair","corsair","Corsair",2023-08-13,5.971996027805362,0,10,0
"core_expansion_d","Lenovo","donor_corsair","corsair","Corsair",2023-08-20,5.971996027805362,0,10,0
"core_expansion_d","Lenovo","donor_corsair","corsair","Corsair",2023-08-27,5.971996027805362,0,10,0
"core_expansion_d","Lenovo","donor_corsair","corsair","Corsair",2023-09-03,5.971996027805362,0,10,0
"core_expansion_d","Lenovo","donor_corsair","corsair","Corsair",2023-09-10,5.971996027805362,0,10,0
"core_expansion_d","Lenovo","donor_corsair","corsair","Corsair",2023-09-17,4.976663356504469,0,10,0
"core_expansion_d","Lenovo","donor_corsair","corsair","Corsair",2023-09-24,4.976663356504469,0,10,0
"core_expansion_d","Lenovo","donor_corsair","corsair","Corsair",2023-10-01,4.976663356504469,0,10,0
"core_expansion_d","Lenovo","donor_corsair","corsair","Corsair",2023-10-08,4.976663356504469,0,10,0
"core_expansion_d","Lenovo","donor_corsair","corsair","Corsair",2023-10-15,5.971996027805362,0,10,0
"core_expansion_d","Lenovo","donor_corsair","corsair","Corsair",2023-10-22,4.976663356504469,0,10,0
"core_expansion_d","Lenovo","donor_corsair","corsair","Corsair",2023-10-29,4.976663356504469,0,10,0
"core_expansion_d","Lenovo","donor_corsair","corsair","Corsair",2023-11-05,5.971996027805362,0,10,0
"core_expansion_d","Lenovo","donor_corsair","corsair","Corsair",2023-11-12,6.967328699106257,0,10,0
"core_expansion_d","Lenovo","donor_corsair","corsair","Corsair",2023-11-19,7.96266137040715,0,10,0
"core_expansion_d","Lenovo","donor_corsair","corsair","Corsair",2023-11-26,6.967328699106257,0,10,0
"core_expansion_d","Lenovo","donor_corsair","corsair","Corsair",2023-12-03,6.967328699106257,0,10,0
"core_expansion_d","Lenovo","donor_corsair","corsair","Corsair",2023-12-10,5.971996027805362,0,10,0
"core_expansion_d","Lenovo","donor_corsair","corsair","Corsair",2023-12-17,6.967328699106257,0,10,0
"core_expansion_d","Lenovo","donor_corsair","corsair","Corsair",2023-12-24,7.96266137040715,0,10,0
"core_expansion_d","Lenovo","donor_corsair","corsair","Corsair",2023-12-31,6.967328699106257,0,10,0
"core_expansion_d","Lenovo","donor_corsair","corsair","Corsair",2024-01-07,6.967328699106257,0,10,0
"core_expansion_d","Lenovo","donor_corsair","corsair","Corsair",2024-01-14,5.971996027805362,0,10,0
"core_expansion_d","Lenovo","donor_corsair","corsair","Corsair",2024-01-21,5.971996027805362,0,10,0
"core_expansion_d","Lenovo","donor_corsair","corsair","Corsair",2024-01-28,6.967328699106257,0,10,0
"core_expansion_d","Lenovo","donor_corsair","corsair","Corsair",2024-02-04,5.971996027805362,0,10,0
"core_expansion_d","Lenovo","donor_corsair","corsair","Corsair",2024-02-11,5.971996027805362,0,10,0
"core_expansion_d","Lenovo","donor_corsair","corsair","Corsair",2024-02-18,5.971996027805362,0,10,0
"core_expansion_d","Lenovo","donor_corsair","corsair","Corsair",2024-02-25,5.971996027805362,0,10,0
"core_expansion_d","Lenovo","donor_corsair","corsair","Corsair",2024-03-03,5.971996027805362,0,10,0
"core_expansion_d","Lenovo","donor_corsair","corsair","Corsair",2024-03-10,5.971996027805362,0,10,0
"core_expansion_d","Lenovo","donor_corsair","corsair","Corsair",2024-03-17,5.971996027805362,0,10,0
"core_expansion_d","Lenovo","donor_corsair","corsair","Corsair",2024-03-24,5.971996027805362,0,10,0
"core_expansion_d","Lenovo","donor_corsair","corsair","Corsair",2024-03-31,5.971996027805362,0,10,0
"core_expansion_d","Lenovo","donor_corsair","corsair","Corsair",2024-04-07,4.976663356504469,0,10,0
"core_expansion_d","Lenovo","donor_corsair","corsair","Corsair",2024-04-14,4.976663356504469,0,10,0
"core_expansion_d","Lenovo","donor_corsair","corsair","Corsair",2024-04-21,4.976663356504469,0,10,0
"core_expansion_d","Lenovo","donor_corsair","corsair","Corsair",2024-04-28,5.971996027805362,0,10,0
"core_expansion_d","Lenovo","donor_corsair","corsair","Corsair",2024-05-05,5.971996027805362,0,10,0
"core_expansion_d","Lenovo","donor_corsair","corsair","Corsair",2024-05-12,4.976663356504469,0,10,0
"core_expansion_d","Lenovo","donor_corsair","corsair","Corsair",2024-05-19,4.976663356504469,0,10,0
"core_expansion_d","Lenovo","donor_corsair","corsair","Corsair",2024-05-26,4.976663356504469,0,10,0
"core_expansion_d","Lenovo","donor_corsair","corsair","Corsair",2024-06-02,5.971996027805362,0,10,0
"core_expansion_d","Lenovo","donor_corsair","corsair","Corsair",2024-06-09,4.976663356504469,0,10,0
"core_expansion_d","Lenovo","donor_corsair","corsair","Corsair",2024-06-16,5.971996027805362,0,10,0
"core_expansion_d","Lenovo","donor_corsair","corsair","Corsair",2024-06-23,4.976663356504469,0,10,0
"core_expansion_d","Lenovo","donor_corsair","corsair","Corsair",2024-06-30,4.976663356504469,0,10,0
"core_expansion_d","Lenovo","donor_corsair","corsair","Corsair",2024-07-07,4.976663356504469,0,10,0
"core_expansion_d","Lenovo","donor_corsair","corsair","Corsair",2024-07-14,5.971996027805362,0,10,0
"core_expansion_d","Lenovo","donor_corsair","corsair","Corsair",2024-07-21,5.971996027805362,0,10,0
"core_expansion_d","Lenovo","donor_corsair","corsair","Corsair",2024-07-28,5.971996027805362,0,10,0
"core_expansion_d","Lenovo","donor_corsair","corsair","Corsair",2024-08-04,5.971996027805362,0,10,0
"core_expansion_d","Lenovo","donor_corsair","corsair","Corsair",2024-08-11,5.971996027805362,0,10,0
"core_expansion_d","Lenovo","donor_corsair","corsair","Corsair",2024-08-18,5.971996027805362,0,10,0
"core_expansion_d","Lenovo","donor_corsair","corsair","Corsair",2024-08-25,5.971996027805362,0,10,0
"core_expansion_d","Lenovo","donor_corsair","corsair","Corsair",2024-09-01,5.971996027805362,0,10,0
"core_expansion_d","Lenovo","donor_corsair","corsair","Corsair",2024-09-08,5.971996027805362,0,10,0
"core_expansion_d","Lenovo","donor_corsair","corsair","Corsair",2024-09-15,5.971996027805362,0,10,0
"core_expansion_d","Lenovo","donor_corsair","corsair","Corsair",2024-09-22,4.976663356504469,0,10,0
"core_expansion_d","Lenovo","donor_corsair","corsair","Corsair",2024-09-29,5.971996027805362,0,10,0
"core_expansion_d","Lenovo","donor_corsair","corsair","Corsair",2024-10-06,5.971996027805362,0,10,0
"core_expansion_d","Lenovo","donor_corsair","corsair","Corsair",2024-10-13,5.971996027805362,0,10,0
"core_expansion_d","Lenovo","donor_corsair","corsair","Corsair",2024-10-20,5.971996027805362,0,10,0
"core_expansion_d","Lenovo","donor_corsair","corsair","Corsair",2024-10-27,5.971996027805362,0,10,0
"core_expansion_d","Lenovo","donor_corsair","corsair","Corsair",2024-11-03,5.971996027805362,0,10,0
"core_expansion_d","Lenovo","donor_corsair","corsair","Corsair",2024-11-10,6.967328699106257,0,10,0
"core_expansion_d","Lenovo","donor_corsair","corsair","Corsair",2024-11-17,6.967328699106257,0,10,0
"core_expansion_d","Lenovo","donor_corsair","corsair","Corsair",2024-11-24,8.957994041708044,0,10,0
"core_expansion_d","Lenovo","donor_corsair","corsair","Corsair",2024-12-01,7.96266137040715,0,10,0
"core_expansion_d","Lenovo","donor_corsair","corsair","Corsair",2024-12-08,6.967328699106257,0,10,0
"core_expansion_d","Lenovo","donor_corsair","corsair","Corsair",2024-12-15,6.967328699106257,0,10,0
"core_expansion_d","Lenovo","donor_corsair","corsair","Corsair",2024-12-22,7.96266137040715,0,10,0
"core_expansion_d","Lenovo","donor_corsair","corsair","Corsair",2024-12-29,7.96266137040715,0,10,0
"core_expansion_d","Lenovo","donor_corsair","corsair","Corsair",2025-01-05,7.96266137040715,0,10,0
"core_expansion_d","Lenovo","donor_corsair","corsair","Corsair",2025-01-12,6.967328699106257,0,10,0
"core_expansion_d","Lenovo","donor_corsair","corsair","Corsair",2025-01-19,6.967328699106257,0,10,0
"core_expansion_d","Lenovo","donor_corsair","corsair","Corsair",2025-01-26,6.967328699106257,0,10,0
"core_expansion_d","Lenovo","donor_corsair","corsair","Corsair",2025-02-02,6.967328699106257,0,10,0
"core_expansion_d","Lenovo","donor_corsair","corsair","Corsair",2025-02-09,5.971996027805362,0,10,0
"core_expansion_d","Lenovo","donor_corsair","corsair","Corsair",2025-02-16,6.967328699106257,0,10,0
"core_expansion_d","Lenovo","donor_corsair","corsair","Corsair",2025-02-23,5.971996027805362,0,10,0
"core_expansion_d","Lenovo","donor_corsair","corsair","Corsair",2025-03-02,5.971996027805362,0,10,0
"core_expansion_d","Lenovo","donor_corsair","corsair","Corsair",2025-03-09,5.971996027805362,0,10,0
"core_expansion_d","Lenovo","donor_corsair","corsair","Corsair",2025-03-16,6.967328699106257,0,10,0
"core_expansion_d","Lenovo","donor_corsair","corsair","Corsair",2025-03-23,5.971996027805362,0,10,0
"core_expansion_d","Lenovo","donor_corsair","corsair","Corsair",2025-03-30,5.971996027805362,0,10,0
"core_expansion_d","Lenovo","donor_corsair","corsair","Corsair",2025-04-06,5.971996027805362,0,10,0
"core_expansion_d","Lenovo","donor_corsair","corsair","Corsair",2025-04-13,5.971996027805362,0,10,0
"core_expansion_d","Lenovo","donor_corsair","corsair","Corsair",2025-04-20,5.971996027805362,0,10,0
"core_expansion_d","Lenovo","donor_corsair","corsair","Corsair",2025-04-27,5.971996027805362,0,10,0
"core_expansion_d","Lenovo","donor_corsair","corsair","Corsair",2025-05-04,5.971996027805362,0,10,0
"core_expansion_d","Lenovo","donor_corsair","corsair","Corsair",2025-05-11,5.971996027805362,0,10,0
"core_expansion_d","Lenovo","donor_corsair","corsair","Corsair",2025-05-18,5.971996027805362,0,10,0
"core_expansion_d","Lenovo","donor_corsair","corsair","Corsair",2025-05-25,5.971996027805362,0,10,0
"core_expansion_d","Lenovo","donor_corsair","corsair","Corsair",2025-06-01,5.971996027805362,0,10,0
"core_expansion_d","Lenovo","donor_corsair","corsair","Corsair",2025-06-08,5.971996027805362,0,10,0
"core_expansion_d","Lenovo","donor_corsair","corsair","Corsair",2025-06-15,5.971996027805362,0,10,0
"core_expansion_d","Lenovo","donor_corsair","corsair","Corsair",2025-06-22,5.971996027805362,0,10,0
"core_expansion_d","Lenovo","donor_corsair","corsair","Corsair",2025-06-29,5.971996027805362,0,10,0
"core_expansion_d","Lenovo","donor_corsair","corsair","Corsair",2025-07-06,5.971996027805362,0,10,0
"core_expansion_d","Lenovo","donor_corsair","corsair","Corsair",2025-07-13,6.967328699106257,0,10,0
"core_expansion_d","Lenovo","donor_corsair","corsair","Corsair",2025-07-20,6.967328699106257,0,10,0
"core_expansion_d","Lenovo","donor_corsair","corsair","Corsair",2025-07-27,6.967328699106257,0,10,0
"core_expansion_d","Lenovo","donor_corsair","corsair","Corsair",2025-08-03,7.96266137040715,0,10,0
"core_expansion_d","Lenovo","donor_corsair","corsair","Corsair",2025-08-10,8.957994041708044,0,10,0
"core_expansion_d","Lenovo","donor_corsair","corsair","Corsair",2025-08-17,8.957994041708044,0,10,0
"core_expansion_d","Lenovo","donor_corsair","corsair","Corsair",2025-08-24,9.953326713008938,0,10,0
"core_expansion_d","Lenovo","donor_corsair","corsair","Corsair",2025-08-31,9.953326713008938,0,10,0
"core_expansion_d","Lenovo","donor_corsair","corsair","Corsair",2025-09-07,9.953326713008938,0,10,0
"core_expansion_d","Lenovo","donor_corsair","corsair","Corsair",2025-09-14,7.96266137040715,0,10,0
"core_expansion_d","Lenovo","donor_corsair","corsair","Corsair",2025-09-21,7.96266137040715,0,10,0
"core_expansion_d","Lenovo","donor_corsair","corsair","Corsair",2025-09-28,8.957994041708044,0,10,0
"core_expansion_d","Lenovo","donor_corsair","corsair","Corsair",2025-10-05,8.957994041708044,0,10,0
"core_expansion_d","Lenovo","donor_corsair","corsair","Corsair",2025-10-12,8.957994041708044,0,10,0
"core_expansion_d","Lenovo","donor_corsair","corsair","Corsair",2025-10-19,8.957994041708044,0,10,0
"core_expansion_d","Lenovo","donor_corsair","corsair","Corsair",2025-10-26,8.957994041708044,0,10,0
"core_expansion_d","Lenovo","donor_corsair","corsair","Corsair",2025-11-02,8.957994041708044,0,10,0
"core_expansion_d","Lenovo","donor_corsair","corsair","Corsair",2025-11-09,9.953326713008938,0,10,0
"core_expansion_d","Lenovo","donor_corsair","corsair","Corsair",2025-11-16,9.953326713008938,0,10,0
"core_expansion_d","Lenovo","donor_corsair","corsair","Corsair",2025-11-23,11.943992055610725,0,10,0
"core_expansion_d","Lenovo","donor_corsair","corsair","Corsair",2025-11-30,11.943992055610725,0,10,0
"core_expansion_d","Lenovo","donor_corsair","corsair","Corsair",2025-12-07,9.953326713008938,0,10,0
"core_expansion_d","Lenovo","donor_corsair","corsair","Corsair",2025-12-14,9.953326713008938,0,10,0
"core_expansion_d","Lenovo","donor_corsair","corsair","Corsair",2025-12-21,8.957994041708044,0,10,0
"core_expansion_d","Lenovo","donor_corsair","corsair","Corsair",2025-12-28,8.957994041708044,0,10,0
"core_expansion_d","Lenovo","donor_corsair","corsair","Corsair",2026-01-04,8.957994041708044,0,10,0
"core_expansion_d","Lenovo","donor_corsair","corsair","Corsair",2026-01-11,7.96266137040715,0,10,0
"core_expansion_d","Lenovo","donor_corsair","corsair","Corsair",2026-01-18,7.96266137040715,0,10,0
"core_expansion_d","Lenovo","donor_corsair","corsair","Corsair",2026-01-25,7.96266137040715,0,10,0
"core_expansion_d","Lenovo","donor_corsair","corsair","Corsair",2026-02-01,6.967328699106257,0,10,0
"core_expansion_d","Lenovo","donor_corsair","corsair","Corsair",2026-02-08,7.96266137040715,0,10,0
"core_expansion_d","Lenovo","donor_corsair","corsair","Corsair",2026-02-15,7.96266137040715,0,10,0
"core_expansion_d","Lenovo","donor_corsair","corsair","Corsair",2026-02-22,7.96266137040715,0,10,0
"core_expansion_d","Lenovo","donor_corsair","corsair","Corsair",2026-03-01,7.96266137040715,0,10,0
"core_expansion_d","Lenovo","donor_corsair","corsair","Corsair",2026-03-08,7.96266137040715,0,10,0
"core_expansion_d","Lenovo","donor_corsair","corsair","Corsair",2026-03-15,6.967328699106257,0,10,0
"core_expansion_d","Lenovo","donor_corsair","corsair","Corsair",2026-03-22,8.957994041708044,0,10,0
"core_expansion_d","Lenovo","donor_corsair","corsair","Corsair",2026-03-29,10.948659384309831,0,10,0
"core_expansion_d","Lenovo","donor_corsair","corsair","Corsair",2026-04-05,10.948659384309831,0,10,0
"core_expansion_d","Lenovo","donor_corsair","corsair","Corsair",2026-04-12,10.948659384309831,0,10,0
"core_expansion_d","Lenovo","donor_corsair","corsair","Corsair",2026-04-19,8.957994041708044,0,10,0
"core_expansion_d","Lenovo","donor_corsair","corsair","Corsair",2026-04-26,8.957994041708044,0,10,0
"core_expansion_d","Lenovo","donor_corsair","corsair","Corsair",2026-05-03,8.957994041708044,0,10,0
"core_expansion_d","Lenovo","donor_corsair","corsair","Corsair",2026-05-10,9.953326713008938,0,10,0
"core_expansion_d","Lenovo","donor_corsair","corsair","Corsair",2026-05-17,9.953326713008938,0,10,0
"core_expansion_d","Lenovo","donor_corsair","corsair","Corsair",2026-05-24,8.957994041708044,0,10,0
"core_expansion_d","Lenovo","donor_corsair","corsair","Corsair",2026-05-31,8.957994041708044,0,10,0
"core_expansion_d","Lenovo","donor_corsair","corsair","Corsair",2026-06-07,8.957994041708044,0,10,0
"core_expansion_d","Lenovo","donor_corsair","corsair","Corsair",2026-06-14,7.96266137040715,0,10,0
"core_expansion_d","Lenovo","donor_corsair","corsair","Corsair",2026-06-21,8.957994041708044,0,10,0
"core_expansion_d","Lenovo","donor_corsair","corsair","Corsair",2026-06-28,6.967328699106257,0,10,0
"core_expansion_d","Lenovo","donor_corsair","corsair","Corsair",2026-07-05,5.971996027805362,0,10,0
"core_expansion_d","Lenovo","donor_steelseries","steelseries","SteelSeries",2021-12-26,2.985998013902681,0,10,0
"core_expansion_d","Lenovo","donor_steelseries","steelseries","SteelSeries",2022-01-02,2.985998013902681,0,10,0
"core_expansion_d","Lenovo","donor_steelseries","steelseries","SteelSeries",2022-01-09,2.985998013902681,0,10,0
"core_expansion_d","Lenovo","donor_steelseries","steelseries","SteelSeries",2022-01-16,2.985998013902681,0,10,0
"core_expansion_d","Lenovo","donor_steelseries","steelseries","SteelSeries",2022-01-23,2.985998013902681,0,10,0
"core_expansion_d","Lenovo","donor_steelseries","steelseries","SteelSeries",2022-01-30,2.985998013902681,0,10,0
"core_expansion_d","Lenovo","donor_steelseries","steelseries","SteelSeries",2022-02-06,2.985998013902681,0,10,0
"core_expansion_d","Lenovo","donor_steelseries","steelseries","SteelSeries",2022-02-13,2.985998013902681,0,10,0
"core_expansion_d","Lenovo","donor_steelseries","steelseries","SteelSeries",2022-02-20,2.985998013902681,0,10,0
"core_expansion_d","Lenovo","donor_steelseries","steelseries","SteelSeries",2022-02-27,2.985998013902681,0,10,0
"core_expansion_d","Lenovo","donor_steelseries","steelseries","SteelSeries",2022-03-06,2.985998013902681,0,10,0
"core_expansion_d","Lenovo","donor_steelseries","steelseries","SteelSeries",2022-03-13,2.985998013902681,0,10,0
"core_expansion_d","Lenovo","donor_steelseries","steelseries","SteelSeries",2022-03-20,2.985998013902681,0,10,0
"core_expansion_d","Lenovo","donor_steelseries","steelseries","SteelSeries",2022-03-27,2.985998013902681,0,10,0
"core_expansion_d","Lenovo","donor_steelseries","steelseries","SteelSeries",2022-04-03,2.985998013902681,0,10,0
"core_expansion_d","Lenovo","donor_steelseries","steelseries","SteelSeries",2022-04-10,2.985998013902681,0,10,0
"core_expansion_d","Lenovo","donor_steelseries","steelseries","SteelSeries",2022-04-17,2.985998013902681,0,10,0
"core_expansion_d","Lenovo","donor_steelseries","steelseries","SteelSeries",2022-04-24,2.985998013902681,0,10,0
"core_expansion_d","Lenovo","donor_steelseries","steelseries","SteelSeries",2022-05-01,2.985998013902681,0,10,0
"core_expansion_d","Lenovo","donor_steelseries","steelseries","SteelSeries",2022-05-08,1.9906653426017875,0,10,0
"core_expansion_d","Lenovo","donor_steelseries","steelseries","SteelSeries",2022-05-15,1.9906653426017875,0,10,0
"core_expansion_d","Lenovo","donor_steelseries","steelseries","SteelSeries",2022-05-22,2.985998013902681,0,10,0
"core_expansion_d","Lenovo","donor_steelseries","steelseries","SteelSeries",2022-05-29,2.985998013902681,0,10,0
"core_expansion_d","Lenovo","donor_steelseries","steelseries","SteelSeries",2022-06-05,2.985998013902681,0,10,0
"core_expansion_d","Lenovo","donor_steelseries","steelseries","SteelSeries",2022-06-12,2.985998013902681,0,10,0
"core_expansion_d","Lenovo","donor_steelseries","steelseries","SteelSeries",2022-06-19,2.985998013902681,0,10,0
"core_expansion_d","Lenovo","donor_steelseries","steelseries","SteelSeries",2022-06-26,2.985998013902681,0,10,0
"core_expansion_d","Lenovo","donor_steelseries","steelseries","SteelSeries",2022-07-03,2.985998013902681,0,10,0
"core_expansion_d","Lenovo","donor_steelseries","steelseries","SteelSeries",2022-07-10,2.985998013902681,0,10,0
"core_expansion_d","Lenovo","donor_steelseries","steelseries","SteelSeries",2022-07-17,2.985998013902681,0,10,0
"core_expansion_d","Lenovo","donor_steelseries","steelseries","SteelSeries",2022-07-24,2.985998013902681,0,10,0
"core_expansion_d","Lenovo","donor_steelseries","steelseries","SteelSeries",2022-07-31,2.985998013902681,0,10,0
"core_expansion_d","Lenovo","donor_steelseries","steelseries","SteelSeries",2022-08-07,2.985998013902681,0,10,0
"core_expansion_d","Lenovo","donor_steelseries","steelseries","SteelSeries",2022-08-14,2.985998013902681,0,10,0
"core_expansion_d","Lenovo","donor_steelseries","steelseries","SteelSeries",2022-08-21,2.985998013902681,0,10,0
"core_expansion_d","Lenovo","donor_steelseries","steelseries","SteelSeries",2022-08-28,2.985998013902681,0,10,0
"core_expansion_d","Lenovo","donor_steelseries","steelseries","SteelSeries",2022-09-04,1.9906653426017875,0,10,0
"core_expansion_d","Lenovo","donor_steelseries","steelseries","SteelSeries",2022-09-11,1.9906653426017875,0,10,0
"core_expansion_d","Lenovo","donor_steelseries","steelseries","SteelSeries",2022-09-18,1.9906653426017875,0,10,0
"core_expansion_d","Lenovo","donor_steelseries","steelseries","SteelSeries",2022-09-25,1.9906653426017875,0,10,0
"core_expansion_d","Lenovo","donor_steelseries","steelseries","SteelSeries",2022-10-02,1.9906653426017875,0,10,0
"core_expansion_d","Lenovo","donor_steelseries","steelseries","SteelSeries",2022-10-09,1.9906653426017875,0,10,0
"core_expansion_d","Lenovo","donor_steelseries","steelseries","SteelSeries",2022-10-16,1.9906653426017875,0,10,0
"core_expansion_d","Lenovo","donor_steelseries","steelseries","SteelSeries",2022-10-23,1.9906653426017875,0,10,0
"core_expansion_d","Lenovo","donor_steelseries","steelseries","SteelSeries",2022-10-30,1.9906653426017875,0,10,0
"core_expansion_d","Lenovo","donor_steelseries","steelseries","SteelSeries",2022-11-06,1.9906653426017875,0,10,0
"core_expansion_d","Lenovo","donor_steelseries","steelseries","SteelSeries",2022-11-13,2.985998013902681,0,10,0
"core_expansion_d","Lenovo","donor_steelseries","steelseries","SteelSeries",2022-11-20,3.981330685203575,0,10,0
"core_expansion_d","Lenovo","donor_steelseries","steelseries","SteelSeries",2022-11-27,2.985998013902681,0,10,0
"core_expansion_d","Lenovo","donor_steelseries","steelseries","SteelSeries",2022-12-04,2.985998013902681,0,10,0
"core_expansion_d","Lenovo","donor_steelseries","steelseries","SteelSeries",2022-12-11,2.985998013902681,0,10,0
"core_expansion_d","Lenovo","donor_steelseries","steelseries","SteelSeries",2022-12-18,2.985998013902681,0,10,0
"core_expansion_d","Lenovo","donor_steelseries","steelseries","SteelSeries",2022-12-25,3.981330685203575,0,10,0
"core_expansion_d","Lenovo","donor_steelseries","steelseries","SteelSeries",2023-01-01,2.985998013902681,0,10,0
"core_expansion_d","Lenovo","donor_steelseries","steelseries","SteelSeries",2023-01-08,2.985998013902681,0,10,0
"core_expansion_d","Lenovo","donor_steelseries","steelseries","SteelSeries",2023-01-15,2.985998013902681,0,10,0
"core_expansion_d","Lenovo","donor_steelseries","steelseries","SteelSeries",2023-01-22,2.985998013902681,0,10,0
"core_expansion_d","Lenovo","donor_steelseries","steelseries","SteelSeries",2023-01-29,2.985998013902681,0,10,0
"core_expansion_d","Lenovo","donor_steelseries","steelseries","SteelSeries",2023-02-05,1.9906653426017875,0,10,0
"core_expansion_d","Lenovo","donor_steelseries","steelseries","SteelSeries",2023-02-12,1.9906653426017875,0,10,0
"core_expansion_d","Lenovo","donor_steelseries","steelseries","SteelSeries",2023-02-19,1.9906653426017875,0,10,0
"core_expansion_d","Lenovo","donor_steelseries","steelseries","SteelSeries",2023-02-26,1.9906653426017875,0,10,0
"core_expansion_d","Lenovo","donor_steelseries","steelseries","SteelSeries",2023-03-05,2.985998013902681,0,10,0
"core_expansion_d","Lenovo","donor_steelseries","steelseries","SteelSeries",2023-03-12,1.9906653426017875,0,10,0
"core_expansion_d","Lenovo","donor_steelseries","steelseries","SteelSeries",2023-03-19,1.9906653426017875,0,10,0
"core_expansion_d","Lenovo","donor_steelseries","steelseries","SteelSeries",2023-03-26,1.9906653426017875,0,10,0
"core_expansion_d","Lenovo","donor_steelseries","steelseries","SteelSeries",2023-04-02,1.9906653426017875,0,10,0
"core_expansion_d","Lenovo","donor_steelseries","steelseries","SteelSeries",2023-04-09,1.9906653426017875,0,10,0
"core_expansion_d","Lenovo","donor_steelseries","steelseries","SteelSeries",2023-04-16,2.985998013902681,0,10,0
"core_expansion_d","Lenovo","donor_steelseries","steelseries","SteelSeries",2023-04-23,1.9906653426017875,0,10,0
"core_expansion_d","Lenovo","donor_steelseries","steelseries","SteelSeries",2023-04-30,1.9906653426017875,0,10,0
"core_expansion_d","Lenovo","donor_steelseries","steelseries","SteelSeries",2023-05-07,1.9906653426017875,0,10,0
"core_expansion_d","Lenovo","donor_steelseries","steelseries","SteelSeries",2023-05-14,1.9906653426017875,0,10,0
"core_expansion_d","Lenovo","donor_steelseries","steelseries","SteelSeries",2023-05-21,1.9906653426017875,0,10,0
"core_expansion_d","Lenovo","donor_steelseries","steelseries","SteelSeries",2023-05-28,1.9906653426017875,0,10,0
"core_expansion_d","Lenovo","donor_steelseries","steelseries","SteelSeries",2023-06-04,1.9906653426017875,0,10,0
"core_expansion_d","Lenovo","donor_steelseries","steelseries","SteelSeries",2023-06-11,1.9906653426017875,0,10,0
"core_expansion_d","Lenovo","donor_steelseries","steelseries","SteelSeries",2023-06-18,1.9906653426017875,0,10,0
"core_expansion_d","Lenovo","donor_steelseries","steelseries","SteelSeries",2023-06-25,1.9906653426017875,0,10,0
"core_expansion_d","Lenovo","donor_steelseries","steelseries","SteelSeries",2023-07-02,1.9906653426017875,0,10,0
"core_expansion_d","Lenovo","donor_steelseries","steelseries","SteelSeries",2023-07-09,2.985998013902681,0,10,0
"core_expansion_d","Lenovo","donor_steelseries","steelseries","SteelSeries",2023-07-16,1.9906653426017875,0,10,0
"core_expansion_d","Lenovo","donor_steelseries","steelseries","SteelSeries",2023-07-23,1.9906653426017875,0,10,0
"core_expansion_d","Lenovo","donor_steelseries","steelseries","SteelSeries",2023-07-30,1.9906653426017875,0,10,0
"core_expansion_d","Lenovo","donor_steelseries","steelseries","SteelSeries",2023-08-06,1.9906653426017875,0,10,0
"core_expansion_d","Lenovo","donor_steelseries","steelseries","SteelSeries",2023-08-13,1.9906653426017875,0,10,0
"core_expansion_d","Lenovo","donor_steelseries","steelseries","SteelSeries",2023-08-20,1.9906653426017875,0,10,0
"core_expansion_d","Lenovo","donor_steelseries","steelseries","SteelSeries",2023-08-27,1.9906653426017875,0,10,0
"core_expansion_d","Lenovo","donor_steelseries","steelseries","SteelSeries",2023-09-03,1.9906653426017875,0,10,0
"core_expansion_d","Lenovo","donor_steelseries","steelseries","SteelSeries",2023-09-10,1.9906653426017875,0,10,0
"core_expansion_d","Lenovo","donor_steelseries","steelseries","SteelSeries",2023-09-17,1.9906653426017875,0,10,0
"core_expansion_d","Lenovo","donor_steelseries","steelseries","SteelSeries",2023-09-24,1.9906653426017875,0,10,0
"core_expansion_d","Lenovo","donor_steelseries","steelseries","SteelSeries",2023-10-01,1.9906653426017875,0,10,0
"core_expansion_d","Lenovo","donor_steelseries","steelseries","SteelSeries",2023-10-08,1.9906653426017875,0,10,0
"core_expansion_d","Lenovo","donor_steelseries","steelseries","SteelSeries",2023-10-15,1.9906653426017875,0,10,0
"core_expansion_d","Lenovo","donor_steelseries","steelseries","SteelSeries",2023-10-22,1.9906653426017875,0,10,0
"core_expansion_d","Lenovo","donor_steelseries","steelseries","SteelSeries",2023-10-29,1.9906653426017875,0,10,0
"core_expansion_d","Lenovo","donor_steelseries","steelseries","SteelSeries",2023-11-05,2.985998013902681,0,10,0
"core_expansion_d","Lenovo","donor_steelseries","steelseries","SteelSeries",2023-11-12,2.985998013902681,0,10,0
"core_expansion_d","Lenovo","donor_steelseries","steelseries","SteelSeries",2023-11-19,4.976663356504469,0,10,0
"core_expansion_d","Lenovo","donor_steelseries","steelseries","SteelSeries",2023-11-26,3.981330685203575,0,10,0
"core_expansion_d","Lenovo","donor_steelseries","steelseries","SteelSeries",2023-12-03,2.985998013902681,0,10,0
"core_expansion_d","Lenovo","donor_steelseries","steelseries","SteelSeries",2023-12-10,3.981330685203575,0,10,0
"core_expansion_d","Lenovo","donor_steelseries","steelseries","SteelSeries",2023-12-17,3.981330685203575,0,10,0
"core_expansion_d","Lenovo","donor_steelseries","steelseries","SteelSeries",2023-12-24,4.976663356504469,0,10,0
"core_expansion_d","Lenovo","donor_steelseries","steelseries","SteelSeries",2023-12-31,2.985998013902681,0,10,0
"core_expansion_d","Lenovo","donor_steelseries","steelseries","SteelSeries",2024-01-07,2.985998013902681,0,10,0
"core_expansion_d","Lenovo","donor_steelseries","steelseries","SteelSeries",2024-01-14,2.985998013902681,0,10,0
"core_expansion_d","Lenovo","donor_steelseries","steelseries","SteelSeries",2024-01-21,2.985998013902681,0,10,0
"core_expansion_d","Lenovo","donor_steelseries","steelseries","SteelSeries",2024-01-28,2.985998013902681,0,10,0
"core_expansion_d","Lenovo","donor_steelseries","steelseries","SteelSeries",2024-02-04,2.985998013902681,0,10,0
"core_expansion_d","Lenovo","donor_steelseries","steelseries","SteelSeries",2024-02-11,2.985998013902681,0,10,0
"core_expansion_d","Lenovo","donor_steelseries","steelseries","SteelSeries",2024-02-18,2.985998013902681,0,10,0
"core_expansion_d","Lenovo","donor_steelseries","steelseries","SteelSeries",2024-02-25,2.985998013902681,0,10,0
"core_expansion_d","Lenovo","donor_steelseries","steelseries","SteelSeries",2024-03-03,2.985998013902681,0,10,0
"core_expansion_d","Lenovo","donor_steelseries","steelseries","SteelSeries",2024-03-10,2.985998013902681,0,10,0
"core_expansion_d","Lenovo","donor_steelseries","steelseries","SteelSeries",2024-03-17,2.985998013902681,0,10,0
"core_expansion_d","Lenovo","donor_steelseries","steelseries","SteelSeries",2024-03-24,2.985998013902681,0,10,0
"core_expansion_d","Lenovo","donor_steelseries","steelseries","SteelSeries",2024-03-31,2.985998013902681,0,10,0
"core_expansion_d","Lenovo","donor_steelseries","steelseries","SteelSeries",2024-04-07,2.985998013902681,0,10,0
"core_expansion_d","Lenovo","donor_steelseries","steelseries","SteelSeries",2024-04-14,1.9906653426017875,0,10,0
"core_expansion_d","Lenovo","donor_steelseries","steelseries","SteelSeries",2024-04-21,1.9906653426017875,0,10,0
"core_expansion_d","Lenovo","donor_steelseries","steelseries","SteelSeries",2024-04-28,1.9906653426017875,0,10,0
"core_expansion_d","Lenovo","donor_steelseries","steelseries","SteelSeries",2024-05-05,1.9906653426017875,0,10,0
"core_expansion_d","Lenovo","donor_steelseries","steelseries","SteelSeries",2024-05-12,1.9906653426017875,0,10,0
"core_expansion_d","Lenovo","donor_steelseries","steelseries","SteelSeries",2024-05-19,1.9906653426017875,0,10,0
"core_expansion_d","Lenovo","donor_steelseries","steelseries","SteelSeries",2024-05-26,1.9906653426017875,0,10,0
"core_expansion_d","Lenovo","donor_steelseries","steelseries","SteelSeries",2024-06-02,1.9906653426017875,0,10,0
"core_expansion_d","Lenovo","donor_steelseries","steelseries","SteelSeries",2024-06-09,2.985998013902681,0,10,0
"core_expansion_d","Lenovo","donor_steelseries","steelseries","SteelSeries",2024-06-16,1.9906653426017875,0,10,0
"core_expansion_d","Lenovo","donor_steelseries","steelseries","SteelSeries",2024-06-23,1.9906653426017875,0,10,0
"core_expansion_d","Lenovo","donor_steelseries","steelseries","SteelSeries",2024-06-30,1.9906653426017875,0,10,0
"core_expansion_d","Lenovo","donor_steelseries","steelseries","SteelSeries",2024-07-07,1.9906653426017875,0,10,0
"core_expansion_d","Lenovo","donor_steelseries","steelseries","SteelSeries",2024-07-14,2.985998013902681,0,10,0
"core_expansion_d","Lenovo","donor_steelseries","steelseries","SteelSeries",2024-07-21,2.985998013902681,0,10,0
"core_expansion_d","Lenovo","donor_steelseries","steelseries","SteelSeries",2024-07-28,1.9906653426017875,0,10,0
"core_expansion_d","Lenovo","donor_steelseries","steelseries","SteelSeries",2024-08-04,2.985998013902681,0,10,0
"core_expansion_d","Lenovo","donor_steelseries","steelseries","SteelSeries",2024-08-11,2.985998013902681,0,10,0
"core_expansion_d","Lenovo","donor_steelseries","steelseries","SteelSeries",2024-08-18,2.985998013902681,0,10,0
"core_expansion_d","Lenovo","donor_steelseries","steelseries","SteelSeries",2024-08-25,2.985998013902681,0,10,0
"core_expansion_d","Lenovo","donor_steelseries","steelseries","SteelSeries",2024-09-01,2.985998013902681,0,10,0
"core_expansion_d","Lenovo","donor_steelseries","steelseries","SteelSeries",2024-09-08,2.985998013902681,0,10,0
"core_expansion_d","Lenovo","donor_steelseries","steelseries","SteelSeries",2024-09-15,2.985998013902681,0,10,0
"core_expansion_d","Lenovo","donor_steelseries","steelseries","SteelSeries",2024-09-22,2.985998013902681,0,10,0
"core_expansion_d","Lenovo","donor_steelseries","steelseries","SteelSeries",2024-09-29,2.985998013902681,0,10,0
"core_expansion_d","Lenovo","donor_steelseries","steelseries","SteelSeries",2024-10-06,2.985998013902681,0,10,0
"core_expansion_d","Lenovo","donor_steelseries","steelseries","SteelSeries",2024-10-13,2.985998013902681,0,10,0
"core_expansion_d","Lenovo","donor_steelseries","steelseries","SteelSeries",2024-10-20,2.985998013902681,0,10,0
"core_expansion_d","Lenovo","donor_steelseries","steelseries","SteelSeries",2024-10-27,2.985998013902681,0,10,0
"core_expansion_d","Lenovo","donor_steelseries","steelseries","SteelSeries",2024-11-03,2.985998013902681,0,10,0
"core_expansion_d","Lenovo","donor_steelseries","steelseries","SteelSeries",2024-11-10,3.981330685203575,0,10,0
"core_expansion_d","Lenovo","donor_steelseries","steelseries","SteelSeries",2024-11-17,3.981330685203575,0,10,0
"core_expansion_d","Lenovo","donor_steelseries","steelseries","SteelSeries",2024-11-24,4.976663356504469,0,10,0
"core_expansion_d","Lenovo","donor_steelseries","steelseries","SteelSeries",2024-12-01,3.981330685203575,0,10,0
"core_expansion_d","Lenovo","donor_steelseries","steelseries","SteelSeries",2024-12-08,3.981330685203575,0,10,0
"core_expansion_d","Lenovo","donor_steelseries","steelseries","SteelSeries",2024-12-15,3.981330685203575,0,10,0
"core_expansion_d","Lenovo","donor_steelseries","steelseries","SteelSeries",2024-12-22,4.976663356504469,0,10,0
"core_expansion_d","Lenovo","donor_steelseries","steelseries","SteelSeries",2024-12-29,3.981330685203575,0,10,0
"core_expansion_d","Lenovo","donor_steelseries","steelseries","SteelSeries",2025-01-05,2.985998013902681,0,10,0
"core_expansion_d","Lenovo","donor_steelseries","steelseries","SteelSeries",2025-01-12,2.985998013902681,0,10,0
"core_expansion_d","Lenovo","donor_steelseries","steelseries","SteelSeries",2025-01-19,2.985998013902681,0,10,0
"core_expansion_d","Lenovo","donor_steelseries","steelseries","SteelSeries",2025-01-26,2.985998013902681,0,10,0
"core_expansion_d","Lenovo","donor_steelseries","steelseries","SteelSeries",2025-02-02,2.985998013902681,0,10,0
"core_expansion_d","Lenovo","donor_steelseries","steelseries","SteelSeries",2025-02-09,2.985998013902681,0,10,0
"core_expansion_d","Lenovo","donor_steelseries","steelseries","SteelSeries",2025-02-16,2.985998013902681,0,10,0
"core_expansion_d","Lenovo","donor_steelseries","steelseries","SteelSeries",2025-02-23,2.985998013902681,0,10,0
"core_expansion_d","Lenovo","donor_steelseries","steelseries","SteelSeries",2025-03-02,2.985998013902681,0,10,0
"core_expansion_d","Lenovo","donor_steelseries","steelseries","SteelSeries",2025-03-09,2.985998013902681,0,10,0
"core_expansion_d","Lenovo","donor_steelseries","steelseries","SteelSeries",2025-03-16,2.985998013902681,0,10,0
"core_expansion_d","Lenovo","donor_steelseries","steelseries","SteelSeries",2025-03-23,2.985998013902681,0,10,0
"core_expansion_d","Lenovo","donor_steelseries","steelseries","SteelSeries",2025-03-30,2.985998013902681,0,10,0
"core_expansion_d","Lenovo","donor_steelseries","steelseries","SteelSeries",2025-04-06,2.985998013902681,0,10,0
"core_expansion_d","Lenovo","donor_steelseries","steelseries","SteelSeries",2025-04-13,2.985998013902681,0,10,0
"core_expansion_d","Lenovo","donor_steelseries","steelseries","SteelSeries",2025-04-20,1.9906653426017875,0,10,0
"core_expansion_d","Lenovo","donor_steelseries","steelseries","SteelSeries",2025-04-27,2.985998013902681,0,10,0
"core_expansion_d","Lenovo","donor_steelseries","steelseries","SteelSeries",2025-05-04,2.985998013902681,0,10,0
"core_expansion_d","Lenovo","donor_steelseries","steelseries","SteelSeries",2025-05-11,1.9906653426017875,0,10,0
"core_expansion_d","Lenovo","donor_steelseries","steelseries","SteelSeries",2025-05-18,1.9906653426017875,0,10,0
"core_expansion_d","Lenovo","donor_steelseries","steelseries","SteelSeries",2025-05-25,2.985998013902681,0,10,0
"core_expansion_d","Lenovo","donor_steelseries","steelseries","SteelSeries",2025-06-01,2.985998013902681,0,10,0
"core_expansion_d","Lenovo","donor_steelseries","steelseries","SteelSeries",2025-06-08,2.985998013902681,0,10,0
"core_expansion_d","Lenovo","donor_steelseries","steelseries","SteelSeries",2025-06-15,2.985998013902681,0,10,0
"core_expansion_d","Lenovo","donor_steelseries","steelseries","SteelSeries",2025-06-22,2.985998013902681,0,10,0
"core_expansion_d","Lenovo","donor_steelseries","steelseries","SteelSeries",2025-06-29,2.985998013902681,0,10,0
"core_expansion_d","Lenovo","donor_steelseries","steelseries","SteelSeries",2025-07-06,2.985998013902681,0,10,0
"core_expansion_d","Lenovo","donor_steelseries","steelseries","SteelSeries",2025-07-13,2.985998013902681,0,10,0
"core_expansion_d","Lenovo","donor_steelseries","steelseries","SteelSeries",2025-07-20,2.985998013902681,0,10,0
"core_expansion_d","Lenovo","donor_steelseries","steelseries","SteelSeries",2025-07-27,2.985998013902681,0,10,0
"core_expansion_d","Lenovo","donor_steelseries","steelseries","SteelSeries",2025-08-03,2.985998013902681,0,10,0
"core_expansion_d","Lenovo","donor_steelseries","steelseries","SteelSeries",2025-08-10,3.981330685203575,0,10,0
"core_expansion_d","Lenovo","donor_steelseries","steelseries","SteelSeries",2025-08-17,3.981330685203575,0,10,0
"core_expansion_d","Lenovo","donor_steelseries","steelseries","SteelSeries",2025-08-24,3.981330685203575,0,10,0
"core_expansion_d","Lenovo","donor_steelseries","steelseries","SteelSeries",2025-08-31,3.981330685203575,0,10,0
"core_expansion_d","Lenovo","donor_steelseries","steelseries","SteelSeries",2025-09-07,3.981330685203575,0,10,0
"core_expansion_d","Lenovo","donor_steelseries","steelseries","SteelSeries",2025-09-14,2.985998013902681,0,10,0
"core_expansion_d","Lenovo","donor_steelseries","steelseries","SteelSeries",2025-09-21,2.985998013902681,0,10,0
"core_expansion_d","Lenovo","donor_steelseries","steelseries","SteelSeries",2025-09-28,2.985998013902681,0,10,0
"core_expansion_d","Lenovo","donor_steelseries","steelseries","SteelSeries",2025-10-05,3.981330685203575,0,10,0
"core_expansion_d","Lenovo","donor_steelseries","steelseries","SteelSeries",2025-10-12,3.981330685203575,0,10,0
"core_expansion_d","Lenovo","donor_steelseries","steelseries","SteelSeries",2025-10-19,3.981330685203575,0,10,0
"core_expansion_d","Lenovo","donor_steelseries","steelseries","SteelSeries",2025-10-26,3.981330685203575,0,10,0
"core_expansion_d","Lenovo","donor_steelseries","steelseries","SteelSeries",2025-11-02,3.981330685203575,0,10,0
"core_expansion_d","Lenovo","donor_steelseries","steelseries","SteelSeries",2025-11-09,3.981330685203575,0,10,0
"core_expansion_d","Lenovo","donor_steelseries","steelseries","SteelSeries",2025-11-16,3.981330685203575,0,10,0
"core_expansion_d","Lenovo","donor_steelseries","steelseries","SteelSeries",2025-11-23,4.976663356504469,0,10,0
"core_expansion_d","Lenovo","donor_steelseries","steelseries","SteelSeries",2025-11-30,3.981330685203575,0,10,0
"core_expansion_d","Lenovo","donor_steelseries","steelseries","SteelSeries",2025-12-07,3.981330685203575,0,10,0
"core_expansion_d","Lenovo","donor_steelseries","steelseries","SteelSeries",2025-12-14,3.981330685203575,0,10,0
"core_expansion_d","Lenovo","donor_steelseries","steelseries","SteelSeries",2025-12-21,4.976663356504469,0,10,0
"core_expansion_d","Lenovo","donor_steelseries","steelseries","SteelSeries",2025-12-28,3.981330685203575,0,10,0
"core_expansion_d","Lenovo","donor_steelseries","steelseries","SteelSeries",2026-01-04,2.985998013902681,0,10,0
"core_expansion_d","Lenovo","donor_steelseries","steelseries","SteelSeries",2026-01-11,2.985998013902681,0,10,0
"core_expansion_d","Lenovo","donor_steelseries","steelseries","SteelSeries",2026-01-18,2.985998013902681,0,10,0
"core_expansion_d","Lenovo","donor_steelseries","steelseries","SteelSeries",2026-01-25,2.985998013902681,0,10,0
"core_expansion_d","Lenovo","donor_steelseries","steelseries","SteelSeries",2026-02-01,2.985998013902681,0,10,0
"core_expansion_d","Lenovo","donor_steelseries","steelseries","SteelSeries",2026-02-08,2.985998013902681,0,10,0
"core_expansion_d","Lenovo","donor_steelseries","steelseries","SteelSeries",2026-02-15,2.985998013902681,0,10,0
"core_expansion_d","Lenovo","donor_steelseries","steelseries","SteelSeries",2026-02-22,2.985998013902681,0,10,0
"core_expansion_d","Lenovo","donor_steelseries","steelseries","SteelSeries",2026-03-01,2.985998013902681,0,10,0
"core_expansion_d","Lenovo","donor_steelseries","steelseries","SteelSeries",2026-03-08,2.985998013902681,0,10,0
"core_expansion_d","Lenovo","donor_steelseries","steelseries","SteelSeries",2026-03-15,2.985998013902681,0,10,0
"core_expansion_d","Lenovo","donor_steelseries","steelseries","SteelSeries",2026-03-22,3.981330685203575,0,10,0
"core_expansion_d","Lenovo","donor_steelseries","steelseries","SteelSeries",2026-03-29,4.976663356504469,0,10,0
"core_expansion_d","Lenovo","donor_steelseries","steelseries","SteelSeries",2026-04-05,4.976663356504469,0,10,0
"core_expansion_d","Lenovo","donor_steelseries","steelseries","SteelSeries",2026-04-12,4.976663356504469,0,10,0
"core_expansion_d","Lenovo","donor_steelseries","steelseries","SteelSeries",2026-04-19,4.976663356504469,0,10,0
"core_expansion_d","Lenovo","donor_steelseries","steelseries","SteelSeries",2026-04-26,4.976663356504469,0,10,0
"core_expansion_d","Lenovo","donor_steelseries","steelseries","SteelSeries",2026-05-03,4.976663356504469,0,10,0
"core_expansion_d","Lenovo","donor_steelseries","steelseries","SteelSeries",2026-05-10,4.976663356504469,0,10,0
"core_expansion_d","Lenovo","donor_steelseries","steelseries","SteelSeries",2026-05-17,3.981330685203575,0,10,0
"core_expansion_d","Lenovo","donor_steelseries","steelseries","SteelSeries",2026-05-24,3.981330685203575,0,10,0
"core_expansion_d","Lenovo","donor_steelseries","steelseries","SteelSeries",2026-05-31,3.981330685203575,0,10,0
"core_expansion_d","Lenovo","donor_steelseries","steelseries","SteelSeries",2026-06-07,3.981330685203575,0,10,0
"core_expansion_d","Lenovo","donor_steelseries","steelseries","SteelSeries",2026-06-14,3.981330685203575,0,10,0
"core_expansion_d","Lenovo","donor_steelseries","steelseries","SteelSeries",2026-06-21,3.981330685203575,0,10,0
"core_expansion_d","Lenovo","donor_steelseries","steelseries","SteelSeries",2026-06-28,2.985998013902681,0,10,0
"core_expansion_d","Lenovo","donor_steelseries","steelseries","SteelSeries",2026-07-05,2.985998013902681,0,10,0
"core_legacy","Lenovo","anchor_lenovo","lenovo","Lenovo",2021-12-26,36,0,10,0
"core_legacy","Lenovo","anchor_lenovo","lenovo","Lenovo",2022-01-02,42,0,10,0
"core_legacy","Lenovo","anchor_lenovo","lenovo","Lenovo",2022-01-09,42,0,10,0
"core_legacy","Lenovo","anchor_lenovo","lenovo","Lenovo",2022-01-16,38,0,10,0
"core_legacy","Lenovo","anchor_lenovo","lenovo","Lenovo",2022-01-23,45,0,10,0
"core_legacy","Lenovo","anchor_lenovo","lenovo","Lenovo",2022-01-30,41,0,10,0
"core_legacy","Lenovo","anchor_lenovo","lenovo","Lenovo",2022-02-06,42,0,10,0
"core_legacy","Lenovo","anchor_lenovo","lenovo","Lenovo",2022-02-13,42,0,10,0
"core_legacy","Lenovo","anchor_lenovo","lenovo","Lenovo",2022-02-20,42,0,10,0
"core_legacy","Lenovo","anchor_lenovo","lenovo","Lenovo",2022-02-27,40,0,10,0
"core_legacy","Lenovo","anchor_lenovo","lenovo","Lenovo",2022-03-06,42,0,10,0
"core_legacy","Lenovo","anchor_lenovo","lenovo","Lenovo",2022-03-13,41,0,10,0
"core_legacy","Lenovo","anchor_lenovo","lenovo","Lenovo",2022-03-20,39,0,10,0
"core_legacy","Lenovo","anchor_lenovo","lenovo","Lenovo",2022-03-27,39,0,10,0
"core_legacy","Lenovo","anchor_lenovo","lenovo","Lenovo",2022-04-03,36,0,10,0
"core_legacy","Lenovo","anchor_lenovo","lenovo","Lenovo",2022-04-10,35,0,10,0
"core_legacy","Lenovo","anchor_lenovo","lenovo","Lenovo",2022-04-17,34,0,10,0
"core_legacy","Lenovo","anchor_lenovo","lenovo","Lenovo",2022-04-24,34,0,10,0
"core_legacy","Lenovo","anchor_lenovo","lenovo","Lenovo",2022-05-01,34,0,10,0
"core_legacy","Lenovo","anchor_lenovo","lenovo","Lenovo",2022-05-08,34,0,10,0
"core_legacy","Lenovo","anchor_lenovo","lenovo","Lenovo",2022-05-15,34,0,10,0
"core_legacy","Lenovo","anchor_lenovo","lenovo","Lenovo",2022-05-22,33,0,10,0
"core_legacy","Lenovo","anchor_lenovo","lenovo","Lenovo",2022-05-29,34,0,10,0
"core_legacy","Lenovo","anchor_lenovo","lenovo","Lenovo",2022-06-05,34,0,10,0
"core_legacy","Lenovo","anchor_lenovo","lenovo","Lenovo",2022-06-12,33,0,10,0
"core_legacy","Lenovo","anchor_lenovo","lenovo","Lenovo",2022-06-19,35,0,10,0
"core_legacy","Lenovo","anchor_lenovo","lenovo","Lenovo",2022-06-26,34,0,10,0
"core_legacy","Lenovo","anchor_lenovo","lenovo","Lenovo",2022-07-03,36,0,10,0
"core_legacy","Lenovo","anchor_lenovo","lenovo","Lenovo",2022-07-10,37,0,10,0
"core_legacy","Lenovo","anchor_lenovo","lenovo","Lenovo",2022-07-17,38,0,10,0
"core_legacy","Lenovo","anchor_lenovo","lenovo","Lenovo",2022-07-24,38,0,10,0
"core_legacy","Lenovo","anchor_lenovo","lenovo","Lenovo",2022-07-31,38,0,10,0
"core_legacy","Lenovo","anchor_lenovo","lenovo","Lenovo",2022-08-07,38,0,10,0
"core_legacy","Lenovo","anchor_lenovo","lenovo","Lenovo",2022-08-14,39,0,10,0
"core_legacy","Lenovo","anchor_lenovo","lenovo","Lenovo",2022-08-21,38,0,10,0
"core_legacy","Lenovo","anchor_lenovo","lenovo","Lenovo",2022-08-28,38,0,10,0
"core_legacy","Lenovo","anchor_lenovo","lenovo","Lenovo",2022-09-04,39,0,10,0
"core_legacy","Lenovo","anchor_lenovo","lenovo","Lenovo",2022-09-11,38,0,10,0
"core_legacy","Lenovo","anchor_lenovo","lenovo","Lenovo",2022-09-18,38,0,10,0
"core_legacy","Lenovo","anchor_lenovo","lenovo","Lenovo",2022-09-25,37,0,10,0
"core_legacy","Lenovo","anchor_lenovo","lenovo","Lenovo",2022-10-02,36,0,10,0
"core_legacy","Lenovo","anchor_lenovo","lenovo","Lenovo",2022-10-09,37,0,10,0
"core_legacy","Lenovo","anchor_lenovo","lenovo","Lenovo",2022-10-16,37,0,10,0
"core_legacy","Lenovo","anchor_lenovo","lenovo","Lenovo",2022-10-23,35,0,10,0
"core_legacy","Lenovo","anchor_lenovo","lenovo","Lenovo",2022-10-30,34,0,10,0
"core_legacy","Lenovo","anchor_lenovo","lenovo","Lenovo",2022-11-06,38,0,10,0
"core_legacy","Lenovo","anchor_lenovo","lenovo","Lenovo",2022-11-13,39,0,10,0
"core_legacy","Lenovo","anchor_lenovo","lenovo","Lenovo",2022-11-20,41,0,10,0
"core_legacy","Lenovo","anchor_lenovo","lenovo","Lenovo",2022-11-27,37,0,10,0
"core_legacy","Lenovo","anchor_lenovo","lenovo","Lenovo",2022-12-04,35,0,10,0
"core_legacy","Lenovo","anchor_lenovo","lenovo","Lenovo",2022-12-11,36,0,10,0
"core_legacy","Lenovo","anchor_lenovo","lenovo","Lenovo",2022-12-18,37,0,10,0
"core_legacy","Lenovo","anchor_lenovo","lenovo","Lenovo",2022-12-25,38,0,10,0
"core_legacy","Lenovo","anchor_lenovo","lenovo","Lenovo",2023-01-01,37,0,10,0
"core_legacy","Lenovo","anchor_lenovo","lenovo","Lenovo",2023-01-08,39,0,10,0
"core_legacy","Lenovo","anchor_lenovo","lenovo","Lenovo",2023-01-15,38,0,10,0
"core_legacy","Lenovo","anchor_lenovo","lenovo","Lenovo",2023-01-22,40,0,10,0
"core_legacy","Lenovo","anchor_lenovo","lenovo","Lenovo",2023-01-29,38,0,10,0
"core_legacy","Lenovo","anchor_lenovo","lenovo","Lenovo",2023-02-05,36,0,10,0
"core_legacy","Lenovo","anchor_lenovo","lenovo","Lenovo",2023-02-12,37,0,10,0
"core_legacy","Lenovo","anchor_lenovo","lenovo","Lenovo",2023-02-19,37,0,10,0
"core_legacy","Lenovo","anchor_lenovo","lenovo","Lenovo",2023-02-26,37,0,10,0
"core_legacy","Lenovo","anchor_lenovo","lenovo","Lenovo",2023-03-05,36,0,10,0
"core_legacy","Lenovo","anchor_lenovo","lenovo","Lenovo",2023-03-12,35,0,10,0
"core_legacy","Lenovo","anchor_lenovo","lenovo","Lenovo",2023-03-19,34,0,10,0
"core_legacy","Lenovo","anchor_lenovo","lenovo","Lenovo",2023-03-26,34,0,10,0
"core_legacy","Lenovo","anchor_lenovo","lenovo","Lenovo",2023-04-02,31,0,10,0
"core_legacy","Lenovo","anchor_lenovo","lenovo","Lenovo",2023-04-09,32,0,10,0
"core_legacy","Lenovo","anchor_lenovo","lenovo","Lenovo",2023-04-16,32,0,10,0
"core_legacy","Lenovo","anchor_lenovo","lenovo","Lenovo",2023-04-23,31,0,10,0
"core_legacy","Lenovo","anchor_lenovo","lenovo","Lenovo",2023-04-30,31,0,10,0
"core_legacy","Lenovo","anchor_lenovo","lenovo","Lenovo",2023-05-07,32,0,10,0
"core_legacy","Lenovo","anchor_lenovo","lenovo","Lenovo",2023-05-14,31,0,10,0
"core_legacy","Lenovo","anchor_lenovo","lenovo","Lenovo",2023-05-21,33,0,10,0
"core_legacy","Lenovo","anchor_lenovo","lenovo","Lenovo",2023-05-28,32,0,10,0
"core_legacy","Lenovo","anchor_lenovo","lenovo","Lenovo",2023-06-04,32,0,10,0
"core_legacy","Lenovo","anchor_lenovo","lenovo","Lenovo",2023-06-11,33,0,10,0
"core_legacy","Lenovo","anchor_lenovo","lenovo","Lenovo",2023-06-18,33,0,10,0
"core_legacy","Lenovo","anchor_lenovo","lenovo","Lenovo",2023-06-25,33,0,10,0
"core_legacy","Lenovo","anchor_lenovo","lenovo","Lenovo",2023-07-02,34,0,10,0
"core_legacy","Lenovo","anchor_lenovo","lenovo","Lenovo",2023-07-09,39,0,10,0
"core_legacy","Lenovo","anchor_lenovo","lenovo","Lenovo",2023-07-16,36,0,10,0
"core_legacy","Lenovo","anchor_lenovo","lenovo","Lenovo",2023-07-23,36,0,10,0
"core_legacy","Lenovo","anchor_lenovo","lenovo","Lenovo",2023-07-30,35,0,10,0
"core_legacy","Lenovo","anchor_lenovo","lenovo","Lenovo",2023-08-06,37,0,10,0
"core_legacy","Lenovo","anchor_lenovo","lenovo","Lenovo",2023-08-13,38,0,10,0
"core_legacy","Lenovo","anchor_lenovo","lenovo","Lenovo",2023-08-20,37,0,10,0
"core_legacy","Lenovo","anchor_lenovo","lenovo","Lenovo",2023-08-27,39,0,10,0
"core_legacy","Lenovo","anchor_lenovo","lenovo","Lenovo",2023-09-03,38,0,10,0
"core_legacy","Lenovo","anchor_lenovo","lenovo","Lenovo",2023-09-10,37,0,10,0
"core_legacy","Lenovo","anchor_lenovo","lenovo","Lenovo",2023-09-17,37,0,10,0
"core_legacy","Lenovo","anchor_lenovo","lenovo","Lenovo",2023-09-24,37,0,10,0
"core_legacy","Lenovo","anchor_lenovo","lenovo","Lenovo",2023-10-01,36,0,10,0
"core_legacy","Lenovo","anchor_lenovo","lenovo","Lenovo",2023-10-08,37,0,10,0
"core_legacy","Lenovo","anchor_lenovo","lenovo","Lenovo",2023-10-15,36,0,10,0
"core_legacy","Lenovo","anchor_lenovo","lenovo","Lenovo",2023-10-22,36,0,10,0
"core_legacy","Lenovo","anchor_lenovo","lenovo","Lenovo",2023-10-29,37,0,10,0
"core_legacy","Lenovo","anchor_lenovo","lenovo","Lenovo",2023-11-05,39,0,10,0
"core_legacy","Lenovo","anchor_lenovo","lenovo","Lenovo",2023-11-12,40,0,10,0
"core_legacy","Lenovo","anchor_lenovo","lenovo","Lenovo",2023-11-19,46,0,10,0
"core_legacy","Lenovo","anchor_lenovo","lenovo","Lenovo",2023-11-26,41,0,10,0
"core_legacy","Lenovo","anchor_lenovo","lenovo","Lenovo",2023-12-03,38,0,10,0
"core_legacy","Lenovo","anchor_lenovo","lenovo","Lenovo",2023-12-10,37,0,10,0
"core_legacy","Lenovo","anchor_lenovo","lenovo","Lenovo",2023-12-17,38,0,10,0
"core_legacy","Lenovo","anchor_lenovo","lenovo","Lenovo",2023-12-24,40,0,10,0
"core_legacy","Lenovo","anchor_lenovo","lenovo","Lenovo",2023-12-31,36,0,10,0
"core_legacy","Lenovo","anchor_lenovo","lenovo","Lenovo",2024-01-07,38,0,10,0
"core_legacy","Lenovo","anchor_lenovo","lenovo","Lenovo",2024-01-14,37,0,10,0
"core_legacy","Lenovo","anchor_lenovo","lenovo","Lenovo",2024-01-21,39,0,10,0
"core_legacy","Lenovo","anchor_lenovo","lenovo","Lenovo",2024-01-28,39,0,10,0
"core_legacy","Lenovo","anchor_lenovo","lenovo","Lenovo",2024-02-04,39,0,10,0
"core_legacy","Lenovo","anchor_lenovo","lenovo","Lenovo",2024-02-11,37,0,10,0
"core_legacy","Lenovo","anchor_lenovo","lenovo","Lenovo",2024-02-18,38,0,10,0
"core_legacy","Lenovo","anchor_lenovo","lenovo","Lenovo",2024-02-25,39,0,10,0
"core_legacy","Lenovo","anchor_lenovo","lenovo","Lenovo",2024-03-03,37,0,10,0
"core_legacy","Lenovo","anchor_lenovo","lenovo","Lenovo",2024-03-10,36,0,10,0
"core_legacy","Lenovo","anchor_lenovo","lenovo","Lenovo",2024-03-17,37,0,10,0
"core_legacy","Lenovo","anchor_lenovo","lenovo","Lenovo",2024-03-24,36,0,10,0
"core_legacy","Lenovo","anchor_lenovo","lenovo","Lenovo",2024-03-31,35,0,10,0
"core_legacy","Lenovo","anchor_lenovo","lenovo","Lenovo",2024-04-07,33,0,10,0
"core_legacy","Lenovo","anchor_lenovo","lenovo","Lenovo",2024-04-14,34,0,10,0
"core_legacy","Lenovo","anchor_lenovo","lenovo","Lenovo",2024-04-21,33,0,10,0
"core_legacy","Lenovo","anchor_lenovo","lenovo","Lenovo",2024-04-28,34,0,10,0
"core_legacy","Lenovo","anchor_lenovo","lenovo","Lenovo",2024-05-05,34,0,10,0
"core_legacy","Lenovo","anchor_lenovo","lenovo","Lenovo",2024-05-12,34,0,10,0
"core_legacy","Lenovo","anchor_lenovo","lenovo","Lenovo",2024-05-19,35,0,10,0
"core_legacy","Lenovo","anchor_lenovo","lenovo","Lenovo",2024-05-26,35,0,10,0
"core_legacy","Lenovo","anchor_lenovo","lenovo","Lenovo",2024-06-02,33,0,10,0
"core_legacy","Lenovo","anchor_lenovo","lenovo","Lenovo",2024-06-09,34,0,10,0
"core_legacy","Lenovo","anchor_lenovo","lenovo","Lenovo",2024-06-16,35,0,10,0
"core_legacy","Lenovo","anchor_lenovo","lenovo","Lenovo",2024-06-23,34,0,10,0
"core_legacy","Lenovo","anchor_lenovo","lenovo","Lenovo",2024-06-30,34,0,10,0
"core_legacy","Lenovo","anchor_lenovo","lenovo","Lenovo",2024-07-07,37,0,10,0
"core_legacy","Lenovo","anchor_lenovo","lenovo","Lenovo",2024-07-14,40,0,10,0
"core_legacy","Lenovo","anchor_lenovo","lenovo","Lenovo",2024-07-21,37,0,10,0
"core_legacy","Lenovo","anchor_lenovo","lenovo","Lenovo",2024-07-28,35,0,10,0
"core_legacy","Lenovo","anchor_lenovo","lenovo","Lenovo",2024-08-04,37,0,10,0
"core_legacy","Lenovo","anchor_lenovo","lenovo","Lenovo",2024-08-11,39,0,10,0
"core_legacy","Lenovo","anchor_lenovo","lenovo","Lenovo",2024-08-18,41,0,10,0
"core_legacy","Lenovo","anchor_lenovo","lenovo","Lenovo",2024-08-25,40,0,10,0
"core_legacy","Lenovo","anchor_lenovo","lenovo","Lenovo",2024-09-01,40,0,10,0
"core_legacy","Lenovo","anchor_lenovo","lenovo","Lenovo",2024-09-08,40,0,10,0
"core_legacy","Lenovo","anchor_lenovo","lenovo","Lenovo",2024-09-15,40,0,10,0
"core_legacy","Lenovo","anchor_lenovo","lenovo","Lenovo",2024-09-22,40,0,10,0
"core_legacy","Lenovo","anchor_lenovo","lenovo","Lenovo",2024-09-29,39,0,10,0
"core_legacy","Lenovo","anchor_lenovo","lenovo","Lenovo",2024-10-06,40,0,10,0
"core_legacy","Lenovo","anchor_lenovo","lenovo","Lenovo",2024-10-13,38,0,10,0
"core_legacy","Lenovo","anchor_lenovo","lenovo","Lenovo",2024-10-20,38,0,10,0
"core_legacy","Lenovo","anchor_lenovo","lenovo","Lenovo",2024-10-27,38,0,10,0
"core_legacy","Lenovo","anchor_lenovo","lenovo","Lenovo",2024-11-03,38,0,10,0
"core_legacy","Lenovo","anchor_lenovo","lenovo","Lenovo",2024-11-10,42,0,10,0
"core_legacy","Lenovo","anchor_lenovo","lenovo","Lenovo",2024-11-17,45,0,10,0
"core_legacy","Lenovo","anchor_lenovo","lenovo","Lenovo",2024-11-24,50,0,10,0
"core_legacy","Lenovo","anchor_lenovo","lenovo","Lenovo",2024-12-01,45,0,10,0
"core_legacy","Lenovo","anchor_lenovo","lenovo","Lenovo",2024-12-08,42,0,10,0
"core_legacy","Lenovo","anchor_lenovo","lenovo","Lenovo",2024-12-15,39,0,10,0
"core_legacy","Lenovo","anchor_lenovo","lenovo","Lenovo",2024-12-22,44,0,10,0
"core_legacy","Lenovo","anchor_lenovo","lenovo","Lenovo",2024-12-29,41,0,10,0
"core_legacy","Lenovo","anchor_lenovo","lenovo","Lenovo",2025-01-05,44,0,10,0
"core_legacy","Lenovo","anchor_lenovo","lenovo","Lenovo",2025-01-12,40,0,10,0
"core_legacy","Lenovo","anchor_lenovo","lenovo","Lenovo",2025-01-19,43,0,10,0
"core_legacy","Lenovo","anchor_lenovo","lenovo","Lenovo",2025-01-26,41,0,10,0
"core_legacy","Lenovo","anchor_lenovo","lenovo","Lenovo",2025-02-02,41,0,10,0
"core_legacy","Lenovo","anchor_lenovo","lenovo","Lenovo",2025-02-09,42,0,10,0
"core_legacy","Lenovo","anchor_lenovo","lenovo","Lenovo",2025-02-16,41,0,10,0
"core_legacy","Lenovo","anchor_lenovo","lenovo","Lenovo",2025-02-23,40,0,10,0
"core_legacy","Lenovo","anchor_lenovo","lenovo","Lenovo",2025-03-02,40,0,10,0
"core_legacy","Lenovo","anchor_lenovo","lenovo","Lenovo",2025-03-09,38,0,10,0
"core_legacy","Lenovo","anchor_lenovo","lenovo","Lenovo",2025-03-16,41,0,10,0
"core_legacy","Lenovo","anchor_lenovo","lenovo","Lenovo",2025-03-23,39,0,10,0
"core_legacy","Lenovo","anchor_lenovo","lenovo","Lenovo",2025-03-30,39,0,10,0
"core_legacy","Lenovo","anchor_lenovo","lenovo","Lenovo",2025-04-06,38,0,10,0
"core_legacy","Lenovo","anchor_lenovo","lenovo","Lenovo",2025-04-13,37,0,10,0
"core_legacy","Lenovo","anchor_lenovo","lenovo","Lenovo",2025-04-20,38,0,10,0
"core_legacy","Lenovo","anchor_lenovo","lenovo","Lenovo",2025-04-27,35,0,10,0
"core_legacy","Lenovo","anchor_lenovo","lenovo","Lenovo",2025-05-04,36,0,10,0
"core_legacy","Lenovo","anchor_lenovo","lenovo","Lenovo",2025-05-11,37,0,10,0
"core_legacy","Lenovo","anchor_lenovo","lenovo","Lenovo",2025-05-18,39,0,10,0
"core_legacy","Lenovo","anchor_lenovo","lenovo","Lenovo",2025-05-25,38,0,10,0
"core_legacy","Lenovo","anchor_lenovo","lenovo","Lenovo",2025-06-01,38,0,10,0
"core_legacy","Lenovo","anchor_lenovo","lenovo","Lenovo",2025-06-08,38,0,10,0
"core_legacy","Lenovo","anchor_lenovo","lenovo","Lenovo",2025-06-15,38,0,10,0
"core_legacy","Lenovo","anchor_lenovo","lenovo","Lenovo",2025-06-22,40,0,10,0
"core_legacy","Lenovo","anchor_lenovo","lenovo","Lenovo",2025-06-29,38,0,10,0
"core_legacy","Lenovo","anchor_lenovo","lenovo","Lenovo",2025-07-06,42,0,10,0
"core_legacy","Lenovo","anchor_lenovo","lenovo","Lenovo",2025-07-13,43,0,10,0
"core_legacy","Lenovo","anchor_lenovo","lenovo","Lenovo",2025-07-20,47,0,10,0
"core_legacy","Lenovo","anchor_lenovo","lenovo","Lenovo",2025-07-27,48,0,10,0
"core_legacy","Lenovo","anchor_lenovo","lenovo","Lenovo",2025-08-03,54,0,10,0
"core_legacy","Lenovo","anchor_lenovo","lenovo","Lenovo",2025-08-10,56,0,10,0
"core_legacy","Lenovo","anchor_lenovo","lenovo","Lenovo",2025-08-17,59,0,10,0
"core_legacy","Lenovo","anchor_lenovo","lenovo","Lenovo",2025-08-24,66,0,10,0
"core_legacy","Lenovo","anchor_lenovo","lenovo","Lenovo",2025-08-31,67,0,10,0
"core_legacy","Lenovo","anchor_lenovo","lenovo","Lenovo",2025-09-07,63,0,10,0
"core_legacy","Lenovo","anchor_lenovo","lenovo","Lenovo",2025-09-14,59,0,10,0
"core_legacy","Lenovo","anchor_lenovo","lenovo","Lenovo",2025-09-21,62,0,10,0
"core_legacy","Lenovo","anchor_lenovo","lenovo","Lenovo",2025-09-28,59,0,10,0
"core_legacy","Lenovo","anchor_lenovo","lenovo","Lenovo",2025-10-05,57,0,10,0
"core_legacy","Lenovo","anchor_lenovo","lenovo","Lenovo",2025-10-12,57,0,10,0
"core_legacy","Lenovo","anchor_lenovo","lenovo","Lenovo",2025-10-19,59,0,10,0
"core_legacy","Lenovo","anchor_lenovo","lenovo","Lenovo",2025-10-26,53,0,10,0
"core_legacy","Lenovo","anchor_lenovo","lenovo","Lenovo",2025-11-02,58,0,10,0
"core_legacy","Lenovo","anchor_lenovo","lenovo","Lenovo",2025-11-09,60,0,10,0
"core_legacy","Lenovo","anchor_lenovo","lenovo","Lenovo",2025-11-16,60,0,10,0
"core_legacy","Lenovo","anchor_lenovo","lenovo","Lenovo",2025-11-23,66,0,10,0
"core_legacy","Lenovo","anchor_lenovo","lenovo","Lenovo",2025-11-30,55,0,10,0
"core_legacy","Lenovo","anchor_lenovo","lenovo","Lenovo",2025-12-07,49,0,10,0
"core_legacy","Lenovo","anchor_lenovo","lenovo","Lenovo",2025-12-14,51,0,10,0
"core_legacy","Lenovo","anchor_lenovo","lenovo","Lenovo",2025-12-21,46,0,10,0
"core_legacy","Lenovo","anchor_lenovo","lenovo","Lenovo",2025-12-28,42,0,10,0
"core_legacy","Lenovo","anchor_lenovo","lenovo","Lenovo",2026-01-04,46,0,10,0
"core_legacy","Lenovo","anchor_lenovo","lenovo","Lenovo",2026-01-11,47,0,10,0
"core_legacy","Lenovo","anchor_lenovo","lenovo","Lenovo",2026-01-18,48,0,10,0
"core_legacy","Lenovo","anchor_lenovo","lenovo","Lenovo",2026-01-25,49,0,10,0
"core_legacy","Lenovo","anchor_lenovo","lenovo","Lenovo",2026-02-01,49,0,10,0
"core_legacy","Lenovo","anchor_lenovo","lenovo","Lenovo",2026-02-08,50,0,10,0
"core_legacy","Lenovo","anchor_lenovo","lenovo","Lenovo",2026-02-15,47,0,10,0
"core_legacy","Lenovo","anchor_lenovo","lenovo","Lenovo",2026-02-22,47,0,10,0
"core_legacy","Lenovo","anchor_lenovo","lenovo","Lenovo",2026-03-01,53,0,10,0
"core_legacy","Lenovo","anchor_lenovo","lenovo","Lenovo",2026-03-08,56,0,10,0
"core_legacy","Lenovo","anchor_lenovo","lenovo","Lenovo",2026-03-15,51,0,10,0
"core_legacy","Lenovo","anchor_lenovo","lenovo","Lenovo",2026-03-22,72,0,10,0
"core_legacy","Lenovo","anchor_lenovo","lenovo","Lenovo",2026-03-29,85,0,10,0
"core_legacy","Lenovo","anchor_lenovo","lenovo","Lenovo",2026-04-05,86,0,10,0
"core_legacy","Lenovo","anchor_lenovo","lenovo","Lenovo",2026-04-12,90,0,10,0
"core_legacy","Lenovo","anchor_lenovo","lenovo","Lenovo",2026-04-19,81,0,10,0
"core_legacy","Lenovo","anchor_lenovo","lenovo","Lenovo",2026-04-26,80,0,10,0
"core_legacy","Lenovo","anchor_lenovo","lenovo","Lenovo",2026-05-03,100,0,10,0
"core_legacy","Lenovo","anchor_lenovo","lenovo","Lenovo",2026-05-10,95,0,10,0
"core_legacy","Lenovo","anchor_lenovo","lenovo","Lenovo",2026-05-17,72,0,10,0
"core_legacy","Lenovo","anchor_lenovo","lenovo","Lenovo",2026-05-24,64,0,10,0
"core_legacy","Lenovo","anchor_lenovo","lenovo","Lenovo",2026-05-31,68,0,10,0
"core_legacy","Lenovo","anchor_lenovo","lenovo","Lenovo",2026-06-07,58,0,10,0
"core_legacy","Lenovo","anchor_lenovo","lenovo","Lenovo",2026-06-14,54,0,10,0
"core_legacy","Lenovo","anchor_lenovo","lenovo","Lenovo",2026-06-21,57,0,10,0
"core_legacy","Lenovo","anchor_lenovo","lenovo","Lenovo",2026-06-28,46,0,10,0
"core_legacy","Lenovo","anchor_lenovo","lenovo","Lenovo",2026-07-05,43,0,10,0
"core_legacy","Lenovo","donor_acer","acer","Acer",2021-12-26,16,0,10,0
"core_legacy","Lenovo","donor_acer","acer","Acer",2022-01-02,20,0,10,0
"core_legacy","Lenovo","donor_acer","acer","Acer",2022-01-09,20,0,10,0
"core_legacy","Lenovo","donor_acer","acer","Acer",2022-01-16,18,0,10,0
"core_legacy","Lenovo","donor_acer","acer","Acer",2022-01-23,20,0,10,0
"core_legacy","Lenovo","donor_acer","acer","Acer",2022-01-30,20,0,10,0
"core_legacy","Lenovo","donor_acer","acer","Acer",2022-02-06,20,0,10,0
"core_legacy","Lenovo","donor_acer","acer","Acer",2022-02-13,21,0,10,0
"core_legacy","Lenovo","donor_acer","acer","Acer",2022-02-20,20,0,10,0
"core_legacy","Lenovo","donor_acer","acer","Acer",2022-02-27,20,0,10,0
"core_legacy","Lenovo","donor_acer","acer","Acer",2022-03-06,20,0,10,0
"core_legacy","Lenovo","donor_acer","acer","Acer",2022-03-13,20,0,10,0
"core_legacy","Lenovo","donor_acer","acer","Acer",2022-03-20,20,0,10,0
"core_legacy","Lenovo","donor_acer","acer","Acer",2022-03-27,19,0,10,0
"core_legacy","Lenovo","donor_acer","acer","Acer",2022-04-03,18,0,10,0
"core_legacy","Lenovo","donor_acer","acer","Acer",2022-04-10,19,0,10,0
"core_legacy","Lenovo","donor_acer","acer","Acer",2022-04-17,19,0,10,0
"core_legacy","Lenovo","donor_acer","acer","Acer",2022-04-24,18,0,10,0
"core_legacy","Lenovo","donor_acer","acer","Acer",2022-05-01,18,0,10,0
"core_legacy","Lenovo","donor_acer","acer","Acer",2022-05-08,18,0,10,0
"core_legacy","Lenovo","donor_acer","acer","Acer",2022-05-15,17,0,10,0
"core_legacy","Lenovo","donor_acer","acer","Acer",2022-05-22,17,0,10,0
"core_legacy","Lenovo","donor_acer","acer","Acer",2022-05-29,18,0,10,0
"core_legacy","Lenovo","donor_acer","acer","Acer",2022-06-05,18,0,10,0
"core_legacy","Lenovo","donor_acer","acer","Acer",2022-06-12,17,0,10,0
"core_legacy","Lenovo","donor_acer","acer","Acer",2022-06-19,17,0,10,0
"core_legacy","Lenovo","donor_acer","acer","Acer",2022-06-26,17,0,10,0
"core_legacy","Lenovo","donor_acer","acer","Acer",2022-07-03,17,0,10,0
"core_legacy","Lenovo","donor_acer","acer","Acer",2022-07-10,18,0,10,0
"core_legacy","Lenovo","donor_acer","acer","Acer",2022-07-17,18,0,10,0
"core_legacy","Lenovo","donor_acer","acer","Acer",2022-07-24,18,0,10,0
"core_legacy","Lenovo","donor_acer","acer","Acer",2022-07-31,18,0,10,0
"core_legacy","Lenovo","donor_acer","acer","Acer",2022-08-07,18,0,10,0
"core_legacy","Lenovo","donor_acer","acer","Acer",2022-08-14,18,0,10,0
"core_legacy","Lenovo","donor_acer","acer","Acer",2022-08-21,18,0,10,0
"core_legacy","Lenovo","donor_acer","acer","Acer",2022-08-28,18,0,10,0
"core_legacy","Lenovo","donor_acer","acer","Acer",2022-09-04,17,0,10,0
"core_legacy","Lenovo","donor_acer","acer","Acer",2022-09-11,17,0,10,0
"core_legacy","Lenovo","donor_acer","acer","Acer",2022-09-18,19,0,10,0
"core_legacy","Lenovo","donor_acer","acer","Acer",2022-09-25,18,0,10,0
"core_legacy","Lenovo","donor_acer","acer","Acer",2022-10-02,17,0,10,0
"core_legacy","Lenovo","donor_acer","acer","Acer",2022-10-09,17,0,10,0
"core_legacy","Lenovo","donor_acer","acer","Acer",2022-10-16,17,0,10,0
"core_legacy","Lenovo","donor_acer","acer","Acer",2022-10-23,16,0,10,0
"core_legacy","Lenovo","donor_acer","acer","Acer",2022-10-30,16,0,10,0
"core_legacy","Lenovo","donor_acer","acer","Acer",2022-11-06,15,0,10,0
"core_legacy","Lenovo","donor_acer","acer","Acer",2022-11-13,18,0,10,0
"core_legacy","Lenovo","donor_acer","acer","Acer",2022-11-20,20,0,10,0
"core_legacy","Lenovo","donor_acer","acer","Acer",2022-11-27,17,0,10,0
"core_legacy","Lenovo","donor_acer","acer","Acer",2022-12-04,16,0,10,0
"core_legacy","Lenovo","donor_acer","acer","Acer",2022-12-11,16,0,10,0
"core_legacy","Lenovo","donor_acer","acer","Acer",2022-12-18,16,0,10,0
"core_legacy","Lenovo","donor_acer","acer","Acer",2022-12-25,17,0,10,0
"core_legacy","Lenovo","donor_acer","acer","Acer",2023-01-01,17,0,10,0
"core_legacy","Lenovo","donor_acer","acer","Acer",2023-01-08,18,0,10,0
"core_legacy","Lenovo","donor_acer","acer","Acer",2023-01-15,17,0,10,0
"core_legacy","Lenovo","donor_acer","acer","Acer",2023-01-22,17,0,10,0
"core_legacy","Lenovo","donor_acer","acer","Acer",2023-01-29,17,0,10,0
"core_legacy","Lenovo","donor_acer","acer","Acer",2023-02-05,16,0,10,0
"core_legacy","Lenovo","donor_acer","acer","Acer",2023-02-12,16,0,10,0
"core_legacy","Lenovo","donor_acer","acer","Acer",2023-02-19,16,0,10,0
"core_legacy","Lenovo","donor_acer","acer","Acer",2023-02-26,16,0,10,0
"core_legacy","Lenovo","donor_acer","acer","Acer",2023-03-05,16,0,10,0
"core_legacy","Lenovo","donor_acer","acer","Acer",2023-03-12,16,0,10,0
"core_legacy","Lenovo","donor_acer","acer","Acer",2023-03-19,15,0,10,0
"core_legacy","Lenovo","donor_acer","acer","Acer",2023-03-26,15,0,10,0
"core_legacy","Lenovo","donor_acer","acer","Acer",2023-04-02,14,0,10,0
"core_legacy","Lenovo","donor_acer","acer","Acer",2023-04-09,15,0,10,0
"core_legacy","Lenovo","donor_acer","acer","Acer",2023-04-16,15,0,10,0
"core_legacy","Lenovo","donor_acer","acer","Acer",2023-04-23,15,0,10,0
"core_legacy","Lenovo","donor_acer","acer","Acer",2023-04-30,14,0,10,0
"core_legacy","Lenovo","donor_acer","acer","Acer",2023-05-07,16,0,10,0
"core_legacy","Lenovo","donor_acer","acer","Acer",2023-05-14,15,0,10,0
"core_legacy","Lenovo","donor_acer","acer","Acer",2023-05-21,15,0,10,0
"core_legacy","Lenovo","donor_acer","acer","Acer",2023-05-28,15,0,10,0
"core_legacy","Lenovo","donor_acer","acer","Acer",2023-06-04,15,0,10,0
"core_legacy","Lenovo","donor_acer","acer","Acer",2023-06-11,16,0,10,0
"core_legacy","Lenovo","donor_acer","acer","Acer",2023-06-18,15,0,10,0
"core_legacy","Lenovo","donor_acer","acer","Acer",2023-06-25,15,0,10,0
"core_legacy","Lenovo","donor_acer","acer","Acer",2023-07-02,15,0,10,0
"core_legacy","Lenovo","donor_acer","acer","Acer",2023-07-09,17,0,10,0
"core_legacy","Lenovo","donor_acer","acer","Acer",2023-07-16,16,0,10,0
"core_legacy","Lenovo","donor_acer","acer","Acer",2023-07-23,16,0,10,0
"core_legacy","Lenovo","donor_acer","acer","Acer",2023-07-30,16,0,10,0
"core_legacy","Lenovo","donor_acer","acer","Acer",2023-08-06,17,0,10,0
"core_legacy","Lenovo","donor_acer","acer","Acer",2023-08-13,16,0,10,0
"core_legacy","Lenovo","donor_acer","acer","Acer",2023-08-20,16,0,10,0
"core_legacy","Lenovo","donor_acer","acer","Acer",2023-08-27,17,0,10,0
"core_legacy","Lenovo","donor_acer","acer","Acer",2023-09-03,17,0,10,0
"core_legacy","Lenovo","donor_acer","acer","Acer",2023-09-10,16,0,10,0
"core_legacy","Lenovo","donor_acer","acer","Acer",2023-09-17,16,0,10,0
"core_legacy","Lenovo","donor_acer","acer","Acer",2023-09-24,17,0,10,0
"core_legacy","Lenovo","donor_acer","acer","Acer",2023-10-01,17,0,10,0
"core_legacy","Lenovo","donor_acer","acer","Acer",2023-10-08,17,0,10,0
"core_legacy","Lenovo","donor_acer","acer","Acer",2023-10-15,16,0,10,0
"core_legacy","Lenovo","donor_acer","acer","Acer",2023-10-22,16,0,10,0
"core_legacy","Lenovo","donor_acer","acer","Acer",2023-10-29,15,0,10,0
"core_legacy","Lenovo","donor_acer","acer","Acer",2023-11-05,17,0,10,0
"core_legacy","Lenovo","donor_acer","acer","Acer",2023-11-12,18,0,10,0
"core_legacy","Lenovo","donor_acer","acer","Acer",2023-11-19,20,0,10,0
"core_legacy","Lenovo","donor_acer","acer","Acer",2023-11-26,18,0,10,0
"core_legacy","Lenovo","donor_acer","acer","Acer",2023-12-03,16,0,10,0
"core_legacy","Lenovo","donor_acer","acer","Acer",2023-12-10,16,0,10,0
"core_legacy","Lenovo","donor_acer","acer","Acer",2023-12-17,16,0,10,0
"core_legacy","Lenovo","donor_acer","acer","Acer",2023-12-24,17,0,10,0
"core_legacy","Lenovo","donor_acer","acer","Acer",2023-12-31,15,0,10,0
"core_legacy","Lenovo","donor_acer","acer","Acer",2024-01-07,17,0,10,0
"core_legacy","Lenovo","donor_acer","acer","Acer",2024-01-14,16,0,10,0
"core_legacy","Lenovo","donor_acer","acer","Acer",2024-01-21,16,0,10,0
"core_legacy","Lenovo","donor_acer","acer","Acer",2024-01-28,17,0,10,0
"core_legacy","Lenovo","donor_acer","acer","Acer",2024-02-04,16,0,10,0
"core_legacy","Lenovo","donor_acer","acer","Acer",2024-02-11,16,0,10,0
"core_legacy","Lenovo","donor_acer","acer","Acer",2024-02-18,16,0,10,0
"core_legacy","Lenovo","donor_acer","acer","Acer",2024-02-25,17,0,10,0
"core_legacy","Lenovo","donor_acer","acer","Acer",2024-03-03,16,0,10,0
"core_legacy","Lenovo","donor_acer","acer","Acer",2024-03-10,16,0,10,0
"core_legacy","Lenovo","donor_acer","acer","Acer",2024-03-17,16,0,10,0
"core_legacy","Lenovo","donor_acer","acer","Acer",2024-03-24,16,0,10,0
"core_legacy","Lenovo","donor_acer","acer","Acer",2024-03-31,15,0,10,0
"core_legacy","Lenovo","donor_acer","acer","Acer",2024-04-07,15,0,10,0
"core_legacy","Lenovo","donor_acer","acer","Acer",2024-04-14,15,0,10,0
"core_legacy","Lenovo","donor_acer","acer","Acer",2024-04-21,15,0,10,0
"core_legacy","Lenovo","donor_acer","acer","Acer",2024-04-28,16,0,10,0
"core_legacy","Lenovo","donor_acer","acer","Acer",2024-05-05,16,0,10,0
"core_legacy","Lenovo","donor_acer","acer","Acer",2024-05-12,15,0,10,0
"core_legacy","Lenovo","donor_acer","acer","Acer",2024-05-19,15,0,10,0
"core_legacy","Lenovo","donor_acer","acer","Acer",2024-05-26,15,0,10,0
"core_legacy","Lenovo","donor_acer","acer","Acer",2024-06-02,15,0,10,0
"core_legacy","Lenovo","donor_acer","acer","Acer",2024-06-09,16,0,10,0
"core_legacy","Lenovo","donor_acer","acer","Acer",2024-06-16,15,0,10,0
"core_legacy","Lenovo","donor_acer","acer","Acer",2024-06-23,15,0,10,0
"core_legacy","Lenovo","donor_acer","acer","Acer",2024-06-30,15,0,10,0
"core_legacy","Lenovo","donor_acer","acer","Acer",2024-07-07,16,0,10,0
"core_legacy","Lenovo","donor_acer","acer","Acer",2024-07-14,17,0,10,0
"core_legacy","Lenovo","donor_acer","acer","Acer",2024-07-21,15,0,10,0
"core_legacy","Lenovo","donor_acer","acer","Acer",2024-07-28,16,0,10,0
"core_legacy","Lenovo","donor_acer","acer","Acer",2024-08-04,17,0,10,0
"core_legacy","Lenovo","donor_acer","acer","Acer",2024-08-11,17,0,10,0
"core_legacy","Lenovo","donor_acer","acer","Acer",2024-08-18,17,0,10,0
"core_legacy","Lenovo","donor_acer","acer","Acer",2024-08-25,19,0,10,0
"core_legacy","Lenovo","donor_acer","acer","Acer",2024-09-01,18,0,10,0
"core_legacy","Lenovo","donor_acer","acer","Acer",2024-09-08,18,0,10,0
"core_legacy","Lenovo","donor_acer","acer","Acer",2024-09-15,18,0,10,0
"core_legacy","Lenovo","donor_acer","acer","Acer",2024-09-22,18,0,10,0
"core_legacy","Lenovo","donor_acer","acer","Acer",2024-09-29,18,0,10,0
"core_legacy","Lenovo","donor_acer","acer","Acer",2024-10-06,19,0,10,0
"core_legacy","Lenovo","donor_acer","acer","Acer",2024-10-13,16,0,10,0
"core_legacy","Lenovo","donor_acer","acer","Acer",2024-10-20,17,0,10,0
"core_legacy","Lenovo","donor_acer","acer","Acer",2024-10-27,17,0,10,0
"core_legacy","Lenovo","donor_acer","acer","Acer",2024-11-03,17,0,10,0
"core_legacy","Lenovo","donor_acer","acer","Acer",2024-11-10,18,0,10,0
"core_legacy","Lenovo","donor_acer","acer","Acer",2024-11-17,18,0,10,0
"core_legacy","Lenovo","donor_acer","acer","Acer",2024-11-24,21,0,10,0
"core_legacy","Lenovo","donor_acer","acer","Acer",2024-12-01,18,0,10,0
"core_legacy","Lenovo","donor_acer","acer","Acer",2024-12-08,17,0,10,0
"core_legacy","Lenovo","donor_acer","acer","Acer",2024-12-15,17,0,10,0
"core_legacy","Lenovo","donor_acer","acer","Acer",2024-12-22,18,0,10,0
"core_legacy","Lenovo","donor_acer","acer","Acer",2024-12-29,17,0,10,0
"core_legacy","Lenovo","donor_acer","acer","Acer",2025-01-05,18,0,10,0
"core_legacy","Lenovo","donor_acer","acer","Acer",2025-01-12,16,0,10,0
"core_legacy","Lenovo","donor_acer","acer","Acer",2025-01-19,16,0,10,0
"core_legacy","Lenovo","donor_acer","acer","Acer",2025-01-26,17,0,10,0
"core_legacy","Lenovo","donor_acer","acer","Acer",2025-02-02,18,0,10,0
"core_legacy","Lenovo","donor_acer","acer","Acer",2025-02-09,17,0,10,0
"core_legacy","Lenovo","donor_acer","acer","Acer",2025-02-16,18,0,10,0
"core_legacy","Lenovo","donor_acer","acer","Acer",2025-02-23,16,0,10,0
"core_legacy","Lenovo","donor_acer","acer","Acer",2025-03-02,16,0,10,0
"core_legacy","Lenovo","donor_acer","acer","Acer",2025-03-09,16,0,10,0
"core_legacy","Lenovo","donor_acer","acer","Acer",2025-03-16,17,0,10,0
"core_legacy","Lenovo","donor_acer","acer","Acer",2025-03-23,17,0,10,0
"core_legacy","Lenovo","donor_acer","acer","Acer",2025-03-30,16,0,10,0
"core_legacy","Lenovo","donor_acer","acer","Acer",2025-04-06,17,0,10,0
"core_legacy","Lenovo","donor_acer","acer","Acer",2025-04-13,16,0,10,0
"core_legacy","Lenovo","donor_acer","acer","Acer",2025-04-20,16,0,10,0
"core_legacy","Lenovo","donor_acer","acer","Acer",2025-04-27,16,0,10,0
"core_legacy","Lenovo","donor_acer","acer","Acer",2025-05-04,18,0,10,0
"core_legacy","Lenovo","donor_acer","acer","Acer",2025-05-11,17,0,10,0
"core_legacy","Lenovo","donor_acer","acer","Acer",2025-05-18,16,0,10,0
"core_legacy","Lenovo","donor_acer","acer","Acer",2025-05-25,17,0,10,0
"core_legacy","Lenovo","donor_acer","acer","Acer",2025-06-01,17,0,10,0
"core_legacy","Lenovo","donor_acer","acer","Acer",2025-06-08,17,0,10,0
"core_legacy","Lenovo","donor_acer","acer","Acer",2025-06-15,17,0,10,0
"core_legacy","Lenovo","donor_acer","acer","Acer",2025-06-22,16,0,10,0
"core_legacy","Lenovo","donor_acer","acer","Acer",2025-06-29,16,0,10,0
"core_legacy","Lenovo","donor_acer","acer","Acer",2025-07-06,17,0,10,0
"core_legacy","Lenovo","donor_acer","acer","Acer",2025-07-13,18,0,10,0
"core_legacy","Lenovo","donor_acer","acer","Acer",2025-07-20,18,0,10,0
"core_legacy","Lenovo","donor_acer","acer","Acer",2025-07-27,20,0,10,0
"core_legacy","Lenovo","donor_acer","acer","Acer",2025-08-03,20,0,10,0
"core_legacy","Lenovo","donor_acer","acer","Acer",2025-08-10,22,0,10,0
"core_legacy","Lenovo","donor_acer","acer","Acer",2025-08-17,22,0,10,0
"core_legacy","Lenovo","donor_acer","acer","Acer",2025-08-24,24,0,10,0
"core_legacy","Lenovo","donor_acer","acer","Acer",2025-08-31,27,0,10,0
"core_legacy","Lenovo","donor_acer","acer","Acer",2025-09-07,26,0,10,0
"core_legacy","Lenovo","donor_acer","acer","Acer",2025-09-14,22,0,10,0
"core_legacy","Lenovo","donor_acer","acer","Acer",2025-09-21,26,0,10,0
"core_legacy","Lenovo","donor_acer","acer","Acer",2025-09-28,24,0,10,0
"core_legacy","Lenovo","donor_acer","acer","Acer",2025-10-05,23,0,10,0
"core_legacy","Lenovo","donor_acer","acer","Acer",2025-10-12,23,0,10,0
"core_legacy","Lenovo","donor_acer","acer","Acer",2025-10-19,24,0,10,0
"core_legacy","Lenovo","donor_acer","acer","Acer",2025-10-26,22,0,10,0
"core_legacy","Lenovo","donor_acer","acer","Acer",2025-11-02,22,0,10,0
"core_legacy","Lenovo","donor_acer","acer","Acer",2025-11-09,25,0,10,0
"core_legacy","Lenovo","donor_acer","acer","Acer",2025-11-16,23,0,10,0
"core_legacy","Lenovo","donor_acer","acer","Acer",2025-11-23,25,0,10,0
"core_legacy","Lenovo","donor_acer","acer","Acer",2025-11-30,22,0,10,0
"core_legacy","Lenovo","donor_acer","acer","Acer",2025-12-07,19,0,10,0
"core_legacy","Lenovo","donor_acer","acer","Acer",2025-12-14,18,0,10,0
"core_legacy","Lenovo","donor_acer","acer","Acer",2025-12-21,18,0,10,0
"core_legacy","Lenovo","donor_acer","acer","Acer",2025-12-28,16,0,10,0
"core_legacy","Lenovo","donor_acer","acer","Acer",2026-01-04,19,0,10,0
"core_legacy","Lenovo","donor_acer","acer","Acer",2026-01-11,18,0,10,0
"core_legacy","Lenovo","donor_acer","acer","Acer",2026-01-18,18,0,10,0
"core_legacy","Lenovo","donor_acer","acer","Acer",2026-01-25,19,0,10,0
"core_legacy","Lenovo","donor_acer","acer","Acer",2026-02-01,19,0,10,0
"core_legacy","Lenovo","donor_acer","acer","Acer",2026-02-08,19,0,10,0
"core_legacy","Lenovo","donor_acer","acer","Acer",2026-02-15,19,0,10,0
"core_legacy","Lenovo","donor_acer","acer","Acer",2026-02-22,19,0,10,0
"core_legacy","Lenovo","donor_acer","acer","Acer",2026-03-01,20,0,10,0
"core_legacy","Lenovo","donor_acer","acer","Acer",2026-03-08,21,0,10,0
"core_legacy","Lenovo","donor_acer","acer","Acer",2026-03-15,20,0,10,0
"core_legacy","Lenovo","donor_acer","acer","Acer",2026-03-22,23,0,10,0
"core_legacy","Lenovo","donor_acer","acer","Acer",2026-03-29,26,0,10,0
"core_legacy","Lenovo","donor_acer","acer","Acer",2026-04-05,27,0,10,0
"core_legacy","Lenovo","donor_acer","acer","Acer",2026-04-12,26,0,10,0
"core_legacy","Lenovo","donor_acer","acer","Acer",2026-04-19,25,0,10,0
"core_legacy","Lenovo","donor_acer","acer","Acer",2026-04-26,22,0,10,0
"core_legacy","Lenovo","donor_acer","acer","Acer",2026-05-03,26,0,10,0
"core_legacy","Lenovo","donor_acer","acer","Acer",2026-05-10,26,0,10,0
"core_legacy","Lenovo","donor_acer","acer","Acer",2026-05-17,25,0,10,0
"core_legacy","Lenovo","donor_acer","acer","Acer",2026-05-24,22,0,10,0
"core_legacy","Lenovo","donor_acer","acer","Acer",2026-05-31,24,0,10,0
"core_legacy","Lenovo","donor_acer","acer","Acer",2026-06-07,22,0,10,0
"core_legacy","Lenovo","donor_acer","acer","Acer",2026-06-14,20,0,10,0
"core_legacy","Lenovo","donor_acer","acer","Acer",2026-06-21,22,0,10,0
"core_legacy","Lenovo","donor_acer","acer","Acer",2026-06-28,18,0,10,0
"core_legacy","Lenovo","donor_acer","acer","Acer",2026-07-05,18,0,10,0
"core_legacy","Lenovo","donor_asus","asus","Asus",2021-12-26,39,0,10,0
"core_legacy","Lenovo","donor_asus","asus","Asus",2022-01-02,46,0,10,0
"core_legacy","Lenovo","donor_asus","asus","Asus",2022-01-09,46,0,10,0
"core_legacy","Lenovo","donor_asus","asus","Asus",2022-01-16,40,0,10,0
"core_legacy","Lenovo","donor_asus","asus","Asus",2022-01-23,45,0,10,0
"core_legacy","Lenovo","donor_asus","asus","Asus",2022-01-30,44,0,10,0
"core_legacy","Lenovo","donor_asus","asus","Asus",2022-02-06,44,0,10,0
"core_legacy","Lenovo","donor_asus","asus","Asus",2022-02-13,47,0,10,0
"core_legacy","Lenovo","donor_asus","asus","Asus",2022-02-20,45,0,10,0
"core_legacy","Lenovo","donor_asus","asus","Asus",2022-02-27,45,0,10,0
"core_legacy","Lenovo","donor_asus","asus","Asus",2022-03-06,43,0,10,0
"core_legacy","Lenovo","donor_asus","asus","Asus",2022-03-13,43,0,10,0
"core_legacy","Lenovo","donor_asus","asus","Asus",2022-03-20,43,0,10,0
"core_legacy","Lenovo","donor_asus","asus","Asus",2022-03-27,41,0,10,0
"core_legacy","Lenovo","donor_asus","asus","Asus",2022-04-03,39,0,10,0
"core_legacy","Lenovo","donor_asus","asus","Asus",2022-04-10,39,0,10,0
"core_legacy","Lenovo","donor_asus","asus","Asus",2022-04-17,38,0,10,0
"core_legacy","Lenovo","donor_asus","asus","Asus",2022-04-24,36,0,10,0
"core_legacy","Lenovo","donor_asus","asus","Asus",2022-05-01,36,0,10,0
"core_legacy","Lenovo","donor_asus","asus","Asus",2022-05-08,37,0,10,0
"core_legacy","Lenovo","donor_asus","asus","Asus",2022-05-15,36,0,10,0
"core_legacy","Lenovo","donor_asus","asus","Asus",2022-05-22,35,0,10,0
"core_legacy","Lenovo","donor_asus","asus","Asus",2022-05-29,35,0,10,0
"core_legacy","Lenovo","donor_asus","asus","Asus",2022-06-05,36,0,10,0
"core_legacy","Lenovo","donor_asus","asus","Asus",2022-06-12,36,0,10,0
"core_legacy","Lenovo","donor_asus","asus","Asus",2022-06-19,39,0,10,0
"core_legacy","Lenovo","donor_asus","asus","Asus",2022-06-26,37,0,10,0
"core_legacy","Lenovo","donor_asus","asus","Asus",2022-07-03,43,0,10,0
"core_legacy","Lenovo","donor_asus","asus","Asus",2022-07-10,40,0,10,0
"core_legacy","Lenovo","donor_asus","asus","Asus",2022-07-17,38,0,10,0
"core_legacy","Lenovo","donor_asus","asus","Asus",2022-07-24,40,0,10,0
"core_legacy","Lenovo","donor_asus","asus","Asus",2022-07-31,40,0,10,0
"core_legacy","Lenovo","donor_asus","asus","Asus",2022-08-07,39,0,10,0
"core_legacy","Lenovo","donor_asus","asus","Asus",2022-08-14,41,0,10,0
"core_legacy","Lenovo","donor_asus","asus","Asus",2022-08-21,39,0,10,0
"core_legacy","Lenovo","donor_asus","asus","Asus",2022-08-28,39,0,10,0
"core_legacy","Lenovo","donor_asus","asus","Asus",2022-09-04,39,0,10,0
"core_legacy","Lenovo","donor_asus","asus","Asus",2022-09-11,39,0,10,0
"core_legacy","Lenovo","donor_asus","asus","Asus",2022-09-18,43,0,10,0
"core_legacy","Lenovo","donor_asus","asus","Asus",2022-09-25,40,0,10,0
"core_legacy","Lenovo","donor_asus","asus","Asus",2022-10-02,38,0,10,0
"core_legacy","Lenovo","donor_asus","asus","Asus",2022-10-09,39,0,10,0
"core_legacy","Lenovo","donor_asus","asus","Asus",2022-10-16,39,0,10,0
"core_legacy","Lenovo","donor_asus","asus","Asus",2022-10-23,39,0,10,0
"core_legacy","Lenovo","donor_asus","asus","Asus",2022-10-30,38,0,10,0
"core_legacy","Lenovo","donor_asus","asus","Asus",2022-11-06,38,0,10,0
"core_legacy","Lenovo","donor_asus","asus","Asus",2022-11-13,42,0,10,0
"core_legacy","Lenovo","donor_asus","asus","Asus",2022-11-20,45,0,10,0
"core_legacy","Lenovo","donor_asus","asus","Asus",2022-11-27,40,0,10,0
"core_legacy","Lenovo","donor_asus","asus","Asus",2022-12-04,36,0,10,0
"core_legacy","Lenovo","donor_asus","asus","Asus",2022-12-11,39,0,10,0
"core_legacy","Lenovo","donor_asus","asus","Asus",2022-12-18,39,0,10,0
"core_legacy","Lenovo","donor_asus","asus","Asus",2022-12-25,45,0,10,0
"core_legacy","Lenovo","donor_asus","asus","Asus",2023-01-01,41,0,10,0
"core_legacy","Lenovo","donor_asus","asus","Asus",2023-01-08,41,0,10,0
"core_legacy","Lenovo","donor_asus","asus","Asus",2023-01-15,38,0,10,0
"core_legacy","Lenovo","donor_asus","asus","Asus",2023-01-22,38,0,10,0
"core_legacy","Lenovo","donor_asus","asus","Asus",2023-01-29,40,0,10,0
"core_legacy","Lenovo","donor_asus","asus","Asus",2023-02-05,38,0,10,0
"core_legacy","Lenovo","donor_asus","asus","Asus",2023-02-12,40,0,10,0
"core_legacy","Lenovo","donor_asus","asus","Asus",2023-02-19,37,0,10,0
"core_legacy","Lenovo","donor_asus","asus","Asus",2023-02-26,37,0,10,0
"core_legacy","Lenovo","donor_asus","asus","Asus",2023-03-05,37,0,10,0
"core_legacy","Lenovo","donor_asus","asus","Asus",2023-03-12,36,0,10,0
"core_legacy","Lenovo","donor_asus","asus","Asus",2023-03-19,35,0,10,0
"core_legacy","Lenovo","donor_asus","asus","Asus",2023-03-26,35,0,10,0
"core_legacy","Lenovo","donor_asus","asus","Asus",2023-04-02,35,0,10,0
"core_legacy","Lenovo","donor_asus","asus","Asus",2023-04-09,35,0,10,0
"core_legacy","Lenovo","donor_asus","asus","Asus",2023-04-16,34,0,10,0
"core_legacy","Lenovo","donor_asus","asus","Asus",2023-04-23,35,0,10,0
"core_legacy","Lenovo","donor_asus","asus","Asus",2023-04-30,33,0,10,0
"core_legacy","Lenovo","donor_asus","asus","Asus",2023-05-07,35,0,10,0
"core_legacy","Lenovo","donor_asus","asus","Asus",2023-05-14,34,0,10,0
"core_legacy","Lenovo","donor_asus","asus","Asus",2023-05-21,35,0,10,0
"core_legacy","Lenovo","donor_asus","asus","Asus",2023-05-28,35,0,10,0
"core_legacy","Lenovo","donor_asus","asus","Asus",2023-06-04,34,0,10,0
"core_legacy","Lenovo","donor_asus","asus","Asus",2023-06-11,38,0,10,0
"core_legacy","Lenovo","donor_asus","asus","Asus",2023-06-18,36,0,10,0
"core_legacy","Lenovo","donor_asus","asus","Asus",2023-06-25,38,0,10,0
"core_legacy","Lenovo","donor_asus","asus","Asus",2023-07-02,38,0,10,0
"core_legacy","Lenovo","donor_asus","asus","Asus",2023-07-09,42,0,10,0
"core_legacy","Lenovo","donor_asus","asus","Asus",2023-07-16,39,0,10,0
"core_legacy","Lenovo","donor_asus","asus","Asus",2023-07-23,38,0,10,0
"core_legacy","Lenovo","donor_asus","asus","Asus",2023-07-30,39,0,10,0
"core_legacy","Lenovo","donor_asus","asus","Asus",2023-08-06,40,0,10,0
"core_legacy","Lenovo","donor_asus","asus","Asus",2023-08-13,38,0,10,0
"core_legacy","Lenovo","donor_asus","asus","Asus",2023-08-20,37,0,10,0
"core_legacy","Lenovo","donor_asus","asus","Asus",2023-08-27,40,0,10,0
"core_legacy","Lenovo","donor_asus","asus","Asus",2023-09-03,40,0,10,0
"core_legacy","Lenovo","donor_asus","asus","Asus",2023-09-10,36,0,10,0
"core_legacy","Lenovo","donor_asus","asus","Asus",2023-09-17,39,0,10,0
"core_legacy","Lenovo","donor_asus","asus","Asus",2023-09-24,37,0,10,0
"core_legacy","Lenovo","donor_asus","asus","Asus",2023-10-01,38,0,10,0
"core_legacy","Lenovo","donor_asus","asus","Asus",2023-10-08,37,0,10,0
"core_legacy","Lenovo","donor_asus","asus","Asus",2023-10-15,34,0,10,0
"core_legacy","Lenovo","donor_asus","asus","Asus",2023-10-22,36,0,10,0
"core_legacy","Lenovo","donor_asus","asus","Asus",2023-10-29,36,0,10,0
"core_legacy","Lenovo","donor_asus","asus","Asus",2023-11-05,39,0,10,0
"core_legacy","Lenovo","donor_asus","asus","Asus",2023-11-12,40,0,10,0
"core_legacy","Lenovo","donor_asus","asus","Asus",2023-11-19,45,0,10,0
"core_legacy","Lenovo","donor_asus","asus","Asus",2023-11-26,41,0,10,0
"core_legacy","Lenovo","donor_asus","asus","Asus",2023-12-03,40,0,10,0
"core_legacy","Lenovo","donor_asus","asus","Asus",2023-12-10,38,0,10,0
"core_legacy","Lenovo","donor_asus","asus","Asus",2023-12-17,39,0,10,0
"core_legacy","Lenovo","donor_asus","asus","Asus",2023-12-24,44,0,10,0
"core_legacy","Lenovo","donor_asus","asus","Asus",2023-12-31,40,0,10,0
"core_legacy","Lenovo","donor_asus","asus","Asus",2024-01-07,41,0,10,0
"core_legacy","Lenovo","donor_asus","asus","Asus",2024-01-14,40,0,10,0
"core_legacy","Lenovo","donor_asus","asus","Asus",2024-01-21,38,0,10,0
"core_legacy","Lenovo","donor_asus","asus","Asus",2024-01-28,42,0,10,0
"core_legacy","Lenovo","donor_asus","asus","Asus",2024-02-04,38,0,10,0
"core_legacy","Lenovo","donor_asus","asus","Asus",2024-02-11,38,0,10,0
"core_legacy","Lenovo","donor_asus","asus","Asus",2024-02-18,38,0,10,0
"core_legacy","Lenovo","donor_asus","asus","Asus",2024-02-25,39,0,10,0
"core_legacy","Lenovo","donor_asus","asus","Asus",2024-03-03,37,0,10,0
"core_legacy","Lenovo","donor_asus","asus","Asus",2024-03-10,37,0,10,0
"core_legacy","Lenovo","donor_asus","asus","Asus",2024-03-17,36,0,10,0
"core_legacy","Lenovo","donor_asus","asus","Asus",2024-03-24,38,0,10,0
"core_legacy","Lenovo","donor_asus","asus","Asus",2024-03-31,35,0,10,0
"core_legacy","Lenovo","donor_asus","asus","Asus",2024-04-07,35,0,10,0
"core_legacy","Lenovo","donor_asus","asus","Asus",2024-04-14,32,0,10,0
"core_legacy","Lenovo","donor_asus","asus","Asus",2024-04-21,34,0,10,0
"core_legacy","Lenovo","donor_asus","asus","Asus",2024-04-28,32,0,10,0
"core_legacy","Lenovo","donor_asus","asus","Asus",2024-05-05,34,0,10,0
"core_legacy","Lenovo","donor_asus","asus","Asus",2024-05-12,33,0,10,0
"core_legacy","Lenovo","donor_asus","asus","Asus",2024-05-19,34,0,10,0
"core_legacy","Lenovo","donor_asus","asus","Asus",2024-05-26,34,0,10,0
"core_legacy","Lenovo","donor_asus","asus","Asus",2024-06-02,35,0,10,0
"core_legacy","Lenovo","donor_asus","asus","Asus",2024-06-09,36,0,10,0
"core_legacy","Lenovo","donor_asus","asus","Asus",2024-06-16,35,0,10,0
"core_legacy","Lenovo","donor_asus","asus","Asus",2024-06-23,35,0,10,0
"core_legacy","Lenovo","donor_asus","asus","Asus",2024-06-30,35,0,10,0
"core_legacy","Lenovo","donor_asus","asus","Asus",2024-07-07,35,0,10,0
"core_legacy","Lenovo","donor_asus","asus","Asus",2024-07-14,40,0,10,0
"core_legacy","Lenovo","donor_asus","asus","Asus",2024-07-21,36,0,10,0
"core_legacy","Lenovo","donor_asus","asus","Asus",2024-07-28,36,0,10,0
"core_legacy","Lenovo","donor_asus","asus","Asus",2024-08-04,38,0,10,0
"core_legacy","Lenovo","donor_asus","asus","Asus",2024-08-11,40,0,10,0
"core_legacy","Lenovo","donor_asus","asus","Asus",2024-08-18,39,0,10,0
"core_legacy","Lenovo","donor_asus","asus","Asus",2024-08-25,40,0,10,0
"core_legacy","Lenovo","donor_asus","asus","Asus",2024-09-01,42,0,10,0
"core_legacy","Lenovo","donor_asus","asus","Asus",2024-09-08,39,0,10,0
"core_legacy","Lenovo","donor_asus","asus","Asus",2024-09-15,38,0,10,0
"core_legacy","Lenovo","donor_asus","asus","Asus",2024-09-22,41,0,10,0
"core_legacy","Lenovo","donor_asus","asus","Asus",2024-09-29,39,0,10,0
"core_legacy","Lenovo","donor_asus","asus","Asus",2024-10-06,41,0,10,0
"core_legacy","Lenovo","donor_asus","asus","Asus",2024-10-13,38,0,10,0
"core_legacy","Lenovo","donor_asus","asus","Asus",2024-10-20,35,0,10,0
"core_legacy","Lenovo","donor_asus","asus","Asus",2024-10-27,38,0,10,0
"core_legacy","Lenovo","donor_asus","asus","Asus",2024-11-03,38,0,10,0
"core_legacy","Lenovo","donor_asus","asus","Asus",2024-11-10,40,0,10,0
"core_legacy","Lenovo","donor_asus","asus","Asus",2024-11-17,44,0,10,0
"core_legacy","Lenovo","donor_asus","asus","Asus",2024-11-24,48,0,10,0
"core_legacy","Lenovo","donor_asus","asus","Asus",2024-12-01,39,0,10,0
"core_legacy","Lenovo","donor_asus","asus","Asus",2024-12-08,42,0,10,0
"core_legacy","Lenovo","donor_asus","asus","Asus",2024-12-15,41,0,10,0
"core_legacy","Lenovo","donor_asus","asus","Asus",2024-12-22,46,0,10,0
"core_legacy","Lenovo","donor_asus","asus","Asus",2024-12-29,43,0,10,0
"core_legacy","Lenovo","donor_asus","asus","Asus",2025-01-05,44,0,10,0
"core_legacy","Lenovo","donor_asus","asus","Asus",2025-01-12,41,0,10,0
"core_legacy","Lenovo","donor_asus","asus","Asus",2025-01-19,38,0,10,0
"core_legacy","Lenovo","donor_asus","asus","Asus",2025-01-26,40,0,10,0
"core_legacy","Lenovo","donor_asus","asus","Asus",2025-02-02,41,0,10,0
"core_legacy","Lenovo","donor_asus","asus","Asus",2025-02-09,41,0,10,0
"core_legacy","Lenovo","donor_asus","asus","Asus",2025-02-16,43,0,10,0
"core_legacy","Lenovo","donor_asus","asus","Asus",2025-02-23,40,0,10,0
"core_legacy","Lenovo","donor_asus","asus","Asus",2025-03-02,39,0,10,0
"core_legacy","Lenovo","donor_asus","asus","Asus",2025-03-09,42,0,10,0
"core_legacy","Lenovo","donor_asus","asus","Asus",2025-03-16,41,0,10,0
"core_legacy","Lenovo","donor_asus","asus","Asus",2025-03-23,39,0,10,0
"core_legacy","Lenovo","donor_asus","asus","Asus",2025-03-30,39,0,10,0
"core_legacy","Lenovo","donor_asus","asus","Asus",2025-04-06,38,0,10,0
"core_legacy","Lenovo","donor_asus","asus","Asus",2025-04-13,37,0,10,0
"core_legacy","Lenovo","donor_asus","asus","Asus",2025-04-20,36,0,10,0
"core_legacy","Lenovo","donor_asus","asus","Asus",2025-04-27,37,0,10,0
"core_legacy","Lenovo","donor_asus","asus","Asus",2025-05-04,35,0,10,0
"core_legacy","Lenovo","donor_asus","asus","Asus",2025-05-11,38,0,10,0
"core_legacy","Lenovo","donor_asus","asus","Asus",2025-05-18,38,0,10,0
"core_legacy","Lenovo","donor_asus","asus","Asus",2025-05-25,38,0,10,0
"core_legacy","Lenovo","donor_asus","asus","Asus",2025-06-01,37,0,10,0
"core_legacy","Lenovo","donor_asus","asus","Asus",2025-06-08,40,0,10,0
"core_legacy","Lenovo","donor_asus","asus","Asus",2025-06-15,39,0,10,0
"core_legacy","Lenovo","donor_asus","asus","Asus",2025-06-22,36,0,10,0
"core_legacy","Lenovo","donor_asus","asus","Asus",2025-06-29,37,0,10,0
"core_legacy","Lenovo","donor_asus","asus","Asus",2025-07-06,39,0,10,0
"core_legacy","Lenovo","donor_asus","asus","Asus",2025-07-13,47,0,10,0
"core_legacy","Lenovo","donor_asus","asus","Asus",2025-07-20,42,0,10,0
"core_legacy","Lenovo","donor_asus","asus","Asus",2025-07-27,45,0,10,0
"core_legacy","Lenovo","donor_asus","asus","Asus",2025-08-03,53,0,10,0
"core_legacy","Lenovo","donor_asus","asus","Asus",2025-08-10,57,0,10,0
"core_legacy","Lenovo","donor_asus","asus","Asus",2025-08-17,57,0,10,0
"core_legacy","Lenovo","donor_asus","asus","Asus",2025-08-24,60,0,10,0
"core_legacy","Lenovo","donor_asus","asus","Asus",2025-08-31,66,0,10,0
"core_legacy","Lenovo","donor_asus","asus","Asus",2025-09-07,62,0,10,0
"core_legacy","Lenovo","donor_asus","asus","Asus",2025-09-14,56,0,10,0
"core_legacy","Lenovo","donor_asus","asus","Asus",2025-09-21,63,0,10,0
"core_legacy","Lenovo","donor_asus","asus","Asus",2025-09-28,58,0,10,0
"core_legacy","Lenovo","donor_asus","asus","Asus",2025-10-05,56,0,10,0
"core_legacy","Lenovo","donor_asus","asus","Asus",2025-10-12,56,0,10,0
"core_legacy","Lenovo","donor_asus","asus","Asus",2025-10-19,58,0,10,0
"core_legacy","Lenovo","donor_asus","asus","Asus",2025-10-26,55,0,10,0
"core_legacy","Lenovo","donor_asus","asus","Asus",2025-11-02,54,0,10,0
"core_legacy","Lenovo","donor_asus","asus","Asus",2025-11-09,58,0,10,0
"core_legacy","Lenovo","donor_asus","asus","Asus",2025-11-16,59,0,10,0
"core_legacy","Lenovo","donor_asus","asus","Asus",2025-11-23,62,0,10,0
"core_legacy","Lenovo","donor_asus","asus","Asus",2025-11-30,54,0,10,0
"core_legacy","Lenovo","donor_asus","asus","Asus",2025-12-07,49,0,10,0
"core_legacy","Lenovo","donor_asus","asus","Asus",2025-12-14,50,0,10,0
"core_legacy","Lenovo","donor_asus","asus","Asus",2025-12-21,48,0,10,0
"core_legacy","Lenovo","donor_asus","asus","Asus",2025-12-28,45,0,10,0
"core_legacy","Lenovo","donor_asus","asus","Asus",2026-01-04,47,0,10,0
"core_legacy","Lenovo","donor_asus","asus","Asus",2026-01-11,45,0,10,0
"core_legacy","Lenovo","donor_asus","asus","Asus",2026-01-18,45,0,10,0
"core_legacy","Lenovo","donor_asus","asus","Asus",2026-01-25,45,0,10,0
"core_legacy","Lenovo","donor_asus","asus","Asus",2026-02-01,42,0,10,0
"core_legacy","Lenovo","donor_asus","asus","Asus",2026-02-08,41,0,10,0
"core_legacy","Lenovo","donor_asus","asus","Asus",2026-02-15,41,0,10,0
"core_legacy","Lenovo","donor_asus","asus","Asus",2026-02-22,42,0,10,0
"core_legacy","Lenovo","donor_asus","asus","Asus",2026-03-01,44,0,10,0
"core_legacy","Lenovo","donor_asus","asus","Asus",2026-03-08,47,0,10,0
"core_legacy","Lenovo","donor_asus","asus","Asus",2026-03-15,44,0,10,0
"core_legacy","Lenovo","donor_asus","asus","Asus",2026-03-22,63,0,10,0
"core_legacy","Lenovo","donor_asus","asus","Asus",2026-03-29,75,0,10,0
"core_legacy","Lenovo","donor_asus","asus","Asus",2026-04-05,80,0,10,0
"core_legacy","Lenovo","donor_asus","asus","Asus",2026-04-12,78,0,10,0
"core_legacy","Lenovo","donor_asus","asus","Asus",2026-04-19,73,0,10,0
"core_legacy","Lenovo","donor_asus","asus","Asus",2026-04-26,70,0,10,0
"core_legacy","Lenovo","donor_asus","asus","Asus",2026-05-03,84,0,10,0
"core_legacy","Lenovo","donor_asus","asus","Asus",2026-05-10,83,0,10,0
"core_legacy","Lenovo","donor_asus","asus","Asus",2026-05-17,66,0,10,0
"core_legacy","Lenovo","donor_asus","asus","Asus",2026-05-24,61,0,10,0
"core_legacy","Lenovo","donor_asus","asus","Asus",2026-05-31,63.7,0.4830458915396487,10,0
"core_legacy","Lenovo","donor_asus","asus","Asus",2026-06-07,54,0,10,0
"core_legacy","Lenovo","donor_asus","asus","Asus",2026-06-14,51,0,10,0
"core_legacy","Lenovo","donor_asus","asus","Asus",2026-06-21,56,0,10,0
"core_legacy","Lenovo","donor_asus","asus","Asus",2026-06-28,43,0,10,0
"core_legacy","Lenovo","donor_asus","asus","Asus",2026-07-05,40,0,10,0
"core_legacy","Lenovo","donor_dell","dell","Dell",2021-12-26,39,0,10,0
"core_legacy","Lenovo","donor_dell","dell","Dell",2022-01-02,49,0,10,0
"core_legacy","Lenovo","donor_dell","dell","Dell",2022-01-09,51,0,10,0
"core_legacy","Lenovo","donor_dell","dell","Dell",2022-01-16,48,0,10,0
"core_legacy","Lenovo","donor_dell","dell","Dell",2022-01-23,50,0,10,0
"core_legacy","Lenovo","donor_dell","dell","Dell",2022-01-30,51,0,10,0
"core_legacy","Lenovo","donor_dell","dell","Dell",2022-02-06,51,0,10,0
"core_legacy","Lenovo","donor_dell","dell","Dell",2022-02-13,52,0,10,0
"core_legacy","Lenovo","donor_dell","dell","Dell",2022-02-20,52,0,10,0
"core_legacy","Lenovo","donor_dell","dell","Dell",2022-02-27,49,0,10,0
"core_legacy","Lenovo","donor_dell","dell","Dell",2022-03-06,50,0,10,0
"core_legacy","Lenovo","donor_dell","dell","Dell",2022-03-13,49,0,10,0
"core_legacy","Lenovo","donor_dell","dell","Dell",2022-03-20,53,0,10,0
"core_legacy","Lenovo","donor_dell","dell","Dell",2022-03-27,48,0,10,0
"core_legacy","Lenovo","donor_dell","dell","Dell",2022-04-03,47,0,10,0
"core_legacy","Lenovo","donor_dell","dell","Dell",2022-04-10,45,0,10,0
"core_legacy","Lenovo","donor_dell","dell","Dell",2022-04-17,44,0,10,0
"core_legacy","Lenovo","donor_dell","dell","Dell",2022-04-24,44,0,10,0
"core_legacy","Lenovo","donor_dell","dell","Dell",2022-05-01,45,0,10,0
"core_legacy","Lenovo","donor_dell","dell","Dell",2022-05-08,45,0,10,0
"core_legacy","Lenovo","donor_dell","dell","Dell",2022-05-15,44,0,10,0
"core_legacy","Lenovo","donor_dell","dell","Dell",2022-05-22,42,0,10,0
"core_legacy","Lenovo","donor_dell","dell","Dell",2022-05-29,45,0,10,0
"core_legacy","Lenovo","donor_dell","dell","Dell",2022-06-05,45,0,10,0
"core_legacy","Lenovo","donor_dell","dell","Dell",2022-06-12,45,0,10,0
"core_legacy","Lenovo","donor_dell","dell","Dell",2022-06-19,46,0,10,0
"core_legacy","Lenovo","donor_dell","dell","Dell",2022-06-26,43,0,10,0
"core_legacy","Lenovo","donor_dell","dell","Dell",2022-07-03,45,0,10,0
"core_legacy","Lenovo","donor_dell","dell","Dell",2022-07-10,46,0,10,0
"core_legacy","Lenovo","donor_dell","dell","Dell",2022-07-17,44,0,10,0
"core_legacy","Lenovo","donor_dell","dell","Dell",2022-07-24,47,0,10,0
"core_legacy","Lenovo","donor_dell","dell","Dell",2022-07-31,46,0,10,0
"core_legacy","Lenovo","donor_dell","dell","Dell",2022-08-07,44,0,10,0
"core_legacy","Lenovo","donor_dell","dell","Dell",2022-08-14,48,0,10,0
"core_legacy","Lenovo","donor_dell","dell","Dell",2022-08-21,46,0,10,0
"core_legacy","Lenovo","donor_dell","dell","Dell",2022-08-28,43,0,10,0
"core_legacy","Lenovo","donor_dell","dell","Dell",2022-09-04,42,0,10,0
"core_legacy","Lenovo","donor_dell","dell","Dell",2022-09-11,45,0,10,0
"core_legacy","Lenovo","donor_dell","dell","Dell",2022-09-18,45,0,10,0
"core_legacy","Lenovo","donor_dell","dell","Dell",2022-09-25,43,0,10,0
"core_legacy","Lenovo","donor_dell","dell","Dell",2022-10-02,41,0,10,0
"core_legacy","Lenovo","donor_dell","dell","Dell",2022-10-09,46,0,10,0
"core_legacy","Lenovo","donor_dell","dell","Dell",2022-10-16,43,0,10,0
"core_legacy","Lenovo","donor_dell","dell","Dell",2022-10-23,40,0,10,0
"core_legacy","Lenovo","donor_dell","dell","Dell",2022-10-30,41,0,10,0
"core_legacy","Lenovo","donor_dell","dell","Dell",2022-11-06,43,0,10,0
"core_legacy","Lenovo","donor_dell","dell","Dell",2022-11-13,46,0,10,0
"core_legacy","Lenovo","donor_dell","dell","Dell",2022-11-20,48,0,10,0
"core_legacy","Lenovo","donor_dell","dell","Dell",2022-11-27,43,0,10,0
"core_legacy","Lenovo","donor_dell","dell","Dell",2022-12-04,42,0,10,0
"core_legacy","Lenovo","donor_dell","dell","Dell",2022-12-11,42,0,10,0
"core_legacy","Lenovo","donor_dell","dell","Dell",2022-12-18,40,0,10,0
"core_legacy","Lenovo","donor_dell","dell","Dell",2022-12-25,39,0,10,0
"core_legacy","Lenovo","donor_dell","dell","Dell",2023-01-01,41,0,10,0
"core_legacy","Lenovo","donor_dell","dell","Dell",2023-01-08,42,0,10,0
"core_legacy","Lenovo","donor_dell","dell","Dell",2023-01-15,41,0,10,0
"core_legacy","Lenovo","donor_dell","dell","Dell",2023-01-22,42,0,10,0
"core_legacy","Lenovo","donor_dell","dell","Dell",2023-01-29,45,0,10,0
"core_legacy","Lenovo","donor_dell","dell","Dell",2023-02-05,42,0,10,0
"core_legacy","Lenovo","donor_dell","dell","Dell",2023-02-12,42,0,10,0
"core_legacy","Lenovo","donor_dell","dell","Dell",2023-02-19,42,0,10,0
"core_legacy","Lenovo","donor_dell","dell","Dell",2023-02-26,43,0,10,0
"core_legacy","Lenovo","donor_dell","dell","Dell",2023-03-05,42,0,10,0
"core_legacy","Lenovo","donor_dell","dell","Dell",2023-03-12,43,0,10,0
"core_legacy","Lenovo","donor_dell","dell","Dell",2023-03-19,49,0,10,0
"core_legacy","Lenovo","donor_dell","dell","Dell",2023-03-26,47,0,10,0
"core_legacy","Lenovo","donor_dell","dell","Dell",2023-04-02,40,0,10,0
"core_legacy","Lenovo","donor_dell","dell","Dell",2023-04-09,39,0,10,0
"core_legacy","Lenovo","donor_dell","dell","Dell",2023-04-16,39,0,10,0
"core_legacy","Lenovo","donor_dell","dell","Dell",2023-04-23,39,0,10,0
"core_legacy","Lenovo","donor_dell","dell","Dell",2023-04-30,40,0,10,0
"core_legacy","Lenovo","donor_dell","dell","Dell",2023-05-07,39,0,10,0
"core_legacy","Lenovo","donor_dell","dell","Dell",2023-05-14,37,0,10,0
"core_legacy","Lenovo","donor_dell","dell","Dell",2023-05-21,38,0,10,0
"core_legacy","Lenovo","donor_dell","dell","Dell",2023-05-28,39,0,10,0
"core_legacy","Lenovo","donor_dell","dell","Dell",2023-06-04,40,0,10,0
"core_legacy","Lenovo","donor_dell","dell","Dell",2023-06-11,40,0,10,0
"core_legacy","Lenovo","donor_dell","dell","Dell",2023-06-18,41,0,10,0
"core_legacy","Lenovo","donor_dell","dell","Dell",2023-06-25,40,0,10,0
"core_legacy","Lenovo","donor_dell","dell","Dell",2023-07-02,40,0,10,0
"core_legacy","Lenovo","donor_dell","dell","Dell",2023-07-09,44,0,10,0
"core_legacy","Lenovo","donor_dell","dell","Dell",2023-07-16,41,0,10,0
"core_legacy","Lenovo","donor_dell","dell","Dell",2023-07-23,42,0,10,0
"core_legacy","Lenovo","donor_dell","dell","Dell",2023-07-30,42,0,10,0
"core_legacy","Lenovo","donor_dell","dell","Dell",2023-08-06,45,0,10,0
"core_legacy","Lenovo","donor_dell","dell","Dell",2023-08-13,42,0,10,0
"core_legacy","Lenovo","donor_dell","dell","Dell",2023-08-20,41,0,10,0
"core_legacy","Lenovo","donor_dell","dell","Dell",2023-08-27,43,0,10,0
"core_legacy","Lenovo","donor_dell","dell","Dell",2023-09-03,44,0,10,0
"core_legacy","Lenovo","donor_dell","dell","Dell",2023-09-10,42,0,10,0
"core_legacy","Lenovo","donor_dell","dell","Dell",2023-09-17,44,0,10,0
"core_legacy","Lenovo","donor_dell","dell","Dell",2023-09-24,43,0,10,0
"core_legacy","Lenovo","donor_dell","dell","Dell",2023-10-01,42,0,10,0
"core_legacy","Lenovo","donor_dell","dell","Dell",2023-10-08,44,0,10,0
"core_legacy","Lenovo","donor_dell","dell","Dell",2023-10-15,42,0,10,0
"core_legacy","Lenovo","donor_dell","dell","Dell",2023-10-22,42,0,10,0
"core_legacy","Lenovo","donor_dell","dell","Dell",2023-10-29,43,0,10,0
"core_legacy","Lenovo","donor_dell","dell","Dell",2023-11-05,42,0,10,0
"core_legacy","Lenovo","donor_dell","dell","Dell",2023-11-12,43,0,10,0
"core_legacy","Lenovo","donor_dell","dell","Dell",2023-11-19,45,0,10,0
"core_legacy","Lenovo","donor_dell","dell","Dell",2023-11-26,47,0,10,0
"core_legacy","Lenovo","donor_dell","dell","Dell",2023-12-03,40,0,10,0
"core_legacy","Lenovo","donor_dell","dell","Dell",2023-12-10,40,0,10,0
"core_legacy","Lenovo","donor_dell","dell","Dell",2023-12-17,39,0,10,0
"core_legacy","Lenovo","donor_dell","dell","Dell",2023-12-24,35,0,10,0
"core_legacy","Lenovo","donor_dell","dell","Dell",2023-12-31,38,0,10,0
"core_legacy","Lenovo","donor_dell","dell","Dell",2024-01-07,42,0,10,0
"core_legacy","Lenovo","donor_dell","dell","Dell",2024-01-14,41,0,10,0
"core_legacy","Lenovo","donor_dell","dell","Dell",2024-01-21,42,0,10,0
"core_legacy","Lenovo","donor_dell","dell","Dell",2024-01-28,45,0,10,0
"core_legacy","Lenovo","donor_dell","dell","Dell",2024-02-04,44,0,10,0
"core_legacy","Lenovo","donor_dell","dell","Dell",2024-02-11,43,0,10,0
"core_legacy","Lenovo","donor_dell","dell","Dell",2024-02-18,45,0,10,0
"core_legacy","Lenovo","donor_dell","dell","Dell",2024-02-25,45,0,10,0
"core_legacy","Lenovo","donor_dell","dell","Dell",2024-03-03,44,0,10,0
"core_legacy","Lenovo","donor_dell","dell","Dell",2024-03-10,45,0,10,0
"core_legacy","Lenovo","donor_dell","dell","Dell",2024-03-17,45,0,10,0
"core_legacy","Lenovo","donor_dell","dell","Dell",2024-03-24,41,0,10,0
"core_legacy","Lenovo","donor_dell","dell","Dell",2024-03-31,42,0,10,0
"core_legacy","Lenovo","donor_dell","dell","Dell",2024-04-07,39,0,10,0
"core_legacy","Lenovo","donor_dell","dell","Dell",2024-04-14,40,0,10,0
"core_legacy","Lenovo","donor_dell","dell","Dell",2024-04-21,42,0,10,0
"core_legacy","Lenovo","donor_dell","dell","Dell",2024-04-28,41,0,10,0
"core_legacy","Lenovo","donor_dell","dell","Dell",2024-05-05,40,0,10,0
"core_legacy","Lenovo","donor_dell","dell","Dell",2024-05-12,41,0,10,0
"core_legacy","Lenovo","donor_dell","dell","Dell",2024-05-19,41,0,10,0
"core_legacy","Lenovo","donor_dell","dell","Dell",2024-05-26,42,0,10,0
"core_legacy","Lenovo","donor_dell","dell","Dell",2024-06-02,42,0,10,0
"core_legacy","Lenovo","donor_dell","dell","Dell",2024-06-09,43,0,10,0
"core_legacy","Lenovo","donor_dell","dell","Dell",2024-06-16,40,0,10,0
"core_legacy","Lenovo","donor_dell","dell","Dell",2024-06-23,41,0,10,0
"core_legacy","Lenovo","donor_dell","dell","Dell",2024-06-30,39,0,10,0
"core_legacy","Lenovo","donor_dell","dell","Dell",2024-07-07,43,0,10,0
"core_legacy","Lenovo","donor_dell","dell","Dell",2024-07-14,44,0,10,0
"core_legacy","Lenovo","donor_dell","dell","Dell",2024-07-21,43,0,10,0
"core_legacy","Lenovo","donor_dell","dell","Dell",2024-07-28,44,0,10,0
"core_legacy","Lenovo","donor_dell","dell","Dell",2024-08-04,45,0,10,0
"core_legacy","Lenovo","donor_dell","dell","Dell",2024-08-11,45,0,10,0
"core_legacy","Lenovo","donor_dell","dell","Dell",2024-08-18,46,0,10,0
"core_legacy","Lenovo","donor_dell","dell","Dell",2024-08-25,47,0,10,0
"core_legacy","Lenovo","donor_dell","dell","Dell",2024-09-01,49,0,10,0
"core_legacy","Lenovo","donor_dell","dell","Dell",2024-09-08,47,0,10,0
"core_legacy","Lenovo","donor_dell","dell","Dell",2024-09-15,46,0,10,0
"core_legacy","Lenovo","donor_dell","dell","Dell",2024-09-22,45,0,10,0
"core_legacy","Lenovo","donor_dell","dell","Dell",2024-09-29,45,0,10,0
"core_legacy","Lenovo","donor_dell","dell","Dell",2024-10-06,46,0,10,0
"core_legacy","Lenovo","donor_dell","dell","Dell",2024-10-13,42,0,10,0
"core_legacy","Lenovo","donor_dell","dell","Dell",2024-10-20,43,0,10,0
"core_legacy","Lenovo","donor_dell","dell","Dell",2024-10-27,41,0,10,0
"core_legacy","Lenovo","donor_dell","dell","Dell",2024-11-03,42,0,10,0
"core_legacy","Lenovo","donor_dell","dell","Dell",2024-11-10,46,0,10,0
"core_legacy","Lenovo","donor_dell","dell","Dell",2024-11-17,47,0,10,0
"core_legacy","Lenovo","donor_dell","dell","Dell",2024-11-24,51,0,10,0
"core_legacy","Lenovo","donor_dell","dell","Dell",2024-12-01,48,0,10,0
"core_legacy","Lenovo","donor_dell","dell","Dell",2024-12-08,47,0,10,0
"core_legacy","Lenovo","donor_dell","dell","Dell",2024-12-15,47,0,10,0
"core_legacy","Lenovo","donor_dell","dell","Dell",2024-12-22,46,0,10,0
"core_legacy","Lenovo","donor_dell","dell","Dell",2024-12-29,39,0,10,0
"core_legacy","Lenovo","donor_dell","dell","Dell",2025-01-05,47,0,10,0
"core_legacy","Lenovo","donor_dell","dell","Dell",2025-01-12,48,0,10,0
"core_legacy","Lenovo","donor_dell","dell","Dell",2025-01-19,46,0,10,0
"core_legacy","Lenovo","donor_dell","dell","Dell",2025-01-26,44,0,10,0
"core_legacy","Lenovo","donor_dell","dell","Dell",2025-02-02,47,0,10,0
"core_legacy","Lenovo","donor_dell","dell","Dell",2025-02-09,43,0,10,0
"core_legacy","Lenovo","donor_dell","dell","Dell",2025-02-16,44,0,10,0
"core_legacy","Lenovo","donor_dell","dell","Dell",2025-02-23,41,0,10,0
"core_legacy","Lenovo","donor_dell","dell","Dell",2025-03-02,44,0,10,0
"core_legacy","Lenovo","donor_dell","dell","Dell",2025-03-09,43,0,10,0
"core_legacy","Lenovo","donor_dell","dell","Dell",2025-03-16,46,0,10,0
"core_legacy","Lenovo","donor_dell","dell","Dell",2025-03-23,43,0,10,0
"core_legacy","Lenovo","donor_dell","dell","Dell",2025-03-30,44,0,10,0
"core_legacy","Lenovo","donor_dell","dell","Dell",2025-04-06,44,0,10,0
"core_legacy","Lenovo","donor_dell","dell","Dell",2025-04-13,43,0,10,0
"core_legacy","Lenovo","donor_dell","dell","Dell",2025-04-20,42,0,10,0
"core_legacy","Lenovo","donor_dell","dell","Dell",2025-04-27,40,0,10,0
"core_legacy","Lenovo","donor_dell","dell","Dell",2025-05-04,43,0,10,0
"core_legacy","Lenovo","donor_dell","dell","Dell",2025-05-11,43,0,10,0
"core_legacy","Lenovo","donor_dell","dell","Dell",2025-05-18,45,0,10,0
"core_legacy","Lenovo","donor_dell","dell","Dell",2025-05-25,41,0,10,0
"core_legacy","Lenovo","donor_dell","dell","Dell",2025-06-01,44,0,10,0
"core_legacy","Lenovo","donor_dell","dell","Dell",2025-06-08,43,0,10,0
"core_legacy","Lenovo","donor_dell","dell","Dell",2025-06-15,43,0,10,0
"core_legacy","Lenovo","donor_dell","dell","Dell",2025-06-22,44,0,10,0
"core_legacy","Lenovo","donor_dell","dell","Dell",2025-06-29,43,0,10,0
"core_legacy","Lenovo","donor_dell","dell","Dell",2025-07-06,46,0,10,0
"core_legacy","Lenovo","donor_dell","dell","Dell",2025-07-13,48,0,10,0
"core_legacy","Lenovo","donor_dell","dell","Dell",2025-07-20,47,0,10,0
"core_legacy","Lenovo","donor_dell","dell","Dell",2025-07-27,50,0,10,0
"core_legacy","Lenovo","donor_dell","dell","Dell",2025-08-03,53,0,10,0
"core_legacy","Lenovo","donor_dell","dell","Dell",2025-08-10,56,0,10,0
"core_legacy","Lenovo","donor_dell","dell","Dell",2025-08-17,56,0,10,0
"core_legacy","Lenovo","donor_dell","dell","Dell",2025-08-24,61,0,10,0
"core_legacy","Lenovo","donor_dell","dell","Dell",2025-08-31,63,0,10,0
"core_legacy","Lenovo","donor_dell","dell","Dell",2025-09-07,62,0,10,0
"core_legacy","Lenovo","donor_dell","dell","Dell",2025-09-14,57,0,10,0
"core_legacy","Lenovo","donor_dell","dell","Dell",2025-09-21,60,0,10,0
"core_legacy","Lenovo","donor_dell","dell","Dell",2025-09-28,58,0,10,0
"core_legacy","Lenovo","donor_dell","dell","Dell",2025-10-05,57,0,10,0
"core_legacy","Lenovo","donor_dell","dell","Dell",2025-10-12,57,0,10,0
"core_legacy","Lenovo","donor_dell","dell","Dell",2025-10-19,54,0,10,0
"core_legacy","Lenovo","donor_dell","dell","Dell",2025-10-26,52,0,10,0
"core_legacy","Lenovo","donor_dell","dell","Dell",2025-11-02,55,0,10,0
"core_legacy","Lenovo","donor_dell","dell","Dell",2025-11-09,57,0,10,0
"core_legacy","Lenovo","donor_dell","dell","Dell",2025-11-16,62,0,10,0
"core_legacy","Lenovo","donor_dell","dell","Dell",2025-11-23,61,0,10,0
"core_legacy","Lenovo","donor_dell","dell","Dell",2025-11-30,61,0,10,0
"core_legacy","Lenovo","donor_dell","dell","Dell",2025-12-07,54,0,10,0
"core_legacy","Lenovo","donor_dell","dell","Dell",2025-12-14,49,0,10,0
"core_legacy","Lenovo","donor_dell","dell","Dell",2025-12-21,38,0,10,0
"core_legacy","Lenovo","donor_dell","dell","Dell",2025-12-28,41,0,10,0
"core_legacy","Lenovo","donor_dell","dell","Dell",2026-01-04,46,0,10,0
"core_legacy","Lenovo","donor_dell","dell","Dell",2026-01-11,49,0,10,0
"core_legacy","Lenovo","donor_dell","dell","Dell",2026-01-18,51,0,10,0
"core_legacy","Lenovo","donor_dell","dell","Dell",2026-01-25,47,0,10,0
"core_legacy","Lenovo","donor_dell","dell","Dell",2026-02-01,54,0,10,0
"core_legacy","Lenovo","donor_dell","dell","Dell",2026-02-08,50,0,10,0
"core_legacy","Lenovo","donor_dell","dell","Dell",2026-02-15,52,0,10,0
"core_legacy","Lenovo","donor_dell","dell","Dell",2026-02-22,53,0,10,0
"core_legacy","Lenovo","donor_dell","dell","Dell",2026-03-01,56,0,10,0
"core_legacy","Lenovo","donor_dell","dell","Dell",2026-03-08,55,0,10,0
"core_legacy","Lenovo","donor_dell","dell","Dell",2026-03-15,54,0,10,0
"core_legacy","Lenovo","donor_dell","dell","Dell",2026-03-22,66,0,10,0
"core_legacy","Lenovo","donor_dell","dell","Dell",2026-03-29,77,0,10,0
"core_legacy","Lenovo","donor_dell","dell","Dell",2026-04-05,82,0,10,0
"core_legacy","Lenovo","donor_dell","dell","Dell",2026-04-12,86,0,10,0
"core_legacy","Lenovo","donor_dell","dell","Dell",2026-04-19,78,0,10,0
"core_legacy","Lenovo","donor_dell","dell","Dell",2026-04-26,75,0,10,0
"core_legacy","Lenovo","donor_dell","dell","Dell",2026-05-03,86,0,10,0
"core_legacy","Lenovo","donor_dell","dell","Dell",2026-05-10,82,0,10,0
"core_legacy","Lenovo","donor_dell","dell","Dell",2026-05-17,72,0,10,0
"core_legacy","Lenovo","donor_dell","dell","Dell",2026-05-24,68,0,10,0
"core_legacy","Lenovo","donor_dell","dell","Dell",2026-05-31,77,0,10,0
"core_legacy","Lenovo","donor_dell","dell","Dell",2026-06-07,65,0,10,0
"core_legacy","Lenovo","donor_dell","dell","Dell",2026-06-14,56,0,10,0
"core_legacy","Lenovo","donor_dell","dell","Dell",2026-06-21,59,0,10,0
"core_legacy","Lenovo","donor_dell","dell","Dell",2026-06-28,50,0,10,0
"core_legacy","Lenovo","donor_dell","dell","Dell",2026-07-05,48,0,10,0
"core_legacy","Lenovo","donor_hp","hp","HP laptop",2021-12-26,10,0,10,0
"core_legacy","Lenovo","donor_hp","hp","HP laptop",2022-01-02,13,0,10,0
"core_legacy","Lenovo","donor_hp","hp","HP laptop",2022-01-09,12,0,10,0
"core_legacy","Lenovo","donor_hp","hp","HP laptop",2022-01-16,12,0,10,0
"core_legacy","Lenovo","donor_hp","hp","HP laptop",2022-01-23,12,0,10,0
"core_legacy","Lenovo","donor_hp","hp","HP laptop",2022-01-30,12,0,10,0
"core_legacy","Lenovo","donor_hp","hp","HP laptop",2022-02-06,12,0,10,0
"core_legacy","Lenovo","donor_hp","hp","HP laptop",2022-02-13,12,0,10,0
"core_legacy","Lenovo","donor_hp","hp","HP laptop",2022-02-20,12,0,10,0
"core_legacy","Lenovo","donor_hp","hp","HP laptop",2022-02-27,11,0,10,0
"core_legacy","Lenovo","donor_hp","hp","HP laptop",2022-03-06,11,0,10,0
"core_legacy","Lenovo","donor_hp","hp","HP laptop",2022-03-13,11,0,10,0
"core_legacy","Lenovo","donor_hp","hp","HP laptop",2022-03-20,12,0,10,0
"core_legacy","Lenovo","donor_hp","hp","HP laptop",2022-03-27,10,0,10,0
"core_legacy","Lenovo","donor_hp","hp","HP laptop",2022-04-03,11,0,10,0
"core_legacy","Lenovo","donor_hp","hp","HP laptop",2022-04-10,11,0,10,0
"core_legacy","Lenovo","donor_hp","hp","HP laptop",2022-04-17,11,0,10,0
"core_legacy","Lenovo","donor_hp","hp","HP laptop",2022-04-24,10,0,10,0
"core_legacy","Lenovo","donor_hp","hp","HP laptop",2022-05-01,9,0,10,0
"core_legacy","Lenovo","donor_hp","hp","HP laptop",2022-05-08,10,0,10,0
"core_legacy","Lenovo","donor_hp","hp","HP laptop",2022-05-15,9,0,10,0
"core_legacy","Lenovo","donor_hp","hp","HP laptop",2022-05-22,9,0,10,0
"core_legacy","Lenovo","donor_hp","hp","HP laptop",2022-05-29,10,0,10,0
"core_legacy","Lenovo","donor_hp","hp","HP laptop",2022-06-05,10,0,10,0
"core_legacy","Lenovo","donor_hp","hp","HP laptop",2022-06-12,10,0,10,0
"core_legacy","Lenovo","donor_hp","hp","HP laptop",2022-06-19,11,0,10,0
"core_legacy","Lenovo","donor_hp","hp","HP laptop",2022-06-26,10,0,10,0
"core_legacy","Lenovo","donor_hp","hp","HP laptop",2022-07-03,10,0,10,0
"core_legacy","Lenovo","donor_hp","hp","HP laptop",2022-07-10,11,0,10,0
"core_legacy","Lenovo","donor_hp","hp","HP laptop",2022-07-17,11,0,10,0
"core_legacy","Lenovo","donor_hp","hp","HP laptop",2022-07-24,11,0,10,0
"core_legacy","Lenovo","donor_hp","hp","HP laptop",2022-07-31,11,0,10,0
"core_legacy","Lenovo","donor_hp","hp","HP laptop",2022-08-07,11,0,10,0
"core_legacy","Lenovo","donor_hp","hp","HP laptop",2022-08-14,12,0,10,0
"core_legacy","Lenovo","donor_hp","hp","HP laptop",2022-08-21,12,0,10,0
"core_legacy","Lenovo","donor_hp","hp","HP laptop",2022-08-28,11,0,10,0
"core_legacy","Lenovo","donor_hp","hp","HP laptop",2022-09-04,11,0,10,0
"core_legacy","Lenovo","donor_hp","hp","HP laptop",2022-09-11,11,0,10,0
"core_legacy","Lenovo","donor_hp","hp","HP laptop",2022-09-18,12,0,10,0
"core_legacy","Lenovo","donor_hp","hp","HP laptop",2022-09-25,11,0,10,0
"core_legacy","Lenovo","donor_hp","hp","HP laptop",2022-10-02,10,0,10,0
"core_legacy","Lenovo","donor_hp","hp","HP laptop",2022-10-09,11,0,10,0
"core_legacy","Lenovo","donor_hp","hp","HP laptop",2022-10-16,11,0,10,0
"core_legacy","Lenovo","donor_hp","hp","HP laptop",2022-10-23,10,0,10,0
"core_legacy","Lenovo","donor_hp","hp","HP laptop",2022-10-30,10,0,10,0
"core_legacy","Lenovo","donor_hp","hp","HP laptop",2022-11-06,10,0,10,0
"core_legacy","Lenovo","donor_hp","hp","HP laptop",2022-11-13,11,0,10,0
"core_legacy","Lenovo","donor_hp","hp","HP laptop",2022-11-20,11,0,10,0
"core_legacy","Lenovo","donor_hp","hp","HP laptop",2022-11-27,10,0,10,0
"core_legacy","Lenovo","donor_hp","hp","HP laptop",2022-12-04,9,0,10,0
"core_legacy","Lenovo","donor_hp","hp","HP laptop",2022-12-11,10,0,10,0
"core_legacy","Lenovo","donor_hp","hp","HP laptop",2022-12-18,11,0,10,0
"core_legacy","Lenovo","donor_hp","hp","HP laptop",2022-12-25,11,0,10,0
"core_legacy","Lenovo","donor_hp","hp","HP laptop",2023-01-01,10,0,10,0
"core_legacy","Lenovo","donor_hp","hp","HP laptop",2023-01-08,11,0,10,0
"core_legacy","Lenovo","donor_hp","hp","HP laptop",2023-01-15,10,0,10,0
"core_legacy","Lenovo","donor_hp","hp","HP laptop",2023-01-22,10,0,10,0
"core_legacy","Lenovo","donor_hp","hp","HP laptop",2023-01-29,11,0,10,0
"core_legacy","Lenovo","donor_hp","hp","HP laptop",2023-02-05,10,0,10,0
"core_legacy","Lenovo","donor_hp","hp","HP laptop",2023-02-12,11,0,10,0
"core_legacy","Lenovo","donor_hp","hp","HP laptop",2023-02-19,11,0,10,0
"core_legacy","Lenovo","donor_hp","hp","HP laptop",2023-02-26,10,0,10,0
"core_legacy","Lenovo","donor_hp","hp","HP laptop",2023-03-05,10,0,10,0
"core_legacy","Lenovo","donor_hp","hp","HP laptop",2023-03-12,10,0,10,0
"core_legacy","Lenovo","donor_hp","hp","HP laptop",2023-03-19,10,0,10,0
"core_legacy","Lenovo","donor_hp","hp","HP laptop",2023-03-26,9,0,10,0
"core_legacy","Lenovo","donor_hp","hp","HP laptop",2023-04-02,9,0,10,0
"core_legacy","Lenovo","donor_hp","hp","HP laptop",2023-04-09,10,0,10,0
"core_legacy","Lenovo","donor_hp","hp","HP laptop",2023-04-16,9,0,10,0
"core_legacy","Lenovo","donor_hp","hp","HP laptop",2023-04-23,9,0,10,0
"core_legacy","Lenovo","donor_hp","hp","HP laptop",2023-04-30,9,0,10,0
"core_legacy","Lenovo","donor_hp","hp","HP laptop",2023-05-07,11,0,10,0
"core_legacy","Lenovo","donor_hp","hp","HP laptop",2023-05-14,9,0,10,0
"core_legacy","Lenovo","donor_hp","hp","HP laptop",2023-05-21,9,0,10,0
"core_legacy","Lenovo","donor_hp","hp","HP laptop",2023-05-28,10,0,10,0
"core_legacy","Lenovo","donor_hp","hp","HP laptop",2023-06-04,10,0,10,0
"core_legacy","Lenovo","donor_hp","hp","HP laptop",2023-06-11,12,0,10,0
"core_legacy","Lenovo","donor_hp","hp","HP laptop",2023-06-18,10,0,10,0
"core_legacy","Lenovo","donor_hp","hp","HP laptop",2023-06-25,10,0,10,0
"core_legacy","Lenovo","donor_hp","hp","HP laptop",2023-07-02,10,0,10,0
"core_legacy","Lenovo","donor_hp","hp","HP laptop",2023-07-09,12,0,10,0
"core_legacy","Lenovo","donor_hp","hp","HP laptop",2023-07-16,12,0,10,0
"core_legacy","Lenovo","donor_hp","hp","HP laptop",2023-07-23,11,0,10,0
"core_legacy","Lenovo","donor_hp","hp","HP laptop",2023-07-30,11,0,10,0
"core_legacy","Lenovo","donor_hp","hp","HP laptop",2023-08-06,11,0,10,0
"core_legacy","Lenovo","donor_hp","hp","HP laptop",2023-08-13,12,0,10,0
"core_legacy","Lenovo","donor_hp","hp","HP laptop",2023-08-20,11,0,10,0
"core_legacy","Lenovo","donor_hp","hp","HP laptop",2023-08-27,11,0,10,0
"core_legacy","Lenovo","donor_hp","hp","HP laptop",2023-09-03,11,0,10,0
"core_legacy","Lenovo","donor_hp","hp","HP laptop",2023-09-10,11,0,10,0
"core_legacy","Lenovo","donor_hp","hp","HP laptop",2023-09-17,11,0,10,0
"core_legacy","Lenovo","donor_hp","hp","HP laptop",2023-09-24,11,0,10,0
"core_legacy","Lenovo","donor_hp","hp","HP laptop",2023-10-01,10,0,10,0
"core_legacy","Lenovo","donor_hp","hp","HP laptop",2023-10-08,12,0,10,0
"core_legacy","Lenovo","donor_hp","hp","HP laptop",2023-10-15,10,0,10,0
"core_legacy","Lenovo","donor_hp","hp","HP laptop",2023-10-22,10,0,10,0
"core_legacy","Lenovo","donor_hp","hp","HP laptop",2023-10-29,10,0,10,0
"core_legacy","Lenovo","donor_hp","hp","HP laptop",2023-11-05,10,0,10,0
"core_legacy","Lenovo","donor_hp","hp","HP laptop",2023-11-12,11,0,10,0
"core_legacy","Lenovo","donor_hp","hp","HP laptop",2023-11-19,11,0,10,0
"core_legacy","Lenovo","donor_hp","hp","HP laptop",2023-11-26,11,0,10,0
"core_legacy","Lenovo","donor_hp","hp","HP laptop",2023-12-03,10,0,10,0
"core_legacy","Lenovo","donor_hp","hp","HP laptop",2023-12-10,11,0,10,0
"core_legacy","Lenovo","donor_hp","hp","HP laptop",2023-12-17,9,0,10,0
"core_legacy","Lenovo","donor_hp","hp","HP laptop",2023-12-24,10,0,10,0
"core_legacy","Lenovo","donor_hp","hp","HP laptop",2023-12-31,10,0,10,0
"core_legacy","Lenovo","donor_hp","hp","HP laptop",2024-01-07,11,0,10,0
"core_legacy","Lenovo","donor_hp","hp","HP laptop",2024-01-14,10,0,10,0
"core_legacy","Lenovo","donor_hp","hp","HP laptop",2024-01-21,11,0,10,0
"core_legacy","Lenovo","donor_hp","hp","HP laptop",2024-01-28,11,0,10,0
"core_legacy","Lenovo","donor_hp","hp","HP laptop",2024-02-04,10,0,10,0
"core_legacy","Lenovo","donor_hp","hp","HP laptop",2024-02-11,10,0,10,0
"core_legacy","Lenovo","donor_hp","hp","HP laptop",2024-02-18,10,0,10,0
"core_legacy","Lenovo","donor_hp","hp","HP laptop",2024-02-25,10,0,10,0
"core_legacy","Lenovo","donor_hp","hp","HP laptop",2024-03-03,10,0,10,0
"core_legacy","Lenovo","donor_hp","hp","HP laptop",2024-03-10,10,0,10,0
"core_legacy","Lenovo","donor_hp","hp","HP laptop",2024-03-17,9,0,10,0
"core_legacy","Lenovo","donor_hp","hp","HP laptop",2024-03-24,9,0,10,0
"core_legacy","Lenovo","donor_hp","hp","HP laptop",2024-03-31,9,0,10,0
"core_legacy","Lenovo","donor_hp","hp","HP laptop",2024-04-07,9,0,10,0
"core_legacy","Lenovo","donor_hp","hp","HP laptop",2024-04-14,8,0,10,0
"core_legacy","Lenovo","donor_hp","hp","HP laptop",2024-04-21,10,0,10,0
"core_legacy","Lenovo","donor_hp","hp","HP laptop",2024-04-28,9,0,10,0
"core_legacy","Lenovo","donor_hp","hp","HP laptop",2024-05-05,10,0,10,0
"core_legacy","Lenovo","donor_hp","hp","HP laptop",2024-05-12,9,0,10,0
"core_legacy","Lenovo","donor_hp","hp","HP laptop",2024-05-19,9,0,10,0
"core_legacy","Lenovo","donor_hp","hp","HP laptop",2024-05-26,9,0,10,0
"core_legacy","Lenovo","donor_hp","hp","HP laptop",2024-06-02,9,0,10,0
"core_legacy","Lenovo","donor_hp","hp","HP laptop",2024-06-09,11,0,10,0
"core_legacy","Lenovo","donor_hp","hp","HP laptop",2024-06-16,9,0,10,0
"core_legacy","Lenovo","donor_hp","hp","HP laptop",2024-06-23,10,0,10,0
"core_legacy","Lenovo","donor_hp","hp","HP laptop",2024-06-30,9,0,10,0
"core_legacy","Lenovo","donor_hp","hp","HP laptop",2024-07-07,11,0,10,0
"core_legacy","Lenovo","donor_hp","hp","HP laptop",2024-07-14,12,0,10,0
"core_legacy","Lenovo","donor_hp","hp","HP laptop",2024-07-21,10,0,10,0
"core_legacy","Lenovo","donor_hp","hp","HP laptop",2024-07-28,10,0,10,0
"core_legacy","Lenovo","donor_hp","hp","HP laptop",2024-08-04,12,0,10,0
"core_legacy","Lenovo","donor_hp","hp","HP laptop",2024-08-11,11,0,10,0
"core_legacy","Lenovo","donor_hp","hp","HP laptop",2024-08-18,11,0,10,0
"core_legacy","Lenovo","donor_hp","hp","HP laptop",2024-08-25,12,0,10,0
"core_legacy","Lenovo","donor_hp","hp","HP laptop",2024-09-01,11,0,10,0
"core_legacy","Lenovo","donor_hp","hp","HP laptop",2024-09-08,12,0,10,0
"core_legacy","Lenovo","donor_hp","hp","HP laptop",2024-09-15,12,0,10,0
"core_legacy","Lenovo","donor_hp","hp","HP laptop",2024-09-22,10,0,10,0
"core_legacy","Lenovo","donor_hp","hp","HP laptop",2024-09-29,10,0,10,0
"core_legacy","Lenovo","donor_hp","hp","HP laptop",2024-10-06,11,0,10,0
"core_legacy","Lenovo","donor_hp","hp","HP laptop",2024-10-13,9,0,10,0
"core_legacy","Lenovo","donor_hp","hp","HP laptop",2024-10-20,10,0,10,0
"core_legacy","Lenovo","donor_hp","hp","HP laptop",2024-10-27,9,0,10,0
"core_legacy","Lenovo","donor_hp","hp","HP laptop",2024-11-03,9,0,10,0
"core_legacy","Lenovo","donor_hp","hp","HP laptop",2024-11-10,11,0,10,0
"core_legacy","Lenovo","donor_hp","hp","HP laptop",2024-11-17,11,0,10,0
"core_legacy","Lenovo","donor_hp","hp","HP laptop",2024-11-24,11,0,10,0
"core_legacy","Lenovo","donor_hp","hp","HP laptop",2024-12-01,11,0,10,0
"core_legacy","Lenovo","donor_hp","hp","HP laptop",2024-12-08,11,0,10,0
"core_legacy","Lenovo","donor_hp","hp","HP laptop",2024-12-15,9,0,10,0
"core_legacy","Lenovo","donor_hp","hp","HP laptop",2024-12-22,10,0,10,0
"core_legacy","Lenovo","donor_hp","hp","HP laptop",2024-12-29,10,0,10,0
"core_legacy","Lenovo","donor_hp","hp","HP laptop",2025-01-05,12,0,10,0
"core_legacy","Lenovo","donor_hp","hp","HP laptop",2025-01-12,10,0,10,0
"core_legacy","Lenovo","donor_hp","hp","HP laptop",2025-01-19,10,0,10,0
"core_legacy","Lenovo","donor_hp","hp","HP laptop",2025-01-26,10,0,10,0
"core_legacy","Lenovo","donor_hp","hp","HP laptop",2025-02-02,10,0,10,0
"core_legacy","Lenovo","donor_hp","hp","HP laptop",2025-02-09,11,0,10,0
"core_legacy","Lenovo","donor_hp","hp","HP laptop",2025-02-16,10,0,10,0
"core_legacy","Lenovo","donor_hp","hp","HP laptop",2025-02-23,9,0,10,0
"core_legacy","Lenovo","donor_hp","hp","HP laptop",2025-03-02,11,0,10,0
"core_legacy","Lenovo","donor_hp","hp","HP laptop",2025-03-09,9,0,10,0
"core_legacy","Lenovo","donor_hp","hp","HP laptop",2025-03-16,9,0,10,0
"core_legacy","Lenovo","donor_hp","hp","HP laptop",2025-03-23,9,0,10,0
"core_legacy","Lenovo","donor_hp","hp","HP laptop",2025-03-30,9,0,10,0
"core_legacy","Lenovo","donor_hp","hp","HP laptop",2025-04-06,11,0,10,0
"core_legacy","Lenovo","donor_hp","hp","HP laptop",2025-04-13,8,0,10,0
"core_legacy","Lenovo","donor_hp","hp","HP laptop",2025-04-20,9,0,10,0
"core_legacy","Lenovo","donor_hp","hp","HP laptop",2025-04-27,9,0,10,0
"core_legacy","Lenovo","donor_hp","hp","HP laptop",2025-05-04,12,0,10,0
"core_legacy","Lenovo","donor_hp","hp","HP laptop",2025-05-11,9,0,10,0
"core_legacy","Lenovo","donor_hp","hp","HP laptop",2025-05-18,9,0,10,0
"core_legacy","Lenovo","donor_hp","hp","HP laptop",2025-05-25,10,0,10,0
"core_legacy","Lenovo","donor_hp","hp","HP laptop",2025-06-01,10,0,10,0
"core_legacy","Lenovo","donor_hp","hp","HP laptop",2025-06-08,11,0,10,0
"core_legacy","Lenovo","donor_hp","hp","HP laptop",2025-06-15,10,0,10,0
"core_legacy","Lenovo","donor_hp","hp","HP laptop",2025-06-22,10,0,10,0
"core_legacy","Lenovo","donor_hp","hp","HP laptop",2025-06-29,10,0,10,0
"core_legacy","Lenovo","donor_hp","hp","HP laptop",2025-07-06,12,0,10,0
"core_legacy","Lenovo","donor_hp","hp","HP laptop",2025-07-13,11,0,10,0
"core_legacy","Lenovo","donor_hp","hp","HP laptop",2025-07-20,11,0,10,0
"core_legacy","Lenovo","donor_hp","hp","HP laptop",2025-07-27,11,0,10,0
"core_legacy","Lenovo","donor_hp","hp","HP laptop",2025-08-03,12,0,10,0
"core_legacy","Lenovo","donor_hp","hp","HP laptop",2025-08-10,12,0,10,0
"core_legacy","Lenovo","donor_hp","hp","HP laptop",2025-08-17,14,0,10,0
"core_legacy","Lenovo","donor_hp","hp","HP laptop",2025-08-24,15,0,10,0
"core_legacy","Lenovo","donor_hp","hp","HP laptop",2025-08-31,15,0,10,0
"core_legacy","Lenovo","donor_hp","hp","HP laptop",2025-09-07,14,0,10,0
"core_legacy","Lenovo","donor_hp","hp","HP laptop",2025-09-14,14,0,10,0
"core_legacy","Lenovo","donor_hp","hp","HP laptop",2025-09-21,14,0,10,0
"core_legacy","Lenovo","donor_hp","hp","HP laptop",2025-09-28,15,0,10,0
"core_legacy","Lenovo","donor_hp","hp","HP laptop",2025-10-05,12,0,10,0
"core_legacy","Lenovo","donor_hp","hp","HP laptop",2025-10-12,12,0,10,0
"core_legacy","Lenovo","donor_hp","hp","HP laptop",2025-10-19,13,0,10,0
"core_legacy","Lenovo","donor_hp","hp","HP laptop",2025-10-26,11,0,10,0
"core_legacy","Lenovo","donor_hp","hp","HP laptop",2025-11-02,12,0,10,0
"core_legacy","Lenovo","donor_hp","hp","HP laptop",2025-11-09,14,0,10,0
"core_legacy","Lenovo","donor_hp","hp","HP laptop",2025-11-16,13,0,10,0
"core_legacy","Lenovo","donor_hp","hp","HP laptop",2025-11-23,14,0,10,0
"core_legacy","Lenovo","donor_hp","hp","HP laptop",2025-11-30,12,0,10,0
"core_legacy","Lenovo","donor_hp","hp","HP laptop",2025-12-07,13,0,10,0
"core_legacy","Lenovo","donor_hp","hp","HP laptop",2025-12-14,10,0,10,0
"core_legacy","Lenovo","donor_hp","hp","HP laptop",2025-12-21,10,0,10,0
"core_legacy","Lenovo","donor_hp","hp","HP laptop",2025-12-28,9,0,10,0
"core_legacy","Lenovo","donor_hp","hp","HP laptop",2026-01-04,10,0,10,0
"core_legacy","Lenovo","donor_hp","hp","HP laptop",2026-01-11,11,0,10,0
"core_legacy","Lenovo","donor_hp","hp","HP laptop",2026-01-18,12,0,10,0
"core_legacy","Lenovo","donor_hp","hp","HP laptop",2026-01-25,11,0,10,0
"core_legacy","Lenovo","donor_hp","hp","HP laptop",2026-02-01,11,0,10,0
"core_legacy","Lenovo","donor_hp","hp","HP laptop",2026-02-08,11,0,10,0
"core_legacy","Lenovo","donor_hp","hp","HP laptop",2026-02-15,12,0,10,0
"core_legacy","Lenovo","donor_hp","hp","HP laptop",2026-02-22,12,0,10,0
"core_legacy","Lenovo","donor_hp","hp","HP laptop",2026-03-01,11,0,10,0
"core_legacy","Lenovo","donor_hp","hp","HP laptop",2026-03-08,12,0,10,0
"core_legacy","Lenovo","donor_hp","hp","HP laptop",2026-03-15,11,0,10,0
"core_legacy","Lenovo","donor_hp","hp","HP laptop",2026-03-22,17,0,10,0
"core_legacy","Lenovo","donor_hp","hp","HP laptop",2026-03-29,21,0,10,0
"core_legacy","Lenovo","donor_hp","hp","HP laptop",2026-04-05,23,0,10,0
"core_legacy","Lenovo","donor_hp","hp","HP laptop",2026-04-12,22,0,10,0
"core_legacy","Lenovo","donor_hp","hp","HP laptop",2026-04-19,22,0,10,0
"core_legacy","Lenovo","donor_hp","hp","HP laptop",2026-04-26,19,0,10,0
"core_legacy","Lenovo","donor_hp","hp","HP laptop",2026-05-03,22,0,10,0
"core_legacy","Lenovo","donor_hp","hp","HP laptop",2026-05-10,23,0,10,0
"core_legacy","Lenovo","donor_hp","hp","HP laptop",2026-05-17,20,0,10,0
"core_legacy","Lenovo","donor_hp","hp","HP laptop",2026-05-24,17,0,10,0
"core_legacy","Lenovo","donor_hp","hp","HP laptop",2026-05-31,17,0,10,0
"core_legacy","Lenovo","donor_hp","hp","HP laptop",2026-06-07,16,0,10,0
"core_legacy","Lenovo","donor_hp","hp","HP laptop",2026-06-14,13,0,10,0
"core_legacy","Lenovo","donor_hp","hp","HP laptop",2026-06-21,14,0,10,0
"core_legacy","Lenovo","donor_hp","hp","HP laptop",2026-06-28,10,0,10,0
"core_legacy","Lenovo","donor_hp","hp","HP laptop",2026-07-05,12,0,10,0
"sensitivity","Lenovo","anchor_lenovo","lenovo","Lenovo",2021-12-26,36,0,10,0
"sensitivity","Lenovo","anchor_lenovo","lenovo","Lenovo",2022-01-02,42,0,10,0
"sensitivity","Lenovo","anchor_lenovo","lenovo","Lenovo",2022-01-09,42,0,10,0
"sensitivity","Lenovo","anchor_lenovo","lenovo","Lenovo",2022-01-16,38,0,10,0
"sensitivity","Lenovo","anchor_lenovo","lenovo","Lenovo",2022-01-23,45,0,10,0
"sensitivity","Lenovo","anchor_lenovo","lenovo","Lenovo",2022-01-30,41,0,10,0
"sensitivity","Lenovo","anchor_lenovo","lenovo","Lenovo",2022-02-06,42,0,10,0
"sensitivity","Lenovo","anchor_lenovo","lenovo","Lenovo",2022-02-13,42,0,10,0
"sensitivity","Lenovo","anchor_lenovo","lenovo","Lenovo",2022-02-20,42,0,10,0
"sensitivity","Lenovo","anchor_lenovo","lenovo","Lenovo",2022-02-27,40,0,10,0
"sensitivity","Lenovo","anchor_lenovo","lenovo","Lenovo",2022-03-06,42,0,10,0
"sensitivity","Lenovo","anchor_lenovo","lenovo","Lenovo",2022-03-13,41,0,10,0
"sensitivity","Lenovo","anchor_lenovo","lenovo","Lenovo",2022-03-20,39,0,10,0
"sensitivity","Lenovo","anchor_lenovo","lenovo","Lenovo",2022-03-27,39,0,10,0
"sensitivity","Lenovo","anchor_lenovo","lenovo","Lenovo",2022-04-03,36,0,10,0
"sensitivity","Lenovo","anchor_lenovo","lenovo","Lenovo",2022-04-10,35,0,10,0
"sensitivity","Lenovo","anchor_lenovo","lenovo","Lenovo",2022-04-17,34,0,10,0
"sensitivity","Lenovo","anchor_lenovo","lenovo","Lenovo",2022-04-24,34,0,10,0
"sensitivity","Lenovo","anchor_lenovo","lenovo","Lenovo",2022-05-01,34,0,10,0
"sensitivity","Lenovo","anchor_lenovo","lenovo","Lenovo",2022-05-08,34,0,10,0
"sensitivity","Lenovo","anchor_lenovo","lenovo","Lenovo",2022-05-15,34,0,10,0
"sensitivity","Lenovo","anchor_lenovo","lenovo","Lenovo",2022-05-22,33,0,10,0
"sensitivity","Lenovo","anchor_lenovo","lenovo","Lenovo",2022-05-29,34,0,10,0
"sensitivity","Lenovo","anchor_lenovo","lenovo","Lenovo",2022-06-05,34,0,10,0
"sensitivity","Lenovo","anchor_lenovo","lenovo","Lenovo",2022-06-12,33,0,10,0
"sensitivity","Lenovo","anchor_lenovo","lenovo","Lenovo",2022-06-19,35,0,10,0
"sensitivity","Lenovo","anchor_lenovo","lenovo","Lenovo",2022-06-26,34,0,10,0
"sensitivity","Lenovo","anchor_lenovo","lenovo","Lenovo",2022-07-03,36,0,10,0
"sensitivity","Lenovo","anchor_lenovo","lenovo","Lenovo",2022-07-10,37,0,10,0
"sensitivity","Lenovo","anchor_lenovo","lenovo","Lenovo",2022-07-17,38,0,10,0
"sensitivity","Lenovo","anchor_lenovo","lenovo","Lenovo",2022-07-24,38,0,10,0
"sensitivity","Lenovo","anchor_lenovo","lenovo","Lenovo",2022-07-31,38,0,10,0
"sensitivity","Lenovo","anchor_lenovo","lenovo","Lenovo",2022-08-07,38,0,10,0
"sensitivity","Lenovo","anchor_lenovo","lenovo","Lenovo",2022-08-14,39,0,10,0
"sensitivity","Lenovo","anchor_lenovo","lenovo","Lenovo",2022-08-21,38,0,10,0
"sensitivity","Lenovo","anchor_lenovo","lenovo","Lenovo",2022-08-28,38,0,10,0
"sensitivity","Lenovo","anchor_lenovo","lenovo","Lenovo",2022-09-04,39,0,10,0
"sensitivity","Lenovo","anchor_lenovo","lenovo","Lenovo",2022-09-11,38,0,10,0
"sensitivity","Lenovo","anchor_lenovo","lenovo","Lenovo",2022-09-18,38,0,10,0
"sensitivity","Lenovo","anchor_lenovo","lenovo","Lenovo",2022-09-25,37,0,10,0
"sensitivity","Lenovo","anchor_lenovo","lenovo","Lenovo",2022-10-02,36,0,10,0
"sensitivity","Lenovo","anchor_lenovo","lenovo","Lenovo",2022-10-09,37,0,10,0
"sensitivity","Lenovo","anchor_lenovo","lenovo","Lenovo",2022-10-16,37,0,10,0
"sensitivity","Lenovo","anchor_lenovo","lenovo","Lenovo",2022-10-23,35,0,10,0
"sensitivity","Lenovo","anchor_lenovo","lenovo","Lenovo",2022-10-30,34,0,10,0
"sensitivity","Lenovo","anchor_lenovo","lenovo","Lenovo",2022-11-06,38,0,10,0
"sensitivity","Lenovo","anchor_lenovo","lenovo","Lenovo",2022-11-13,39,0,10,0
"sensitivity","Lenovo","anchor_lenovo","lenovo","Lenovo",2022-11-20,41,0,10,0
"sensitivity","Lenovo","anchor_lenovo","lenovo","Lenovo",2022-11-27,37,0,10,0
"sensitivity","Lenovo","anchor_lenovo","lenovo","Lenovo",2022-12-04,35,0,10,0
"sensitivity","Lenovo","anchor_lenovo","lenovo","Lenovo",2022-12-11,36,0,10,0
"sensitivity","Lenovo","anchor_lenovo","lenovo","Lenovo",2022-12-18,37,0,10,0
"sensitivity","Lenovo","anchor_lenovo","lenovo","Lenovo",2022-12-25,38,0,10,0
"sensitivity","Lenovo","anchor_lenovo","lenovo","Lenovo",2023-01-01,37,0,10,0
"sensitivity","Lenovo","anchor_lenovo","lenovo","Lenovo",2023-01-08,39,0,10,0
"sensitivity","Lenovo","anchor_lenovo","lenovo","Lenovo",2023-01-15,38,0,10,0
"sensitivity","Lenovo","anchor_lenovo","lenovo","Lenovo",2023-01-22,40,0,10,0
"sensitivity","Lenovo","anchor_lenovo","lenovo","Lenovo",2023-01-29,38,0,10,0
"sensitivity","Lenovo","anchor_lenovo","lenovo","Lenovo",2023-02-05,36,0,10,0
"sensitivity","Lenovo","anchor_lenovo","lenovo","Lenovo",2023-02-12,37,0,10,0
"sensitivity","Lenovo","anchor_lenovo","lenovo","Lenovo",2023-02-19,37,0,10,0
"sensitivity","Lenovo","anchor_lenovo","lenovo","Lenovo",2023-02-26,37,0,10,0
"sensitivity","Lenovo","anchor_lenovo","lenovo","Lenovo",2023-03-05,36,0,10,0
"sensitivity","Lenovo","anchor_lenovo","lenovo","Lenovo",2023-03-12,35,0,10,0
"sensitivity","Lenovo","anchor_lenovo","lenovo","Lenovo",2023-03-19,34,0,10,0
"sensitivity","Lenovo","anchor_lenovo","lenovo","Lenovo",2023-03-26,34,0,10,0
"sensitivity","Lenovo","anchor_lenovo","lenovo","Lenovo",2023-04-02,31,0,10,0
"sensitivity","Lenovo","anchor_lenovo","lenovo","Lenovo",2023-04-09,32,0,10,0
"sensitivity","Lenovo","anchor_lenovo","lenovo","Lenovo",2023-04-16,32,0,10,0
"sensitivity","Lenovo","anchor_lenovo","lenovo","Lenovo",2023-04-23,31,0,10,0
"sensitivity","Lenovo","anchor_lenovo","lenovo","Lenovo",2023-04-30,31,0,10,0
"sensitivity","Lenovo","anchor_lenovo","lenovo","Lenovo",2023-05-07,32,0,10,0
"sensitivity","Lenovo","anchor_lenovo","lenovo","Lenovo",2023-05-14,31,0,10,0
"sensitivity","Lenovo","anchor_lenovo","lenovo","Lenovo",2023-05-21,33,0,10,0
"sensitivity","Lenovo","anchor_lenovo","lenovo","Lenovo",2023-05-28,32,0,10,0
"sensitivity","Lenovo","anchor_lenovo","lenovo","Lenovo",2023-06-04,32,0,10,0
"sensitivity","Lenovo","anchor_lenovo","lenovo","Lenovo",2023-06-11,33,0,10,0
"sensitivity","Lenovo","anchor_lenovo","lenovo","Lenovo",2023-06-18,33,0,10,0
"sensitivity","Lenovo","anchor_lenovo","lenovo","Lenovo",2023-06-25,33,0,10,0
"sensitivity","Lenovo","anchor_lenovo","lenovo","Lenovo",2023-07-02,34,0,10,0
"sensitivity","Lenovo","anchor_lenovo","lenovo","Lenovo",2023-07-09,39,0,10,0
"sensitivity","Lenovo","anchor_lenovo","lenovo","Lenovo",2023-07-16,36,0,10,0
"sensitivity","Lenovo","anchor_lenovo","lenovo","Lenovo",2023-07-23,36,0,10,0
"sensitivity","Lenovo","anchor_lenovo","lenovo","Lenovo",2023-07-30,35,0,10,0
"sensitivity","Lenovo","anchor_lenovo","lenovo","Lenovo",2023-08-06,37,0,10,0
"sensitivity","Lenovo","anchor_lenovo","lenovo","Lenovo",2023-08-13,38,0,10,0
"sensitivity","Lenovo","anchor_lenovo","lenovo","Lenovo",2023-08-20,37,0,10,0
"sensitivity","Lenovo","anchor_lenovo","lenovo","Lenovo",2023-08-27,39,0,10,0
"sensitivity","Lenovo","anchor_lenovo","lenovo","Lenovo",2023-09-03,38,0,10,0
"sensitivity","Lenovo","anchor_lenovo","lenovo","Lenovo",2023-09-10,37,0,10,0
"sensitivity","Lenovo","anchor_lenovo","lenovo","Lenovo",2023-09-17,37,0,10,0
"sensitivity","Lenovo","anchor_lenovo","lenovo","Lenovo",2023-09-24,37,0,10,0
"sensitivity","Lenovo","anchor_lenovo","lenovo","Lenovo",2023-10-01,36,0,10,0
"sensitivity","Lenovo","anchor_lenovo","lenovo","Lenovo",2023-10-08,37,0,10,0
"sensitivity","Lenovo","anchor_lenovo","lenovo","Lenovo",2023-10-15,36,0,10,0
"sensitivity","Lenovo","anchor_lenovo","lenovo","Lenovo",2023-10-22,36,0,10,0
"sensitivity","Lenovo","anchor_lenovo","lenovo","Lenovo",2023-10-29,37,0,10,0
"sensitivity","Lenovo","anchor_lenovo","lenovo","Lenovo",2023-11-05,39,0,10,0
"sensitivity","Lenovo","anchor_lenovo","lenovo","Lenovo",2023-11-12,40,0,10,0
"sensitivity","Lenovo","anchor_lenovo","lenovo","Lenovo",2023-11-19,46,0,10,0
"sensitivity","Lenovo","anchor_lenovo","lenovo","Lenovo",2023-11-26,41,0,10,0
"sensitivity","Lenovo","anchor_lenovo","lenovo","Lenovo",2023-12-03,38,0,10,0
"sensitivity","Lenovo","anchor_lenovo","lenovo","Lenovo",2023-12-10,37,0,10,0
"sensitivity","Lenovo","anchor_lenovo","lenovo","Lenovo",2023-12-17,38,0,10,0
"sensitivity","Lenovo","anchor_lenovo","lenovo","Lenovo",2023-12-24,40,0,10,0
"sensitivity","Lenovo","anchor_lenovo","lenovo","Lenovo",2023-12-31,36,0,10,0
"sensitivity","Lenovo","anchor_lenovo","lenovo","Lenovo",2024-01-07,38,0,10,0
"sensitivity","Lenovo","anchor_lenovo","lenovo","Lenovo",2024-01-14,37,0,10,0
"sensitivity","Lenovo","anchor_lenovo","lenovo","Lenovo",2024-01-21,39,0,10,0
"sensitivity","Lenovo","anchor_lenovo","lenovo","Lenovo",2024-01-28,39,0,10,0
"sensitivity","Lenovo","anchor_lenovo","lenovo","Lenovo",2024-02-04,39,0,10,0
"sensitivity","Lenovo","anchor_lenovo","lenovo","Lenovo",2024-02-11,37,0,10,0
"sensitivity","Lenovo","anchor_lenovo","lenovo","Lenovo",2024-02-18,38,0,10,0
"sensitivity","Lenovo","anchor_lenovo","lenovo","Lenovo",2024-02-25,39,0,10,0
"sensitivity","Lenovo","anchor_lenovo","lenovo","Lenovo",2024-03-03,37,0,10,0
"sensitivity","Lenovo","anchor_lenovo","lenovo","Lenovo",2024-03-10,36,0,10,0
"sensitivity","Lenovo","anchor_lenovo","lenovo","Lenovo",2024-03-17,37,0,10,0
"sensitivity","Lenovo","anchor_lenovo","lenovo","Lenovo",2024-03-24,36,0,10,0
"sensitivity","Lenovo","anchor_lenovo","lenovo","Lenovo",2024-03-31,35,0,10,0
"sensitivity","Lenovo","anchor_lenovo","lenovo","Lenovo",2024-04-07,33,0,10,0
"sensitivity","Lenovo","anchor_lenovo","lenovo","Lenovo",2024-04-14,34,0,10,0
"sensitivity","Lenovo","anchor_lenovo","lenovo","Lenovo",2024-04-21,33,0,10,0
"sensitivity","Lenovo","anchor_lenovo","lenovo","Lenovo",2024-04-28,34,0,10,0
"sensitivity","Lenovo","anchor_lenovo","lenovo","Lenovo",2024-05-05,34,0,10,0
"sensitivity","Lenovo","anchor_lenovo","lenovo","Lenovo",2024-05-12,34,0,10,0
"sensitivity","Lenovo","anchor_lenovo","lenovo","Lenovo",2024-05-19,35,0,10,0
"sensitivity","Lenovo","anchor_lenovo","lenovo","Lenovo",2024-05-26,35,0,10,0
"sensitivity","Lenovo","anchor_lenovo","lenovo","Lenovo",2024-06-02,33,0,10,0
"sensitivity","Lenovo","anchor_lenovo","lenovo","Lenovo",2024-06-09,34,0,10,0
"sensitivity","Lenovo","anchor_lenovo","lenovo","Lenovo",2024-06-16,35,0,10,0
"sensitivity","Lenovo","anchor_lenovo","lenovo","Lenovo",2024-06-23,34,0,10,0
"sensitivity","Lenovo","anchor_lenovo","lenovo","Lenovo",2024-06-30,34,0,10,0
"sensitivity","Lenovo","anchor_lenovo","lenovo","Lenovo",2024-07-07,37,0,10,0
"sensitivity","Lenovo","anchor_lenovo","lenovo","Lenovo",2024-07-14,40,0,10,0
"sensitivity","Lenovo","anchor_lenovo","lenovo","Lenovo",2024-07-21,37,0,10,0
"sensitivity","Lenovo","anchor_lenovo","lenovo","Lenovo",2024-07-28,35,0,10,0
"sensitivity","Lenovo","anchor_lenovo","lenovo","Lenovo",2024-08-04,37,0,10,0
"sensitivity","Lenovo","anchor_lenovo","lenovo","Lenovo",2024-08-11,39,0,10,0
"sensitivity","Lenovo","anchor_lenovo","lenovo","Lenovo",2024-08-18,41,0,10,0
"sensitivity","Lenovo","anchor_lenovo","lenovo","Lenovo",2024-08-25,40,0,10,0
"sensitivity","Lenovo","anchor_lenovo","lenovo","Lenovo",2024-09-01,40,0,10,0
"sensitivity","Lenovo","anchor_lenovo","lenovo","Lenovo",2024-09-08,40,0,10,0
"sensitivity","Lenovo","anchor_lenovo","lenovo","Lenovo",2024-09-15,40,0,10,0
"sensitivity","Lenovo","anchor_lenovo","lenovo","Lenovo",2024-09-22,40,0,10,0
"sensitivity","Lenovo","anchor_lenovo","lenovo","Lenovo",2024-09-29,39,0,10,0
"sensitivity","Lenovo","anchor_lenovo","lenovo","Lenovo",2024-10-06,40,0,10,0
"sensitivity","Lenovo","anchor_lenovo","lenovo","Lenovo",2024-10-13,38,0,10,0
"sensitivity","Lenovo","anchor_lenovo","lenovo","Lenovo",2024-10-20,38,0,10,0
"sensitivity","Lenovo","anchor_lenovo","lenovo","Lenovo",2024-10-27,38,0,10,0
"sensitivity","Lenovo","anchor_lenovo","lenovo","Lenovo",2024-11-03,38,0,10,0
"sensitivity","Lenovo","anchor_lenovo","lenovo","Lenovo",2024-11-10,42,0,10,0
"sensitivity","Lenovo","anchor_lenovo","lenovo","Lenovo",2024-11-17,45,0,10,0
"sensitivity","Lenovo","anchor_lenovo","lenovo","Lenovo",2024-11-24,50,0,10,0
"sensitivity","Lenovo","anchor_lenovo","lenovo","Lenovo",2024-12-01,45,0,10,0
"sensitivity","Lenovo","anchor_lenovo","lenovo","Lenovo",2024-12-08,42,0,10,0
"sensitivity","Lenovo","anchor_lenovo","lenovo","Lenovo",2024-12-15,39,0,10,0
"sensitivity","Lenovo","anchor_lenovo","lenovo","Lenovo",2024-12-22,44,0,10,0
"sensitivity","Lenovo","anchor_lenovo","lenovo","Lenovo",2024-12-29,41,0,10,0
"sensitivity","Lenovo","anchor_lenovo","lenovo","Lenovo",2025-01-05,44,0,10,0
"sensitivity","Lenovo","anchor_lenovo","lenovo","Lenovo",2025-01-12,40,0,10,0
"sensitivity","Lenovo","anchor_lenovo","lenovo","Lenovo",2025-01-19,43,0,10,0
"sensitivity","Lenovo","anchor_lenovo","lenovo","Lenovo",2025-01-26,41,0,10,0
"sensitivity","Lenovo","anchor_lenovo","lenovo","Lenovo",2025-02-02,41,0,10,0
"sensitivity","Lenovo","anchor_lenovo","lenovo","Lenovo",2025-02-09,42,0,10,0
"sensitivity","Lenovo","anchor_lenovo","lenovo","Lenovo",2025-02-16,41,0,10,0
"sensitivity","Lenovo","anchor_lenovo","lenovo","Lenovo",2025-02-23,40,0,10,0
"sensitivity","Lenovo","anchor_lenovo","lenovo","Lenovo",2025-03-02,40,0,10,0
"sensitivity","Lenovo","anchor_lenovo","lenovo","Lenovo",2025-03-09,38,0,10,0
"sensitivity","Lenovo","anchor_lenovo","lenovo","Lenovo",2025-03-16,41,0,10,0
"sensitivity","Lenovo","anchor_lenovo","lenovo","Lenovo",2025-03-23,39,0,10,0
"sensitivity","Lenovo","anchor_lenovo","lenovo","Lenovo",2025-03-30,39,0,10,0
"sensitivity","Lenovo","anchor_lenovo","lenovo","Lenovo",2025-04-06,38,0,10,0
"sensitivity","Lenovo","anchor_lenovo","lenovo","Lenovo",2025-04-13,37,0,10,0
"sensitivity","Lenovo","anchor_lenovo","lenovo","Lenovo",2025-04-20,38,0,10,0
"sensitivity","Lenovo","anchor_lenovo","lenovo","Lenovo",2025-04-27,35,0,10,0
"sensitivity","Lenovo","anchor_lenovo","lenovo","Lenovo",2025-05-04,36,0,10,0
"sensitivity","Lenovo","anchor_lenovo","lenovo","Lenovo",2025-05-11,37,0,10,0
"sensitivity","Lenovo","anchor_lenovo","lenovo","Lenovo",2025-05-18,39,0,10,0
"sensitivity","Lenovo","anchor_lenovo","lenovo","Lenovo",2025-05-25,38,0,10,0
"sensitivity","Lenovo","anchor_lenovo","lenovo","Lenovo",2025-06-01,38,0,10,0
"sensitivity","Lenovo","anchor_lenovo","lenovo","Lenovo",2025-06-08,38,0,10,0
"sensitivity","Lenovo","anchor_lenovo","lenovo","Lenovo",2025-06-15,38,0,10,0
"sensitivity","Lenovo","anchor_lenovo","lenovo","Lenovo",2025-06-22,40,0,10,0
"sensitivity","Lenovo","anchor_lenovo","lenovo","Lenovo",2025-06-29,38,0,10,0
"sensitivity","Lenovo","anchor_lenovo","lenovo","Lenovo",2025-07-06,42,0,10,0
"sensitivity","Lenovo","anchor_lenovo","lenovo","Lenovo",2025-07-13,43,0,10,0
"sensitivity","Lenovo","anchor_lenovo","lenovo","Lenovo",2025-07-20,47,0,10,0
"sensitivity","Lenovo","anchor_lenovo","lenovo","Lenovo",2025-07-27,48,0,10,0
"sensitivity","Lenovo","anchor_lenovo","lenovo","Lenovo",2025-08-03,54,0,10,0
"sensitivity","Lenovo","anchor_lenovo","lenovo","Lenovo",2025-08-10,56,0,10,0
"sensitivity","Lenovo","anchor_lenovo","lenovo","Lenovo",2025-08-17,59,0,10,0
"sensitivity","Lenovo","anchor_lenovo","lenovo","Lenovo",2025-08-24,66,0,10,0
"sensitivity","Lenovo","anchor_lenovo","lenovo","Lenovo",2025-08-31,67,0,10,0
"sensitivity","Lenovo","anchor_lenovo","lenovo","Lenovo",2025-09-07,63,0,10,0
"sensitivity","Lenovo","anchor_lenovo","lenovo","Lenovo",2025-09-14,59,0,10,0
"sensitivity","Lenovo","anchor_lenovo","lenovo","Lenovo",2025-09-21,62,0,10,0
"sensitivity","Lenovo","anchor_lenovo","lenovo","Lenovo",2025-09-28,59,0,10,0
"sensitivity","Lenovo","anchor_lenovo","lenovo","Lenovo",2025-10-05,57,0,10,0
"sensitivity","Lenovo","anchor_lenovo","lenovo","Lenovo",2025-10-12,57,0,10,0
"sensitivity","Lenovo","anchor_lenovo","lenovo","Lenovo",2025-10-19,59,0,10,0
"sensitivity","Lenovo","anchor_lenovo","lenovo","Lenovo",2025-10-26,53,0,10,0
"sensitivity","Lenovo","anchor_lenovo","lenovo","Lenovo",2025-11-02,58,0,10,0
"sensitivity","Lenovo","anchor_lenovo","lenovo","Lenovo",2025-11-09,60,0,10,0
"sensitivity","Lenovo","anchor_lenovo","lenovo","Lenovo",2025-11-16,60,0,10,0
"sensitivity","Lenovo","anchor_lenovo","lenovo","Lenovo",2025-11-23,66,0,10,0
"sensitivity","Lenovo","anchor_lenovo","lenovo","Lenovo",2025-11-30,55,0,10,0
"sensitivity","Lenovo","anchor_lenovo","lenovo","Lenovo",2025-12-07,49,0,10,0
"sensitivity","Lenovo","anchor_lenovo","lenovo","Lenovo",2025-12-14,51,0,10,0
"sensitivity","Lenovo","anchor_lenovo","lenovo","Lenovo",2025-12-21,46,0,10,0
"sensitivity","Lenovo","anchor_lenovo","lenovo","Lenovo",2025-12-28,42,0,10,0
"sensitivity","Lenovo","anchor_lenovo","lenovo","Lenovo",2026-01-04,46,0,10,0
"sensitivity","Lenovo","anchor_lenovo","lenovo","Lenovo",2026-01-11,47,0,10,0
"sensitivity","Lenovo","anchor_lenovo","lenovo","Lenovo",2026-01-18,48,0,10,0
"sensitivity","Lenovo","anchor_lenovo","lenovo","Lenovo",2026-01-25,49,0,10,0
"sensitivity","Lenovo","anchor_lenovo","lenovo","Lenovo",2026-02-01,49,0,10,0
"sensitivity","Lenovo","anchor_lenovo","lenovo","Lenovo",2026-02-08,50,0,10,0
"sensitivity","Lenovo","anchor_lenovo","lenovo","Lenovo",2026-02-15,47,0,10,0
"sensitivity","Lenovo","anchor_lenovo","lenovo","Lenovo",2026-02-22,47,0,10,0
"sensitivity","Lenovo","anchor_lenovo","lenovo","Lenovo",2026-03-01,53,0,10,0
"sensitivity","Lenovo","anchor_lenovo","lenovo","Lenovo",2026-03-08,56,0,10,0
"sensitivity","Lenovo","anchor_lenovo","lenovo","Lenovo",2026-03-15,51,0,10,0
"sensitivity","Lenovo","anchor_lenovo","lenovo","Lenovo",2026-03-22,72,0,10,0
"sensitivity","Lenovo","anchor_lenovo","lenovo","Lenovo",2026-03-29,85,0,10,0
"sensitivity","Lenovo","anchor_lenovo","lenovo","Lenovo",2026-04-05,86,0,10,0
"sensitivity","Lenovo","anchor_lenovo","lenovo","Lenovo",2026-04-12,90,0,10,0
"sensitivity","Lenovo","anchor_lenovo","lenovo","Lenovo",2026-04-19,81,0,10,0
"sensitivity","Lenovo","anchor_lenovo","lenovo","Lenovo",2026-04-26,80,0,10,0
"sensitivity","Lenovo","anchor_lenovo","lenovo","Lenovo",2026-05-03,100,0,10,0
"sensitivity","Lenovo","anchor_lenovo","lenovo","Lenovo",2026-05-10,95,0,10,0
"sensitivity","Lenovo","anchor_lenovo","lenovo","Lenovo",2026-05-17,72,0,10,0
"sensitivity","Lenovo","anchor_lenovo","lenovo","Lenovo",2026-05-24,64,0,10,0
"sensitivity","Lenovo","anchor_lenovo","lenovo","Lenovo",2026-05-31,68,0,10,0
"sensitivity","Lenovo","anchor_lenovo","lenovo","Lenovo",2026-06-07,58,0,10,0
"sensitivity","Lenovo","anchor_lenovo","lenovo","Lenovo",2026-06-14,54,0,10,0
"sensitivity","Lenovo","anchor_lenovo","lenovo","Lenovo",2026-06-21,57,0,10,0
"sensitivity","Lenovo","anchor_lenovo","lenovo","Lenovo",2026-06-28,46,0,10,0
"sensitivity","Lenovo","anchor_lenovo","lenovo","Lenovo",2026-07-05,43,0,10,0
"sensitivity","Lenovo","donor_huawei","huawei","Huawei",2021-12-26,57,0,10,0
"sensitivity","Lenovo","donor_huawei","huawei","Huawei",2022-01-02,59,0,10,0
"sensitivity","Lenovo","donor_huawei","huawei","Huawei",2022-01-09,52,0,10,0
"sensitivity","Lenovo","donor_huawei","huawei","Huawei",2022-01-16,49,0,10,0
"sensitivity","Lenovo","donor_huawei","huawei","Huawei",2022-01-23,56,0,10,0
"sensitivity","Lenovo","donor_huawei","huawei","Huawei",2022-01-30,55,0,10,0
"sensitivity","Lenovo","donor_huawei","huawei","Huawei",2022-02-06,55,0,10,0
"sensitivity","Lenovo","donor_huawei","huawei","Huawei",2022-02-13,60,0,10,0
"sensitivity","Lenovo","donor_huawei","huawei","Huawei",2022-02-20,57,0,10,0
"sensitivity","Lenovo","donor_huawei","huawei","Huawei",2022-02-27,52,0,10,0
"sensitivity","Lenovo","donor_huawei","huawei","Huawei",2022-03-06,51,0,10,0
"sensitivity","Lenovo","donor_huawei","huawei","Huawei",2022-03-13,50,0,10,0
"sensitivity","Lenovo","donor_huawei","huawei","Huawei",2022-03-20,51,0,10,0
"sensitivity","Lenovo","donor_huawei","huawei","Huawei",2022-03-27,48,0,10,0
"sensitivity","Lenovo","donor_huawei","huawei","Huawei",2022-04-03,49,0,10,0
"sensitivity","Lenovo","donor_huawei","huawei","Huawei",2022-04-10,49,0,10,0
"sensitivity","Lenovo","donor_huawei","huawei","Huawei",2022-04-17,49,0,10,0
"sensitivity","Lenovo","donor_huawei","huawei","Huawei",2022-04-24,49,0,10,0
"sensitivity","Lenovo","donor_huawei","huawei","Huawei",2022-05-01,53,0,10,0
"sensitivity","Lenovo","donor_huawei","huawei","Huawei",2022-05-08,44,0,10,0
"sensitivity","Lenovo","donor_huawei","huawei","Huawei",2022-05-15,46,0,10,0
"sensitivity","Lenovo","donor_huawei","huawei","Huawei",2022-05-22,48,0,10,0
"sensitivity","Lenovo","donor_huawei","huawei","Huawei",2022-05-29,47,0,10,0
"sensitivity","Lenovo","donor_huawei","huawei","Huawei",2022-06-05,44,0,10,0
"sensitivity","Lenovo","donor_huawei","huawei","Huawei",2022-06-12,47,0,10,0
"sensitivity","Lenovo","donor_huawei","huawei","Huawei",2022-06-19,47,0,10,0
"sensitivity","Lenovo","donor_huawei","huawei","Huawei",2022-06-26,45,0,10,0
"sensitivity","Lenovo","donor_huawei","huawei","Huawei",2022-07-03,48,0,10,0
"sensitivity","Lenovo","donor_huawei","huawei","Huawei",2022-07-10,49,0,10,0
"sensitivity","Lenovo","donor_huawei","huawei","Huawei",2022-07-17,48,0,10,0
"sensitivity","Lenovo","donor_huawei","huawei","Huawei",2022-07-24,47,0,10,0
"sensitivity","Lenovo","donor_huawei","huawei","Huawei",2022-07-31,50,0,10,0
"sensitivity","Lenovo","donor_huawei","huawei","Huawei",2022-08-07,48,0,10,0
"sensitivity","Lenovo","donor_huawei","huawei","Huawei",2022-08-14,50,0,10,0
"sensitivity","Lenovo","donor_huawei","huawei","Huawei",2022-08-21,47,0,10,0
"sensitivity","Lenovo","donor_huawei","huawei","Huawei",2022-08-28,46,0,10,0
"sensitivity","Lenovo","donor_huawei","huawei","Huawei",2022-09-04,49,0,10,0
"sensitivity","Lenovo","donor_huawei","huawei","Huawei",2022-09-11,45,0,10,0
"sensitivity","Lenovo","donor_huawei","huawei","Huawei",2022-09-18,47,0,10,0
"sensitivity","Lenovo","donor_huawei","huawei","Huawei",2022-09-25,44,0,10,0
"sensitivity","Lenovo","donor_huawei","huawei","Huawei",2022-10-02,43,0,10,0
"sensitivity","Lenovo","donor_huawei","huawei","Huawei",2022-10-09,44,0,10,0
"sensitivity","Lenovo","donor_huawei","huawei","Huawei",2022-10-16,41,0,10,0
"sensitivity","Lenovo","donor_huawei","huawei","Huawei",2022-10-23,44,0,10,0
"sensitivity","Lenovo","donor_huawei","huawei","Huawei",2022-10-30,42,0,10,0
"sensitivity","Lenovo","donor_huawei","huawei","Huawei",2022-11-06,43,0,10,0
"sensitivity","Lenovo","donor_huawei","huawei","Huawei",2022-11-13,46,0,10,0
"sensitivity","Lenovo","donor_huawei","huawei","Huawei",2022-11-20,47,0,10,0
"sensitivity","Lenovo","donor_huawei","huawei","Huawei",2022-11-27,41,0,10,0
"sensitivity","Lenovo","donor_huawei","huawei","Huawei",2022-12-04,43,0,10,0
"sensitivity","Lenovo","donor_huawei","huawei","Huawei",2022-12-11,44,0,10,0
"sensitivity","Lenovo","donor_huawei","huawei","Huawei",2022-12-18,46,0,10,0
"sensitivity","Lenovo","donor_huawei","huawei","Huawei",2022-12-25,52,0,10,0
"sensitivity","Lenovo","donor_huawei","huawei","Huawei",2023-01-01,45,0,10,0
"sensitivity","Lenovo","donor_huawei","huawei","Huawei",2023-01-08,43,0,10,0
"sensitivity","Lenovo","donor_huawei","huawei","Huawei",2023-01-15,40,0,10,0
"sensitivity","Lenovo","donor_huawei","huawei","Huawei",2023-01-22,43,0,10,0
"sensitivity","Lenovo","donor_huawei","huawei","Huawei",2023-01-29,42,0,10,0
"sensitivity","Lenovo","donor_huawei","huawei","Huawei",2023-02-05,39,0,10,0
"sensitivity","Lenovo","donor_huawei","huawei","Huawei",2023-02-12,39,0,10,0
"sensitivity","Lenovo","donor_huawei","huawei","Huawei",2023-02-19,39,0,10,0
"sensitivity","Lenovo","donor_huawei","huawei","Huawei",2023-02-26,37,0,10,0
"sensitivity","Lenovo","donor_huawei","huawei","Huawei",2023-03-05,38,0,10,0
"sensitivity","Lenovo","donor_huawei","huawei","Huawei",2023-03-12,38,0,10,0
"sensitivity","Lenovo","donor_huawei","huawei","Huawei",2023-03-19,37,0,10,0
"sensitivity","Lenovo","donor_huawei","huawei","Huawei",2023-03-26,38,0,10,0
"sensitivity","Lenovo","donor_huawei","huawei","Huawei",2023-04-02,37,0,10,0
"sensitivity","Lenovo","donor_huawei","huawei","Huawei",2023-04-09,36,0,10,0
"sensitivity","Lenovo","donor_huawei","huawei","Huawei",2023-04-16,35,0,10,0
"sensitivity","Lenovo","donor_huawei","huawei","Huawei",2023-04-23,37,0,10,0
"sensitivity","Lenovo","donor_huawei","huawei","Huawei",2023-04-30,35,0,10,0
"sensitivity","Lenovo","donor_huawei","huawei","Huawei",2023-05-07,38,0,10,0
"sensitivity","Lenovo","donor_huawei","huawei","Huawei",2023-05-14,38,0,10,0
"sensitivity","Lenovo","donor_huawei","huawei","Huawei",2023-05-21,39,0,10,0
"sensitivity","Lenovo","donor_huawei","huawei","Huawei",2023-05-28,38,0,10,0
"sensitivity","Lenovo","donor_huawei","huawei","Huawei",2023-06-04,38,0,10,0
"sensitivity","Lenovo","donor_huawei","huawei","Huawei",2023-06-11,37,0,10,0
"sensitivity","Lenovo","donor_huawei","huawei","Huawei",2023-06-18,39,0,10,0
"sensitivity","Lenovo","donor_huawei","huawei","Huawei",2023-06-25,36,0,10,0
"sensitivity","Lenovo","donor_huawei","huawei","Huawei",2023-07-02,40,0,10,0
"sensitivity","Lenovo","donor_huawei","huawei","Huawei",2023-07-09,39,0,10,0
"sensitivity","Lenovo","donor_huawei","huawei","Huawei",2023-07-16,38,0,10,0
"sensitivity","Lenovo","donor_huawei","huawei","Huawei",2023-07-23,38,0,10,0
"sensitivity","Lenovo","donor_huawei","huawei","Huawei",2023-07-30,38,0,10,0
"sensitivity","Lenovo","donor_huawei","huawei","Huawei",2023-08-06,38,0,10,0
"sensitivity","Lenovo","donor_huawei","huawei","Huawei",2023-08-13,37,0,10,0
"sensitivity","Lenovo","donor_huawei","huawei","Huawei",2023-08-20,37,0,10,0
"sensitivity","Lenovo","donor_huawei","huawei","Huawei",2023-08-27,39,0,10,0
"sensitivity","Lenovo","donor_huawei","huawei","Huawei",2023-09-03,40,0,10,0
"sensitivity","Lenovo","donor_huawei","huawei","Huawei",2023-09-10,40,0,10,0
"sensitivity","Lenovo","donor_huawei","huawei","Huawei",2023-09-17,41,0,10,0
"sensitivity","Lenovo","donor_huawei","huawei","Huawei",2023-09-24,40,0,10,0
"sensitivity","Lenovo","donor_huawei","huawei","Huawei",2023-10-01,38,0,10,0
"sensitivity","Lenovo","donor_huawei","huawei","Huawei",2023-10-08,38,0,10,0
"sensitivity","Lenovo","donor_huawei","huawei","Huawei",2023-10-15,37,0,10,0
"sensitivity","Lenovo","donor_huawei","huawei","Huawei",2023-10-22,36,0,10,0
"sensitivity","Lenovo","donor_huawei","huawei","Huawei",2023-10-29,40,0,10,0
"sensitivity","Lenovo","donor_huawei","huawei","Huawei",2023-11-05,37,0,10,0
"sensitivity","Lenovo","donor_huawei","huawei","Huawei",2023-11-12,37,0,10,0
"sensitivity","Lenovo","donor_huawei","huawei","Huawei",2023-11-19,39,0,10,0
"sensitivity","Lenovo","donor_huawei","huawei","Huawei",2023-11-26,34,0,10,0
"sensitivity","Lenovo","donor_huawei","huawei","Huawei",2023-12-03,34,0,10,0
"sensitivity","Lenovo","donor_huawei","huawei","Huawei",2023-12-10,37,0,10,0
"sensitivity","Lenovo","donor_huawei","huawei","Huawei",2023-12-17,37,0,10,0
"sensitivity","Lenovo","donor_huawei","huawei","Huawei",2023-12-24,41,0,10,0
"sensitivity","Lenovo","donor_huawei","huawei","Huawei",2023-12-31,36,0,10,0
"sensitivity","Lenovo","donor_huawei","huawei","Huawei",2024-01-07,35,0,10,0
"sensitivity","Lenovo","donor_huawei","huawei","Huawei",2024-01-14,33,0,10,0
"sensitivity","Lenovo","donor_huawei","huawei","Huawei",2024-01-21,32,0,10,0
"sensitivity","Lenovo","donor_huawei","huawei","Huawei",2024-01-28,33,0,10,0
"sensitivity","Lenovo","donor_huawei","huawei","Huawei",2024-02-04,33,0,10,0
"sensitivity","Lenovo","donor_huawei","huawei","Huawei",2024-02-11,32,0,10,0
"sensitivity","Lenovo","donor_huawei","huawei","Huawei",2024-02-18,31,0,10,0
"sensitivity","Lenovo","donor_huawei","huawei","Huawei",2024-02-25,30,0,10,0
"sensitivity","Lenovo","donor_huawei","huawei","Huawei",2024-03-03,30,0,10,0
"sensitivity","Lenovo","donor_huawei","huawei","Huawei",2024-03-10,31,0,10,0
"sensitivity","Lenovo","donor_huawei","huawei","Huawei",2024-03-17,31,0,10,0
"sensitivity","Lenovo","donor_huawei","huawei","Huawei",2024-03-24,31,0,10,0
"sensitivity","Lenovo","donor_huawei","huawei","Huawei",2024-03-31,31,0,10,0
"sensitivity","Lenovo","donor_huawei","huawei","Huawei",2024-04-07,30,0,10,0
"sensitivity","Lenovo","donor_huawei","huawei","Huawei",2024-04-14,32,0,10,0
"sensitivity","Lenovo","donor_huawei","huawei","Huawei",2024-04-21,33,0,10,0
"sensitivity","Lenovo","donor_huawei","huawei","Huawei",2024-04-28,33,0,10,0
"sensitivity","Lenovo","donor_huawei","huawei","Huawei",2024-05-05,35,0,10,0
"sensitivity","Lenovo","donor_huawei","huawei","Huawei",2024-05-12,35,0,10,0
"sensitivity","Lenovo","donor_huawei","huawei","Huawei",2024-05-19,35,0,10,0
"sensitivity","Lenovo","donor_huawei","huawei","Huawei",2024-05-26,34,0,10,0
"sensitivity","Lenovo","donor_huawei","huawei","Huawei",2024-06-02,32,0,10,0
"sensitivity","Lenovo","donor_huawei","huawei","Huawei",2024-06-09,33,0,10,0
"sensitivity","Lenovo","donor_huawei","huawei","Huawei",2024-06-16,31,0,10,0
"sensitivity","Lenovo","donor_huawei","huawei","Huawei",2024-06-23,31,0,10,0
"sensitivity","Lenovo","donor_huawei","huawei","Huawei",2024-06-30,31,0,10,0
"sensitivity","Lenovo","donor_huawei","huawei","Huawei",2024-07-07,32,0,10,0
"sensitivity","Lenovo","donor_huawei","huawei","Huawei",2024-07-14,31,0,10,0
"sensitivity","Lenovo","donor_huawei","huawei","Huawei",2024-07-21,31,0,10,0
"sensitivity","Lenovo","donor_huawei","huawei","Huawei",2024-07-28,32,0,10,0
"sensitivity","Lenovo","donor_huawei","huawei","Huawei",2024-08-04,31,0,10,0
"sensitivity","Lenovo","donor_huawei","huawei","Huawei",2024-08-11,31,0,10,0
"sensitivity","Lenovo","donor_huawei","huawei","Huawei",2024-08-18,31,0,10,0
"sensitivity","Lenovo","donor_huawei","huawei","Huawei",2024-08-25,30,0,10,0
"sensitivity","Lenovo","donor_huawei","huawei","Huawei",2024-09-01,30,0,10,0
"sensitivity","Lenovo","donor_huawei","huawei","Huawei",2024-09-08,46,0,10,0
"sensitivity","Lenovo","donor_huawei","huawei","Huawei",2024-09-15,40,0,10,0
"sensitivity","Lenovo","donor_huawei","huawei","Huawei",2024-09-22,38,0,10,0
"sensitivity","Lenovo","donor_huawei","huawei","Huawei",2024-09-29,37,0,10,0
"sensitivity","Lenovo","donor_huawei","huawei","Huawei",2024-10-06,36,0,10,0
"sensitivity","Lenovo","donor_huawei","huawei","Huawei",2024-10-13,32,0,10,0
"sensitivity","Lenovo","donor_huawei","huawei","Huawei",2024-10-20,32,0,10,0
"sensitivity","Lenovo","donor_huawei","huawei","Huawei",2024-10-27,32,0,10,0
"sensitivity","Lenovo","donor_huawei","huawei","Huawei",2024-11-03,31,0,10,0
"sensitivity","Lenovo","donor_huawei","huawei","Huawei",2024-11-10,32,0,10,0
"sensitivity","Lenovo","donor_huawei","huawei","Huawei",2024-11-17,31,0,10,0
"sensitivity","Lenovo","donor_huawei","huawei","Huawei",2024-11-24,34,0,10,0
"sensitivity","Lenovo","donor_huawei","huawei","Huawei",2024-12-01,32,0,10,0
"sensitivity","Lenovo","donor_huawei","huawei","Huawei",2024-12-08,32,0,10,0
"sensitivity","Lenovo","donor_huawei","huawei","Huawei",2024-12-15,31,0,10,0
"sensitivity","Lenovo","donor_huawei","huawei","Huawei",2024-12-22,35,0,10,0
"sensitivity","Lenovo","donor_huawei","huawei","Huawei",2024-12-29,33,0,10,0
"sensitivity","Lenovo","donor_huawei","huawei","Huawei",2025-01-05,31,0,10,0
"sensitivity","Lenovo","donor_huawei","huawei","Huawei",2025-01-12,31,0,10,0
"sensitivity","Lenovo","donor_huawei","huawei","Huawei",2025-01-19,30,0,10,0
"sensitivity","Lenovo","donor_huawei","huawei","Huawei",2025-01-26,29,0,10,0
"sensitivity","Lenovo","donor_huawei","huawei","Huawei",2025-02-02,29,0,10,0
"sensitivity","Lenovo","donor_huawei","huawei","Huawei",2025-02-09,29,0,10,0
"sensitivity","Lenovo","donor_huawei","huawei","Huawei",2025-02-16,29,0,10,0
"sensitivity","Lenovo","donor_huawei","huawei","Huawei",2025-02-23,27,0,10,0
"sensitivity","Lenovo","donor_huawei","huawei","Huawei",2025-03-02,28,0,10,0
"sensitivity","Lenovo","donor_huawei","huawei","Huawei",2025-03-09,28,0,10,0
"sensitivity","Lenovo","donor_huawei","huawei","Huawei",2025-03-16,30,0,10,0
"sensitivity","Lenovo","donor_huawei","huawei","Huawei",2025-03-23,27,0,10,0
"sensitivity","Lenovo","donor_huawei","huawei","Huawei",2025-03-30,28,0,10,0
"sensitivity","Lenovo","donor_huawei","huawei","Huawei",2025-04-06,28,0,10,0
"sensitivity","Lenovo","donor_huawei","huawei","Huawei",2025-04-13,27,0,10,0
"sensitivity","Lenovo","donor_huawei","huawei","Huawei",2025-04-20,27,0,10,0
"sensitivity","Lenovo","donor_huawei","huawei","Huawei",2025-04-27,28,0,10,0
"sensitivity","Lenovo","donor_huawei","huawei","Huawei",2025-05-04,28,0,10,0
"sensitivity","Lenovo","donor_huawei","huawei","Huawei",2025-05-11,29,0,10,0
"sensitivity","Lenovo","donor_huawei","huawei","Huawei",2025-05-18,33,0,10,0
"sensitivity","Lenovo","donor_huawei","huawei","Huawei",2025-05-25,32,0,10,0
"sensitivity","Lenovo","donor_huawei","huawei","Huawei",2025-06-01,32,0,10,0
"sensitivity","Lenovo","donor_huawei","huawei","Huawei",2025-06-08,33,0,10,0
"sensitivity","Lenovo","donor_huawei","huawei","Huawei",2025-06-15,32,0,10,0
"sensitivity","Lenovo","donor_huawei","huawei","Huawei",2025-06-22,30,0,10,0
"sensitivity","Lenovo","donor_huawei","huawei","Huawei",2025-06-29,32,0,10,0
"sensitivity","Lenovo","donor_huawei","huawei","Huawei",2025-07-06,31,0,10,0
"sensitivity","Lenovo","donor_huawei","huawei","Huawei",2025-07-13,31,0,10,0
"sensitivity","Lenovo","donor_huawei","huawei","Huawei",2025-07-20,34,0,10,0
"sensitivity","Lenovo","donor_huawei","huawei","Huawei",2025-07-27,35,0,10,0
"sensitivity","Lenovo","donor_huawei","huawei","Huawei",2025-08-03,36,0,10,0
"sensitivity","Lenovo","donor_huawei","huawei","Huawei",2025-08-10,37,0,10,0
"sensitivity","Lenovo","donor_huawei","huawei","Huawei",2025-08-17,38,0,10,0
"sensitivity","Lenovo","donor_huawei","huawei","Huawei",2025-08-24,36,0,10,0
"sensitivity","Lenovo","donor_huawei","huawei","Huawei",2025-08-31,39,0,10,0
"sensitivity","Lenovo","donor_huawei","huawei","Huawei",2025-09-07,40,0,10,0
"sensitivity","Lenovo","donor_huawei","huawei","Huawei",2025-09-14,38,0,10,0
"sensitivity","Lenovo","donor_huawei","huawei","Huawei",2025-09-21,40,0,10,0
"sensitivity","Lenovo","donor_huawei","huawei","Huawei",2025-09-28,39,0,10,0
"sensitivity","Lenovo","donor_huawei","huawei","Huawei",2025-10-05,39,0,10,0
"sensitivity","Lenovo","donor_huawei","huawei","Huawei",2025-10-12,35,0,10,0
"sensitivity","Lenovo","donor_huawei","huawei","Huawei",2025-10-19,35,0,10,0
"sensitivity","Lenovo","donor_huawei","huawei","Huawei",2025-10-26,33,0,10,0
"sensitivity","Lenovo","donor_huawei","huawei","Huawei",2025-11-02,33,0,10,0
"sensitivity","Lenovo","donor_huawei","huawei","Huawei",2025-11-09,38,0,10,0
"sensitivity","Lenovo","donor_huawei","huawei","Huawei",2025-11-16,35,0,10,0
"sensitivity","Lenovo","donor_huawei","huawei","Huawei",2025-11-23,37,0,10,0
"sensitivity","Lenovo","donor_huawei","huawei","Huawei",2025-11-30,35,0,10,0
"sensitivity","Lenovo","donor_huawei","huawei","Huawei",2025-12-07,33,0,10,0
"sensitivity","Lenovo","donor_huawei","huawei","Huawei",2025-12-14,34,0,10,0
"sensitivity","Lenovo","donor_huawei","huawei","Huawei",2025-12-21,36,0,10,0
"sensitivity","Lenovo","donor_huawei","huawei","Huawei",2025-12-28,32,0,10,0
"sensitivity","Lenovo","donor_huawei","huawei","Huawei",2026-01-04,29,0,10,0
"sensitivity","Lenovo","donor_huawei","huawei","Huawei",2026-01-11,30,0,10,0
"sensitivity","Lenovo","donor_huawei","huawei","Huawei",2026-01-18,31,0,10,0
"sensitivity","Lenovo","donor_huawei","huawei","Huawei",2026-01-25,32,0,10,0
"sensitivity","Lenovo","donor_huawei","huawei","Huawei",2026-02-01,30,0,10,0
"sensitivity","Lenovo","donor_huawei","huawei","Huawei",2026-02-08,31,0,10,0
"sensitivity","Lenovo","donor_huawei","huawei","Huawei",2026-02-15,31,0,10,0
"sensitivity","Lenovo","donor_huawei","huawei","Huawei",2026-02-22,30,0,10,0
"sensitivity","Lenovo","donor_huawei","huawei","Huawei",2026-03-01,32,0,10,0
"sensitivity","Lenovo","donor_huawei","huawei","Huawei",2026-03-08,33,0,10,0
"sensitivity","Lenovo","donor_huawei","huawei","Huawei",2026-03-15,32,0,10,0
"sensitivity","Lenovo","donor_huawei","huawei","Huawei",2026-03-22,32,0,10,0
"sensitivity","Lenovo","donor_huawei","huawei","Huawei",2026-03-29,35,0,10,0
"sensitivity","Lenovo","donor_huawei","huawei","Huawei",2026-04-05,34,0,10,0
"sensitivity","Lenovo","donor_huawei","huawei","Huawei",2026-04-12,32,0,10,0
"sensitivity","Lenovo","donor_huawei","huawei","Huawei",2026-04-19,33,0,10,0
"sensitivity","Lenovo","donor_huawei","huawei","Huawei",2026-04-26,34,0,10,0
"sensitivity","Lenovo","donor_huawei","huawei","Huawei",2026-05-03,33,0,10,0
"sensitivity","Lenovo","donor_huawei","huawei","Huawei",2026-05-10,35,0,10,0
"sensitivity","Lenovo","donor_huawei","huawei","Huawei",2026-05-17,36,0,10,0
"sensitivity","Lenovo","donor_huawei","huawei","Huawei",2026-05-24,36,0,10,0
"sensitivity","Lenovo","donor_huawei","huawei","Huawei",2026-05-31,37,0,10,0
"sensitivity","Lenovo","donor_huawei","huawei","Huawei",2026-06-07,35,0,10,0
"sensitivity","Lenovo","donor_huawei","huawei","Huawei",2026-06-14,32,0,10,0
"sensitivity","Lenovo","donor_huawei","huawei","Huawei",2026-06-21,36,0,10,0
"sensitivity","Lenovo","donor_huawei","huawei","Huawei",2026-06-28,31,0,10,0
"sensitivity","Lenovo","donor_huawei","huawei","Huawei",2026-07-05,27,0,10,0
