"query_id","term","family","target_stage","property_id","geo_id","week","interest_mean","interest_sd","draws_used","suppressed_draws"
"brand_lenovo","Lenovo","brand","awareness","","worldwide",2021-12-26,34.885549999999995,0.16185674221360286,2,0
"brand_lenovo","Lenovo","brand","awareness","","worldwide",2022-01-02,41.27785,0.3929392383053656,2,0
"brand_lenovo","Lenovo","brand","awareness","","worldwide",2022-01-09,41.27785,0.3929392383053656,2,0
"brand_lenovo","Lenovo","brand","awareness","","worldwide",2022-01-16,36.233599999999996,0.3303602881703538,2,0
"brand_lenovo","Lenovo","brand","awareness","","worldwide",2022-01-23,41.989850000000004,0.014354267658086119,2,0
"brand_lenovo","Lenovo","brand","awareness","","worldwide",2022-01-30,40.1418,0.20053548314450478,2,0
"brand_lenovo","Lenovo","brand","awareness","","worldwide",2022-02-06,40.1418,0.20053548314450478,2,0
"brand_lenovo","Lenovo","brand","awareness","","worldwide",2022-02-13,42.201899999999995,0.2855297182431257,2,0
"brand_lenovo","Lenovo","brand","awareness","","worldwide",2022-02-20,41.989850000000004,0.014354267658086119,2,0
"brand_lenovo","Lenovo","brand","awareness","","worldwide",2022-02-27,39.217749999999995,0.30794500320673973,2,0
"brand_lenovo","Lenovo","brand","awareness","","worldwide",2022-03-06,39.00575,0.00813172798364393,2,0
"brand_lenovo","Lenovo","brand","awareness","","worldwide",2022-03-13,41.77785,0.3141675428811819,2,0
"brand_lenovo","Lenovo","brand","awareness","","worldwide",2022-03-20,39.92975,0.09934850275671202,2,0
"brand_lenovo","Lenovo","brand","awareness","","worldwide",2022-03-27,38.7937,0.2917522579175678,2,0
"brand_lenovo","Lenovo","brand","awareness","","worldwide",2022-04-03,36.233599999999996,0.3303602881703538,2,0
"brand_lenovo","Lenovo","brand","awareness","","worldwide",2022-04-10,34.173500000000004,0.24536605307173293,2,0
"brand_lenovo","Lenovo","brand","awareness","","worldwide",2022-04-17,36.0216,0.030547012947258,2,0
"brand_lenovo","Lenovo","brand","awareness","","worldwide",2022-04-24,34.885549999999995,0.16185674221360286,2,0
"brand_lenovo","Lenovo","brand","awareness","","worldwide",2022-05-01,33.9615,0.05444722215136287,2,0
"brand_lenovo","Lenovo","brand","awareness","","worldwide",2022-05-08,32.825450000000004,0.24685097731222372,2,0
"brand_lenovo","Lenovo","brand","awareness","","worldwide",2022-05-15,32.11345,0.16044252865122802,2,0
"brand_lenovo","Lenovo","brand","awareness","","worldwide",2022-05-22,33.02193333333334,0.04609558908760361,3,0
"brand_lenovo","Lenovo","brand","awareness","","worldwide",2022-05-29,33.94343333333333,0.04961313670121373,3,0
"brand_lenovo","Lenovo","brand","awareness","","worldwide",2022-06-05,33.31603333333334,0.2748277703095776,3,0
"brand_lenovo","Lenovo","brand","awareness","","worldwide",2022-06-12,33.94343333333333,0.04961313670121373,3,0
"brand_lenovo","Lenovo","brand","awareness","","worldwide",2022-06-19,34.86493333333333,0.11989138139721937,3,0
"brand_lenovo","Lenovo","brand","awareness","","worldwide",2022-06-26,33.94343333333333,0.04961313670121373,3,0
"brand_lenovo","Lenovo","brand","awareness","","worldwide",2022-07-03,34.86493333333333,0.11989138139721937,3,0
"brand_lenovo","Lenovo","brand","awareness","","worldwide",2022-07-10,35.78646666666667,0.1945703300437489,3,0
"brand_lenovo","Lenovo","brand","awareness","","worldwide",2022-07-17,35.78646666666667,0.1945703300437489,3,0
"brand_lenovo","Lenovo","brand","awareness","","worldwide",2022-07-24,37.00203333333334,0.11176387311351325,3,0
"brand_lenovo","Lenovo","brand","awareness","","worldwide",2022-07-31,38.69226666666667,0.27097205267948277,3,0
"brand_lenovo","Lenovo","brand","awareness","","worldwide",2022-08-07,36.080533333333335,0.10433586791383544,3,0
"brand_lenovo","Lenovo","brand","awareness","","worldwide",2022-08-14,37.62943333333333,0.34582085439333055,3,0
"brand_lenovo","Lenovo","brand","awareness","","worldwide",2022-08-21,37.2961,0.28698210745619684,3,0
"brand_lenovo","Lenovo","brand","awareness","","worldwide",2022-08-28,37.143366666666665,0.1595793324128578,3,0
"brand_lenovo","Lenovo","brand","awareness","","worldwide",2022-09-04,40.82933333333333,0.15221791396985246,3,0
"brand_lenovo","Lenovo","brand","awareness","","worldwide",2022-09-11,36.8493,0.1755103700639952,3,0
"brand_lenovo","Lenovo","brand","awareness","","worldwide",2022-09-18,37.00203333333334,0.11176387311351325,3,0
"brand_lenovo","Lenovo","brand","awareness","","worldwide",2022-09-25,37.143366666666665,0.1595793324128578,3,0
"brand_lenovo","Lenovo","brand","awareness","","worldwide",2022-10-02,34.86493333333333,0.11989138139721937,3,0
"brand_lenovo","Lenovo","brand","awareness","","worldwide",2022-10-09,35.780775,0.1592733159278939,4,0
"brand_lenovo","Lenovo","brand","awareness","","worldwide",2022-10-16,36.80715,0.166260087413266,4,0
"brand_lenovo","Lenovo","brand","awareness","","worldwide",2022-10-23,33.6048,0.26425673122930987,4,0
"brand_lenovo","Lenovo","brand","awareness","","worldwide",2022-10-30,33.833975,0.22678422013005994,4,0
"brand_lenovo","Lenovo","brand","awareness","","worldwide",2022-11-06,35.195575,0.1387284247489788,4,0
"brand_lenovo","Lenovo","brand","awareness","","worldwide",2022-11-13,38.983075,0.028579873454349102,4,0
"brand_lenovo","Lenovo","brand","awareness","","worldwide",2022-11-20,40.823825,0.12477271002373369,4,0
"brand_lenovo","Lenovo","brand","awareness","","worldwide",2022-11-27,35.886775,0.15697172516093374,4,0
"brand_lenovo","Lenovo","brand","awareness","","worldwide",2022-12-04,35.195575,0.1387284247489788,4,0
"brand_lenovo","Lenovo","brand","awareness","","worldwide",2022-12-11,35.780775,0.1592733159278939,4,0
"brand_lenovo","Lenovo","brand","awareness","","worldwide",2022-12-18,33.939975000000004,0.04109520450531087,4,0
"brand_lenovo","Lenovo","brand","awareness","","worldwide",2022-12-25,38.397875,0.26848286568544183,4,0
"brand_lenovo","Lenovo","brand","awareness","","worldwide",2023-01-01,35.780775,0.1592733159278939,4,0
"brand_lenovo","Lenovo","brand","awareness","","worldwide",2023-01-08,37.036325000000005,0.11415391291293314,4,0
"brand_lenovo","Lenovo","brand","awareness","","worldwide",2023-01-15,38.0627,0.07096074031932663,4,0
"brand_lenovo","Lenovo","brand","awareness","","worldwide",2023-01-22,38.87705,0.1942815396960457,4,0
"brand_lenovo","Lenovo","brand","awareness","","worldwide",2023-01-29,37.142325,0.13031263369297705,4,0
"brand_lenovo","Lenovo","brand","awareness","","worldwide",2023-02-05,36.11595,0.1107911398382865,4,0
"brand_lenovo","Lenovo","brand","awareness","","worldwide",2023-02-12,35.886775,0.15697172516093374,4,0
"brand_lenovo","Lenovo","brand","awareness","","worldwide",2023-02-19,35.886775,0.15697172516093374,4,0
"brand_lenovo","Lenovo","brand","awareness","","worldwide",2023-02-26,35.780775,0.1592733159278939,4,0
"brand_lenovo","Lenovo","brand","awareness","","worldwide",2023-03-05,33.92832,0.04411130240652562,5,0
"brand_lenovo","Lenovo","brand","awareness","","worldwide",2023-03-12,34.28804,0.16211379645175128,5,0
"brand_lenovo","Lenovo","brand","awareness","","worldwide",2023-03-19,34.93258,0.1665578488093529,5,0
"brand_lenovo","Lenovo","brand","awareness","","worldwide",2023-03-26,33.92832,0.04411130240652562,5,0
"brand_lenovo","Lenovo","brand","awareness","","worldwide",2023-04-02,32.64916,0.20346313671031482,5,0
"brand_lenovo","Lenovo","brand","awareness","","worldwide",2023-04-09,30.72548,0.17056028846129467,5,0
"brand_lenovo","Lenovo","brand","awareness","","worldwide",2023-04-16,30.72548,0.17056028846129467,5,0
"brand_lenovo","Lenovo","brand","awareness","","worldwide",2023-04-23,30.165760000000002,0.11037424065424038,5,0
"brand_lenovo","Lenovo","brand","awareness","","worldwide",2023-04-30,31.08518,0.1009427411951947,5,0
"brand_lenovo","Lenovo","brand","awareness","","worldwide",2023-05-07,31.44492,0.26943471751056897,5,0
"brand_lenovo","Lenovo","brand","awareness","","worldwide",2023-05-14,30.165760000000002,0.11037424065424038,5,0
"brand_lenovo","Lenovo","brand","awareness","","worldwide",2023-05-21,32.00462,0.1183118421798921,5,0
"brand_lenovo","Lenovo","brand","awareness","","worldwide",2023-05-28,30.72548,0.17056028846129467,5,0
"brand_lenovo","Lenovo","brand","awareness","","worldwide",2023-06-04,31.44492,0.26943471751056897,5,0
"brand_lenovo","Lenovo","brand","awareness","","worldwide",2023-06-11,31.169999999999998,0.1359901283181975,5,0
"brand_lenovo","Lenovo","brand","awareness","","worldwide",2023-06-18,32.36436,0.24323562239112836,5,0
"brand_lenovo","Lenovo","brand","awareness","","worldwide",2023-06-25,31.44492,0.26943471751056897,5,0
"brand_lenovo","Lenovo","brand","awareness","","worldwide",2023-07-02,32.44916,0.2568603667364816,5,0
"brand_lenovo","Lenovo","brand","awareness","","worldwide",2023-07-09,36.77148,0.16460120594941055,5,0
"brand_lenovo","Lenovo","brand","awareness","","worldwide",2023-07-16,35.76724,0.14121605078743743,5,0
"brand_lenovo","Lenovo","brand","awareness","","worldwide",2023-07-23,34.834666666666664,0.08640450605533621,6,0
"brand_lenovo","Lenovo","brand","awareness","","worldwide",2023-07-30,35.21383333333333,0.11116306340986873,6,0
"brand_lenovo","Lenovo","brand","awareness","","worldwide",2023-08-06,35.28451666666666,0.19787901775243036,6,0
"brand_lenovo","Lenovo","brand","awareness","","worldwide",2023-08-13,36.20945,0.1498004238979311,6,0
"brand_lenovo","Lenovo","brand","awareness","","worldwide",2023-08-20,36.4328,0.31322942869404863,5,0
"brand_lenovo","Lenovo","brand","awareness","","worldwide",2023-08-27,38.97892,0.05256488371527105,5,0
"brand_lenovo","Lenovo","brand","awareness","","worldwide",2023-09-03,37.668420000000005,0.18782652102405464,5,0
"brand_lenovo","Lenovo","brand","awareness","","worldwide",2023-09-10,36.1579,0.09010932249218143,5,0
"brand_lenovo","Lenovo","brand","awareness","","worldwide",2023-09-17,36.72806,0.15334137732523523,5,0
"brand_lenovo","Lenovo","brand","awareness","","worldwide",2023-09-24,36.1579,0.09010932249218143,5,0
"brand_lenovo","Lenovo","brand","awareness","","worldwide",2023-10-01,35.78772,0.12024756546392111,5,0
"brand_lenovo","Lenovo","brand","awareness","","worldwide",2023-10-08,36.528059999999996,0.2958776402501544,5,0
"brand_lenovo","Lenovo","brand","awareness","","worldwide",2023-10-15,35.78772,0.12024756546392111,5,0
"brand_lenovo","Lenovo","brand","awareness","","worldwide",2023-10-22,34.2772,0.15896727650683262,5,0
"brand_lenovo","Lenovo","brand","awareness","","worldwide",2023-10-29,36.72806,0.15334137732523523,5,0
"brand_lenovo","Lenovo","brand","awareness","","worldwide",2023-11-05,38.038579999999996,0.042793597651983865,5,0
"brand_lenovo","Lenovo","brand","awareness","","worldwide",2023-11-12,38.40876,0.23269358177654986,5,0
"brand_lenovo","Lenovo","brand","awareness","","worldwide",2023-11-19,45.83626,0.10303282486664102,5,0
"brand_lenovo","Lenovo","brand","awareness","","worldwide",2023-11-26,39.91928,0.08001241778624198,5,0
"brand_lenovo","Lenovo","brand","awareness","","worldwide",2023-12-03,37.668420000000005,0.18782652102405464,5,0
"brand_lenovo","Lenovo","brand","awareness","","worldwide",2023-12-10,37.37316,0.2777461844922456,5,0
"brand_lenovo","Lenovo","brand","awareness","","worldwide",2023-12-17,36.9481,0.2174986160875532,6,0
"brand_lenovo","Lenovo","brand","awareness","","worldwide",2023-12-24,38.83285,0.19841908930342358,6,0
"brand_lenovo","Lenovo","brand","awareness","","worldwide",2023-12-31,36.719,0.13893654666789507,6,0
"brand_lenovo","Lenovo","brand","awareness","","worldwide",2024-01-07,38.62664,0.21454459443202104,5,0
"brand_lenovo","Lenovo","brand","awareness","","worldwide",2024-01-14,37.67908,0.18249393688558424,5,0
"brand_lenovo","Lenovo","brand","awareness","","worldwide",2024-01-21,37.67908,0.18249393688558424,5,0
"brand_lenovo","Lenovo","brand","awareness","","worldwide",2024-01-28,38.052839999999996,0.050842236378820696,5,0
"brand_lenovo","Lenovo","brand","awareness","","worldwide",2024-02-04,37.67908,0.18249393688558424,5,0
"brand_lenovo","Lenovo","brand","awareness","","worldwide",2024-02-11,36.1577,0.08999799997777728,5,0
"brand_lenovo","Lenovo","brand","awareness","","worldwide",2024-02-18,36.1577,0.08999799997777728,5,0
"brand_lenovo","Lenovo","brand","awareness","","worldwide",2024-02-25,37.67908,0.18249393688558424,5,0
"brand_lenovo","Lenovo","brand","awareness","","worldwide",2024-03-03,36.1577,0.08999799997777728,5,0
"brand_lenovo","Lenovo","brand","awareness","","worldwide",2024-03-10,36.1577,0.08999799997777728,5,0
"brand_lenovo","Lenovo","brand","awareness","","worldwide",2024-03-17,35.210139999999996,0.12008250497054027,5,0
"brand_lenovo","Lenovo","brand","awareness","","worldwide",2024-03-24,36.1577,0.08999799997777728,5,0
"brand_lenovo","Lenovo","brand","awareness","","worldwide",2024-03-31,32.7579,0.2150076393991625,5,0
"brand_lenovo","Lenovo","brand","awareness","","worldwide",2024-04-07,32.94118,0.07279864009718859,5,0
"brand_lenovo","Lenovo","brand","awareness","","worldwide",2024-04-14,32.7579,0.2150076393991625,5,0
"brand_lenovo","Lenovo","brand","awareness","","worldwide",2024-04-21,34.65308,0.28091494620258317,5,0
"brand_lenovo","Lenovo","brand","awareness","","worldwide",2024-04-28,32.7579,0.2150076393991625,5,0
"brand_lenovo","Lenovo","brand","awareness","","worldwide",2024-05-05,31.98285,0.07839384542168963,6,0
"brand_lenovo","Lenovo","brand","awareness","","worldwide",2024-05-12,33.735216666666666,0.2332757288417861,6,0
"brand_lenovo","Lenovo","brand","awareness","","worldwide",2024-05-19,33.887950000000004,0.07018161440149408,6,0
"brand_lenovo","Lenovo","brand","awareness","","worldwide",2024-05-26,34.30805,0.17579650451587445,6,0
"brand_lenovo","Lenovo","brand","awareness","","worldwide",2024-06-02,32.37272,0.22412870632741344,5,0
"brand_lenovo","Lenovo","brand","awareness","","worldwide",2024-06-09,35.18654,0.10768504074382744,5,0
"brand_lenovo","Lenovo","brand","awareness","","worldwide",2024-06-16,33.2672,0.16410565194410606,5,0
"brand_lenovo","Lenovo","brand","awareness","","worldwide",2024-06-23,36.08102,0.15853738360399422,5,0
"brand_lenovo","Lenovo","brand","awareness","","worldwide",2024-06-30,32.8548,0.16487575625300413,5,0
"brand_lenovo","Lenovo","brand","awareness","","worldwide",2024-07-07,36.08102,0.15853738360399422,5,0
"brand_lenovo","Lenovo","brand","awareness","","worldwide",2024-07-14,38.13064,0.183037299477456,5,0
"brand_lenovo","Lenovo","brand","awareness","","worldwide",2024-07-21,38.22222,0.21465457600526425,5,0
"brand_lenovo","Lenovo","brand","awareness","","worldwide",2024-07-28,35.09496,0.19439122408174442,5,0
"brand_lenovo","Lenovo","brand","awareness","","worldwide",2024-08-04,36.08102,0.15853738360399422,5,0
"brand_lenovo","Lenovo","brand","awareness","","worldwide",2024-08-11,38.00032,0.1262359576348992,5,0
"brand_lenovo","Lenovo","brand","awareness","","worldwide",2024-08-18,40.33204,0.2017520458384493,5,0
"brand_lenovo","Lenovo","brand","awareness","","worldwide",2024-08-25,39.02514,0.06902219208341616,5,0
"brand_lenovo","Lenovo","brand","awareness","","worldwide",2024-09-01,39.30724,0.2470698848504186,5,0
"brand_lenovo","Lenovo","brand","awareness","","worldwide",2024-09-08,39.30724,0.2470698848504186,5,0
"brand_lenovo","Lenovo","brand","awareness","","worldwide",2024-09-15,39.30724,0.2470698848504186,5,0
"brand_lenovo","Lenovo","brand","awareness","","worldwide",2024-09-22,39.72916,0.2016679771307298,5,0
"brand_lenovo","Lenovo","brand","awareness","","worldwide",2024-09-29,37.76521666666667,0.19908830620271553,6,0
"brand_lenovo","Lenovo","brand","awareness","","worldwide",2024-10-06,39.69798333333333,0.2622799299730487,6,0
"brand_lenovo","Lenovo","brand","awareness","","worldwide",2024-10-13,38.267633333333336,0.29636362574828,6,0
"brand_lenovo","Lenovo","brand","awareness","","worldwide",2024-10-20,37.99984,0.1262306341582742,5,0
"brand_lenovo","Lenovo","brand","awareness","","worldwide",2024-10-27,36.17714,0.20107861149311768,5,0
"brand_lenovo","Lenovo","brand","awareness","","worldwide",2024-11-03,39.04152,0.04150056626119795,5,0
"brand_lenovo","Lenovo","brand","awareness","","worldwide",2024-11-10,40.99454,0.037564983694924156,5,0
"brand_lenovo","Lenovo","brand","awareness","","worldwide",2024-11-17,43.13808,0.18612607823730656,5,0
"brand_lenovo","Lenovo","brand","awareness","","worldwide",2024-11-24,47.76498,0.21597180834544144,5,0
"brand_lenovo","Lenovo","brand","awareness","","worldwide",2024-12-01,42.94758,0.0747932617285812,5,0
"brand_lenovo","Lenovo","brand","awareness","","worldwide",2024-12-08,40.6737,0.29984205008637493,5,0
"brand_lenovo","Lenovo","brand","awareness","","worldwide",2024-12-15,37.80934,0.18693228185629068,5,0
"brand_lenovo","Lenovo","brand","awareness","","worldwide",2024-12-22,43.85892,0.14443350373095623,5,0
"brand_lenovo","Lenovo","brand","awareness","","worldwide",2024-12-29,40.99454,0.037564983694924156,5,0
"brand_lenovo","Lenovo","brand","awareness","","worldwide",2025-01-05,43.13808,0.18612607823730656,5,0
"brand_lenovo","Lenovo","brand","awareness","","worldwide",2025-01-12,39.95288,0.11432115727195934,5,0
"brand_lenovo","Lenovo","brand","awareness","","worldwide",2025-01-19,40.99454,0.037564983694924156,5,0
"brand_lenovo","Lenovo","brand","awareness","","worldwide",2025-01-26,39.95288,0.11432115727195934,5,0
"brand_lenovo","Lenovo","brand","awareness","","worldwide",2025-02-02,40.99454,0.037564983694924156,5,0
"brand_lenovo","Lenovo","brand","awareness","","worldwide",2025-02-09,41.38506,0.4009069505508736,5,0
"brand_lenovo","Lenovo","brand","awareness","","worldwide",2025-02-16,39.79901666666667,0.22795317428513073,6,0
"brand_lenovo","Lenovo","brand","awareness","","worldwide",2025-02-23,37.99705,0.11311075545676477,6,0
"brand_lenovo","Lenovo","brand","awareness","","worldwide",2025-03-02,39.0317,0.044231572434180216,6,0
"brand_lenovo","Lenovo","brand","awareness","","worldwide",2025-03-09,39.0317,0.044231572434180216,6,0
"brand_lenovo","Lenovo","brand","awareness","","worldwide",2025-03-16,39.94768,0.11173793894644728,5,0
"brand_lenovo","Lenovo","brand","awareness","","worldwide",2025-03-23,40.17324,0.24723246752803338,5,0
"brand_lenovo","Lenovo","brand","awareness","","worldwide",2025-03-30,36.13434,0.21764762346508718,5,0
"brand_lenovo","Lenovo","brand","awareness","","worldwide",2025-04-06,37.8806,0.166775642706002,5,0
"brand_lenovo","Lenovo","brand","awareness","","worldwide",2025-04-13,36.00402,0.1276034952499353,5,0
"brand_lenovo","Lenovo","brand","awareness","","worldwide",2025-04-20,37.8806,0.166775642706002,5,0
"brand_lenovo","Lenovo","brand","awareness","","worldwide",2025-04-27,32.88588,0.1799800461162295,5,0
"brand_lenovo","Lenovo","brand","awareness","","worldwide",2025-05-04,37.0551,0.083300960378618,5,0
"brand_lenovo","Lenovo","brand","awareness","","worldwide",2025-05-11,36.13434,0.21764762346508718,5,0
"brand_lenovo","Lenovo","brand","awareness","","worldwide",2025-05-18,38.93164,0.20230978226472368,5,0
"brand_lenovo","Lenovo","brand","awareness","","worldwide",2025-05-25,36.2296,0.32826904362123394,5,0
"brand_lenovo","Lenovo","brand","awareness","","worldwide",2025-06-01,37.0551,0.083300960378618,5,0
"brand_lenovo","Lenovo","brand","awareness","","worldwide",2025-06-08,37.8806,0.166775642706002,5,0
"brand_lenovo","Lenovo","brand","awareness","","worldwide",2025-06-15,38.20142,0.28751000330423315,5,0
"brand_lenovo","Lenovo","brand","awareness","","worldwide",2025-06-22,40.99872,0.033851248130607185,5,0
"brand_lenovo","Lenovo","brand","awareness","","worldwide",2025-06-29,37.97584,0.11233242185584776,5,0
"brand_lenovo","Lenovo","brand","awareness","","worldwide",2025-07-06,40.99872,0.033851248130607185,5,0
"brand_lenovo","Lenovo","brand","awareness","","worldwide",2025-07-13,41.91948,0.12606255193355428,5,0
"brand_lenovo","Lenovo","brand","awareness","","worldwide",2025-07-20,46.78384,0.3212723891030777,5,0
"brand_lenovo","Lenovo","brand","awareness","","worldwide",2025-07-27,47.00942,0.08673720078489787,5,0
"brand_lenovo","Lenovo","brand","awareness","","worldwide",2025-08-03,53.102199999999996,0.22041427660960114,4,0
"brand_lenovo","Lenovo","brand","awareness","","worldwide",2025-08-10,56.00345,0.02634913028292747,4,0
"brand_lenovo","Lenovo","brand","awareness","","worldwide",2025-08-17,58.90475,0.17341042836769333,4,0
"brand_lenovo","Lenovo","brand","awareness","","worldwide",2025-08-24,64.7831,0.5287433277750815,4,0
"brand_lenovo","Lenovo","brand","awareness","","worldwide",2025-08-31,63.957425,0.06750053703490232,4,0
"brand_lenovo","Lenovo","brand","awareness","","worldwide",2025-09-07,61.9689,0.045641136415883195,4,0
"brand_lenovo","Lenovo","brand","awareness","","worldwide",2025-09-14,57.07915,0.17564193690573904,4,0
"brand_lenovo","Lenovo","brand","awareness","","worldwide",2025-09-21,61.9689,0.045641136415883195,4,0
"brand_lenovo","Lenovo","brand","awareness","","worldwide",2025-09-28,56.91625,0.151042014022591,4,0
"brand_lenovo","Lenovo","brand","awareness","","worldwide",2025-10-05,55.090675,0.1980204261349493,4,0
"brand_lenovo","Lenovo","brand","awareness","","worldwide",2025-10-12,53.102199999999996,0.22041427660960114,4,0
"brand_lenovo","Lenovo","brand","awareness","","worldwide",2025-10-19,56.00345,0.02634913028292747,4,0
"brand_lenovo","Lenovo","brand","awareness","","worldwide",2025-10-26,51.863575,0.2576155840912321,4,0
"brand_lenovo","Lenovo","brand","awareness","","worldwide",2025-11-02,54.927775,0.128636189179666,4,0
"brand_lenovo","Lenovo","brand","awareness","","worldwide",2025-11-09,59.980425,0.02475053871467477,4,0
"brand_lenovo","Lenovo","brand","awareness","","worldwide",2025-11-16,56.91625,0.151042014022591,4,0
"brand_lenovo","Lenovo","brand","awareness","","worldwide",2025-11-23,62.8817,0.21826899306436645,4,0
"brand_lenovo","Lenovo","brand","awareness","","worldwide",2025-11-30,54.014975,0.047398338578478375,4,0
"brand_lenovo","Lenovo","brand","awareness","","worldwide",2025-12-07,50.038,0.091472728176218,4,0
"brand_lenovo","Lenovo","brand","awareness","","worldwide",2025-12-14,50.038,0.091472728176218,4,0
"brand_lenovo","Lenovo","brand","awareness","","worldwide",2025-12-21,46.061025,0.13606028994530373,4,0
"brand_lenovo","Lenovo","brand","awareness","","worldwide",2025-12-28,41.993766666666666,0.010796450033847505,3,0
"brand_lenovo","Lenovo","brand","awareness","","worldwide",2026-01-04,45.99316666666667,0.01183568051838641,3,0
"brand_lenovo","Lenovo","brand","awareness","","worldwide",2026-01-11,49.99256666666667,0.012874911002929416,3,0
"brand_lenovo","Lenovo","brand","awareness","","worldwide",2026-01-18,47.992866666666664,0.012355295760657912,3,0
"brand_lenovo","Lenovo","brand","awareness","","worldwide",2026-01-25,46.993,0.0121243556529826,3,0
"brand_lenovo","Lenovo","brand","awareness","","worldwide",2026-02-01,48.9927,0.012643970895254104,3,0
"brand_lenovo","Lenovo","brand","awareness","","worldwide",2026-02-08,45.99316666666667,0.01183568051838641,3,0
"brand_lenovo","Lenovo","brand","awareness","","worldwide",2026-02-15,44.9933,0.011604740410711098,3,0
"brand_lenovo","Lenovo","brand","awareness","","worldwide",2026-02-22,46.993,0.0121243556529826,3,0
"brand_lenovo","Lenovo","brand","awareness","","worldwide",2026-03-01,50.99243333333333,0.013105851110604728,3,0
"brand_lenovo","Lenovo","brand","awareness","","worldwide",2026-03-08,54.99183333333333,0.014145081595147735,3,0
"brand_lenovo","Lenovo","brand","awareness","","worldwide",2026-03-15,49.99256666666667,0.012874911002929416,3,0
"brand_lenovo","Lenovo","brand","awareness","","worldwide",2026-03-22,67.9899,0.017493713156443862,3,0
"brand_lenovo","Lenovo","brand","awareness","","worldwide",2026-03-29,85.9872,0.022170250336879187,3,0
"brand_lenovo","Lenovo","brand","awareness","","worldwide",2026-04-05,86.98706666666666,0.0224011904445545,3,0
"brand_lenovo","Lenovo","brand","awareness","","worldwide",2026-04-12,90.98646666666667,0.023440420929097507,3,0
"brand_lenovo","Lenovo","brand","awareness","","worldwide",2026-04-19,77.9884,0.02009178936780138,3,0
"brand_lenovo","Lenovo","brand","awareness","","worldwide",2026-04-26,77.9884,0.02009178936780138,3,0
"brand_lenovo","Lenovo","brand","awareness","","worldwide",2026-05-03,99.98513333333334,0.025749822005858833,3,0
"brand_lenovo","Lenovo","brand","awareness","","worldwide",2026-05-10,88.98676666666667,0.022920805686826005,3,0
"brand_lenovo","Lenovo","brand","awareness","","worldwide",2026-05-17,70.98415,0.02241528496361407,2,0
"brand_lenovo","Lenovo","brand","awareness","","worldwide",2026-05-24,61.986149999999995,0.01958685783886945,2,0
"brand_lenovo","Lenovo","brand","awareness","","worldwide",2026-05-31,68.9846,0.02177888886054515,2,0
"brand_lenovo","Lenovo","brand","awareness","","worldwide",2026-06-07,58.986850000000004,0.018596908345205564,2,0
"brand_lenovo","Lenovo","brand","awareness","","worldwide",2026-06-14,54.98775,0.017324116139072747,2,0
"brand_lenovo","Lenovo","brand","awareness","","worldwide",2026-06-21,56.987300000000005,0.017960512242136642,2,0
"brand_lenovo","Lenovo","brand","awareness","","worldwide",2026-06-28,49.98885,0.015768481220460942,2,0
"brand_lenovo","Lenovo","brand","awareness","","worldwide",2026-07-05,49.98885,0.015768481220460942,2,0
"brand_lenovo","Lenovo","brand","awareness","","worldwide",2026-07-12,46.9895,0.014849242404918061,2,0
"brand_lenovo","Lenovo","brand","awareness","","worldwide",2026-07-19,50.48865,0.6910554572536126,2,0
"brand_lenovo","Lenovo","brand","awareness","","worldwide",2026-07-26,49.98885,0.015768481220460942,2,0
"brand_lenovo","Lenovo","brand","awareness","","worldwide",2026-08-02,48.98905,0.015485638507986982,2,0
"brand_lenovo","Lenovo","brand","awareness","","worldwide",2026-08-09,59.986599999999996,0.018950461735800526,2,0
"brand_lenovo","Lenovo","brand","awareness","","worldwide",2026-08-16,66.98505,0.021142492757476226,2,0
"brand_lenovo","Lenovo","brand","awareness","","worldwide",2026-08-23,60.9864,0.019233304448274487,2,0
"brand_lenovo","Lenovo","brand","awareness","","worldwide",2026-08-30,61.986149999999995,0.01958685783886945,2,0
"brand_lenovo","Lenovo","brand","awareness","","worldwide",2026-09-06,55.9875,0.017677669529662682,2,0
"brand_lenovo","Lenovo","brand","awareness","","worldwide",2026-09-13,48.98905,0.015485638507986982,2,0
"brand_lenovo","Lenovo","brand","awareness","","worldwide",2026-09-20,44.98995,0.014212846301849139,2,0
"brand_lenovo","Lenovo","brand","awareness","","worldwide",2026-09-27,40.990849999999995,0.01294005409571632,2,0
"category_lenovo_laptop","Lenovo laptop","category_purchase","consideration","","worldwide",2021-12-26,21.0066,0.009333809511663283,2,0
"category_lenovo_laptop","Lenovo laptop","category_purchase","consideration","","worldwide",2022-01-02,28.19815,0.2802264173842289,2,0
"category_lenovo_laptop","Lenovo laptop","category_purchase","consideration","","worldwide",2022-01-09,26.846249999999998,0.21743533521486408,2,0
"category_lenovo_laptop","Lenovo laptop","category_purchase","consideration","","worldwide",2022-01-16,26.98825,0.016617009357882823,2,0
"category_lenovo_laptop","Lenovo laptop","category_purchase","consideration","","worldwide",2022-01-23,26.846249999999998,0.21743533521486408,2,0
"category_lenovo_laptop","Lenovo laptop","category_purchase","consideration","","worldwide",2022-01-30,26.204250000000002,0.2888531201147047,2,0
"category_lenovo_laptop","Lenovo laptop","category_purchase","consideration","","worldwide",2022-02-06,26.0623,0.08810550493584449,2,0
"category_lenovo_laptop","Lenovo laptop","category_purchase","consideration","","worldwide",2022-02-13,26.98825,0.016617009357882823,2,0
"category_lenovo_laptop","Lenovo laptop","category_purchase","consideration","","worldwide",2022-02-20,24.99435,0.00799030662740695,2,0
"category_lenovo_laptop","Lenovo laptop","category_purchase","consideration","","worldwide",2022-02-27,24.99435,0.00799030662740695,2,0
"category_lenovo_laptop","Lenovo laptop","category_purchase","consideration","","worldwide",2022-03-06,26.0623,0.08810550493584449,2,0
"category_lenovo_laptop","Lenovo laptop","category_purchase","consideration","","worldwide",2022-03-13,25.7783,0.3135311467781155,2,0
"category_lenovo_laptop","Lenovo laptop","category_purchase","consideration","","worldwide",2022-03-20,24.8524,0.2087379218062697,2,0
"category_lenovo_laptop","Lenovo laptop","category_purchase","consideration","","worldwide",2022-03-27,23.926450000000003,0.10401540751253989,2,0
"category_lenovo_laptop","Lenovo laptop","category_purchase","consideration","","worldwide",2022-04-03,23.000500000000002,0.0007071067811874117,2,0
"category_lenovo_laptop","Lenovo laptop","category_purchase","consideration","","worldwide",2022-04-10,21.93255,0.09538870478206402,2,0
"category_lenovo_laptop","Lenovo laptop","category_purchase","consideration","","worldwide",2022-04-17,22.074550000000002,0.10542962107491471,2,0
"category_lenovo_laptop","Lenovo laptop","category_purchase","consideration","","worldwide",2022-04-24,21.0066,0.009333809511663283,2,0
"category_lenovo_laptop","Lenovo laptop","category_purchase","consideration","","worldwide",2022-05-01,20.864649999999997,0.19141380566719948,2,0
"category_lenovo_laptop","Lenovo laptop","category_purchase","consideration","","worldwide",2022-05-08,22.074550000000002,0.10542962107491471,2,0
"category_lenovo_laptop","Lenovo laptop","category_purchase","consideration","","worldwide",2022-05-15,21.148600000000002,0.21015213536864202,2,0
"category_lenovo_laptop","Lenovo laptop","category_purchase","consideration","","worldwide",2022-05-22,21.069166666666668,0.10856944014469753,3,0
"category_lenovo_laptop","Lenovo laptop","category_purchase","consideration","","worldwide",2022-05-29,22.0755,0.07456815674267436,3,0
"category_lenovo_laptop","Lenovo laptop","category_purchase","consideration","","worldwide",2022-06-05,21.8827,0.10956536861618202,3,0
"category_lenovo_laptop","Lenovo laptop","category_purchase","consideration","","worldwide",2022-06-12,21.980833333333333,0.10743995222138368,3,0
"category_lenovo_laptop","Lenovo laptop","category_purchase","consideration","","worldwide",2022-06-19,22.987166666666667,0.023099422792211898,3,0
"category_lenovo_laptop","Lenovo laptop","category_purchase","consideration","","worldwide",2022-06-26,22.794366666666665,0.17989303303166973,3,0
"category_lenovo_laptop","Lenovo laptop","category_purchase","consideration","","worldwide",2022-07-03,23.898833333333332,0.08773621449169852,3,0
"category_lenovo_laptop","Lenovo laptop","category_purchase","consideration","","worldwide",2022-07-10,23.706033333333334,0.2547730820423021,3,0
"category_lenovo_laptop","Lenovo laptop","category_purchase","consideration","","worldwide",2022-07-17,24.0916,0.07933019601639794,3,0
"category_lenovo_laptop","Lenovo laptop","category_purchase","consideration","","worldwide",2022-07-24,24.8105,0.16447671567732633,3,0
"category_lenovo_laptop","Lenovo laptop","category_purchase","consideration","","worldwide",2022-07-31,24.284366666666667,0.24633587504326998,3,0
"category_lenovo_laptop","Lenovo laptop","category_purchase","consideration","","worldwide",2022-08-07,26.0096,0.11051316663637942,3,0
"category_lenovo_laptop","Lenovo laptop","category_purchase","consideration","","worldwide",2022-08-14,25.290666666666667,0.2791230791843147,3,0
"category_lenovo_laptop","Lenovo laptop","category_purchase","consideration","","worldwide",2022-08-21,25.196033333333332,0.17110705226066342,3,0
"category_lenovo_laptop","Lenovo laptop","category_purchase","consideration","","worldwide",2022-08-28,25.914933333333334,0.08024022266502913,3,0
"category_lenovo_laptop","Lenovo laptop","category_purchase","consideration","","worldwide",2022-09-04,25.914933333333334,0.08024022266502913,3,0
"category_lenovo_laptop","Lenovo laptop","category_purchase","consideration","","worldwide",2022-09-11,25.196033333333332,0.17110705226066342,3,0
"category_lenovo_laptop","Lenovo laptop","category_purchase","consideration","","worldwide",2022-09-18,26.300466666666665,0.2636114628261319,3,0
"category_lenovo_laptop","Lenovo laptop","category_purchase","consideration","","worldwide",2022-09-25,25.914933333333334,0.08024022266502913,3,0
"category_lenovo_laptop","Lenovo laptop","category_purchase","consideration","","worldwide",2022-10-02,24.712366666666668,0.28392562993384896,3,0
"category_lenovo_laptop","Lenovo laptop","category_purchase","consideration","","worldwide",2022-10-09,24.631225,0.2829812523236595,4,0
"category_lenovo_laptop","Lenovo laptop","category_purchase","consideration","","worldwide",2022-10-16,24.092175,0.06478304176248657,4,0
"category_lenovo_laptop","Lenovo laptop","category_purchase","consideration","","worldwide",2022-10-23,23.188074999999998,0.12885320782451104,4,0
"category_lenovo_laptop","Lenovo laptop","category_purchase","consideration","","worldwide",2022-10-30,22.283974999999998,0.1939111888640432,4,0
"category_lenovo_laptop","Lenovo laptop","category_purchase","consideration","","worldwide",2022-11-06,24.778275,0.1489592645658539,4,0
"category_lenovo_laptop","Lenovo laptop","category_purchase","consideration","","worldwide",2022-11-13,24.778275,0.1489592645658539,4,0
"category_lenovo_laptop","Lenovo laptop","category_purchase","consideration","","worldwide",2022-11-20,25.900425,0.07165400081874987,4,0
"category_lenovo_laptop","Lenovo laptop","category_purchase","consideration","","worldwide",2022-11-27,22.751975,0.1695952510144864,4,0
"category_lenovo_laptop","Lenovo laptop","category_purchase","consideration","","worldwide",2022-12-04,20.725725,0.19540278699820685,4,0
"category_lenovo_laptop","Lenovo laptop","category_purchase","consideration","","worldwide",2022-12-11,22.751975,0.1695952510144864,4,0
"category_lenovo_laptop","Lenovo laptop","category_purchase","consideration","","worldwide",2022-12-18,21.9949,0.09212516847564799,4,0
"category_lenovo_laptop","Lenovo laptop","category_purchase","consideration","","worldwide",2022-12-25,23.87415,0.08699902298301965,4,0
"category_lenovo_laptop","Lenovo laptop","category_purchase","consideration","","worldwide",2023-01-01,23.6561,0.23075145358877697,4,0
"category_lenovo_laptop","Lenovo laptop","category_purchase","consideration","","worldwide",2023-01-08,24.631225,0.2829812523236595,4,0
"category_lenovo_laptop","Lenovo laptop","category_purchase","consideration","","worldwide",2023-01-15,23.1171,0.1357468477227608,4,0
"category_lenovo_laptop","Lenovo laptop","category_purchase","consideration","","worldwide",2023-01-22,23.87415,0.08699902298301965,4,0
"category_lenovo_laptop","Lenovo laptop","category_purchase","consideration","","worldwide",2023-01-29,24.092175,0.06478304176248657,4,0
"category_lenovo_laptop","Lenovo laptop","category_purchase","consideration","","worldwide",2023-02-05,22.751975,0.1695952510144864,4,0
"category_lenovo_laptop","Lenovo laptop","category_purchase","consideration","","worldwide",2023-02-12,23.188074999999998,0.12885320782451104,4,0
"category_lenovo_laptop","Lenovo laptop","category_purchase","consideration","","worldwide",2023-02-19,23.87415,0.08699902298301965,4,0
"category_lenovo_laptop","Lenovo laptop","category_purchase","consideration","","worldwide",2023-02-26,22.970025,0.03912887893444745,4,0
"category_lenovo_laptop","Lenovo laptop","category_purchase","consideration","","worldwide",2023-03-05,23.6211,0.21461517886673342,5,0
"category_lenovo_laptop","Lenovo laptop","category_purchase","consideration","","worldwide",2023-03-12,22.7217,0.16172442610811755,5,0
"category_lenovo_laptop","Lenovo laptop","category_purchase","consideration","","worldwide",2023-03-19,22.2886,0.16825015601775814,5,0
"category_lenovo_laptop","Lenovo laptop","category_purchase","consideration","","worldwide",2023-03-26,21.82228,0.11364408035617173,5,0
"category_lenovo_laptop","Lenovo laptop","category_purchase","consideration","","worldwide",2023-04-02,20.92288,0.07955543350394154,5,0
"category_lenovo_laptop","Lenovo laptop","category_purchase","consideration","","worldwide",2023-04-09,21.7655,0.1515140917538699,5,0
"category_lenovo_laptop","Lenovo laptop","category_purchase","consideration","","worldwide",2023-04-16,20.199840000000002,0.1246243274806328,5,0
"category_lenovo_laptop","Lenovo laptop","category_purchase","consideration","","worldwide",2023-04-23,20.02346,0.08003963393219672,5,0
"category_lenovo_laptop","Lenovo laptop","category_purchase","consideration","","worldwide",2023-04-30,21.099239999999998,0.0874861874812238,5,0
"category_lenovo_laptop","Lenovo laptop","category_purchase","consideration","","worldwide",2023-05-07,21.099239999999998,0.0874861874812238,5,0
"category_lenovo_laptop","Lenovo laptop","category_purchase","consideration","","worldwide",2023-05-14,20.02346,0.08003963393219672,5,0
"category_lenovo_laptop","Lenovo laptop","category_purchase","consideration","","worldwide",2023-05-21,21.33238,0.19920197539181225,5,0
"category_lenovo_laptop","Lenovo laptop","category_purchase","consideration","","worldwide",2023-05-28,22.2886,0.16825015601775814,5,0
"category_lenovo_laptop","Lenovo laptop","category_purchase","consideration","","worldwide",2023-06-04,22.2886,0.16825015601775814,5,0
"category_lenovo_laptop","Lenovo laptop","category_purchase","consideration","","worldwide",2023-06-11,23.18798,0.11159035352574154,5,0
"category_lenovo_laptop","Lenovo laptop","category_purchase","consideration","","worldwide",2023-06-18,22.2318,0.15466193778690318,5,0
"category_lenovo_laptop","Lenovo laptop","category_purchase","consideration","","worldwide",2023-06-25,22.05542,0.06004862196587063,5,0
"category_lenovo_laptop","Lenovo laptop","category_purchase","consideration","","worldwide",2023-07-02,24.14416,0.16252763764972372,5,0
"category_lenovo_laptop","Lenovo laptop","category_purchase","consideration","","worldwide",2023-07-09,25.88618,0.06975186019024893,5,0
"category_lenovo_laptop","Lenovo laptop","category_purchase","consideration","","worldwide",2023-07-16,24.08736,0.05712751526191261,5,0
"category_lenovo_laptop","Lenovo laptop","category_purchase","consideration","","worldwide",2023-07-23,26.371,0.18437418474396014,6,0
"category_lenovo_laptop","Lenovo laptop","category_purchase","consideration","","worldwide",2023-07-30,26.122916666666665,0.06621653620257283,6,0
"category_lenovo_laptop","Lenovo laptop","category_purchase","consideration","","worldwide",2023-08-06,26.122916666666665,0.06621653620257283,6,0
"category_lenovo_laptop","Lenovo laptop","category_purchase","consideration","","worldwide",2023-08-13,25.874866666666666,0.06826570637345421,6,0
"category_lenovo_laptop","Lenovo laptop","category_purchase","consideration","","worldwide",2023-08-20,25.2645,0.1778191496999127,5,0
"category_lenovo_laptop","Lenovo laptop","category_purchase","consideration","","worldwide",2023-08-27,26.12258,0.0740265965717725,5,0
"category_lenovo_laptop","Lenovo laptop","category_purchase","consideration","","worldwide",2023-09-03,25.64084,0.2050316877948386,5,0
"category_lenovo_laptop","Lenovo laptop","category_purchase","consideration","","worldwide",2023-09-10,24.71818,0.17406657347118654,5,0
"category_lenovo_laptop","Lenovo laptop","category_purchase","consideration","","worldwide",2023-09-17,24.71818,0.17406657347118654,5,0
"category_lenovo_laptop","Lenovo laptop","category_purchase","consideration","","worldwide",2023-09-24,26.12258,0.0740265965717725,5,0
"category_lenovo_laptop","Lenovo laptop","category_purchase","consideration","","worldwide",2023-10-01,23.1783,0.10283703126792376,5,0
"category_lenovo_laptop","Lenovo laptop","category_purchase","consideration","","worldwide",2023-10-08,27.66248,0.20866902501329743,5,0
"category_lenovo_laptop","Lenovo laptop","category_purchase","consideration","","worldwide",2023-10-15,24.03638,0.09978590581840711,5,0
"category_lenovo_laptop","Lenovo laptop","category_purchase","consideration","","worldwide",2023-10-22,23.1783,0.10283703126792376,5,0
"category_lenovo_laptop","Lenovo laptop","category_purchase","consideration","","worldwide",2023-10-29,23.1783,0.10283703126792376,5,0
"category_lenovo_laptop","Lenovo laptop","category_purchase","consideration","","worldwide",2023-11-05,24.78272,0.14263196345840576,5,0
"category_lenovo_laptop","Lenovo laptop","category_purchase","consideration","","worldwide",2023-11-12,25.64084,0.2050316877948386,5,0
"category_lenovo_laptop","Lenovo laptop","category_purchase","consideration","","worldwide",2023-11-19,29.30782,0.17500410566612423,5,0
"category_lenovo_laptop","Lenovo laptop","category_purchase","consideration","","worldwide",2023-11-26,24.71818,0.17406657347118654,5,0
"category_lenovo_laptop","Lenovo laptop","category_purchase","consideration","","worldwide",2023-12-03,23.86004,0.08835967971874975,5,0
"category_lenovo_laptop","Lenovo laptop","category_purchase","consideration","","worldwide",2023-12-10,25.19994,0.12312626852138453,5,0
"category_lenovo_laptop","Lenovo laptop","category_purchase","consideration","","worldwide",2023-12-17,23.1896,0.09605469275365948,6,0
"category_lenovo_laptop","Lenovo laptop","category_purchase","consideration","","worldwide",2023-12-24,24.795666666666666,0.13145645159773106,6,0
"category_lenovo_laptop","Lenovo laptop","category_purchase","consideration","","worldwide",2023-12-31,24.942616666666666,0.0719487989244205,6,0
"category_lenovo_laptop","Lenovo laptop","category_purchase","consideration","","worldwide",2024-01-07,25.17352,0.10499536656443496,5,0
"category_lenovo_laptop","Lenovo laptop","category_purchase","consideration","","worldwide",2024-01-14,24.92692,0.06799188922217121,5,0
"category_lenovo_laptop","Lenovo laptop","category_purchase","consideration","","worldwide",2024-01-21,25.17352,0.10499536656443496,5,0
"category_lenovo_laptop","Lenovo laptop","category_purchase","consideration","","worldwide",2024-01-28,25.17352,0.10499536656443496,5,0
"category_lenovo_laptop","Lenovo laptop","category_purchase","consideration","","worldwide",2024-02-04,23.42312,0.2393271129646618,5,0
"category_lenovo_laptop","Lenovo laptop","category_purchase","consideration","","worldwide",2024-02-11,23.42312,0.2393271129646618,5,0
"category_lenovo_laptop","Lenovo laptop","category_purchase","consideration","","worldwide",2024-02-18,23.294,0.20743333868980687,5,0
"category_lenovo_laptop","Lenovo laptop","category_purchase","consideration","","worldwide",2024-02-25,26.11326,0.06438410518132562,5,0
"category_lenovo_laptop","Lenovo laptop","category_purchase","consideration","","worldwide",2024-03-03,23.74058,0.18326014842294555,5,0
"category_lenovo_laptop","Lenovo laptop","category_purchase","consideration","","worldwide",2024-03-10,23.17654,0.10126155736507267,5,0
"category_lenovo_laptop","Lenovo laptop","category_purchase","consideration","","worldwide",2024-03-17,24.23376,0.1548824489734064,5,0
"category_lenovo_laptop","Lenovo laptop","category_purchase","consideration","","worldwide",2024-03-24,22.92992,0.040714456891870345,5,0
"category_lenovo_laptop","Lenovo laptop","category_purchase","consideration","","worldwide",2024-03-31,21.297,0.17915546321561085,5,0
"category_lenovo_laptop","Lenovo laptop","category_purchase","consideration","","worldwide",2024-04-07,21.74358,0.15279879580677333,5,0
"category_lenovo_laptop","Lenovo laptop","category_purchase","consideration","","worldwide",2024-04-14,21.62612,0.229604174613616,5,0
"category_lenovo_laptop","Lenovo laptop","category_purchase","consideration","","worldwide",2024-04-21,22.92992,0.040714456891870345,5,0
"category_lenovo_laptop","Lenovo laptop","category_purchase","consideration","","worldwide",2024-04-28,22.23678,0.13466505485834074,5,0
"category_lenovo_laptop","Lenovo laptop","category_purchase","consideration","","worldwide",2024-05-05,22.261766666666666,0.135106412381747,6,0
"category_lenovo_laptop","Lenovo laptop","category_purchase","consideration","","worldwide",2024-05-12,22.261766666666666,0.135106412381747,6,0
"category_lenovo_laptop","Lenovo laptop","category_purchase","consideration","","worldwide",2024-05-19,22.915533333333332,0.05067534574787527,6,0
"category_lenovo_laptop","Lenovo laptop","category_purchase","consideration","","worldwide",2024-05-26,23.569333333333333,0.23223265633124607,6,0
"category_lenovo_laptop","Lenovo laptop","category_purchase","consideration","","worldwide",2024-06-02,22.72712,0.1861618972829827,5,0
"category_lenovo_laptop","Lenovo laptop","category_purchase","consideration","","worldwide",2024-06-09,24.67826,0.19147038413289902,5,0
"category_lenovo_laptop","Lenovo laptop","category_purchase","consideration","","worldwide",2024-06-16,23.194119999999998,0.11567033759784717,5,0
"category_lenovo_laptop","Lenovo laptop","category_purchase","consideration","","worldwide",2024-06-23,24.67826,0.19147038413289902,5,0
"category_lenovo_laptop","Lenovo laptop","category_purchase","consideration","","worldwide",2024-06-30,23.86112,0.09864713376474757,5,0
"category_lenovo_laptop","Lenovo laptop","category_purchase","consideration","","worldwide",2024-07-07,25.62444,0.2127766035070587,5,0
"category_lenovo_laptop","Lenovo laptop","category_purchase","consideration","","worldwide",2024-07-14,27.31686,0.1865025013237085,5,0
"category_lenovo_laptop","Lenovo laptop","category_purchase","consideration","","worldwide",2024-07-21,25.08654,0.10606951965574274,5,0
"category_lenovo_laptop","Lenovo laptop","category_purchase","consideration","","worldwide",2024-07-28,25.812260000000002,0.147976376493006,5,0
"category_lenovo_laptop","Lenovo laptop","category_purchase","consideration","","worldwide",2024-08-04,26.370639999999998,0.20934162987805335,5,0
"category_lenovo_laptop","Lenovo laptop","category_purchase","consideration","","worldwide",2024-08-11,27.85478,0.10000170998537956,5,0
"category_lenovo_laptop","Lenovo laptop","category_purchase","consideration","","worldwide",2024-08-18,27.85478,0.10000170998537956,5,0
"category_lenovo_laptop","Lenovo laptop","category_purchase","consideration","","worldwide",2024-08-25,28.13396,0.12441307407181947,5,0
"category_lenovo_laptop","Lenovo laptop","category_purchase","consideration","","worldwide",2024-09-01,27.03768,0.07305139971280504,5,0
"category_lenovo_laptop","Lenovo laptop","category_purchase","consideration","","worldwide",2024-09-08,28.74226,0.1885513139704944,5,0
"category_lenovo_laptop","Lenovo laptop","category_purchase","consideration","","worldwide",2024-09-15,26.84986,0.12251848023869694,5,0
"category_lenovo_laptop","Lenovo laptop","category_purchase","consideration","","worldwide",2024-09-22,27.31686,0.1865025013237085,5,0
"category_lenovo_laptop","Lenovo laptop","category_purchase","consideration","","worldwide",2024-09-29,26.076216666666667,0.07056189953981287,6,0
"category_lenovo_laptop","Lenovo laptop","category_purchase","consideration","","worldwide",2024-10-06,26.691116666666666,0.25566485418740464,6,0
"category_lenovo_laptop","Lenovo laptop","category_purchase","consideration","","worldwide",2024-10-13,24.96451666666667,0.10333815203818339,6,0
"category_lenovo_laptop","Lenovo laptop","category_purchase","consideration","","worldwide",2024-10-20,25.096799999999998,0.09078262498958663,5,0
"category_lenovo_laptop","Lenovo laptop","category_purchase","consideration","","worldwide",2024-10-27,24.74722,0.23761896388966916,5,0
"category_lenovo_laptop","Lenovo laptop","category_purchase","consideration","","worldwide",2024-11-03,25.096799999999998,0.09078262498958663,5,0
"category_lenovo_laptop","Lenovo laptop","category_purchase","consideration","","worldwide",2024-11-10,27.87802,0.11994537089858845,5,0
"category_lenovo_laptop","Lenovo laptop","category_purchase","consideration","","worldwide",2024-11-17,29.0686,0.09921108808999073,5,0
"category_lenovo_laptop","Lenovo laptop","category_purchase","consideration","","worldwide",2024-11-24,32.199419999999996,0.19323355557459412,5,0
"category_lenovo_laptop","Lenovo laptop","category_purchase","consideration","","worldwide",2024-12-01,26.28738,0.262642203387041,5,0
"category_lenovo_laptop","Lenovo laptop","category_purchase","consideration","","worldwide",2024-12-08,26.9079,0.1073837976605412,5,0
"category_lenovo_laptop","Lenovo laptop","category_purchase","consideration","","worldwide",2024-12-15,25.096799999999998,0.09078262498958663,5,0
"category_lenovo_laptop","Lenovo laptop","category_purchase","consideration","","worldwide",2024-12-22,26.9079,0.1073837976605412,5,0
"category_lenovo_laptop","Lenovo laptop","category_purchase","consideration","","worldwide",2024-12-29,24.1267,0.11573076514047624,5,0
"category_lenovo_laptop","Lenovo laptop","category_purchase","consideration","","worldwide",2025-01-05,28.2276,0.21036208070847706,5,0
"category_lenovo_laptop","Lenovo laptop","category_purchase","consideration","","worldwide",2025-01-12,27.87802,0.11994537089858845,5,0
"category_lenovo_laptop","Lenovo laptop","category_purchase","consideration","","worldwide",2025-01-19,27.2575,0.23532559359321678,5,0
"category_lenovo_laptop","Lenovo laptop","category_purchase","consideration","","worldwide",2025-01-26,27.2575,0.23532559359321678,5,0
"category_lenovo_laptop","Lenovo laptop","category_purchase","consideration","","worldwide",2025-02-02,28.2276,0.21036208070847706,5,0
"category_lenovo_laptop","Lenovo laptop","category_purchase","consideration","","worldwide",2025-02-09,27.1284,0.16882193281679886,5,0
"category_lenovo_laptop","Lenovo laptop","category_purchase","consideration","","worldwide",2025-02-16,26.739483333333332,0.2856033712452759,6,0
"category_lenovo_laptop","Lenovo laptop","category_purchase","consideration","","worldwide",2025-02-23,25.948166666666665,0.09785153379823207,6,0
"category_lenovo_laptop","Lenovo laptop","category_purchase","consideration","","worldwide",2025-03-02,26.055766666666667,0.07215812266589716,6,0
"category_lenovo_laptop","Lenovo laptop","category_purchase","consideration","","worldwide",2025-03-09,26.92325,0.10314436000092318,6,0
"category_lenovo_laptop","Lenovo laptop","category_purchase","consideration","","worldwide",2025-03-16,25.88276,0.1822813429838605,5,0
"category_lenovo_laptop","Lenovo laptop","category_purchase","consideration","","worldwide",2025-03-23,26.9506,0.08768283754532619,5,0
"category_lenovo_laptop","Lenovo laptop","category_purchase","consideration","","worldwide",2025-03-30,24.0212,0.11762406216416849,5,0
"category_lenovo_laptop","Lenovo laptop","category_purchase","consideration","","worldwide",2025-04-06,26.03872,0.06579572174541494,5,0
"category_lenovo_laptop","Lenovo laptop","category_purchase","consideration","","worldwide",2025-04-13,23.86526,0.1961440491067728,5,0
"category_lenovo_laptop","Lenovo laptop","category_purchase","consideration","","worldwide",2025-04-20,26.03872,0.06579572174541494,5,0
"category_lenovo_laptop","Lenovo laptop","category_purchase","consideration","","worldwide",2025-04-27,25.06224,0.08744742992221075,5,0
"category_lenovo_laptop","Lenovo laptop","category_purchase","consideration","","worldwide",2025-05-04,24.08578,0.11745923548193282,5,0
"category_lenovo_laptop","Lenovo laptop","category_purchase","consideration","","worldwide",2025-05-11,25.81818,0.25051730878324524,5,0
"category_lenovo_laptop","Lenovo laptop","category_purchase","consideration","","worldwide",2025-05-18,26.79464,0.28132663044937684,5,0
"category_lenovo_laptop","Lenovo laptop","category_purchase","consideration","","worldwide",2025-05-25,26.03872,0.06579572174541494,5,0
"category_lenovo_laptop","Lenovo laptop","category_purchase","consideration","","worldwide",2025-06-01,25.97414,0.0831206833465649,5,0
"category_lenovo_laptop","Lenovo laptop","category_purchase","consideration","","worldwide",2025-06-08,25.06224,0.08744742992221075,5,0
"category_lenovo_laptop","Lenovo laptop","category_purchase","consideration","","worldwide",2025-06-15,26.85922,0.21987096670547487,5,0
"category_lenovo_laptop","Lenovo laptop","category_purchase","consideration","","worldwide",2025-06-22,26.03872,0.06579572174541494,5,0
"category_lenovo_laptop","Lenovo laptop","category_purchase","consideration","","worldwide",2025-06-29,26.19464,0.26665459493509536,5,0
"category_lenovo_laptop","Lenovo laptop","category_purchase","consideration","","worldwide",2025-07-06,27.99166,0.07858064647227055,5,0
"category_lenovo_laptop","Lenovo laptop","category_purchase","consideration","","worldwide",2025-07-13,28.90354,0.13317356344259892,5,0
"category_lenovo_laptop","Lenovo laptop","category_purchase","consideration","","worldwide",2025-07-20,30.85648,0.19772595176152302,5,0
"category_lenovo_laptop","Lenovo laptop","category_purchase","consideration","","worldwide",2025-07-27,30.85648,0.19772595176152302,5,0
"category_lenovo_laptop","Lenovo laptop","category_purchase","consideration","","worldwide",2025-08-03,34.93055,0.13889999999999958,4,0
"category_lenovo_laptop","Lenovo laptop","category_purchase","consideration","","worldwide",2025-08-10,38.094300000000004,0.188600000000001,4,0
"category_lenovo_laptop","Lenovo laptop","category_purchase","consideration","","worldwide",2025-08-17,39.936949999999996,0.126100000000001,4,0
"category_lenovo_laptop","Lenovo laptop","category_purchase","consideration","","worldwide",2025-08-24,42.00805,0.016100000000001558,4,0
"category_lenovo_laptop","Lenovo laptop","category_purchase","consideration","","worldwide",2025-08-31,44.94335,0.11329999999999885,4,0
"category_lenovo_laptop","Lenovo laptop","category_purchase","consideration","","worldwide",2025-09-07,42.00805,0.016100000000001558,4,0
"category_lenovo_laptop","Lenovo laptop","category_purchase","consideration","","worldwide",2025-09-14,37.115875,0.23175000000000168,4,0
"category_lenovo_laptop","Lenovo laptop","category_purchase","consideration","","worldwide",2025-09-21,43.1007,0.20139999999999958,4,0
"category_lenovo_laptop","Lenovo laptop","category_purchase","consideration","","worldwide",2025-09-28,38.094300000000004,0.188600000000001,4,0
"category_lenovo_laptop","Lenovo laptop","category_purchase","consideration","","worldwide",2025-10-05,35.044775,0.08954999999999913,4,0
"category_lenovo_laptop","Lenovo laptop","category_purchase","consideration","","worldwide",2025-10-12,35.909,0.1819999999999986,4,0
"category_lenovo_laptop","Lenovo laptop","category_purchase","consideration","","worldwide",2025-10-19,37.00165,0.0032999999999994145,4,0
"category_lenovo_laptop","Lenovo laptop","category_purchase","consideration","","worldwide",2025-10-26,34.06635,0.13269999999999982,4,0
"category_lenovo_laptop","Lenovo laptop","category_purchase","consideration","","worldwide",2025-11-02,33.952125,0.09574999999999889,4,0
"category_lenovo_laptop","Lenovo laptop","category_purchase","consideration","","worldwide",2025-11-09,37.865875,0.2682499999999983,4,0
"category_lenovo_laptop","Lenovo laptop","category_purchase","consideration","","worldwide",2025-11-16,40.051175,0.10235000000000127,4,0
"category_lenovo_laptop","Lenovo laptop","category_purchase","consideration","","worldwide",2025-11-23,45.921775,0.15644999999999953,4,0
"category_lenovo_laptop","Lenovo laptop","category_purchase","consideration","","worldwide",2025-11-30,37.115875,0.23175000000000168,4,0
"category_lenovo_laptop","Lenovo laptop","category_purchase","consideration","","worldwide",2025-12-07,31.99525,0.009499999999999176,4,0
"category_lenovo_laptop","Lenovo laptop","category_purchase","consideration","","worldwide",2025-12-14,31.99525,0.009499999999999176,4,0
"category_lenovo_laptop","Lenovo laptop","category_purchase","consideration","","worldwide",2025-12-21,31.881025,0.23794999999999966,4,0
"category_lenovo_laptop","Lenovo laptop","category_purchase","consideration","","worldwide",2025-12-28,28,0,3,0
"category_lenovo_laptop","Lenovo laptop","category_purchase","consideration","","worldwide",2026-01-04,31,0,3,0
"category_lenovo_laptop","Lenovo laptop","category_purchase","consideration","","worldwide",2026-01-11,32,0,3,0
"category_lenovo_laptop","Lenovo laptop","category_purchase","consideration","","worldwide",2026-01-18,34,0,3,0
"category_lenovo_laptop","Lenovo laptop","category_purchase","consideration","","worldwide",2026-01-25,34,0,3,0
"category_lenovo_laptop","Lenovo laptop","category_purchase","consideration","","worldwide",2026-02-01,32,0,3,0
"category_lenovo_laptop","Lenovo laptop","category_purchase","consideration","","worldwide",2026-02-08,32,0,3,0
"category_lenovo_laptop","Lenovo laptop","category_purchase","consideration","","worldwide",2026-02-15,31,0,3,0
"category_lenovo_laptop","Lenovo laptop","category_purchase","consideration","","worldwide",2026-02-22,32,0,3,0
"category_lenovo_laptop","Lenovo laptop","category_purchase","consideration","","worldwide",2026-03-01,32,0,3,0
"category_lenovo_laptop","Lenovo laptop","category_purchase","consideration","","worldwide",2026-03-08,35,0,3,0
"category_lenovo_laptop","Lenovo laptop","category_purchase","consideration","","worldwide",2026-03-15,32,0,3,0
"category_lenovo_laptop","Lenovo laptop","category_purchase","consideration","","worldwide",2026-03-22,61,0,3,0
"category_lenovo_laptop","Lenovo laptop","category_purchase","consideration","","worldwide",2026-03-29,83,0,3,0
"category_lenovo_laptop","Lenovo laptop","category_purchase","consideration","","worldwide",2026-04-05,84,0,3,0
"category_lenovo_laptop","Lenovo laptop","category_purchase","consideration","","worldwide",2026-04-12,91,0,3,0
"category_lenovo_laptop","Lenovo laptop","category_purchase","consideration","","worldwide",2026-04-19,82,0,3,0
"category_lenovo_laptop","Lenovo laptop","category_purchase","consideration","","worldwide",2026-04-26,74,0,3,0
"category_lenovo_laptop","Lenovo laptop","category_purchase","consideration","","worldwide",2026-05-03,100,0,3,0
"category_lenovo_laptop","Lenovo laptop","category_purchase","consideration","","worldwide",2026-05-10,92,0,3,0
"category_lenovo_laptop","Lenovo laptop","category_purchase","consideration","","worldwide",2026-05-17,62,0,2,0
"category_lenovo_laptop","Lenovo laptop","category_purchase","consideration","","worldwide",2026-05-24,54,0,2,0
"category_lenovo_laptop","Lenovo laptop","category_purchase","consideration","","worldwide",2026-05-31,55,0,2,0
"category_lenovo_laptop","Lenovo laptop","category_purchase","consideration","","worldwide",2026-06-07,46,0,2,0
"category_lenovo_laptop","Lenovo laptop","category_purchase","consideration","","worldwide",2026-06-14,45,0,2,0
"category_lenovo_laptop","Lenovo laptop","category_purchase","consideration","","worldwide",2026-06-21,45,0,2,0
"category_lenovo_laptop","Lenovo laptop","category_purchase","consideration","","worldwide",2026-06-28,35,0,2,0
"category_lenovo_laptop","Lenovo laptop","category_purchase","consideration","","worldwide",2026-07-05,35,0,2,0
"category_lenovo_laptop","Lenovo laptop","category_purchase","consideration","","worldwide",2026-07-12,30,0,2,0
"category_lenovo_laptop","Lenovo laptop","category_purchase","consideration","","worldwide",2026-07-19,35,0,2,0
"category_lenovo_laptop","Lenovo laptop","category_purchase","consideration","","worldwide",2026-07-26,34,0,2,0
"category_lenovo_laptop","Lenovo laptop","category_purchase","consideration","","worldwide",2026-08-02,37,0,2,0
"category_lenovo_laptop","Lenovo laptop","category_purchase","consideration","","worldwide",2026-08-09,48,0,2,0
"category_lenovo_laptop","Lenovo laptop","category_purchase","consideration","","worldwide",2026-08-16,60,0,2,0
"category_lenovo_laptop","Lenovo laptop","category_purchase","consideration","","worldwide",2026-08-23,55,0,2,0
"category_lenovo_laptop","Lenovo laptop","category_purchase","consideration","","worldwide",2026-08-30,61,0,2,0
"category_lenovo_laptop","Lenovo laptop","category_purchase","consideration","","worldwide",2026-09-06,52,0,2,0
"category_lenovo_laptop","Lenovo laptop","category_purchase","consideration","","worldwide",2026-09-13,41,0,2,0
"category_lenovo_laptop","Lenovo laptop","category_purchase","consideration","","worldwide",2026-09-20,34,0,2,0
"category_lenovo_laptop","Lenovo laptop","category_purchase","consideration","","worldwide",2026-09-27,31,0,2,0
"category_lenovo_laptop_price","Lenovo laptop price","category_purchase","consideration","","worldwide",2021-12-26,17.8352,0.23306239507908552,2,0
"category_lenovo_laptop_price","Lenovo laptop price","category_purchase","consideration","","worldwide",2022-01-02,23.23635,0.33424937546688077,2,0
"category_lenovo_laptop_price","Lenovo laptop price","category_purchase","consideration","","worldwide",2022-01-09,24.13195,0.1866054795551296,2,0
"category_lenovo_laptop_price","Lenovo laptop price","category_purchase","consideration","","worldwide",2022-01-16,24.895699999999998,0.1475024745555142,2,0
"category_lenovo_laptop_price","Lenovo laptop price","category_purchase","consideration","","worldwide",2022-01-23,26.1869,0.26431651480753093,2,0
"category_lenovo_laptop_price","Lenovo laptop price","category_purchase","consideration","","worldwide",2022-01-30,25.159399999999998,0.225425641842271,2,0
"category_lenovo_laptop_price","Lenovo laptop price","category_purchase","consideration","","worldwide",2022-02-06,23.73635,0.37285740571966675,2,0
"category_lenovo_laptop_price","Lenovo laptop price","category_purchase","consideration","","worldwide",2022-02-13,24.13195,0.1866054795551296,2,0
"category_lenovo_laptop_price","Lenovo laptop price","category_purchase","consideration","","worldwide",2022-02-20,22.208849999999998,0.2953585025016209,2,0
"category_lenovo_laptop_price","Lenovo laptop price","category_purchase","consideration","","worldwide",2022-02-27,22.9726,0.038749451609022934,2,0
"category_lenovo_laptop_price","Lenovo laptop price","category_purchase","consideration","","worldwide",2022-03-06,21.9451,0.07764032457428284,2,0
"category_lenovo_laptop_price","Lenovo laptop price","category_purchase","consideration","","worldwide",2022-03-13,21.6814,0.45056844097206805,2,0
"category_lenovo_laptop_price","Lenovo laptop price","category_purchase","consideration","","worldwide",2022-03-20,22.076999999999998,0.10889444430272825,2,0
"category_lenovo_laptop_price","Lenovo laptop price","category_purchase","consideration","","worldwide",2022-03-27,21.1814,0.25653834021447947,2,0
"category_lenovo_laptop_price","Lenovo laptop price","category_purchase","consideration","","worldwide",2022-04-03,20.02205,0.031183409050326922,2,0
"category_lenovo_laptop_price","Lenovo laptop price","category_purchase","consideration","","worldwide",2022-04-10,20.1539,0.21764746724921955,2,0
"category_lenovo_laptop_price","Lenovo laptop price","category_purchase","consideration","","worldwide",2022-04-17,18.8627,0.1941715221138256,2,0
"category_lenovo_laptop_price","Lenovo laptop price","category_purchase","consideration","","worldwide",2022-04-24,19.2583,0.3652913631609707,2,0
"category_lenovo_laptop_price","Lenovo laptop price","category_purchase","consideration","","worldwide",2022-05-01,17.967100000000002,0.046527626202074415,2,0
"category_lenovo_laptop_price","Lenovo laptop price","category_purchase","consideration","","worldwide",2022-05-08,19.7583,0.3418154180255768,2,0
"category_lenovo_laptop_price","Lenovo laptop price","category_purchase","consideration","","worldwide",2022-05-15,19.89015,0.1553513598266842,2,0
"category_lenovo_laptop_price","Lenovo laptop price","category_purchase","consideration","","worldwide",2022-05-22,20.2164,0.1881594005092492,3,0
"category_lenovo_laptop_price","Lenovo laptop price","category_purchase","consideration","","worldwide",2022-05-29,20.897233333333332,0.08962166776697081,3,0
"category_lenovo_laptop_price","Lenovo laptop price","category_purchase","consideration","","worldwide",2022-06-05,20.042666666666666,0.0419683610989675,3,0
"category_lenovo_laptop_price","Lenovo laptop price","category_purchase","consideration","","worldwide",2022-06-12,20.2164,0.1881594005092492,3,0
"category_lenovo_laptop_price","Lenovo laptop price","category_purchase","consideration","","worldwide",2022-06-19,21.751766666666665,0.21497944863017382,3,0
"category_lenovo_laptop_price","Lenovo laptop price","category_purchase","consideration","","worldwide",2022-06-26,21.9255,0.06454835396816912,3,0
"category_lenovo_laptop_price","Lenovo laptop price","category_purchase","consideration","","worldwide",2022-07-03,21.9255,0.06454835396816912,3,0
"category_lenovo_laptop_price","Lenovo laptop price","category_purchase","consideration","","worldwide",2022-07-10,22.099266666666665,0.08611860039116565,3,0
"category_lenovo_laptop_price","Lenovo laptop price","category_purchase","consideration","","worldwide",2022-07-17,23.9821,0.031090352201285185,3,0
"category_lenovo_laptop_price","Lenovo laptop price","category_purchase","consideration","","worldwide",2022-07-24,25.0104,0.040513824800924636,3,0
"category_lenovo_laptop_price","Lenovo laptop price","category_purchase","consideration","","worldwide",2022-07-31,23.3013,0.2617571966536928,3,0
"category_lenovo_laptop_price","Lenovo laptop price","category_purchase","consideration","","worldwide",2022-08-07,23.720466666666667,0.2650814277412384,3,0
"category_lenovo_laptop_price","Lenovo laptop price","category_purchase","consideration","","worldwide",2022-08-14,24.067933333333333,0.11757739295176403,3,0
"category_lenovo_laptop_price","Lenovo laptop price","category_purchase","consideration","","worldwide",2022-08-21,23.127533333333332,0.11184061575891528,3,0
"category_lenovo_laptop_price","Lenovo laptop price","category_purchase","consideration","","worldwide",2022-08-28,22.099266666666665,0.08611860039116565,3,0
"category_lenovo_laptop_price","Lenovo laptop price","category_purchase","consideration","","worldwide",2022-09-04,22.273,0.2365670940769233,3,0
"category_lenovo_laptop_price","Lenovo laptop price","category_purchase","consideration","","worldwide",2022-09-11,22.9538,0.04255678559289935,3,0
"category_lenovo_laptop_price","Lenovo laptop price","category_purchase","consideration","","worldwide",2022-09-18,23.039633333333335,0.11929443965807197,3,0
"category_lenovo_laptop_price","Lenovo laptop price","category_purchase","consideration","","worldwide",2022-09-25,22.692166666666665,0.2925804561711759,3,0
"category_lenovo_laptop_price","Lenovo laptop price","category_purchase","consideration","","worldwide",2022-10-02,20.042666666666666,0.0419683610989675,3,0
"category_lenovo_laptop_price","Lenovo laptop price","category_purchase","consideration","","worldwide",2022-10-09,20.691775,0.2058549064268327,4,0
"category_lenovo_laptop_price","Lenovo laptop price","category_purchase","consideration","","worldwide",2022-10-16,20.691775,0.2058549064268327,4,0
"category_lenovo_laptop_price","Lenovo laptop price","category_purchase","consideration","","worldwide",2022-10-23,17.800375000000003,0.1404409810798349,4,0
"category_lenovo_laptop_price","Lenovo laptop price","category_purchase","consideration","","worldwide",2022-10-30,18.255675,0.1906572557409414,4,0
"category_lenovo_laptop_price","Lenovo laptop price","category_purchase","consideration","","worldwide",2022-11-06,17.6057,0.26717431263752345,4,0
"category_lenovo_laptop_price","Lenovo laptop price","category_purchase","consideration","","worldwide",2022-11-13,19.02375,0.034020435035430605,4,0
"category_lenovo_laptop_price","Lenovo laptop price","category_purchase","consideration","","worldwide",2022-11-20,18.189725,0.13234375378787874,4,0
"category_lenovo_laptop_price","Lenovo laptop price","category_purchase","consideration","","worldwide",2022-11-27,16.83765,0.12763639763014342,4,0
"category_lenovo_laptop_price","Lenovo laptop price","category_purchase","consideration","","worldwide",2022-12-04,17.032325,0.07385803386678201,4,0
"category_lenovo_laptop_price","Lenovo laptop price","category_purchase","consideration","","worldwide",2022-12-11,17.995075,0.04201994566076086,4,0
"category_lenovo_laptop_price","Lenovo laptop price","category_purchase","consideration","","worldwide",2022-12-18,17.227,0.16826718832460108,4,0
"category_lenovo_laptop_price","Lenovo laptop price","category_purchase","consideration","","worldwide",2022-12-25,19.663075,0.2259138386642128,4,0
"category_lenovo_laptop_price","Lenovo laptop price","category_purchase","consideration","","worldwide",2023-01-01,19.218425,0.14812022988099888,4,0
"category_lenovo_laptop_price","Lenovo laptop price","category_purchase","consideration","","worldwide",2023-01-08,19.218425,0.14812022988099888,4,0
"category_lenovo_laptop_price","Lenovo laptop price","category_purchase","consideration","","worldwide",2023-01-15,18.634425,0.24635784778786038,4,0
"category_lenovo_laptop_price","Lenovo laptop price","category_purchase","consideration","","worldwide",2023-01-22,19.218425,0.14812022988099888,4,0
"category_lenovo_laptop_price","Lenovo laptop price","category_purchase","consideration","","worldwide",2023-01-29,19.85775,0.09718588717847171,4,0
"category_lenovo_laptop_price","Lenovo laptop price","category_purchase","consideration","","worldwide",2023-02-05,19.218425,0.14812022988099888,4,0
"category_lenovo_laptop_price","Lenovo laptop price","category_purchase","consideration","","worldwide",2023-02-12,17.227,0.16826718832460108,4,0
"category_lenovo_laptop_price","Lenovo laptop price","category_purchase","consideration","","worldwide",2023-02-19,19.28435,0.2130369216826042,4,0
"category_lenovo_laptop_price","Lenovo laptop price","category_purchase","consideration","","worldwide",2023-02-26,17.032325,0.07385803386678201,4,0
"category_lenovo_laptop_price","Lenovo laptop price","category_purchase","consideration","","worldwide",2023-03-05,18.61808,0.2164600124734356,5,0
"category_lenovo_laptop_price","Lenovo laptop price","category_purchase","consideration","","worldwide",2023-03-12,17.6417,0.21169383552668697,5,0
"category_lenovo_laptop_price","Lenovo laptop price","category_purchase","consideration","","worldwide",2023-03-19,18.00354,0.04101875180938592,5,0
"category_lenovo_laptop_price","Lenovo laptop price","category_purchase","consideration","","worldwide",2023-03-26,16.97442,0.05352608709778755,5,0
"category_lenovo_laptop_price","Lenovo laptop price","category_purchase","consideration","","worldwide",2023-04-02,18.61808,0.2164600124734356,5,0
"category_lenovo_laptop_price","Lenovo laptop price","category_purchase","consideration","","worldwide",2023-04-09,16.61264,0.22412562994891985,5,0
"category_lenovo_laptop_price","Lenovo laptop price","category_purchase","consideration","","worldwide",2023-04-16,15.99808,0.05246176703085817,5,0
"category_lenovo_laptop_price","Lenovo laptop price","category_purchase","consideration","","worldwide",2023-04-23,17.02718,0.06498932219988182,5,0
"category_lenovo_laptop_price","Lenovo laptop price","category_purchase","consideration","","worldwide",2023-04-30,17.02718,0.06498932219988182,5,0
"category_lenovo_laptop_price","Lenovo laptop price","category_purchase","consideration","","worldwide",2023-05-07,16.35988,0.20907690451123445,5,0
"category_lenovo_laptop_price","Lenovo laptop price","category_purchase","consideration","","worldwide",2023-05-14,17.79624,0.12197640345575013,5,0
"category_lenovo_laptop_price","Lenovo laptop price","category_purchase","consideration","","worldwide",2023-05-21,18.21078,0.12390608136810746,5,0
"category_lenovo_laptop_price","Lenovo laptop price","category_purchase","consideration","","worldwide",2023-05-28,20.26896,0.1513893919665447,5,0
"category_lenovo_laptop_price","Lenovo laptop price","category_purchase","consideration","","worldwide",2023-06-04,17.38896,0.22230097390699843,5,0
"category_lenovo_laptop_price","Lenovo laptop price","category_purchase","consideration","","worldwide",2023-06-11,21.09078,0.051892215215772114,5,0
"category_lenovo_laptop_price","Lenovo laptop price","category_purchase","consideration","","worldwide",2023-06-18,21.65258,0.22692470557433805,5,0
"category_lenovo_laptop_price","Lenovo laptop price","category_purchase","consideration","","worldwide",2023-06-25,18.21078,0.12390608136810746,5,0
"category_lenovo_laptop_price","Lenovo laptop price","category_purchase","consideration","","worldwide",2023-07-02,23.14894,0.08462790910804761,5,0
"category_lenovo_laptop_price","Lenovo laptop price","category_purchase","consideration","","worldwide",2023-07-09,25.82166,0.1077349432635484,5,0
"category_lenovo_laptop_price","Lenovo laptop price","category_purchase","consideration","","worldwide",2023-07-16,22.73442,0.14885055256867533,5,0
"category_lenovo_laptop_price","Lenovo laptop price","category_purchase","consideration","","worldwide",2023-07-23,24.773266666666665,0.11717712518519423,6,0
"category_lenovo_laptop_price","Lenovo laptop price","category_purchase","consideration","","worldwide",2023-07-30,25.374683333333333,0.19623248881535066,6,0
"category_lenovo_laptop_price","Lenovo laptop price","category_purchase","consideration","","worldwide",2023-08-06,24.944433333333333,0.07879488985122493,6,0
"category_lenovo_laptop_price","Lenovo laptop price","category_purchase","consideration","","worldwide",2023-08-13,24.391483333333333,0.1948332765896695,6,0
"category_lenovo_laptop_price","Lenovo laptop price","category_purchase","consideration","","worldwide",2023-08-20,23.34264,0.19217851857062454,5,0
"category_lenovo_laptop_price","Lenovo laptop price","category_purchase","consideration","","worldwide",2023-08-27,23.95344,0.03170840582558525,5,0
"category_lenovo_laptop_price","Lenovo laptop price","category_purchase","consideration","","worldwide",2023-09-03,22.72642,0.153410843814901,5,0
"category_lenovo_laptop_price","Lenovo laptop price","category_purchase","consideration","","worldwide",2023-09-10,20.8886,0.06264523126304175,5,0
"category_lenovo_laptop_price","Lenovo laptop price","category_purchase","consideration","","worldwide",2023-09-17,22.72642,0.153410843814901,5,0
"category_lenovo_laptop_price","Lenovo laptop price","category_purchase","consideration","","worldwide",2023-09-24,22.93182,0.04034032721731439,5,0
"category_lenovo_laptop_price","Lenovo laptop price","category_purchase","consideration","","worldwide",2023-10-01,22.32104,0.1798028865174305,5,0
"category_lenovo_laptop_price","Lenovo laptop price","category_purchase","consideration","","worldwide",2023-10-08,22.72642,0.153410843814901,5,0
"category_lenovo_laptop_price","Lenovo laptop price","category_purchase","consideration","","worldwide",2023-10-15,18.84536,0.08734181701796642,5,0
"category_lenovo_laptop_price","Lenovo laptop price","category_purchase","consideration","","worldwide",2023-10-22,18.23454,0.13194822090502048,5,0
"category_lenovo_laptop_price","Lenovo laptop price","category_purchase","consideration","","worldwide",2023-10-29,19.25616,0.14356668485411223,5,0
"category_lenovo_laptop_price","Lenovo laptop price","category_purchase","consideration","","worldwide",2023-11-05,20.8886,0.06264523126304175,5,0
"category_lenovo_laptop_price","Lenovo laptop price","category_purchase","consideration","","worldwide",2023-11-12,19.25616,0.14356668485411223,5,0
"category_lenovo_laptop_price","Lenovo laptop price","category_purchase","consideration","","worldwide",2023-11-19,21.094,0.05301711987650807,5,0
"category_lenovo_laptop_price","Lenovo laptop price","category_purchase","consideration","","worldwide",2023-11-26,21.9102,0.05099960784162972,5,0
"category_lenovo_laptop_price","Lenovo laptop price","category_purchase","consideration","","worldwide",2023-12-03,19.25616,0.14356668485411223,5,0
"category_lenovo_laptop_price","Lenovo laptop price","category_purchase","consideration","","worldwide",2023-12-10,18.84536,0.08734181701796642,5,0
"category_lenovo_laptop_price","Lenovo laptop price","category_purchase","consideration","","worldwide",2023-12-17,20.881416666666667,0.05872939354928365,6,0
"category_lenovo_laptop_price","Lenovo laptop price","category_purchase","consideration","","worldwide",2023-12-24,20.881416666666667,0.05872939354928365,6,0
"category_lenovo_laptop_price","Lenovo laptop price","category_purchase","consideration","","worldwide",2023-12-31,21.671866666666666,0.16836441033266694,6,0
"category_lenovo_laptop_price","Lenovo laptop price","category_purchase","consideration","","worldwide",2024-01-07,20.66632,0.1907560667449397,5,0
"category_lenovo_laptop_price","Lenovo laptop price","category_purchase","consideration","","worldwide",2024-01-14,21.90056,0.06034565435886812,5,0
"category_lenovo_laptop_price","Lenovo laptop price","category_purchase","consideration","","worldwide",2024-01-21,20.46632,0.2637193148026895,5,0
"category_lenovo_laptop_price","Lenovo laptop price","category_purchase","consideration","","worldwide",2024-01-28,17.77778,0.16476187969308928,5,0
"category_lenovo_laptop_price","Lenovo laptop price","category_purchase","consideration","","worldwide",2024-02-04,16.8298,0.10967672952819157,5,0
"category_lenovo_laptop_price","Lenovo laptop price","category_purchase","consideration","","worldwide",2024-02-11,16.29266,0.2034932996439928,5,0
"category_lenovo_laptop_price","Lenovo laptop price","category_purchase","consideration","","worldwide",2024-02-18,16.6097,0.2200257598555224,5,0
"category_lenovo_laptop_price","Lenovo laptop price","category_purchase","consideration","","worldwide",2024-02-25,22.12066,0.06898208463072142,5,0
"category_lenovo_laptop_price","Lenovo laptop price","category_purchase","consideration","","worldwide",2024-03-03,19.0782,0.07010392285742591,5,0
"category_lenovo_laptop_price","Lenovo laptop price","category_purchase","consideration","","worldwide",2024-03-10,16.4097,0.23078417406746088,5,0
"category_lenovo_laptop_price","Lenovo laptop price","category_purchase","consideration","","worldwide",2024-03-17,17.04986,0.0894790925300431,5,0
"category_lenovo_laptop_price","Lenovo laptop price","category_purchase","consideration","","worldwide",2024-03-24,17.84396,0.09570137407581977,5,0
"category_lenovo_laptop_price","Lenovo laptop price","category_purchase","consideration","","worldwide",2024-03-31,16.13876,0.11493686527829049,5,0
"category_lenovo_laptop_price","Lenovo laptop price","category_purchase","consideration","","worldwide",2024-04-07,14.58142,0.2408314493582597,5,0
"category_lenovo_laptop_price","Lenovo laptop price","category_purchase","consideration","","worldwide",2024-04-14,14.26436,0.17497024889963436,5,0
"category_lenovo_laptop_price","Lenovo laptop price","category_purchase","consideration","","worldwide",2024-04-21,16.6097,0.2200257598555224,5,0
"category_lenovo_laptop_price","Lenovo laptop price","category_purchase","consideration","","worldwide",2024-04-28,14.38142,0.22070293835832813,5,0
"category_lenovo_laptop_price","Lenovo laptop price","category_purchase","consideration","","worldwide",2024-05-05,16.158033333333332,0.1247190870182535,6,0
"category_lenovo_laptop_price","Lenovo laptop price","category_purchase","consideration","","worldwide",2024-05-12,15.974616666666666,0.05043091974837116,6,0
"category_lenovo_laptop_price","Lenovo laptop price","category_purchase","consideration","","worldwide",2024-05-19,17.35321666666667,0.27403338057008053,6,0
"category_lenovo_laptop_price","Lenovo laptop price","category_purchase","consideration","","worldwide",2024-05-26,17.310816666666668,0.25592972017072696,6,0
"category_lenovo_laptop_price","Lenovo laptop price","category_purchase","consideration","","worldwide",2024-06-02,16.71424,0.26163266806727314,5,0
"category_lenovo_laptop_price","Lenovo laptop price","category_purchase","consideration","","worldwide",2024-06-09,16.14566,0.13526018630772346,5,0
"category_lenovo_laptop_price","Lenovo laptop price","category_purchase","consideration","","worldwide",2024-06-16,16.71424,0.26163266806727314,5,0
"category_lenovo_laptop_price","Lenovo laptop price","category_purchase","consideration","","worldwide",2024-06-23,18.33062,0.3021767148540738,5,0
"category_lenovo_laptop_price","Lenovo laptop price","category_purchase","consideration","","worldwide",2024-06-30,17.89104,0.10440647968397411,5,0
"category_lenovo_laptop_price","Lenovo laptop price","category_purchase","consideration","","worldwide",2024-07-07,18.05962,0.08196018545611,5,0
"category_lenovo_laptop_price","Lenovo laptop price","category_purchase","consideration","","worldwide",2024-07-14,18.89922,0.0937542105721119,5,0
"category_lenovo_laptop_price","Lenovo laptop price","category_purchase","consideration","","worldwide",2024-07-21,18.730620000000002,0.24635496138701946,5,0
"category_lenovo_laptop_price","Lenovo laptop price","category_purchase","consideration","","worldwide",2024-07-28,19.00164,0.08739595528398356,5,0
"category_lenovo_laptop_price","Lenovo laptop price","category_purchase","consideration","","worldwide",2024-08-04,19.00164,0.08739595528398356,5,0
"category_lenovo_laptop_price","Lenovo laptop price","category_purchase","consideration","","worldwide",2024-08-11,19.2364,0.2296171705252022,5,0
"category_lenovo_laptop_price","Lenovo laptop price","category_purchase","consideration","","worldwide",2024-08-18,18.89922,0.0937542105721119,5,0
"category_lenovo_laptop_price","Lenovo laptop price","category_purchase","consideration","","worldwide",2024-08-25,18.162020000000002,0.15446200827387999,5,0
"category_lenovo_laptop_price","Lenovo laptop price","category_purchase","consideration","","worldwide",2024-09-01,18.162020000000002,0.15446200827387999,5,0
"category_lenovo_laptop_price","Lenovo laptop price","category_purchase","consideration","","worldwide",2024-09-08,17.89104,0.10440647968397411,5,0
"category_lenovo_laptop_price","Lenovo laptop price","category_purchase","consideration","","worldwide",2024-09-15,18.162020000000002,0.15446200827387999,5,0
"category_lenovo_laptop_price","Lenovo laptop price","category_purchase","consideration","","worldwide",2024-09-22,18.89922,0.0937542105721119,5,0
"category_lenovo_laptop_price","Lenovo laptop price","category_purchase","consideration","","worldwide",2024-09-29,17.81165,0.22346672906721504,6,0
"category_lenovo_laptop_price","Lenovo laptop price","category_purchase","consideration","","worldwide",2024-10-06,16.761866666666666,0.2614787155136467,6,0
"category_lenovo_laptop_price","Lenovo laptop price","category_purchase","consideration","","worldwide",2024-10-13,16.804816666666667,0.22704475696801826,6,0
"category_lenovo_laptop_price","Lenovo laptop price","category_purchase","consideration","","worldwide",2024-10-20,17.16716,0.24382133417730267,5,0
"category_lenovo_laptop_price","Lenovo laptop price","category_purchase","consideration","","worldwide",2024-10-27,14.86278,0.20030402392363467,5,0
"category_lenovo_laptop_price","Lenovo laptop price","category_purchase","consideration","","worldwide",2024-11-03,14.97982,0.05060199600806277,5,0
"category_lenovo_laptop_price","Lenovo laptop price","category_purchase","consideration","","worldwide",2024-11-10,15.09688,0.13354286577724747,5,0
"category_lenovo_laptop_price","Lenovo laptop price","category_purchase","consideration","","worldwide",2024-11-17,16.93304,0.09644414445677925,5,0
"category_lenovo_laptop_price","Lenovo laptop price","category_purchase","consideration","","worldwide",2024-11-24,17.16716,0.24382133417730267,5,0
"category_lenovo_laptop_price","Lenovo laptop price","category_purchase","consideration","","worldwide",2024-12-01,14.97982,0.05060199600806277,5,0
"category_lenovo_laptop_price","Lenovo laptop price","category_purchase","consideration","","worldwide",2024-12-08,14.09484,0.13002785470813544,5,0
"category_lenovo_laptop_price","Lenovo laptop price","category_purchase","consideration","","worldwide",2024-12-15,14.8119,0.25838434550103845,5,0
"category_lenovo_laptop_price","Lenovo laptop price","category_purchase","consideration","","worldwide",2024-12-22,15.86482,0.20095962778627977,5,0
"category_lenovo_laptop_price","Lenovo laptop price","category_purchase","consideration","","worldwide",2024-12-29,15.931000000000001,0.10211951331650554,5,0
"category_lenovo_laptop_price","Lenovo laptop price","category_purchase","consideration","","worldwide",2025-01-05,15.98188,0.056890306731463315,5,0
"category_lenovo_laptop_price","Lenovo laptop price","category_purchase","consideration","","worldwide",2025-01-12,17.0501,0.08916512771257608,5,0
"category_lenovo_laptop_price","Lenovo laptop price","category_purchase","consideration","","worldwide",2025-01-19,17.10098,0.14215277696900586,5,0
"category_lenovo_laptop_price","Lenovo laptop price","category_purchase","consideration","","worldwide",2025-01-26,15.931000000000001,0.10211951331650554,5,0
"category_lenovo_laptop_price","Lenovo laptop price","category_purchase","consideration","","worldwide",2025-02-02,14.14572,0.22162316440300195,5,0
"category_lenovo_laptop_price","Lenovo laptop price","category_purchase","consideration","","worldwide",2025-02-09,14.2119,0.2908822270266782,5,0
"category_lenovo_laptop_price","Lenovo laptop price","category_purchase","consideration","","worldwide",2025-02-16,15.84495,0.24043037869620407,6,0
"category_lenovo_laptop_price","Lenovo laptop price","category_purchase","consideration","","worldwide",2025-02-23,15.84495,0.24043037869620407,6,0
"category_lenovo_laptop_price","Lenovo laptop price","category_purchase","consideration","","worldwide",2025-03-02,14.983183333333333,0.04600349624394507,6,0
"category_lenovo_laptop_price","Lenovo laptop price","category_purchase","consideration","","worldwide",2025-03-09,15.080733333333333,0.1258222820754202,6,0
"category_lenovo_laptop_price","Lenovo laptop price","category_purchase","consideration","","worldwide",2025-03-16,14.97792,0.04937238094319548,5,0
"category_lenovo_laptop_price","Lenovo laptop price","category_purchase","consideration","","worldwide",2025-03-23,14.97792,0.04937238094319548,5,0
"category_lenovo_laptop_price","Lenovo laptop price","category_purchase","consideration","","worldwide",2025-03-30,14.04558,0.10191997841444041,5,0
"category_lenovo_laptop_price","Lenovo laptop price","category_purchase","consideration","","worldwide",2025-04-06,14.04558,0.10191997841444041,5,0
"category_lenovo_laptop_price","Lenovo laptop price","category_purchase","consideration","","worldwide",2025-04-13,14.04558,0.10191997841444041,5,0
"category_lenovo_laptop_price","Lenovo laptop price","category_purchase","consideration","","worldwide",2025-04-20,15.0441,0.0986105978077405,5,0
"category_lenovo_laptop_price","Lenovo laptop price","category_purchase","consideration","","worldwide",2025-04-27,19.1044,0.23344549685097735,5,0
"category_lenovo_laptop_price","Lenovo laptop price","category_purchase","consideration","","worldwide",2025-05-04,16.97498,0.055946420797044635,5,0
"category_lenovo_laptop_price","Lenovo laptop price","category_purchase","consideration","","worldwide",2025-05-11,17.97352,0.05921108004419466,5,0
"category_lenovo_laptop_price","Lenovo laptop price","category_purchase","consideration","","worldwide",2025-05-18,17.90734,0.20719405879513064,5,0
"category_lenovo_laptop_price","Lenovo laptop price","category_purchase","consideration","","worldwide",2025-05-25,17.97352,0.05921108004419466,5,0
"category_lenovo_laptop_price","Lenovo laptop price","category_purchase","consideration","","worldwide",2025-06-01,16.04264,0.09534593856059126,5,0
"category_lenovo_laptop_price","Lenovo laptop price","category_purchase","consideration","","worldwide",2025-06-08,15.97646,0.052637040190344715,5,0
"category_lenovo_laptop_price","Lenovo laptop price","category_purchase","consideration","","worldwide",2025-06-15,17.97352,0.05921108004419466,5,0
"category_lenovo_laptop_price","Lenovo laptop price","category_purchase","consideration","","worldwide",2025-06-22,18.10586,0.2367101560981274,5,0
"category_lenovo_laptop_price","Lenovo laptop price","category_purchase","consideration","","worldwide",2025-06-29,19.1044,0.23344549685097735,5,0
"category_lenovo_laptop_price","Lenovo laptop price","category_purchase","consideration","","worldwide",2025-07-06,19.97056,0.0658298412575945,5,0
"category_lenovo_laptop_price","Lenovo laptop price","category_purchase","consideration","","worldwide",2025-07-13,22.0338,0.07557909763949311,5,0
"category_lenovo_laptop_price","Lenovo laptop price","category_purchase","consideration","","worldwide",2025-07-20,26.96026,0.0888613414258411,5,0
"category_lenovo_laptop_price","Lenovo laptop price","category_purchase","consideration","","worldwide",2025-07-27,33.01762,0.039399517763545035,5,0
"category_lenovo_laptop_price","Lenovo laptop price","category_purchase","consideration","","worldwide",2025-08-03,47,0,4,0
"category_lenovo_laptop_price","Lenovo laptop price","category_purchase","consideration","","worldwide",2025-08-10,59,0,4,0
"category_lenovo_laptop_price","Lenovo laptop price","category_purchase","consideration","","worldwide",2025-08-17,66,0,4,0
"category_lenovo_laptop_price","Lenovo laptop price","category_purchase","consideration","","worldwide",2025-08-24,71,0,4,0
"category_lenovo_laptop_price","Lenovo laptop price","category_purchase","consideration","","worldwide",2025-08-31,100,0,4,0
"category_lenovo_laptop_price","Lenovo laptop price","category_purchase","consideration","","worldwide",2025-09-07,89,0,4,0
"category_lenovo_laptop_price","Lenovo laptop price","category_purchase","consideration","","worldwide",2025-09-14,58,0,4,0
"category_lenovo_laptop_price","Lenovo laptop price","category_purchase","consideration","","worldwide",2025-09-21,64,0,4,0
"category_lenovo_laptop_price","Lenovo laptop price","category_purchase","consideration","","worldwide",2025-09-28,63,0,4,0
"category_lenovo_laptop_price","Lenovo laptop price","category_purchase","consideration","","worldwide",2025-10-05,54,0,4,0
"category_lenovo_laptop_price","Lenovo laptop price","category_purchase","consideration","","worldwide",2025-10-12,55,0,4,0
"category_lenovo_laptop_price","Lenovo laptop price","category_purchase","consideration","","worldwide",2025-10-19,58,0,4,0
"category_lenovo_laptop_price","Lenovo laptop price","category_purchase","consideration","","worldwide",2025-10-26,54,0,4,0
"category_lenovo_laptop_price","Lenovo laptop price","category_purchase","consideration","","worldwide",2025-11-02,50,0,4,0
"category_lenovo_laptop_price","Lenovo laptop price","category_purchase","consideration","","worldwide",2025-11-09,57,0,4,0
"category_lenovo_laptop_price","Lenovo laptop price","category_purchase","consideration","","worldwide",2025-11-16,62,0,4,0
"category_lenovo_laptop_price","Lenovo laptop price","category_purchase","consideration","","worldwide",2025-11-23,79,0,4,0
"category_lenovo_laptop_price","Lenovo laptop price","category_purchase","consideration","","worldwide",2025-11-30,63,0,4,0
"category_lenovo_laptop_price","Lenovo laptop price","category_purchase","consideration","","worldwide",2025-12-07,55,0,4,0
"category_lenovo_laptop_price","Lenovo laptop price","category_purchase","consideration","","worldwide",2025-12-14,49,0,4,0
"category_lenovo_laptop_price","Lenovo laptop price","category_purchase","consideration","","worldwide",2025-12-21,37,0,4,0
"category_lenovo_laptop_price","Lenovo laptop price","category_purchase","consideration","","worldwide",2025-12-28,34,0,3,0
"category_lenovo_laptop_price","Lenovo laptop price","category_purchase","consideration","","worldwide",2026-01-04,33,0,3,0
"category_lenovo_laptop_price","Lenovo laptop price","category_purchase","consideration","","worldwide",2026-01-11,37,0,3,0
"category_lenovo_laptop_price","Lenovo laptop price","category_purchase","consideration","","worldwide",2026-01-18,44,0,3,0
"category_lenovo_laptop_price","Lenovo laptop price","category_purchase","consideration","","worldwide",2026-01-25,46,0,3,0
"category_lenovo_laptop_price","Lenovo laptop price","category_purchase","consideration","","worldwide",2026-02-01,38,0,3,0
"category_lenovo_laptop_price","Lenovo laptop price","category_purchase","consideration","","worldwide",2026-02-08,34,0,3,0
"category_lenovo_laptop_price","Lenovo laptop price","category_purchase","consideration","","worldwide",2026-02-15,35,0,3,0
"category_lenovo_laptop_price","Lenovo laptop price","category_purchase","consideration","","worldwide",2026-02-22,35,0,3,0
"category_lenovo_laptop_price","Lenovo laptop price","category_purchase","consideration","","worldwide",2026-03-01,47,0,3,0
"category_lenovo_laptop_price","Lenovo laptop price","category_purchase","consideration","","worldwide",2026-03-08,50,0,3,0
"category_lenovo_laptop_price","Lenovo laptop price","category_purchase","consideration","","worldwide",2026-03-15,39,0,3,0
"category_lenovo_laptop_price","Lenovo laptop price","category_purchase","consideration","","worldwide",2026-03-22,39,0,3,0
"category_lenovo_laptop_price","Lenovo laptop price","category_purchase","consideration","","worldwide",2026-03-29,41,0,3,0
"category_lenovo_laptop_price","Lenovo laptop price","category_purchase","consideration","","worldwide",2026-04-05,41,0,3,0
"category_lenovo_laptop_price","Lenovo laptop price","category_purchase","consideration","","worldwide",2026-04-12,39,0,3,0
"category_lenovo_laptop_price","Lenovo laptop price","category_purchase","consideration","","worldwide",2026-04-19,33,0,3,0
"category_lenovo_laptop_price","Lenovo laptop price","category_purchase","consideration","","worldwide",2026-04-26,33,0,3,0
"category_lenovo_laptop_price","Lenovo laptop price","category_purchase","consideration","","worldwide",2026-05-03,32,0,3,0
"category_lenovo_laptop_price","Lenovo laptop price","category_purchase","consideration","","worldwide",2026-05-10,33,0,3,0
"category_lenovo_laptop_price","Lenovo laptop price","category_purchase","consideration","","worldwide",2026-05-17,35,0,2,0
"category_lenovo_laptop_price","Lenovo laptop price","category_purchase","consideration","","worldwide",2026-05-24,34,0,2,0
"category_lenovo_laptop_price","Lenovo laptop price","category_purchase","consideration","","worldwide",2026-05-31,38,0,2,0
"category_lenovo_laptop_price","Lenovo laptop price","category_purchase","consideration","","worldwide",2026-06-07,34,0,2,0
"category_lenovo_laptop_price","Lenovo laptop price","category_purchase","consideration","","worldwide",2026-06-14,31,0,2,0
"category_lenovo_laptop_price","Lenovo laptop price","category_purchase","consideration","","worldwide",2026-06-21,37,0,2,0
"category_lenovo_laptop_price","Lenovo laptop price","category_purchase","consideration","","worldwide",2026-06-28,35,0,2,0
"category_lenovo_laptop_price","Lenovo laptop price","category_purchase","consideration","","worldwide",2026-07-05,33,0,2,0
"category_lenovo_laptop_price","Lenovo laptop price","category_purchase","consideration","","worldwide",2026-07-12,24,0,2,0
"category_lenovo_laptop_price","Lenovo laptop price","category_purchase","consideration","","worldwide",2026-07-19,30,0,2,0
"category_lenovo_laptop_price","Lenovo laptop price","category_purchase","consideration","","worldwide",2026-07-26,28,0,2,0
"category_lenovo_laptop_price","Lenovo laptop price","category_purchase","consideration","","worldwide",2026-08-02,32,0,2,0
"category_lenovo_laptop_price","Lenovo laptop price","category_purchase","consideration","","worldwide",2026-08-09,52,0,2,0
"category_lenovo_laptop_price","Lenovo laptop price","category_purchase","consideration","","worldwide",2026-08-16,41,0,2,0
"category_lenovo_laptop_price","Lenovo laptop price","category_purchase","consideration","","worldwide",2026-08-23,35,0,2,0
"category_lenovo_laptop_price","Lenovo laptop price","category_purchase","consideration","","worldwide",2026-08-30,47,0,2,0
"category_lenovo_laptop_price","Lenovo laptop price","category_purchase","consideration","","worldwide",2026-09-06,37,0,2,0
"category_lenovo_laptop_price","Lenovo laptop price","category_purchase","consideration","","worldwide",2026-09-13,28,0,2,0
"category_lenovo_laptop_price","Lenovo laptop price","category_purchase","consideration","","worldwide",2026-09-20,22,0,2,0
"category_lenovo_laptop_price","Lenovo laptop price","category_purchase","consideration","","worldwide",2026-09-27,19,0,2,0
"category_lenovo_legion","Lenovo Legion","category_purchase","consideration","","worldwide",2021-12-26,20.996650000000002,0.004737615433948876,2,0
"category_lenovo_legion","Lenovo Legion","category_purchase","consideration","","worldwide",2022-01-02,25.829250000000002,0.24147696577520592,2,0
"category_lenovo_legion","Lenovo Legion","category_purchase","consideration","","worldwide",2022-01-09,25.0377,0.053315851301464524,2,0
"category_lenovo_legion","Lenovo Legion","category_purchase","consideration","","worldwide",2022-01-16,24.1003,0.14184562030602246,2,0
"category_lenovo_legion","Lenovo Legion","category_purchase","consideration","","worldwide",2022-01-23,29.078699999999998,0.11129860735876194,2,0
"category_lenovo_legion","Lenovo Legion","category_purchase","consideration","","worldwide",2022-01-30,23.80875,0.27046834380385465,2,0
"category_lenovo_legion","Lenovo Legion","category_purchase","consideration","","worldwide",2022-02-06,23.162950000000002,0.23044609998869636,2,0
"category_lenovo_legion","Lenovo Legion","category_purchase","consideration","","worldwide",2022-02-13,25.97505,0.03528462838120939,2,0
"category_lenovo_legion","Lenovo Legion","category_purchase","consideration","","worldwide",2022-02-20,23.80875,0.27046834380385465,2,0
"category_lenovo_legion","Lenovo Legion","category_purchase","consideration","","worldwide",2022-02-27,26.912399999999998,0.1238851080638833,2,0
"category_lenovo_legion","Lenovo Legion","category_purchase","consideration","","worldwide",2022-03-06,23.954549999999998,0.0642760064098581,2,0
"category_lenovo_legion","Lenovo Legion","category_purchase","consideration","","worldwide",2022-03-13,25.18345,0.25943747801734507,2,0
"category_lenovo_legion","Lenovo Legion","category_purchase","consideration","","worldwide",2022-03-20,22.8714,0.18186786412118072,2,0
"category_lenovo_legion","Lenovo Legion","category_purchase","consideration","","worldwide",2022-03-27,23.017200000000003,0.024324473272818323,2,0
"category_lenovo_legion","Lenovo Legion","category_purchase","consideration","","worldwide",2022-04-03,21.14245,0.20145472196004766,2,0
"category_lenovo_legion","Lenovo Legion","category_purchase","consideration","","worldwide",2022-04-10,21.93405,0.09326738443850681,2,0
"category_lenovo_legion","Lenovo Legion","category_purchase","consideration","","worldwide",2022-04-17,19.76775,0.32845109986115206,2,0
"category_lenovo_legion","Lenovo Legion","category_purchase","consideration","","worldwide",2022-04-24,19.12195,0.17246334393139895,2,0
"category_lenovo_legion","Lenovo Legion","category_purchase","consideration","","worldwide",2022-05-01,20.996650000000002,0.004737615433948876,2,0
"category_lenovo_legion","Lenovo Legion","category_purchase","consideration","","worldwide",2022-05-08,21.14245,0.20145472196004766,2,0
"category_lenovo_legion","Lenovo Legion","category_purchase","consideration","","worldwide",2022-05-15,19.9135,0.1223294731452715,2,0
"category_lenovo_legion","Lenovo Legion","category_purchase","consideration","","worldwide",2022-05-22,19.708566666666666,0.25386623117959894,3,0
"category_lenovo_legion","Lenovo Legion","category_purchase","consideration","","worldwide",2022-05-29,17.946566666666666,0.14162331493554664,3,0
"category_lenovo_legion","Lenovo Legion","category_purchase","consideration","","worldwide",2022-06-05,18.827566666666666,0.16971848259200759,3,0
"category_lenovo_legion","Lenovo Legion","category_purchase","consideration","","worldwide",2022-06-12,19.15,0.13127151252270983,3,0
"category_lenovo_legion","Lenovo Legion","category_purchase","consideration","","worldwide",2022-06-19,20.030966666666668,0.07697287400983169,3,0
"category_lenovo_legion","Lenovo Legion","category_purchase","consideration","","worldwide",2022-06-26,19.708566666666666,0.25386623117959894,3,0
"category_lenovo_legion","Lenovo Legion","category_purchase","consideration","","worldwide",2022-07-03,21.04,0.07515909791901376,3,0
"category_lenovo_legion","Lenovo Legion","category_purchase","consideration","","worldwide",2022-07-10,21.1372,0.14273993834943344,3,0
"category_lenovo_legion","Lenovo Legion","category_purchase","consideration","","worldwide",2022-07-17,19.933766666666667,0.09335128993931004,3,0
"category_lenovo_legion","Lenovo Legion","category_purchase","consideration","","worldwide",2022-07-24,20.030966666666668,0.07697287400983169,3,0
"category_lenovo_legion","Lenovo Legion","category_purchase","consideration","","worldwide",2022-07-31,20.589533333333332,0.3564168533239323,3,0
"category_lenovo_legion","Lenovo Legion","category_purchase","consideration","","worldwide",2022-08-07,21.1372,0.14273993834943344,3,0
"category_lenovo_legion","Lenovo Legion","category_purchase","consideration","","worldwide",2022-08-14,22.2434,0.22769690379976626,3,0
"category_lenovo_legion","Lenovo Legion","category_purchase","consideration","","worldwide",2022-08-21,21.695766666666668,0.265513772398596,3,0
"category_lenovo_legion","Lenovo Legion","category_purchase","consideration","","worldwide",2022-08-28,21.1372,0.14273993834943344,3,0
"category_lenovo_legion","Lenovo Legion","category_purchase","consideration","","worldwide",2022-09-04,20.159,0.18258356990704255,3,0
"category_lenovo_legion","Lenovo Legion","category_purchase","consideration","","worldwide",2022-09-11,19.15,0.13127151252270983,3,0
"category_lenovo_legion","Lenovo Legion","category_purchase","consideration","","worldwide",2022-09-18,21.1372,0.14273993834943344,3,0
"category_lenovo_legion","Lenovo Legion","category_purchase","consideration","","worldwide",2022-09-25,21.04,0.07515909791901376,3,0
"category_lenovo_legion","Lenovo Legion","category_purchase","consideration","","worldwide",2022-10-02,19.2472,0.2701054793964753,3,0
"category_lenovo_legion","Lenovo Legion","category_purchase","consideration","","worldwide",2022-10-09,19.161675,0.10969668408844442,4,0
"category_lenovo_legion","Lenovo Legion","category_purchase","consideration","","worldwide",2022-10-16,19.676575,0.21693142349599817,4,0
"category_lenovo_legion","Lenovo Legion","category_purchase","consideration","","worldwide",2022-10-23,18.823875,0.1387711155103978,4,0
"category_lenovo_legion","Lenovo Legion","category_purchase","consideration","","worldwide",2022-10-30,18.631825,0.2678628053687189,4,0
"category_lenovo_legion","Lenovo Legion","category_purchase","consideration","","worldwide",2022-11-06,18.823875,0.1387711155103978,4,0
"category_lenovo_legion","Lenovo Legion","category_purchase","consideration","","worldwide",2022-11-13,21.0591,0.0722853143222504,4,0
"category_lenovo_legion","Lenovo Legion","category_purchase","consideration","","worldwide",2022-11-20,24.73485,0.20174408706741984,4,0
"category_lenovo_legion","Lenovo Legion","category_purchase","consideration","","worldwide",2022-11-27,19.941475,0.07776448953946269,4,0
"category_lenovo_legion","Lenovo Legion","category_purchase","consideration","","worldwide",2022-12-04,18.55895,0.2956047530064431,4,0
"category_lenovo_legion","Lenovo Legion","category_purchase","consideration","","worldwide",2022-12-11,18.30895,0.20820383441874094,4,0
"category_lenovo_legion","Lenovo Legion","category_purchase","consideration","","worldwide",2022-12-18,20.206375,0.17664107440419036,4,0
"category_lenovo_legion","Lenovo Legion","category_purchase","consideration","","worldwide",2022-12-25,21.6469,0.23780281747700158,4,0
"category_lenovo_legion","Lenovo Legion","category_purchase","consideration","","worldwide",2023-01-01,20.014375,0.07107049903675483,4,0
"category_lenovo_legion","Lenovo Legion","category_purchase","consideration","","worldwide",2023-01-08,19.426575,0.28538145670896914,4,0
"category_lenovo_legion","Lenovo Legion","category_purchase","consideration","","worldwide",2023-01-15,18.30895,0.20820383441874094,4,0
"category_lenovo_legion","Lenovo Legion","category_purchase","consideration","","worldwide",2023-01-22,18.631825,0.2678628053687189,4,0
"category_lenovo_legion","Lenovo Legion","category_purchase","consideration","","worldwide",2023-01-29,19.426575,0.28538145670896914,4,0
"category_lenovo_legion","Lenovo Legion","category_purchase","consideration","","worldwide",2023-02-05,18.896774999999998,0.0937754898680893,4,0
"category_lenovo_legion","Lenovo Legion","category_purchase","consideration","","worldwide",2023-02-12,17.19135,0.1328512576781517,4,0
"category_lenovo_legion","Lenovo Legion","category_purchase","consideration","","worldwide",2023-02-19,18.04405,0.03245432688153206,4,0
"category_lenovo_legion","Lenovo Legion","category_purchase","consideration","","worldwide",2023-02-26,16.926425000000002,0.04961138142268027,4,0
"category_lenovo_legion","Lenovo Legion","category_purchase","consideration","","worldwide",2023-03-05,17.26688,0.17574995590326578,5,0
"category_lenovo_legion","Lenovo Legion","category_purchase","consideration","","worldwide",2023-03-12,17.20858,0.12133201143968558,5,0
"category_lenovo_legion","Lenovo Legion","category_purchase","consideration","","worldwide",2023-03-19,18.04432,0.028112755112226225,5,0
"category_lenovo_legion","Lenovo Legion","category_purchase","consideration","","worldwide",2023-03-26,18.04432,0.028112755112226225,5,0
"category_lenovo_legion","Lenovo Legion","category_purchase","consideration","","worldwide",2023-04-02,16.63114,0.21143097691681823,5,0
"category_lenovo_legion","Lenovo Legion","category_purchase","consideration","","worldwide",2023-04-09,16.0841,0.061525441891951776,5,0
"category_lenovo_legion","Lenovo Legion","category_purchase","consideration","","worldwide",2023-04-16,15.2484,0.16325319292436527,5,0
"category_lenovo_legion","Lenovo Legion","category_purchase","consideration","","worldwide",2023-04-23,14.67094,0.18406187274935576,5,0
"category_lenovo_legion","Lenovo Legion","category_purchase","consideration","","worldwide",2023-04-30,14.72926,0.19348460662285266,5,0
"category_lenovo_legion","Lenovo Legion","category_purchase","consideration","","worldwide",2023-05-07,13.89352,0.09524511536031649,5,0
"category_lenovo_legion","Lenovo Legion","category_purchase","consideration","","worldwide",2023-05-14,14.67094,0.18406187274935576,5,0
"category_lenovo_legion","Lenovo Legion","category_purchase","consideration","","worldwide",2023-05-21,14.72926,0.19348460662285266,5,0
"category_lenovo_legion","Lenovo Legion","category_purchase","consideration","","worldwide",2023-05-28,16.0841,0.061525441891951776,5,0
"category_lenovo_legion","Lenovo Legion","category_purchase","consideration","","worldwide",2023-06-04,14.95964,0.051097778816696096,5,0
"category_lenovo_legion","Lenovo Legion","category_purchase","consideration","","worldwide",2023-06-11,16.0841,0.061525441891951776,5,0
"category_lenovo_legion","Lenovo Legion","category_purchase","consideration","","worldwide",2023-06-18,16.37282,0.22313028032967616,5,0
"category_lenovo_legion","Lenovo Legion","category_purchase","consideration","","worldwide",2023-06-25,16.37282,0.22313028032967616,5,0
"category_lenovo_legion","Lenovo Legion","category_purchase","consideration","","worldwide",2023-07-02,17.26688,0.17574995590326578,5,0
"category_lenovo_legion","Lenovo Legion","category_purchase","consideration","","worldwide",2023-07-09,20.00452,0.06537481931141408,5,0
"category_lenovo_legion","Lenovo Legion","category_purchase","consideration","","worldwide",2023-07-16,18.88006,0.08939987695741052,5,0
"category_lenovo_legion","Lenovo Legion","category_purchase","consideration","","worldwide",2023-07-23,19.144933333333334,0.10408613100056413,6,0
"category_lenovo_legion","Lenovo Legion","category_purchase","consideration","","worldwide",2023-07-30,19.976316666666666,0.09050779892731177,6,0
"category_lenovo_legion","Lenovo Legion","category_purchase","consideration","","worldwide",2023-08-06,19.92771666666667,0.07594401666139729,6,0
"category_lenovo_legion","Lenovo Legion","category_purchase","consideration","","worldwide",2023-08-13,20.0438,0.11259042588071218,6,0
"category_lenovo_legion","Lenovo Legion","category_purchase","consideration","","worldwide",2023-08-20,20.02884,0.11902622820202345,5,0
"category_lenovo_legion","Lenovo Legion","category_purchase","consideration","","worldwide",2023-08-27,28.82818,0.09954381949674214,5,0
"category_lenovo_legion","Lenovo Legion","category_purchase","consideration","","worldwide",2023-09-03,31.919059999999998,0.0651918169711503,5,0
"category_lenovo_legion","Lenovo Legion","category_purchase","consideration","","worldwide",2023-09-10,25.22594,0.16534560169535822,5,0
"category_lenovo_legion","Lenovo Legion","category_purchase","consideration","","worldwide",2023-09-17,23.86146,0.08417929080242971,5,0
"category_lenovo_legion","Lenovo Legion","category_purchase","consideration","","worldwide",2023-09-24,23.86146,0.08417929080242971,5,0
"category_lenovo_legion","Lenovo Legion","category_purchase","consideration","","worldwide",2023-10-01,23.26916,0.21367102751660155,5,0
"category_lenovo_legion","Lenovo Legion","category_purchase","consideration","","worldwide",2023-10-08,22.7274,0.15255584223490093,5,0
"category_lenovo_legion","Lenovo Legion","category_purchase","consideration","","worldwide",2023-10-15,23.03874,0.02652994534483575,5,0
"category_lenovo_legion","Lenovo Legion","category_purchase","consideration","","worldwide",2023-10-22,24.09188,0.14323675156886184,5,0
"category_lenovo_legion","Lenovo Legion","category_purchase","consideration","","worldwide",2023-10-29,33.8759,0.11507860357164558,5,0
"category_lenovo_legion","Lenovo Legion","category_purchase","consideration","","worldwide",2023-11-05,36.06308,0.046599645921399833,5,0
"category_lenovo_legion","Lenovo Legion","category_purchase","consideration","","worldwide",2023-11-12,35.24036,0.14273388875806586,5,0
"category_lenovo_legion","Lenovo Legion","category_purchase","consideration","","worldwide",2023-11-19,38.33126,0.18692746721656445,5,0
"category_lenovo_legion","Lenovo Legion","category_purchase","consideration","","worldwide",2023-11-26,32.9722,0.10313895966122567,5,0
"category_lenovo_legion","Lenovo Legion","category_purchase","consideration","","worldwide",2023-12-03,30.78498,0.12191741877188833,5,0
"category_lenovo_legion","Lenovo Legion","category_purchase","consideration","","worldwide",2023-12-10,30.27364,0.15344082898629047,5,0
"category_lenovo_legion","Lenovo Legion","category_purchase","consideration","","worldwide",2023-12-17,30.7886,0.10940617898455272,6,0
"category_lenovo_legion","Lenovo Legion","category_purchase","consideration","","worldwide",2023-12-24,33.2761,0.16538287698549614,6,0
"category_lenovo_legion","Lenovo Legion","category_purchase","consideration","","worldwide",2023-12-31,28.493116666666666,0.25043113557756047,6,0
"category_lenovo_legion","Lenovo Legion","category_purchase","consideration","","worldwide",2024-01-07,27.15992,0.10830737278689781,5,0
"category_lenovo_legion","Lenovo Legion","category_purchase","consideration","","worldwide",2024-01-14,25.02832,0.08185069944722483,5,0
"category_lenovo_legion","Lenovo Legion","category_purchase","consideration","","worldwide",2024-01-21,26.01312,0.09257946316543517,5,0
"category_lenovo_legion","Lenovo Legion","category_purchase","consideration","","worldwide",2024-01-28,26.17514,0.14859935396898583,5,0
"category_lenovo_legion","Lenovo Legion","category_purchase","consideration","","worldwide",2024-02-04,24.71272,0.17510994260749488,5,0
"category_lenovo_legion","Lenovo Legion","category_purchase","consideration","","worldwide",2024-02-11,25.02832,0.08185069944722483,5,0
"category_lenovo_legion","Lenovo Legion","category_purchase","consideration","","worldwide",2024-02-18,25.34392,0.21260914138390186,5,0
"category_lenovo_legion","Lenovo Legion","category_purchase","consideration","","worldwide",2024-02-25,24.86628,0.14454493073089666,5,0
"category_lenovo_legion","Lenovo Legion","category_purchase","consideration","","worldwide",2024-03-03,24.55068,0.28480472608438195,5,0
"category_lenovo_legion","Lenovo Legion","category_purchase","consideration","","worldwide",2024-03-10,24.35068,0.23759994107743324,5,0
"category_lenovo_legion","Lenovo Legion","category_purchase","consideration","","worldwide",2024-03-17,24.1971,0.1251591786486316,5,0
"category_lenovo_legion","Lenovo Legion","category_purchase","consideration","","worldwide",2024-03-24,26.3287,0.20115392116486305,5,0
"category_lenovo_legion","Lenovo Legion","category_purchase","consideration","","worldwide",2024-03-31,24.03508,0.14607370399904238,5,0
"category_lenovo_legion","Lenovo Legion","category_purchase","consideration","","worldwide",2024-04-07,23.5659,0.24574090013670866,5,0
"category_lenovo_legion","Lenovo Legion","category_purchase","consideration","","worldwide",2024-04-14,22.73468,0.14956549401516372,5,0
"category_lenovo_legion","Lenovo Legion","category_purchase","consideration","","worldwide",2024-04-21,23.8815,0.08241095194208131,5,0
"category_lenovo_legion","Lenovo Legion","category_purchase","consideration","","worldwide",2024-04-28,23.8815,0.08241095194208131,5,0
"category_lenovo_legion","Lenovo Legion","category_purchase","consideration","","worldwide",2024-05-05,24.263883333333332,0.19822194042705416,6,0
"category_lenovo_legion","Lenovo Legion","category_purchase","consideration","","worldwide",2024-05-12,23.322766666666666,0.21408824971648233,6,0
"category_lenovo_legion","Lenovo Legion","category_purchase","consideration","","worldwide",2024-05-19,23.322766666666666,0.21408824971648233,6,0
"category_lenovo_legion","Lenovo Legion","category_purchase","consideration","","worldwide",2024-05-26,24.693566666666666,0.1634989133501101,6,0
"category_lenovo_legion","Lenovo Legion","category_purchase","consideration","","worldwide",2024-06-02,23.89122,0.07333673704222178,5,0
"category_lenovo_legion","Lenovo Legion","category_purchase","consideration","","worldwide",2024-06-09,24.7947,0.17467114816133725,5,0
"category_lenovo_legion","Lenovo Legion","category_purchase","consideration","","worldwide",2024-06-16,24.2791,0.21766561510720955,5,0
"category_lenovo_legion","Lenovo Legion","category_purchase","consideration","","worldwide",2024-06-23,25.93254,0.13513174312499635,5,0
"category_lenovo_legion","Lenovo Legion","category_purchase","consideration","","worldwide",2024-06-30,26.75926,0.184891124719387,5,0
"category_lenovo_legion","Lenovo Legion","category_purchase","consideration","","worldwide",2024-07-07,26.009339999999998,0.08803696950713413,5,0
"category_lenovo_legion","Lenovo Legion","category_purchase","consideration","","worldwide",2024-07-14,27.662779999999998,0.19322557284169226,5,0
"category_lenovo_legion","Lenovo Legion","category_purchase","consideration","","worldwide",2024-07-21,25.54464,0.2699582615887132,5,0
"category_lenovo_legion","Lenovo Legion","category_purchase","consideration","","worldwide",2024-07-28,25.105819999999998,0.15053458738774955,5,0
"category_lenovo_legion","Lenovo Legion","category_purchase","consideration","","worldwide",2024-08-04,26.59722,0.30528406771398975,5,0
"category_lenovo_legion","Lenovo Legion","category_purchase","consideration","","worldwide",2024-08-11,26.17136,0.150971546988166,5,0
"category_lenovo_legion","Lenovo Legion","category_purchase","consideration","","worldwide",2024-08-18,28.28948,0.16540596119850107,5,0
"category_lenovo_legion","Lenovo Legion","category_purchase","consideration","","worldwide",2024-08-25,28.64724,0.28879090705906907,5,0
"category_lenovo_legion","Lenovo Legion","category_purchase","consideration","","worldwide",2024-09-01,27.22394,0.21938335853022206,5,0
"category_lenovo_legion","Lenovo Legion","category_purchase","consideration","","worldwide",2024-09-08,26.83606,0.11127087669287103,5,0
"category_lenovo_legion","Lenovo Legion","category_purchase","consideration","","worldwide",2024-09-15,25.93254,0.13513174312499635,5,0
"category_lenovo_legion","Lenovo Legion","category_purchase","consideration","","worldwide",2024-09-22,26.24814,0.2003613934868694,5,0
"category_lenovo_legion","Lenovo Legion","category_purchase","consideration","","worldwide",2024-09-29,26.203433333333333,0.21001872932352175,6,0
"category_lenovo_legion","Lenovo Legion","category_purchase","consideration","","worldwide",2024-10-06,25.94043333333333,0.1224022004159512,6,0
"category_lenovo_legion","Lenovo Legion","category_purchase","consideration","","worldwide",2024-10-13,24.293483333333334,0.266328477010376,6,0
"category_lenovo_legion","Lenovo Legion","category_purchase","consideration","","worldwide",2024-10-20,26.856659999999998,0.12870535342401282,5,0
"category_lenovo_legion","Lenovo Legion","category_purchase","consideration","","worldwide",2024-10-27,25.67256,0.2989099580141153,5,0
"category_lenovo_legion","Lenovo Legion","category_purchase","consideration","","worldwide",2024-11-03,26.1457,0.17359809906793322,5,0
"category_lenovo_legion","Lenovo Legion","category_purchase","consideration","","worldwide",2024-11-10,29.07578,0.08987559179221122,5,0
"category_lenovo_legion","Lenovo Legion","category_purchase","consideration","","worldwide",2024-11-17,33.18992,0.22868774999986227,5,0
"category_lenovo_legion","Lenovo Legion","category_purchase","consideration","","worldwide",2024-11-24,40.64694,0.3259482980474056,5,0
"category_lenovo_legion","Lenovo Legion","category_purchase","consideration","","worldwide",2024-12-01,32.16786,0.21981658945584653,5,0
"category_lenovo_legion","Lenovo Legion","category_purchase","consideration","","worldwide",2024-12-08,30.25986,0.2590409581514085,5,0
"category_lenovo_legion","Lenovo Legion","category_purchase","consideration","","worldwide",2024-12-15,30.11078,0.2568882480768626,5,0
"category_lenovo_legion","Lenovo Legion","category_purchase","consideration","","worldwide",2024-12-22,35.97092,0.11410629693404321,5,0
"category_lenovo_legion","Lenovo Legion","category_purchase","consideration","","worldwide",2024-12-29,30.25986,0.2590409581514085,5,0
"category_lenovo_legion","Lenovo Legion","category_purchase","consideration","","worldwide",2025-01-05,38.19002,0.2679211395168364,5,0
"category_lenovo_legion","Lenovo Legion","category_purchase","consideration","","worldwide",2025-01-12,32.71678,0.29454629008018385,5,0
"category_lenovo_legion","Lenovo Legion","category_purchase","consideration","","worldwide",2025-01-19,29.50576,0.4214385222069761,5,0
"category_lenovo_legion","Lenovo Legion","category_purchase","consideration","","worldwide",2025-01-26,30.25986,0.2590409581514085,5,0
"category_lenovo_legion","Lenovo Legion","category_purchase","consideration","","worldwide",2025-02-02,30.02972,0.19992826713599016,5,0
"category_lenovo_legion","Lenovo Legion","category_purchase","consideration","","worldwide",2025-02-09,29.78672,0.21015977731240654,5,0
"category_lenovo_legion","Lenovo Legion","category_purchase","consideration","","worldwide",2025-02-16,28.925966666666667,0.13284247312763572,6,0
"category_lenovo_legion","Lenovo Legion","category_purchase","consideration","","worldwide",2025-02-23,30.973383333333334,0.1912697301369631,6,0
"category_lenovo_legion","Lenovo Legion","category_purchase","consideration","","worldwide",2025-03-02,30.214333333333332,0.2571338924892371,6,0
"category_lenovo_legion","Lenovo Legion","category_purchase","consideration","","worldwide",2025-03-09,27.27283333333333,0.3114314606244313,6,0
"category_lenovo_legion","Lenovo Legion","category_purchase","consideration","","worldwide",2025-03-16,29.87394,0.17526496512423756,5,0
"category_lenovo_legion","Lenovo Legion","category_purchase","consideration","","worldwide",2025-03-23,28.73282,0.35027225411099855,5,0
"category_lenovo_legion","Lenovo Legion","category_purchase","consideration","","worldwide",2025-03-30,27.90292,0.1812116773279253,5,0
"category_lenovo_legion","Lenovo Legion","category_purchase","consideration","","worldwide",2025-04-06,29.95502,0.07845139896776841,5,0
"category_lenovo_legion","Lenovo Legion","category_purchase","consideration","","worldwide",2025-04-13,26.91086,0.11103755220644947,5,0
"category_lenovo_legion","Lenovo Legion","category_purchase","consideration","","worldwide",2025-04-20,28.13308,0.1986762995427487,5,0
"category_lenovo_legion","Lenovo Legion","category_purchase","consideration","","worldwide",2025-04-27,26.08096,0.15538536932414185,5,0
"category_lenovo_legion","Lenovo Legion","category_purchase","consideration","","worldwide",2025-05-04,28.052,0.15292481812969372,5,0
"category_lenovo_legion","Lenovo Legion","category_purchase","consideration","","worldwide",2025-05-11,28.052,0.15292481812969372,5,0
"category_lenovo_legion","Lenovo Legion","category_purchase","consideration","","worldwide",2025-05-18,30.18516,0.276159687499823,5,0
"category_lenovo_legion","Lenovo Legion","category_purchase","consideration","","worldwide",2025-05-25,31.01506,0.18083985456751542,5,0
"category_lenovo_legion","Lenovo Legion","category_purchase","consideration","","worldwide",2025-06-01,32.999159999999996,0.15736401431076835,5,0
"category_lenovo_legion","Lenovo Legion","category_purchase","consideration","","worldwide",2025-06-08,34.74004,0.3418342770992979,5,0
"category_lenovo_legion","Lenovo Legion","category_purchase","consideration","","worldwide",2025-06-15,31.92604,0.17501212243727535,5,0
"category_lenovo_legion","Lenovo Legion","category_purchase","consideration","","worldwide",2025-06-22,33.14824,0.24612984987603492,5,0
"category_lenovo_legion","Lenovo Legion","category_purchase","consideration","","worldwide",2025-06-29,32.83702,0.2430478491984648,5,0
"category_lenovo_legion","Lenovo Legion","category_purchase","consideration","","worldwide",2025-07-06,35.88116,0.14806638038393377,5,0
"category_lenovo_legion","Lenovo Legion","category_purchase","consideration","","worldwide",2025-07-13,34.74004,0.3418342770992979,5,0
"category_lenovo_legion","Lenovo Legion","category_purchase","consideration","","worldwide",2025-07-20,37.10336,0.16258844669901817,5,0
"category_lenovo_legion","Lenovo Legion","category_purchase","consideration","","worldwide",2025-07-27,40.0664,0.1215009670743404,5,0
"category_lenovo_legion","Lenovo Legion","category_purchase","consideration","","worldwide",2025-08-03,46.975575,0.018334189373953775,4,0
"category_lenovo_legion","Lenovo Legion","category_purchase","consideration","","worldwide",2025-08-10,51.342475,0.48970883441081536,4,0
"category_lenovo_legion","Lenovo Legion","category_purchase","consideration","","worldwide",2025-08-17,50.906125,0.14730388940327785,4,0
"category_lenovo_legion","Lenovo Legion","category_purchase","consideration","","worldwide",2025-08-24,57.831125,0.2913288333939254,4,0
"category_lenovo_legion","Lenovo Legion","category_purchase","consideration","","worldwide",2025-08-31,64.942475,0.06568659807499963,4,0
"category_lenovo_legion","Lenovo Legion","category_purchase","consideration","","worldwide",2025-09-07,61.947975,0.057252503584267866,4,0
"category_lenovo_legion","Lenovo Legion","category_purchase","consideration","","worldwide",2025-09-14,55.022975,0.09220926833386367,4,0
"category_lenovo_legion","Lenovo Legion","category_purchase","consideration","","worldwide",2025-09-21,58.017475,0.08398052849718643,4,0
"category_lenovo_legion","Lenovo Legion","category_purchase","consideration","","worldwide",2025-09-28,58.017475,0.08398052849718643,4,0
"category_lenovo_legion","Lenovo Legion","category_purchase","consideration","","worldwide",2025-10-05,55.022975,0.09220926833386367,4,0
"category_lenovo_legion","Lenovo Legion","category_purchase","consideration","","worldwide",2025-10-12,58.51715,0.5193269586686206,4,0
"category_lenovo_legion","Lenovo Legion","category_purchase","consideration","","worldwide",2025-10-19,58.953475,0.04889440152001008,4,0
"category_lenovo_legion","Lenovo Legion","category_purchase","consideration","","worldwide",2025-10-26,55.959,0.04061420112883179,4,0
"category_lenovo_legion","Lenovo Legion","category_purchase","consideration","","worldwide",2025-11-02,59.88955,0.1733413299437438,4,0
"category_lenovo_legion","Lenovo Legion","category_purchase","consideration","","worldwide",2025-11-09,64.942475,0.06568659807499963,4,0
"category_lenovo_legion","Lenovo Legion","category_purchase","consideration","","worldwide",2025-11-16,64.942475,0.06568659807499963,4,0
"category_lenovo_legion","Lenovo Legion","category_purchase","consideration","","worldwide",2025-11-23,74.861925,0.21665309252350962,4,0
"category_lenovo_legion","Lenovo Legion","category_purchase","consideration","","worldwide",2025-11-30,58.953475,0.04889440152001008,4,0
"category_lenovo_legion","Lenovo Legion","category_purchase","consideration","","worldwide",2025-12-07,49.970075,0.024966560969959715,4,0
"category_lenovo_legion","Lenovo Legion","category_purchase","consideration","","worldwide",2025-12-14,55.022975,0.09220926833386367,4,0
"category_lenovo_legion","Lenovo Legion","category_purchase","consideration","","worldwide",2025-12-21,55.022975,0.09220926833386367,4,0
"category_lenovo_legion","Lenovo Legion","category_purchase","consideration","","worldwide",2025-12-28,49.979733333333336,0.019372489084611033,3,0
"category_lenovo_legion","Lenovo Legion","category_purchase","consideration","","worldwide",2026-01-04,47.980533333333334,0.018617823001988405,3,0
"category_lenovo_legion","Lenovo Legion","category_purchase","consideration","","worldwide",2026-01-11,49.979733333333336,0.019372489084611033,3,0
"category_lenovo_legion","Lenovo Legion","category_purchase","consideration","","worldwide",2026-01-18,45.981366666666666,0.0178158169426305,3,0
"category_lenovo_legion","Lenovo Legion","category_purchase","consideration","","worldwide",2026-01-25,45.981366666666666,0.0178158169426305,3,0
"category_lenovo_legion","Lenovo Legion","category_purchase","consideration","","worldwide",2026-02-01,43.982166666666664,0.017061164477646804,3,0
"category_lenovo_legion","Lenovo Legion","category_purchase","consideration","","worldwide",2026-02-08,43.982166666666664,0.017061164477646804,3,0
"category_lenovo_legion","Lenovo Legion","category_purchase","consideration","","worldwide",2026-02-15,48.98016666666667,0.018969009814254607,3,0
"category_lenovo_legion","Lenovo Legion","category_purchase","consideration","","worldwide",2026-02-22,48.98016666666667,0.018969009814254607,3,0
"category_lenovo_legion","Lenovo Legion","category_purchase","consideration","","worldwide",2026-03-01,50.97933333333334,0.01977102256670954,3,0
"category_lenovo_legion","Lenovo Legion","category_purchase","consideration","","worldwide",2026-03-08,53.9781,0.020929166251907334,3,0
"category_lenovo_legion","Lenovo Legion","category_purchase","consideration","","worldwide",2026-03-15,51.9789,0.020174488841107566,3,0
"category_lenovo_legion","Lenovo Legion","category_purchase","consideration","","worldwide",2026-03-22,73.97,0.028702613121453554,3,0
"category_lenovo_legion","Lenovo Legion","category_purchase","consideration","","worldwide",2026-03-29,96.9607,0.037586832800862675,3,0
"category_lenovo_legion","Lenovo Legion","category_purchase","consideration","","worldwide",2026-04-05,93.9619,0.036433638303082244,3,0
"category_lenovo_legion","Lenovo Legion","category_purchase","consideration","","worldwide",2026-04-12,94.2948,1.1214382015965034,3,0
"category_lenovo_legion","Lenovo Legion","category_purchase","consideration","","worldwide",2026-04-19,89.96353333333333,0.03487697425714433,3,0
"category_lenovo_legion","Lenovo Legion","category_purchase","consideration","","worldwide",2026-04-26,81.96676666666667,0.031768590357982185,3,0
"category_lenovo_legion","Lenovo Legion","category_purchase","consideration","","worldwide",2026-05-03,99.95946666666667,0.038744978169222066,3,0
"category_lenovo_legion","Lenovo Legion","category_purchase","consideration","","worldwide",2026-05-10,97.96026666666667,0.0379903057809914,3,0
"category_lenovo_legion","Lenovo Legion","category_purchase","consideration","","worldwide",2026-05-17,81.98179999999999,0.025738686835190636,2,0
"category_lenovo_legion","Lenovo Legion","category_purchase","consideration","","worldwide",2026-05-24,77.9827,0.02446589462905279,2,0
"category_lenovo_legion","Lenovo Legion","category_purchase","consideration","","worldwide",2026-05-31,76.9829,0.02418305191657883,2,0
"category_lenovo_legion","Lenovo Legion","category_purchase","consideration","","worldwide",2026-06-07,66.98515,0.021001071401244274,2,0
"category_lenovo_legion","Lenovo Legion","category_purchase","consideration","","worldwide",2026-06-14,62.986000000000004,0.019798989873222407,2,0
"category_lenovo_legion","Lenovo Legion","category_purchase","consideration","","worldwide",2026-06-21,67.98490000000001,0.021354624791829185,2,0
"category_lenovo_legion","Lenovo Legion","category_purchase","consideration","","worldwide",2026-06-28,59.9867,0.018809040379563546,2,0
"category_lenovo_legion","Lenovo Legion","category_purchase","consideration","","worldwide",2026-07-05,59.9867,0.018809040379563546,2,0
"category_lenovo_legion","Lenovo Legion","category_purchase","consideration","","worldwide",2026-07-12,47.98935,0.015061374439271018,2,0
"category_lenovo_legion","Lenovo Legion","category_purchase","consideration","","worldwide",2026-07-19,53.988,0.016970562748477785,2,0
"category_lenovo_legion","Lenovo Legion","category_purchase","consideration","","worldwide",2026-07-26,53.988,0.016970562748477785,2,0
"category_lenovo_legion","Lenovo Legion","category_purchase","consideration","","worldwide",2026-08-02,52.98825,0.016617009357882823,2,0
"category_lenovo_legion","Lenovo Legion","category_purchase","consideration","","worldwide",2026-08-09,62.986000000000004,0.019798989873222407,2,0
"category_lenovo_legion","Lenovo Legion","category_purchase","consideration","","worldwide",2026-08-16,71.98400000000001,0.02262741699796703,2,0
"category_lenovo_legion","Lenovo Legion","category_purchase","consideration","","worldwide",2026-08-23,71.98400000000001,0.02262741699796703,2,0
"category_lenovo_legion","Lenovo Legion","category_purchase","consideration","","worldwide",2026-08-30,66.98515,0.021001071401244274,2,0
"category_lenovo_legion","Lenovo Legion","category_purchase","consideration","","worldwide",2026-09-06,59.9867,0.018809040379563546,2,0
"category_lenovo_legion","Lenovo Legion","category_purchase","consideration","","worldwide",2026-09-13,48.989149999999995,0.015344217151750002,2,0
"category_lenovo_legion","Lenovo Legion","category_purchase","consideration","","worldwide",2026-09-20,42.990449999999996,0.01350573952066424,2,0
"category_lenovo_legion","Lenovo Legion","category_purchase","consideration","","worldwide",2026-09-27,39.9911,0.012586500705121358,2,0
"category_thinkpad","ThinkPad","category_purchase","consideration","","worldwide",2021-12-26,20.07875,0.11136931803688044,2,0
"category_thinkpad","ThinkPad","category_purchase","consideration","","worldwide",2022-01-02,27.13595,0.19226233380462135,2,0
"category_thinkpad","ThinkPad","category_purchase","consideration","","worldwide",2022-01-09,27.9324,0.09560083681642201,2,0
"category_thinkpad","ThinkPad","category_purchase","consideration","","worldwide",2022-01-16,25.746650000000002,0.35829100602722264,2,0
"category_thinkpad","ThinkPad","category_purchase","consideration","","worldwide",2022-01-23,25.09845,0.13922932521563078,2,0
"category_thinkpad","ThinkPad","category_purchase","consideration","","worldwide",2022-01-30,26.98775,0.017324116139070235,2,0
"category_thinkpad","ThinkPad","category_purchase","consideration","","worldwide",2022-02-06,28.87705,0.17387755749377126,2,0
"category_thinkpad","ThinkPad","category_purchase","consideration","","worldwide",2022-02-13,29.8217,0.252154278171123,2,0
"category_thinkpad","ThinkPad","category_purchase","consideration","","worldwide",2022-02-20,26.8395,0.2269812767608828,2,0
"category_thinkpad","ThinkPad","category_purchase","consideration","","worldwide",2022-02-27,28.87705,0.17387755749377126,2,0
"category_thinkpad","ThinkPad","category_purchase","consideration","","worldwide",2022-03-06,28.87705,0.17387755749377126,2,0
"category_thinkpad","ThinkPad","category_purchase","consideration","","worldwide",2022-03-13,28.0806,0.1139856131272721,2,0
"category_thinkpad","ThinkPad","category_purchase","consideration","","worldwide",2022-03-20,27.78415,0.30525799743823206,2,0
"category_thinkpad","ThinkPad","category_purchase","consideration","","worldwide",2022-03-27,26.1913,0.27053905448197313,2,0
"category_thinkpad","ThinkPad","category_purchase","consideration","","worldwide",2022-04-03,26.98775,0.017324116139070235,2,0
"category_thinkpad","ThinkPad","category_purchase","consideration","","worldwide",2022-04-10,25.246650000000002,0.3488157751593249,2,0
"category_thinkpad","ThinkPad","category_purchase","consideration","","worldwide",2022-04-17,26.8395,0.2269812767608828,2,0
"category_thinkpad","ThinkPad","category_purchase","consideration","","worldwide",2022-04-24,25.246650000000002,0.3488157751593249,2,0
"category_thinkpad","ThinkPad","category_purchase","consideration","","worldwide",2022-05-01,25.09845,0.13922932521563078,2,0
"category_thinkpad","ThinkPad","category_purchase","consideration","","worldwide",2022-05-08,23.85735,0.2017375646725216,2,0
"category_thinkpad","ThinkPad","category_purchase","consideration","","worldwide",2022-05-15,23.85735,0.2017375646725216,2,0
"category_thinkpad","ThinkPad","category_purchase","consideration","","worldwide",2022-05-22,23.9972,0.015490965108733492,3,0
"category_thinkpad","ThinkPad","category_purchase","consideration","","worldwide",2022-05-29,24.735766666666667,0.22883304685585368,3,0
"category_thinkpad","ThinkPad","category_purchase","consideration","","worldwide",2022-06-05,24.735766666666667,0.22883304685585368,3,0
"category_thinkpad","ThinkPad","category_purchase","consideration","","worldwide",2022-06-12,24.9384,0.053830846175775125,3,0
"category_thinkpad","ThinkPad","category_purchase","consideration","","worldwide",2022-06-19,25.343633333333333,0.2984183696311837,3,0
"category_thinkpad","ThinkPad","category_purchase","consideration","","worldwide",2022-06-26,24.199833333333334,0.1732386889044513,3,0
"category_thinkpad","ThinkPad","category_purchase","consideration","","worldwide",2022-07-03,23.9972,0.015490965108733492,3,0
"category_thinkpad","ThinkPad","category_purchase","consideration","","worldwide",2022-07-10,25.8796,0.10841683448616278,3,0
"category_thinkpad","ThinkPad","category_purchase","consideration","","worldwide",2022-07-17,24.9384,0.053830846175775125,3,0
"category_thinkpad","ThinkPad","category_purchase","consideration","","worldwide",2022-07-24,25.67696666666667,0.2806305816074451,3,0
"category_thinkpad","ThinkPad","category_purchase","consideration","","worldwide",2022-07-31,25.775766666666666,0.23151467196126696,3,0
"category_thinkpad","ThinkPad","category_purchase","consideration","","worldwide",2022-08-07,24.9384,0.053830846175775125,3,0
"category_thinkpad","ThinkPad","category_purchase","consideration","","worldwide",2022-08-14,26.716966666666668,0.26608927699802754,3,0
"category_thinkpad","ThinkPad","category_purchase","consideration","","worldwide",2022-08-21,26.181033333333332,0.19212470776382035,3,0
"category_thinkpad","ThinkPad","category_purchase","consideration","","worldwide",2022-08-28,25.8796,0.10841683448616278,3,0
"category_thinkpad","ThinkPad","category_purchase","consideration","","worldwide",2022-09-04,25.8796,0.10841683448616278,3,0
"category_thinkpad","ThinkPad","category_purchase","consideration","","worldwide",2022-09-11,25.67696666666667,0.2806305816074451,3,0
"category_thinkpad","ThinkPad","category_purchase","consideration","","worldwide",2022-09-18,27.96463333333333,0.08767396040634541,3,0
"category_thinkpad","ThinkPad","category_purchase","consideration","","worldwide",2022-09-25,26.383633333333332,0.34799928639773536,3,0
"category_thinkpad","ThinkPad","category_purchase","consideration","","worldwide",2022-10-02,26.716966666666668,0.26608927699802754,3,0
"category_thinkpad","ThinkPad","category_purchase","consideration","","worldwide",2022-10-09,25.172775,0.11882094021397625,4,0
"category_thinkpad","ThinkPad","category_purchase","consideration","","worldwide",2022-10-16,25.886625,0.08963003123953482,4,0
"category_thinkpad","ThinkPad","category_purchase","consideration","","worldwide",2022-10-23,25.96075,0.10417659686001231,4,0
"category_thinkpad","ThinkPad","category_purchase","consideration","","worldwide",2022-10-30,25.96075,0.10417659686001231,4,0
"category_thinkpad","ThinkPad","category_purchase","consideration","","worldwide",2022-11-06,25.886625,0.08963003123953482,4,0
"category_thinkpad","ThinkPad","category_purchase","consideration","","worldwide",2022-11-13,28.31615,0.21844676697081125,4,0
"category_thinkpad","ThinkPad","category_purchase","consideration","","worldwide",2022-11-20,27.13845,0.11725961225701968,4,0
"category_thinkpad","ThinkPad","category_purchase","consideration","","worldwide",2022-11-27,25.246875,0.20211075140460388,4,0
"category_thinkpad","ThinkPad","category_purchase","consideration","","worldwide",2022-12-04,23.99505,0.013359266446926985,4,0
"category_thinkpad","ThinkPad","category_purchase","consideration","","worldwide",2022-12-11,24.860875,0.16115936987963222,4,0
"category_thinkpad","ThinkPad","category_purchase","consideration","","worldwide",2022-12-18,25.172775,0.11882094021397625,4,0
"category_thinkpad","ThinkPad","category_purchase","consideration","","worldwide",2022-12-25,24.227,0.1515251574271851,4,0
"category_thinkpad","ThinkPad","category_purchase","consideration","","worldwide",2023-01-01,25.172775,0.11882094021397625,4,0
"category_thinkpad","ThinkPad","category_purchase","consideration","","worldwide",2023-01-08,26.75245,0.19120609299915137,4,0
"category_thinkpad","ThinkPad","category_purchase","consideration","","worldwide",2023-01-15,26.674575,0.23321781485698403,4,0
"category_thinkpad","ThinkPad","category_purchase","consideration","","worldwide",2023-01-22,26.75245,0.19120609299915137,4,0
"category_thinkpad","ThinkPad","category_purchase","consideration","","worldwide",2023-01-29,27.69825,0.21976876484159383,4,0
"category_thinkpad","ThinkPad","category_purchase","consideration","","worldwide",2023-02-05,27.2163,0.1700898782016919,4,0
"category_thinkpad","ThinkPad","category_purchase","consideration","","worldwide",2023-02-12,28.798125,0.14626654607257214,4,0
"category_thinkpad","ThinkPad","category_purchase","consideration","","worldwide",2023-02-19,26.9844,0.09349356484093758,4,0
"category_thinkpad","ThinkPad","category_purchase","consideration","","worldwide",2023-02-26,27.852325,0.11653175175318795,4,0
"category_thinkpad","ThinkPad","category_purchase","consideration","","worldwide",2023-03-05,26.19746,0.13775709782076567,5,0
"category_thinkpad","ThinkPad","category_purchase","consideration","","worldwide",2023-03-12,26.3237,0.21893277507034,5,0
"category_thinkpad","ThinkPad","category_purchase","consideration","","worldwide",2023-03-19,26.13818,0.0954455970697438,5,0
"category_thinkpad","ThinkPad","category_purchase","consideration","","worldwide",2023-03-26,26.19746,0.13775709782076567,5,0
"category_thinkpad","ThinkPad","category_purchase","consideration","","worldwide",2023-04-02,23.93658,0.13125378851675093,5,0
"category_thinkpad","ThinkPad","category_purchase","consideration","","worldwide",2023-04-09,24.19396,0.1505925396558534,5,0
"category_thinkpad","ThinkPad","category_purchase","consideration","","worldwide",2023-04-16,23.29366,0.1668795463800161,5,0
"category_thinkpad","ThinkPad","category_purchase","consideration","","worldwide",2023-04-23,23.23436,0.16417476359051056,5,0
"category_thinkpad","ThinkPad","category_purchase","consideration","","worldwide",2023-04-30,23.29366,0.1668795463800161,5,0
"category_thinkpad","ThinkPad","category_purchase","consideration","","worldwide",2023-05-07,24.9087,0.08145550932871229,5,0
"category_thinkpad","ThinkPad","category_purchase","consideration","","worldwide",2023-05-14,22.77892,0.14269911352212403,5,0
"category_thinkpad","ThinkPad","category_purchase","consideration","","worldwide",2023-05-21,23.75104,0.1406524191046849,5,0
"category_thinkpad","ThinkPad","category_purchase","consideration","","worldwide",2023-05-28,24.782420000000002,0.17110133547111794,5,0
"category_thinkpad","ThinkPad","category_purchase","consideration","","worldwide",2023-06-04,26.13818,0.0954455970697438,5,0
"category_thinkpad","ThinkPad","category_purchase","consideration","","worldwide",2023-06-11,27.23184,0.15134524439175426,5,0
"category_thinkpad","ThinkPad","category_purchase","consideration","","worldwide",2023-06-18,25.1021,0.12234569873926861,5,0
"category_thinkpad","ThinkPad","category_purchase","consideration","","worldwide",2023-06-25,24.26578,0.1572874661249266,5,0
"category_thinkpad","ThinkPad","category_purchase","consideration","","worldwide",2023-07-02,26.7171,0.18348825575496647,5,0
"category_thinkpad","ThinkPad","category_purchase","consideration","","worldwide",2023-07-09,28.5895,0.2512522238707549,5,0
"category_thinkpad","ThinkPad","category_purchase","consideration","","worldwide",2023-07-16,26.97448,0.08395127753643757,5,0
"category_thinkpad","ThinkPad","category_purchase","consideration","","worldwide",2023-07-23,27.123516666666667,0.137398797908376,6,0
"category_thinkpad","ThinkPad","category_purchase","consideration","","worldwide",2023-07-30,29.059133333333335,0.0682201045635865,6,0
"category_thinkpad","ThinkPad","category_purchase","consideration","","worldwide",2023-08-06,28.111683333333332,0.1333016641556533,6,0
"category_thinkpad","ThinkPad","category_purchase","consideration","","worldwide",2023-08-13,29.160433333333334,0.12789224631175533,6,0
"category_thinkpad","ThinkPad","category_purchase","consideration","","worldwide",2023-08-20,29.06086,0.07612567241082346,5,0
"category_thinkpad","ThinkPad","category_purchase","consideration","","worldwide",2023-08-27,28.7871,0.12961743709856305,5,0
"category_thinkpad","ThinkPad","category_purchase","consideration","","worldwide",2023-09-03,29.12314,0.10007291341816674,5,0
"category_thinkpad","ThinkPad","category_purchase","consideration","","worldwide",2023-09-10,29.33466,0.2077667393978157,5,0
"category_thinkpad","ThinkPad","category_purchase","consideration","","worldwide",2023-09-17,29.59696,0.23403049587607172,5,0
"category_thinkpad","ThinkPad","category_purchase","consideration","","worldwide",2023-09-24,29.12314,0.10007291341816674,5,0
"category_thinkpad","ThinkPad","category_purchase","consideration","","worldwide",2023-10-01,28.31328,0.18119234807242848,5,0
"category_thinkpad","ThinkPad","category_purchase","consideration","","worldwide",2023-10-08,28.0395,0.060839008867666224,5,0
"category_thinkpad","ThinkPad","category_purchase","consideration","","worldwide",2023-10-15,27.97552,0.08379705842092595,5,0
"category_thinkpad","ThinkPad","category_purchase","consideration","","worldwide",2023-10-22,27.765719999999998,0.15145671658926194,5,0
"category_thinkpad","ThinkPad","category_purchase","consideration","","worldwide",2023-10-29,27.29194,0.19111179450782215,5,0
"category_thinkpad","ThinkPad","category_purchase","consideration","","worldwide",2023-11-05,29.39696,0.23076020670817576,5,0
"category_thinkpad","ThinkPad","category_purchase","consideration","","worldwide",2023-11-12,28.98516,0.13603362819538437,5,0
"category_thinkpad","ThinkPad","category_purchase","consideration","","worldwide",2023-11-19,31.09016,0.10214368800860786,5,0
"category_thinkpad","ThinkPad","category_purchase","consideration","","worldwide",2023-11-26,29.59696,0.23403049587607172,5,0
"category_thinkpad","ThinkPad","category_purchase","consideration","","worldwide",2023-12-03,29.06086,0.07612567241082346,5,0
"category_thinkpad","ThinkPad","category_purchase","consideration","","worldwide",2023-12-10,27.765719999999998,0.15145671658926194,5,0
"category_thinkpad","ThinkPad","category_purchase","consideration","","worldwide",2023-12-17,27.28785,0.17122891987044725,6,0
"category_thinkpad","ThinkPad","category_purchase","consideration","","worldwide",2023-12-24,25.0256,0.10449403810744357,6,0
"category_thinkpad","ThinkPad","category_purchase","consideration","","worldwide",2023-12-31,24.727516666666666,0.15382714216505025,6,0
"category_thinkpad","ThinkPad","category_purchase","consideration","","worldwide",2024-01-07,28.2025,0.17050847486268902,5,0
"category_thinkpad","ThinkPad","category_purchase","consideration","","worldwide",2024-01-14,28.6979,0.2122362009648684,5,0
"category_thinkpad","ThinkPad","category_purchase","consideration","","worldwide",2024-01-21,30.27926,0.1974554582684406,5,0
"category_thinkpad","ThinkPad","category_purchase","consideration","","worldwide",2024-01-28,31.9248,0.08585438253228575,5,0
"category_thinkpad","ThinkPad","category_purchase","consideration","","worldwide",2024-02-04,31.293599999999998,0.18355757952206686,5,0
"category_thinkpad","ThinkPad","category_purchase","consideration","","worldwide",2024-02-11,31.70512,0.203586473028048,5,0
"category_thinkpad","ThinkPad","category_purchase","consideration","","worldwide",2024-02-18,30.70284,0.17870137940150346,5,0
"category_thinkpad","ThinkPad","category_purchase","consideration","","worldwide",2024-02-25,31.70512,0.203586473028048,5,0
"category_thinkpad","ThinkPad","category_purchase","consideration","","worldwide",2024-03-03,30.14346,0.111384864321864,5,0
"category_thinkpad","ThinkPad","category_purchase","consideration","","worldwide",2024-03-10,29.77236,0.17015411543656603,5,0
"category_thinkpad","ThinkPad","category_purchase","consideration","","worldwide",2024-03-17,30.27926,0.1974554582684406,5,0
"category_thinkpad","ThinkPad","category_purchase","consideration","","worldwide",2024-03-24,30.99822,0.06525815657831581,5,0
"category_thinkpad","ThinkPad","category_purchase","consideration","","worldwide",2024-03-31,28.84578,0.11915629232231079,5,0
"category_thinkpad","ThinkPad","category_purchase","consideration","","worldwide",2024-04-07,28.6979,0.2122362009648684,5,0
"category_thinkpad","ThinkPad","category_purchase","consideration","","worldwide",2024-04-14,27.75956,0.15449392544692483,5,0
"category_thinkpad","ThinkPad","category_purchase","consideration","","worldwide",2024-04-21,29.35268,0.20516804575761752,5,0
"category_thinkpad","ThinkPad","category_purchase","consideration","","worldwide",2024-04-28,27.75956,0.15449392544692483,5,0
"category_thinkpad","ThinkPad","category_purchase","consideration","","worldwide",2024-05-05,29.182283333333334,0.15787067386524445,6,0
"category_thinkpad","ThinkPad","category_purchase","consideration","","worldwide",2024-05-12,30.068366666666666,0.10993835848632053,6,0
"category_thinkpad","ThinkPad","category_purchase","consideration","","worldwide",2024-05-19,29.9386,0.12631549390316255,6,0
"category_thinkpad","ThinkPad","category_purchase","consideration","","worldwide",2024-05-26,30.658183333333334,0.209334855355401,6,0
"category_thinkpad","ThinkPad","category_purchase","consideration","","worldwide",2024-06-02,29.54504,0.26165521779624484,5,0
"category_thinkpad","ThinkPad","category_purchase","consideration","","worldwide",2024-06-09,31.38408,0.22682900387737018,5,0
"category_thinkpad","ThinkPad","category_purchase","consideration","","worldwide",2024-06-16,29.345039999999997,0.20244370328562883,5,0
"category_thinkpad","ThinkPad","category_purchase","consideration","","worldwide",2024-06-23,30.78452,0.1574494744354522,5,0
"category_thinkpad","ThinkPad","category_purchase","consideration","","worldwide",2024-06-30,29.91316,0.12284361196252713,5,0
"category_thinkpad","ThinkPad","category_purchase","consideration","","worldwide",2024-07-07,32.1836,0.1328786100168134,5,0
"category_thinkpad","ThinkPad","category_purchase","consideration","","worldwide",2024-07-14,31.74368,0.22376154048450736,5,0
"category_thinkpad","ThinkPad","category_purchase","consideration","","worldwide",2024-07-21,31.95218,0.12339488238982915,5,0
"category_thinkpad","ThinkPad","category_purchase","consideration","","worldwide",2024-07-28,30.14458,0.11043283931874615,5,0
"category_thinkpad","ThinkPad","category_purchase","consideration","","worldwide",2024-08-04,33.19554,0.20254914959090659,5,0
"category_thinkpad","ThinkPad","category_purchase","consideration","","worldwide",2024-08-11,31.95218,0.12339488238982915,5,0
"category_thinkpad","ThinkPad","category_purchase","consideration","","worldwide",2024-08-18,35.466,0.26446930823821585,5,0
"category_thinkpad","ThinkPad","category_purchase","consideration","","worldwide",2024-08-25,32.1836,0.1328786100168134,5,0
"category_thinkpad","ThinkPad","category_purchase","consideration","","worldwide",2024-09-01,35.0979,0.1643335480052694,5,0
"category_thinkpad","ThinkPad","category_purchase","consideration","","worldwide",2024-09-08,34.63504,0.27344270515045777,5,0
"category_thinkpad","ThinkPad","category_purchase","consideration","","worldwide",2024-09-15,33.78268,0.21338914452239616,5,0
"category_thinkpad","ThinkPad","category_purchase","consideration","","worldwide",2024-09-22,34.86646,0.07603277582727129,5,0
"category_thinkpad","ThinkPad","category_purchase","consideration","","worldwide",2024-09-29,34.05576666666666,0.07677444019116371,6,0
"category_thinkpad","ThinkPad","category_purchase","consideration","","worldwide",2024-10-06,36.028416666666665,0.10934780138012165,6,0
"category_thinkpad","ThinkPad","category_purchase","consideration","","worldwide",2024-10-13,33.748983333333335,0.21609584370521084,6,0
"category_thinkpad","ThinkPad","category_purchase","consideration","","worldwide",2024-10-20,34.899319999999996,0.09302121800965754,5,0
"category_thinkpad","ThinkPad","category_purchase","consideration","","worldwide",2024-10-27,33.27142,0.26415329261623754,5,0
"category_thinkpad","ThinkPad","category_purchase","consideration","","worldwide",2024-11-03,33.27142,0.26415329261623754,5,0
"category_thinkpad","ThinkPad","category_purchase","consideration","","worldwide",2024-11-10,35.05892,0.15858772651122904,5,0
"category_thinkpad","ThinkPad","category_purchase","consideration","","worldwide",2024-11-17,36.98308,0.0763130198589986,5,0
"category_thinkpad","ThinkPad","category_purchase","consideration","","worldwide",2024-11-24,37.83896,0.17424962840706512,5,0
"category_thinkpad","ThinkPad","category_purchase","consideration","","worldwide",2024-12-01,35.7552,0.227488933796789,5,0
"category_thinkpad","ThinkPad","category_purchase","consideration","","worldwide",2024-12-08,34.899319999999996,0.09302121800965754,5,0
"category_thinkpad","ThinkPad","category_purchase","consideration","","worldwide",2024-12-15,32.891220000000004,0.12410014907323803,5,0
"category_thinkpad","ThinkPad","category_purchase","consideration","","worldwide",2024-12-22,31.26336,0.24097064759011633,5,0
"category_thinkpad","ThinkPad","category_purchase","consideration","","worldwide",2024-12-29,29.95158,0.11117918870004352,5,0
"category_thinkpad","ThinkPad","category_purchase","consideration","","worldwide",2025-01-05,34.20302,0.21209269671537506,5,0
"category_thinkpad","ThinkPad","category_purchase","consideration","","worldwide",2025-01-12,35.1956,0.22146910619768112,5,0
"category_thinkpad","ThinkPad","category_purchase","consideration","","worldwide",2025-01-19,37.06698,0.16409973187059151,5,0
"category_thinkpad","ThinkPad","category_purchase","consideration","","worldwide",2025-01-26,35.7552,0.227488933796789,5,0
"category_thinkpad","ThinkPad","category_purchase","consideration","","worldwide",2025-02-02,36.98308,0.0763130198589986,5,0
"category_thinkpad","ThinkPad","category_purchase","consideration","","worldwide",2025-02-09,36.98308,0.0763130198589986,5,0
"category_thinkpad","ThinkPad","category_purchase","consideration","","worldwide",2025-02-16,36.0429,0.09595382222715199,6,0
"category_thinkpad","ThinkPad","category_purchase","consideration","","worldwide",2025-02-23,35.85908333333333,0.20619901470828275,6,0
"category_thinkpad","ThinkPad","category_purchase","consideration","","worldwide",2025-03-02,37.055816666666665,0.14930069546611857,6,0
"category_thinkpad","ThinkPad","category_purchase","consideration","","worldwide",2025-03-09,36.0429,0.09595382222715199,6,0
"category_thinkpad","ThinkPad","category_purchase","consideration","","worldwide",2025-03-16,37.18492,0.2686413817713117,5,0
"category_thinkpad","ThinkPad","category_purchase","consideration","","worldwide",2025-03-23,36.14374,0.21938796229510887,5,0
"category_thinkpad","ThinkPad","category_purchase","consideration","","worldwide",2025-03-30,34.934779999999996,0.09026428972744542,5,0
"category_thinkpad","ThinkPad","category_purchase","consideration","","worldwide",2025-04-06,34.934779999999996,0.09026428972744542,5,0
"category_thinkpad","ThinkPad","category_purchase","consideration","","worldwide",2025-04-13,32.00072,0.0847878352123683,5,0
"category_thinkpad","ThinkPad","category_purchase","consideration","","worldwide",2025-04-20,34.73478,0.41897212556445784,5,0
"category_thinkpad","ThinkPad","category_purchase","consideration","","worldwide",2025-04-27,32.08462,0.13214587394239766,5,0
"category_thinkpad","ThinkPad","category_purchase","consideration","","worldwide",2025-05-04,34.934779999999996,0.09026428972744542,5,0
"category_thinkpad","ThinkPad","category_purchase","consideration","","worldwide",2025-05-11,36.14374,0.21938796229510887,5,0
"category_thinkpad","ThinkPad","category_purchase","consideration","","worldwide",2025-05-18,36.96434,0.04895986111091418,5,0
"category_thinkpad","ThinkPad","category_purchase","consideration","","worldwide",2025-05-25,32.2213,0.3514824035424831,5,0
"category_thinkpad","ThinkPad","category_purchase","consideration","","worldwide",2025-06-01,33.8097,0.2617954927037523,5,0
"category_thinkpad","ThinkPad","category_purchase","consideration","","worldwide",2025-06-08,34.31418,0.41688123248714387,5,0
"category_thinkpad","ThinkPad","category_purchase","consideration","","worldwide",2025-06-15,36.96434,0.04895986111091418,5,0
"category_thinkpad","ThinkPad","category_purchase","consideration","","worldwide",2025-06-22,36.14374,0.21938796229510887,5,0
"category_thinkpad","ThinkPad","category_purchase","consideration","","worldwide",2025-06-29,36.96434,0.04895986111091418,5,0
"category_thinkpad","ThinkPad","category_purchase","consideration","","worldwide",2025-07-06,38.08942,0.12728017127581176,5,0
"category_thinkpad","ThinkPad","category_purchase","consideration","","worldwide",2025-07-13,36.96434,0.04895986111091418,5,0
"category_thinkpad","ThinkPad","category_purchase","consideration","","worldwide",2025-07-20,41.72796,0.42680300256675785,5,0
"category_thinkpad","ThinkPad","category_purchase","consideration","","worldwide",2025-07-27,41.84406,0.22085048788716735,5,0
"category_thinkpad","ThinkPad","category_purchase","consideration","","worldwide",2025-08-03,56.010525,0.021049999999998903,4,0
"category_thinkpad","ThinkPad","category_purchase","consideration","","worldwide",2025-08-10,55.089675,0.17934999999999945,4,0
"category_thinkpad","ThinkPad","category_purchase","consideration","","worldwide",2025-08-17,60.95655,0.08689999999999998,4,0
"category_thinkpad","ThinkPad","category_purchase","consideration","","worldwide",2025-08-24,62.969125,0.06174999999999997,4,0
"category_thinkpad","ThinkPad","category_purchase","consideration","","worldwide",2025-08-31,68.086,0.17199999999999704,4,0
"category_thinkpad","ThinkPad","category_purchase","consideration","","worldwide",2025-09-07,66.323425,0.4718208584833867,4,0
"category_thinkpad","ThinkPad","category_purchase","consideration","","worldwide",2025-09-14,58.2731,0.4865536352757014,4,0
"category_thinkpad","ThinkPad","category_purchase","consideration","","worldwide",2025-09-21,58.943975,0.11204999999999998,4,0
"category_thinkpad","ThinkPad","category_purchase","consideration","","worldwide",2025-09-28,57.35225,0.47292027164558437,4,0
"category_thinkpad","ThinkPad","category_purchase","consideration","","worldwide",2025-10-05,54.9188,0.16240000000000165,4,0
"category_thinkpad","ThinkPad","category_purchase","consideration","","worldwide",2025-10-12,54.9188,0.16240000000000165,4,0
"category_thinkpad","ThinkPad","category_purchase","consideration","","worldwide",2025-10-19,57.10225,0.20449999999999946,4,0
"category_thinkpad","ThinkPad","category_purchase","consideration","","worldwide",2025-10-26,51.8145,0.37099999999999866,4,0
"category_thinkpad","ThinkPad","category_purchase","consideration","","worldwide",2025-11-02,53.99795,0.004100000000001103,4,0
"category_thinkpad","ThinkPad","category_purchase","consideration","","worldwide",2025-11-09,56.931375,0.13725000000000165,4,0
"category_thinkpad","ThinkPad","category_purchase","consideration","","worldwide",2025-11-16,53.99795,0.004100000000001103,4,0
"category_thinkpad","ThinkPad","category_purchase","consideration","","worldwide",2025-11-23,62.048275000000004,0.09655000000000058,4,0
"category_thinkpad","ThinkPad","category_purchase","consideration","","worldwide",2025-11-30,56.010525,0.021049999999998903,4,0
"category_thinkpad","ThinkPad","category_purchase","consideration","","worldwide",2025-12-07,46.618475000000004,0.4811569070133636,4,0
"category_thinkpad","ThinkPad","category_purchase","consideration","","worldwide",2025-12-14,47.03935,0.07870000000000132,4,0
"category_thinkpad","ThinkPad","category_purchase","consideration","","worldwide",2025-12-21,41.672475,0.4715476319171444,4,0
"category_thinkpad","ThinkPad","category_purchase","consideration","","worldwide",2025-12-28,37,0,3,0
"category_thinkpad","ThinkPad","category_purchase","consideration","","worldwide",2026-01-04,43,0,3,0
"category_thinkpad","ThinkPad","category_purchase","consideration","","worldwide",2026-01-11,46,0,3,0
"category_thinkpad","ThinkPad","category_purchase","consideration","","worldwide",2026-01-18,49,0,3,0
"category_thinkpad","ThinkPad","category_purchase","consideration","","worldwide",2026-01-25,47,0,3,0
"category_thinkpad","ThinkPad","category_purchase","consideration","","worldwide",2026-02-01,48,0,3,0
"category_thinkpad","ThinkPad","category_purchase","consideration","","worldwide",2026-02-08,47,0,3,0
"category_thinkpad","ThinkPad","category_purchase","consideration","","worldwide",2026-02-15,46,0,3,0
"category_thinkpad","ThinkPad","category_purchase","consideration","","worldwide",2026-02-22,48,0,3,0
"category_thinkpad","ThinkPad","category_purchase","consideration","","worldwide",2026-03-01,52,0,3,0
"category_thinkpad","ThinkPad","category_purchase","consideration","","worldwide",2026-03-08,56,0,3,0
"category_thinkpad","ThinkPad","category_purchase","consideration","","worldwide",2026-03-15,52,0,3,0
"category_thinkpad","ThinkPad","category_purchase","consideration","","worldwide",2026-03-22,82,0,3,0
"category_thinkpad","ThinkPad","category_purchase","consideration","","worldwide",2026-03-29,100,0,3,0
"category_thinkpad","ThinkPad","category_purchase","consideration","","worldwide",2026-04-05,99,0,3,0
"category_thinkpad","ThinkPad","category_purchase","consideration","","worldwide",2026-04-12,96,0,3,0
"category_thinkpad","ThinkPad","category_purchase","consideration","","worldwide",2026-04-19,95,0,3,0
"category_thinkpad","ThinkPad","category_purchase","consideration","","worldwide",2026-04-26,87,0,3,0
"category_thinkpad","ThinkPad","category_purchase","consideration","","worldwide",2026-05-03,100,0,3,0
"category_thinkpad","ThinkPad","category_purchase","consideration","","worldwide",2026-05-10,96,0,3,0
"category_thinkpad","ThinkPad","category_purchase","consideration","","worldwide",2026-05-17,77,0,2,0
"category_thinkpad","ThinkPad","category_purchase","consideration","","worldwide",2026-05-24,68,0,2,0
"category_thinkpad","ThinkPad","category_purchase","consideration","","worldwide",2026-05-31,73.5,0.7071067811865476,2,0
"category_thinkpad","ThinkPad","category_purchase","consideration","","worldwide",2026-06-07,64,0,2,0
"category_thinkpad","ThinkPad","category_purchase","consideration","","worldwide",2026-06-14,62,0,2,0
"category_thinkpad","ThinkPad","category_purchase","consideration","","worldwide",2026-06-21,65,0,2,0
"category_thinkpad","ThinkPad","category_purchase","consideration","","worldwide",2026-06-28,52,0,2,0
"category_thinkpad","ThinkPad","category_purchase","consideration","","worldwide",2026-07-05,53,0,2,0
"category_thinkpad","ThinkPad","category_purchase","consideration","","worldwide",2026-07-12,49,0,2,0
"category_thinkpad","ThinkPad","category_purchase","consideration","","worldwide",2026-07-19,52,0,2,0
"category_thinkpad","ThinkPad","category_purchase","consideration","","worldwide",2026-07-26,49,0,2,0
"category_thinkpad","ThinkPad","category_purchase","consideration","","worldwide",2026-08-02,55,0,2,0
"category_thinkpad","ThinkPad","category_purchase","consideration","","worldwide",2026-08-09,57,0,2,0
"category_thinkpad","ThinkPad","category_purchase","consideration","","worldwide",2026-08-16,64.5,0.7071067811865476,2,0
"category_thinkpad","ThinkPad","category_purchase","consideration","","worldwide",2026-08-23,61,0,2,0
"category_thinkpad","ThinkPad","category_purchase","consideration","","worldwide",2026-08-30,64,0,2,0
"category_thinkpad","ThinkPad","category_purchase","consideration","","worldwide",2026-09-06,58,0,2,0
"category_thinkpad","ThinkPad","category_purchase","consideration","","worldwide",2026-09-13,53,0,2,0
"category_thinkpad","ThinkPad","category_purchase","consideration","","worldwide",2026-09-20,48,0,2,0
"category_thinkpad","ThinkPad","category_purchase","consideration","","worldwide",2026-09-27,44,0,2,0
"category_thinkpad_price","ThinkPad price","category_purchase","consideration","","worldwide",2021-12-26,5.8724,0.18045365055880716,2,0
"category_thinkpad_price","ThinkPad price","category_purchase","consideration","","worldwide",2022-01-02,6.97085,0.04122432534317574,2,0
"category_thinkpad_price","ThinkPad price","category_purchase","consideration","","worldwide",2022-01-09,6.97085,0.04122432534317574,2,0
"category_thinkpad_price","ThinkPad price","category_purchase","consideration","","worldwide",2022-01-16,6.811249999999999,0.26693280989792195,2,0
"category_thinkpad_price","ThinkPad price","category_purchase","consideration","","worldwide",2022-01-23,6.1916,0.27096331855068534,2,0
"category_thinkpad_price","ThinkPad price","category_purchase","consideration","","worldwide",2022-01-30,6.8511500000000005,0.2105056887592351,2,0
"category_thinkpad_price","ThinkPad price","category_purchase","consideration","","worldwide",2022-02-06,6.97085,0.04122432534317574,2,0
"category_thinkpad_price","ThinkPad price","category_purchase","consideration","","worldwide",2022-02-13,6.93095,0.09765144648186198,2,0
"category_thinkpad_price","ThinkPad price","category_purchase","consideration","","worldwide",2022-02-20,6.8511500000000005,0.2105056887592351,2,0
"category_thinkpad_price","ThinkPad price","category_purchase","consideration","","worldwide",2022-02-27,6.8511500000000005,0.2105056887592351,2,0
"category_thinkpad_price","ThinkPad price","category_purchase","consideration","","worldwide",2022-03-06,6.77135,0.3233599310366082,2,0
"category_thinkpad_price","ThinkPad price","category_purchase","consideration","","worldwide",2022-03-13,6.811249999999999,0.26693280989792195,2,0
"category_thinkpad_price","ThinkPad price","category_purchase","consideration","","worldwide",2022-03-20,6.2315000000000005,0.32739043968937154,2,0
"category_thinkpad_price","ThinkPad price","category_purchase","consideration","","worldwide",2022-03-27,6.032,0.04525483399593908,2,0
"category_thinkpad_price","ThinkPad price","category_purchase","consideration","","worldwide",2022-04-03,6.1517,0.21453619741199845,2,0
"category_thinkpad_price","ThinkPad price","category_purchase","consideration","","worldwide",2022-04-10,6.071899999999999,0.10168195513462533,2,0
"category_thinkpad_price","ThinkPad price","category_purchase","consideration","","worldwide",2022-04-17,5.9521999999999995,0.06759940828143403,2,0
"category_thinkpad_price","ThinkPad price","category_purchase","consideration","","worldwide",2022-04-24,6.2315000000000005,0.32739043968937154,2,0
"category_thinkpad_price","ThinkPad price","category_purchase","consideration","","worldwide",2022-05-01,5.05325,0.07530687219636703,2,0
"category_thinkpad_price","ThinkPad price","category_purchase","consideration","","worldwide",2022-05-08,5.9123,0.12402652942012028,2,0
"category_thinkpad_price","ThinkPad price","category_purchase","consideration","","worldwide",2022-05-15,6.032,0.04525483399593908,2,0
"category_thinkpad_price","ThinkPad price","category_purchase","consideration","","worldwide",2022-05-22,5.925866666666667,0.06606945840048448,3,0
"category_thinkpad_price","ThinkPad price","category_purchase","consideration","","worldwide",2022-05-29,6.1381,0.12072410695465924,3,0
"category_thinkpad_price","ThinkPad price","category_purchase","consideration","","worldwide",2022-06-05,6.350266666666666,0.3038327555306262,3,0
"category_thinkpad_price","ThinkPad price","category_purchase","consideration","","worldwide",2022-06-12,6.297266666666666,0.2580077776605452,3,0
"category_thinkpad_price","ThinkPad price","category_purchase","consideration","","worldwide",2022-06-19,6.842766666666667,0.1373460714157247,3,0
"category_thinkpad_price","ThinkPad price","category_purchase","consideration","","worldwide",2022-06-26,6.842766666666667,0.1373460714157247,3,0
"category_thinkpad_price","ThinkPad price","category_purchase","consideration","","worldwide",2022-07-03,6.0850333333333335,0.07541262051761173,3,0
"category_thinkpad_price","ThinkPad price","category_purchase","consideration","","worldwide",2022-07-10,6.297266666666666,0.2580077776605452,3,0
"category_thinkpad_price","ThinkPad price","category_purchase","consideration","","worldwide",2022-07-17,6.895833333333333,0.09201871186521438,3,0
"category_thinkpad_price","ThinkPad price","category_purchase","consideration","","worldwide",2022-07-24,7.001933333333334,0.018675206379939233,3,0
"category_thinkpad_price","ThinkPad price","category_purchase","consideration","","worldwide",2022-07-31,6.736666666666666,0.22872381453039237,3,0
"category_thinkpad_price","ThinkPad price","category_purchase","consideration","","worldwide",2022-08-07,6.895833333333333,0.09201871186521438,3,0
"category_thinkpad_price","ThinkPad price","category_purchase","consideration","","worldwide",2022-08-14,6.736666666666666,0.22872381453039237,3,0
"category_thinkpad_price","ThinkPad price","category_purchase","consideration","","worldwide",2022-08-21,6.789733333333333,0.18295448432146535,3,0
"category_thinkpad_price","ThinkPad price","category_purchase","consideration","","worldwide",2022-08-28,7.108066666666667,0.09549766140243071,3,0
"category_thinkpad_price","ThinkPad price","category_purchase","consideration","","worldwide",2022-09-04,6.895833333333333,0.09201871186521438,3,0
"category_thinkpad_price","ThinkPad price","category_purchase","consideration","","worldwide",2022-09-11,6.9489,0.047907515068097505,3,0
"category_thinkpad_price","ThinkPad price","category_purchase","consideration","","worldwide",2022-09-18,7.001933333333334,0.018675206379939233,3,0
"category_thinkpad_price","ThinkPad price","category_purchase","consideration","","worldwide",2022-09-25,6.0850333333333335,0.07541262051761173,3,0
"category_thinkpad_price","ThinkPad price","category_purchase","consideration","","worldwide",2022-10-02,5.978933333333334,0.02413489866010062,3,0
"category_thinkpad_price","ThinkPad price","category_purchase","consideration","","worldwide",2022-10-09,6.1507000000000005,0.10174107659478879,4,0
"category_thinkpad_price","ThinkPad price","category_purchase","consideration","","worldwide",2022-10-16,5.9121749999999995,0.06049762392028303,4,0
"category_thinkpad_price","ThinkPad price","category_purchase","consideration","","worldwide",2022-10-23,5.2448250000000005,0.16379772841322723,4,0
"category_thinkpad_price","ThinkPad price","category_purchase","consideration","","worldwide",2022-10-30,5.61405,0.2576934160328251,4,0
"category_thinkpad_price","ThinkPad price","category_purchase","consideration","","worldwide",2022-11-06,5.733325,0.17838479709138144,4,0
"category_thinkpad_price","ThinkPad price","category_purchase","consideration","","worldwide",2022-11-13,6.2103,0.14114300077108555,4,0
"category_thinkpad_price","ThinkPad price","category_purchase","consideration","","worldwide",2022-11-20,5.733325,0.17838479709138144,4,0
"category_thinkpad_price","ThinkPad price","category_purchase","consideration","","worldwide",2022-11-27,5.79295,0.1388221043878339,4,0
"category_thinkpad_price","ThinkPad price","category_purchase","consideration","","worldwide",2022-12-04,5.79295,0.1388221043878339,4,0
"category_thinkpad_price","ThinkPad price","category_purchase","consideration","","worldwide",2022-12-11,5.733325,0.17838479709138144,4,0
"category_thinkpad_price","ThinkPad price","category_purchase","consideration","","worldwide",2022-12-18,6.0314250000000005,0.026150382406381775,4,0
"category_thinkpad_price","ThinkPad price","category_purchase","consideration","","worldwide",2022-12-25,6.26995,0.18071933119250608,4,0
"category_thinkpad_price","ThinkPad price","category_purchase","consideration","","worldwide",2023-01-01,6.0314250000000005,0.026150382406381775,4,0
"category_thinkpad_price","ThinkPad price","category_purchase","consideration","","worldwide",2023-01-08,6.1507000000000005,0.10174107659478879,4,0
"category_thinkpad_price","ThinkPad price","category_purchase","consideration","","worldwide",2023-01-15,5.971825,0.024299022614088832,4,0
"category_thinkpad_price","ThinkPad price","category_purchase","consideration","","worldwide",2023-01-22,6.091075,0.06274856572066005,4,0
"category_thinkpad_price","ThinkPad price","category_purchase","consideration","","worldwide",2023-01-29,6.0314250000000005,0.026150382406381775,4,0
"category_thinkpad_price","ThinkPad price","category_purchase","consideration","","worldwide",2023-02-05,6.2103,0.14114300077108555,4,0
"category_thinkpad_price","ThinkPad price","category_purchase","consideration","","worldwide",2023-02-12,5.733325,0.17838479709138144,4,0
"category_thinkpad_price","ThinkPad price","category_purchase","consideration","","worldwide",2023-02-19,6.2103,0.14114300077108555,4,0
"category_thinkpad_price","ThinkPad price","category_purchase","consideration","","worldwide",2023-02-26,5.971825,0.024299022614088832,4,0
"category_thinkpad_price","ThinkPad price","category_purchase","consideration","","worldwide",2023-03-05,5.96824,0.02251872554120241,5,0
"category_thinkpad_price","ThinkPad price","category_purchase","consideration","","worldwide",2023-03-12,6.0318,0.022662413816714248,5,0
"category_thinkpad_price","ThinkPad price","category_purchase","consideration","","worldwide",2023-03-19,5.7775,0.12508874849481863,5,0
"category_thinkpad_price","ThinkPad price","category_purchase","consideration","","worldwide",2023-03-26,5.90464,0.05503501612609917,5,0
"category_thinkpad_price","ThinkPad price","category_purchase","consideration","","worldwide",2023-04-02,5.84106,0.08986828139004327,5,0
"category_thinkpad_price","ThinkPad price","category_purchase","consideration","","worldwide",2023-04-09,5.3232,0.18111152641397515,5,0
"category_thinkpad_price","ThinkPad price","category_purchase","consideration","","worldwide",2023-04-16,5.06888,0.04028029294828919,5,0
"category_thinkpad_price","ThinkPad price","category_purchase","consideration","","worldwide",2023-04-23,5.25962,0.145659644376883,5,0
"category_thinkpad_price","ThinkPad price","category_purchase","consideration","","worldwide",2023-04-30,5.38676,0.2165828779012782,5,0
"category_thinkpad_price","ThinkPad price","category_purchase","consideration","","worldwide",2023-05-07,5.3232,0.18111152641397515,5,0
"category_thinkpad_price","ThinkPad price","category_purchase","consideration","","worldwide",2023-05-14,6.6132599999999995,0.21672374812188913,5,0
"category_thinkpad_price","ThinkPad price","category_purchase","consideration","","worldwide",2023-05-21,6.15896,0.09002540197077717,5,0
"category_thinkpad_price","ThinkPad price","category_purchase","consideration","","worldwide",2023-05-28,6.3497,0.19606266855268495,5,0
"category_thinkpad_price","ThinkPad price","category_purchase","consideration","","worldwide",2023-06-04,6.22252,0.1252503572849195,5,0
"category_thinkpad_price","ThinkPad price","category_purchase","consideration","","worldwide",2023-06-11,6.0318,0.022662413816714248,5,0
"category_thinkpad_price","ThinkPad price","category_purchase","consideration","","worldwide",2023-06-18,6.6132599999999995,0.21672374812188913,5,0
"category_thinkpad_price","ThinkPad price","category_purchase","consideration","","worldwide",2023-06-25,6.3497,0.19606266855268495,5,0
"category_thinkpad_price","ThinkPad price","category_purchase","consideration","","worldwide",2023-07-02,6.99472,0.016551193310453217,5,0
"category_thinkpad_price","ThinkPad price","category_purchase","consideration","","worldwide",2023-07-09,7.8305,0.09647180935382121,5,0
"category_thinkpad_price","ThinkPad price","category_purchase","consideration","","worldwide",2023-07-16,7.70334,0.16678527512943098,5,0
"category_thinkpad_price","ThinkPad price","category_purchase","consideration","","worldwide",2023-07-23,7.822,0.08876343841920514,6,0
"category_thinkpad_price","ThinkPad price","category_purchase","consideration","","worldwide",2023-07-30,7.822,0.08876343841920514,6,0
"category_thinkpad_price","ThinkPad price","category_purchase","consideration","","worldwide",2023-08-06,7.9544,0.028032909231829578,6,0
"category_thinkpad_price","ThinkPad price","category_purchase","consideration","","worldwide",2023-08-13,7.822,0.08876343841920514,6,0
"category_thinkpad_price","ThinkPad price","category_purchase","consideration","","worldwide",2023-08-20,7.30504,0.17053078314486203,5,0
"category_thinkpad_price","ThinkPad price","category_purchase","consideration","","worldwide",2023-08-27,7.82252,0.0992303229864744,5,0
"category_thinkpad_price","ThinkPad price","category_purchase","consideration","","worldwide",2023-09-03,7.24154,0.13503487697628344,5,0
"category_thinkpad_price","ThinkPad price","category_purchase","consideration","","worldwide",2023-09-10,7.82252,0.0992303229864744,5,0
"category_thinkpad_price","ThinkPad price","category_purchase","consideration","","worldwide",2023-09-17,7.05104,0.02857801602630948,5,0
"category_thinkpad_price","ThinkPad price","category_purchase","consideration","","worldwide",2023-09-24,7.63202,0.2057140904264946,5,0
"category_thinkpad_price","ThinkPad price","category_purchase","consideration","","worldwide",2023-10-01,7.30504,0.17053078314486203,5,0
"category_thinkpad_price","ThinkPad price","category_purchase","consideration","","worldwide",2023-10-08,7.17804,0.09954121257047255,5,0
"category_thinkpad_price","ThinkPad price","category_purchase","consideration","","worldwide",2023-10-15,6.98754,0.007141638467466598,5,0
"category_thinkpad_price","ThinkPad price","category_purchase","consideration","","worldwide",2023-10-22,6.21608,0.12080087748025674,5,0
"category_thinkpad_price","ThinkPad price","category_purchase","consideration","","worldwide",2023-10-29,6.2796,0.15630770934282157,5,0
"category_thinkpad_price","ThinkPad price","category_purchase","consideration","","worldwide",2023-11-05,6.40658,0.2272897863961334,5,0
"category_thinkpad_price","ThinkPad price","category_purchase","consideration","","worldwide",2023-11-12,6.3431,0.19180437951204343,5,0
"category_thinkpad_price","ThinkPad price","category_purchase","consideration","","worldwide",2023-11-19,6.6700800000000005,0.1844369458649756,5,0
"category_thinkpad_price","ThinkPad price","category_purchase","consideration","","worldwide",2023-11-26,6.21608,0.12080087748025674,5,0
"category_thinkpad_price","ThinkPad price","category_purchase","consideration","","worldwide",2023-12-03,6.6700800000000005,0.1844369458649756,5,0
"category_thinkpad_price","ThinkPad price","category_purchase","consideration","","worldwide",2023-12-10,6.1526,0.08531731946093946,5,0
"category_thinkpad_price","ThinkPad price","category_purchase","consideration","","worldwide",2023-12-17,6.7406500000000005,0.13433800281379796,6,0
"category_thinkpad_price","ThinkPad price","category_purchase","consideration","","worldwide",2023-12-24,6.7406500000000005,0.13433800281379796,6,0
"category_thinkpad_price","ThinkPad price","category_purchase","consideration","","worldwide",2023-12-31,6.2225166666666665,0.1091918754608907,6,0
"category_thinkpad_price","ThinkPad price","category_purchase","consideration","","worldwide",2024-01-07,6.998,0.022656897404543214,5,0
"category_thinkpad_price","ThinkPad price","category_purchase","consideration","","worldwide",2024-01-14,7.04562,0.028143240751555314,5,0
"category_thinkpad_price","ThinkPad price","category_purchase","consideration","","worldwide",2024-01-21,6.26066,0.1513957991491177,5,0
"category_thinkpad_price","ThinkPad price","category_purchase","consideration","","worldwide",2024-01-28,6.998,0.022656897404543214,5,0
"category_thinkpad_price","ThinkPad price","category_purchase","consideration","","worldwide",2024-02-04,6.85064,0.08624124883140323,5,0
"category_thinkpad_price","ThinkPad price","category_purchase","consideration","","worldwide",2024-02-11,6.06568,0.06270005582134677,5,0
"category_thinkpad_price","ThinkPad price","category_purchase","consideration","","worldwide",2024-02-18,6.1178,0.09048146218977662,5,0
"category_thinkpad_price","ThinkPad price","category_purchase","consideration","","worldwide",2024-02-25,6.65564,0.19504023431076978,5,0
"category_thinkpad_price","ThinkPad price","category_purchase","consideration","","worldwide",2024-03-03,6.60802,0.21914946269612448,5,0
"category_thinkpad_price","ThinkPad price","category_purchase","consideration","","worldwide",2024-03-10,6.1654,0.09652691334544988,5,0
"category_thinkpad_price","ThinkPad price","category_purchase","consideration","","worldwide",2024-03-17,6.31278,0.18901474016594572,5,0
"category_thinkpad_price","ThinkPad price","category_purchase","consideration","","worldwide",2024-03-24,6.60802,0.21914946269612448,5,0
"category_thinkpad_price","ThinkPad price","category_purchase","consideration","","worldwide",2024-03-31,5.33284,0.18894002487562028,5,0
"category_thinkpad_price","ThinkPad price","category_purchase","consideration","","worldwide",2024-04-07,5.09024,0.07646082657151958,5,0
"category_thinkpad_price","ThinkPad price","category_purchase","consideration","","worldwide",2024-04-14,6.01806,0.01934251793329897,5,0
"category_thinkpad_price","ThinkPad price","category_purchase","consideration","","worldwide",2024-04-21,5.82306,0.10232386329688684,5,0
"category_thinkpad_price","ThinkPad price","category_purchase","consideration","","worldwide",2024-04-28,5.82306,0.10232386329688684,5,0
"category_thinkpad_price","ThinkPad price","category_purchase","consideration","","worldwide",2024-05-05,6.217216666666666,0.17222221014336866,6,0
"category_thinkpad_price","ThinkPad price","category_purchase","consideration","","worldwide",2024-05-12,6.796166666666666,0.16344066405477753,6,0
"category_thinkpad_price","ThinkPad price","category_purchase","consideration","","worldwide",2024-05-19,6.67335,0.2530400027663612,6,0
"category_thinkpad_price","ThinkPad price","category_purchase","consideration","","worldwide",2024-05-26,6.300333333333334,0.23503519452768482,6,0
"category_thinkpad_price","ThinkPad price","category_purchase","consideration","","worldwide",2024-06-02,6.8225,0.16789946396579117,5,0
"category_thinkpad_price","ThinkPad price","category_purchase","consideration","","worldwide",2024-06-09,6.15946,0.1457240817435471,5,0
"category_thinkpad_price","ThinkPad price","category_purchase","consideration","","worldwide",2024-06-16,5.8647,0.1260375142566688,5,0
"category_thinkpad_price","ThinkPad price","category_purchase","consideration","","worldwide",2024-06-23,6.7386,0.24050622653062428,5,0
"category_thinkpad_price","ThinkPad price","category_purchase","consideration","","worldwide",2024-06-30,7.11726,0.12386257707637129,5,0
"category_thinkpad_price","ThinkPad price","category_purchase","consideration","","worldwide",2024-07-07,6.886,0.10612966126394643,5,0
"category_thinkpad_price","ThinkPad price","category_purchase","consideration","","worldwide",2024-07-14,6.886,0.10612966126394643,5,0
"category_thinkpad_price","ThinkPad price","category_purchase","consideration","","worldwide",2024-07-21,7.00162,0.02081230405313167,5,0
"category_thinkpad_price","ThinkPad price","category_purchase","consideration","","worldwide",2024-07-28,7.00162,0.02081230405313167,5,0
"category_thinkpad_price","ThinkPad price","category_purchase","consideration","","worldwide",2024-08-04,7.11726,0.12386257707637129,5,0
"category_thinkpad_price","ThinkPad price","category_purchase","consideration","","worldwide",2024-08-11,7.90726,0.08626307437136724,5,0
"category_thinkpad_price","ThinkPad price","category_purchase","consideration","","worldwide",2024-08-18,7.29638,0.27336594886708193,5,0
"category_thinkpad_price","ThinkPad price","category_purchase","consideration","","worldwide",2024-08-25,7.72814,0.2482628606940636,5,0
"category_thinkpad_price","ThinkPad price","category_purchase","consideration","","worldwide",2024-09-01,7.06514,0.07401505252311867,5,0
"category_thinkpad_price","ThinkPad price","category_purchase","consideration","","worldwide",2024-09-08,6.7386,0.24050622653062428,5,0
"category_thinkpad_price","ThinkPad price","category_purchase","consideration","","worldwide",2024-09-15,7.18076,0.16502935496450327,5,0
"category_thinkpad_price","ThinkPad price","category_purchase","consideration","","worldwide",2024-09-22,7.29638,0.27336594886708193,5,0
"category_thinkpad_price","ThinkPad price","category_purchase","consideration","","worldwide",2024-09-29,6.878533333333333,0.13346357805284068,6,0
"category_thinkpad_price","ThinkPad price","category_purchase","consideration","","worldwide",2024-10-06,6.852083333333333,0.1667429928562717,6,0
"category_thinkpad_price","ThinkPad price","category_purchase","consideration","","worldwide",2024-10-13,7.00135,0.018626835480027217,6,0
"category_thinkpad_price","ThinkPad price","category_purchase","consideration","","worldwide",2024-10-20,7.00444,0.0190286100385709,5,0
"category_thinkpad_price","ThinkPad price","category_purchase","consideration","","worldwide",2024-10-27,6.87294,0.18616019445628,5,0
"category_thinkpad_price","ThinkPad price","category_purchase","consideration","","worldwide",2024-11-03,7.12008,0.1644399951350037,5,0
"category_thinkpad_price","ThinkPad price","category_purchase","consideration","","worldwide",2024-11-10,7.08832,0.13245479228778403,5,0
"category_thinkpad_price","ThinkPad price","category_purchase","consideration","","worldwide",2024-11-17,7.08832,0.13245479228778403,5,0
"category_thinkpad_price","ThinkPad price","category_purchase","consideration","","worldwide",2024-11-24,7.1042,0.14502248101587562,5,0
"category_thinkpad_price","ThinkPad price","category_purchase","consideration","","worldwide",2024-12-01,6.0893,0.1242848341512349,5,0
"category_thinkpad_price","ThinkPad price","category_purchase","consideration","","worldwide",2024-12-08,6.12106,0.1692002009455071,5,0
"category_thinkpad_price","ThinkPad price","category_purchase","consideration","","worldwide",2024-12-15,6.00544,0.01567204517604513,5,0
"category_thinkpad_price","ThinkPad price","category_purchase","consideration","","worldwide",2024-12-22,6.8208,0.24674814082379626,5,0
"category_thinkpad_price","ThinkPad price","category_purchase","consideration","","worldwide",2024-12-29,6.0893,0.1242848341512349,5,0
"category_thinkpad_price","ThinkPad price","category_purchase","consideration","","worldwide",2025-01-05,7.9037,0.13833846175232695,5,0
"category_thinkpad_price","ThinkPad price","category_purchase","consideration","","worldwide",2025-01-12,7.1042,0.14502248101587562,5,0
"category_thinkpad_price","ThinkPad price","category_purchase","consideration","","worldwide",2025-01-19,7.81982,0.24679058328874706,5,0
"category_thinkpad_price","ThinkPad price","category_purchase","consideration","","worldwide",2025-01-26,7.0362,0.0625274339790144,5,0
"category_thinkpad_price","ThinkPad price","category_purchase","consideration","","worldwide",2025-02-02,7.1042,0.14502248101587562,5,0
"category_thinkpad_price","ThinkPad price","category_purchase","consideration","","worldwide",2025-02-09,7.12008,0.1644399951350037,5,0
"category_thinkpad_price","ThinkPad price","category_purchase","consideration","","worldwide",2025-02-16,6.933816666666667,0.10378651967701139,6,0
"category_thinkpad_price","ThinkPad price","category_purchase","consideration","","worldwide",2025-02-23,7.016933333333333,0.027727723791661548,6,0
"category_thinkpad_price","ThinkPad price","category_purchase","consideration","","worldwide",2025-03-02,7.0037,0.017115957466645005,6,0
"category_thinkpad_price","ThinkPad price","category_purchase","consideration","","worldwide",2025-03-09,7.016933333333333,0.027727723791661548,6,0
"category_thinkpad_price","ThinkPad price","category_purchase","consideration","","worldwide",2025-03-16,7.05944,0.13291188058258757,5,0
"category_thinkpad_price","ThinkPad price","category_purchase","consideration","","worldwide",2025-03-23,6.9552,0.10017584539199066,5,0
"category_thinkpad_price","ThinkPad price","category_purchase","consideration","","worldwide",2025-03-30,6.90306,0.21676442973882967,5,0
"category_thinkpad_price","ThinkPad price","category_purchase","consideration","","worldwide",2025-04-06,6.9552,0.10017584539199066,5,0
"category_thinkpad_price","ThinkPad price","category_purchase","consideration","","worldwide",2025-04-13,6.05094,0.11390530277383916,5,0
"category_thinkpad_price","ThinkPad price","category_purchase","consideration","","worldwide",2025-04-20,7.05944,0.13291188058258757,5,0
"category_thinkpad_price","ThinkPad price","category_purchase","consideration","","worldwide",2025-04-27,7.05944,0.13291188058258757,5,0
"category_thinkpad_price","ThinkPad price","category_purchase","consideration","","worldwide",2025-05-04,7.00732,0.016368017595298445,5,0
"category_thinkpad_price","ThinkPad price","category_purchase","consideration","","worldwide",2025-05-11,7.91156,0.19775785193008127,5,0
"category_thinkpad_price","ThinkPad price","category_purchase","consideration","","worldwide",2025-05-18,7.11156,0.24945574356987668,5,0
"category_thinkpad_price","ThinkPad price","category_purchase","consideration","","worldwide",2025-05-25,7.96368,0.08121398894279255,5,0
"category_thinkpad_price","ThinkPad price","category_purchase","consideration","","worldwide",2025-06-01,7.91156,0.19775785193008127,5,0
"category_thinkpad_price","ThinkPad price","category_purchase","consideration","","worldwide",2025-06-08,7.91156,0.19775785193008127,5,0
"category_thinkpad_price","ThinkPad price","category_purchase","consideration","","worldwide",2025-06-15,8.0158,0.03532987404449696,5,0
"category_thinkpad_price","ThinkPad price","category_purchase","consideration","","worldwide",2025-06-22,8.97218,0.06220741113404375,5,0
"category_thinkpad_price","ThinkPad price","category_purchase","consideration","","worldwide",2025-06-29,8.92006,0.17875127412133288,5,0
"category_thinkpad_price","ThinkPad price","category_purchase","consideration","","worldwide",2025-07-06,8.92006,0.17875127412133288,5,0
"category_thinkpad_price","ThinkPad price","category_purchase","consideration","","worldwide",2025-07-13,11.0934,0.20884874909848058,5,0
"category_thinkpad_price","ThinkPad price","category_purchase","consideration","","worldwide",2025-07-20,16.08374,0.18724833243583291,5,0
"category_thinkpad_price","ThinkPad price","category_purchase","consideration","","worldwide",2025-07-27,26.01228,0.027458914763696975,5,0
"category_thinkpad_price","ThinkPad price","category_purchase","consideration","","worldwide",2025-08-03,45,0,4,0
"category_thinkpad_price","ThinkPad price","category_purchase","consideration","","worldwide",2025-08-10,70,0,4,0
"category_thinkpad_price","ThinkPad price","category_purchase","consideration","","worldwide",2025-08-17,74,0,4,0
"category_thinkpad_price","ThinkPad price","category_purchase","consideration","","worldwide",2025-08-24,87,0,4,0
"category_thinkpad_price","ThinkPad price","category_purchase","consideration","","worldwide",2025-08-31,100,0,4,0
"category_thinkpad_price","ThinkPad price","category_purchase","consideration","","worldwide",2025-09-07,87,0,4,0
"category_thinkpad_price","ThinkPad price","category_purchase","consideration","","worldwide",2025-09-14,66,0,4,0
"category_thinkpad_price","ThinkPad price","category_purchase","consideration","","worldwide",2025-09-21,62,0,4,0
"category_thinkpad_price","ThinkPad price","category_purchase","consideration","","worldwide",2025-09-28,59,0,4,0
"category_thinkpad_price","ThinkPad price","category_purchase","consideration","","worldwide",2025-10-05,56,0,4,0
"category_thinkpad_price","ThinkPad price","category_purchase","consideration","","worldwide",2025-10-12,66,0,4,0
"category_thinkpad_price","ThinkPad price","category_purchase","consideration","","worldwide",2025-10-19,73,0,4,0
"category_thinkpad_price","ThinkPad price","category_purchase","consideration","","worldwide",2025-10-26,57,0,4,0
"category_thinkpad_price","ThinkPad price","category_purchase","consideration","","worldwide",2025-11-02,64,0,4,0
"category_thinkpad_price","ThinkPad price","category_purchase","consideration","","worldwide",2025-11-09,80,0,4,0
"category_thinkpad_price","ThinkPad price","category_purchase","consideration","","worldwide",2025-11-16,48,0,4,0
"category_thinkpad_price","ThinkPad price","category_purchase","consideration","","worldwide",2025-11-23,61,0,4,0
"category_thinkpad_price","ThinkPad price","category_purchase","consideration","","worldwide",2025-11-30,48,0,4,0
"category_thinkpad_price","ThinkPad price","category_purchase","consideration","","worldwide",2025-12-07,38,0,4,0
"category_thinkpad_price","ThinkPad price","category_purchase","consideration","","worldwide",2025-12-14,40,0,4,0
"category_thinkpad_price","ThinkPad price","category_purchase","consideration","","worldwide",2025-12-21,25,0,4,0
"category_thinkpad_price","ThinkPad price","category_purchase","consideration","","worldwide",2025-12-28,24,0,3,0
"category_thinkpad_price","ThinkPad price","category_purchase","consideration","","worldwide",2026-01-04,25,0,3,0
"category_thinkpad_price","ThinkPad price","category_purchase","consideration","","worldwide",2026-01-11,28,0,3,0
"category_thinkpad_price","ThinkPad price","category_purchase","consideration","","worldwide",2026-01-18,35,0,3,0
"category_thinkpad_price","ThinkPad price","category_purchase","consideration","","worldwide",2026-01-25,35,0,3,0
"category_thinkpad_price","ThinkPad price","category_purchase","consideration","","worldwide",2026-02-01,29,0,3,0
"category_thinkpad_price","ThinkPad price","category_purchase","consideration","","worldwide",2026-02-08,27,0,3,0
"category_thinkpad_price","ThinkPad price","category_purchase","consideration","","worldwide",2026-02-15,26,0,3,0
"category_thinkpad_price","ThinkPad price","category_purchase","consideration","","worldwide",2026-02-22,28,0,3,0
"category_thinkpad_price","ThinkPad price","category_purchase","consideration","","worldwide",2026-03-01,40,0,3,0
"category_thinkpad_price","ThinkPad price","category_purchase","consideration","","worldwide",2026-03-08,48,0,3,0
"category_thinkpad_price","ThinkPad price","category_purchase","consideration","","worldwide",2026-03-15,40,0,3,0
"category_thinkpad_price","ThinkPad price","category_purchase","consideration","","worldwide",2026-03-22,42,0,3,0
"category_thinkpad_price","ThinkPad price","category_purchase","consideration","","worldwide",2026-03-29,37,0,3,0
"category_thinkpad_price","ThinkPad price","category_purchase","consideration","","worldwide",2026-04-05,36,0,3,0
"category_thinkpad_price","ThinkPad price","category_purchase","consideration","","worldwide",2026-04-12,34,0,3,0
"category_thinkpad_price","ThinkPad price","category_purchase","consideration","","worldwide",2026-04-19,30,0,3,0
"category_thinkpad_price","ThinkPad price","category_purchase","consideration","","worldwide",2026-04-26,29,0,3,0
"category_thinkpad_price","ThinkPad price","category_purchase","consideration","","worldwide",2026-05-03,29,0,3,0
"category_thinkpad_price","ThinkPad price","category_purchase","consideration","","worldwide",2026-05-10,29,0,3,0
"category_thinkpad_price","ThinkPad price","category_purchase","consideration","","worldwide",2026-05-17,33,0,2,0
"category_thinkpad_price","ThinkPad price","category_purchase","consideration","","worldwide",2026-05-24,32,0,2,0
"category_thinkpad_price","ThinkPad price","category_purchase","consideration","","worldwide",2026-05-31,33,0,2,0
"category_thinkpad_price","ThinkPad price","category_purchase","consideration","","worldwide",2026-06-07,34,0,2,0
"category_thinkpad_price","ThinkPad price","category_purchase","consideration","","worldwide",2026-06-14,33,0,2,0
"category_thinkpad_price","ThinkPad price","category_purchase","consideration","","worldwide",2026-06-21,39,0,2,0
"category_thinkpad_price","ThinkPad price","category_purchase","consideration","","worldwide",2026-06-28,39,0,2,0
"category_thinkpad_price","ThinkPad price","category_purchase","consideration","","worldwide",2026-07-05,33,0,2,0
"category_thinkpad_price","ThinkPad price","category_purchase","consideration","","worldwide",2026-07-12,26,0,2,0
"category_thinkpad_price","ThinkPad price","category_purchase","consideration","","worldwide",2026-07-19,31,0,2,0
"category_thinkpad_price","ThinkPad price","category_purchase","consideration","","worldwide",2026-07-26,27,0,2,0
"category_thinkpad_price","ThinkPad price","category_purchase","consideration","","worldwide",2026-08-02,26,0,2,0
"category_thinkpad_price","ThinkPad price","category_purchase","consideration","","worldwide",2026-08-09,39,0,2,0
"category_thinkpad_price","ThinkPad price","category_purchase","consideration","","worldwide",2026-08-16,33,0,2,0
"category_thinkpad_price","ThinkPad price","category_purchase","consideration","","worldwide",2026-08-23,25,0,2,0
"category_thinkpad_price","ThinkPad price","category_purchase","consideration","","worldwide",2026-08-30,33,0,2,0
"category_thinkpad_price","ThinkPad price","category_purchase","consideration","","worldwide",2026-09-06,28,0,2,0
"category_thinkpad_price","ThinkPad price","category_purchase","consideration","","worldwide",2026-09-13,22,0,2,0
"category_thinkpad_price","ThinkPad price","category_purchase","consideration","","worldwide",2026-09-20,16,0,2,0
"category_thinkpad_price","ThinkPad price","category_purchase","consideration","","worldwide",2026-09-27,12,0,2,0
"cobrand_ducati","Lenovo Ducati","co_branded_property","property_outcome","ducati","worldwide",2021-12-26,,,2,2
"cobrand_ducati","Lenovo Ducati","co_branded_property","property_outcome","ducati","worldwide",2022-01-02,,,2,2
"cobrand_ducati","Lenovo Ducati","co_branded_property","property_outcome","ducati","worldwide",2022-01-09,,,2,2
"cobrand_ducati","Lenovo Ducati","co_branded_property","property_outcome","ducati","worldwide",2022-01-16,,,2,2
"cobrand_ducati","Lenovo Ducati","co_branded_property","property_outcome","ducati","worldwide",2022-01-23,,,2,2
"cobrand_ducati","Lenovo Ducati","co_branded_property","property_outcome","ducati","worldwide",2022-01-30,,,2,2
"cobrand_ducati","Lenovo Ducati","co_branded_property","property_outcome","ducati","worldwide",2022-02-06,18.857100000000003,0.20209111806311406,2,0
"cobrand_ducati","Lenovo Ducati","co_branded_property","property_outcome","ducati","worldwide",2022-02-13,7.988300000000001,0.01654629867976496,2,0
"cobrand_ducati","Lenovo Ducati","co_branded_property","property_outcome","ducati","worldwide",2022-02-20,7.1815,0.25667976157071704,2,0
"cobrand_ducati","Lenovo Ducati","co_branded_property","property_outcome","ducati","worldwide",2022-02-27,6.8747,0.17720095936534908,2,0
"cobrand_ducati","Lenovo Ducati","co_branded_property","property_outcome","ducati","worldwide",2022-03-06,13.096,0.13576450198781725,2,0
"cobrand_ducati","Lenovo Ducati","co_branded_property","property_outcome","ducati","worldwide",2022-03-13,12.1358,0.19205020177026588,2,0
"cobrand_ducati","Lenovo Ducati","co_branded_property","property_outcome","ducati","worldwide",2022-03-20,14.86295,0.19381796872323315,2,0
"cobrand_ducati","Lenovo Ducati","co_branded_property","property_outcome","ducati","worldwide",2022-03-27,7.1815,0.25667976157071704,2,0
"cobrand_ducati","Lenovo Ducati","co_branded_property","property_outcome","ducati","worldwide",2022-04-03,8.948450000000001,0.07290270914033271,2,0
"cobrand_ducati","Lenovo Ducati","co_branded_property","property_outcome","ducati","worldwide",2022-04-10,10.06205,0.08775195154525077,2,0
"cobrand_ducati","Lenovo Ducati","co_branded_property","property_outcome","ducati","worldwide",2022-04-17,,,2,2
"cobrand_ducati","Lenovo Ducati","co_branded_property","property_outcome","ducati","worldwide",2022-04-24,6.721299999999999,0.39414131983338185,2,0
"cobrand_ducati","Lenovo Ducati","co_branded_property","property_outcome","ducati","worldwide",2022-05-01,10.21545,0.3046923120132829,2,0
"cobrand_ducati","Lenovo Ducati","co_branded_property","property_outcome","ducati","worldwide",2022-05-08,,,2,2
"cobrand_ducati","Lenovo Ducati","co_branded_property","property_outcome","ducati","worldwide",2022-05-15,15.97655,0.033163308037649664,2,0
"cobrand_ducati","Lenovo Ducati","co_branded_property","property_outcome","ducati","worldwide",2022-05-22,,,3,3
"cobrand_ducati","Lenovo Ducati","co_branded_property","property_outcome","ducati","worldwide",2022-05-29,15.839633333333333,0.1791396754862901,3,0
"cobrand_ducati","Lenovo Ducati","co_branded_property","property_outcome","ducati","worldwide",2022-06-05,9.188133333333333,0.18085315405967697,3,0
"cobrand_ducati","Lenovo Ducati","co_branded_property","property_outcome","ducati","worldwide",2022-06-12,7.903133333333334,0.147976259357146,3,0
"cobrand_ducati","Lenovo Ducati","co_branded_property","property_outcome","ducati","worldwide",2022-06-19,8.712299999999999,0.25009436219155395,3,0
"cobrand_ducati","Lenovo Ducati","co_branded_property","property_outcome","ducati","worldwide",2022-06-26,7.800866666666667,0.17530776746434618,3,0
"cobrand_ducati","Lenovo Ducati","co_branded_property","property_outcome","ducati","worldwide",2022-07-03,,,3,3
"cobrand_ducati","Lenovo Ducati","co_branded_property","property_outcome","ducati","worldwide",2022-07-10,,,3,3
"cobrand_ducati","Lenovo Ducati","co_branded_property","property_outcome","ducati","worldwide",2022-07-17,8.0388,0.0882476061998279,3,0
"cobrand_ducati","Lenovo Ducati","co_branded_property","property_outcome","ducati","worldwide",2022-07-24,13.071866666666667,0.10470555540816996,3,0
"cobrand_ducati","Lenovo Ducati","co_branded_property","property_outcome","ducati","worldwide",2022-07-31,,,3,3
"cobrand_ducati","Lenovo Ducati","co_branded_property","property_outcome","ducati","worldwide",2022-08-07,6.8894,0.12786070545714995,3,0
"cobrand_ducati","Lenovo Ducati","co_branded_property","property_outcome","ducati","worldwide",2022-08-14,9.2904,0.262410232270009,3,0
"cobrand_ducati","Lenovo Ducati","co_branded_property","property_outcome","ducati","worldwide",2022-08-21,,,3,3
"cobrand_ducati","Lenovo Ducati","co_branded_property","property_outcome","ducati","worldwide",2022-08-28,,,3,3
"cobrand_ducati","Lenovo Ducati","co_branded_property","property_outcome","ducati","worldwide",2022-09-04,10.0996,0.08988998831905576,3,0
"cobrand_ducati","Lenovo Ducati","co_branded_property","property_outcome","ducati","worldwide",2022-09-11,7.903133333333334,0.147976259357146,3,0
"cobrand_ducati","Lenovo Ducati","co_branded_property","property_outcome","ducati","worldwide",2022-09-18,16.751066666666667,0.22374955493438026,3,0
"cobrand_ducati","Lenovo Ducati","co_branded_property","property_outcome","ducati","worldwide",2022-09-25,11.011066666666666,0.029500225987834694,3,0
"cobrand_ducati","Lenovo Ducati","co_branded_property","property_outcome","ducati","worldwide",2022-10-02,,,3,3
"cobrand_ducati","Lenovo Ducati","co_branded_property","property_outcome","ducati","worldwide",2022-10-09,8.9464,0.042857204761859766,4,0
"cobrand_ducati","Lenovo Ducati","co_branded_property","property_outcome","ducati","worldwide",2022-10-16,14.42285,0.30015960754238724,4,0
"cobrand_ducati","Lenovo Ducati","co_branded_property","property_outcome","ducati","worldwide",2022-10-23,13.9396,0.14274153798620254,4,0
"cobrand_ducati","Lenovo Ducati","co_branded_property","property_outcome","ducati","worldwide",2022-10-30,10.922975000000001,0.12434874010888343,4,0
"cobrand_ducati","Lenovo Ducati","co_branded_property","property_outcome","ducati","worldwide",2022-11-06,30.66575,0.24107428315770174,4,0
"cobrand_ducati","Lenovo Ducati","co_branded_property","property_outcome","ducati","worldwide",2022-11-13,10.999675,0.03315502727088766,4,0
"cobrand_ducati","Lenovo Ducati","co_branded_property","property_outcome","ducati","worldwide",2022-11-20,6.9698,0.07137076899310127,4,0
"cobrand_ducati","Lenovo Ducati","co_branded_property","property_outcome","ducati","worldwide",2022-11-27,6.9698,0.07137076899310127,4,0
"cobrand_ducati","Lenovo Ducati","co_branded_property","property_outcome","ducati","worldwide",2022-12-04,,,4,4
"cobrand_ducati","Lenovo Ducati","co_branded_property","property_outcome","ducati","worldwide",2022-12-11,7.856475,0.15266297029731876,4,0
"cobrand_ducati","Lenovo Ducati","co_branded_property","property_outcome","ducati","worldwide",2022-12-18,,,4,4
"cobrand_ducati","Lenovo Ducati","co_branded_property","property_outcome","ducati","worldwide",2022-12-25,7.173075,0.16908611957618921,4,0
"cobrand_ducati","Lenovo Ducati","co_branded_property","property_outcome","ducati","worldwide",2023-01-01,7.326475,0.273690864236764,4,0
"cobrand_ducati","Lenovo Ducati","co_branded_property","property_outcome","ducati","worldwide",2023-01-08,8.136425,0.11602667437562242,4,0
"cobrand_ducati","Lenovo Ducati","co_branded_property","property_outcome","ducati","worldwide",2023-01-15,6.8931000000000004,0.10465976622688733,4,0
"cobrand_ducati","Lenovo Ducati","co_branded_property","property_outcome","ducati","worldwide",2023-01-22,18.24945,0.1752185397344314,4,0
"cobrand_ducati","Lenovo Ducati","co_branded_property","property_outcome","ducati","worldwide",2023-01-29,6.363125,0.24392522590608237,4,0
"cobrand_ducati","Lenovo Ducati","co_branded_property","property_outcome","ducati","worldwide",2023-02-05,,,4,4
"cobrand_ducati","Lenovo Ducati","co_branded_property","property_outcome","ducati","worldwide",2023-02-12,,,4,4
"cobrand_ducati","Lenovo Ducati","co_branded_property","property_outcome","ducati","worldwide",2023-02-19,,,4,4
"cobrand_ducati","Lenovo Ducati","co_branded_property","property_outcome","ducati","worldwide",2023-02-26,,,4,4
"cobrand_ducati","Lenovo Ducati","co_branded_property","property_outcome","ducati","worldwide",2023-03-05,,,5,5
"cobrand_ducati","Lenovo Ducati","co_branded_property","property_outcome","ducati","worldwide",2023-03-12,7.13846,0.1656308485759824,5,0
"cobrand_ducati","Lenovo Ducati","co_branded_property","property_outcome","ducati","worldwide",2023-03-19,8.0478,0.0769710335126141,5,0
"cobrand_ducati","Lenovo Ducati","co_branded_property","property_outcome","ducati","worldwide",2023-03-26,27.095299999999998,0.1331550224362568,5,0
"cobrand_ducati","Lenovo Ducati","co_branded_property","property_outcome","ducati","worldwide",2023-04-02,15.02362,0.024657493789921228,5,0
"cobrand_ducati","Lenovo Ducati","co_branded_property","property_outcome","ducati","worldwide",2023-04-09,,,5,5
"cobrand_ducati","Lenovo Ducati","co_branded_property","property_outcome","ducati","worldwide",2023-04-16,12.981,0.0546475983003831,5,0
"cobrand_ducati","Lenovo Ducati","co_branded_property","property_outcome","ducati","worldwide",2023-04-23,6.75186,0.24757620644965056,5,0
"cobrand_ducati","Lenovo Ducati","co_branded_property","property_outcome","ducati","worldwide",2023-04-30,13.04236,0.08435572298309116,5,0
"cobrand_ducati","Lenovo Ducati","co_branded_property","property_outcome","ducati","worldwide",2023-05-07,14.79964,0.18685636997437383,5,0
"cobrand_ducati","Lenovo Ducati","co_branded_property","property_outcome","ducati","worldwide",2023-05-14,14.79964,0.18685636997437383,5,0
"cobrand_ducati","Lenovo Ducati","co_branded_property","property_outcome","ducati","worldwide",2023-05-21,6.91448,0.10247327456463969,5,0
"cobrand_ducati","Lenovo Ducati","co_branded_property","property_outcome","ducati","worldwide",2023-05-28,11.223700000000001,0.20481579528932836,5,0
"cobrand_ducati","Lenovo Ducati","co_branded_property","property_outcome","ducati","worldwide",2023-06-04,10.09042,0.08447323244673417,5,0
"cobrand_ducati","Lenovo Ducati","co_branded_property","property_outcome","ducati","worldwide",2023-06-11,14.17566,0.17835705200524046,5,0
"cobrand_ducati","Lenovo Ducati","co_branded_property","property_outcome","ducati","worldwide",2023-06-18,7.82382,0.1624832052859617,5,0
"cobrand_ducati","Lenovo Ducati","co_branded_property","property_outcome","ducati","worldwide",2023-06-25,10.93838,0.113064260489334,5,0
"cobrand_ducati","Lenovo Ducati","co_branded_property","property_outcome","ducati","worldwide",2023-07-02,,,5,5
"cobrand_ducati","Lenovo Ducati","co_branded_property","property_outcome","ducati","worldwide",2023-07-09,,,5,5
"cobrand_ducati","Lenovo Ducati","co_branded_property","property_outcome","ducati","worldwide",2023-07-16,8.73312,0.24464631000691597,5,0
"cobrand_ducati","Lenovo Ducati","co_branded_property","property_outcome","ducati","worldwide",2023-07-23,,,6,6
"cobrand_ducati","Lenovo Ducati","co_branded_property","property_outcome","ducati","worldwide",2023-07-30,,,6,6
"cobrand_ducati","Lenovo Ducati","co_branded_property","property_outcome","ducati","worldwide",2023-08-06,,,6,6
"cobrand_ducati","Lenovo Ducati","co_branded_property","property_outcome","ducati","worldwide",2023-08-13,,,6,6
"cobrand_ducati","Lenovo Ducati","co_branded_property","property_outcome","ducati","worldwide",2023-08-20,11.15346,0.2103064383227486,5,0
"cobrand_ducati","Lenovo Ducati","co_branded_property","property_outcome","ducati","worldwide",2023-08-27,12.07872,0.10817706318808974,5,0
"cobrand_ducati","Lenovo Ducati","co_branded_property","property_outcome","ducati","worldwide",2023-09-03,15.94234,0.07983763523552023,5,0
"cobrand_ducati","Lenovo Ducati","co_branded_property","property_outcome","ducati","worldwide",2023-09-10,17.19282,0.2643517769942161,5,0
"cobrand_ducati","Lenovo Ducati","co_branded_property","property_outcome","ducati","worldwide",2023-09-17,7.88986,0.1509254716739358,5,0
"cobrand_ducati","Lenovo Ducati","co_branded_property","property_outcome","ducati","worldwide",2023-09-24,13.00396,0.011101711579752049,5,0
"cobrand_ducati","Lenovo Ducati","co_branded_property","property_outcome","ducati","worldwide",2023-10-01,16.10494,0.14420581819052908,5,0
"cobrand_ducati","Lenovo Ducati","co_branded_property","property_outcome","ducati","worldwide",2023-10-08,17.79282,0.28399271469528975,5,0
"cobrand_ducati","Lenovo Ducati","co_branded_property","property_outcome","ducati","worldwide",2023-10-15,28.02104,0.035610504068322425,5,0
"cobrand_ducati","Lenovo Ducati","co_branded_property","property_outcome","ducati","worldwide",2023-10-22,12.84132,0.2174849695956022,5,0
"cobrand_ducati","Lenovo Ducati","co_branded_property","property_outcome","ducati","worldwide",2023-10-29,14.09184,0.12620359741306925,5,0
"cobrand_ducati","Lenovo Ducati","co_branded_property","property_outcome","ducati","worldwide",2023-11-05,13.16658,0.22831840048493693,5,0
"cobrand_ducati","Lenovo Ducati","co_branded_property","property_outcome","ducati","worldwide",2023-11-12,23.9948,0.019254739676245705,5,0
"cobrand_ducati","Lenovo Ducati","co_branded_property","property_outcome","ducati","worldwide",2023-11-19,15.94234,0.07983763523552023,5,0
"cobrand_ducati","Lenovo Ducati","co_branded_property","property_outcome","ducati","worldwide",2023-11-26,40.86238,0.19087554060172274,5,0
"cobrand_ducati","Lenovo Ducati","co_branded_property","property_outcome","ducati","worldwide",2023-12-03,13.9292,0.09749502551412535,5,0
"cobrand_ducati","Lenovo Ducati","co_branded_property","property_outcome","ducati","worldwide",2023-12-10,10.82822,0.23535154981431505,5,0
"cobrand_ducati","Lenovo Ducati","co_branded_property","property_outcome","ducati","worldwide",2023-12-17,8.845916666666668,0.2387734861048577,6,0
"cobrand_ducati","Lenovo Ducati","co_branded_property","property_outcome","ducati","worldwide",2023-12-24,,,6,6
"cobrand_ducati","Lenovo Ducati","co_branded_property","property_outcome","ducati","worldwide",2023-12-31,10.190183333333334,0.2947151330805166,6,0
"cobrand_ducati","Lenovo Ducati","co_branded_property","property_outcome","ducati","worldwide",2024-01-07,11.07432,0.16618457208778473,5,0
"cobrand_ducati","Lenovo Ducati","co_branded_property","property_outcome","ducati","worldwide",2024-01-14,,,5,5
"cobrand_ducati","Lenovo Ducati","co_branded_property","property_outcome","ducati","worldwide",2024-01-21,28.96704,0.0737008005383929,5,0
"cobrand_ducati","Lenovo Ducati","co_branded_property","property_outcome","ducati","worldwide",2024-01-28,8.02452,0.05482838680829496,5,0
"cobrand_ducati","Lenovo Ducati","co_branded_property","property_outcome","ducati","worldwide",2024-02-04,14.92414,0.16962811677313433,5,0
"cobrand_ducati","Lenovo Ducati","co_branded_property","property_outcome","ducati","worldwide",2024-02-11,16.93026,0.15594338075083575,5,0
"cobrand_ducati","Lenovo Ducati","co_branded_property","property_outcome","ducati","worldwide",2024-02-18,9.94942,0.11310031830193952,5,0
"cobrand_ducati","Lenovo Ducati","co_branded_property","property_outcome","ducati","worldwide",2024-02-25,12.99924,0.0016994116628998516,5,0
"cobrand_ducati","Lenovo Ducati","co_branded_property","property_outcome","ducati","worldwide",2024-03-03,,,5,5
"cobrand_ducati","Lenovo Ducati","co_branded_property","property_outcome","ducati","worldwide",2024-03-10,23.11112,0.24847187365977588,5,0
"cobrand_ducati","Lenovo Ducati","co_branded_property","property_outcome","ducati","worldwide",2024-03-17,14.12414,0.2775854787268236,5,0
"cobrand_ducati","Lenovo Ducati","co_branded_property","property_outcome","ducati","worldwide",2024-03-24,,,5,5
"cobrand_ducati","Lenovo Ducati","co_branded_property","property_outcome","ducati","worldwide",2024-03-31,,,5,5
"cobrand_ducati","Lenovo Ducati","co_branded_property","property_outcome","ducati","worldwide",2024-04-07,13.88046,0.26729956603032473,5,0
"cobrand_ducati","Lenovo Ducati","co_branded_property","property_outcome","ducati","worldwide",2024-04-14,10.03066,0.06855784419014345,5,0
"cobrand_ducati","Lenovo Ducati","co_branded_property","property_outcome","ducati","worldwide",2024-04-21,9.0682,0.15249983606548534,5,0
"cobrand_ducati","Lenovo Ducati","co_branded_property","property_outcome","ducati","worldwide",2024-04-28,24.95478,0.10111499394253998,5,0
"cobrand_ducati","Lenovo Ducati","co_branded_property","property_outcome","ducati","worldwide",2024-05-05,16.941883333333333,0.1423561788847494,6,0
"cobrand_ducati","Lenovo Ducati","co_branded_property","property_outcome","ducati","worldwide",2024-05-12,29.107916666666668,0.2643407680753517,6,0
"cobrand_ducati","Lenovo Ducati","co_branded_property","property_outcome","ducati","worldwide",2024-05-19,13.968066666666667,0.07822037245287587,6,0
"cobrand_ducati","Lenovo Ducati","co_branded_property","property_outcome","ducati","worldwide",2024-05-26,37.06066666666666,0.148602377728845,6,0
"cobrand_ducati","Lenovo Ducati","co_branded_property","property_outcome","ducati","worldwide",2024-06-02,100,0,5,0
"cobrand_ducati","Lenovo Ducati","co_branded_property","property_outcome","ducati","worldwide",2024-06-09,25,0,5,0
"cobrand_ducati","Lenovo Ducati","co_branded_property","property_outcome","ducati","worldwide",2024-06-16,14,0,5,0
"cobrand_ducati","Lenovo Ducati","co_branded_property","property_outcome","ducati","worldwide",2024-06-23,9,0,5,0
"cobrand_ducati","Lenovo Ducati","co_branded_property","property_outcome","ducati","worldwide",2024-06-30,19,0,5,0
"cobrand_ducati","Lenovo Ducati","co_branded_property","property_outcome","ducati","worldwide",2024-07-07,23,0,5,0
"cobrand_ducati","Lenovo Ducati","co_branded_property","property_outcome","ducati","worldwide",2024-07-14,,,5,5
"cobrand_ducati","Lenovo Ducati","co_branded_property","property_outcome","ducati","worldwide",2024-07-21,70,0,5,0
"cobrand_ducati","Lenovo Ducati","co_branded_property","property_outcome","ducati","worldwide",2024-07-28,19,0,5,0
"cobrand_ducati","Lenovo Ducati","co_branded_property","property_outcome","ducati","worldwide",2024-08-04,14,0,5,0
"cobrand_ducati","Lenovo Ducati","co_branded_property","property_outcome","ducati","worldwide",2024-08-11,13,0,5,0
"cobrand_ducati","Lenovo Ducati","co_branded_property","property_outcome","ducati","worldwide",2024-08-18,18,0,5,0
"cobrand_ducati","Lenovo Ducati","co_branded_property","property_outcome","ducati","worldwide",2024-08-25,13,0,5,0
"cobrand_ducati","Lenovo Ducati","co_branded_property","property_outcome","ducati","worldwide",2024-09-01,20,0,5,0
"cobrand_ducati","Lenovo Ducati","co_branded_property","property_outcome","ducati","worldwide",2024-09-08,21,0,5,0
"cobrand_ducati","Lenovo Ducati","co_branded_property","property_outcome","ducati","worldwide",2024-09-15,12,0,5,0
"cobrand_ducati","Lenovo Ducati","co_branded_property","property_outcome","ducati","worldwide",2024-09-22,24,0,5,0
"cobrand_ducati","Lenovo Ducati","co_branded_property","property_outcome","ducati","worldwide",2024-09-29,24.996033333333333,0.009716309313040501,6,0
"cobrand_ducati","Lenovo Ducati","co_branded_property","property_outcome","ducati","worldwide",2024-10-06,18.072466666666667,0.1775063566936873,6,0
"cobrand_ducati","Lenovo Ducati","co_branded_property","property_outcome","ducati","worldwide",2024-10-13,8.986683333333334,0.03261903840806278,6,0
"cobrand_ducati","Lenovo Ducati","co_branded_property","property_outcome","ducati","worldwide",2024-10-20,20.04376,0.09785033469539153,5,0
"cobrand_ducati","Lenovo Ducati","co_branded_property","property_outcome","ducati","worldwide",2024-10-27,17.96802,0.07150945392044344,5,0
"cobrand_ducati","Lenovo Ducati","co_branded_property","property_outcome","ducati","worldwide",2024-11-03,27.9899,0.022584286572747674,5,0
"cobrand_ducati","Lenovo Ducati","co_branded_property","property_outcome","ducati","worldwide",2024-11-10,14.97336,0.059568850920594586,5,0
"cobrand_ducati","Lenovo Ducati","co_branded_property","property_outcome","ducati","worldwide",2024-11-17,52.98514,0.03322797014564729,5,0
"cobrand_ducati","Lenovo Ducati","co_branded_property","property_outcome","ducati","worldwide",2024-11-24,18.08696,0.19444847132338136,5,0
"cobrand_ducati","Lenovo Ducati","co_branded_property","property_outcome","ducati","worldwide",2024-12-01,13.01654,0.036984564347846915,5,0
"cobrand_ducati","Lenovo Ducati","co_branded_property","property_outcome","ducati","worldwide",2024-12-08,12.89762,0.22892863953642878,5,0
"cobrand_ducati","Lenovo Ducati","co_branded_property","property_outcome","ducati","worldwide",2024-12-15,11.97868,0.04767296928029563,5,0
"cobrand_ducati","Lenovo Ducati","co_branded_property","property_outcome","ducati","worldwide",2024-12-22,14.05442,0.12168681933553856,5,0
"cobrand_ducati","Lenovo Ducati","co_branded_property","property_outcome","ducati","worldwide",2024-12-29,10.14082,0.3148830925915206,5,0
"cobrand_ducati","Lenovo Ducati","co_branded_property","property_outcome","ducati","worldwide",2025-01-05,19.0059,0.0131928010672482,5,0
"cobrand_ducati","Lenovo Ducati","co_branded_property","property_outcome","ducati","worldwide",2025-01-12,20.04376,0.09785033469539153,5,0
"cobrand_ducati","Lenovo Ducati","co_branded_property","property_outcome","ducati","worldwide",2025-01-19,57.9366,0.14176670977348674,5,0
"cobrand_ducati","Lenovo Ducati","co_branded_property","property_outcome","ducati","worldwide",2025-01-26,19.12482,0.2791060049515231,5,0
"cobrand_ducati","Lenovo Ducati","co_branded_property","property_outcome","ducati","worldwide",2025-02-02,28.10884,0.2433736386710771,5,0
"cobrand_ducati","Lenovo Ducati","co_branded_property","property_outcome","ducati","worldwide",2025-02-09,36.05498,0.1229390174029395,5,0
"cobrand_ducati","Lenovo Ducati","co_branded_property","property_outcome","ducati","worldwide",2025-02-16,21.157183333333332,0.24679181847595108,6,0
"cobrand_ducati","Lenovo Ducati","co_branded_property","property_outcome","ducati","worldwide",2025-02-23,29.9341,0.11097801584097676,6,0
"cobrand_ducati","Lenovo Ducati","co_branded_property","property_outcome","ducati","worldwide",2025-03-02,55.9122,0.1704427176502426,6,0
"cobrand_ducati","Lenovo Ducati","co_branded_property","property_outcome","ducati","worldwide",2025-03-09,24.997433333333333,0.010931361610828085,6,0
"cobrand_ducati","Lenovo Ducati","co_branded_property","property_outcome","ducati","worldwide",2025-03-16,41.8615,0.1905969044869309,5,0
"cobrand_ducati","Lenovo Ducati","co_branded_property","property_outcome","ducati","worldwide",2025-03-23,30.7788,0.31432375029577436,5,0
"cobrand_ducati","Lenovo Ducati","co_branded_property","property_outcome","ducati","worldwide",2025-03-30,28.8052,0.2676516766246758,5,0
"cobrand_ducati","Lenovo Ducati","co_branded_property","property_outcome","ducati","worldwide",2025-04-06,25.854779999999998,0.20427800175251443,5,0
"cobrand_ducati","Lenovo Ducati","co_branded_property","property_outcome","ducati","worldwide",2025-04-13,32.87134,0.17732785455195785,5,0
"cobrand_ducati","Lenovo Ducati","co_branded_property","property_outcome","ducati","worldwide",2025-04-20,21.18862,0.26214647050837847,5,0
"cobrand_ducati","Lenovo Ducati","co_branded_property","property_outcome","ducati","worldwide",2025-04-27,31.1556,0.2316299311401696,5,0
"cobrand_ducati","Lenovo Ducati","co_branded_property","property_outcome","ducati","worldwide",2025-05-04,22.0465,0.10241909001743811,5,0
"cobrand_ducati","Lenovo Ducati","co_branded_property","property_outcome","ducati","worldwide",2025-05-11,27.94732,0.09219645871724194,5,0
"cobrand_ducati","Lenovo Ducati","co_branded_property","property_outcome","ducati","worldwide",2025-05-18,15.02994,0.15271921293668325,5,0
"cobrand_ducati","Lenovo Ducati","co_branded_property","property_outcome","ducati","worldwide",2025-05-25,24.99692,0.012140510697661125,5,0
"cobrand_ducati","Lenovo Ducati","co_branded_property","property_outcome","ducati","worldwide",2025-06-01,15.8878,0.2385621093132775,5,0
"cobrand_ducati","Lenovo Ducati","co_branded_property","property_outcome","ducati","worldwide",2025-06-08,26.83158,0.2638384202499702,5,0
"cobrand_ducati","Lenovo Ducati","co_branded_property","property_outcome","ducati","worldwide",2025-06-15,24.0201,0.18830950586733577,5,0
"cobrand_ducati","Lenovo Ducati","co_branded_property","property_outcome","ducati","worldwide",2025-06-22,43.835119999999996,0.25810745243018557,5,0
"cobrand_ducati","Lenovo Ducati","co_branded_property","property_outcome","ducati","worldwide",2025-06-29,29.06304,0.08733869703630831,5,0
"cobrand_ducati","Lenovo Ducati","co_branded_property","property_outcome","ducati","worldwide",2025-07-06,14.891,0.17882706730246384,5,0
"cobrand_ducati","Lenovo Ducati","co_branded_property","property_outcome","ducati","worldwide",2025-07-13,44.81192,0.2623195322502701,5,0
"cobrand_ducati","Lenovo Ducati","co_branded_property","property_outcome","ducati","worldwide",2025-07-20,36.07962,0.12150260079521001,5,0
"cobrand_ducati","Lenovo Ducati","co_branded_property","property_outcome","ducati","worldwide",2025-07-27,15.02994,0.15271921293668325,5,0
"cobrand_ducati","Lenovo Ducati","co_branded_property","property_outcome","ducati","worldwide",2025-08-03,25.818475,0.21645395776777485,4,0
"cobrand_ducati","Lenovo Ducati","co_branded_property","property_outcome","ducati","worldwide",2025-08-10,31.868175,0.23473528885392117,4,0
"cobrand_ducati","Lenovo Ducati","co_branded_property","property_outcome","ducati","worldwide",2025-08-17,55.219625,0.27650410937271674,4,0
"cobrand_ducati","Lenovo Ducati","co_branded_property","property_outcome","ducati","worldwide",2025-08-24,47.054249999999996,0.122899349062556,4,0
"cobrand_ducati","Lenovo Ducati","co_branded_property","property_outcome","ducati","worldwide",2025-08-31,43.942575,0.1186127136243567,4,0
"cobrand_ducati","Lenovo Ducati","co_branded_property","property_outcome","ducati","worldwide",2025-09-07,48.02525,0.10050527349348584,4,0
"cobrand_ducati","Lenovo Ducati","co_branded_property","property_outcome","ducati","worldwide",2025-09-14,41.004575,0.019626236691395786,4,0
"cobrand_ducati","Lenovo Ducati","co_branded_property","property_outcome","ducati","worldwide",2025-09-21,38.066525,0.0978072040632319,4,0
"cobrand_ducati","Lenovo Ducati","co_branded_property","property_outcome","ducati","worldwide",2025-09-28,59.3023,0.36670091355217393,4,0
"cobrand_ducati","Lenovo Ducati","co_branded_property","property_outcome","ducati","worldwide",2025-10-05,38.888875,0.16352523505563415,4,0
"cobrand_ducati","Lenovo Ducati","co_branded_property","property_outcome","ducati","worldwide",2025-10-12,45.08725,0.1021285954079472,4,0
"cobrand_ducati","Lenovo Ducati","co_branded_property","property_outcome","ducati","worldwide",2025-10-19,50.8146,0.2243556105828439,4,0
"cobrand_ducati","Lenovo Ducati","co_branded_property","property_outcome","ducati","worldwide",2025-10-26,43.942575,0.1186127136243567,4,0
"cobrand_ducati","Lenovo Ducati","co_branded_property","property_outcome","ducati","worldwide",2025-11-02,20.264775,0.39730522586545425,4,0
"cobrand_ducati","Lenovo Ducati","co_branded_property","property_outcome","ducati","worldwide",2025-11-09,27.93415,0.10088239027038758,4,0
"cobrand_ducati","Lenovo Ducati","co_branded_property","property_outcome","ducati","worldwide",2025-11-16,42.149225,0.18337961309807735,4,0
"cobrand_ducati","Lenovo Ducati","co_branded_property","property_outcome","ducati","worldwide",2025-11-23,33.1615,0.1873085689444007,4,0
"cobrand_ducati","Lenovo Ducati","co_branded_property","property_outcome","ducati","worldwide",2025-11-30,21.88445,0.23297040584589282,4,0
"cobrand_ducati","Lenovo Ducati","co_branded_property","property_outcome","ducati","worldwide",2025-12-07,24.99615,0.013876959321120477,4,0
"cobrand_ducati","Lenovo Ducati","co_branded_property","property_outcome","ducati","worldwide",2025-12-14,24.99615,0.013876959321120477,4,0
"cobrand_ducati","Lenovo Ducati","co_branded_property","property_outcome","ducati","worldwide",2025-12-21,17.153075,0.18358372068350767,4,0
"cobrand_ducati","Lenovo Ducati","co_branded_property","property_outcome","ducati","worldwide",2025-12-28,16.774366666666666,0.19569967637513688,3,0
"cobrand_ducati","Lenovo Ducati","co_branded_property","property_outcome","ducati","worldwide",2026-01-04,14.0552,0.19524284878069179,3,0
"cobrand_ducati","Lenovo Ducati","co_branded_property","property_outcome","ducati","worldwide",2026-01-11,22.275733333333335,0.301398180706741,3,0
"cobrand_ducati","Lenovo Ducati","co_branded_property","property_outcome","ducati","worldwide",2026-01-18,51.1826,0.20611625360461136,3,0
"cobrand_ducati","Lenovo Ducati","co_branded_property","property_outcome","ducati","worldwide",2026-01-25,23.801933333333334,0.1909502902153683,3,0
"cobrand_ducati","Lenovo Ducati","co_branded_property","property_outcome","ducati","worldwide",2026-02-01,22.275733333333335,0.301398180706741,3,0
"cobrand_ducati","Lenovo Ducati","co_branded_property","property_outcome","ducati","worldwide",2026-02-08,28.675333333333334,0.28289533989327814,3,0
"cobrand_ducati","Lenovo Ducati","co_branded_property","property_outcome","ducati","worldwide",2026-02-15,23.801933333333334,0.1909502902153683,3,0
"cobrand_ducati","Lenovo Ducati","co_branded_property","property_outcome","ducati","worldwide",2026-02-22,38.0887,0.10676605265719996,3,0
"cobrand_ducati","Lenovo Ducati","co_branded_property","property_outcome","ducati","worldwide",2026-03-01,32.78556666666667,0.18788651716750104,3,0
"cobrand_ducati","Lenovo Ducati","co_branded_property","property_outcome","ducati","worldwide",2026-03-08,27.149066666666666,0.18406274292570302,3,0
"cobrand_ducati","Lenovo Ducati","co_branded_property","property_outcome","ducati","worldwide",2026-03-15,17.735666666666667,0.3292167118074854,3,0
"cobrand_ducati","Lenovo Ducati","co_branded_property","property_outcome","ducati","worldwide",2026-03-22,39.2816,0.29969911578114605,3,0
"cobrand_ducati","Lenovo Ducati","co_branded_property","property_outcome","ducati","worldwide",2026-03-29,42.19896666666667,0.18867093929202208,3,0
"cobrand_ducati","Lenovo Ducati","co_branded_property","property_outcome","ducati","worldwide",2026-04-05,37.3256,0.28301441659392473,3,0
"cobrand_ducati","Lenovo Ducati","co_branded_property","property_outcome","ducati","worldwide",2026-04-12,39.05003333333333,0.17848928072389417,3,0
"cobrand_ducati","Lenovo Ducati","co_branded_property","property_outcome","ducati","worldwide",2026-04-19,32.78556666666667,0.18788651716750104,3,0
"cobrand_ducati","Lenovo Ducati","co_branded_property","property_outcome","ducati","worldwide",2026-04-26,38.0887,0.10676605265719996,3,0
"cobrand_ducati","Lenovo Ducati","co_branded_property","property_outcome","ducati","worldwide",2026-05-03,36.6976,0.3772221759122854,3,0
"cobrand_ducati","Lenovo Ducati","co_branded_property","property_outcome","ducati","worldwide",2026-05-10,46.8408,0.2577698973891257,3,0
"cobrand_ducati","Lenovo Ducati","co_branded_property","property_outcome","ducati","worldwide",2026-05-17,52.89775,0.1446033367526511,2,0
"cobrand_ducati","Lenovo Ducati","co_branded_property","property_outcome","ducati","worldwide",2026-05-24,44.22965,0.3247741445989805,2,0
"cobrand_ducati","Lenovo Ducati","co_branded_property","property_outcome","ducati","worldwide",2026-05-31,69.23384999999999,0.33071384156094374,2,0
"cobrand_ducati","Lenovo Ducati","co_branded_property","property_outcome","ducati","worldwide",2026-06-07,58.67645,0.4575687981058162,2,0
"cobrand_ducati","Lenovo Ducati","co_branded_property","property_outcome","ducati","worldwide",2026-06-14,36.908950000000004,0.12876414485406915,2,0
"cobrand_ducati","Lenovo Ducati","co_branded_property","property_outcome","ducati","worldwide",2026-06-21,63.1078,0.15245222202382108,2,0
"cobrand_ducati","Lenovo Ducati","co_branded_property","property_outcome","ducati","worldwide",2026-06-28,55.287099999999995,0.4060207137573139,2,0
"cobrand_ducati","Lenovo Ducati","co_branded_property","property_outcome","ducati","worldwide",2026-07-05,47.119,0.168291413922398,2,0
"cobrand_ducati","Lenovo Ducati","co_branded_property","property_outcome","ducati","worldwide",2026-07-12,31.13025,0.1842013164990959,2,0
"cobrand_ducati","Lenovo Ducati","co_branded_property","property_outcome","ducati","worldwide",2026-07-19,13.94675,0.07530687219636766,2,0
"cobrand_ducati","Lenovo Ducati","co_branded_property","property_outcome","ducati","worldwide",2026-07-26,16.83615,0.2317188921948317,2,0
"cobrand_ducati","Lenovo Ducati","co_branded_property","property_outcome","ducati","worldwide",2026-08-02,13.099450000000001,0.14064353877800437,2,0
"cobrand_ducati","Lenovo Ducati","co_branded_property","property_outcome","ducati","worldwide",2026-08-09,27.893549999999998,0.1505430337146168,2,0
"cobrand_ducati","Lenovo Ducati","co_branded_property","property_outcome","ducati","worldwide",2026-08-16,25.0042,0.005939696961968229,2,0
"cobrand_ducati","Lenovo Ducati","co_branded_property","property_outcome","ducati","worldwide",2026-08-23,18.878149999999998,0.17232192257516196,2,0
"cobrand_ducati","Lenovo Ducati","co_branded_property","property_outcome","ducati","worldwide",2026-08-30,48.8137,0.2634679866701065,2,0
"cobrand_ducati","Lenovo Ducati","co_branded_property","property_outcome","ducati","worldwide",2026-09-06,34.86695,0.1881611144737414,2,0
"cobrand_ducati","Lenovo Ducati","co_branded_property","property_outcome","ducati","worldwide",2026-09-13,35.21425,0.3029952557384354,2,0
"cobrand_ducati","Lenovo Ducati","co_branded_property","property_outcome","ducati","worldwide",2026-09-20,14.2941,0.4159202086939276,2,0
"cobrand_ducati","Lenovo Ducati","co_branded_property","property_outcome","ducati","worldwide",2026-09-27,13.94675,0.07530687219636766,2,0
"cobrand_f1","Lenovo F1","co_branded_property","property_outcome","f1","worldwide",2021-12-26,7.0866,0.12247089450150973,2,0
"cobrand_f1","Lenovo F1","co_branded_property","property_outcome","f1","worldwide",2022-01-02,10.20635,0.29182296859568757,2,0
"cobrand_f1","Lenovo F1","co_branded_property","property_outcome","f1","worldwide",2022-01-09,10.82205,0.2516593034242923,2,0
"cobrand_f1","Lenovo F1","co_branded_property","property_outcome","f1","worldwide",2022-01-16,7.0866,0.12247089450150973,2,0
"cobrand_f1","Lenovo F1","co_branded_property","property_outcome","f1","worldwide",2022-01-23,11.16915,0.2392142240754092,2,0
"cobrand_f1","Lenovo F1","co_branded_property","property_outcome","f1","worldwide",2022-01-30,9.243549999999999,0.3444317131159672,2,0
"cobrand_f1","Lenovo F1","co_branded_property","property_outcome","f1","worldwide",2022-02-06,12.2476,0.3501592780435787,2,0
"cobrand_f1","Lenovo F1","co_branded_property","property_outcome","f1","worldwide",2022-02-13,11.900549999999999,0.14064353877800437,2,0
"cobrand_f1","Lenovo F1","co_branded_property","property_outcome","f1","worldwide",2022-02-20,11.784849999999999,0.30426804794457196,2,0
"cobrand_f1","Lenovo F1","co_branded_property","property_outcome","f1","worldwide",2022-02-27,9.743549999999999,0.3626750680705803,2,0
"cobrand_f1","Lenovo F1","co_branded_property","property_outcome","f1","worldwide",2022-03-06,10.20635,0.29182296859568757,2,0
"cobrand_f1","Lenovo F1","co_branded_property","property_outcome","f1","worldwide",2022-03-13,13.9418,0.08230722933011449,2,0
"cobrand_f1","Lenovo F1","co_branded_property","property_outcome","f1","worldwide",2022-03-20,15.98305,0.02397091988222336,2,0
"cobrand_f1","Lenovo F1","co_branded_property","property_outcome","f1","worldwide",2022-03-27,13.9418,0.08230722933011449,2,0
"cobrand_f1","Lenovo F1","co_branded_property","property_outcome","f1","worldwide",2022-04-03,12.979,0.029698484809834867,2,0
"cobrand_f1","Lenovo F1","co_branded_property","property_outcome","f1","worldwide",2022-04-10,13.2104,0.2975505335232991,2,0
"cobrand_f1","Lenovo F1","co_branded_property","property_outcome","f1","worldwide",2022-04-17,9.127849999999999,0.18080720394939961,2,0
"cobrand_f1","Lenovo F1","co_branded_property","property_outcome","f1","worldwide",2022-04-24,14.9046,0.13491597385039286,2,0
"cobrand_f1","Lenovo F1","co_branded_property","property_outcome","f1","worldwide",2022-05-01,12.863299999999999,0.19332299397640246,2,0
"cobrand_f1","Lenovo F1","co_branded_property","property_outcome","f1","worldwide",2022-05-08,12.01625,0.022980970388563247,2,0
"cobrand_f1","Lenovo F1","co_branded_property","property_outcome","f1","worldwide",2022-05-15,10.20635,0.29182296859568757,2,0
"cobrand_f1","Lenovo F1","co_branded_property","property_outcome","f1","worldwide",2022-05-22,11.719266666666666,0.24329620492998522,3,0
"cobrand_f1","Lenovo F1","co_branded_property","property_outcome","f1","worldwide",2022-05-29,9.791766666666668,0.18295508556291412,3,0
"cobrand_f1","Lenovo F1","co_branded_property","property_outcome","f1","worldwide",2022-06-05,12.0345,0.03554222840509566,3,0
"cobrand_f1","Lenovo F1","co_branded_property","property_outcome","f1","worldwide",2022-06-12,9.872233333333334,0.1425351301726463,3,0
"cobrand_f1","Lenovo F1","co_branded_property","property_outcome","f1","worldwide",2022-06-19,13.313433333333334,0.27589085402262514,3,0
"cobrand_f1","Lenovo F1","co_branded_property","property_outcome","f1","worldwide",2022-06-26,16.772766666666666,0.19679319940824494,3,0
"cobrand_f1","Lenovo F1","co_branded_property","property_outcome","f1","worldwide",2022-07-03,23.1052,0.09296520854599338,3,0
"cobrand_f1","Lenovo F1","co_branded_property","property_outcome","f1","worldwide",2022-07-10,16.124200000000002,0.10814189752357843,3,0
"cobrand_f1","Lenovo F1","co_branded_property","property_outcome","f1","worldwide",2022-07-17,14.2772,0.24989245686895012,3,0
"cobrand_f1","Lenovo F1","co_branded_property","property_outcome","f1","worldwide",2022-07-24,22.141466666666666,0.1225241744854183,3,0
"cobrand_f1","Lenovo F1","co_branded_property","property_outcome","f1","worldwide",2022-07-31,13.232966666666666,0.21399982087219913,3,0
"cobrand_f1","Lenovo F1","co_branded_property","property_outcome","f1","worldwide",2022-08-07,8.7509,0.22523469981332786,3,0
"cobrand_f1","Lenovo F1","co_branded_property","property_outcome","f1","worldwide",2022-08-14,8.7509,0.22523469981332786,3,0
"cobrand_f1","Lenovo F1","co_branded_property","property_outcome","f1","worldwide",2022-08-21,10.264566666666667,0.22966902998300237,3,0
"cobrand_f1","Lenovo F1","co_branded_property","property_outcome","f1","worldwide",2022-08-28,13.232966666666666,0.21399982087219913,3,0
"cobrand_f1","Lenovo F1","co_branded_property","property_outcome","f1","worldwide",2022-09-04,14.0391,0.06574138726859981,3,0
"cobrand_f1","Lenovo F1","co_branded_property","property_outcome","f1","worldwide",2022-09-11,11.070733333333333,0.06126208724270915,3,0
"cobrand_f1","Lenovo F1","co_branded_property","property_outcome","f1","worldwide",2022-09-18,9.300833333333333,0.2629843024466162,3,0
"cobrand_f1","Lenovo F1","co_branded_property","property_outcome","f1","worldwide",2022-09-25,13.075366666666666,0.10044612154450387,3,0
"cobrand_f1","Lenovo F1","co_branded_property","property_outcome","f1","worldwide",2022-10-02,12.683,0.27608918848806774,3,0
"cobrand_f1","Lenovo F1","co_branded_property","property_outcome","f1","worldwide",2022-10-09,11.0861,0.058707466873189416,4,0
"cobrand_f1","Lenovo F1","co_branded_property","property_outcome","f1","worldwide",2022-10-16,13.8597,0.10691725772764674,4,0
"cobrand_f1","Lenovo F1","co_branded_property","property_outcome","f1","worldwide",2022-10-23,14.645825,0.23918211158027658,4,0
"cobrand_f1","Lenovo F1","co_branded_property","property_outcome","f1","worldwide",2022-10-30,9.763875,0.15945790196788615,4,0
"cobrand_f1","Lenovo F1","co_branded_property","property_outcome","f1","worldwide",2022-11-06,6.20415,0.1373473576981613,4,0
"cobrand_f1","Lenovo F1","co_branded_property","property_outcome","f1","worldwide",2022-11-13,12.229625,0.15644727280034854,4,0
"cobrand_f1","Lenovo F1","co_branded_property","property_outcome","f1","worldwide",2022-11-20,12.6583,0.2307751864188752,4,0
"cobrand_f1","Lenovo F1","co_branded_property","property_outcome","f1","worldwide",2022-11-27,8.799075,0.14096527645724205,4,0
"cobrand_f1","Lenovo F1","co_branded_property","property_outcome","f1","worldwide",2022-12-04,5.84675,0.10261450514750182,4,0
"cobrand_f1","Lenovo F1","co_branded_property","property_outcome","f1","worldwide",2022-12-11,8.133825,0.10581280247052613,4,0
"cobrand_f1","Lenovo F1","co_branded_property","property_outcome","f1","worldwide",2022-12-18,8.741225,0.18491854738415675,4,0
"cobrand_f1","Lenovo F1","co_branded_property","property_outcome","f1","worldwide",2022-12-25,6.02545,0.02192327530274593,4,0
"cobrand_f1","Lenovo F1","co_branded_property","property_outcome","f1","worldwide",2023-01-01,8.312525,0.21730367959762364,4,0
"cobrand_f1","Lenovo F1","co_branded_property","property_outcome","f1","worldwide",2023-01-08,8.97775,0.0418892587664192,4,0
"cobrand_f1","Lenovo F1","co_branded_property","property_outcome","f1","worldwide",2023-01-15,10.299975,0.20045009977548017,4,0
"cobrand_f1","Lenovo F1","co_branded_property","property_outcome","f1","worldwide",2023-01-22,9.335175,0.225443036042367,4,0
"cobrand_f1","Lenovo F1","co_branded_property","property_outcome","f1","worldwide",2023-01-29,8.370375,0.25166255680970906,4,0
"cobrand_f1","Lenovo F1","co_branded_property","property_outcome","f1","worldwide",2023-02-05,9.763875,0.15945790196788615,4,0
"cobrand_f1","Lenovo F1","co_branded_property","property_outcome","f1","worldwide",2023-02-12,10.7287,0.18121767757773158,4,0
"cobrand_f1","Lenovo F1","co_branded_property","property_outcome","f1","worldwide",2023-02-19,11.872225,0.08831535823400155,4,0
"cobrand_f1","Lenovo F1","co_branded_property","property_outcome","f1","worldwide",2023-02-26,18.13425,0.11593988384790956,4,0
"cobrand_f1","Lenovo F1","co_branded_property","property_outcome","f1","worldwide",2023-03-05,17.75504,0.15540988707286307,5,0
"cobrand_f1","Lenovo F1","co_branded_property","property_outcome","f1","worldwide",2023-03-12,12.06102,0.0441646012095657,5,0
"cobrand_f1","Lenovo F1","co_branded_property","property_outcome","f1","worldwide",2023-03-19,13.07278,0.07111565931635558,5,0
"cobrand_f1","Lenovo F1","co_branded_property","property_outcome","f1","worldwide",2023-03-26,13.0265,0.04768327799134619,5,0
"cobrand_f1","Lenovo F1","co_branded_property","property_outcome","f1","worldwide",2023-04-02,12.83512,0.10086063156653362,5,0
"cobrand_f1","Lenovo F1","co_branded_property","property_outcome","f1","worldwide",2023-04-09,9.93868,0.038855462936375026,5,0
"cobrand_f1","Lenovo F1","co_branded_property","property_outcome","f1","worldwide",2023-04-16,9.93868,0.038855462936375026,5,0
"cobrand_f1","Lenovo F1","co_branded_property","property_outcome","f1","worldwide",2023-04-23,10.13006,0.07421676360499695,5,0
"cobrand_f1","Lenovo F1","co_branded_property","property_outcome","f1","worldwide",2023-04-30,11.09554,0.05504991371473697,5,0
"cobrand_f1","Lenovo F1","co_branded_property","property_outcome","f1","worldwide",2023-05-07,11.86966,0.07669809645617037,5,0
"cobrand_f1","Lenovo F1","co_branded_property","property_outcome","f1","worldwide",2023-05-14,8.78186,0.12800464054088048,5,0
"cobrand_f1","Lenovo F1","co_branded_property","property_outcome","f1","worldwide",2023-05-21,7.96146,0.053898961028947576,5,0
"cobrand_f1","Lenovo F1","co_branded_property","property_outcome","f1","worldwide",2023-05-28,13.26414,0.15722666122512427,5,0
"cobrand_f1","Lenovo F1","co_branded_property","property_outcome","f1","worldwide",2023-06-04,10.90416,0.054750369861764486,5,0
"cobrand_f1","Lenovo F1","co_branded_property","property_outcome","f1","worldwide",2023-06-11,10.90416,0.054750369861764486,5,0
"cobrand_f1","Lenovo F1","co_branded_property","property_outcome","f1","worldwide",2023-06-18,9.35596,0.20069504976456193,5,0
"cobrand_f1","Lenovo F1","co_branded_property","property_outcome","f1","worldwide",2023-06-25,7.81638,0.11717086668622025,5,0
"cobrand_f1","Lenovo F1","co_branded_property","property_outcome","f1","worldwide",2023-07-02,15.58648,0.2319856396417673,5,0
"cobrand_f1","Lenovo F1","co_branded_property","property_outcome","f1","worldwide",2023-07-09,12.06102,0.0441646012095657,5,0
"cobrand_f1","Lenovo F1","co_branded_property","property_outcome","f1","worldwide",2023-07-16,11.91594,0.09305588643390618,5,0
"cobrand_f1","Lenovo F1","co_branded_property","property_outcome","f1","worldwide",2023-07-23,12.633366666666667,0.18288730591997532,6,0
"cobrand_f1","Lenovo F1","co_branded_property","property_outcome","f1","worldwide",2023-07-30,13.837633333333333,0.0896057736235042,6,0
"cobrand_f1","Lenovo F1","co_branded_property","property_outcome","f1","worldwide",2023-08-06,12.671933333333333,0.17199821704502247,6,0
"cobrand_f1","Lenovo F1","co_branded_property","property_outcome","f1","worldwide",2023-08-13,9.697233333333333,0.1663557713656688,6,0
"cobrand_f1","Lenovo F1","co_branded_property","property_outcome","f1","worldwide",2023-08-20,11.10014,0.05715709054876725,5,0
"cobrand_f1","Lenovo F1","co_branded_property","property_outcome","f1","worldwide",2023-08-27,15.38282,0.21460311507524782,5,0
"cobrand_f1","Lenovo F1","co_branded_property","property_outcome","f1","worldwide",2023-09-03,14.2154,0.12131547716594118,5,0
"cobrand_f1","Lenovo F1","co_branded_property","property_outcome","f1","worldwide",2023-09-10,13.24148,0.13569381710306477,5,0
"cobrand_f1","Lenovo F1","co_branded_property","property_outcome","f1","worldwide",2023-09-17,19.671979999999998,0.1844896257245923,5,0
"cobrand_f1","Lenovo F1","co_branded_property","property_outcome","f1","worldwide",2023-09-24,21.03286,0.02852048386686372,5,0
"cobrand_f1","Lenovo F1","co_branded_property","property_outcome","f1","worldwide",2023-10-01,16.35672,0.20014180472854698,5,0
"cobrand_f1","Lenovo F1","co_branded_property","property_outcome","f1","worldwide",2023-10-08,17.13716,0.07871355029472396,5,0
"cobrand_f1","Lenovo F1","co_branded_property","property_outcome","f1","worldwide",2023-10-15,24.14814,0.08652449364197416,5,0
"cobrand_f1","Lenovo F1","co_branded_property","property_outcome","f1","worldwide",2023-10-22,19.47198,0.26462505928199576,5,0
"cobrand_f1","Lenovo F1","co_branded_property","property_outcome","f1","worldwide",2023-10-29,14.99584,0.015731274582817534,5,0
"cobrand_f1","Lenovo F1","co_branded_property","property_outcome","f1","worldwide",2023-11-05,14.2154,0.12131547716594118,5,0
"cobrand_f1","Lenovo F1","co_branded_property","property_outcome","f1","worldwide",2023-11-12,9.73926,0.14610269675813645,5,0
"cobrand_f1","Lenovo F1","co_branded_property","property_outcome","f1","worldwide",2023-11-19,13.82844,0.09696707173056236,5,0
"cobrand_f1","Lenovo F1","co_branded_property","property_outcome","f1","worldwide",2023-11-26,11.2936,0.16455018991177128,5,0
"cobrand_f1","Lenovo F1","co_branded_property","property_outcome","f1","worldwide",2023-12-03,8.9588,0.02483435120956479,5,0
"cobrand_f1","Lenovo F1","co_branded_property","property_outcome","f1","worldwide",2023-12-10,9.34578,0.19354366949089286,5,0
"cobrand_f1","Lenovo F1","co_branded_property","property_outcome","f1","worldwide",2023-12-17,8.760333333333334,0.11825027131751824,6,0
"cobrand_f1","Lenovo F1","co_branded_property","property_outcome","f1","worldwide",2023-12-24,7.2412,0.1364131518586092,6,0
"cobrand_f1","Lenovo F1","co_branded_property","property_outcome","f1","worldwide",2023-12-31,8.359666666666667,0.1884774327782154,6,0
"cobrand_f1","Lenovo F1","co_branded_property","property_outcome","f1","worldwide",2024-01-07,8.196439999999999,0.11402382645745576,5,0
"cobrand_f1","Lenovo F1","co_branded_property","property_outcome","f1","worldwide",2024-01-14,6.77584,0.15853514752256057,5,0
"cobrand_f1","Lenovo F1","co_branded_property","property_outcome","f1","worldwide",2024-01-21,9.96224,0.057704011992235,5,0
"cobrand_f1","Lenovo F1","co_branded_property","property_outcome","f1","worldwide",2024-01-28,10.33998,0.1929381558945767,5,0
"cobrand_f1","Lenovo F1","co_branded_property","property_outcome","f1","worldwide",2024-02-04,10.68518,0.18999208404562543,5,0
"cobrand_f1","Lenovo F1","co_branded_property","property_outcome","f1","worldwide",2024-02-11,9.7297,0.15418741842316444,5,0
"cobrand_f1","Lenovo F1","co_branded_property","property_outcome","f1","worldwide",2024-02-18,13.0613,0.037573860594833565,5,0
"cobrand_f1","Lenovo F1","co_branded_property","property_outcome","f1","worldwide",2024-02-25,18.07136,0.11214295787074723,5,0
"cobrand_f1","Lenovo F1","co_branded_property","property_outcome","f1","worldwide",2024-03-03,13.63902,0.20186450158460253,5,0
"cobrand_f1","Lenovo F1","co_branded_property","property_outcome","f1","worldwide",2024-03-10,9.3845,0.22736437715702076,5,0
"cobrand_f1","Lenovo F1","co_branded_property","property_outcome","f1","worldwide",2024-03-17,10.10746,0.07888040314298611,5,0
"cobrand_f1","Lenovo F1","co_branded_property","property_outcome","f1","worldwide",2024-03-24,13.29384,0.19213073153454635,5,0
"cobrand_f1","Lenovo F1","co_branded_property","property_outcome","f1","worldwide",2024-03-31,12.10578,0.08160332101085088,5,0
"cobrand_f1","Lenovo F1","co_branded_property","property_outcome","f1","worldwide",2024-04-07,11.64068,0.23019832101907273,5,0
"cobrand_f1","Lenovo F1","co_branded_property","property_outcome","f1","worldwide",2024-04-14,15.6374,0.22702179410796663,5,0
"cobrand_f1","Lenovo F1","co_branded_property","property_outcome","f1","worldwide",2024-04-21,14.01678,0.027273558623693028,5,0
"cobrand_f1","Lenovo F1","co_branded_property","property_outcome","f1","worldwide",2024-04-28,9.15194,0.0855569284161135,5,0
"cobrand_f1","Lenovo F1","co_branded_property","property_outcome","f1","worldwide",2024-05-05,12.736266666666666,0.2067842805115194,6,0
"cobrand_f1","Lenovo F1","co_branded_property","property_outcome","f1","worldwide",2024-05-12,8.811816666666667,0.14605429698117997,6,0
"cobrand_f1","Lenovo F1","co_branded_property","property_outcome","f1","worldwide",2024-05-19,11.12525,0.1302317741566933,6,0
"cobrand_f1","Lenovo F1","co_branded_property","property_outcome","f1","worldwide",2024-05-26,13.893,0.10904558679744905,6,0
"cobrand_f1","Lenovo F1","co_branded_property","property_outcome","f1","worldwide",2024-06-02,13.04764,0.04588815751367642,5,0
"cobrand_f1","Lenovo F1","co_branded_property","property_outcome","f1","worldwide",2024-06-09,10.25874,0.23827618009360474,5,0
"cobrand_f1","Lenovo F1","co_branded_property","property_outcome","f1","worldwide",2024-06-16,9.793660000000001,0.19056001154491972,5,0
"cobrand_f1","Lenovo F1","co_branded_property","property_outcome","f1","worldwide",2024-06-23,10.93968,0.05639997340424913,5,0
"cobrand_f1","Lenovo F1","co_branded_property","property_outcome","f1","worldwide",2024-06-30,11.22064,0.2015455854143175,5,0
"cobrand_f1","Lenovo F1","co_branded_property","property_outcome","f1","worldwide",2024-07-07,12.18254,0.1727943517595413,5,0
"cobrand_f1","Lenovo F1","co_branded_property","property_outcome","f1","worldwide",2024-07-14,8.92854,0.11043187039980788,5,0
"cobrand_f1","Lenovo F1","co_branded_property","property_outcome","f1","worldwide",2024-07-21,13.04764,0.04588815751367642,5,0
"cobrand_f1","Lenovo F1","co_branded_property","property_outcome","f1","worldwide",2024-07-28,10.25874,0.23827618009360474,5,0
"cobrand_f1","Lenovo F1","co_branded_property","property_outcome","f1","worldwide",2024-08-04,8.734960000000001,0.2651517075185447,5,0
"cobrand_f1","Lenovo F1","co_branded_property","property_outcome","f1","worldwide",2024-08-11,8.92854,0.11043187039980788,5,0
"cobrand_f1","Lenovo F1","co_branded_property","property_outcome","f1","worldwide",2024-08-18,9.2095,0.21981858429168338,5,0
"cobrand_f1","Lenovo F1","co_branded_property","property_outcome","f1","worldwide",2024-08-25,9.793660000000001,0.19056001154491972,5,0
"cobrand_f1","Lenovo F1","co_branded_property","property_outcome","f1","worldwide",2024-09-01,12.76668,0.21566731787639973,5,0
"cobrand_f1","Lenovo F1","co_branded_property","property_outcome","f1","worldwide",2024-09-08,11.90162,0.09362062806881827,5,0
"cobrand_f1","Lenovo F1","co_branded_property","property_outcome","f1","worldwide",2024-09-15,15.15556,0.14302738548963292,5,0
"cobrand_f1","Lenovo F1","co_branded_property","property_outcome","f1","worldwide",2024-09-22,10.8429,0.1813057362578467,5,0
"cobrand_f1","Lenovo F1","co_branded_property","property_outcome","f1","worldwide",2024-09-29,9.9815,0.04968251201378618,6,0
"cobrand_f1","Lenovo F1","co_branded_property","property_outcome","f1","worldwide",2024-10-06,9.828050000000001,0.19012240004796893,6,0
"cobrand_f1","Lenovo F1","co_branded_property","property_outcome","f1","worldwide",2024-10-13,10.062183333333333,0.08057851864279157,6,0
"cobrand_f1","Lenovo F1","co_branded_property","property_outcome","f1","worldwide",2024-10-20,13.082139999999999,0.1336708569584257,5,0
"cobrand_f1","Lenovo F1","co_branded_property","property_outcome","f1","worldwide",2024-10-27,15.93856,0.12080259930978274,5,0
"cobrand_f1","Lenovo F1","co_branded_property","property_outcome","f1","worldwide",2024-11-03,17.17832,0.24481890654114125,5,0
"cobrand_f1","Lenovo F1","co_branded_property","property_outcome","f1","worldwide",2024-11-10,11.79398,0.29645254594960074,5,0
"cobrand_f1","Lenovo F1","co_branded_property","property_outcome","f1","worldwide",2024-11-17,11.92974,0.09874425552911938,5,0
"cobrand_f1","Lenovo F1","co_branded_property","property_outcome","f1","worldwide",2024-11-24,17.77832,0.30406627073715353,5,0
"cobrand_f1","Lenovo F1","co_branded_property","property_outcome","f1","worldwide",2024-12-01,15.057640000000001,0.12821719073509633,5,0
"cobrand_f1","Lenovo F1","co_branded_property","property_outcome","f1","worldwide",2024-12-08,13.86626,0.20357678649590705,5,0
"cobrand_f1","Lenovo F1","co_branded_property","property_outcome","f1","worldwide",2024-12-15,11.14558,0.19942089158360515,5,0
"cobrand_f1","Lenovo F1","co_branded_property","property_outcome","f1","worldwide",2024-12-22,9.99318,0.0454122450447014,5,0
"cobrand_f1","Lenovo F1","co_branded_property","property_outcome","f1","worldwide",2024-12-29,9.99318,0.0454122450447014,5,0
"cobrand_f1","Lenovo F1","co_branded_property","property_outcome","f1","worldwide",2025-01-05,9.0249,0.084894169411097,5,0
"cobrand_f1","Lenovo F1","co_branded_property","property_outcome","f1","worldwide",2025-01-12,10.96144,0.05395491636542494,5,0
"cobrand_f1","Lenovo F1","co_branded_property","property_outcome","f1","worldwide",2025-01-19,12.11386,0.16069517105376888,5,0
"cobrand_f1","Lenovo F1","co_branded_property","property_outcome","f1","worldwide",2025-01-26,7.78514,0.2954176162655166,5,0
"cobrand_f1","Lenovo F1","co_branded_property","property_outcome","f1","worldwide",2025-02-02,11.92974,0.09874425552911938,5,0
"cobrand_f1","Lenovo F1","co_branded_property","property_outcome","f1","worldwide",2025-02-09,9.0733,0.10067382976722408,5,0
"cobrand_f1","Lenovo F1","co_branded_property","property_outcome","f1","worldwide",2025-02-16,14.001666666666667,0.01808376804393048,6,0
"cobrand_f1","Lenovo F1","co_branded_property","property_outcome","f1","worldwide",2025-02-23,11.94145,0.09286057828809823,6,0
"cobrand_f1","Lenovo F1","co_branded_property","property_outcome","f1","worldwide",2025-03-02,11.94145,0.09286057828809823,6,0
"cobrand_f1","Lenovo F1","co_branded_property","property_outcome","f1","worldwide",2025-03-09,12.167683333333333,0.2795635342219485,6,0
"cobrand_f1","Lenovo F1","co_branded_property","property_outcome","f1","worldwide",2025-03-16,19.0436,0.09749256381899082,5,0
"cobrand_f1","Lenovo F1","co_branded_property","property_outcome","f1","worldwide",2025-03-23,18.06888,0.15402036229018562,5,0
"cobrand_f1","Lenovo F1","co_branded_property","property_outcome","f1","worldwide",2025-03-30,16.03212,0.07182250343729268,5,0
"cobrand_f1","Lenovo F1","co_branded_property","property_outcome","f1","worldwide",2025-04-06,18.95624,0.09785033469539153,5,0
"cobrand_f1","Lenovo F1","co_branded_property","property_outcome","f1","worldwide",2025-04-13,15.0574,0.12835030190848828,5,0
"cobrand_f1","Lenovo F1","co_branded_property","property_outcome","f1","worldwide",2025-04-20,6.02296,0.05134012076339508,5,0
"cobrand_f1","Lenovo F1","co_branded_property","property_outcome","f1","worldwide",2025-04-27,11.95858,0.09261793562804152,5,0
"cobrand_f1","Lenovo F1","co_branded_property","property_outcome","f1","worldwide",2025-05-04,12.04592,0.10268024152679016,5,0
"cobrand_f1","Lenovo F1","co_branded_property","property_outcome","f1","worldwide",2025-05-11,14.8827,0.26229077376072496,5,0
"cobrand_f1","Lenovo F1","co_branded_property","property_outcome","f1","worldwide",2025-05-18,15.0574,0.12835030190848828,5,0
"cobrand_f1","Lenovo F1","co_branded_property","property_outcome","f1","worldwide",2025-05-25,13.02064,0.04615244305559534,5,0
"cobrand_f1","Lenovo F1","co_branded_property","property_outcome","f1","worldwide",2025-06-01,15.94476,0.12352039507708809,5,0
"cobrand_f1","Lenovo F1","co_branded_property","property_outcome","f1","worldwide",2025-06-08,11.07122,0.15925276135753486,5,0
"cobrand_f1","Lenovo F1","co_branded_property","property_outcome","f1","worldwide",2025-06-15,17.00682,0.015249983606547978,5,0
"cobrand_f1","Lenovo F1","co_branded_property","property_outcome","f1","worldwide",2025-06-22,18.06888,0.15402036229018562,5,0
"cobrand_f1","Lenovo F1","co_branded_property","property_outcome","f1","worldwide",2025-06-29,15.0574,0.12835030190848828,5,0
"cobrand_f1","Lenovo F1","co_branded_property","property_outcome","f1","worldwide",2025-07-06,21.88036,0.2675231728280742,5,0
"cobrand_f1","Lenovo F1","co_branded_property","property_outcome","f1","worldwide",2025-07-13,17.09418,0.21059288212093033,5,0
"cobrand_f1","Lenovo F1","co_branded_property","property_outcome","f1","worldwide",2025-07-20,25.06656,0.1488326845823855,5,0
"cobrand_f1","Lenovo F1","co_branded_property","property_outcome","f1","worldwide",2025-07-27,43.93544,0.14436054862738681,5,0
"cobrand_f1","Lenovo F1","co_branded_property","property_outcome","f1","worldwide",2025-08-03,55,0,4,0
"cobrand_f1","Lenovo F1","co_branded_property","property_outcome","f1","worldwide",2025-08-10,42,0,4,0
"cobrand_f1","Lenovo F1","co_branded_property","property_outcome","f1","worldwide",2025-08-17,46,0,4,0
"cobrand_f1","Lenovo F1","co_branded_property","property_outcome","f1","worldwide",2025-08-24,61,0,4,0
"cobrand_f1","Lenovo F1","co_branded_property","property_outcome","f1","worldwide",2025-08-31,100,0,4,0
"cobrand_f1","Lenovo F1","co_branded_property","property_outcome","f1","worldwide",2025-09-07,78,0,4,0
"cobrand_f1","Lenovo F1","co_branded_property","property_outcome","f1","worldwide",2025-09-14,49,0,4,0
"cobrand_f1","Lenovo F1","co_branded_property","property_outcome","f1","worldwide",2025-09-21,70,0,4,0
"cobrand_f1","Lenovo F1","co_branded_property","property_outcome","f1","worldwide",2025-09-28,56,0,4,0
"cobrand_f1","Lenovo F1","co_branded_property","property_outcome","f1","worldwide",2025-10-05,55,0,4,0
"cobrand_f1","Lenovo F1","co_branded_property","property_outcome","f1","worldwide",2025-10-12,55,0,4,0
"cobrand_f1","Lenovo F1","co_branded_property","property_outcome","f1","worldwide",2025-10-19,66,0,4,0
"cobrand_f1","Lenovo F1","co_branded_property","property_outcome","f1","worldwide",2025-10-26,49,0,4,0
"cobrand_f1","Lenovo F1","co_branded_property","property_outcome","f1","worldwide",2025-11-02,45,0,4,0
"cobrand_f1","Lenovo F1","co_branded_property","property_outcome","f1","worldwide",2025-11-09,49,0,4,0
"cobrand_f1","Lenovo F1","co_branded_property","property_outcome","f1","worldwide",2025-11-16,49,0,4,0
"cobrand_f1","Lenovo F1","co_branded_property","property_outcome","f1","worldwide",2025-11-23,76,0,4,0
"cobrand_f1","Lenovo F1","co_branded_property","property_outcome","f1","worldwide",2025-11-30,87,0,4,0
"cobrand_f1","Lenovo F1","co_branded_property","property_outcome","f1","worldwide",2025-12-07,72,0,4,0
"cobrand_f1","Lenovo F1","co_branded_property","property_outcome","f1","worldwide",2025-12-14,30,0,4,0
"cobrand_f1","Lenovo F1","co_branded_property","property_outcome","f1","worldwide",2025-12-21,23,0,4,0
"cobrand_f1","Lenovo F1","co_branded_property","property_outcome","f1","worldwide",2025-12-28,27,0,3,0
"cobrand_f1","Lenovo F1","co_branded_property","property_outcome","f1","worldwide",2026-01-04,26,0,3,0
"cobrand_f1","Lenovo F1","co_branded_property","property_outcome","f1","worldwide",2026-01-11,25,0,3,0
"cobrand_f1","Lenovo F1","co_branded_property","property_outcome","f1","worldwide",2026-01-18,31,0,3,0
"cobrand_f1","Lenovo F1","co_branded_property","property_outcome","f1","worldwide",2026-01-25,28,0,3,0
"cobrand_f1","Lenovo F1","co_branded_property","property_outcome","f1","worldwide",2026-02-01,26,0,3,0
"cobrand_f1","Lenovo F1","co_branded_property","property_outcome","f1","worldwide",2026-02-08,24,0,3,0
"cobrand_f1","Lenovo F1","co_branded_property","property_outcome","f1","worldwide",2026-02-15,24,0,3,0
"cobrand_f1","Lenovo F1","co_branded_property","property_outcome","f1","worldwide",2026-02-22,28,0,3,0
"cobrand_f1","Lenovo F1","co_branded_property","property_outcome","f1","worldwide",2026-03-01,58,0,3,0
"cobrand_f1","Lenovo F1","co_branded_property","property_outcome","f1","worldwide",2026-03-08,57,0,3,0
"cobrand_f1","Lenovo F1","co_branded_property","property_outcome","f1","worldwide",2026-03-15,51,0,3,0
"cobrand_f1","Lenovo F1","co_branded_property","property_outcome","f1","worldwide",2026-03-22,59,0,3,0
"cobrand_f1","Lenovo F1","co_branded_property","property_outcome","f1","worldwide",2026-03-29,66,0,3,0
"cobrand_f1","Lenovo F1","co_branded_property","property_outcome","f1","worldwide",2026-04-05,66,0,3,0
"cobrand_f1","Lenovo F1","co_branded_property","property_outcome","f1","worldwide",2026-04-12,61,0,3,0
"cobrand_f1","Lenovo F1","co_branded_property","property_outcome","f1","worldwide",2026-04-19,57,0,3,0
"cobrand_f1","Lenovo F1","co_branded_property","property_outcome","f1","worldwide",2026-04-26,58,0,3,0
"cobrand_f1","Lenovo F1","co_branded_property","property_outcome","f1","worldwide",2026-05-03,76,0,3,0
"cobrand_f1","Lenovo F1","co_branded_property","property_outcome","f1","worldwide",2026-05-10,71,0,3,0
"cobrand_f1","Lenovo F1","co_branded_property","property_outcome","f1","worldwide",2026-05-17,46,0,2,0
"cobrand_f1","Lenovo F1","co_branded_property","property_outcome","f1","worldwide",2026-05-24,56,0,2,0
"cobrand_f1","Lenovo F1","co_branded_property","property_outcome","f1","worldwide",2026-05-31,58,0,2,0
"cobrand_f1","Lenovo F1","co_branded_property","property_outcome","f1","worldwide",2026-06-07,48,0,2,0
"cobrand_f1","Lenovo F1","co_branded_property","property_outcome","f1","worldwide",2026-06-14,43,0,2,0
"cobrand_f1","Lenovo F1","co_branded_property","property_outcome","f1","worldwide",2026-06-21,38,0,2,0
"cobrand_f1","Lenovo F1","co_branded_property","property_outcome","f1","worldwide",2026-06-28,43,0,2,0
"cobrand_f1","Lenovo F1","co_branded_property","property_outcome","f1","worldwide",2026-07-05,35,0,2,0
"cobrand_f1","Lenovo F1","co_branded_property","property_outcome","f1","worldwide",2026-07-12,18,0,2,0
"cobrand_f1","Lenovo F1","co_branded_property","property_outcome","f1","worldwide",2026-07-19,26,0,2,0
"cobrand_f1","Lenovo F1","co_branded_property","property_outcome","f1","worldwide",2026-07-26,25,0,2,0
"cobrand_f1","Lenovo F1","co_branded_property","property_outcome","f1","worldwide",2026-08-02,19,0,2,0
"cobrand_f1","Lenovo F1","co_branded_property","property_outcome","f1","worldwide",2026-08-09,29,0,2,0
"cobrand_f1","Lenovo F1","co_branded_property","property_outcome","f1","worldwide",2026-08-16,32,0,2,0
"cobrand_f1","Lenovo F1","co_branded_property","property_outcome","f1","worldwide",2026-08-23,36,0,2,0
"cobrand_f1","Lenovo F1","co_branded_property","property_outcome","f1","worldwide",2026-08-30,44,0,2,0
"cobrand_f1","Lenovo F1","co_branded_property","property_outcome","f1","worldwide",2026-09-06,43,0,2,0
"cobrand_f1","Lenovo F1","co_branded_property","property_outcome","f1","worldwide",2026-09-13,28,0,2,0
"cobrand_f1","Lenovo F1","co_branded_property","property_outcome","f1","worldwide",2026-09-20,15,0,2,0
"cobrand_f1","Lenovo F1","co_branded_property","property_outcome","f1","worldwide",2026-09-27,16,0,2,0
"cobrand_fcwc","Lenovo Club World Cup","co_branded_property","property_outcome","fcwc","worldwide",2021-12-26,,,1,1
"cobrand_fcwc","Lenovo Club World Cup","co_branded_property","property_outcome","fcwc","worldwide",2022-01-02,,,1,1
"cobrand_fcwc","Lenovo Club World Cup","co_branded_property","property_outcome","fcwc","worldwide",2022-01-09,,,1,1
"cobrand_fcwc","Lenovo Club World Cup","co_branded_property","property_outcome","fcwc","worldwide",2022-01-16,,,1,1
"cobrand_fcwc","Lenovo Club World Cup","co_branded_property","property_outcome","fcwc","worldwide",2022-01-23,,,1,1
"cobrand_fcwc","Lenovo Club World Cup","co_branded_property","property_outcome","fcwc","worldwide",2022-01-30,,,1,1
"cobrand_fcwc","Lenovo Club World Cup","co_branded_property","property_outcome","fcwc","worldwide",2022-02-06,,,1,1
"cobrand_fcwc","Lenovo Club World Cup","co_branded_property","property_outcome","fcwc","worldwide",2022-02-13,,,1,1
"cobrand_fcwc","Lenovo Club World Cup","co_branded_property","property_outcome","fcwc","worldwide",2022-02-20,,,1,1
"cobrand_fcwc","Lenovo Club World Cup","co_branded_property","property_outcome","fcwc","worldwide",2022-02-27,,,1,1
"cobrand_fcwc","Lenovo Club World Cup","co_branded_property","property_outcome","fcwc","worldwide",2022-03-06,,,1,1
"cobrand_fcwc","Lenovo Club World Cup","co_branded_property","property_outcome","fcwc","worldwide",2022-03-13,,,1,1
"cobrand_fcwc","Lenovo Club World Cup","co_branded_property","property_outcome","fcwc","worldwide",2022-03-20,,,1,1
"cobrand_fcwc","Lenovo Club World Cup","co_branded_property","property_outcome","fcwc","worldwide",2022-03-27,,,1,1
"cobrand_fcwc","Lenovo Club World Cup","co_branded_property","property_outcome","fcwc","worldwide",2022-04-03,,,1,1
"cobrand_fcwc","Lenovo Club World Cup","co_branded_property","property_outcome","fcwc","worldwide",2022-04-10,,,1,1
"cobrand_fcwc","Lenovo Club World Cup","co_branded_property","property_outcome","fcwc","worldwide",2022-04-17,,,1,1
"cobrand_fcwc","Lenovo Club World Cup","co_branded_property","property_outcome","fcwc","worldwide",2022-04-24,,,1,1
"cobrand_fcwc","Lenovo Club World Cup","co_branded_property","property_outcome","fcwc","worldwide",2022-05-01,,,1,1
"cobrand_fcwc","Lenovo Club World Cup","co_branded_property","property_outcome","fcwc","worldwide",2022-05-08,,,1,1
"cobrand_fcwc","Lenovo Club World Cup","co_branded_property","property_outcome","fcwc","worldwide",2022-05-15,,,1,1
"cobrand_fcwc","Lenovo Club World Cup","co_branded_property","property_outcome","fcwc","worldwide",2022-05-22,,,1,1
"cobrand_fcwc","Lenovo Club World Cup","co_branded_property","property_outcome","fcwc","worldwide",2022-05-29,,,1,1
"cobrand_fcwc","Lenovo Club World Cup","co_branded_property","property_outcome","fcwc","worldwide",2022-06-05,,,1,1
"cobrand_fcwc","Lenovo Club World Cup","co_branded_property","property_outcome","fcwc","worldwide",2022-06-12,,,1,1
"cobrand_fcwc","Lenovo Club World Cup","co_branded_property","property_outcome","fcwc","worldwide",2022-06-19,,,1,1
"cobrand_fcwc","Lenovo Club World Cup","co_branded_property","property_outcome","fcwc","worldwide",2022-06-26,,,1,1
"cobrand_fcwc","Lenovo Club World Cup","co_branded_property","property_outcome","fcwc","worldwide",2022-07-03,,,1,1
"cobrand_fcwc","Lenovo Club World Cup","co_branded_property","property_outcome","fcwc","worldwide",2022-07-10,,,1,1
"cobrand_fcwc","Lenovo Club World Cup","co_branded_property","property_outcome","fcwc","worldwide",2022-07-17,,,1,1
"cobrand_fcwc","Lenovo Club World Cup","co_branded_property","property_outcome","fcwc","worldwide",2022-07-24,,,1,1
"cobrand_fcwc","Lenovo Club World Cup","co_branded_property","property_outcome","fcwc","worldwide",2022-07-31,,,1,1
"cobrand_fcwc","Lenovo Club World Cup","co_branded_property","property_outcome","fcwc","worldwide",2022-08-07,,,1,1
"cobrand_fcwc","Lenovo Club World Cup","co_branded_property","property_outcome","fcwc","worldwide",2022-08-14,,,1,1
"cobrand_fcwc","Lenovo Club World Cup","co_branded_property","property_outcome","fcwc","worldwide",2022-08-21,,,1,1
"cobrand_fcwc","Lenovo Club World Cup","co_branded_property","property_outcome","fcwc","worldwide",2022-08-28,,,1,1
"cobrand_fcwc","Lenovo Club World Cup","co_branded_property","property_outcome","fcwc","worldwide",2022-09-04,,,1,1
"cobrand_fcwc","Lenovo Club World Cup","co_branded_property","property_outcome","fcwc","worldwide",2022-09-11,,,1,1
"cobrand_fcwc","Lenovo Club World Cup","co_branded_property","property_outcome","fcwc","worldwide",2022-09-18,,,1,1
"cobrand_fcwc","Lenovo Club World Cup","co_branded_property","property_outcome","fcwc","worldwide",2022-09-25,,,1,1
"cobrand_fcwc","Lenovo Club World Cup","co_branded_property","property_outcome","fcwc","worldwide",2022-10-02,,,1,1
"cobrand_fcwc","Lenovo Club World Cup","co_branded_property","property_outcome","fcwc","worldwide",2022-10-09,,,1,1
"cobrand_fcwc","Lenovo Club World Cup","co_branded_property","property_outcome","fcwc","worldwide",2022-10-16,,,1,1
"cobrand_fcwc","Lenovo Club World Cup","co_branded_property","property_outcome","fcwc","worldwide",2022-10-23,,,1,1
"cobrand_fcwc","Lenovo Club World Cup","co_branded_property","property_outcome","fcwc","worldwide",2022-10-30,,,1,1
"cobrand_fcwc","Lenovo Club World Cup","co_branded_property","property_outcome","fcwc","worldwide",2022-11-06,,,1,1
"cobrand_fcwc","Lenovo Club World Cup","co_branded_property","property_outcome","fcwc","worldwide",2022-11-13,,,1,1
"cobrand_fcwc","Lenovo Club World Cup","co_branded_property","property_outcome","fcwc","worldwide",2022-11-20,,,1,1
"cobrand_fcwc","Lenovo Club World Cup","co_branded_property","property_outcome","fcwc","worldwide",2022-11-27,,,1,1
"cobrand_fcwc","Lenovo Club World Cup","co_branded_property","property_outcome","fcwc","worldwide",2022-12-04,,,1,1
"cobrand_fcwc","Lenovo Club World Cup","co_branded_property","property_outcome","fcwc","worldwide",2022-12-11,,,1,1
"cobrand_fcwc","Lenovo Club World Cup","co_branded_property","property_outcome","fcwc","worldwide",2022-12-18,,,1,1
"cobrand_fcwc","Lenovo Club World Cup","co_branded_property","property_outcome","fcwc","worldwide",2022-12-25,,,1,1
"cobrand_fcwc","Lenovo Club World Cup","co_branded_property","property_outcome","fcwc","worldwide",2023-01-01,,,1,1
"cobrand_fcwc","Lenovo Club World Cup","co_branded_property","property_outcome","fcwc","worldwide",2023-01-08,,,1,1
"cobrand_fcwc","Lenovo Club World Cup","co_branded_property","property_outcome","fcwc","worldwide",2023-01-15,,,1,1
"cobrand_fcwc","Lenovo Club World Cup","co_branded_property","property_outcome","fcwc","worldwide",2023-01-22,,,1,1
"cobrand_fcwc","Lenovo Club World Cup","co_branded_property","property_outcome","fcwc","worldwide",2023-01-29,,,1,1
"cobrand_fcwc","Lenovo Club World Cup","co_branded_property","property_outcome","fcwc","worldwide",2023-02-05,,,1,1
"cobrand_fcwc","Lenovo Club World Cup","co_branded_property","property_outcome","fcwc","worldwide",2023-02-12,,,1,1
"cobrand_fcwc","Lenovo Club World Cup","co_branded_property","property_outcome","fcwc","worldwide",2023-02-19,,,1,1
"cobrand_fcwc","Lenovo Club World Cup","co_branded_property","property_outcome","fcwc","worldwide",2023-02-26,,,1,1
"cobrand_fcwc","Lenovo Club World Cup","co_branded_property","property_outcome","fcwc","worldwide",2023-03-05,,,1,1
"cobrand_fcwc","Lenovo Club World Cup","co_branded_property","property_outcome","fcwc","worldwide",2023-03-12,3,,1,0
"cobrand_fcwc","Lenovo Club World Cup","co_branded_property","property_outcome","fcwc","worldwide",2023-03-19,,,1,1
"cobrand_fcwc","Lenovo Club World Cup","co_branded_property","property_outcome","fcwc","worldwide",2023-03-26,3,,1,0
"cobrand_fcwc","Lenovo Club World Cup","co_branded_property","property_outcome","fcwc","worldwide",2023-04-02,,,1,1
"cobrand_fcwc","Lenovo Club World Cup","co_branded_property","property_outcome","fcwc","worldwide",2023-04-09,,,1,1
"cobrand_fcwc","Lenovo Club World Cup","co_branded_property","property_outcome","fcwc","worldwide",2023-04-16,,,1,1
"cobrand_fcwc","Lenovo Club World Cup","co_branded_property","property_outcome","fcwc","worldwide",2023-04-23,,,1,1
"cobrand_fcwc","Lenovo Club World Cup","co_branded_property","property_outcome","fcwc","worldwide",2023-04-30,,,1,1
"cobrand_fcwc","Lenovo Club World Cup","co_branded_property","property_outcome","fcwc","worldwide",2023-05-07,,,1,1
"cobrand_fcwc","Lenovo Club World Cup","co_branded_property","property_outcome","fcwc","worldwide",2023-05-14,,,1,1
"cobrand_fcwc","Lenovo Club World Cup","co_branded_property","property_outcome","fcwc","worldwide",2023-05-21,,,1,1
"cobrand_fcwc","Lenovo Club World Cup","co_branded_property","property_outcome","fcwc","worldwide",2023-05-28,,,1,1
"cobrand_fcwc","Lenovo Club World Cup","co_branded_property","property_outcome","fcwc","worldwide",2023-06-04,,,1,1
"cobrand_fcwc","Lenovo Club World Cup","co_branded_property","property_outcome","fcwc","worldwide",2023-06-11,,,1,1
"cobrand_fcwc","Lenovo Club World Cup","co_branded_property","property_outcome","fcwc","worldwide",2023-06-18,,,1,1
"cobrand_fcwc","Lenovo Club World Cup","co_branded_property","property_outcome","fcwc","worldwide",2023-06-25,,,1,1
"cobrand_fcwc","Lenovo Club World Cup","co_branded_property","property_outcome","fcwc","worldwide",2023-07-02,,,1,1
"cobrand_fcwc","Lenovo Club World Cup","co_branded_property","property_outcome","fcwc","worldwide",2023-07-09,,,1,1
"cobrand_fcwc","Lenovo Club World Cup","co_branded_property","property_outcome","fcwc","worldwide",2023-07-16,,,1,1
"cobrand_fcwc","Lenovo Club World Cup","co_branded_property","property_outcome","fcwc","worldwide",2023-07-23,,,1,1
"cobrand_fcwc","Lenovo Club World Cup","co_branded_property","property_outcome","fcwc","worldwide",2023-07-30,,,1,1
"cobrand_fcwc","Lenovo Club World Cup","co_branded_property","property_outcome","fcwc","worldwide",2023-08-06,,,1,1
"cobrand_fcwc","Lenovo Club World Cup","co_branded_property","property_outcome","fcwc","worldwide",2023-08-13,,,1,1
"cobrand_fcwc","Lenovo Club World Cup","co_branded_property","property_outcome","fcwc","worldwide",2023-08-20,,,1,1
"cobrand_fcwc","Lenovo Club World Cup","co_branded_property","property_outcome","fcwc","worldwide",2023-08-27,,,1,1
"cobrand_fcwc","Lenovo Club World Cup","co_branded_property","property_outcome","fcwc","worldwide",2023-09-03,,,1,1
"cobrand_fcwc","Lenovo Club World Cup","co_branded_property","property_outcome","fcwc","worldwide",2023-09-10,,,1,1
"cobrand_fcwc","Lenovo Club World Cup","co_branded_property","property_outcome","fcwc","worldwide",2023-09-17,,,1,1
"cobrand_fcwc","Lenovo Club World Cup","co_branded_property","property_outcome","fcwc","worldwide",2023-09-24,,,1,1
"cobrand_fcwc","Lenovo Club World Cup","co_branded_property","property_outcome","fcwc","worldwide",2023-10-01,,,1,1
"cobrand_fcwc","Lenovo Club World Cup","co_branded_property","property_outcome","fcwc","worldwide",2023-10-08,,,1,1
"cobrand_fcwc","Lenovo Club World Cup","co_branded_property","property_outcome","fcwc","worldwide",2023-10-15,,,1,1
"cobrand_fcwc","Lenovo Club World Cup","co_branded_property","property_outcome","fcwc","worldwide",2023-10-22,,,1,1
"cobrand_fcwc","Lenovo Club World Cup","co_branded_property","property_outcome","fcwc","worldwide",2023-10-29,,,1,1
"cobrand_fcwc","Lenovo Club World Cup","co_branded_property","property_outcome","fcwc","worldwide",2023-11-05,,,1,1
"cobrand_fcwc","Lenovo Club World Cup","co_branded_property","property_outcome","fcwc","worldwide",2023-11-12,,,1,1
"cobrand_fcwc","Lenovo Club World Cup","co_branded_property","property_outcome","fcwc","worldwide",2023-11-19,,,1,1
"cobrand_fcwc","Lenovo Club World Cup","co_branded_property","property_outcome","fcwc","worldwide",2023-11-26,,,1,1
"cobrand_fcwc","Lenovo Club World Cup","co_branded_property","property_outcome","fcwc","worldwide",2023-12-03,,,1,1
"cobrand_fcwc","Lenovo Club World Cup","co_branded_property","property_outcome","fcwc","worldwide",2023-12-10,,,1,1
"cobrand_fcwc","Lenovo Club World Cup","co_branded_property","property_outcome","fcwc","worldwide",2023-12-17,,,1,1
"cobrand_fcwc","Lenovo Club World Cup","co_branded_property","property_outcome","fcwc","worldwide",2023-12-24,,,1,1
"cobrand_fcwc","Lenovo Club World Cup","co_branded_property","property_outcome","fcwc","worldwide",2023-12-31,,,1,1
"cobrand_fcwc","Lenovo Club World Cup","co_branded_property","property_outcome","fcwc","worldwide",2024-01-07,,,1,1
"cobrand_fcwc","Lenovo Club World Cup","co_branded_property","property_outcome","fcwc","worldwide",2024-01-14,,,1,1
"cobrand_fcwc","Lenovo Club World Cup","co_branded_property","property_outcome","fcwc","worldwide",2024-01-21,,,1,1
"cobrand_fcwc","Lenovo Club World Cup","co_branded_property","property_outcome","fcwc","worldwide",2024-01-28,,,1,1
"cobrand_fcwc","Lenovo Club World Cup","co_branded_property","property_outcome","fcwc","worldwide",2024-02-04,,,1,1
"cobrand_fcwc","Lenovo Club World Cup","co_branded_property","property_outcome","fcwc","worldwide",2024-02-11,,,1,1
"cobrand_fcwc","Lenovo Club World Cup","co_branded_property","property_outcome","fcwc","worldwide",2024-02-18,,,1,1
"cobrand_fcwc","Lenovo Club World Cup","co_branded_property","property_outcome","fcwc","worldwide",2024-02-25,,,1,1
"cobrand_fcwc","Lenovo Club World Cup","co_branded_property","property_outcome","fcwc","worldwide",2024-03-03,,,1,1
"cobrand_fcwc","Lenovo Club World Cup","co_branded_property","property_outcome","fcwc","worldwide",2024-03-10,,,1,1
"cobrand_fcwc","Lenovo Club World Cup","co_branded_property","property_outcome","fcwc","worldwide",2024-03-17,,,1,1
"cobrand_fcwc","Lenovo Club World Cup","co_branded_property","property_outcome","fcwc","worldwide",2024-03-24,,,1,1
"cobrand_fcwc","Lenovo Club World Cup","co_branded_property","property_outcome","fcwc","worldwide",2024-03-31,,,1,1
"cobrand_fcwc","Lenovo Club World Cup","co_branded_property","property_outcome","fcwc","worldwide",2024-04-07,,,1,1
"cobrand_fcwc","Lenovo Club World Cup","co_branded_property","property_outcome","fcwc","worldwide",2024-04-14,,,1,1
"cobrand_fcwc","Lenovo Club World Cup","co_branded_property","property_outcome","fcwc","worldwide",2024-04-21,,,1,1
"cobrand_fcwc","Lenovo Club World Cup","co_branded_property","property_outcome","fcwc","worldwide",2024-04-28,,,1,1
"cobrand_fcwc","Lenovo Club World Cup","co_branded_property","property_outcome","fcwc","worldwide",2024-05-05,,,2,2
"cobrand_fcwc","Lenovo Club World Cup","co_branded_property","property_outcome","fcwc","worldwide",2024-05-12,,,2,2
"cobrand_fcwc","Lenovo Club World Cup","co_branded_property","property_outcome","fcwc","worldwide",2024-05-19,,,2,2
"cobrand_fcwc","Lenovo Club World Cup","co_branded_property","property_outcome","fcwc","worldwide",2024-05-26,,,2,2
"cobrand_fcwc","Lenovo Club World Cup","co_branded_property","property_outcome","fcwc","worldwide",2024-06-02,,,2,2
"cobrand_fcwc","Lenovo Club World Cup","co_branded_property","property_outcome","fcwc","worldwide",2024-06-09,,,2,2
"cobrand_fcwc","Lenovo Club World Cup","co_branded_property","property_outcome","fcwc","worldwide",2024-06-16,,,2,2
"cobrand_fcwc","Lenovo Club World Cup","co_branded_property","property_outcome","fcwc","worldwide",2024-06-23,,,2,2
"cobrand_fcwc","Lenovo Club World Cup","co_branded_property","property_outcome","fcwc","worldwide",2024-06-30,,,2,2
"cobrand_fcwc","Lenovo Club World Cup","co_branded_property","property_outcome","fcwc","worldwide",2024-07-07,,,2,2
"cobrand_fcwc","Lenovo Club World Cup","co_branded_property","property_outcome","fcwc","worldwide",2024-07-14,,,2,2
"cobrand_fcwc","Lenovo Club World Cup","co_branded_property","property_outcome","fcwc","worldwide",2024-07-21,,,2,2
"cobrand_fcwc","Lenovo Club World Cup","co_branded_property","property_outcome","fcwc","worldwide",2024-07-28,,,2,2
"cobrand_fcwc","Lenovo Club World Cup","co_branded_property","property_outcome","fcwc","worldwide",2024-08-04,,,2,2
"cobrand_fcwc","Lenovo Club World Cup","co_branded_property","property_outcome","fcwc","worldwide",2024-08-11,,,2,2
"cobrand_fcwc","Lenovo Club World Cup","co_branded_property","property_outcome","fcwc","worldwide",2024-08-18,,,2,2
"cobrand_fcwc","Lenovo Club World Cup","co_branded_property","property_outcome","fcwc","worldwide",2024-08-25,,,2,2
"cobrand_fcwc","Lenovo Club World Cup","co_branded_property","property_outcome","fcwc","worldwide",2024-09-01,,,2,2
"cobrand_fcwc","Lenovo Club World Cup","co_branded_property","property_outcome","fcwc","worldwide",2024-09-08,,,2,2
"cobrand_fcwc","Lenovo Club World Cup","co_branded_property","property_outcome","fcwc","worldwide",2024-09-15,,,2,2
"cobrand_fcwc","Lenovo Club World Cup","co_branded_property","property_outcome","fcwc","worldwide",2024-09-22,,,2,2
"cobrand_fcwc","Lenovo Club World Cup","co_branded_property","property_outcome","fcwc","worldwide",2024-09-29,,,3,3
"cobrand_fcwc","Lenovo Club World Cup","co_branded_property","property_outcome","fcwc","worldwide",2024-10-06,,,3,3
"cobrand_fcwc","Lenovo Club World Cup","co_branded_property","property_outcome","fcwc","worldwide",2024-10-13,,,3,3
"cobrand_fcwc","Lenovo Club World Cup","co_branded_property","property_outcome","fcwc","worldwide",2024-10-20,,,3,3
"cobrand_fcwc","Lenovo Club World Cup","co_branded_property","property_outcome","fcwc","worldwide",2024-10-27,,,3,3
"cobrand_fcwc","Lenovo Club World Cup","co_branded_property","property_outcome","fcwc","worldwide",2024-11-03,,,3,3
"cobrand_fcwc","Lenovo Club World Cup","co_branded_property","property_outcome","fcwc","worldwide",2024-11-10,,,3,3
"cobrand_fcwc","Lenovo Club World Cup","co_branded_property","property_outcome","fcwc","worldwide",2024-11-17,,,3,3
"cobrand_fcwc","Lenovo Club World Cup","co_branded_property","property_outcome","fcwc","worldwide",2024-11-24,,,3,3
"cobrand_fcwc","Lenovo Club World Cup","co_branded_property","property_outcome","fcwc","worldwide",2024-12-01,,,3,3
"cobrand_fcwc","Lenovo Club World Cup","co_branded_property","property_outcome","fcwc","worldwide",2024-12-08,,,3,3
"cobrand_fcwc","Lenovo Club World Cup","co_branded_property","property_outcome","fcwc","worldwide",2024-12-15,,,3,3
"cobrand_fcwc","Lenovo Club World Cup","co_branded_property","property_outcome","fcwc","worldwide",2024-12-22,,,3,3
"cobrand_fcwc","Lenovo Club World Cup","co_branded_property","property_outcome","fcwc","worldwide",2024-12-29,,,3,3
"cobrand_fcwc","Lenovo Club World Cup","co_branded_property","property_outcome","fcwc","worldwide",2025-01-05,,,3,3
"cobrand_fcwc","Lenovo Club World Cup","co_branded_property","property_outcome","fcwc","worldwide",2025-01-12,,,3,3
"cobrand_fcwc","Lenovo Club World Cup","co_branded_property","property_outcome","fcwc","worldwide",2025-01-19,,,3,3
"cobrand_fcwc","Lenovo Club World Cup","co_branded_property","property_outcome","fcwc","worldwide",2025-01-26,,,3,3
"cobrand_fcwc","Lenovo Club World Cup","co_branded_property","property_outcome","fcwc","worldwide",2025-02-02,,,3,3
"cobrand_fcwc","Lenovo Club World Cup","co_branded_property","property_outcome","fcwc","worldwide",2025-02-09,,,3,3
"cobrand_fcwc","Lenovo Club World Cup","co_branded_property","property_outcome","fcwc","worldwide",2025-02-16,,,4,4
"cobrand_fcwc","Lenovo Club World Cup","co_branded_property","property_outcome","fcwc","worldwide",2025-02-23,,,4,4
"cobrand_fcwc","Lenovo Club World Cup","co_branded_property","property_outcome","fcwc","worldwide",2025-03-02,,,4,4
"cobrand_fcwc","Lenovo Club World Cup","co_branded_property","property_outcome","fcwc","worldwide",2025-03-09,,,4,4
"cobrand_fcwc","Lenovo Club World Cup","co_branded_property","property_outcome","fcwc","worldwide",2025-03-16,,,4,4
"cobrand_fcwc","Lenovo Club World Cup","co_branded_property","property_outcome","fcwc","worldwide",2025-03-23,,,4,4
"cobrand_fcwc","Lenovo Club World Cup","co_branded_property","property_outcome","fcwc","worldwide",2025-03-30,,,4,4
"cobrand_fcwc","Lenovo Club World Cup","co_branded_property","property_outcome","fcwc","worldwide",2025-04-06,,,4,4
"cobrand_fcwc","Lenovo Club World Cup","co_branded_property","property_outcome","fcwc","worldwide",2025-04-13,,,4,4
"cobrand_fcwc","Lenovo Club World Cup","co_branded_property","property_outcome","fcwc","worldwide",2025-04-20,,,4,4
"cobrand_fcwc","Lenovo Club World Cup","co_branded_property","property_outcome","fcwc","worldwide",2025-04-27,,,4,4
"cobrand_fcwc","Lenovo Club World Cup","co_branded_property","property_outcome","fcwc","worldwide",2025-05-04,,,4,4
"cobrand_fcwc","Lenovo Club World Cup","co_branded_property","property_outcome","fcwc","worldwide",2025-05-11,,,4,4
"cobrand_fcwc","Lenovo Club World Cup","co_branded_property","property_outcome","fcwc","worldwide",2025-05-18,,,4,4
"cobrand_fcwc","Lenovo Club World Cup","co_branded_property","property_outcome","fcwc","worldwide",2025-05-25,,,4,4
"cobrand_fcwc","Lenovo Club World Cup","co_branded_property","property_outcome","fcwc","worldwide",2025-06-01,,,4,4
"cobrand_fcwc","Lenovo Club World Cup","co_branded_property","property_outcome","fcwc","worldwide",2025-06-08,,,4,4
"cobrand_fcwc","Lenovo Club World Cup","co_branded_property","property_outcome","fcwc","worldwide",2025-06-15,7.951275,0.05735604443590364,4,0
"cobrand_fcwc","Lenovo Club World Cup","co_branded_property","property_outcome","fcwc","worldwide",2025-06-22,8.062575,0.07316038887266829,4,0
"cobrand_fcwc","Lenovo Club World Cup","co_branded_property","property_outcome","fcwc","worldwide",2025-06-29,7.951275,0.05735604443590364,4,0
"cobrand_fcwc","Lenovo Club World Cup","co_branded_property","property_outcome","fcwc","worldwide",2025-07-06,4.781725,0.25212374441928315,4,0
"cobrand_fcwc","Lenovo Club World Cup","co_branded_property","property_outcome","fcwc","worldwide",2025-07-13,4.948675,0.05966525370766483,4,0
"cobrand_fcwc","Lenovo Club World Cup","co_branded_property","property_outcome","fcwc","worldwide",2025-07-20,4.1704,0.19685624196352028,4,0
"cobrand_fcwc","Lenovo Club World Cup","co_branded_property","property_outcome","fcwc","worldwide",2025-07-27,6.116474999999999,0.1347798544540935,4,0
"cobrand_fcwc","Lenovo Club World Cup","co_branded_property","property_outcome","fcwc","worldwide",2025-08-03,,,4,4
"cobrand_fcwc","Lenovo Club World Cup","co_branded_property","property_outcome","fcwc","worldwide",2025-08-10,,,4,4
"cobrand_fcwc","Lenovo Club World Cup","co_branded_property","property_outcome","fcwc","worldwide",2025-08-17,4.948675,0.05966525370766483,4,0
"cobrand_fcwc","Lenovo Club World Cup","co_branded_property","property_outcome","fcwc","worldwide",2025-08-24,11.06515,0.07684480030121317,4,0
"cobrand_fcwc","Lenovo Club World Cup","co_branded_property","property_outcome","fcwc","worldwide",2025-08-31,4.00345,0.006899999999999906,4,0
"cobrand_fcwc","Lenovo Club World Cup","co_branded_property","property_outcome","fcwc","worldwide",2025-09-07,5.7826,0.25115424211693765,4,0
"cobrand_fcwc","Lenovo Club World Cup","co_branded_property","property_outcome","fcwc","worldwide",2025-09-14,,,4,4
"cobrand_fcwc","Lenovo Club World Cup","co_branded_property","property_outcome","fcwc","worldwide",2025-09-21,,,4,4
"cobrand_fcwc","Lenovo Club World Cup","co_branded_property","property_outcome","fcwc","worldwide",2025-09-28,4.837375,0.18789817056054595,4,0
"cobrand_fcwc","Lenovo Club World Cup","co_branded_property","property_outcome","fcwc","worldwide",2025-10-05,,,4,4
"cobrand_fcwc","Lenovo Club World Cup","co_branded_property","property_outcome","fcwc","worldwide",2025-10-12,,,4,4
"cobrand_fcwc","Lenovo Club World Cup","co_branded_property","property_outcome","fcwc","worldwide",2025-10-19,,,4,4
"cobrand_fcwc","Lenovo Club World Cup","co_branded_property","property_outcome","fcwc","worldwide",2025-10-26,4.22605,0.26109576148736446,4,0
"cobrand_fcwc","Lenovo Club World Cup","co_branded_property","property_outcome","fcwc","worldwide",2025-11-02,9.007775,0.015550000000000175,4,0
"cobrand_fcwc","Lenovo Club World Cup","co_branded_property","property_outcome","fcwc","worldwide",2025-11-09,9.007775,0.015550000000000175,4,0
"cobrand_fcwc","Lenovo Club World Cup","co_branded_property","property_outcome","fcwc","worldwide",2025-11-16,7.951275,0.05735604443590364,4,0
"cobrand_fcwc","Lenovo Club World Cup","co_branded_property","property_outcome","fcwc","worldwide",2025-11-23,,,4,4
"cobrand_fcwc","Lenovo Club World Cup","co_branded_property","property_outcome","fcwc","worldwide",2025-11-30,8.285175,0.32951188521812097,4,0
"cobrand_fcwc","Lenovo Club World Cup","co_branded_property","property_outcome","fcwc","worldwide",2025-12-07,6.8391,0.18602843868613214,4,0
"cobrand_fcwc","Lenovo Club World Cup","co_branded_property","property_outcome","fcwc","worldwide",2025-12-14,8.952125,0.05668423502174127,4,0
"cobrand_fcwc","Lenovo Club World Cup","co_branded_property","property_outcome","fcwc","worldwide",2025-12-21,,,4,4
"cobrand_fcwc","Lenovo Club World Cup","co_branded_property","property_outcome","fcwc","worldwide",2025-12-28,,,3,3
"cobrand_fcwc","Lenovo Club World Cup","co_branded_property","property_outcome","fcwc","worldwide",2026-01-04,,,3,3
"cobrand_fcwc","Lenovo Club World Cup","co_branded_property","property_outcome","fcwc","worldwide",2026-01-11,6.0370333333333335,0.06414361490696767,3,0
"cobrand_fcwc","Lenovo Club World Cup","co_branded_property","property_outcome","fcwc","worldwide",2026-01-18,,,3,3
"cobrand_fcwc","Lenovo Club World Cup","co_branded_property","property_outcome","fcwc","worldwide",2026-01-25,,,3,3
"cobrand_fcwc","Lenovo Club World Cup","co_branded_property","property_outcome","fcwc","worldwide",2026-02-01,,,3,3
"cobrand_fcwc","Lenovo Club World Cup","co_branded_property","property_outcome","fcwc","worldwide",2026-02-08,,,3,3
"cobrand_fcwc","Lenovo Club World Cup","co_branded_property","property_outcome","fcwc","worldwide",2026-02-15,,,3,3
"cobrand_fcwc","Lenovo Club World Cup","co_branded_property","property_outcome","fcwc","worldwide",2026-02-22,,,3,3
"cobrand_fcwc","Lenovo Club World Cup","co_branded_property","property_outcome","fcwc","worldwide",2026-03-01,,,3,3
"cobrand_fcwc","Lenovo Club World Cup","co_branded_property","property_outcome","fcwc","worldwide",2026-03-08,6.0370333333333335,0.06414361490696767,3,0
"cobrand_fcwc","Lenovo Club World Cup","co_branded_property","property_outcome","fcwc","worldwide",2026-03-15,,,3,3
"cobrand_fcwc","Lenovo Club World Cup","co_branded_property","property_outcome","fcwc","worldwide",2026-03-22,4.8889,0.1924308447209025,3,0
"cobrand_fcwc","Lenovo Club World Cup","co_branded_property","property_outcome","fcwc","worldwide",2026-03-29,7.0370333333333335,0.06414361490696767,3,0
"cobrand_fcwc","Lenovo Club World Cup","co_branded_property","property_outcome","fcwc","worldwide",2026-04-05,7.8889,0.1924308447209025,3,0
"cobrand_fcwc","Lenovo Club World Cup","co_branded_property","property_outcome","fcwc","worldwide",2026-04-12,,,3,3
"cobrand_fcwc","Lenovo Club World Cup","co_branded_property","property_outcome","fcwc","worldwide",2026-04-19,4.1111,0.1924308447209025,3,0
"cobrand_fcwc","Lenovo Club World Cup","co_branded_property","property_outcome","fcwc","worldwide",2026-04-26,,,3,3
"cobrand_fcwc","Lenovo Club World Cup","co_branded_property","property_outcome","fcwc","worldwide",2026-05-03,8.148133333333334,0.2565744596278696,3,0
"cobrand_fcwc","Lenovo Club World Cup","co_branded_property","property_outcome","fcwc","worldwide",2026-05-10,,,3,3
"cobrand_fcwc","Lenovo Club World Cup","co_branded_property","property_outcome","fcwc","worldwide",2026-05-17,10,0,2,0
"cobrand_fcwc","Lenovo Club World Cup","co_branded_property","property_outcome","fcwc","worldwide",2026-05-24,11,0,2,0
"cobrand_fcwc","Lenovo Club World Cup","co_branded_property","property_outcome","fcwc","worldwide",2026-05-31,20,0,2,0
"cobrand_fcwc","Lenovo Club World Cup","co_branded_property","property_outcome","fcwc","worldwide",2026-06-07,91,0,2,0
"cobrand_fcwc","Lenovo Club World Cup","co_branded_property","property_outcome","fcwc","worldwide",2026-06-14,63,0,2,0
"cobrand_fcwc","Lenovo Club World Cup","co_branded_property","property_outcome","fcwc","worldwide",2026-06-21,89,0,2,0
"cobrand_fcwc","Lenovo Club World Cup","co_branded_property","property_outcome","fcwc","worldwide",2026-06-28,100,0,2,0
"cobrand_fcwc","Lenovo Club World Cup","co_branded_property","property_outcome","fcwc","worldwide",2026-07-05,93,0,2,0
"cobrand_fcwc","Lenovo Club World Cup","co_branded_property","property_outcome","fcwc","worldwide",2026-07-12,45,0,2,0
"cobrand_fcwc","Lenovo Club World Cup","co_branded_property","property_outcome","fcwc","worldwide",2026-07-19,38,0,2,0
"cobrand_fcwc","Lenovo Club World Cup","co_branded_property","property_outcome","fcwc","worldwide",2026-07-26,7,0,2,0
"cobrand_fcwc","Lenovo Club World Cup","co_branded_property","property_outcome","fcwc","worldwide",2026-08-02,,,2,2
"cobrand_fcwc","Lenovo Club World Cup","co_branded_property","property_outcome","fcwc","worldwide",2026-08-09,,,2,2
"cobrand_fcwc","Lenovo Club World Cup","co_branded_property","property_outcome","fcwc","worldwide",2026-08-16,,,2,2
"cobrand_fcwc","Lenovo Club World Cup","co_branded_property","property_outcome","fcwc","worldwide",2026-08-23,,,2,2
"cobrand_fcwc","Lenovo Club World Cup","co_branded_property","property_outcome","fcwc","worldwide",2026-08-30,4,0,2,0
"cobrand_fcwc","Lenovo Club World Cup","co_branded_property","property_outcome","fcwc","worldwide",2026-09-06,5,0,2,0
"cobrand_fcwc","Lenovo Club World Cup","co_branded_property","property_outcome","fcwc","worldwide",2026-09-13,,,2,2
"cobrand_fcwc","Lenovo Club World Cup","co_branded_property","property_outcome","fcwc","worldwide",2026-09-20,7,0,2,0
"cobrand_fcwc","Lenovo Club World Cup","co_branded_property","property_outcome","fcwc","worldwide",2026-09-27,0,0,2,0
"cobrand_fifa","Lenovo FIFA","co_branded_property","property_outcome","fifa","worldwide",2021-12-26,0.8533999999999999,0.20732370824389573,2,0
"cobrand_fifa","Lenovo FIFA","co_branded_property","property_outcome","fifa","worldwide",2022-01-02,0.97115,0.04080006127446378,2,0
"cobrand_fifa","Lenovo FIFA","co_branded_property","property_outcome","fifa","worldwide",2022-01-09,0.9417,0.08244865068635147,2,0
"cobrand_fifa","Lenovo FIFA","co_branded_property","property_outcome","fifa","worldwide",2022-01-16,0.88285,0.16567511883200806,2,0
"cobrand_fifa","Lenovo FIFA","co_branded_property","property_outcome","fifa","worldwide",2022-01-23,1.0594999999999999,0.08414570696119915,2,0
"cobrand_fifa","Lenovo FIFA","co_branded_property","property_outcome","fifa","worldwide",2022-01-30,0.8533999999999999,0.20732370824389573,2,0
"cobrand_fifa","Lenovo FIFA","co_branded_property","property_outcome","fifa","worldwide",2022-02-06,0.82395,0.24897229765578335,2,0
"cobrand_fifa","Lenovo FIFA","co_branded_property","property_outcome","fifa","worldwide",2022-02-13,0.9123,0.12402652942012043,2,0
"cobrand_fifa","Lenovo FIFA","co_branded_property","property_outcome","fifa","worldwide",2022-02-20,0.9417,0.08244865068635147,2,0
"cobrand_fifa","Lenovo FIFA","co_branded_property","property_outcome","fifa","worldwide",2022-02-27,0.82395,0.24897229765578335,2,0
"cobrand_fifa","Lenovo FIFA","co_branded_property","property_outcome","fifa","worldwide",2022-03-06,0.1767,0.2498915364713259,2,0
"cobrand_fifa","Lenovo FIFA","co_branded_property","property_outcome","fifa","worldwide",2022-03-13,1.0594999999999999,0.08414570696119915,2,0
"cobrand_fifa","Lenovo FIFA","co_branded_property","property_outcome","fifa","worldwide",2022-03-20,0.26505,0.37483730470698884,2,0
"cobrand_fifa","Lenovo FIFA","co_branded_property","property_outcome","fifa","worldwide",2022-03-27,0.9417,0.08244865068635147,2,0
"cobrand_fifa","Lenovo FIFA","co_branded_property","property_outcome","fifa","worldwide",2022-04-03,0.7945,0.29062088706767103,2,0
"cobrand_fifa","Lenovo FIFA","co_branded_property","property_outcome","fifa","worldwide",2022-04-10,0.2356,0.3331887152951012,2,0
"cobrand_fifa","Lenovo FIFA","co_branded_property","property_outcome","fifa","worldwide",2022-04-17,0.88285,0.16567511883200806,2,0
"cobrand_fifa","Lenovo FIFA","co_branded_property","property_outcome","fifa","worldwide",2022-04-24,0.1767,0.2498915364713259,2,0
"cobrand_fifa","Lenovo FIFA","co_branded_property","property_outcome","fifa","worldwide",2022-05-01,0.88285,0.16567511883200806,2,0
"cobrand_fifa","Lenovo FIFA","co_branded_property","property_outcome","fifa","worldwide",2022-05-08,0.7945,0.29062088706767103,2,0
"cobrand_fifa","Lenovo FIFA","co_branded_property","property_outcome","fifa","worldwide",2022-05-15,0.8533999999999999,0.20732370824389573,2,0
"cobrand_fifa","Lenovo FIFA","co_branded_property","property_outcome","fifa","worldwide",2022-05-22,0.2753,0.23841767971356487,3,0
"cobrand_fifa","Lenovo FIFA","co_branded_property","property_outcome","fifa","worldwide",2022-05-29,0.7266,0.23677305589952588,3,0
"cobrand_fifa","Lenovo FIFA","co_branded_property","property_outcome","fifa","worldwide",2022-06-05,0.8839333333333333,0.100525088079212,3,0
"cobrand_fifa","Lenovo FIFA","co_branded_property","property_outcome","fifa","worldwide",2022-06-12,0.7659333333333334,0.2027101461035765,3,0
"cobrand_fifa","Lenovo FIFA","co_branded_property","property_outcome","fifa","worldwide",2022-06-19,0.7266,0.23677305589952588,3,0
"cobrand_fifa","Lenovo FIFA","co_branded_property","property_outcome","fifa","worldwide",2022-06-26,0.2753,0.23841767971356487,3,0
"cobrand_fifa","Lenovo FIFA","co_branded_property","property_outcome","fifa","worldwide",2022-07-03,0.8052666666666667,0.16864760103047224,3,0
"cobrand_fifa","Lenovo FIFA","co_branded_property","property_outcome","fifa","worldwide",2022-07-10,0.8052666666666667,0.16864760103047224,3,0
"cobrand_fifa","Lenovo FIFA","co_branded_property","property_outcome","fifa","worldwide",2022-07-17,1.1985000000000001,0.1719182654635627,3,0
"cobrand_fifa","Lenovo FIFA","co_branded_property","property_outcome","fifa","worldwide",2022-07-24,1.0412,0.03572072227713206,3,0
"cobrand_fifa","Lenovo FIFA","co_branded_property","property_outcome","fifa","worldwide",2022-07-31,0.7659333333333334,0.2027101461035765,3,0
"cobrand_fifa","Lenovo FIFA","co_branded_property","property_outcome","fifa","worldwide",2022-08-07,0.7266,0.23677305589952588,3,0
"cobrand_fifa","Lenovo FIFA","co_branded_property","property_outcome","fifa","worldwide",2022-08-14,0.9625333333333334,0.032481738459222476,3,0
"cobrand_fifa","Lenovo FIFA","co_branded_property","property_outcome","fifa","worldwide",2022-08-21,0.3146333333333333,0.27248149172619657,3,0
"cobrand_fifa","Lenovo FIFA","co_branded_property","property_outcome","fifa","worldwide",2022-08-28,0.8839333333333333,0.100525088079212,3,0
"cobrand_fifa","Lenovo FIFA","co_branded_property","property_outcome","fifa","worldwide",2022-09-04,0.8446,0.13458569760565198,3,0
"cobrand_fifa","Lenovo FIFA","co_branded_property","property_outcome","fifa","worldwide",2022-09-11,0.9625333333333334,0.032481738459222476,3,0
"cobrand_fifa","Lenovo FIFA","co_branded_property","property_outcome","fifa","worldwide",2022-09-18,1.0018666666666667,0.002274496281230895,3,0
"cobrand_fifa","Lenovo FIFA","co_branded_property","property_outcome","fifa","worldwide",2022-09-25,2.3970000000000002,0.3438365309271254,3,0
"cobrand_fifa","Lenovo FIFA","co_branded_property","property_outcome","fifa","worldwide",2022-10-02,1.8858,0.09894260962800608,3,0
"cobrand_fifa","Lenovo FIFA","co_branded_property","property_outcome","fifa","worldwide",2022-10-09,1.220625,0.147180124903693,4,0
"cobrand_fifa","Lenovo FIFA","co_branded_property","property_outcome","fifa","worldwide",2022-10-16,1.26475,0.17658838202630053,4,0
"cobrand_fifa","Lenovo FIFA","co_branded_property","property_outcome","fifa","worldwide",2022-10-23,0.911775,0.05892833924918187,4,0
"cobrand_fifa","Lenovo FIFA","co_branded_property","property_outcome","fifa","worldwide",2022-10-30,1.04415,0.029756623912444526,4,0
"cobrand_fifa","Lenovo FIFA","co_branded_property","property_outcome","fifa","worldwide",2022-11-06,1.26475,0.17658838202630053,4,0
"cobrand_fifa","Lenovo FIFA","co_branded_property","property_outcome","fifa","worldwide",2022-11-13,1.26475,0.17658838202630053,4,0
"cobrand_fifa","Lenovo FIFA","co_branded_property","property_outcome","fifa","worldwide",2022-11-20,5.66195,0.4419668878999872,4,0
"cobrand_fifa","Lenovo FIFA","co_branded_property","property_outcome","fifa","worldwide",2022-11-27,5.35315,0.23651596845315404,4,0
"cobrand_fifa","Lenovo FIFA","co_branded_property","property_outcome","fifa","worldwide",2022-12-04,4.529575,0.35358437347635535,4,0
"cobrand_fifa","Lenovo FIFA","co_branded_property","property_outcome","fifa","worldwide",2022-12-11,3.6178,0.41216984363245207,4,0
"cobrand_fifa","Lenovo FIFA","co_branded_property","property_outcome","fifa","worldwide",2022-12-18,2.44125,0.294360249807386,4,0
"cobrand_fifa","Lenovo FIFA","co_branded_property","property_outcome","fifa","worldwide",2022-12-25,1.779475,0.14718549237838174,4,0
"cobrand_fifa","Lenovo FIFA","co_branded_property","property_outcome","fifa","worldwide",2023-01-01,1.779475,0.14718549237838174,4,0
"cobrand_fifa","Lenovo FIFA","co_branded_property","property_outcome","fifa","worldwide",2023-01-08,0.8677,0.08826633937502261,4,0
"cobrand_fifa","Lenovo FIFA","co_branded_property","property_outcome","fifa","worldwide",2023-01-15,1.3971,0.2648082702636003,4,0
"cobrand_fifa","Lenovo FIFA","co_branded_property","property_outcome","fifa","worldwide",2023-01-22,0.9559,0.02965434200922352,4,0
"cobrand_fifa","Lenovo FIFA","co_branded_property","property_outcome","fifa","worldwide",2023-01-29,0.77945,0.14706237905505723,4,0
"cobrand_fifa","Lenovo FIFA","co_branded_property","property_outcome","fifa","worldwide",2023-02-05,0.823575,0.1176594343858579,4,0
"cobrand_fifa","Lenovo FIFA","co_branded_property","property_outcome","fifa","worldwide",2023-02-12,0.911775,0.05892833924918187,4,0
"cobrand_fifa","Lenovo FIFA","co_branded_property","property_outcome","fifa","worldwide",2023-02-19,0.911775,0.05892833924918187,4,0
"cobrand_fifa","Lenovo FIFA","co_branded_property","property_outcome","fifa","worldwide",2023-02-26,0.9559,0.02965434200922352,4,0
"cobrand_fifa","Lenovo FIFA","co_branded_property","property_outcome","fifa","worldwide",2023-03-05,1.01608,0.03607737518168416,5,0
"cobrand_fifa","Lenovo FIFA","co_branded_property","property_outcome","fifa","worldwide",2023-03-12,0.91308,0.05111679763052456,5,0
"cobrand_fifa","Lenovo FIFA","co_branded_property","property_outcome","fifa","worldwide",2023-03-19,0.7694,0.12932718198429904,5,0
"cobrand_fifa","Lenovo FIFA","co_branded_property","property_outcome","fifa","worldwide",2023-03-26,1.0622,0.04788637593303551,5,0
"cobrand_fifa","Lenovo FIFA","co_branded_property","property_outcome","fifa","worldwide",2023-04-02,1.15168,0.08787500782361275,5,0
"cobrand_fifa","Lenovo FIFA","co_branded_property","property_outcome","fifa","worldwide",2023-04-09,0.726,0.1542436060263115,5,0
"cobrand_fifa","Lenovo FIFA","co_branded_property","property_outcome","fifa","worldwide",2023-04-16,0.6772,0.18102546782151954,5,0
"cobrand_fifa","Lenovo FIFA","co_branded_property","property_outcome","fifa","worldwide",2023-04-23,0.6826,0.1793321499341376,5,0
"cobrand_fifa","Lenovo FIFA","co_branded_property","property_outcome","fifa","worldwide",2023-04-30,0.423,0.23647464980415975,5,0
"cobrand_fifa","Lenovo FIFA","co_branded_property","property_outcome","fifa","worldwide",2023-05-07,0.3335,0.18664515798702092,5,0
"cobrand_fifa","Lenovo FIFA","co_branded_property","property_outcome","fifa","worldwide",2023-05-14,0.9699800000000001,0.04062963204362055,5,0
"cobrand_fifa","Lenovo FIFA","co_branded_property","property_outcome","fifa","worldwide",2023-05-21,0.9157799999999999,0.05181324155078508,5,0
"cobrand_fifa","Lenovo FIFA","co_branded_property","property_outcome","fifa","worldwide",2023-05-28,0.7775,0.12743437526821405,5,0
"cobrand_fifa","Lenovo FIFA","co_branded_property","property_outcome","fifa","worldwide",2023-06-04,0.9618800000000001,0.028954049803093157,5,0
"cobrand_fifa","Lenovo FIFA","co_branded_property","property_outcome","fifa","worldwide",2023-06-11,0.82092,0.10206885910991657,5,0
"cobrand_fifa","Lenovo FIFA","co_branded_property","property_outcome","fifa","worldwide",2023-06-18,0.86972,0.07657422542866496,5,0
"cobrand_fifa","Lenovo FIFA","co_branded_property","property_outcome","fifa","worldwide",2023-06-25,1.05678,0.03823188459911437,5,0
"cobrand_fifa","Lenovo FIFA","co_branded_property","property_outcome","fifa","worldwide",2023-07-02,0.91308,0.05111679763052456,5,0
"cobrand_fifa","Lenovo FIFA","co_branded_property","property_outcome","fifa","worldwide",2023-07-09,1.24658,0.14005285430865022,5,0
"cobrand_fifa","Lenovo FIFA","co_branded_property","property_outcome","fifa","worldwide",2023-07-16,1.15438,0.09099286785237619,5,0
"cobrand_fifa","Lenovo FIFA","co_branded_property","property_outcome","fifa","worldwide",2023-07-23,1.1252666666666666,0.0749140218294724,6,0
"cobrand_fifa","Lenovo FIFA","co_branded_property","property_outcome","fifa","worldwide",2023-07-30,1.0340166666666666,0.05451243589004864,6,0
"cobrand_fifa","Lenovo FIFA","co_branded_property","property_outcome","fifa","worldwide",2023-08-06,1.0253666666666668,0.041934647568170454,6,0
"cobrand_fifa","Lenovo FIFA","co_branded_property","property_outcome","fifa","worldwide",2023-08-13,1.03835,0.06095177602006364,6,0
"cobrand_fifa","Lenovo FIFA","co_branded_property","property_outcome","fifa","worldwide",2023-08-20,0.94428,0.05943851444980773,5,0
"cobrand_fifa","Lenovo FIFA","co_branded_property","property_outcome","fifa","worldwide",2023-08-27,0.83236,0.09834270689786814,5,0
"cobrand_fifa","Lenovo FIFA","co_branded_property","property_outcome","fifa","worldwide",2023-09-03,0.83236,0.09834270689786814,5,0
"cobrand_fifa","Lenovo FIFA","co_branded_property","property_outcome","fifa","worldwide",2023-09-10,0.34344,0.1931025970824836,5,0
"cobrand_fifa","Lenovo FIFA","co_branded_property","property_outcome","fifa","worldwide",2023-09-17,0.82718,0.09968343392961541,5,0
"cobrand_fifa","Lenovo FIFA","co_branded_property","property_outcome","fifa","worldwide",2023-09-24,1.03538,0.051523218067197604,5,0
"cobrand_fifa","Lenovo FIFA","co_branded_property","property_outcome","fifa","worldwide",2023-10-01,0.83236,0.09834270689786814,5,0
"cobrand_fifa","Lenovo FIFA","co_branded_property","property_outcome","fifa","worldwide",2023-10-08,0.82468,0.09993641478460193,5,0
"cobrand_fifa","Lenovo FIFA","co_branded_property","property_outcome","fifa","worldwide",2023-10-15,0.38526,0.2157161051011259,5,0
"cobrand_fifa","Lenovo FIFA","co_branded_property","property_outcome","fifa","worldwide",2023-10-22,0.74126,0.14824275024432054,5,0
"cobrand_fifa","Lenovo FIFA","co_branded_property","property_outcome","fifa","worldwide",2023-10-29,0.39816,0.2244149126060922,5,0
"cobrand_fifa","Lenovo FIFA","co_branded_property","property_outcome","fifa","worldwide",2023-11-05,0.75164,0.14579618650705511,5,0
"cobrand_fifa","Lenovo FIFA","co_branded_property","property_outcome","fifa","worldwide",2023-11-12,0.38254,0.21420559749922505,5,0
"cobrand_fifa","Lenovo FIFA","co_branded_property","property_outcome","fifa","worldwide",2023-11-19,1.077,0.0606114263155059,5,0
"cobrand_fifa","Lenovo FIFA","co_branded_property","property_outcome","fifa","worldwide",2023-11-26,0.79326,0.12204211568143189,5,0
"cobrand_fifa","Lenovo FIFA","co_branded_property","property_outcome","fifa","worldwide",2023-12-03,0.8767,0.07373818549435564,5,0
"cobrand_fifa","Lenovo FIFA","co_branded_property","property_outcome","fifa","worldwide",2023-12-10,0.68406,0.17775879162505578,5,0
"cobrand_fifa","Lenovo FIFA","co_branded_property","property_outcome","fifa","worldwide",2023-12-17,0.7416333333333334,0.13268768845174245,6,0
"cobrand_fifa","Lenovo FIFA","co_branded_property","property_outcome","fifa","worldwide",2023-12-24,0.7759666666666667,0.1127452822368487,6,0
"cobrand_fifa","Lenovo FIFA","co_branded_property","property_outcome","fifa","worldwide",2023-12-31,0.6861666666666667,0.15744446216576394,6,0
"cobrand_fifa","Lenovo FIFA","co_branded_property","property_outcome","fifa","worldwide",2024-01-07,0.73712,0.1492160748713087,5,0
"cobrand_fifa","Lenovo FIFA","co_branded_property","property_outcome","fifa","worldwide",2024-01-14,0.68238,0.17889659583122314,5,0
"cobrand_fifa","Lenovo FIFA","co_branded_property","property_outcome","fifa","worldwide",2024-01-21,0.311,0.17536442056472,5,0
"cobrand_fifa","Lenovo FIFA","co_branded_property","property_outcome","fifa","worldwide",2024-01-28,0.8839,0.07156165174169753,5,0
"cobrand_fifa","Lenovo FIFA","co_branded_property","property_outcome","fifa","worldwide",2024-02-04,0.32789999999999997,0.18352426270114805,5,0
"cobrand_fifa","Lenovo FIFA","co_branded_property","property_outcome","fifa","worldwide",2024-02-11,0.74232,0.14744296185305014,5,0
"cobrand_fifa","Lenovo FIFA","co_branded_property","property_outcome","fifa","worldwide",2024-02-18,0.3162,0.178826186561141,5,0
"cobrand_fifa","Lenovo FIFA","co_branded_property","property_outcome","fifa","worldwide",2024-02-25,0.44780000000000003,0.2517788613049158,5,0
"cobrand_fifa","Lenovo FIFA","co_branded_property","property_outcome","fifa","worldwide",2024-03-03,0.39306,0.22088281508528454,5,0
"cobrand_fifa","Lenovo FIFA","co_branded_property","property_outcome","fifa","worldwide",2024-03-10,,,5,5
"cobrand_fifa","Lenovo FIFA","co_branded_property","property_outcome","fifa","worldwide",2024-03-17,0.4401,0.24661831845992302,5,0
"cobrand_fifa","Lenovo FIFA","co_branded_property","property_outcome","fifa","worldwide",2024-03-24,0.7548,0.14106677496845244,5,0
"cobrand_fifa","Lenovo FIFA","co_branded_property","property_outcome","fifa","worldwide",2024-03-31,,,5,5
"cobrand_fifa","Lenovo FIFA","co_branded_property","property_outcome","fifa","worldwide",2024-04-07,,,5,5
"cobrand_fifa","Lenovo FIFA","co_branded_property","property_outcome","fifa","worldwide",2024-04-14,0.68238,0.17889659583122314,5,0
"cobrand_fifa","Lenovo FIFA","co_branded_property","property_outcome","fifa","worldwide",2024-04-21,0.79976,0.11801124099000061,5,0
"cobrand_fifa","Lenovo FIFA","co_branded_property","property_outcome","fifa","worldwide",2024-04-28,0.67718,0.18122853528073332,5,0
"cobrand_fifa","Lenovo FIFA","co_branded_property","property_outcome","fifa","worldwide",2024-05-05,0.7249166666666667,0.13676943250107704,6,0
"cobrand_fifa","Lenovo FIFA","co_branded_property","property_outcome","fifa","worldwide",2024-05-12,0.7249166666666667,0.13676943250107704,6,0
"cobrand_fifa","Lenovo FIFA","co_branded_property","property_outcome","fifa","worldwide",2024-05-19,0.44695,0.22000560674673725,6,0
"cobrand_fifa","Lenovo FIFA","co_branded_property","property_outcome","fifa","worldwide",2024-05-26,,,6,6
"cobrand_fifa","Lenovo FIFA","co_branded_property","property_outcome","fifa","worldwide",2024-06-02,0.9796,0.04266655598943978,5,0
"cobrand_fifa","Lenovo FIFA","co_branded_property","property_outcome","fifa","worldwide",2024-06-09,0.7412,0.14626600767095543,5,0
"cobrand_fifa","Lenovo FIFA","co_branded_property","property_outcome","fifa","worldwide",2024-06-16,,,5,5
"cobrand_fifa","Lenovo FIFA","co_branded_property","property_outcome","fifa","worldwide",2024-06-23,0.8248,0.12036999210766774,5,0
"cobrand_fifa","Lenovo FIFA","co_branded_property","property_outcome","fifa","worldwide",2024-06-30,0.34586,0.19466349940345776,5,0
"cobrand_fifa","Lenovo FIFA","co_branded_property","property_outcome","fifa","worldwide",2024-07-07,0.44352,0.24877258088463045,5,0
"cobrand_fifa","Lenovo FIFA","co_branded_property","property_outcome","fifa","worldwide",2024-07-14,0.44102,0.24702944561327098,5,0
"cobrand_fifa","Lenovo FIFA","co_branded_property","property_outcome","fifa","worldwide",2024-07-21,0.6639,0.19027204208711274,5,0
"cobrand_fifa","Lenovo FIFA","co_branded_property","property_outcome","fifa","worldwide",2024-07-28,0.7412,0.14626600767095543,5,0
"cobrand_fifa","Lenovo FIFA","co_branded_property","property_outcome","fifa","worldwide",2024-08-04,0.35106,0.19812293658231497,5,0
"cobrand_fifa","Lenovo FIFA","co_branded_property","property_outcome","fifa","worldwide",2024-08-11,0.6716,0.1876417464212055,5,0
"cobrand_fifa","Lenovo FIFA","co_branded_property","property_outcome","fifa","worldwide",2024-08-18,0.37914,0.21714082527244846,5,0
"cobrand_fifa","Lenovo FIFA","co_branded_property","property_outcome","fifa","worldwide",2024-08-25,0.34586,0.19466349940345776,5,0
"cobrand_fifa","Lenovo FIFA","co_branded_property","property_outcome","fifa","worldwide",2024-09-01,0.75888,0.13728731551021017,5,0
"cobrand_fifa","Lenovo FIFA","co_branded_property","property_outcome","fifa","worldwide",2024-09-08,,,5,5
"cobrand_fifa","Lenovo FIFA","co_branded_property","property_outcome","fifa","worldwide",2024-09-15,0.78694,0.12742879580377425,5,0
"cobrand_fifa","Lenovo FIFA","co_branded_property","property_outcome","fifa","worldwide",2024-09-22,0.69696,0.1788397131511902,5,0
"cobrand_fifa","Lenovo FIFA","co_branded_property","property_outcome","fifa","worldwide",2024-09-29,0.6471666666666667,0.1781838002363477,6,0
"cobrand_fifa","Lenovo FIFA","co_branded_property","property_outcome","fifa","worldwide",2024-10-06,0.3625,0.18110889541930292,6,0
"cobrand_fifa","Lenovo FIFA","co_branded_property","property_outcome","fifa","worldwide",2024-10-13,1.1190333333333333,0.09574262721832245,6,0
"cobrand_fifa","Lenovo FIFA","co_branded_property","property_outcome","fifa","worldwide",2024-10-20,0.65256,0.19840595505175745,5,0
"cobrand_fifa","Lenovo FIFA","co_branded_property","property_outcome","fifa","worldwide",2024-10-27,0.36774,0.21540150417302106,5,0
"cobrand_fifa","Lenovo FIFA","co_branded_property","property_outcome","fifa","worldwide",2024-11-03,0.65506,0.19803925873422168,5,0
"cobrand_fifa","Lenovo FIFA","co_branded_property","property_outcome","fifa","worldwide",2024-11-10,0.89864,0.10389491325372963,5,0
"cobrand_fifa","Lenovo FIFA","co_branded_property","property_outcome","fifa","worldwide",2024-11-17,0.42552,0.23863132024107817,5,0
"cobrand_fifa","Lenovo FIFA","co_branded_property","property_outcome","fifa","worldwide",2024-11-24,0.73992,0.14818700010459757,5,0
"cobrand_fifa","Lenovo FIFA","co_branded_property","property_outcome","fifa","worldwide",2024-12-01,0.67232,0.1949946332594823,5,0
"cobrand_fifa","Lenovo FIFA","co_branded_property","property_outcome","fifa","worldwide",2024-12-08,0.77196,0.14191568975980068,5,0
"cobrand_fifa","Lenovo FIFA","co_branded_property","property_outcome","fifa","worldwide",2024-12-15,0.66732,0.1948541942068479,5,0
"cobrand_fifa","Lenovo FIFA","co_branded_property","property_outcome","fifa","worldwide",2024-12-22,,,5,5
"cobrand_fifa","Lenovo FIFA","co_branded_property","property_outcome","fifa","worldwide",2024-12-29,,,5,5
"cobrand_fifa","Lenovo FIFA","co_branded_property","property_outcome","fifa","worldwide",2025-01-05,0.65006,0.19892912808334529,5,0
"cobrand_fifa","Lenovo FIFA","co_branded_property","property_outcome","fifa","worldwide",2025-01-12,0.65006,0.19892912808334529,5,0
"cobrand_fifa","Lenovo FIFA","co_branded_property","property_outcome","fifa","worldwide",2025-01-19,0.65756,0.1978299092655102,5,0
"cobrand_fifa","Lenovo FIFA","co_branded_property","property_outcome","fifa","worldwide",2025-01-26,0.73992,0.14818700010459757,5,0
"cobrand_fifa","Lenovo FIFA","co_branded_property","property_outcome","fifa","worldwide",2025-02-02,0.44028,0.2478589861191238,5,0
"cobrand_fifa","Lenovo FIFA","co_branded_property","property_outcome","fifa","worldwide",2025-02-09,0.65506,0.19803925873422168,5,0
"cobrand_fifa","Lenovo FIFA","co_branded_property","property_outcome","fifa","worldwide",2025-02-16,0.71255,0.226287955932259,6,0
"cobrand_fifa","Lenovo FIFA","co_branded_property","property_outcome","fifa","worldwide",2025-02-23,0.3546,0.2751977543513028,6,0
"cobrand_fifa","Lenovo FIFA","co_branded_property","property_outcome","fifa","worldwide",2025-03-02,,,6,6
"cobrand_fifa","Lenovo FIFA","co_branded_property","property_outcome","fifa","worldwide",2025-03-09,0.8058,0.15769249823628262,6,0
"cobrand_fifa","Lenovo FIFA","co_branded_property","property_outcome","fifa","worldwide",2025-03-16,0.73498,0.24475888543625948,5,0
"cobrand_fifa","Lenovo FIFA","co_branded_property","property_outcome","fifa","worldwide",2025-03-23,,,5,5
"cobrand_fifa","Lenovo FIFA","co_branded_property","property_outcome","fifa","worldwide",2025-03-30,0.25307999999999997,0.23316936333918314,5,0
"cobrand_fifa","Lenovo FIFA","co_branded_property","property_outcome","fifa","worldwide",2025-04-06,0.32042000000000004,0.29260183184662397,5,0
"cobrand_fifa","Lenovo FIFA","co_branded_property","property_outcome","fifa","worldwide",2025-04-13,0.89886,0.10416111558542374,5,0
"cobrand_fifa","Lenovo FIFA","co_branded_property","property_outcome","fifa","worldwide",2025-04-20,0.8843,0.10725674803945905,5,0
"cobrand_fifa","Lenovo FIFA","co_branded_property","property_outcome","fifa","worldwide",2025-04-27,0.25307999999999997,0.23316936333918314,5,0
"cobrand_fifa","Lenovo FIFA","co_branded_property","property_outcome","fifa","worldwide",2025-05-04,0.32042000000000004,0.29260183184662397,5,0
"cobrand_fifa","Lenovo FIFA","co_branded_property","property_outcome","fifa","worldwide",2025-05-11,0.80236,0.18089749307273442,5,0
"cobrand_fifa","Lenovo FIFA","co_branded_property","property_outcome","fifa","worldwide",2025-05-18,0.31314000000000003,0.28596375294781684,5,0
"cobrand_fifa","Lenovo FIFA","co_branded_property","property_outcome","fifa","worldwide",2025-05-25,0.80964,0.17599165605221173,5,0
"cobrand_fifa","Lenovo FIFA","co_branded_property","property_outcome","fifa","worldwide",2025-06-01,0.74226,0.24095109047273472,5,0
"cobrand_fifa","Lenovo FIFA","co_branded_property","property_outcome","fifa","worldwide",2025-06-08,1.04816,0.05310586596601173,5,0
"cobrand_fifa","Lenovo FIFA","co_branded_property","property_outcome","fifa","worldwide",2025-06-15,1.22656,0.218488725109558,5,0
"cobrand_fifa","Lenovo FIFA","co_branded_property","property_outcome","fifa","worldwide",2025-06-22,2.0362,0.10369949373068314,5,0
"cobrand_fifa","Lenovo FIFA","co_branded_property","property_outcome","fifa","worldwide",2025-06-29,1.13006,0.12387180066504243,5,0
"cobrand_fifa","Lenovo FIFA","co_branded_property","property_outcome","fifa","worldwide",2025-07-06,1.212,0.1977987740103563,5,0
"cobrand_fifa","Lenovo FIFA","co_branded_property","property_outcome","fifa","worldwide",2025-07-13,2.02164,0.07150044055808324,5,0
"cobrand_fifa","Lenovo FIFA","co_branded_property","property_outcome","fifa","worldwide",2025-07-20,2.11812,0.1497216650989428,5,0
"cobrand_fifa","Lenovo FIFA","co_branded_property","property_outcome","fifa","worldwide",2025-07-27,3.24818,0.2658777388199321,5,0
"cobrand_fifa","Lenovo FIFA","co_branded_property","property_outcome","fifa","worldwide",2025-08-03,3.98035,0.029401303825964273,4,0
"cobrand_fifa","Lenovo FIFA","co_branded_property","property_outcome","fifa","worldwide",2025-08-10,4.04635,0.05691124669166878,4,0
"cobrand_fifa","Lenovo FIFA","co_branded_property","property_outcome","fifa","worldwide",2025-08-17,4.942425,0.07036961347058818,4,0
"cobrand_fifa","Lenovo FIFA","co_branded_property","property_outcome","fifa","worldwide",2025-08-24,5.9704999999999995,0.044150198187550595,4,0
"cobrand_fifa","Lenovo FIFA","co_branded_property","property_outcome","fifa","worldwide",2025-08-31,9.950825,0.07354782457693756,4,0
"cobrand_fifa","Lenovo FIFA","co_branded_property","property_outcome","fifa","worldwide",2025-09-07,12.007,0.05731928122368645,4,0
"cobrand_fifa","Lenovo FIFA","co_branded_property","property_outcome","fifa","worldwide",2025-09-14,5.272475,0.3157134288665382,4,0
"cobrand_fifa","Lenovo FIFA","co_branded_property","property_outcome","fifa","worldwide",2025-09-21,7.196625,0.22971046087049093,4,0
"cobrand_fifa","Lenovo FIFA","co_branded_property","property_outcome","fifa","worldwide",2025-09-28,7.262625,0.30533084105605857,4,0
"cobrand_fifa","Lenovo FIFA","co_branded_property","property_outcome","fifa","worldwide",2025-10-05,6.0365,0.050967375185831845,4,0
"cobrand_fifa","Lenovo FIFA","co_branded_property","property_outcome","fifa","worldwide",2025-10-12,6.998575,0.03306825013009736,4,0
"cobrand_fifa","Lenovo FIFA","co_branded_property","property_outcome","fifa","worldwide",2025-10-19,4.8764,0.14447645713633295,4,0
"cobrand_fifa","Lenovo FIFA","co_branded_property","property_outcome","fifa","worldwide",2025-10-26,4.8764,0.14447645713633295,4,0
"cobrand_fifa","Lenovo FIFA","co_branded_property","property_outcome","fifa","worldwide",2025-11-02,6.168525,0.19688333897683344,4,0
"cobrand_fifa","Lenovo FIFA","co_branded_property","property_outcome","fifa","worldwide",2025-11-09,9.05475,0.07647402609165214,4,0
"cobrand_fifa","Lenovo FIFA","co_branded_property","property_outcome","fifa","worldwide",2025-11-16,10.280899999999999,0.3281694988873889,4,0
"cobrand_fifa","Lenovo FIFA","co_branded_property","property_outcome","fifa","worldwide",2025-11-23,7.196625,0.22971046087049093,4,0
"cobrand_fifa","Lenovo FIFA","co_branded_property","property_outcome","fifa","worldwide",2025-11-30,13.1011,0.13236157549178224,4,0
"cobrand_fifa","Lenovo FIFA","co_branded_property","property_outcome","fifa","worldwide",2025-12-07,8.922725,0.09851962156511444,4,0
"cobrand_fifa","Lenovo FIFA","co_branded_property","property_outcome","fifa","worldwide",2025-12-14,6.998575,0.03306825013009736,4,0
"cobrand_fifa","Lenovo FIFA","co_branded_property","property_outcome","fifa","worldwide",2025-12-21,3.7823,0.25194038977504185,4,0
"cobrand_fifa","Lenovo FIFA","co_branded_property","property_outcome","fifa","worldwide",2025-12-28,2.8750666666666667,0.21639088089227174,3,0
"cobrand_fifa","Lenovo FIFA","co_branded_property","property_outcome","fifa","worldwide",2026-01-04,3.1813333333333333,0.31407854643915645,3,0
"cobrand_fifa","Lenovo FIFA","co_branded_property","property_outcome","fifa","worldwide",2026-01-11,4.023,0.03983716857408415,3,0
"cobrand_fifa","Lenovo FIFA","co_branded_property","property_outcome","fifa","worldwide",2026-01-18,4.1542666666666666,0.2671977045809586,3,0
"cobrand_fifa","Lenovo FIFA","co_branded_property","property_outcome","fifa","worldwide",2026-01-25,4.1105,0.191391614236361,3,0
"cobrand_fifa","Lenovo FIFA","co_branded_property","property_outcome","fifa","worldwide",2026-02-01,3.0938333333333334,0.16252410077687957,3,0
"cobrand_fifa","Lenovo FIFA","co_branded_property","property_outcome","fifa","worldwide",2026-02-08,3.848,0.26327172275046934,3,0
"cobrand_fifa","Lenovo FIFA","co_branded_property","property_outcome","fifa","worldwide",2026-02-15,3.0938333333333334,0.16252410077687957,3,0
"cobrand_fifa","Lenovo FIFA","co_branded_property","property_outcome","fifa","worldwide",2026-02-22,3.0938333333333334,0.16252410077687957,3,0
"cobrand_fifa","Lenovo FIFA","co_branded_property","property_outcome","fifa","worldwide",2026-03-01,3.8917333333333333,0.18752336743279055,3,0
"cobrand_fifa","Lenovo FIFA","co_branded_property","property_outcome","fifa","worldwide",2026-03-08,3.9792666666666667,0.035911186743594614,3,0
"cobrand_fifa","Lenovo FIFA","co_branded_property","property_outcome","fifa","worldwide",2026-03-15,4.9522,0.08279202860179219,3,0
"cobrand_fifa","Lenovo FIFA","co_branded_property","property_outcome","fifa","worldwide",2026-03-22,8.046,0.0796743371481683,3,0
"cobrand_fifa","Lenovo FIFA","co_branded_property","property_outcome","fifa","worldwide",2026-03-29,11.937766666666667,0.10779129525770319,3,0
"cobrand_fifa","Lenovo FIFA","co_branded_property","property_outcome","fifa","worldwide",2026-04-05,8.8877,0.1945093056899849,3,0
"cobrand_fifa","Lenovo FIFA","co_branded_property","property_outcome","fifa","worldwide",2026-04-12,6.0563666666666665,0.09762993051996587,3,0
"cobrand_fifa","Lenovo FIFA","co_branded_property","property_outcome","fifa","worldwide",2026-04-19,5.968866666666667,0.053924515142311,3,0
"cobrand_fifa","Lenovo FIFA","co_branded_property","property_outcome","fifa","worldwide",2026-04-26,5.170966666666667,0.29612295306735914,3,0
"cobrand_fifa","Lenovo FIFA","co_branded_property","property_outcome","fifa","worldwide",2026-05-03,7.914733333333333,0.14768619885870615,3,0
"cobrand_fifa","Lenovo FIFA","co_branded_property","property_outcome","fifa","worldwide",2026-05-10,10.210633333333334,0.3648276351009245,3,0
"cobrand_fifa","Lenovo FIFA","co_branded_property","property_outcome","fifa","worldwide",2026-05-17,12,0,2,0
"cobrand_fifa","Lenovo FIFA","co_branded_property","property_outcome","fifa","worldwide",2026-05-24,14,0,2,0
"cobrand_fifa","Lenovo FIFA","co_branded_property","property_outcome","fifa","worldwide",2026-05-31,27,0,2,0
"cobrand_fifa","Lenovo FIFA","co_branded_property","property_outcome","fifa","worldwide",2026-06-07,79,0,2,0
"cobrand_fifa","Lenovo FIFA","co_branded_property","property_outcome","fifa","worldwide",2026-06-14,76,0,2,0
"cobrand_fifa","Lenovo FIFA","co_branded_property","property_outcome","fifa","worldwide",2026-06-21,76,0,2,0
"cobrand_fifa","Lenovo FIFA","co_branded_property","property_outcome","fifa","worldwide",2026-06-28,100,0,2,0
"cobrand_fifa","Lenovo FIFA","co_branded_property","property_outcome","fifa","worldwide",2026-07-05,75,0,2,0
"cobrand_fifa","Lenovo FIFA","co_branded_property","property_outcome","fifa","worldwide",2026-07-12,55,0,2,0
"cobrand_fifa","Lenovo FIFA","co_branded_property","property_outcome","fifa","worldwide",2026-07-19,34,0,2,0
"cobrand_fifa","Lenovo FIFA","co_branded_property","property_outcome","fifa","worldwide",2026-07-26,10,0,2,0
"cobrand_fifa","Lenovo FIFA","co_branded_property","property_outcome","fifa","worldwide",2026-08-02,7,0,2,0
"cobrand_fifa","Lenovo FIFA","co_branded_property","property_outcome","fifa","worldwide",2026-08-09,6,0,2,0
"cobrand_fifa","Lenovo FIFA","co_branded_property","property_outcome","fifa","worldwide",2026-08-16,6,0,2,0
"cobrand_fifa","Lenovo FIFA","co_branded_property","property_outcome","fifa","worldwide",2026-08-23,6,0,2,0
"cobrand_fifa","Lenovo FIFA","co_branded_property","property_outcome","fifa","worldwide",2026-08-30,6,0,2,0
"cobrand_fifa","Lenovo FIFA","co_branded_property","property_outcome","fifa","worldwide",2026-09-06,5,0,2,0
"cobrand_fifa","Lenovo FIFA","co_branded_property","property_outcome","fifa","worldwide",2026-09-13,4,0,2,0
"cobrand_fifa","Lenovo FIFA","co_branded_property","property_outcome","fifa","worldwide",2026-09-20,2,0,2,0
"cobrand_fifa","Lenovo FIFA","co_branded_property","property_outcome","fifa","worldwide",2026-09-27,2,0,2,0
"cobrand_motogp","Lenovo MotoGP","co_branded_property","property_outcome","motogp","worldwide",2021-12-26,,,2,2
"cobrand_motogp","Lenovo MotoGP","co_branded_property","property_outcome","motogp","worldwide",2022-01-02,,,2,2
"cobrand_motogp","Lenovo MotoGP","co_branded_property","property_outcome","motogp","worldwide",2022-01-09,,,2,2
"cobrand_motogp","Lenovo MotoGP","co_branded_property","property_outcome","motogp","worldwide",2022-01-16,,,2,2
"cobrand_motogp","Lenovo MotoGP","co_branded_property","property_outcome","motogp","worldwide",2022-01-23,,,2,2
"cobrand_motogp","Lenovo MotoGP","co_branded_property","property_outcome","motogp","worldwide",2022-01-30,,,2,2
"cobrand_motogp","Lenovo MotoGP","co_branded_property","property_outcome","motogp","worldwide",2022-02-06,,,2,2
"cobrand_motogp","Lenovo MotoGP","co_branded_property","property_outcome","motogp","worldwide",2022-02-13,,,2,2
"cobrand_motogp","Lenovo MotoGP","co_branded_property","property_outcome","motogp","worldwide",2022-02-20,,,2,2
"cobrand_motogp","Lenovo MotoGP","co_branded_property","property_outcome","motogp","worldwide",2022-02-27,,,2,2
"cobrand_motogp","Lenovo MotoGP","co_branded_property","property_outcome","motogp","worldwide",2022-03-06,18.173650000000002,0.2455781851060884,2,0
"cobrand_motogp","Lenovo MotoGP","co_branded_property","property_outcome","motogp","worldwide",2022-03-13,14.056650000000001,0.08011519830843628,2,0
"cobrand_motogp","Lenovo MotoGP","co_branded_property","property_outcome","motogp","worldwide",2022-03-20,23.81995,0.2546291519052752,2,0
"cobrand_motogp","Lenovo MotoGP","co_branded_property","property_outcome","motogp","worldwide",2022-03-27,,,2,2
"cobrand_motogp","Lenovo MotoGP","co_branded_property","property_outcome","motogp","worldwide",2022-04-03,,,2,2
"cobrand_motogp","Lenovo MotoGP","co_branded_property","property_outcome","motogp","worldwide",2022-04-10,,,2,2
"cobrand_motogp","Lenovo MotoGP","co_branded_property","property_outcome","motogp","worldwide",2022-04-17,,,2,2
"cobrand_motogp","Lenovo MotoGP","co_branded_property","property_outcome","motogp","worldwide",2022-04-24,,,2,2
"cobrand_motogp","Lenovo MotoGP","co_branded_property","property_outcome","motogp","worldwide",2022-05-01,22.2907,0.4111118825818577,2,0
"cobrand_motogp","Lenovo MotoGP","co_branded_property","property_outcome","motogp","worldwide",2022-05-08,,,2,2
"cobrand_motogp","Lenovo MotoGP","co_branded_property","property_outcome","motogp","worldwide",2022-05-15,16.791600000000003,0.29472210639855195,2,0
"cobrand_motogp","Lenovo MotoGP","co_branded_property","property_outcome","motogp","worldwide",2022-05-22,,,3,3
"cobrand_motogp","Lenovo MotoGP","co_branded_property","property_outcome","motogp","worldwide",2022-05-29,,,3,3
"cobrand_motogp","Lenovo MotoGP","co_branded_property","property_outcome","motogp","worldwide",2022-06-05,,,3,3
"cobrand_motogp","Lenovo MotoGP","co_branded_property","property_outcome","motogp","worldwide",2022-06-12,,,3,3
"cobrand_motogp","Lenovo MotoGP","co_branded_property","property_outcome","motogp","worldwide",2022-06-19,,,3,3
"cobrand_motogp","Lenovo MotoGP","co_branded_property","property_outcome","motogp","worldwide",2022-06-26,,,3,3
"cobrand_motogp","Lenovo MotoGP","co_branded_property","property_outcome","motogp","worldwide",2022-07-03,,,3,3
"cobrand_motogp","Lenovo MotoGP","co_branded_property","property_outcome","motogp","worldwide",2022-07-10,,,3,3
"cobrand_motogp","Lenovo MotoGP","co_branded_property","property_outcome","motogp","worldwide",2022-07-17,,,3,3
"cobrand_motogp","Lenovo MotoGP","co_branded_property","property_outcome","motogp","worldwide",2022-07-24,,,3,3
"cobrand_motogp","Lenovo MotoGP","co_branded_property","property_outcome","motogp","worldwide",2022-07-31,,,3,3
"cobrand_motogp","Lenovo MotoGP","co_branded_property","property_outcome","motogp","worldwide",2022-08-07,,,3,3
"cobrand_motogp","Lenovo MotoGP","co_branded_property","property_outcome","motogp","worldwide",2022-08-14,,,3,3
"cobrand_motogp","Lenovo MotoGP","co_branded_property","property_outcome","motogp","worldwide",2022-08-21,,,3,3
"cobrand_motogp","Lenovo MotoGP","co_branded_property","property_outcome","motogp","worldwide",2022-08-28,,,3,3
"cobrand_motogp","Lenovo MotoGP","co_branded_property","property_outcome","motogp","worldwide",2022-09-04,17.157566666666668,0.14618975112275537,3,0
"cobrand_motogp","Lenovo MotoGP","co_branded_property","property_outcome","motogp","worldwide",2022-09-11,,,3,3
"cobrand_motogp","Lenovo MotoGP","co_branded_property","property_outcome","motogp","worldwide",2022-09-18,17.8472,0.18487209091693615,3,0
"cobrand_motogp","Lenovo MotoGP","co_branded_property","property_outcome","motogp","worldwide",2022-09-25,,,3,3
"cobrand_motogp","Lenovo MotoGP","co_branded_property","property_outcome","motogp","worldwide",2022-10-02,19.245933333333333,0.21617447428716755,3,0
"cobrand_motogp","Lenovo MotoGP","co_branded_property","property_outcome","motogp","worldwide",2022-10-09,18.213425,0.14908725353519228,4,0
"cobrand_motogp","Lenovo MotoGP","co_branded_property","property_outcome","motogp","worldwide",2022-10-16,17.16195,0.11968493361043077,4,0
"cobrand_motogp","Lenovo MotoGP","co_branded_property","property_outcome","motogp","worldwide",2022-10-23,13.740325,0.18887442697905596,4,0
"cobrand_motogp","Lenovo MotoGP","co_branded_property","property_outcome","motogp","worldwide",2022-10-30,,,4,4
"cobrand_motogp","Lenovo MotoGP","co_branded_property","property_outcome","motogp","worldwide",2022-11-06,24.772375,0.15184449007674528,4,0
"cobrand_motogp","Lenovo MotoGP","co_branded_property","property_outcome","motogp","worldwide",2022-11-13,,,4,4
"cobrand_motogp","Lenovo MotoGP","co_branded_property","property_outcome","motogp","worldwide",2022-11-20,,,4,4
"cobrand_motogp","Lenovo MotoGP","co_branded_property","property_outcome","motogp","worldwide",2022-11-27,,,4,4
"cobrand_motogp","Lenovo MotoGP","co_branded_property","property_outcome","motogp","worldwide",2022-12-04,,,4,4
"cobrand_motogp","Lenovo MotoGP","co_branded_property","property_outcome","motogp","worldwide",2022-12-11,,,4,4
"cobrand_motogp","Lenovo MotoGP","co_branded_property","property_outcome","motogp","worldwide",2022-12-18,,,4,4
"cobrand_motogp","Lenovo MotoGP","co_branded_property","property_outcome","motogp","worldwide",2022-12-25,,,4,4
"cobrand_motogp","Lenovo MotoGP","co_branded_property","property_outcome","motogp","worldwide",2023-01-01,,,4,4
"cobrand_motogp","Lenovo MotoGP","co_branded_property","property_outcome","motogp","worldwide",2023-01-08,,,4,4
"cobrand_motogp","Lenovo MotoGP","co_branded_property","property_outcome","motogp","worldwide",2023-01-15,,,4,4
"cobrand_motogp","Lenovo MotoGP","co_branded_property","property_outcome","motogp","worldwide",2023-01-22,,,4,4
"cobrand_motogp","Lenovo MotoGP","co_branded_property","property_outcome","motogp","worldwide",2023-01-29,,,4,4
"cobrand_motogp","Lenovo MotoGP","co_branded_property","property_outcome","motogp","worldwide",2023-02-05,,,4,4
"cobrand_motogp","Lenovo MotoGP","co_branded_property","property_outcome","motogp","worldwide",2023-02-12,,,4,4
"cobrand_motogp","Lenovo MotoGP","co_branded_property","property_outcome","motogp","worldwide",2023-02-19,,,4,4
"cobrand_motogp","Lenovo MotoGP","co_branded_property","property_outcome","motogp","worldwide",2023-02-26,,,4,4
"cobrand_motogp","Lenovo MotoGP","co_branded_property","property_outcome","motogp","worldwide",2023-03-05,,,5,5
"cobrand_motogp","Lenovo MotoGP","co_branded_property","property_outcome","motogp","worldwide",2023-03-12,21.11832,0.07363794538144086,5,0
"cobrand_motogp","Lenovo MotoGP","co_branded_property","property_outcome","motogp","worldwide",2023-03-19,,,5,5
"cobrand_motogp","Lenovo MotoGP","co_branded_property","property_outcome","motogp","worldwide",2023-03-26,35.29268,0.17722194277233227,5,0
"cobrand_motogp","Lenovo MotoGP","co_branded_property","property_outcome","motogp","worldwide",2023-04-02,14.66654,0.20825488709751788,5,0
"cobrand_motogp","Lenovo MotoGP","co_branded_property","property_outcome","motogp","worldwide",2023-04-09,,,5,5
"cobrand_motogp","Lenovo MotoGP","co_branded_property","property_outcome","motogp","worldwide",2023-04-16,13.88212,0.12495197877584822,5,0
"cobrand_motogp","Lenovo MotoGP","co_branded_property","property_outcome","motogp","worldwide",2023-04-23,,,5,5
"cobrand_motogp","Lenovo MotoGP","co_branded_property","property_outcome","motogp","worldwide",2023-04-30,17.96694,0.06890589960228463,5,0
"cobrand_motogp","Lenovo MotoGP","co_branded_property","property_outcome","motogp","worldwide",2023-05-07,13.73894,0.16359936735819017,5,0
"cobrand_motogp","Lenovo MotoGP","co_branded_property","property_outcome","motogp","worldwide",2023-05-14,,,5,5
"cobrand_motogp","Lenovo MotoGP","co_branded_property","property_outcome","motogp","worldwide",2023-05-21,,,5,5
"cobrand_motogp","Lenovo MotoGP","co_branded_property","property_outcome","motogp","worldwide",2023-05-28,16.03534,0.09855649648805558,5,0
"cobrand_motogp","Lenovo MotoGP","co_branded_property","property_outcome","motogp","worldwide",2023-06-04,,,5,5
"cobrand_motogp","Lenovo MotoGP","co_branded_property","property_outcome","motogp","worldwide",2023-06-11,15.0293,0.09394040664165723,5,0
"cobrand_motogp","Lenovo MotoGP","co_branded_property","property_outcome","motogp","worldwide",2023-06-18,14.81558,0.1441216916359228,5,0
"cobrand_motogp","Lenovo MotoGP","co_branded_property","property_outcome","motogp","worldwide",2023-06-25,,,5,5
"cobrand_motogp","Lenovo MotoGP","co_branded_property","property_outcome","motogp","worldwide",2023-07-02,,,5,5
"cobrand_motogp","Lenovo MotoGP","co_branded_property","property_outcome","motogp","worldwide",2023-07-09,,,5,5
"cobrand_motogp","Lenovo MotoGP","co_branded_property","property_outcome","motogp","worldwide",2023-07-16,,,5,5
"cobrand_motogp","Lenovo MotoGP","co_branded_property","property_outcome","motogp","worldwide",2023-07-23,,,6,6
"cobrand_motogp","Lenovo MotoGP","co_branded_property","property_outcome","motogp","worldwide",2023-07-30,,,6,6
"cobrand_motogp","Lenovo MotoGP","co_branded_property","property_outcome","motogp","worldwide",2023-08-06,,,6,6
"cobrand_motogp","Lenovo MotoGP","co_branded_property","property_outcome","motogp","worldwide",2023-08-13,,,6,6
"cobrand_motogp","Lenovo MotoGP","co_branded_property","property_outcome","motogp","worldwide",2023-08-20,,,5,5
"cobrand_motogp","Lenovo MotoGP","co_branded_property","property_outcome","motogp","worldwide",2023-08-27,,,5,5
"cobrand_motogp","Lenovo MotoGP","co_branded_property","property_outcome","motogp","worldwide",2023-09-03,20.02564,0.01953722088732106,5,0
"cobrand_motogp","Lenovo MotoGP","co_branded_property","property_outcome","motogp","worldwide",2023-09-10,19.72548,0.15618481680368287,5,0
"cobrand_motogp","Lenovo MotoGP","co_branded_property","property_outcome","motogp","worldwide",2023-09-17,,,5,5
"cobrand_motogp","Lenovo MotoGP","co_branded_property","property_outcome","motogp","worldwide",2023-09-24,14.336640000000001,0.21535425001610736,5,0
"cobrand_motogp","Lenovo MotoGP","co_branded_property","property_outcome","motogp","worldwide",2023-10-01,20.82604,0.10049747758028578,5,0
"cobrand_motogp","Lenovo MotoGP","co_branded_property","property_outcome","motogp","worldwide",2023-10-08,16.38076,0.2133011204846333,5,0
"cobrand_motogp","Lenovo MotoGP","co_branded_property","property_outcome","motogp","worldwide",2023-10-15,33.26172,0.1527360697412367,5,0
"cobrand_motogp","Lenovo MotoGP","co_branded_property","property_outcome","motogp","worldwide",2023-10-22,,,5,5
"cobrand_motogp","Lenovo MotoGP","co_branded_property","property_outcome","motogp","worldwide",2023-10-29,,,5,5
"cobrand_motogp","Lenovo MotoGP","co_branded_property","property_outcome","motogp","worldwide",2023-11-05,17.82448,0.15110190931950473,5,0
"cobrand_motogp","Lenovo MotoGP","co_branded_property","property_outcome","motogp","worldwide",2023-11-12,,,5,5
"cobrand_motogp","Lenovo MotoGP","co_branded_property","property_outcome","motogp","worldwide",2023-11-19,23.17036,0.10839014254073087,5,0
"cobrand_motogp","Lenovo MotoGP","co_branded_property","property_outcome","motogp","worldwide",2023-11-26,35.806039999999996,0.11423131357031764,5,0
"cobrand_motogp","Lenovo MotoGP","co_branded_property","property_outcome","motogp","worldwide",2023-12-03,15.9374,0.17749823942788895,5,0
"cobrand_motogp","Lenovo MotoGP","co_branded_property","property_outcome","motogp","worldwide",2023-12-10,,,5,5
"cobrand_motogp","Lenovo MotoGP","co_branded_property","property_outcome","motogp","worldwide",2023-12-17,,,6,6
"cobrand_motogp","Lenovo MotoGP","co_branded_property","property_outcome","motogp","worldwide",2023-12-24,,,6,6
"cobrand_motogp","Lenovo MotoGP","co_branded_property","property_outcome","motogp","worldwide",2023-12-31,,,6,6
"cobrand_motogp","Lenovo MotoGP","co_branded_property","property_outcome","motogp","worldwide",2024-01-07,,,5,5
"cobrand_motogp","Lenovo MotoGP","co_branded_property","property_outcome","motogp","worldwide",2024-01-14,,,5,5
"cobrand_motogp","Lenovo MotoGP","co_branded_property","property_outcome","motogp","worldwide",2024-01-21,18.2717,0.18906128635974126,5,0
"cobrand_motogp","Lenovo MotoGP","co_branded_property","property_outcome","motogp","worldwide",2024-01-28,20.09114,0.15961838240002252,5,0
"cobrand_motogp","Lenovo MotoGP","co_branded_property","property_outcome","motogp","worldwide",2024-02-04,20.00444,0.038067348213396614,5,0
"cobrand_motogp","Lenovo MotoGP","co_branded_property","property_outcome","motogp","worldwide",2024-02-11,,,5,5
"cobrand_motogp","Lenovo MotoGP","co_branded_property","property_outcome","motogp","worldwide",2024-02-18,,,5,5
"cobrand_motogp","Lenovo MotoGP","co_branded_property","property_outcome","motogp","worldwide",2024-02-25,,,5,5
"cobrand_motogp","Lenovo MotoGP","co_branded_property","property_outcome","motogp","worldwide",2024-03-03,,,5,5
"cobrand_motogp","Lenovo MotoGP","co_branded_property","property_outcome","motogp","worldwide",2024-03-10,23.19838,0.1504885444145167,5,0
"cobrand_motogp","Lenovo MotoGP","co_branded_property","property_outcome","motogp","worldwide",2024-03-17,,,5,5
"cobrand_motogp","Lenovo MotoGP","co_branded_property","property_outcome","motogp","worldwide",2024-03-24,,,5,5
"cobrand_motogp","Lenovo MotoGP","co_branded_property","property_outcome","motogp","worldwide",2024-03-31,,,5,5
"cobrand_motogp","Lenovo MotoGP","co_branded_property","property_outcome","motogp","worldwide",2024-04-07,,,5,5
"cobrand_motogp","Lenovo MotoGP","co_branded_property","property_outcome","motogp","worldwide",2024-04-14,,,5,5
"cobrand_motogp","Lenovo MotoGP","co_branded_property","property_outcome","motogp","worldwide",2024-04-21,,,5,5
"cobrand_motogp","Lenovo MotoGP","co_branded_property","property_outcome","motogp","worldwide",2024-04-28,19.77588,0.18058631454238178,5,0
"cobrand_motogp","Lenovo MotoGP","co_branded_property","property_outcome","motogp","worldwide",2024-05-05,,,6,6
"cobrand_motogp","Lenovo MotoGP","co_branded_property","property_outcome","motogp","worldwide",2024-05-12,25.073483333333336,0.06645682558373303,6,0
"cobrand_motogp","Lenovo MotoGP","co_branded_property","property_outcome","motogp","worldwide",2024-05-19,,,6,6
"cobrand_motogp","Lenovo MotoGP","co_branded_property","property_outcome","motogp","worldwide",2024-05-26,29.081333333333333,0.12969315582044727,6,0
"cobrand_motogp","Lenovo MotoGP","co_branded_property","property_outcome","motogp","worldwide",2024-06-02,39.1931,0.19349281640412494,5,0
"cobrand_motogp","Lenovo MotoGP","co_branded_property","property_outcome","motogp","worldwide",2024-06-09,21.9289,0.1418546967851267,5,0
"cobrand_motogp","Lenovo MotoGP","co_branded_property","property_outcome","motogp","worldwide",2024-06-16,,,5,5
"cobrand_motogp","Lenovo MotoGP","co_branded_property","property_outcome","motogp","worldwide",2024-06-23,,,5,5
"cobrand_motogp","Lenovo MotoGP","co_branded_property","property_outcome","motogp","worldwide",2024-06-30,19.99692,0.03329364804283202,5,0
"cobrand_motogp","Lenovo MotoGP","co_branded_property","property_outcome","motogp","worldwide",2024-07-07,,,5,5
"cobrand_motogp","Lenovo MotoGP","co_branded_property","property_outcome","motogp","worldwide",2024-07-14,,,5,5
"cobrand_motogp","Lenovo MotoGP","co_branded_property","property_outcome","motogp","worldwide",2024-07-21,23.1468,0.16814927891608702,5,0
"cobrand_motogp","Lenovo MotoGP","co_branded_property","property_outcome","motogp","worldwide",2024-07-28,,,5,5
"cobrand_motogp","Lenovo MotoGP","co_branded_property","property_outcome","motogp","worldwide",2024-08-04,24.59132,0.3740432555199997,5,0
"cobrand_motogp","Lenovo MotoGP","co_branded_property","property_outcome","motogp","worldwide",2024-08-11,,,5,5
"cobrand_motogp","Lenovo MotoGP","co_branded_property","property_outcome","motogp","worldwide",2024-08-18,,,5,5
"cobrand_motogp","Lenovo MotoGP","co_branded_property","property_outcome","motogp","worldwide",2024-08-25,,,5,5
"cobrand_motogp","Lenovo MotoGP","co_branded_property","property_outcome","motogp","worldwide",2024-09-01,,,5,5
"cobrand_motogp","Lenovo MotoGP","co_branded_property","property_outcome","motogp","worldwide",2024-09-08,,,5,5
"cobrand_motogp","Lenovo MotoGP","co_branded_property","property_outcome","motogp","worldwide",2024-09-15,,,5,5
"cobrand_motogp","Lenovo MotoGP","co_branded_property","property_outcome","motogp","worldwide",2024-09-22,,,5,5
"cobrand_motogp","Lenovo MotoGP","co_branded_property","property_outcome","motogp","worldwide",2024-09-29,16.038583333333335,0.047134378819145395,6,0
"cobrand_motogp","Lenovo MotoGP","co_branded_property","property_outcome","motogp","worldwide",2024-10-06,,,6,6
"cobrand_motogp","Lenovo MotoGP","co_branded_property","property_outcome","motogp","worldwide",2024-10-13,,,6,6
"cobrand_motogp","Lenovo MotoGP","co_branded_property","property_outcome","motogp","worldwide",2024-10-20,,,5,5
"cobrand_motogp","Lenovo MotoGP","co_branded_property","property_outcome","motogp","worldwide",2024-10-27,,,5,5
"cobrand_motogp","Lenovo MotoGP","co_branded_property","property_outcome","motogp","worldwide",2024-11-03,,,5,5
"cobrand_motogp","Lenovo MotoGP","co_branded_property","property_outcome","motogp","worldwide",2024-11-10,18.8203,0.2542583725268449,5,0
"cobrand_motogp","Lenovo MotoGP","co_branded_property","property_outcome","motogp","worldwide",2024-11-17,30.88316,0.16787354764822246,5,0
"cobrand_motogp","Lenovo MotoGP","co_branded_property","property_outcome","motogp","worldwide",2024-11-24,,,5,5
"cobrand_motogp","Lenovo MotoGP","co_branded_property","property_outcome","motogp","worldwide",2024-12-01,,,5,5
"cobrand_motogp","Lenovo MotoGP","co_branded_property","property_outcome","motogp","worldwide",2024-12-08,,,5,5
"cobrand_motogp","Lenovo MotoGP","co_branded_property","property_outcome","motogp","worldwide",2024-12-15,,,5,5
"cobrand_motogp","Lenovo MotoGP","co_branded_property","property_outcome","motogp","worldwide",2024-12-22,,,5,5
"cobrand_motogp","Lenovo MotoGP","co_branded_property","property_outcome","motogp","worldwide",2024-12-29,,,5,5
"cobrand_motogp","Lenovo MotoGP","co_branded_property","property_outcome","motogp","worldwide",2025-01-05,,,5,5
"cobrand_motogp","Lenovo MotoGP","co_branded_property","property_outcome","motogp","worldwide",2025-01-12,,,5,5
"cobrand_motogp","Lenovo MotoGP","co_branded_property","property_outcome","motogp","worldwide",2025-01-19,17.889780000000002,0.1549866187772345,5,0
"cobrand_motogp","Lenovo MotoGP","co_branded_property","property_outcome","motogp","worldwide",2025-01-26,,,5,5
"cobrand_motogp","Lenovo MotoGP","co_branded_property","property_outcome","motogp","worldwide",2025-02-02,,,5,5
"cobrand_motogp","Lenovo MotoGP","co_branded_property","property_outcome","motogp","worldwide",2025-02-09,19.99462,0.03242039481560888,5,0
"cobrand_motogp","Lenovo MotoGP","co_branded_property","property_outcome","motogp","worldwide",2025-02-16,,,6,6
"cobrand_motogp","Lenovo MotoGP","co_branded_property","property_outcome","motogp","worldwide",2025-02-23,,,6,6
"cobrand_motogp","Lenovo MotoGP","co_branded_property","property_outcome","motogp","worldwide",2025-03-02,36.01948333333333,0.05694532172765869,6,0
"cobrand_motogp","Lenovo MotoGP","co_branded_property","property_outcome","motogp","worldwide",2025-03-09,,,6,6
"cobrand_motogp","Lenovo MotoGP","co_branded_property","property_outcome","motogp","worldwide",2025-03-16,17.06816,0.15241039334638637,5,0
"cobrand_motogp","Lenovo MotoGP","co_branded_property","property_outcome","motogp","worldwide",2025-03-23,,,5,5
"cobrand_motogp","Lenovo MotoGP","co_branded_property","property_outcome","motogp","worldwide",2025-03-30,24.94212,0.12942361453768808,5,0
"cobrand_motogp","Lenovo MotoGP","co_branded_property","property_outcome","motogp","worldwide",2025-04-06,,,5,5
"cobrand_motogp","Lenovo MotoGP","co_branded_property","property_outcome","motogp","worldwide",2025-04-13,18.04156,0.09293098514489076,5,0
"cobrand_motogp","Lenovo MotoGP","co_branded_property","property_outcome","motogp","worldwide",2025-04-20,17.95486,0.10093610850434041,5,0
"cobrand_motogp","Lenovo MotoGP","co_branded_property","property_outcome","motogp","worldwide",2025-04-27,,,5,5
"cobrand_motogp","Lenovo MotoGP","co_branded_property","property_outcome","motogp","worldwide",2025-05-04,16.89474,0.23536851531162747,5,0
"cobrand_motogp","Lenovo MotoGP","co_branded_property","property_outcome","motogp","worldwide",2025-05-11,20.07508,0.1678839837506838,5,0
"cobrand_motogp","Lenovo MotoGP","co_branded_property","property_outcome","motogp","worldwide",2025-05-18,,,5,5
"cobrand_motogp","Lenovo MotoGP","co_branded_property","property_outcome","motogp","worldwide",2025-05-25,,,5,5
"cobrand_motogp","Lenovo MotoGP","co_branded_property","property_outcome","motogp","worldwide",2025-06-01,,,5,5
"cobrand_motogp","Lenovo MotoGP","co_branded_property","property_outcome","motogp","worldwide",2025-06-08,,,5,5
"cobrand_motogp","Lenovo MotoGP","co_branded_property","property_outcome","motogp","worldwide",2025-06-15,,,5,5
"cobrand_motogp","Lenovo MotoGP","co_branded_property","property_outcome","motogp","worldwide",2025-06-22,43.07038,0.15737446425643545,5,0
"cobrand_motogp","Lenovo MotoGP","co_branded_property","property_outcome","motogp","worldwide",2025-06-29,17.95486,0.10093610850434041,5,0
"cobrand_motogp","Lenovo MotoGP","co_branded_property","property_outcome","motogp","worldwide",2025-07-06,,,5,5
"cobrand_motogp","Lenovo MotoGP","co_branded_property","property_outcome","motogp","worldwide",2025-07-13,38.02994,0.06694787524634498,5,0
"cobrand_motogp","Lenovo MotoGP","co_branded_property","property_outcome","motogp","worldwide",2025-07-20,42.89696,0.23040444440157837,5,0
"cobrand_motogp","Lenovo MotoGP","co_branded_property","property_outcome","motogp","worldwide",2025-07-27,20.07508,0.1678839837506838,5,0
"cobrand_motogp","Lenovo MotoGP","co_branded_property","property_outcome","motogp","worldwide",2025-08-03,,,4,4
"cobrand_motogp","Lenovo MotoGP","co_branded_property","property_outcome","motogp","worldwide",2025-08-10,41,0,4,0
"cobrand_motogp","Lenovo MotoGP","co_branded_property","property_outcome","motogp","worldwide",2025-08-17,60,0,4,0
"cobrand_motogp","Lenovo MotoGP","co_branded_property","property_outcome","motogp","worldwide",2025-08-24,65,0,4,0
"cobrand_motogp","Lenovo MotoGP","co_branded_property","property_outcome","motogp","worldwide",2025-08-31,70,0,4,0
"cobrand_motogp","Lenovo MotoGP","co_branded_property","property_outcome","motogp","worldwide",2025-09-07,100,0,4,0
"cobrand_motogp","Lenovo MotoGP","co_branded_property","property_outcome","motogp","worldwide",2025-09-14,51,0,4,0
"cobrand_motogp","Lenovo MotoGP","co_branded_property","property_outcome","motogp","worldwide",2025-09-21,74,0,4,0
"cobrand_motogp","Lenovo MotoGP","co_branded_property","property_outcome","motogp","worldwide",2025-09-28,100,0,4,0
"cobrand_motogp","Lenovo MotoGP","co_branded_property","property_outcome","motogp","worldwide",2025-10-05,61,0,4,0
"cobrand_motogp","Lenovo MotoGP","co_branded_property","property_outcome","motogp","worldwide",2025-10-12,60,0,4,0
"cobrand_motogp","Lenovo MotoGP","co_branded_property","property_outcome","motogp","worldwide",2025-10-19,53,0,4,0
"cobrand_motogp","Lenovo MotoGP","co_branded_property","property_outcome","motogp","worldwide",2025-10-26,53,0,4,0
"cobrand_motogp","Lenovo MotoGP","co_branded_property","property_outcome","motogp","worldwide",2025-11-02,44,0,4,0
"cobrand_motogp","Lenovo MotoGP","co_branded_property","property_outcome","motogp","worldwide",2025-11-09,67,0,4,0
"cobrand_motogp","Lenovo MotoGP","co_branded_property","property_outcome","motogp","worldwide",2025-11-16,58,0,4,0
"cobrand_motogp","Lenovo MotoGP","co_branded_property","property_outcome","motogp","worldwide",2025-11-23,37,0,4,0
"cobrand_motogp","Lenovo MotoGP","co_branded_property","property_outcome","motogp","worldwide",2025-11-30,16,0,4,0
"cobrand_motogp","Lenovo MotoGP","co_branded_property","property_outcome","motogp","worldwide",2025-12-07,48,0,4,0
"cobrand_motogp","Lenovo MotoGP","co_branded_property","property_outcome","motogp","worldwide",2025-12-14,23,0,4,0
"cobrand_motogp","Lenovo MotoGP","co_branded_property","property_outcome","motogp","worldwide",2025-12-21,,,4,4
"cobrand_motogp","Lenovo MotoGP","co_branded_property","property_outcome","motogp","worldwide",2025-12-28,,,3,3
"cobrand_motogp","Lenovo MotoGP","co_branded_property","property_outcome","motogp","worldwide",2026-01-04,,,3,3
"cobrand_motogp","Lenovo MotoGP","co_branded_property","property_outcome","motogp","worldwide",2026-01-11,23,0,3,0
"cobrand_motogp","Lenovo MotoGP","co_branded_property","property_outcome","motogp","worldwide",2026-01-18,29,0,3,0
"cobrand_motogp","Lenovo MotoGP","co_branded_property","property_outcome","motogp","worldwide",2026-01-25,,,3,3
"cobrand_motogp","Lenovo MotoGP","co_branded_property","property_outcome","motogp","worldwide",2026-02-01,19,0,3,0
"cobrand_motogp","Lenovo MotoGP","co_branded_property","property_outcome","motogp","worldwide",2026-02-08,27,0,3,0
"cobrand_motogp","Lenovo MotoGP","co_branded_property","property_outcome","motogp","worldwide",2026-02-15,16,0,3,0
"cobrand_motogp","Lenovo MotoGP","co_branded_property","property_outcome","motogp","worldwide",2026-02-22,41,0,3,0
"cobrand_motogp","Lenovo MotoGP","co_branded_property","property_outcome","motogp","worldwide",2026-03-01,51,0,3,0
"cobrand_motogp","Lenovo MotoGP","co_branded_property","property_outcome","motogp","worldwide",2026-03-08,36,0,3,0
"cobrand_motogp","Lenovo MotoGP","co_branded_property","property_outcome","motogp","worldwide",2026-03-15,35,0,3,0
"cobrand_motogp","Lenovo MotoGP","co_branded_property","property_outcome","motogp","worldwide",2026-03-22,58,0,3,0
"cobrand_motogp","Lenovo MotoGP","co_branded_property","property_outcome","motogp","worldwide",2026-03-29,60,0,3,0
"cobrand_motogp","Lenovo MotoGP","co_branded_property","property_outcome","motogp","worldwide",2026-04-05,28,0,3,0
"cobrand_motogp","Lenovo MotoGP","co_branded_property","property_outcome","motogp","worldwide",2026-04-12,34,0,3,0
"cobrand_motogp","Lenovo MotoGP","co_branded_property","property_outcome","motogp","worldwide",2026-04-19,32,0,3,0
"cobrand_motogp","Lenovo MotoGP","co_branded_property","property_outcome","motogp","worldwide",2026-04-26,27,0,3,0
"cobrand_motogp","Lenovo MotoGP","co_branded_property","property_outcome","motogp","worldwide",2026-05-03,38,0,3,0
"cobrand_motogp","Lenovo MotoGP","co_branded_property","property_outcome","motogp","worldwide",2026-05-10,69,0,3,0
"cobrand_motogp","Lenovo MotoGP","co_branded_property","property_outcome","motogp","worldwide",2026-05-17,51,0,2,0
"cobrand_motogp","Lenovo MotoGP","co_branded_property","property_outcome","motogp","worldwide",2026-05-24,45,0,2,0
"cobrand_motogp","Lenovo MotoGP","co_branded_property","property_outcome","motogp","worldwide",2026-05-31,89,0,2,0
"cobrand_motogp","Lenovo MotoGP","co_branded_property","property_outcome","motogp","worldwide",2026-06-07,76,0,2,0
"cobrand_motogp","Lenovo MotoGP","co_branded_property","property_outcome","motogp","worldwide",2026-06-14,54,0,2,0
"cobrand_motogp","Lenovo MotoGP","co_branded_property","property_outcome","motogp","worldwide",2026-06-21,71,0,2,0
"cobrand_motogp","Lenovo MotoGP","co_branded_property","property_outcome","motogp","worldwide",2026-06-28,54,0,2,0
"cobrand_motogp","Lenovo MotoGP","co_branded_property","property_outcome","motogp","worldwide",2026-07-05,34,0,2,0
"cobrand_motogp","Lenovo MotoGP","co_branded_property","property_outcome","motogp","worldwide",2026-07-12,62,0,2,0
"cobrand_motogp","Lenovo MotoGP","co_branded_property","property_outcome","motogp","worldwide",2026-07-19,24,0,2,0
"cobrand_motogp","Lenovo MotoGP","co_branded_property","property_outcome","motogp","worldwide",2026-07-26,26,0,2,0
"cobrand_motogp","Lenovo MotoGP","co_branded_property","property_outcome","motogp","worldwide",2026-08-02,29,0,2,0
"cobrand_motogp","Lenovo MotoGP","co_branded_property","property_outcome","motogp","worldwide",2026-08-09,49,0,2,0
"cobrand_motogp","Lenovo MotoGP","co_branded_property","property_outcome","motogp","worldwide",2026-08-16,,,2,2
"cobrand_motogp","Lenovo MotoGP","co_branded_property","property_outcome","motogp","worldwide",2026-08-23,23,0,2,0
"cobrand_motogp","Lenovo MotoGP","co_branded_property","property_outcome","motogp","worldwide",2026-08-30,36,0,2,0
"cobrand_motogp","Lenovo MotoGP","co_branded_property","property_outcome","motogp","worldwide",2026-09-06,31,0,2,0
"cobrand_motogp","Lenovo MotoGP","co_branded_property","property_outcome","motogp","worldwide",2026-09-13,38,0,2,0
"cobrand_motogp","Lenovo MotoGP","co_branded_property","property_outcome","motogp","worldwide",2026-09-20,11,0,2,0
"cobrand_motogp","Lenovo MotoGP","co_branded_property","property_outcome","motogp","worldwide",2026-09-27,13,0,2,0
"donor_acer","Acer","competitor_donor","scm_donor","","worldwide",2021-12-26,62.14775,0.20895005384062265,2,0
"donor_acer","Acer","competitor_donor","scm_donor","","worldwide",2022-01-02,72.7733,0.32060221458998206,2,0
"donor_acer","Acer","competitor_donor","scm_donor","","worldwide",2022-01-09,74.95615000000001,0.062013264710058885,2,0
"donor_acer","Acer","competitor_donor","scm_donor","","worldwide",2022-01-16,65.22485,0.3179859194995954,2,0
"donor_acer","Acer","competitor_donor","scm_donor","","worldwide",2022-01-23,76.2447,0.34605805871269874,2,0
"donor_acer","Acer","competitor_donor","scm_donor","","worldwide",2022-01-30,72.2733,0.38650456659656546,2,0
"donor_acer","Acer","competitor_donor","scm_donor","","worldwide",2022-02-06,73.6676,0.4700845881328165,2,0
"donor_acer","Acer","competitor_donor","scm_donor","","worldwide",2022-02-13,78.92750000000001,0.10253048327204657,2,0
"donor_acer","Acer","competitor_donor","scm_donor","","worldwide",2022-02-20,73.1676,0.237022193053731,2,0
"donor_acer","Acer","competitor_donor","scm_donor","","worldwide",2022-02-27,74.06184999999999,0.08746910883277556,2,0
"donor_acer","Acer","competitor_donor","scm_donor","","worldwide",2022-03-06,73.1676,0.237022193053731,2,0
"donor_acer","Acer","competitor_donor","scm_donor","","worldwide",2022-03-13,74.06184999999999,0.08746910883277556,2,0
"donor_acer","Acer","competitor_donor","scm_donor","","worldwide",2022-03-20,74.06184999999999,0.08746910883277556,2,0
"donor_acer","Acer","competitor_donor","scm_donor","","worldwide",2022-03-27,71.87905,0.17104913036902664,2,0
"donor_acer","Acer","competitor_donor","scm_donor","","worldwide",2022-04-03,66.1191,0.16843283527864,2,0
"donor_acer","Acer","competitor_donor","scm_donor","","worldwide",2022-04-10,70.09049999999999,0.12798632739476326,2,0
"donor_acer","Acer","competitor_donor","scm_donor","","worldwide",2022-04-17,68.80195,0.28008499602799436,2,0
"donor_acer","Acer","competitor_donor","scm_donor","","worldwide",2022-04-24,68.30195,0.42702178515855316,2,0
"donor_acer","Acer","competitor_donor","scm_donor","","worldwide",2022-05-01,68.30195,0.42702178515855316,2,0
"donor_acer","Acer","competitor_donor","scm_donor","","worldwide",2022-05-08,65.22485,0.3179859194995954,2,0
"donor_acer","Acer","competitor_donor","scm_donor","","worldwide",2022-05-15,63.042,0.059396969619672245,2,0
"donor_acer","Acer","competitor_donor","scm_donor","","worldwide",2022-05-22,63.187733333333334,0.25588789211944485,3,0
"donor_acer","Acer","competitor_donor","scm_donor","","worldwide",2022-05-29,65.40776666666667,0.3885010210196806,3,0
"donor_acer","Acer","competitor_donor","scm_donor","","worldwide",2022-06-05,63.187733333333334,0.25588789211944485,3,0
"donor_acer","Acer","competitor_donor","scm_donor","","worldwide",2022-06-12,63.78393333333333,0.2714857147868624,3,0
"donor_acer","Acer","competitor_donor","scm_donor","","worldwide",2022-06-19,64.88996666666667,0.19825317988201732,3,0
"donor_acer","Acer","competitor_donor","scm_donor","","worldwide",2022-06-26,65.7411,0.27658580946967976,3,0
"donor_acer","Acer","competitor_donor","scm_donor","","worldwide",2022-07-03,62.932766666666666,0.19380341414261382,3,0
"donor_acer","Acer","competitor_donor","scm_donor","","worldwide",2022-07-10,68.81223333333334,0.19884929804586768,3,0
"donor_acer","Acer","competitor_donor","scm_donor","","worldwide",2022-07-17,65.40776666666667,0.3885010210196806,3,0
"donor_acer","Acer","competitor_donor","scm_donor","","worldwide",2022-07-24,66.00393333333334,0.23232497354639764,3,0
"donor_acer","Acer","competitor_donor","scm_donor","","worldwide",2022-07-31,66.25886666666666,0.26979431671799914,3,0
"donor_acer","Acer","competitor_donor","scm_donor","","worldwide",2022-08-07,66.85506666666666,0.27456855853016693,3,0
"donor_acer","Acer","competitor_donor","scm_donor","","worldwide",2022-08-14,67.9611,0.13076402410449411,3,0
"donor_acer","Acer","competitor_donor","scm_donor","","worldwide",2022-08-21,67.70616666666666,0.3609918604807192,3,0
"donor_acer","Acer","competitor_donor","scm_donor","","worldwide",2022-08-28,65.7411,0.27658580946967976,3,0
"donor_acer","Acer","competitor_donor","scm_donor","","worldwide",2022-09-04,64.88996666666667,0.19825317988201732,3,0
"donor_acer","Acer","competitor_donor","scm_donor","","worldwide",2022-09-11,64.03886666666666,0.1887258682145443,3,0
"donor_acer","Acer","competitor_donor","scm_donor","","worldwide",2022-09-18,69.07506666666667,0.2872530127489184,3,0
"donor_acer","Acer","competitor_donor","scm_donor","","worldwide",2022-09-25,65.7411,0.27658580946967976,3,0
"donor_acer","Acer","competitor_donor","scm_donor","","worldwide",2022-10-02,66.25886666666666,0.26979431671799914,3,0
"donor_acer","Acer","competitor_donor","scm_donor","","worldwide",2022-10-09,65.753775,0.22724970663713764,4,0
"donor_acer","Acer","competitor_donor","scm_donor","","worldwide",2022-10-16,64.5417,0.36116503152990814,4,0
"donor_acer","Acer","competitor_donor","scm_donor","","worldwide",2022-10-23,61.223325,0.20995901782649623,4,0
"donor_acer","Acer","competitor_donor","scm_donor","","worldwide",2022-10-30,62.8825,0.18747478052616556,4,0
"donor_acer","Acer","competitor_donor","scm_donor","","worldwide",2022-11-06,63.264975,0.25984131535740357,4,0
"donor_acer","Acer","competitor_donor","scm_donor","","worldwide",2022-11-13,66.78049999999999,0.26925702714445005,4,0
"donor_acer","Acer","competitor_donor","scm_donor","","worldwide",2022-11-20,76.3681,0.24555456963100325,4,0
"donor_acer","Acer","competitor_donor","scm_donor","","worldwide",2022-11-27,59.814125,0.1765715600920313,4,0
"donor_acer","Acer","competitor_donor","scm_donor","","worldwide",2022-12-04,58.98455,0.11513547093171027,4,0
"donor_acer","Acer","competitor_donor","scm_donor","","worldwide",2022-12-11,58.15495,0.14624191145723744,4,0
"donor_acer","Acer","competitor_donor","scm_donor","","worldwide",2022-12-18,58.98455,0.11513547093171027,4,0
"donor_acer","Acer","competitor_donor","scm_donor","","worldwide",2022-12-25,65.753775,0.22724970663713764,4,0
"donor_acer","Acer","competitor_donor","scm_donor","","worldwide",2023-01-01,62.052925,0.16306968602410232,4,0
"donor_acer","Acer","competitor_donor","scm_donor","","worldwide",2023-01-08,63.712125,0.26412511397694427,4,0
"donor_acer","Acer","competitor_donor","scm_donor","","worldwide",2023-01-15,61.223325,0.20995901782649623,4,0
"donor_acer","Acer","competitor_donor","scm_donor","","worldwide",2023-01-22,61.0262,0.2246106112067423,4,0
"donor_acer","Acer","competitor_donor","scm_donor","","worldwide",2023-01-29,61.855775,0.23352612095152553,4,0
"donor_acer","Acer","competitor_donor","scm_donor","","worldwide",2023-02-05,60.393725,0.29606115781484604,4,0
"donor_acer","Acer","competitor_donor","scm_donor","","worldwide",2023-02-12,52.847775,0.10477405451732798,4,0
"donor_acer","Acer","competitor_donor","scm_donor","","worldwide",2023-02-19,59.814125,0.1765715600920313,4,0
"donor_acer","Acer","competitor_donor","scm_donor","","worldwide",2023-02-26,57.957825,0.26994291217465466,4,0
"donor_acer","Acer","competitor_donor","scm_donor","","worldwide",2023-03-05,58.27952,0.30598765824784463,5,0
"donor_acer","Acer","competitor_donor","scm_donor","","worldwide",2023-03-12,57.16052,0.26333445843641745,5,0
"donor_acer","Acer","competitor_donor","scm_donor","","worldwide",2023-03-19,56.70574,0.18576071436124536,5,0
"donor_acer","Acer","competitor_donor","scm_donor","","worldwide",2023-03-26,56.70574,0.18576071436124536,5,0
"donor_acer","Acer","competitor_donor","scm_donor","","worldwide",2023-04-02,55.73556,0.3099080637866641,5,0
"donor_acer","Acer","competitor_donor","scm_donor","","worldwide",2023-04-09,61.02292,0.1946567157844799,5,0
"donor_acer","Acer","competitor_donor","scm_donor","","worldwide",2023-04-16,52.84334,0.09127731372033251,5,0
"donor_acer","Acer","competitor_donor","scm_donor","","worldwide",2023-04-23,53.65582,0.19504779414287174,5,0
"donor_acer","Acer","competitor_donor","scm_donor","","worldwide",2023-04-30,55.08078,0.07268237062727224,5,0
"donor_acer","Acer","competitor_donor","scm_donor","","worldwide",2023-05-07,61.02292,0.1946567157844799,5,0
"donor_acer","Acer","competitor_donor","scm_donor","","worldwide",2023-05-14,55.08078,0.07268237062727224,5,0
"donor_acer","Acer","competitor_donor","scm_donor","","worldwide",2023-05-21,56.34804,0.32454766676098595,5,0
"donor_acer","Acer","competitor_donor","scm_donor","","worldwide",2023-05-28,55.53556,0.40475055033934026,5,0
"donor_acer","Acer","competitor_donor","scm_donor","","worldwide",2023-06-04,60.21042,0.2351225042398103,5,0
"donor_acer","Acer","competitor_donor","scm_donor","","worldwide",2023-06-11,55.89328,0.09304967490539721,5,0
"donor_acer","Acer","competitor_donor","scm_donor","","worldwide",2023-06-18,54.92308,0.2884754183635075,5,0
"donor_acer","Acer","competitor_donor","scm_donor","","worldwide",2023-06-25,52.03086,0.033039037516248364,5,0
"donor_acer","Acer","competitor_donor","scm_donor","","worldwide",2023-07-02,55.89328,0.09304967490539721,5,0
"donor_acer","Acer","competitor_donor","scm_donor","","worldwide",2023-07-09,62.14192,0.24401709366353763,5,0
"donor_acer","Acer","competitor_donor","scm_donor","","worldwide",2023-07-16,61.02292,0.1946567157844799,5,0
"donor_acer","Acer","competitor_donor","scm_donor","","worldwide",2023-07-23,60.76476666666667,0.2833150378406819,6,0
"donor_acer","Acer","competitor_donor","scm_donor","","worldwide",2023-07-30,59.96371666666666,0.26910271954528225,6,0
"donor_acer","Acer","competitor_donor","scm_donor","","worldwide",2023-08-06,62.4552,0.27548467833983065,6,0
"donor_acer","Acer","competitor_donor","scm_donor","","worldwide",2023-08-13,58.914683333333336,0.14025761179581908,6,0
"donor_acer","Acer","competitor_donor","scm_donor","","worldwide",2023-08-20,60.27646,0.17538140722436854,5,0
"donor_acer","Acer","competitor_donor","scm_donor","","worldwide",2023-08-27,61.8836,0.12250914251597693,5,0
"donor_acer","Acer","competitor_donor","scm_donor","","worldwide",2023-09-03,60.27646,0.17538140722436854,5,0
"donor_acer","Acer","competitor_donor","scm_donor","","worldwide",2023-09-10,59.472899999999996,0.27411756601866927,5,0
"donor_acer","Acer","competitor_donor","scm_donor","","worldwide",2023-09-17,59.6729,0.19669885612275492,5,0
"donor_acer","Acer","competitor_donor","scm_donor","","worldwide",2023-09-24,61.37764,0.3498059290520965,5,0
"donor_acer","Acer","competitor_donor","scm_donor","","worldwide",2023-10-01,62.98474,0.25814835463353253,5,0
"donor_acer","Acer","competitor_donor","scm_donor","","worldwide",2023-10-08,64.09426,0.14509397988889913,5,0
"donor_acer","Acer","competitor_donor","scm_donor","","worldwide",2023-10-15,60.476459999999996,0.30418520345342315,5,0
"donor_acer","Acer","competitor_donor","scm_donor","","worldwide",2023-10-22,59.472899999999996,0.27411756601866927,5,0
"donor_acer","Acer","competitor_donor","scm_donor","","worldwide",2023-10-29,57.26224,0.15229797437917647,5,0
"donor_acer","Acer","competitor_donor","scm_donor","","worldwide",2023-11-05,64.89784,0.15645131191524017,5,0
"donor_acer","Acer","competitor_donor","scm_donor","","worldwide",2023-11-12,65.999,0.21615836786948858,5,0
"donor_acer","Acer","competitor_donor","scm_donor","","worldwide",2023-11-19,74.23814,0.16723321440431435,5,0
"donor_acer","Acer","competitor_donor","scm_donor","","worldwide",2023-11-26,64.09426,0.14509397988889913,5,0
"donor_acer","Acer","competitor_donor","scm_donor","","worldwide",2023-12-03,59.6729,0.19669885612275492,5,0
"donor_acer","Acer","competitor_donor","scm_donor","","worldwide",2023-12-10,58.86936,0.09583169100041979,5,0
"donor_acer","Acer","competitor_donor","scm_donor","","worldwide",2023-12-17,57.424,0.28711238914404236,6,0
"donor_acer","Acer","competitor_donor","scm_donor","","worldwide",2023-12-24,61.842216666666666,0.14927248127724901,6,0
"donor_acer","Acer","competitor_donor","scm_donor","","worldwide",2023-12-31,57.79426666666667,0.33058202411302795,6,0
"donor_acer","Acer","competitor_donor","scm_donor","","worldwide",2024-01-07,61.82076,0.15620476305157932,5,0
"donor_acer","Acer","competitor_donor","scm_donor","","worldwide",2024-01-14,59.42868,0.2545098662134724,5,0
"donor_acer","Acer","competitor_donor","scm_donor","","worldwide",2024-01-21,60.57278,0.35397274188841205,5,0
"donor_acer","Acer","competitor_donor","scm_donor","","worldwide",2024-01-28,64.81014,0.19648278041599285,5,0
"donor_acer","Acer","competitor_donor","scm_donor","","worldwide",2024-02-04,58.83136,0.12006003914708659,5,0
"donor_acer","Acer","competitor_donor","scm_donor","","worldwide",2024-02-11,60.22604,0.15933897200622263,5,0
"donor_acer","Acer","competitor_donor","scm_donor","","worldwide",2024-02-18,59.628679999999996,0.22457798645459523,5,0
"donor_acer","Acer","competitor_donor","scm_donor","","worldwide",2024-02-25,60.07304,0.24878647069324344,5,0
"donor_acer","Acer","competitor_donor","scm_donor","","worldwide",2024-03-03,59.27568,0.2981666849264014,5,0
"donor_acer","Acer","competitor_donor","scm_donor","","worldwide",2024-03-10,58.83136,0.12006003914708659,5,0
"donor_acer","Acer","competitor_donor","scm_donor","","worldwide",2024-03-17,57.23666,0.14202055485034656,5,0
"donor_acer","Acer","competitor_donor","scm_donor","","worldwide",2024-03-24,58.03398,0.06581205816565613,5,0
"donor_acer","Acer","competitor_donor","scm_donor","","worldwide",2024-03-31,56.63928,0.20563510643856528,5,0
"donor_acer","Acer","competitor_donor","scm_donor","","worldwide",2024-04-07,54.24726,0.13840617038268194,5,0
"donor_acer","Acer","competitor_donor","scm_donor","","worldwide",2024-04-14,56.78604,0.31386231535499776,5,0
"donor_acer","Acer","competitor_donor","scm_donor","","worldwide",2024-04-21,58.03398,0.06581205816565613,5,0
"donor_acer","Acer","competitor_donor","scm_donor","","worldwide",2024-04-28,58.03398,0.06581205816565613,5,0
"donor_acer","Acer","competitor_donor","scm_donor","","worldwide",2024-05-05,56.5916,0.21787366063845326,6,0
"donor_acer","Acer","competitor_donor","scm_donor","","worldwide",2024-05-12,55.76238333333333,0.2119212534567184,6,0
"donor_acer","Acer","competitor_donor","scm_donor","","worldwide",2024-05-19,55.927166666666665,0.22467086741869027,6,0
"donor_acer","Acer","competitor_donor","scm_donor","","worldwide",2024-05-26,57.25418333333333,0.13408308493865606,6,0
"donor_acer","Acer","competitor_donor","scm_donor","","worldwide",2024-06-02,57.57644,0.3722330761767424,5,0
"donor_acer","Acer","competitor_donor","scm_donor","","worldwide",2024-06-09,55.9433,0.2472733608781989,5,0
"donor_acer","Acer","competitor_donor","scm_donor","","worldwide",2024-06-16,55.74556,0.23241253838810005,5,0
"donor_acer","Acer","competitor_donor","scm_donor","","worldwide",2024-06-23,54.25912,0.14802882151797309,5,0
"donor_acer","Acer","competitor_donor","scm_donor","","worldwide",2024-06-30,57.2297,0.13407867093613365,5,0
"donor_acer","Acer","competitor_donor","scm_donor","","worldwide",2024-07-07,60.547019999999996,0.37065426208260466,5,0
"donor_acer","Acer","competitor_donor","scm_donor","","worldwide",2024-07-14,63.17084,0.11582880902435194,5,0
"donor_acer","Acer","competitor_donor","scm_donor","","worldwide",2024-07-21,57.2297,0.13407867093613365,5,0
"donor_acer","Acer","competitor_donor","scm_donor","","worldwide",2024-07-28,61.88444,0.2605941058427832,5,0
"donor_acer","Acer","competitor_donor","scm_donor","","worldwide",2024-08-04,64.45726,0.318260118456585,5,0
"donor_acer","Acer","competitor_donor","scm_donor","","worldwide",2024-08-11,62.03118,0.29013000017233576,5,0
"donor_acer","Acer","competitor_donor","scm_donor","","worldwide",2024-08-18,60.20028,0.12307206019239264,5,0
"donor_acer","Acer","competitor_donor","scm_donor","","worldwide",2024-08-25,67.62782,0.28477862806046195,5,0
"donor_acer","Acer","competitor_donor","scm_donor","","worldwide",2024-09-01,66.14142,0.11312096180637796,5,0
"donor_acer","Acer","competitor_donor","scm_donor","","worldwide",2024-09-08,67.13022000000001,0.23774302723739532,5,0
"donor_acer","Acer","competitor_donor","scm_donor","","worldwide",2024-09-15,64.65726,0.26955426726356935,5,0
"donor_acer","Acer","competitor_donor","scm_donor","","worldwide",2024-09-22,63.17084,0.11582880902435194,5,0
"donor_acer","Acer","competitor_donor","scm_donor","","worldwide",2024-09-29,64.87915,0.24872090985681253,6,0
"donor_acer","Acer","competitor_donor","scm_donor","","worldwide",2024-10-06,65.70506666666667,0.34659531829882756,6,0
"donor_acer","Acer","competitor_donor","scm_donor","","worldwide",2024-10-13,62.27396666666667,0.22665756256226394,6,0
"donor_acer","Acer","competitor_donor","scm_donor","","worldwide",2024-10-20,64.01574,0.15388849209736308,5,0
"donor_acer","Acer","competitor_donor","scm_donor","","worldwide",2024-10-27,63.12246,0.12854854336008517,5,0
"donor_acer","Acer","competitor_donor","scm_donor","","worldwide",2024-11-03,65.60454,0.36972439465093193,5,0
"donor_acer","Acer","competitor_donor","scm_donor","","worldwide",2024-11-10,66.99108,0.16268825095869643,5,0
"donor_acer","Acer","competitor_donor","scm_donor","","worldwide",2024-11-17,72.74406,0.35206572965854077,5,0
"donor_acer","Acer","competitor_donor","scm_donor","","worldwide",2024-11-24,73.08854,0.18440644782653345,5,0
"donor_acer","Acer","competitor_donor","scm_donor","","worldwide",2024-12-01,66.99108,0.16268825095869643,5,0
"donor_acer","Acer","competitor_donor","scm_donor","","worldwide",2024-12-08,64.71128,0.31154508020509625,5,0
"donor_acer","Acer","competitor_donor","scm_donor","","worldwide",2024-12-15,62.22918,0.22175035963894105,5,0
"donor_acer","Acer","competitor_donor","scm_donor","","worldwide",2024-12-22,66.09782,0.11812676242071503,5,0
"donor_acer","Acer","competitor_donor","scm_donor","","worldwide",2024-12-29,60.14712,0.14341914795451793,5,0
"donor_acer","Acer","competitor_donor","scm_donor","","worldwide",2025-01-05,68.1799,0.18644122398224963,5,0
"donor_acer","Acer","competitor_donor","scm_donor","","worldwide",2025-01-12,64.71128,0.31154508020509625,5,0
"donor_acer","Acer","competitor_donor","scm_donor","","worldwide",2025-01-19,63.818,0.311850661374961,5,0
"donor_acer","Acer","competitor_donor","scm_donor","","worldwide",2025-01-26,59.653819999999996,0.323664119111156,5,0
"donor_acer","Acer","competitor_donor","scm_donor","","worldwide",2025-02-02,66.09782,0.11812676242071503,5,0
"donor_acer","Acer","competitor_donor","scm_donor","","worldwide",2025-02-09,63.12246,0.12854854336008517,5,0
"donor_acer","Acer","competitor_donor","scm_donor","","worldwide",2025-02-16,61.033633333333334,0.134746586846074,6,0
"donor_acer","Acer","competitor_donor","scm_donor","","worldwide",2025-02-23,59.21151666666667,0.24000042013852013,6,0
"donor_acer","Acer","competitor_donor","scm_donor","","worldwide",2025-03-02,61.27993333333333,0.34077483279530346,6,0
"donor_acer","Acer","competitor_donor","scm_donor","","worldwide",2025-03-09,60.1226,0.14164259246427222,6,0
"donor_acer","Acer","competitor_donor","scm_donor","","worldwide",2025-03-16,63.0753,0.11950845158397726,5,0
"donor_acer","Acer","competitor_donor","scm_donor","","worldwide",2025-03-23,63.0753,0.11950845158397726,5,0
"donor_acer","Acer","competitor_donor","scm_donor","","worldwide",2025-03-30,58.20616,0.3111031227744262,5,0
"donor_acer","Acer","competitor_donor","scm_donor","","worldwide",2025-04-06,61.03958,0.1497684279145638,5,0
"donor_acer","Acer","competitor_donor","scm_donor","","worldwide",2025-04-13,58.80616,0.29588030181139113,5,0
"donor_acer","Acer","competitor_donor","scm_donor","","worldwide",2025-04-20,59.75062,0.34388547803011493,5,0
"donor_acer","Acer","competitor_donor","scm_donor","","worldwide",2025-04-27,59.00388,0.218843338943638,5,0
"donor_acer","Acer","competitor_donor","scm_donor","","worldwide",2025-05-04,64.0198,0.15296496330859627,5,0
"donor_acer","Acer","competitor_donor","scm_donor","","worldwide",2025-05-11,59.75062,0.34388547803011493,5,0
"donor_acer","Acer","competitor_donor","scm_donor","","worldwide",2025-05-18,62.87758,0.33418429346694356,5,0
"donor_acer","Acer","competitor_donor","scm_donor","","worldwide",2025-05-25,62.13082,0.18157205732160434,5,0
"donor_acer","Acer","competitor_donor","scm_donor","","worldwide",2025-06-01,62.13082,0.18157205732160434,5,0
"donor_acer","Acer","competitor_donor","scm_donor","","worldwide",2025-06-08,64.16654,0.2526944756024567,5,0
"donor_acer","Acer","competitor_donor","scm_donor","","worldwide",2025-06-15,64.0198,0.15296496330859627,5,0
"donor_acer","Acer","competitor_donor","scm_donor","","worldwide",2025-06-22,58.20616,0.3111031227744262,5,0
"donor_acer","Acer","competitor_donor","scm_donor","","worldwide",2025-06-29,59.150619999999996,0.21020756884565206,5,0
"donor_acer","Acer","competitor_donor","scm_donor","","worldwide",2025-07-06,64.0198,0.15296496330859627,5,0
"donor_acer","Acer","competitor_donor","scm_donor","","worldwide",2025-07-13,64.16654,0.2526944756024567,5,0
"donor_acer","Acer","competitor_donor","scm_donor","","worldwide",2025-07-20,67.14672,0.22350346082331957,5,0
"donor_acer","Acer","competitor_donor","scm_donor","","worldwide",2025-07-27,73.10712,0.16523901476346306,5,0
"donor_acer","Acer","competitor_donor","scm_donor","","worldwide",2025-08-03,75.034375,0.06875000000000142,4,0
"donor_acer","Acer","competitor_donor","scm_donor","","worldwide",2025-08-10,80.0202,0.040399999999998215,4,0
"donor_acer","Acer","competitor_donor","scm_donor","","worldwide",2025-08-17,80.0202,0.040399999999998215,4,0
"donor_acer","Acer","competitor_donor","scm_donor","","worldwide",2025-08-24,89.991825,0.01635000000000275,4,0
"donor_acer","Acer","competitor_donor","scm_donor","","worldwide",2025-08-31,98.9663,0.06739999999999924,4,0
"donor_acer","Acer","competitor_donor","scm_donor","","worldwide",2025-09-07,95.9748,0.05040000000000333,4,0
"donor_acer","Acer","competitor_donor","scm_donor","","worldwide",2025-09-14,83.011675,0.023350000000000648,4,0
"donor_acer","Acer","competitor_donor","scm_donor","","worldwide",2025-09-21,96.971975,0.056049999999999045,4,0
"donor_acer","Acer","competitor_donor","scm_donor","","worldwide",2025-09-28,88.994675,0.010649999999998272,4,0
"donor_acer","Acer","competitor_donor","scm_donor","","worldwide",2025-10-05,86.003175,0.006349999999997635,4,0
"donor_acer","Acer","competitor_donor","scm_donor","","worldwide",2025-10-12,86.003175,0.006349999999997635,4,0
"donor_acer","Acer","competitor_donor","scm_donor","","worldwide",2025-10-19,85.006025,0.012050000000002115,4,0
"donor_acer","Acer","competitor_donor","scm_donor","","worldwide",2025-10-26,81.01735,0.03470000000000084,4,0
"donor_acer","Acer","competitor_donor","scm_donor","","worldwide",2025-11-02,82.01452499999999,0.029049999999998022,4,0
"donor_acer","Acer","competitor_donor","scm_donor","","worldwide",2025-11-09,89.991825,0.01635000000000275,4,0
"donor_acer","Acer","competitor_donor","scm_donor","","worldwide",2025-11-16,86.003175,0.006349999999997635,4,0
"donor_acer","Acer","competitor_donor","scm_donor","","worldwide",2025-11-23,97.96912499999999,0.061750000000003524,4,0
"donor_acer","Acer","competitor_donor","scm_donor","","worldwide",2025-11-30,82.01452499999999,0.029049999999998022,4,0
"donor_acer","Acer","competitor_donor","scm_donor","","worldwide",2025-12-07,75.034375,0.06875000000000142,4,0
"donor_acer","Acer","competitor_donor","scm_donor","","worldwide",2025-12-14,72.0429,0.08579999999999899,4,0
"donor_acer","Acer","competitor_donor","scm_donor","","worldwide",2025-12-21,66.80992499999999,0.38015000000000043,4,0
"donor_acer","Acer","competitor_donor","scm_donor","","worldwide",2025-12-28,62,0,3,0
"donor_acer","Acer","competitor_donor","scm_donor","","worldwide",2026-01-04,67,0,3,0
"donor_acer","Acer","competitor_donor","scm_donor","","worldwide",2026-01-11,66,0,3,0
"donor_acer","Acer","competitor_donor","scm_donor","","worldwide",2026-01-18,72,0,3,0
"donor_acer","Acer","competitor_donor","scm_donor","","worldwide",2026-01-25,71,0,3,0
"donor_acer","Acer","competitor_donor","scm_donor","","worldwide",2026-02-01,72,0,3,0
"donor_acer","Acer","competitor_donor","scm_donor","","worldwide",2026-02-08,72,0,3,0
"donor_acer","Acer","competitor_donor","scm_donor","","worldwide",2026-02-15,71,0,3,0
"donor_acer","Acer","competitor_donor","scm_donor","","worldwide",2026-02-22,75,0,3,0
"donor_acer","Acer","competitor_donor","scm_donor","","worldwide",2026-03-01,72,0,3,0
"donor_acer","Acer","competitor_donor","scm_donor","","worldwide",2026-03-08,76,0,3,0
"donor_acer","Acer","competitor_donor","scm_donor","","worldwide",2026-03-15,76,0,3,0
"donor_acer","Acer","competitor_donor","scm_donor","","worldwide",2026-03-22,81,0,3,0
"donor_acer","Acer","competitor_donor","scm_donor","","worldwide",2026-03-29,99,0,3,0
"donor_acer","Acer","competitor_donor","scm_donor","","worldwide",2026-04-05,98,0,3,0
"donor_acer","Acer","competitor_donor","scm_donor","","worldwide",2026-04-12,98,0,3,0
"donor_acer","Acer","competitor_donor","scm_donor","","worldwide",2026-04-19,93,0,3,0
"donor_acer","Acer","competitor_donor","scm_donor","","worldwide",2026-04-26,84,0,3,0
"donor_acer","Acer","competitor_donor","scm_donor","","worldwide",2026-05-03,95,0,3,0
"donor_acer","Acer","competitor_donor","scm_donor","","worldwide",2026-05-10,100,0,3,0
"donor_acer","Acer","competitor_donor","scm_donor","","worldwide",2026-05-17,92,0,2,0
"donor_acer","Acer","competitor_donor","scm_donor","","worldwide",2026-05-24,82,0,2,0
"donor_acer","Acer","competitor_donor","scm_donor","","worldwide",2026-05-31,90,0,2,0
"donor_acer","Acer","competitor_donor","scm_donor","","worldwide",2026-06-07,80,0,2,0
"donor_acer","Acer","competitor_donor","scm_donor","","worldwide",2026-06-14,70,0,2,0
"donor_acer","Acer","competitor_donor","scm_donor","","worldwide",2026-06-21,80,0,2,0
"donor_acer","Acer","competitor_donor","scm_donor","","worldwide",2026-06-28,73,0,2,0
"donor_acer","Acer","competitor_donor","scm_donor","","worldwide",2026-07-05,74,0,2,0
"donor_acer","Acer","competitor_donor","scm_donor","","worldwide",2026-07-12,68,0,2,0
"donor_acer","Acer","competitor_donor","scm_donor","","worldwide",2026-07-19,68,0,2,0
"donor_acer","Acer","competitor_donor","scm_donor","","worldwide",2026-07-26,71,0,2,0
"donor_acer","Acer","competitor_donor","scm_donor","","worldwide",2026-08-02,73,0,2,0
"donor_acer","Acer","competitor_donor","scm_donor","","worldwide",2026-08-09,86,0,2,0
"donor_acer","Acer","competitor_donor","scm_donor","","worldwide",2026-08-16,96,0,2,0
"donor_acer","Acer","competitor_donor","scm_donor","","worldwide",2026-08-23,92,0,2,0
"donor_acer","Acer","competitor_donor","scm_donor","","worldwide",2026-08-30,98,0,2,0
"donor_acer","Acer","competitor_donor","scm_donor","","worldwide",2026-09-06,87,0,2,0
"donor_acer","Acer","competitor_donor","scm_donor","","worldwide",2026-09-13,78,0,2,0
"donor_acer","Acer","competitor_donor","scm_donor","","worldwide",2026-09-20,68,0,2,0
"donor_acer","Acer","competitor_donor","scm_donor","","worldwide",2026-09-27,67,0,2,0
"donor_asus","Asus","competitor_donor","scm_donor","","worldwide",2021-12-26,48.6155,0.5437651147324539,2,0
"donor_asus","Asus","competitor_donor","scm_donor","","worldwide",2022-01-02,57.87905,0.17104913036902664,2,0
"donor_asus","Asus","competitor_donor","scm_donor","","worldwide",2022-01-09,55.18815,0.2660842817604982,2,0
"donor_asus","Asus","competitor_donor","scm_donor","","worldwide",2022-01-16,50.00865,0.012232947314526395,2,0
"donor_asus","Asus","competitor_donor","scm_donor","","worldwide",2022-01-23,54.89045,0.15492709575797073,2,0
"donor_asus","Asus","competitor_donor","scm_donor","","worldwide",2022-01-30,54.89045,0.15492709575797073,2,0
"donor_asus","Asus","competitor_donor","scm_donor","","worldwide",2022-02-06,54.89045,0.15492709575797073,2,0
"donor_asus","Asus","competitor_donor","scm_donor","","worldwide",2022-02-13,59.7722,0.32215784950858883,2,0
"donor_asus","Asus","competitor_donor","scm_donor","","worldwide",2022-02-20,57.0813,0.11497556262093095,2,0
"donor_asus","Asus","competitor_donor","scm_donor","","worldwide",2022-02-27,52.69955,0.42490046481499844,2,0
"donor_asus","Asus","competitor_donor","scm_donor","","worldwide",2022-03-06,53.795,0.28991378028648207,2,0
"donor_asus","Asus","competitor_donor","scm_donor","","worldwide",2022-03-13,54.89045,0.15492709575797073,2,0
"donor_asus","Asus","competitor_donor","scm_donor","","worldwide",2022-03-20,54.0927,0.13109759723198686,2,0
"donor_asus","Asus","competitor_donor","scm_donor","","worldwide",2022-03-27,51.1041,0.14721963184303774,2,0
"donor_asus","Asus","competitor_donor","scm_donor","","worldwide",2022-04-03,48.9132,0.12275373721398494,2,0
"donor_asus","Asus","competitor_donor","scm_donor","","worldwide",2022-04-10,45.9246,0.10663170260292905,2,0
"donor_asus","Asus","competitor_donor","scm_donor","","worldwide",2022-04-17,48.1155,0.16334166645409365,2,0
"donor_asus","Asus","competitor_donor","scm_donor","","worldwide",2022-04-24,45.126850000000005,0.17939299038702855,2,0
"donor_asus","Asus","competitor_donor","scm_donor","","worldwide",2022-05-01,44.82915,0.2416183871314454,2,0
"donor_asus","Asus","competitor_donor","scm_donor","","worldwide",2022-05-08,45.626850000000005,0.527713790799519,2,0
"donor_asus","Asus","competitor_donor","scm_donor","","worldwide",2022-05-15,44.03145,0.044477016536633183,2,0
"donor_asus","Asus","competitor_donor","scm_donor","","worldwide",2022-05-22,43.286966666666665,0.25125227030483377,3,0
"donor_asus","Asus","competitor_donor","scm_donor","","worldwide",2022-05-29,42.90306666666667,0.08573105232839004,3,0
"donor_asus","Asus","competitor_donor","scm_donor","","worldwide",2022-06-05,45.62416666666667,0.37317894277857183,3,0
"donor_asus","Asus","competitor_donor","scm_donor","","worldwide",2022-06-12,44.906933333333335,0.21757863712537148,3,0
"donor_asus","Asus","competitor_donor","scm_donor","","worldwide",2022-06-19,46.2066,0.2239570494536852,3,0
"donor_asus","Asus","competitor_donor","scm_donor","","worldwide",2022-06-26,44.906933333333335,0.21757863712537148,3,0
"donor_asus","Asus","competitor_donor","scm_donor","","worldwide",2022-07-03,53.33246666666667,0.3020533948382875,3,0
"donor_asus","Asus","competitor_donor","scm_donor","","worldwide",2022-07-10,49.31166666666667,0.2737360833601111,3,0
"donor_asus","Asus","competitor_donor","scm_donor","","worldwide",2022-07-17,44.38816666666666,0.34465725486827126,3,0
"donor_asus","Asus","competitor_donor","scm_donor","","worldwide",2022-07-24,49.645,0.31080236485586726,3,0
"donor_asus","Asus","competitor_donor","scm_donor","","worldwide",2022-07-31,50.74616666666667,0.21992367615455594,3,0
"donor_asus","Asus","competitor_donor","scm_donor","","worldwide",2022-08-07,49.31166666666667,0.2737360833601111,3,0
"donor_asus","Asus","competitor_donor","scm_donor","","worldwide",2022-08-14,48.2105,0.20103544463601491,3,0
"donor_asus","Asus","competitor_donor","scm_donor","","worldwide",2022-08-21,49.843466666666664,0.28623665616641875,3,0
"donor_asus","Asus","competitor_donor","scm_donor","","worldwide",2022-08-28,48.927733333333336,0.09037639809891414,3,0
"donor_asus","Asus","competitor_donor","scm_donor","","worldwide",2022-09-04,49.31166666666667,0.2737360833601111,3,0
"donor_asus","Asus","competitor_donor","scm_donor","","worldwide",2022-09-11,47.307766666666666,0.31822014916301816,3,0
"donor_asus","Asus","competitor_donor","scm_donor","","worldwide",2022-09-18,51.1301,0.11342314578603326,3,0
"donor_asus","Asus","competitor_donor","scm_donor","","worldwide",2022-09-25,49.12623333333333,0.25696428415897293,3,0
"donor_asus","Asus","competitor_donor","scm_donor","","worldwide",2022-10-02,46.2066,0.2239570494536852,3,0
"donor_asus","Asus","competitor_donor","scm_donor","","worldwide",2022-10-09,46.8839,0.15861843104339104,4,0
"donor_asus","Asus","competitor_donor","scm_donor","","worldwide",2022-10-16,45.38075,0.31120471825900503,4,0
"donor_asus","Asus","competitor_donor","scm_donor","","worldwide",2022-10-23,49.370625000000004,0.2527026628932379,4,0
"donor_asus","Asus","competitor_donor","scm_donor","","worldwide",2022-10-30,47.561,0.3319907528832696,4,0
"donor_asus","Asus","competitor_donor","scm_donor","","worldwide",2022-11-06,47.16215,0.16544369636425094,4,0
"donor_asus","Asus","competitor_donor","scm_donor","","worldwide",2022-11-13,53.360475,0.25290716841033556,4,0
"donor_asus","Asus","competitor_donor","scm_donor","","worldwide",2022-11-20,52.25625,0.17621843452563757,4,0
"donor_asus","Asus","competitor_donor","scm_donor","","worldwide",2022-11-27,49.370625000000004,0.2527026628932379,4,0
"donor_asus","Asus","competitor_donor","scm_donor","","worldwide",2022-12-04,43.9983,0.04774592478246989,4,0
"donor_asus","Asus","competitor_donor","scm_donor","","worldwide",2022-12-11,47.311,0.25990612407816305,4,0
"donor_asus","Asus","competitor_donor","scm_donor","","worldwide",2022-12-18,47.83925,0.15147449730345142,4,0
"donor_asus","Asus","competitor_donor","scm_donor","","worldwide",2022-12-25,54.993,0.14922227268965652,4,0
"donor_asus","Asus","competitor_donor","scm_donor","","worldwide",2023-01-01,50.047775,0.047882590782037604,4,0
"donor_asus","Asus","competitor_donor","scm_donor","","worldwide",2023-01-08,51.152,0.10244500963931781,4,0
"donor_asus","Asus","competitor_donor","scm_donor","","worldwide",2023-01-15,48.266400000000004,0.1986019637365153,4,0
"donor_asus","Asus","competitor_donor","scm_donor","","worldwide",2023-01-22,47.561,0.3319907528832696,4,0
"donor_asus","Asus","competitor_donor","scm_donor","","worldwide",2023-01-29,45.779625,0.17883303898702102,4,0
"donor_asus","Asus","competitor_donor","scm_donor","","worldwide",2023-02-05,45.38075,0.31120471825900503,4,0
"donor_asus","Asus","competitor_donor","scm_donor","","worldwide",2023-02-12,45.63075,0.30498367715884867,4,0
"donor_asus","Asus","competitor_donor","scm_donor","","worldwide",2023-02-19,47.311,0.25990612407816305,4,0
"donor_asus","Asus","competitor_donor","scm_donor","","worldwide",2023-02-26,45.1025,0.10807926103867875,4,0
"donor_asus","Asus","competitor_donor","scm_donor","","worldwide",2023-03-05,45.10266,0.09360006944441945,5,0
"donor_asus","Asus","competitor_donor","scm_donor","","worldwide",2023-03-12,44.64962,0.2041477822558937,5,0
"donor_asus","Asus","competitor_donor","scm_donor","","worldwide",2023-03-19,42.23738,0.13396405114806004,5,0
"donor_asus","Asus","competitor_donor","scm_donor","","worldwide",2023-03-26,42.89044,0.06311868186202857,5,0
"donor_asus","Asus","competitor_donor","scm_donor","","worldwide",2023-04-02,42.89044,0.06311868186202857,5,0
"donor_asus","Asus","competitor_donor","scm_donor","","worldwide",2023-04-09,42.89044,0.06311868186202857,5,0
"donor_asus","Asus","competitor_donor","scm_donor","","worldwide",2023-04-16,43.34348,0.19381046669362267,5,0
"donor_asus","Asus","competitor_donor","scm_donor","","worldwide",2023-04-23,42.89044,0.06311868186202857,5,0
"donor_asus","Asus","competitor_donor","scm_donor","","worldwide",2023-04-30,41.78428,0.12468501112804184,5,0
"donor_asus","Asus","competitor_donor","scm_donor","","worldwide",2023-05-07,43.87748,0.23000394996608328,5,0
"donor_asus","Asus","competitor_donor","scm_donor","","worldwide",2023-05-14,41.78428,0.12468501112804184,5,0
"donor_asus","Asus","competitor_donor","scm_donor","","worldwide",2023-05-21,44.64962,0.2041477822558937,5,0
"donor_asus","Asus","competitor_donor","scm_donor","","worldwide",2023-05-28,43.99658,0.04152766547736531,5,0
"donor_asus","Asus","competitor_donor","scm_donor","","worldwide",2023-06-04,42.23738,0.13396405114806004,5,0
"donor_asus","Asus","competitor_donor","scm_donor","","worldwide",2023-06-11,46.86188,0.1459255186730553,5,0
"donor_asus","Asus","competitor_donor","scm_donor","","worldwide",2023-06-18,45.43662,0.2970581879026396,5,0
"donor_asus","Asus","competitor_donor","scm_donor","","worldwide",2023-06-25,45.755720000000004,0.16383890563599382,5,0
"donor_asus","Asus","competitor_donor","scm_donor","","worldwide",2023-07-02,46.208819999999996,0.1584278447748381,5,0
"donor_asus","Asus","competitor_donor","scm_donor","","worldwide",2023-07-09,51.82034,0.10321142378632339,5,0
"donor_asus","Asus","competitor_donor","scm_donor","","worldwide",2023-07-16,46.86188,0.1459255186730553,5,0
"donor_asus","Asus","competitor_donor","scm_donor","","worldwide",2023-07-23,47.81916666666667,0.13944041977370444,6,0
"donor_asus","Asus","competitor_donor","scm_donor","","worldwide",2023-07-30,48.9473,0.06893620239032608,6,0
"donor_asus","Asus","competitor_donor","scm_donor","","worldwide",2023-08-06,48.9473,0.06893620239032608,6,0
"donor_asus","Asus","competitor_donor","scm_donor","","worldwide",2023-08-13,47.81916666666667,0.13944041977370444,6,0
"donor_asus","Asus","competitor_donor","scm_donor","","worldwide",2023-08-20,46.20636,0.15388175005503352,5,0
"donor_asus","Asus","competitor_donor","scm_donor","","worldwide",2023-08-27,48.5137,0.27869125389936433,5,0
"donor_asus","Asus","competitor_donor","scm_donor","","worldwide",2023-09-03,48.63752,0.291471477163719,5,0
"donor_asus","Asus","competitor_donor","scm_donor","","worldwide",2023-09-10,45.09074,0.0705011560188904,5,0
"donor_asus","Asus","competitor_donor","scm_donor","","worldwide",2023-09-17,47.97972,0.18289586381326392,5,0
"donor_asus","Asus","competitor_donor","scm_donor","","worldwide",2023-09-24,46.20636,0.15388175005503352,5,0
"donor_asus","Asus","competitor_donor","scm_donor","","worldwide",2023-10-01,47.1981,0.15921494904687727,5,0
"donor_asus","Asus","competitor_donor","scm_donor","","worldwide",2023-10-08,46.20636,0.15388175005503352,5,0
"donor_asus","Asus","competitor_donor","scm_donor","","worldwide",2023-10-15,43.31736,0.18133337530636748,5,0
"donor_asus","Asus","competitor_donor","scm_donor","","worldwide",2023-10-22,45.09074,0.0705011560188904,5,0
"donor_asus","Asus","competitor_donor","scm_donor","","worldwide",2023-10-29,43.31736,0.18133337530636748,5,0
"donor_asus","Asus","competitor_donor","scm_donor","","worldwide",2023-11-05,48.5137,0.27869125389936433,5,0
"donor_asus","Asus","competitor_donor","scm_donor","","worldwide",2023-11-12,49.62928,0.20796520622450282,5,0
"donor_asus","Asus","competitor_donor","scm_donor","","worldwide",2023-11-19,55.7412,0.14790123393670504,5,0
"donor_asus","Asus","competitor_donor","scm_donor","","worldwide",2023-11-26,51.20268,0.13754276425897546,5,0
"donor_asus","Asus","competitor_donor","scm_donor","","worldwide",2023-12-03,47.52192,0.3092497000806956,5,0
"donor_asus","Asus","competitor_donor","scm_donor","","worldwide",2023-12-10,46.20636,0.15388175005503352,5,0
"donor_asus","Asus","competitor_donor","scm_donor","","worldwide",2023-12-17,48.02761666666667,0.2013088713064244,6,0
"donor_asus","Asus","competitor_donor","scm_donor","","worldwide",2023-12-24,55.733133333333335,0.13375442671802182,6,0
"donor_asus","Asus","competitor_donor","scm_donor","","worldwide",2023-12-31,47.8213,0.13612701421834073,6,0
"donor_asus","Asus","competitor_donor","scm_donor","","worldwide",2024-01-07,51.23848,0.1532458873836428,5,0
"donor_asus","Asus","competitor_donor","scm_donor","","worldwide",2024-01-14,48.48702,0.29795698850673075,5,0
"donor_asus","Asus","competitor_donor","scm_donor","","worldwide",2024-01-21,49.6276,0.20916881937803275,5,0
"donor_asus","Asus","competitor_donor","scm_donor","","worldwide",2024-01-28,48.957300000000004,0.05550653114724398,5,0
"donor_asus","Asus","competitor_donor","scm_donor","","worldwide",2024-02-04,48.28702,0.17968964076985613,5,0
"donor_asus","Asus","competitor_donor","scm_donor","","worldwide",2024-02-11,47.14644,0.16464635738454686,5,0
"donor_asus","Asus","competitor_donor","scm_donor","","worldwide",2024-02-18,46.25346,0.17635915910436803,5,0
"donor_asus","Asus","competitor_donor","scm_donor","","worldwide",2024-02-25,47.81674,0.15168141942901395,5,0
"donor_asus","Asus","competitor_donor","scm_donor","","worldwide",2024-03-03,46.00588,0.20499345599311095,5,0
"donor_asus","Asus","competitor_donor","scm_donor","","worldwide",2024-03-10,46.92374,0.14256289138481887,5,0
"donor_asus","Asus","competitor_donor","scm_donor","","worldwide",2024-03-17,45.33554,0.3014757917312766,5,0
"donor_asus","Asus","competitor_donor","scm_donor","","worldwide",2024-03-24,45.78314,0.14207463883466312,5,0
"donor_asus","Asus","competitor_donor","scm_donor","","worldwide",2024-03-31,42.16142,0.1447891639591861,5,0
"donor_asus","Asus","competitor_donor","scm_donor","","worldwide",2024-04-07,42.8317,0.12495867316837117,5,0
"donor_asus","Asus","competitor_donor","scm_donor","","worldwide",2024-04-14,39.88026,0.24664052383985757,5,0
"donor_asus","Asus","competitor_donor","scm_donor","","worldwide",2024-04-21,41.6911,0.2249843216759781,5,0
"donor_asus","Asus","competitor_donor","scm_donor","","worldwide",2024-04-28,43.30198,0.1764566008966504,5,0
"donor_asus","Asus","competitor_donor","scm_donor","","worldwide",2024-05-05,42.73701666666666,0.2574516219926901,6,0
"donor_asus","Asus","competitor_donor","scm_donor","","worldwide",2024-05-12,40.96216666666667,0.21292250859565612,6,0
"donor_asus","Asus","competitor_donor","scm_donor","","worldwide",2024-05-19,43.953316666666666,0.05206624306272444,6,0
"donor_asus","Asus","competitor_donor","scm_donor","","worldwide",2024-05-26,42.551433333333335,0.2983975513751196,6,0
"donor_asus","Asus","competitor_donor","scm_donor","","worldwide",2024-06-02,43.22944,0.18807782431748807,5,0
"donor_asus","Asus","competitor_donor","scm_donor","","worldwide",2024-06-09,43.9479,0.05629000799431459,5,0
"donor_asus","Asus","competitor_donor","scm_donor","","worldwide",2024-06-16,45.2961,0.2600195473421178,5,0
"donor_asus","Asus","competitor_donor","scm_donor","","worldwide",2024-06-23,43.22944,0.18807782431748807,5,0
"donor_asus","Asus","competitor_donor","scm_donor","","worldwide",2024-06-30,43.9479,0.05629000799431459,5,0
"donor_asus","Asus","competitor_donor","scm_donor","","worldwide",2024-07-07,44.66632,0.19151892073630652,5,0
"donor_asus","Asus","competitor_donor","scm_donor","","worldwide",2024-07-14,48.05796,0.209110839030405,5,0
"donor_asus","Asus","competitor_donor","scm_donor","","worldwide",2024-07-21,45.18474,0.16816008147000858,5,0
"donor_asus","Asus","competitor_donor","scm_donor","","worldwide",2024-07-28,45.2961,0.2600195473421178,5,0
"donor_asus","Asus","competitor_donor","scm_donor","","worldwide",2024-08-04,44.46632,0.26427163487593697,5,0
"donor_asus","Asus","competitor_donor","scm_donor","","worldwide",2024-08-11,48.88774,0.1464523574409098,5,0
"donor_asus","Asus","competitor_donor","scm_donor","","worldwide",2024-08-18,48.05796,0.209110839030405,5,0
"donor_asus","Asus","competitor_donor","scm_donor","","worldwide",2024-08-25,50.23598,0.2578963105591072,5,0
"donor_asus","Asus","competitor_donor","scm_donor","","worldwide",2024-09-01,50.12462,0.08508317695055939,5,0
"donor_asus","Asus","competitor_donor","scm_donor","","worldwide",2024-09-08,48.5288,0.30327992844894996,5,0
"donor_asus","Asus","competitor_donor","scm_donor","","worldwide",2024-09-15,45.18474,0.16816008147000858,5,0
"donor_asus","Asus","competitor_donor","scm_donor","","worldwide",2024-09-22,48.05796,0.209110839030405,5,0
"donor_asus","Asus","competitor_donor","scm_donor","","worldwide",2024-09-29,48.81365,0.22327026447783033,6,0
"donor_asus","Asus","competitor_donor","scm_donor","","worldwide",2024-10-06,50.10385,0.09154056477868283,6,0
"donor_asus","Asus","competitor_donor","scm_donor","","worldwide",2024-10-13,50.10385,0.09154056477868283,6,0
"donor_asus","Asus","competitor_donor","scm_donor","","worldwide",2024-10-20,44.757020000000004,0.22503946764956465,5,0
"donor_asus","Asus","competitor_donor","scm_donor","","worldwide",2024-10-27,47.02582,0.025010437821038352,5,0
"donor_asus","Asus","competitor_donor","scm_donor","","worldwide",2024-11-03,47.02582,0.025010437821038352,5,0
"donor_asus","Asus","competitor_donor","scm_donor","","worldwide",2024-11-10,48.63994,0.3609167327791829,5,0
"donor_asus","Asus","competitor_donor","scm_donor","","worldwide",2024-11-17,54.23216,0.23415650321953493,5,0
"donor_asus","Asus","competitor_donor","scm_donor","","worldwide",2024-11-24,61.998,0.1245204200121426,5,0
"donor_asus","Asus","competitor_donor","scm_donor","","worldwide",2024-12-01,53.8251,0.2348610866022729,5,0
"donor_asus","Asus","competitor_donor","scm_donor","","worldwide",2024-12-08,51.1563,0.19861574710984078,5,0
"donor_asus","Asus","competitor_donor","scm_donor","","worldwide",2024-12-15,51.1563,0.19861574710984078,5,0
"donor_asus","Asus","competitor_donor","scm_donor","","worldwide",2024-12-22,55.03922,0.04535087650751575,5,0
"donor_asus","Asus","competitor_donor","scm_donor","","worldwide",2024-12-29,54.23216,0.23415650321953493,5,0
"donor_asus","Asus","competitor_donor","scm_donor","","worldwide",2025-01-05,55.03922,0.04535087650751575,5,0
"donor_asus","Asus","competitor_donor","scm_donor","","worldwide",2025-01-12,51.71578,0.3203043349691038,5,0
"donor_asus","Asus","competitor_donor","scm_donor","","worldwide",2025-01-19,49.294579999999996,0.27081368503087067,5,0
"donor_asus","Asus","competitor_donor","scm_donor","","worldwide",2025-01-26,50.10166,0.10216957962133483,5,0
"donor_asus","Asus","competitor_donor","scm_donor","","worldwide",2025-02-02,50.10166,0.10216957962133483,5,0
"donor_asus","Asus","competitor_donor","scm_donor","","worldwide",2025-02-09,49.69458,0.2806422135032442,5,0
"donor_asus","Asus","competitor_donor","scm_donor","","worldwide",2025-02-16,51.130250000000004,0.18875960108031642,6,0
"donor_asus","Asus","competitor_donor","scm_donor","","worldwide",2025-02-23,49.03916666666667,0.20302831986367326,6,0
"donor_asus","Asus","competitor_donor","scm_donor","","worldwide",2025-03-02,50.92393333333333,0.1324345523897247,6,0
"donor_asus","Asus","competitor_donor","scm_donor","","worldwide",2025-03-09,50.92393333333333,0.1324345523897247,6,0
"donor_asus","Asus","competitor_donor","scm_donor","","worldwide",2025-03-16,48.90578,0.15498448954653468,5,0
"donor_asus","Asus","competitor_donor","scm_donor","","worldwide",2025-03-23,48.90578,0.15498448954653468,5,0
"donor_asus","Asus","competitor_donor","scm_donor","","worldwide",2025-03-30,45.12526,0.19809060553191268,5,0
"donor_asus","Asus","competitor_donor","scm_donor","","worldwide",2025-04-06,47.89878,0.15516507983434996,5,0
"donor_asus","Asus","competitor_donor","scm_donor","","worldwide",2025-04-13,46.13228,0.189759708579034,5,0
"donor_asus","Asus","competitor_donor","scm_donor","","worldwide",2025-04-20,44.242020000000004,0.3333444344818146,5,0
"donor_asus","Asus","competitor_donor","scm_donor","","worldwide",2025-04-27,44.96578,0.18873179912245786,5,0
"donor_asus","Asus","competitor_donor","scm_donor","","worldwide",2025-05-04,44.84202,0.21929093004499647,5,0
"donor_asus","Asus","competitor_donor","scm_donor","","worldwide",2025-05-11,45.84904,0.23887334091522291,5,0
"donor_asus","Asus","competitor_donor","scm_donor","","worldwide",2025-05-18,47.01554,0.022282459469277923,5,0
"donor_asus","Asus","competitor_donor","scm_donor","","worldwide",2025-05-25,44.242020000000004,0.3333444344818146,5,0
"donor_asus","Asus","competitor_donor","scm_donor","","worldwide",2025-06-01,47.01554,0.022282459469277923,5,0
"donor_asus","Asus","competitor_donor","scm_donor","","worldwide",2025-06-08,49.91278,0.26942891826973725,5,0
"donor_asus","Asus","competitor_donor","scm_donor","","worldwide",2025-06-15,48.18202,0.2824601777242238,5,0
"donor_asus","Asus","competitor_donor","scm_donor","","worldwide",2025-06-22,48.02254,0.15218534094977784,5,0
"donor_asus","Asus","competitor_donor","scm_donor","","worldwide",2025-06-29,46.00852,0.16262929317930525,5,0
"donor_asus","Asus","competitor_donor","scm_donor","","worldwide",2025-07-06,51.96252,0.07309163426822411,5,0
"donor_asus","Asus","competitor_donor","scm_donor","","worldwide",2025-07-13,49.78902,0.2897893407287449,5,0
"donor_asus","Asus","competitor_donor","scm_donor","","worldwide",2025-07-20,52.2458,0.33675854851807385,5,0
"donor_asus","Asus","competitor_donor","scm_donor","","worldwide",2025-07-27,56.18578,0.27639772430322207,5,0
"donor_asus","Asus","competitor_donor","scm_donor","","worldwide",2025-08-03,64.897875,0.20425000000000182,4,0
"donor_asus","Asus","competitor_donor","scm_donor","","worldwide",2025-08-10,66.99595,0.008099999999998886,4,0
"donor_asus","Asus","competitor_donor","scm_donor","","worldwide",2025-08-17,70.043375,0.0867500000000021,4,0
"donor_asus","Asus","competitor_donor","scm_donor","","worldwide",2025-08-24,74.040175,0.08035000000000281,4,0
"donor_asus","Asus","competitor_donor","scm_donor","","worldwide",2025-08-31,79.935675,0.12865000000000038,4,0
"donor_asus","Asus","competitor_donor","scm_donor","","worldwide",2025-09-07,74.989525,0.020949999999999136,4,0
"donor_asus","Asus","competitor_donor","scm_donor","","worldwide",2025-09-14,68.144675,0.2893499999999989,4,0
"donor_asus","Asus","competitor_donor","scm_donor","","worldwide",2025-09-21,70.043375,0.0867500000000021,4,0
"donor_asus","Asus","competitor_donor","scm_donor","","worldwide",2025-09-28,73.0908,0.1816000000000031,4,0
"donor_asus","Asus","competitor_donor","scm_donor","","worldwide",2025-10-05,69.094025,0.18804999999999694,4,0
"donor_asus","Asus","competitor_donor","scm_donor","","worldwide",2025-10-12,70.793375,0.4132499999999979,4,0
"donor_asus","Asus","competitor_donor","scm_donor","","worldwide",2025-10-19,70.043375,0.0867500000000021,4,0
"donor_asus","Asus","competitor_donor","scm_donor","","worldwide",2025-10-26,64.897875,0.20425000000000182,4,0
"donor_asus","Asus","competitor_donor","scm_donor","","worldwide",2025-11-02,67.945325,0.10934999999999917,4,0
"donor_asus","Asus","competitor_donor","scm_donor","","worldwide",2025-11-09,71.9421,0.11580000000000013,4,0
"donor_asus","Asus","competitor_donor","scm_donor","","worldwide",2025-11-16,71.9421,0.11580000000000013,4,0
"donor_asus","Asus","competitor_donor","scm_donor","","worldwide",2025-11-23,76.138225,0.276449999999997,4,0
"donor_asus","Asus","competitor_donor","scm_donor","","worldwide",2025-11-30,66.99595,0.008099999999998886,4,0
"donor_asus","Asus","competitor_donor","scm_donor","","worldwide",2025-12-07,56.904325,0.1913499999999999,4,0
"donor_asus","Asus","competitor_donor","scm_donor","","worldwide",2025-12-14,59.951750000000004,0.09649999999999892,4,0
"donor_asus","Asus","competitor_donor","scm_donor","","worldwide",2025-12-21,58.053025,0.10604999999999976,4,0
"donor_asus","Asus","competitor_donor","scm_donor","","worldwide",2025-12-28,55,0,3,0
"donor_asus","Asus","competitor_donor","scm_donor","","worldwide",2026-01-04,58,0,3,0
"donor_asus","Asus","competitor_donor","scm_donor","","worldwide",2026-01-11,58,0,3,0
"donor_asus","Asus","competitor_donor","scm_donor","","worldwide",2026-01-18,56,0,3,0
"donor_asus","Asus","competitor_donor","scm_donor","","worldwide",2026-01-25,55,0,3,0
"donor_asus","Asus","competitor_donor","scm_donor","","worldwide",2026-02-01,53,0,3,0
"donor_asus","Asus","competitor_donor","scm_donor","","worldwide",2026-02-08,52,0,3,0
"donor_asus","Asus","competitor_donor","scm_donor","","worldwide",2026-02-15,50,0,3,0
"donor_asus","Asus","competitor_donor","scm_donor","","worldwide",2026-02-22,52,0,3,0
"donor_asus","Asus","competitor_donor","scm_donor","","worldwide",2026-03-01,55,0,3,0
"donor_asus","Asus","competitor_donor","scm_donor","","worldwide",2026-03-08,58,0,3,0
"donor_asus","Asus","competitor_donor","scm_donor","","worldwide",2026-03-15,56,0,3,0
"donor_asus","Asus","competitor_donor","scm_donor","","worldwide",2026-03-22,80,0,3,0
"donor_asus","Asus","competitor_donor","scm_donor","","worldwide",2026-03-29,95,0,3,0
"donor_asus","Asus","competitor_donor","scm_donor","","worldwide",2026-04-05,98,0,3,0
"donor_asus","Asus","competitor_donor","scm_donor","","worldwide",2026-04-12,98,0,3,0
"donor_asus","Asus","competitor_donor","scm_donor","","worldwide",2026-04-19,91,0,3,0
"donor_asus","Asus","competitor_donor","scm_donor","","worldwide",2026-04-26,90,0,3,0
"donor_asus","Asus","competitor_donor","scm_donor","","worldwide",2026-05-03,100,0,3,0
"donor_asus","Asus","competitor_donor","scm_donor","","worldwide",2026-05-10,99,0,3,0
"donor_asus","Asus","competitor_donor","scm_donor","","worldwide",2026-05-17,82,0,2,0
"donor_asus","Asus","competitor_donor","scm_donor","","worldwide",2026-05-24,76,0,2,0
"donor_asus","Asus","competitor_donor","scm_donor","","worldwide",2026-05-31,81,0,2,0
"donor_asus","Asus","competitor_donor","scm_donor","","worldwide",2026-06-07,67,0,2,0
"donor_asus","Asus","competitor_donor","scm_donor","","worldwide",2026-06-14,65,0,2,0
"donor_asus","Asus","competitor_donor","scm_donor","","worldwide",2026-06-21,69,0,2,0
"donor_asus","Asus","competitor_donor","scm_donor","","worldwide",2026-06-28,61,0,2,0
"donor_asus","Asus","competitor_donor","scm_donor","","worldwide",2026-07-05,58,0,2,0
"donor_asus","Asus","competitor_donor","scm_donor","","worldwide",2026-07-12,53,0,2,0
"donor_asus","Asus","competitor_donor","scm_donor","","worldwide",2026-07-19,55,0,2,0
"donor_asus","Asus","competitor_donor","scm_donor","","worldwide",2026-07-26,53,0,2,0
"donor_asus","Asus","competitor_donor","scm_donor","","worldwide",2026-08-02,56,0,2,0
"donor_asus","Asus","competitor_donor","scm_donor","","worldwide",2026-08-09,66,0,2,0
"donor_asus","Asus","competitor_donor","scm_donor","","worldwide",2026-08-16,74,0,2,0
"donor_asus","Asus","competitor_donor","scm_donor","","worldwide",2026-08-23,69,0,2,0
"donor_asus","Asus","competitor_donor","scm_donor","","worldwide",2026-08-30,75,0,2,0
"donor_asus","Asus","competitor_donor","scm_donor","","worldwide",2026-09-06,69,0,2,0
"donor_asus","Asus","competitor_donor","scm_donor","","worldwide",2026-09-13,58,0,2,0
"donor_asus","Asus","competitor_donor","scm_donor","","worldwide",2026-09-20,52,0,2,0
"donor_asus","Asus","competitor_donor","scm_donor","","worldwide",2026-09-27,49,0,2,0
"donor_dell","Dell","competitor_donor","scm_donor","","worldwide",2021-12-26,46.0934,0.1320875467256457,2,0
"donor_dell","Dell","competitor_donor","scm_donor","","worldwide",2022-01-02,56.019999999999996,0.028284271247461298,2,0
"donor_dell","Dell","competitor_donor","scm_donor","","worldwide",2022-01-09,55.2121,0.29995469657933277,2,0
"donor_dell","Dell","competitor_donor","scm_donor","","worldwide",2022-01-16,55.2121,0.29995469657933277,2,0
"donor_dell","Dell","competitor_donor","scm_donor","","worldwide",2022-01-23,56.8279,0.24338615408441017,2,0
"donor_dell","Dell","competitor_donor","scm_donor","","worldwide",2022-01-30,56.8279,0.24338615408441017,2,0
"donor_dell","Dell","competitor_donor","scm_donor","","worldwide",2022-02-06,59.867450000000005,0.18745400769255147,2,0
"donor_dell","Dell","competitor_donor","scm_donor","","worldwide",2022-02-13,60.675399999999996,0.459053722346307,2,0
"donor_dell","Dell","competitor_donor","scm_donor","","worldwide",2022-02-20,57.1358,0.19205020177026588,2,0
"donor_dell","Dell","competitor_donor","scm_donor","","worldwide",2022-02-27,56.8279,0.24338615408441017,2,0
"donor_dell","Dell","competitor_donor","scm_donor","","worldwide",2022-03-06,57.94375,0.07954951288348458,2,0
"donor_dell","Dell","competitor_donor","scm_donor","","worldwide",2022-03-13,56.019999999999996,0.028284271247461298,2,0
"donor_dell","Dell","competitor_donor","scm_donor","","worldwide",2022-03-20,61.7912,0.2952877918235024,2,0
"donor_dell","Dell","competitor_donor","scm_donor","","worldwide",2022-03-27,57.6358,0.5150565794162817,2,0
"donor_dell","Dell","competitor_donor","scm_donor","","worldwide",2022-04-03,53.28835,0.4077884807102837,2,0
"donor_dell","Dell","competitor_donor","scm_donor","","worldwide",2022-04-10,51.864599999999996,0.19148451634531796,2,0
"donor_dell","Dell","competitor_donor","scm_donor","","worldwide",2022-04-17,51.0567,0.0801859089865535,2,0
"donor_dell","Dell","competitor_donor","scm_donor","","worldwide",2022-04-24,51.364599999999996,0.5156222648412295,2,0
"donor_dell","Dell","competitor_donor","scm_donor","","worldwide",2022-05-01,51.864599999999996,0.19148451634531796,2,0
"donor_dell","Dell","competitor_donor","scm_donor","","worldwide",2022-05-08,51.864599999999996,0.19148451634531796,2,0
"donor_dell","Dell","competitor_donor","scm_donor","","worldwide",2022-05-15,48.825050000000005,0.24741666273717164,2,0
"donor_dell","Dell","competitor_donor","scm_donor","","worldwide",2022-05-22,48.086666666666666,0.1216216400700702,3,0
"donor_dell","Dell","competitor_donor","scm_donor","","worldwide",2022-05-29,50.67326666666666,0.2832265759658403,3,0
"donor_dell","Dell","competitor_donor","scm_donor","","worldwide",2022-06-05,52.1965,0.17743801734690323,3,0
"donor_dell","Dell","competitor_donor","scm_donor","","worldwide",2022-06-12,50.67326666666666,0.2832265759658403,3,0
"donor_dell","Dell","competitor_donor","scm_donor","","worldwide",2022-06-19,52.7212,0.3381882907494001,3,0
"donor_dell","Dell","competitor_donor","scm_donor","","worldwide",2022-06-26,49.5466,0.3963516998828182,3,0
"donor_dell","Dell","competitor_donor","scm_donor","","worldwide",2022-07-03,51.79986666666667,0.17579639738439842,3,0
"donor_dell","Dell","competitor_donor","scm_donor","","worldwide",2022-07-10,52.926500000000004,0.09546732425285469,3,0
"donor_dell","Dell","competitor_donor","scm_donor","","worldwide",2022-07-17,51.0699,0.06113599594346954,3,0
"donor_dell","Dell","competitor_donor","scm_donor","","worldwide",2022-07-24,50.67326666666666,0.2832265759658403,3,0
"donor_dell","Dell","competitor_donor","scm_donor","","worldwide",2022-07-31,52.1965,0.17743801734690323,3,0
"donor_dell","Dell","competitor_donor","scm_donor","","worldwide",2022-08-07,50.14853333333333,0.30341663325093554,3,0
"donor_dell","Dell","competitor_donor","scm_donor","","worldwide",2022-08-14,51.79986666666667,0.17579639738439842,3,0
"donor_dell","Dell","competitor_donor","scm_donor","","worldwide",2022-08-21,54.7831,0.23053531182879736,3,0
"donor_dell","Dell","competitor_donor","scm_donor","","worldwide",2022-08-28,49.21326666666667,0.19242661804785033,3,0
"donor_dell","Dell","competitor_donor","scm_donor","","worldwide",2022-09-04,49.94323333333333,0.05929387264577347,3,0
"donor_dell","Dell","competitor_donor","scm_donor","","worldwide",2022-09-11,49.94323333333333,0.05929387264577347,3,0
"donor_dell","Dell","competitor_donor","scm_donor","","worldwide",2022-09-18,52.1965,0.17743801734690323,3,0
"donor_dell","Dell","competitor_donor","scm_donor","","worldwide",2022-09-25,50.67326666666666,0.2832265759658403,3,0
"donor_dell","Dell","competitor_donor","scm_donor","","worldwide",2022-10-02,49.21326666666667,0.19242661804785033,3,0
"donor_dell","Dell","competitor_donor","scm_donor","","worldwide",2022-10-09,50.623125,0.25206138637244685,4,0
"donor_dell","Dell","competitor_donor","scm_donor","","worldwide",2022-10-16,50.373125,0.24956951436423458,4,0
"donor_dell","Dell","competitor_donor","scm_donor","","worldwide",2022-10-23,47.668775,0.24269995708006728,4,0
"donor_dell","Dell","competitor_donor","scm_donor","","worldwide",2022-10-30,47.418775,0.29679387207285785,4,0
"donor_dell","Dell","competitor_donor","scm_donor","","worldwide",2022-11-06,49.932225,0.053184357036005006,4,0
"donor_dell","Dell","competitor_donor","scm_donor","","worldwide",2022-11-13,52.195724999999996,0.14488582573875183,4,0
"donor_dell","Dell","competitor_donor","scm_donor","","worldwide",2022-11-20,51.064,0.051293079455223926,4,0
"donor_dell","Dell","competitor_donor","scm_donor","","worldwide",2022-11-27,49.932225,0.053184357036005006,4,0
"donor_dell","Dell","competitor_donor","scm_donor","","worldwide",2022-12-04,47.822725,0.22574199690502242,4,0
"donor_dell","Dell","competitor_donor","scm_donor","","worldwide",2022-12-11,44.86835,0.12871802515576372,4,0
"donor_dell","Dell","competitor_donor","scm_donor","","worldwide",2022-12-18,43.045725000000004,0.04814605383621854,4,0
"donor_dell","Dell","competitor_donor","scm_donor","","worldwide",2022-12-25,42.35485,0.23754351881988497,4,0
"donor_dell","Dell","competitor_donor","scm_donor","","worldwide",2023-01-01,46.977875,0.12110726306323184,4,0
"donor_dell","Dell","competitor_donor","scm_donor","","worldwide",2023-01-08,49.24135,0.16685331881625856,4,0
"donor_dell","Dell","competitor_donor","scm_donor","","worldwide",2023-01-15,47.418775,0.29679387207285785,4,0
"donor_dell","Dell","competitor_donor","scm_donor","","worldwide",2023-01-22,48.8005,0.14692794152236618,4,0
"donor_dell","Dell","competitor_donor","scm_donor","","worldwide",2023-01-29,52.195724999999996,0.14488582573875183,4,0
"donor_dell","Dell","competitor_donor","scm_donor","","worldwide",2023-02-05,49.24135,0.16685331881625856,4,0
"donor_dell","Dell","competitor_donor","scm_donor","","worldwide",2023-02-12,47.822725,0.22574199690502242,4,0
"donor_dell","Dell","competitor_donor","scm_donor","","worldwide",2023-02-19,47.418775,0.29679387207285785,4,0
"donor_dell","Dell","competitor_donor","scm_donor","","worldwide",2023-02-26,47.13185,0.19373243576300564,4,0
"donor_dell","Dell","competitor_donor","scm_donor","","worldwide",2023-03-05,49.26122,0.15117574871651843,5,0
"donor_dell","Dell","competitor_donor","scm_donor","","worldwide",2023-03-12,47.7821,0.21557258638333518,5,0
"donor_dell","Dell","competitor_donor","scm_donor","","worldwide",2023-03-19,57.2823,0.165884387451019,5,0
"donor_dell","Dell","competitor_donor","scm_donor","","worldwide",2023-03-26,49.26122,0.15117574871651843,5,0
"donor_dell","Dell","competitor_donor","scm_donor","","worldwide",2023-04-02,45.97974,0.12406005803641845,5,0
"donor_dell","Dell","competitor_donor","scm_donor","","worldwide",2023-04-09,44.17742,0.12118204074861956,5,0
"donor_dell","Dell","competitor_donor","scm_donor","","worldwide",2023-04-16,44.17742,0.12118204074861956,5,0
"donor_dell","Dell","competitor_donor","scm_donor","","worldwide",2023-04-23,43.70996,0.17028039523092456,5,0
"donor_dell","Dell","competitor_donor","scm_donor","","worldwide",2023-04-30,43.04252,0.0423071152408204,5,0
"donor_dell","Dell","competitor_donor","scm_donor","","worldwide",2023-05-07,44.84486,0.12322803252507027,5,0
"donor_dell","Dell","competitor_donor","scm_donor","","worldwide",2023-05-14,43.04252,0.0423071152408204,5,0
"donor_dell","Dell","competitor_donor","scm_donor","","worldwide",2023-05-21,44.17742,0.12118204074861956,5,0
"donor_dell","Dell","competitor_donor","scm_donor","","worldwide",2023-05-28,43.70996,0.17028039523092456,5,0
"donor_dell","Dell","competitor_donor","scm_donor","","worldwide",2023-06-04,46.32402,0.2212527672143342,5,0
"donor_dell","Dell","competitor_donor","scm_donor","","worldwide",2023-06-11,45.512299999999996,0.29233643289880956,5,0
"donor_dell","Dell","competitor_donor","scm_donor","","worldwide",2023-06-18,44.84486,0.12322803252507027,5,0
"donor_dell","Dell","competitor_donor","scm_donor","","worldwide",2023-06-25,45.97974,0.12406005803641845,5,0
"donor_dell","Dell","competitor_donor","scm_donor","","worldwide",2023-07-02,44.84486,0.12322803252507027,5,0
"donor_dell","Dell","competitor_donor","scm_donor","","worldwide",2023-07-09,50.59614,0.22647772075857706,5,0
"donor_dell","Dell","competitor_donor","scm_donor","","worldwide",2023-07-16,48.12636,0.10186985815244909,5,0
"donor_dell","Dell","competitor_donor","scm_donor","","worldwide",2023-07-23,48.15551666666667,0.1157697787277256,6,0
"donor_dell","Dell","competitor_donor","scm_donor","","worldwide",2023-07-30,48.15551666666667,0.1157697787277256,6,0
"donor_dell","Dell","competitor_donor","scm_donor","","worldwide",2023-08-06,52.13088333333333,0.20006173463875285,6,0
"donor_dell","Dell","competitor_donor","scm_donor","","worldwide",2023-08-13,47.77165,0.1945056477329139,6,0
"donor_dell","Dell","competitor_donor","scm_donor","","worldwide",2023-08-20,47.40274,0.3092007567907934,5,0
"donor_dell","Dell","competitor_donor","scm_donor","","worldwide",2023-08-27,49.30108,0.1768178921942013,5,0
"donor_dell","Dell","competitor_donor","scm_donor","","worldwide",2023-09-03,47.05844,0.052249239228912676,5,0
"donor_dell","Dell","competitor_donor","scm_donor","","worldwide",2023-09-10,47.05844,0.052249239228912676,5,0
"donor_dell","Dell","competitor_donor","scm_donor","","worldwide",2023-09-17,50.42244,0.24390900557380013,5,0
"donor_dell","Dell","competitor_donor","scm_donor","","worldwide",2023-09-24,49.50108,0.2841206909044113,5,0
"donor_dell","Dell","competitor_donor","scm_donor","","worldwide",2023-10-01,47.71912,0.16307989453025837,5,0
"donor_dell","Dell","competitor_donor","scm_donor","","worldwide",2023-10-08,49.50108,0.2841206909044113,5,0
"donor_dell","Dell","competitor_donor","scm_donor","","worldwide",2023-10-15,47.71912,0.16307989453025837,5,0
"donor_dell","Dell","competitor_donor","scm_donor","","worldwide",2023-10-22,47.05844,0.052249239228912676,5,0
"donor_dell","Dell","competitor_donor","scm_donor","","worldwide",2023-10-29,48.72404,0.25653242095298684,5,0
"donor_dell","Dell","competitor_donor","scm_donor","","worldwide",2023-11-05,49.96178,0.06143876626365404,5,0
"donor_dell","Dell","competitor_donor","scm_donor","","worldwide",2023-11-12,49.1847,0.2263523249273135,5,0
"donor_dell","Dell","competitor_donor","scm_donor","","worldwide",2023-11-19,52.20444,0.1347252871587208,5,0
"donor_dell","Dell","competitor_donor","scm_donor","","worldwide",2023-11-26,53.98646,0.08211789086429533,5,0
"donor_dell","Dell","competitor_donor","scm_donor","","worldwide",2023-12-03,49.50108,0.2841206909044113,5,0
"donor_dell","Dell","competitor_donor","scm_donor","","worldwide",2023-12-10,46.39776,0.22548662488050217,5,0
"donor_dell","Dell","competitor_donor","scm_donor","","worldwide",2023-12-17,45.94801666666667,0.05140390711479552,6,0
"donor_dell","Dell","competitor_donor","scm_donor","","worldwide",2023-12-24,39.657650000000004,0.1684113268162207,6,0
"donor_dell","Dell","competitor_donor","scm_donor","","worldwide",2023-12-31,45.300399999999996,0.15272164221222786,6,0
"donor_dell","Dell","competitor_donor","scm_donor","","worldwide",2024-01-07,48.63044,0.30312677710819336,5,0
"donor_dell","Dell","competitor_donor","scm_donor","","worldwide",2024-01-14,48.8633,0.10405126140513557,5,0
"donor_dell","Dell","competitor_donor","scm_donor","","worldwide",2024-01-21,51.34202,0.2771772303058099,5,0
"donor_dell","Dell","competitor_donor","scm_donor","","worldwide",2024-01-28,51.11254,0.10776805185211459,5,0
"donor_dell","Dell","competitor_donor","scm_donor","","worldwide",2024-02-04,48.8633,0.10405126140513557,5,0
"donor_dell","Dell","competitor_donor","scm_donor","","worldwide",2024-02-11,47.7387,0.15876658968435484,5,0
"donor_dell","Dell","competitor_donor","scm_donor","","worldwide",2024-02-18,51.34202,0.2771772303058099,5,0
"donor_dell","Dell","competitor_donor","scm_donor","","worldwide",2024-02-25,52.0043,0.19646180290326215,5,0
"donor_dell","Dell","competitor_donor","scm_donor","","worldwide",2024-03-03,51.11254,0.10776805185211459,5,0
"donor_dell","Dell","competitor_donor","scm_donor","","worldwide",2024-03-10,52.23714,0.16362230288075008,5,0
"donor_dell","Dell","competitor_donor","scm_donor","","worldwide",2024-03-17,51.11254,0.10776805185211459,5,0
"donor_dell","Dell","competitor_donor","scm_donor","","worldwide",2024-03-24,47.7387,0.15876658968435484,5,0
"donor_dell","Dell","competitor_donor","scm_donor","","worldwide",2024-03-31,47.07638,0.07206970237207996,5,0
"donor_dell","Dell","competitor_donor","scm_donor","","worldwide",2024-04-07,44.82716,0.10512422651320623,5,0
"donor_dell","Dell","competitor_donor","scm_donor","","worldwide",2024-04-14,46.41408,0.23765934023303167,5,0
"donor_dell","Dell","competitor_donor","scm_donor","","worldwide",2024-04-21,49.3256,0.19681103881642406,5,0
"donor_dell","Dell","competitor_donor","scm_donor","","worldwide",2024-04-28,46.84352,0.25027080732678314,5,0
"donor_dell","Dell","competitor_donor","scm_donor","","worldwide",2024-05-05,44.8357,0.09632482546052128,6,0
"donor_dell","Dell","competitor_donor","scm_donor","","worldwide",2024-05-12,48.934866666666665,0.1984743274750342,6,0
"donor_dell","Dell","competitor_donor","scm_donor","","worldwide",2024-05-19,48.1377,0.19404433514019379,6,0
"donor_dell","Dell","competitor_donor","scm_donor","","worldwide",2024-05-26,48.26031666666667,0.186419134389866,6,0
"donor_dell","Dell","competitor_donor","scm_donor","","worldwide",2024-06-02,49.78092,0.2773354773554934,5,0
"donor_dell","Dell","competitor_donor","scm_donor","","worldwide",2024-06-09,48.82428,0.17113452895310016,5,0
"donor_dell","Dell","competitor_donor","scm_donor","","worldwide",2024-06-16,47.8967,0.19838771383329218,5,0
"donor_dell","Dell","competitor_donor","scm_donor","","worldwide",2024-06-23,48.97142,0.19803781709562543,5,0
"donor_dell","Dell","competitor_donor","scm_donor","","worldwide",2024-06-30,45.55012,0.273553718673318,5,0
"donor_dell","Dell","competitor_donor","scm_donor","","worldwide",2024-07-07,48.12954,0.21579414496227609,5,0
"donor_dell","Dell","competitor_donor","scm_donor","","worldwide",2024-07-14,53.43504,0.2734192897364784,5,0
"donor_dell","Dell","competitor_donor","scm_donor","","worldwide",2024-07-21,50.5085,0.3008931787196243,5,0
"donor_dell","Dell","competitor_donor","scm_donor","","worldwide",2024-07-28,50.5085,0.3008931787196243,5,0
"donor_dell","Dell","competitor_donor","scm_donor","","worldwide",2024-08-04,53.05506,0.1695019262427427,5,0
"donor_dell","Dell","competitor_donor","scm_donor","","worldwide",2024-08-11,53.635040000000004,0.23924487037343126,5,0
"donor_dell","Dell","competitor_donor","scm_donor","","worldwide",2024-08-18,52.24558,0.16188116629181992,5,0
"donor_dell","Dell","competitor_donor","scm_donor","","worldwide",2024-08-25,53.635040000000004,0.23924487037343126,5,0
"donor_dell","Dell","competitor_donor","scm_donor","","worldwide",2024-09-01,54.6774,0.21985595284185422,5,0
"donor_dell","Dell","competitor_donor","scm_donor","","worldwide",2024-09-08,52.24558,0.16188116629181992,5,0
"donor_dell","Dell","competitor_donor","scm_donor","","worldwide",2024-09-15,53.7498,0.20799120173699537,5,0
"donor_dell","Dell","competitor_donor","scm_donor","","worldwide",2024-09-22,50.82324,0.19728149431713124,5,0
"donor_dell","Dell","competitor_donor","scm_donor","","worldwide",2024-09-29,49.817433333333334,0.26368791149134285,6,0
"donor_dell","Dell","competitor_donor","scm_donor","","worldwide",2024-10-06,54.203783333333334,0.21896234760037375,6,0
"donor_dell","Dell","competitor_donor","scm_donor","","worldwide",2024-10-13,47.484966666666665,0.38120032878614685,6,0
"donor_dell","Dell","competitor_donor","scm_donor","","worldwide",2024-10-20,50.81086,0.17972140384495136,5,0
"donor_dell","Dell","competitor_donor","scm_donor","","worldwide",2024-10-27,47.85804,0.13477489751433722,5,0
"donor_dell","Dell","competitor_donor","scm_donor","","worldwide",2024-11-03,47.07806,0.07701076548119835,5,0
"donor_dell","Dell","competitor_donor","scm_donor","","worldwide",2024-11-10,52.2037,0.19688379821610466,5,0
"donor_dell","Dell","competitor_donor","scm_donor","","worldwide",2024-11-17,57.0965,0.16386084034936466,5,0
"donor_dell","Dell","competitor_donor","scm_donor","","worldwide",2024-11-24,58.10936,0.10737109946349589,5,0
"donor_dell","Dell","competitor_donor","scm_donor","","worldwide",2024-12-01,54.92368,0.20006338245666208,5,0
"donor_dell","Dell","competitor_donor","scm_donor","","worldwide",2024-12-08,52.9837,0.01901933227008853,5,0
"donor_dell","Dell","competitor_donor","scm_donor","","worldwide",2024-12-15,54.14368,0.18121136001917834,5,0
"donor_dell","Dell","competitor_donor","scm_donor","","worldwide",2024-12-22,53.36368,0.33790142349507857,5,0
"donor_dell","Dell","competitor_donor","scm_donor","","worldwide",2024-12-29,45.91806,0.17033181734485162,5,0
"donor_dell","Dell","competitor_donor","scm_donor","","worldwide",2025-01-05,52.9837,0.01901933227008853,5,0
"donor_dell","Dell","competitor_donor","scm_donor","","worldwide",2025-01-12,52.2037,0.19688379821610466,5,0
"donor_dell","Dell","competitor_donor","scm_donor","","worldwide",2025-01-19,52.9837,0.01901933227008853,5,0
"donor_dell","Dell","competitor_donor","scm_donor","","worldwide",2025-01-26,51.04372,0.19358356593471562,5,0
"donor_dell","Dell","competitor_donor","scm_donor","","worldwide",2025-02-02,51.8237,0.2049518723993512,5,0
"donor_dell","Dell","competitor_donor","scm_donor","","worldwide",2025-02-09,51.97086,0.17641651850096118,5,0
"donor_dell","Dell","competitor_donor","scm_donor","","worldwide",2025-02-16,51.036433333333335,0.17406392695405612,6,0
"donor_dell","Dell","competitor_donor","scm_donor","","worldwide",2025-02-23,50.84238333333333,0.1783315722654482,6,0
"donor_dell","Dell","competitor_donor","scm_donor","","worldwide",2025-03-02,48.19835,0.2345487561254595,6,0
"donor_dell","Dell","competitor_donor","scm_donor","","worldwide",2025-03-09,50.84238333333333,0.1783315722654482,6,0
"donor_dell","Dell","competitor_donor","scm_donor","","worldwide",2025-03-16,51.0015,0.16947058741858495,5,0
"donor_dell","Dell","competitor_donor","scm_donor","","worldwide",2025-03-23,50.02144,0.034342510100457475,5,0
"donor_dell","Dell","competitor_donor","scm_donor","","worldwide",2025-03-30,49.90498,0.2286781624904319,5,0
"donor_dell","Dell","competitor_donor","scm_donor","","worldwide",2025-04-06,48.77776,0.31455808366659327,5,0
"donor_dell","Dell","competitor_donor","scm_donor","","worldwide",2025-04-13,47.91416,0.120251207894142,5,0
"donor_dell","Dell","competitor_donor","scm_donor","","worldwide",2025-04-20,49.75784,0.3393295639934716,5,0
"donor_dell","Dell","competitor_donor","scm_donor","","worldwide",2025-04-27,45.92334,0.1728740813424614,5,0
"donor_dell","Dell","competitor_donor","scm_donor","","worldwide",2025-05-04,48.89422,0.19214627761161446,5,0
"donor_dell","Dell","competitor_donor","scm_donor","","worldwide",2025-05-11,49.04136,0.1453434312241203,5,0
"donor_dell","Dell","competitor_donor","scm_donor","","worldwide",2025-05-18,50.88504,0.16157274832099727,5,0
"donor_dell","Dell","competitor_donor","scm_donor","","worldwide",2025-05-25,47.91416,0.120251207894142,5,0
"donor_dell","Dell","competitor_donor","scm_donor","","worldwide",2025-06-01,50.88504,0.16157274832099727,5,0
"donor_dell","Dell","competitor_donor","scm_donor","","worldwide",2025-06-08,50.02144,0.034342510100457475,5,0
"donor_dell","Dell","competitor_donor","scm_donor","","worldwide",2025-06-15,50.02144,0.034342510100457475,5,0
"donor_dell","Dell","competitor_donor","scm_donor","","worldwide",2025-06-22,49.75784,0.3393295639934716,5,0
"donor_dell","Dell","competitor_donor","scm_donor","","worldwide",2025-06-29,47.05056,0.07500271995067949,5,0
"donor_dell","Dell","competitor_donor","scm_donor","","worldwide",2025-07-06,53.25592,0.3536398337291776,5,0
"donor_dell","Dell","competitor_donor","scm_donor","","worldwide",2025-07-13,55.0996,0.14523250324910147,5,0
"donor_dell","Dell","competitor_donor","scm_donor","","worldwide",2025-07-20,54.98314,0.15765195209701854,5,0
"donor_dell","Dell","competitor_donor","scm_donor","","worldwide",2025-07-27,56.94326,0.16655716135909618,5,0
"donor_dell","Dell","competitor_donor","scm_donor","","worldwide",2025-08-03,62.133875,0.2677499999999995,4,0
"donor_dell","Dell","competitor_donor","scm_donor","","worldwide",2025-08-10,65.11959999999999,0.23919999999999675,4,0
"donor_dell","Dell","competitor_donor","scm_donor","","worldwide",2025-08-17,65.11959999999999,0.23919999999999675,4,0
"donor_dell","Dell","competitor_donor","scm_donor","","worldwide",2025-08-24,68.8553,0.28940000000000055,4,0
"donor_dell","Dell","competitor_donor","scm_donor","","worldwide",2025-08-31,73.8928,0.2143999999999977,4,0
"donor_dell","Dell","competitor_donor","scm_donor","","worldwide",2025-09-07,69.039225,0.07844999999999658,4,0
"donor_dell","Dell","competitor_donor","scm_donor","","worldwide",2025-09-14,64.935675,0.12865000000000038,4,0
"donor_dell","Dell","competitor_donor","scm_donor","","worldwide",2025-09-21,63.8178,0.36439999999999984,4,0
"donor_dell","Dell","competitor_donor","scm_donor","","worldwide",2025-09-28,66.05352500000001,0.10705000000000098,4,0
"donor_dell","Dell","competitor_donor","scm_donor","","worldwide",2025-10-05,65.86959999999999,0.26080000000000325,4,0
"donor_dell","Dell","competitor_donor","scm_donor","","worldwide",2025-10-12,65.11959999999999,0.23919999999999675,4,0
"donor_dell","Dell","competitor_donor","scm_donor","","worldwide",2025-10-19,63.0678,0.13560000000000016,4,0
"donor_dell","Dell","competitor_donor","scm_donor","","worldwide",2025-10-26,60.8321,0.335799999999999,4,0
"donor_dell","Dell","competitor_donor","scm_donor","","worldwide",2025-11-02,60.0821,0.164200000000001,4,0
"donor_dell","Dell","competitor_donor","scm_donor","","worldwide",2025-11-09,69.039225,0.07844999999999658,4,0
"donor_dell","Dell","competitor_donor","scm_donor","","worldwide",2025-11-16,68.1053,0.21059999999999945,4,0
"donor_dell","Dell","competitor_donor","scm_donor","","worldwide",2025-11-23,70.9071,0.1858000000000004,4,0
"donor_dell","Dell","competitor_donor","scm_donor","","worldwide",2025-11-30,69.97315,0.05369999999999919,4,0
"donor_dell","Dell","competitor_donor","scm_donor","","worldwide",2025-12-07,59.898175,0.20364999999999966,4,0
"donor_dell","Dell","competitor_donor","scm_donor","","worldwide",2025-12-14,55.978525,0.042950000000001154,4,0
"donor_dell","Dell","competitor_donor","scm_donor","","worldwide",2025-12-21,46.087475,0.17494999999999905,4,0
"donor_dell","Dell","competitor_donor","scm_donor","","worldwide",2025-12-28,44,0,3,0
"donor_dell","Dell","competitor_donor","scm_donor","","worldwide",2026-01-04,52,0,3,0
"donor_dell","Dell","competitor_donor","scm_donor","","worldwide",2026-01-11,57,0,3,0
"donor_dell","Dell","competitor_donor","scm_donor","","worldwide",2026-01-18,58,0,3,0
"donor_dell","Dell","competitor_donor","scm_donor","","worldwide",2026-01-25,55,0,3,0
"donor_dell","Dell","competitor_donor","scm_donor","","worldwide",2026-02-01,60,0,3,0
"donor_dell","Dell","competitor_donor","scm_donor","","worldwide",2026-02-08,59,0,3,0
"donor_dell","Dell","competitor_donor","scm_donor","","worldwide",2026-02-15,60,0,3,0
"donor_dell","Dell","competitor_donor","scm_donor","","worldwide",2026-02-22,61,0,3,0
"donor_dell","Dell","competitor_donor","scm_donor","","worldwide",2026-03-01,64,0,3,0
"donor_dell","Dell","competitor_donor","scm_donor","","worldwide",2026-03-08,60,0,3,0
"donor_dell","Dell","competitor_donor","scm_donor","","worldwide",2026-03-15,62,0,3,0
"donor_dell","Dell","competitor_donor","scm_donor","","worldwide",2026-03-22,76,0,3,0
"donor_dell","Dell","competitor_donor","scm_donor","","worldwide",2026-03-29,90,0,3,0
"donor_dell","Dell","competitor_donor","scm_donor","","worldwide",2026-04-05,94,0,3,0
"donor_dell","Dell","competitor_donor","scm_donor","","worldwide",2026-04-12,100,0,3,0
"donor_dell","Dell","competitor_donor","scm_donor","","worldwide",2026-04-19,91,0,3,0
"donor_dell","Dell","competitor_donor","scm_donor","","worldwide",2026-04-26,87,0,3,0
"donor_dell","Dell","competitor_donor","scm_donor","","worldwide",2026-05-03,98,0,3,0
"donor_dell","Dell","competitor_donor","scm_donor","","worldwide",2026-05-10,95,0,3,0
"donor_dell","Dell","competitor_donor","scm_donor","","worldwide",2026-05-17,82,0,2,0
"donor_dell","Dell","competitor_donor","scm_donor","","worldwide",2026-05-24,77,0,2,0
"donor_dell","Dell","competitor_donor","scm_donor","","worldwide",2026-05-31,88,0,2,0
"donor_dell","Dell","competitor_donor","scm_donor","","worldwide",2026-06-07,73,0,2,0
"donor_dell","Dell","competitor_donor","scm_donor","","worldwide",2026-06-14,65,0,2,0
"donor_dell","Dell","competitor_donor","scm_donor","","worldwide",2026-06-21,69,0,2,0
"donor_dell","Dell","competitor_donor","scm_donor","","worldwide",2026-06-28,61,0,2,0
"donor_dell","Dell","competitor_donor","scm_donor","","worldwide",2026-07-05,65,0,2,0
"donor_dell","Dell","competitor_donor","scm_donor","","worldwide",2026-07-12,57,0,2,0
"donor_dell","Dell","competitor_donor","scm_donor","","worldwide",2026-07-19,61,0,2,0
"donor_dell","Dell","competitor_donor","scm_donor","","worldwide",2026-07-26,60,0,2,0
"donor_dell","Dell","competitor_donor","scm_donor","","worldwide",2026-08-02,56,0,2,0
"donor_dell","Dell","competitor_donor","scm_donor","","worldwide",2026-08-09,61,0,2,0
"donor_dell","Dell","competitor_donor","scm_donor","","worldwide",2026-08-16,64,0,2,0
"donor_dell","Dell","competitor_donor","scm_donor","","worldwide",2026-08-23,67,0,2,0
"donor_dell","Dell","competitor_donor","scm_donor","","worldwide",2026-08-30,70,0,2,0
"donor_dell","Dell","competitor_donor","scm_donor","","worldwide",2026-09-06,63,0,2,0
"donor_dell","Dell","competitor_donor","scm_donor","","worldwide",2026-09-13,59,0,2,0
"donor_dell","Dell","competitor_donor","scm_donor","","worldwide",2026-09-20,57,0,2,0
"donor_dell","Dell","competitor_donor","scm_donor","","worldwide",2026-09-27,51,0,2,0
"donor_hp","HP laptop","competitor_donor","scm_donor","","worldwide",2021-12-26,42.82065,0.2536392024116138,2,0
"donor_hp","HP laptop","competitor_donor","scm_donor","","worldwide",2022-01-02,52.6785,0.45466966030295053,2,0
"donor_hp","HP laptop","competitor_donor","scm_donor","","worldwide",2022-01-09,53.988150000000005,0.016758430714119803,2,0
"donor_hp","HP laptop","competitor_donor","scm_donor","","worldwide",2022-01-16,50.8689,0.18540339802711275,2,0
"donor_hp","HP laptop","competitor_donor","scm_donor","","worldwide",2022-01-23,51.90865,0.1291884089227801,2,0
"donor_hp","HP laptop","competitor_donor","scm_donor","","worldwide",2022-01-30,51.13875,0.19622213177926934,2,0
"donor_hp","HP laptop","competitor_donor","scm_donor","","worldwide",2022-02-06,50.099000000000004,0.1400071426749367,2,0
"donor_hp","HP laptop","competitor_donor","scm_donor","","worldwide",2022-02-13,53.2183,0.3087228206660456,2,0
"donor_hp","HP laptop","competitor_donor","scm_donor","","worldwide",2022-02-20,48.01945,0.027506453788155395,2,0
"donor_hp","HP laptop","competitor_donor","scm_donor","","worldwide",2022-02-27,48.28935,0.4092026942726535,2,0
"donor_hp","HP laptop","competitor_donor","scm_donor","","worldwide",2022-03-06,48.78935,0.29790408691389403,2,0
"donor_hp","HP laptop","competitor_donor","scm_donor","","worldwide",2022-03-13,46.2098,0.2967020053858772,2,0
"donor_hp","HP laptop","competitor_donor","scm_donor","","worldwide",2022-03-20,49.8291,0.24168909780956138,2,0
"donor_hp","HP laptop","competitor_donor","scm_donor","","worldwide",2022-03-27,43.09055,0.12805703807288427,2,0
"donor_hp","HP laptop","competitor_donor","scm_donor","","worldwide",2022-04-03,45.939949999999996,0.0849235244205049,2,0
"donor_hp","HP laptop","competitor_donor","scm_donor","","worldwide",2022-04-10,46.2098,0.2967020053858772,2,0
"donor_hp","HP laptop","competitor_donor","scm_donor","","worldwide",2022-04-17,45.17005,0.24048701628154454,2,0
"donor_hp","HP laptop","competitor_donor","scm_donor","","worldwide",2022-04-24,43.09055,0.12805703807288427,2,0
"donor_hp","HP laptop","competitor_donor","scm_donor","","worldwide",2022-05-01,41.010999999999996,0.01555634918610296,2,0
"donor_hp","HP laptop","competitor_donor","scm_donor","","worldwide",2022-05-08,43.8604,0.19742421330728618,2,0
"donor_hp","HP laptop","competitor_donor","scm_donor","","worldwide",2022-05-15,39.97125,0.04065863991822467,2,0
"donor_hp","HP laptop","competitor_donor","scm_donor","","worldwide",2022-05-22,41.66203333333333,0.30065372662472184,3,0
"donor_hp","HP laptop","competitor_donor","scm_donor","","worldwide",2022-05-29,46.228566666666666,0.2123030930847073,3,0
"donor_hp","HP laptop","competitor_donor","scm_donor","","worldwide",2022-06-05,41.3287,0.29284693954350927,3,0
"donor_hp","HP laptop","competitor_donor","scm_donor","","worldwide",2022-06-12,42.20056666666667,0.2644062467744154,3,0
"donor_hp","HP laptop","competitor_donor","scm_donor","","worldwide",2022-06-19,47.613733333333336,0.3436268518805442,3,0
"donor_hp","HP laptop","competitor_donor","scm_donor","","worldwide",2022-06-26,41.3287,0.29284693954350927,3,0
"donor_hp","HP laptop","competitor_donor","scm_donor","","worldwide",2022-07-03,42.893166666666666,0.21895758341133914,3,0
"donor_hp","HP laptop","competitor_donor","scm_donor","","worldwide",2022-07-10,46.92113333333334,0.10345169565228585,3,0
"donor_hp","HP laptop","competitor_donor","scm_donor","","worldwide",2022-07-17,47.10046666666667,0.21015673516052896,3,0
"donor_hp","HP laptop","competitor_donor","scm_donor","","worldwide",2022-07-24,46.228566666666666,0.2123030930847073,3,0
"donor_hp","HP laptop","competitor_donor","scm_donor","","worldwide",2022-07-31,44.996833333333335,0.19486929807779593,3,0
"donor_hp","HP laptop","competitor_donor","scm_donor","","worldwide",2022-08-07,47.972966666666665,0.08282755177676673,3,0
"donor_hp","HP laptop","competitor_donor","scm_donor","","worldwide",2022-08-14,50.076633333333334,0.10630993995545934,3,0
"donor_hp","HP laptop","competitor_donor","scm_donor","","worldwide",2022-08-21,51.82103333333333,0.1771295100578475,3,0
"donor_hp","HP laptop","competitor_donor","scm_donor","","worldwide",2022-08-28,46.92113333333334,0.10345169565228585,3,0
"donor_hp","HP laptop","competitor_donor","scm_donor","","worldwide",2022-09-04,48.1523,0.23092351547644518,3,0
"donor_hp","HP laptop","competitor_donor","scm_donor","","worldwide",2022-09-11,46.7412,0.29525229889028687,3,0
"donor_hp","HP laptop","competitor_donor","scm_donor","","worldwide",2022-09-18,53.92466666666667,0.11059305282581526,3,0
"donor_hp","HP laptop","competitor_donor","scm_donor","","worldwide",2022-09-25,48.84486666666667,0.23155933005027868,3,0
"donor_hp","HP laptop","competitor_donor","scm_donor","","worldwide",2022-10-02,43.944966666666666,0.20234308323571157,3,0
"donor_hp","HP laptop","competitor_donor","scm_donor","","worldwide",2022-10-09,46.899525,0.09488158848445455,4,0
"donor_hp","HP laptop","competitor_donor","scm_donor","","worldwide",2022-10-16,47.957575,0.07430488431680038,4,0
"donor_hp","HP laptop","competitor_donor","scm_donor","","worldwide",2022-10-23,43.071425000000005,0.0780155700271852,4,0
"donor_hp","HP laptop","competitor_donor","scm_donor","","worldwide",2022-10-30,42.6674,0.22997412897976122,4,0
"donor_hp","HP laptop","competitor_donor","scm_donor","","worldwide",2022-11-06,45.187475,0.1408150175466619,4,0
"donor_hp","HP laptop","competitor_donor","scm_donor","","worldwide",2022-11-13,46.764575,0.2455636560378307,4,0
"donor_hp","HP laptop","competitor_donor","scm_donor","","worldwide",2022-11-20,47.168625,0.21914866149108234,4,0
"donor_hp","HP laptop","competitor_donor","scm_donor","","worldwide",2022-11-27,43.725449999999995,0.19341777753522785,4,0
"donor_hp","HP laptop","competitor_donor","scm_donor","","worldwide",2022-12-04,38.8393,0.12070686255000866,4,0
"donor_hp","HP laptop","competitor_donor","scm_donor","","worldwide",2022-12-11,44.12945,0.10705072006608053,4,0
"donor_hp","HP laptop","competitor_donor","scm_donor","","worldwide",2022-12-18,46.245525,0.17663165769476397,4,0
"donor_hp","HP laptop","competitor_donor","scm_donor","","worldwide",2022-12-25,48.880675,0.2021767275594976,4,0
"donor_hp","HP laptop","competitor_donor","scm_donor","","worldwide",2023-01-01,43.725449999999995,0.19341777753522785,4,0
"donor_hp","HP laptop","competitor_donor","scm_donor","","worldwide",2023-01-08,48.361599999999996,0.25088479427816995,4,0
"donor_hp","HP laptop","competitor_donor","scm_donor","","worldwide",2023-01-15,43.9945,0.1926378813560137,4,0
"donor_hp","HP laptop","competitor_donor","scm_donor","","worldwide",2023-01-22,43.071425000000005,0.0780155700271852,4,0
"donor_hp","HP laptop","competitor_donor","scm_donor","","worldwide",2023-01-29,45.841525,0.12438103754190272,4,0
"donor_hp","HP laptop","competitor_donor","scm_donor","","worldwide",2023-02-05,44.12945,0.10705072006608053,4,0
"donor_hp","HP laptop","competitor_donor","scm_donor","","worldwide",2023-02-12,46.1106,0.20343446119082206,4,0
"donor_hp","HP laptop","competitor_donor","scm_donor","","worldwide",2023-02-19,44.12945,0.10705072006608053,4,0
"donor_hp","HP laptop","competitor_donor","scm_donor","","worldwide",2023-02-26,43.071425000000005,0.0780155700271852,4,0
"donor_hp","HP laptop","competitor_donor","scm_donor","","worldwide",2023-03-05,43.7054,0.17340080737989697,5,0
"donor_hp","HP laptop","competitor_donor","scm_donor","","worldwide",2023-03-12,44.02836,0.18320620349759023,5,0
"donor_hp","HP laptop","competitor_donor","scm_donor","","worldwide",2023-03-19,45.19816,0.12426784781269883,5,0
"donor_hp","HP laptop","competitor_donor","scm_donor","","worldwide",2023-03-26,41.58168,0.23947880281978998,5,0
"donor_hp","HP laptop","competitor_donor","scm_donor","","worldwide",2023-04-02,39.88886,0.07951857015817253,5,0
"donor_hp","HP laptop","competitor_donor","scm_donor","","worldwide",2023-04-09,43.07446,0.0679034461570247,5,0
"donor_hp","HP laptop","competitor_donor","scm_donor","","worldwide",2023-04-16,38.19608,0.11950385767831975,5,0
"donor_hp","HP laptop","competitor_donor","scm_donor","","worldwide",2023-04-23,40.21186,0.22117333247930243,5,0
"donor_hp","HP laptop","competitor_donor","scm_donor","","worldwide",2023-04-30,40.31982,0.18572610748088247,5,0
"donor_hp","HP laptop","competitor_donor","scm_donor","","worldwide",2023-05-07,45.09022,0.1881361395373043,5,0
"donor_hp","HP laptop","competitor_donor","scm_donor","","worldwide",2023-05-14,38.19608,0.11950385767831975,5,0
"donor_hp","HP laptop","competitor_donor","scm_donor","","worldwide",2023-05-21,39.25792,0.15226359381020835,5,0
"donor_hp","HP laptop","competitor_donor","scm_donor","","worldwide",2023-05-28,40.8428,0.2058620168948111,5,0
"donor_hp","HP laptop","competitor_donor","scm_donor","","worldwide",2023-06-04,41.58168,0.23947880281978998,5,0
"donor_hp","HP laptop","competitor_donor","scm_donor","","worldwide",2023-06-11,50.07656,0.07563030477262411,5,0
"donor_hp","HP laptop","competitor_donor","scm_donor","","worldwide",2023-06-18,41.90464,0.1924661216941841,5,0
"donor_hp","HP laptop","competitor_donor","scm_donor","","worldwide",2023-06-25,44.13632,0.09397274604905297,5,0
"donor_hp","HP laptop","competitor_donor","scm_donor","","worldwide",2023-07-02,42.64352,0.2061973496434904,5,0
"donor_hp","HP laptop","competitor_donor","scm_donor","","worldwide",2023-07-09,53.89306,0.08982490189251631,5,0
"donor_hp","HP laptop","competitor_donor","scm_donor","","worldwide",2023-07-16,50.07656,0.07563030477262411,5,0
"donor_hp","HP laptop","competitor_donor","scm_donor","","worldwide",2023-07-23,48.23243333333333,0.23567812513397773,6,0
"donor_hp","HP laptop","competitor_donor","scm_donor","","worldwide",2023-07-30,47.963300000000004,0.06370933997460512,6,0
"donor_hp","HP laptop","competitor_donor","scm_donor","","worldwide",2023-08-06,47.34761666666667,0.18070831100607104,6,0
"donor_hp","HP laptop","competitor_donor","scm_donor","","worldwide",2023-08-13,49.38708333333333,0.2608518155326247,6,0
"donor_hp","HP laptop","competitor_donor","scm_donor","","worldwide",2023-08-20,48.37904,0.21788486179631725,5,0
"donor_hp","HP laptop","competitor_donor","scm_donor","","worldwide",2023-08-27,47.3173,0.18419043134755986,5,0
"donor_hp","HP laptop","competitor_donor","scm_donor","","worldwide",2023-09-03,46.7785,0.226081920993253,5,0
"donor_hp","HP laptop","competitor_donor","scm_donor","","worldwide",2023-09-10,47.94818,0.05795681150649911,5,0
"donor_hp","HP laptop","competitor_donor","scm_donor","","worldwide",2023-09-17,45.82466,0.10911307437699727,5,0
"donor_hp","HP laptop","competitor_donor","scm_donor","","worldwide",2023-09-24,46.25554,0.15085981240873972,5,0
"donor_hp","HP laptop","competitor_donor","scm_donor","","worldwide",2023-10-01,46.25554,0.15085981240873972,5,0
"donor_hp","HP laptop","competitor_donor","scm_donor","","worldwide",2023-10-08,49.440799999999996,0.2518203427048728,5,0
"donor_hp","HP laptop","competitor_donor","scm_donor","","worldwide",2023-10-15,40.94676,0.052188389513377606,5,0
"donor_hp","HP laptop","competitor_donor","scm_donor","","worldwide",2023-10-22,44.762899999999995,0.1405720811541195,5,0
"donor_hp","HP laptop","competitor_donor","scm_donor","","worldwide",2023-10-29,43.07026,0.05982773604274121,5,0
"donor_hp","HP laptop","competitor_donor","scm_donor","","worldwide",2023-11-05,44.762899999999995,0.1405720811541195,5,0
"donor_hp","HP laptop","competitor_donor","scm_donor","","worldwide",2023-11-12,52.82608,0.11183446248808929,5,0
"donor_hp","HP laptop","competitor_donor","scm_donor","","worldwide",2023-11-19,50.70256,0.17452227078513505,5,0
"donor_hp","HP laptop","competitor_donor","scm_donor","","worldwide",2023-11-26,49.00992,0.05163464921929816,5,0
"donor_hp","HP laptop","competitor_donor","scm_donor","","worldwide",2023-12-03,44.024119999999996,0.19213156169666792,5,0
"donor_hp","HP laptop","competitor_donor","scm_donor","","worldwide",2023-12-10,45.193760000000005,0.11822841452036897,5,0
"donor_hp","HP laptop","competitor_donor","scm_donor","","worldwide",2023-12-17,39.72036666666666,0.2496883871281693,6,0
"donor_hp","HP laptop","competitor_donor","scm_donor","","worldwide",2023-12-24,43.09495,0.08075309901174098,6,0
"donor_hp","HP laptop","competitor_donor","scm_donor","","worldwide",2023-12-31,42.64585,0.18534287955030748,6,0
"donor_hp","HP laptop","competitor_donor","scm_donor","","worldwide",2024-01-07,46.925599999999996,0.07778454216616695,5,0
"donor_hp","HP laptop","competitor_donor","scm_donor","","worldwide",2024-01-14,44.8003,0.12804104810567749,5,0
"donor_hp","HP laptop","competitor_donor","scm_donor","","worldwide",2024-01-21,43.73764,0.15890905575202527,5,0
"donor_hp","HP laptop","competitor_donor","scm_donor","","worldwide",2024-01-28,43.73764,0.15890905575202527,5,0
"donor_hp","HP laptop","competitor_donor","scm_donor","","worldwide",2024-02-04,40.981,0.058396403998875974,5,0
"donor_hp","HP laptop","competitor_donor","scm_donor","","worldwide",2024-02-11,44.8003,0.12804104810567749,5,0
"donor_hp","HP laptop","competitor_donor","scm_donor","","worldwide",2024-02-18,39.487,0.29203341418406276,5,0
"donor_hp","HP laptop","competitor_donor","scm_donor","","worldwide",2024-02-25,40.981,0.058396403998875974,5,0
"donor_hp","HP laptop","competitor_donor","scm_donor","","worldwide",2024-03-03,39.91832,0.07218979844825717,5,0
"donor_hp","HP laptop","competitor_donor","scm_donor","","worldwide",2024-03-10,43.537639999999996,0.30671173436958643,5,0
"donor_hp","HP laptop","competitor_donor","scm_donor","","worldwide",2024-03-17,40.34966,0.20350599008383116,5,0
"donor_hp","HP laptop","competitor_donor","scm_donor","","worldwide",2024-03-24,38.22434,0.13639922287168602,5,0
"donor_hp","HP laptop","competitor_donor","scm_donor","","worldwide",2024-03-31,39.287,0.1696570511355183,5,0
"donor_hp","HP laptop","competitor_donor","scm_donor","","worldwide",2024-04-07,41.612320000000004,0.22439123645989364,5,0
"donor_hp","HP laptop","competitor_donor","scm_donor","","worldwide",2024-04-14,36.73036,0.1592412729162887,5,0
"donor_hp","HP laptop","competitor_donor","scm_donor","","worldwide",2024-04-21,44.8003,0.12804104810567749,5,0
"donor_hp","HP laptop","competitor_donor","scm_donor","","worldwide",2024-04-28,38.8557,0.0972933194006666,5,0
"donor_hp","HP laptop","competitor_donor","scm_donor","","worldwide",2024-05-05,42.311166666666665,0.2649183547183299,6,0
"donor_hp","HP laptop","competitor_donor","scm_donor","","worldwide",2024-05-12,38.28375,0.18989756975801514,6,0
"donor_hp","HP laptop","competitor_donor","scm_donor","","worldwide",2024-05-19,39.280166666666666,0.1526662328960354,6,0
"donor_hp","HP laptop","competitor_donor","scm_donor","","worldwide",2024-05-26,37.17648333333333,0.10011394341782115,6,0
"donor_hp","HP laptop","competitor_donor","scm_donor","","worldwide",2024-06-02,40.38996,0.22818412083227999,5,0
"donor_hp","HP laptop","competitor_donor","scm_donor","","worldwide",2024-06-09,44.77752,0.16050080062105576,5,0
"donor_hp","HP laptop","competitor_donor","scm_donor","","worldwide",2024-06-16,37.83952,0.11923932656636392,5,0
"donor_hp","HP laptop","competitor_donor","scm_donor","","worldwide",2024-06-23,41.70338,0.23489914218659816,5,0
"donor_hp","HP laptop","competitor_donor","scm_donor","","worldwide",2024-06-30,40.91364,0.19373009058997306,5,0
"donor_hp","HP laptop","competitor_donor","scm_donor","","worldwide",2024-07-07,47.11202,0.19340016028948898,5,0
"donor_hp","HP laptop","competitor_donor","scm_donor","","worldwide",2024-07-14,51.19182,0.1212817875857716,5,0
"donor_hp","HP laptop","competitor_donor","scm_donor","","worldwide",2024-07-21,43.79714,0.15229375561722813,5,0
"donor_hp","HP laptop","competitor_donor","scm_donor","","worldwide",2024-07-28,43.79714,0.15229375561722813,5,0
"donor_hp","HP laptop","competitor_donor","scm_donor","","worldwide",2024-08-04,52.17218,0.22120159809549153,5,0
"donor_hp","HP laptop","competitor_donor","scm_donor","","worldwide",2024-08-11,46.3476,0.21396977590304747,5,0
"donor_hp","HP laptop","competitor_donor","scm_donor","","worldwide",2024-08-18,48.74908,0.2355606227704458,5,0
"donor_hp","HP laptop","competitor_donor","scm_donor","","worldwide",2024-08-25,52.82888,0.17620902928056742,5,0
"donor_hp","HP laptop","competitor_donor","scm_donor","","worldwide",2024-09-01,47.0043,0.13832682313998407,5,0
"donor_hp","HP laptop","competitor_donor","scm_donor","","worldwide",2024-09-08,50.73512,0.1712513853958559,5,0
"donor_hp","HP laptop","competitor_donor","scm_donor","","worldwide",2024-09-15,50.73512,0.1712513853958559,5,0
"donor_hp","HP laptop","competitor_donor","scm_donor","","worldwide",2024-09-22,45.890879999999996,0.08106668242872705,5,0
"donor_hp","HP laptop","competitor_donor","scm_donor","","worldwide",2024-09-29,44.301316666666665,0.288853467465195,6,0
"donor_hp","HP laptop","competitor_donor","scm_donor","","worldwide",2024-10-06,48.3678,0.2887695205522911,6,0
"donor_hp","HP laptop","competitor_donor","scm_donor","","worldwide",2024-10-13,41.64195,0.30267014884193566,6,0
"donor_hp","HP laptop","competitor_donor","scm_donor","","worldwide",2024-10-20,42.77414,0.20958620660720964,5,0
"donor_hp","HP laptop","competitor_donor","scm_donor","","worldwide",2024-10-27,41.276160000000004,0.286171439874773,5,0
"donor_hp","HP laptop","competitor_donor","scm_donor","","worldwide",2024-11-03,40.711220000000004,0.2666677933309519,5,0
"donor_hp","HP laptop","competitor_donor","scm_donor","","worldwide",2024-11-10,48.34688,0.31773014808167016,5,0
"donor_hp","HP laptop","competitor_donor","scm_donor","","worldwide",2024-11-17,48.13094,0.24136650140398458,5,0
"donor_hp","HP laptop","competitor_donor","scm_donor","","worldwide",2024-11-24,47.6489,0.3410302186023984,5,0
"donor_hp","HP laptop","competitor_donor","scm_donor","","worldwide",2024-12-01,45.186,0.17760831906191807,5,0
"donor_hp","HP laptop","competitor_donor","scm_donor","","worldwide",2024-12-08,47.78194,0.2547057086129005,5,0
"donor_hp","HP laptop","competitor_donor","scm_donor","","worldwide",2024-12-15,39.21328,0.20677125525565668,5,0
"donor_hp","HP laptop","competitor_donor","scm_donor","","worldwide",2024-12-22,42.37414,0.34360788407718446,5,0
"donor_hp","HP laptop","competitor_donor","scm_donor","","worldwide",2024-12-29,40.92718,0.19768572786116653,5,0
"donor_hp","HP laptop","competitor_donor","scm_donor","","worldwide",2025-01-05,53.97064,0.05719478123045974,5,0
"donor_hp","HP laptop","competitor_donor","scm_donor","","worldwide",2025-01-12,44.2211,0.23671724694242408,5,0
"donor_hp","HP laptop","competitor_donor","scm_donor","","worldwide",2025-01-19,43.872099999999996,0.13808272882587513,5,0
"donor_hp","HP laptop","competitor_donor","scm_donor","","worldwide",2025-01-26,43.339059999999996,0.36956802892025137,5,0
"donor_hp","HP laptop","competitor_donor","scm_donor","","worldwide",2025-02-02,42.77414,0.20958620660720964,5,0
"donor_hp","HP laptop","competitor_donor","scm_donor","","worldwide",2025-02-09,45.934979999999996,0.06337359071411489,5,0
"donor_hp","HP laptop","competitor_donor","scm_donor","","worldwide",2025-02-16,43.89341666666667,0.13408905125574885,6,0
"donor_hp","HP laptop","competitor_donor","scm_donor","","worldwide",2025-02-23,41.230133333333335,0.2796891107402422,6,0
"donor_hp","HP laptop","competitor_donor","scm_donor","","worldwide",2025-03-02,49.87068333333333,0.16445694167978198,6,0
"donor_hp","HP laptop","competitor_donor","scm_donor","","worldwide",2025-03-09,39.677733333333336,0.3584757658010738,6,0
"donor_hp","HP laptop","competitor_donor","scm_donor","","worldwide",2025-03-16,40.8187,0.2491330367494428,5,0
"donor_hp","HP laptop","competitor_donor","scm_donor","","worldwide",2025-03-23,38.89548,0.18152000440722627,5,0
"donor_hp","HP laptop","competitor_donor","scm_donor","","worldwide",2025-03-30,40.2187,0.30019538637361,5,0
"donor_hp","HP laptop","competitor_donor","scm_donor","","worldwide",2025-04-06,45.96346,0.050619245351942246,5,0
"donor_hp","HP laptop","competitor_donor","scm_donor","","worldwide",2025-04-13,39.73656,0.36698333477148487,5,0
"donor_hp","HP laptop","competitor_donor","scm_donor","","worldwide",2025-04-20,38.05438,0.17268984336086404,5,0
"donor_hp","HP laptop","competitor_donor","scm_donor","","worldwide",2025-04-27,38.18742,0.268629413877186,5,0
"donor_hp","HP laptop","competitor_donor","scm_donor","","worldwide",2025-05-04,50.86714,0.19891359430667474,5,0
"donor_hp","HP laptop","competitor_donor","scm_donor","","worldwide",2025-05-11,39.02852,0.12955752390347802,5,0
"donor_hp","HP laptop","competitor_donor","scm_donor","","worldwide",2025-05-18,40.8187,0.2491330367494428,5,0
"donor_hp","HP laptop","competitor_donor","scm_donor","","worldwide",2025-05-25,45.12238,0.1754187333211592,5,0
"donor_hp","HP laptop","competitor_donor","scm_donor","","worldwide",2025-06-01,40.8187,0.2491330367494428,5,0
"donor_hp","HP laptop","competitor_donor","scm_donor","","worldwide",2025-06-08,46.80456,0.27009307284711964,5,0
"donor_hp","HP laptop","competitor_donor","scm_donor","","worldwide",2025-06-15,42.00892,0.0826490592807933,5,0
"donor_hp","HP laptop","competitor_donor","scm_donor","","worldwide",2025-06-22,42.85002,0.20877909857071505,5,0
"donor_hp","HP laptop","competitor_donor","scm_donor","","worldwide",2025-06-29,42.85002,0.20877909857071505,5,0
"donor_hp","HP laptop","competitor_donor","scm_donor","","worldwide",2025-07-06,51.10822,0.15255317761357898,5,0
"donor_hp","HP laptop","competitor_donor","scm_donor","","worldwide",2025-07-13,46.80456,0.27009307284711964,5,0
"donor_hp","HP laptop","competitor_donor","scm_donor","","worldwide",2025-07-20,48.12782,0.243323060970389,5,0
"donor_hp","HP laptop","competitor_donor","scm_donor","","worldwide",2025-07-27,47.15368,0.23759396456980927,5,0
"donor_hp","HP laptop","competitor_donor","scm_donor","","worldwide",2025-08-03,52.137425,0.2748500000000007,4,0
"donor_hp","HP laptop","competitor_donor","scm_donor","","worldwide",2025-08-10,52.887425,0.2251499999999993,4,0
"donor_hp","HP laptop","competitor_donor","scm_donor","","worldwide",2025-08-17,59.050375,0.10075000000000145,4,0
"donor_hp","HP laptop","competitor_donor","scm_donor","","worldwide",2025-08-24,66.12965,0.2593000000000032,4,0
"donor_hp","HP laptop","competitor_donor","scm_donor","","worldwide",2025-08-31,63.96445,0.07110000000000127,4,0
"donor_hp","HP laptop","competitor_donor","scm_donor","","worldwide",2025-09-07,60.132975,0.26595000000000013,4,0
"donor_hp","HP laptop","competitor_donor","scm_donor","","worldwide",2025-09-14,60.132975,0.26595000000000013,4,0
"donor_hp","HP laptop","competitor_donor","scm_donor","","worldwide",2025-09-21,61.965575,0.06885000000000119,4,0
"donor_hp","HP laptop","competitor_donor","scm_donor","","worldwide",2025-09-28,61.965575,0.06885000000000119,4,0
"donor_hp","HP laptop","competitor_donor","scm_donor","","worldwide",2025-10-05,52.137425,0.2748500000000007,4,0
"donor_hp","HP laptop","competitor_donor","scm_donor","","worldwide",2025-10-12,53.053725,0.10745000000000005,4,0
"donor_hp","HP laptop","competitor_donor","scm_donor","","worldwide",2025-10-19,57.9678,0.06439999999999912,4,0
"donor_hp","HP laptop","competitor_donor","scm_donor","","worldwide",2025-10-26,48.88965,0.22070000000000078,4,0
"donor_hp","HP laptop","competitor_donor","scm_donor","","worldwide",2025-11-02,48.13965,0.2792999999999992,4,0
"donor_hp","HP laptop","competitor_donor","scm_donor","","worldwide",2025-11-09,57.9678,0.06439999999999912,4,0
"donor_hp","HP laptop","competitor_donor","scm_donor","","worldwide",2025-11-16,57.9678,0.06439999999999912,4,0
"donor_hp","HP laptop","competitor_donor","scm_donor","","worldwide",2025-11-23,57.9678,0.06439999999999912,4,0
"donor_hp","HP laptop","competitor_donor","scm_donor","","worldwide",2025-11-30,53.053725,0.10745000000000005,4,0
"donor_hp","HP laptop","competitor_donor","scm_donor","","worldwide",2025-12-07,53.053725,0.10745000000000005,4,0
"donor_hp","HP laptop","competitor_donor","scm_donor","","worldwide",2025-12-14,44.891875,0.21624999999999872,4,0
"donor_hp","HP laptop","competitor_donor","scm_donor","","worldwide",2025-12-21,43.059275,0.11854999999999905,4,0
"donor_hp","HP laptop","competitor_donor","scm_donor","","worldwide",2025-12-28,40,0,3,0
"donor_hp","HP laptop","competitor_donor","scm_donor","","worldwide",2026-01-04,45,0,3,0
"donor_hp","HP laptop","competitor_donor","scm_donor","","worldwide",2026-01-11,46,0,3,0
"donor_hp","HP laptop","competitor_donor","scm_donor","","worldwide",2026-01-18,54,0,3,0
"donor_hp","HP laptop","competitor_donor","scm_donor","","worldwide",2026-01-25,48,0,3,0
"donor_hp","HP laptop","competitor_donor","scm_donor","","worldwide",2026-02-01,47,0,3,0
"donor_hp","HP laptop","competitor_donor","scm_donor","","worldwide",2026-02-08,49,0,3,0
"donor_hp","HP laptop","competitor_donor","scm_donor","","worldwide",2026-02-15,48,0,3,0
"donor_hp","HP laptop","competitor_donor","scm_donor","","worldwide",2026-02-22,51,0,3,0
"donor_hp","HP laptop","competitor_donor","scm_donor","","worldwide",2026-03-01,49,0,3,0
"donor_hp","HP laptop","competitor_donor","scm_donor","","worldwide",2026-03-08,53,0,3,0
"donor_hp","HP laptop","competitor_donor","scm_donor","","worldwide",2026-03-15,44,0,3,0
"donor_hp","HP laptop","competitor_donor","scm_donor","","worldwide",2026-03-22,70,0,3,0
"donor_hp","HP laptop","competitor_donor","scm_donor","","worldwide",2026-03-29,90,0,3,0
"donor_hp","HP laptop","competitor_donor","scm_donor","","worldwide",2026-04-05,94,0,3,0
"donor_hp","HP laptop","competitor_donor","scm_donor","","worldwide",2026-04-12,98,0,3,0
"donor_hp","HP laptop","competitor_donor","scm_donor","","worldwide",2026-04-19,91,0,3,0
"donor_hp","HP laptop","competitor_donor","scm_donor","","worldwide",2026-04-26,85,0,3,0
"donor_hp","HP laptop","competitor_donor","scm_donor","","worldwide",2026-05-03,100,0,3,0
"donor_hp","HP laptop","competitor_donor","scm_donor","","worldwide",2026-05-10,97,0,3,0
"donor_hp","HP laptop","competitor_donor","scm_donor","","worldwide",2026-05-17,86,0,2,0
"donor_hp","HP laptop","competitor_donor","scm_donor","","worldwide",2026-05-24,74,0,2,0
"donor_hp","HP laptop","competitor_donor","scm_donor","","worldwide",2026-05-31,73,0,2,0
"donor_hp","HP laptop","competitor_donor","scm_donor","","worldwide",2026-06-07,67,0,2,0
"donor_hp","HP laptop","competitor_donor","scm_donor","","worldwide",2026-06-14,57,0,2,0
"donor_hp","HP laptop","competitor_donor","scm_donor","","worldwide",2026-06-21,58,0,2,0
"donor_hp","HP laptop","competitor_donor","scm_donor","","worldwide",2026-06-28,48,0,2,0
"donor_hp","HP laptop","competitor_donor","scm_donor","","worldwide",2026-07-05,53,0,2,0
"donor_hp","HP laptop","competitor_donor","scm_donor","","worldwide",2026-07-12,42,0,2,0
"donor_hp","HP laptop","competitor_donor","scm_donor","","worldwide",2026-07-19,46,0,2,0
"donor_hp","HP laptop","competitor_donor","scm_donor","","worldwide",2026-07-26,46,0,2,0
"donor_hp","HP laptop","competitor_donor","scm_donor","","worldwide",2026-08-02,46,0,2,0
"donor_hp","HP laptop","competitor_donor","scm_donor","","worldwide",2026-08-09,64,0,2,0
"donor_hp","HP laptop","competitor_donor","scm_donor","","worldwide",2026-08-16,67,0,2,0
"donor_hp","HP laptop","competitor_donor","scm_donor","","worldwide",2026-08-23,68,0,2,0
"donor_hp","HP laptop","competitor_donor","scm_donor","","worldwide",2026-08-30,71,0,2,0
"donor_hp","HP laptop","competitor_donor","scm_donor","","worldwide",2026-09-06,65,0,2,0
"donor_hp","HP laptop","competitor_donor","scm_donor","","worldwide",2026-09-13,61,0,2,0
"donor_hp","HP laptop","competitor_donor","scm_donor","","worldwide",2026-09-20,50,0,2,0
"donor_hp","HP laptop","competitor_donor","scm_donor","","worldwide",2026-09-27,43,0,2,0
"donor_huawei","Huawei","competitor_donor","scm_donor","","worldwide",2021-12-26,95,0,2,0
"donor_huawei","Huawei","competitor_donor","scm_donor","","worldwide",2022-01-02,97,0,2,0
"donor_huawei","Huawei","competitor_donor","scm_donor","","worldwide",2022-01-09,86,0,2,0
"donor_huawei","Huawei","competitor_donor","scm_donor","","worldwide",2022-01-16,81,0,2,0
"donor_huawei","Huawei","competitor_donor","scm_donor","","worldwide",2022-01-23,88,0,2,0
"donor_huawei","Huawei","competitor_donor","scm_donor","","worldwide",2022-01-30,91,0,2,0
"donor_huawei","Huawei","competitor_donor","scm_donor","","worldwide",2022-02-06,90,0,2,0
"donor_huawei","Huawei","competitor_donor","scm_donor","","worldwide",2022-02-13,100,0,2,0
"donor_huawei","Huawei","competitor_donor","scm_donor","","worldwide",2022-02-20,93,0,2,0
"donor_huawei","Huawei","competitor_donor","scm_donor","","worldwide",2022-02-27,88,0,2,0
"donor_huawei","Huawei","competitor_donor","scm_donor","","worldwide",2022-03-06,85,0,2,0
"donor_huawei","Huawei","competitor_donor","scm_donor","","worldwide",2022-03-13,87,0,2,0
"donor_huawei","Huawei","competitor_donor","scm_donor","","worldwide",2022-03-20,86,0,2,0
"donor_huawei","Huawei","competitor_donor","scm_donor","","worldwide",2022-03-27,80,0,2,0
"donor_huawei","Huawei","competitor_donor","scm_donor","","worldwide",2022-04-03,83,0,2,0
"donor_huawei","Huawei","competitor_donor","scm_donor","","worldwide",2022-04-10,84,0,2,0
"donor_huawei","Huawei","competitor_donor","scm_donor","","worldwide",2022-04-17,82,0,2,0
"donor_huawei","Huawei","competitor_donor","scm_donor","","worldwide",2022-04-24,85,0,2,0
"donor_huawei","Huawei","competitor_donor","scm_donor","","worldwide",2022-05-01,85,0,2,0
"donor_huawei","Huawei","competitor_donor","scm_donor","","worldwide",2022-05-08,75,0,2,0
"donor_huawei","Huawei","competitor_donor","scm_donor","","worldwide",2022-05-15,76,0,2,0
"donor_huawei","Huawei","competitor_donor","scm_donor","","worldwide",2022-05-22,77.20786666666666,0.3600356278666484,3,0
"donor_huawei","Huawei","competitor_donor","scm_donor","","worldwide",2022-05-29,81.9948,0.009006664199361785,3,0
"donor_huawei","Huawei","competitor_donor","scm_donor","","worldwide",2022-06-05,75.00233333333334,0.0040414518843302685,3,0
"donor_huawei","Huawei","competitor_donor","scm_donor","","worldwide",2022-06-12,80.08003333333333,0.1386217996324281,3,0
"donor_huawei","Huawei","competitor_donor","scm_donor","","worldwide",2022-06-19,80.08003333333333,0.1386217996324281,3,0
"donor_huawei","Huawei","competitor_donor","scm_donor","","worldwide",2022-06-26,77.87453333333333,0.21731464132297737,3,0
"donor_huawei","Huawei","competitor_donor","scm_donor","","worldwide",2022-07-03,78.16523333333333,0.28619252843729714,3,0
"donor_huawei","Huawei","competitor_donor","scm_donor","","worldwide",2022-07-10,80.08003333333333,0.1386217996324281,3,0
"donor_huawei","Huawei","competitor_donor","scm_donor","","worldwide",2022-07-17,81.9948,0.009006664199361785,3,0
"donor_huawei","Huawei","competitor_donor","scm_donor","","worldwide",2022-07-24,80.08003333333333,0.1386217996324281,3,0
"donor_huawei","Huawei","competitor_donor","scm_donor","","worldwide",2022-07-31,81.03743333333334,0.0648364352299977,3,0
"donor_huawei","Huawei","competitor_donor","scm_donor","","worldwide",2022-08-07,81.03743333333334,0.0648364352299977,3,0
"donor_huawei","Huawei","competitor_donor","scm_donor","","worldwide",2022-08-14,78.16523333333333,0.28619252843729714,3,0
"donor_huawei","Huawei","competitor_donor","scm_donor","","worldwide",2022-08-21,81.03743333333334,0.0648364352299977,3,0
"donor_huawei","Huawei","competitor_donor","scm_donor","","worldwide",2022-08-28,75.00233333333334,0.0040414518843302685,3,0
"donor_huawei","Huawei","competitor_donor","scm_donor","","worldwide",2022-09-04,82.9522,0.08279202860179219,3,0
"donor_huawei","Huawei","competitor_donor","scm_donor","","worldwide",2022-09-11,74.04496666666667,0.07788455131368155,3,0
"donor_huawei","Huawei","competitor_donor","scm_donor","","worldwide",2022-09-18,77.20786666666666,0.3600356278666484,3,0
"donor_huawei","Huawei","competitor_donor","scm_donor","","worldwide",2022-09-25,74.71163333333334,0.49946571787594424,3,0
"donor_huawei","Huawei","competitor_donor","scm_donor","","worldwide",2022-10-02,71.83943333333333,0.2781096246686448,3,0
"donor_huawei","Huawei","competitor_donor","scm_donor","","worldwide",2022-10-09,68.017425,0.020572210219936993,4,0
"donor_huawei","Huawei","competitor_donor","scm_donor","","worldwide",2022-10-16,73.134175,0.15500061021385156,4,0
"donor_huawei","Huawei","competitor_donor","scm_donor","","worldwide",2022-10-23,69.8897,0.1274397635486388,4,0
"donor_huawei","Huawei","competitor_donor","scm_donor","","worldwide",2022-10-30,71.76192499999999,0.274942677358999,4,0
"donor_huawei","Huawei","competitor_donor","scm_donor","","worldwide",2022-11-06,74.0703,0.08130875311633573,4,0
"donor_huawei","Huawei","competitor_donor","scm_donor","","worldwide",2022-11-13,77.814775,0.21393457527945614,4,0
"donor_huawei","Huawei","competitor_donor","scm_donor","","worldwide",2022-11-20,75.0064,0.00877724330299975,4,0
"donor_huawei","Huawei","competitor_donor","scm_donor","","worldwide",2022-11-27,68.95355,0.05381012915799451,4,0
"donor_huawei","Huawei","competitor_donor","scm_donor","","worldwide",2022-12-04,75.942525,0.06653807807063093,4,0
"donor_huawei","Huawei","competitor_donor","scm_donor","","worldwide",2022-12-11,75.942525,0.06653807807063093,4,0
"donor_huawei","Huawei","competitor_donor","scm_donor","","worldwide",2022-12-18,75.0064,0.00877724330299975,4,0
"donor_huawei","Huawei","competitor_donor","scm_donor","","worldwide",2022-12-25,87.1121,0.12955747759199587,4,0
"donor_huawei","Huawei","competitor_donor","scm_donor","","worldwide",2023-01-01,75.0064,0.00877724330299975,4,0
"donor_huawei","Huawei","competitor_donor","scm_donor","","worldwide",2023-01-08,72.19805,0.2287341469916573,4,0
"donor_huawei","Huawei","competitor_donor","scm_donor","","worldwide",2023-01-15,67.08132499999999,0.09400011968077449,4,0
"donor_huawei","Huawei","competitor_donor","scm_donor","","worldwide",2023-01-22,70.325825,0.3762566178819962,4,0
"donor_huawei","Huawei","competitor_donor","scm_donor","","worldwide",2023-01-29,68.95355,0.05381012915799451,4,0
"donor_huawei","Huawei","competitor_donor","scm_donor","","worldwide",2023-02-05,64.77295,0.26220654072696437,4,0
"donor_huawei","Huawei","competitor_donor","scm_donor","","worldwide",2023-02-12,65.209075,0.24145422444016004,4,0
"donor_huawei","Huawei","competitor_donor","scm_donor","","worldwide",2023-02-19,68.017425,0.020572210219936993,4,0
"donor_huawei","Huawei","competitor_donor","scm_donor","","worldwide",2023-02-26,61.9646,0.041063852717445906,4,0
"donor_huawei","Huawei","competitor_donor","scm_donor","","worldwide",2023-03-05,62.07562,0.2507825392645994,5,0
"donor_huawei","Huawei","competitor_donor","scm_donor","","worldwide",2023-03-12,62.07562,0.2507825392645994,5,0
"donor_huawei","Huawei","competitor_donor","scm_donor","","worldwide",2023-03-19,62.82452,0.19723918728285206,5,0
"donor_huawei","Huawei","competitor_donor","scm_donor","","worldwide",2023-03-26,62.42452,0.40425647428334366,5,0
"donor_huawei","Huawei","competitor_donor","scm_donor","","worldwide",2023-04-02,61.57422,0.4825040227811572,5,0
"donor_huawei","Huawei","competitor_donor","scm_donor","","worldwide",2023-04-09,59.61896,0.3537442621442789,5,0
"donor_huawei","Huawei","competitor_donor","scm_donor","","worldwide",2023-04-16,59.61896,0.3537442621442789,5,0
"donor_huawei","Huawei","competitor_donor","scm_donor","","worldwide",2023-04-23,61.02174,0.032386849182963945,5,0
"donor_huawei","Huawei","competitor_donor","scm_donor","","worldwide",2023-04-30,55.86096,0.14385905602359458,5,0
"donor_huawei","Huawei","competitor_donor","scm_donor","","worldwide",2023-05-07,61.02174,0.032386849182963945,5,0
"donor_huawei","Huawei","competitor_donor","scm_donor","","worldwide",2023-05-14,61.57422,0.4825040227811572,5,0
"donor_huawei","Huawei","competitor_donor","scm_donor","","worldwide",2023-05-21,61.92312,0.0993359552226695,5,0
"donor_huawei","Huawei","competitor_donor","scm_donor","","worldwide",2023-05-28,65.68114,0.2975767598452551,5,0
"donor_huawei","Huawei","competitor_donor","scm_donor","","worldwide",2023-06-04,61.17422,0.3271545995397271,5,0
"donor_huawei","Huawei","competitor_donor","scm_donor","","worldwide",2023-06-11,61.02174,0.032386849182963945,5,0
"donor_huawei","Huawei","competitor_donor","scm_donor","","worldwide",2023-06-18,65.68114,0.2975767598452551,5,0
"donor_huawei","Huawei","competitor_donor","scm_donor","","worldwide",2023-06-25,63.8784,0.18778162849437693,5,0
"donor_huawei","Huawei","competitor_donor","scm_donor","","worldwide",2023-07-02,65.28114,0.2639922877661388,5,0
"donor_huawei","Huawei","competitor_donor","scm_donor","","worldwide",2023-07-09,65.28114,0.2639922877661388,5,0
"donor_huawei","Huawei","competitor_donor","scm_donor","","worldwide",2023-07-16,66.18254,0.16753334891895674,5,0
"donor_huawei","Huawei","competitor_donor","scm_donor","","worldwide",2023-07-23,62.446283333333334,0.3654866531990827,6,0
"donor_huawei","Huawei","competitor_donor","scm_donor","","worldwide",2023-07-30,63.657916666666665,0.3134867679291536,6,0
"donor_huawei","Huawei","competitor_donor","scm_donor","","worldwide",2023-08-06,64.20286666666667,0.2674517202537041,6,0
"donor_huawei","Huawei","competitor_donor","scm_donor","","worldwide",2023-08-13,61.27721666666667,0.38635991726195706,6,0
"donor_huawei","Huawei","competitor_donor","scm_donor","","worldwide",2023-08-20,63.0406,0.2506760160047225,5,0
"donor_huawei","Huawei","competitor_donor","scm_donor","","worldwide",2023-08-27,64.24343999999999,0.27760865080180563,5,0
"donor_huawei","Huawei","competitor_donor","scm_donor","","worldwide",2023-09-03,67.11038,0.06789725325813954,5,0
"donor_huawei","Huawei","competitor_donor","scm_donor","","worldwide",2023-09-10,66.45642000000001,0.3056690317974637,5,0
"donor_huawei","Huawei","competitor_donor","scm_donor","","worldwide",2023-09-17,65.60246,0.23829577839315677,5,0
"donor_huawei","Huawei","competitor_donor","scm_donor","","worldwide",2023-09-24,65.0974,0.3016598829808149,5,0
"donor_huawei","Huawei","competitor_donor","scm_donor","","worldwide",2023-10-01,65.40246,0.24086277836145648,5,0
"donor_huawei","Huawei","competitor_donor","scm_donor","","worldwide",2023-10-08,63.89456,0.2036671500267037,5,0
"donor_huawei","Huawei","competitor_donor","scm_donor","","worldwide",2023-10-15,59.51968,0.2825658631186724,5,0
"donor_huawei","Huawei","competitor_donor","scm_donor","","worldwide",2023-10-22,60.17368,0.10309785157800323,5,0
"donor_huawei","Huawei","competitor_donor","scm_donor","","worldwide",2023-10-29,62.53554,0.32745224537327544,5,0
"donor_huawei","Huawei","competitor_donor","scm_donor","","worldwide",2023-11-05,61.02762,0.030036677579253962,5,0
"donor_huawei","Huawei","competitor_donor","scm_donor","","worldwide",2023-11-12,61.02762,0.030036677579253962,5,0
"donor_huawei","Huawei","competitor_donor","scm_donor","","worldwide",2023-11-19,65.0974,0.3016598829808149,5,0
"donor_huawei","Huawei","competitor_donor","scm_donor","","worldwide",2023-11-26,56.45278,0.28468324854125165,5,0
"donor_huawei","Huawei","competitor_donor","scm_donor","","worldwide",2023-12-03,59.51968,0.2825658631186724,5,0
"donor_huawei","Huawei","competitor_donor","scm_donor","","worldwide",2023-12-10,56.65278,0.23378313027248157,5,0
"donor_huawei","Huawei","competitor_donor","scm_donor","","worldwide",2023-12-17,61.86396666666667,0.10134064666591841,6,0
"donor_huawei","Huawei","competitor_donor","scm_donor","","worldwide",2023-12-24,67.11108333333334,0.06075358151308129,6,0
"donor_huawei","Huawei","competitor_donor","scm_donor","","worldwide",2023-12-31,62.2453,0.3216684255565056,6,0
"donor_huawei","Huawei","competitor_donor","scm_donor","","worldwide",2024-01-07,57.05954,0.21896501547051,5,0
"donor_huawei","Huawei","competitor_donor","scm_donor","","worldwide",2024-01-14,55.7699,0.14529562966586426,5,0
"donor_huawei","Huawei","competitor_donor","scm_donor","","worldwide",2024-01-21,54.1058,0.06646784937095536,5,0
"donor_huawei","Huawei","competitor_donor","scm_donor","","worldwide",2024-01-28,54.1058,0.06646784937095536,5,0
"donor_huawei","Huawei","competitor_donor","scm_donor","","worldwide",2024-02-04,52.44168,0.2761669277810068,5,0
"donor_huawei","Huawei","competitor_donor","scm_donor","","worldwide",2024-02-11,54.93784,0.0411824355763478,5,0
"donor_huawei","Huawei","competitor_donor","scm_donor","","worldwide",2024-02-18,51.80964,0.2014653146325702,5,0
"donor_huawei","Huawei","competitor_donor","scm_donor","","worldwide",2024-02-25,52.64168,0.23543188399195233,5,0
"donor_huawei","Huawei","competitor_donor","scm_donor","","worldwide",2024-03-03,52.44168,0.2761669277810068,5,0
"donor_huawei","Huawei","competitor_donor","scm_donor","","worldwide",2024-03-10,51.15204,0.18101484193291906,5,0
"donor_huawei","Huawei","competitor_donor","scm_donor","","worldwide",2024-03-17,50.31996,0.21126424922357248,5,0
"donor_huawei","Huawei","competitor_donor","scm_donor","","worldwide",2024-03-24,51.80964,0.2014653146325702,5,0
"donor_huawei","Huawei","competitor_donor","scm_donor","","worldwide",2024-03-31,50.31996,0.21126424922357248,5,0
"donor_huawei","Huawei","competitor_donor","scm_donor","","worldwide",2024-04-07,49.31346,0.35904782829032755,5,0
"donor_huawei","Huawei","competitor_donor","scm_donor","","worldwide",2024-04-14,53.6482,0.3604845142304997,5,0
"donor_huawei","Huawei","competitor_donor","scm_donor","","worldwide",2024-04-21,56.2275,0.29289749060037923,5,0
"donor_huawei","Huawei","competitor_donor","scm_donor","","worldwide",2024-04-28,54.93784,0.0411824355763478,5,0
"donor_huawei","Huawei","competitor_donor","scm_donor","","worldwide",2024-05-05,54.93881666666667,0.03691229695733789,6,0
"donor_huawei","Huawei","competitor_donor","scm_donor","","worldwide",2024-05-12,58.874966666666666,0.24202256644095538,6,0
"donor_huawei","Huawei","competitor_donor","scm_donor","","worldwide",2024-05-19,60.20405,0.10520406360972977,6,0
"donor_huawei","Huawei","competitor_donor","scm_donor","","worldwide",2024-05-26,56.41328333333333,0.2273374180962443,6,0
"donor_huawei","Huawei","competitor_donor","scm_donor","","worldwide",2024-06-02,55.7457,0.1433041171774206,5,0
"donor_huawei","Huawei","competitor_donor","scm_donor","","worldwide",2024-06-09,53.51506,0.27164431339529277,5,0
"donor_huawei","Huawei","competitor_donor","scm_donor","","worldwide",2024-06-16,50.27418,0.1541401699752541,5,0
"donor_huawei","Huawei","competitor_donor","scm_donor","","worldwide",2024-06-23,52.50484,0.28273267939875657,5,0
"donor_huawei","Huawei","competitor_donor","scm_donor","","worldwide",2024-06-30,51.89464,0.06126600199131702,5,0
"donor_huawei","Huawei","competitor_donor","scm_donor","","worldwide",2024-07-07,51.08442,0.05003041075186121,5,0
"donor_huawei","Huawei","competitor_donor","scm_donor","","worldwide",2024-07-14,56.55592,0.24892516345279336,5,0
"donor_huawei","Huawei","competitor_donor","scm_donor","","worldwide",2024-07-21,51.08442,0.05003041075186121,5,0
"donor_huawei","Huawei","competitor_donor","scm_donor","","worldwide",2024-07-28,50.474180000000004,0.29439631791175586,5,0
"donor_huawei","Huawei","competitor_donor","scm_donor","","worldwide",2024-08-04,49.46398,0.25987167410089196,5,0
"donor_huawei","Huawei","competitor_donor","scm_donor","","worldwide",2024-08-11,52.70484,0.16588480340284348,5,0
"donor_huawei","Huawei","competitor_donor","scm_donor","","worldwide",2024-08-18,51.08442,0.05003041075186121,5,0
"donor_huawei","Huawei","competitor_donor","scm_donor","","worldwide",2024-08-25,50.474180000000004,0.29439631791175586,5,0
"donor_huawei","Huawei","competitor_donor","scm_donor","","worldwide",2024-09-01,51.08442,0.05003041075186121,5,0
"donor_huawei","Huawei","competitor_donor","scm_donor","","worldwide",2024-09-08,76.22149999999999,0.1262813723397067,5,0
"donor_huawei","Huawei","competitor_donor","scm_donor","","worldwide",2024-09-15,69.32956,0.18560472246147366,5,0
"donor_huawei","Huawei","competitor_donor","scm_donor","","worldwide",2024-09-22,62.637640000000005,0.20358367567169927,5,0
"donor_huawei","Huawei","competitor_donor","scm_donor","","worldwide",2024-09-29,60.9935,0.061305856163991215,6,0
"donor_huawei","Huawei","competitor_donor","scm_donor","","worldwide",2024-10-06,58.78476666666667,0.10816555212574218,6,0
"donor_huawei","Huawei","competitor_donor","scm_donor","","worldwide",2024-10-13,55.667633333333335,0.23020704304314238,6,0
"donor_huawei","Huawei","competitor_donor","scm_donor","","worldwide",2024-10-20,55.01188,0.15208572253830924,5,0
"donor_huawei","Huawei","competitor_donor","scm_donor","","worldwide",2024-10-27,54.87194,0.1678954972594574,5,0
"donor_huawei","Huawei","competitor_donor","scm_donor","","worldwide",2024-11-03,50.4859,0.287852427469354,5,0
"donor_huawei","Huawei","competitor_donor","scm_donor","","worldwide",2024-11-10,52.47892,0.2767891471860851,5,0
"donor_huawei","Huawei","competitor_donor","scm_donor","","worldwide",2024-11-17,52.81886,0.2547868285449619,5,0
"donor_huawei","Huawei","competitor_donor","scm_donor","","worldwide",2024-11-24,56.60722,0.2402417469966447,5,0
"donor_huawei","Huawei","competitor_donor","scm_donor","","worldwide",2024-12-01,50.2859,0.1606518596219794,5,0
"donor_huawei","Huawei","competitor_donor","scm_donor","","worldwide",2024-12-08,53.61654,0.2976687974914396,5,0
"donor_huawei","Huawei","competitor_donor","scm_donor","","worldwide",2024-12-15,51.88126,0.07930342363353536,5,0
"donor_huawei","Huawei","competitor_donor","scm_donor","","worldwide",2024-12-22,60.19556,0.11703342684891402,5,0
"donor_huawei","Huawei","competitor_donor","scm_donor","","worldwide",2024-12-29,55.01188,0.15208572253830924,5,0
"donor_huawei","Huawei","competitor_donor","scm_donor","","worldwide",2025-01-05,51.88126,0.07930342363353536,5,0
"donor_huawei","Huawei","competitor_donor","scm_donor","","worldwide",2025-01-12,51.08358,0.05009123675853837,5,0
"donor_huawei","Huawei","competitor_donor","scm_donor","","worldwide",2025-01-19,52.0212,0.2613894316914899,5,0
"donor_huawei","Huawei","competitor_donor","scm_donor","","worldwide",2025-01-26,49.48824,0.2760371949574914,5,0
"donor_huawei","Huawei","competitor_donor","scm_donor","","worldwide",2025-02-02,47.49522,0.3075912905138886,5,0
"donor_huawei","Huawei","competitor_donor","scm_donor","","worldwide",2025-02-09,49.48824,0.2760371949574914,5,0
"donor_huawei","Huawei","competitor_donor","scm_donor","","worldwide",2025-02-16,45.709649999999996,0.2059063646417963,6,0
"donor_huawei","Huawei","competitor_donor","scm_donor","","worldwide",2025-02-23,45.94283333333333,0.19657037077511663,6,0
"donor_huawei","Huawei","competitor_donor","scm_donor","","worldwide",2025-03-02,47.886833333333335,0.24811309249345742,6,0
"donor_huawei","Huawei","competitor_donor","scm_donor","","worldwide",2025-03-09,46.7241,0.21220945313534004,6,0
"donor_huawei","Huawei","competitor_donor","scm_donor","","worldwide",2025-03-16,48.91686,0.0862054406635682,5,0
"donor_huawei","Huawei","competitor_donor","scm_donor","","worldwide",2025-03-23,46.28214,0.2422007803455635,5,0
"donor_huawei","Huawei","competitor_donor","scm_donor","","worldwide",2025-03-30,48.91686,0.0862054406635682,5,0
"donor_huawei","Huawei","competitor_donor","scm_donor","","worldwide",2025-04-06,47.54692,0.28715904478180665,5,0
"donor_huawei","Huawei","competitor_donor","scm_donor","","worldwide",2025-04-13,44.91222,0.13024141814338655,5,0
"donor_huawei","Huawei","competitor_donor","scm_donor","","worldwide",2025-04-20,45.49718,0.31689198790755163,5,0
"donor_huawei","Huawei","competitor_donor","scm_donor","","worldwide",2025-04-27,45.697179999999996,0.22766319860706624,5,0
"donor_huawei","Huawei","competitor_donor","scm_donor","","worldwide",2025-05-04,46.28214,0.2422007803455635,5,0
"donor_huawei","Huawei","competitor_donor","scm_donor","","worldwide",2025-05-11,49.50184,0.2836525568367054,5,0
"donor_huawei","Huawei","competitor_donor","scm_donor","","worldwide",2025-05-18,55.38158,0.3023370834019538,5,0
"donor_huawei","Huawei","competitor_donor","scm_donor","","worldwide",2025-05-25,53.7065,0.2837750958065202,5,0
"donor_huawei","Huawei","competitor_donor","scm_donor","","worldwide",2025-06-01,52.92152,0.2667258086500055,5,0
"donor_huawei","Huawei","competitor_donor","scm_donor","","worldwide",2025-06-08,53.22666,0.17424325811921623,5,0
"donor_huawei","Huawei","competitor_donor","scm_donor","","worldwide",2025-06-15,52.64172,0.2188506157176627,5,0
"donor_huawei","Huawei","competitor_donor","scm_donor","","worldwide",2025-06-22,52.441720000000004,0.26221287535130783,5,0
"donor_huawei","Huawei","competitor_donor","scm_donor","","worldwide",2025-06-29,51.07178,0.04862090085549582,5,0
"donor_huawei","Huawei","competitor_donor","scm_donor","","worldwide",2025-07-06,51.85674,0.09838151757316979,5,0
"donor_huawei","Huawei","competitor_donor","scm_donor","","worldwide",2025-07-13,52.92152,0.2667258086500055,5,0
"donor_huawei","Huawei","competitor_donor","scm_donor","","worldwide",2025-07-20,57.231339999999996,0.14915786268245984,5,0
"donor_huawei","Huawei","competitor_donor","scm_donor","","worldwide",2025-07-27,57.231339999999996,0.14915786268245984,5,0
"donor_huawei","Huawei","competitor_donor","scm_donor","","worldwide",2025-08-03,60.15135,0.1176067600097896,4,0
"donor_huawei","Huawei","competitor_donor","scm_donor","","worldwide",2025-08-10,62.082225,0.21806748764239617,4,0
"donor_huawei","Huawei","competitor_donor","scm_donor","","worldwide",2025-08-17,63.4133,0.31434457738814825,4,0
"donor_huawei","Huawei","competitor_donor","scm_donor","","worldwide",2025-08-24,60.751125,0.31771470824205217,4,0
"donor_huawei","Huawei","competitor_donor","scm_donor","","worldwide",2025-08-31,63.4133,0.31434457738814825,4,0
"donor_huawei","Huawei","competitor_donor","scm_donor","","worldwide",2025-09-07,66.575475,0.28503022500546593,4,0
"donor_huawei","Huawei","competitor_donor","scm_donor","","worldwide",2025-09-14,63.854075,0.23090637893599453,4,0
"donor_huawei","Huawei","competitor_donor","scm_donor","","worldwide",2025-09-21,70.028175,0.1213016178787402,4,0
"donor_huawei","Huawei","competitor_donor","scm_donor","","worldwide",2025-09-28,63.854075,0.23090637893599453,4,0
"donor_huawei","Huawei","competitor_donor","scm_donor","","worldwide",2025-10-05,63.063525,0.18444324104359572,4,0
"donor_huawei","Huawei","competitor_donor","scm_donor","","worldwide",2025-10-12,62.273,0.23560294282259567,4,0
"donor_huawei","Huawei","competitor_donor","scm_donor","","worldwide",2025-10-19,60.9419,0.09794491649221326,4,0
"donor_huawei","Huawei","competitor_donor","scm_donor","","worldwide",2025-10-26,55.9081,0.13583661754720752,4,0
"donor_huawei","Huawei","competitor_donor","scm_donor","","worldwide",2025-11-02,55.11755,0.17018970787526053,4,0
"donor_huawei","Huawei","competitor_donor","scm_donor","","worldwide",2025-11-09,56.098875,0.2482417554857919,4,0
"donor_huawei","Huawei","competitor_donor","scm_donor","","worldwide",2025-11-16,58.0297,0.03851242223837106,4,0
"donor_huawei","Huawei","competitor_donor","scm_donor","","worldwide",2025-11-23,61.73245,0.21485540098711423,4,0
"donor_huawei","Huawei","competitor_donor","scm_donor","","worldwide",2025-11-30,58.82025,0.12045196829718749,4,0
"donor_huawei","Huawei","competitor_donor","scm_donor","","worldwide",2025-12-07,54.7678,0.23700499291505847,4,0
"donor_huawei","Huawei","competitor_donor","scm_donor","","worldwide",2025-12-14,55.558324999999996,0.3613193174557195,4,0
"donor_huawei","Huawei","competitor_donor","scm_donor","","worldwide",2025-12-21,61.29165,0.30966487799985787,4,0
"donor_huawei","Huawei","competitor_donor","scm_donor","","worldwide",2025-12-28,51.8437,0.13599702202621872,3,0
"donor_huawei","Huawei","competitor_donor","scm_donor","","worldwide",2026-01-04,51.04403333333333,0.04027286100258288,3,0
"donor_huawei","Huawei","competitor_donor","scm_donor","","worldwide",2026-01-11,51.04403333333333,0.04027286100258288,3,0
"donor_huawei","Huawei","competitor_donor","scm_donor","","worldwide",2026-01-18,52.310066666666664,0.26885478112418465,3,0
"donor_huawei","Huawei","competitor_donor","scm_donor","","worldwide",2026-01-25,53.10973333333333,0.09598595383353418,3,0
"donor_huawei","Huawei","competitor_donor","scm_donor","","worldwide",2026-02-01,51.04403333333333,0.04027286100258288,3,0
"donor_huawei","Huawei","competitor_donor","scm_donor","","worldwide",2026-02-08,53.10973333333333,0.09598595383353418,3,0
"donor_huawei","Huawei","competitor_donor","scm_donor","","worldwide",2026-02-15,53.10973333333333,0.09598595383353418,3,0
"donor_huawei","Huawei","competitor_donor","scm_donor","","worldwide",2026-02-22,51.04403333333333,0.04027286100258288,3,0
"donor_huawei","Huawei","competitor_donor","scm_donor","","worldwide",2026-03-01,53.90946666666667,0.07959210597373102,3,0
"donor_huawei","Huawei","competitor_donor","scm_donor","","worldwide",2026-03-08,54.70916666666667,0.25224956557610484,3,0
"donor_huawei","Huawei","competitor_donor","scm_donor","","worldwide",2026-03-15,51.8437,0.13599702202621872,3,0
"donor_huawei","Huawei","competitor_donor","scm_donor","","worldwide",2026-03-22,53.10973333333333,0.09598595383353418,3,0
"donor_huawei","Huawei","competitor_donor","scm_donor","","worldwide",2026-03-29,56.77486666666667,0.1955022335763294,3,0
"donor_huawei","Huawei","competitor_donor","scm_donor","","worldwide",2026-04-05,55.1755,0.15263548080312064,3,0
"donor_huawei","Huawei","competitor_donor","scm_donor","","worldwide",2026-04-12,53.90946666666667,0.07959210597373102,3,0
"donor_huawei","Huawei","competitor_donor","scm_donor","","worldwide",2026-04-19,56.77486666666667,0.1955022335763294,3,0
"donor_huawei","Huawei","competitor_donor","scm_donor","","worldwide",2026-04-26,55.9752,0.025747232861028403,3,0
"donor_huawei","Huawei","competitor_donor","scm_donor","","worldwide",2026-05-03,54.70916666666667,0.25224956557610484,3,0
"donor_huawei","Huawei","competitor_donor","scm_donor","","worldwide",2026-05-10,58.8406,0.13884624589811567,3,0
"donor_huawei","Huawei","competitor_donor","scm_donor","","worldwide",2026-05-17,58.0233,0.032951176003291685,2,0
"donor_huawei","Huawei","competitor_donor","scm_donor","","worldwide",2026-05-24,60.92205,0.1102379471869846,2,0
"donor_huawei","Huawei","competitor_donor","scm_donor","","worldwide",2026-05-31,62.1214,0.17168552647209556,2,0
"donor_huawei","Huawei","competitor_donor","scm_donor","","worldwide",2026-06-07,59.2227,0.3149453603404878,2,0
"donor_huawei","Huawei","competitor_donor","scm_donor","","worldwide",2026-06-14,55.9743,0.03634528855298925,2,0
"donor_huawei","Huawei","competitor_donor","scm_donor","","worldwide",2026-06-21,58.373000000000005,0.527501658765166,2,0
"donor_huawei","Huawei","competitor_donor","scm_donor","","worldwide",2026-06-28,57.173649999999995,0.24557818510608587,2,0
"donor_huawei","Huawei","competitor_donor","scm_donor","","worldwide",2026-07-05,51.8762,0.1750796390217881,2,0
"donor_huawei","Huawei","competitor_donor","scm_donor","","worldwide",2026-07-12,50.17685,0.25010366850568433,2,0
"donor_huawei","Huawei","competitor_donor","scm_donor","","worldwide",2026-07-19,54.774950000000004,0.31826876221206435,2,0
"donor_huawei","Huawei","competitor_donor","scm_donor","","worldwide",2026-07-26,53.07555,0.10684383463728703,2,0
"donor_huawei","Huawei","competitor_donor","scm_donor","","worldwide",2026-08-02,53.07555,0.10684383463728703,2,0
"donor_huawei","Huawei","competitor_donor","scm_donor","","worldwide",2026-08-09,55.9743,0.03634528855298925,2,0
"donor_huawei","Huawei","competitor_donor","scm_donor","","worldwide",2026-08-16,60.07235,0.10231835123769362,2,0
"donor_huawei","Huawei","competitor_donor","scm_donor","","worldwide",2026-08-23,55.9743,0.03634528855298925,2,0
"donor_huawei","Huawei","competitor_donor","scm_donor","","worldwide",2026-08-30,60.92205,0.1102379471869846,2,0
"donor_huawei","Huawei","competitor_donor","scm_donor","","worldwide",2026-09-06,62.1214,0.17168552647209556,2,0
"donor_huawei","Huawei","competitor_donor","scm_donor","","worldwide",2026-09-13,57.173649999999995,0.24557818510608587,2,0
"donor_huawei","Huawei","competitor_donor","scm_donor","","worldwide",2026-09-20,49.827200000000005,0.24437610357806902,2,0
"donor_huawei","Huawei","competitor_donor","scm_donor","","worldwide",2026-09-27,50.17685,0.25010366850568433,2,0
"donor_samsung","Samsung laptop","competitor_donor","scm_donor","","worldwide",2021-12-26,16.2217,0.3135311467781155,2,0
"donor_samsung","Samsung laptop","competitor_donor","scm_donor","","worldwide",2022-01-02,17.84615,0.21757675657110104,2,0
"donor_samsung","Samsung laptop","competitor_donor","scm_donor","","worldwide",2022-01-09,17.950200000000002,0.07042783540617928,2,0
"donor_samsung","Samsung laptop","competitor_donor","scm_donor","","worldwide",2022-01-16,16.929850000000002,0.09920708140047252,2,0
"donor_samsung","Samsung laptop","competitor_donor","scm_donor","","worldwide",2022-01-23,18.15835,0.22394071760178022,2,0
"donor_samsung","Samsung laptop","competitor_donor","scm_donor","","worldwide",2022-01-30,18.05425,0.07672108575873997,2,0
"donor_samsung","Samsung laptop","competitor_donor","scm_donor","","worldwide",2022-02-06,17.137999999999998,0.19516147160748698,2,0
"donor_samsung","Samsung laptop","competitor_donor","scm_donor","","worldwide",2022-02-13,19.886850000000003,0.16001826458251456,2,0
"donor_samsung","Samsung laptop","competitor_donor","scm_donor","","worldwide",2022-02-20,18.866500000000002,0.1887975105768078,2,0
"donor_samsung","Samsung laptop","competitor_donor","scm_donor","","worldwide",2022-02-27,19.07465,0.10557104243115169,2,0
"donor_samsung","Samsung laptop","competitor_donor","scm_donor","","worldwide",2022-03-06,18.866500000000002,0.1887975105768078,2,0
"donor_samsung","Samsung laptop","competitor_donor","scm_donor","","worldwide",2022-03-13,19.9909,0.012869343417595318,2,0
"donor_samsung","Samsung laptop","competitor_donor","scm_donor","","worldwide",2022-03-20,18.05425,0.07672108575873997,2,0
"donor_samsung","Samsung laptop","competitor_donor","scm_donor","","worldwide",2022-03-27,17.74205,0.3647963884141388,2,0
"donor_samsung","Samsung laptop","competitor_donor","scm_donor","","worldwide",2022-04-03,17.950200000000002,0.07042783540617928,2,0
"donor_samsung","Samsung laptop","competitor_donor","scm_donor","","worldwide",2022-04-10,16.2217,0.3135311467781155,2,0
"donor_samsung","Samsung laptop","competitor_donor","scm_donor","","worldwide",2022-04-17,17.74205,0.3647963884141388,2,0
"donor_samsung","Samsung laptop","competitor_donor","scm_donor","","worldwide",2022-04-24,15.909500000000001,0.1279863273947645,2,0
"donor_samsung","Samsung laptop","competitor_donor","scm_donor","","worldwide",2022-05-01,15.909500000000001,0.1279863273947645,2,0
"donor_samsung","Samsung laptop","competitor_donor","scm_donor","","worldwide",2022-05-08,14.9932,0.009616652224137243,2,0
"donor_samsung","Samsung laptop","competitor_donor","scm_donor","","worldwide",2022-05-15,15.097249999999999,0.13753226894078327,2,0
"donor_samsung","Samsung laptop","competitor_donor","scm_donor","","worldwide",2022-05-22,16.162066666666668,0.14057600553911526,3,0
"donor_samsung","Samsung laptop","competitor_donor","scm_donor","","worldwide",2022-05-29,15.1346,0.11680166950861633,3,0
"donor_samsung","Samsung laptop","competitor_donor","scm_donor","","worldwide",2022-06-05,15.745566666666667,0.22047504015950073,3,0
"donor_samsung","Samsung laptop","competitor_donor","scm_donor","","worldwide",2022-06-12,14.995766666666666,0.00812424355453074,3,0
"donor_samsung","Samsung laptop","competitor_donor","scm_donor","","worldwide",2022-06-19,15.1346,0.11680166950861633,3,0
"donor_samsung","Samsung laptop","competitor_donor","scm_donor","","worldwide",2022-06-26,15.1346,0.11680166950861633,3,0
"donor_samsung","Samsung laptop","competitor_donor","scm_donor","","worldwide",2022-07-03,15.1346,0.11680166950861633,3,0
"donor_samsung","Samsung laptop","competitor_donor","scm_donor","","worldwide",2022-07-10,16.9119,0.07673089338721366,3,0
"donor_samsung","Samsung laptop","competitor_donor","scm_donor","","worldwide",2022-07-17,16.3009,0.2607082852538444,3,0
"donor_samsung","Samsung laptop","competitor_donor","scm_donor","","worldwide",2022-07-24,16.9119,0.07673089338721366,3,0
"donor_samsung","Samsung laptop","competitor_donor","scm_donor","","worldwide",2022-07-31,17.050733333333334,0.044713458078449494,3,0
"donor_samsung","Samsung laptop","competitor_donor","scm_donor","","worldwide",2022-08-07,16.9119,0.07673089338721366,3,0
"donor_samsung","Samsung laptop","competitor_donor","scm_donor","","worldwide",2022-08-14,16.773066666666665,0.19669688185971201,3,0
"donor_samsung","Samsung laptop","competitor_donor","scm_donor","","worldwide",2022-08-21,18.0782,0.06829253253467782,3,0
"donor_samsung","Samsung laptop","competitor_donor","scm_donor","","worldwide",2022-08-28,16.162066666666668,0.14057600553911526,3,0
"donor_samsung","Samsung laptop","competitor_donor","scm_donor","","worldwide",2022-09-04,17.189566666666668,0.16438176095094403,3,0
"donor_samsung","Samsung laptop","competitor_donor","scm_donor","","worldwide",2022-09-11,19.994333333333334,0.010870755876816535,3,0
"donor_samsung","Samsung laptop","competitor_donor","scm_donor","","worldwide",2022-09-18,18.0782,0.06829253253467782,3,0
"donor_samsung","Samsung laptop","competitor_donor","scm_donor","","worldwide",2022-09-25,18.0782,0.06829253253467782,3,0
"donor_samsung","Samsung laptop","competitor_donor","scm_donor","","worldwide",2022-10-02,16.162066666666668,0.14057600553911526,3,0
"donor_samsung","Samsung laptop","competitor_donor","scm_donor","","worldwide",2022-10-09,15.8803,0.08237220404966678,4,0
"donor_samsung","Samsung laptop","competitor_donor","scm_donor","","worldwide",2022-10-16,16.192925,0.13032020500802355,4,0
"donor_samsung","Samsung laptop","competitor_donor","scm_donor","","worldwide",2022-10-23,15.31765,0.21269779030351962,4,0
"donor_samsung","Samsung laptop","competitor_donor","scm_donor","","worldwide",2022-10-30,15.72395,0.18513585102117144,4,0
"donor_samsung","Samsung laptop","competitor_donor","scm_donor","","worldwide",2022-11-06,15.004999999999999,0.01962192651092159,4,0
"donor_samsung","Samsung laptop","competitor_donor","scm_donor","","worldwide",2022-11-13,16.349225,0.23378144173565163,4,0
"donor_samsung","Samsung laptop","competitor_donor","scm_donor","","worldwide",2022-11-20,20.72565,0.18482396128929413,4,0
"donor_samsung","Samsung laptop","competitor_donor","scm_donor","","worldwide",2022-11-27,16.911875000000002,0.06265053205413848,4,0
"donor_samsung","Samsung laptop","competitor_donor","scm_donor","","worldwide",2022-12-04,14.129725,0.08839711062397154,4,0
"donor_samsung","Samsung laptop","competitor_donor","scm_donor","","worldwide",2022-12-11,15.161325,0.10932515340335314,4,0
"donor_samsung","Samsung laptop","competitor_donor","scm_donor","","worldwide",2022-12-18,15.31765,0.21269779030351962,4,0
"donor_samsung","Samsung laptop","competitor_donor","scm_donor","","worldwide",2022-12-25,20.88195,0.08316800266128054,4,0
"donor_samsung","Samsung laptop","competitor_donor","scm_donor","","worldwide",2023-01-01,16.911875000000002,0.06265053205413848,4,0
"donor_samsung","Samsung laptop","competitor_donor","scm_donor","","worldwide",2023-01-08,16.911875000000002,0.06265053205413848,4,0
"donor_samsung","Samsung laptop","competitor_donor","scm_donor","","worldwide",2023-01-15,16.192925,0.13032020500802355,4,0
"donor_samsung","Samsung laptop","competitor_donor","scm_donor","","worldwide",2023-01-22,16.75555,0.16437896256313778,4,0
"donor_samsung","Samsung laptop","competitor_donor","scm_donor","","worldwide",2023-01-29,18.975075,0.029577736559785243,4,0
"donor_samsung","Samsung laptop","competitor_donor","scm_donor","","worldwide",2023-02-05,17.224525,0.15133599208383963,4,0
"donor_samsung","Samsung laptop","competitor_donor","scm_donor","","worldwide",2023-02-12,16.911875000000002,0.06265053205413848,4,0
"donor_samsung","Samsung laptop","competitor_donor","scm_donor","","worldwide",2023-02-19,17.224525,0.15133599208383963,4,0
"donor_samsung","Samsung laptop","competitor_donor","scm_donor","","worldwide",2023-02-26,15.72395,0.18513585102117144,4,0
"donor_samsung","Samsung laptop","competitor_donor","scm_donor","","worldwide",2023-03-05,14.83362,0.09507529647600359,5,0
"donor_samsung","Samsung laptop","competitor_donor","scm_donor","","worldwide",2023-03-12,15.88916,0.0740363626875331,5,0
"donor_samsung","Samsung laptop","competitor_donor","scm_donor","","worldwide",2023-03-19,16.0142,0.057247314347486894,5,0
"donor_samsung","Samsung laptop","competitor_donor","scm_donor","","worldwide",2023-03-26,15.16048,0.09469721220817444,5,0
"donor_samsung","Samsung laptop","competitor_donor","scm_donor","","worldwide",2023-04-02,14.99704,0.02460839287722816,5,0
"donor_samsung","Samsung laptop","competitor_donor","scm_donor","","worldwide",2023-04-09,13.81648,0.10673301738450003,5,0
"donor_samsung","Samsung laptop","competitor_donor","scm_donor","","worldwide",2023-04-16,13.1262,0.08581995688649596,5,0
"donor_samsung","Samsung laptop","competitor_donor","scm_donor","","worldwide",2023-04-23,14.14334,0.08238554484859598,5,0
"donor_samsung","Samsung laptop","competitor_donor","scm_donor","","worldwide",2023-04-30,15.16048,0.09469721220817444,5,0
"donor_samsung","Samsung laptop","competitor_donor","scm_donor","","worldwide",2023-05-07,14.14334,0.08238554484859598,5,0
"donor_samsung","Samsung laptop","competitor_donor","scm_donor","","worldwide",2023-05-14,13.97992,0.026255228050809327,5,0
"donor_samsung","Samsung laptop","competitor_donor","scm_donor","","worldwide",2023-05-21,14.67018,0.1851268132929426,5,0
"donor_samsung","Samsung laptop","competitor_donor","scm_donor","","worldwide",2023-05-28,14.67018,0.1851268132929426,5,0
"donor_samsung","Samsung laptop","competitor_donor","scm_donor","","worldwide",2023-06-04,16.0142,0.057247314347486894,5,0
"donor_samsung","Samsung laptop","competitor_donor","scm_donor","","worldwide",2023-06-11,16.05256,0.04518919118550292,5,0
"donor_samsung","Samsung laptop","competitor_donor","scm_donor","","worldwide",2023-06-18,16.05256,0.04518919118550292,5,0
"donor_samsung","Samsung laptop","competitor_donor","scm_donor","","worldwide",2023-06-25,15.85078,0.09719072486611065,5,0
"donor_samsung","Samsung laptop","competitor_donor","scm_donor","","worldwide",2023-07-02,15.19886,0.1265241992663855,5,0
"donor_samsung","Samsung laptop","competitor_donor","scm_donor","","worldwide",2023-07-09,16.3794,0.21340800125581028,5,0
"donor_samsung","Samsung laptop","competitor_donor","scm_donor","","worldwide",2023-07-16,16.05256,0.04518919118550292,5,0
"donor_samsung","Samsung laptop","competitor_donor","scm_donor","","worldwide",2023-07-23,17.807883333333333,0.11591304355708519,6,0
"donor_samsung","Samsung laptop","competitor_donor","scm_donor","","worldwide",2023-07-30,17.807883333333333,0.11591304355708519,6,0
"donor_samsung","Samsung laptop","competitor_donor","scm_donor","","worldwide",2023-08-06,17.240850000000002,0.11997952742030611,6,0
"donor_samsung","Samsung laptop","competitor_donor","scm_donor","","worldwide",2023-08-13,15.896866666666668,0.06885827957963087,6,0
"donor_samsung","Samsung laptop","competitor_donor","scm_donor","","worldwide",2023-08-20,16.23284,0.13276310858065965,5,0
"donor_samsung","Samsung laptop","competitor_donor","scm_donor","","worldwide",2023-08-27,15.75222,0.14703896422377302,5,0
"donor_samsung","Samsung laptop","competitor_donor","scm_donor","","worldwide",2023-09-03,16.393,0.22055333822003198,5,0
"donor_samsung","Samsung laptop","competitor_donor","scm_donor","","worldwide",2023-09-10,15.39204,0.22655017766490526,5,0
"donor_samsung","Samsung laptop","competitor_donor","scm_donor","","worldwide",2023-09-17,15.91244,0.06409261267884118,5,0
"donor_samsung","Samsung laptop","competitor_donor","scm_donor","","worldwide",2023-09-24,16.75322,0.13871374120828855,5,0
"donor_samsung","Samsung laptop","competitor_donor","scm_donor","","worldwide",2023-10-01,16.75322,0.13871374120828855,5,0
"donor_samsung","Samsung laptop","competitor_donor","scm_donor","","worldwide",2023-10-08,17.07362,0.04454617828725576,5,0
"donor_samsung","Samsung laptop","competitor_donor","scm_donor","","worldwide",2023-10-15,14.99486,0.026216845729416207,5,0
"donor_samsung","Samsung laptop","competitor_donor","scm_donor","","worldwide",2023-10-22,15.675460000000001,0.1881152917760805,5,0
"donor_samsung","Samsung laptop","competitor_donor","scm_donor","","worldwide",2023-10-29,15.15508,0.09302737231589439,5,0
"donor_samsung","Samsung laptop","competitor_donor","scm_donor","","worldwide",2023-11-05,16.23284,0.13276310858065965,5,0
"donor_samsung","Samsung laptop","competitor_donor","scm_donor","","worldwide",2023-11-12,16.75322,0.13871374120828855,5,0
"donor_samsung","Samsung laptop","competitor_donor","scm_donor","","worldwide",2023-11-19,19.15236,0.08653347907024213,5,0
"donor_samsung","Samsung laptop","competitor_donor","scm_donor","","worldwide",2023-11-26,15.75222,0.14703896422377302,5,0
"donor_samsung","Samsung laptop","competitor_donor","scm_donor","","worldwide",2023-12-03,13.7569,0.15291965210528036,5,0
"donor_samsung","Samsung laptop","competitor_donor","scm_donor","","worldwide",2023-12-10,14.83468,0.0943295658847213,5,0
"donor_samsung","Samsung laptop","competitor_donor","scm_donor","","worldwide",2023-12-17,14.889966666666666,0.10045497830703379,6,0
"donor_samsung","Samsung laptop","competitor_donor","scm_donor","","worldwide",2023-12-24,16.6409,0.20533927047693537,6,0
"donor_samsung","Samsung laptop","competitor_donor","scm_donor","","worldwide",2023-12-31,15.902666666666667,0.0621240586783143,6,0
"donor_samsung","Samsung laptop","competitor_donor","scm_donor","","worldwide",2024-01-07,15.75494,0.144216757001397,5,0
"donor_samsung","Samsung laptop","competitor_donor","scm_donor","","worldwide",2024-01-14,18.329620000000002,0.18566820406305473,5,0
"donor_samsung","Samsung laptop","competitor_donor","scm_donor","","worldwide",2024-01-21,15.91634,0.05849827347879587,5,0
"donor_samsung","Samsung laptop","competitor_donor","scm_donor","","worldwide",2024-01-28,16.76182,0.13331399776467615,5,0
"donor_samsung","Samsung laptop","competitor_donor","scm_donor","","worldwide",2024-02-04,15.75494,0.144216757001397,5,0
"donor_samsung","Samsung laptop","competitor_donor","scm_donor","","worldwide",2024-02-11,15.75494,0.144216757001397,5,0
"donor_samsung","Samsung laptop","competitor_donor","scm_donor","","worldwide",2024-02-18,15.15542,0.09327784838856448,5,0
"donor_samsung","Samsung laptop","competitor_donor","scm_donor","","worldwide",2024-02-25,14.30994,0.17442770135503124,5,0
"donor_samsung","Samsung laptop","competitor_donor","scm_donor","","worldwide",2024-03-03,15.75494,0.144216757001397,5,0
"donor_samsung","Samsung laptop","competitor_donor","scm_donor","","worldwide",2024-03-10,14.67128,0.18455568807273312,5,0
"donor_samsung","Samsung laptop","competitor_donor","scm_donor","","worldwide",2024-03-17,14.42954,0.25180215050709964,5,0
"donor_samsung","Samsung laptop","competitor_donor","scm_donor","","worldwide",2024-03-24,15.07082,0.08476265097317329,5,0
"donor_samsung","Samsung laptop","competitor_donor","scm_donor","","worldwide",2024-03-31,14.30994,0.17442770135503124,5,0
"donor_samsung","Samsung laptop","competitor_donor","scm_donor","","worldwide",2024-04-07,14.14854,0.08724997421203058,5,0
"donor_samsung","Samsung laptop","competitor_donor","scm_donor","","worldwide",2024-04-14,13.98716,0.035747489422335896,5,0
"donor_samsung","Samsung laptop","competitor_donor","scm_donor","","worldwide",2024-04-21,14.1914,0.12594032316934897,5,0
"donor_samsung","Samsung laptop","competitor_donor","scm_donor","","worldwide",2024-04-28,14.67128,0.18455568807273312,5,0
"donor_samsung","Samsung laptop","competitor_donor","scm_donor","","worldwide",2024-05-05,14.181033333333334,0.11146724481508778,6,0
"donor_samsung","Samsung laptop","competitor_donor","scm_donor","","worldwide",2024-05-12,14.005133333333333,0.08245613783501259,6,0
"donor_samsung","Samsung laptop","competitor_donor","scm_donor","","worldwide",2024-05-19,14.962733333333333,0.08014540951711861,6,0
"donor_samsung","Samsung laptop","competitor_donor","scm_donor","","worldwide",2024-05-26,14.693766666666667,0.17401879975067824,6,0
"donor_samsung","Samsung laptop","competitor_donor","scm_donor","","worldwide",2024-06-02,15.28054,0.16636938720810396,5,0
"donor_samsung","Samsung laptop","competitor_donor","scm_donor","","worldwide",2024-06-09,15.1609,0.10015091112915563,5,0
"donor_samsung","Samsung laptop","competitor_donor","scm_donor","","worldwide",2024-06-16,14.94874,0.0809969629060249,5,0
"donor_samsung","Samsung laptop","competitor_donor","scm_donor","","worldwide",2024-06-23,14.94874,0.0809969629060249,5,0
"donor_samsung","Samsung laptop","competitor_donor","scm_donor","","worldwide",2024-06-30,13.96556,0.05934747677871384,5,0
"donor_samsung","Samsung laptop","competitor_donor","scm_donor","","worldwide",2024-07-07,14.29736,0.16787685367554397,5,0
"donor_samsung","Samsung laptop","competitor_donor","scm_donor","","worldwide",2024-07-14,16.22084,0.13285617411321182,5,0
"donor_samsung","Samsung laptop","competitor_donor","scm_donor","","worldwide",2024-07-21,15.93192,0.12584360134706918,5,0
"donor_samsung","Samsung laptop","competitor_donor","scm_donor","","worldwide",2024-07-28,15.1609,0.10015091112915563,5,0
"donor_samsung","Samsung laptop","competitor_donor","scm_donor","","worldwide",2024-08-04,14.94874,0.0809969629060249,5,0
"donor_samsung","Samsung laptop","competitor_donor","scm_donor","","worldwide",2024-08-11,15.76944,0.13555634621809493,5,0
"donor_samsung","Samsung laptop","competitor_donor","scm_donor","","worldwide",2024-08-18,16.75262,0.1398166013032789,5,0
"donor_samsung","Samsung laptop","competitor_donor","scm_donor","","worldwide",2024-08-25,16.8294,0.14163514747406455,5,0
"donor_samsung","Samsung laptop","competitor_donor","scm_donor","","worldwide",2024-09-01,16.9648,0.09769628959177591,5,0
"donor_samsung","Samsung laptop","competitor_donor","scm_donor","","worldwide",2024-09-08,16.75262,0.1398166013032789,5,0
"donor_samsung","Samsung laptop","competitor_donor","scm_donor","","worldwide",2024-09-15,15.93192,0.12584360134706918,5,0
"donor_samsung","Samsung laptop","competitor_donor","scm_donor","","worldwide",2024-09-22,17.20402,0.14210292748567843,5,0
"donor_samsung","Samsung laptop","competitor_donor","scm_donor","","worldwide",2024-09-29,16.184033333333332,0.14916096897870665,6,0
"donor_samsung","Samsung laptop","competitor_donor","scm_donor","","worldwide",2024-10-06,17.034633333333332,0.07228489929900081,6,0
"donor_samsung","Samsung laptop","competitor_donor","scm_donor","","worldwide",2024-10-13,16.08435,0.07676805976446148,6,0
"donor_samsung","Samsung laptop","competitor_donor","scm_donor","","worldwide",2024-10-20,16.24044,0.25334646829983626,5,0
"donor_samsung","Samsung laptop","competitor_donor","scm_donor","","worldwide",2024-10-27,15.8229,0.16659855941754123,5,0
"donor_samsung","Samsung laptop","competitor_donor","scm_donor","","worldwide",2024-11-03,14.874460000000001,0.11499129532273285,5,0
"donor_samsung","Samsung laptop","competitor_donor","scm_donor","","worldwide",2024-11-10,16.24044,0.25334646829983626,5,0
"donor_samsung","Samsung laptop","competitor_donor","scm_donor","","worldwide",2024-11-17,16.07794,0.08401492724510291,5,0
"donor_samsung","Samsung laptop","competitor_donor","scm_donor","","worldwide",2024-11-24,18.31114,0.29266379687279415,5,0
"donor_samsung","Samsung laptop","competitor_donor","scm_donor","","worldwide",2024-12-01,15.90416,0.1136437767763813,5,0
"donor_samsung","Samsung laptop","competitor_donor","scm_donor","","worldwide",2024-12-08,15.8229,0.16659855941754123,5,0
"donor_samsung","Samsung laptop","competitor_donor","scm_donor","","worldwide",2024-12-15,15.086640000000001,0.12534078745564045,5,0
"donor_samsung","Samsung laptop","competitor_donor","scm_donor","","worldwide",2024-12-22,17.97934,0.07215163199817516,5,0
"donor_samsung","Samsung laptop","competitor_donor","scm_donor","","worldwide",2024-12-29,15.8229,0.16659855941754123,5,0
"donor_samsung","Samsung laptop","competitor_donor","scm_donor","","worldwide",2025-01-05,17.28144,0.2693774823551514,5,0
"donor_samsung","Samsung laptop","competitor_donor","scm_donor","","worldwide",2025-01-12,17.02642,0.07762372060137292,5,0
"donor_samsung","Samsung laptop","competitor_donor","scm_donor","","worldwide",2025-01-19,17.06926,0.0658763083361537,5,0
"donor_samsung","Samsung laptop","competitor_donor","scm_donor","","worldwide",2025-01-26,15.8229,0.16659855941754123,5,0
"donor_samsung","Samsung laptop","competitor_donor","scm_donor","","worldwide",2025-02-02,15.78452,0.20675644367225876,5,0
"donor_samsung","Samsung laptop","competitor_donor","scm_donor","","worldwide",2025-02-09,15.86576,0.1314863795227476,5,0
"donor_samsung","Samsung laptop","competitor_donor","scm_donor","","worldwide",2025-02-16,15.888133333333332,0.12974717980236292,6,0
"donor_samsung","Samsung laptop","competitor_donor","scm_donor","","worldwide",2025-02-23,14.827666666666667,0.20620519553751937,6,0
"donor_samsung","Samsung laptop","competitor_donor","scm_donor","","worldwide",2025-03-02,15.920133333333332,0.10891653073187124,6,0
"donor_samsung","Samsung laptop","competitor_donor","scm_donor","","worldwide",2025-03-09,14.963083333333334,0.07744919409952981,6,0
"donor_samsung","Samsung laptop","competitor_donor","scm_donor","","worldwide",2025-03-16,15.91708,0.12148494556939962,5,0
"donor_samsung","Samsung laptop","competitor_donor","scm_donor","","worldwide",2025-03-23,14.9606,0.08632334562561839,5,0
"donor_samsung","Samsung laptop","competitor_donor","scm_donor","","worldwide",2025-03-30,15.09598,0.13301072137237677,5,0
"donor_samsung","Samsung laptop","competitor_donor","scm_donor","","worldwide",2025-04-06,15.09598,0.13301072137237677,5,0
"donor_samsung","Samsung laptop","competitor_donor","scm_donor","","worldwide",2025-04-13,14.182360000000001,0.2620502299178541,5,0
"donor_samsung","Samsung laptop","competitor_donor","scm_donor","","worldwide",2025-04-20,14.139520000000001,0.19108238275675793,5,0
"donor_samsung","Samsung laptop","competitor_donor","scm_donor","","worldwide",2025-04-27,14.91776,0.11292044987512202,5,0
"donor_samsung","Samsung laptop","competitor_donor","scm_donor","","worldwide",2025-05-04,16.05246,0.08458166467976316,5,0
"donor_samsung","Samsung laptop","competitor_donor","scm_donor","","worldwide",2025-05-11,14.78236,0.3084320395160007,5,0
"donor_samsung","Samsung laptop","competitor_donor","scm_donor","","worldwide",2025-05-18,15.13884,0.1979927852220884,5,0
"donor_samsung","Samsung laptop","competitor_donor","scm_donor","","worldwide",2025-05-25,14.91776,0.11292044987512202,5,0
"donor_samsung","Samsung laptop","competitor_donor","scm_donor","","worldwide",2025-06-01,15.09598,0.13301072137237677,5,0
"donor_samsung","Samsung laptop","competitor_donor","scm_donor","","worldwide",2025-06-08,14.91776,0.11292044987512202,5,0
"donor_samsung","Samsung laptop","competitor_donor","scm_donor","","worldwide",2025-06-15,14.139520000000001,0.19108238275675793,5,0
"donor_samsung","Samsung laptop","competitor_donor","scm_donor","","worldwide",2025-06-22,16.095299999999998,0.13414439980856405,5,0
"donor_samsung","Samsung laptop","competitor_donor","scm_donor","","worldwide",2025-06-29,16.05246,0.08458166467976316,5,0
"donor_samsung","Samsung laptop","competitor_donor","scm_donor","","worldwide",2025-07-06,17.09462,0.1536676023109624,5,0
"donor_samsung","Samsung laptop","competitor_donor","scm_donor","","worldwide",2025-07-13,17.83002,0.23281271872472994,5,0
"donor_samsung","Samsung laptop","competitor_donor","scm_donor","","worldwide",2025-07-20,18.96472,0.06369157715114245,5,0
"donor_samsung","Samsung laptop","competitor_donor","scm_donor","","worldwide",2025-07-27,21.1416,0.20011196865754893,5,0
"donor_samsung","Samsung laptop","competitor_donor","scm_donor","","worldwide",2025-08-03,26.0934,0.18679999999999986,4,0
"donor_samsung","Samsung laptop","competitor_donor","scm_donor","","worldwide",2025-08-10,28.0561,0.11219999999999963,4,0
"donor_samsung","Samsung laptop","competitor_donor","scm_donor","","worldwide",2025-08-17,30.018774999999998,0.03754999999999953,4,0
"donor_samsung","Samsung laptop","competitor_donor","scm_donor","","worldwide",2025-08-24,36.138225,0.27645000000000053,4,0
"donor_samsung","Samsung laptop","competitor_donor","scm_donor","","worldwide",2025-08-31,43.00765,0.01529999999999987,4,0
"donor_samsung","Samsung laptop","competitor_donor","scm_donor","","worldwide",2025-09-07,40.929275000000004,0.14144999999999897,4,0
"donor_samsung","Samsung laptop","competitor_donor","scm_donor","","worldwide",2025-09-14,34.925525,0.14894999999999925,4,0
"donor_samsung","Samsung laptop","competitor_donor","scm_donor","","worldwide",2025-09-21,39.947925,0.10415000000000063,4,0
"donor_samsung","Samsung laptop","competitor_donor","scm_donor","","worldwide",2025-09-28,36.02255,0.04510000000000147,4,0
"donor_samsung","Samsung laptop","competitor_donor","scm_donor","","worldwide",2025-10-05,30.018774999999998,0.03754999999999953,4,0
"donor_samsung","Samsung laptop","competitor_donor","scm_donor","","worldwide",2025-10-12,31.8658,0.26839999999999975,4,0
"donor_samsung","Samsung laptop","competitor_donor","scm_donor","","worldwide",2025-10-19,32.962825,0.07434999999999903,4,0
"donor_samsung","Samsung laptop","competitor_donor","scm_donor","","worldwide",2025-10-26,29.153125,0.30625000000000036,4,0
"donor_samsung","Samsung laptop","competitor_donor","scm_donor","","worldwide",2025-11-02,29.03745,0.07489999999999952,4,0
"donor_samsung","Samsung laptop","competitor_donor","scm_donor","","worldwide",2025-11-09,32.09715,0.19429999999999836,4,0
"donor_samsung","Samsung laptop","competitor_donor","scm_donor","","worldwide",2025-11-16,40.929275000000004,0.14144999999999897,4,0
"donor_samsung","Samsung laptop","competitor_donor","scm_donor","","worldwide",2025-11-23,46.067375,0.13475000000000037,4,0
"donor_samsung","Samsung laptop","competitor_donor","scm_donor","","worldwide",2025-11-30,32.962825,0.07434999999999903,4,0
"donor_samsung","Samsung laptop","competitor_donor","scm_donor","","worldwide",2025-12-07,26.959075,0.08184999999999931,4,0
"donor_samsung","Samsung laptop","competitor_donor","scm_donor","","worldwide",2025-12-14,25.86205,0.27590000000000003,4,0
"donor_samsung","Samsung laptop","competitor_donor","scm_donor","","worldwide",2025-12-21,22.052325,0.10464999999999947,4,0
"donor_samsung","Samsung laptop","competitor_donor","scm_donor","","worldwide",2025-12-28,22,0,3,0
"donor_samsung","Samsung laptop","competitor_donor","scm_donor","","worldwide",2026-01-04,21,0,3,0
"donor_samsung","Samsung laptop","competitor_donor","scm_donor","","worldwide",2026-01-11,23,0,3,0
"donor_samsung","Samsung laptop","competitor_donor","scm_donor","","worldwide",2026-01-18,26,0,3,0
"donor_samsung","Samsung laptop","competitor_donor","scm_donor","","worldwide",2026-01-25,26,0,3,0
"donor_samsung","Samsung laptop","competitor_donor","scm_donor","","worldwide",2026-02-01,25,0,3,0
"donor_samsung","Samsung laptop","competitor_donor","scm_donor","","worldwide",2026-02-08,23,0,3,0
"donor_samsung","Samsung laptop","competitor_donor","scm_donor","","worldwide",2026-02-15,23,0,3,0
"donor_samsung","Samsung laptop","competitor_donor","scm_donor","","worldwide",2026-02-22,26,0,3,0
"donor_samsung","Samsung laptop","competitor_donor","scm_donor","","worldwide",2026-03-01,29,0,3,0
"donor_samsung","Samsung laptop","competitor_donor","scm_donor","","worldwide",2026-03-08,29,0,3,0
"donor_samsung","Samsung laptop","competitor_donor","scm_donor","","worldwide",2026-03-15,28,0,3,0
"donor_samsung","Samsung laptop","competitor_donor","scm_donor","","worldwide",2026-03-22,64,0,3,0
"donor_samsung","Samsung laptop","competitor_donor","scm_donor","","worldwide",2026-03-29,88,0,3,0
"donor_samsung","Samsung laptop","competitor_donor","scm_donor","","worldwide",2026-04-05,86,0,3,0
"donor_samsung","Samsung laptop","competitor_donor","scm_donor","","worldwide",2026-04-12,94,0,3,0
"donor_samsung","Samsung laptop","competitor_donor","scm_donor","","worldwide",2026-04-19,79,0,3,0
"donor_samsung","Samsung laptop","competitor_donor","scm_donor","","worldwide",2026-04-26,77,0,3,0
"donor_samsung","Samsung laptop","competitor_donor","scm_donor","","worldwide",2026-05-03,100,0,3,0
"donor_samsung","Samsung laptop","competitor_donor","scm_donor","","worldwide",2026-05-10,99,0,3,0
"donor_samsung","Samsung laptop","competitor_donor","scm_donor","","worldwide",2026-05-17,75,0,2,0
"donor_samsung","Samsung laptop","competitor_donor","scm_donor","","worldwide",2026-05-24,61,0,2,0
"donor_samsung","Samsung laptop","competitor_donor","scm_donor","","worldwide",2026-05-31,64,0,2,0
"donor_samsung","Samsung laptop","competitor_donor","scm_donor","","worldwide",2026-06-07,42,0,2,0
"donor_samsung","Samsung laptop","competitor_donor","scm_donor","","worldwide",2026-06-14,40,0,2,0
"donor_samsung","Samsung laptop","competitor_donor","scm_donor","","worldwide",2026-06-21,43,0,2,0
"donor_samsung","Samsung laptop","competitor_donor","scm_donor","","worldwide",2026-06-28,31,0,2,0
"donor_samsung","Samsung laptop","competitor_donor","scm_donor","","worldwide",2026-07-05,31,0,2,0
"donor_samsung","Samsung laptop","competitor_donor","scm_donor","","worldwide",2026-07-12,20,0,2,0
"donor_samsung","Samsung laptop","competitor_donor","scm_donor","","worldwide",2026-07-19,23,0,2,0
"donor_samsung","Samsung laptop","competitor_donor","scm_donor","","worldwide",2026-07-26,24,0,2,0
"donor_samsung","Samsung laptop","competitor_donor","scm_donor","","worldwide",2026-08-02,24,0,2,0
"donor_samsung","Samsung laptop","competitor_donor","scm_donor","","worldwide",2026-08-09,36,0,2,0
"donor_samsung","Samsung laptop","competitor_donor","scm_donor","","worldwide",2026-08-16,46,0,2,0
"donor_samsung","Samsung laptop","competitor_donor","scm_donor","","worldwide",2026-08-23,45,0,2,0
"donor_samsung","Samsung laptop","competitor_donor","scm_donor","","worldwide",2026-08-30,55,0,2,0
"donor_samsung","Samsung laptop","competitor_donor","scm_donor","","worldwide",2026-09-06,47,0,2,0
"donor_samsung","Samsung laptop","competitor_donor","scm_donor","","worldwide",2026-09-13,37,0,2,0
"donor_samsung","Samsung laptop","competitor_donor","scm_donor","","worldwide",2026-09-20,25,0,2,0
"donor_samsung","Samsung laptop","competitor_donor","scm_donor","","worldwide",2026-09-27,20,0,2,0
