"date","property_id","source_label","impressions","views"
2024-10-01,"carolina_hurricanes","Caroline Hurricanes",33041,0
2024-10-01,"ducati","Ducati",0,0
2024-10-01,"f1","F1",7400040,3845931
2024-10-01,"fcwc","FCWC",0,0
2024-10-01,"fifa","FIFA",0,0
2024-10-01,"fifae","FIFAe",0,0
2024-10-01,"fifaewc","FIFAeWC",0,0
2024-10-01,"fwc","FWC",0,0
2024-10-01,"fwwc","FWWC",0,0
2024-10-01,"infantino","Infantino",0,0
2024-10-01,"montreal_canadiens","Montreal Canadiens",0,0
2024-10-01,"motogp","MotoGP",2179396,2020078
2024-10-01,"ny_yankees","NY Yankees",0,0
2024-10-02,"carolina_hurricanes","Caroline Hurricanes",0,0
2024-10-02,"ducati","Ducati",0,0
2024-10-02,"f1","F1",2424719,1975569
2024-10-02,"fcwc","FCWC",0,0
2024-10-02,"fifa","FIFA",0,0
2024-10-02,"fifae","FIFAe",0,0
2024-10-02,"fifaewc","FIFAeWC",0,0
2024-10-02,"fwc","FWC",0,0
2024-10-02,"fwwc","FWWC",0,0
2024-10-02,"infantino","Infantino",0,0
2024-10-02,"montreal_canadiens","Montreal Canadiens",0,0
2024-10-02,"motogp","MotoGP",6331411,4654971
2024-10-02,"ny_yankees","NY Yankees",0,0
2024-10-03,"carolina_hurricanes","Caroline Hurricanes",40111,0
2024-10-03,"ducati","Ducati",16459,0
2024-10-03,"f1","F1",65400,17604
2024-10-03,"fcwc","FCWC",0,0
2024-10-03,"fifa","FIFA",0,0
2024-10-03,"fifae","FIFAe",0,0
2024-10-03,"fifaewc","FIFAeWC",0,0
2024-10-03,"fwc","FWC",0,0
2024-10-03,"fwwc","FWWC",0,0
2024-10-03,"infantino","Infantino",0,0
2024-10-03,"montreal_canadiens","Montreal Canadiens",0,0
2024-10-03,"motogp","MotoGP",15095397,13380085
2024-10-03,"ny_yankees","NY Yankees",0,0
2024-10-04,"carolina_hurricanes","Caroline Hurricanes",34901,0
2024-10-04,"ducati","Ducati",2001821,0
2024-10-04,"f1","F1",0,0
2024-10-04,"fcwc","FCWC",0,0
2024-10-04,"fifa","FIFA",0,0
2024-10-04,"fifae","FIFAe",0,0
2024-10-04,"fifaewc","FIFAeWC",0,0
2024-10-04,"fwc","FWC",0,0
2024-10-04,"fwwc","FWWC",0,0
2024-10-04,"infantino","Infantino",0,0
2024-10-04,"montreal_canadiens","Montreal Canadiens",0,0
2024-10-04,"motogp","MotoGP",61839900,41581657
2024-10-04,"ny_yankees","NY Yankees",0,0
2024-10-05,"carolina_hurricanes","Caroline Hurricanes",0,0
2024-10-05,"ducati","Ducati",1181906,0
2024-10-05,"f1","F1",725957,718830
2024-10-05,"fcwc","FCWC",0,0
2024-10-05,"fifa","FIFA",0,0
2024-10-05,"fifae","FIFAe",0,0
2024-10-05,"fifaewc","FIFAeWC",0,0
2024-10-05,"fwc","FWC",0,0
2024-10-05,"fwwc","FWWC",0,0
2024-10-05,"infantino","Infantino",0,0
2024-10-05,"montreal_canadiens","Montreal Canadiens",0,0
2024-10-05,"motogp","MotoGP",14767849,11864622
2024-10-05,"ny_yankees","NY Yankees",0,0
2024-10-06,"carolina_hurricanes","Caroline Hurricanes",0,0
2024-10-06,"ducati","Ducati",2672182,0
2024-10-06,"f1","F1",5376344,0
2024-10-06,"fcwc","FCWC",0,0
2024-10-06,"fifa","FIFA",0,0
2024-10-06,"fifae","FIFAe",0,0
2024-10-06,"fifaewc","FIFAeWC",0,0
2024-10-06,"fwc","FWC",0,0
2024-10-06,"fwwc","FWWC",0,0
2024-10-06,"infantino","Infantino",0,0
2024-10-06,"montreal_canadiens","Montreal Canadiens",0,0
2024-10-06,"motogp","MotoGP",25801247,14389045
2024-10-06,"ny_yankees","NY Yankees",0,0
2024-10-07,"carolina_hurricanes","Caroline Hurricanes",130271,9569
2024-10-07,"ducati","Ducati",0,0
2024-10-07,"f1","F1",0,0
2024-10-07,"fcwc","FCWC",0,0
2024-10-07,"fifa","FIFA",0,0
2024-10-07,"fifae","FIFAe",0,0
2024-10-07,"fifaewc","FIFAeWC",0,0
2024-10-07,"fwc","FWC",0,0
2024-10-07,"fwwc","FWWC",0,0
2024-10-07,"infantino","Infantino",0,0
2024-10-07,"montreal_canadiens","Montreal Canadiens",0,0
2024-10-07,"motogp","MotoGP",24087232,7528318
2024-10-07,"ny_yankees","NY Yankees",0,0
2024-10-08,"carolina_hurricanes","Caroline Hurricanes",0,0
2024-10-08,"ducati","Ducati",1094818,0
2024-10-08,"f1","F1",4085650,3855569
2024-10-08,"fcwc","FCWC",0,0
2024-10-08,"fifa","FIFA",0,0
2024-10-08,"fifae","FIFAe",0,0
2024-10-08,"fifaewc","FIFAeWC",0,0
2024-10-08,"fwc","FWC",0,0
2024-10-08,"fwwc","FWWC",0,0
2024-10-08,"infantino","Infantino",0,0
2024-10-08,"montreal_canadiens","Montreal Canadiens",0,0
2024-10-08,"motogp","MotoGP",1838812,1511164
2024-10-08,"ny_yankees","NY Yankees",0,0
2024-10-09,"carolina_hurricanes","Caroline Hurricanes",20320,0
2024-10-09,"ducati","Ducati",613473,0
2024-10-09,"f1","F1",16900,4450
2024-10-09,"fcwc","FCWC",0,0
2024-10-09,"fifa","FIFA",0,0
2024-10-09,"fifae","FIFAe",0,0
2024-10-09,"fifaewc","FIFAeWC",0,0
2024-10-09,"fwc","FWC",0,0
2024-10-09,"fwwc","FWWC",0,0
2024-10-09,"infantino","Infantino",0,0
2024-10-09,"montreal_canadiens","Montreal Canadiens",0,0
2024-10-09,"motogp","MotoGP",3337772,1227932
2024-10-09,"ny_yankees","NY Yankees",0,0
2024-10-10,"carolina_hurricanes","Caroline Hurricanes",435870,244295
2024-10-10,"ducati","Ducati",0,0
2024-10-10,"f1","F1",8270618,2819927
2024-10-10,"fcwc","FCWC",0,0
2024-10-10,"fifa","FIFA",0,0
2024-10-10,"fifae","FIFAe",0,0
2024-10-10,"fifaewc","FIFAeWC",0,0
2024-10-10,"fwc","FWC",0,0
2024-10-10,"fwwc","FWWC",0,0
2024-10-10,"infantino","Infantino",0,0
2024-10-10,"montreal_canadiens","Montreal Canadiens",0,0
2024-10-10,"motogp","MotoGP",2030735,71488
2024-10-10,"ny_yankees","NY Yankees",0,0
2024-10-11,"carolina_hurricanes","Caroline Hurricanes",669680,0
2024-10-11,"ducati","Ducati",301664,0
2024-10-11,"f1","F1",0,0
2024-10-11,"fcwc","FCWC",0,0
2024-10-11,"fifa","FIFA",0,0
2024-10-11,"fifae","FIFAe",0,0
2024-10-11,"fifaewc","FIFAeWC",0,0
2024-10-11,"fwc","FWC",0,0
2024-10-11,"fwwc","FWWC",0,0
2024-10-11,"infantino","Infantino",0,0
2024-10-11,"montreal_canadiens","Montreal Canadiens",0,0
2024-10-11,"motogp","MotoGP",877783,563267
2024-10-11,"ny_yankees","NY Yankees",0,0
2024-10-12,"carolina_hurricanes","Caroline Hurricanes",741531,280738
2024-10-12,"ducati","Ducati",467644,0
2024-10-12,"f1","F1",9933042,1518106
2024-10-12,"fcwc","FCWC",0,0
2024-10-12,"fifa","FIFA",0,0
2024-10-12,"fifae","FIFAe",0,0
2024-10-12,"fifaewc","FIFAeWC",0,0
2024-10-12,"fwc","FWC",0,0
2024-10-12,"fwwc","FWWC",0,0
2024-10-12,"infantino","Infantino",0,0
2024-10-12,"montreal_canadiens","Montreal Canadiens",0,0
2024-10-12,"motogp","MotoGP",0,0
2024-10-12,"ny_yankees","NY Yankees",0,0
2024-10-13,"carolina_hurricanes","Caroline Hurricanes",53618,0
2024-10-13,"ducati","Ducati",683908,0
2024-10-13,"f1","F1",7741533,7203846
2024-10-13,"fcwc","FCWC",0,0
2024-10-13,"fifa","FIFA",0,0
2024-10-13,"fifae","FIFAe",0,0
2024-10-13,"fifaewc","FIFAeWC",0,0
2024-10-13,"fwc","FWC",0,0
2024-10-13,"fwwc","FWWC",0,0
2024-10-13,"infantino","Infantino",0,0
2024-10-13,"montreal_canadiens","Montreal Canadiens",0,0
2024-10-13,"motogp","MotoGP",1923479,1118475
2024-10-13,"ny_yankees","NY Yankees",0,0
2024-10-14,"carolina_hurricanes","Caroline Hurricanes",30318,9934
2024-10-14,"ducati","Ducati",0,0
2024-10-14,"f1","F1",12713822,9001472
2024-10-14,"fcwc","FCWC",0,0
2024-10-14,"fifa","FIFA",0,0
2024-10-14,"fifae","FIFAe",0,0
2024-10-14,"fifaewc","FIFAeWC",0,0
2024-10-14,"fwc","FWC",0,0
2024-10-14,"fwwc","FWWC",0,0
2024-10-14,"infantino","Infantino",0,0
2024-10-14,"montreal_canadiens","Montreal Canadiens",0,0
2024-10-14,"motogp","MotoGP",0,0
2024-10-14,"ny_yankees","NY Yankees",0,0
2024-10-15,"carolina_hurricanes","Caroline Hurricanes",289908,3886
2024-10-15,"ducati","Ducati",0,0
2024-10-15,"f1","F1",2759471,2437830
2024-10-15,"fcwc","FCWC",0,0
2024-10-15,"fifa","FIFA",0,0
2024-10-15,"fifae","FIFAe",0,0
2024-10-15,"fifaewc","FIFAeWC",0,0
2024-10-15,"fwc","FWC",0,0
2024-10-15,"fwwc","FWWC",0,0
2024-10-15,"infantino","Infantino",0,0
2024-10-15,"montreal_canadiens","Montreal Canadiens",0,0
2024-10-15,"motogp","MotoGP",1678561,682451
2024-10-15,"ny_yankees","NY Yankees",0,0
2024-10-16,"carolina_hurricanes","Caroline Hurricanes",2448029,1173240
2024-10-16,"ducati","Ducati",0,0
2024-10-16,"f1","F1",6042933,5799845
2024-10-16,"fcwc","FCWC",0,0
2024-10-16,"fifa","FIFA",15133,0
2024-10-16,"fifae","FIFAe",0,0
2024-10-16,"fifaewc","FIFAeWC",0,0
2024-10-16,"fwc","FWC",0,0
2024-10-16,"fwwc","FWWC",0,0
2024-10-16,"infantino","Infantino",210621,0
2024-10-16,"montreal_canadiens","Montreal Canadiens",0,0
2024-10-16,"motogp","MotoGP",90273,29026
2024-10-16,"ny_yankees","NY Yankees",0,0
2024-10-17,"carolina_hurricanes","Caroline Hurricanes",31499,31401
2024-10-17,"ducati","Ducati",352397,0
2024-10-17,"f1","F1",4006830,177911
2024-10-17,"fcwc","FCWC",0,0
2024-10-17,"fifa","FIFA",0,0
2024-10-17,"fifae","FIFAe",0,0
2024-10-17,"fifaewc","FIFAeWC",0,0
2024-10-17,"fwc","FWC",0,0
2024-10-17,"fwwc","FWWC",0,0
2024-10-17,"infantino","Infantino",0,0
2024-10-17,"montreal_canadiens","Montreal Canadiens",0,0
2024-10-17,"motogp","MotoGP",2560675,2213353
2024-10-17,"ny_yankees","NY Yankees",0,0
2024-10-18,"carolina_hurricanes","Caroline Hurricanes",57828,6593
2024-10-18,"ducati","Ducati",1863006,0
2024-10-18,"f1","F1",10703606,3695629
2024-10-18,"fcwc","FCWC",0,0
2024-10-18,"fifa","FIFA",0,0
2024-10-18,"fifae","FIFAe",0,0
2024-10-18,"fifaewc","FIFAeWC",0,0
2024-10-18,"fwc","FWC",0,0
2024-10-18,"fwwc","FWWC",0,0
2024-10-18,"infantino","Infantino",0,0
2024-10-18,"montreal_canadiens","Montreal Canadiens",0,0
2024-10-18,"motogp","MotoGP",9304622,7563641
2024-10-18,"ny_yankees","NY Yankees",0,0
2024-10-19,"carolina_hurricanes","Caroline Hurricanes",772708,222072
2024-10-19,"ducati","Ducati",6884005,0
2024-10-19,"f1","F1",22193147,7603413
2024-10-19,"fcwc","FCWC",0,0
2024-10-19,"fifa","FIFA",0,0
2024-10-19,"fifae","FIFAe",0,0
2024-10-19,"fifaewc","FIFAeWC",0,0
2024-10-19,"fwc","FWC",0,0
2024-10-19,"fwwc","FWWC",0,0
2024-10-19,"infantino","Infantino",0,0
2024-10-19,"montreal_canadiens","Montreal Canadiens",0,0
2024-10-19,"motogp","MotoGP",8151569,5181025
2024-10-19,"ny_yankees","NY Yankees",0,0
2024-10-20,"carolina_hurricanes","Caroline Hurricanes",160756,34468
2024-10-20,"ducati","Ducati",726211,0
2024-10-20,"f1","F1",8223335,7060683
2024-10-20,"fcwc","FCWC",0,0
2024-10-20,"fifa","FIFA",0,0
2024-10-20,"fifae","FIFAe",0,0
2024-10-20,"fifaewc","FIFAeWC",0,0
2024-10-20,"fwc","FWC",0,0
2024-10-20,"fwwc","FWWC",0,0
2024-10-20,"infantino","Infantino",0,0
2024-10-20,"montreal_canadiens","Montreal Canadiens",0,0
2024-10-20,"motogp","MotoGP",7782233,5023625
2024-10-20,"ny_yankees","NY Yankees",0,0
2024-10-21,"carolina_hurricanes","Caroline Hurricanes",468927,450102
2024-10-21,"ducati","Ducati",0,0
2024-10-21,"f1","F1",16883372,13745066
2024-10-21,"fcwc","FCWC",0,0
2024-10-21,"fifa","FIFA",0,0
2024-10-21,"fifae","FIFAe",0,0
2024-10-21,"fifaewc","FIFAeWC",0,0
2024-10-21,"fwc","FWC",0,0
2024-10-21,"fwwc","FWWC",0,0
2024-10-21,"infantino","Infantino",0,0
2024-10-21,"montreal_canadiens","Montreal Canadiens",0,0
2024-10-21,"motogp","MotoGP",1112843,807755
2024-10-21,"ny_yankees","NY Yankees",0,0
2024-10-22,"carolina_hurricanes","Caroline Hurricanes",37565,15927
2024-10-22,"ducati","Ducati",935825,0
2024-10-22,"f1","F1",10348383,7413551
2024-10-22,"fcwc","FCWC",0,0
2024-10-22,"fifa","FIFA",0,0
2024-10-22,"fifae","FIFAe",0,0
2024-10-22,"fifaewc","FIFAeWC",0,0
2024-10-22,"fwc","FWC",0,0
2024-10-22,"fwwc","FWWC",0,0
2024-10-22,"infantino","Infantino",0,0
2024-10-22,"montreal_canadiens","Montreal Canadiens",0,0
2024-10-22,"motogp","MotoGP",5087933,4618760
2024-10-22,"ny_yankees","NY Yankees",0,0
2024-10-23,"carolina_hurricanes","Caroline Hurricanes",308300,158067
2024-10-23,"ducati","Ducati",422158,0
2024-10-23,"f1","F1",3670035,3133523
2024-10-23,"fcwc","FCWC",0,0
2024-10-23,"fifa","FIFA",0,0
2024-10-23,"fifae","FIFAe",0,0
2024-10-23,"fifaewc","FIFAeWC",0,0
2024-10-23,"fwc","FWC",0,0
2024-10-23,"fwwc","FWWC",0,0
2024-10-23,"infantino","Infantino",0,0
2024-10-23,"montreal_canadiens","Montreal Canadiens",405242,401609
2024-10-23,"motogp","MotoGP",7951959,6528455
2024-10-23,"ny_yankees","NY Yankees",0,0
2024-10-24,"carolina_hurricanes","Caroline Hurricanes",23320,0
2024-10-24,"ducati","Ducati",604911,0
2024-10-24,"f1","F1",0,0
2024-10-24,"fcwc","FCWC",0,0
2024-10-24,"fifa","FIFA",0,0
2024-10-24,"fifae","FIFAe",0,0
2024-10-24,"fifaewc","FIFAeWC",0,0
2024-10-24,"fwc","FWC",0,0
2024-10-24,"fwwc","FWWC",0,0
2024-10-24,"infantino","Infantino",0,0
2024-10-24,"montreal_canadiens","Montreal Canadiens",0,0
2024-10-24,"motogp","MotoGP",5186648,4887811
2024-10-24,"ny_yankees","NY Yankees",0,0
2024-10-25,"carolina_hurricanes","Caroline Hurricanes",847816,26436
2024-10-25,"ducati","Ducati",1460363,0
2024-10-25,"f1","F1",6706613,2595682
2024-10-25,"fcwc","FCWC",0,0
2024-10-25,"fifa","FIFA",0,0
2024-10-25,"fifae","FIFAe",0,0
2024-10-25,"fifaewc","FIFAeWC",0,0
2024-10-25,"fwc","FWC",0,0
2024-10-25,"fwwc","FWWC",0,0
2024-10-25,"infantino","Infantino",0,0
2024-10-25,"montreal_canadiens","Montreal Canadiens",0,0
2024-10-25,"motogp","MotoGP",2981772,2031359
2024-10-25,"ny_yankees","NY Yankees",0,0
2024-10-26,"carolina_hurricanes","Caroline Hurricanes",13693,0
2024-10-26,"ducati","Ducati",1765135,0
2024-10-26,"f1","F1",12543809,6832108
2024-10-26,"fcwc","FCWC",0,0
2024-10-26,"fifa","FIFA",0,0
2024-10-26,"fifae","FIFAe",0,0
2024-10-26,"fifaewc","FIFAeWC",0,0
2024-10-26,"fwc","FWC",0,0
2024-10-26,"fwwc","FWWC",0,0
2024-10-26,"infantino","Infantino",0,0
2024-10-26,"montreal_canadiens","Montreal Canadiens",0,0
2024-10-26,"motogp","MotoGP",8000061,2897984
2024-10-26,"ny_yankees","NY Yankees",0,0
2024-10-27,"carolina_hurricanes","Caroline Hurricanes",458052,294991
2024-10-27,"ducati","Ducati",4033788,0
2024-10-27,"f1","F1",37748958,13655729
2024-10-27,"fcwc","FCWC",0,0
2024-10-27,"fifa","FIFA",0,0
2024-10-27,"fifae","FIFAe",0,0
2024-10-27,"fifaewc","FIFAeWC",0,0
2024-10-27,"fwc","FWC",0,0
2024-10-27,"fwwc","FWWC",0,0
2024-10-27,"infantino","Infantino",0,0
2024-10-27,"montreal_canadiens","Montreal Canadiens",0,0
2024-10-27,"motogp","MotoGP",14913749,7888458
2024-10-27,"ny_yankees","NY Yankees",0,0
2024-10-28,"carolina_hurricanes","Caroline Hurricanes",0,0
2024-10-28,"ducati","Ducati",0,0
2024-10-28,"f1","F1",17701307,10204384
2024-10-28,"fcwc","FCWC",0,0
2024-10-28,"fifa","FIFA",0,0
2024-10-28,"fifae","FIFAe",0,0
2024-10-28,"fifaewc","FIFAeWC",0,0
2024-10-28,"fwc","FWC",0,0
2024-10-28,"fwwc","FWWC",0,0
2024-10-28,"infantino","Infantino",0,0
2024-10-28,"montreal_canadiens","Montreal Canadiens",0,0
2024-10-28,"motogp","MotoGP",1570014,50955
2024-10-28,"ny_yankees","NY Yankees",0,0
2024-10-29,"carolina_hurricanes","Caroline Hurricanes",1002421,350470
2024-10-29,"ducati","Ducati",519113,0
2024-10-29,"f1","F1",6454429,4344132
2024-10-29,"fcwc","FCWC",0,0
2024-10-29,"fifa","FIFA",0,0
2024-10-29,"fifae","FIFAe",0,0
2024-10-29,"fifaewc","FIFAeWC",0,0
2024-10-29,"fwc","FWC",0,0
2024-10-29,"fwwc","FWWC",0,0
2024-10-29,"infantino","Infantino",0,0
2024-10-29,"montreal_canadiens","Montreal Canadiens",0,0
2024-10-29,"motogp","MotoGP",5081100,4983272
2024-10-29,"ny_yankees","NY Yankees",0,0
2024-10-30,"carolina_hurricanes","Caroline Hurricanes",346760,232769
2024-10-30,"ducati","Ducati",665371,0
2024-10-30,"f1","F1",4166386,3798538
2024-10-30,"fcwc","FCWC",0,0
2024-10-30,"fifa","FIFA",0,0
2024-10-30,"fifae","FIFAe",0,0
2024-10-30,"fifaewc","FIFAeWC",0,0
2024-10-30,"fwc","FWC",0,0
2024-10-30,"fwwc","FWWC",0,0
2024-10-30,"infantino","Infantino",0,0
2024-10-30,"montreal_canadiens","Montreal Canadiens",0,0
2024-10-30,"motogp","MotoGP",14657890,9756948
2024-10-30,"ny_yankees","NY Yankees",0,0
2024-10-31,"carolina_hurricanes","Caroline Hurricanes",184140,104867
2024-10-31,"ducati","Ducati",1470689,0
2024-10-31,"f1","F1",0,0
2024-10-31,"fcwc","FCWC",0,0
2024-10-31,"fifa","FIFA",0,0
2024-10-31,"fifae","FIFAe",0,0
2024-10-31,"fifaewc","FIFAeWC",0,0
2024-10-31,"fwc","FWC",0,0
2024-10-31,"fwwc","FWWC",0,0
2024-10-31,"infantino","Infantino",0,0
2024-10-31,"montreal_canadiens","Montreal Canadiens",0,0
2024-10-31,"motogp","MotoGP",7048699,2668435
2024-10-31,"ny_yankees","NY Yankees",0,0
2024-11-01,"carolina_hurricanes","Caroline Hurricanes",1800734,1194386
2024-11-01,"ducati","Ducati",747961,0
2024-11-01,"f1","F1",10806101,7370047
2024-11-01,"fcwc","FCWC",0,0
2024-11-01,"fifa","FIFA",0,0
2024-11-01,"fifae","FIFAe",0,0
2024-11-01,"fifaewc","FIFAeWC",0,0
2024-11-01,"fwc","FWC",0,0
2024-11-01,"fwwc","FWWC",0,0
2024-11-01,"infantino","Infantino",0,0
2024-11-01,"montreal_canadiens","Montreal Canadiens",0,0
2024-11-01,"motogp","MotoGP",13898077,10311539
2024-11-01,"ny_yankees","NY Yankees",0,0
2024-11-02,"carolina_hurricanes","Caroline Hurricanes",13305,3956
2024-11-02,"ducati","Ducati",3588426,0
2024-11-02,"f1","F1",31027343,7186010
2024-11-02,"fcwc","FCWC",0,0
2024-11-02,"fifa","FIFA",0,0
2024-11-02,"fifae","FIFAe",0,0
2024-11-02,"fifaewc","FIFAeWC",0,0
2024-11-02,"fwc","FWC",0,0
2024-11-02,"fwwc","FWWC",0,0
2024-11-02,"infantino","Infantino",0,0
2024-11-02,"montreal_canadiens","Montreal Canadiens",0,0
2024-11-02,"motogp","MotoGP",36938941,26243121
2024-11-02,"ny_yankees","NY Yankees",0,0
2024-11-03,"carolina_hurricanes","Caroline Hurricanes",246545,172290
2024-11-03,"ducati","Ducati",2492043,0
2024-11-03,"f1","F1",77063932,44721299
2024-11-03,"fcwc","FCWC",0,0
2024-11-03,"fifa","FIFA",0,0
2024-11-03,"fifae","FIFAe",0,0
2024-11-03,"fifaewc","FIFAeWC",0,0
2024-11-03,"fwc","FWC",0,0
2024-11-03,"fwwc","FWWC",0,0
2024-11-03,"infantino","Infantino",0,0
2024-11-03,"montreal_canadiens","Montreal Canadiens",0,0
2024-11-03,"motogp","MotoGP",52551306,35492032
2024-11-03,"ny_yankees","NY Yankees",0,0
2024-11-04,"carolina_hurricanes","Caroline Hurricanes",385976,152012
2024-11-04,"ducati","Ducati",0,0
2024-11-04,"f1","F1",48316111,45107734
2024-11-04,"fcwc","FCWC",0,0
2024-11-04,"fifa","FIFA",0,0
2024-11-04,"fifae","FIFAe",0,0
2024-11-04,"fifaewc","FIFAeWC",0,0
2024-11-04,"fwc","FWC",0,0
2024-11-04,"fwwc","FWWC",0,0
2024-11-04,"infantino","Infantino",0,0
2024-11-04,"montreal_canadiens","Montreal Canadiens",0,0
2024-11-04,"motogp","MotoGP",1312523,132666
2024-11-04,"ny_yankees","NY Yankees",0,0
2024-11-05,"carolina_hurricanes","Caroline Hurricanes",38750,11230
2024-11-05,"ducati","Ducati",0,0
2024-11-05,"f1","F1",17121588,15143402
2024-11-05,"fcwc","FCWC",0,0
2024-11-05,"fifa","FIFA",0,0
2024-11-05,"fifae","FIFAe",0,0
2024-11-05,"fifaewc","FIFAeWC",0,0
2024-11-05,"fwc","FWC",0,0
2024-11-05,"fwwc","FWWC",0,0
2024-11-05,"infantino","Infantino",0,0
2024-11-05,"montreal_canadiens","Montreal Canadiens",0,0
2024-11-05,"motogp","MotoGP",20785871,6348313
2024-11-05,"ny_yankees","NY Yankees",0,0
2024-11-06,"carolina_hurricanes","Caroline Hurricanes",690045,328944
2024-11-06,"ducati","Ducati",0,0
2024-11-06,"f1","F1",4315016,3907035
2024-11-06,"fcwc","FCWC",0,0
2024-11-06,"fifa","FIFA",0,0
2024-11-06,"fifae","FIFAe",0,0
2024-11-06,"fifaewc","FIFAeWC",0,0
2024-11-06,"fwc","FWC",0,0
2024-11-06,"fwwc","FWWC",0,0
2024-11-06,"infantino","Infantino",0,0
2024-11-06,"montreal_canadiens","Montreal Canadiens",0,0
2024-11-06,"motogp","MotoGP",7690912,4512545
2024-11-06,"ny_yankees","NY Yankees",0,0
2024-11-07,"carolina_hurricanes","Caroline Hurricanes",0,0
2024-11-07,"ducati","Ducati",0,0
2024-11-07,"f1","F1",13489780,174038
2024-11-07,"fcwc","FCWC",0,0
2024-11-07,"fifa","FIFA",0,0
2024-11-07,"fifae","FIFAe",0,0
2024-11-07,"fifaewc","FIFAeWC",0,0
2024-11-07,"fwc","FWC",0,0
2024-11-07,"fwwc","FWWC",0,0
2024-11-07,"infantino","Infantino",0,0
2024-11-07,"montreal_canadiens","Montreal Canadiens",0,0
2024-11-07,"motogp","MotoGP",6689383,2604413
2024-11-07,"ny_yankees","NY Yankees",0,0
2024-11-08,"carolina_hurricanes","Caroline Hurricanes",844503,411358
2024-11-08,"ducati","Ducati",1208410,0
2024-11-08,"f1","F1",82800,13918
2024-11-08,"fcwc","FCWC",0,0
2024-11-08,"fifa","FIFA",0,0
2024-11-08,"fifae","FIFAe",0,0
2024-11-08,"fifaewc","FIFAeWC",0,0
2024-11-08,"fwc","FWC",0,0
2024-11-08,"fwwc","FWWC",0,0
2024-11-08,"infantino","Infantino",0,0
2024-11-08,"montreal_canadiens","Montreal Canadiens",0,0
2024-11-08,"motogp","MotoGP",1454476,1286658
2024-11-08,"ny_yankees","NY Yankees",0,0
2024-11-09,"carolina_hurricanes","Caroline Hurricanes",93232,57343
2024-11-09,"ducati","Ducati",0,0
2024-11-09,"f1","F1",0,0
2024-11-09,"fcwc","FCWC",0,0
2024-11-09,"fifa","FIFA",0,0
2024-11-09,"fifae","FIFAe",0,0
2024-11-09,"fifaewc","FIFAeWC",0,0
2024-11-09,"fwc","FWC",0,0
2024-11-09,"fwwc","FWWC",0,0
2024-11-09,"infantino","Infantino",0,0
2024-11-09,"montreal_canadiens","Montreal Canadiens",0,0
2024-11-09,"motogp","MotoGP",0,0
2024-11-09,"ny_yankees","NY Yankees",0,0
2024-11-10,"carolina_hurricanes","Caroline Hurricanes",71139,5884
2024-11-10,"ducati","Ducati",0,0
2024-11-10,"f1","F1",1146021,1111640
2024-11-10,"fcwc","FCWC",0,0
2024-11-10,"fifa","FIFA",0,0
2024-11-10,"fifae","FIFAe",0,0
2024-11-10,"fifaewc","FIFAeWC",0,0
2024-11-10,"fwc","FWC",0,0
2024-11-10,"fwwc","FWWC",0,0
2024-11-10,"infantino","Infantino",0,0
2024-11-10,"montreal_canadiens","Montreal Canadiens",0,0
2024-11-10,"motogp","MotoGP",1811016,1622450
2024-11-10,"ny_yankees","NY Yankees",0,0
2024-11-11,"carolina_hurricanes","Caroline Hurricanes",21170,0
2024-11-11,"ducati","Ducati",0,0
2024-11-11,"f1","F1",0,0
2024-11-11,"fcwc","FCWC",0,0
2024-11-11,"fifa","FIFA",0,0
2024-11-11,"fifae","FIFAe",0,0
2024-11-11,"fifaewc","FIFAeWC",0,0
2024-11-11,"fwc","FWC",0,0
2024-11-11,"fwwc","FWWC",0,0
2024-11-11,"infantino","Infantino",0,0
2024-11-11,"montreal_canadiens","Montreal Canadiens",0,0
2024-11-11,"motogp","MotoGP",2409638,0
2024-11-11,"ny_yankees","NY Yankees",0,0
2024-11-12,"carolina_hurricanes","Caroline Hurricanes",90481,45070
2024-11-12,"ducati","Ducati",0,0
2024-11-12,"f1","F1",6230674,4326370
2024-11-12,"fcwc","FCWC",0,0
2024-11-12,"fifa","FIFA",0,0
2024-11-12,"fifae","FIFAe",0,0
2024-11-12,"fifaewc","FIFAeWC",0,0
2024-11-12,"fwc","FWC",0,0
2024-11-12,"fwwc","FWWC",0,0
2024-11-12,"infantino","Infantino",0,0
2024-11-12,"montreal_canadiens","Montreal Canadiens",0,0
2024-11-12,"motogp","MotoGP",3843180,1828809
2024-11-12,"ny_yankees","NY Yankees",0,0
2024-11-13,"carolina_hurricanes","Caroline Hurricanes",56219,0
2024-11-13,"ducati","Ducati",0,0
2024-11-13,"f1","F1",28700,7370
2024-11-13,"fcwc","FCWC",0,0
2024-11-13,"fifa","FIFA",0,0
2024-11-13,"fifae","FIFAe",0,0
2024-11-13,"fifaewc","FIFAeWC",0,0
2024-11-13,"fwc","FWC",0,0
2024-11-13,"fwwc","FWWC",0,0
2024-11-13,"infantino","Infantino",0,0
2024-11-13,"montreal_canadiens","Montreal Canadiens",0,0
2024-11-13,"motogp","MotoGP",10934119,6343726
2024-11-13,"ny_yankees","NY Yankees",0,0
2024-11-14,"carolina_hurricanes","Caroline Hurricanes",274750,26573
2024-11-14,"ducati","Ducati",1236651,0
2024-11-14,"f1","F1",0,0
2024-11-14,"fcwc","FCWC",0,0
2024-11-14,"fifa","FIFA",0,0
2024-11-14,"fifae","FIFAe",0,0
2024-11-14,"fifaewc","FIFAeWC",0,0
2024-11-14,"fwc","FWC",0,0
2024-11-14,"fwwc","FWWC",0,0
2024-11-14,"infantino","Infantino",0,0
2024-11-14,"montreal_canadiens","Montreal Canadiens",0,0
2024-11-14,"motogp","MotoGP",8956096,6779502
2024-11-14,"ny_yankees","NY Yankees",0,0
2024-11-15,"carolina_hurricanes","Caroline Hurricanes",45858,45098
2024-11-15,"ducati","Ducati",947948,0
2024-11-15,"f1","F1",0,0
2024-11-15,"fcwc","FCWC",0,0
2024-11-15,"fifa","FIFA",0,0
2024-11-15,"fifae","FIFAe",0,0
2024-11-15,"fifaewc","FIFAeWC",0,0
2024-11-15,"fwc","FWC",0,0
2024-11-15,"fwwc","FWWC",0,0
2024-11-15,"infantino","Infantino",0,0
2024-11-15,"montreal_canadiens","Montreal Canadiens",0,0
2024-11-15,"motogp","MotoGP",12490672,9717012
2024-11-15,"ny_yankees","NY Yankees",0,0
2024-11-16,"carolina_hurricanes","Caroline Hurricanes",44491,0
2024-11-16,"ducati","Ducati",3925445,0
2024-11-16,"f1","F1",294922,286074
2024-11-16,"fcwc","FCWC",0,0
2024-11-16,"fifa","FIFA",0,0
2024-11-16,"fifae","FIFAe",0,0
2024-11-16,"fifaewc","FIFAeWC",0,0
2024-11-16,"fwc","FWC",0,0
2024-11-16,"fwwc","FWWC",0,0
2024-11-16,"infantino","Infantino",0,0
2024-11-16,"montreal_canadiens","Montreal Canadiens",0,0
2024-11-16,"motogp","MotoGP",19992238,10027376
2024-11-16,"ny_yankees","NY Yankees",0,0
2024-11-17,"carolina_hurricanes","Caroline Hurricanes",626900,315708
2024-11-17,"ducati","Ducati",4724272,0
2024-11-17,"f1","F1",2524708,2247302
2024-11-17,"fcwc","FCWC",0,0
2024-11-17,"fifa","FIFA",0,0
2024-11-17,"fifae","FIFAe",0,0
2024-11-17,"fifaewc","FIFAeWC",0,0
2024-11-17,"fwc","FWC",0,0
2024-11-17,"fwwc","FWWC",0,0
2024-11-17,"infantino","Infantino",0,0
2024-11-17,"montreal_canadiens","Montreal Canadiens",54937,18031
2024-11-17,"motogp","MotoGP",18300630,9278000
2024-11-17,"ny_yankees","NY Yankees",0,0
2024-11-18,"carolina_hurricanes","Caroline Hurricanes",604206,163171
2024-11-18,"ducati","Ducati",1771526,0
2024-11-18,"f1","F1",0,0
2024-11-18,"fcwc","FCWC",0,0
2024-11-18,"fifa","FIFA",0,0
2024-11-18,"fifae","FIFAe",0,0
2024-11-18,"fifaewc","FIFAeWC",0,0
2024-11-18,"fwc","FWC",0,0
2024-11-18,"fwwc","FWWC",0,0
2024-11-18,"infantino","Infantino",0,0
2024-11-18,"montreal_canadiens","Montreal Canadiens",0,0
2024-11-18,"motogp","MotoGP",24713764,15232340
2024-11-18,"ny_yankees","NY Yankees",0,0
2024-11-19,"carolina_hurricanes","Caroline Hurricanes",18614,0
2024-11-19,"ducati","Ducati",5893691,0
2024-11-19,"f1","F1",1019743,345186
2024-11-19,"fcwc","FCWC",0,0
2024-11-19,"fifa","FIFA",0,0
2024-11-19,"fifae","FIFAe",0,0
2024-11-19,"fifaewc","FIFAeWC",0,0
2024-11-19,"fwc","FWC",0,0
2024-11-19,"fwwc","FWWC",0,0
2024-11-19,"infantino","Infantino",0,0
2024-11-19,"montreal_canadiens","Montreal Canadiens",0,0
2024-11-19,"motogp","MotoGP",24120756,14133301
2024-11-19,"ny_yankees","NY Yankees",0,0
2024-11-20,"carolina_hurricanes","Caroline Hurricanes",28010,0
2024-11-20,"ducati","Ducati",0,0
2024-11-20,"f1","F1",28300,7299
2024-11-20,"fcwc","FCWC",0,0
2024-11-20,"fifa","FIFA",0,0
2024-11-20,"fifae","FIFAe",0,0
2024-11-20,"fifaewc","FIFAeWC",0,0
2024-11-20,"fwc","FWC",0,0
2024-11-20,"fwwc","FWWC",0,0
2024-11-20,"infantino","Infantino",0,0
2024-11-20,"montreal_canadiens","Montreal Canadiens",0,0
2024-11-20,"motogp","MotoGP",5970876,4980965
2024-11-20,"ny_yankees","NY Yankees",0,0
2024-11-21,"carolina_hurricanes","Caroline Hurricanes",167144,51797
2024-11-21,"ducati","Ducati",0,0
2024-11-21,"f1","F1",0,0
2024-11-21,"fcwc","FCWC",0,0
2024-11-21,"fifa","FIFA",0,0
2024-11-21,"fifae","FIFAe",0,0
2024-11-21,"fifaewc","FIFAeWC",0,0
2024-11-21,"fwc","FWC",0,0
2024-11-21,"fwwc","FWWC",0,0
2024-11-21,"infantino","Infantino",0,0
2024-11-21,"montreal_canadiens","Montreal Canadiens",0,0
2024-11-21,"motogp","MotoGP",3351730,2725461
2024-11-21,"ny_yankees","NY Yankees",0,0
2024-11-22,"carolina_hurricanes","Caroline Hurricanes",129106,14441
2024-11-22,"ducati","Ducati",0,0
2024-11-22,"f1","F1",4400,0
2024-11-22,"fcwc","FCWC",0,0
2024-11-22,"fifa","FIFA",0,0
2024-11-22,"fifae","FIFAe",0,0
2024-11-22,"fifaewc","FIFAeWC",0,0
2024-11-22,"fwc","FWC",0,0
2024-11-22,"fwwc","FWWC",0,0
2024-11-22,"infantino","Infantino",0,0
2024-11-22,"montreal_canadiens","Montreal Canadiens",0,0
2024-11-22,"motogp","MotoGP",256308,81195
2024-11-22,"ny_yankees","NY Yankees",0,0
2024-11-23,"carolina_hurricanes","Caroline Hurricanes",150173,3319
2024-11-23,"ducati","Ducati",0,0
2024-11-23,"f1","F1",19543,235
2024-11-23,"fcwc","FCWC",0,0
2024-11-23,"fifa","FIFA",0,0
2024-11-23,"fifae","FIFAe",0,0
2024-11-23,"fifaewc","FIFAeWC",0,0
2024-11-23,"fwc","FWC",0,0
2024-11-23,"fwwc","FWWC",0,0
2024-11-23,"infantino","Infantino",0,0
2024-11-23,"montreal_canadiens","Montreal Canadiens",0,0
2024-11-23,"motogp","MotoGP",0,0
2024-11-23,"ny_yankees","NY Yankees",0,0
2024-11-24,"carolina_hurricanes","Caroline Hurricanes",242892,25293
2024-11-24,"ducati","Ducati",0,0
2024-11-24,"f1","F1",26002803,9358827
2024-11-24,"fcwc","FCWC",0,0
2024-11-24,"fifa","FIFA",0,0
2024-11-24,"fifae","FIFAe",0,0
2024-11-24,"fifaewc","FIFAeWC",0,0
2024-11-24,"fwc","FWC",0,0
2024-11-24,"fwwc","FWWC",0,0
2024-11-24,"infantino","Infantino",0,0
2024-11-24,"montreal_canadiens","Montreal Canadiens",0,0
2024-11-24,"motogp","MotoGP",2546859,2503186
2024-11-24,"ny_yankees","NY Yankees",0,0
2024-11-25,"carolina_hurricanes","Caroline Hurricanes",13767,3647
2024-11-25,"ducati","Ducati",1730817,0
2024-11-25,"f1","F1",1971555,1764203
2024-11-25,"fcwc","FCWC",0,0
2024-11-25,"fifa","FIFA",0,0
2024-11-25,"fifae","FIFAe",0,0
2024-11-25,"fifaewc","FIFAeWC",0,0
2024-11-25,"fwc","FWC",0,0
2024-11-25,"fwwc","FWWC",0,0
2024-11-25,"infantino","Infantino",0,0
2024-11-25,"montreal_canadiens","Montreal Canadiens",0,0
2024-11-25,"motogp","MotoGP",2916952,1281481
2024-11-25,"ny_yankees","NY Yankees",0,0
2024-11-26,"carolina_hurricanes","Caroline Hurricanes",634484,259511
2024-11-26,"ducati","Ducati",0,0
2024-11-26,"f1","F1",6133298,378817
2024-11-26,"fcwc","FCWC",0,0
2024-11-26,"fifa","FIFA",0,0
2024-11-26,"fifae","FIFAe",0,0
2024-11-26,"fifaewc","FIFAeWC",0,0
2024-11-26,"fwc","FWC",0,0
2024-11-26,"fwwc","FWWC",0,0
2024-11-26,"infantino","Infantino",0,0
2024-11-26,"montreal_canadiens","Montreal Canadiens",0,0
2024-11-26,"motogp","MotoGP",0,0
2024-11-26,"ny_yankees","NY Yankees",0,0
2024-11-27,"carolina_hurricanes","Caroline Hurricanes",234902,82699
2024-11-27,"ducati","Ducati",0,0
2024-11-27,"f1","F1",307144,74070
2024-11-27,"fcwc","FCWC",0,0
2024-11-27,"fifa","FIFA",0,0
2024-11-27,"fifae","FIFAe",0,0
2024-11-27,"fifaewc","FIFAeWC",0,0
2024-11-27,"fwc","FWC",0,0
2024-11-27,"fwwc","FWWC",0,0
2024-11-27,"infantino","Infantino",0,0
2024-11-27,"montreal_canadiens","Montreal Canadiens",0,0
2024-11-27,"motogp","MotoGP",294340,291255
2024-11-27,"ny_yankees","NY Yankees",0,0
2024-11-28,"carolina_hurricanes","Caroline Hurricanes",747318,336354
2024-11-28,"ducati","Ducati",1086547,0
2024-11-28,"f1","F1",2085165,2058624
2024-11-28,"fcwc","FCWC",0,0
2024-11-28,"fifa","FIFA",0,0
2024-11-28,"fifae","FIFAe",0,0
2024-11-28,"fifaewc","FIFAeWC",0,0
2024-11-28,"fwc","FWC",0,0
2024-11-28,"fwwc","FWWC",0,0
2024-11-28,"infantino","Infantino",0,0
2024-11-28,"montreal_canadiens","Montreal Canadiens",0,0
2024-11-28,"motogp","MotoGP",1565051,0
2024-11-28,"ny_yankees","NY Yankees",0,0
2024-11-29,"carolina_hurricanes","Caroline Hurricanes",139589,27139
2024-11-29,"ducati","Ducati",0,0
2024-11-29,"f1","F1",9700,2570
2024-11-29,"fcwc","FCWC",0,0
2024-11-29,"fifa","FIFA",0,0
2024-11-29,"fifae","FIFAe",0,0
2024-11-29,"fifaewc","FIFAeWC",0,0
2024-11-29,"fwc","FWC",0,0
2024-11-29,"fwwc","FWWC",0,0
2024-11-29,"infantino","Infantino",0,0
2024-11-29,"montreal_canadiens","Montreal Canadiens",0,0
2024-11-29,"motogp","MotoGP",0,0
2024-11-29,"ny_yankees","NY Yankees",0,0
2024-11-30,"carolina_hurricanes","Caroline Hurricanes",44626,555
2024-11-30,"ducati","Ducati",0,0
2024-11-30,"f1","F1",2354317,912499
2024-11-30,"fcwc","FCWC",0,0
2024-11-30,"fifa","FIFA",0,0
2024-11-30,"fifae","FIFAe",0,0
2024-11-30,"fifaewc","FIFAeWC",0,0
2024-11-30,"fwc","FWC",0,0
2024-11-30,"fwwc","FWWC",0,0
2024-11-30,"infantino","Infantino",0,0
2024-11-30,"montreal_canadiens","Montreal Canadiens",0,0
2024-11-30,"motogp","MotoGP",0,0
2024-11-30,"ny_yankees","NY Yankees",0,0
2024-12-01,"carolina_hurricanes","Caroline Hurricanes",511205,0
2024-12-01,"ducati","Ducati",0,0
2024-12-01,"f1","F1",226352,0
2024-12-01,"fcwc","FCWC",0,0
2024-12-01,"fifa","FIFA",0,0
2024-12-01,"fifae","FIFAe",0,0
2024-12-01,"fifaewc","FIFAeWC",0,0
2024-12-01,"fwc","FWC",0,0
2024-12-01,"fwwc","FWWC",0,0
2024-12-01,"infantino","Infantino",0,0
2024-12-01,"montreal_canadiens","Montreal Canadiens",0,0
2024-12-01,"motogp","MotoGP",1223380,120143
2024-12-01,"ny_yankees","NY Yankees",0,0
2024-12-02,"carolina_hurricanes","Caroline Hurricanes",1029152,1004904
2024-12-02,"ducati","Ducati",0,0
2024-12-02,"f1","F1",7600,1996
2024-12-02,"fcwc","FCWC",0,0
2024-12-02,"fifa","FIFA",0,0
2024-12-02,"fifae","FIFAe",0,0
2024-12-02,"fifaewc","FIFAeWC",0,0
2024-12-02,"fwc","FWC",0,0
2024-12-02,"fwwc","FWWC",0,0
2024-12-02,"infantino","Infantino",0,0
2024-12-02,"montreal_canadiens","Montreal Canadiens",0,0
2024-12-02,"motogp","MotoGP",1267014,911600
2024-12-02,"ny_yankees","NY Yankees",0,0
2024-12-03,"carolina_hurricanes","Caroline Hurricanes",174411,4416
2024-12-03,"ducati","Ducati",678163,0
2024-12-03,"f1","F1",24500,6436
2024-12-03,"fcwc","FCWC",0,0
2024-12-03,"fifa","FIFA",0,0
2024-12-03,"fifae","FIFAe",0,0
2024-12-03,"fifaewc","FIFAeWC",0,0
2024-12-03,"fwc","FWC",0,0
2024-12-03,"fwwc","FWWC",0,0
2024-12-03,"infantino","Infantino",0,0
2024-12-03,"montreal_canadiens","Montreal Canadiens",0,0
2024-12-03,"motogp","MotoGP",3090956,2595955
2024-12-03,"ny_yankees","NY Yankees",0,0
2024-12-04,"carolina_hurricanes","Caroline Hurricanes",170639,23365
2024-12-04,"ducati","Ducati",194008,0
2024-12-04,"f1","F1",0,0
2024-12-04,"fcwc","FCWC",0,0
2024-12-04,"fifa","FIFA",0,0
2024-12-04,"fifae","FIFAe",0,0
2024-12-04,"fifaewc","FIFAeWC",0,0
2024-12-04,"fwc","FWC",0,0
2024-12-04,"fwwc","FWWC",0,0
2024-12-04,"infantino","Infantino",0,0
2024-12-04,"montreal_canadiens","Montreal Canadiens",0,0
2024-12-04,"motogp","MotoGP",3411200,2853485
2024-12-04,"ny_yankees","NY Yankees",0,0
2024-12-05,"carolina_hurricanes","Caroline Hurricanes",14783,3807
2024-12-05,"ducati","Ducati",0,0
2024-12-05,"f1","F1",7333888,6809320
2024-12-05,"fcwc","FCWC",0,0
2024-12-05,"fifa","FIFA",0,0
2024-12-05,"fifae","FIFAe",71278,63386
2024-12-05,"fifaewc","FIFAeWC",0,0
2024-12-05,"fwc","FWC",0,0
2024-12-05,"fwwc","FWWC",0,0
2024-12-05,"infantino","Infantino",0,0
2024-12-05,"montreal_canadiens","Montreal Canadiens",0,0
2024-12-05,"motogp","MotoGP",130207,0
2024-12-05,"ny_yankees","NY Yankees",0,0
2024-12-06,"carolina_hurricanes","Caroline Hurricanes",836299,85895
2024-12-06,"ducati","Ducati",0,0
2024-12-06,"f1","F1",24260349,4268458
2024-12-06,"fcwc","FCWC",0,0
2024-12-06,"fifa","FIFA",0,0
2024-12-06,"fifae","FIFAe",0,0
2024-12-06,"fifaewc","FIFAeWC",0,0
2024-12-06,"fwc","FWC",0,0
2024-12-06,"fwwc","FWWC",0,0
2024-12-06,"infantino","Infantino",0,0
2024-12-06,"montreal_canadiens","Montreal Canadiens",0,0
2024-12-06,"motogp","MotoGP",171122,42232
2024-12-06,"ny_yankees","NY Yankees",0,0
2024-12-07,"carolina_hurricanes","Caroline Hurricanes",279340,4064
2024-12-07,"ducati","Ducati",0,0
2024-12-07,"f1","F1",19434545,15595955
2024-12-07,"fcwc","FCWC",0,0
2024-12-07,"fifa","FIFA",0,0
2024-12-07,"fifae","FIFAe",0,0
2024-12-07,"fifaewc","FIFAeWC",0,0
2024-12-07,"fwc","FWC",0,0
2024-12-07,"fwwc","FWWC",0,0
2024-12-07,"infantino","Infantino",0,0
2024-12-07,"montreal_canadiens","Montreal Canadiens",0,0
2024-12-07,"motogp","MotoGP",0,0
2024-12-07,"ny_yankees","NY Yankees",0,0
2024-12-08,"carolina_hurricanes","Caroline Hurricanes",2154,689
2024-12-08,"ducati","Ducati",0,0
2024-12-08,"f1","F1",35423973,19183683
2024-12-08,"fcwc","FCWC",0,0
2024-12-08,"fifa","FIFA",0,0
2024-12-08,"fifae","FIFAe",0,0
2024-12-08,"fifaewc","FIFAeWC",0,0
2024-12-08,"fwc","FWC",0,0
2024-12-08,"fwwc","FWWC",0,0
2024-12-08,"infantino","Infantino",0,0
2024-12-08,"montreal_canadiens","Montreal Canadiens",0,0
2024-12-08,"motogp","MotoGP",16112995,6765073
2024-12-08,"ny_yankees","NY Yankees",0,0
2024-12-09,"carolina_hurricanes","Caroline Hurricanes",177962,144568
2024-12-09,"ducati","Ducati",0,0
2024-12-09,"f1","F1",12399813,12024098
2024-12-09,"fcwc","FCWC",0,0
2024-12-09,"fifa","FIFA",0,0
2024-12-09,"fifae","FIFAe",0,0
2024-12-09,"fifaewc","FIFAeWC",0,0
2024-12-09,"fwc","FWC",0,0
2024-12-09,"fwwc","FWWC",0,0
2024-12-09,"infantino","Infantino",0,0
2024-12-09,"montreal_canadiens","Montreal Canadiens",0,0
2024-12-09,"motogp","MotoGP",1735543,150207
2024-12-09,"ny_yankees","NY Yankees",0,0
2024-12-10,"carolina_hurricanes","Caroline Hurricanes",405670,0
2024-12-10,"ducati","Ducati",0,0
2024-12-10,"f1","F1",2643968,2408897
2024-12-10,"fcwc","FCWC",0,0
2024-12-10,"fifa","FIFA",0,0
2024-12-10,"fifae","FIFAe",1468341,1440938
2024-12-10,"fifaewc","FIFAeWC",0,0
2024-12-10,"fwc","FWC",0,0
2024-12-10,"fwwc","FWWC",0,0
2024-12-10,"infantino","Infantino",0,0
2024-12-10,"montreal_canadiens","Montreal Canadiens",0,0
2024-12-10,"motogp","MotoGP",0,0
2024-12-10,"ny_yankees","NY Yankees",0,0
2024-12-11,"carolina_hurricanes","Caroline Hurricanes",355203,167039
2024-12-11,"ducati","Ducati",0,0
2024-12-11,"f1","F1",4026402,3855266
2024-12-11,"fcwc","FCWC",0,0
2024-12-11,"fifa","FIFA",0,0
2024-12-11,"fifae","FIFAe",510160,488051
2024-12-11,"fifaewc","FIFAeWC",0,0
2024-12-11,"fwc","FWC",0,0
2024-12-11,"fwwc","FWWC",0,0
2024-12-11,"infantino","Infantino",0,0
2024-12-11,"montreal_canadiens","Montreal Canadiens",0,0
2024-12-11,"motogp","MotoGP",723643,0
2024-12-11,"ny_yankees","NY Yankees",0,0
2024-12-12,"carolina_hurricanes","Caroline Hurricanes",435936,337316
2024-12-12,"ducati","Ducati",0,0
2024-12-12,"f1","F1",0,0
2024-12-12,"fcwc","FCWC",0,0
2024-12-12,"fifa","FIFA",0,0
2024-12-12,"fifae","FIFAe",87493,0
2024-12-12,"fifaewc","FIFAeWC",0,0
2024-12-12,"fwc","FWC",0,0
2024-12-12,"fwwc","FWWC",0,0
2024-12-12,"infantino","Infantino",0,0
2024-12-12,"montreal_canadiens","Montreal Canadiens",0,0
2024-12-12,"motogp","MotoGP",3130874,2413570
2024-12-12,"ny_yankees","NY Yankees",0,0
2024-12-13,"carolina_hurricanes","Caroline Hurricanes",973757,838769
2024-12-13,"ducati","Ducati",0,0
2024-12-13,"f1","F1",2980890,1923476
2024-12-13,"fcwc","FCWC",0,0
2024-12-13,"fifa","FIFA",0,0
2024-12-13,"fifae","FIFAe",0,0
2024-12-13,"fifaewc","FIFAeWC",0,0
2024-12-13,"fwc","FWC",0,0
2024-12-13,"fwwc","FWWC",0,0
2024-12-13,"infantino","Infantino",0,0
2024-12-13,"montreal_canadiens","Montreal Canadiens",0,0
2024-12-13,"motogp","MotoGP",2802348,1696804
2024-12-13,"ny_yankees","NY Yankees",0,0
2024-12-14,"carolina_hurricanes","Caroline Hurricanes",34623,0
2024-12-14,"ducati","Ducati",0,0
2024-12-14,"f1","F1",15533771,15062027
2024-12-14,"fcwc","FCWC",0,0
2024-12-14,"fifa","FIFA",0,0
2024-12-14,"fifae","FIFAe",0,0
2024-12-14,"fifaewc","FIFAeWC",0,0
2024-12-14,"fwc","FWC",0,0
2024-12-14,"fwwc","FWWC",0,0
2024-12-14,"infantino","Infantino",0,0
2024-12-14,"montreal_canadiens","Montreal Canadiens",0,0
2024-12-14,"motogp","MotoGP",2818009,2439166
2024-12-14,"ny_yankees","NY Yankees",0,0
2024-12-15,"carolina_hurricanes","Caroline Hurricanes",68756,22480
2024-12-15,"ducati","Ducati",197666,0
2024-12-15,"f1","F1",30600,7755
2024-12-15,"fcwc","FCWC",0,0
2024-12-15,"fifa","FIFA",0,0
2024-12-15,"fifae","FIFAe",0,0
2024-12-15,"fifaewc","FIFAeWC",0,0
2024-12-15,"fwc","FWC",0,0
2024-12-15,"fwwc","FWWC",0,0
2024-12-15,"infantino","Infantino",0,0
2024-12-15,"montreal_canadiens","Montreal Canadiens",0,0
2024-12-15,"motogp","MotoGP",3523258,1985309
2024-12-15,"ny_yankees","NY Yankees",0,0
2024-12-16,"carolina_hurricanes","Caroline Hurricanes",1165298,932517
2024-12-16,"ducati","Ducati",0,0
2024-12-16,"f1","F1",0,0
2024-12-16,"fcwc","FCWC",0,0
2024-12-16,"fifa","FIFA",0,0
2024-12-16,"fifae","FIFAe",0,0
2024-12-16,"fifaewc","FIFAeWC",0,0
2024-12-16,"fwc","FWC",0,0
2024-12-16,"fwwc","FWWC",0,0
2024-12-16,"infantino","Infantino",0,0
2024-12-16,"montreal_canadiens","Montreal Canadiens",0,0
2024-12-16,"motogp","MotoGP",1840465,1484012
2024-12-16,"ny_yankees","NY Yankees",0,0
2024-12-17,"carolina_hurricanes","Caroline Hurricanes",121577,86189
2024-12-17,"ducati","Ducati",0,0
2024-12-17,"f1","F1",2689634,2668710
2024-12-17,"fcwc","FCWC",0,0
2024-12-17,"fifa","FIFA",0,0
2024-12-17,"fifae","FIFAe",0,0
2024-12-17,"fifaewc","FIFAeWC",0,0
2024-12-17,"fwc","FWC",0,0
2024-12-17,"fwwc","FWWC",0,0
2024-12-17,"infantino","Infantino",0,0
2024-12-17,"montreal_canadiens","Montreal Canadiens",0,0
2024-12-17,"motogp","MotoGP",1864896,102255
2024-12-17,"ny_yankees","NY Yankees",0,0
2024-12-18,"carolina_hurricanes","Caroline Hurricanes",1256315,485141
2024-12-18,"ducati","Ducati",200531,0
2024-12-18,"f1","F1",10000,2534
2024-12-18,"fcwc","FCWC",0,0
2024-12-18,"fifa","FIFA",0,0
2024-12-18,"fifae","FIFAe",0,0
2024-12-18,"fifaewc","FIFAeWC",0,0
2024-12-18,"fwc","FWC",0,0
2024-12-18,"fwwc","FWWC",0,0
2024-12-18,"infantino","Infantino",0,0
2024-12-18,"montreal_canadiens","Montreal Canadiens",0,0
2024-12-18,"motogp","MotoGP",0,0
2024-12-18,"ny_yankees","NY Yankees",0,0
2024-12-19,"carolina_hurricanes","Caroline Hurricanes",0,0
2024-12-19,"ducati","Ducati",0,0
2024-12-19,"f1","F1",28203199,11254629
2024-12-19,"fcwc","FCWC",0,0
2024-12-19,"fifa","FIFA",0,0
2024-12-19,"fifae","FIFAe",0,0
2024-12-19,"fifaewc","FIFAeWC",0,0
2024-12-19,"fwc","FWC",0,0
2024-12-19,"fwwc","FWWC",0,0
2024-12-19,"infantino","Infantino",0,0
2024-12-19,"montreal_canadiens","Montreal Canadiens",0,0
2024-12-19,"motogp","MotoGP",4829836,1958004
2024-12-19,"ny_yankees","NY Yankees",0,0
2024-12-20,"carolina_hurricanes","Caroline Hurricanes",0,0
2024-12-20,"ducati","Ducati",0,0
2024-12-20,"f1","F1",5172471,5013132
2024-12-20,"fcwc","FCWC",0,0
2024-12-20,"fifa","FIFA",0,0
2024-12-20,"fifae","FIFAe",0,0
2024-12-20,"fifaewc","FIFAeWC",0,0
2024-12-20,"fwc","FWC",0,0
2024-12-20,"fwwc","FWWC",0,0
2024-12-20,"infantino","Infantino",0,0
2024-12-20,"montreal_canadiens","Montreal Canadiens",0,0
2024-12-20,"motogp","MotoGP",1808836,1591719
2024-12-20,"ny_yankees","NY Yankees",0,0
2024-12-21,"carolina_hurricanes","Caroline Hurricanes",138363,6797
2024-12-21,"ducati","Ducati",0,0
2024-12-21,"f1","F1",4290393,3949020
2024-12-21,"fcwc","FCWC",0,0
2024-12-21,"fifa","FIFA",0,0
2024-12-21,"fifae","FIFAe",0,0
2024-12-21,"fifaewc","FIFAeWC",0,0
2024-12-21,"fwc","FWC",0,0
2024-12-21,"fwwc","FWWC",0,0
2024-12-21,"infantino","Infantino",0,0
2024-12-21,"montreal_canadiens","Montreal Canadiens",0,0
2024-12-21,"motogp","MotoGP",1007182,0
2024-12-21,"ny_yankees","NY Yankees",0,0
2024-12-22,"carolina_hurricanes","Caroline Hurricanes",668734,377016
2024-12-22,"ducati","Ducati",0,0
2024-12-22,"f1","F1",6817571,6469512
2024-12-22,"fcwc","FCWC",0,0
2024-12-22,"fifa","FIFA",0,0
2024-12-22,"fifae","FIFAe",0,0
2024-12-22,"fifaewc","FIFAeWC",0,0
2024-12-22,"fwc","FWC",0,0
2024-12-22,"fwwc","FWWC",0,0
2024-12-22,"infantino","Infantino",0,0
2024-12-22,"montreal_canadiens","Montreal Canadiens",0,0
2024-12-22,"motogp","MotoGP",1419645,1182330
2024-12-22,"ny_yankees","NY Yankees",0,0
2024-12-23,"carolina_hurricanes","Caroline Hurricanes",99023,0
2024-12-23,"ducati","Ducati",0,0
2024-12-23,"f1","F1",12073566,3720329
2024-12-23,"fcwc","FCWC",0,0
2024-12-23,"fifa","FIFA",0,0
2024-12-23,"fifae","FIFAe",0,0
2024-12-23,"fifaewc","FIFAeWC",0,0
2024-12-23,"fwc","FWC",0,0
2024-12-23,"fwwc","FWWC",0,0
2024-12-23,"infantino","Infantino",0,0
2024-12-23,"montreal_canadiens","Montreal Canadiens",0,0
2024-12-23,"motogp","MotoGP",1500308,0
2024-12-23,"ny_yankees","NY Yankees",0,0
2024-12-24,"carolina_hurricanes","Caroline Hurricanes",81683,15451
2024-12-24,"ducati","Ducati",0,0
2024-12-24,"f1","F1",1684417,1299984
2024-12-24,"fcwc","FCWC",0,0
2024-12-24,"fifa","FIFA",0,0
2024-12-24,"fifae","FIFAe",0,0
2024-12-24,"fifaewc","FIFAeWC",0,0
2024-12-24,"fwc","FWC",0,0
2024-12-24,"fwwc","FWWC",0,0
2024-12-24,"infantino","Infantino",0,0
2024-12-24,"montreal_canadiens","Montreal Canadiens",0,0
2024-12-24,"motogp","MotoGP",0,0
2024-12-24,"ny_yankees","NY Yankees",0,0
2024-12-25,"carolina_hurricanes","Caroline Hurricanes",0,0
2024-12-25,"ducati","Ducati",0,0
2024-12-25,"f1","F1",32700,0
2024-12-25,"fcwc","FCWC",0,0
2024-12-25,"fifa","FIFA",0,0
2024-12-25,"fifae","FIFAe",0,0
2024-12-25,"fifaewc","FIFAeWC",0,0
2024-12-25,"fwc","FWC",0,0
2024-12-25,"fwwc","FWWC",0,0
2024-12-25,"infantino","Infantino",0,0
2024-12-25,"montreal_canadiens","Montreal Canadiens",0,0
2024-12-25,"motogp","MotoGP",0,0
2024-12-25,"ny_yankees","NY Yankees",0,0
2024-12-26,"carolina_hurricanes","Caroline Hurricanes",0,0
2024-12-26,"ducati","Ducati",0,0
2024-12-26,"f1","F1",0,0
2024-12-26,"fcwc","FCWC",0,0
2024-12-26,"fifa","FIFA",0,0
2024-12-26,"fifae","FIFAe",0,0
2024-12-26,"fifaewc","FIFAeWC",0,0
2024-12-26,"fwc","FWC",0,0
2024-12-26,"fwwc","FWWC",0,0
2024-12-26,"infantino","Infantino",0,0
2024-12-26,"montreal_canadiens","Montreal Canadiens",0,0
2024-12-26,"motogp","MotoGP",4339188,3791005
2024-12-26,"ny_yankees","NY Yankees",0,0
2024-12-27,"carolina_hurricanes","Caroline Hurricanes",0,0
2024-12-27,"ducati","Ducati",0,0
2024-12-27,"f1","F1",427239,114490
2024-12-27,"fcwc","FCWC",0,0
2024-12-27,"fifa","FIFA",0,0
2024-12-27,"fifae","FIFAe",0,0
2024-12-27,"fifaewc","FIFAeWC",0,0
2024-12-27,"fwc","FWC",0,0
2024-12-27,"fwwc","FWWC",0,0
2024-12-27,"infantino","Infantino",0,0
2024-12-27,"montreal_canadiens","Montreal Canadiens",0,0
2024-12-27,"motogp","MotoGP",1615841,0
2024-12-27,"ny_yankees","NY Yankees",0,0
2024-12-28,"carolina_hurricanes","Caroline Hurricanes",99856,17234
2024-12-28,"ducati","Ducati",0,0
2024-12-28,"f1","F1",37300,9404
2024-12-28,"fcwc","FCWC",0,0
2024-12-28,"fifa","FIFA",0,0
2024-12-28,"fifae","FIFAe",0,0
2024-12-28,"fifaewc","FIFAeWC",0,0
2024-12-28,"fwc","FWC",0,0
2024-12-28,"fwwc","FWWC",0,0
2024-12-28,"infantino","Infantino",0,0
2024-12-28,"montreal_canadiens","Montreal Canadiens",0,0
2024-12-28,"motogp","MotoGP",1586094,1325951
2024-12-28,"ny_yankees","NY Yankees",0,0
2024-12-29,"carolina_hurricanes","Caroline Hurricanes",1229352,200391
2024-12-29,"ducati","Ducati",0,0
2024-12-29,"f1","F1",0,0
2024-12-29,"fcwc","FCWC",0,0
2024-12-29,"fifa","FIFA",0,0
2024-12-29,"fifae","FIFAe",0,0
2024-12-29,"fifaewc","FIFAeWC",0,0
2024-12-29,"fwc","FWC",0,0
2024-12-29,"fwwc","FWWC",0,0
2024-12-29,"infantino","Infantino",0,0
2024-12-29,"montreal_canadiens","Montreal Canadiens",0,0
2024-12-29,"motogp","MotoGP",2829308,1685874
2024-12-29,"ny_yankees","NY Yankees",0,0
2024-12-30,"carolina_hurricanes","Caroline Hurricanes",0,0
2024-12-30,"ducati","Ducati",0,0
2024-12-30,"f1","F1",653140,646802
2024-12-30,"fcwc","FCWC",0,0
2024-12-30,"fifa","FIFA",0,0
2024-12-30,"fifae","FIFAe",0,0
2024-12-30,"fifaewc","FIFAeWC",0,0
2024-12-30,"fwc","FWC",0,0
2024-12-30,"fwwc","FWWC",0,0
2024-12-30,"infantino","Infantino",0,0
2024-12-30,"montreal_canadiens","Montreal Canadiens",0,0
2024-12-30,"motogp","MotoGP",1225168,943157
2024-12-30,"ny_yankees","NY Yankees",0,0
2024-12-31,"carolina_hurricanes","Caroline Hurricanes",213570,104689
2024-12-31,"ducati","Ducati",246177,0
2024-12-31,"f1","F1",5987504,4709192
2024-12-31,"fcwc","FCWC",0,0
2024-12-31,"fifa","FIFA",0,0
2024-12-31,"fifae","FIFAe",0,0
2024-12-31,"fifaewc","FIFAeWC",0,0
2024-12-31,"fwc","FWC",0,0
2024-12-31,"fwwc","FWWC",0,0
2024-12-31,"infantino","Infantino",0,0
2024-12-31,"montreal_canadiens","Montreal Canadiens",0,0
2024-12-31,"motogp","MotoGP",143818,141014
2024-12-31,"ny_yankees","NY Yankees",0,0
2025-01-01,"carolina_hurricanes","Caroline Hurricanes",164545,8696
2025-01-01,"ducati","Ducati",0,0
2025-01-01,"f1","F1",9400,2385
2025-01-01,"fcwc","FCWC",0,0
2025-01-01,"fifa","FIFA",0,0
2025-01-01,"fifae","FIFAe",0,0
2025-01-01,"fifaewc","FIFAeWC",0,0
2025-01-01,"fwc","FWC",0,0
2025-01-01,"fwwc","FWWC",0,0
2025-01-01,"infantino","Infantino",0,0
2025-01-01,"montreal_canadiens","Montreal Canadiens",0,0
2025-01-01,"motogp","MotoGP",2640732,0
2025-01-01,"ny_yankees","NY Yankees",0,0
2025-01-02,"carolina_hurricanes","Caroline Hurricanes",49207,24027
2025-01-02,"ducati","Ducati",0,0
2025-01-02,"f1","F1",107280,106408
2025-01-02,"fcwc","FCWC",0,0
2025-01-02,"fifa","FIFA",0,0
2025-01-02,"fifae","FIFAe",0,0
2025-01-02,"fifaewc","FIFAeWC",0,0
2025-01-02,"fwc","FWC",0,0
2025-01-02,"fwwc","FWWC",0,0
2025-01-02,"infantino","Infantino",0,0
2025-01-02,"montreal_canadiens","Montreal Canadiens",0,0
2025-01-02,"motogp","MotoGP",0,0
2025-01-02,"ny_yankees","NY Yankees",0,0
2025-01-03,"carolina_hurricanes","Caroline Hurricanes",741175,382438
2025-01-03,"ducati","Ducati",0,0
2025-01-03,"f1","F1",190369,0
2025-01-03,"fcwc","FCWC",0,0
2025-01-03,"fifa","FIFA",0,0
2025-01-03,"fifae","FIFAe",0,0
2025-01-03,"fifaewc","FIFAeWC",0,0
2025-01-03,"fwc","FWC",0,0
2025-01-03,"fwwc","FWWC",0,0
2025-01-03,"infantino","Infantino",0,0
2025-01-03,"montreal_canadiens","Montreal Canadiens",0,0
2025-01-03,"motogp","MotoGP",1721824,242677
2025-01-03,"ny_yankees","NY Yankees",0,0
2025-01-04,"carolina_hurricanes","Caroline Hurricanes",136718,0
2025-01-04,"ducati","Ducati",0,0
2025-01-04,"f1","F1",0,0
2025-01-04,"fcwc","FCWC",0,0
2025-01-04,"fifa","FIFA",0,0
2025-01-04,"fifae","FIFAe",0,0
2025-01-04,"fifaewc","FIFAeWC",0,0
2025-01-04,"fwc","FWC",0,0
2025-01-04,"fwwc","FWWC",0,0
2025-01-04,"infantino","Infantino",0,0
2025-01-04,"montreal_canadiens","Montreal Canadiens",0,0
2025-01-04,"motogp","MotoGP",1173983,0
2025-01-04,"ny_yankees","NY Yankees",0,0
2025-01-05,"carolina_hurricanes","Caroline Hurricanes",58811,3853
2025-01-05,"ducati","Ducati",0,0
2025-01-05,"f1","F1",0,0
2025-01-05,"fcwc","FCWC",0,0
2025-01-05,"fifa","FIFA",0,0
2025-01-05,"fifae","FIFAe",0,0
2025-01-05,"fifaewc","FIFAeWC",0,0
2025-01-05,"fwc","FWC",0,0
2025-01-05,"fwwc","FWWC",0,0
2025-01-05,"infantino","Infantino",0,0
2025-01-05,"montreal_canadiens","Montreal Canadiens",0,0
2025-01-05,"motogp","MotoGP",2523244,2190385
2025-01-05,"ny_yankees","NY Yankees",0,0
2025-01-06,"carolina_hurricanes","Caroline Hurricanes",1321444,637219
2025-01-06,"ducati","Ducati",0,0
2025-01-06,"f1","F1",639011,0
2025-01-06,"fcwc","FCWC",0,0
2025-01-06,"fifa","FIFA",0,0
2025-01-06,"fifae","FIFAe",0,0
2025-01-06,"fifaewc","FIFAeWC",0,0
2025-01-06,"fwc","FWC",0,0
2025-01-06,"fwwc","FWWC",0,0
2025-01-06,"infantino","Infantino",0,0
2025-01-06,"montreal_canadiens","Montreal Canadiens",0,0
2025-01-06,"motogp","MotoGP",1321594,0
2025-01-06,"ny_yankees","NY Yankees",0,0
2025-01-07,"carolina_hurricanes","Caroline Hurricanes",16772,0
2025-01-07,"ducati","Ducati",0,0
2025-01-07,"f1","F1",0,0
2025-01-07,"fcwc","FCWC",0,0
2025-01-07,"fifa","FIFA",0,0
2025-01-07,"fifae","FIFAe",0,0
2025-01-07,"fifaewc","FIFAeWC",0,0
2025-01-07,"fwc","FWC",0,0
2025-01-07,"fwwc","FWWC",0,0
2025-01-07,"infantino","Infantino",0,0
2025-01-07,"montreal_canadiens","Montreal Canadiens",0,0
2025-01-07,"motogp","MotoGP",0,0
2025-01-07,"ny_yankees","NY Yankees",0,0
2025-01-08,"carolina_hurricanes","Caroline Hurricanes",51802,7655
2025-01-08,"ducati","Ducati",0,0
2025-01-08,"f1","F1",0,0
2025-01-08,"fcwc","FCWC",0,0
2025-01-08,"fifa","FIFA",0,0
2025-01-08,"fifae","FIFAe",0,0
2025-01-08,"fifaewc","FIFAeWC",0,0
2025-01-08,"fwc","FWC",0,0
2025-01-08,"fwwc","FWWC",0,0
2025-01-08,"infantino","Infantino",0,0
2025-01-08,"montreal_canadiens","Montreal Canadiens",0,0
2025-01-08,"motogp","MotoGP",3769299,0
2025-01-08,"ny_yankees","NY Yankees",0,0
2025-01-09,"carolina_hurricanes","Caroline Hurricanes",0,0
2025-01-09,"ducati","Ducati",0,0
2025-01-09,"f1","F1",6339007,0
2025-01-09,"fcwc","FCWC",0,0
2025-01-09,"fifa","FIFA",0,0
2025-01-09,"fifae","FIFAe",0,0
2025-01-09,"fifaewc","FIFAeWC",0,0
2025-01-09,"fwc","FWC",0,0
2025-01-09,"fwwc","FWWC",0,0
2025-01-09,"infantino","Infantino",0,0
2025-01-09,"montreal_canadiens","Montreal Canadiens",0,0
2025-01-09,"motogp","MotoGP",2717519,2480076
2025-01-09,"ny_yankees","NY Yankees",0,0
2025-01-10,"carolina_hurricanes","Caroline Hurricanes",1407164,1025965
2025-01-10,"ducati","Ducati",0,0
2025-01-10,"f1","F1",0,0
2025-01-10,"fcwc","FCWC",0,0
2025-01-10,"fifa","FIFA",0,0
2025-01-10,"fifae","FIFAe",0,0
2025-01-10,"fifaewc","FIFAeWC",0,0
2025-01-10,"fwc","FWC",0,0
2025-01-10,"fwwc","FWWC",0,0
2025-01-10,"infantino","Infantino",0,0
2025-01-10,"montreal_canadiens","Montreal Canadiens",0,0
2025-01-10,"motogp","MotoGP",2277980,1227044
2025-01-10,"ny_yankees","NY Yankees",0,0
2025-01-11,"carolina_hurricanes","Caroline Hurricanes",666775,167325
2025-01-11,"ducati","Ducati",0,0
2025-01-11,"f1","F1",0,0
2025-01-11,"fcwc","FCWC",0,0
2025-01-11,"fifa","FIFA",0,0
2025-01-11,"fifae","FIFAe",0,0
2025-01-11,"fifaewc","FIFAeWC",0,0
2025-01-11,"fwc","FWC",0,0
2025-01-11,"fwwc","FWWC",0,0
2025-01-11,"infantino","Infantino",0,0
2025-01-11,"montreal_canadiens","Montreal Canadiens",0,0
2025-01-11,"motogp","MotoGP",2285277,1812621
2025-01-11,"ny_yankees","NY Yankees",0,0
2025-01-12,"carolina_hurricanes","Caroline Hurricanes",1173594,952344
2025-01-12,"ducati","Ducati",0,0
2025-01-12,"f1","F1",0,0
2025-01-12,"fcwc","FCWC",0,0
2025-01-12,"fifa","FIFA",0,0
2025-01-12,"fifae","FIFAe",0,0
2025-01-12,"fifaewc","FIFAeWC",0,0
2025-01-12,"fwc","FWC",0,0
2025-01-12,"fwwc","FWWC",0,0
2025-01-12,"infantino","Infantino",0,0
2025-01-12,"montreal_canadiens","Montreal Canadiens",0,0
2025-01-12,"motogp","MotoGP",2320075,1190556
2025-01-12,"ny_yankees","NY Yankees",0,0
2025-01-13,"carolina_hurricanes","Caroline Hurricanes",182374,10041
2025-01-13,"ducati","Ducati",0,0
2025-01-13,"f1","F1",0,0
2025-01-13,"fcwc","FCWC",0,0
2025-01-13,"fifa","FIFA",0,0
2025-01-13,"fifae","FIFAe",0,0
2025-01-13,"fifaewc","FIFAeWC",0,0
2025-01-13,"fwc","FWC",0,0
2025-01-13,"fwwc","FWWC",0,0
2025-01-13,"infantino","Infantino",0,0
2025-01-13,"montreal_canadiens","Montreal Canadiens",0,0
2025-01-13,"motogp","MotoGP",0,0
2025-01-13,"ny_yankees","NY Yankees",0,0
2025-01-14,"carolina_hurricanes","Caroline Hurricanes",577416,515138
2025-01-14,"ducati","Ducati",0,0
2025-01-14,"f1","F1",3086364,3055752
2025-01-14,"fcwc","FCWC",0,0
2025-01-14,"fifa","FIFA",0,0
2025-01-14,"fifae","FIFAe",0,0
2025-01-14,"fifaewc","FIFAeWC",0,0
2025-01-14,"fwc","FWC",0,0
2025-01-14,"fwwc","FWWC",0,0
2025-01-14,"infantino","Infantino",0,0
2025-01-14,"montreal_canadiens","Montreal Canadiens",0,0
2025-01-14,"motogp","MotoGP",0,0
2025-01-14,"ny_yankees","NY Yankees",0,0
2025-01-15,"carolina_hurricanes","Caroline Hurricanes",169416,3240
2025-01-15,"ducati","Ducati",0,0
2025-01-15,"f1","F1",3131134,2976614
2025-01-15,"fcwc","FCWC",0,0
2025-01-15,"fifa","FIFA",0,0
2025-01-15,"fifae","FIFAe",0,0
2025-01-15,"fifaewc","FIFAeWC",0,0
2025-01-15,"fwc","FWC",0,0
2025-01-15,"fwwc","FWWC",0,0
2025-01-15,"infantino","Infantino",0,0
2025-01-15,"montreal_canadiens","Montreal Canadiens",34204,14039
2025-01-15,"motogp","MotoGP",0,0
2025-01-15,"ny_yankees","NY Yankees",0,0
2025-01-16,"carolina_hurricanes","Caroline Hurricanes",77312,4824
2025-01-16,"ducati","Ducati",0,0
2025-01-16,"f1","F1",3200,812
2025-01-16,"fcwc","FCWC",0,0
2025-01-16,"fifa","FIFA",0,0
2025-01-16,"fifae","FIFAe",0,0
2025-01-16,"fifaewc","FIFAeWC",0,0
2025-01-16,"fwc","FWC",0,0
2025-01-16,"fwwc","FWWC",0,0
2025-01-16,"infantino","Infantino",0,0
2025-01-16,"montreal_canadiens","Montreal Canadiens",0,0
2025-01-16,"motogp","MotoGP",1708407,1409917
2025-01-16,"ny_yankees","NY Yankees",0,0
2025-01-17,"carolina_hurricanes","Caroline Hurricanes",0,0
2025-01-17,"ducati","Ducati",0,0
2025-01-17,"f1","F1",0,0
2025-01-17,"fcwc","FCWC",0,0
2025-01-17,"fifa","FIFA",0,0
2025-01-17,"fifae","FIFAe",0,0
2025-01-17,"fifaewc","FIFAeWC",0,0
2025-01-17,"fwc","FWC",0,0
2025-01-17,"fwwc","FWWC",0,0
2025-01-17,"infantino","Infantino",0,0
2025-01-17,"montreal_canadiens","Montreal Canadiens",0,0
2025-01-17,"motogp","MotoGP",2874113,1157521
2025-01-17,"ny_yankees","NY Yankees",0,0
2025-01-18,"carolina_hurricanes","Caroline Hurricanes",940587,471114
2025-01-18,"ducati","Ducati",0,0
2025-01-18,"f1","F1",0,0
2025-01-18,"fcwc","FCWC",0,0
2025-01-18,"fifa","FIFA",0,0
2025-01-18,"fifae","FIFAe",0,0
2025-01-18,"fifaewc","FIFAeWC",0,0
2025-01-18,"fwc","FWC",0,0
2025-01-18,"fwwc","FWWC",0,0
2025-01-18,"infantino","Infantino",0,0
2025-01-18,"montreal_canadiens","Montreal Canadiens",0,0
2025-01-18,"motogp","MotoGP",25111,0
2025-01-18,"ny_yankees","NY Yankees",0,0
2025-01-19,"carolina_hurricanes","Caroline Hurricanes",0,0
2025-01-19,"ducati","Ducati",0,0
2025-01-19,"f1","F1",396502,84126
2025-01-19,"fcwc","FCWC",0,0
2025-01-19,"fifa","FIFA",0,0
2025-01-19,"fifae","FIFAe",4223,1257
2025-01-19,"fifaewc","FIFAeWC",0,0
2025-01-19,"fwc","FWC",0,0
2025-01-19,"fwwc","FWWC",0,0
2025-01-19,"infantino","Infantino",0,0
2025-01-19,"montreal_canadiens","Montreal Canadiens",0,0
2025-01-19,"motogp","MotoGP",4610,4471
2025-01-19,"ny_yankees","NY Yankees",0,0
2025-01-20,"carolina_hurricanes","Caroline Hurricanes",0,0
2025-01-20,"ducati","Ducati",6941924,3934934
2025-01-20,"f1","F1",0,0
2025-01-20,"fcwc","FCWC",0,0
2025-01-20,"fifa","FIFA",0,0
2025-01-20,"fifae","FIFAe",0,0
2025-01-20,"fifaewc","FIFAeWC",0,0
2025-01-20,"fwc","FWC",0,0
2025-01-20,"fwwc","FWWC",0,0
2025-01-20,"infantino","Infantino",0,0
2025-01-20,"montreal_canadiens","Montreal Canadiens",0,0
2025-01-20,"motogp","MotoGP",16088701,1437756
2025-01-20,"ny_yankees","NY Yankees",0,0
2025-01-21,"carolina_hurricanes","Caroline Hurricanes",774229,308737
2025-01-21,"ducati","Ducati",403465,0
2025-01-21,"f1","F1",264197,75400
2025-01-21,"fcwc","FCWC",0,0
2025-01-21,"fifa","FIFA",0,0
2025-01-21,"fifae","FIFAe",0,0
2025-01-21,"fifaewc","FIFAeWC",0,0
2025-01-21,"fwc","FWC",0,0
2025-01-21,"fwwc","FWWC",0,0
2025-01-21,"infantino","Infantino",0,0
2025-01-21,"montreal_canadiens","Montreal Canadiens",0,0
2025-01-21,"motogp","MotoGP",2196654,0
2025-01-21,"ny_yankees","NY Yankees",0,0
2025-01-22,"carolina_hurricanes","Caroline Hurricanes",568532,154886
2025-01-22,"ducati","Ducati",750599,0
2025-01-22,"f1","F1",5637030,5460306
2025-01-22,"fcwc","FCWC",0,0
2025-01-22,"fifa","FIFA",0,0
2025-01-22,"fifae","FIFAe",0,0
2025-01-22,"fifaewc","FIFAeWC",0,0
2025-01-22,"fwc","FWC",0,0
2025-01-22,"fwwc","FWWC",0,0
2025-01-22,"infantino","Infantino",0,0
2025-01-22,"montreal_canadiens","Montreal Canadiens",0,0
2025-01-22,"motogp","MotoGP",5008258,3980153
2025-01-22,"ny_yankees","NY Yankees",0,0
2025-01-23,"carolina_hurricanes","Caroline Hurricanes",0,0
2025-01-23,"ducati","Ducati",0,0
2025-01-23,"f1","F1",15127,15054
2025-01-23,"fcwc","FCWC",0,0
2025-01-23,"fifa","FIFA",0,0
2025-01-23,"fifae","FIFAe",0,0
2025-01-23,"fifaewc","FIFAeWC",0,0
2025-01-23,"fwc","FWC",0,0
2025-01-23,"fwwc","FWWC",0,0
2025-01-23,"infantino","Infantino",0,0
2025-01-23,"montreal_canadiens","Montreal Canadiens",0,0
2025-01-23,"motogp","MotoGP",2087357,1266503
2025-01-23,"ny_yankees","NY Yankees",0,0
2025-01-24,"carolina_hurricanes","Caroline Hurricanes",913716,576059
2025-01-24,"ducati","Ducati",1019968,0
2025-01-24,"f1","F1",0,0
2025-01-24,"fcwc","FCWC",0,0
2025-01-24,"fifa","FIFA",0,0
2025-01-24,"fifae","FIFAe",0,0
2025-01-24,"fifaewc","FIFAeWC",0,0
2025-01-24,"fwc","FWC",0,0
2025-01-24,"fwwc","FWWC",0,0
2025-01-24,"infantino","Infantino",0,0
2025-01-24,"montreal_canadiens","Montreal Canadiens",0,0
2025-01-24,"motogp","MotoGP",4050944,3429864
2025-01-24,"ny_yankees","NY Yankees",0,0
2025-01-25,"carolina_hurricanes","Caroline Hurricanes",888667,0
2025-01-25,"ducati","Ducati",0,0
2025-01-25,"f1","F1",6607001,5889862
2025-01-25,"fcwc","FCWC",0,0
2025-01-25,"fifa","FIFA",0,0
2025-01-25,"fifae","FIFAe",0,0
2025-01-25,"fifaewc","FIFAeWC",0,0
2025-01-25,"fwc","FWC",3031589,0
2025-01-25,"fwwc","FWWC",0,0
2025-01-25,"infantino","Infantino",0,0
2025-01-25,"montreal_canadiens","Montreal Canadiens",0,0
2025-01-25,"motogp","MotoGP",0,0
2025-01-25,"ny_yankees","NY Yankees",0,0
2025-01-26,"carolina_hurricanes","Caroline Hurricanes",1217497,661948
2025-01-26,"ducati","Ducati",251923,0
2025-01-26,"f1","F1",14000,3549
2025-01-26,"fcwc","FCWC",0,0
2025-01-26,"fifa","FIFA",0,0
2025-01-26,"fifae","FIFAe",0,0
2025-01-26,"fifaewc","FIFAeWC",0,0
2025-01-26,"fwc","FWC",0,0
2025-01-26,"fwwc","FWWC",0,0
2025-01-26,"infantino","Infantino",0,0
2025-01-26,"montreal_canadiens","Montreal Canadiens",0,0
2025-01-26,"motogp","MotoGP",115090,16580
2025-01-26,"ny_yankees","NY Yankees",0,0
2025-01-27,"carolina_hurricanes","Caroline Hurricanes",141077,28667
2025-01-27,"ducati","Ducati",1420885,434071
2025-01-27,"f1","F1",9492,9464
2025-01-27,"fcwc","FCWC",0,0
2025-01-27,"fifa","FIFA",0,0
2025-01-27,"fifae","FIFAe",0,0
2025-01-27,"fifaewc","FIFAeWC",0,0
2025-01-27,"fwc","FWC",0,0
2025-01-27,"fwwc","FWWC",0,0
2025-01-27,"infantino","Infantino",0,0
2025-01-27,"montreal_canadiens","Montreal Canadiens",0,0
2025-01-27,"motogp","MotoGP",1082237,934006
2025-01-27,"ny_yankees","NY Yankees",0,0
2025-01-28,"carolina_hurricanes","Caroline Hurricanes",214723,0
2025-01-28,"ducati","Ducati",336163,0
2025-01-28,"f1","F1",0,0
2025-01-28,"fcwc","FCWC",0,0
2025-01-28,"fifa","FIFA",0,0
2025-01-28,"fifae","FIFAe",94592,92941
2025-01-28,"fifaewc","FIFAeWC",0,0
2025-01-28,"fwc","FWC",0,0
2025-01-28,"fwwc","FWWC",0,0
2025-01-28,"infantino","Infantino",0,0
2025-01-28,"montreal_canadiens","Montreal Canadiens",0,0
2025-01-28,"motogp","MotoGP",1235591,1148593
2025-01-28,"ny_yankees","NY Yankees",0,0
2025-01-29,"carolina_hurricanes","Caroline Hurricanes",1393923,432275
2025-01-29,"ducati","Ducati",563609,0
2025-01-29,"f1","F1",4369375,0
2025-01-29,"fcwc","FCWC",0,0
2025-01-29,"fifa","FIFA",0,0
2025-01-29,"fifae","FIFAe",0,0
2025-01-29,"fifaewc","FIFAeWC",0,0
2025-01-29,"fwc","FWC",0,0
2025-01-29,"fwwc","FWWC",0,0
2025-01-29,"infantino","Infantino",0,0
2025-01-29,"montreal_canadiens","Montreal Canadiens",0,0
2025-01-29,"motogp","MotoGP",1923037,1205822
2025-01-29,"ny_yankees","NY Yankees",0,0
2025-01-30,"carolina_hurricanes","Caroline Hurricanes",192529,186753
2025-01-30,"ducati","Ducati",0,0
2025-01-30,"f1","F1",0,0
2025-01-30,"fcwc","FCWC",0,0
2025-01-30,"fifa","FIFA",0,0
2025-01-30,"fifae","FIFAe",87240,85929
2025-01-30,"fifaewc","FIFAeWC",0,0
2025-01-30,"fwc","FWC",0,0
2025-01-30,"fwwc","FWWC",0,0
2025-01-30,"infantino","Infantino",0,0
2025-01-30,"montreal_canadiens","Montreal Canadiens",0,0
2025-01-30,"motogp","MotoGP",3022823,2241557
2025-01-30,"ny_yankees","NY Yankees",0,0
2025-01-31,"carolina_hurricanes","Caroline Hurricanes",1639202,1029819
2025-01-31,"ducati","Ducati",247813,0
2025-01-31,"f1","F1",3364173,2980598
2025-01-31,"fcwc","FCWC",0,0
2025-01-31,"fifa","FIFA",0,0
2025-01-31,"fifae","FIFAe",0,0
2025-01-31,"fifaewc","FIFAeWC",0,0
2025-01-31,"fwc","FWC",0,0
2025-01-31,"fwwc","FWWC",0,0
2025-01-31,"infantino","Infantino",0,0
2025-01-31,"montreal_canadiens","Montreal Canadiens",0,0
2025-01-31,"motogp","MotoGP",1845639,0
2025-01-31,"ny_yankees","NY Yankees",0,0
2025-02-01,"carolina_hurricanes","Caroline Hurricanes",310652,0
2025-02-01,"ducati","Ducati",0,0
2025-02-01,"f1","F1",1328433,4833
2025-02-01,"fcwc","FCWC",0,0
2025-02-01,"fifa","FIFA",0,0
2025-02-01,"fifae","FIFAe",0,0
2025-02-01,"fifaewc","FIFAeWC",0,0
2025-02-01,"fwc","FWC",0,0
2025-02-01,"fwwc","FWWC",0,0
2025-02-01,"infantino","Infantino",0,0
2025-02-01,"montreal_canadiens","Montreal Canadiens",0,0
2025-02-01,"motogp","MotoGP",0,0
2025-02-01,"ny_yankees","NY Yankees",0,0
2025-02-02,"carolina_hurricanes","Caroline Hurricanes",262764,47387
2025-02-02,"ducati","Ducati",1143573,0
2025-02-02,"f1","F1",3291401,3076817
2025-02-02,"fcwc","FCWC",0,0
2025-02-02,"fifa","FIFA",0,0
2025-02-02,"fifae","FIFAe",0,0
2025-02-02,"fifaewc","FIFAeWC",0,0
2025-02-02,"fwc","FWC",0,0
2025-02-02,"fwwc","FWWC",0,0
2025-02-02,"infantino","Infantino",0,0
2025-02-02,"montreal_canadiens","Montreal Canadiens",0,0
2025-02-02,"motogp","MotoGP",273206,0
2025-02-02,"ny_yankees","NY Yankees",0,0
2025-02-03,"carolina_hurricanes","Caroline Hurricanes",302713,249589
2025-02-03,"ducati","Ducati",556768,0
2025-02-03,"f1","F1",21500,5440
2025-02-03,"fcwc","FCWC",0,0
2025-02-03,"fifa","FIFA",0,0
2025-02-03,"fifae","FIFAe",0,0
2025-02-03,"fifaewc","FIFAeWC",0,0
2025-02-03,"fwc","FWC",0,0
2025-02-03,"fwwc","FWWC",0,0
2025-02-03,"infantino","Infantino",0,0
2025-02-03,"montreal_canadiens","Montreal Canadiens",0,0
2025-02-03,"motogp","MotoGP",0,0
2025-02-03,"ny_yankees","NY Yankees",0,0
2025-02-04,"carolina_hurricanes","Caroline Hurricanes",33090,0
2025-02-04,"ducati","Ducati",850016,0
2025-02-04,"f1","F1",0,0
2025-02-04,"fcwc","FCWC",0,0
2025-02-04,"fifa","FIFA",0,0
2025-02-04,"fifae","FIFAe",0,0
2025-02-04,"fifaewc","FIFAeWC",0,0
2025-02-04,"fwc","FWC",0,0
2025-02-04,"fwwc","FWWC",0,0
2025-02-04,"infantino","Infantino",0,0
2025-02-04,"montreal_canadiens","Montreal Canadiens",0,0
2025-02-04,"motogp","MotoGP",7034723,3722363
2025-02-04,"ny_yankees","NY Yankees",0,0
2025-02-05,"carolina_hurricanes","Caroline Hurricanes",332630,165406
2025-02-05,"ducati","Ducati",4556749,2880008
2025-02-05,"f1","F1",0,0
2025-02-05,"fcwc","FCWC",0,0
2025-02-05,"fifa","FIFA",0,0
2025-02-05,"fifae","FIFAe",0,0
2025-02-05,"fifaewc","FIFAeWC",0,0
2025-02-05,"fwc","FWC",0,0
2025-02-05,"fwwc","FWWC",0,0
2025-02-05,"infantino","Infantino",0,0
2025-02-05,"montreal_canadiens","Montreal Canadiens",0,0
2025-02-05,"motogp","MotoGP",22689608,11256093
2025-02-05,"ny_yankees","NY Yankees",0,0
2025-02-06,"carolina_hurricanes","Caroline Hurricanes",0,0
2025-02-06,"ducati","Ducati",656435,0
2025-02-06,"f1","F1",0,0
2025-02-06,"fcwc","FCWC",0,0
2025-02-06,"fifa","FIFA",0,0
2025-02-06,"fifae","FIFAe",0,0
2025-02-06,"fifaewc","FIFAeWC",0,0
2025-02-06,"fwc","FWC",0,0
2025-02-06,"fwwc","FWWC",0,0
2025-02-06,"infantino","Infantino",0,0
2025-02-06,"montreal_canadiens","Montreal Canadiens",0,0
2025-02-06,"motogp","MotoGP",7506349,3267815
2025-02-06,"ny_yankees","NY Yankees",0,0
2025-02-07,"carolina_hurricanes","Caroline Hurricanes",0,0
2025-02-07,"ducati","Ducati",522561,0
2025-02-07,"f1","F1",1311254,1293968
2025-02-07,"fcwc","FCWC",0,0
2025-02-07,"fifa","FIFA",0,0
2025-02-07,"fifae","FIFAe",0,0
2025-02-07,"fifaewc","FIFAeWC",0,0
2025-02-07,"fwc","FWC",0,0
2025-02-07,"fwwc","FWWC",0,0
2025-02-07,"infantino","Infantino",0,0
2025-02-07,"montreal_canadiens","Montreal Canadiens",0,0
2025-02-07,"motogp","MotoGP",11416270,6410162
2025-02-07,"ny_yankees","NY Yankees",0,0
2025-02-08,"carolina_hurricanes","Caroline Hurricanes",1472414,523110
2025-02-08,"ducati","Ducati",963070,0
2025-02-08,"f1","F1",1496931,1490007
2025-02-08,"fcwc","FCWC",0,0
2025-02-08,"fifa","FIFA",0,0
2025-02-08,"fifae","FIFAe",0,0
2025-02-08,"fifaewc","FIFAeWC",0,0
2025-02-08,"fwc","FWC",0,0
2025-02-08,"fwwc","FWWC",0,0
2025-02-08,"infantino","Infantino",0,0
2025-02-08,"montreal_canadiens","Montreal Canadiens",0,0
2025-02-08,"motogp","MotoGP",0,0
2025-02-08,"ny_yankees","NY Yankees",0,0
2025-02-09,"carolina_hurricanes","Caroline Hurricanes",361249,0
2025-02-09,"ducati","Ducati",3980433,1648920
2025-02-09,"f1","F1",2895869,2860710
2025-02-09,"fcwc","FCWC",0,0
2025-02-09,"fifa","FIFA",0,0
2025-02-09,"fifae","FIFAe",0,0
2025-02-09,"fifaewc","FIFAeWC",0,0
2025-02-09,"fwc","FWC",0,0
2025-02-09,"fwwc","FWWC",0,0
2025-02-09,"infantino","Infantino",0,0
2025-02-09,"montreal_canadiens","Montreal Canadiens",0,0
2025-02-09,"motogp","MotoGP",17080996,10056499
2025-02-09,"ny_yankees","NY Yankees",0,0
2025-02-10,"carolina_hurricanes","Caroline Hurricanes",193754,173274
2025-02-10,"ducati","Ducati",1828186,1447431
2025-02-10,"f1","F1",0,0
2025-02-10,"fcwc","FCWC",0,0
2025-02-10,"fifa","FIFA",0,0
2025-02-10,"fifae","FIFAe",0,0
2025-02-10,"fifaewc","FIFAeWC",0,0
2025-02-10,"fwc","FWC",0,0
2025-02-10,"fwwc","FWWC",0,0
2025-02-10,"infantino","Infantino",0,0
2025-02-10,"montreal_canadiens","Montreal Canadiens",0,0
2025-02-10,"motogp","MotoGP",4582963,866307
2025-02-10,"ny_yankees","NY Yankees",0,0
2025-02-11,"carolina_hurricanes","Caroline Hurricanes",0,0
2025-02-11,"ducati","Ducati",542475,0
2025-02-11,"f1","F1",40825,39600
2025-02-11,"fcwc","FCWC",0,0
2025-02-11,"fifa","FIFA",0,0
2025-02-11,"fifae","FIFAe",0,0
2025-02-11,"fifaewc","FIFAeWC",0,0
2025-02-11,"fwc","FWC",0,0
2025-02-11,"fwwc","FWWC",0,0
2025-02-11,"infantino","Infantino",0,0
2025-02-11,"montreal_canadiens","Montreal Canadiens",0,0
2025-02-11,"motogp","MotoGP",1270967,927971
2025-02-11,"ny_yankees","NY Yankees",0,0
2025-02-12,"carolina_hurricanes","Caroline Hurricanes",82756,63243
2025-02-12,"ducati","Ducati",1409579,406116
2025-02-12,"f1","F1",0,0
2025-02-12,"fcwc","FCWC",0,0
2025-02-12,"fifa","FIFA",0,0
2025-02-12,"fifae","FIFAe",0,0
2025-02-12,"fifaewc","FIFAeWC",0,0
2025-02-12,"fwc","FWC",0,0
2025-02-12,"fwwc","FWWC",0,0
2025-02-12,"infantino","Infantino",0,0
2025-02-12,"montreal_canadiens","Montreal Canadiens",0,0
2025-02-12,"motogp","MotoGP",12084199,4487543
2025-02-12,"ny_yankees","NY Yankees",0,0
2025-02-13,"carolina_hurricanes","Caroline Hurricanes",0,0
2025-02-13,"ducati","Ducati",999870,0
2025-02-13,"f1","F1",0,0
2025-02-13,"fcwc","FCWC",0,0
2025-02-13,"fifa","FIFA",0,0
2025-02-13,"fifae","FIFAe",0,0
2025-02-13,"fifaewc","FIFAeWC",0,0
2025-02-13,"fwc","FWC",0,0
2025-02-13,"fwwc","FWWC",0,0
2025-02-13,"infantino","Infantino",0,0
2025-02-13,"montreal_canadiens","Montreal Canadiens",0,0
2025-02-13,"motogp","MotoGP",7162595,962667
2025-02-13,"ny_yankees","NY Yankees",0,0
2025-02-14,"carolina_hurricanes","Caroline Hurricanes",11049,3508
2025-02-14,"ducati","Ducati",239650,0
2025-02-14,"f1","F1",314967,52855
2025-02-14,"fcwc","FCWC",0,0
2025-02-14,"fifa","FIFA",0,0
2025-02-14,"fifae","FIFAe",0,0
2025-02-14,"fifaewc","FIFAeWC",0,0
2025-02-14,"fwc","FWC",0,0
2025-02-14,"fwwc","FWWC",0,0
2025-02-14,"infantino","Infantino",0,0
2025-02-14,"montreal_canadiens","Montreal Canadiens",0,0
2025-02-14,"motogp","MotoGP",10501691,8881873
2025-02-14,"ny_yankees","NY Yankees",0,0
2025-02-15,"carolina_hurricanes","Caroline Hurricanes",0,0
2025-02-15,"ducati","Ducati",0,0
2025-02-15,"f1","F1",0,0
2025-02-15,"fcwc","FCWC",0,0
2025-02-15,"fifa","FIFA",0,0
2025-02-15,"fifae","FIFAe",0,0
2025-02-15,"fifaewc","FIFAeWC",0,0
2025-02-15,"fwc","FWC",0,0
2025-02-15,"fwwc","FWWC",0,0
2025-02-15,"infantino","Infantino",0,0
2025-02-15,"montreal_canadiens","Montreal Canadiens",0,0
2025-02-15,"motogp","MotoGP",1790605,1701717
2025-02-15,"ny_yankees","NY Yankees",0,0
2025-02-16,"carolina_hurricanes","Caroline Hurricanes",56918,30108
2025-02-16,"ducati","Ducati",0,0
2025-02-16,"f1","F1",242240,2015
2025-02-16,"fcwc","FCWC",0,0
2025-02-16,"fifa","FIFA",0,0
2025-02-16,"fifae","FIFAe",0,0
2025-02-16,"fifaewc","FIFAeWC",0,0
2025-02-16,"fwc","FWC",0,0
2025-02-16,"fwwc","FWWC",0,0
2025-02-16,"infantino","Infantino",0,0
2025-02-16,"montreal_canadiens","Montreal Canadiens",0,0
2025-02-16,"motogp","MotoGP",0,0
2025-02-16,"ny_yankees","NY Yankees",0,0
2025-02-17,"carolina_hurricanes","Caroline Hurricanes",64649,33312
2025-02-17,"ducati","Ducati",688312,0
2025-02-17,"f1","F1",0,0
2025-02-17,"fcwc","FCWC",0,0
2025-02-17,"fifa","FIFA",0,0
2025-02-17,"fifae","FIFAe",0,0
2025-02-17,"fifaewc","FIFAeWC",0,0
2025-02-17,"fwc","FWC",0,0
2025-02-17,"fwwc","FWWC",0,0
2025-02-17,"infantino","Infantino",0,0
2025-02-17,"montreal_canadiens","Montreal Canadiens",0,0
2025-02-17,"motogp","MotoGP",3379137,2433248
2025-02-17,"ny_yankees","NY Yankees",0,0
2025-02-18,"carolina_hurricanes","Caroline Hurricanes",20397,0
2025-02-18,"ducati","Ducati",341710,0
2025-02-18,"f1","F1",1806564,1454897
2025-02-18,"fcwc","FCWC",0,0
2025-02-18,"fifa","FIFA",0,0
2025-02-18,"fifae","FIFAe",0,0
2025-02-18,"fifaewc","FIFAeWC",0,0
2025-02-18,"fwc","FWC",0,0
2025-02-18,"fwwc","FWWC",0,0
2025-02-18,"infantino","Infantino",0,0
2025-02-18,"montreal_canadiens","Montreal Canadiens",0,0
2025-02-18,"motogp","MotoGP",0,0
2025-02-18,"ny_yankees","NY Yankees",0,0
2025-02-19,"carolina_hurricanes","Caroline Hurricanes",61277,57674
2025-02-19,"ducati","Ducati",229777,0
2025-02-19,"f1","F1",4999953,2044883
2025-02-19,"fcwc","FCWC",0,0
2025-02-19,"fifa","FIFA",0,0
2025-02-19,"fifae","FIFAe",0,0
2025-02-19,"fifaewc","FIFAeWC",0,0
2025-02-19,"fwc","FWC",0,0
2025-02-19,"fwwc","FWWC",0,0
2025-02-19,"infantino","Infantino",0,0
2025-02-19,"montreal_canadiens","Montreal Canadiens",0,0
2025-02-19,"motogp","MotoGP",1267980,822511
2025-02-19,"ny_yankees","NY Yankees",0,0
2025-02-20,"carolina_hurricanes","Caroline Hurricanes",0,0
2025-02-20,"ducati","Ducati",401626,0
2025-02-20,"f1","F1",168522,156460
2025-02-20,"fcwc","FCWC",0,0
2025-02-20,"fifa","FIFA",0,0
2025-02-20,"fifae","FIFAe",0,0
2025-02-20,"fifaewc","FIFAeWC",0,0
2025-02-20,"fwc","FWC",0,0
2025-02-20,"fwwc","FWWC",0,0
2025-02-20,"infantino","Infantino",0,0
2025-02-20,"montreal_canadiens","Montreal Canadiens",0,0
2025-02-20,"motogp","MotoGP",28158,28123
2025-02-20,"ny_yankees","NY Yankees",0,0
2025-02-21,"carolina_hurricanes","Caroline Hurricanes",0,0
2025-02-21,"ducati","Ducati",253757,0
2025-02-21,"f1","F1",2871889,2845666
2025-02-21,"fcwc","FCWC",0,0
2025-02-21,"fifa","FIFA",0,0
2025-02-21,"fifae","FIFAe",0,0
2025-02-21,"fifaewc","FIFAeWC",0,0
2025-02-21,"fwc","FWC",0,0
2025-02-21,"fwwc","FWWC",0,0
2025-02-21,"infantino","Infantino",0,0
2025-02-21,"montreal_canadiens","Montreal Canadiens",0,0
2025-02-21,"motogp","MotoGP",5442668,4021140
2025-02-21,"ny_yankees","NY Yankees",0,0
2025-02-22,"carolina_hurricanes","Caroline Hurricanes",351179,0
2025-02-22,"ducati","Ducati",523565,0
2025-02-22,"f1","F1",36300,0
2025-02-22,"fcwc","FCWC",0,0
2025-02-22,"fifa","FIFA",0,0
2025-02-22,"fifae","FIFAe",0,0
2025-02-22,"fifaewc","FIFAeWC",0,0
2025-02-22,"fwc","FWC",0,0
2025-02-22,"fwwc","FWWC",0,0
2025-02-22,"infantino","Infantino",0,0
2025-02-22,"montreal_canadiens","Montreal Canadiens",0,0
2025-02-22,"motogp","MotoGP",1781816,1303415
2025-02-22,"ny_yankees","NY Yankees",0,0
2025-02-23,"carolina_hurricanes","Caroline Hurricanes",78169,4045
2025-02-23,"ducati","Ducati",417800,0
2025-02-23,"f1","F1",5443409,1858572
2025-02-23,"fcwc","FCWC",0,0
2025-02-23,"fifa","FIFA",0,0
2025-02-23,"fifae","FIFAe",0,0
2025-02-23,"fifaewc","FIFAeWC",0,0
2025-02-23,"fwc","FWC",0,0
2025-02-23,"fwwc","FWWC",0,0
2025-02-23,"infantino","Infantino",0,0
2025-02-23,"montreal_canadiens","Montreal Canadiens",0,0
2025-02-23,"motogp","MotoGP",8914512,5094629
2025-02-23,"ny_yankees","NY Yankees",0,0
2025-02-24,"carolina_hurricanes","Caroline Hurricanes",1007343,545012
2025-02-24,"ducati","Ducati",0,0
2025-02-24,"f1","F1",18717,4988
2025-02-24,"fcwc","FCWC",0,0
2025-02-24,"fifa","FIFA",0,0
2025-02-24,"fifae","FIFAe",0,0
2025-02-24,"fifaewc","FIFAeWC",0,0
2025-02-24,"fwc","FWC",0,0
2025-02-24,"fwwc","FWWC",0,0
2025-02-24,"infantino","Infantino",0,0
2025-02-24,"montreal_canadiens","Montreal Canadiens",0,0
2025-02-24,"motogp","MotoGP",8638006,7965449
2025-02-24,"ny_yankees","NY Yankees",0,0
2025-02-25,"carolina_hurricanes","Caroline Hurricanes",70139,4305
2025-02-25,"ducati","Ducati",416118,0
2025-02-25,"f1","F1",0,0
2025-02-25,"fcwc","FCWC",0,0
2025-02-25,"fifa","FIFA",0,0
2025-02-25,"fifae","FIFAe",0,0
2025-02-25,"fifaewc","FIFAeWC",0,0
2025-02-25,"fwc","FWC",0,0
2025-02-25,"fwwc","FWWC",0,0
2025-02-25,"infantino","Infantino",0,0
2025-02-25,"montreal_canadiens","Montreal Canadiens",0,0
2025-02-25,"motogp","MotoGP",5939167,3548164
2025-02-25,"ny_yankees","NY Yankees",0,0
2025-02-26,"carolina_hurricanes","Caroline Hurricanes",190547,1975
2025-02-26,"ducati","Ducati",501619,476737
2025-02-26,"f1","F1",739371,480920
2025-02-26,"fcwc","FCWC",0,0
2025-02-26,"fifa","FIFA",0,0
2025-02-26,"fifae","FIFAe",0,0
2025-02-26,"fifaewc","FIFAeWC",0,0
2025-02-26,"fwc","FWC",0,0
2025-02-26,"fwwc","FWWC",0,0
2025-02-26,"infantino","Infantino",0,0
2025-02-26,"montreal_canadiens","Montreal Canadiens",0,0
2025-02-26,"motogp","MotoGP",1397168,780728
2025-02-26,"ny_yankees","NY Yankees",0,0
2025-02-27,"carolina_hurricanes","Caroline Hurricanes",149176,0
2025-02-27,"ducati","Ducati",410134,126723
2025-02-27,"f1","F1",4325131,2347342
2025-02-27,"fcwc","FCWC",0,0
2025-02-27,"fifa","FIFA",0,0
2025-02-27,"fifae","FIFAe",0,0
2025-02-27,"fifaewc","FIFAeWC",0,0
2025-02-27,"fwc","FWC",0,0
2025-02-27,"fwwc","FWWC",0,0
2025-02-27,"infantino","Infantino",0,0
2025-02-27,"montreal_canadiens","Montreal Canadiens",0,0
2025-02-27,"motogp","MotoGP",13535228,8439809
2025-02-27,"ny_yankees","NY Yankees",0,0
2025-02-28,"carolina_hurricanes","Caroline Hurricanes",1608206,592092
2025-02-28,"ducati","Ducati",1272334,0
2025-02-28,"f1","F1",12394407,7936871
2025-02-28,"fcwc","FCWC",0,0
2025-02-28,"fifa","FIFA",0,0
2025-02-28,"fifae","FIFAe",0,0
2025-02-28,"fifaewc","FIFAeWC",0,0
2025-02-28,"fwc","FWC",0,0
2025-02-28,"fwwc","FWWC",0,0
2025-02-28,"infantino","Infantino",0,0
2025-02-28,"montreal_canadiens","Montreal Canadiens",0,0
2025-02-28,"motogp","MotoGP",27269204,20873273
2025-02-28,"ny_yankees","NY Yankees",0,0
2025-03-01,"carolina_hurricanes","Caroline Hurricanes",60165,11159
2025-03-01,"ducati","Ducati",1780359,0
2025-03-01,"f1","F1",1295023,1259446
2025-03-01,"fcwc","FCWC",0,0
2025-03-01,"fifa","FIFA",0,0
2025-03-01,"fifae","FIFAe",0,0
2025-03-01,"fifaewc","FIFAeWC",0,0
2025-03-01,"fwc","FWC",0,0
2025-03-01,"fwwc","FWWC",0,0
2025-03-01,"infantino","Infantino",0,0
2025-03-01,"montreal_canadiens","Montreal Canadiens",0,0
2025-03-01,"motogp","MotoGP",28790003,15164797
2025-03-01,"ny_yankees","NY Yankees",0,0
2025-03-02,"carolina_hurricanes","Caroline Hurricanes",964014,772419
2025-03-02,"ducati","Ducati",4239604,0
2025-03-02,"f1","F1",31400,7215
2025-03-02,"fcwc","FCWC",0,0
2025-03-02,"fifa","FIFA",0,0
2025-03-02,"fifae","FIFAe",0,0
2025-03-02,"fifaewc","FIFAeWC",0,0
2025-03-02,"fwc","FWC",0,0
2025-03-02,"fwwc","FWWC",0,0
2025-03-02,"infantino","Infantino",0,0
2025-03-02,"montreal_canadiens","Montreal Canadiens",0,0
2025-03-02,"motogp","MotoGP",77485504,46999964
2025-03-02,"ny_yankees","NY Yankees",0,0
2025-03-03,"carolina_hurricanes","Caroline Hurricanes",1271663,521128
2025-03-03,"ducati","Ducati",433210,0
2025-03-03,"f1","F1",0,0
2025-03-03,"fcwc","FCWC",0,0
2025-03-03,"fifa","FIFA",0,0
2025-03-03,"fifae","FIFAe",0,0
2025-03-03,"fifaewc","FIFAeWC",0,0
2025-03-03,"fwc","FWC",0,0
2025-03-03,"fwwc","FWWC",0,0
2025-03-03,"infantino","Infantino",0,0
2025-03-03,"montreal_canadiens","Montreal Canadiens",0,0
2025-03-03,"motogp","MotoGP",5864591,3789584
2025-03-03,"ny_yankees","NY Yankees",0,0
2025-03-04,"carolina_hurricanes","Caroline Hurricanes",313091,0
2025-03-04,"ducati","Ducati",988479,716506
2025-03-04,"f1","F1",0,0
2025-03-04,"fcwc","FCWC",0,0
2025-03-04,"fifa","FIFA",0,0
2025-03-04,"fifae","FIFAe",0,0
2025-03-04,"fifaewc","FIFAeWC",0,0
2025-03-04,"fwc","FWC",0,0
2025-03-04,"fwwc","FWWC",0,0
2025-03-04,"infantino","Infantino",0,0
2025-03-04,"montreal_canadiens","Montreal Canadiens",0,0
2025-03-04,"motogp","MotoGP",5194160,4048061
2025-03-04,"ny_yankees","NY Yankees",0,0
2025-03-05,"carolina_hurricanes","Caroline Hurricanes",930227,490687
2025-03-05,"ducati","Ducati",376340,0
2025-03-05,"f1","F1",1449537,0
2025-03-05,"fcwc","FCWC",0,0
2025-03-05,"fifa","FIFA",0,0
2025-03-05,"fifae","FIFAe",0,0
2025-03-05,"fifaewc","FIFAeWC",0,0
2025-03-05,"fwc","FWC",0,0
2025-03-05,"fwwc","FWWC",0,0
2025-03-05,"infantino","Infantino",0,0
2025-03-05,"montreal_canadiens","Montreal Canadiens",0,0
2025-03-05,"motogp","MotoGP",4575781,2622558
2025-03-05,"ny_yankees","NY Yankees",0,0
2025-03-06,"carolina_hurricanes","Caroline Hurricanes",0,0
2025-03-06,"ducati","Ducati",1227034,892478
2025-03-06,"f1","F1",0,0
2025-03-06,"fcwc","FCWC",0,0
2025-03-06,"fifa","FIFA",0,0
2025-03-06,"fifae","FIFAe",0,0
2025-03-06,"fifaewc","FIFAeWC",0,0
2025-03-06,"fwc","FWC",0,0
2025-03-06,"fwwc","FWWC",0,0
2025-03-06,"infantino","Infantino",0,0
2025-03-06,"montreal_canadiens","Montreal Canadiens",0,0
2025-03-06,"motogp","MotoGP",179221,45836
2025-03-06,"ny_yankees","NY Yankees",0,0
2025-03-07,"carolina_hurricanes","Caroline Hurricanes",849136,458305
2025-03-07,"ducati","Ducati",0,0
2025-03-07,"f1","F1",2167340,2100008
2025-03-07,"fcwc","FCWC",0,0
2025-03-07,"fifa","FIFA",0,0
2025-03-07,"fifae","FIFAe",0,0
2025-03-07,"fifaewc","FIFAeWC",0,0
2025-03-07,"fwc","FWC",0,0
2025-03-07,"fwwc","FWWC",0,0
2025-03-07,"infantino","Infantino",0,0
2025-03-07,"montreal_canadiens","Montreal Canadiens",0,0
2025-03-07,"motogp","MotoGP",3542675,2750862
2025-03-07,"ny_yankees","NY Yankees",0,0
2025-03-08,"carolina_hurricanes","Caroline Hurricanes",345938,277325
2025-03-08,"ducati","Ducati",474651,0
2025-03-08,"f1","F1",0,0
2025-03-08,"fcwc","FCWC",0,0
2025-03-08,"fifa","FIFA",0,0
2025-03-08,"fifae","FIFAe",0,0
2025-03-08,"fifaewc","FIFAeWC",0,0
2025-03-08,"fwc","FWC",0,0
2025-03-08,"fwwc","FWWC",0,0
2025-03-08,"infantino","Infantino",0,0
2025-03-08,"montreal_canadiens","Montreal Canadiens",0,0
2025-03-08,"motogp","MotoGP",2735743,1988035
2025-03-08,"ny_yankees","NY Yankees",0,0
2025-03-09,"carolina_hurricanes","Caroline Hurricanes",651186,265860
2025-03-09,"ducati","Ducati",474533,0
2025-03-09,"f1","F1",16424731,3219013
2025-03-09,"fcwc","FCWC",0,0
2025-03-09,"fifa","FIFA",0,0
2025-03-09,"fifae","FIFAe",0,0
2025-03-09,"fifaewc","FIFAeWC",0,0
2025-03-09,"fwc","FWC",0,0
2025-03-09,"fwwc","FWWC",0,0
2025-03-09,"infantino","Infantino",0,0
2025-03-09,"montreal_canadiens","Montreal Canadiens",0,0
2025-03-09,"motogp","MotoGP",4825737,1606233
2025-03-09,"ny_yankees","NY Yankees",0,0
2025-03-10,"carolina_hurricanes","Caroline Hurricanes",2648938,966035
2025-03-10,"ducati","Ducati",601801,0
2025-03-10,"f1","F1",320073,75858
2025-03-10,"fcwc","FCWC",0,0
2025-03-10,"fifa","FIFA",0,0
2025-03-10,"fifae","FIFAe",0,0
2025-03-10,"fifaewc","FIFAeWC",0,0
2025-03-10,"fwc","FWC",0,0
2025-03-10,"fwwc","FWWC",0,0
2025-03-10,"infantino","Infantino",0,0
2025-03-10,"montreal_canadiens","Montreal Canadiens",0,0
2025-03-10,"motogp","MotoGP",668316,204020
2025-03-10,"ny_yankees","NY Yankees",0,0
2025-03-11,"carolina_hurricanes","Caroline Hurricanes",423176,375043
2025-03-11,"ducati","Ducati",373233,0
2025-03-11,"f1","F1",7803987,6367990
2025-03-11,"fcwc","FCWC",0,0
2025-03-11,"fifa","FIFA",0,0
2025-03-11,"fifae","FIFAe",0,0
2025-03-11,"fifaewc","FIFAeWC",0,0
2025-03-11,"fwc","FWC",0,0
2025-03-11,"fwwc","FWWC",0,0
2025-03-11,"infantino","Infantino",0,0
2025-03-11,"montreal_canadiens","Montreal Canadiens",0,0
2025-03-11,"motogp","MotoGP",0,0
2025-03-11,"ny_yankees","NY Yankees",0,0
2025-03-12,"carolina_hurricanes","Caroline Hurricanes",1207591,487565
2025-03-12,"ducati","Ducati",535997,0
2025-03-12,"f1","F1",2593677,1216142
2025-03-12,"fcwc","FCWC",0,0
2025-03-12,"fifa","FIFA",0,0
2025-03-12,"fifae","FIFAe",0,0
2025-03-12,"fifaewc","FIFAeWC",0,0
2025-03-12,"fwc","FWC",0,0
2025-03-12,"fwwc","FWWC",0,0
2025-03-12,"infantino","Infantino",0,0
2025-03-12,"montreal_canadiens","Montreal Canadiens",0,0
2025-03-12,"motogp","MotoGP",1615792,525005
2025-03-12,"ny_yankees","NY Yankees",0,0
2025-03-13,"carolina_hurricanes","Caroline Hurricanes",59928,39083
2025-03-13,"ducati","Ducati",186341,0
2025-03-13,"f1","F1",6854225,2632214
2025-03-13,"fcwc","FCWC",0,0
2025-03-13,"fifa","FIFA",0,0
2025-03-13,"fifae","FIFAe",0,0
2025-03-13,"fifaewc","FIFAeWC",0,0
2025-03-13,"fwc","FWC",0,0
2025-03-13,"fwwc","FWWC",0,0
2025-03-13,"infantino","Infantino",0,0
2025-03-13,"montreal_canadiens","Montreal Canadiens",0,0
2025-03-13,"motogp","MotoGP",7306041,4323384
2025-03-13,"ny_yankees","NY Yankees",0,0
2025-03-14,"carolina_hurricanes","Caroline Hurricanes",12639,0
2025-03-14,"ducati","Ducati",760693,0
2025-03-14,"f1","F1",24471958,8895689
2025-03-14,"fcwc","FCWC",0,0
2025-03-14,"fifa","FIFA",0,0
2025-03-14,"fifae","FIFAe",0,0
2025-03-14,"fifaewc","FIFAeWC",0,0
2025-03-14,"fwc","FWC",0,0
2025-03-14,"fwwc","FWWC",0,0
2025-03-14,"infantino","Infantino",0,0
2025-03-14,"montreal_canadiens","Montreal Canadiens",0,0
2025-03-14,"motogp","MotoGP",26721688,14291839
2025-03-14,"ny_yankees","NY Yankees",0,0
2025-03-15,"carolina_hurricanes","Caroline Hurricanes",541934,210886
2025-03-15,"ducati","Ducati",1432691,0
2025-03-15,"f1","F1",14071019,9031660
2025-03-15,"fcwc","FCWC",0,0
2025-03-15,"fifa","FIFA",0,0
2025-03-15,"fifae","FIFAe",0,0
2025-03-15,"fifaewc","FIFAeWC",0,0
2025-03-15,"fwc","FWC",0,0
2025-03-15,"fwwc","FWWC",0,0
2025-03-15,"infantino","Infantino",0,0
2025-03-15,"montreal_canadiens","Montreal Canadiens",0,0
2025-03-15,"motogp","MotoGP",16537623,7199889
2025-03-15,"ny_yankees","NY Yankees",0,0
2025-03-16,"carolina_hurricanes","Caroline Hurricanes",1390064,530964
2025-03-16,"ducati","Ducati",736306,0
2025-03-16,"f1","F1",56651756,19304025
2025-03-16,"fcwc","FCWC",0,0
2025-03-16,"fifa","FIFA",0,0
2025-03-16,"fifae","FIFAe",0,0
2025-03-16,"fifaewc","FIFAeWC",0,0
2025-03-16,"fwc","FWC",0,0
2025-03-16,"fwwc","FWWC",0,0
2025-03-16,"infantino","Infantino",0,0
2025-03-16,"montreal_canadiens","Montreal Canadiens",0,0
2025-03-16,"motogp","MotoGP",34816767,15213379
2025-03-16,"ny_yankees","NY Yankees",0,0
2025-03-17,"carolina_hurricanes","Caroline Hurricanes",36664,26998
2025-03-17,"ducati","Ducati",459083,0
2025-03-17,"f1","F1",8031578,3556465
2025-03-17,"fcwc","FCWC",0,0
2025-03-17,"fifa","FIFA",0,0
2025-03-17,"fifae","FIFAe",0,0
2025-03-17,"fifaewc","FIFAeWC",0,0
2025-03-17,"fwc","FWC",0,0
2025-03-17,"fwwc","FWWC",0,0
2025-03-17,"infantino","Infantino",0,0
2025-03-17,"montreal_canadiens","Montreal Canadiens",0,0
2025-03-17,"motogp","MotoGP",4052790,1719616
2025-03-17,"ny_yankees","NY Yankees",0,0
2025-03-18,"carolina_hurricanes","Caroline Hurricanes",149645,36997
2025-03-18,"ducati","Ducati",170571,0
2025-03-18,"f1","F1",4628710,571844
2025-03-18,"fcwc","FCWC",0,0
2025-03-18,"fifa","FIFA",0,0
2025-03-18,"fifae","FIFAe",0,0
2025-03-18,"fifaewc","FIFAeWC",0,0
2025-03-18,"fwc","FWC",0,0
2025-03-18,"fwwc","FWWC",0,0
2025-03-18,"infantino","Infantino",0,0
2025-03-18,"montreal_canadiens","Montreal Canadiens",0,0
2025-03-18,"motogp","MotoGP",2726404,1415496
2025-03-18,"ny_yankees","NY Yankees",0,0
2025-03-19,"carolina_hurricanes","Caroline Hurricanes",52186,52117
2025-03-19,"ducati","Ducati",0,0
2025-03-19,"f1","F1",3953094,1839856
2025-03-19,"fcwc","FCWC",0,0
2025-03-19,"fifa","FIFA",0,0
2025-03-19,"fifae","FIFAe",0,0
2025-03-19,"fifaewc","FIFAeWC",0,0
2025-03-19,"fwc","FWC",0,0
2025-03-19,"fwwc","FWWC",0,0
2025-03-19,"infantino","Infantino",0,0
2025-03-19,"montreal_canadiens","Montreal Canadiens",0,0
2025-03-19,"motogp","MotoGP",4944794,2134627
2025-03-19,"ny_yankees","NY Yankees",0,0
2025-03-20,"carolina_hurricanes","Caroline Hurricanes",177679,77861
2025-03-20,"ducati","Ducati",441216,0
2025-03-20,"f1","F1",3257442,479421
2025-03-20,"fcwc","FCWC",0,0
2025-03-20,"fifa","FIFA",0,0
2025-03-20,"fifae","FIFAe",0,0
2025-03-20,"fifaewc","FIFAeWC",0,0
2025-03-20,"fwc","FWC",0,0
2025-03-20,"fwwc","FWWC",0,0
2025-03-20,"infantino","Infantino",0,0
2025-03-20,"montreal_canadiens","Montreal Canadiens",0,0
2025-03-20,"motogp","MotoGP",827125,343926
2025-03-20,"ny_yankees","NY Yankees",0,0
2025-03-21,"carolina_hurricanes","Caroline Hurricanes",658302,290048
2025-03-21,"ducati","Ducati",2394,0
2025-03-21,"f1","F1",22823822,10829888
2025-03-21,"fcwc","FCWC",0,0
2025-03-21,"fifa","FIFA",0,0
2025-03-21,"fifae","FIFAe",0,0
2025-03-21,"fifaewc","FIFAeWC",0,0
2025-03-21,"fwc","FWC",0,0
2025-03-21,"fwwc","FWWC",0,0
2025-03-21,"infantino","Infantino",0,0
2025-03-21,"montreal_canadiens","Montreal Canadiens",0,0
2025-03-21,"motogp","MotoGP",1328771,869602
2025-03-21,"ny_yankees","NY Yankees",0,0
2025-03-22,"carolina_hurricanes","Caroline Hurricanes",892521,182776
2025-03-22,"ducati","Ducati",532153,0
2025-03-22,"f1","F1",25835541,10689265
2025-03-22,"fcwc","FCWC",0,0
2025-03-22,"fifa","FIFA",0,0
2025-03-22,"fifae","FIFAe",0,0
2025-03-22,"fifaewc","FIFAeWC",0,0
2025-03-22,"fwc","FWC",0,0
2025-03-22,"fwwc","FWWC",0,0
2025-03-22,"infantino","Infantino",0,0
2025-03-22,"montreal_canadiens","Montreal Canadiens",0,0
2025-03-22,"motogp","MotoGP",0,0
2025-03-22,"ny_yankees","NY Yankees",0,0
2025-03-23,"carolina_hurricanes","Caroline Hurricanes",0,0
2025-03-23,"ducati","Ducati",0,0
2025-03-23,"f1","F1",14230443,10135756
2025-03-23,"fcwc","FCWC",0,0
2025-03-23,"fifa","FIFA",0,0
2025-03-23,"fifae","FIFAe",0,0
2025-03-23,"fifaewc","FIFAeWC",0,0
2025-03-23,"fwc","FWC",0,0
2025-03-23,"fwwc","FWWC",0,0
2025-03-23,"infantino","Infantino",0,0
2025-03-23,"montreal_canadiens","Montreal Canadiens",0,0
2025-03-23,"motogp","MotoGP",91080,28207
2025-03-23,"ny_yankees","NY Yankees",0,0
2025-03-24,"carolina_hurricanes","Caroline Hurricanes",1084847,357957
2025-03-24,"ducati","Ducati",0,0
2025-03-24,"f1","F1",787522,706418
2025-03-24,"fcwc","FCWC",0,0
2025-03-24,"fifa","FIFA",0,0
2025-03-24,"fifae","FIFAe",0,0
2025-03-24,"fifaewc","FIFAeWC",0,0
2025-03-24,"fwc","FWC",0,0
2025-03-24,"fwwc","FWWC",0,0
2025-03-24,"infantino","Infantino",0,0
2025-03-24,"montreal_canadiens","Montreal Canadiens",0,0
2025-03-24,"motogp","MotoGP",0,0
2025-03-24,"ny_yankees","NY Yankees",0,0
2025-03-25,"carolina_hurricanes","Caroline Hurricanes",262857,194664
2025-03-25,"ducati","Ducati",853434,0
2025-03-25,"f1","F1",22800,5155
2025-03-25,"fcwc","FCWC",0,0
2025-03-25,"fifa","FIFA",0,0
2025-03-25,"fifae","FIFAe",0,0
2025-03-25,"fifaewc","FIFAeWC",0,0
2025-03-25,"fwc","FWC",0,0
2025-03-25,"fwwc","FWWC",0,0
2025-03-25,"infantino","Infantino",0,0
2025-03-25,"montreal_canadiens","Montreal Canadiens",0,0
2025-03-25,"motogp","MotoGP",2997095,31826
2025-03-25,"ny_yankees","NY Yankees",0,0
2025-03-26,"carolina_hurricanes","Caroline Hurricanes",195953,67957
2025-03-26,"ducati","Ducati",0,0
2025-03-26,"f1","F1",3749756,2030128
2025-03-26,"fcwc","FCWC",0,0
2025-03-26,"fifa","FIFA",0,0
2025-03-26,"fifae","FIFAe",0,0
2025-03-26,"fifaewc","FIFAeWC",0,0
2025-03-26,"fwc","FWC",1326735,0
2025-03-26,"fwwc","FWWC",0,0
2025-03-26,"infantino","Infantino",0,0
2025-03-26,"montreal_canadiens","Montreal Canadiens",0,0
2025-03-26,"motogp","MotoGP",793864,160235
2025-03-26,"ny_yankees","NY Yankees",0,0
2025-03-27,"carolina_hurricanes","Caroline Hurricanes",0,0
2025-03-27,"ducati","Ducati",0,0
2025-03-27,"f1","F1",30500,6996
2025-03-27,"fcwc","FCWC",0,0
2025-03-27,"fifa","FIFA",0,0
2025-03-27,"fifae","FIFAe",0,0
2025-03-27,"fifaewc","FIFAeWC",0,0
2025-03-27,"fwc","FWC",0,0
2025-03-27,"fwwc","FWWC",0,0
2025-03-27,"infantino","Infantino",0,0
2025-03-27,"montreal_canadiens","Montreal Canadiens",0,0
2025-03-27,"motogp","MotoGP",4370142,2887793
2025-03-27,"ny_yankees","NY Yankees",0,0
2025-03-28,"carolina_hurricanes","Caroline Hurricanes",34959,3270
2025-03-28,"ducati","Ducati",817340,324007
2025-03-28,"f1","F1",0,0
2025-03-28,"fcwc","FCWC",0,0
2025-03-28,"fifa","FIFA",0,0
2025-03-28,"fifae","FIFAe",0,0
2025-03-28,"fifaewc","FIFAeWC",0,0
2025-03-28,"fwc","FWC",0,0
2025-03-28,"fwwc","FWWC",0,0
2025-03-28,"infantino","Infantino",0,0
2025-03-28,"montreal_canadiens","Montreal Canadiens",22040,0
2025-03-28,"motogp","MotoGP",13321117,9405658
2025-03-28,"ny_yankees","NY Yankees",0,0
2025-03-29,"carolina_hurricanes","Caroline Hurricanes",1093900,906335
2025-03-29,"ducati","Ducati",3779117,2597306
2025-03-29,"f1","F1",1746697,1116947
2025-03-29,"fcwc","FCWC",0,0
2025-03-29,"fifa","FIFA",0,0
2025-03-29,"fifae","FIFAe",0,0
2025-03-29,"fifaewc","FIFAeWC",0,0
2025-03-29,"fwc","FWC",0,0
2025-03-29,"fwwc","FWWC",0,0
2025-03-29,"infantino","Infantino",0,0
2025-03-29,"montreal_canadiens","Montreal Canadiens",228282,201030
2025-03-29,"motogp","MotoGP",23991153,9019465
2025-03-29,"ny_yankees","NY Yankees",0,0
2025-03-30,"carolina_hurricanes","Caroline Hurricanes",91108,47716
2025-03-30,"ducati","Ducati",237293,0
2025-03-30,"f1","F1",0,0
2025-03-30,"fcwc","FCWC",0,0
2025-03-30,"fifa","FIFA",0,0
2025-03-30,"fifae","FIFAe",0,0
2025-03-30,"fifaewc","FIFAeWC",0,0
2025-03-30,"fwc","FWC",0,0
2025-03-30,"fwwc","FWWC",0,0
2025-03-30,"infantino","Infantino",0,0
2025-03-30,"montreal_canadiens","Montreal Canadiens",0,0
2025-03-30,"motogp","MotoGP",40647192,33976234
2025-03-30,"ny_yankees","NY Yankees",0,0
2025-03-31,"carolina_hurricanes","Caroline Hurricanes",691677,469247
2025-03-31,"ducati","Ducati",1542610,0
2025-03-31,"f1","F1",12507610,1321772
2025-03-31,"fcwc","FCWC",0,0
2025-03-31,"fifa","FIFA",0,0
2025-03-31,"fifae","FIFAe",711755,699997
2025-03-31,"fifaewc","FIFAeWC",0,0
2025-03-31,"fwc","FWC",0,0
2025-03-31,"fwwc","FWWC",0,0
2025-03-31,"infantino","Infantino",0,0
2025-03-31,"montreal_canadiens","Montreal Canadiens",0,0
2025-03-31,"motogp","MotoGP",35207480,24690546
2025-03-31,"ny_yankees","NY Yankees",0,0
2025-04-01,"carolina_hurricanes","Caroline Hurricanes",165994,4326
2025-04-01,"ducati","Ducati",360583,0
2025-04-01,"f1","F1",302531,91881
2025-04-01,"fcwc","FCWC",0,0
2025-04-01,"fifa","FIFA",0,0
2025-04-01,"fifae","FIFAe",0,0
2025-04-01,"fifaewc","FIFAeWC",0,0
2025-04-01,"fwc","FWC",0,0
2025-04-01,"fwwc","FWWC",0,0
2025-04-01,"infantino","Infantino",0,0
2025-04-01,"montreal_canadiens","Montreal Canadiens",0,0
2025-04-01,"motogp","MotoGP",43542383,27340840
2025-04-01,"ny_yankees","NY Yankees",0,0
2025-04-02,"carolina_hurricanes","Caroline Hurricanes",22582,11995
2025-04-02,"ducati","Ducati",5405,0
2025-04-02,"f1","F1",0,0
2025-04-02,"fcwc","FCWC",0,0
2025-04-02,"fifa","FIFA",0,0
2025-04-02,"fifae","FIFAe",0,0
2025-04-02,"fifaewc","FIFAeWC",0,0
2025-04-02,"fwc","FWC",0,0
2025-04-02,"fwwc","FWWC",0,0
2025-04-02,"infantino","Infantino",0,0
2025-04-02,"montreal_canadiens","Montreal Canadiens",0,0
2025-04-02,"motogp","MotoGP",5767580,3988886
2025-04-02,"ny_yankees","NY Yankees",0,0
2025-04-03,"carolina_hurricanes","Caroline Hurricanes",668011,322776
2025-04-03,"ducati","Ducati",102876,0
2025-04-03,"f1","F1",1196634,888156
2025-04-03,"fcwc","FCWC",0,0
2025-04-03,"fifa","FIFA",0,0
2025-04-03,"fifae","FIFAe",0,0
2025-04-03,"fifaewc","FIFAeWC",0,0
2025-04-03,"fwc","FWC",0,0
2025-04-03,"fwwc","FWWC",0,0
2025-04-03,"infantino","Infantino",0,0
2025-04-03,"montreal_canadiens","Montreal Canadiens",0,0
2025-04-03,"motogp","MotoGP",1140432,1112236
2025-04-03,"ny_yankees","NY Yankees",0,0
2025-04-04,"carolina_hurricanes","Caroline Hurricanes",153185,146862
2025-04-04,"ducati","Ducati",0,0
2025-04-04,"f1","F1",22999968,8123779
2025-04-04,"fcwc","FCWC",0,0
2025-04-04,"fifa","FIFA",0,0
2025-04-04,"fifae","FIFAe",0,0
2025-04-04,"fifaewc","FIFAeWC",0,0
2025-04-04,"fwc","FWC",0,0
2025-04-04,"fwwc","FWWC",0,0
2025-04-04,"infantino","Infantino",0,0
2025-04-04,"montreal_canadiens","Montreal Canadiens",0,0
2025-04-04,"motogp","MotoGP",1848420,1816521
2025-04-04,"ny_yankees","NY Yankees",0,0
2025-04-05,"carolina_hurricanes","Caroline Hurricanes",39716,0
2025-04-05,"ducati","Ducati",0,0
2025-04-05,"f1","F1",14323434,6766990
2025-04-05,"fcwc","FCWC",0,0
2025-04-05,"fifa","FIFA",0,0
2025-04-05,"fifae","FIFAe",0,0
2025-04-05,"fifaewc","FIFAeWC",0,0
2025-04-05,"fwc","FWC",0,0
2025-04-05,"fwwc","FWWC",0,0
2025-04-05,"infantino","Infantino",0,0
2025-04-05,"montreal_canadiens","Montreal Canadiens",0,0
2025-04-05,"motogp","MotoGP",38372,12185
2025-04-05,"ny_yankees","NY Yankees",0,0
2025-04-06,"carolina_hurricanes","Caroline Hurricanes",127211,9220
2025-04-06,"ducati","Ducati",0,0
2025-04-06,"f1","F1",27409443,15529546
2025-04-06,"fcwc","FCWC",0,0
2025-04-06,"fifa","FIFA",0,0
2025-04-06,"fifae","FIFAe",0,0
2025-04-06,"fifaewc","FIFAeWC",0,0
2025-04-06,"fwc","FWC",0,0
2025-04-06,"fwwc","FWWC",0,0
2025-04-06,"infantino","Infantino",0,0
2025-04-06,"montreal_canadiens","Montreal Canadiens",0,0
2025-04-06,"motogp","MotoGP",1829989,1207508
2025-04-06,"ny_yankees","NY Yankees",0,0
2025-04-07,"carolina_hurricanes","Caroline Hurricanes",0,0
2025-04-07,"ducati","Ducati",13382,0
2025-04-07,"f1","F1",6310969,3353728
2025-04-07,"fcwc","FCWC",0,0
2025-04-07,"fifa","FIFA",0,0
2025-04-07,"fifae","FIFAe",0,0
2025-04-07,"fifaewc","FIFAeWC",0,0
2025-04-07,"fwc","FWC",0,0
2025-04-07,"fwwc","FWWC",0,0
2025-04-07,"infantino","Infantino",0,0
2025-04-07,"montreal_canadiens","Montreal Canadiens",0,0
2025-04-07,"motogp","MotoGP",3668283,2130663
2025-04-07,"ny_yankees","NY Yankees",0,0
2025-04-08,"carolina_hurricanes","Caroline Hurricanes",0,0
2025-04-08,"ducati","Ducati",123931,0
2025-04-08,"f1","F1",4301354,1774228
2025-04-08,"fcwc","FCWC",0,0
2025-04-08,"fifa","FIFA",0,0
2025-04-08,"fifae","FIFAe",0,0
2025-04-08,"fifaewc","FIFAeWC",0,0
2025-04-08,"fwc","FWC",0,0
2025-04-08,"fwwc","FWWC",0,0
2025-04-08,"infantino","Infantino",0,0
2025-04-08,"montreal_canadiens","Montreal Canadiens",0,0
2025-04-08,"motogp","MotoGP",639250,272335
2025-04-08,"ny_yankees","NY Yankees",0,0
2025-04-09,"carolina_hurricanes","Caroline Hurricanes",60323,0
2025-04-09,"ducati","Ducati",205963,0
2025-04-09,"f1","F1",0,0
2025-04-09,"fcwc","FCWC",0,0
2025-04-09,"fifa","FIFA",0,0
2025-04-09,"fifae","FIFAe",0,0
2025-04-09,"fifaewc","FIFAeWC",0,0
2025-04-09,"fwc","FWC",0,0
2025-04-09,"fwwc","FWWC",0,0
2025-04-09,"infantino","Infantino",0,0
2025-04-09,"montreal_canadiens","Montreal Canadiens",0,0
2025-04-09,"motogp","MotoGP",8539966,5758865
2025-04-09,"ny_yankees","NY Yankees",0,0
2025-04-10,"carolina_hurricanes","Caroline Hurricanes",636361,0
2025-04-10,"ducati","Ducati",0,0
2025-04-10,"f1","F1",226667,0
2025-04-10,"fcwc","FCWC",0,0
2025-04-10,"fifa","FIFA",0,0
2025-04-10,"fifae","FIFAe",0,0
2025-04-10,"fifaewc","FIFAeWC",0,0
2025-04-10,"fwc","FWC",0,0
2025-04-10,"fwwc","FWWC",0,0
2025-04-10,"infantino","Infantino",0,0
2025-04-10,"montreal_canadiens","Montreal Canadiens",0,0
2025-04-10,"motogp","MotoGP",18052457,12599151
2025-04-10,"ny_yankees","NY Yankees",0,0
2025-04-11,"carolina_hurricanes","Caroline Hurricanes",100179,1214
2025-04-11,"ducati","Ducati",1047564,0
2025-04-11,"f1","F1",1017197,752726
2025-04-11,"fcwc","FCWC",0,0
2025-04-11,"fifa","FIFA",0,0
2025-04-11,"fifae","FIFAe",0,0
2025-04-11,"fifaewc","FIFAeWC",0,0
2025-04-11,"fwc","FWC",0,0
2025-04-11,"fwwc","FWWC",0,0
2025-04-11,"infantino","Infantino",0,0
2025-04-11,"montreal_canadiens","Montreal Canadiens",0,0
2025-04-11,"motogp","MotoGP",14861650,9094778
2025-04-11,"ny_yankees","NY Yankees",0,0
2025-04-12,"carolina_hurricanes","Caroline Hurricanes",138567,64451
2025-04-12,"ducati","Ducati",2258097,0
2025-04-12,"f1","F1",0,0
2025-04-12,"fcwc","FCWC",0,0
2025-04-12,"fifa","FIFA",0,0
2025-04-12,"fifae","FIFAe",0,0
2025-04-12,"fifaewc","FIFAeWC",0,0
2025-04-12,"fwc","FWC",0,0
2025-04-12,"fwwc","FWWC",0,0
2025-04-12,"infantino","Infantino",0,0
2025-04-12,"montreal_canadiens","Montreal Canadiens",0,0
2025-04-12,"motogp","MotoGP",27139637,12696951
2025-04-12,"ny_yankees","NY Yankees",0,0
2025-04-13,"carolina_hurricanes","Caroline Hurricanes",388060,197350
2025-04-13,"ducati","Ducati",5234017,4387010
2025-04-13,"f1","F1",1686898,1279977
2025-04-13,"fcwc","FCWC",0,0
2025-04-13,"fifa","FIFA",0,0
2025-04-13,"fifae","FIFAe",0,0
2025-04-13,"fifaewc","FIFAeWC",0,0
2025-04-13,"fwc","FWC",0,0
2025-04-13,"fwwc","FWWC",0,0
2025-04-13,"infantino","Infantino",0,0
2025-04-13,"montreal_canadiens","Montreal Canadiens",0,0
2025-04-13,"motogp","MotoGP",37546894,21939800
2025-04-13,"ny_yankees","NY Yankees",0,0
2025-04-14,"carolina_hurricanes","Caroline Hurricanes",122343,7736
2025-04-14,"ducati","Ducati",0,0
2025-04-14,"f1","F1",7035794,3591394
2025-04-14,"fcwc","FCWC",0,0
2025-04-14,"fifa","FIFA",0,0
2025-04-14,"fifae","FIFAe",0,0
2025-04-14,"fifaewc","FIFAeWC",0,0
2025-04-14,"fwc","FWC",0,0
2025-04-14,"fwwc","FWWC",0,0
2025-04-14,"infantino","Infantino",0,0
2025-04-14,"montreal_canadiens","Montreal Canadiens",0,0
2025-04-14,"motogp","MotoGP",8882053,4566857
2025-04-14,"ny_yankees","NY Yankees",0,0
2025-04-15,"carolina_hurricanes","Caroline Hurricanes",437177,0
2025-04-15,"ducati","Ducati",0,0
2025-04-15,"f1","F1",2007281,1767046
2025-04-15,"fcwc","FCWC",0,0
2025-04-15,"fifa","FIFA",0,0
2025-04-15,"fifae","FIFAe",0,0
2025-04-15,"fifaewc","FIFAeWC",0,0
2025-04-15,"fwc","FWC",0,0
2025-04-15,"fwwc","FWWC",0,0
2025-04-15,"infantino","Infantino",0,0
2025-04-15,"montreal_canadiens","Montreal Canadiens",0,0
2025-04-15,"motogp","MotoGP",11583988,7019537
2025-04-15,"ny_yankees","NY Yankees",0,0
2025-04-16,"carolina_hurricanes","Caroline Hurricanes",55068,0
2025-04-16,"ducati","Ducati",5859,0
2025-04-16,"f1","F1",11600,2627
2025-04-16,"fcwc","FCWC",0,0
2025-04-16,"fifa","FIFA",0,0
2025-04-16,"fifae","FIFAe",0,0
2025-04-16,"fifaewc","FIFAeWC",0,0
2025-04-16,"fwc","FWC",0,0
2025-04-16,"fwwc","FWWC",0,0
2025-04-16,"infantino","Infantino",0,0
2025-04-16,"montreal_canadiens","Montreal Canadiens",0,0
2025-04-16,"motogp","MotoGP",4257335,2841177
2025-04-16,"ny_yankees","NY Yankees",0,0
2025-04-17,"carolina_hurricanes","Caroline Hurricanes",136623,0
2025-04-17,"ducati","Ducati",750241,0
2025-04-17,"f1","F1",3826942,3800014
2025-04-17,"fcwc","FCWC",0,0
2025-04-17,"fifa","FIFA",0,0
2025-04-17,"fifae","FIFAe",0,0
2025-04-17,"fifaewc","FIFAeWC",0,0
2025-04-17,"fwc","FWC",0,0
2025-04-17,"fwwc","FWWC",0,0
2025-04-17,"infantino","Infantino",0,0
2025-04-17,"montreal_canadiens","Montreal Canadiens",0,0
2025-04-17,"motogp","MotoGP",221051,190213
2025-04-17,"ny_yankees","NY Yankees",0,0
2025-04-18,"carolina_hurricanes","Caroline Hurricanes",1106980,472315
2025-04-18,"ducati","Ducati",278176,0
2025-04-18,"f1","F1",19864845,8010957
2025-04-18,"fcwc","FCWC",0,0
2025-04-18,"fifa","FIFA",0,0
2025-04-18,"fifae","FIFAe",0,0
2025-04-18,"fifaewc","FIFAeWC",0,0
2025-04-18,"fwc","FWC",0,0
2025-04-18,"fwwc","FWWC",0,0
2025-04-18,"infantino","Infantino",0,0
2025-04-18,"montreal_canadiens","Montreal Canadiens",0,0
2025-04-18,"motogp","MotoGP",0,0
2025-04-18,"ny_yankees","NY Yankees",0,0
2025-04-19,"carolina_hurricanes","Caroline Hurricanes",478632,215890
2025-04-19,"ducati","Ducati",185704,0
2025-04-19,"f1","F1",20424787,7068672
2025-04-19,"fcwc","FCWC",0,0
2025-04-19,"fifa","FIFA",0,0
2025-04-19,"fifae","FIFAe",0,0
2025-04-19,"fifaewc","FIFAeWC",0,0
2025-04-19,"fwc","FWC",0,0
2025-04-19,"fwwc","FWWC",0,0
2025-04-19,"infantino","Infantino",0,0
2025-04-19,"montreal_canadiens","Montreal Canadiens",0,0
2025-04-19,"motogp","MotoGP",1275621,1124465
2025-04-19,"ny_yankees","NY Yankees",0,0
2025-04-20,"carolina_hurricanes","Caroline Hurricanes",916286,423311
2025-04-20,"ducati","Ducati",0,0
2025-04-20,"f1","F1",23836902,18583715
2025-04-20,"fcwc","FCWC",0,0
2025-04-20,"fifa","FIFA",0,0
2025-04-20,"fifae","FIFAe",0,0
2025-04-20,"fifaewc","FIFAeWC",0,0
2025-04-20,"fwc","FWC",0,0
2025-04-20,"fwwc","FWWC",0,0
2025-04-20,"infantino","Infantino",0,0
2025-04-20,"montreal_canadiens","Montreal Canadiens",0,0
2025-04-20,"motogp","MotoGP",2129961,1644883
2025-04-20,"ny_yankees","NY Yankees",0,0
2025-04-21,"carolina_hurricanes","Caroline Hurricanes",392157,206584
2025-04-21,"ducati","Ducati",446391,0
2025-04-21,"f1","F1",1033345,579446
2025-04-21,"fcwc","FCWC",0,0
2025-04-21,"fifa","FIFA",0,0
2025-04-21,"fifae","FIFAe",0,0
2025-04-21,"fifaewc","FIFAeWC",0,0
2025-04-21,"fwc","FWC",0,0
2025-04-21,"fwwc","FWWC",0,0
2025-04-21,"infantino","Infantino",0,0
2025-04-21,"montreal_canadiens","Montreal Canadiens",0,0
2025-04-21,"motogp","MotoGP",4049935,2074055
2025-04-21,"ny_yankees","NY Yankees",0,0
2025-04-22,"carolina_hurricanes","Caroline Hurricanes",324520,245324
2025-04-22,"ducati","Ducati",0,0
2025-04-22,"f1","F1",2298282,745745
2025-04-22,"fcwc","FCWC",0,0
2025-04-22,"fifa","FIFA",0,0
2025-04-22,"fifae","FIFAe",0,0
2025-04-22,"fifaewc","FIFAeWC",0,0
2025-04-22,"fwc","FWC",0,0
2025-04-22,"fwwc","FWWC",0,0
2025-04-22,"infantino","Infantino",0,0
2025-04-22,"montreal_canadiens","Montreal Canadiens",0,0
2025-04-22,"motogp","MotoGP",825803,0
2025-04-22,"ny_yankees","NY Yankees",0,0
2025-04-23,"carolina_hurricanes","Caroline Hurricanes",1623214,1289161
2025-04-23,"ducati","Ducati",455370,0
2025-04-23,"f1","F1",6632473,2777762
2025-04-23,"fcwc","FCWC",0,0
2025-04-23,"fifa","FIFA",0,0
2025-04-23,"fifae","FIFAe",0,0
2025-04-23,"fifaewc","FIFAeWC",0,0
2025-04-23,"fwc","FWC",0,0
2025-04-23,"fwwc","FWWC",0,0
2025-04-23,"infantino","Infantino",0,0
2025-04-23,"montreal_canadiens","Montreal Canadiens",0,0
2025-04-23,"motogp","MotoGP",3626495,2545600
2025-04-23,"ny_yankees","NY Yankees",0,0
2025-04-24,"carolina_hurricanes","Caroline Hurricanes",205497,0
2025-04-24,"ducati","Ducati",448001,0
2025-04-24,"f1","F1",2175471,834157
2025-04-24,"fcwc","FCWC",0,0
2025-04-24,"fifa","FIFA",0,0
2025-04-24,"fifae","FIFAe",0,0
2025-04-24,"fifaewc","FIFAeWC",0,0
2025-04-24,"fwc","FWC",0,0
2025-04-24,"fwwc","FWWC",0,0
2025-04-24,"infantino","Infantino",0,0
2025-04-24,"montreal_canadiens","Montreal Canadiens",0,0
2025-04-24,"motogp","MotoGP",9044773,4293132
2025-04-24,"ny_yankees","NY Yankees",0,0
2025-04-25,"carolina_hurricanes","Caroline Hurricanes",26225,0
2025-04-25,"ducati","Ducati",658268,0
2025-04-25,"f1","F1",1088321,554363
2025-04-25,"fcwc","FCWC",0,0
2025-04-25,"fifa","FIFA",0,0
2025-04-25,"fifae","FIFAe",0,0
2025-04-25,"fifaewc","FIFAeWC",0,0
2025-04-25,"fwc","FWC",0,0
2025-04-25,"fwwc","FWWC",0,0
2025-04-25,"infantino","Infantino",0,0
2025-04-25,"montreal_canadiens","Montreal Canadiens",0,0
2025-04-25,"motogp","MotoGP",8644857,4551119
2025-04-25,"ny_yankees","NY Yankees",0,0
2025-04-26,"carolina_hurricanes","Caroline Hurricanes",165984,15669
2025-04-26,"ducati","Ducati",1548293,0
2025-04-26,"f1","F1",762221,244091
2025-04-26,"fcwc","FCWC",0,0
2025-04-26,"fifa","FIFA",0,0
2025-04-26,"fifae","FIFAe",0,0
2025-04-26,"fifaewc","FIFAeWC",0,0
2025-04-26,"fwc","FWC",0,0
2025-04-26,"fwwc","FWWC",0,0
2025-04-26,"infantino","Infantino",0,0
2025-04-26,"montreal_canadiens","Montreal Canadiens",0,0
2025-04-26,"motogp","MotoGP",32340315,22336010
2025-04-26,"ny_yankees","NY Yankees",0,0
2025-04-27,"carolina_hurricanes","Caroline Hurricanes",838882,404000
2025-04-27,"ducati","Ducati",5043126,0
2025-04-27,"f1","F1",0,0
2025-04-27,"fcwc","FCWC",0,0
2025-04-27,"fifa","FIFA",0,0
2025-04-27,"fifae","FIFAe",0,0
2025-04-27,"fifaewc","FIFAeWC",0,0
2025-04-27,"fwc","FWC",0,0
2025-04-27,"fwwc","FWWC",0,0
2025-04-27,"infantino","Infantino",0,0
2025-04-27,"montreal_canadiens","Montreal Canadiens",0,0
2025-04-27,"motogp","MotoGP",13499637,3634179
2025-04-27,"ny_yankees","NY Yankees",0,0
2025-04-28,"carolina_hurricanes","Caroline Hurricanes",1041642,545963
2025-04-28,"ducati","Ducati",564402,0
2025-04-28,"f1","F1",26100,0
2025-04-28,"fcwc","FCWC",0,0
2025-04-28,"fifa","FIFA",0,0
2025-04-28,"fifae","FIFAe",7479,2472
2025-04-28,"fifaewc","FIFAeWC",0,0
2025-04-28,"fwc","FWC",0,0
2025-04-28,"fwwc","FWWC",0,0
2025-04-28,"infantino","Infantino",0,0
2025-04-28,"montreal_canadiens","Montreal Canadiens",0,0
2025-04-28,"motogp","MotoGP",4571847,1563549
2025-04-28,"ny_yankees","NY Yankees",0,0
2025-04-29,"carolina_hurricanes","Caroline Hurricanes",240323,0
2025-04-29,"ducati","Ducati",0,0
2025-04-29,"f1","F1",0,0
2025-04-29,"fcwc","FCWC",0,0
2025-04-29,"fifa","FIFA",0,0
2025-04-29,"fifae","FIFAe",0,0
2025-04-29,"fifaewc","FIFAeWC",0,0
2025-04-29,"fwc","FWC",0,0
2025-04-29,"fwwc","FWWC",0,0
2025-04-29,"infantino","Infantino",0,0
2025-04-29,"montreal_canadiens","Montreal Canadiens",0,0
2025-04-29,"motogp","MotoGP",26685019,10605059
2025-04-29,"ny_yankees","NY Yankees",0,0
2025-04-30,"carolina_hurricanes","Caroline Hurricanes",2154391,858503
2025-04-30,"ducati","Ducati",0,0
2025-04-30,"f1","F1",194379,193584
2025-04-30,"fcwc","FCWC",0,0
2025-04-30,"fifa","FIFA",0,0
2025-04-30,"fifae","FIFAe",0,0
2025-04-30,"fifaewc","FIFAeWC",0,0
2025-04-30,"fwc","FWC",0,0
2025-04-30,"fwwc","FWWC",0,0
2025-04-30,"infantino","Infantino",0,0
2025-04-30,"montreal_canadiens","Montreal Canadiens",0,0
2025-04-30,"motogp","MotoGP",1304298,145242
2025-04-30,"ny_yankees","NY Yankees",0,0
2025-05-01,"carolina_hurricanes","Caroline Hurricanes",1776972,745021
2025-05-01,"ducati","Ducati",193779,0
2025-05-01,"f1","F1",0,0
2025-05-01,"fcwc","FCWC",0,0
2025-05-01,"fifa","FIFA",0,0
2025-05-01,"fifae","FIFAe",0,0
2025-05-01,"fifaewc","FIFAeWC",0,0
2025-05-01,"fwc","FWC",0,0
2025-05-01,"fwwc","FWWC",0,0
2025-05-01,"infantino","Infantino",0,0
2025-05-01,"montreal_canadiens","Montreal Canadiens",0,0
2025-05-01,"motogp","MotoGP",0,0
2025-05-01,"ny_yankees","NY Yankees",0,0
2025-05-02,"carolina_hurricanes","Caroline Hurricanes",867821,661512
2025-05-02,"ducati","Ducati",316454,0
2025-05-02,"f1","F1",0,0
2025-05-02,"fcwc","FCWC",0,0
2025-05-02,"fifa","FIFA",0,0
2025-05-02,"fifae","FIFAe",0,0
2025-05-02,"fifaewc","FIFAeWC",0,0
2025-05-02,"fwc","FWC",0,0
2025-05-02,"fwwc","FWWC",0,0
2025-05-02,"infantino","Infantino",0,0
2025-05-02,"montreal_canadiens","Montreal Canadiens",0,0
2025-05-02,"motogp","MotoGP",3450942,2798605
2025-05-02,"ny_yankees","NY Yankees",0,0
2025-05-03,"carolina_hurricanes","Caroline Hurricanes",26629,7895
2025-05-03,"ducati","Ducati",193500,0
2025-05-03,"f1","F1",13468574,4392804
2025-05-03,"fcwc","FCWC",0,0
2025-05-03,"fifa","FIFA",0,0
2025-05-03,"fifae","FIFAe",44176,0
2025-05-03,"fifaewc","FIFAeWC",0,0
2025-05-03,"fwc","FWC",0,0
2025-05-03,"fwwc","FWWC",0,0
2025-05-03,"infantino","Infantino",0,0
2025-05-03,"montreal_canadiens","Montreal Canadiens",0,0
2025-05-03,"motogp","MotoGP",6713015,4698184
2025-05-03,"ny_yankees","NY Yankees",0,0
2025-05-04,"carolina_hurricanes","Caroline Hurricanes",34793,0
2025-05-04,"ducati","Ducati",178525,0
2025-05-04,"f1","F1",5809634,2392305
2025-05-04,"fcwc","FCWC",0,0
2025-05-04,"fifa","FIFA",0,0
2025-05-04,"fifae","FIFAe",0,0
2025-05-04,"fifaewc","FIFAeWC",0,0
2025-05-04,"fwc","FWC",0,0
2025-05-04,"fwwc","FWWC",0,0
2025-05-04,"infantino","Infantino",0,0
2025-05-04,"montreal_canadiens","Montreal Canadiens",0,0
2025-05-04,"motogp","MotoGP",0,0
2025-05-04,"ny_yankees","NY Yankees",0,0
2025-05-05,"carolina_hurricanes","Caroline Hurricanes",0,0
2025-05-05,"ducati","Ducati",0,0
2025-05-05,"f1","F1",14400,0
2025-05-05,"fcwc","FCWC",0,0
2025-05-05,"fifa","FIFA",0,0
2025-05-05,"fifae","FIFAe",0,0
2025-05-05,"fifaewc","FIFAeWC",0,0
2025-05-05,"fwc","FWC",0,0
2025-05-05,"fwwc","FWWC",0,0
2025-05-05,"infantino","Infantino",0,0
2025-05-05,"montreal_canadiens","Montreal Canadiens",0,0
2025-05-05,"motogp","MotoGP",3740037,1720708
2025-05-05,"ny_yankees","NY Yankees",0,0
2025-05-06,"carolina_hurricanes","Caroline Hurricanes",327326,280296
2025-05-06,"ducati","Ducati",0,0
2025-05-06,"f1","F1",0,0
2025-05-06,"fcwc","FCWC",0,0
2025-05-06,"fifa","FIFA",0,0
2025-05-06,"fifae","FIFAe",0,0
2025-05-06,"fifaewc","FIFAeWC",0,0
2025-05-06,"fwc","FWC",0,0
2025-05-06,"fwwc","FWWC",0,0
2025-05-06,"infantino","Infantino",0,0
2025-05-06,"montreal_canadiens","Montreal Canadiens",0,0
2025-05-06,"motogp","MotoGP",2043299,1244639
2025-05-06,"ny_yankees","NY Yankees",0,0
2025-05-07,"carolina_hurricanes","Caroline Hurricanes",2483915,903337
2025-05-07,"ducati","Ducati",155998,0
2025-05-07,"f1","F1",0,0
2025-05-07,"fcwc","FCWC",0,0
2025-05-07,"fifa","FIFA",0,0
2025-05-07,"fifae","FIFAe",0,0
2025-05-07,"fifaewc","FIFAeWC",0,0
2025-05-07,"fwc","FWC",0,0
2025-05-07,"fwwc","FWWC",0,0
2025-05-07,"infantino","Infantino",0,0
2025-05-07,"montreal_canadiens","Montreal Canadiens",0,0
2025-05-07,"motogp","MotoGP",3769737,1513949
2025-05-07,"ny_yankees","NY Yankees",0,0
2025-05-08,"carolina_hurricanes","Caroline Hurricanes",588740,483796
2025-05-08,"ducati","Ducati",1823,0
2025-05-08,"f1","F1",0,0
2025-05-08,"fcwc","FCWC",0,0
2025-05-08,"fifa","FIFA",0,0
2025-05-08,"fifae","FIFAe",0,0
2025-05-08,"fifaewc","FIFAeWC",0,0
2025-05-08,"fwc","FWC",0,0
2025-05-08,"fwwc","FWWC",0,0
2025-05-08,"infantino","Infantino",0,0
2025-05-08,"montreal_canadiens","Montreal Canadiens",0,0
2025-05-08,"motogp","MotoGP",6579052,2933542
2025-05-08,"ny_yankees","NY Yankees",0,0
2025-05-09,"carolina_hurricanes","Caroline Hurricanes",236070,4220
2025-05-09,"ducati","Ducati",1213109,0
2025-05-09,"f1","F1",114929,111481
2025-05-09,"fcwc","FCWC",0,0
2025-05-09,"fifa","FIFA",0,0
2025-05-09,"fifae","FIFAe",0,0
2025-05-09,"fifaewc","FIFAeWC",0,0
2025-05-09,"fwc","FWC",0,0
2025-05-09,"fwwc","FWWC",0,0
2025-05-09,"infantino","Infantino",0,0
2025-05-09,"montreal_canadiens","Montreal Canadiens",0,0
2025-05-09,"motogp","MotoGP",7741189,2155530
2025-05-09,"ny_yankees","NY Yankees",0,0
2025-05-10,"carolina_hurricanes","Caroline Hurricanes",637433,248671
2025-05-10,"ducati","Ducati",1076080,0
2025-05-10,"f1","F1",0,0
2025-05-10,"fcwc","FCWC",0,0
2025-05-10,"fifa","FIFA",0,0
2025-05-10,"fifae","FIFAe",0,0
2025-05-10,"fifaewc","FIFAeWC",0,0
2025-05-10,"fwc","FWC",0,0
2025-05-10,"fwwc","FWWC",0,0
2025-05-10,"infantino","Infantino",0,0
2025-05-10,"montreal_canadiens","Montreal Canadiens",0,0
2025-05-10,"motogp","MotoGP",106312783,65540536
2025-05-10,"ny_yankees","NY Yankees",0,0
2025-05-11,"carolina_hurricanes","Caroline Hurricanes",2050151,1590322
2025-05-11,"ducati","Ducati",1840331,0
2025-05-11,"f1","F1",1734833,350678
2025-05-11,"fcwc","FCWC",0,0
2025-05-11,"fifa","FIFA",0,0
2025-05-11,"fifae","FIFAe",0,0
2025-05-11,"fifaewc","FIFAeWC",0,0
2025-05-11,"fwc","FWC",0,0
2025-05-11,"fwwc","FWWC",0,0
2025-05-11,"infantino","Infantino",0,0
2025-05-11,"montreal_canadiens","Montreal Canadiens",0,0
2025-05-11,"motogp","MotoGP",9793063,7181107
2025-05-11,"ny_yankees","NY Yankees",0,0
2025-05-12,"carolina_hurricanes","Caroline Hurricanes",608376,181526
2025-05-12,"ducati","Ducati",0,0
2025-05-12,"f1","F1",0,0
2025-05-12,"fcwc","FCWC",0,0
2025-05-12,"fifa","FIFA",0,0
2025-05-12,"fifae","FIFAe",0,0
2025-05-12,"fifaewc","FIFAeWC",0,0
2025-05-12,"fwc","FWC",0,0
2025-05-12,"fwwc","FWWC",0,0
2025-05-12,"infantino","Infantino",0,0
2025-05-12,"montreal_canadiens","Montreal Canadiens",0,0
2025-05-12,"motogp","MotoGP",19727499,5882802
2025-05-12,"ny_yankees","NY Yankees",0,0
2025-05-13,"carolina_hurricanes","Caroline Hurricanes",2058081,1271025
2025-05-13,"ducati","Ducati",222961,0
2025-05-13,"f1","F1",0,0
2025-05-13,"fcwc","FCWC",0,0
2025-05-13,"fifa","FIFA",0,0
2025-05-13,"fifae","FIFAe",0,0
2025-05-13,"fifaewc","FIFAeWC",0,0
2025-05-13,"fwc","FWC",0,0
2025-05-13,"fwwc","FWWC",0,0
2025-05-13,"infantino","Infantino",0,0
2025-05-13,"montreal_canadiens","Montreal Canadiens",0,0
2025-05-13,"motogp","MotoGP",11653019,5965802
2025-05-13,"ny_yankees","NY Yankees",0,0
2025-05-14,"carolina_hurricanes","Caroline Hurricanes",787383,655229
2025-05-14,"ducati","Ducati",203116,0
2025-05-14,"f1","F1",0,0
2025-05-14,"fcwc","FCWC",0,0
2025-05-14,"fifa","FIFA",0,0
2025-05-14,"fifae","FIFAe",0,0
2025-05-14,"fifaewc","FIFAeWC",0,0
2025-05-14,"fwc","FWC",0,0
2025-05-14,"fwwc","FWWC",0,0
2025-05-14,"infantino","Infantino",0,0
2025-05-14,"montreal_canadiens","Montreal Canadiens",0,0
2025-05-14,"motogp","MotoGP",2655105,599766
2025-05-14,"ny_yankees","NY Yankees",0,0
2025-05-15,"carolina_hurricanes","Caroline Hurricanes",95334,0
2025-05-15,"ducati","Ducati",250726,0
2025-05-15,"f1","F1",3639301,775546
2025-05-15,"fcwc","FCWC",0,0
2025-05-15,"fifa","FIFA",0,0
2025-05-15,"fifae","FIFAe",0,0
2025-05-15,"fifaewc","FIFAeWC",0,0
2025-05-15,"fwc","FWC",0,0
2025-05-15,"fwwc","FWWC",0,0
2025-05-15,"infantino","Infantino",0,0
2025-05-15,"montreal_canadiens","Montreal Canadiens",0,0
2025-05-15,"motogp","MotoGP",5579688,3918077
2025-05-15,"ny_yankees","NY Yankees",0,0
2025-05-16,"carolina_hurricanes","Caroline Hurricanes",3039821,1183414
2025-05-16,"ducati","Ducati",275844,0
2025-05-16,"f1","F1",6732099,2246337
2025-05-16,"fcwc","FCWC",0,0
2025-05-16,"fifa","FIFA",0,0
2025-05-16,"fifae","FIFAe",0,0
2025-05-16,"fifaewc","FIFAeWC",0,0
2025-05-16,"fwc","FWC",0,0
2025-05-16,"fwwc","FWWC",0,0
2025-05-16,"infantino","Infantino",0,0
2025-05-16,"montreal_canadiens","Montreal Canadiens",0,0
2025-05-16,"motogp","MotoGP",0,0
2025-05-16,"ny_yankees","NY Yankees",0,0
2025-05-17,"carolina_hurricanes","Caroline Hurricanes",609303,192053
2025-05-17,"ducati","Ducati",597198,0
2025-05-17,"f1","F1",6274649,2513382
2025-05-17,"fcwc","FCWC",0,0
2025-05-17,"fifa","FIFA",0,0
2025-05-17,"fifae","FIFAe",0,0
2025-05-17,"fifaewc","FIFAeWC",0,0
2025-05-17,"fwc","FWC",0,0
2025-05-17,"fwwc","FWWC",0,0
2025-05-17,"infantino","Infantino",0,0
2025-05-17,"montreal_canadiens","Montreal Canadiens",0,0
2025-05-17,"motogp","MotoGP",2957992,2031934
2025-05-17,"ny_yankees","NY Yankees",0,0
2025-05-18,"carolina_hurricanes","Caroline Hurricanes",346466,249841
2025-05-18,"ducati","Ducati",120229,0
2025-05-18,"f1","F1",287766,5838
2025-05-18,"fcwc","FCWC",0,0
2025-05-18,"fifa","FIFA",0,0
2025-05-18,"fifae","FIFAe",0,0
2025-05-18,"fifaewc","FIFAeWC",0,0
2025-05-18,"fwc","FWC",0,0
2025-05-18,"fwwc","FWWC",0,0
2025-05-18,"infantino","Infantino",0,0
2025-05-18,"montreal_canadiens","Montreal Canadiens",0,0
2025-05-18,"motogp","MotoGP",2077167,1314106
2025-05-18,"ny_yankees","NY Yankees",0,0
2025-05-19,"carolina_hurricanes","Caroline Hurricanes",148422,38007
2025-05-19,"ducati","Ducati",247857,0
2025-05-19,"f1","F1",312537,581049
2025-05-19,"fcwc","FCWC",0,0
2025-05-19,"fifa","FIFA",0,0
2025-05-19,"fifae","FIFAe",0,0
2025-05-19,"fifaewc","FIFAeWC",0,0
2025-05-19,"fwc","FWC",0,0
2025-05-19,"fwwc","FWWC",0,0
2025-05-19,"infantino","Infantino",0,0
2025-05-19,"montreal_canadiens","Montreal Canadiens",0,0
2025-05-19,"motogp","MotoGP",2343915,2270876
2025-05-19,"ny_yankees","NY Yankees",0,0
2025-05-20,"carolina_hurricanes","Caroline Hurricanes",982997,581558
2025-05-20,"ducati","Ducati",385551,0
2025-05-20,"f1","F1",683108,595630
2025-05-20,"fcwc","FCWC",0,0
2025-05-20,"fifa","FIFA",0,0
2025-05-20,"fifae","FIFAe",0,0
2025-05-20,"fifaewc","FIFAeWC",0,0
2025-05-20,"fwc","FWC",0,0
2025-05-20,"fwwc","FWWC",0,0
2025-05-20,"infantino","Infantino",0,0
2025-05-20,"montreal_canadiens","Montreal Canadiens",0,0
2025-05-20,"motogp","MotoGP",296406,213800
2025-05-20,"ny_yankees","NY Yankees",0,0
2025-05-21,"carolina_hurricanes","Caroline Hurricanes",133273,22969
2025-05-21,"ducati","Ducati",147071,0
2025-05-21,"f1","F1",0,0
2025-05-21,"fcwc","FCWC",0,0
2025-05-21,"fifa","FIFA",0,0
2025-05-21,"fifae","FIFAe",0,0
2025-05-21,"fifaewc","FIFAeWC",0,0
2025-05-21,"fwc","FWC",0,0
2025-05-21,"fwwc","FWWC",0,0
2025-05-21,"infantino","Infantino",0,0
2025-05-21,"montreal_canadiens","Montreal Canadiens",0,0
2025-05-21,"motogp","MotoGP",3301998,1723742
2025-05-21,"ny_yankees","NY Yankees",0,0
2025-05-22,"carolina_hurricanes","Caroline Hurricanes",350215,0
2025-05-22,"ducati","Ducati",352245,0
2025-05-22,"f1","F1",1599132,1274303
2025-05-22,"fcwc","FCWC",0,0
2025-05-22,"fifa","FIFA",0,0
2025-05-22,"fifae","FIFAe",0,0
2025-05-22,"fifaewc","FIFAeWC",0,0
2025-05-22,"fwc","FWC",0,0
2025-05-22,"fwwc","FWWC",0,0
2025-05-22,"infantino","Infantino",0,0
2025-05-22,"montreal_canadiens","Montreal Canadiens",0,0
2025-05-22,"motogp","MotoGP",2751476,1990356
2025-05-22,"ny_yankees","NY Yankees",0,0
2025-05-23,"carolina_hurricanes","Caroline Hurricanes",633082,65236
2025-05-23,"ducati","Ducati",332467,0
2025-05-23,"f1","F1",8275560,2755096
2025-05-23,"fcwc","FCWC",0,0
2025-05-23,"fifa","FIFA",72847,0
2025-05-23,"fifae","FIFAe",0,0
2025-05-23,"fifaewc","FIFAeWC",0,0
2025-05-23,"fwc","FWC",0,0
2025-05-23,"fwwc","FWWC",0,0
2025-05-23,"infantino","Infantino",0,0
2025-05-23,"montreal_canadiens","Montreal Canadiens",0,0
2025-05-23,"motogp","MotoGP",13733904,8670888
2025-05-23,"ny_yankees","NY Yankees",0,0
2025-05-24,"carolina_hurricanes","Caroline Hurricanes",110775,0
2025-05-24,"ducati","Ducati",632478,0
2025-05-24,"f1","F1",16024698,7544755
2025-05-24,"fcwc","FCWC",0,0
2025-05-24,"fifa","FIFA",0,0
2025-05-24,"fifae","FIFAe",0,0
2025-05-24,"fifaewc","FIFAeWC",0,0
2025-05-24,"fwc","FWC",0,0
2025-05-24,"fwwc","FWWC",0,0
2025-05-24,"infantino","Infantino",0,0
2025-05-24,"montreal_canadiens","Montreal Canadiens",0,0
2025-05-24,"motogp","MotoGP",4476835,2718878
2025-05-24,"ny_yankees","NY Yankees",0,0
2025-05-25,"carolina_hurricanes","Caroline Hurricanes",428187,31712
2025-05-25,"ducati","Ducati",1447231,0
2025-05-25,"f1","F1",2258804,1111491
2025-05-25,"fcwc","FCWC",0,0
2025-05-25,"fifa","FIFA",0,0
2025-05-25,"fifae","FIFAe",0,0
2025-05-25,"fifaewc","FIFAeWC",0,0
2025-05-25,"fwc","FWC",0,0
2025-05-25,"fwwc","FWWC",0,0
2025-05-25,"infantino","Infantino",0,0
2025-05-25,"montreal_canadiens","Montreal Canadiens",0,0
2025-05-25,"motogp","MotoGP",44960041,31454962
2025-05-25,"ny_yankees","NY Yankees",0,0
2025-05-26,"carolina_hurricanes","Caroline Hurricanes",353864,0
2025-05-26,"ducati","Ducati",0,0
2025-05-26,"f1","F1",16030799,3643305
2025-05-26,"fcwc","FCWC",0,0
2025-05-26,"fifa","FIFA",0,0
2025-05-26,"fifae","FIFAe",0,0
2025-05-26,"fifaewc","FIFAeWC",0,0
2025-05-26,"fwc","FWC",0,0
2025-05-26,"fwwc","FWWC",0,0
2025-05-26,"infantino","Infantino",0,0
2025-05-26,"montreal_canadiens","Montreal Canadiens",0,0
2025-05-26,"motogp","MotoGP",94119333,90480862
2025-05-26,"ny_yankees","NY Yankees",0,0
2025-05-27,"carolina_hurricanes","Caroline Hurricanes",1810526,573125
2025-05-27,"ducati","Ducati",273048,0
2025-05-27,"f1","F1",2139040,2100802
2025-05-27,"fcwc","FCWC",0,0
2025-05-27,"fifa","FIFA",0,0
2025-05-27,"fifae","FIFAe",0,0
2025-05-27,"fifaewc","FIFAeWC",0,0
2025-05-27,"fwc","FWC",0,0
2025-05-27,"fwwc","FWWC",0,0
2025-05-27,"infantino","Infantino",0,0
2025-05-27,"montreal_canadiens","Montreal Canadiens",0,0
2025-05-27,"motogp","MotoGP",2385882,2158383
2025-05-27,"ny_yankees","NY Yankees",0,0
2025-05-28,"carolina_hurricanes","Caroline Hurricanes",901849,119449
2025-05-28,"ducati","Ducati",385103,0
2025-05-28,"f1","F1",1996876,700451
2025-05-28,"fcwc","FCWC",0,0
2025-05-28,"fifa","FIFA",0,0
2025-05-28,"fifae","FIFAe",0,0
2025-05-28,"fifaewc","FIFAeWC",0,0
2025-05-28,"fwc","FWC",0,0
2025-05-28,"fwwc","FWWC",0,0
2025-05-28,"infantino","Infantino",0,0
2025-05-28,"montreal_canadiens","Montreal Canadiens",0,0
2025-05-28,"motogp","MotoGP",1427914,786867
2025-05-28,"ny_yankees","NY Yankees",0,0
2025-05-29,"carolina_hurricanes","Caroline Hurricanes",793762,373497
2025-05-29,"ducati","Ducati",0,0
2025-05-29,"f1","F1",1122540,1104253
2025-05-29,"fcwc","FCWC",0,0
2025-05-29,"fifa","FIFA",0,0
2025-05-29,"fifae","FIFAe",0,0
2025-05-29,"fifaewc","FIFAeWC",0,0
2025-05-29,"fwc","FWC",0,0
2025-05-29,"fwwc","FWWC",0,0
2025-05-29,"infantino","Infantino",66008,0
2025-05-29,"montreal_canadiens","Montreal Canadiens",0,0
2025-05-29,"motogp","MotoGP",0,0
2025-05-29,"ny_yankees","NY Yankees",0,0
2025-05-30,"carolina_hurricanes","Caroline Hurricanes",416394,1970824
2025-05-30,"ducati","Ducati",0,0
2025-05-30,"f1","F1",11449999,3728940
2025-05-30,"fcwc","FCWC",0,0
2025-05-30,"fifa","FIFA",0,0
2025-05-30,"fifae","FIFAe",0,0
2025-05-30,"fifaewc","FIFAeWC",0,0
2025-05-30,"fwc","FWC",0,0
2025-05-30,"fwwc","FWWC",0,0
2025-05-30,"infantino","Infantino",0,0
2025-05-30,"montreal_canadiens","Montreal Canadiens",0,0
2025-05-30,"motogp","MotoGP",677078,643627
2025-05-30,"ny_yankees","NY Yankees",0,0
2025-05-31,"carolina_hurricanes","Caroline Hurricanes",81321,12620
2025-05-31,"ducati","Ducati",0,0
2025-05-31,"f1","F1",14265730,5686533
2025-05-31,"fcwc","FCWC",0,0
2025-05-31,"fifa","FIFA",0,0
2025-05-31,"fifae","FIFAe",0,0
2025-05-31,"fifaewc","FIFAeWC",0,0
2025-05-31,"fwc","FWC",0,0
2025-05-31,"fwwc","FWWC",0,0
2025-05-31,"infantino","Infantino",0,0
2025-05-31,"montreal_canadiens","Montreal Canadiens",0,0
2025-05-31,"motogp","MotoGP",0,0
2025-05-31,"ny_yankees","NY Yankees",0,0
2025-06-01,"carolina_hurricanes","Caroline Hurricanes",259012,8305
2025-06-01,"ducati","Ducati",132190,0
2025-06-01,"f1","F1",21327389,11409742
2025-06-01,"fcwc","FCWC",0,0
2025-06-01,"fifa","FIFA",0,0
2025-06-01,"fifae","FIFAe",0,0
2025-06-01,"fifaewc","FIFAeWC",0,0
2025-06-01,"fwc","FWC",0,0
2025-06-01,"fwwc","FWWC",0,0
2025-06-01,"infantino","Infantino",0,0
2025-06-01,"montreal_canadiens","Montreal Canadiens",0,0
2025-06-01,"motogp","MotoGP",1969011,1289133
2025-06-01,"ny_yankees","NY Yankees",0,0
2025-06-02,"carolina_hurricanes","Caroline Hurricanes",575351,18217
2025-06-02,"ducati","Ducati",0,0
2025-06-02,"f1","F1",12408629,4427113
2025-06-02,"fcwc","FCWC",0,0
2025-06-02,"fifa","FIFA",0,0
2025-06-02,"fifae","FIFAe",0,0
2025-06-02,"fifaewc","FIFAeWC",0,0
2025-06-02,"fwc","FWC",0,0
2025-06-02,"fwwc","FWWC",0,0
2025-06-02,"infantino","Infantino",0,0
2025-06-02,"montreal_canadiens","Montreal Canadiens",0,0
2025-06-02,"motogp","MotoGP",12069794,8640441
2025-06-02,"ny_yankees","NY Yankees",0,0
2025-06-03,"carolina_hurricanes","Caroline Hurricanes",25203,6254
2025-06-03,"ducati","Ducati",0,0
2025-06-03,"f1","F1",3757188,885342
2025-06-03,"fcwc","FCWC",0,0
2025-06-03,"fifa","FIFA",0,0
2025-06-03,"fifae","FIFAe",0,0
2025-06-03,"fifaewc","FIFAeWC",0,0
2025-06-03,"fwc","FWC",0,0
2025-06-03,"fwwc","FWWC",0,0
2025-06-03,"infantino","Infantino",0,0
2025-06-03,"montreal_canadiens","Montreal Canadiens",0,0
2025-06-03,"motogp","MotoGP",5030445,3133058
2025-06-03,"ny_yankees","NY Yankees",0,0
2025-06-04,"carolina_hurricanes","Caroline Hurricanes",246776,195944
2025-06-04,"ducati","Ducati",382300,0
2025-06-04,"f1","F1",0,0
2025-06-04,"fcwc","FCWC",0,0
2025-06-04,"fifa","FIFA",0,0
2025-06-04,"fifae","FIFAe",0,0
2025-06-04,"fifaewc","FIFAeWC",0,0
2025-06-04,"fwc","FWC",0,0
2025-06-04,"fwwc","FWWC",0,0
2025-06-04,"infantino","Infantino",0,0
2025-06-04,"montreal_canadiens","Montreal Canadiens",0,0
2025-06-04,"motogp","MotoGP",2769760,1184405
2025-06-04,"ny_yankees","NY Yankees",0,0
2025-06-05,"carolina_hurricanes","Caroline Hurricanes",0,0
2025-06-05,"ducati","Ducati",7648,0
2025-06-05,"f1","F1",0,0
2025-06-05,"fcwc","FCWC",0,0
2025-06-05,"fifa","FIFA",0,0
2025-06-05,"fifae","FIFAe",0,0
2025-06-05,"fifaewc","FIFAeWC",0,0
2025-06-05,"fwc","FWC",0,0
2025-06-05,"fwwc","FWWC",0,0
2025-06-05,"infantino","Infantino",0,0
2025-06-05,"montreal_canadiens","Montreal Canadiens",0,0
2025-06-05,"motogp","MotoGP",5809667,2285739
2025-06-05,"ny_yankees","NY Yankees",0,0
2025-06-06,"carolina_hurricanes","Caroline Hurricanes",0,0
2025-06-06,"ducati","Ducati",1249503,0
2025-06-06,"f1","F1",0,0
2025-06-06,"fcwc","FCWC",0,0
2025-06-06,"fifa","FIFA",0,0
2025-06-06,"fifae","FIFAe",0,0
2025-06-06,"fifaewc","FIFAeWC",0,0
2025-06-06,"fwc","FWC",0,0
2025-06-06,"fwwc","FWWC",0,0
2025-06-06,"infantino","Infantino",0,0
2025-06-06,"montreal_canadiens","Montreal Canadiens",0,0
2025-06-06,"motogp","MotoGP",26339504,17873584
2025-06-06,"ny_yankees","NY Yankees",0,0
2025-06-07,"carolina_hurricanes","Caroline Hurricanes",198381,8462
2025-06-07,"ducati","Ducati",924715,0
2025-06-07,"f1","F1",0,0
2025-06-07,"fcwc","FCWC",0,0
2025-06-07,"fifa","FIFA",0,0
2025-06-07,"fifae","FIFAe",0,0
2025-06-07,"fifaewc","FIFAeWC",0,0
2025-06-07,"fwc","FWC",0,0
2025-06-07,"fwwc","FWWC",0,0
2025-06-07,"infantino","Infantino",0,0
2025-06-07,"montreal_canadiens","Montreal Canadiens",0,0
2025-06-07,"motogp","MotoGP",45034272,25324184
2025-06-07,"ny_yankees","NY Yankees",0,0
2025-06-08,"carolina_hurricanes","Caroline Hurricanes",172858,167672
2025-06-08,"ducati","Ducati",1336956,0
2025-06-08,"f1","F1",0,0
2025-06-08,"fcwc","FCWC",0,0
2025-06-08,"fifa","FIFA",0,0
2025-06-08,"fifae","FIFAe",738084,569684
2025-06-08,"fifaewc","FIFAeWC",0,0
2025-06-08,"fwc","FWC",0,0
2025-06-08,"fwwc","FWWC",0,0
2025-06-08,"infantino","Infantino",0,0
2025-06-08,"montreal_canadiens","Montreal Canadiens",0,0
2025-06-08,"motogp","MotoGP",26419751,12270801
2025-06-08,"ny_yankees","NY Yankees",0,0
2025-06-09,"carolina_hurricanes","Caroline Hurricanes",150590,99628
2025-06-09,"ducati","Ducati",568135,0
2025-06-09,"f1","F1",0,0
2025-06-09,"fcwc","FCWC",0,0
2025-06-09,"fifa","FIFA",0,0
2025-06-09,"fifae","FIFAe",0,0
2025-06-09,"fifaewc","FIFAeWC",0,0
2025-06-09,"fwc","FWC",0,0
2025-06-09,"fwwc","FWWC",0,0
2025-06-09,"infantino","Infantino",0,0
2025-06-09,"montreal_canadiens","Montreal Canadiens",0,0
2025-06-09,"motogp","MotoGP",7512151,1102201
2025-06-09,"ny_yankees","NY Yankees",0,0
2025-06-10,"carolina_hurricanes","Caroline Hurricanes",217711,211179
2025-06-10,"ducati","Ducati",245397,0
2025-06-10,"f1","F1",18100,5187
2025-06-10,"fcwc","FCWC",0,0
2025-06-10,"fifa","FIFA",0,0
2025-06-10,"fifae","FIFAe",0,0
2025-06-10,"fifaewc","FIFAeWC",0,0
2025-06-10,"fwc","FWC",0,0
2025-06-10,"fwwc","FWWC",0,0
2025-06-10,"infantino","Infantino",0,0
2025-06-10,"montreal_canadiens","Montreal Canadiens",0,0
2025-06-10,"motogp","MotoGP",117168776,118404698
2025-06-10,"ny_yankees","NY Yankees",0,0
2025-06-11,"carolina_hurricanes","Caroline Hurricanes",106371,0
2025-06-11,"ducati","Ducati",544477,13216
2025-06-11,"f1","F1",102600,29406
2025-06-11,"fcwc","FCWC",0,0
2025-06-11,"fifa","FIFA",0,0
2025-06-11,"fifae","FIFAe",0,0
2025-06-11,"fifaewc","FIFAeWC",0,0
2025-06-11,"fwc","FWC",0,0
2025-06-11,"fwwc","FWWC",0,0
2025-06-11,"infantino","Infantino",0,0
2025-06-11,"montreal_canadiens","Montreal Canadiens",0,0
2025-06-11,"motogp","MotoGP",7267272,3270473
2025-06-11,"ny_yankees","NY Yankees",0,0
2025-06-12,"carolina_hurricanes","Caroline Hurricanes",174298,151694
2025-06-12,"ducati","Ducati",186063,0
2025-06-12,"f1","F1",0,0
2025-06-12,"fcwc","FCWC",0,0
2025-06-12,"fifa","FIFA",0,0
2025-06-12,"fifae","FIFAe",0,0
2025-06-12,"fifaewc","FIFAeWC",0,0
2025-06-12,"fwc","FWC",0,0
2025-06-12,"fwwc","FWWC",0,0
2025-06-12,"infantino","Infantino",0,0
2025-06-12,"montreal_canadiens","Montreal Canadiens",0,0
2025-06-12,"motogp","MotoGP",8347329,5132512
2025-06-12,"ny_yankees","NY Yankees",0,0
2025-06-13,"carolina_hurricanes","Caroline Hurricanes",134539,112726
2025-06-13,"ducati","Ducati",238617,0
2025-06-13,"f1","F1",20010167,3612360
2025-06-13,"fcwc","FCWC",0,0
2025-06-13,"fifa","FIFA",0,0
2025-06-13,"fifae","FIFAe",0,0
2025-06-13,"fifaewc","FIFAeWC",0,0
2025-06-13,"fwc","FWC",0,0
2025-06-13,"fwwc","FWWC",0,0
2025-06-13,"infantino","Infantino",0,0
2025-06-13,"montreal_canadiens","Montreal Canadiens",0,0
2025-06-13,"motogp","MotoGP",93219,29997
2025-06-13,"ny_yankees","NY Yankees",0,0
2025-06-14,"carolina_hurricanes","Caroline Hurricanes",0,0
2025-06-14,"ducati","Ducati",157329,0
2025-06-14,"f1","F1",6143518,2492275
2025-06-14,"fcwc","FCWC",0,0
2025-06-14,"fifa","FIFA",0,0
2025-06-14,"fifae","FIFAe",0,0
2025-06-14,"fifaewc","FIFAeWC",0,0
2025-06-14,"fwc","FWC",0,0
2025-06-14,"fwwc","FWWC",0,0
2025-06-14,"infantino","Infantino",0,0
2025-06-14,"montreal_canadiens","Montreal Canadiens",0,0
2025-06-14,"motogp","MotoGP",1800936,1213919
2025-06-14,"ny_yankees","NY Yankees",0,0
2025-06-15,"carolina_hurricanes","Caroline Hurricanes",36457,0
2025-06-15,"ducati","Ducati",217356,0
2025-06-15,"f1","F1",24236191,4885963
2025-06-15,"fcwc","FCWC",5668519,5350601
2025-06-15,"fifa","FIFA",0,0
2025-06-15,"fifae","FIFAe",0,0
2025-06-15,"fifaewc","FIFAeWC",0,0
2025-06-15,"fwc","FWC",165800,0
2025-06-15,"fwwc","FWWC",0,0
2025-06-15,"infantino","Infantino",0,0
2025-06-15,"montreal_canadiens","Montreal Canadiens",0,0
2025-06-15,"motogp","MotoGP",2370634,1429182
2025-06-15,"ny_yankees","NY Yankees",0,0
2025-06-16,"carolina_hurricanes","Caroline Hurricanes",0,0
2025-06-16,"ducati","Ducati",21155,0
2025-06-16,"f1","F1",3871702,1004746
2025-06-16,"fcwc","FCWC",1751459,1740019
2025-06-16,"fifa","FIFA",0,0
2025-06-16,"fifae","FIFAe",0,0
2025-06-16,"fifaewc","FIFAeWC",0,0
2025-06-16,"fwc","FWC",0,0
2025-06-16,"fwwc","FWWC",0,0
2025-06-16,"infantino","Infantino",424993,0
2025-06-16,"montreal_canadiens","Montreal Canadiens",0,0
2025-06-16,"motogp","MotoGP",2192205,1936808
2025-06-16,"ny_yankees","NY Yankees",0,0
2025-06-17,"carolina_hurricanes","Caroline Hurricanes",0,0
2025-06-17,"ducati","Ducati",158237,0
2025-06-17,"f1","F1",11300,3240
2025-06-17,"fcwc","FCWC",0,0
2025-06-17,"fifa","FIFA",0,0
2025-06-17,"fifae","FIFAe",0,0
2025-06-17,"fifaewc","FIFAeWC",0,0
2025-06-17,"fwc","FWC",0,0
2025-06-17,"fwwc","FWWC",0,0
2025-06-17,"infantino","Infantino",310867,0
2025-06-17,"montreal_canadiens","Montreal Canadiens",0,0
2025-06-17,"motogp","MotoGP",2939248,2006398
2025-06-17,"ny_yankees","NY Yankees",0,0
2025-06-18,"carolina_hurricanes","Caroline Hurricanes",96803,0
2025-06-18,"ducati","Ducati",137623,0
2025-06-18,"f1","F1",1056341,288842
2025-06-18,"fcwc","FCWC",17680912,17084851
2025-06-18,"fifa","FIFA",0,0
2025-06-18,"fifae","FIFAe",0,0
2025-06-18,"fifaewc","FIFAeWC",0,0
2025-06-18,"fwc","FWC",0,0
2025-06-18,"fwwc","FWWC",0,0
2025-06-18,"infantino","Infantino",124295,0
2025-06-18,"montreal_canadiens","Montreal Canadiens",0,0
2025-06-18,"motogp","MotoGP",3503088,2289101
2025-06-18,"ny_yankees","NY Yankees",0,0
2025-06-19,"carolina_hurricanes","Caroline Hurricanes",0,0
2025-06-19,"ducati","Ducati",861676,614429
2025-06-19,"f1","F1",6298673,1720834
2025-06-19,"fcwc","FCWC",2205293,1936026
2025-06-19,"fifa","FIFA",87256,0
2025-06-19,"fifae","FIFAe",0,0
2025-06-19,"fifaewc","FIFAeWC",0,0
2025-06-19,"fwc","FWC",0,0
2025-06-19,"fwwc","FWWC",0,0
2025-06-19,"infantino","Infantino",188531,0
2025-06-19,"montreal_canadiens","Montreal Canadiens",0,0
2025-06-19,"motogp","MotoGP",9782649,3605250
2025-06-19,"ny_yankees","NY Yankees",0,0
2025-06-20,"carolina_hurricanes","Caroline Hurricanes",22996,0
2025-06-20,"ducati","Ducati",858882,0
2025-06-20,"f1","F1",240983,240807
2025-06-20,"fcwc","FCWC",0,0
2025-06-20,"fifa","FIFA",0,0
2025-06-20,"fifae","FIFAe",0,0
2025-06-20,"fifaewc","FIFAeWC",0,0
2025-06-20,"fwc","FWC",0,0
2025-06-20,"fwwc","FWWC",0,0
2025-06-20,"infantino","Infantino",0,0
2025-06-20,"montreal_canadiens","Montreal Canadiens",0,0
2025-06-20,"motogp","MotoGP",10359074,6700363
2025-06-20,"ny_yankees","NY Yankees",0,0
2025-06-21,"carolina_hurricanes","Caroline Hurricanes",146524,10835
2025-06-21,"ducati","Ducati",1826628,0
2025-06-21,"f1","F1",4085494,1297178
2025-06-21,"fcwc","FCWC",7683161,7599146
2025-06-21,"fifa","FIFA",0,0
2025-06-21,"fifae","FIFAe",0,0
2025-06-21,"fifaewc","FIFAeWC",0,0
2025-06-21,"fwc","FWC",0,0
2025-06-21,"fwwc","FWWC",0,0
2025-06-21,"infantino","Infantino",313336,0
2025-06-21,"montreal_canadiens","Montreal Canadiens",0,0
2025-06-21,"motogp","MotoGP",103775340,57336251
2025-06-21,"ny_yankees","NY Yankees",0,0
2025-06-22,"carolina_hurricanes","Caroline Hurricanes",105488,29522
2025-06-22,"ducati","Ducati",944008,0
2025-06-22,"f1","F1",4856362,10963
2025-06-22,"fcwc","FCWC",3291982,3242511
2025-06-22,"fifa","FIFA",0,0
2025-06-22,"fifae","FIFAe",0,0
2025-06-22,"fifaewc","FIFAeWC",0,0
2025-06-22,"fwc","FWC",0,0
2025-06-22,"fwwc","FWWC",0,0
2025-06-22,"infantino","Infantino",174016,0
2025-06-22,"montreal_canadiens","Montreal Canadiens",0,0
2025-06-22,"motogp","MotoGP",114337918,64825494
2025-06-22,"ny_yankees","NY Yankees",0,0
2025-06-23,"carolina_hurricanes","Caroline Hurricanes",165399,25800
2025-06-23,"ducati","Ducati",567662,14135
2025-06-23,"f1","F1",0,0
2025-06-23,"fcwc","FCWC",9253273,10786200
2025-06-23,"fifa","FIFA",292188,1191
2025-06-23,"fifae","FIFAe",0,0
2025-06-23,"fifaewc","FIFAeWC",0,0
2025-06-23,"fwc","FWC",0,0
2025-06-23,"fwwc","FWWC",0,0
2025-06-23,"infantino","Infantino",0,0
2025-06-23,"montreal_canadiens","Montreal Canadiens",0,0
2025-06-23,"motogp","MotoGP",14990564,8422611
2025-06-23,"ny_yankees","NY Yankees",0,0
2025-06-24,"carolina_hurricanes","Caroline Hurricanes",0,0
2025-06-24,"ducati","Ducati",0,0
2025-06-24,"f1","F1",423500,0
2025-06-24,"fcwc","FCWC",25243895,26107073
2025-06-24,"fifa","FIFA",1207692,391243
2025-06-24,"fifae","FIFAe",0,0
2025-06-24,"fifaewc","FIFAeWC",0,0
2025-06-24,"fwc","FWC",0,0
2025-06-24,"fwwc","FWWC",0,0
2025-06-24,"infantino","Infantino",344569,0
2025-06-24,"montreal_canadiens","Montreal Canadiens",0,0
2025-06-24,"motogp","MotoGP",27865792,22958404
2025-06-24,"ny_yankees","NY Yankees",0,0
2025-06-25,"carolina_hurricanes","Caroline Hurricanes",97425,94502
2025-06-25,"ducati","Ducati",275041,0
2025-06-25,"f1","F1",9700,0
2025-06-25,"fcwc","FCWC",3810772,3784927
2025-06-25,"fifa","FIFA",2044599,664598
2025-06-25,"fifae","FIFAe",0,0
2025-06-25,"fifaewc","FIFAeWC",0,0
2025-06-25,"fwc","FWC",0,0
2025-06-25,"fwwc","FWWC",0,0
2025-06-25,"infantino","Infantino",215206,0
2025-06-25,"montreal_canadiens","Montreal Canadiens",0,0
2025-06-25,"motogp","MotoGP",2208226,634649
2025-06-25,"ny_yankees","NY Yankees",0,0
2025-06-26,"carolina_hurricanes","Caroline Hurricanes",22835,0
2025-06-26,"ducati","Ducati",0,0
2025-06-26,"f1","F1",5396847,2408499
2025-06-26,"fcwc","FCWC",4624175,4532495
2025-06-26,"fifa","FIFA",2104854,687100
2025-06-26,"fifae","FIFAe",0,0
2025-06-26,"fifaewc","FIFAeWC",0,0
2025-06-26,"fwc","FWC",0,0
2025-06-26,"fwwc","FWWC",0,0
2025-06-26,"infantino","Infantino",143257,0
2025-06-26,"montreal_canadiens","Montreal Canadiens",0,0
2025-06-26,"motogp","MotoGP",3701191,1219959
2025-06-26,"ny_yankees","NY Yankees",0,0
2025-06-27,"carolina_hurricanes","Caroline Hurricanes",110566,0
2025-06-27,"ducati","Ducati",888774,0
2025-06-27,"f1","F1",18262972,5795532
2025-06-27,"fcwc","FCWC",56094655,59368180
2025-06-27,"fifa","FIFA",21442041,7091705
2025-06-27,"fifae","FIFAe",0,0
2025-06-27,"fifaewc","FIFAeWC",0,0
2025-06-27,"fwc","FWC",0,0
2025-06-27,"fwwc","FWWC",0,0
2025-06-27,"infantino","Infantino",466222,0
2025-06-27,"montreal_canadiens","Montreal Canadiens",0,0
2025-06-27,"motogp","MotoGP",29591747,16316559
2025-06-27,"ny_yankees","NY Yankees",0,0
2025-06-28,"carolina_hurricanes","Caroline Hurricanes",664686,13329
2025-06-28,"ducati","Ducati",713284,0
2025-06-28,"f1","F1",3828346,1273977
2025-06-28,"fcwc","FCWC",238886,162232
2025-06-28,"fifa","FIFA",0,0
2025-06-28,"fifae","FIFAe",0,0
2025-06-28,"fifaewc","FIFAeWC",0,0
2025-06-28,"fwc","FWC",0,0
2025-06-28,"fwwc","FWWC",0,0
2025-06-28,"infantino","Infantino",4545955,0
2025-06-28,"montreal_canadiens","Montreal Canadiens",0,0
2025-06-28,"motogp","MotoGP",42944426,31201562
2025-06-28,"ny_yankees","NY Yankees",0,0
2025-06-29,"carolina_hurricanes","Caroline Hurricanes",207615,0
2025-06-29,"ducati","Ducati",1131582,0
2025-06-29,"f1","F1",46868709,15016698
2025-06-29,"fcwc","FCWC",31574596,32181402
2025-06-29,"fifa","FIFA",4002726,1310871
2025-06-29,"fifae","FIFAe",0,0
2025-06-29,"fifaewc","FIFAeWC",0,0
2025-06-29,"fwc","FWC",0,0
2025-06-29,"fwwc","FWWC",0,0
2025-06-29,"infantino","Infantino",3979437,0
2025-06-29,"montreal_canadiens","Montreal Canadiens",0,0
2025-06-29,"motogp","MotoGP",89863917,48883819
2025-06-29,"ny_yankees","NY Yankees",0,0
2025-06-30,"carolina_hurricanes","Caroline Hurricanes",0,0
2025-06-30,"ducati","Ducati",48276,15434
2025-06-30,"f1","F1",9005928,1135788
2025-06-30,"fcwc","FCWC",18220429,18189697
2025-06-30,"fifa","FIFA",2382171,778923
2025-06-30,"fifae","FIFAe",0,0
2025-06-30,"fifaewc","FIFAeWC",0,0
2025-06-30,"fwc","FWC",10389,0
2025-06-30,"fwwc","FWWC",0,0
2025-06-30,"infantino","Infantino",234929,0
2025-06-30,"montreal_canadiens","Montreal Canadiens",0,0
2025-06-30,"motogp","MotoGP",1747034,1125337
2025-06-30,"ny_yankees","NY Yankees",0,0
2025-07-01,"carolina_hurricanes","Caroline Hurricanes",98263,12274
2025-07-01,"ducati","Ducati",0,0
2025-07-01,"f1","F1",28725270,5368944
2025-07-01,"fcwc","FCWC",69054,66565
2025-07-01,"fifa","FIFA",113247,37180
2025-07-01,"fifae","FIFAe",0,0
2025-07-01,"fifaewc","FIFAeWC",0,0
2025-07-01,"fwc","FWC",0,0
2025-07-01,"fwwc","FWWC",0,0
2025-07-01,"infantino","Infantino",749176,0
2025-07-01,"montreal_canadiens","Montreal Canadiens",0,0
2025-07-01,"motogp","MotoGP",36657638,33915875
2025-07-01,"ny_yankees","NY Yankees",0,0
2025-07-02,"carolina_hurricanes","Caroline Hurricanes",288734,191703
2025-07-02,"ducati","Ducati",236939,0
2025-07-02,"f1","F1",3163632,1004479
2025-07-02,"fcwc","FCWC",37690535,38300043
2025-07-02,"fifa","FIFA",4184502,1356506
2025-07-02,"fifae","FIFAe",0,0
2025-07-02,"fifaewc","FIFAeWC",0,0
2025-07-02,"fwc","FWC",0,0
2025-07-02,"fwwc","FWWC",0,0
2025-07-02,"infantino","Infantino",112727,0
2025-07-02,"montreal_canadiens","Montreal Canadiens",0,0
2025-07-02,"motogp","MotoGP",12319288,6370115
2025-07-02,"ny_yankees","NY Yankees",0,0
2025-07-03,"carolina_hurricanes","Caroline Hurricanes",441046,0
2025-07-03,"ducati","Ducati",25346,0
2025-07-03,"f1","F1",11362601,4790244
2025-07-03,"fcwc","FCWC",46375807,46453777
2025-07-03,"fifa","FIFA",182544,59642
2025-07-03,"fifae","FIFAe",0,0
2025-07-03,"fifaewc","FIFAeWC",0,0
2025-07-03,"fwc","FWC",0,0
2025-07-03,"fwwc","FWWC",0,0
2025-07-03,"infantino","Infantino",0,0
2025-07-03,"montreal_canadiens","Montreal Canadiens",0,0
2025-07-03,"motogp","MotoGP",5947938,3454829
2025-07-03,"ny_yankees","NY Yankees",0,0
2025-07-04,"carolina_hurricanes","Caroline Hurricanes",0,0
2025-07-04,"ducati","Ducati",332254,0
2025-07-04,"f1","F1",16898994,5693008
2025-07-04,"fcwc","FCWC",385396,337269
2025-07-04,"fifa","FIFA",0,0
2025-07-04,"fifae","FIFAe",0,0
2025-07-04,"fifaewc","FIFAeWC",0,0
2025-07-04,"fwc","FWC",0,0
2025-07-04,"fwwc","FWWC",0,0
2025-07-04,"infantino","Infantino",384604,0
2025-07-04,"montreal_canadiens","Montreal Canadiens",0,0
2025-07-04,"motogp","MotoGP",4330979,3750329
2025-07-04,"ny_yankees","NY Yankees",0,0
2025-07-05,"carolina_hurricanes","Caroline Hurricanes",229143,0
2025-07-05,"ducati","Ducati",0,0
2025-07-05,"f1","F1",41413469,34440898
2025-07-05,"fcwc","FCWC",706642,429239
2025-07-05,"fifa","FIFA",0,0
2025-07-05,"fifae","FIFAe",0,0
2025-07-05,"fifaewc","FIFAeWC",0,0
2025-07-05,"fwc","FWC",0,0
2025-07-05,"fwwc","FWWC",0,0
2025-07-05,"infantino","Infantino",839617,0
2025-07-05,"montreal_canadiens","Montreal Canadiens",0,0
2025-07-05,"motogp","MotoGP",0,0
2025-07-05,"ny_yankees","NY Yankees",0,0
2025-07-06,"carolina_hurricanes","Caroline Hurricanes",0,0
2025-07-06,"ducati","Ducati",0,0
2025-07-06,"f1","F1",5870035,4874696
2025-07-06,"fcwc","FCWC",29180752,29662449
2025-07-06,"fifa","FIFA",3046110,1001506
2025-07-06,"fifae","FIFAe",0,0
2025-07-06,"fifaewc","FIFAeWC",0,0
2025-07-06,"fwc","FWC",0,0
2025-07-06,"fwwc","FWWC",0,0
2025-07-06,"infantino","Infantino",0,0
2025-07-06,"montreal_canadiens","Montreal Canadiens",0,0
2025-07-06,"motogp","MotoGP",2165533,1314531
2025-07-06,"ny_yankees","NY Yankees",0,0
2025-07-07,"carolina_hurricanes","Caroline Hurricanes",0,0
2025-07-07,"ducati","Ducati",205244,0
2025-07-07,"f1","F1",231147,60113
2025-07-07,"fcwc","FCWC",1210180,1171469
2025-07-07,"fifa","FIFA",171834,55894
2025-07-07,"fifae","FIFAe",0,0
2025-07-07,"fifaewc","FIFAeWC",0,0
2025-07-07,"fwc","FWC",0,0
2025-07-07,"fwwc","FWWC",0,0
2025-07-07,"infantino","Infantino",0,0
2025-07-07,"montreal_canadiens","Montreal Canadiens",0,0
2025-07-07,"motogp","MotoGP",5241906,3511207
2025-07-07,"ny_yankees","NY Yankees",0,0
2025-07-08,"carolina_hurricanes","Caroline Hurricanes",158486,89524
2025-07-08,"ducati","Ducati",0,0
2025-07-08,"f1","F1",4137637,3590806
2025-07-08,"fcwc","FCWC",0,0
2025-07-08,"fifa","FIFA",0,0
2025-07-08,"fifae","FIFAe",0,0
2025-07-08,"fifaewc","FIFAeWC",0,0
2025-07-08,"fwc","FWC",0,0
2025-07-08,"fwwc","FWWC",0,0
2025-07-08,"infantino","Infantino",0,0
2025-07-08,"montreal_canadiens","Montreal Canadiens",0,0
2025-07-08,"motogp","MotoGP",3420976,1425406
2025-07-08,"ny_yankees","NY Yankees",0,0
2025-07-09,"carolina_hurricanes","Caroline Hurricanes",20903,0
2025-07-09,"ducati","Ducati",20982,0
2025-07-09,"f1","F1",3085413,1007418
2025-07-09,"fcwc","FCWC",0,0
2025-07-09,"fifa","FIFA",0,0
2025-07-09,"fifae","FIFAe",0,0
2025-07-09,"fifaewc","FIFAeWC",0,0
2025-07-09,"fwc","FWC",0,0
2025-07-09,"fwwc","FWWC",0,0
2025-07-09,"infantino","Infantino",0,0
2025-07-09,"montreal_canadiens","Montreal Canadiens",0,0
2025-07-09,"motogp","MotoGP",2530748,1081299
2025-07-09,"ny_yankees","NY Yankees",0,0
2025-07-10,"carolina_hurricanes","Caroline Hurricanes",257480,19127
2025-07-10,"ducati","Ducati",155236,0
2025-07-10,"f1","F1",0,0
2025-07-10,"fcwc","FCWC",168391,126616
2025-07-10,"fifa","FIFA",0,0
2025-07-10,"fifae","FIFAe",0,0
2025-07-10,"fifaewc","FIFAeWC",0,0
2025-07-10,"fwc","FWC",0,0
2025-07-10,"fwwc","FWWC",0,0
2025-07-10,"infantino","Infantino",0,0
2025-07-10,"montreal_canadiens","Montreal Canadiens",0,0
2025-07-10,"motogp","MotoGP",6133024,4332894
2025-07-10,"ny_yankees","NY Yankees",0,0
2025-07-11,"carolina_hurricanes","Caroline Hurricanes",96258,6238
2025-07-11,"ducati","Ducati",863195,0
2025-07-11,"f1","F1",246369,209793
2025-07-11,"fcwc","FCWC",1448292,1387012
2025-07-11,"fifa","FIFA",7011,2248
2025-07-11,"fifae","FIFAe",0,0
2025-07-11,"fifaewc","FIFAeWC",0,0
2025-07-11,"fwc","FWC",0,0
2025-07-11,"fwwc","FWWC",0,0
2025-07-11,"infantino","Infantino",0,0
2025-07-11,"montreal_canadiens","Montreal Canadiens",0,0
2025-07-11,"motogp","MotoGP",17755692,9456317
2025-07-11,"ny_yankees","NY Yankees",0,0
2025-07-12,"carolina_hurricanes","Caroline Hurricanes",199755,0
2025-07-12,"ducati","Ducati",1616779,0
2025-07-12,"f1","F1",221024,0
2025-07-12,"fcwc","FCWC",10370101,10240439
2025-07-12,"fifa","FIFA",0,0
2025-07-12,"fifae","FIFAe",0,0
2025-07-12,"fifaewc","FIFAeWC",0,0
2025-07-12,"fwc","FWC",0,0
2025-07-12,"fwwc","FWWC",0,0
2025-07-12,"infantino","Infantino",0,0
2025-07-12,"montreal_canadiens","Montreal Canadiens",0,0
2025-07-12,"motogp","MotoGP",37660772,17975114
2025-07-12,"ny_yankees","NY Yankees",0,0
2025-07-13,"carolina_hurricanes","Caroline Hurricanes",0,0
2025-07-13,"ducati","Ducati",3179593,0
2025-07-13,"f1","F1",0,0
2025-07-13,"fcwc","FCWC",0,0
2025-07-13,"fifa","FIFA",6386,0
2025-07-13,"fifae","FIFAe",0,0
2025-07-13,"fifaewc","FIFAeWC",0,0
2025-07-13,"fwc","FWC",0,0
2025-07-13,"fwwc","FWWC",0,0
2025-07-13,"infantino","Infantino",0,0
2025-07-13,"montreal_canadiens","Montreal Canadiens",0,0
2025-07-13,"motogp","MotoGP",263185041,193833985
2025-07-13,"ny_yankees","NY Yankees",0,0
2025-07-14,"carolina_hurricanes","Caroline Hurricanes",0,0
2025-07-14,"ducati","Ducati",0,0
2025-07-14,"f1","F1",0,0
2025-07-14,"fcwc","FCWC",3950861,3517702
2025-07-14,"fifa","FIFA",456204,149349
2025-07-14,"fifae","FIFAe",0,0
2025-07-14,"fifaewc","FIFAeWC",0,0
2025-07-14,"fwc","FWC",0,0
2025-07-14,"fwwc","FWWC",0,0
2025-07-14,"infantino","Infantino",0,0
2025-07-14,"montreal_canadiens","Montreal Canadiens",0,0
2025-07-14,"motogp","MotoGP",24750670,21860364
2025-07-14,"ny_yankees","NY Yankees",0,0
2025-07-15,"carolina_hurricanes","Caroline Hurricanes",0,0
2025-07-15,"ducati","Ducati",0,0
2025-07-15,"f1","F1",0,0
2025-07-15,"fcwc","FCWC",480637,447325
2025-07-15,"fifa","FIFA",0,0
2025-07-15,"fifae","FIFAe",107431,106304
2025-07-15,"fifaewc","FIFAeWC",0,0
2025-07-15,"fwc","FWC",12718,2385
2025-07-15,"fwwc","FWWC",0,0
2025-07-15,"infantino","Infantino",0,0
2025-07-15,"montreal_canadiens","Montreal Canadiens",83215,20842
2025-07-15,"motogp","MotoGP",48947407,21234011
2025-07-15,"ny_yankees","NY Yankees",0,0
2025-07-16,"carolina_hurricanes","Caroline Hurricanes",774936,219968
2025-07-16,"ducati","Ducati",12201,0
2025-07-16,"f1","F1",0,0
2025-07-16,"fcwc","FCWC",0,0
2025-07-16,"fifa","FIFA",0,0
2025-07-16,"fifae","FIFAe",0,0
2025-07-16,"fifaewc","FIFAeWC",0,0
2025-07-16,"fwc","FWC",0,0
2025-07-16,"fwwc","FWWC",0,0
2025-07-16,"infantino","Infantino",0,0
2025-07-16,"montreal_canadiens","Montreal Canadiens",0,0
2025-07-16,"motogp","MotoGP",2053405,1451063
2025-07-16,"ny_yankees","NY Yankees",0,0
2025-07-17,"carolina_hurricanes","Caroline Hurricanes",168465,0
2025-07-17,"ducati","Ducati",313623,0
2025-07-17,"f1","F1",0,0
2025-07-17,"fcwc","FCWC",0,0
2025-07-17,"fifa","FIFA",0,0
2025-07-17,"fifae","FIFAe",0,0
2025-07-17,"fifaewc","FIFAeWC",0,0
2025-07-17,"fwc","FWC",0,0
2025-07-17,"fwwc","FWWC",0,0
2025-07-17,"infantino","Infantino",0,0
2025-07-17,"montreal_canadiens","Montreal Canadiens",0,0
2025-07-17,"motogp","MotoGP",9883737,5333012
2025-07-17,"ny_yankees","NY Yankees",0,0
2025-07-18,"carolina_hurricanes","Caroline Hurricanes",35102,0
2025-07-18,"ducati","Ducati",531879,0
2025-07-18,"f1","F1",0,0
2025-07-18,"fcwc","FCWC",0,0
2025-07-18,"fifa","FIFA",0,0
2025-07-18,"fifae","FIFAe",0,0
2025-07-18,"fifaewc","FIFAeWC",0,0
2025-07-18,"fwc","FWC",0,0
2025-07-18,"fwwc","FWWC",0,0
2025-07-18,"infantino","Infantino",0,0
2025-07-18,"montreal_canadiens","Montreal Canadiens",0,0
2025-07-18,"motogp","MotoGP",19013836,13326310
2025-07-18,"ny_yankees","NY Yankees",0,0
2025-07-19,"carolina_hurricanes","Caroline Hurricanes",0,0
2025-07-19,"ducati","Ducati",1751926,0
2025-07-19,"f1","F1",3875278,3443816
2025-07-19,"fcwc","FCWC",0,0
2025-07-19,"fifa","FIFA",0,0
2025-07-19,"fifae","FIFAe",0,0
2025-07-19,"fifaewc","FIFAeWC",0,0
2025-07-19,"fwc","FWC",0,0
2025-07-19,"fwwc","FWWC",0,0
2025-07-19,"infantino","Infantino",0,0
2025-07-19,"montreal_canadiens","Montreal Canadiens",0,0
2025-07-19,"motogp","MotoGP",46192098,32746381
2025-07-19,"ny_yankees","NY Yankees",0,0
2025-07-20,"carolina_hurricanes","Caroline Hurricanes",0,0
2025-07-20,"ducati","Ducati",2176151,0
2025-07-20,"f1","F1",21587,6515
2025-07-20,"fcwc","FCWC",0,0
2025-07-20,"fifa","FIFA",0,0
2025-07-20,"fifae","FIFAe",0,0
2025-07-20,"fifaewc","FIFAeWC",0,0
2025-07-20,"fwc","FWC",0,0
2025-07-20,"fwwc","FWWC",0,0
2025-07-20,"infantino","Infantino",0,0
2025-07-20,"montreal_canadiens","Montreal Canadiens",0,0
2025-07-20,"motogp","MotoGP",40695348,19436805
2025-07-20,"ny_yankees","NY Yankees",0,0
2025-07-21,"carolina_hurricanes","Caroline Hurricanes",0,0
2025-07-21,"ducati","Ducati",0,0
2025-07-21,"f1","F1",0,0
2025-07-21,"fcwc","FCWC",0,0
2025-07-21,"fifa","FIFA",0,0
2025-07-21,"fifae","FIFAe",0,0
2025-07-21,"fifaewc","FIFAeWC",0,0
2025-07-21,"fwc","FWC",0,0
2025-07-21,"fwwc","FWWC",0,0
2025-07-21,"infantino","Infantino",0,0
2025-07-21,"montreal_canadiens","Montreal Canadiens",0,0
2025-07-21,"motogp","MotoGP",8278591,4502020
2025-07-21,"ny_yankees","NY Yankees",0,0
2025-07-22,"carolina_hurricanes","Caroline Hurricanes",276512,268216
2025-07-22,"ducati","Ducati",94977,30578
2025-07-22,"f1","F1",0,0
2025-07-22,"fcwc","FCWC",0,0
2025-07-22,"fifa","FIFA",0,0
2025-07-22,"fifae","FIFAe",0,0
2025-07-22,"fifaewc","FIFAeWC",0,0
2025-07-22,"fwc","FWC",0,0
2025-07-22,"fwwc","FWWC",0,0
2025-07-22,"infantino","Infantino",0,0
2025-07-22,"montreal_canadiens","Montreal Canadiens",0,0
2025-07-22,"motogp","MotoGP",20598631,17637269
2025-07-22,"ny_yankees","NY Yankees",0,0
2025-07-23,"carolina_hurricanes","Caroline Hurricanes",0,0
2025-07-23,"ducati","Ducati",351653,0
2025-07-23,"f1","F1",0,0
2025-07-23,"fcwc","FCWC",2590373,2499445
2025-07-23,"fifa","FIFA",0,0
2025-07-23,"fifae","FIFAe",0,0
2025-07-23,"fifaewc","FIFAeWC",0,0
2025-07-23,"fwc","FWC",0,0
2025-07-23,"fwwc","FWWC",0,0
2025-07-23,"infantino","Infantino",0,0
2025-07-23,"montreal_canadiens","Montreal Canadiens",0,0
2025-07-23,"motogp","MotoGP",2924304,2119413
2025-07-23,"ny_yankees","NY Yankees",0,0
2025-07-24,"carolina_hurricanes","Caroline Hurricanes",0,0
2025-07-24,"ducati","Ducati",0,0
2025-07-24,"f1","F1",402434,211606
2025-07-24,"fcwc","FCWC",0,0
2025-07-24,"fifa","FIFA",0,0
2025-07-24,"fifae","FIFAe",0,0
2025-07-24,"fifaewc","FIFAeWC",0,0
2025-07-24,"fwc","FWC",0,0
2025-07-24,"fwwc","FWWC",0,0
2025-07-24,"infantino","Infantino",0,0
2025-07-24,"montreal_canadiens","Montreal Canadiens",0,0
2025-07-24,"motogp","MotoGP",3181556,2095067
2025-07-24,"ny_yankees","NY Yankees",0,0
2025-07-25,"carolina_hurricanes","Caroline Hurricanes",813332,0
2025-07-25,"ducati","Ducati",137052,0
2025-07-25,"f1","F1",4118716,1326300
2025-07-25,"fcwc","FCWC",1666541,1344251
2025-07-25,"fifa","FIFA",0,0
2025-07-25,"fifae","FIFAe",0,0
2025-07-25,"fifaewc","FIFAeWC",0,0
2025-07-25,"fwc","FWC",0,0
2025-07-25,"fwwc","FWWC",0,0
2025-07-25,"infantino","Infantino",0,0
2025-07-25,"montreal_canadiens","Montreal Canadiens",0,0
2025-07-25,"motogp","MotoGP",4275589,4113943
2025-07-25,"ny_yankees","NY Yankees",0,0
2025-07-26,"carolina_hurricanes","Caroline Hurricanes",0,0
2025-07-26,"ducati","Ducati",365542,0
2025-07-26,"f1","F1",12912593,10459677
2025-07-26,"fcwc","FCWC",0,0
2025-07-26,"fifa","FIFA",0,0
2025-07-26,"fifae","FIFAe",0,0
2025-07-26,"fifaewc","FIFAeWC",0,0
2025-07-26,"fwc","FWC",0,0
2025-07-26,"fwwc","FWWC",0,0
2025-07-26,"infantino","Infantino",0,0
2025-07-26,"montreal_canadiens","Montreal Canadiens",0,0
2025-07-26,"motogp","MotoGP",2182190,1665763
2025-07-26,"ny_yankees","NY Yankees",0,0
2025-07-27,"carolina_hurricanes","Caroline Hurricanes",0,0
2025-07-27,"ducati","Ducati",259716,0
2025-07-27,"f1","F1",12222490,10226428
2025-07-27,"fcwc","FCWC",0,0
2025-07-27,"fifa","FIFA",0,0
2025-07-27,"fifae","FIFAe",0,0
2025-07-27,"fifaewc","FIFAeWC",0,0
2025-07-27,"fwc","FWC",0,0
2025-07-27,"fwwc","FWWC",0,0
2025-07-27,"infantino","Infantino",0,0
2025-07-27,"montreal_canadiens","Montreal Canadiens",0,0
2025-07-27,"motogp","MotoGP",6770790,5297942
2025-07-27,"ny_yankees","NY Yankees",0,0
2025-07-28,"carolina_hurricanes","Caroline Hurricanes",74450,25084
2025-07-28,"ducati","Ducati",0,0
2025-07-28,"f1","F1",12041632,11491920
2025-07-28,"fcwc","FCWC",0,0
2025-07-28,"fifa","FIFA",0,0
2025-07-28,"fifae","FIFAe",0,0
2025-07-28,"fifaewc","FIFAeWC",0,0
2025-07-28,"fwc","FWC",589111,526570
2025-07-28,"fwwc","FWWC",0,0
2025-07-28,"infantino","Infantino",63619,61710
2025-07-28,"montreal_canadiens","Montreal Canadiens",0,0
2025-07-28,"motogp","MotoGP",440946,10579
2025-07-28,"ny_yankees","NY Yankees",0,0
2025-07-29,"carolina_hurricanes","Caroline Hurricanes",52460,37537
2025-07-29,"ducati","Ducati",0,0
2025-07-29,"f1","F1",179600,53634
2025-07-29,"fcwc","FCWC",0,0
2025-07-29,"fifa","FIFA",0,0
2025-07-29,"fifae","FIFAe",0,0
2025-07-29,"fifaewc","FIFAeWC",0,0
2025-07-29,"fwc","FWC",0,0
2025-07-29,"fwwc","FWWC",0,0
2025-07-29,"infantino","Infantino",0,0
2025-07-29,"montreal_canadiens","Montreal Canadiens",0,0
2025-07-29,"motogp","MotoGP",213876,0
2025-07-29,"ny_yankees","NY Yankees",0,0
2025-07-30,"carolina_hurricanes","Caroline Hurricanes",82249,0
2025-07-30,"ducati","Ducati",0,0
2025-07-30,"f1","F1",0,0
2025-07-30,"fcwc","FCWC",0,0
2025-07-30,"fifa","FIFA",0,0
2025-07-30,"fifae","FIFAe",8333,2236
2025-07-30,"fifaewc","FIFAeWC",0,0
2025-07-30,"fwc","FWC",0,0
2025-07-30,"fwwc","FWWC",0,0
2025-07-30,"infantino","Infantino",130195,126289
2025-07-30,"montreal_canadiens","Montreal Canadiens",0,0
2025-07-30,"motogp","MotoGP",9984600,9074869
2025-07-30,"ny_yankees","NY Yankees",0,0
2025-07-31,"carolina_hurricanes","Caroline Hurricanes",48861,0
2025-07-31,"ducati","Ducati",0,0
2025-07-31,"f1","F1",0,0
2025-07-31,"fcwc","FCWC",0,0
2025-07-31,"fifa","FIFA",0,0
2025-07-31,"fifae","FIFAe",0,0
2025-07-31,"fifaewc","FIFAeWC",0,0
2025-07-31,"fwc","FWC",0,0
2025-07-31,"fwwc","FWWC",0,0
2025-07-31,"infantino","Infantino",0,0
2025-07-31,"montreal_canadiens","Montreal Canadiens",0,0
2025-07-31,"motogp","MotoGP",2183646,1967405
2025-07-31,"ny_yankees","NY Yankees",0,0
2025-08-01,"carolina_hurricanes","Caroline Hurricanes",0,0
2025-08-01,"ducati","Ducati",0,0
2025-08-01,"f1","F1",18612889,10161543
2025-08-01,"fcwc","FCWC",0,0
2025-08-01,"fifa","FIFA",0,0
2025-08-01,"fifae","FIFAe",0,0
2025-08-01,"fifaewc","FIFAeWC",0,0
2025-08-01,"fwc","FWC",0,0
2025-08-01,"fwwc","FWWC",0,0
2025-08-01,"infantino","Infantino",0,0
2025-08-01,"montreal_canadiens","Montreal Canadiens",0,0
2025-08-01,"motogp","MotoGP",1482838,1373750
2025-08-01,"ny_yankees","NY Yankees",0,0
2025-08-02,"carolina_hurricanes","Caroline Hurricanes",35451,0
2025-08-02,"ducati","Ducati",0,0
2025-08-02,"f1","F1",40642812,34605195
2025-08-02,"fcwc","FCWC",0,0
2025-08-02,"fifa","FIFA",0,0
2025-08-02,"fifae","FIFAe",0,0
2025-08-02,"fifaewc","FIFAeWC",0,0
2025-08-02,"fwc","FWC",0,0
2025-08-02,"fwwc","FWWC",0,0
2025-08-02,"infantino","Infantino",0,0
2025-08-02,"montreal_canadiens","Montreal Canadiens",0,0
2025-08-02,"motogp","MotoGP",0,0
2025-08-02,"ny_yankees","NY Yankees",0,0
2025-08-03,"carolina_hurricanes","Caroline Hurricanes",76000,0
2025-08-03,"ducati","Ducati",514029,498608
2025-08-03,"f1","F1",98917714,90336974
2025-08-03,"fcwc","FCWC",0,0
2025-08-03,"fifa","FIFA",0,0
2025-08-03,"fifae","FIFAe",0,0
2025-08-03,"fifaewc","FIFAeWC",0,0
2025-08-03,"fwc","FWC",0,0
2025-08-03,"fwwc","FWWC",0,0
2025-08-03,"infantino","Infantino",0,0
2025-08-03,"montreal_canadiens","Montreal Canadiens",0,0
2025-08-03,"motogp","MotoGP",0,0
2025-08-03,"ny_yankees","NY Yankees",0,0
2025-08-04,"carolina_hurricanes","Caroline Hurricanes",25092,25003
2025-08-04,"ducati","Ducati",0,0
2025-08-04,"f1","F1",29988186,25377549
2025-08-04,"fcwc","FCWC",0,0
2025-08-04,"fifa","FIFA",0,0
2025-08-04,"fifae","FIFAe",0,0
2025-08-04,"fifaewc","FIFAeWC",0,0
2025-08-04,"fwc","FWC",0,0
2025-08-04,"fwwc","FWWC",0,0
2025-08-04,"infantino","Infantino",0,0
2025-08-04,"montreal_canadiens","Montreal Canadiens",0,0
2025-08-04,"motogp","MotoGP",11473358,9921286
2025-08-04,"ny_yankees","NY Yankees",0,0
2025-08-05,"carolina_hurricanes","Caroline Hurricanes",0,0
2025-08-05,"ducati","Ducati",1964160,0
2025-08-05,"f1","F1",23752821,11905075
2025-08-05,"fcwc","FCWC",300946,0
2025-08-05,"fifa","FIFA",0,0
2025-08-05,"fifae","FIFAe",0,0
2025-08-05,"fifaewc","FIFAeWC",0,0
2025-08-05,"fwc","FWC",0,0
2025-08-05,"fwwc","FWWC",0,0
2025-08-05,"infantino","Infantino",0,0
2025-08-05,"montreal_canadiens","Montreal Canadiens",0,0
2025-08-05,"motogp","MotoGP",2642913,1685710
2025-08-05,"ny_yankees","NY Yankees",0,0
2025-08-06,"carolina_hurricanes","Caroline Hurricanes",124251,0
2025-08-06,"ducati","Ducati",0,0
2025-08-06,"f1","F1",0,0
2025-08-06,"fcwc","FCWC",0,0
2025-08-06,"fifa","FIFA",0,0
2025-08-06,"fifae","FIFAe",0,0
2025-08-06,"fifaewc","FIFAeWC",0,0
2025-08-06,"fwc","FWC",0,0
2025-08-06,"fwwc","FWWC",0,0
2025-08-06,"infantino","Infantino",0,0
2025-08-06,"montreal_canadiens","Montreal Canadiens",0,0
2025-08-06,"motogp","MotoGP",2306559,1973687
2025-08-06,"ny_yankees","NY Yankees",0,0
2025-08-07,"carolina_hurricanes","Caroline Hurricanes",7962,0
2025-08-07,"ducati","Ducati",0,0
2025-08-07,"f1","F1",4238019,3873003
2025-08-07,"fcwc","FCWC",7068265,7024559
2025-08-07,"fifa","FIFA",0,0
2025-08-07,"fifae","FIFAe",0,0
2025-08-07,"fifaewc","FIFAeWC",0,0
2025-08-07,"fwc","FWC",0,0
2025-08-07,"fwwc","FWWC",0,0
2025-08-07,"infantino","Infantino",0,0
2025-08-07,"montreal_canadiens","Montreal Canadiens",0,0
2025-08-07,"motogp","MotoGP",8365082,6876729
2025-08-07,"ny_yankees","NY Yankees",0,0
2025-08-08,"carolina_hurricanes","Caroline Hurricanes",0,0
2025-08-08,"ducati","Ducati",0,0
2025-08-08,"f1","F1",0,0
2025-08-08,"fcwc","FCWC",210055,206803
2025-08-08,"fifa","FIFA",0,0
2025-08-08,"fifae","FIFAe",0,0
2025-08-08,"fifaewc","FIFAeWC",0,0
2025-08-08,"fwc","FWC",0,0
2025-08-08,"fwwc","FWWC",0,0
2025-08-08,"infantino","Infantino",0,0
2025-08-08,"montreal_canadiens","Montreal Canadiens",0,0
2025-08-08,"motogp","MotoGP",2921953,949176
2025-08-08,"ny_yankees","NY Yankees",0,0
2025-08-09,"carolina_hurricanes","Caroline Hurricanes",0,0
2025-08-09,"ducati","Ducati",1175537,1140270
2025-08-09,"f1","F1",0,0
2025-08-09,"fcwc","FCWC",0,0
2025-08-09,"fifa","FIFA",0,0
2025-08-09,"fifae","FIFAe",0,0
2025-08-09,"fifaewc","FIFAeWC",0,0
2025-08-09,"fwc","FWC",0,0
2025-08-09,"fwwc","FWWC",0,0
2025-08-09,"infantino","Infantino",0,0
2025-08-09,"montreal_canadiens","Montreal Canadiens",0,0
2025-08-09,"motogp","MotoGP",3044189,2317649
2025-08-09,"ny_yankees","NY Yankees",0,0
2025-08-10,"carolina_hurricanes","Caroline Hurricanes",31080,0
2025-08-10,"ducati","Ducati",0,0
2025-08-10,"f1","F1",426069,0
2025-08-10,"fcwc","FCWC",0,0
2025-08-10,"fifa","FIFA",0,0
2025-08-10,"fifae","FIFAe",0,0
2025-08-10,"fifaewc","FIFAeWC",0,0
2025-08-10,"fwc","FWC",0,0
2025-08-10,"fwwc","FWWC",0,0
2025-08-10,"infantino","Infantino",0,0
2025-08-10,"montreal_canadiens","Montreal Canadiens",0,0
2025-08-10,"motogp","MotoGP",2044026,1451752
2025-08-10,"ny_yankees","NY Yankees",0,0
2025-08-11,"carolina_hurricanes","Caroline Hurricanes",21359,0
2025-08-11,"ducati","Ducati",54558,49990
2025-08-11,"f1","F1",267956,0
2025-08-11,"fcwc","FCWC",573410,518724
2025-08-11,"fifa","FIFA",0,0
2025-08-11,"fifae","FIFAe",0,0
2025-08-11,"fifaewc","FIFAeWC",0,0
2025-08-11,"fwc","FWC",31882,16484
2025-08-11,"fwwc","FWWC",0,0
2025-08-11,"infantino","Infantino",0,0
2025-08-11,"montreal_canadiens","Montreal Canadiens",0,0
2025-08-11,"motogp","MotoGP",1249662,1222467
2025-08-11,"ny_yankees","NY Yankees",0,0
2025-08-12,"carolina_hurricanes","Caroline Hurricanes",1819157,0
2025-08-12,"ducati","Ducati",4998,0
2025-08-12,"f1","F1",0,0
2025-08-12,"fcwc","FCWC",0,0
2025-08-12,"fifa","FIFA",0,0
2025-08-12,"fifae","FIFAe",0,0
2025-08-12,"fifaewc","FIFAeWC",0,0
2025-08-12,"fwc","FWC",0,0
2025-08-12,"fwwc","FWWC",0,0
2025-08-12,"infantino","Infantino",0,0
2025-08-12,"montreal_canadiens","Montreal Canadiens",0,0
2025-08-12,"motogp","MotoGP",8835478,3436541
2025-08-12,"ny_yankees","NY Yankees",0,0
2025-08-13,"carolina_hurricanes","Caroline Hurricanes",278528,0
2025-08-13,"ducati","Ducati",296025,0
2025-08-13,"f1","F1",0,0
2025-08-13,"fcwc","FCWC",0,0
2025-08-13,"fifa","FIFA",0,0
2025-08-13,"fifae","FIFAe",0,0
2025-08-13,"fifaewc","FIFAeWC",0,0
2025-08-13,"fwc","FWC",0,0
2025-08-13,"fwwc","FWWC",0,0
2025-08-13,"infantino","Infantino",0,0
2025-08-13,"montreal_canadiens","Montreal Canadiens",0,0
2025-08-13,"motogp","MotoGP",11501659,9542005
2025-08-13,"ny_yankees","NY Yankees",0,0
2025-08-14,"carolina_hurricanes","Caroline Hurricanes",0,0
2025-08-14,"ducati","Ducati",1393432,0
2025-08-14,"f1","F1",4667982,3894197
2025-08-14,"fcwc","FCWC",0,0
2025-08-14,"fifa","FIFA",0,0
2025-08-14,"fifae","FIFAe",0,0
2025-08-14,"fifaewc","FIFAeWC",0,0
2025-08-14,"fwc","FWC",0,0
2025-08-14,"fwwc","FWWC",0,0
2025-08-14,"infantino","Infantino",0,0
2025-08-14,"montreal_canadiens","Montreal Canadiens",0,0
2025-08-14,"motogp","MotoGP",11003407,9437349
2025-08-14,"ny_yankees","NY Yankees",0,0
2025-08-15,"carolina_hurricanes","Caroline Hurricanes",10069,0
2025-08-15,"ducati","Ducati",860831,0
2025-08-15,"f1","F1",12234,3933
2025-08-15,"fcwc","FCWC",0,0
2025-08-15,"fifa","FIFA",0,0
2025-08-15,"fifae","FIFAe",0,0
2025-08-15,"fifaewc","FIFAeWC",0,0
2025-08-15,"fwc","FWC",0,0
2025-08-15,"fwwc","FWWC",0,0
2025-08-15,"infantino","Infantino",0,0
2025-08-15,"montreal_canadiens","Montreal Canadiens",0,0
2025-08-15,"motogp","MotoGP",16307829,8909249
2025-08-15,"ny_yankees","NY Yankees",0,0
2025-08-16,"carolina_hurricanes","Caroline Hurricanes",28916,0
2025-08-16,"ducati","Ducati",1471385,0
2025-08-16,"f1","F1",12138839,10627453
2025-08-16,"fcwc","FCWC",0,0
2025-08-16,"fifa","FIFA",0,0
2025-08-16,"fifae","FIFAe",0,0
2025-08-16,"fifaewc","FIFAeWC",0,0
2025-08-16,"fwc","FWC",0,0
2025-08-16,"fwwc","FWWC",0,0
2025-08-16,"infantino","Infantino",0,0
2025-08-16,"montreal_canadiens","Montreal Canadiens",0,0
2025-08-16,"motogp","MotoGP",22576355,16065687
2025-08-16,"ny_yankees","NY Yankees",0,0
2025-08-17,"carolina_hurricanes","Caroline Hurricanes",0,0
2025-08-17,"ducati","Ducati",2931464,1434130
2025-08-17,"f1","F1",352613,152647
2025-08-17,"fcwc","FCWC",0,0
2025-08-17,"fifa","FIFA",0,0
2025-08-17,"fifae","FIFAe",0,0
2025-08-17,"fifaewc","FIFAeWC",0,0
2025-08-17,"fwc","FWC",0,0
2025-08-17,"fwwc","FWWC",0,0
2025-08-17,"infantino","Infantino",0,0
2025-08-17,"montreal_canadiens","Montreal Canadiens",0,0
2025-08-17,"motogp","MotoGP",36028984,24138988
2025-08-17,"ny_yankees","NY Yankees",0,0
2025-08-18,"carolina_hurricanes","Caroline Hurricanes",17923,0
2025-08-18,"ducati","Ducati",0,0
2025-08-18,"f1","F1",534253,0
2025-08-18,"fcwc","FCWC",0,0
2025-08-18,"fifa","FIFA",0,0
2025-08-18,"fifae","FIFAe",0,0
2025-08-18,"fifaewc","FIFAeWC",0,0
2025-08-18,"fwc","FWC",0,0
2025-08-18,"fwwc","FWWC",0,0
2025-08-18,"infantino","Infantino",0,0
2025-08-18,"montreal_canadiens","Montreal Canadiens",0,0
2025-08-18,"motogp","MotoGP",12622836,2874761
2025-08-18,"ny_yankees","NY Yankees",0,0
2025-08-19,"carolina_hurricanes","Caroline Hurricanes",593174,0
2025-08-19,"ducati","Ducati",147388,0
2025-08-19,"f1","F1",2489541,2414854
2025-08-19,"fcwc","FCWC",0,0
2025-08-19,"fifa","FIFA",0,0
2025-08-19,"fifae","FIFAe",0,0
2025-08-19,"fifaewc","FIFAeWC",0,0
2025-08-19,"fwc","FWC",0,0
2025-08-19,"fwwc","FWWC",0,0
2025-08-19,"infantino","Infantino",0,0
2025-08-19,"montreal_canadiens","Montreal Canadiens",0,0
2025-08-19,"motogp","MotoGP",47424701,44627960
2025-08-19,"ny_yankees","NY Yankees",0,0
2025-08-20,"carolina_hurricanes","Caroline Hurricanes",14583,0
2025-08-20,"ducati","Ducati",21619,0
2025-08-20,"f1","F1",292962,83917
2025-08-20,"fcwc","FCWC",0,0
2025-08-20,"fifa","FIFA",0,0
2025-08-20,"fifae","FIFAe",0,0
2025-08-20,"fifaewc","FIFAeWC",0,0
2025-08-20,"fwc","FWC",0,0
2025-08-20,"fwwc","FWWC",0,0
2025-08-20,"infantino","Infantino",0,0
2025-08-20,"montreal_canadiens","Montreal Canadiens",0,0
2025-08-20,"motogp","MotoGP",2102319,1964645
2025-08-20,"ny_yankees","NY Yankees",0,0
2025-08-21,"carolina_hurricanes","Caroline Hurricanes",359925,353289
2025-08-21,"ducati","Ducati",177452,0
2025-08-21,"f1","F1",34300,10143
2025-08-21,"fcwc","FCWC",0,0
2025-08-21,"fifa","FIFA",0,0
2025-08-21,"fifae","FIFAe",0,0
2025-08-21,"fifaewc","FIFAeWC",0,0
2025-08-21,"fwc","FWC",0,0
2025-08-21,"fwwc","FWWC",0,0
2025-08-21,"infantino","Infantino",0,0
2025-08-21,"montreal_canadiens","Montreal Canadiens",0,0
2025-08-21,"motogp","MotoGP",5498684,2670267
2025-08-21,"ny_yankees","NY Yankees",0,0
2025-08-22,"carolina_hurricanes","Caroline Hurricanes",165117,0
2025-08-22,"ducati","Ducati",1040430,0
2025-08-22,"f1","F1",1902228,2898
2025-08-22,"fcwc","FCWC",0,0
2025-08-22,"fifa","FIFA",0,0
2025-08-22,"fifae","FIFAe",0,0
2025-08-22,"fifaewc","FIFAeWC",0,0
2025-08-22,"fwc","FWC",0,0
2025-08-22,"fwwc","FWWC",0,0
2025-08-22,"infantino","Infantino",0,0
2025-08-22,"montreal_canadiens","Montreal Canadiens",0,0
2025-08-22,"motogp","MotoGP",22975098,15929941
2025-08-22,"ny_yankees","NY Yankees",0,0
2025-08-23,"carolina_hurricanes","Caroline Hurricanes",0,0
2025-08-23,"ducati","Ducati",1178958,0
2025-08-23,"f1","F1",0,0
2025-08-23,"fcwc","FCWC",0,0
2025-08-23,"fifa","FIFA",0,0
2025-08-23,"fifae","FIFAe",0,0
2025-08-23,"fifaewc","FIFAeWC",0,0
2025-08-23,"fwc","FWC",0,0
2025-08-23,"fwwc","FWWC",0,0
2025-08-23,"infantino","Infantino",0,0
2025-08-23,"montreal_canadiens","Montreal Canadiens",0,0
2025-08-23,"motogp","MotoGP",28598790,18388967
2025-08-23,"ny_yankees","NY Yankees",0,0
2025-08-24,"carolina_hurricanes","Caroline Hurricanes",45255,6538
2025-08-24,"ducati","Ducati",1492930,0
2025-08-24,"f1","F1",0,0
2025-08-24,"fcwc","FCWC",0,0
2025-08-24,"fifa","FIFA",0,0
2025-08-24,"fifae","FIFAe",0,0
2025-08-24,"fifaewc","FIFAeWC",0,0
2025-08-24,"fwc","FWC",0,0
2025-08-24,"fwwc","FWWC",0,0
2025-08-24,"infantino","Infantino",0,0
2025-08-24,"montreal_canadiens","Montreal Canadiens",0,0
2025-08-24,"motogp","MotoGP",37015471,25682172
2025-08-24,"ny_yankees","NY Yankees",0,0
2025-08-25,"carolina_hurricanes","Caroline Hurricanes",66345,7988
2025-08-25,"ducati","Ducati",662937,0
2025-08-25,"f1","F1",7931929,7788279
2025-08-25,"fcwc","FCWC",0,0
2025-08-25,"fifa","FIFA",0,0
2025-08-25,"fifae","FIFAe",0,0
2025-08-25,"fifaewc","FIFAeWC",0,0
2025-08-25,"fwc","FWC",0,0
2025-08-25,"fwwc","FWWC",0,0
2025-08-25,"infantino","Infantino",0,0
2025-08-25,"montreal_canadiens","Montreal Canadiens",0,0
2025-08-25,"motogp","MotoGP",5810308,826285
2025-08-25,"ny_yankees","NY Yankees",0,0
2025-08-26,"carolina_hurricanes","Caroline Hurricanes",0,0
2025-08-26,"ducati","Ducati",0,0
2025-08-26,"f1","F1",21800,6593
2025-08-26,"fcwc","FCWC",2544353,2511280
2025-08-26,"fifa","FIFA",0,0
2025-08-26,"fifae","FIFAe",0,0
2025-08-26,"fifaewc","FIFAeWC",0,0
2025-08-26,"fwc","FWC",0,0
2025-08-26,"fwwc","FWWC",0,0
2025-08-26,"infantino","Infantino",0,0
2025-08-26,"montreal_canadiens","Montreal Canadiens",0,0
2025-08-26,"motogp","MotoGP",28883124,27890240
2025-08-26,"ny_yankees","NY Yankees",0,0
2025-08-27,"carolina_hurricanes","Caroline Hurricanes",224722,0
2025-08-27,"ducati","Ducati",339800,0
2025-08-27,"f1","F1",2738726,2566805
2025-08-27,"fcwc","FCWC",937600,918812
2025-08-27,"fifa","FIFA",0,0
2025-08-27,"fifae","FIFAe",0,0
2025-08-27,"fifaewc","FIFAeWC",0,0
2025-08-27,"fwc","FWC",9051,2288
2025-08-27,"fwwc","FWWC",0,0
2025-08-27,"infantino","Infantino",0,0
2025-08-27,"montreal_canadiens","Montreal Canadiens",0,0
2025-08-27,"motogp","MotoGP",7901455,6230486
2025-08-27,"ny_yankees","NY Yankees",0,0
2025-08-28,"carolina_hurricanes","Caroline Hurricanes",0,0
2025-08-28,"ducati","Ducati",63703,0
2025-08-28,"f1","F1",10906314,10678885
2025-08-28,"fcwc","FCWC",0,0
2025-08-28,"fifa","FIFA",279019,95570
2025-08-28,"fifae","FIFAe",0,0
2025-08-28,"fifaewc","FIFAeWC",0,0
2025-08-28,"fwc","FWC",0,0
2025-08-28,"fwwc","FWWC",341441,339776
2025-08-28,"infantino","Infantino",0,0
2025-08-28,"montreal_canadiens","Montreal Canadiens",0,0
2025-08-28,"motogp","MotoGP",2824641,2404819
2025-08-28,"ny_yankees","NY Yankees",0,0
2025-08-29,"carolina_hurricanes","Caroline Hurricanes",37445,12382
2025-08-29,"ducati","Ducati",0,0
2025-08-29,"f1","F1",3085434,2816469
2025-08-29,"fcwc","FCWC",0,0
2025-08-29,"fifa","FIFA",0,0
2025-08-29,"fifae","FIFAe",0,0
2025-08-29,"fifaewc","FIFAeWC",0,0
2025-08-29,"fwc","FWC",0,0
2025-08-29,"fwwc","FWWC",0,0
2025-08-29,"infantino","Infantino",0,0
2025-08-29,"montreal_canadiens","Montreal Canadiens",0,0
2025-08-29,"motogp","MotoGP",10711751,10204690
2025-08-29,"ny_yankees","NY Yankees",0,0
2025-08-30,"carolina_hurricanes","Caroline Hurricanes",0,0
2025-08-30,"ducati","Ducati",0,0
2025-08-30,"f1","F1",2350612,1921175
2025-08-30,"fcwc","FCWC",0,0
2025-08-30,"fifa","FIFA",0,0
2025-08-30,"fifae","FIFAe",0,0
2025-08-30,"fifaewc","FIFAeWC",0,0
2025-08-30,"fwc","FWC",0,0
2025-08-30,"fwwc","FWWC",0,0
2025-08-30,"infantino","Infantino",0,0
2025-08-30,"montreal_canadiens","Montreal Canadiens",0,0
2025-08-30,"motogp","MotoGP",1141547,1074024
2025-08-30,"ny_yankees","NY Yankees",0,0
2025-08-31,"carolina_hurricanes","Caroline Hurricanes",0,0
2025-08-31,"ducati","Ducati",0,0
2025-08-31,"f1","F1",20024942,13594457
2025-08-31,"fcwc","FCWC",0,0
2025-08-31,"fifa","FIFA",0,0
2025-08-31,"fifae","FIFAe",0,0
2025-08-31,"fifaewc","FIFAeWC",0,0
2025-08-31,"fwc","FWC",0,0
2025-08-31,"fwwc","FWWC",0,0
2025-08-31,"infantino","Infantino",0,0
2025-08-31,"montreal_canadiens","Montreal Canadiens",0,0
2025-08-31,"motogp","MotoGP",1247209,1124685
2025-08-31,"ny_yankees","NY Yankees",0,0
2025-09-01,"carolina_hurricanes","Caroline Hurricanes",0,0
2025-09-01,"ducati","Ducati",0,0
2025-09-01,"f1","F1",12070983,11810308
2025-09-01,"fcwc","FCWC",0,0
2025-09-01,"fifa","FIFA",0,0
2025-09-01,"fifae","FIFAe",0,0
2025-09-01,"fifaewc","FIFAeWC",0,0
2025-09-01,"fwc","FWC",0,0
2025-09-01,"fwwc","FWWC",0,0
2025-09-01,"infantino","Infantino",0,0
2025-09-01,"montreal_canadiens","Montreal Canadiens",0,0
2025-09-01,"motogp","MotoGP",2292984,1984368
2025-09-01,"ny_yankees","NY Yankees",0,0
2025-09-02,"carolina_hurricanes","Caroline Hurricanes",27643,0
2025-09-02,"ducati","Ducati",0,0
2025-09-02,"f1","F1",2801708,898081
2025-09-02,"fcwc","FCWC",0,0
2025-09-02,"fifa","FIFA",0,0
2025-09-02,"fifae","FIFAe",0,0
2025-09-02,"fifaewc","FIFAeWC",0,0
2025-09-02,"fwc","FWC",56567,9215
2025-09-02,"fwwc","FWWC",0,0
2025-09-02,"infantino","Infantino",0,0
2025-09-02,"montreal_canadiens","Montreal Canadiens",0,0
2025-09-02,"motogp","MotoGP",3630142,845015
2025-09-02,"ny_yankees","NY Yankees",0,0
2025-09-03,"carolina_hurricanes","Caroline Hurricanes",913658,179037
2025-09-03,"ducati","Ducati",96425,0
2025-09-03,"f1","F1",0,0
2025-09-03,"fcwc","FCWC",0,0
2025-09-03,"fifa","FIFA",0,0
2025-09-03,"fifae","FIFAe",0,0
2025-09-03,"fifaewc","FIFAeWC",0,0
2025-09-03,"fwc","FWC",0,0
2025-09-03,"fwwc","FWWC",0,0
2025-09-03,"infantino","Infantino",0,0
2025-09-03,"montreal_canadiens","Montreal Canadiens",0,0
2025-09-03,"motogp","MotoGP",1863644,1586495
2025-09-03,"ny_yankees","NY Yankees",0,0
2025-09-04,"carolina_hurricanes","Caroline Hurricanes",260813,130377
2025-09-04,"ducati","Ducati",0,0
2025-09-04,"f1","F1",0,0
2025-09-04,"fcwc","FCWC",0,0
2025-09-04,"fifa","FIFA",0,0
2025-09-04,"fifae","FIFAe",0,0
2025-09-04,"fifaewc","FIFAeWC",0,0
2025-09-04,"fwc","FWC",0,0
2025-09-04,"fwwc","FWWC",0,0
2025-09-04,"infantino","Infantino",0,0
2025-09-04,"montreal_canadiens","Montreal Canadiens",0,0
2025-09-04,"motogp","MotoGP",6191946,5393606
2025-09-04,"ny_yankees","NY Yankees",0,0
2025-09-05,"carolina_hurricanes","Caroline Hurricanes",0,0
2025-09-05,"ducati","Ducati",1914456,1043994
2025-09-05,"f1","F1",12114179,4789317
2025-09-05,"fcwc","FCWC",0,0
2025-09-05,"fifa","FIFA",0,0
2025-09-05,"fifae","FIFAe",0,0
2025-09-05,"fifaewc","FIFAeWC",0,0
2025-09-05,"fwc","FWC",759939,673750
2025-09-05,"fwwc","FWWC",0,0
2025-09-05,"infantino","Infantino",0,0
2025-09-05,"montreal_canadiens","Montreal Canadiens",0,0
2025-09-05,"motogp","MotoGP",59209128,53419307
2025-09-05,"ny_yankees","NY Yankees",0,0
2025-09-06,"carolina_hurricanes","Caroline Hurricanes",0,0
2025-09-06,"ducati","Ducati",3005923,0
2025-09-06,"f1","F1",2436587,813166
2025-09-06,"fcwc","FCWC",0,0
2025-09-06,"fifa","FIFA",299487,98660
2025-09-06,"fifae","FIFAe",0,0
2025-09-06,"fifaewc","FIFAeWC",0,0
2025-09-06,"fwc","FWC",0,0
2025-09-06,"fwwc","FWWC",96871,95036
2025-09-06,"infantino","Infantino",0,0
2025-09-06,"montreal_canadiens","Montreal Canadiens",0,0
2025-09-06,"motogp","MotoGP",56879983,45875191
2025-09-06,"ny_yankees","NY Yankees",0,0
2025-09-07,"carolina_hurricanes","Caroline Hurricanes",200924,165853
2025-09-07,"ducati","Ducati",1073792,0
2025-09-07,"f1","F1",26839289,25801094
2025-09-07,"fcwc","FCWC",0,0
2025-09-07,"fifa","FIFA",700,212
2025-09-07,"fifae","FIFAe",0,0
2025-09-07,"fifaewc","FIFAeWC",0,0
2025-09-07,"fwc","FWC",0,0
2025-09-07,"fwwc","FWWC",0,0
2025-09-07,"infantino","Infantino",0,0
2025-09-07,"montreal_canadiens","Montreal Canadiens",0,0
2025-09-07,"motogp","MotoGP",102619085,88555213
2025-09-07,"ny_yankees","NY Yankees",0,0
2025-09-08,"carolina_hurricanes","Caroline Hurricanes",0,0
2025-09-08,"ducati","Ducati",0,0
2025-09-08,"f1","F1",436561,285675
2025-09-08,"fcwc","FCWC",1032900,1027128
2025-09-08,"fifa","FIFA",0,0
2025-09-08,"fifae","FIFAe",0,0
2025-09-08,"fifaewc","FIFAeWC",0,0
2025-09-08,"fwc","FWC",0,0
2025-09-08,"fwwc","FWWC",0,0
2025-09-08,"infantino","Infantino",0,0
2025-09-08,"montreal_canadiens","Montreal Canadiens",0,0
2025-09-08,"motogp","MotoGP",37803071,31755967
2025-09-08,"ny_yankees","NY Yankees",0,0
2025-09-09,"carolina_hurricanes","Caroline Hurricanes",440262,0
2025-09-09,"ducati","Ducati",0,0
2025-09-09,"f1","F1",0,0
2025-09-09,"fcwc","FCWC",0,0
2025-09-09,"fifa","FIFA",0,0
2025-09-09,"fifae","FIFAe",0,0
2025-09-09,"fifaewc","FIFAeWC",0,0
2025-09-09,"fwc","FWC",0,0
2025-09-09,"fwwc","FWWC",0,0
2025-09-09,"infantino","Infantino",0,0
2025-09-09,"montreal_canadiens","Montreal Canadiens",0,0
2025-09-09,"motogp","MotoGP",44492540,44023039
2025-09-09,"ny_yankees","NY Yankees",0,0
2025-09-10,"carolina_hurricanes","Caroline Hurricanes",112107,0
2025-09-10,"ducati","Ducati",164699,0
2025-09-10,"f1","F1",0,0
2025-09-10,"fcwc","FCWC",0,0
2025-09-10,"fifa","FIFA",0,0
2025-09-10,"fifae","FIFAe",0,0
2025-09-10,"fifaewc","FIFAeWC",0,0
2025-09-10,"fwc","FWC",0,0
2025-09-10,"fwwc","FWWC",0,0
2025-09-10,"infantino","Infantino",0,0
2025-09-10,"montreal_canadiens","Montreal Canadiens",0,0
2025-09-10,"motogp","MotoGP",9278721,3756416
2025-09-10,"ny_yankees","NY Yankees",0,0
2025-09-11,"carolina_hurricanes","Caroline Hurricanes",308043,0
2025-09-11,"ducati","Ducati",177403,0
2025-09-11,"f1","F1",0,0
2025-09-11,"fcwc","FCWC",0,0
2025-09-11,"fifa","FIFA",0,0
2025-09-11,"fifae","FIFAe",0,0
2025-09-11,"fifaewc","FIFAeWC",0,0
2025-09-11,"fwc","FWC",0,0
2025-09-11,"fwwc","FWWC",0,0
2025-09-11,"infantino","Infantino",0,0
2025-09-11,"montreal_canadiens","Montreal Canadiens",0,0
2025-09-11,"motogp","MotoGP",17692475,14505344
2025-09-11,"ny_yankees","NY Yankees",0,0
2025-09-12,"carolina_hurricanes","Caroline Hurricanes",420372,286315
2025-09-12,"ducati","Ducati",604135,0
2025-09-12,"f1","F1",0,0
2025-09-12,"fcwc","FCWC",0,0
2025-09-12,"fifa","FIFA",0,0
2025-09-12,"fifae","FIFAe",0,0
2025-09-12,"fifaewc","FIFAeWC",0,0
2025-09-12,"fwc","FWC",0,0
2025-09-12,"fwwc","FWWC",0,0
2025-09-12,"infantino","Infantino",0,0
2025-09-12,"montreal_canadiens","Montreal Canadiens",0,0
2025-09-12,"motogp","MotoGP",12131883,7687766
2025-09-12,"ny_yankees","NY Yankees",0,0
2025-09-13,"carolina_hurricanes","Caroline Hurricanes",330825,0
2025-09-13,"ducati","Ducati",1559862,1072083
2025-09-13,"f1","F1",0,0
2025-09-13,"fcwc","FCWC",0,0
2025-09-13,"fifa","FIFA",0,0
2025-09-13,"fifae","FIFAe",0,0
2025-09-13,"fifaewc","FIFAeWC",0,0
2025-09-13,"fwc","FWC",0,0
2025-09-13,"fwwc","FWWC",0,0
2025-09-13,"infantino","Infantino",0,0
2025-09-13,"montreal_canadiens","Montreal Canadiens",0,0
2025-09-13,"motogp","MotoGP",34400005,27500572
2025-09-13,"ny_yankees","NY Yankees",0,0
2025-09-14,"carolina_hurricanes","Caroline Hurricanes",0,0
2025-09-14,"ducati","Ducati",1042547,0
2025-09-14,"f1","F1",0,0
2025-09-14,"fcwc","FCWC",0,0
2025-09-14,"fifa","FIFA",0,0
2025-09-14,"fifae","FIFAe",0,0
2025-09-14,"fifaewc","FIFAeWC",0,0
2025-09-14,"fwc","FWC",0,0
2025-09-14,"fwwc","FWWC",0,0
2025-09-14,"infantino","Infantino",0,0
2025-09-14,"montreal_canadiens","Montreal Canadiens",0,0
2025-09-14,"motogp","MotoGP",90609887,45456060
2025-09-14,"ny_yankees","NY Yankees",0,0
2025-09-15,"carolina_hurricanes","Caroline Hurricanes",69386,69143
2025-09-15,"ducati","Ducati",0,0
2025-09-15,"f1","F1",636775,329081
2025-09-15,"fcwc","FCWC",0,0
2025-09-15,"fifa","FIFA",0,0
2025-09-15,"fifae","FIFAe",0,0
2025-09-15,"fifaewc","FIFAeWC",0,0
2025-09-15,"fwc","FWC",0,0
2025-09-15,"fwwc","FWWC",0,0
2025-09-15,"infantino","Infantino",0,0
2025-09-15,"montreal_canadiens","Montreal Canadiens",0,0
2025-09-15,"motogp","MotoGP",16600312,8126465
2025-09-15,"ny_yankees","NY Yankees",0,0
2025-09-16,"carolina_hurricanes","Caroline Hurricanes",219813,22201
2025-09-16,"ducati","Ducati",317780,0
2025-09-16,"f1","F1",0,0
2025-09-16,"fcwc","FCWC",0,0
2025-09-16,"fifa","FIFA",0,0
2025-09-16,"fifae","FIFAe",0,0
2025-09-16,"fifaewc","FIFAeWC",0,0
2025-09-16,"fwc","FWC",0,0
2025-09-16,"fwwc","FWWC",4633,4536
2025-09-16,"infantino","Infantino",0,0
2025-09-16,"montreal_canadiens","Montreal Canadiens",0,0
2025-09-16,"motogp","MotoGP",37069125,31113114
2025-09-16,"ny_yankees","NY Yankees",0,0
2025-09-17,"carolina_hurricanes","Caroline Hurricanes",29689,0
2025-09-17,"ducati","Ducati",9392,0
2025-09-17,"f1","F1",0,0
2025-09-17,"fcwc","FCWC",0,0
2025-09-17,"fifa","FIFA",0,0
2025-09-17,"fifae","FIFAe",0,0
2025-09-17,"fifaewc","FIFAeWC",0,0
2025-09-17,"fwc","FWC",0,0
2025-09-17,"fwwc","FWWC",0,0
2025-09-17,"infantino","Infantino",0,0
2025-09-17,"montreal_canadiens","Montreal Canadiens",0,0
2025-09-17,"motogp","MotoGP",11038857,8625586
2025-09-17,"ny_yankees","NY Yankees",0,0
2025-09-18,"carolina_hurricanes","Caroline Hurricanes",42358,41893
2025-09-18,"ducati","Ducati",391731,0
2025-09-18,"f1","F1",0,0
2025-09-18,"fcwc","FCWC",0,0
2025-09-18,"fifa","FIFA",0,0
2025-09-18,"fifae","FIFAe",0,0
2025-09-18,"fifaewc","FIFAeWC",0,0
2025-09-18,"fwc","FWC",0,0
2025-09-18,"fwwc","FWWC",0,0
2025-09-18,"infantino","Infantino",0,0
2025-09-18,"montreal_canadiens","Montreal Canadiens",0,0
2025-09-18,"motogp","MotoGP",10224359,9494889
2025-09-18,"ny_yankees","NY Yankees",0,0
2025-09-19,"carolina_hurricanes","Caroline Hurricanes",367825,300154
2025-09-19,"ducati","Ducati",0,0
2025-09-19,"f1","F1",24090346,15233760
2025-09-19,"fcwc","FCWC",898249,880006
2025-09-19,"fifa","FIFA",0,0
2025-09-19,"fifae","FIFAe",0,0
2025-09-19,"fifaewc","FIFAeWC",0,0
2025-09-19,"fwc","FWC",0,0
2025-09-19,"fwwc","FWWC",0,0
2025-09-19,"infantino","Infantino",0,0
2025-09-19,"montreal_canadiens","Montreal Canadiens",0,0
2025-09-19,"motogp","MotoGP",13084863,12587928
2025-09-19,"ny_yankees","NY Yankees",0,0
2025-09-20,"carolina_hurricanes","Caroline Hurricanes",114188,82672
2025-09-20,"ducati","Ducati",0,0
2025-09-20,"f1","F1",23132857,9725363
2025-09-20,"fcwc","FCWC",0,0
2025-09-20,"fifa","FIFA",0,0
2025-09-20,"fifae","FIFAe",0,0
2025-09-20,"fifaewc","FIFAeWC",0,0
2025-09-20,"fwc","FWC",0,0
2025-09-20,"fwwc","FWWC",0,0
2025-09-20,"infantino","Infantino",0,0
2025-09-20,"montreal_canadiens","Montreal Canadiens",0,0
2025-09-20,"motogp","MotoGP",2999209,2547340
2025-09-20,"ny_yankees","NY Yankees",0,0
2025-09-21,"carolina_hurricanes","Caroline Hurricanes",0,0
2025-09-21,"ducati","Ducati",0,0
2025-09-21,"f1","F1",12457000,12095877
2025-09-21,"fcwc","FCWC",0,0
2025-09-21,"fifa","FIFA",0,0
2025-09-21,"fifae","FIFAe",0,0
2025-09-21,"fifaewc","FIFAeWC",0,0
2025-09-21,"fwc","FWC",0,0
2025-09-21,"fwwc","FWWC",0,0
2025-09-21,"infantino","Infantino",0,0
2025-09-21,"montreal_canadiens","Montreal Canadiens",0,0
2025-09-21,"motogp","MotoGP",2483934,1816213
2025-09-21,"ny_yankees","NY Yankees",0,0
2025-09-22,"carolina_hurricanes","Caroline Hurricanes",0,0
2025-09-22,"ducati","Ducati",0,0
2025-09-22,"f1","F1",57223,17820
2025-09-22,"fcwc","FCWC",0,0
2025-09-22,"fifa","FIFA",0,0
2025-09-22,"fifae","FIFAe",0,0
2025-09-22,"fifaewc","FIFAeWC",0,0
2025-09-22,"fwc","FWC",0,0
2025-09-22,"fwwc","FWWC",0,0
2025-09-22,"infantino","Infantino",0,0
2025-09-22,"montreal_canadiens","Montreal Canadiens",0,0
2025-09-22,"motogp","MotoGP",3524973,3467224
2025-09-22,"ny_yankees","NY Yankees",0,0
2025-09-23,"carolina_hurricanes","Caroline Hurricanes",532445,237521
2025-09-23,"ducati","Ducati",0,0
2025-09-23,"f1","F1",0,0
2025-09-23,"fcwc","FCWC",0,0
2025-09-23,"fifa","FIFA",1232,0
2025-09-23,"fifae","FIFAe",0,0
2025-09-23,"fifaewc","FIFAeWC",0,0
2025-09-23,"fwc","FWC",0,0
2025-09-23,"fwwc","FWWC",0,0
2025-09-23,"infantino","Infantino",0,0
2025-09-23,"montreal_canadiens","Montreal Canadiens",0,0
2025-09-23,"motogp","MotoGP",18044644,10162867
2025-09-23,"ny_yankees","NY Yankees",0,0
2025-09-24,"carolina_hurricanes","Caroline Hurricanes",121653,48809
2025-09-24,"ducati","Ducati",77855,0
2025-09-24,"f1","F1",0,0
2025-09-24,"fcwc","FCWC",0,0
2025-09-24,"fifa","FIFA",1353,0
2025-09-24,"fifae","FIFAe",0,0
2025-09-24,"fifaewc","FIFAeWC",0,0
2025-09-24,"fwc","FWC",0,0
2025-09-24,"fwwc","FWWC",0,0
2025-09-24,"infantino","Infantino",0,0
2025-09-24,"montreal_canadiens","Montreal Canadiens",0,0
2025-09-24,"motogp","MotoGP",4267399,3112102
2025-09-24,"ny_yankees","NY Yankees",0,0
2025-09-25,"carolina_hurricanes","Caroline Hurricanes",17643,4642
2025-09-25,"ducati","Ducati",1115624,0
2025-09-25,"f1","F1",7630288,0
2025-09-25,"fcwc","FCWC",0,0
2025-09-25,"fifa","FIFA",0,0
2025-09-25,"fifae","FIFAe",0,0
2025-09-25,"fifaewc","FIFAeWC",0,0
2025-09-25,"fwc","FWC",0,0
2025-09-25,"fwwc","FWWC",0,0
2025-09-25,"infantino","Infantino",0,0
2025-09-25,"montreal_canadiens","Montreal Canadiens",0,0
2025-09-25,"motogp","MotoGP",13860408,7419910
2025-09-25,"ny_yankees","NY Yankees",0,0
2025-09-26,"carolina_hurricanes","Caroline Hurricanes",65556,63887
2025-09-26,"ducati","Ducati",1013455,0
2025-09-26,"f1","F1",0,0
2025-09-26,"fcwc","FCWC",0,0
2025-09-26,"fifa","FIFA",0,0
2025-09-26,"fifae","FIFAe",0,0
2025-09-26,"fifaewc","FIFAeWC",0,0
2025-09-26,"fwc","FWC",0,0
2025-09-26,"fwwc","FWWC",0,0
2025-09-26,"infantino","Infantino",0,0
2025-09-26,"montreal_canadiens","Montreal Canadiens",0,0
2025-09-26,"motogp","MotoGP",10519047,4152489
2025-09-26,"ny_yankees","NY Yankees",0,0
2025-09-27,"carolina_hurricanes","Caroline Hurricanes",83697,0
2025-09-27,"ducati","Ducati",1760066,0
2025-09-27,"f1","F1",5552061,5385498
2025-09-27,"fcwc","FCWC",0,0
2025-09-27,"fifa","FIFA",7887,7863
2025-09-27,"fifae","FIFAe",0,0
2025-09-27,"fifaewc","FIFAeWC",0,0
2025-09-27,"fwc","FWC",0,0
2025-09-27,"fwwc","FWWC",0,0
2025-09-27,"infantino","Infantino",0,0
2025-09-27,"montreal_canadiens","Montreal Canadiens",0,0
2025-09-27,"motogp","MotoGP",57998577,31920378
2025-09-27,"ny_yankees","NY Yankees",0,0
2025-09-28,"carolina_hurricanes","Caroline Hurricanes",5364,0
2025-09-28,"ducati","Ducati",5195608,0
2025-09-28,"f1","F1",13400,4107
2025-09-28,"fcwc","FCWC",0,0
2025-09-28,"fifa","FIFA",5006898,1679872
2025-09-28,"fifae","FIFAe",0,0
2025-09-28,"fifaewc","FIFAeWC",0,0
2025-09-28,"fwc","FWC",1849128,1844634
2025-09-28,"fwwc","FWWC",0,0
2025-09-28,"infantino","Infantino",0,0
2025-09-28,"montreal_canadiens","Montreal Canadiens",0,0
2025-09-28,"motogp","MotoGP",247330616,152955023
2025-09-28,"ny_yankees","NY Yankees",0,0
2025-09-29,"carolina_hurricanes","Caroline Hurricanes",0,0
2025-09-29,"ducati","Ducati",0,0
2025-09-29,"f1","F1",687445,445412
2025-09-29,"fcwc","FCWC",1969802,1948042
2025-09-29,"fifa","FIFA",5535796,1822462
2025-09-29,"fifae","FIFAe",0,0
2025-09-29,"fifaewc","FIFAeWC",0,0
2025-09-29,"fwc","FWC",11274977,10887560
2025-09-29,"fwwc","FWWC",0,0
2025-09-29,"infantino","Infantino",0,0
2025-09-29,"montreal_canadiens","Montreal Canadiens",0,0
2025-09-29,"motogp","MotoGP",30325601,24514938
2025-09-29,"ny_yankees","NY Yankees",0,0
2025-09-30,"carolina_hurricanes","Caroline Hurricanes",37645,0
2025-09-30,"ducati","Ducati",1257542,0
2025-09-30,"f1","F1",0,0
2025-09-30,"fcwc","FCWC",0,0
2025-09-30,"fifa","FIFA",5276145,1746883
2025-09-30,"fifae","FIFAe",0,0
2025-09-30,"fifaewc","FIFAeWC",0,0
2025-09-30,"fwc","FWC",6106196,6006823
2025-09-30,"fwwc","FWWC",0,0
2025-09-30,"infantino","Infantino",0,0
2025-09-30,"montreal_canadiens","Montreal Canadiens",0,0
2025-09-30,"motogp","MotoGP",38893353,30652675
2025-09-30,"ny_yankees","NY Yankees",0,0
2025-10-01,"carolina_hurricanes","Caroline Hurricanes",372001,173884
2025-10-01,"ducati","Ducati",1929482,0
2025-10-01,"f1","F1",0,0
2025-10-01,"fcwc","FCWC",0,0
2025-10-01,"fifa","FIFA",0,0
2025-10-01,"fifae","FIFAe",0,0
2025-10-01,"fifaewc","FIFAeWC",0,0
2025-10-01,"fwc","FWC",2284,184
2025-10-01,"fwwc","FWWC",0,0
2025-10-01,"infantino","Infantino",0,0
2025-10-01,"montreal_canadiens","Montreal Canadiens",0,0
2025-10-01,"motogp","MotoGP",18934346,10499146
2025-10-01,"ny_yankees","NY Yankees",0,0
2025-10-02,"carolina_hurricanes","Caroline Hurricanes",0,0
2025-10-02,"ducati","Ducati",0,0
2025-10-02,"f1","F1",0,0
2025-10-02,"fcwc","FCWC",0,0
2025-10-02,"fifa","FIFA",6619776,2184254
2025-10-02,"fifae","FIFAe",0,0
2025-10-02,"fifaewc","FIFAeWC",0,0
2025-10-02,"fwc","FWC",13726825,10262967
2025-10-02,"fwwc","FWWC",0,0
2025-10-02,"infantino","Infantino",0,0
2025-10-02,"montreal_canadiens","Montreal Canadiens",0,0
2025-10-02,"motogp","MotoGP",25917563,16128092
2025-10-02,"ny_yankees","NY Yankees",0,0
2025-10-03,"carolina_hurricanes","Caroline Hurricanes",292536,283759
2025-10-03,"ducati","Ducati",1084282,0
2025-10-03,"f1","F1",22830798,7197334
2025-10-03,"fcwc","FCWC",15860519,16069649
2025-10-03,"fifa","FIFA",3188157,1129156
2025-10-03,"fifae","FIFAe",0,0
2025-10-03,"fifaewc","FIFAeWC",0,0
2025-10-03,"fwc","FWC",3079613,2510870
2025-10-03,"fwwc","FWWC",0,0
2025-10-03,"infantino","Infantino",0,0
2025-10-03,"montreal_canadiens","Montreal Canadiens",0,0
2025-10-03,"motogp","MotoGP",31365678,24008089
2025-10-03,"ny_yankees","NY Yankees",0,0
2025-10-04,"carolina_hurricanes","Caroline Hurricanes",44613,0
2025-10-04,"ducati","Ducati",2091830,0
2025-10-04,"f1","F1",21390289,16689858
2025-10-04,"fcwc","FCWC",0,0
2025-10-04,"fifa","FIFA",4347252,1484718
2025-10-04,"fifae","FIFAe",0,0
2025-10-04,"fifaewc","FIFAeWC",0,0
2025-10-04,"fwc","FWC",13762943,11797726
2025-10-04,"fwwc","FWWC",0,0
2025-10-04,"infantino","Infantino",0,0
2025-10-04,"montreal_canadiens","Montreal Canadiens",0,0
2025-10-04,"motogp","MotoGP",59864751,54344653
2025-10-04,"ny_yankees","NY Yankees",0,0
2025-10-05,"carolina_hurricanes","Caroline Hurricanes",45190,0
2025-10-05,"ducati","Ducati",1274504,0
2025-10-05,"f1","F1",17173704,12659650
2025-10-05,"fcwc","FCWC",0,0
2025-10-05,"fifa","FIFA",6139286,2128708
2025-10-05,"fifae","FIFAe",0,0
2025-10-05,"fifaewc","FIFAeWC",0,0
2025-10-05,"fwc","FWC",8495131,8058859
2025-10-05,"fwwc","FWWC",0,0
2025-10-05,"infantino","Infantino",0,0
2025-10-05,"montreal_canadiens","Montreal Canadiens",0,0
2025-10-05,"motogp","MotoGP",35209961,31003174
2025-10-05,"ny_yankees","NY Yankees",0,0
2025-10-06,"carolina_hurricanes","Caroline Hurricanes",473401,0
2025-10-06,"ducati","Ducati",255355,0
2025-10-06,"f1","F1",20178412,17756464
2025-10-06,"fcwc","FCWC",0,0
2025-10-06,"fifa","FIFA",4569214,1598100
2025-10-06,"fifae","FIFAe",0,0
2025-10-06,"fifaewc","FIFAeWC",0,0
2025-10-06,"fwc","FWC",16578132,13566403
2025-10-06,"fwwc","FWWC",0,0
2025-10-06,"infantino","Infantino",0,0
2025-10-06,"montreal_canadiens","Montreal Canadiens",0,0
2025-10-06,"motogp","MotoGP",13825693,1689873
2025-10-06,"ny_yankees","NY Yankees",0,0
2025-10-07,"carolina_hurricanes","Caroline Hurricanes",0,0
2025-10-07,"ducati","Ducati",173175,0
2025-10-07,"f1","F1",147016,83739
2025-10-07,"fcwc","FCWC",0,0
2025-10-07,"fifa","FIFA",2080128,686209
2025-10-07,"fifae","FIFAe",0,0
2025-10-07,"fifaewc","FIFAeWC",0,0
2025-10-07,"fwc","FWC",0,0
2025-10-07,"fwwc","FWWC",0,0
2025-10-07,"infantino","Infantino",51603,51283
2025-10-07,"montreal_canadiens","Montreal Canadiens",0,0
2025-10-07,"motogp","MotoGP",82772775,46710078
2025-10-07,"ny_yankees","NY Yankees",0,0
2025-10-08,"carolina_hurricanes","Caroline Hurricanes",250716,161093
2025-10-08,"ducati","Ducati",13070,0
2025-10-08,"f1","F1",0,0
2025-10-08,"fcwc","FCWC",0,0
2025-10-08,"fifa","FIFA",0,0
2025-10-08,"fifae","FIFAe",0,0
2025-10-08,"fifaewc","FIFAeWC",0,0
2025-10-08,"fwc","FWC",498759,207504
2025-10-08,"fwwc","FWWC",0,0
2025-10-08,"infantino","Infantino",0,0
2025-10-08,"montreal_canadiens","Montreal Canadiens",0,0
2025-10-08,"motogp","MotoGP",9417930,7511612
2025-10-08,"ny_yankees","NY Yankees",0,0
2025-10-09,"carolina_hurricanes","Caroline Hurricanes",485907,334228
2025-10-09,"ducati","Ducati",0,0
2025-10-09,"f1","F1",0,0
2025-10-09,"fcwc","FCWC",0,0
2025-10-09,"fifa","FIFA",4180167,1379535
2025-10-09,"fifae","FIFAe",0,0
2025-10-09,"fifaewc","FIFAeWC",0,0
2025-10-09,"fwc","FWC",14468711,13878794
2025-10-09,"fwwc","FWWC",0,0
2025-10-09,"infantino","Infantino",0,0
2025-10-09,"montreal_canadiens","Montreal Canadiens",0,0
2025-10-09,"motogp","MotoGP",2356071,1633106
2025-10-09,"ny_yankees","NY Yankees",0,0
2025-10-10,"carolina_hurricanes","Caroline Hurricanes",1716948,1313471
2025-10-10,"ducati","Ducati",506552,0
2025-10-10,"f1","F1",72188,0
2025-10-10,"fcwc","FCWC",0,0
2025-10-10,"fifa","FIFA",6526182,2240120
2025-10-10,"fifae","FIFAe",0,0
2025-10-10,"fifaewc","FIFAeWC",0,0
2025-10-10,"fwc","FWC",9561870,8206488
2025-10-10,"fwwc","FWWC",0,0
2025-10-10,"infantino","Infantino",0,0
2025-10-10,"montreal_canadiens","Montreal Canadiens",0,0
2025-10-10,"motogp","MotoGP",6395314,1688777
2025-10-10,"ny_yankees","NY Yankees",0,0
2025-10-11,"carolina_hurricanes","Caroline Hurricanes",21655,21289
2025-10-11,"ducati","Ducati",110585,0
2025-10-11,"f1","F1",4981960,4832501
2025-10-11,"fcwc","FCWC",0,0
2025-10-11,"fifa","FIFA",0,0
2025-10-11,"fifae","FIFAe",0,0
2025-10-11,"fifaewc","FIFAeWC",0,0
2025-10-11,"fwc","FWC",0,0
2025-10-11,"fwwc","FWWC",0,0
2025-10-11,"infantino","Infantino",0,0
2025-10-11,"montreal_canadiens","Montreal Canadiens",0,0
2025-10-11,"motogp","MotoGP",1528483,1136942
2025-10-11,"ny_yankees","NY Yankees",0,0
2025-10-12,"carolina_hurricanes","Caroline Hurricanes",984781,701300
2025-10-12,"ducati","Ducati",122388,0
2025-10-12,"f1","F1",0,0
2025-10-12,"fcwc","FCWC",0,0
2025-10-12,"fifa","FIFA",8186623,2707347
2025-10-12,"fifae","FIFAe",0,0
2025-10-12,"fifaewc","FIFAeWC",0,0
2025-10-12,"fwc","FWC",5651788,4984169
2025-10-12,"fwwc","FWWC",0,0
2025-10-12,"infantino","Infantino",0,0
2025-10-12,"montreal_canadiens","Montreal Canadiens",0,0
2025-10-12,"motogp","MotoGP",2898535,1738888
2025-10-12,"ny_yankees","NY Yankees",0,0
2025-10-13,"carolina_hurricanes","Caroline Hurricanes",71081,0
2025-10-13,"ducati","Ducati",0,0
2025-10-13,"f1","F1",5809980,0
2025-10-13,"fcwc","FCWC",2895732,2850908
2025-10-13,"fifa","FIFA",7803861,2576081
2025-10-13,"fifae","FIFAe",0,0
2025-10-13,"fifaewc","FIFAeWC",0,0
2025-10-13,"fwc","FWC",4501740,4205538
2025-10-13,"fwwc","FWWC",0,0
2025-10-13,"infantino","Infantino",0,0
2025-10-13,"montreal_canadiens","Montreal Canadiens",0,0
2025-10-13,"motogp","MotoGP",1667691,1647501
2025-10-13,"ny_yankees","NY Yankees",0,0
2025-10-14,"carolina_hurricanes","Caroline Hurricanes",80434,40189
2025-10-14,"ducati","Ducati",569926,0
2025-10-14,"f1","F1",1118643,1100011
2025-10-14,"fcwc","FCWC",0,0
2025-10-14,"fifa","FIFA",0,0
2025-10-14,"fifae","FIFAe",0,0
2025-10-14,"fifaewc","FIFAeWC",0,0
2025-10-14,"fwc","FWC",0,0
2025-10-14,"fwwc","FWWC",0,0
2025-10-14,"infantino","Infantino",0,0
2025-10-14,"montreal_canadiens","Montreal Canadiens",0,0
2025-10-14,"motogp","MotoGP",5428759,2279805
2025-10-14,"ny_yankees","NY Yankees",0,0
2025-10-15,"carolina_hurricanes","Caroline Hurricanes",1129178,444274
2025-10-15,"ducati","Ducati",22259,0
2025-10-15,"f1","F1",9258815,8735059
2025-10-15,"fcwc","FCWC",0,0
2025-10-15,"fifa","FIFA",109468,57090
2025-10-15,"fifae","FIFAe",0,0
2025-10-15,"fifaewc","FIFAeWC",0,0
2025-10-15,"fwc","FWC",0,0
2025-10-15,"fwwc","FWWC",0,0
2025-10-15,"infantino","Infantino",0,0
2025-10-15,"montreal_canadiens","Montreal Canadiens",0,0
2025-10-15,"motogp","MotoGP",1697082,1612188
2025-10-15,"ny_yankees","NY Yankees",0,0
2025-10-16,"carolina_hurricanes","Caroline Hurricanes",93232,79806
2025-10-16,"ducati","Ducati",420502,0
2025-10-16,"f1","F1",4264979,3871398
2025-10-16,"fcwc","FCWC",0,0
2025-10-16,"fifa","FIFA",5894793,1944305
2025-10-16,"fifae","FIFAe",0,0
2025-10-16,"fifaewc","FIFAeWC",0,0
2025-10-16,"fwc","FWC",1416976,1209352
2025-10-16,"fwwc","FWWC",0,0
2025-10-16,"infantino","Infantino",0,0
2025-10-16,"montreal_canadiens","Montreal Canadiens",0,0
2025-10-16,"motogp","MotoGP",9960529,1910498
2025-10-16,"ny_yankees","NY Yankees",0,0
2025-10-17,"carolina_hurricanes","Caroline Hurricanes",1356006,634502
2025-10-17,"ducati","Ducati",961422,0
2025-10-17,"f1","F1",3955504,1348021
2025-10-17,"fcwc","FCWC",0,0
2025-10-17,"fifa","FIFA",148198,73128
2025-10-17,"fifae","FIFAe",0,0
2025-10-17,"fifaewc","FIFAeWC",0,0
2025-10-17,"fwc","FWC",17750,5206
2025-10-17,"fwwc","FWWC",1885,0
2025-10-17,"infantino","Infantino",0,0
2025-10-17,"montreal_canadiens","Montreal Canadiens",0,0
2025-10-17,"motogp","MotoGP",496846,90926
2025-10-17,"ny_yankees","NY Yankees",0,0
2025-10-18,"carolina_hurricanes","Caroline Hurricanes",544134,127397
2025-10-18,"ducati","Ducati",1111334,0
2025-10-18,"f1","F1",21973256,20898748
2025-10-18,"fcwc","FCWC",0,0
2025-10-18,"fifa","FIFA",5398796,1946837
2025-10-18,"fifae","FIFAe",0,0
2025-10-18,"fifaewc","FIFAeWC",0,0
2025-10-18,"fwc","FWC",77876,19607
2025-10-18,"fwwc","FWWC",3849286,1780374
2025-10-18,"infantino","Infantino",0,0
2025-10-18,"montreal_canadiens","Montreal Canadiens",0,0
2025-10-18,"motogp","MotoGP",396221,252063
2025-10-18,"ny_yankees","NY Yankees",0,0
2025-10-19,"carolina_hurricanes","Caroline Hurricanes",1011502,683178
2025-10-19,"ducati","Ducati",879730,0
2025-10-19,"f1","F1",36221310,32770316
2025-10-19,"fcwc","FCWC",0,0
2025-10-19,"fifa","FIFA",2385246,869995
2025-10-19,"fifae","FIFAe",0,0
2025-10-19,"fifaewc","FIFAeWC",0,0
2025-10-19,"fwc","FWC",5389393,5150711
2025-10-19,"fwwc","FWWC",2274142,1845180
2025-10-19,"infantino","Infantino",0,0
2025-10-19,"montreal_canadiens","Montreal Canadiens",0,0
2025-10-19,"motogp","MotoGP",5424509,1255608
2025-10-19,"ny_yankees","NY Yankees",0,0
2025-10-20,"carolina_hurricanes","Caroline Hurricanes",173458,138263
2025-10-20,"ducati","Ducati",0,0
2025-10-20,"f1","F1",17924465,15609678
2025-10-20,"fcwc","FCWC",0,0
2025-10-20,"fifa","FIFA",14527577,4853858
2025-10-20,"fifae","FIFAe",0,0
2025-10-20,"fifaewc","FIFAeWC",0,0
2025-10-20,"fwc","FWC",9031585,8085125
2025-10-20,"fwwc","FWWC",4424389,4140206
2025-10-20,"infantino","Infantino",0,0
2025-10-20,"montreal_canadiens","Montreal Canadiens",0,0
2025-10-20,"motogp","MotoGP",4659770,0
2025-10-20,"ny_yankees","NY Yankees",0,0
2025-10-21,"carolina_hurricanes","Caroline Hurricanes",201622,30626
2025-10-21,"ducati","Ducati",98376,0
2025-10-21,"f1","F1",5128422,4895486
2025-10-21,"fcwc","FCWC",0,0
2025-10-21,"fifa","FIFA",18013828,8891593
2025-10-21,"fifae","FIFAe",0,0
2025-10-21,"fifaewc","FIFAeWC",0,0
2025-10-21,"fwc","FWC",3044,244
2025-10-21,"fwwc","FWWC",962610,736357
2025-10-21,"infantino","Infantino",0,0
2025-10-21,"montreal_canadiens","Montreal Canadiens",0,0
2025-10-21,"motogp","MotoGP",639923,602727
2025-10-21,"ny_yankees","NY Yankees",0,0
2025-10-22,"carolina_hurricanes","Caroline Hurricanes",0,0
2025-10-22,"ducati","Ducati",103493,0
2025-10-22,"f1","F1",3248592,2888240
2025-10-22,"fcwc","FCWC",0,0
2025-10-22,"fifa","FIFA",2712115,1219411
2025-10-22,"fifae","FIFAe",0,0
2025-10-22,"fifaewc","FIFAeWC",0,0
2025-10-22,"fwc","FWC",9898,795
2025-10-22,"fwwc","FWWC",1559223,1217427
2025-10-22,"infantino","Infantino",0,0
2025-10-22,"montreal_canadiens","Montreal Canadiens",0,0
2025-10-22,"motogp","MotoGP",7799999,2926157
2025-10-22,"ny_yankees","NY Yankees",0,0
2025-10-23,"carolina_hurricanes","Caroline Hurricanes",106049,0
2025-10-23,"ducati","Ducati",1168950,0
2025-10-23,"f1","F1",1129290,1110059
2025-10-23,"fcwc","FCWC",0,0
2025-10-23,"fifa","FIFA",1038708,439293
2025-10-23,"fifae","FIFAe",0,0
2025-10-23,"fifaewc","FIFAeWC",0,0
2025-10-23,"fwc","FWC",6471,519
2025-10-23,"fwwc","FWWC",9898609,7177669
2025-10-23,"infantino","Infantino",0,0
2025-10-23,"montreal_canadiens","Montreal Canadiens",0,0
2025-10-23,"motogp","MotoGP",4306885,2053229
2025-10-23,"ny_yankees","NY Yankees",0,0
2025-10-24,"carolina_hurricanes","Caroline Hurricanes",1782041,636906
2025-10-24,"ducati","Ducati",389002,0
2025-10-24,"f1","F1",14840120,10141970
2025-10-24,"fcwc","FCWC",0,0
2025-10-24,"fifa","FIFA",554721,186772
2025-10-24,"fifae","FIFAe",0,0
2025-10-24,"fifaewc","FIFAeWC",0,0
2025-10-24,"fwc","FWC",11771,2708
2025-10-24,"fwwc","FWWC",219234,182586
2025-10-24,"infantino","Infantino",0,0
2025-10-24,"montreal_canadiens","Montreal Canadiens",0,0
2025-10-24,"motogp","MotoGP",6241374,3046288
2025-10-24,"ny_yankees","NY Yankees",0,0
2025-10-25,"carolina_hurricanes","Caroline Hurricanes",42169,0
2025-10-25,"ducati","Ducati",775425,0
2025-10-25,"f1","F1",7683614,5091803
2025-10-25,"fcwc","FCWC",814417,810248
2025-10-25,"fifa","FIFA",6826734,2875406
2025-10-25,"fifae","FIFAe",0,0
2025-10-25,"fifaewc","FIFAeWC",0,0
2025-10-25,"fwc","FWC",74235,5970
2025-10-25,"fwwc","FWWC",5004782,3932382
2025-10-25,"infantino","Infantino",0,0
2025-10-25,"montreal_canadiens","Montreal Canadiens",0,0
2025-10-25,"motogp","MotoGP",23654131,12852425
2025-10-25,"ny_yankees","NY Yankees",0,0
2025-10-26,"carolina_hurricanes","Caroline Hurricanes",238340,68708
2025-10-26,"ducati","Ducati",305974,0
2025-10-26,"f1","F1",5109559,3996545
2025-10-26,"fcwc","FCWC",0,0
2025-10-26,"fifa","FIFA",841683,336250
2025-10-26,"fifae","FIFAe",0,0
2025-10-26,"fifaewc","FIFAeWC",0,0
2025-10-26,"fwc","FWC",3045,243
2025-10-26,"fwwc","FWWC",5510608,5468251
2025-10-26,"infantino","Infantino",0,0
2025-10-26,"montreal_canadiens","Montreal Canadiens",0,0
2025-10-26,"motogp","MotoGP",16742434,13467512
2025-10-26,"ny_yankees","NY Yankees",0,0
2025-10-27,"carolina_hurricanes","Caroline Hurricanes",205229,166670
2025-10-27,"ducati","Ducati",0,0
2025-10-27,"f1","F1",12834519,4003746
2025-10-27,"fcwc","FCWC",0,0
2025-10-27,"fifa","FIFA",120405,120340
2025-10-27,"fifae","FIFAe",0,0
2025-10-27,"fifaewc","FIFAeWC",0,0
2025-10-27,"fwc","FWC",33110,7387
2025-10-27,"fwwc","FWWC",1491086,1479760
2025-10-27,"infantino","Infantino",79830,78582
2025-10-27,"montreal_canadiens","Montreal Canadiens",0,0
2025-10-27,"motogp","MotoGP",10168643,1648434
2025-10-27,"ny_yankees","NY Yankees",0,0
2025-10-28,"carolina_hurricanes","Caroline Hurricanes",40150,30628
2025-10-28,"ducati","Ducati",0,0
2025-10-28,"f1","F1",3631348,498354
2025-10-28,"fcwc","FCWC",0,0
2025-10-28,"fifa","FIFA",3097589,2105974
2025-10-28,"fifae","FIFAe",0,0
2025-10-28,"fifaewc","FIFAeWC",0,0
2025-10-28,"fwc","FWC",10892,2739
2025-10-28,"fwwc","FWWC",1326275,1097648
2025-10-28,"infantino","Infantino",0,0
2025-10-28,"montreal_canadiens","Montreal Canadiens",0,0
2025-10-28,"motogp","MotoGP",25014943,23928431
2025-10-28,"ny_yankees","NY Yankees",0,0
2025-10-29,"carolina_hurricanes","Caroline Hurricanes",5291070,5199995
2025-10-29,"ducati","Ducati",5211,0
2025-10-29,"f1","F1",9141,8866
2025-10-29,"fcwc","FCWC",0,0
2025-10-29,"fifa","FIFA",2257690,1171542
2025-10-29,"fifae","FIFAe",0,0
2025-10-29,"fifaewc","FIFAeWC",0,0
2025-10-29,"fwc","FWC",8628,3550
2025-10-29,"fwwc","FWWC",3982162,3961972
2025-10-29,"infantino","Infantino",0,0
2025-10-29,"montreal_canadiens","Montreal Canadiens",0,0
2025-10-29,"motogp","MotoGP",1339434,998385
2025-10-29,"ny_yankees","NY Yankees",0,0
2025-10-30,"carolina_hurricanes","Caroline Hurricanes",344185,256138
2025-10-30,"ducati","Ducati",809828,0
2025-10-30,"f1","F1",355370,86390
2025-10-30,"fcwc","FCWC",0,0
2025-10-30,"fifa","FIFA",1218229,414930
2025-10-30,"fifae","FIFAe",0,0
2025-10-30,"fifaewc","FIFAeWC",0,0
2025-10-30,"fwc","FWC",31927,274
2025-10-30,"fwwc","FWWC",364438,340057
2025-10-30,"infantino","Infantino",0,0
2025-10-30,"montreal_canadiens","Montreal Canadiens",0,0
2025-10-30,"motogp","MotoGP",0,0
2025-10-30,"ny_yankees","NY Yankees",0,0
2025-10-31,"carolina_hurricanes","Caroline Hurricanes",907266,630763
2025-10-31,"ducati","Ducati",31718,0
2025-10-31,"f1","F1",0,0
2025-10-31,"fcwc","FCWC",0,0
2025-10-31,"fifa","FIFA",0,0
2025-10-31,"fifae","FIFAe",0,0
2025-10-31,"fifaewc","FIFAeWC",0,0
2025-10-31,"fwc","FWC",0,0
2025-10-31,"fwwc","FWWC",283523,279374
2025-10-31,"infantino","Infantino",0,0
2025-10-31,"montreal_canadiens","Montreal Canadiens",0,0
2025-10-31,"motogp","MotoGP",620054,591783
2025-10-31,"ny_yankees","NY Yankees",0,0
2025-11-01,"carolina_hurricanes","Caroline Hurricanes",211339,135466
2025-11-01,"ducati","Ducati",0,0
2025-11-01,"f1","F1",5190110,0
2025-11-01,"fcwc","FCWC",0,0
2025-11-01,"fifa","FIFA",0,0
2025-11-01,"fifae","FIFAe",0,0
2025-11-01,"fifaewc","FIFAeWC",0,0
2025-11-01,"fwc","FWC",0,0
2025-11-01,"fwwc","FWWC",0,0
2025-11-01,"infantino","Infantino",0,0
2025-11-01,"montreal_canadiens","Montreal Canadiens",0,0
2025-11-01,"motogp","MotoGP",6889856,6283642
2025-11-01,"ny_yankees","NY Yankees",0,0
2025-11-02,"carolina_hurricanes","Caroline Hurricanes",15721,5396
2025-11-02,"ducati","Ducati",0,0
2025-11-02,"f1","F1",45460,0
2025-11-02,"fcwc","FCWC",0,0
2025-11-02,"fifa","FIFA",943611,312366
2025-11-02,"fifae","FIFAe",0,0
2025-11-02,"fifaewc","FIFAeWC",0,0
2025-11-02,"fwc","FWC",0,0
2025-11-02,"fwwc","FWWC",579460,560068
2025-11-02,"infantino","Infantino",0,0
2025-11-02,"montreal_canadiens","Montreal Canadiens",0,0
2025-11-02,"motogp","MotoGP",3557511,2466778
2025-11-02,"ny_yankees","NY Yankees",0,0
2025-11-03,"carolina_hurricanes","Caroline Hurricanes",0,0
2025-11-03,"ducati","Ducati",0,0
2025-11-03,"f1","F1",63400,19416
2025-11-03,"fcwc","FCWC",0,0
2025-11-03,"fifa","FIFA",11983863,4630127
2025-11-03,"fifae","FIFAe",0,0
2025-11-03,"fifaewc","FIFAeWC",0,0
2025-11-03,"fwc","FWC",9287837,8736375
2025-11-03,"fwwc","FWWC",0,0
2025-11-03,"infantino","Infantino",0,0
2025-11-03,"montreal_canadiens","Montreal Canadiens",0,0
2025-11-03,"motogp","MotoGP",4609953,2666294
2025-11-03,"ny_yankees","NY Yankees",0,0
2025-11-04,"carolina_hurricanes","Caroline Hurricanes",12785,3379
2025-11-04,"ducati","Ducati",0,0
2025-11-04,"f1","F1",7828567,7477909
2025-11-04,"fcwc","FCWC",1573933,1555180
2025-11-04,"fifa","FIFA",9066594,3302217
2025-11-04,"fifae","FIFAe",0,0
2025-11-04,"fifaewc","FIFAeWC",0,0
2025-11-04,"fwc","FWC",2254805,2160353
2025-11-04,"fwwc","FWWC",981084,979675
2025-11-04,"infantino","Infantino",0,0
2025-11-04,"montreal_canadiens","Montreal Canadiens",0,0
2025-11-04,"motogp","MotoGP",5011872,2546450
2025-11-04,"ny_yankees","NY Yankees",0,0
2025-11-05,"carolina_hurricanes","Caroline Hurricanes",798006,195190
2025-11-05,"ducati","Ducati",10650,0
2025-11-05,"f1","F1",16763241,16310726
2025-11-05,"fcwc","FCWC",0,0
2025-11-05,"fifa","FIFA",5139799,1741780
2025-11-05,"fifae","FIFAe",0,0
2025-11-05,"fifaewc","FIFAeWC",0,0
2025-11-05,"fwc","FWC",35730827,34948135
2025-11-05,"fwwc","FWWC",802566,801094
2025-11-05,"infantino","Infantino",0,0
2025-11-05,"montreal_canadiens","Montreal Canadiens",0,0
2025-11-05,"motogp","MotoGP",8503281,7990546
2025-11-05,"ny_yankees","NY Yankees",0,0
2025-11-06,"carolina_hurricanes","Caroline Hurricanes",0,0
2025-11-06,"ducati","Ducati",2304503,0
2025-11-06,"f1","F1",25540712,16475011
2025-11-06,"fcwc","FCWC",0,0
2025-11-06,"fifa","FIFA",9038647,3636218
2025-11-06,"fifae","FIFAe",0,0
2025-11-06,"fifaewc","FIFAeWC",0,0
2025-11-06,"fwc","FWC",4677875,4210206
2025-11-06,"fwwc","FWWC",0,0
2025-11-06,"infantino","Infantino",0,0
2025-11-06,"montreal_canadiens","Montreal Canadiens",0,0
2025-11-06,"motogp","MotoGP",535731,0
2025-11-06,"ny_yankees","NY Yankees",0,0
2025-11-07,"carolina_hurricanes","Caroline Hurricanes",324721,89199
2025-11-07,"ducati","Ducati",210886,0
2025-11-07,"f1","F1",16120919,12879843
2025-11-07,"fcwc","FCWC",0,0
2025-11-07,"fifa","FIFA",10859203,4187758
2025-11-07,"fifae","FIFAe",0,0
2025-11-07,"fifaewc","FIFAeWC",0,0
2025-11-07,"fwc","FWC",4463559,4212966
2025-11-07,"fwwc","FWWC",0,0
2025-11-07,"infantino","Infantino",0,0
2025-11-07,"montreal_canadiens","Montreal Canadiens",0,0
2025-11-07,"motogp","MotoGP",905741,252329
2025-11-07,"ny_yankees","NY Yankees",0,0
2025-11-08,"carolina_hurricanes","Caroline Hurricanes",0,0
2025-11-08,"ducati","Ducati",604161,0
2025-11-08,"f1","F1",4132702,3141839
2025-11-08,"fcwc","FCWC",0,0
2025-11-08,"fifa","FIFA",5530373,2044792
2025-11-08,"fifae","FIFAe",0,0
2025-11-08,"fifaewc","FIFAeWC",0,0
2025-11-08,"fwc","FWC",1678178,1615740
2025-11-08,"fwwc","FWWC",0,0
2025-11-08,"infantino","Infantino",0,0
2025-11-08,"montreal_canadiens","Montreal Canadiens",0,0
2025-11-08,"motogp","MotoGP",1035975,529126
2025-11-08,"ny_yankees","NY Yankees",0,0
2025-11-09,"carolina_hurricanes","Caroline Hurricanes",622374,493773
2025-11-09,"ducati","Ducati",415108,0
2025-11-09,"f1","F1",31084007,29751630
2025-11-09,"fcwc","FCWC",0,0
2025-11-09,"fifa","FIFA",10856515,4830048
2025-11-09,"fifae","FIFAe",0,0
2025-11-09,"fifaewc","FIFAeWC",0,0
2025-11-09,"fwc","FWC",8267107,1874302
2025-11-09,"fwwc","FWWC",2612993,2555772
2025-11-09,"infantino","Infantino",98899,98714
2025-11-09,"montreal_canadiens","Montreal Canadiens",0,0
2025-11-09,"motogp","MotoGP",4689931,3844027
2025-11-09,"ny_yankees","NY Yankees",0,0
2025-11-10,"carolina_hurricanes","Caroline Hurricanes",532812,271845
2025-11-10,"ducati","Ducati",0,0
2025-11-10,"f1","F1",4895325,4263469
2025-11-10,"fcwc","FCWC",0,0
2025-11-10,"fifa","FIFA",10940517,4431977
2025-11-10,"fifae","FIFAe",0,0
2025-11-10,"fifaewc","FIFAeWC",0,0
2025-11-10,"fwc","FWC",2953490,2815814
2025-11-10,"fwwc","FWWC",0,0
2025-11-10,"infantino","Infantino",0,0
2025-11-10,"montreal_canadiens","Montreal Canadiens",0,0
2025-11-10,"motogp","MotoGP",2933770,550496
2025-11-10,"ny_yankees","NY Yankees",0,0
2025-11-11,"carolina_hurricanes","Caroline Hurricanes",59077,41325
2025-11-11,"ducati","Ducati",289920,0
2025-11-11,"f1","F1",8867926,286304
2025-11-11,"fcwc","FCWC",0,0
2025-11-11,"fifa","FIFA",6663000,2202532
2025-11-11,"fifae","FIFAe",0,0
2025-11-11,"fifaewc","FIFAeWC",0,0
2025-11-11,"fwc","FWC",11122005,10564733
2025-11-11,"fwwc","FWWC",0,0
2025-11-11,"infantino","Infantino",0,0
2025-11-11,"montreal_canadiens","Montreal Canadiens",0,0
2025-11-11,"motogp","MotoGP",2310926,1744225
2025-11-11,"ny_yankees","NY Yankees",0,0
2025-11-12,"carolina_hurricanes","Caroline Hurricanes",157548,32806
2025-11-12,"ducati","Ducati",13057,0
2025-11-12,"f1","F1",4500,1399
2025-11-12,"fcwc","FCWC",0,0
2025-11-12,"fifa","FIFA",0,0
2025-11-12,"fifae","FIFAe",0,0
2025-11-12,"fifaewc","FIFAeWC",0,0
2025-11-12,"fwc","FWC",10569,2258
2025-11-12,"fwwc","FWWC",0,0
2025-11-12,"infantino","Infantino",0,0
2025-11-12,"montreal_canadiens","Montreal Canadiens",0,0
2025-11-12,"motogp","MotoGP",9640736,4053842
2025-11-12,"ny_yankees","NY Yankees",0,0
2025-11-13,"carolina_hurricanes","Caroline Hurricanes",164370,82681
2025-11-13,"ducati","Ducati",123143,0
2025-11-13,"f1","F1",5125317,4971557
2025-11-13,"fcwc","FCWC",0,0
2025-11-13,"fifa","FIFA",75792,24874
2025-11-13,"fifae","FIFAe",0,0
2025-11-13,"fifaewc","FIFAeWC",0,0
2025-11-13,"fwc","FWC",0,0
2025-11-13,"fwwc","FWWC",4582264,775464
2025-11-13,"infantino","Infantino",0,0
2025-11-13,"montreal_canadiens","Montreal Canadiens",0,0
2025-11-13,"motogp","MotoGP",2615714,1875756
2025-11-13,"ny_yankees","NY Yankees",0,0
2025-11-14,"carolina_hurricanes","Caroline Hurricanes",159572,81176
2025-11-14,"ducati","Ducati",1879547,1742838
2025-11-14,"f1","F1",26200,8150
2025-11-14,"fcwc","FCWC",0,0
2025-11-14,"fifa","FIFA",10167335,4209924
2025-11-14,"fifae","FIFAe",0,0
2025-11-14,"fifaewc","FIFAeWC",0,0
2025-11-14,"fwc","FWC",10882632,10488828
2025-11-14,"fwwc","FWWC",0,0
2025-11-14,"infantino","Infantino",0,0
2025-11-14,"montreal_canadiens","Montreal Canadiens",0,0
2025-11-14,"motogp","MotoGP",698651,320882
2025-11-14,"ny_yankees","NY Yankees",0,0
2025-11-15,"carolina_hurricanes","Caroline Hurricanes",602652,474199
2025-11-15,"ducati","Ducati",369971,0
2025-11-15,"f1","F1",0,0
2025-11-15,"fcwc","FCWC",0,0
2025-11-15,"fifa","FIFA",18188475,13104989
2025-11-15,"fifae","FIFAe",0,0
2025-11-15,"fifaewc","FIFAeWC",0,0
2025-11-15,"fwc","FWC",3239840,4671525
2025-11-15,"fwwc","FWWC",0,0
2025-11-15,"infantino","Infantino",0,0
2025-11-15,"montreal_canadiens","Montreal Canadiens",0,0
2025-11-15,"motogp","MotoGP",35910911,32650294
2025-11-15,"ny_yankees","NY Yankees",0,0
2025-11-16,"carolina_hurricanes","Caroline Hurricanes",62052,23434
2025-11-16,"ducati","Ducati",847072,0
2025-11-16,"f1","F1",0,0
2025-11-16,"fcwc","FCWC",0,0
2025-11-16,"fifa","FIFA",33896,33778
2025-11-16,"fifae","FIFAe",0,0
2025-11-16,"fifaewc","FIFAeWC",0,0
2025-11-16,"fwc","FWC",1437749,1432997
2025-11-16,"fwwc","FWWC",0,0
2025-11-16,"infantino","Infantino",0,0
2025-11-16,"montreal_canadiens","Montreal Canadiens",0,0
2025-11-16,"motogp","MotoGP",21526628,11031060
2025-11-16,"ny_yankees","NY Yankees",0,0
2025-11-17,"carolina_hurricanes","Caroline Hurricanes",11341,3170
2025-11-17,"ducati","Ducati",0,0
2025-11-17,"f1","F1",4540951,4363064
2025-11-17,"fcwc","FCWC",0,0
2025-11-17,"fifa","FIFA",50390,4812
2025-11-17,"fifae","FIFAe",0,0
2025-11-17,"fifaewc","FIFAeWC",0,0
2025-11-17,"fwc","FWC",630663,620483
2025-11-17,"fwwc","FWWC",0,0
2025-11-17,"infantino","Infantino",0,0
2025-11-17,"montreal_canadiens","Montreal Canadiens",0,0
2025-11-17,"motogp","MotoGP",4821761,2592304
2025-11-17,"ny_yankees","NY Yankees",0,0
2025-11-18,"carolina_hurricanes","Caroline Hurricanes",676827,114071
2025-11-18,"ducati","Ducati",4846496,0
2025-11-18,"f1","F1",0,0
2025-11-18,"fcwc","FCWC",0,0
2025-11-18,"fifa","FIFA",10821423,4514450
2025-11-18,"fifae","FIFAe",0,0
2025-11-18,"fifaewc","FIFAeWC",0,0
2025-11-18,"fwc","FWC",0,0
2025-11-18,"fwwc","FWWC",2205588,2205609
2025-11-18,"infantino","Infantino",0,0
2025-11-18,"montreal_canadiens","Montreal Canadiens",0,0
2025-11-18,"motogp","MotoGP",8452463,2679104
2025-11-18,"ny_yankees","NY Yankees",0,0
2025-11-19,"carolina_hurricanes","Caroline Hurricanes",0,0
2025-11-19,"ducati","Ducati",0,0
2025-11-19,"f1","F1",4671264,4632474
2025-11-19,"fcwc","FCWC",0,0
2025-11-19,"fifa","FIFA",141451,41420
2025-11-19,"fifae","FIFAe",0,0
2025-11-19,"fifaewc","FIFAeWC",0,0
2025-11-19,"fwc","FWC",6638121,5630014
2025-11-19,"fwwc","FWWC",0,0
2025-11-19,"infantino","Infantino",0,0
2025-11-19,"montreal_canadiens","Montreal Canadiens",0,0
2025-11-19,"motogp","MotoGP",25249551,24590360
2025-11-19,"ny_yankees","NY Yankees",0,0
2025-11-20,"carolina_hurricanes","Caroline Hurricanes",321005,56819
2025-11-20,"ducati","Ducati",0,0
2025-11-20,"f1","F1",6216290,6184699
2025-11-20,"fcwc","FCWC",0,0
2025-11-20,"fifa","FIFA",41905,41841
2025-11-20,"fifae","FIFAe",0,0
2025-11-20,"fifaewc","FIFAeWC",0,0
2025-11-20,"fwc","FWC",18102970,17239522
2025-11-20,"fwwc","FWWC",0,0
2025-11-20,"infantino","Infantino",0,0
2025-11-20,"montreal_canadiens","Montreal Canadiens",0,0
2025-11-20,"motogp","MotoGP",1430873,0
2025-11-20,"ny_yankees","NY Yankees",0,0
2025-11-21,"carolina_hurricanes","Caroline Hurricanes",141949,137690
2025-11-21,"ducati","Ducati",0,0
2025-11-21,"f1","F1",6406736,6781850
2025-11-21,"fcwc","FCWC",0,0
2025-11-21,"fifa","FIFA",9586663,3804672
2025-11-21,"fifae","FIFAe",0,0
2025-11-21,"fifaewc","FIFAeWC",0,0
2025-11-21,"fwc","FWC",9537124,9401268
2025-11-21,"fwwc","FWWC",0,0
2025-11-21,"infantino","Infantino",178687,175410
2025-11-21,"montreal_canadiens","Montreal Canadiens",0,0
2025-11-21,"motogp","MotoGP",2009866,1987348
2025-11-21,"ny_yankees","NY Yankees",0,0
2025-11-22,"carolina_hurricanes","Caroline Hurricanes",762424,545217
2025-11-22,"ducati","Ducati",0,0
2025-11-22,"f1","F1",5226016,5151857
2025-11-22,"fcwc","FCWC",0,0
2025-11-22,"fifa","FIFA",25664,23032
2025-11-22,"fifae","FIFAe",0,0
2025-11-22,"fifaewc","FIFAeWC",0,0
2025-11-22,"fwc","FWC",2777957,2582960
2025-11-22,"fwwc","FWWC",0,0
2025-11-22,"infantino","Infantino",88229,87754
2025-11-22,"montreal_canadiens","Montreal Canadiens",0,0
2025-11-22,"motogp","MotoGP",571572,0
2025-11-22,"ny_yankees","NY Yankees",0,0
2025-11-23,"carolina_hurricanes","Caroline Hurricanes",193447,0
2025-11-23,"ducati","Ducati",235955,0
2025-11-23,"f1","F1",7596804,5648113
2025-11-23,"fcwc","FCWC",0,0
2025-11-23,"fifa","FIFA",1116905,801548
2025-11-23,"fifae","FIFAe",0,0
2025-11-23,"fifaewc","FIFAeWC",0,0
2025-11-23,"fwc","FWC",1717463,1650087
2025-11-23,"fwwc","FWWC",3442446,3398632
2025-11-23,"infantino","Infantino",0,0
2025-11-23,"montreal_canadiens","Montreal Canadiens",0,0
2025-11-23,"motogp","MotoGP",2035257,1491062
2025-11-23,"ny_yankees","NY Yankees",0,0
2025-11-24,"carolina_hurricanes","Caroline Hurricanes",81048,41901
2025-11-24,"ducati","Ducati",0,0
2025-11-24,"f1","F1",260225,256494
2025-11-24,"fcwc","FCWC",0,0
2025-11-24,"fifa","FIFA",6635766,2400477
2025-11-24,"fifae","FIFAe",0,0
2025-11-24,"fifaewc","FIFAeWC",0,0
2025-11-24,"fwc","FWC",20769871,20209700
2025-11-24,"fwwc","FWWC",1151420,1139395
2025-11-24,"infantino","Infantino",153142,120075
2025-11-24,"montreal_canadiens","Montreal Canadiens",0,0
2025-11-24,"motogp","MotoGP",2003092,1496673
2025-11-24,"ny_yankees","NY Yankees",0,0
2025-11-25,"carolina_hurricanes","Caroline Hurricanes",133465,123745
2025-11-25,"ducati","Ducati",11360,0
2025-11-25,"f1","F1",0,0
2025-11-25,"fcwc","FCWC",0,0
2025-11-25,"fifa","FIFA",1303257,431086
2025-11-25,"fifae","FIFAe",0,0
2025-11-25,"fifaewc","FIFAeWC",0,0
2025-11-25,"fwc","FWC",8623,2189
2025-11-25,"fwwc","FWWC",725149,718499
2025-11-25,"infantino","Infantino",0,0
2025-11-25,"montreal_canadiens","Montreal Canadiens",0,0
2025-11-25,"motogp","MotoGP",2273767,2226719
2025-11-25,"ny_yankees","NY Yankees",0,0
2025-11-26,"carolina_hurricanes","Caroline Hurricanes",36003,24916
2025-11-26,"ducati","Ducati",0,0
2025-11-26,"f1","F1",3460262,3202480
2025-11-26,"fcwc","FCWC",0,0
2025-11-26,"fifa","FIFA",2490926,1070616
2025-11-26,"fifae","FIFAe",0,0
2025-11-26,"fifaewc","FIFAeWC",0,0
2025-11-26,"fwc","FWC",861691,850370
2025-11-26,"fwwc","FWWC",623339,596608
2025-11-26,"infantino","Infantino",0,0
2025-11-26,"montreal_canadiens","Montreal Canadiens",0,0
2025-11-26,"motogp","MotoGP",1647575,1293699
2025-11-26,"ny_yankees","NY Yankees",0,0
2025-11-27,"carolina_hurricanes","Caroline Hurricanes",28947,18686
2025-11-27,"ducati","Ducati",264714,0
2025-11-27,"f1","F1",3560621,3539113
2025-11-27,"fcwc","FCWC",0,0
2025-11-27,"fifa","FIFA",7158530,2458689
2025-11-27,"fifae","FIFAe",0,0
2025-11-27,"fifaewc","FIFAeWC",0,0
2025-11-27,"fwc","FWC",11239004,10688475
2025-11-27,"fwwc","FWWC",0,0
2025-11-27,"infantino","Infantino",0,0
2025-11-27,"montreal_canadiens","Montreal Canadiens",0,0
2025-11-27,"motogp","MotoGP",2950121,2278822
2025-11-27,"ny_yankees","NY Yankees",0,0
2025-11-28,"carolina_hurricanes","Caroline Hurricanes",12092,4177
2025-11-28,"ducati","Ducati",0,0
2025-11-28,"f1","F1",0,0
2025-11-28,"fcwc","FCWC",0,0
2025-11-28,"fifa","FIFA",808290,281792
2025-11-28,"fifae","FIFAe",0,0
2025-11-28,"fifaewc","FIFAeWC",0,0
2025-11-28,"fwc","FWC",7121,1987
2025-11-28,"fwwc","FWWC",459383,453173
2025-11-28,"infantino","Infantino",0,0
2025-11-28,"montreal_canadiens","Montreal Canadiens",0,0
2025-11-28,"motogp","MotoGP",17592705,15607359
2025-11-28,"ny_yankees","NY Yankees",0,0
2025-11-29,"carolina_hurricanes","Caroline Hurricanes",635803,536160
2025-11-29,"ducati","Ducati",0,0
2025-11-29,"f1","F1",0,0
2025-11-29,"fcwc","FCWC",0,0
2025-11-29,"fifa","FIFA",1162236,433132
2025-11-29,"fifae","FIFAe",0,0
2025-11-29,"fifaewc","FIFAeWC",0,0
2025-11-29,"fwc","FWC",0,0
2025-11-29,"fwwc","FWWC",86648,81533
2025-11-29,"infantino","Infantino",0,0
2025-11-29,"montreal_canadiens","Montreal Canadiens",0,0
2025-11-29,"motogp","MotoGP",3574139,3381758
2025-11-29,"ny_yankees","NY Yankees",0,0
2025-11-30,"carolina_hurricanes","Caroline Hurricanes",195944,150464
2025-11-30,"ducati","Ducati",0,0
2025-11-30,"f1","F1",0,0
2025-11-30,"fcwc","FCWC",0,0
2025-11-30,"fifa","FIFA",0,0
2025-11-30,"fifae","FIFAe",0,0
2025-11-30,"fifaewc","FIFAeWC",0,0
2025-11-30,"fwc","FWC",0,0
2025-11-30,"fwwc","FWWC",0,0
2025-11-30,"infantino","Infantino",0,0
2025-11-30,"montreal_canadiens","Montreal Canadiens",0,0
2025-11-30,"motogp","MotoGP",1783904,0
2025-11-30,"ny_yankees","NY Yankees",0,0
2025-12-01,"carolina_hurricanes","Caroline Hurricanes",418900,328382
2025-12-01,"ducati","Ducati",0,0
2025-12-01,"f1","F1",0,0
2025-12-01,"fcwc","FCWC",0,0
2025-12-01,"fifa","FIFA",2137168,707361
2025-12-01,"fifae","FIFAe",0,0
2025-12-01,"fifaewc","FIFAeWC",0,0
2025-12-01,"fwc","FWC",0,0
2025-12-01,"fwwc","FWWC",0,0
2025-12-01,"infantino","Infantino",0,0
2025-12-01,"montreal_canadiens","Montreal Canadiens",0,0
2025-12-01,"motogp","MotoGP",4105731,3671116
2025-12-01,"ny_yankees","NY Yankees",0,0
2025-12-02,"carolina_hurricanes","Caroline Hurricanes",0,0
2025-12-02,"ducati","Ducati",0,0
2025-12-02,"f1","F1",0,0
2025-12-02,"fcwc","FCWC",0,0
2025-12-02,"fifa","FIFA",1771051,596537
2025-12-02,"fifae","FIFAe",0,0
2025-12-02,"fifaewc","FIFAeWC",0,0
2025-12-02,"fwc","FWC",1167,414
2025-12-02,"fwwc","FWWC",2417979,2362788
2025-12-02,"infantino","Infantino",0,0
2025-12-02,"montreal_canadiens","Montreal Canadiens",0,0
2025-12-02,"motogp","MotoGP",1273120,0
2025-12-02,"ny_yankees","NY Yankees",0,0
2025-12-03,"carolina_hurricanes","Caroline Hurricanes",23618,3700
2025-12-03,"ducati","Ducati",0,0
2025-12-03,"f1","F1",0,0
2025-12-03,"fcwc","FCWC",0,0
2025-12-03,"fifa","FIFA",0,0
2025-12-03,"fifae","FIFAe",0,0
2025-12-03,"fifaewc","FIFAeWC",0,0
2025-12-03,"fwc","FWC",0,0
2025-12-03,"fwwc","FWWC",0,0
2025-12-03,"infantino","Infantino",0,0
2025-12-03,"montreal_canadiens","Montreal Canadiens",0,0
2025-12-03,"motogp","MotoGP",11874104,11212215
2025-12-03,"ny_yankees","NY Yankees",0,0
2025-12-04,"carolina_hurricanes","Caroline Hurricanes",0,0
2025-12-04,"ducati","Ducati",0,0
2025-12-04,"f1","F1",10401235,5050539
2025-12-04,"fcwc","FCWC",0,0
2025-12-04,"fifa","FIFA",0,0
2025-12-04,"fifae","FIFAe",0,0
2025-12-04,"fifaewc","FIFAeWC",0,0
2025-12-04,"fwc","FWC",0,0
2025-12-04,"fwwc","FWWC",0,0
2025-12-04,"infantino","Infantino",0,0
2025-12-04,"montreal_canadiens","Montreal Canadiens",0,0
2025-12-04,"motogp","MotoGP",8673057,7135505
2025-12-04,"ny_yankees","NY Yankees",0,0
2025-12-05,"carolina_hurricanes","Caroline Hurricanes",40941,23936
2025-12-05,"ducati","Ducati",0,0
2025-12-05,"f1","F1",38285397,28415761
2025-12-05,"fcwc","FCWC",0,0
2025-12-05,"fifa","FIFA",1586346,525021
2025-12-05,"fifae","FIFAe",0,0
2025-12-05,"fifaewc","FIFAeWC",0,0
2025-12-05,"fwc","FWC",1046025,0
2025-12-05,"fwwc","FWWC",0,0
2025-12-05,"infantino","Infantino",0,0
2025-12-05,"montreal_canadiens","Montreal Canadiens",0,0
2025-12-05,"motogp","MotoGP",2402852,2375428
2025-12-05,"ny_yankees","NY Yankees",0,0
2025-12-06,"carolina_hurricanes","Caroline Hurricanes",21844,0
2025-12-06,"ducati","Ducati",0,0
2025-12-06,"f1","F1",37145175,35374683
2025-12-06,"fcwc","FCWC",0,0
2025-12-06,"fifa","FIFA",4228041,1390053
2025-12-06,"fifae","FIFAe",0,0
2025-12-06,"fifaewc","FIFAeWC",0,0
2025-12-06,"fwc","FWC",13879637,0
2025-12-06,"fwwc","FWWC",0,0
2025-12-06,"infantino","Infantino",0,0
2025-12-06,"montreal_canadiens","Montreal Canadiens",0,0
2025-12-06,"motogp","MotoGP",4991793,4020522
2025-12-06,"ny_yankees","NY Yankees",0,0
2025-12-07,"carolina_hurricanes","Caroline Hurricanes",1110455,933448
2025-12-07,"ducati","Ducati",0,0
2025-12-07,"f1","F1",32166510,30295185
2025-12-07,"fcwc","FCWC",0,0
2025-12-07,"fifa","FIFA",1997201,711288
2025-12-07,"fifae","FIFAe",0,0
2025-12-07,"fifaewc","FIFAeWC",0,0
2025-12-07,"fwc","FWC",0,0
2025-12-07,"fwwc","FWWC",431179,423599
2025-12-07,"infantino","Infantino",0,0
2025-12-07,"montreal_canadiens","Montreal Canadiens",0,0
2025-12-07,"motogp","MotoGP",0,0
2025-12-07,"ny_yankees","NY Yankees",0,0
2025-12-08,"carolina_hurricanes","Caroline Hurricanes",2154,664
2025-12-08,"ducati","Ducati",0,0
2025-12-08,"f1","F1",5696788,4835244
2025-12-08,"fcwc","FCWC",0,0
2025-12-08,"fifa","FIFA",993612,329204
2025-12-08,"fifae","FIFAe",1194993,1187548
2025-12-08,"fifaewc","FIFAeWC",0,0
2025-12-08,"fwc","FWC",1309,410
2025-12-08,"fwwc","FWWC",159767,154568
2025-12-08,"infantino","Infantino",0,0
2025-12-08,"montreal_canadiens","Montreal Canadiens",0,0
2025-12-08,"motogp","MotoGP",12528621,10899436
2025-12-08,"ny_yankees","NY Yankees",0,0
2025-12-09,"carolina_hurricanes","Caroline Hurricanes",114988,50409
2025-12-09,"ducati","Ducati",0,0
2025-12-09,"f1","F1",632425,215678
2025-12-09,"fcwc","FCWC",0,0
2025-12-09,"fifa","FIFA",108571,0
2025-12-09,"fifae","FIFAe",2046689,2023622
2025-12-09,"fifaewc","FIFAeWC",0,0
2025-12-09,"fwc","FWC",0,0
2025-12-09,"fwwc","FWWC",0,0
2025-12-09,"infantino","Infantino",0,0
2025-12-09,"montreal_canadiens","Montreal Canadiens",0,0
2025-12-09,"motogp","MotoGP",23801644,16184130
2025-12-09,"ny_yankees","NY Yankees",0,0
2025-12-10,"carolina_hurricanes","Caroline Hurricanes",265311,163154
2025-12-10,"ducati","Ducati",0,0
2025-12-10,"f1","F1",10416392,7711905
2025-12-10,"fcwc","FCWC",0,0
2025-12-10,"fifa","FIFA",0,0
2025-12-10,"fifae","FIFAe",638488,629372
2025-12-10,"fifaewc","FIFAeWC",0,0
2025-12-10,"fwc","FWC",0,0
2025-12-10,"fwwc","FWWC",0,0
2025-12-10,"infantino","Infantino",0,0
2025-12-10,"montreal_canadiens","Montreal Canadiens",0,0
2025-12-10,"motogp","MotoGP",12890691,10883924
2025-12-10,"ny_yankees","NY Yankees",0,0
2025-12-11,"carolina_hurricanes","Caroline Hurricanes",33038,8793
2025-12-11,"ducati","Ducati",0,0
2025-12-11,"f1","F1",8380330,8022927
2025-12-11,"fcwc","FCWC",0,0
2025-12-11,"fifa","FIFA",0,0
2025-12-11,"fifae","FIFAe",4252943,3976231
2025-12-11,"fifaewc","FIFAeWC",0,0
2025-12-11,"fwc","FWC",0,0
2025-12-11,"fwwc","FWWC",0,0
2025-12-11,"infantino","Infantino",0,0
2025-12-11,"montreal_canadiens","Montreal Canadiens",0,0
2025-12-11,"motogp","MotoGP",0,0
2025-12-11,"ny_yankees","NY Yankees",0,0
2025-12-12,"carolina_hurricanes","Caroline Hurricanes",432503,312779
2025-12-12,"ducati","Ducati",0,0
2025-12-12,"f1","F1",22500,7035
2025-12-12,"fcwc","FCWC",0,0
2025-12-12,"fifa","FIFA",0,0
2025-12-12,"fifae","FIFAe",29487765,29246835
2025-12-12,"fifaewc","FIFAeWC",0,0
2025-12-12,"fwc","FWC",0,0
2025-12-12,"fwwc","FWWC",0,0
2025-12-12,"infantino","Infantino",0,0
2025-12-12,"montreal_canadiens","Montreal Canadiens",0,0
2025-12-12,"motogp","MotoGP",3190732,1153441
2025-12-12,"ny_yankees","NY Yankees",0,0
2025-12-13,"carolina_hurricanes","Caroline Hurricanes",0,0
2025-12-13,"ducati","Ducati",0,0
2025-12-13,"f1","F1",0,0
2025-12-13,"fcwc","FCWC",0,0
2025-12-13,"fifa","FIFA",0,0
2025-12-13,"fifae","FIFAe",1798130,1739091
2025-12-13,"fifaewc","FIFAeWC",73477,72651
2025-12-13,"fwc","FWC",0,0
2025-12-13,"fwwc","FWWC",0,0
2025-12-13,"infantino","Infantino",0,0
2025-12-13,"montreal_canadiens","Montreal Canadiens",0,0
2025-12-13,"motogp","MotoGP",3616108,3084544
2025-12-13,"ny_yankees","NY Yankees",0,0
2025-12-14,"carolina_hurricanes","Caroline Hurricanes",307687,182743
2025-12-14,"ducati","Ducati",0,0
2025-12-14,"f1","F1",12300,3981
2025-12-14,"fcwc","FCWC",0,0
2025-12-14,"fifa","FIFA",0,0
2025-12-14,"fifae","FIFAe",7248,16234
2025-12-14,"fifaewc","FIFAeWC",225208,223246
2025-12-14,"fwc","FWC",0,0
2025-12-14,"fwwc","FWWC",0,0
2025-12-14,"infantino","Infantino",0,0
2025-12-14,"montreal_canadiens","Montreal Canadiens",220313,209153
2025-12-14,"motogp","MotoGP",13246534,10370060
2025-12-14,"ny_yankees","NY Yankees",0,0
2025-12-15,"carolina_hurricanes","Caroline Hurricanes",998186,650136
2025-12-15,"ducati","Ducati",0,0
2025-12-15,"f1","F1",21646365,5441865
2025-12-15,"fcwc","FCWC",0,0
2025-12-15,"fifa","FIFA",0,0
2025-12-15,"fifae","FIFAe",123237,40148
2025-12-15,"fifaewc","FIFAeWC",15382,15370
2025-12-15,"fwc","FWC",0,0
2025-12-15,"fwwc","FWWC",0,0
2025-12-15,"infantino","Infantino",0,0
2025-12-15,"montreal_canadiens","Montreal Canadiens",0,0
2025-12-15,"motogp","MotoGP",18577497,18543919
2025-12-15,"ny_yankees","NY Yankees",0,0
2025-12-16,"carolina_hurricanes","Caroline Hurricanes",30139,0
2025-12-16,"ducati","Ducati",660045,0
2025-12-16,"f1","F1",55200,0
2025-12-16,"fcwc","FCWC",0,0
2025-12-16,"fifa","FIFA",4258272,1390295
2025-12-16,"fifae","FIFAe",376562,118786
2025-12-16,"fifaewc","FIFAeWC",997966,986809
2025-12-16,"fwc","FWC",0,0
2025-12-16,"fwwc","FWWC",0,0
2025-12-16,"infantino","Infantino",0,0
2025-12-16,"montreal_canadiens","Montreal Canadiens",0,0
2025-12-16,"motogp","MotoGP",3393087,0
2025-12-16,"ny_yankees","NY Yankees",0,0
2025-12-17,"carolina_hurricanes","Caroline Hurricanes",57452,4259
2025-12-17,"ducati","Ducati",0,0
2025-12-17,"f1","F1",0,0
2025-12-17,"fcwc","FCWC",0,0
2025-12-17,"fifa","FIFA",0,0
2025-12-17,"fifae","FIFAe",235056,208928
2025-12-17,"fifaewc","FIFAeWC",340168,338999
2025-12-17,"fwc","FWC",0,0
2025-12-17,"fwwc","FWWC",0,0
2025-12-17,"infantino","Infantino",0,0
2025-12-17,"montreal_canadiens","Montreal Canadiens",0,0
2025-12-17,"motogp","MotoGP",4990357,4267937
2025-12-17,"ny_yankees","NY Yankees",0,0
2025-12-18,"carolina_hurricanes","Caroline Hurricanes",648356,31475
2025-12-18,"ducati","Ducati",620255,0
2025-12-18,"f1","F1",0,0
2025-12-18,"fcwc","FCWC",0,0
2025-12-18,"fifa","FIFA",0,0
2025-12-18,"fifae","FIFAe",109711,45509
2025-12-18,"fifaewc","FIFAeWC",1628029,1605430
2025-12-18,"fwc","FWC",0,0
2025-12-18,"fwwc","FWWC",0,0
2025-12-18,"infantino","Infantino",0,0
2025-12-18,"montreal_canadiens","Montreal Canadiens",0,0
2025-12-18,"motogp","MotoGP",7788019,5361911
2025-12-18,"ny_yankees","NY Yankees",0,0
2025-12-19,"carolina_hurricanes","Caroline Hurricanes",49553,2563
2025-12-19,"ducati","Ducati",374857,0
2025-12-19,"f1","F1",12090775,11394787
2025-12-19,"fcwc","FCWC",0,0
2025-12-19,"fifa","FIFA",0,0
2025-12-19,"fifae","FIFAe",73703,55728
2025-12-19,"fifaewc","FIFAeWC",0,0
2025-12-19,"fwc","FWC",0,0
2025-12-19,"fwwc","FWWC",0,0
2025-12-19,"infantino","Infantino",0,0
2025-12-19,"montreal_canadiens","Montreal Canadiens",0,0
2025-12-19,"motogp","MotoGP",2504907,1279840
2025-12-19,"ny_yankees","NY Yankees",0,0
2025-12-20,"carolina_hurricanes","Caroline Hurricanes",44885,10085
2025-12-20,"ducati","Ducati",324032,0
2025-12-20,"f1","F1",43100,13475
2025-12-20,"fcwc","FCWC",0,0
2025-12-20,"fifa","FIFA",576721,0
2025-12-20,"fifae","FIFAe",0,0
2025-12-20,"fifaewc","FIFAeWC",0,0
2025-12-20,"fwc","FWC",0,0
2025-12-20,"fwwc","FWWC",0,0
2025-12-20,"infantino","Infantino",0,0
2025-12-20,"montreal_canadiens","Montreal Canadiens",0,0
2025-12-20,"motogp","MotoGP",2076069,0
2025-12-20,"ny_yankees","NY Yankees",0,0
2025-12-21,"carolina_hurricanes","Caroline Hurricanes",10389,3462
2025-12-21,"ducati","Ducati",655420,0
2025-12-21,"f1","F1",1358932,345580
2025-12-21,"fcwc","FCWC",0,0
2025-12-21,"fifa","FIFA",0,0
2025-12-21,"fifae","FIFAe",0,0
2025-12-21,"fifaewc","FIFAeWC",0,0
2025-12-21,"fwc","FWC",0,0
2025-12-21,"fwwc","FWWC",0,0
2025-12-21,"infantino","Infantino",0,0
2025-12-21,"montreal_canadiens","Montreal Canadiens",0,0
2025-12-21,"motogp","MotoGP",12045973,11283260
2025-12-21,"ny_yankees","NY Yankees",0,0
2025-12-22,"carolina_hurricanes","Caroline Hurricanes",120282,81670
2025-12-22,"ducati","Ducati",197892,196650
2025-12-22,"f1","F1",38000,11881
2025-12-22,"fcwc","FCWC",3999037,3981905
2025-12-22,"fifa","FIFA",0,0
2025-12-22,"fifae","FIFAe",0,0
2025-12-22,"fifaewc","FIFAeWC",0,0
2025-12-22,"fwc","FWC",0,0
2025-12-22,"fwwc","FWWC",0,0
2025-12-22,"infantino","Infantino",0,0
2025-12-22,"montreal_canadiens","Montreal Canadiens",0,0
2025-12-22,"motogp","MotoGP",1497851,0
2025-12-22,"ny_yankees","NY Yankees",0,0
2025-12-23,"carolina_hurricanes","Caroline Hurricanes",68644,0
2025-12-23,"ducati","Ducati",0,0
2025-12-23,"f1","F1",0,0
2025-12-23,"fcwc","FCWC",0,0
2025-12-23,"fifa","FIFA",0,0
2025-12-23,"fifae","FIFAe",0,0
2025-12-23,"fifaewc","FIFAeWC",0,0
2025-12-23,"fwc","FWC",0,0
2025-12-23,"fwwc","FWWC",0,0
2025-12-23,"infantino","Infantino",0,0
2025-12-23,"montreal_canadiens","Montreal Canadiens",0,0
2025-12-23,"motogp","MotoGP",6236155,6036555
2025-12-23,"ny_yankees","NY Yankees",0,0
2025-12-24,"carolina_hurricanes","Caroline Hurricanes",182865,147429
2025-12-24,"ducati","Ducati",0,0
2025-12-24,"f1","F1",0,0
2025-12-24,"fcwc","FCWC",0,0
2025-12-24,"fifa","FIFA",0,0
2025-12-24,"fifae","FIFAe",0,0
2025-12-24,"fifaewc","FIFAeWC",0,0
2025-12-24,"fwc","FWC",0,0
2025-12-24,"fwwc","FWWC",0,0
2025-12-24,"infantino","Infantino",0,0
2025-12-24,"montreal_canadiens","Montreal Canadiens",0,0
2025-12-24,"motogp","MotoGP",0,0
2025-12-24,"ny_yankees","NY Yankees",0,0
2025-12-25,"carolina_hurricanes","Caroline Hurricanes",0,0
2025-12-25,"ducati","Ducati",0,0
2025-12-25,"f1","F1",0,0
2025-12-25,"fcwc","FCWC",0,0
2025-12-25,"fifa","FIFA",0,0
2025-12-25,"fifae","FIFAe",0,0
2025-12-25,"fifaewc","FIFAeWC",0,0
2025-12-25,"fwc","FWC",0,0
2025-12-25,"fwwc","FWWC",0,0
2025-12-25,"infantino","Infantino",0,0
2025-12-25,"montreal_canadiens","Montreal Canadiens",0,0
2025-12-25,"motogp","MotoGP",0,0
2025-12-25,"ny_yankees","NY Yankees",0,0
2025-12-26,"carolina_hurricanes","Caroline Hurricanes",0,0
2025-12-26,"ducati","Ducati",0,0
2025-12-26,"f1","F1",6355826,0
2025-12-26,"fcwc","FCWC",0,0
2025-12-26,"fifa","FIFA",0,0
2025-12-26,"fifae","FIFAe",0,0
2025-12-26,"fifaewc","FIFAeWC",0,0
2025-12-26,"fwc","FWC",0,0
2025-12-26,"fwwc","FWWC",0,0
2025-12-26,"infantino","Infantino",258614,257280
2025-12-26,"montreal_canadiens","Montreal Canadiens",0,0
2025-12-26,"motogp","MotoGP",2674934,2636077
2025-12-26,"ny_yankees","NY Yankees",0,0
2025-12-27,"carolina_hurricanes","Caroline Hurricanes",0,0
2025-12-27,"ducati","Ducati",122174,0
2025-12-27,"f1","F1",0,0
2025-12-27,"fcwc","FCWC",0,0
2025-12-27,"fifa","FIFA",0,0
2025-12-27,"fifae","FIFAe",0,0
2025-12-27,"fifaewc","FIFAeWC",0,0
2025-12-27,"fwc","FWC",0,0
2025-12-27,"fwwc","FWWC",0,0
2025-12-27,"infantino","Infantino",0,0
2025-12-27,"montreal_canadiens","Montreal Canadiens",0,0
2025-12-27,"motogp","MotoGP",2153216,1687381
2025-12-27,"ny_yankees","NY Yankees",0,0
2025-12-28,"carolina_hurricanes","Caroline Hurricanes",228465,140159
2025-12-28,"ducati","Ducati",0,0
2025-12-28,"f1","F1",0,0
2025-12-28,"fcwc","FCWC",0,0
2025-12-28,"fifa","FIFA",0,0
2025-12-28,"fifae","FIFAe",0,0
2025-12-28,"fifaewc","FIFAeWC",0,0
2025-12-28,"fwc","FWC",0,0
2025-12-28,"fwwc","FWWC",0,0
2025-12-28,"infantino","Infantino",0,0
2025-12-28,"montreal_canadiens","Montreal Canadiens",0,0
2025-12-28,"motogp","MotoGP",2071074,0
2025-12-28,"ny_yankees","NY Yankees",0,0
2025-12-29,"carolina_hurricanes","Caroline Hurricanes",100190,94032
2025-12-29,"ducati","Ducati",466388,0
2025-12-29,"f1","F1",0,0
2025-12-29,"fcwc","FCWC",0,0
2025-12-29,"fifa","FIFA",0,0
2025-12-29,"fifae","FIFAe",0,0
2025-12-29,"fifaewc","FIFAeWC",0,0
2025-12-29,"fwc","FWC",0,0
2025-12-29,"fwwc","FWWC",0,0
2025-12-29,"infantino","Infantino",0,0
2025-12-29,"montreal_canadiens","Montreal Canadiens",0,0
2025-12-29,"motogp","MotoGP",1315038,1289601
2025-12-29,"ny_yankees","NY Yankees",0,0
2025-12-30,"carolina_hurricanes","Caroline Hurricanes",843254,463497
2025-12-30,"ducati","Ducati",0,0
2025-12-30,"f1","F1",0,0
2025-12-30,"fcwc","FCWC",0,0
2025-12-30,"fifa","FIFA",0,0
2025-12-30,"fifae","FIFAe",0,0
2025-12-30,"fifaewc","FIFAeWC",0,0
2025-12-30,"fwc","FWC",0,0
2025-12-30,"fwwc","FWWC",0,0
2025-12-30,"infantino","Infantino",0,0
2025-12-30,"montreal_canadiens","Montreal Canadiens",0,0
2025-12-30,"motogp","MotoGP",4743217,1374513
2025-12-30,"ny_yankees","NY Yankees",0,0
2025-12-31,"carolina_hurricanes","Caroline Hurricanes",124283,61982
2025-12-31,"ducati","Ducati",0,0
2025-12-31,"f1","F1",5795249,5698579
2025-12-31,"fcwc","FCWC",0,0
2025-12-31,"fifa","FIFA",0,0
2025-12-31,"fifae","FIFAe",0,0
2025-12-31,"fifaewc","FIFAeWC",0,0
2025-12-31,"fwc","FWC",0,0
2025-12-31,"fwwc","FWWC",1378265,1368410
2025-12-31,"infantino","Infantino",113177,111113
2025-12-31,"montreal_canadiens","Montreal Canadiens",0,0
2025-12-31,"motogp","MotoGP",1216220,1190684
2025-12-31,"ny_yankees","NY Yankees",0,0
2026-01-01,"carolina_hurricanes","Caroline Hurricanes",234985,89395
2026-01-01,"ducati","Ducati",173894,0
2026-01-01,"f1","F1",0,0
2026-01-01,"fcwc","FCWC",0,0
2026-01-01,"fifa","FIFA",0,0
2026-01-01,"fifae","FIFAe",0,0
2026-01-01,"fifaewc","FIFAeWC",0,0
2026-01-01,"fwc","FWC",0,0
2026-01-01,"fwwc","FWWC",0,0
2026-01-01,"infantino","Infantino",0,0
2026-01-01,"montreal_canadiens","Montreal Canadiens",0,0
2026-01-01,"motogp","MotoGP",0,0
2026-01-01,"ny_yankees","NY Yankees",0,0
2026-01-02,"carolina_hurricanes","Caroline Hurricanes",47862,26698
2026-01-02,"ducati","Ducati",0,0
2026-01-02,"f1","F1",0,0
2026-01-02,"fcwc","FCWC",0,0
2026-01-02,"fifa","FIFA",0,0
2026-01-02,"fifae","FIFAe",0,0
2026-01-02,"fifaewc","FIFAeWC",0,0
2026-01-02,"fwc","FWC",0,0
2026-01-02,"fwwc","FWWC",0,0
2026-01-02,"infantino","Infantino",0,0
2026-01-02,"montreal_canadiens","Montreal Canadiens",3144955,2932977
2026-01-02,"motogp","MotoGP",8769795,4976138
2026-01-02,"ny_yankees","NY Yankees",0,0
2026-01-03,"carolina_hurricanes","Caroline Hurricanes",6736,0
2026-01-03,"ducati","Ducati",365426,0
2026-01-03,"f1","F1",0,0
2026-01-03,"fcwc","FCWC",0,0
2026-01-03,"fifa","FIFA",0,0
2026-01-03,"fifae","FIFAe",0,0
2026-01-03,"fifaewc","FIFAeWC",0,0
2026-01-03,"fwc","FWC",0,0
2026-01-03,"fwwc","FWWC",0,0
2026-01-03,"infantino","Infantino",0,0
2026-01-03,"montreal_canadiens","Montreal Canadiens",0,0
2026-01-03,"motogp","MotoGP",1193598,1158481
2026-01-03,"ny_yankees","NY Yankees",0,0
2026-01-04,"carolina_hurricanes","Caroline Hurricanes",300224,228671
2026-01-04,"ducati","Ducati",0,0
2026-01-04,"f1","F1",0,0
2026-01-04,"fcwc","FCWC",279802,276569
2026-01-04,"fifa","FIFA",0,0
2026-01-04,"fifae","FIFAe",0,0
2026-01-04,"fifaewc","FIFAeWC",0,0
2026-01-04,"fwc","FWC",0,0
2026-01-04,"fwwc","FWWC",0,0
2026-01-04,"infantino","Infantino",0,0
2026-01-04,"montreal_canadiens","Montreal Canadiens",0,0
2026-01-04,"motogp","MotoGP",0,0
2026-01-04,"ny_yankees","NY Yankees",0,0
2026-01-05,"carolina_hurricanes","Caroline Hurricanes",699294,136963
2026-01-05,"ducati","Ducati",0,0
2026-01-05,"f1","F1",0,0
2026-01-05,"fcwc","FCWC",0,0
2026-01-05,"fifa","FIFA",0,0
2026-01-05,"fifae","FIFAe",0,0
2026-01-05,"fifaewc","FIFAeWC",0,0
2026-01-05,"fwc","FWC",0,0
2026-01-05,"fwwc","FWWC",0,0
2026-01-05,"infantino","Infantino",0,0
2026-01-05,"montreal_canadiens","Montreal Canadiens",0,0
2026-01-05,"motogp","MotoGP",2337231,1836866
2026-01-05,"ny_yankees","NY Yankees",0,0
2026-01-06,"carolina_hurricanes","Caroline Hurricanes",0,0
2026-01-06,"ducati","Ducati",0,0
2026-01-06,"f1","F1",0,0
2026-01-06,"fcwc","FCWC",26561,26313
2026-01-06,"fifa","FIFA",0,0
2026-01-06,"fifae","FIFAe",0,0
2026-01-06,"fifaewc","FIFAeWC",0,0
2026-01-06,"fwc","FWC",0,0
2026-01-06,"fwwc","FWWC",0,0
2026-01-06,"infantino","Infantino",0,0
2026-01-06,"montreal_canadiens","Montreal Canadiens",0,0
2026-01-06,"motogp","MotoGP",0,0
2026-01-06,"ny_yankees","NY Yankees",0,0
2026-01-07,"carolina_hurricanes","Caroline Hurricanes",701724,345218
2026-01-07,"ducati","Ducati",128805,0
2026-01-07,"f1","F1",6569183,6554306
2026-01-07,"fcwc","FCWC",0,0
2026-01-07,"fifa","FIFA",37642,0
2026-01-07,"fifae","FIFAe",0,0
2026-01-07,"fifaewc","FIFAeWC",0,0
2026-01-07,"fwc","FWC",0,0
2026-01-07,"fwwc","FWWC",0,0
2026-01-07,"infantino","Infantino",201577,200220
2026-01-07,"montreal_canadiens","Montreal Canadiens",0,0
2026-01-07,"motogp","MotoGP",405675,0
2026-01-07,"ny_yankees","NY Yankees",0,0
2026-01-08,"carolina_hurricanes","Caroline Hurricanes",171926,147879
2026-01-08,"ducati","Ducati",0,0
2026-01-08,"f1","F1",2822319,1232346
2026-01-08,"fcwc","FCWC",0,0
2026-01-08,"fifa","FIFA",0,0
2026-01-08,"fifae","FIFAe",0,0
2026-01-08,"fifaewc","FIFAeWC",0,0
2026-01-08,"fwc","FWC",0,0
2026-01-08,"fwwc","FWWC",0,0
2026-01-08,"infantino","Infantino",0,0
2026-01-08,"montreal_canadiens","Montreal Canadiens",0,0
2026-01-08,"motogp","MotoGP",3033215,1205928
2026-01-08,"ny_yankees","NY Yankees",0,0
2026-01-09,"carolina_hurricanes","Caroline Hurricanes",218964,146621
2026-01-09,"ducati","Ducati",1662921,0
2026-01-09,"f1","F1",418616,418509
2026-01-09,"fcwc","FCWC",0,0
2026-01-09,"fifa","FIFA",0,0
2026-01-09,"fifae","FIFAe",0,0
2026-01-09,"fifaewc","FIFAeWC",0,0
2026-01-09,"fwc","FWC",0,0
2026-01-09,"fwwc","FWWC",0,0
2026-01-09,"infantino","Infantino",0,0
2026-01-09,"montreal_canadiens","Montreal Canadiens",0,0
2026-01-09,"motogp","MotoGP",3119936,0
2026-01-09,"ny_yankees","NY Yankees",0,0
2026-01-10,"carolina_hurricanes","Caroline Hurricanes",12190,3013
2026-01-10,"ducati","Ducati",0,0
2026-01-10,"f1","F1",580807,573106
2026-01-10,"fcwc","FCWC",0,0
2026-01-10,"fifa","FIFA",0,0
2026-01-10,"fifae","FIFAe",0,0
2026-01-10,"fifaewc","FIFAeWC",0,0
2026-01-10,"fwc","FWC",0,0
2026-01-10,"fwwc","FWWC",0,0
2026-01-10,"infantino","Infantino",0,0
2026-01-10,"montreal_canadiens","Montreal Canadiens",0,0
2026-01-10,"motogp","MotoGP",0,0
2026-01-10,"ny_yankees","NY Yankees",0,0
2026-01-11,"carolina_hurricanes","Caroline Hurricanes",346279,298014
2026-01-11,"ducati","Ducati",165682,0
2026-01-11,"f1","F1",368,356
2026-01-11,"fcwc","FCWC",0,0
2026-01-11,"fifa","FIFA",0,0
2026-01-11,"fifae","FIFAe",0,0
2026-01-11,"fifaewc","FIFAeWC",0,0
2026-01-11,"fwc","FWC",0,0
2026-01-11,"fwwc","FWWC",0,0
2026-01-11,"infantino","Infantino",0,0
2026-01-11,"montreal_canadiens","Montreal Canadiens",0,0
2026-01-11,"motogp","MotoGP",2113503,1808941
2026-01-11,"ny_yankees","NY Yankees",0,0
2026-01-12,"carolina_hurricanes","Caroline Hurricanes",24543,6652
2026-01-12,"ducati","Ducati",0,0
2026-01-12,"f1","F1",0,0
2026-01-12,"fcwc","FCWC",0,0
2026-01-12,"fifa","FIFA",0,0
2026-01-12,"fifae","FIFAe",125377,123910
2026-01-12,"fifaewc","FIFAeWC",0,0
2026-01-12,"fwc","FWC",0,0
2026-01-12,"fwwc","FWWC",0,0
2026-01-12,"infantino","Infantino",0,0
2026-01-12,"montreal_canadiens","Montreal Canadiens",0,0
2026-01-12,"motogp","MotoGP",129854,0
2026-01-12,"ny_yankees","NY Yankees",0,0
2026-01-13,"carolina_hurricanes","Caroline Hurricanes",99565,20744
2026-01-13,"ducati","Ducati",572822,0
2026-01-13,"f1","F1",0,0
2026-01-13,"fcwc","FCWC",0,0
2026-01-13,"fifa","FIFA",0,0
2026-01-13,"fifae","FIFAe",0,0
2026-01-13,"fifaewc","FIFAeWC",0,0
2026-01-13,"fwc","FWC",0,0
2026-01-13,"fwwc","FWWC",0,0
2026-01-13,"infantino","Infantino",0,0
2026-01-13,"montreal_canadiens","Montreal Canadiens",42630,13724
2026-01-13,"motogp","MotoGP",2147832,11775
2026-01-13,"ny_yankees","NY Yankees",0,0
2026-01-14,"carolina_hurricanes","Caroline Hurricanes",104527,10007
2026-01-14,"ducati","Ducati",0,0
2026-01-14,"f1","F1",0,0
2026-01-14,"fcwc","FCWC",0,0
2026-01-14,"fifa","FIFA",0,0
2026-01-14,"fifae","FIFAe",0,0
2026-01-14,"fifaewc","FIFAeWC",0,0
2026-01-14,"fwc","FWC",0,0
2026-01-14,"fwwc","FWWC",0,0
2026-01-14,"infantino","Infantino",0,0
2026-01-14,"montreal_canadiens","Montreal Canadiens",0,0
2026-01-14,"motogp","MotoGP",0,0
2026-01-14,"ny_yankees","NY Yankees",0,0
2026-01-15,"carolina_hurricanes","Caroline Hurricanes",0,0
2026-01-15,"ducati","Ducati",226233,0
2026-01-15,"f1","F1",0,0
2026-01-15,"fcwc","FCWC",0,0
2026-01-15,"fifa","FIFA",0,0
2026-01-15,"fifae","FIFAe",0,0
2026-01-15,"fifaewc","FIFAeWC",0,0
2026-01-15,"fwc","FWC",0,0
2026-01-15,"fwwc","FWWC",0,0
2026-01-15,"infantino","Infantino",0,0
2026-01-15,"montreal_canadiens","Montreal Canadiens",0,0
2026-01-15,"motogp","MotoGP",6979554,4308227
2026-01-15,"ny_yankees","NY Yankees",0,0
2026-01-16,"carolina_hurricanes","Caroline Hurricanes",0,0
2026-01-16,"ducati","Ducati",179518,0
2026-01-16,"f1","F1",0,0
2026-01-16,"fcwc","FCWC",0,0
2026-01-16,"fifa","FIFA",0,0
2026-01-16,"fifae","FIFAe",0,0
2026-01-16,"fifaewc","FIFAeWC",0,0
2026-01-16,"fwc","FWC",0,0
2026-01-16,"fwwc","FWWC",0,0
2026-01-16,"infantino","Infantino",0,0
2026-01-16,"montreal_canadiens","Montreal Canadiens",0,0
2026-01-16,"motogp","MotoGP",314797,0
2026-01-16,"ny_yankees","NY Yankees",0,0
2026-01-17,"carolina_hurricanes","Caroline Hurricanes",515859,368618
2026-01-17,"ducati","Ducati",0,0
2026-01-17,"f1","F1",0,0
2026-01-17,"fcwc","FCWC",0,0
2026-01-17,"fifa","FIFA",122346,40398
2026-01-17,"fifae","FIFAe",0,0
2026-01-17,"fifaewc","FIFAeWC",0,0
2026-01-17,"fwc","FWC",0,0
2026-01-17,"fwwc","FWWC",0,0
2026-01-17,"infantino","Infantino",0,0
2026-01-17,"montreal_canadiens","Montreal Canadiens",0,0
2026-01-17,"motogp","MotoGP",1622182,1217211
2026-01-17,"ny_yankees","NY Yankees",0,0
2026-01-18,"carolina_hurricanes","Caroline Hurricanes",881360,179189
2026-01-18,"ducati","Ducati",0,0
2026-01-18,"f1","F1",0,0
2026-01-18,"fcwc","FCWC",0,0
2026-01-18,"fifa","FIFA",0,0
2026-01-18,"fifae","FIFAe",0,0
2026-01-18,"fifaewc","FIFAeWC",0,0
2026-01-18,"fwc","FWC",0,0
2026-01-18,"fwwc","FWWC",0,0
2026-01-18,"infantino","Infantino",0,0
2026-01-18,"montreal_canadiens","Montreal Canadiens",0,0
2026-01-18,"motogp","MotoGP",1001841,985194
2026-01-18,"ny_yankees","NY Yankees",0,0
2026-01-19,"carolina_hurricanes","Caroline Hurricanes",447913,240850
2026-01-19,"ducati","Ducati",5165711,2745850
2026-01-19,"f1","F1",132882,42778
2026-01-19,"fcwc","FCWC",0,0
2026-01-19,"fifa","FIFA",0,0
2026-01-19,"fifae","FIFAe",0,0
2026-01-19,"fifaewc","FIFAeWC",0,0
2026-01-19,"fwc","FWC",0,0
2026-01-19,"fwwc","FWWC",0,0
2026-01-19,"infantino","Infantino",0,0
2026-01-19,"montreal_canadiens","Montreal Canadiens",0,0
2026-01-19,"motogp","MotoGP",8760036,375090
2026-01-19,"ny_yankees","NY Yankees",0,0
2026-01-20,"carolina_hurricanes","Caroline Hurricanes",800461,729173
2026-01-20,"ducati","Ducati",0,0
2026-01-20,"f1","F1",0,0
2026-01-20,"fcwc","FCWC",0,0
2026-01-20,"fifa","FIFA",0,0
2026-01-20,"fifae","FIFAe",0,0
2026-01-20,"fifaewc","FIFAeWC",0,0
2026-01-20,"fwc","FWC",0,0
2026-01-20,"fwwc","FWWC",0,0
2026-01-20,"infantino","Infantino",0,0
2026-01-20,"montreal_canadiens","Montreal Canadiens",0,0
2026-01-20,"motogp","MotoGP",1269807,0
2026-01-20,"ny_yankees","NY Yankees",0,0
2026-01-21,"carolina_hurricanes","Caroline Hurricanes",163170,129819
2026-01-21,"ducati","Ducati",0,0
2026-01-21,"f1","F1",0,0
2026-01-21,"fcwc","FCWC",0,0
2026-01-21,"fifa","FIFA",0,0
2026-01-21,"fifae","FIFAe",0,0
2026-01-21,"fifaewc","FIFAeWC",0,0
2026-01-21,"fwc","FWC",0,0
2026-01-21,"fwwc","FWWC",0,0
2026-01-21,"infantino","Infantino",0,0
2026-01-21,"montreal_canadiens","Montreal Canadiens",0,0
2026-01-21,"motogp","MotoGP",0,0
2026-01-21,"ny_yankees","NY Yankees",0,0
2026-01-22,"carolina_hurricanes","Caroline Hurricanes",0,0
2026-01-22,"ducati","Ducati",78901,0
2026-01-22,"f1","F1",0,0
2026-01-22,"fcwc","FCWC",0,0
2026-01-22,"fifa","FIFA",0,0
2026-01-22,"fifae","FIFAe",0,0
2026-01-22,"fifaewc","FIFAeWC",0,0
2026-01-22,"fwc","FWC",0,0
2026-01-22,"fwwc","FWWC",0,0
2026-01-22,"infantino","Infantino",0,0
2026-01-22,"montreal_canadiens","Montreal Canadiens",0,0
2026-01-22,"motogp","MotoGP",0,0
2026-01-22,"ny_yankees","NY Yankees",0,0
2026-01-23,"carolina_hurricanes","Caroline Hurricanes",199080,147442
2026-01-23,"ducati","Ducati",697723,0
2026-01-23,"f1","F1",0,0
2026-01-23,"fcwc","FCWC",0,0
2026-01-23,"fifa","FIFA",0,0
2026-01-23,"fifae","FIFAe",0,0
2026-01-23,"fifaewc","FIFAeWC",0,0
2026-01-23,"fwc","FWC",0,0
2026-01-23,"fwwc","FWWC",0,0
2026-01-23,"infantino","Infantino",0,0
2026-01-23,"montreal_canadiens","Montreal Canadiens",0,0
2026-01-23,"motogp","MotoGP",2749259,2100547
2026-01-23,"ny_yankees","NY Yankees",0,0
2026-01-24,"carolina_hurricanes","Caroline Hurricanes",0,0
2026-01-24,"ducati","Ducati",0,0
2026-01-24,"f1","F1",0,0
2026-01-24,"fcwc","FCWC",0,0
2026-01-24,"fifa","FIFA",0,0
2026-01-24,"fifae","FIFAe",0,0
2026-01-24,"fifaewc","FIFAeWC",0,0
2026-01-24,"fwc","FWC",449717,407154
2026-01-24,"fwwc","FWWC",0,0
2026-01-24,"infantino","Infantino",0,0
2026-01-24,"montreal_canadiens","Montreal Canadiens",0,0
2026-01-24,"motogp","MotoGP",1980222,1567288
2026-01-24,"ny_yankees","NY Yankees",0,0
2026-01-25,"carolina_hurricanes","Caroline Hurricanes",955210,294375
2026-01-25,"ducati","Ducati",0,0
2026-01-25,"f1","F1",0,0
2026-01-25,"fcwc","FCWC",0,0
2026-01-25,"fifa","FIFA",786576,260620
2026-01-25,"fifae","FIFAe",0,0
2026-01-25,"fifaewc","FIFAeWC",0,0
2026-01-25,"fwc","FWC",0,0
2026-01-25,"fwwc","FWWC",0,0
2026-01-25,"infantino","Infantino",0,0
2026-01-25,"montreal_canadiens","Montreal Canadiens",0,0
2026-01-25,"motogp","MotoGP",0,0
2026-01-25,"ny_yankees","NY Yankees",0,0
2026-01-26,"carolina_hurricanes","Caroline Hurricanes",1251,376
2026-01-26,"ducati","Ducati",272108,0
2026-01-26,"f1","F1",218416,57120
2026-01-26,"fcwc","FCWC",0,0
2026-01-26,"fifa","FIFA",0,0
2026-01-26,"fifae","FIFAe",0,0
2026-01-26,"fifaewc","FIFAeWC",0,0
2026-01-26,"fwc","FWC",0,0
2026-01-26,"fwwc","FWWC",0,0
2026-01-26,"infantino","Infantino",0,0
2026-01-26,"montreal_canadiens","Montreal Canadiens",0,0
2026-01-26,"motogp","MotoGP",53253,21670
2026-01-26,"ny_yankees","NY Yankees",0,0
2026-01-27,"carolina_hurricanes","Caroline Hurricanes",144977,140240
2026-01-27,"ducati","Ducati",0,0
2026-01-27,"f1","F1",0,0
2026-01-27,"fcwc","FCWC",0,0
2026-01-27,"fifa","FIFA",0,0
2026-01-27,"fifae","FIFAe",0,0
2026-01-27,"fifaewc","FIFAeWC",0,0
2026-01-27,"fwc","FWC",0,0
2026-01-27,"fwwc","FWWC",0,0
2026-01-27,"infantino","Infantino",0,0
2026-01-27,"montreal_canadiens","Montreal Canadiens",0,0
2026-01-27,"motogp","MotoGP",1219101,910278
2026-01-27,"ny_yankees","NY Yankees",0,0
2026-01-28,"carolina_hurricanes","Caroline Hurricanes",0,0
2026-01-28,"ducati","Ducati",0,0
2026-01-28,"f1","F1",0,0
2026-01-28,"fcwc","FCWC",1325584,1281851
2026-01-28,"fifa","FIFA",1427706,471900
2026-01-28,"fifae","FIFAe",0,0
2026-01-28,"fifaewc","FIFAeWC",0,0
2026-01-28,"fwc","FWC",0,0
2026-01-28,"fwwc","FWWC",0,0
2026-01-28,"infantino","Infantino",0,0
2026-01-28,"montreal_canadiens","Montreal Canadiens",0,0
2026-01-28,"motogp","MotoGP",448809,103714
2026-01-28,"ny_yankees","NY Yankees",0,0
2026-01-29,"carolina_hurricanes","Caroline Hurricanes",141572,73289
2026-01-29,"ducati","Ducati",459487,0
2026-01-29,"f1","F1",0,0
2026-01-29,"fcwc","FCWC",308104,298470
2026-01-29,"fifa","FIFA",0,0
2026-01-29,"fifae","FIFAe",0,0
2026-01-29,"fifaewc","FIFAeWC",0,0
2026-01-29,"fwc","FWC",16103,5458
2026-01-29,"fwwc","FWWC",0,0
2026-01-29,"infantino","Infantino",118952,118449
2026-01-29,"montreal_canadiens","Montreal Canadiens",0,0
2026-01-29,"motogp","MotoGP",7545300,0
2026-01-29,"ny_yankees","NY Yankees",0,0
2026-01-30,"carolina_hurricanes","Caroline Hurricanes",700981,573663
2026-01-30,"ducati","Ducati",7904,0
2026-01-30,"f1","F1",0,0
2026-01-30,"fcwc","FCWC",125004,98628
2026-01-30,"fifa","FIFA",0,0
2026-01-30,"fifae","FIFAe",0,0
2026-01-30,"fifaewc","FIFAeWC",0,0
2026-01-30,"fwc","FWC",0,0
2026-01-30,"fwwc","FWWC",0,0
2026-01-30,"infantino","Infantino",0,0
2026-01-30,"montreal_canadiens","Montreal Canadiens",0,0
2026-01-30,"motogp","MotoGP",11444456,3658429
2026-01-30,"ny_yankees","NY Yankees",0,0
2026-01-31,"carolina_hurricanes","Caroline Hurricanes",265378,185091
2026-01-31,"ducati","Ducati",39639,0
2026-01-31,"f1","F1",8448703,0
2026-01-31,"fcwc","FCWC",0,0
2026-01-31,"fifa","FIFA",0,0
2026-01-31,"fifae","FIFAe",0,0
2026-01-31,"fifaewc","FIFAeWC",0,0
2026-01-31,"fwc","FWC",0,0
2026-01-31,"fwwc","FWWC",0,0
2026-01-31,"infantino","Infantino",0,0
2026-01-31,"montreal_canadiens","Montreal Canadiens",0,0
2026-01-31,"motogp","MotoGP",1256012,0
2026-01-31,"ny_yankees","NY Yankees",0,0
2026-02-01,"carolina_hurricanes","Caroline Hurricanes",335012,300410
2026-02-01,"ducati","Ducati",0,0
2026-02-01,"f1","F1",21000,0
2026-02-01,"fcwc","FCWC",361766,339459
2026-02-01,"fifa","FIFA",907641,301868
2026-02-01,"fifae","FIFAe",0,0
2026-02-01,"fifaewc","FIFAeWC",0,0
2026-02-01,"fwc","FWC",0,0
2026-02-01,"fwwc","FWWC",0,0
2026-02-01,"infantino","Infantino",0,0
2026-02-01,"montreal_canadiens","Montreal Canadiens",0,0
2026-02-01,"motogp","MotoGP",0,0
2026-02-01,"ny_yankees","NY Yankees",0,0
2026-02-02,"carolina_hurricanes","Caroline Hurricanes",409564,305634
2026-02-02,"ducati","Ducati",1700495,0
2026-02-02,"f1","F1",2733043,0
2026-02-02,"fcwc","FCWC",3824001,3752111
2026-02-02,"fifa","FIFA",1286366,512170
2026-02-02,"fifae","FIFAe",0,0
2026-02-02,"fifaewc","FIFAeWC",0,0
2026-02-02,"fwc","FWC",6724,2455
2026-02-02,"fwwc","FWWC",0,0
2026-02-02,"infantino","Infantino",70972,70653
2026-02-02,"montreal_canadiens","Montreal Canadiens",44683,12615
2026-02-02,"motogp","MotoGP",4185202,1860933
2026-02-02,"ny_yankees","NY Yankees",0,0
2026-02-03,"carolina_hurricanes","Caroline Hurricanes",134490,130455
2026-02-03,"ducati","Ducati",4152761,1516673
2026-02-03,"f1","F1",0,0
2026-02-03,"fcwc","FCWC",0,0
2026-02-03,"fifa","FIFA",0,0
2026-02-03,"fifae","FIFAe",0,0
2026-02-03,"fifaewc","FIFAeWC",0,0
2026-02-03,"fwc","FWC",0,0
2026-02-03,"fwwc","FWWC",0,0
2026-02-03,"infantino","Infantino",0,0
2026-02-03,"montreal_canadiens","Montreal Canadiens",0,0
2026-02-03,"motogp","MotoGP",17019688,11547311
2026-02-03,"ny_yankees","NY Yankees",0,0
2026-02-04,"carolina_hurricanes","Caroline Hurricanes",1089770,969515
2026-02-04,"ducati","Ducati",1529198,0
2026-02-04,"f1","F1",0,0
2026-02-04,"fcwc","FCWC",0,0
2026-02-04,"fifa","FIFA",0,0
2026-02-04,"fifae","FIFAe",0,0
2026-02-04,"fifaewc","FIFAeWC",0,0
2026-02-04,"fwc","FWC",0,0
2026-02-04,"fwwc","FWWC",0,0
2026-02-04,"infantino","Infantino",0,0
2026-02-04,"montreal_canadiens","Montreal Canadiens",0,0
2026-02-04,"motogp","MotoGP",5621744,589248
2026-02-04,"ny_yankees","NY Yankees",0,0
2026-02-05,"carolina_hurricanes","Caroline Hurricanes",131549,119984
2026-02-05,"ducati","Ducati",1429425,0
2026-02-05,"f1","F1",4982062,4832600
2026-02-05,"fcwc","FCWC",0,0
2026-02-05,"fifa","FIFA",0,0
2026-02-05,"fifae","FIFAe",0,0
2026-02-05,"fifaewc","FIFAeWC",0,0
2026-02-05,"fwc","FWC",0,0
2026-02-05,"fwwc","FWWC",0,0
2026-02-05,"infantino","Infantino",0,0
2026-02-05,"montreal_canadiens","Montreal Canadiens",0,0
2026-02-05,"motogp","MotoGP",17252735,10904971
2026-02-05,"ny_yankees","NY Yankees",0,0
2026-02-06,"carolina_hurricanes","Caroline Hurricanes",746855,604096
2026-02-06,"ducati","Ducati",1863753,0
2026-02-06,"f1","F1",0,0
2026-02-06,"fcwc","FCWC",0,0
2026-02-06,"fifa","FIFA",0,0
2026-02-06,"fifae","FIFAe",0,0
2026-02-06,"fifaewc","FIFAeWC",0,0
2026-02-06,"fwc","FWC",0,0
2026-02-06,"fwwc","FWWC",0,0
2026-02-06,"infantino","Infantino",0,0
2026-02-06,"montreal_canadiens","Montreal Canadiens",0,0
2026-02-06,"motogp","MotoGP",4761042,2920368
2026-02-06,"ny_yankees","NY Yankees",0,0
2026-02-07,"carolina_hurricanes","Caroline Hurricanes",0,0
2026-02-07,"ducati","Ducati",1015209,938596
2026-02-07,"f1","F1",0,0
2026-02-07,"fcwc","FCWC",0,0
2026-02-07,"fifa","FIFA",0,0
2026-02-07,"fifae","FIFAe",0,0
2026-02-07,"fifaewc","FIFAeWC",0,0
2026-02-07,"fwc","FWC",0,0
2026-02-07,"fwwc","FWWC",0,0
2026-02-07,"infantino","Infantino",0,0
2026-02-07,"montreal_canadiens","Montreal Canadiens",0,0
2026-02-07,"motogp","MotoGP",34344321,23902531
2026-02-07,"ny_yankees","NY Yankees",0,0
2026-02-08,"carolina_hurricanes","Caroline Hurricanes",214433,166130
2026-02-08,"ducati","Ducati",755784,713894
2026-02-08,"f1","F1",0,0
2026-02-08,"fcwc","FCWC",0,0
2026-02-08,"fifa","FIFA",0,0
2026-02-08,"fifae","FIFAe",0,0
2026-02-08,"fifaewc","FIFAeWC",0,0
2026-02-08,"fwc","FWC",0,0
2026-02-08,"fwwc","FWWC",0,0
2026-02-08,"infantino","Infantino",0,0
2026-02-08,"montreal_canadiens","Montreal Canadiens",0,0
2026-02-08,"motogp","MotoGP",4187003,3859759
2026-02-08,"ny_yankees","NY Yankees",0,0
2026-02-09,"carolina_hurricanes","Caroline Hurricanes",0,0
2026-02-09,"ducati","Ducati",0,0
2026-02-09,"f1","F1",0,0
2026-02-09,"fcwc","FCWC",0,0
2026-02-09,"fifa","FIFA",0,0
2026-02-09,"fifae","FIFAe",0,0
2026-02-09,"fifaewc","FIFAeWC",0,0
2026-02-09,"fwc","FWC",0,0
2026-02-09,"fwwc","FWWC",0,0
2026-02-09,"infantino","Infantino",0,0
2026-02-09,"montreal_canadiens","Montreal Canadiens",0,0
2026-02-09,"motogp","MotoGP",3851532,1028538
2026-02-09,"ny_yankees","NY Yankees",0,0
2026-02-10,"carolina_hurricanes","Caroline Hurricanes",0,0
2026-02-10,"ducati","Ducati",218930,202563
2026-02-10,"f1","F1",0,0
2026-02-10,"fcwc","FCWC",0,0
2026-02-10,"fifa","FIFA",0,0
2026-02-10,"fifae","FIFAe",0,0
2026-02-10,"fifaewc","FIFAeWC",0,0
2026-02-10,"fwc","FWC",0,0
2026-02-10,"fwwc","FWWC",0,0
2026-02-10,"infantino","Infantino",0,0
2026-02-10,"montreal_canadiens","Montreal Canadiens",0,0
2026-02-10,"motogp","MotoGP",0,0
2026-02-10,"ny_yankees","NY Yankees",0,0
2026-02-11,"carolina_hurricanes","Caroline Hurricanes",0,0
2026-02-11,"ducati","Ducati",218017,207048
2026-02-11,"f1","F1",32339798,29915604
2026-02-11,"fcwc","FCWC",0,0
2026-02-11,"fifa","FIFA",0,0
2026-02-11,"fifae","FIFAe",0,0
2026-02-11,"fifaewc","FIFAeWC",0,0
2026-02-11,"fwc","FWC",0,0
2026-02-11,"fwwc","FWWC",0,0
2026-02-11,"infantino","Infantino",0,0
2026-02-11,"montreal_canadiens","Montreal Canadiens",0,0
2026-02-11,"motogp","MotoGP",4932739,4017510
2026-02-11,"ny_yankees","NY Yankees",0,0
2026-02-12,"carolina_hurricanes","Caroline Hurricanes",0,0
2026-02-12,"ducati","Ducati",100534,95359
2026-02-12,"f1","F1",21915627,20189343
2026-02-12,"fcwc","FCWC",0,0
2026-02-12,"fifa","FIFA",0,0
2026-02-12,"fifae","FIFAe",0,0
2026-02-12,"fifaewc","FIFAeWC",0,0
2026-02-12,"fwc","FWC",0,0
2026-02-12,"fwwc","FWWC",0,0
2026-02-12,"infantino","Infantino",0,0
2026-02-12,"montreal_canadiens","Montreal Canadiens",0,0
2026-02-12,"motogp","MotoGP",2635196,2367676
2026-02-12,"ny_yankees","NY Yankees",0,0
2026-02-13,"carolina_hurricanes","Caroline Hurricanes",0,0
2026-02-13,"ducati","Ducati",0,0
2026-02-13,"f1","F1",13936420,13575946
2026-02-13,"fcwc","FCWC",0,0
2026-02-13,"fifa","FIFA",0,0
2026-02-13,"fifae","FIFAe",0,0
2026-02-13,"fifaewc","FIFAeWC",0,0
2026-02-13,"fwc","FWC",0,0
2026-02-13,"fwwc","FWWC",0,0
2026-02-13,"infantino","Infantino",0,0
2026-02-13,"montreal_canadiens","Montreal Canadiens",0,0
2026-02-13,"motogp","MotoGP",0,0
2026-02-13,"ny_yankees","NY Yankees",0,0
2026-02-14,"carolina_hurricanes","Caroline Hurricanes",0,0
2026-02-14,"ducati","Ducati",0,0
2026-02-14,"f1","F1",10100,3238
2026-02-14,"fcwc","FCWC",42728,41952
2026-02-14,"fifa","FIFA",0,0
2026-02-14,"fifae","FIFAe",0,0
2026-02-14,"fifaewc","FIFAeWC",0,0
2026-02-14,"fwc","FWC",0,0
2026-02-14,"fwwc","FWWC",0,0
2026-02-14,"infantino","Infantino",0,0
2026-02-14,"montreal_canadiens","Montreal Canadiens",0,0
2026-02-14,"motogp","MotoGP",1811930,1148979
2026-02-14,"ny_yankees","NY Yankees",0,0
2026-02-15,"carolina_hurricanes","Caroline Hurricanes",0,0
2026-02-15,"ducati","Ducati",0,0
2026-02-15,"f1","F1",0,0
2026-02-15,"fcwc","FCWC",0,0
2026-02-15,"fifa","FIFA",0,0
2026-02-15,"fifae","FIFAe",0,0
2026-02-15,"fifaewc","FIFAeWC",0,0
2026-02-15,"fwc","FWC",0,0
2026-02-15,"fwwc","FWWC",0,0
2026-02-15,"infantino","Infantino",0,0
2026-02-15,"montreal_canadiens","Montreal Canadiens",0,0
2026-02-15,"motogp","MotoGP",599950,593514
2026-02-15,"ny_yankees","NY Yankees",0,0
2026-02-16,"carolina_hurricanes","Caroline Hurricanes",388445,0
2026-02-16,"ducati","Ducati",235668,0
2026-02-16,"f1","F1",3936463,3600554
2026-02-16,"fcwc","FCWC",0,0
2026-02-16,"fifa","FIFA",0,0
2026-02-16,"fifae","FIFAe",0,0
2026-02-16,"fifaewc","FIFAeWC",0,0
2026-02-16,"fwc","FWC",0,0
2026-02-16,"fwwc","FWWC",0,0
2026-02-16,"infantino","Infantino",0,0
2026-02-16,"montreal_canadiens","Montreal Canadiens",0,0
2026-02-16,"motogp","MotoGP",0,0
2026-02-16,"ny_yankees","NY Yankees",0,0
2026-02-17,"carolina_hurricanes","Caroline Hurricanes",263951,49065
2026-02-17,"ducati","Ducati",274363,0
2026-02-17,"f1","F1",11349614,8991911
2026-02-17,"fcwc","FCWC",0,0
2026-02-17,"fifa","FIFA",0,0
2026-02-17,"fifae","FIFAe",0,0
2026-02-17,"fifaewc","FIFAeWC",0,0
2026-02-17,"fwc","FWC",0,0
2026-02-17,"fwwc","FWWC",0,0
2026-02-17,"infantino","Infantino",0,0
2026-02-17,"montreal_canadiens","Montreal Canadiens",0,0
2026-02-17,"motogp","MotoGP",8246103,4542182
2026-02-17,"ny_yankees","NY Yankees",0,0
2026-02-18,"carolina_hurricanes","Caroline Hurricanes",0,0
2026-02-18,"ducati","Ducati",575029,0
2026-02-18,"f1","F1",9601096,9158549
2026-02-18,"fcwc","FCWC",3045121,3038435
2026-02-18,"fifa","FIFA",0,0
2026-02-18,"fifae","FIFAe",0,0
2026-02-18,"fifaewc","FIFAeWC",0,0
2026-02-18,"fwc","FWC",0,0
2026-02-18,"fwwc","FWWC",0,0
2026-02-18,"infantino","Infantino",0,0
2026-02-18,"montreal_canadiens","Montreal Canadiens",0,0
2026-02-18,"motogp","MotoGP",2699917,2398351
2026-02-18,"ny_yankees","NY Yankees",0,0
2026-02-19,"carolina_hurricanes","Caroline Hurricanes",0,0
2026-02-19,"ducati","Ducati",0,0
2026-02-19,"f1","F1",9601698,8889215
2026-02-19,"fcwc","FCWC",0,0
2026-02-19,"fifa","FIFA",0,0
2026-02-19,"fifae","FIFAe",0,0
2026-02-19,"fifaewc","FIFAeWC",0,0
2026-02-19,"fwc","FWC",0,0
2026-02-19,"fwwc","FWWC",0,0
2026-02-19,"infantino","Infantino",0,0
2026-02-19,"montreal_canadiens","Montreal Canadiens",0,0
2026-02-19,"motogp","MotoGP",2257528,1761402
2026-02-19,"ny_yankees","NY Yankees",0,0
2026-02-20,"carolina_hurricanes","Caroline Hurricanes",28010,10655
2026-02-20,"ducati","Ducati",204938,0
2026-02-20,"f1","F1",24008269,22406612
2026-02-20,"fcwc","FCWC",0,0
2026-02-20,"fifa","FIFA",0,0
2026-02-20,"fifae","FIFAe",2828,923
2026-02-20,"fifaewc","FIFAeWC",0,0
2026-02-20,"fwc","FWC",0,0
2026-02-20,"fwwc","FWWC",0,0
2026-02-20,"infantino","Infantino",0,0
2026-02-20,"montreal_canadiens","Montreal Canadiens",0,0
2026-02-20,"motogp","MotoGP",3684685,2133914
2026-02-20,"ny_yankees","NY Yankees",0,0
2026-02-21,"carolina_hurricanes","Caroline Hurricanes",15971,0
2026-02-21,"ducati","Ducati",499094,193513
2026-02-21,"f1","F1",3202838,1670117
2026-02-21,"fcwc","FCWC",0,0
2026-02-21,"fifa","FIFA",0,0
2026-02-21,"fifae","FIFAe",0,0
2026-02-21,"fifaewc","FIFAeWC",0,0
2026-02-21,"fwc","FWC",0,0
2026-02-21,"fwwc","FWWC",0,0
2026-02-21,"infantino","Infantino",0,0
2026-02-21,"montreal_canadiens","Montreal Canadiens",0,0
2026-02-21,"motogp","MotoGP",20648298,14502695
2026-02-21,"ny_yankees","NY Yankees",0,0
2026-02-22,"carolina_hurricanes","Caroline Hurricanes",0,0
2026-02-22,"ducati","Ducati",585626,563485
2026-02-22,"f1","F1",0,0
2026-02-22,"fcwc","FCWC",0,0
2026-02-22,"fifa","FIFA",0,0
2026-02-22,"fifae","FIFAe",0,0
2026-02-22,"fifaewc","FIFAeWC",0,0
2026-02-22,"fwc","FWC",0,0
2026-02-22,"fwwc","FWWC",0,0
2026-02-22,"infantino","Infantino",0,0
2026-02-22,"montreal_canadiens","Montreal Canadiens",0,0
2026-02-22,"motogp","MotoGP",17144612,7800833
2026-02-22,"ny_yankees","NY Yankees",0,0
2026-02-23,"carolina_hurricanes","Caroline Hurricanes",41139,27199
2026-02-23,"ducati","Ducati",0,0
2026-02-23,"f1","F1",0,0
2026-02-23,"fcwc","FCWC",0,0
2026-02-23,"fifa","FIFA",0,0
2026-02-23,"fifae","FIFAe",9621,3108
2026-02-23,"fifaewc","FIFAeWC",0,0
2026-02-23,"fwc","FWC",0,0
2026-02-23,"fwwc","FWWC",0,0
2026-02-23,"infantino","Infantino",0,0
2026-02-23,"montreal_canadiens","Montreal Canadiens",0,0
2026-02-23,"motogp","MotoGP",9961709,8860540
2026-02-23,"ny_yankees","NY Yankees",0,0
2026-02-24,"carolina_hurricanes","Caroline Hurricanes",0,0
2026-02-24,"ducati","Ducati",0,0
2026-02-24,"f1","F1",0,0
2026-02-24,"fcwc","FCWC",0,0
2026-02-24,"fifa","FIFA",0,0
2026-02-24,"fifae","FIFAe",0,0
2026-02-24,"fifaewc","FIFAeWC",0,0
2026-02-24,"fwc","FWC",0,0
2026-02-24,"fwwc","FWWC",0,0
2026-02-24,"infantino","Infantino",0,0
2026-02-24,"montreal_canadiens","Montreal Canadiens",0,0
2026-02-24,"motogp","MotoGP",5189420,4374484
2026-02-24,"ny_yankees","NY Yankees",0,0
2026-02-25,"carolina_hurricanes","Caroline Hurricanes",130357,70620
2026-02-25,"ducati","Ducati",0,0
2026-02-25,"f1","F1",0,0
2026-02-25,"fcwc","FCWC",3599222,3403220
2026-02-25,"fifa","FIFA",0,0
2026-02-25,"fifae","FIFAe",0,0
2026-02-25,"fifaewc","FIFAeWC",0,0
2026-02-25,"fwc","FWC",251338,210803
2026-02-25,"fwwc","FWWC",0,0
2026-02-25,"infantino","Infantino",0,0
2026-02-25,"montreal_canadiens","Montreal Canadiens",0,0
2026-02-25,"motogp","MotoGP",3031105,2262919
2026-02-25,"ny_yankees","NY Yankees",0,0
2026-02-26,"carolina_hurricanes","Caroline Hurricanes",193163,170787
2026-02-26,"ducati","Ducati",359956,342851
2026-02-26,"f1","F1",961707,0
2026-02-26,"fcwc","FCWC",0,0
2026-02-26,"fifa","FIFA",0,0
2026-02-26,"fifae","FIFAe",428151,415292
2026-02-26,"fifaewc","FIFAeWC",0,0
2026-02-26,"fwc","FWC",0,0
2026-02-26,"fwwc","FWWC",0,0
2026-02-26,"infantino","Infantino",191358,191183
2026-02-26,"montreal_canadiens","Montreal Canadiens",327354,308932
2026-02-26,"motogp","MotoGP",13089793,9024620
2026-02-26,"ny_yankees","NY Yankees",0,0
2026-02-27,"carolina_hurricanes","Caroline Hurricanes",223877,163140
2026-02-27,"ducati","Ducati",547070,529606
2026-02-27,"f1","F1",0,0
2026-02-27,"fcwc","FCWC",0,0
2026-02-27,"fifa","FIFA",67443,21601
2026-02-27,"fifae","FIFAe",0,0
2026-02-27,"fifaewc","FIFAeWC",0,0
2026-02-27,"fwc","FWC",0,0
2026-02-27,"fwwc","FWWC",0,0
2026-02-27,"infantino","Infantino",0,0
2026-02-27,"montreal_canadiens","Montreal Canadiens",0,0
2026-02-27,"motogp","MotoGP",43654826,37692795
2026-02-27,"ny_yankees","NY Yankees",0,0
2026-02-28,"carolina_hurricanes","Caroline Hurricanes",0,0
2026-02-28,"ducati","Ducati",1000423,832094
2026-02-28,"f1","F1",0,0
2026-02-28,"fcwc","FCWC",0,0
2026-02-28,"fifa","FIFA",0,0
2026-02-28,"fifae","FIFAe",0,0
2026-02-28,"fifaewc","FIFAeWC",0,0
2026-02-28,"fwc","FWC",0,0
2026-02-28,"fwwc","FWWC",0,0
2026-02-28,"infantino","Infantino",0,0
2026-02-28,"montreal_canadiens","Montreal Canadiens",0,0
2026-02-28,"motogp","MotoGP",45131659,32918782
2026-02-28,"ny_yankees","NY Yankees",0,0
2026-03-01,"carolina_hurricanes","Caroline Hurricanes",529036,359985
2026-03-01,"ducati","Ducati",1275145,1233268
2026-03-01,"f1","F1",6533675,0
2026-03-01,"fcwc","FCWC",0,0
2026-03-01,"fifa","FIFA",0,0
2026-03-01,"fifae","FIFAe",0,0
2026-03-01,"fifaewc","FIFAeWC",0,0
2026-03-01,"fwc","FWC",0,0
2026-03-01,"fwwc","FWWC",0,0
2026-03-01,"infantino","Infantino",0,0
2026-03-01,"montreal_canadiens","Montreal Canadiens",1206703,1194947
2026-03-01,"motogp","MotoGP",38910176,31319017
2026-03-01,"ny_yankees","NY Yankees",0,0
2026-03-02,"carolina_hurricanes","Caroline Hurricanes",105407,92706
2026-03-02,"ducati","Ducati",849551,0
2026-03-02,"f1","F1",261410,82225
2026-03-02,"fcwc","FCWC",0,0
2026-03-02,"fifa","FIFA",0,0
2026-03-02,"fifae","FIFAe",0,0
2026-03-02,"fifaewc","FIFAeWC",99885,98962
2026-03-02,"fwc","FWC",0,0
2026-03-02,"fwwc","FWWC",0,0
2026-03-02,"infantino","Infantino",0,0
2026-03-02,"montreal_canadiens","Montreal Canadiens",0,0
2026-03-02,"motogp","MotoGP",28944386,24746167
2026-03-02,"ny_yankees","NY Yankees",0,0
2026-03-03,"carolina_hurricanes","Caroline Hurricanes",62685,8646
2026-03-03,"ducati","Ducati",2859,2773
2026-03-03,"f1","F1",0,0
2026-03-03,"fcwc","FCWC",0,0
2026-03-03,"fifa","FIFA",0,0
2026-03-03,"fifae","FIFAe",406250,397595
2026-03-03,"fifaewc","FIFAeWC",0,0
2026-03-03,"fwc","FWC",0,0
2026-03-03,"fwwc","FWWC",0,0
2026-03-03,"infantino","Infantino",0,0
2026-03-03,"montreal_canadiens","Montreal Canadiens",0,0
2026-03-03,"motogp","MotoGP",13385812,10985548
2026-03-03,"ny_yankees","NY Yankees",0,0
2026-03-04,"carolina_hurricanes","Caroline Hurricanes",37997,0
2026-03-04,"ducati","Ducati",0,0
2026-03-04,"f1","F1",2204157,2188897
2026-03-04,"fcwc","FCWC",0,0
2026-03-04,"fifa","FIFA",0,0
2026-03-04,"fifae","FIFAe",0,0
2026-03-04,"fifaewc","FIFAeWC",0,0
2026-03-04,"fwc","FWC",0,0
2026-03-04,"fwwc","FWWC",0,0
2026-03-04,"infantino","Infantino",0,0
2026-03-04,"montreal_canadiens","Montreal Canadiens",0,0
2026-03-04,"motogp","MotoGP",1153048,1028448
2026-03-04,"ny_yankees","NY Yankees",0,0
2026-03-05,"carolina_hurricanes","Caroline Hurricanes",478011,205503
2026-03-05,"ducati","Ducati",0,0
2026-03-05,"f1","F1",151054,139051
2026-03-05,"fcwc","FCWC",0,0
2026-03-05,"fifa","FIFA",0,0
2026-03-05,"fifae","FIFAe",0,0
2026-03-05,"fifaewc","FIFAeWC",0,0
2026-03-05,"fwc","FWC",0,0
2026-03-05,"fwwc","FWWC",0,0
2026-03-05,"infantino","Infantino",0,0
2026-03-05,"montreal_canadiens","Montreal Canadiens",0,0
2026-03-05,"motogp","MotoGP",7222405,3902872
2026-03-05,"ny_yankees","NY Yankees",0,0
2026-03-06,"carolina_hurricanes","Caroline Hurricanes",0,0
2026-03-06,"ducati","Ducati",149464,144960
2026-03-06,"f1","F1",26045170,10368623
2026-03-06,"fcwc","FCWC",0,0
2026-03-06,"fifa","FIFA",0,0
2026-03-06,"fifae","FIFAe",0,0
2026-03-06,"fifaewc","FIFAeWC",0,0
2026-03-06,"fwc","FWC",0,0
2026-03-06,"fwwc","FWWC",0,0
2026-03-06,"infantino","Infantino",0,0
2026-03-06,"montreal_canadiens","Montreal Canadiens",0,0
2026-03-06,"motogp","MotoGP",6104355,5659049
2026-03-06,"ny_yankees","NY Yankees",0,0
2026-03-07,"carolina_hurricanes","Caroline Hurricanes",524125,34488
2026-03-07,"ducati","Ducati",0,0
2026-03-07,"f1","F1",57762690,33913807
2026-03-07,"fcwc","FCWC",0,0
2026-03-07,"fifa","FIFA",0,0
2026-03-07,"fifae","FIFAe",436026,396568
2026-03-07,"fifaewc","FIFAeWC",0,0
2026-03-07,"fwc","FWC",0,0
2026-03-07,"fwwc","FWWC",0,0
2026-03-07,"infantino","Infantino",0,0
2026-03-07,"montreal_canadiens","Montreal Canadiens",0,0
2026-03-07,"motogp","MotoGP",1745907,0
2026-03-07,"ny_yankees","NY Yankees",0,0
2026-03-08,"carolina_hurricanes","Caroline Hurricanes",83284,57827
2026-03-08,"ducati","Ducati",0,0
2026-03-08,"f1","F1",57926415,32326720
2026-03-08,"fcwc","FCWC",0,0
2026-03-08,"fifa","FIFA",0,0
2026-03-08,"fifae","FIFAe",0,0
2026-03-08,"fifaewc","FIFAeWC",0,0
2026-03-08,"fwc","FWC",0,0
2026-03-08,"fwwc","FWWC",0,0
2026-03-08,"infantino","Infantino",0,0
2026-03-08,"montreal_canadiens","Montreal Canadiens",0,0
2026-03-08,"motogp","MotoGP",0,0
2026-03-08,"ny_yankees","NY Yankees",0,0
2026-03-09,"carolina_hurricanes","Caroline Hurricanes",0,0
2026-03-09,"ducati","Ducati",0,0
2026-03-09,"f1","F1",25655579,17757819
2026-03-09,"fcwc","FCWC",0,0
2026-03-09,"fifa","FIFA",0,0
2026-03-09,"fifae","FIFAe",0,0
2026-03-09,"fifaewc","FIFAeWC",0,0
2026-03-09,"fwc","FWC",0,0
2026-03-09,"fwwc","FWWC",0,0
2026-03-09,"infantino","Infantino",0,0
2026-03-09,"montreal_canadiens","Montreal Canadiens",0,0
2026-03-09,"motogp","MotoGP",1801946,1418531
2026-03-09,"ny_yankees","NY Yankees",0,0
2026-03-10,"carolina_hurricanes","Caroline Hurricanes",167419,88486
2026-03-10,"ducati","Ducati",0,0
2026-03-10,"f1","F1",33206808,12224923
2026-03-10,"fcwc","FCWC",0,0
2026-03-10,"fifa","FIFA",0,0
2026-03-10,"fifae","FIFAe",0,0
2026-03-10,"fifaewc","FIFAeWC",0,0
2026-03-10,"fwc","FWC",0,0
2026-03-10,"fwwc","FWWC",0,0
2026-03-10,"infantino","Infantino",0,0
2026-03-10,"montreal_canadiens","Montreal Canadiens",0,0
2026-03-10,"motogp","MotoGP",598670,483774
2026-03-10,"ny_yankees","NY Yankees",0,0
2026-03-11,"carolina_hurricanes","Caroline Hurricanes",299174,175746
2026-03-11,"ducati","Ducati",0,0
2026-03-11,"f1","F1",8540795,8262090
2026-03-11,"fcwc","FCWC",0,0
2026-03-11,"fifa","FIFA",0,0
2026-03-11,"fifae","FIFAe",0,0
2026-03-11,"fifaewc","FIFAeWC",0,0
2026-03-11,"fwc","FWC",0,0
2026-03-11,"fwwc","FWWC",0,0
2026-03-11,"infantino","Infantino",0,0
2026-03-11,"montreal_canadiens","Montreal Canadiens",0,0
2026-03-11,"motogp","MotoGP",323667,14657
2026-03-11,"ny_yankees","NY Yankees",0,0
2026-03-12,"carolina_hurricanes","Caroline Hurricanes",28970,5355
2026-03-12,"ducati","Ducati",159298,0
2026-03-12,"f1","F1",1344593,1322222
2026-03-12,"fcwc","FCWC",0,0
2026-03-12,"fifa","FIFA",0,0
2026-03-12,"fifae","FIFAe",0,0
2026-03-12,"fifaewc","FIFAeWC",0,0
2026-03-12,"fwc","FWC",0,0
2026-03-12,"fwwc","FWWC",0,0
2026-03-12,"infantino","Infantino",0,0
2026-03-12,"montreal_canadiens","Montreal Canadiens",0,0
2026-03-12,"motogp","MotoGP",0,0
2026-03-12,"ny_yankees","NY Yankees",0,0
2026-03-13,"carolina_hurricanes","Caroline Hurricanes",327711,5865
2026-03-13,"ducati","Ducati",83686,0
2026-03-13,"f1","F1",5275302,1716241
2026-03-13,"fcwc","FCWC",0,0
2026-03-13,"fifa","FIFA",0,0
2026-03-13,"fifae","FIFAe",0,0
2026-03-13,"fifaewc","FIFAeWC",0,0
2026-03-13,"fwc","FWC",0,0
2026-03-13,"fwwc","FWWC",0,0
2026-03-13,"infantino","Infantino",0,0
2026-03-13,"montreal_canadiens","Montreal Canadiens",0,0
2026-03-13,"motogp","MotoGP",0,0
2026-03-13,"ny_yankees","NY Yankees",0,0
2026-03-14,"carolina_hurricanes","Caroline Hurricanes",0,0
2026-03-14,"ducati","Ducati",0,0
2026-03-14,"f1","F1",23451630,9446314
2026-03-14,"fcwc","FCWC",0,0
2026-03-14,"fifa","FIFA",0,0
2026-03-14,"fifae","FIFAe",2114978,2080420
2026-03-14,"fifaewc","FIFAeWC",0,0
2026-03-14,"fwc","FWC",0,0
2026-03-14,"fwwc","FWWC",0,0
2026-03-14,"infantino","Infantino",0,0
2026-03-14,"montreal_canadiens","Montreal Canadiens",0,0
2026-03-14,"motogp","MotoGP",0,0
2026-03-14,"ny_yankees","NY Yankees",0,0
2026-03-15,"carolina_hurricanes","Caroline Hurricanes",583956,84168
2026-03-15,"ducati","Ducati",0,0
2026-03-15,"f1","F1",44239641,23731841
2026-03-15,"fcwc","FCWC",0,0
2026-03-15,"fifa","FIFA",0,0
2026-03-15,"fifae","FIFAe",0,0
2026-03-15,"fifaewc","FIFAeWC",0,0
2026-03-15,"fwc","FWC",0,0
2026-03-15,"fwwc","FWWC",0,0
2026-03-15,"infantino","Infantino",0,0
2026-03-15,"montreal_canadiens","Montreal Canadiens",0,0
2026-03-15,"motogp","MotoGP",1227381,838949
2026-03-15,"ny_yankees","NY Yankees",0,0
2026-03-16,"carolina_hurricanes","Caroline Hurricanes",100900,97873
2026-03-16,"ducati","Ducati",0,0
2026-03-16,"f1","F1",178983,49647
2026-03-16,"fcwc","FCWC",0,0
2026-03-16,"fifa","FIFA",0,0
2026-03-16,"fifae","FIFAe",0,0
2026-03-16,"fifaewc","FIFAeWC",0,0
2026-03-16,"fwc","FWC",0,0
2026-03-16,"fwwc","FWWC",0,0
2026-03-16,"infantino","Infantino",0,0
2026-03-16,"montreal_canadiens","Montreal Canadiens",0,0
2026-03-16,"motogp","MotoGP",0,0
2026-03-16,"ny_yankees","NY Yankees",0,0
2026-03-17,"carolina_hurricanes","Caroline Hurricanes",126226,74205
2026-03-17,"ducati","Ducati",4019,0
2026-03-17,"f1","F1",3251937,2861324
2026-03-17,"fcwc","FCWC",0,0
2026-03-17,"fifa","FIFA",0,0
2026-03-17,"fifae","FIFAe",0,0
2026-03-17,"fifaewc","FIFAeWC",0,0
2026-03-17,"fwc","FWC",0,0
2026-03-17,"fwwc","FWWC",0,0
2026-03-17,"infantino","Infantino",0,0
2026-03-17,"montreal_canadiens","Montreal Canadiens",0,0
2026-03-17,"motogp","MotoGP",3047171,2464773
2026-03-17,"ny_yankees","NY Yankees",0,0
2026-03-18,"carolina_hurricanes","Caroline Hurricanes",60079,7831
2026-03-18,"ducati","Ducati",245786,228187
2026-03-18,"f1","F1",4061825,3899280
2026-03-18,"fcwc","FCWC",0,0
2026-03-18,"fifa","FIFA",0,0
2026-03-18,"fifae","FIFAe",0,0
2026-03-18,"fifaewc","FIFAeWC",0,0
2026-03-18,"fwc","FWC",0,0
2026-03-18,"fwwc","FWWC",0,0
2026-03-18,"infantino","Infantino",0,0
2026-03-18,"montreal_canadiens","Montreal Canadiens",0,0
2026-03-18,"motogp","MotoGP",3320267,827100
2026-03-18,"ny_yankees","NY Yankees",0,0
2026-03-19,"carolina_hurricanes","Caroline Hurricanes",327243,242754
2026-03-19,"ducati","Ducati",3,0
2026-03-19,"f1","F1",188322,182672
2026-03-19,"fcwc","FCWC",0,0
2026-03-19,"fifa","FIFA",0,0
2026-03-19,"fifae","FIFAe",0,0
2026-03-19,"fifaewc","FIFAeWC",0,0
2026-03-19,"fwc","FWC",0,0
2026-03-19,"fwwc","FWWC",0,0
2026-03-19,"infantino","Infantino",0,0
2026-03-19,"montreal_canadiens","Montreal Canadiens",0,0
2026-03-19,"motogp","MotoGP",8410440,7367705
2026-03-19,"ny_yankees","NY Yankees",0,0
2026-03-20,"carolina_hurricanes","Caroline Hurricanes",49269,5451
2026-03-20,"ducati","Ducati",207283,195100
2026-03-20,"f1","F1",219,212
2026-03-20,"fcwc","FCWC",0,0
2026-03-20,"fifa","FIFA",0,0
2026-03-20,"fifae","FIFAe",0,0
2026-03-20,"fifaewc","FIFAeWC",0,0
2026-03-20,"fwc","FWC",0,0
2026-03-20,"fwwc","FWWC",0,0
2026-03-20,"infantino","Infantino",429765,416853
2026-03-20,"montreal_canadiens","Montreal Canadiens",0,0
2026-03-20,"motogp","MotoGP",29854938,25784667
2026-03-20,"ny_yankees","NY Yankees",0,0
2026-03-21,"carolina_hurricanes","Caroline Hurricanes",450070,240299
2026-03-21,"ducati","Ducati",2250117,1085538
2026-03-21,"f1","F1",0,0
2026-03-21,"fcwc","FCWC",0,0
2026-03-21,"fifa","FIFA",0,0
2026-03-21,"fifae","FIFAe",0,0
2026-03-21,"fifaewc","FIFAeWC",0,0
2026-03-21,"fwc","FWC",0,0
2026-03-21,"fwwc","FWWC",0,0
2026-03-21,"infantino","Infantino",0,0
2026-03-21,"montreal_canadiens","Montreal Canadiens",0,0
2026-03-21,"motogp","MotoGP",43506204,34311368
2026-03-21,"ny_yankees","NY Yankees",0,0
2026-03-22,"carolina_hurricanes","Caroline Hurricanes",88341,26362
2026-03-22,"ducati","Ducati",1033963,989432
2026-03-22,"f1","F1",0,0
2026-03-22,"fcwc","FCWC",0,0
2026-03-22,"fifa","FIFA",0,0
2026-03-22,"fifae","FIFAe",0,0
2026-03-22,"fifaewc","FIFAeWC",0,0
2026-03-22,"fwc","FWC",0,0
2026-03-22,"fwwc","FWWC",0,0
2026-03-22,"infantino","Infantino",0,0
2026-03-22,"montreal_canadiens","Montreal Canadiens",0,0
2026-03-22,"motogp","MotoGP",32117674,28465478
2026-03-22,"ny_yankees","NY Yankees",0,0
2026-03-23,"carolina_hurricanes","Caroline Hurricanes",311996,285036
2026-03-23,"ducati","Ducati",0,0
2026-03-23,"f1","F1",8832347,39609
2026-03-23,"fcwc","FCWC",0,0
2026-03-23,"fifa","FIFA",1229376,405887
2026-03-23,"fifae","FIFAe",0,0
2026-03-23,"fifaewc","FIFAeWC",0,0
2026-03-23,"fwc","FWC",0,0
2026-03-23,"fwwc","FWWC",0,0
2026-03-23,"infantino","Infantino",0,0
2026-03-23,"montreal_canadiens","Montreal Canadiens",0,0
2026-03-23,"motogp","MotoGP",5109542,2726424
2026-03-23,"ny_yankees","NY Yankees",0,0
2026-03-24,"carolina_hurricanes","Caroline Hurricanes",43831,13866
2026-03-24,"ducati","Ducati",303095,287263
2026-03-24,"f1","F1",1946410,0
2026-03-24,"fcwc","FCWC",0,0
2026-03-24,"fifa","FIFA",1371224,143404
2026-03-24,"fifae","FIFAe",0,0
2026-03-24,"fifaewc","FIFAeWC",0,0
2026-03-24,"fwc","FWC",0,0
2026-03-24,"fwwc","FWWC",0,0
2026-03-24,"infantino","Infantino",0,0
2026-03-24,"montreal_canadiens","Montreal Canadiens",0,0
2026-03-24,"motogp","MotoGP",2141376,1655306
2026-03-24,"ny_yankees","NY Yankees",0,0
2026-03-25,"carolina_hurricanes","Caroline Hurricanes",58763,4000
2026-03-25,"ducati","Ducati",19280,8960
2026-03-25,"f1","F1",16793572,16486058
2026-03-25,"fcwc","FCWC",0,0
2026-03-25,"fifa","FIFA",134152,43258
2026-03-25,"fifae","FIFAe",0,0
2026-03-25,"fifaewc","FIFAeWC",0,0
2026-03-25,"fwc","FWC",0,0
2026-03-25,"fwwc","FWWC",0,0
2026-03-25,"infantino","Infantino",0,0
2026-03-25,"montreal_canadiens","Montreal Canadiens",65537,41296
2026-03-25,"motogp","MotoGP",10727478,5785739
2026-03-25,"ny_yankees","NY Yankees",0,0
2026-03-26,"carolina_hurricanes","Caroline Hurricanes",17627,5919
2026-03-26,"ducati","Ducati",238133,221180
2026-03-26,"f1","F1",40527,6711
2026-03-26,"fcwc","FCWC",0,0
2026-03-26,"fifa","FIFA",0,0
2026-03-26,"fifae","FIFAe",0,0
2026-03-26,"fifaewc","FIFAeWC",0,0
2026-03-26,"fwc","FWC",0,0
2026-03-26,"fwwc","FWWC",0,0
2026-03-26,"infantino","Infantino",0,0
2026-03-26,"montreal_canadiens","Montreal Canadiens",0,0
2026-03-26,"motogp","MotoGP",5891122,4242521
2026-03-26,"ny_yankees","NY Yankees",0,0
2026-03-27,"carolina_hurricanes","Caroline Hurricanes",9321,0
2026-03-27,"ducati","Ducati",856376,695519
2026-03-27,"f1","F1",9991997,2704723
2026-03-27,"fcwc","FCWC",0,0
2026-03-27,"fifa","FIFA",4963563,1635810
2026-03-27,"fifae","FIFAe",0,0
2026-03-27,"fifaewc","FIFAeWC",0,0
2026-03-27,"fwc","FWC",6245072,6107959
2026-03-27,"fwwc","FWWC",0,0
2026-03-27,"infantino","Infantino",0,0
2026-03-27,"montreal_canadiens","Montreal Canadiens",0,0
2026-03-27,"motogp","MotoGP",19259495,15251960
2026-03-27,"ny_yankees","NY Yankees",0,0
2026-03-28,"carolina_hurricanes","Caroline Hurricanes",130717,37584
2026-03-28,"ducati","Ducati",2300433,1996577
2026-03-28,"f1","F1",28597394,13582411
2026-03-28,"fcwc","FCWC",0,0
2026-03-28,"fifa","FIFA",0,0
2026-03-28,"fifae","FIFAe",0,0
2026-03-28,"fifaewc","FIFAeWC",0,0
2026-03-28,"fwc","FWC",0,0
2026-03-28,"fwwc","FWWC",0,0
2026-03-28,"infantino","Infantino",0,0
2026-03-28,"montreal_canadiens","Montreal Canadiens",0,0
2026-03-28,"motogp","MotoGP",58130925,48399428
2026-03-28,"ny_yankees","NY Yankees",0,0
2026-03-29,"carolina_hurricanes","Caroline Hurricanes",489860,327863
2026-03-29,"ducati","Ducati",189980,36707
2026-03-29,"f1","F1",15346939,14460023
2026-03-29,"fcwc","FCWC",0,0
2026-03-29,"fifa","FIFA",0,0
2026-03-29,"fifae","FIFAe",0,0
2026-03-29,"fifaewc","FIFAeWC",0,0
2026-03-29,"fwc","FWC",0,0
2026-03-29,"fwwc","FWWC",0,0
2026-03-29,"infantino","Infantino",0,0
2026-03-29,"montreal_canadiens","Montreal Canadiens",0,0
2026-03-29,"motogp","MotoGP",67952545,58114320
2026-03-29,"ny_yankees","NY Yankees",0,0
2026-03-30,"carolina_hurricanes","Caroline Hurricanes",256459,156612
2026-03-30,"ducati","Ducati",899707,678149
2026-03-30,"f1","F1",10416,3267
2026-03-30,"fcwc","FCWC",0,0
2026-03-30,"fifa","FIFA",0,0
2026-03-30,"fifae","FIFAe",0,0
2026-03-30,"fifaewc","FIFAeWC",0,0
2026-03-30,"fwc","FWC",0,0
2026-03-30,"fwwc","FWWC",0,0
2026-03-30,"infantino","Infantino",0,0
2026-03-30,"montreal_canadiens","Montreal Canadiens",1059376,977954
2026-03-30,"motogp","MotoGP",35506899,30891446
2026-03-30,"ny_yankees","NY Yankees",0,0
2026-03-31,"carolina_hurricanes","Caroline Hurricanes",137614,135716
2026-03-31,"ducati","Ducati",0,0
2026-03-31,"f1","F1",9270552,8858923
2026-03-31,"fcwc","FCWC",0,0
2026-03-31,"fifa","FIFA",0,0
2026-03-31,"fifae","FIFAe",0,0
2026-03-31,"fifaewc","FIFAeWC",0,0
2026-03-31,"fwc","FWC",0,0
2026-03-31,"fwwc","FWWC",0,0
2026-03-31,"infantino","Infantino",0,0
2026-03-31,"montreal_canadiens","Montreal Canadiens",0,0
2026-03-31,"motogp","MotoGP",3895759,1589921
2026-03-31,"ny_yankees","NY Yankees",0,0
2026-04-01,"carolina_hurricanes","Caroline Hurricanes",509177,12570
2026-04-01,"ducati","Ducati",6873,0
2026-04-01,"f1","F1",8709,2724
2026-04-01,"fcwc","FCWC",0,0
2026-04-01,"fifa","FIFA",6622440,2184094
2026-04-01,"fifae","FIFAe",403048,399182
2026-04-01,"fifaewc","FIFAeWC",0,0
2026-04-01,"fwc","FWC",0,0
2026-04-01,"fwwc","FWWC",0,0
2026-04-01,"infantino","Infantino",0,0
2026-04-01,"montreal_canadiens","Montreal Canadiens",0,0
2026-04-01,"motogp","MotoGP",26800072,26184468
2026-04-01,"ny_yankees","NY Yankees",0,0
2026-04-02,"carolina_hurricanes","Caroline Hurricanes",310851,5363
2026-04-02,"ducati","Ducati",0,0
2026-04-02,"f1","F1",0,0
2026-04-02,"fcwc","FCWC",0,0
2026-04-02,"fifa","FIFA",0,0
2026-04-02,"fifae","FIFAe",0,0
2026-04-02,"fifaewc","FIFAeWC",0,0
2026-04-02,"fwc","FWC",3791794,3748652
2026-04-02,"fwwc","FWWC",0,0
2026-04-02,"infantino","Infantino",0,0
2026-04-02,"montreal_canadiens","Montreal Canadiens",0,0
2026-04-02,"motogp","MotoGP",3550501,153084
2026-04-02,"ny_yankees","NY Yankees",0,0
2026-04-03,"carolina_hurricanes","Caroline Hurricanes",94741,26944
2026-04-03,"ducati","Ducati",0,0
2026-04-03,"f1","F1",0,0
2026-04-03,"fcwc","FCWC",0,0
2026-04-03,"fifa","FIFA",0,0
2026-04-03,"fifae","FIFAe",0,0
2026-04-03,"fifaewc","FIFAeWC",0,0
2026-04-03,"fwc","FWC",820050,0
2026-04-03,"fwwc","FWWC",0,0
2026-04-03,"infantino","Infantino",0,0
2026-04-03,"montreal_canadiens","Montreal Canadiens",431191,452989
2026-04-03,"motogp","MotoGP",0,0
2026-04-03,"ny_yankees","NY Yankees",10184955,10066518
2026-04-04,"carolina_hurricanes","Caroline Hurricanes",0,0
2026-04-04,"ducati","Ducati",246640,0
2026-04-04,"f1","F1",0,0
2026-04-04,"fcwc","FCWC",0,0
2026-04-04,"fifa","FIFA",0,0
2026-04-04,"fifae","FIFAe",0,0
2026-04-04,"fifaewc","FIFAeWC",0,0
2026-04-04,"fwc","FWC",0,0
2026-04-04,"fwwc","FWWC",0,0
2026-04-04,"infantino","Infantino",0,0
2026-04-04,"montreal_canadiens","Montreal Canadiens",0,0
2026-04-04,"motogp","MotoGP",0,0
2026-04-04,"ny_yankees","NY Yankees",1831678,1086867
2026-04-05,"carolina_hurricanes","Caroline Hurricanes",987145,768353
2026-04-05,"ducati","Ducati",0,0
2026-04-05,"f1","F1",0,0
2026-04-05,"fcwc","FCWC",0,0
2026-04-05,"fifa","FIFA",0,0
2026-04-05,"fifae","FIFAe",0,0
2026-04-05,"fifaewc","FIFAeWC",0,0
2026-04-05,"fwc","FWC",0,0
2026-04-05,"fwwc","FWWC",0,0
2026-04-05,"infantino","Infantino",0,0
2026-04-05,"montreal_canadiens","Montreal Canadiens",0,0
2026-04-05,"motogp","MotoGP",0,0
2026-04-05,"ny_yankees","NY Yankees",0,0
2026-04-06,"carolina_hurricanes","Caroline Hurricanes",72772,60827
2026-04-06,"ducati","Ducati",577752,555201
2026-04-06,"f1","F1",0,0
2026-04-06,"fcwc","FCWC",0,0
2026-04-06,"fifa","FIFA",0,0
2026-04-06,"fifae","FIFAe",0,0
2026-04-06,"fifaewc","FIFAeWC",0,0
2026-04-06,"fwc","FWC",0,0
2026-04-06,"fwwc","FWWC",0,0
2026-04-06,"infantino","Infantino",0,0
2026-04-06,"montreal_canadiens","Montreal Canadiens",0,0
2026-04-06,"motogp","MotoGP",80760,79291
2026-04-06,"ny_yankees","NY Yankees",0,0
2026-04-07,"carolina_hurricanes","Caroline Hurricanes",56058,11108
2026-04-07,"ducati","Ducati",0,0
2026-04-07,"f1","F1",0,0
2026-04-07,"fcwc","FCWC",0,0
2026-04-07,"fifa","FIFA",1132233,376097
2026-04-07,"fifae","FIFAe",0,0
2026-04-07,"fifaewc","FIFAeWC",0,0
2026-04-07,"fwc","FWC",0,0
2026-04-07,"fwwc","FWWC",0,0
2026-04-07,"infantino","Infantino",0,0
2026-04-07,"montreal_canadiens","Montreal Canadiens",0,0
2026-04-07,"motogp","MotoGP",0,0
2026-04-07,"ny_yankees","NY Yankees",0,0
2026-04-08,"carolina_hurricanes","Caroline Hurricanes",582348,317217
2026-04-08,"ducati","Ducati",0,0
2026-04-08,"f1","F1",8814261,8505203
2026-04-08,"fcwc","FCWC",0,0
2026-04-08,"fifa","FIFA",222747,73196
2026-04-08,"fifae","FIFAe",0,0
2026-04-08,"fifaewc","FIFAeWC",0,0
2026-04-08,"fwc","FWC",2296264,2258241
2026-04-08,"fwwc","FWWC",0,0
2026-04-08,"infantino","Infantino",0,0
2026-04-08,"montreal_canadiens","Montreal Canadiens",0,0
2026-04-08,"motogp","MotoGP",1521059,1192288
2026-04-08,"ny_yankees","NY Yankees",0,0
2026-04-09,"carolina_hurricanes","Caroline Hurricanes",133844,0
2026-04-09,"ducati","Ducati",383850,381707
2026-04-09,"f1","F1",11610,3636
2026-04-09,"fcwc","FCWC",31602,31433
2026-04-09,"fifa","FIFA",63819,21007
2026-04-09,"fifae","FIFAe",0,0
2026-04-09,"fifaewc","FIFAeWC",0,0
2026-04-09,"fwc","FWC",0,0
2026-04-09,"fwwc","FWWC",0,0
2026-04-09,"infantino","Infantino",0,0
2026-04-09,"montreal_canadiens","Montreal Canadiens",0,0
2026-04-09,"motogp","MotoGP",360504,90497
2026-04-09,"ny_yankees","NY Yankees",0,0
2026-04-10,"carolina_hurricanes","Caroline Hurricanes",829458,147454
2026-04-10,"ducati","Ducati",51984,6666
2026-04-10,"f1","F1",0,0
2026-04-10,"fcwc","FCWC",2221317,2190829
2026-04-10,"fifa","FIFA",163566,53909
2026-04-10,"fifae","FIFAe",0,0
2026-04-10,"fifaewc","FIFAeWC",0,0
2026-04-10,"fwc","FWC",0,0
2026-04-10,"fwwc","FWWC",0,0
2026-04-10,"infantino","Infantino",0,0
2026-04-10,"montreal_canadiens","Montreal Canadiens",0,0
2026-04-10,"motogp","MotoGP",6110421,5777590
2026-04-10,"ny_yankees","NY Yankees",0,0
2026-04-11,"carolina_hurricanes","Caroline Hurricanes",29298,8695
2026-04-11,"ducati","Ducati",105302,100698
2026-04-11,"f1","F1",2515697,2512299
2026-04-11,"fcwc","FCWC",0,0
2026-04-11,"fifa","FIFA",0,0
2026-04-11,"fifae","FIFAe",0,0
2026-04-11,"fifaewc","FIFAeWC",0,0
2026-04-11,"fwc","FWC",0,0
2026-04-11,"fwwc","FWWC",0,0
2026-04-11,"infantino","Infantino",71918,70998
2026-04-11,"montreal_canadiens","Montreal Canadiens",0,0
2026-04-11,"motogp","MotoGP",0,0
2026-04-11,"ny_yankees","NY Yankees",0,0
2026-04-12,"carolina_hurricanes","Caroline Hurricanes",672576,182442
2026-04-12,"ducati","Ducati",29168,0
2026-04-12,"f1","F1",9720,3037
2026-04-12,"fcwc","FCWC",0,0
2026-04-12,"fifa","FIFA",0,0
2026-04-12,"fifae","FIFAe",0,0
2026-04-12,"fifaewc","FIFAeWC",0,0
2026-04-12,"fwc","FWC",0,0
2026-04-12,"fwwc","FWWC",0,0
2026-04-12,"infantino","Infantino",0,0
2026-04-12,"montreal_canadiens","Montreal Canadiens",0,0
2026-04-12,"motogp","MotoGP",0,0
2026-04-12,"ny_yankees","NY Yankees",0,0
2026-04-13,"carolina_hurricanes","Caroline Hurricanes",133675,120907
2026-04-13,"ducati","Ducati",740720,728062
2026-04-13,"f1","F1",0,0
2026-04-13,"fcwc","FCWC",0,0
2026-04-13,"fifa","FIFA",0,0
2026-04-13,"fifae","FIFAe",0,0
2026-04-13,"fifaewc","FIFAeWC",0,0
2026-04-13,"fwc","FWC",0,0
2026-04-13,"fwwc","FWWC",0,0
2026-04-13,"infantino","Infantino",0,0
2026-04-13,"montreal_canadiens","Montreal Canadiens",0,0
2026-04-13,"motogp","MotoGP",1118728,988387
2026-04-13,"ny_yankees","NY Yankees",0,0
2026-04-14,"carolina_hurricanes","Caroline Hurricanes",106115,8845
2026-04-14,"ducati","Ducati",503972,486579
2026-04-14,"f1","F1",1118251,0
2026-04-14,"fcwc","FCWC",0,0
2026-04-14,"fifa","FIFA",0,0
2026-04-14,"fifae","FIFAe",0,0
2026-04-14,"fifaewc","FIFAeWC",0,0
2026-04-14,"fwc","FWC",0,0
2026-04-14,"fwwc","FWWC",0,0
2026-04-14,"infantino","Infantino",0,0
2026-04-14,"montreal_canadiens","Montreal Canadiens",0,0
2026-04-14,"motogp","MotoGP",369596,76055
2026-04-14,"ny_yankees","NY Yankees",0,0
2026-04-15,"carolina_hurricanes","Caroline Hurricanes",56744,8735
2026-04-15,"ducati","Ducati",0,0
2026-04-15,"f1","F1",8916,2782
2026-04-15,"fcwc","FCWC",0,0
2026-04-15,"fifa","FIFA",0,0
2026-04-15,"fifae","FIFAe",0,0
2026-04-15,"fifaewc","FIFAeWC",0,0
2026-04-15,"fwc","FWC",0,0
2026-04-15,"fwwc","FWWC",0,0
2026-04-15,"infantino","Infantino",0,0
2026-04-15,"montreal_canadiens","Montreal Canadiens",328690,117016
2026-04-15,"motogp","MotoGP",1078761,655184
2026-04-15,"ny_yankees","NY Yankees",0,0
2026-04-16,"carolina_hurricanes","Caroline Hurricanes",510116,255828
2026-04-16,"ducati","Ducati",657555,638968
2026-04-16,"f1","F1",0,0
2026-04-16,"fcwc","FCWC",0,0
2026-04-16,"fifa","FIFA",0,0
2026-04-16,"fifae","FIFAe",0,0
2026-04-16,"fifaewc","FIFAeWC",0,0
2026-04-16,"fwc","FWC",0,0
2026-04-16,"fwwc","FWWC",0,0
2026-04-16,"infantino","Infantino",0,0
2026-04-16,"montreal_canadiens","Montreal Canadiens",0,0
2026-04-16,"motogp","MotoGP",2291347,231149
2026-04-16,"ny_yankees","NY Yankees",0,0
2026-04-17,"carolina_hurricanes","Caroline Hurricanes",1,0
2026-04-17,"ducati","Ducati",207840,34148
2026-04-17,"f1","F1",7749081,7292257
2026-04-17,"fcwc","FCWC",0,0
2026-04-17,"fifa","FIFA",0,0
2026-04-17,"fifae","FIFAe",0,0
2026-04-17,"fifaewc","FIFAeWC",0,0
2026-04-17,"fwc","FWC",0,0
2026-04-17,"fwwc","FWWC",0,0
2026-04-17,"infantino","Infantino",0,0
2026-04-17,"montreal_canadiens","Montreal Canadiens",0,0
2026-04-17,"motogp","MotoGP",3015983,3015970
2026-04-17,"ny_yankees","NY Yankees",0,0
2026-04-18,"carolina_hurricanes","Caroline Hurricanes",934656,288068
2026-04-18,"ducati","Ducati",73790,0
2026-04-18,"f1","F1",158924,14609
2026-04-18,"fcwc","FCWC",0,0
2026-04-18,"fifa","FIFA",63825,20971
2026-04-18,"fifae","FIFAe",0,0
2026-04-18,"fifaewc","FIFAeWC",0,0
2026-04-18,"fwc","FWC",0,0
2026-04-18,"fwwc","FWWC",0,0
2026-04-18,"infantino","Infantino",0,0
2026-04-18,"montreal_canadiens","Montreal Canadiens",0,0
2026-04-18,"motogp","MotoGP",0,0
2026-04-18,"ny_yankees","NY Yankees",0,0
2026-04-19,"carolina_hurricanes","Caroline Hurricanes",602126,325342
2026-04-19,"ducati","Ducati",390007,235285
2026-04-19,"f1","F1",0,0
2026-04-19,"fcwc","FCWC",0,0
2026-04-19,"fifa","FIFA",16692,5417
2026-04-19,"fifae","FIFAe",0,0
2026-04-19,"fifaewc","FIFAeWC",0,0
2026-04-19,"fwc","FWC",0,0
2026-04-19,"fwwc","FWWC",0,0
2026-04-19,"infantino","Infantino",0,0
2026-04-19,"montreal_canadiens","Montreal Canadiens",0,0
2026-04-19,"motogp","MotoGP",0,0
2026-04-19,"ny_yankees","NY Yankees",0,0
2026-04-20,"carolina_hurricanes","Caroline Hurricanes",387260,0
2026-04-20,"ducati","Ducati",944128,910699
2026-04-20,"f1","F1",0,0
2026-04-20,"fcwc","FCWC",0,0
2026-04-20,"fifa","FIFA",0,0
2026-04-20,"fifae","FIFAe",0,0
2026-04-20,"fifaewc","FIFAeWC",0,0
2026-04-20,"fwc","FWC",0,0
2026-04-20,"fwwc","FWWC",0,0
2026-04-20,"infantino","Infantino",0,0
2026-04-20,"montreal_canadiens","Montreal Canadiens",0,0
2026-04-20,"motogp","MotoGP",623295,594261
2026-04-20,"ny_yankees","NY Yankees",0,0
2026-04-21,"carolina_hurricanes","Caroline Hurricanes",625226,408547
2026-04-21,"ducati","Ducati",0,0
2026-04-21,"f1","F1",0,0
2026-04-21,"fcwc","FCWC",0,0
2026-04-21,"fifa","FIFA",0,0
2026-04-21,"fifae","FIFAe",0,0
2026-04-21,"fifaewc","FIFAeWC",0,0
2026-04-21,"fwc","FWC",0,0
2026-04-21,"fwwc","FWWC",0,0
2026-04-21,"infantino","Infantino",0,0
2026-04-21,"montreal_canadiens","Montreal Canadiens",0,0
2026-04-21,"motogp","MotoGP",2563004,0
2026-04-21,"ny_yankees","NY Yankees",0,0
2026-04-22,"carolina_hurricanes","Caroline Hurricanes",317018,289810
2026-04-22,"ducati","Ducati",217885,202920
2026-04-22,"f1","F1",397412,93074
2026-04-22,"fcwc","FCWC",0,0
2026-04-22,"fifa","FIFA",0,0
2026-04-22,"fifae","FIFAe",0,0
2026-04-22,"fifaewc","FIFAeWC",0,0
2026-04-22,"fwc","FWC",0,0
2026-04-22,"fwwc","FWWC",0,0
2026-04-22,"infantino","Infantino",0,0
2026-04-22,"montreal_canadiens","Montreal Canadiens",0,0
2026-04-22,"motogp","MotoGP",4968242,4597284
2026-04-22,"ny_yankees","NY Yankees",0,0
2026-04-23,"carolina_hurricanes","Caroline Hurricanes",245080,113659
2026-04-23,"ducati","Ducati",458765,447641
2026-04-23,"f1","F1",13486043,12140651
2026-04-23,"fcwc","FCWC",0,0
2026-04-23,"fifa","FIFA",0,0
2026-04-23,"fifae","FIFAe",25404,8188
2026-04-23,"fifaewc","FIFAeWC",0,0
2026-04-23,"fwc","FWC",458220,0
2026-04-23,"fwwc","FWWC",0,0
2026-04-23,"infantino","Infantino",0,0
2026-04-23,"montreal_canadiens","Montreal Canadiens",0,0
2026-04-23,"motogp","MotoGP",4753140,2978108
2026-04-23,"ny_yankees","NY Yankees",0,0
2026-04-24,"carolina_hurricanes","Caroline Hurricanes",636784,151992
2026-04-24,"ducati","Ducati",2054712,1354760
2026-04-24,"f1","F1",0,0
2026-04-24,"fcwc","FCWC",0,0
2026-04-24,"fifa","FIFA",112668,36786
2026-04-24,"fifae","FIFAe",0,0
2026-04-24,"fifaewc","FIFAeWC",0,0
2026-04-24,"fwc","FWC",0,0
2026-04-24,"fwwc","FWWC",0,0
2026-04-24,"infantino","Infantino",0,0
2026-04-24,"montreal_canadiens","Montreal Canadiens",0,0
2026-04-24,"motogp","MotoGP",7625337,6770529
2026-04-24,"ny_yankees","NY Yankees",0,0
2026-04-25,"carolina_hurricanes","Caroline Hurricanes",267400,90520
2026-04-25,"ducati","Ducati",8181369,7158648
2026-04-25,"f1","F1",553156,543617
2026-04-25,"fcwc","FCWC",0,0
2026-04-25,"fifa","FIFA",0,0
2026-04-25,"fifae","FIFAe",0,0
2026-04-25,"fifaewc","FIFAeWC",0,0
2026-04-25,"fwc","FWC",0,0
2026-04-25,"fwwc","FWWC",0,0
2026-04-25,"infantino","Infantino",0,0
2026-04-25,"montreal_canadiens","Montreal Canadiens",0,0
2026-04-25,"motogp","MotoGP",45926911,31592846
2026-04-25,"ny_yankees","NY Yankees",0,0
2026-04-26,"carolina_hurricanes","Caroline Hurricanes",408034,146491
2026-04-26,"ducati","Ducati",3646345,3186537
2026-04-26,"f1","F1",0,0
2026-04-26,"fcwc","FCWC",0,0
2026-04-26,"fifa","FIFA",0,0
2026-04-26,"fifae","FIFAe",0,0
2026-04-26,"fifaewc","FIFAeWC",0,0
2026-04-26,"fwc","FWC",0,0
2026-04-26,"fwwc","FWWC",0,0
2026-04-26,"infantino","Infantino",0,0
2026-04-26,"montreal_canadiens","Montreal Canadiens",0,0
2026-04-26,"motogp","MotoGP",16585363,14951120
2026-04-26,"ny_yankees","NY Yankees",0,0
2026-04-27,"carolina_hurricanes","Caroline Hurricanes",414566,215994
2026-04-27,"ducati","Ducati",1637327,288402
2026-04-27,"f1","F1",0,0
2026-04-27,"fcwc","FCWC",0,0
2026-04-27,"fifa","FIFA",0,0
2026-04-27,"fifae","FIFAe",0,0
2026-04-27,"fifaewc","FIFAeWC",0,0
2026-04-27,"fwc","FWC",3573920,3550375
2026-04-27,"fwwc","FWWC",0,0
2026-04-27,"infantino","Infantino",0,0
2026-04-27,"montreal_canadiens","Montreal Canadiens",0,0
2026-04-27,"motogp","MotoGP",13112373,10757151
2026-04-27,"ny_yankees","NY Yankees",0,0
2026-04-28,"carolina_hurricanes","Caroline Hurricanes",166656,101760
2026-04-28,"ducati","Ducati",0,0
2026-04-28,"f1","F1",0,0
2026-04-28,"fcwc","FCWC",0,0
2026-04-28,"fifa","FIFA",0,0
2026-04-28,"fifae","FIFAe",12129,3962
2026-04-28,"fifaewc","FIFAeWC",0,0
2026-04-28,"fwc","FWC",0,0
2026-04-28,"fwwc","FWWC",0,0
2026-04-28,"infantino","Infantino",0,0
2026-04-28,"montreal_canadiens","Montreal Canadiens",0,0
2026-04-28,"motogp","MotoGP",39646528,35618946
2026-04-28,"ny_yankees","NY Yankees",0,0
2026-04-29,"carolina_hurricanes","Caroline Hurricanes",288688,0
2026-04-29,"ducati","Ducati",448122,421128
2026-04-29,"f1","F1",0,0
2026-04-29,"fcwc","FCWC",0,0
2026-04-29,"fifa","FIFA",0,0
2026-04-29,"fifae","FIFAe",0,0
2026-04-29,"fifaewc","FIFAeWC",0,0
2026-04-29,"fwc","FWC",0,0
2026-04-29,"fwwc","FWWC",0,0
2026-04-29,"infantino","Infantino",0,0
2026-04-29,"montreal_canadiens","Montreal Canadiens",0,0
2026-04-29,"motogp","MotoGP",3229968,2557567
2026-04-29,"ny_yankees","NY Yankees",0,0
2026-04-30,"carolina_hurricanes","Caroline Hurricanes",883198,98849
2026-04-30,"ducati","Ducati",144833,42613
2026-04-30,"f1","F1",0,0
2026-04-30,"fcwc","FCWC",0,0
2026-04-30,"fifa","FIFA",0,0
2026-04-30,"fifae","FIFAe",0,0
2026-04-30,"fifaewc","FIFAeWC",0,0
2026-04-30,"fwc","FWC",0,0
2026-04-30,"fwwc","FWWC",0,0
2026-04-30,"infantino","Infantino",0,0
2026-04-30,"montreal_canadiens","Montreal Canadiens",0,0
2026-04-30,"motogp","MotoGP",672992,664838
2026-04-30,"ny_yankees","NY Yankees",0,0
2026-05-01,"carolina_hurricanes","Caroline Hurricanes",0,0
2026-05-01,"ducati","Ducati",298286,0
2026-05-01,"f1","F1",3378086,2957504
2026-05-01,"fcwc","FCWC",0,0
2026-05-01,"fifa","FIFA",0,0
2026-05-01,"fifae","FIFAe",0,0
2026-05-01,"fifaewc","FIFAeWC",0,0
2026-05-01,"fwc","FWC",0,0
2026-05-01,"fwwc","FWWC",0,0
2026-05-01,"infantino","Infantino",0,0
2026-05-01,"montreal_canadiens","Montreal Canadiens",0,0
2026-05-01,"motogp","MotoGP",1064057,97459
2026-05-01,"ny_yankees","NY Yankees",0,0
2026-05-02,"carolina_hurricanes","Caroline Hurricanes",865171,320408
2026-05-02,"ducati","Ducati",1219630,364172
2026-05-02,"f1","F1",7110,0
2026-05-02,"fcwc","FCWC",0,0
2026-05-02,"fifa","FIFA",0,0
2026-05-02,"fifae","FIFAe",0,0
2026-05-02,"fifaewc","FIFAeWC",0,0
2026-05-02,"fwc","FWC",0,0
2026-05-02,"fwwc","FWWC",0,0
2026-05-02,"infantino","Infantino",0,0
2026-05-02,"montreal_canadiens","Montreal Canadiens",0,0
2026-05-02,"motogp","MotoGP",0,0
2026-05-02,"ny_yankees","NY Yankees",0,0
2026-05-03,"carolina_hurricanes","Caroline Hurricanes",899711,725859
2026-05-03,"ducati","Ducati",570170,37270
2026-05-03,"f1","F1",629204,244678
2026-05-03,"fcwc","FCWC",0,0
2026-05-03,"fifa","FIFA",119631,39357
2026-05-03,"fifae","FIFAe",0,0
2026-05-03,"fifaewc","FIFAeWC",0,0
2026-05-03,"fwc","FWC",0,0
2026-05-03,"fwwc","FWWC",0,0
2026-05-03,"infantino","Infantino",351531,340968
2026-05-03,"montreal_canadiens","Montreal Canadiens",0,0
2026-05-03,"motogp","MotoGP",16450710,16303059
2026-05-03,"ny_yankees","NY Yankees",0,0
2026-05-04,"carolina_hurricanes","Caroline Hurricanes",344875,229292
2026-05-04,"ducati","Ducati",130182,125741
2026-05-04,"f1","F1",9154340,7917115
2026-05-04,"fcwc","FCWC",0,0
2026-05-04,"fifa","FIFA",0,0
2026-05-04,"fifae","FIFAe",0,0
2026-05-04,"fifaewc","FIFAeWC",0,0
2026-05-04,"fwc","FWC",0,0
2026-05-04,"fwwc","FWWC",0,0
2026-05-04,"infantino","Infantino",0,0
2026-05-04,"montreal_canadiens","Montreal Canadiens",0,0
2026-05-04,"motogp","MotoGP",5012486,4809878
2026-05-04,"ny_yankees","NY Yankees",0,0
2026-05-05,"carolina_hurricanes","Caroline Hurricanes",2318744,1468458
2026-05-05,"ducati","Ducati",582649,571415
2026-05-05,"f1","F1",10505854,10231289
2026-05-05,"fcwc","FCWC",0,0
2026-05-05,"fifa","FIFA",0,0
2026-05-05,"fifae","FIFAe",0,0
2026-05-05,"fifaewc","FIFAeWC",0,0
2026-05-05,"fwc","FWC",1241,230
2026-05-05,"fwwc","FWWC",0,0
2026-05-05,"infantino","Infantino",0,0
2026-05-05,"montreal_canadiens","Montreal Canadiens",0,0
2026-05-05,"motogp","MotoGP",4484092,2234389
2026-05-05,"ny_yankees","NY Yankees",0,0
2026-05-06,"carolina_hurricanes","Caroline Hurricanes",31999,7344
2026-05-06,"ducati","Ducati",147933,105380
2026-05-06,"f1","F1",9102,2908
2026-05-06,"fcwc","FCWC",0,0
2026-05-06,"fifa","FIFA",0,0
2026-05-06,"fifae","FIFAe",0,0
2026-05-06,"fifaewc","FIFAeWC",0,0
2026-05-06,"fwc","FWC",0,0
2026-05-06,"fwwc","FWWC",0,0
2026-05-06,"infantino","Infantino",0,0
2026-05-06,"montreal_canadiens","Montreal Canadiens",0,0
2026-05-06,"motogp","MotoGP",3677797,1636234
2026-05-06,"ny_yankees","NY Yankees",0,0
2026-05-07,"carolina_hurricanes","Caroline Hurricanes",81220,0
2026-05-07,"ducati","Ducati",2590052,2115366
2026-05-07,"f1","F1",5826809,5636975
2026-05-07,"fcwc","FCWC",0,0
2026-05-07,"fifa","FIFA",0,0
2026-05-07,"fifae","FIFAe",0,0
2026-05-07,"fifaewc","FIFAeWC",0,0
2026-05-07,"fwc","FWC",0,0
2026-05-07,"fwwc","FWWC",0,0
2026-05-07,"infantino","Infantino",0,0
2026-05-07,"montreal_canadiens","Montreal Canadiens",0,0
2026-05-07,"motogp","MotoGP",976890,721426
2026-05-07,"ny_yankees","NY Yankees",0,0
2026-05-08,"carolina_hurricanes","Caroline Hurricanes",1008175,181816
2026-05-08,"ducati","Ducati",1675808,1233938
2026-05-08,"f1","F1",17402,5560
2026-05-08,"fcwc","FCWC",0,0
2026-05-08,"fifa","FIFA",0,0
2026-05-08,"fifae","FIFAe",0,0
2026-05-08,"fifaewc","FIFAeWC",0,0
2026-05-08,"fwc","FWC",0,0
2026-05-08,"fwwc","FWWC",0,0
2026-05-08,"infantino","Infantino",0,0
2026-05-08,"montreal_canadiens","Montreal Canadiens",0,0
2026-05-08,"motogp","MotoGP",39864734,36602169
2026-05-08,"ny_yankees","NY Yankees",0,0
2026-05-09,"carolina_hurricanes","Caroline Hurricanes",254828,66112
2026-05-09,"ducati","Ducati",3878920,3388916
2026-05-09,"f1","F1",4580501,4356561
2026-05-09,"fcwc","FCWC",0,0
2026-05-09,"fifa","FIFA",0,0
2026-05-09,"fifae","FIFAe",0,0
2026-05-09,"fifaewc","FIFAeWC",0,0
2026-05-09,"fwc","FWC",0,0
2026-05-09,"fwwc","FWWC",0,0
2026-05-09,"infantino","Infantino",0,0
2026-05-09,"montreal_canadiens","Montreal Canadiens",0,0
2026-05-09,"motogp","MotoGP",286251415,276284338
2026-05-09,"ny_yankees","NY Yankees",0,0
2026-05-10,"carolina_hurricanes","Caroline Hurricanes",911703,250940
2026-05-10,"ducati","Ducati",2438282,1474608
2026-05-10,"f1","F1",6568882,6338424
2026-05-10,"fcwc","FCWC",497851,495957
2026-05-10,"fifa","FIFA",0,0
2026-05-10,"fifae","FIFAe",0,0
2026-05-10,"fifaewc","FIFAeWC",264709,260637
2026-05-10,"fwc","FWC",5474896,5372881
2026-05-10,"fwwc","FWWC",0,0
2026-05-10,"infantino","Infantino",0,0
2026-05-10,"montreal_canadiens","Montreal Canadiens",0,0
2026-05-10,"motogp","MotoGP",17725186,14395874
2026-05-10,"ny_yankees","NY Yankees",0,0
2026-05-11,"carolina_hurricanes","Caroline Hurricanes",88666,67961
2026-05-11,"ducati","Ducati",474015,337549
2026-05-11,"f1","F1",1617325,1600019
2026-05-11,"fcwc","FCWC",0,0
2026-05-11,"fifa","FIFA",0,0
2026-05-11,"fifae","FIFAe",89613,66140
2026-05-11,"fifaewc","FIFAeWC",0,0
2026-05-11,"fwc","FWC",0,0
2026-05-11,"fwwc","FWWC",0,0
2026-05-11,"infantino","Infantino",0,0
2026-05-11,"montreal_canadiens","Montreal Canadiens",0,0
2026-05-11,"motogp","MotoGP",3735610,793904
2026-05-11,"ny_yankees","NY Yankees",0,0
2026-05-12,"carolina_hurricanes","Caroline Hurricanes",112142,10415
2026-05-12,"ducati","Ducati",680789,742461
2026-05-12,"f1","F1",17950071,0
2026-05-12,"fcwc","FCWC",0,0
2026-05-12,"fifa","FIFA",0,0
2026-05-12,"fifae","FIFAe",0,0
2026-05-12,"fifaewc","FIFAeWC",0,0
2026-05-12,"fwc","FWC",0,0
2026-05-12,"fwwc","FWWC",0,0
2026-05-12,"infantino","Infantino",0,0
2026-05-12,"montreal_canadiens","Montreal Canadiens",0,0
2026-05-12,"motogp","MotoGP",535547,103758
2026-05-12,"ny_yankees","NY Yankees",0,0
2026-05-13,"carolina_hurricanes","Caroline Hurricanes",327667,13185
2026-05-13,"ducati","Ducati",2800969,2710459
2026-05-13,"f1","F1",12111582,11420516
2026-05-13,"fcwc","FCWC",0,0
2026-05-13,"fifa","FIFA",0,0
2026-05-13,"fifae","FIFAe",0,0
2026-05-13,"fifaewc","FIFAeWC",0,0
2026-05-13,"fwc","FWC",0,0
2026-05-13,"fwwc","FWWC",0,0
2026-05-13,"infantino","Infantino",0,0
2026-05-13,"montreal_canadiens","Montreal Canadiens",0,0
2026-05-13,"motogp","MotoGP",9008067,5946353
2026-05-13,"ny_yankees","NY Yankees",0,0
2026-05-14,"carolina_hurricanes","Caroline Hurricanes",284793,67732
2026-05-14,"ducati","Ducati",543998,419932
2026-05-14,"f1","F1",3373557,3354927
2026-05-14,"fcwc","FCWC",0,0
2026-05-14,"fifa","FIFA",2373,0
2026-05-14,"fifae","FIFAe",0,0
2026-05-14,"fifaewc","FIFAeWC",0,0
2026-05-14,"fwc","FWC",0,0
2026-05-14,"fwwc","FWWC",0,0
2026-05-14,"infantino","Infantino",0,0
2026-05-14,"montreal_canadiens","Montreal Canadiens",0,0
2026-05-14,"motogp","MotoGP",3464943,1745457
2026-05-14,"ny_yankees","NY Yankees",0,0
2026-05-15,"carolina_hurricanes","Caroline Hurricanes",0,0
2026-05-15,"ducati","Ducati",6415688,5469778
2026-05-15,"f1","F1",17474933,0
2026-05-15,"fcwc","FCWC",0,0
2026-05-15,"fifa","FIFA",0,0
2026-05-15,"fifae","FIFAe",0,0
2026-05-15,"fifaewc","FIFAeWC",0,0
2026-05-15,"fwc","FWC",0,0
2026-05-15,"fwwc","FWWC",0,0
2026-05-15,"infantino","Infantino",0,0
2026-05-15,"montreal_canadiens","Montreal Canadiens",140675,51224
2026-05-15,"motogp","MotoGP",485988,81533
2026-05-15,"ny_yankees","NY Yankees",0,0
2026-05-16,"carolina_hurricanes","Caroline Hurricanes",172654,167458
2026-05-16,"ducati","Ducati",1966562,1608566
2026-05-16,"f1","F1",0,0
2026-05-16,"fcwc","FCWC",0,0
2026-05-16,"fifa","FIFA",0,0
2026-05-16,"fifae","FIFAe",0,0
2026-05-16,"fifaewc","FIFAeWC",0,0
2026-05-16,"fwc","FWC",0,0
2026-05-16,"fwwc","FWWC",0,0
2026-05-16,"infantino","Infantino",0,0
2026-05-16,"montreal_canadiens","Montreal Canadiens",0,0
2026-05-16,"motogp","MotoGP",11807993,11415470
2026-05-16,"ny_yankees","NY Yankees",0,0
2026-05-17,"carolina_hurricanes","Caroline Hurricanes",0,0
2026-05-17,"ducati","Ducati",3907510,1478679
2026-05-17,"f1","F1",0,0
2026-05-17,"fcwc","FCWC",0,0
2026-05-17,"fifa","FIFA",0,0
2026-05-17,"fifae","FIFAe",0,0
2026-05-17,"fifaewc","FIFAeWC",0,0
2026-05-17,"fwc","FWC",0,0
2026-05-17,"fwwc","FWWC",0,0
2026-05-17,"infantino","Infantino",0,0
2026-05-17,"montreal_canadiens","Montreal Canadiens",0,0
2026-05-17,"motogp","MotoGP",19914283,16134457
2026-05-17,"ny_yankees","NY Yankees",0,0
2026-05-18,"carolina_hurricanes","Caroline Hurricanes",0,0
2026-05-18,"ducati","Ducati",1806908,1585864
2026-05-18,"f1","F1",10637176,33984
2026-05-18,"fcwc","FCWC",0,0
2026-05-18,"fifa","FIFA",144639,47689
2026-05-18,"fifae","FIFAe",0,0
2026-05-18,"fifaewc","FIFAeWC",0,0
2026-05-18,"fwc","FWC",2919116,1792476
2026-05-18,"fwwc","FWWC",0,0
2026-05-18,"infantino","Infantino",0,0
2026-05-18,"montreal_canadiens","Montreal Canadiens",0,0
2026-05-18,"motogp","MotoGP",6665779,3723961
2026-05-18,"ny_yankees","NY Yankees",0,0
2026-05-19,"carolina_hurricanes","Caroline Hurricanes",282174,227931
2026-05-19,"ducati","Ducati",0,0
2026-05-19,"f1","F1",22719,0
2026-05-19,"fcwc","FCWC",0,0
2026-05-19,"fifa","FIFA",0,0
2026-05-19,"fifae","FIFAe",0,0
2026-05-19,"fifaewc","FIFAeWC",0,0
2026-05-19,"fwc","FWC",0,0
2026-05-19,"fwwc","FWWC",0,0
2026-05-19,"infantino","Infantino",0,0
2026-05-19,"montreal_canadiens","Montreal Canadiens",0,0
2026-05-19,"motogp","MotoGP",2585261,0
2026-05-19,"ny_yankees","NY Yankees",0,0
2026-05-20,"carolina_hurricanes","Caroline Hurricanes",123220,13831
2026-05-20,"ducati","Ducati",751474,613053
2026-05-20,"f1","F1",475079,86936
2026-05-20,"fcwc","FCWC",0,0
2026-05-20,"fifa","FIFA",0,0
2026-05-20,"fifae","FIFAe",0,0
2026-05-20,"fifaewc","FIFAeWC",0,0
2026-05-20,"fwc","FWC",0,0
2026-05-20,"fwwc","FWWC",191551,189485
2026-05-20,"infantino","Infantino",0,0
2026-05-20,"montreal_canadiens","Montreal Canadiens",0,0
2026-05-20,"motogp","MotoGP",219357,70520
2026-05-20,"ny_yankees","NY Yankees",0,0
2026-05-21,"carolina_hurricanes","Caroline Hurricanes",989048,583574
2026-05-21,"ducati","Ducati",173224,132102
2026-05-21,"f1","F1",5113078,1799981
2026-05-21,"fcwc","FCWC",0,0
2026-05-21,"fifa","FIFA",762660,249134
2026-05-21,"fifae","FIFAe",0,0
2026-05-21,"fifaewc","FIFAeWC",0,0
2026-05-21,"fwc","FWC",443823,0
2026-05-21,"fwwc","FWWC",0,0
2026-05-21,"infantino","Infantino",0,0
2026-05-21,"montreal_canadiens","Montreal Canadiens",494074,443276
2026-05-21,"motogp","MotoGP",2151753,1884345
2026-05-21,"ny_yankees","NY Yankees",0,0
2026-05-22,"carolina_hurricanes","Caroline Hurricanes",106894,16955
2026-05-22,"ducati","Ducati",157927,150430
2026-05-22,"f1","F1",13902445,10892900
2026-05-22,"fcwc","FCWC",0,0
2026-05-22,"fifa","FIFA",317297,187796
2026-05-22,"fifae","FIFAe",0,0
2026-05-22,"fifaewc","FIFAeWC",0,0
2026-05-22,"fwc","FWC",9096,0
2026-05-22,"fwwc","FWWC",0,0
2026-05-22,"infantino","Infantino",0,0
2026-05-22,"montreal_canadiens","Montreal Canadiens",5054798,4256033
2026-05-22,"motogp","MotoGP",1337517,1190604
2026-05-22,"ny_yankees","NY Yankees",0,0
2026-05-23,"carolina_hurricanes","Caroline Hurricanes",277881,3509
2026-05-23,"ducati","Ducati",134748,129633
2026-05-23,"f1","F1",140892093,119033359
2026-05-23,"fcwc","FCWC",0,0
2026-05-23,"fifa","FIFA",0,0
2026-05-23,"fifae","FIFAe",0,0
2026-05-23,"fifaewc","FIFAeWC",0,0
2026-05-23,"fwc","FWC",0,0
2026-05-23,"fwwc","FWWC",0,0
2026-05-23,"infantino","Infantino",0,0
2026-05-23,"montreal_canadiens","Montreal Canadiens",298372,278796
2026-05-23,"motogp","MotoGP",1026946,858090
2026-05-23,"ny_yankees","NY Yankees",0,0
2026-05-24,"carolina_hurricanes","Caroline Hurricanes",2684480,2302298
2026-05-24,"ducati","Ducati",902087,883168
2026-05-24,"f1","F1",91883751,83636841
2026-05-24,"fcwc","FCWC",0,0
2026-05-24,"fifa","FIFA",0,0
2026-05-24,"fifae","FIFAe",0,0
2026-05-24,"fifaewc","FIFAeWC",0,0
2026-05-24,"fwc","FWC",0,0
2026-05-24,"fwwc","FWWC",0,0
2026-05-24,"infantino","Infantino",0,0
2026-05-24,"montreal_canadiens","Montreal Canadiens",937486,818505
2026-05-24,"motogp","MotoGP",0,0
2026-05-24,"ny_yankees","NY Yankees",0,0
2026-05-25,"carolina_hurricanes","Caroline Hurricanes",458572,0
2026-05-25,"ducati","Ducati",0,0
2026-05-25,"f1","F1",145132313,114649449
2026-05-25,"fcwc","FCWC",0,0
2026-05-25,"fifa","FIFA",0,0
2026-05-25,"fifae","FIFAe",0,0
2026-05-25,"fifaewc","FIFAeWC",0,0
2026-05-25,"fwc","FWC",0,0
2026-05-25,"fwwc","FWWC",0,0
2026-05-25,"infantino","Infantino",34583,33929
2026-05-25,"montreal_canadiens","Montreal Canadiens",0,0
2026-05-25,"motogp","MotoGP",4560114,4010915
2026-05-25,"ny_yankees","NY Yankees",0,0
2026-05-26,"carolina_hurricanes","Caroline Hurricanes",2836590,2283058
2026-05-26,"ducati","Ducati",971565,835905
2026-05-26,"f1","F1",68385162,24456857
2026-05-26,"fcwc","FCWC",0,0
2026-05-26,"fifa","FIFA",0,0
2026-05-26,"fifae","FIFAe",0,0
2026-05-26,"fifaewc","FIFAeWC",0,0
2026-05-26,"fwc","FWC",0,0
2026-05-26,"fwwc","FWWC",0,0
2026-05-26,"infantino","Infantino",0,0
2026-05-26,"montreal_canadiens","Montreal Canadiens",0,0
2026-05-26,"motogp","MotoGP",10539597,5602763
2026-05-26,"ny_yankees","NY Yankees",0,0
2026-05-27,"carolina_hurricanes","Caroline Hurricanes",238993,95444
2026-05-27,"ducati","Ducati",1266606,359843
2026-05-27,"f1","F1",38016194,34861187
2026-05-27,"fcwc","FCWC",0,0
2026-05-27,"fifa","FIFA",0,0
2026-05-27,"fifae","FIFAe",0,0
2026-05-27,"fifaewc","FIFAeWC",0,0
2026-05-27,"fwc","FWC",0,0
2026-05-27,"fwwc","FWWC",0,0
2026-05-27,"infantino","Infantino",0,0
2026-05-27,"montreal_canadiens","Montreal Canadiens",32380,13835
2026-05-27,"motogp","MotoGP",12246980,11440486
2026-05-27,"ny_yankees","NY Yankees",0,0
2026-05-28,"carolina_hurricanes","Caroline Hurricanes",1835825,1061541
2026-05-28,"ducati","Ducati",4395317,4212146
2026-05-28,"f1","F1",17751990,17097718
2026-05-28,"fcwc","FCWC",0,0
2026-05-28,"fifa","FIFA",0,0
2026-05-28,"fifae","FIFAe",0,0
2026-05-28,"fifaewc","FIFAeWC",0,0
2026-05-28,"fwc","FWC",0,0
2026-05-28,"fwwc","FWWC",0,0
2026-05-28,"infantino","Infantino",0,0
2026-05-28,"montreal_canadiens","Montreal Canadiens",0,0
2026-05-28,"motogp","MotoGP",9142202,6814623
2026-05-28,"ny_yankees","NY Yankees",0,0
2026-05-29,"carolina_hurricanes","Caroline Hurricanes",1154227,147537
2026-05-29,"ducati","Ducati",3135545,2949697
2026-05-29,"f1","F1",8205638,3782005
2026-05-29,"fcwc","FCWC",0,0
2026-05-29,"fifa","FIFA",0,0
2026-05-29,"fifae","FIFAe",0,0
2026-05-29,"fifaewc","FIFAeWC",0,0
2026-05-29,"fwc","FWC",0,0
2026-05-29,"fwwc","FWWC",0,0
2026-05-29,"infantino","Infantino",0,0
2026-05-29,"montreal_canadiens","Montreal Canadiens",668866,631683
2026-05-29,"motogp","MotoGP",23263674,19577668
2026-05-29,"ny_yankees","NY Yankees",0,0
2026-05-30,"carolina_hurricanes","Caroline Hurricanes",2002072,841026
2026-05-30,"ducati","Ducati",3840146,3629561
2026-05-30,"f1","F1",14585505,592091
2026-05-30,"fcwc","FCWC",0,0
2026-05-30,"fifa","FIFA",0,0
2026-05-30,"fifae","FIFAe",0,0
2026-05-30,"fifaewc","FIFAeWC",0,0
2026-05-30,"fwc","FWC",0,0
2026-05-30,"fwwc","FWWC",0,0
2026-05-30,"infantino","Infantino",0,0
2026-05-30,"montreal_canadiens","Montreal Canadiens",892735,533872
2026-05-30,"motogp","MotoGP",56028382,50196477
2026-05-30,"ny_yankees","NY Yankees",0,0
2026-05-31,"carolina_hurricanes","Caroline Hurricanes",1450161,349534
2026-05-31,"ducati","Ducati",6786054,5157564
2026-05-31,"f1","F1",4560756,0
2026-05-31,"fcwc","FCWC",276841,276449
2026-05-31,"fifa","FIFA",0,0
2026-05-31,"fifae","FIFAe",0,0
2026-05-31,"fifaewc","FIFAeWC",0,0
2026-05-31,"fwc","FWC",0,0
2026-05-31,"fwwc","FWWC",0,0
2026-05-31,"infantino","Infantino",0,0
2026-05-31,"montreal_canadiens","Montreal Canadiens",0,0
2026-05-31,"motogp","MotoGP",53157307,41620933
2026-05-31,"ny_yankees","NY Yankees",0,0
2026-06-01,"carolina_hurricanes","Caroline Hurricanes",631011,6466
2026-06-01,"ducati","Ducati",0,0
2026-06-01,"f1","F1",0,0
2026-06-01,"fcwc","FCWC",0,0
2026-06-01,"fifa","FIFA",0,0
2026-06-01,"fifae","FIFAe",0,0
2026-06-01,"fifaewc","FIFAeWC",0,0
2026-06-01,"fwc","FWC",0,0
2026-06-01,"fwwc","FWWC",0,0
2026-06-01,"infantino","Infantino",0,0
2026-06-01,"montreal_canadiens","Montreal Canadiens",0,0
2026-06-01,"motogp","MotoGP",27781646,23854225
2026-06-01,"ny_yankees","NY Yankees",0,0
2026-06-02,"carolina_hurricanes","Caroline Hurricanes",2975989,1485541
2026-06-02,"ducati","Ducati",1372207,1323803
2026-06-02,"f1","F1",257639,249909
2026-06-02,"fcwc","FCWC",0,0
2026-06-02,"fifa","FIFA",0,0
2026-06-02,"fifae","FIFAe",0,0
2026-06-02,"fifaewc","FIFAeWC",0,0
2026-06-02,"fwc","FWC",0,0
2026-06-02,"fwwc","FWWC",0,0
2026-06-02,"infantino","Infantino",0,0
2026-06-02,"montreal_canadiens","Montreal Canadiens",0,0
2026-06-02,"motogp","MotoGP",50424152,47714599
2026-06-02,"ny_yankees","NY Yankees",0,0
2026-06-03,"carolina_hurricanes","Caroline Hurricanes",895443,242198
2026-06-03,"ducati","Ducati",163887,129168
2026-06-03,"f1","F1",199672,56718
2026-06-03,"fcwc","FCWC",0,0
2026-06-03,"fifa","FIFA",0,0
2026-06-03,"fifae","FIFAe",0,0
2026-06-03,"fifaewc","FIFAeWC",0,0
2026-06-03,"fwc","FWC",0,0
2026-06-03,"fwwc","FWWC",0,0
2026-06-03,"infantino","Infantino",0,0
2026-06-03,"montreal_canadiens","Montreal Canadiens",0,0
2026-06-03,"motogp","MotoGP",4605999,3583356
2026-06-03,"ny_yankees","NY Yankees",0,0
2026-06-04,"carolina_hurricanes","Caroline Hurricanes",40929,5298
2026-06-04,"ducati","Ducati",1070879,505826
2026-06-04,"f1","F1",323348,0
2026-06-04,"fcwc","FCWC",0,0
2026-06-04,"fifa","FIFA",240720,79538
2026-06-04,"fifae","FIFAe",0,0
2026-06-04,"fifaewc","FIFAeWC",0,0
2026-06-04,"fwc","FWC",0,0
2026-06-04,"fwwc","FWWC",0,0
2026-06-04,"infantino","Infantino",0,0
2026-06-04,"montreal_canadiens","Montreal Canadiens",0,0
2026-06-04,"motogp","MotoGP",6982883,5115363
2026-06-04,"ny_yankees","NY Yankees",0,0
2026-06-05,"carolina_hurricanes","Caroline Hurricanes",5123011,3545702
2026-06-05,"ducati","Ducati",3026142,2967044
2026-06-05,"f1","F1",32020995,5634343
2026-06-05,"fcwc","FCWC",0,0
2026-06-05,"fifa","FIFA",0,0
2026-06-05,"fifae","FIFAe",0,0
2026-06-05,"fifaewc","FIFAeWC",0,0
2026-06-05,"fwc","FWC",0,0
2026-06-05,"fwwc","FWWC",0,0
2026-06-05,"infantino","Infantino",0,0
2026-06-05,"montreal_canadiens","Montreal Canadiens",0,0
2026-06-05,"motogp","MotoGP",25839077,20770852
2026-06-05,"ny_yankees","NY Yankees",0,0
2026-06-06,"carolina_hurricanes","Caroline Hurricanes",691236,172411
2026-06-06,"ducati","Ducati",5782932,5610567
2026-06-06,"f1","F1",20900680,16357019
2026-06-06,"fcwc","FCWC",0,0
2026-06-06,"fifa","FIFA",0,0
2026-06-06,"fifae","FIFAe",0,0
2026-06-06,"fifaewc","FIFAeWC",0,0
2026-06-06,"fwc","FWC",0,0
2026-06-06,"fwwc","FWWC",0,0
2026-06-06,"infantino","Infantino",0,0
2026-06-06,"montreal_canadiens","Montreal Canadiens",0,0
2026-06-06,"motogp","MotoGP",35745699,24629549
2026-06-06,"ny_yankees","NY Yankees",0,0
2026-06-07,"carolina_hurricanes","Caroline Hurricanes",2690890,880528
2026-06-07,"ducati","Ducati",10519476,5144878
2026-06-07,"f1","F1",20374466,18353289
2026-06-07,"fcwc","FCWC",0,0
2026-06-07,"fifa","FIFA",204564,67564
2026-06-07,"fifae","FIFAe",0,0
2026-06-07,"fifaewc","FIFAeWC",0,0
2026-06-07,"fwc","FWC",0,0
2026-06-07,"fwwc","FWWC",0,0
2026-06-07,"infantino","Infantino",0,0
2026-06-07,"montreal_canadiens","Montreal Canadiens",0,0
2026-06-07,"motogp","MotoGP",65611955,52989544
2026-06-07,"ny_yankees","NY Yankees",0,0
2026-06-08,"carolina_hurricanes","Caroline Hurricanes",354471,234497
2026-06-08,"ducati","Ducati",369705,358171
2026-06-08,"f1","F1",29699809,28365557
2026-06-08,"fcwc","FCWC",0,0
2026-06-08,"fifa","FIFA",17127,5555
2026-06-08,"fifae","FIFAe",0,0
2026-06-08,"fifaewc","FIFAeWC",0,0
2026-06-08,"fwc","FWC",1869332,1844996
2026-06-08,"fwwc","FWWC",0,0
2026-06-08,"infantino","Infantino",0,0
2026-06-08,"montreal_canadiens","Montreal Canadiens",0,0
2026-06-08,"motogp","MotoGP",11671142,5452531
2026-06-08,"ny_yankees","NY Yankees",0,0
2026-06-09,"carolina_hurricanes","Caroline Hurricanes",111961,4887
2026-06-09,"ducati","Ducati",711347,374547
2026-06-09,"f1","F1",4823412,3592352
2026-06-09,"fcwc","FCWC",0,0
2026-06-09,"fifa","FIFA",74151,24183
2026-06-09,"fifae","FIFAe",374565,312691
2026-06-09,"fifaewc","FIFAeWC",0,0
2026-06-09,"fwc","FWC",0,0
2026-06-09,"fwwc","FWWC",0,0
2026-06-09,"infantino","Infantino",0,0
2026-06-09,"montreal_canadiens","Montreal Canadiens",0,0
2026-06-09,"motogp","MotoGP",31482986,29806115
2026-06-09,"ny_yankees","NY Yankees",0,0
2026-06-10,"carolina_hurricanes","Caroline Hurricanes",1595447,644419
2026-06-10,"ducati","Ducati",695029,659348
2026-06-10,"f1","F1",25857443,24002876
2026-06-10,"fcwc","FCWC",0,0
2026-06-10,"fifa","FIFA",0,0
2026-06-10,"fifae","FIFAe",0,0
2026-06-10,"fifaewc","FIFAeWC",0,0
2026-06-10,"fwc","FWC",0,0
2026-06-10,"fwwc","FWWC",0,0
2026-06-10,"infantino","Infantino",141564,0
2026-06-10,"montreal_canadiens","Montreal Canadiens",0,0
2026-06-10,"motogp","MotoGP",12463279,9464265
2026-06-10,"ny_yankees","NY Yankees",0,0
2026-06-11,"carolina_hurricanes","Caroline Hurricanes",361794,104223
2026-06-11,"ducati","Ducati",1021298,997366
2026-06-11,"f1","F1",33687523,22191012
2026-06-11,"fcwc","FCWC",0,0
2026-06-11,"fifa","FIFA",5419089,1792591
2026-06-11,"fifae","FIFAe",0,0
2026-06-11,"fifaewc","FIFAeWC",0,0
2026-06-11,"fwc","FWC",2881770,2858749
2026-06-11,"fwwc","FWWC",0,0
2026-06-11,"infantino","Infantino",797019,792024
2026-06-11,"montreal_canadiens","Montreal Canadiens",0,0
2026-06-11,"motogp","MotoGP",5477227,764985
2026-06-11,"ny_yankees","NY Yankees",0,0
2026-06-12,"carolina_hurricanes","Caroline Hurricanes",2256223,873904
2026-06-12,"ducati","Ducati",340450,8573
2026-06-12,"f1","F1",13672662,13159093
2026-06-12,"fcwc","FCWC",0,0
2026-06-12,"fifa","FIFA",75027621,24800669
2026-06-12,"fifae","FIFAe",0,0
2026-06-12,"fifaewc","FIFAeWC",0,0
2026-06-12,"fwc","FWC",94171902,92167051
2026-06-12,"fwwc","FWWC",0,0
2026-06-12,"infantino","Infantino",1087512,1078938
2026-06-12,"montreal_canadiens","Montreal Canadiens",0,0
2026-06-12,"motogp","MotoGP",1107791,940272
2026-06-12,"ny_yankees","NY Yankees",0,0
2026-06-13,"carolina_hurricanes","Caroline Hurricanes",900961,159437
2026-06-13,"ducati","Ducati",780295,640516
2026-06-13,"f1","F1",64919296,50460359
2026-06-13,"fcwc","FCWC",0,0
2026-06-13,"fifa","FIFA",18234860,6085295
2026-06-13,"fifae","FIFAe",0,0
2026-06-13,"fifaewc","FIFAeWC",0,0
2026-06-13,"fwc","FWC",20064079,19969824
2026-06-13,"fwwc","FWWC",0,0
2026-06-13,"infantino","Infantino",0,0
2026-06-13,"montreal_canadiens","Montreal Canadiens",0,0
2026-06-13,"motogp","MotoGP",0,0
2026-06-13,"ny_yankees","NY Yankees",0,0
2026-06-14,"carolina_hurricanes","Caroline Hurricanes",1412739,659918
2026-06-14,"ducati","Ducati",735552,0
2026-06-14,"f1","F1",17489765,16837864
2026-06-14,"fcwc","FCWC",0,0
2026-06-14,"fifa","FIFA",33753056,12806762
2026-06-14,"fifae","FIFAe",0,0
2026-06-14,"fifaewc","FIFAeWC",0,0
2026-06-14,"fwc","FWC",27165328,26881912
2026-06-14,"fwwc","FWWC",0,0
2026-06-14,"infantino","Infantino",335240,333964
2026-06-14,"montreal_canadiens","Montreal Canadiens",0,0
2026-06-14,"motogp","MotoGP",1062906,1058153
2026-06-14,"ny_yankees","NY Yankees",0,0
2026-06-15,"carolina_hurricanes","Caroline Hurricanes",5921257,1995583
2026-06-15,"ducati","Ducati",1339268,1307409
2026-06-15,"f1","F1",21067162,20332432
2026-06-15,"fcwc","FCWC",1177406,1149758
2026-06-15,"fifa","FIFA",55034943,17955082
2026-06-15,"fifae","FIFAe",0,0
2026-06-15,"fifaewc","FIFAeWC",0,0
2026-06-15,"fwc","FWC",77340882,76783118
2026-06-15,"fwwc","FWWC",0,0
2026-06-15,"infantino","Infantino",219235,0
2026-06-15,"montreal_canadiens","Montreal Canadiens",0,0
2026-06-15,"motogp","MotoGP",5781184,5334370
2026-06-15,"ny_yankees","NY Yankees",0,0
2026-06-16,"carolina_hurricanes","Caroline Hurricanes",675463,620875
2026-06-16,"ducati","Ducati",248931,0
2026-06-16,"f1","F1",3459581,3253947
2026-06-16,"fcwc","FCWC",0,0
2026-06-16,"fifa","FIFA",49847631,16424216
2026-06-16,"fifae","FIFAe",9,0
2026-06-16,"fifaewc","FIFAeWC",0,0
2026-06-16,"fwc","FWC",67183852,65368383
2026-06-16,"fwwc","FWWC",0,0
2026-06-16,"infantino","Infantino",1729899,1701035
2026-06-16,"montreal_canadiens","Montreal Canadiens",0,0
2026-06-16,"motogp","MotoGP",8710153,6011253
2026-06-16,"ny_yankees","NY Yankees",0,0
2026-06-17,"carolina_hurricanes","Caroline Hurricanes",477808,191623
2026-06-17,"ducati","Ducati",627326,603430
2026-06-17,"f1","F1",9961402,9542577
2026-06-17,"fcwc","FCWC",0,0
2026-06-17,"fifa","FIFA",39293838,12899623
2026-06-17,"fifae","FIFAe",0,0
2026-06-17,"fifaewc","FIFAeWC",0,0
2026-06-17,"fwc","FWC",56402110,54278945
2026-06-17,"fwwc","FWWC",0,0
2026-06-17,"infantino","Infantino",620596,617090
2026-06-17,"montreal_canadiens","Montreal Canadiens",0,0
2026-06-17,"motogp","MotoGP",1875102,1266179
2026-06-17,"ny_yankees","NY Yankees",0,0
2026-06-18,"carolina_hurricanes","Caroline Hurricanes",387395,112678
2026-06-18,"ducati","Ducati",899045,614717
2026-06-18,"f1","F1",11927169,11410830
2026-06-18,"fcwc","FCWC",0,0
2026-06-18,"fifa","FIFA",66823881,22034850
2026-06-18,"fifae","FIFAe",0,0
2026-06-18,"fifaewc","FIFAeWC",0,0
2026-06-18,"fwc","FWC",61266248,55719238
2026-06-18,"fwwc","FWWC",0,0
2026-06-18,"infantino","Infantino",602311,601500
2026-06-18,"montreal_canadiens","Montreal Canadiens",0,0
2026-06-18,"motogp","MotoGP",8900102,5159794
2026-06-18,"ny_yankees","NY Yankees",0,0
2026-06-19,"carolina_hurricanes","Caroline Hurricanes",257543,213191
2026-06-19,"ducati","Ducati",2684300,2439884
2026-06-19,"f1","F1",7909997,7095567
2026-06-19,"fcwc","FCWC",0,0
2026-06-19,"fifa","FIFA",26586321,8766161
2026-06-19,"fifae","FIFAe",0,0
2026-06-19,"fifaewc","FIFAeWC",0,0
2026-06-19,"fwc","FWC",20474057,15720406
2026-06-19,"fwwc","FWWC",0,0
2026-06-19,"infantino","Infantino",336878,331431
2026-06-19,"montreal_canadiens","Montreal Canadiens",0,0
2026-06-19,"motogp","MotoGP",16722160,12743130
2026-06-19,"ny_yankees","NY Yankees",0,0
2026-06-20,"carolina_hurricanes","Caroline Hurricanes",661645,538569
2026-06-20,"ducati","Ducati",8762135,7337475
2026-06-20,"f1","F1",0,0
2026-06-20,"fcwc","FCWC",0,0
2026-06-20,"fifa","FIFA",19290228,6351424
2026-06-20,"fifae","FIFAe",0,0
2026-06-20,"fifaewc","FIFAeWC",0,0
2026-06-20,"fwc","FWC",31047616,29536564
2026-06-20,"fwwc","FWWC",0,0
2026-06-20,"infantino","Infantino",1957975,1939041
2026-06-20,"montreal_canadiens","Montreal Canadiens",0,0
2026-06-20,"motogp","MotoGP",23292192,15969055
2026-06-20,"ny_yankees","NY Yankees",0,0
2026-06-21,"carolina_hurricanes","Caroline Hurricanes",0,0
2026-06-21,"ducati","Ducati",4447646,3832891
2026-06-21,"f1","F1",0,0
2026-06-21,"fcwc","FCWC",0,0
2026-06-21,"fifa","FIFA",51423315,16925731
2026-06-21,"fifae","FIFAe",0,0
2026-06-21,"fifaewc","FIFAeWC",0,0
2026-06-21,"fwc","FWC",56413986,53931848
2026-06-21,"fwwc","FWWC",0,0
2026-06-21,"infantino","Infantino",1445456,1429213
2026-06-21,"montreal_canadiens","Montreal Canadiens",0,0
2026-06-21,"motogp","MotoGP",77838814,62479653
2026-06-21,"ny_yankees","NY Yankees",0,0
2026-06-22,"carolina_hurricanes","Caroline Hurricanes",0,0
2026-06-22,"ducati","Ducati",1161485,1070495
2026-06-22,"f1","F1",10737309,35747
2026-06-22,"fcwc","FCWC",0,0
2026-06-22,"fifa","FIFA",72493403,23606221
2026-06-22,"fifae","FIFAe",0,0
2026-06-22,"fifaewc","FIFAeWC",0,0
2026-06-22,"fwc","FWC",273352351,267177783
2026-06-22,"fwwc","FWWC",0,0
2026-06-22,"infantino","Infantino",0,0
2026-06-22,"montreal_canadiens","Montreal Canadiens",0,0
2026-06-22,"motogp","MotoGP",11458388,5033339
2026-06-22,"ny_yankees","NY Yankees",0,0
2026-06-23,"carolina_hurricanes","Caroline Hurricanes",0,0
2026-06-23,"ducati","Ducati",2856131,1981621
2026-06-23,"f1","F1",3417630,0
2026-06-23,"fcwc","FCWC",526847,469523
2026-06-23,"fifa","FIFA",71785092,23636593
2026-06-23,"fifae","FIFAe",0,0
2026-06-23,"fifaewc","FIFAeWC",0,0
2026-06-23,"fwc","FWC",159448119,142532914
2026-06-23,"fwwc","FWWC",0,0
2026-06-23,"infantino","Infantino",1143239,0
2026-06-23,"montreal_canadiens","Montreal Canadiens",0,0
2026-06-23,"motogp","MotoGP",41988326,33792048
2026-06-23,"ny_yankees","NY Yankees",0,0
2026-06-24,"carolina_hurricanes","Caroline Hurricanes",0,0
2026-06-24,"ducati","Ducati",5758220,3237370
2026-06-24,"f1","F1",5276653,5246402
2026-06-24,"fcwc","FCWC",0,0
2026-06-24,"fifa","FIFA",64261195,21210099
2026-06-24,"fifae","FIFAe",0,0
2026-06-24,"fifaewc","FIFAeWC",0,0
2026-06-24,"fwc","FWC",51961026,51402843
2026-06-24,"fwwc","FWWC",0,0
2026-06-24,"infantino","Infantino",505310,496171
2026-06-24,"montreal_canadiens","Montreal Canadiens",0,0
2026-06-24,"motogp","MotoGP",13115768,3891278
2026-06-24,"ny_yankees","NY Yankees",0,0
2026-06-25,"carolina_hurricanes","Caroline Hurricanes",27167,0
2026-06-25,"ducati","Ducati",1001259,930039
2026-06-25,"f1","F1",30611363,26059341
2026-06-25,"fcwc","FCWC",0,0
2026-06-25,"fifa","FIFA",54238633,18736366
2026-06-25,"fifae","FIFAe",0,0
2026-06-25,"fifaewc","FIFAeWC",0,0
2026-06-25,"fwc","FWC",141558586,107020655
2026-06-25,"fwwc","FWWC",0,0
2026-06-25,"infantino","Infantino",0,0
2026-06-25,"montreal_canadiens","Montreal Canadiens",0,0
2026-06-25,"motogp","MotoGP",14242330,9982792
2026-06-25,"ny_yankees","NY Yankees",0,0
2026-06-26,"carolina_hurricanes","Caroline Hurricanes",144981,0
2026-06-26,"ducati","Ducati",3589616,3103092
2026-06-26,"f1","F1",13669487,6129291
2026-06-26,"fcwc","FCWC",2028971,2006427
2026-06-26,"fifa","FIFA",81496210,26935837
2026-06-26,"fifae","FIFAe",0,0
2026-06-26,"fifaewc","FIFAeWC",0,0
2026-06-26,"fwc","FWC",41736205,41153107
2026-06-26,"fwwc","FWWC",0,0
2026-06-26,"infantino","Infantino",854502,343358
2026-06-26,"montreal_canadiens","Montreal Canadiens",0,0
2026-06-26,"motogp","MotoGP",29587798,24834807
2026-06-26,"ny_yankees","NY Yankees",0,0
2026-06-27,"carolina_hurricanes","Caroline Hurricanes",1693945,0
2026-06-27,"ducati","Ducati",1032644,976665
2026-06-27,"f1","F1",73227459,61558344
2026-06-27,"fcwc","FCWC",0,0
2026-06-27,"fifa","FIFA",133934913,44336885
2026-06-27,"fifae","FIFAe",0,0
2026-06-27,"fifaewc","FIFAeWC",0,0
2026-06-27,"fwc","FWC",49184524,45618716
2026-06-27,"fwwc","FWWC",0,0
2026-06-27,"infantino","Infantino",0,0
2026-06-27,"montreal_canadiens","Montreal Canadiens",0,0
2026-06-27,"motogp","MotoGP",22917361,17590437
2026-06-27,"ny_yankees","NY Yankees",0,0
2026-06-28,"carolina_hurricanes","Caroline Hurricanes",0,0
2026-06-28,"ducati","Ducati",3443567,3279658
2026-06-28,"f1","F1",98237267,78425996
2026-06-28,"fcwc","FCWC",668776,648712
2026-06-28,"fifa","FIFA",107040648,35428464
2026-06-28,"fifae","FIFAe",0,0
2026-06-28,"fifaewc","FIFAeWC",0,0
2026-06-28,"fwc","FWC",141452321,76379056
2026-06-28,"fwwc","FWWC",0,0
2026-06-28,"infantino","Infantino",1754754,0
2026-06-28,"montreal_canadiens","Montreal Canadiens",0,0
2026-06-28,"motogp","MotoGP",19263277,16141663
2026-06-28,"ny_yankees","NY Yankees",0,0
2026-06-29,"carolina_hurricanes","Caroline Hurricanes",0,0
2026-06-29,"ducati","Ducati",0,0
2026-06-29,"f1","F1",23490197,21901747
2026-06-29,"fcwc","FCWC",0,0
2026-06-29,"fifa","FIFA",121504077,40105204
2026-06-29,"fifae","FIFAe",0,0
2026-06-29,"fifaewc","FIFAeWC",0,0
2026-06-29,"fwc","FWC",75524118,72867597
2026-06-29,"fwwc","FWWC",0,0
2026-06-29,"infantino","Infantino",7458864,6562397
2026-06-29,"montreal_canadiens","Montreal Canadiens",0,0
2026-06-29,"motogp","MotoGP",6488403,3416789
2026-06-29,"ny_yankees","NY Yankees",0,0
2026-06-30,"carolina_hurricanes","Caroline Hurricanes",566014,0
2026-06-30,"ducati","Ducati",176325,171202
2026-06-30,"f1","F1",1448815,84449
2026-06-30,"fcwc","FCWC",0,0
2026-06-30,"fifa","FIFA",71289551,23552468
2026-06-30,"fifae","FIFAe",0,0
2026-06-30,"fifaewc","FIFAeWC",0,0
2026-06-30,"fwc","FWC",138334356,126921135
2026-06-30,"fwwc","FWWC",0,0
2026-06-30,"infantino","Infantino",948177,946233
2026-06-30,"montreal_canadiens","Montreal Canadiens",0,0
2026-06-30,"motogp","MotoGP",33914828,31689858
2026-06-30,"ny_yankees","NY Yankees",0,0
2026-07-01,"carolina_hurricanes","Caroline Hurricanes",392218,0
2026-07-01,"ducati","Ducati",652106,612882
2026-07-01,"f1","F1",10311744,8202522
2026-07-01,"fcwc","FCWC",0,0
2026-07-01,"fifa","FIFA",173285537,56606279
2026-07-01,"fifae","FIFAe",0,0
2026-07-01,"fifaewc","FIFAeWC",0,0
2026-07-01,"fwc","FWC",129951784,127087302
2026-07-01,"fwwc","FWWC",0,0
2026-07-01,"infantino","Infantino",0,0
2026-07-01,"montreal_canadiens","Montreal Canadiens",0,0
2026-07-01,"motogp","MotoGP",1715969,1199621
2026-07-01,"ny_yankees","NY Yankees",0,0
2026-07-02,"carolina_hurricanes","Caroline Hurricanes",1406402,0
2026-07-02,"ducati","Ducati",391185,379397
2026-07-02,"f1","F1",8931880,7763542
2026-07-02,"fcwc","FCWC",0,0
2026-07-02,"fifa","FIFA",67226930,22372917
2026-07-02,"fifae","FIFAe",0,0
2026-07-02,"fifaewc","FIFAeWC",0,0
2026-07-02,"fwc","FWC",84634538,79630775
2026-07-02,"fwwc","FWWC",0,0
2026-07-02,"infantino","Infantino",940244,0
2026-07-02,"montreal_canadiens","Montreal Canadiens",0,0
2026-07-02,"motogp","MotoGP",1442196,32586
2026-07-02,"ny_yankees","NY Yankees",0,0
2026-07-03,"carolina_hurricanes","Caroline Hurricanes",0,0
2026-07-03,"ducati","Ducati",2559575,2506283
2026-07-03,"f1","F1",10053145,7523147
2026-07-03,"fcwc","FCWC",0,0
2026-07-03,"fifa","FIFA",70939863,27247366
2026-07-03,"fifae","FIFAe",0,0
2026-07-03,"fifaewc","FIFAeWC",0,0
2026-07-03,"fwc","FWC",87546294,86322413
2026-07-03,"fwwc","FWWC",0,0
2026-07-03,"infantino","Infantino",736821,736124
2026-07-03,"montreal_canadiens","Montreal Canadiens",0,0
2026-07-03,"motogp","MotoGP",5253858,4031695
2026-07-03,"ny_yankees","NY Yankees",0,0
2026-07-04,"carolina_hurricanes","Caroline Hurricanes",0,0
2026-07-04,"ducati","Ducati",2227937,1497184
2026-07-04,"f1","F1",23799393,21840252
2026-07-04,"fcwc","FCWC",0,0
2026-07-04,"fifa","FIFA",177257000,58976940
2026-07-04,"fifae","FIFAe",0,0
2026-07-04,"fifaewc","FIFAeWC",0,0
2026-07-04,"fwc","FWC",152344952,128482823
2026-07-04,"fwwc","FWWC",0,0
2026-07-04,"infantino","Infantino",0,0
2026-07-04,"montreal_canadiens","Montreal Canadiens",0,0
2026-07-04,"motogp","MotoGP",2195872,696791
2026-07-04,"ny_yankees","NY Yankees",0,0
2026-07-05,"carolina_hurricanes","Caroline Hurricanes",0,0
2026-07-05,"ducati","Ducati",3119878,2524958
2026-07-05,"f1","F1",40703158,35975615
2026-07-05,"fcwc","FCWC",0,0
2026-07-05,"fifa","FIFA",91712754,41016521
2026-07-05,"fifae","FIFAe",0,0
2026-07-05,"fifaewc","FIFAeWC",0,0
2026-07-05,"fwc","FWC",12482144,9815565
2026-07-05,"fwwc","FWWC",0,0
2026-07-05,"infantino","Infantino",3274741,3233399
2026-07-05,"montreal_canadiens","Montreal Canadiens",0,0
2026-07-05,"motogp","MotoGP",2653751,828270
2026-07-05,"ny_yankees","NY Yankees",0,0
2026-07-06,"carolina_hurricanes","Caroline Hurricanes",0,0
2026-07-06,"ducati","Ducati",269009,258959
2026-07-06,"f1","F1",13270566,12608000
2026-07-06,"fcwc","FCWC",0,0
2026-07-06,"fifa","FIFA",175609416,57958148
2026-07-06,"fifae","FIFAe",0,0
2026-07-06,"fifaewc","FIFAeWC",0,0
2026-07-06,"fwc","FWC",292903357,290790738
2026-07-06,"fwwc","FWWC",0,0
2026-07-06,"infantino","Infantino",7250960,683422
2026-07-06,"montreal_canadiens","Montreal Canadiens",0,0
2026-07-06,"motogp","MotoGP",8498061,6927025
2026-07-06,"ny_yankees","NY Yankees",0,0
2026-07-07,"carolina_hurricanes","Caroline Hurricanes",187374,0
2026-07-07,"ducati","Ducati",2562799,2530862
2026-07-07,"f1","F1",29229333,27727146
2026-07-07,"fcwc","FCWC",0,0
2026-07-07,"fifa","FIFA",120264389,34660661
2026-07-07,"fifae","FIFAe",0,0
2026-07-07,"fifaewc","FIFAeWC",0,0
2026-07-07,"fwc","FWC",251635212,118572187
2026-07-07,"fwwc","FWWC",0,0
2026-07-07,"infantino","Infantino",0,0
2026-07-07,"montreal_canadiens","Montreal Canadiens",0,0
2026-07-07,"motogp","MotoGP",6596989,4402344
2026-07-07,"ny_yankees","NY Yankees",0,0
2026-07-08,"carolina_hurricanes","Caroline Hurricanes",0,0
2026-07-08,"ducati","Ducati",813348,247196
2026-07-08,"f1","F1",15727,5012
2026-07-08,"fcwc","FCWC",0,0
2026-07-08,"fifa","FIFA",95030041,32845213
2026-07-08,"fifae","FIFAe",0,0
2026-07-08,"fifaewc","FIFAeWC",0,0
2026-07-08,"fwc","FWC",108258532,104612525
2026-07-08,"fwwc","FWWC",0,0
2026-07-08,"infantino","Infantino",3857216,3823472
2026-07-08,"montreal_canadiens","Montreal Canadiens",0,0
2026-07-08,"motogp","MotoGP",6924133,5538848
2026-07-08,"ny_yankees","NY Yankees",0,0
2026-07-09,"carolina_hurricanes","Caroline Hurricanes",0,0
2026-07-09,"ducati","Ducati",303484,293566
2026-07-09,"f1","F1",1777778,1486743
2026-07-09,"fcwc","FCWC",0,0
2026-07-09,"fifa","FIFA",4993026,1647395
2026-07-09,"fifae","FIFAe",0,0
2026-07-09,"fifaewc","FIFAeWC",0,0
2026-07-09,"fwc","FWC",20055939,18138217
2026-07-09,"fwwc","FWWC",0,0
2026-07-09,"infantino","Infantino",0,0
2026-07-09,"montreal_canadiens","Montreal Canadiens",0,0
2026-07-09,"motogp","MotoGP",12135269,7142406
2026-07-09,"ny_yankees","NY Yankees",0,0
2026-07-10,"carolina_hurricanes","Caroline Hurricanes",0,0
2026-07-10,"ducati","Ducati",3748788,3478602
2026-07-10,"f1","F1",0,0
2026-07-10,"fcwc","FCWC",0,0
2026-07-10,"fifa","FIFA",232805905,76965465
2026-07-10,"fifae","FIFAe",0,0
2026-07-10,"fifaewc","FIFAeWC",0,0
2026-07-10,"fwc","FWC",167756722,157521967
2026-07-10,"fwwc","FWWC",0,0
2026-07-10,"infantino","Infantino",1152028,1146050
2026-07-10,"montreal_canadiens","Montreal Canadiens",0,0
2026-07-10,"motogp","MotoGP",13280366,10249386
2026-07-10,"ny_yankees","NY Yankees",0,0
2026-07-11,"carolina_hurricanes","Caroline Hurricanes",0,0
2026-07-11,"ducati","Ducati",5685780,4650578
2026-07-11,"f1","F1",0,0
2026-07-11,"fcwc","FCWC",0,0
2026-07-11,"fifa","FIFA",7838776,1179914
2026-07-11,"fifae","FIFAe",0,0
2026-07-11,"fifaewc","FIFAeWC",0,0
2026-07-11,"fwc","FWC",26344553,26114710
2026-07-11,"fwwc","FWWC",0,0
2026-07-11,"infantino","Infantino",232614,0
2026-07-11,"montreal_canadiens","Montreal Canadiens",0,0
2026-07-11,"motogp","MotoGP",24221538,17970158
2026-07-11,"ny_yankees","NY Yankees",0,0
2026-07-12,"carolina_hurricanes","Caroline Hurricanes",0,0
2026-07-12,"ducati","Ducati",6202353,2977477
2026-07-12,"f1","F1",15124427,14868823
2026-07-12,"fcwc","FCWC",0,0
2026-07-12,"fifa","FIFA",224643260,73762680
2026-07-12,"fifae","FIFAe",0,0
2026-07-12,"fifaewc","FIFAeWC",0,0
2026-07-12,"fwc","FWC",178271868,175794286
2026-07-12,"fwwc","FWWC",0,0
2026-07-12,"infantino","Infantino",2615663,2595837
2026-07-12,"montreal_canadiens","Montreal Canadiens",0,0
2026-07-12,"motogp","MotoGP",58743799,41205160
2026-07-12,"ny_yankees","NY Yankees",0,0
2026-07-13,"carolina_hurricanes","Caroline Hurricanes",0,0
2026-07-13,"ducati","Ducati",773603,750528
2026-07-13,"f1","F1",0,0
2026-07-13,"fcwc","FCWC",0,0
2026-07-13,"fifa","FIFA",59983846,19908263
2026-07-13,"fifae","FIFAe",0,0
2026-07-13,"fifaewc","FIFAeWC",0,0
2026-07-13,"fwc","FWC",172827192,167980183
2026-07-13,"fwwc","FWWC",0,0
2026-07-13,"infantino","Infantino",0,0
2026-07-13,"montreal_canadiens","Montreal Canadiens",0,0
2026-07-13,"motogp","MotoGP",3770794,706691
2026-07-13,"ny_yankees","NY Yankees",0,0
2026-07-14,"carolina_hurricanes","Caroline Hurricanes",0,0
2026-07-14,"ducati","Ducati",2144157,1167145
2026-07-14,"f1","F1",0,0
2026-07-14,"fcwc","FCWC",0,0
2026-07-14,"fifa","FIFA",5261283,2081690
2026-07-14,"fifae","FIFAe",0,0
2026-07-14,"fifaewc","FIFAeWC",0,0
2026-07-14,"fwc","FWC",67429548,62974603
2026-07-14,"fwwc","FWWC",0,0
2026-07-14,"infantino","Infantino",0,0
2026-07-14,"montreal_canadiens","Montreal Canadiens",0,0
2026-07-14,"motogp","MotoGP",23625785,23022651
2026-07-14,"ny_yankees","NY Yankees",0,0
2026-07-15,"carolina_hurricanes","Caroline Hurricanes",847003,0
2026-07-15,"ducati","Ducati",2221914,1462748
2026-07-15,"f1","F1",0,0
2026-07-15,"fcwc","FCWC",0,0
2026-07-15,"fifa","FIFA",42629108,19788963
2026-07-15,"fifae","FIFAe",0,0
2026-07-15,"fifaewc","FIFAeWC",0,0
2026-07-15,"fwc","FWC",33078301,30282212
2026-07-15,"fwwc","FWWC",0,0
2026-07-15,"infantino","Infantino",2726326,2690474
2026-07-15,"montreal_canadiens","Montreal Canadiens",0,0
2026-07-15,"motogp","MotoGP",308098,274535
2026-07-15,"ny_yankees","NY Yankees",0,0
2026-07-16,"carolina_hurricanes","Caroline Hurricanes",539419,0
2026-07-16,"ducati","Ducati",306954,255494
2026-07-16,"f1","F1",1078627,331327
2026-07-16,"fcwc","FCWC",0,0
2026-07-16,"fifa","FIFA",109794116,36343024
2026-07-16,"fifae","FIFAe",519372,486303
2026-07-16,"fifaewc","FIFAeWC",0,0
2026-07-16,"fwc","FWC",68946036,66911438
2026-07-16,"fwwc","FWWC",0,0
2026-07-16,"infantino","Infantino",1493771,1488841
2026-07-16,"montreal_canadiens","Montreal Canadiens",0,0
2026-07-16,"motogp","MotoGP",1191114,585023
2026-07-16,"ny_yankees","NY Yankees",0,0
2026-07-17,"carolina_hurricanes","Caroline Hurricanes",0,0
2026-07-17,"ducati","Ducati",166484,0
2026-07-17,"f1","F1",394,381
2026-07-17,"fcwc","FCWC",0,0
2026-07-17,"fifa","FIFA",1386624,458105
2026-07-17,"fifae","FIFAe",0,0
2026-07-17,"fifaewc","FIFAeWC",0,0
2026-07-17,"fwc","FWC",14792886,14719873
2026-07-17,"fwwc","FWWC",0,0
2026-07-17,"infantino","Infantino",0,0
2026-07-17,"montreal_canadiens","Montreal Canadiens",0,0
2026-07-17,"motogp","MotoGP",5856217,5657594
2026-07-17,"ny_yankees","NY Yankees",0,0
2026-07-18,"carolina_hurricanes","Caroline Hurricanes",0,0
2026-07-18,"ducati","Ducati",0,0
2026-07-18,"f1","F1",41718482,35829521
2026-07-18,"fcwc","FCWC",0,0
2026-07-18,"fifa","FIFA",4728036,1552861
2026-07-18,"fifae","FIFAe",0,0
2026-07-18,"fifaewc","FIFAeWC",0,0
2026-07-18,"fwc","FWC",4752097,4687625
2026-07-18,"fwwc","FWWC",0,0
2026-07-18,"infantino","Infantino",739938,717728
2026-07-18,"montreal_canadiens","Montreal Canadiens",0,0
2026-07-18,"motogp","MotoGP",8746102,5075478
2026-07-18,"ny_yankees","NY Yankees",0,0
2026-07-19,"carolina_hurricanes","Caroline Hurricanes",0,0
2026-07-19,"ducati","Ducati",116670,110356
2026-07-19,"f1","F1",31664473,27478015
2026-07-19,"fcwc","FCWC",0,0
2026-07-19,"fifa","FIFA",48658829,18102336
2026-07-19,"fifae","FIFAe",0,0
2026-07-19,"fifaewc","FIFAeWC",0,0
2026-07-19,"fwc","FWC",77980262,64635089
2026-07-19,"fwwc","FWWC",0,0
2026-07-19,"infantino","Infantino",3475014,3448250
2026-07-19,"montreal_canadiens","Montreal Canadiens",0,0
2026-07-19,"motogp","MotoGP",2861582,2435292
2026-07-19,"ny_yankees","NY Yankees",0,0
2026-07-20,"carolina_hurricanes","Caroline Hurricanes",0,0
2026-07-20,"ducati","Ducati",0,0
2026-07-20,"f1","F1",14180914,12993223
2026-07-20,"fcwc","FCWC",0,0
2026-07-20,"fifa","FIFA",151196943,49807683
2026-07-20,"fifae","FIFAe",0,0
2026-07-20,"fifaewc","FIFAeWC",0,0
2026-07-20,"fwc","FWC",332106353,321752902
2026-07-20,"fwwc","FWWC",0,0
2026-07-20,"infantino","Infantino",1921119,1884233
2026-07-20,"montreal_canadiens","Montreal Canadiens",0,0
2026-07-20,"motogp","MotoGP",8447370,6415919
2026-07-20,"ny_yankees","NY Yankees",0,0
