source_file,source_sha256,source_sheet,source_cell,question,name,statistic,period_label,is_total,value
lenovo_gwi_core_tech_brands_crosstab_export_2026-06-09.xlsx,f1eac9e09e90c47fe98e22784303079d9c689d4890ea090235fae6fc9587c1ad,Foglio1,D3,,Totals,Universe,Totals,True,2609522436
lenovo_gwi_core_tech_brands_crosstab_export_2026-06-09.xlsx,f1eac9e09e90c47fe98e22784303079d9c689d4890ea090235fae6fc9587c1ad,Foglio1,E3,,Totals,Universe,Q1 2017 (Survey Waves),False,2070674908
lenovo_gwi_core_tech_brands_crosstab_export_2026-06-09.xlsx,f1eac9e09e90c47fe98e22784303079d9c689d4890ea090235fae6fc9587c1ad,Foglio1,F3,,Totals,Universe,Q2 2017 (Survey Waves),False,2085976982
lenovo_gwi_core_tech_brands_crosstab_export_2026-06-09.xlsx,f1eac9e09e90c47fe98e22784303079d9c689d4890ea090235fae6fc9587c1ad,Foglio1,G3,,Totals,Universe,Q3 2017 (Survey Waves),False,2101354340
lenovo_gwi_core_tech_brands_crosstab_export_2026-06-09.xlsx,f1eac9e09e90c47fe98e22784303079d9c689d4890ea090235fae6fc9587c1ad,Foglio1,H3,,Totals,Universe,Q4 2017 (Survey Waves),False,2127537995
lenovo_gwi_core_tech_brands_crosstab_export_2026-06-09.xlsx,f1eac9e09e90c47fe98e22784303079d9c689d4890ea090235fae6fc9587c1ad,Foglio1,I3,,Totals,Universe,Q1 2018 (Survey Waves),False,2176008070
lenovo_gwi_core_tech_brands_crosstab_export_2026-06-09.xlsx,f1eac9e09e90c47fe98e22784303079d9c689d4890ea090235fae6fc9587c1ad,Foglio1,J3,,Totals,Universe,Q2 2018 (Survey Waves),False,2251822546
lenovo_gwi_core_tech_brands_crosstab_export_2026-06-09.xlsx,f1eac9e09e90c47fe98e22784303079d9c689d4890ea090235fae6fc9587c1ad,Foglio1,K3,,Totals,Universe,Q3 2018 (Survey Waves),False,2251822548
lenovo_gwi_core_tech_brands_crosstab_export_2026-06-09.xlsx,f1eac9e09e90c47fe98e22784303079d9c689d4890ea090235fae6fc9587c1ad,Foglio1,L3,,Totals,Universe,Q4 2018 (Survey Waves),False,2309003663
lenovo_gwi_core_tech_brands_crosstab_export_2026-06-09.xlsx,f1eac9e09e90c47fe98e22784303079d9c689d4890ea090235fae6fc9587c1ad,Foglio1,M3,,Totals,Universe,Q1 2019 (Survey Waves),False,2341993578
lenovo_gwi_core_tech_brands_crosstab_export_2026-06-09.xlsx,f1eac9e09e90c47fe98e22784303079d9c689d4890ea090235fae6fc9587c1ad,Foglio1,N3,,Totals,Universe,Q2 2019 (Survey Waves),False,2375701544
lenovo_gwi_core_tech_brands_crosstab_export_2026-06-09.xlsx,f1eac9e09e90c47fe98e22784303079d9c689d4890ea090235fae6fc9587c1ad,Foglio1,O3,,Totals,Universe,Q3 2019 (Survey Waves),False,2413552571
lenovo_gwi_core_tech_brands_crosstab_export_2026-06-09.xlsx,f1eac9e09e90c47fe98e22784303079d9c689d4890ea090235fae6fc9587c1ad,Foglio1,P3,,Totals,Universe,Q4 2019 (Survey Waves),False,2448397115
lenovo_gwi_core_tech_brands_crosstab_export_2026-06-09.xlsx,f1eac9e09e90c47fe98e22784303079d9c689d4890ea090235fae6fc9587c1ad,Foglio1,Q3,,Totals,Universe,Q1 2020 (Survey Waves),False,2470388918
lenovo_gwi_core_tech_brands_crosstab_export_2026-06-09.xlsx,f1eac9e09e90c47fe98e22784303079d9c689d4890ea090235fae6fc9587c1ad,Foglio1,R3,,Totals,Universe,Q2 2020 (Survey Waves),False,2489655074
lenovo_gwi_core_tech_brands_crosstab_export_2026-06-09.xlsx,f1eac9e09e90c47fe98e22784303079d9c689d4890ea090235fae6fc9587c1ad,Foglio1,S3,,Totals,Universe,Q3 2020 (Survey Waves),False,2513135201
lenovo_gwi_core_tech_brands_crosstab_export_2026-06-09.xlsx,f1eac9e09e90c47fe98e22784303079d9c689d4890ea090235fae6fc9587c1ad,Foglio1,T3,,Totals,Universe,Q4 2020 (Survey Waves),False,2542539048
lenovo_gwi_core_tech_brands_crosstab_export_2026-06-09.xlsx,f1eac9e09e90c47fe98e22784303079d9c689d4890ea090235fae6fc9587c1ad,Foglio1,U3,,Totals,Universe,Q1 2021 (Survey Waves),False,2564253260
lenovo_gwi_core_tech_brands_crosstab_export_2026-06-09.xlsx,f1eac9e09e90c47fe98e22784303079d9c689d4890ea090235fae6fc9587c1ad,Foglio1,V3,,Totals,Universe,Q2 2021 (Survey Waves),False,2585967473
lenovo_gwi_core_tech_brands_crosstab_export_2026-06-09.xlsx,f1eac9e09e90c47fe98e22784303079d9c689d4890ea090235fae6fc9587c1ad,Foglio1,W3,,Totals,Universe,Q3 2021 (Survey Waves),False,2607681685
lenovo_gwi_core_tech_brands_crosstab_export_2026-06-09.xlsx,f1eac9e09e90c47fe98e22784303079d9c689d4890ea090235fae6fc9587c1ad,Foglio1,X3,,Totals,Universe,Q4 2021 (Survey Waves),False,2629395898
lenovo_gwi_core_tech_brands_crosstab_export_2026-06-09.xlsx,f1eac9e09e90c47fe98e22784303079d9c689d4890ea090235fae6fc9587c1ad,Foglio1,Y3,,Totals,Universe,Q1 2022 (Survey Waves),False,2637966886
lenovo_gwi_core_tech_brands_crosstab_export_2026-06-09.xlsx,f1eac9e09e90c47fe98e22784303079d9c689d4890ea090235fae6fc9587c1ad,Foglio1,Z3,,Totals,Universe,Q2 2022 (Survey Waves),False,2640106294
lenovo_gwi_core_tech_brands_crosstab_export_2026-06-09.xlsx,f1eac9e09e90c47fe98e22784303079d9c689d4890ea090235fae6fc9587c1ad,Foglio1,AA3,,Totals,Universe,Q3 2022 (Survey Waves),False,2657286779
lenovo_gwi_core_tech_brands_crosstab_export_2026-06-09.xlsx,f1eac9e09e90c47fe98e22784303079d9c689d4890ea090235fae6fc9587c1ad,Foglio1,AB3,,Totals,Universe,Q4 2022 (Survey Waves),False,2659426187
lenovo_gwi_core_tech_brands_crosstab_export_2026-06-09.xlsx,f1eac9e09e90c47fe98e22784303079d9c689d4890ea090235fae6fc9587c1ad,Foglio1,AC3,,Totals,Universe,Q1 2023 (Survey Waves),False,2696678497
lenovo_gwi_core_tech_brands_crosstab_export_2026-06-09.xlsx,f1eac9e09e90c47fe98e22784303079d9c689d4890ea090235fae6fc9587c1ad,Foglio1,AD3,,Totals,Universe,Q2 2023 (Survey Waves),False,2723821565
lenovo_gwi_core_tech_brands_crosstab_export_2026-06-09.xlsx,f1eac9e09e90c47fe98e22784303079d9c689d4890ea090235fae6fc9587c1ad,Foglio1,AE3,,Totals,Universe,Q3 2023 (Survey Waves),False,2753270503
lenovo_gwi_core_tech_brands_crosstab_export_2026-06-09.xlsx,f1eac9e09e90c47fe98e22784303079d9c689d4890ea090235fae6fc9587c1ad,Foglio1,AF3,,Totals,Universe,Q4 2023 (Survey Waves),False,2780413571
lenovo_gwi_core_tech_brands_crosstab_export_2026-06-09.xlsx,f1eac9e09e90c47fe98e22784303079d9c689d4890ea090235fae6fc9587c1ad,Foglio1,AG3,,Totals,Universe,Q1 2024 (Survey Waves),False,2905672645
lenovo_gwi_core_tech_brands_crosstab_export_2026-06-09.xlsx,f1eac9e09e90c47fe98e22784303079d9c689d4890ea090235fae6fc9587c1ad,Foglio1,AH3,,Totals,Universe,Q2 2024 (Survey Waves),False,2937977502
lenovo_gwi_core_tech_brands_crosstab_export_2026-06-09.xlsx,f1eac9e09e90c47fe98e22784303079d9c689d4890ea090235fae6fc9587c1ad,Foglio1,AI3,,Totals,Universe,Q3 2024 (Survey Waves),False,2974474261
lenovo_gwi_core_tech_brands_crosstab_export_2026-06-09.xlsx,f1eac9e09e90c47fe98e22784303079d9c689d4890ea090235fae6fc9587c1ad,Foglio1,AJ3,,Totals,Universe,Q4 2024 (Survey Waves),False,3006779024
lenovo_gwi_core_tech_brands_crosstab_export_2026-06-09.xlsx,f1eac9e09e90c47fe98e22784303079d9c689d4890ea090235fae6fc9587c1ad,Foglio1,AK3,,Totals,Universe,Q1 2025 (Survey Waves),False,3094058310
lenovo_gwi_core_tech_brands_crosstab_export_2026-06-09.xlsx,f1eac9e09e90c47fe98e22784303079d9c689d4890ea090235fae6fc9587c1ad,Foglio1,AL3,,Totals,Universe,Q2 2025 (Survey Waves),False,3129888606
lenovo_gwi_core_tech_brands_crosstab_export_2026-06-09.xlsx,f1eac9e09e90c47fe98e22784303079d9c689d4890ea090235fae6fc9587c1ad,Foglio1,AM3,,Totals,Universe,Q3 2025 (Survey Waves),False,3165718902
lenovo_gwi_core_tech_brands_crosstab_export_2026-06-09.xlsx,f1eac9e09e90c47fe98e22784303079d9c689d4890ea090235fae6fc9587c1ad,Foglio1,AN3,,Totals,Universe,Q4 2025 (Survey Waves),False,3201549198
lenovo_gwi_core_tech_brands_crosstab_export_2026-06-09.xlsx,f1eac9e09e90c47fe98e22784303079d9c689d4890ea090235fae6fc9587c1ad,Foglio1,AO3,,Totals,Universe,Q1 2026 (Survey Waves),False,3230378995
lenovo_gwi_core_tech_brands_crosstab_export_2026-06-09.xlsx,f1eac9e09e90c47fe98e22784303079d9c689d4890ea090235fae6fc9587c1ad,Foglio1,D4,,Totals,Responses,Totals,True,6919717
lenovo_gwi_core_tech_brands_crosstab_export_2026-06-09.xlsx,f1eac9e09e90c47fe98e22784303079d9c689d4890ea090235fae6fc9587c1ad,Foglio1,E4,,Totals,Responses,Q1 2017 (Survey Waves),False,87127
lenovo_gwi_core_tech_brands_crosstab_export_2026-06-09.xlsx,f1eac9e09e90c47fe98e22784303079d9c689d4890ea090235fae6fc9587c1ad,Foglio1,F4,,Totals,Responses,Q2 2017 (Survey Waves),False,86756
lenovo_gwi_core_tech_brands_crosstab_export_2026-06-09.xlsx,f1eac9e09e90c47fe98e22784303079d9c689d4890ea090235fae6fc9587c1ad,Foglio1,G4,,Totals,Responses,Q3 2017 (Survey Waves),False,92032
lenovo_gwi_core_tech_brands_crosstab_export_2026-06-09.xlsx,f1eac9e09e90c47fe98e22784303079d9c689d4890ea090235fae6fc9587c1ad,Foglio1,H4,,Totals,Responses,Q4 2017 (Survey Waves),False,95007
lenovo_gwi_core_tech_brands_crosstab_export_2026-06-09.xlsx,f1eac9e09e90c47fe98e22784303079d9c689d4890ea090235fae6fc9587c1ad,Foglio1,I4,,Totals,Responses,Q1 2018 (Survey Waves),False,107484
lenovo_gwi_core_tech_brands_crosstab_export_2026-06-09.xlsx,f1eac9e09e90c47fe98e22784303079d9c689d4890ea090235fae6fc9587c1ad,Foglio1,J4,,Totals,Responses,Q2 2018 (Survey Waves),False,109620
lenovo_gwi_core_tech_brands_crosstab_export_2026-06-09.xlsx,f1eac9e09e90c47fe98e22784303079d9c689d4890ea090235fae6fc9587c1ad,Foglio1,K4,,Totals,Responses,Q3 2018 (Survey Waves),False,111645
lenovo_gwi_core_tech_brands_crosstab_export_2026-06-09.xlsx,f1eac9e09e90c47fe98e22784303079d9c689d4890ea090235fae6fc9587c1ad,Foglio1,L4,,Totals,Responses,Q4 2018 (Survey Waves),False,136751
lenovo_gwi_core_tech_brands_crosstab_export_2026-06-09.xlsx,f1eac9e09e90c47fe98e22784303079d9c689d4890ea090235fae6fc9587c1ad,Foglio1,M4,,Totals,Responses,Q1 2019 (Survey Waves),False,137240
lenovo_gwi_core_tech_brands_crosstab_export_2026-06-09.xlsx,f1eac9e09e90c47fe98e22784303079d9c689d4890ea090235fae6fc9587c1ad,Foglio1,N4,,Totals,Responses,Q2 2019 (Survey Waves),False,137385
lenovo_gwi_core_tech_brands_crosstab_export_2026-06-09.xlsx,f1eac9e09e90c47fe98e22784303079d9c689d4890ea090235fae6fc9587c1ad,Foglio1,O4,,Totals,Responses,Q3 2019 (Survey Waves),False,141783
lenovo_gwi_core_tech_brands_crosstab_export_2026-06-09.xlsx,f1eac9e09e90c47fe98e22784303079d9c689d4890ea090235fae6fc9587c1ad,Foglio1,P4,,Totals,Responses,Q4 2019 (Survey Waves),False,170416
lenovo_gwi_core_tech_brands_crosstab_export_2026-06-09.xlsx,f1eac9e09e90c47fe98e22784303079d9c689d4890ea090235fae6fc9587c1ad,Foglio1,Q4,,Totals,Responses,Q1 2020 (Survey Waves),False,171885
lenovo_gwi_core_tech_brands_crosstab_export_2026-06-09.xlsx,f1eac9e09e90c47fe98e22784303079d9c689d4890ea090235fae6fc9587c1ad,Foglio1,R4,,Totals,Responses,Q2 2020 (Survey Waves),False,175570
lenovo_gwi_core_tech_brands_crosstab_export_2026-06-09.xlsx,f1eac9e09e90c47fe98e22784303079d9c689d4890ea090235fae6fc9587c1ad,Foglio1,S4,,Totals,Responses,Q3 2020 (Survey Waves),False,175601
lenovo_gwi_core_tech_brands_crosstab_export_2026-06-09.xlsx,f1eac9e09e90c47fe98e22784303079d9c689d4890ea090235fae6fc9587c1ad,Foglio1,T4,,Totals,Responses,Q4 2020 (Survey Waves),False,177337
lenovo_gwi_core_tech_brands_crosstab_export_2026-06-09.xlsx,f1eac9e09e90c47fe98e22784303079d9c689d4890ea090235fae6fc9587c1ad,Foglio1,U4,,Totals,Responses,Q1 2021 (Survey Waves),False,177572
lenovo_gwi_core_tech_brands_crosstab_export_2026-06-09.xlsx,f1eac9e09e90c47fe98e22784303079d9c689d4890ea090235fae6fc9587c1ad,Foglio1,V4,,Totals,Responses,Q2 2021 (Survey Waves),False,182588
lenovo_gwi_core_tech_brands_crosstab_export_2026-06-09.xlsx,f1eac9e09e90c47fe98e22784303079d9c689d4890ea090235fae6fc9587c1ad,Foglio1,W4,,Totals,Responses,Q3 2021 (Survey Waves),False,200159
lenovo_gwi_core_tech_brands_crosstab_export_2026-06-09.xlsx,f1eac9e09e90c47fe98e22784303079d9c689d4890ea090235fae6fc9587c1ad,Foglio1,X4,,Totals,Responses,Q4 2021 (Survey Waves),False,220908
lenovo_gwi_core_tech_brands_crosstab_export_2026-06-09.xlsx,f1eac9e09e90c47fe98e22784303079d9c689d4890ea090235fae6fc9587c1ad,Foglio1,Y4,,Totals,Responses,Q1 2022 (Survey Waves),False,239853
lenovo_gwi_core_tech_brands_crosstab_export_2026-06-09.xlsx,f1eac9e09e90c47fe98e22784303079d9c689d4890ea090235fae6fc9587c1ad,Foglio1,Z4,,Totals,Responses,Q2 2022 (Survey Waves),False,239900
lenovo_gwi_core_tech_brands_crosstab_export_2026-06-09.xlsx,f1eac9e09e90c47fe98e22784303079d9c689d4890ea090235fae6fc9587c1ad,Foglio1,AA4,,Totals,Responses,Q3 2022 (Survey Waves),False,242430
lenovo_gwi_core_tech_brands_crosstab_export_2026-06-09.xlsx,f1eac9e09e90c47fe98e22784303079d9c689d4890ea090235fae6fc9587c1ad,Foglio1,AB4,,Totals,Responses,Q4 2022 (Survey Waves),False,239788
lenovo_gwi_core_tech_brands_crosstab_export_2026-06-09.xlsx,f1eac9e09e90c47fe98e22784303079d9c689d4890ea090235fae6fc9587c1ad,Foglio1,AC4,,Totals,Responses,Q1 2023 (Survey Waves),False,236949
lenovo_gwi_core_tech_brands_crosstab_export_2026-06-09.xlsx,f1eac9e09e90c47fe98e22784303079d9c689d4890ea090235fae6fc9587c1ad,Foglio1,AD4,,Totals,Responses,Q2 2023 (Survey Waves),False,233551
lenovo_gwi_core_tech_brands_crosstab_export_2026-06-09.xlsx,f1eac9e09e90c47fe98e22784303079d9c689d4890ea090235fae6fc9587c1ad,Foglio1,AE4,,Totals,Responses,Q3 2023 (Survey Waves),False,235257
lenovo_gwi_core_tech_brands_crosstab_export_2026-06-09.xlsx,f1eac9e09e90c47fe98e22784303079d9c689d4890ea090235fae6fc9587c1ad,Foglio1,AF4,,Totals,Responses,Q4 2023 (Survey Waves),False,234963
lenovo_gwi_core_tech_brands_crosstab_export_2026-06-09.xlsx,f1eac9e09e90c47fe98e22784303079d9c689d4890ea090235fae6fc9587c1ad,Foglio1,AG4,,Totals,Responses,Q1 2024 (Survey Waves),False,235077
lenovo_gwi_core_tech_brands_crosstab_export_2026-06-09.xlsx,f1eac9e09e90c47fe98e22784303079d9c689d4890ea090235fae6fc9587c1ad,Foglio1,AH4,,Totals,Responses,Q2 2024 (Survey Waves),False,235103
lenovo_gwi_core_tech_brands_crosstab_export_2026-06-09.xlsx,f1eac9e09e90c47fe98e22784303079d9c689d4890ea090235fae6fc9587c1ad,Foglio1,AI4,,Totals,Responses,Q3 2024 (Survey Waves),False,236140
lenovo_gwi_core_tech_brands_crosstab_export_2026-06-09.xlsx,f1eac9e09e90c47fe98e22784303079d9c689d4890ea090235fae6fc9587c1ad,Foglio1,AJ4,,Totals,Responses,Q4 2024 (Survey Waves),False,236119
lenovo_gwi_core_tech_brands_crosstab_export_2026-06-09.xlsx,f1eac9e09e90c47fe98e22784303079d9c689d4890ea090235fae6fc9587c1ad,Foglio1,AK4,,Totals,Responses,Q1 2025 (Survey Waves),False,235793
lenovo_gwi_core_tech_brands_crosstab_export_2026-06-09.xlsx,f1eac9e09e90c47fe98e22784303079d9c689d4890ea090235fae6fc9587c1ad,Foglio1,AL4,,Totals,Responses,Q2 2025 (Survey Waves),False,235926
lenovo_gwi_core_tech_brands_crosstab_export_2026-06-09.xlsx,f1eac9e09e90c47fe98e22784303079d9c689d4890ea090235fae6fc9587c1ad,Foglio1,AM4,,Totals,Responses,Q3 2025 (Survey Waves),False,235912
lenovo_gwi_core_tech_brands_crosstab_export_2026-06-09.xlsx,f1eac9e09e90c47fe98e22784303079d9c689d4890ea090235fae6fc9587c1ad,Foglio1,AN4,,Totals,Responses,Q4 2025 (Survey Waves),False,236059
lenovo_gwi_core_tech_brands_crosstab_export_2026-06-09.xlsx,f1eac9e09e90c47fe98e22784303079d9c689d4890ea090235fae6fc9587c1ad,Foglio1,AO4,,Totals,Responses,Q1 2026 (Survey Waves),False,236031
lenovo_gwi_core_tech_brands_crosstab_export_2026-06-09.xlsx,f1eac9e09e90c47fe98e22784303079d9c689d4890ea090235fae6fc9587c1ad,Foglio1,D5,,Totals,Column %,Totals,True,1
lenovo_gwi_core_tech_brands_crosstab_export_2026-06-09.xlsx,f1eac9e09e90c47fe98e22784303079d9c689d4890ea090235fae6fc9587c1ad,Foglio1,E5,,Totals,Column %,Q1 2017 (Survey Waves),False,1
lenovo_gwi_core_tech_brands_crosstab_export_2026-06-09.xlsx,f1eac9e09e90c47fe98e22784303079d9c689d4890ea090235fae6fc9587c1ad,Foglio1,F5,,Totals,Column %,Q2 2017 (Survey Waves),False,1
lenovo_gwi_core_tech_brands_crosstab_export_2026-06-09.xlsx,f1eac9e09e90c47fe98e22784303079d9c689d4890ea090235fae6fc9587c1ad,Foglio1,G5,,Totals,Column %,Q3 2017 (Survey Waves),False,1
lenovo_gwi_core_tech_brands_crosstab_export_2026-06-09.xlsx,f1eac9e09e90c47fe98e22784303079d9c689d4890ea090235fae6fc9587c1ad,Foglio1,H5,,Totals,Column %,Q4 2017 (Survey Waves),False,1
lenovo_gwi_core_tech_brands_crosstab_export_2026-06-09.xlsx,f1eac9e09e90c47fe98e22784303079d9c689d4890ea090235fae6fc9587c1ad,Foglio1,I5,,Totals,Column %,Q1 2018 (Survey Waves),False,1
lenovo_gwi_core_tech_brands_crosstab_export_2026-06-09.xlsx,f1eac9e09e90c47fe98e22784303079d9c689d4890ea090235fae6fc9587c1ad,Foglio1,J5,,Totals,Column %,Q2 2018 (Survey Waves),False,1
lenovo_gwi_core_tech_brands_crosstab_export_2026-06-09.xlsx,f1eac9e09e90c47fe98e22784303079d9c689d4890ea090235fae6fc9587c1ad,Foglio1,K5,,Totals,Column %,Q3 2018 (Survey Waves),False,1
lenovo_gwi_core_tech_brands_crosstab_export_2026-06-09.xlsx,f1eac9e09e90c47fe98e22784303079d9c689d4890ea090235fae6fc9587c1ad,Foglio1,L5,,Totals,Column %,Q4 2018 (Survey Waves),False,1
lenovo_gwi_core_tech_brands_crosstab_export_2026-06-09.xlsx,f1eac9e09e90c47fe98e22784303079d9c689d4890ea090235fae6fc9587c1ad,Foglio1,M5,,Totals,Column %,Q1 2019 (Survey Waves),False,1
lenovo_gwi_core_tech_brands_crosstab_export_2026-06-09.xlsx,f1eac9e09e90c47fe98e22784303079d9c689d4890ea090235fae6fc9587c1ad,Foglio1,N5,,Totals,Column %,Q2 2019 (Survey Waves),False,1
lenovo_gwi_core_tech_brands_crosstab_export_2026-06-09.xlsx,f1eac9e09e90c47fe98e22784303079d9c689d4890ea090235fae6fc9587c1ad,Foglio1,O5,,Totals,Column %,Q3 2019 (Survey Waves),False,1
lenovo_gwi_core_tech_brands_crosstab_export_2026-06-09.xlsx,f1eac9e09e90c47fe98e22784303079d9c689d4890ea090235fae6fc9587c1ad,Foglio1,P5,,Totals,Column %,Q4 2019 (Survey Waves),False,1
lenovo_gwi_core_tech_brands_crosstab_export_2026-06-09.xlsx,f1eac9e09e90c47fe98e22784303079d9c689d4890ea090235fae6fc9587c1ad,Foglio1,Q5,,Totals,Column %,Q1 2020 (Survey Waves),False,1
lenovo_gwi_core_tech_brands_crosstab_export_2026-06-09.xlsx,f1eac9e09e90c47fe98e22784303079d9c689d4890ea090235fae6fc9587c1ad,Foglio1,R5,,Totals,Column %,Q2 2020 (Survey Waves),False,1
lenovo_gwi_core_tech_brands_crosstab_export_2026-06-09.xlsx,f1eac9e09e90c47fe98e22784303079d9c689d4890ea090235fae6fc9587c1ad,Foglio1,S5,,Totals,Column %,Q3 2020 (Survey Waves),False,1
lenovo_gwi_core_tech_brands_crosstab_export_2026-06-09.xlsx,f1eac9e09e90c47fe98e22784303079d9c689d4890ea090235fae6fc9587c1ad,Foglio1,T5,,Totals,Column %,Q4 2020 (Survey Waves),False,1
lenovo_gwi_core_tech_brands_crosstab_export_2026-06-09.xlsx,f1eac9e09e90c47fe98e22784303079d9c689d4890ea090235fae6fc9587c1ad,Foglio1,U5,,Totals,Column %,Q1 2021 (Survey Waves),False,1
lenovo_gwi_core_tech_brands_crosstab_export_2026-06-09.xlsx,f1eac9e09e90c47fe98e22784303079d9c689d4890ea090235fae6fc9587c1ad,Foglio1,V5,,Totals,Column %,Q2 2021 (Survey Waves),False,1
lenovo_gwi_core_tech_brands_crosstab_export_2026-06-09.xlsx,f1eac9e09e90c47fe98e22784303079d9c689d4890ea090235fae6fc9587c1ad,Foglio1,W5,,Totals,Column %,Q3 2021 (Survey Waves),False,1
lenovo_gwi_core_tech_brands_crosstab_export_2026-06-09.xlsx,f1eac9e09e90c47fe98e22784303079d9c689d4890ea090235fae6fc9587c1ad,Foglio1,X5,,Totals,Column %,Q4 2021 (Survey Waves),False,1
lenovo_gwi_core_tech_brands_crosstab_export_2026-06-09.xlsx,f1eac9e09e90c47fe98e22784303079d9c689d4890ea090235fae6fc9587c1ad,Foglio1,Y5,,Totals,Column %,Q1 2022 (Survey Waves),False,1
lenovo_gwi_core_tech_brands_crosstab_export_2026-06-09.xlsx,f1eac9e09e90c47fe98e22784303079d9c689d4890ea090235fae6fc9587c1ad,Foglio1,Z5,,Totals,Column %,Q2 2022 (Survey Waves),False,1
lenovo_gwi_core_tech_brands_crosstab_export_2026-06-09.xlsx,f1eac9e09e90c47fe98e22784303079d9c689d4890ea090235fae6fc9587c1ad,Foglio1,AA5,,Totals,Column %,Q3 2022 (Survey Waves),False,1
lenovo_gwi_core_tech_brands_crosstab_export_2026-06-09.xlsx,f1eac9e09e90c47fe98e22784303079d9c689d4890ea090235fae6fc9587c1ad,Foglio1,AB5,,Totals,Column %,Q4 2022 (Survey Waves),False,1
lenovo_gwi_core_tech_brands_crosstab_export_2026-06-09.xlsx,f1eac9e09e90c47fe98e22784303079d9c689d4890ea090235fae6fc9587c1ad,Foglio1,AC5,,Totals,Column %,Q1 2023 (Survey Waves),False,1
lenovo_gwi_core_tech_brands_crosstab_export_2026-06-09.xlsx,f1eac9e09e90c47fe98e22784303079d9c689d4890ea090235fae6fc9587c1ad,Foglio1,AD5,,Totals,Column %,Q2 2023 (Survey Waves),False,1
lenovo_gwi_core_tech_brands_crosstab_export_2026-06-09.xlsx,f1eac9e09e90c47fe98e22784303079d9c689d4890ea090235fae6fc9587c1ad,Foglio1,AE5,,Totals,Column %,Q3 2023 (Survey Waves),False,1
lenovo_gwi_core_tech_brands_crosstab_export_2026-06-09.xlsx,f1eac9e09e90c47fe98e22784303079d9c689d4890ea090235fae6fc9587c1ad,Foglio1,AF5,,Totals,Column %,Q4 2023 (Survey Waves),False,1
lenovo_gwi_core_tech_brands_crosstab_export_2026-06-09.xlsx,f1eac9e09e90c47fe98e22784303079d9c689d4890ea090235fae6fc9587c1ad,Foglio1,AG5,,Totals,Column %,Q1 2024 (Survey Waves),False,1
lenovo_gwi_core_tech_brands_crosstab_export_2026-06-09.xlsx,f1eac9e09e90c47fe98e22784303079d9c689d4890ea090235fae6fc9587c1ad,Foglio1,AH5,,Totals,Column %,Q2 2024 (Survey Waves),False,1
lenovo_gwi_core_tech_brands_crosstab_export_2026-06-09.xlsx,f1eac9e09e90c47fe98e22784303079d9c689d4890ea090235fae6fc9587c1ad,Foglio1,AI5,,Totals,Column %,Q3 2024 (Survey Waves),False,1
lenovo_gwi_core_tech_brands_crosstab_export_2026-06-09.xlsx,f1eac9e09e90c47fe98e22784303079d9c689d4890ea090235fae6fc9587c1ad,Foglio1,AJ5,,Totals,Column %,Q4 2024 (Survey Waves),False,1
lenovo_gwi_core_tech_brands_crosstab_export_2026-06-09.xlsx,f1eac9e09e90c47fe98e22784303079d9c689d4890ea090235fae6fc9587c1ad,Foglio1,AK5,,Totals,Column %,Q1 2025 (Survey Waves),False,1
lenovo_gwi_core_tech_brands_crosstab_export_2026-06-09.xlsx,f1eac9e09e90c47fe98e22784303079d9c689d4890ea090235fae6fc9587c1ad,Foglio1,AL5,,Totals,Column %,Q2 2025 (Survey Waves),False,1
lenovo_gwi_core_tech_brands_crosstab_export_2026-06-09.xlsx,f1eac9e09e90c47fe98e22784303079d9c689d4890ea090235fae6fc9587c1ad,Foglio1,AM5,,Totals,Column %,Q3 2025 (Survey Waves),False,1
lenovo_gwi_core_tech_brands_crosstab_export_2026-06-09.xlsx,f1eac9e09e90c47fe98e22784303079d9c689d4890ea090235fae6fc9587c1ad,Foglio1,AN5,,Totals,Column %,Q4 2025 (Survey Waves),False,1
lenovo_gwi_core_tech_brands_crosstab_export_2026-06-09.xlsx,f1eac9e09e90c47fe98e22784303079d9c689d4890ea090235fae6fc9587c1ad,Foglio1,AO5,,Totals,Column %,Q1 2026 (Survey Waves),False,1
lenovo_gwi_core_tech_brands_crosstab_export_2026-06-09.xlsx,f1eac9e09e90c47fe98e22784303079d9c689d4890ea090235fae6fc9587c1ad,Foglio1,D6,,Totals,Row %,Totals,True,1
lenovo_gwi_core_tech_brands_crosstab_export_2026-06-09.xlsx,f1eac9e09e90c47fe98e22784303079d9c689d4890ea090235fae6fc9587c1ad,Foglio1,E6,,Totals,Row %,Q1 2017 (Survey Waves),False,1
lenovo_gwi_core_tech_brands_crosstab_export_2026-06-09.xlsx,f1eac9e09e90c47fe98e22784303079d9c689d4890ea090235fae6fc9587c1ad,Foglio1,F6,,Totals,Row %,Q2 2017 (Survey Waves),False,1
lenovo_gwi_core_tech_brands_crosstab_export_2026-06-09.xlsx,f1eac9e09e90c47fe98e22784303079d9c689d4890ea090235fae6fc9587c1ad,Foglio1,G6,,Totals,Row %,Q3 2017 (Survey Waves),False,1
lenovo_gwi_core_tech_brands_crosstab_export_2026-06-09.xlsx,f1eac9e09e90c47fe98e22784303079d9c689d4890ea090235fae6fc9587c1ad,Foglio1,H6,,Totals,Row %,Q4 2017 (Survey Waves),False,1
lenovo_gwi_core_tech_brands_crosstab_export_2026-06-09.xlsx,f1eac9e09e90c47fe98e22784303079d9c689d4890ea090235fae6fc9587c1ad,Foglio1,I6,,Totals,Row %,Q1 2018 (Survey Waves),False,1
lenovo_gwi_core_tech_brands_crosstab_export_2026-06-09.xlsx,f1eac9e09e90c47fe98e22784303079d9c689d4890ea090235fae6fc9587c1ad,Foglio1,J6,,Totals,Row %,Q2 2018 (Survey Waves),False,1
lenovo_gwi_core_tech_brands_crosstab_export_2026-06-09.xlsx,f1eac9e09e90c47fe98e22784303079d9c689d4890ea090235fae6fc9587c1ad,Foglio1,K6,,Totals,Row %,Q3 2018 (Survey Waves),False,1
lenovo_gwi_core_tech_brands_crosstab_export_2026-06-09.xlsx,f1eac9e09e90c47fe98e22784303079d9c689d4890ea090235fae6fc9587c1ad,Foglio1,L6,,Totals,Row %,Q4 2018 (Survey Waves),False,1
lenovo_gwi_core_tech_brands_crosstab_export_2026-06-09.xlsx,f1eac9e09e90c47fe98e22784303079d9c689d4890ea090235fae6fc9587c1ad,Foglio1,M6,,Totals,Row %,Q1 2019 (Survey Waves),False,1
lenovo_gwi_core_tech_brands_crosstab_export_2026-06-09.xlsx,f1eac9e09e90c47fe98e22784303079d9c689d4890ea090235fae6fc9587c1ad,Foglio1,N6,,Totals,Row %,Q2 2019 (Survey Waves),False,1
lenovo_gwi_core_tech_brands_crosstab_export_2026-06-09.xlsx,f1eac9e09e90c47fe98e22784303079d9c689d4890ea090235fae6fc9587c1ad,Foglio1,O6,,Totals,Row %,Q3 2019 (Survey Waves),False,1
lenovo_gwi_core_tech_brands_crosstab_export_2026-06-09.xlsx,f1eac9e09e90c47fe98e22784303079d9c689d4890ea090235fae6fc9587c1ad,Foglio1,P6,,Totals,Row %,Q4 2019 (Survey Waves),False,1
lenovo_gwi_core_tech_brands_crosstab_export_2026-06-09.xlsx,f1eac9e09e90c47fe98e22784303079d9c689d4890ea090235fae6fc9587c1ad,Foglio1,Q6,,Totals,Row %,Q1 2020 (Survey Waves),False,1
lenovo_gwi_core_tech_brands_crosstab_export_2026-06-09.xlsx,f1eac9e09e90c47fe98e22784303079d9c689d4890ea090235fae6fc9587c1ad,Foglio1,R6,,Totals,Row %,Q2 2020 (Survey Waves),False,1
lenovo_gwi_core_tech_brands_crosstab_export_2026-06-09.xlsx,f1eac9e09e90c47fe98e22784303079d9c689d4890ea090235fae6fc9587c1ad,Foglio1,S6,,Totals,Row %,Q3 2020 (Survey Waves),False,1
lenovo_gwi_core_tech_brands_crosstab_export_2026-06-09.xlsx,f1eac9e09e90c47fe98e22784303079d9c689d4890ea090235fae6fc9587c1ad,Foglio1,T6,,Totals,Row %,Q4 2020 (Survey Waves),False,1
lenovo_gwi_core_tech_brands_crosstab_export_2026-06-09.xlsx,f1eac9e09e90c47fe98e22784303079d9c689d4890ea090235fae6fc9587c1ad,Foglio1,U6,,Totals,Row %,Q1 2021 (Survey Waves),False,1
lenovo_gwi_core_tech_brands_crosstab_export_2026-06-09.xlsx,f1eac9e09e90c47fe98e22784303079d9c689d4890ea090235fae6fc9587c1ad,Foglio1,V6,,Totals,Row %,Q2 2021 (Survey Waves),False,1
lenovo_gwi_core_tech_brands_crosstab_export_2026-06-09.xlsx,f1eac9e09e90c47fe98e22784303079d9c689d4890ea090235fae6fc9587c1ad,Foglio1,W6,,Totals,Row %,Q3 2021 (Survey Waves),False,1
lenovo_gwi_core_tech_brands_crosstab_export_2026-06-09.xlsx,f1eac9e09e90c47fe98e22784303079d9c689d4890ea090235fae6fc9587c1ad,Foglio1,X6,,Totals,Row %,Q4 2021 (Survey Waves),False,1
lenovo_gwi_core_tech_brands_crosstab_export_2026-06-09.xlsx,f1eac9e09e90c47fe98e22784303079d9c689d4890ea090235fae6fc9587c1ad,Foglio1,Y6,,Totals,Row %,Q1 2022 (Survey Waves),False,1
lenovo_gwi_core_tech_brands_crosstab_export_2026-06-09.xlsx,f1eac9e09e90c47fe98e22784303079d9c689d4890ea090235fae6fc9587c1ad,Foglio1,Z6,,Totals,Row %,Q2 2022 (Survey Waves),False,1
lenovo_gwi_core_tech_brands_crosstab_export_2026-06-09.xlsx,f1eac9e09e90c47fe98e22784303079d9c689d4890ea090235fae6fc9587c1ad,Foglio1,AA6,,Totals,Row %,Q3 2022 (Survey Waves),False,1
lenovo_gwi_core_tech_brands_crosstab_export_2026-06-09.xlsx,f1eac9e09e90c47fe98e22784303079d9c689d4890ea090235fae6fc9587c1ad,Foglio1,AB6,,Totals,Row %,Q4 2022 (Survey Waves),False,1
lenovo_gwi_core_tech_brands_crosstab_export_2026-06-09.xlsx,f1eac9e09e90c47fe98e22784303079d9c689d4890ea090235fae6fc9587c1ad,Foglio1,AC6,,Totals,Row %,Q1 2023 (Survey Waves),False,1
lenovo_gwi_core_tech_brands_crosstab_export_2026-06-09.xlsx,f1eac9e09e90c47fe98e22784303079d9c689d4890ea090235fae6fc9587c1ad,Foglio1,AD6,,Totals,Row %,Q2 2023 (Survey Waves),False,1
lenovo_gwi_core_tech_brands_crosstab_export_2026-06-09.xlsx,f1eac9e09e90c47fe98e22784303079d9c689d4890ea090235fae6fc9587c1ad,Foglio1,AE6,,Totals,Row %,Q3 2023 (Survey Waves),False,1
lenovo_gwi_core_tech_brands_crosstab_export_2026-06-09.xlsx,f1eac9e09e90c47fe98e22784303079d9c689d4890ea090235fae6fc9587c1ad,Foglio1,AF6,,Totals,Row %,Q4 2023 (Survey Waves),False,1
lenovo_gwi_core_tech_brands_crosstab_export_2026-06-09.xlsx,f1eac9e09e90c47fe98e22784303079d9c689d4890ea090235fae6fc9587c1ad,Foglio1,AG6,,Totals,Row %,Q1 2024 (Survey Waves),False,1
lenovo_gwi_core_tech_brands_crosstab_export_2026-06-09.xlsx,f1eac9e09e90c47fe98e22784303079d9c689d4890ea090235fae6fc9587c1ad,Foglio1,AH6,,Totals,Row %,Q2 2024 (Survey Waves),False,1
lenovo_gwi_core_tech_brands_crosstab_export_2026-06-09.xlsx,f1eac9e09e90c47fe98e22784303079d9c689d4890ea090235fae6fc9587c1ad,Foglio1,AI6,,Totals,Row %,Q3 2024 (Survey Waves),False,1
lenovo_gwi_core_tech_brands_crosstab_export_2026-06-09.xlsx,f1eac9e09e90c47fe98e22784303079d9c689d4890ea090235fae6fc9587c1ad,Foglio1,AJ6,,Totals,Row %,Q4 2024 (Survey Waves),False,1
lenovo_gwi_core_tech_brands_crosstab_export_2026-06-09.xlsx,f1eac9e09e90c47fe98e22784303079d9c689d4890ea090235fae6fc9587c1ad,Foglio1,AK6,,Totals,Row %,Q1 2025 (Survey Waves),False,1
lenovo_gwi_core_tech_brands_crosstab_export_2026-06-09.xlsx,f1eac9e09e90c47fe98e22784303079d9c689d4890ea090235fae6fc9587c1ad,Foglio1,AL6,,Totals,Row %,Q2 2025 (Survey Waves),False,1
lenovo_gwi_core_tech_brands_crosstab_export_2026-06-09.xlsx,f1eac9e09e90c47fe98e22784303079d9c689d4890ea090235fae6fc9587c1ad,Foglio1,AM6,,Totals,Row %,Q3 2025 (Survey Waves),False,1
lenovo_gwi_core_tech_brands_crosstab_export_2026-06-09.xlsx,f1eac9e09e90c47fe98e22784303079d9c689d4890ea090235fae6fc9587c1ad,Foglio1,AN6,,Totals,Row %,Q4 2025 (Survey Waves),False,1
lenovo_gwi_core_tech_brands_crosstab_export_2026-06-09.xlsx,f1eac9e09e90c47fe98e22784303079d9c689d4890ea090235fae6fc9587c1ad,Foglio1,AO6,,Totals,Row %,Q1 2026 (Survey Waves),False,1
lenovo_gwi_core_tech_brands_crosstab_export_2026-06-09.xlsx,f1eac9e09e90c47fe98e22784303079d9c689d4890ea090235fae6fc9587c1ad,Foglio1,D7,,Totals,Index,Totals,True,100
lenovo_gwi_core_tech_brands_crosstab_export_2026-06-09.xlsx,f1eac9e09e90c47fe98e22784303079d9c689d4890ea090235fae6fc9587c1ad,Foglio1,E7,,Totals,Index,Q1 2017 (Survey Waves),False,100
lenovo_gwi_core_tech_brands_crosstab_export_2026-06-09.xlsx,f1eac9e09e90c47fe98e22784303079d9c689d4890ea090235fae6fc9587c1ad,Foglio1,F7,,Totals,Index,Q2 2017 (Survey Waves),False,100
lenovo_gwi_core_tech_brands_crosstab_export_2026-06-09.xlsx,f1eac9e09e90c47fe98e22784303079d9c689d4890ea090235fae6fc9587c1ad,Foglio1,G7,,Totals,Index,Q3 2017 (Survey Waves),False,100
lenovo_gwi_core_tech_brands_crosstab_export_2026-06-09.xlsx,f1eac9e09e90c47fe98e22784303079d9c689d4890ea090235fae6fc9587c1ad,Foglio1,H7,,Totals,Index,Q4 2017 (Survey Waves),False,100
lenovo_gwi_core_tech_brands_crosstab_export_2026-06-09.xlsx,f1eac9e09e90c47fe98e22784303079d9c689d4890ea090235fae6fc9587c1ad,Foglio1,I7,,Totals,Index,Q1 2018 (Survey Waves),False,100
lenovo_gwi_core_tech_brands_crosstab_export_2026-06-09.xlsx,f1eac9e09e90c47fe98e22784303079d9c689d4890ea090235fae6fc9587c1ad,Foglio1,J7,,Totals,Index,Q2 2018 (Survey Waves),False,100
lenovo_gwi_core_tech_brands_crosstab_export_2026-06-09.xlsx,f1eac9e09e90c47fe98e22784303079d9c689d4890ea090235fae6fc9587c1ad,Foglio1,K7,,Totals,Index,Q3 2018 (Survey Waves),False,100
lenovo_gwi_core_tech_brands_crosstab_export_2026-06-09.xlsx,f1eac9e09e90c47fe98e22784303079d9c689d4890ea090235fae6fc9587c1ad,Foglio1,L7,,Totals,Index,Q4 2018 (Survey Waves),False,100
lenovo_gwi_core_tech_brands_crosstab_export_2026-06-09.xlsx,f1eac9e09e90c47fe98e22784303079d9c689d4890ea090235fae6fc9587c1ad,Foglio1,M7,,Totals,Index,Q1 2019 (Survey Waves),False,100
lenovo_gwi_core_tech_brands_crosstab_export_2026-06-09.xlsx,f1eac9e09e90c47fe98e22784303079d9c689d4890ea090235fae6fc9587c1ad,Foglio1,N7,,Totals,Index,Q2 2019 (Survey Waves),False,100
lenovo_gwi_core_tech_brands_crosstab_export_2026-06-09.xlsx,f1eac9e09e90c47fe98e22784303079d9c689d4890ea090235fae6fc9587c1ad,Foglio1,O7,,Totals,Index,Q3 2019 (Survey Waves),False,100
lenovo_gwi_core_tech_brands_crosstab_export_2026-06-09.xlsx,f1eac9e09e90c47fe98e22784303079d9c689d4890ea090235fae6fc9587c1ad,Foglio1,P7,,Totals,Index,Q4 2019 (Survey Waves),False,100
lenovo_gwi_core_tech_brands_crosstab_export_2026-06-09.xlsx,f1eac9e09e90c47fe98e22784303079d9c689d4890ea090235fae6fc9587c1ad,Foglio1,Q7,,Totals,Index,Q1 2020 (Survey Waves),False,100
lenovo_gwi_core_tech_brands_crosstab_export_2026-06-09.xlsx,f1eac9e09e90c47fe98e22784303079d9c689d4890ea090235fae6fc9587c1ad,Foglio1,R7,,Totals,Index,Q2 2020 (Survey Waves),False,100
lenovo_gwi_core_tech_brands_crosstab_export_2026-06-09.xlsx,f1eac9e09e90c47fe98e22784303079d9c689d4890ea090235fae6fc9587c1ad,Foglio1,S7,,Totals,Index,Q3 2020 (Survey Waves),False,100
lenovo_gwi_core_tech_brands_crosstab_export_2026-06-09.xlsx,f1eac9e09e90c47fe98e22784303079d9c689d4890ea090235fae6fc9587c1ad,Foglio1,T7,,Totals,Index,Q4 2020 (Survey Waves),False,100
lenovo_gwi_core_tech_brands_crosstab_export_2026-06-09.xlsx,f1eac9e09e90c47fe98e22784303079d9c689d4890ea090235fae6fc9587c1ad,Foglio1,U7,,Totals,Index,Q1 2021 (Survey Waves),False,100
lenovo_gwi_core_tech_brands_crosstab_export_2026-06-09.xlsx,f1eac9e09e90c47fe98e22784303079d9c689d4890ea090235fae6fc9587c1ad,Foglio1,V7,,Totals,Index,Q2 2021 (Survey Waves),False,100
lenovo_gwi_core_tech_brands_crosstab_export_2026-06-09.xlsx,f1eac9e09e90c47fe98e22784303079d9c689d4890ea090235fae6fc9587c1ad,Foglio1,W7,,Totals,Index,Q3 2021 (Survey Waves),False,100
lenovo_gwi_core_tech_brands_crosstab_export_2026-06-09.xlsx,f1eac9e09e90c47fe98e22784303079d9c689d4890ea090235fae6fc9587c1ad,Foglio1,X7,,Totals,Index,Q4 2021 (Survey Waves),False,100
lenovo_gwi_core_tech_brands_crosstab_export_2026-06-09.xlsx,f1eac9e09e90c47fe98e22784303079d9c689d4890ea090235fae6fc9587c1ad,Foglio1,Y7,,Totals,Index,Q1 2022 (Survey Waves),False,100
lenovo_gwi_core_tech_brands_crosstab_export_2026-06-09.xlsx,f1eac9e09e90c47fe98e22784303079d9c689d4890ea090235fae6fc9587c1ad,Foglio1,Z7,,Totals,Index,Q2 2022 (Survey Waves),False,100
lenovo_gwi_core_tech_brands_crosstab_export_2026-06-09.xlsx,f1eac9e09e90c47fe98e22784303079d9c689d4890ea090235fae6fc9587c1ad,Foglio1,AA7,,Totals,Index,Q3 2022 (Survey Waves),False,100
lenovo_gwi_core_tech_brands_crosstab_export_2026-06-09.xlsx,f1eac9e09e90c47fe98e22784303079d9c689d4890ea090235fae6fc9587c1ad,Foglio1,AB7,,Totals,Index,Q4 2022 (Survey Waves),False,100
lenovo_gwi_core_tech_brands_crosstab_export_2026-06-09.xlsx,f1eac9e09e90c47fe98e22784303079d9c689d4890ea090235fae6fc9587c1ad,Foglio1,AC7,,Totals,Index,Q1 2023 (Survey Waves),False,100
lenovo_gwi_core_tech_brands_crosstab_export_2026-06-09.xlsx,f1eac9e09e90c47fe98e22784303079d9c689d4890ea090235fae6fc9587c1ad,Foglio1,AD7,,Totals,Index,Q2 2023 (Survey Waves),False,100
lenovo_gwi_core_tech_brands_crosstab_export_2026-06-09.xlsx,f1eac9e09e90c47fe98e22784303079d9c689d4890ea090235fae6fc9587c1ad,Foglio1,AE7,,Totals,Index,Q3 2023 (Survey Waves),False,100
lenovo_gwi_core_tech_brands_crosstab_export_2026-06-09.xlsx,f1eac9e09e90c47fe98e22784303079d9c689d4890ea090235fae6fc9587c1ad,Foglio1,AF7,,Totals,Index,Q4 2023 (Survey Waves),False,100
lenovo_gwi_core_tech_brands_crosstab_export_2026-06-09.xlsx,f1eac9e09e90c47fe98e22784303079d9c689d4890ea090235fae6fc9587c1ad,Foglio1,AG7,,Totals,Index,Q1 2024 (Survey Waves),False,100
lenovo_gwi_core_tech_brands_crosstab_export_2026-06-09.xlsx,f1eac9e09e90c47fe98e22784303079d9c689d4890ea090235fae6fc9587c1ad,Foglio1,AH7,,Totals,Index,Q2 2024 (Survey Waves),False,100
lenovo_gwi_core_tech_brands_crosstab_export_2026-06-09.xlsx,f1eac9e09e90c47fe98e22784303079d9c689d4890ea090235fae6fc9587c1ad,Foglio1,AI7,,Totals,Index,Q3 2024 (Survey Waves),False,100
lenovo_gwi_core_tech_brands_crosstab_export_2026-06-09.xlsx,f1eac9e09e90c47fe98e22784303079d9c689d4890ea090235fae6fc9587c1ad,Foglio1,AJ7,,Totals,Index,Q4 2024 (Survey Waves),False,100
lenovo_gwi_core_tech_brands_crosstab_export_2026-06-09.xlsx,f1eac9e09e90c47fe98e22784303079d9c689d4890ea090235fae6fc9587c1ad,Foglio1,AK7,,Totals,Index,Q1 2025 (Survey Waves),False,100
lenovo_gwi_core_tech_brands_crosstab_export_2026-06-09.xlsx,f1eac9e09e90c47fe98e22784303079d9c689d4890ea090235fae6fc9587c1ad,Foglio1,AL7,,Totals,Index,Q2 2025 (Survey Waves),False,100
lenovo_gwi_core_tech_brands_crosstab_export_2026-06-09.xlsx,f1eac9e09e90c47fe98e22784303079d9c689d4890ea090235fae6fc9587c1ad,Foglio1,AM7,,Totals,Index,Q3 2025 (Survey Waves),False,100
lenovo_gwi_core_tech_brands_crosstab_export_2026-06-09.xlsx,f1eac9e09e90c47fe98e22784303079d9c689d4890ea090235fae6fc9587c1ad,Foglio1,AN7,,Totals,Index,Q4 2025 (Survey Waves),False,100
lenovo_gwi_core_tech_brands_crosstab_export_2026-06-09.xlsx,f1eac9e09e90c47fe98e22784303079d9c689d4890ea090235fae6fc9587c1ad,Foglio1,AO7,,Totals,Index,Q1 2026 (Survey Waves),False,100
lenovo_gwi_core_tech_brands_crosstab_export_2026-06-09.xlsx,f1eac9e09e90c47fe98e22784303079d9c689d4890ea090235fae6fc9587c1ad,Foglio1,D8,Tech Brands: Engagement*,Lenovo (Tech Brands: Engagement*),Universe,Totals,True,479031025
lenovo_gwi_core_tech_brands_crosstab_export_2026-06-09.xlsx,f1eac9e09e90c47fe98e22784303079d9c689d4890ea090235fae6fc9587c1ad,Foglio1,E8,Tech Brands: Engagement*,Lenovo (Tech Brands: Engagement*),Universe,Q1 2017 (Survey Waves),False,583391876
lenovo_gwi_core_tech_brands_crosstab_export_2026-06-09.xlsx,f1eac9e09e90c47fe98e22784303079d9c689d4890ea090235fae6fc9587c1ad,Foglio1,F8,Tech Brands: Engagement*,Lenovo (Tech Brands: Engagement*),Universe,Q2 2017 (Survey Waves),False,571241422
lenovo_gwi_core_tech_brands_crosstab_export_2026-06-09.xlsx,f1eac9e09e90c47fe98e22784303079d9c689d4890ea090235fae6fc9587c1ad,Foglio1,G8,Tech Brands: Engagement*,Lenovo (Tech Brands: Engagement*),Universe,Q3 2017 (Survey Waves),False,589546175
lenovo_gwi_core_tech_brands_crosstab_export_2026-06-09.xlsx,f1eac9e09e90c47fe98e22784303079d9c689d4890ea090235fae6fc9587c1ad,Foglio1,H8,Tech Brands: Engagement*,Lenovo (Tech Brands: Engagement*),Universe,Q4 2017 (Survey Waves),False,598035351
lenovo_gwi_core_tech_brands_crosstab_export_2026-06-09.xlsx,f1eac9e09e90c47fe98e22784303079d9c689d4890ea090235fae6fc9587c1ad,Foglio1,I8,Tech Brands: Engagement*,Lenovo (Tech Brands: Engagement*),Universe,Q1 2018 (Survey Waves),False,564572014
lenovo_gwi_core_tech_brands_crosstab_export_2026-06-09.xlsx,f1eac9e09e90c47fe98e22784303079d9c689d4890ea090235fae6fc9587c1ad,Foglio1,J8,Tech Brands: Engagement*,Lenovo (Tech Brands: Engagement*),Universe,Q2 2018 (Survey Waves),False,558482836
lenovo_gwi_core_tech_brands_crosstab_export_2026-06-09.xlsx,f1eac9e09e90c47fe98e22784303079d9c689d4890ea090235fae6fc9587c1ad,Foglio1,K8,Tech Brands: Engagement*,Lenovo (Tech Brands: Engagement*),Universe,Q3 2018 (Survey Waves),False,552798383
lenovo_gwi_core_tech_brands_crosstab_export_2026-06-09.xlsx,f1eac9e09e90c47fe98e22784303079d9c689d4890ea090235fae6fc9587c1ad,Foglio1,L8,Tech Brands: Engagement*,Lenovo (Tech Brands: Engagement*),Universe,Q4 2018 (Survey Waves),False,543827838
lenovo_gwi_core_tech_brands_crosstab_export_2026-06-09.xlsx,f1eac9e09e90c47fe98e22784303079d9c689d4890ea090235fae6fc9587c1ad,Foglio1,M8,Tech Brands: Engagement*,Lenovo (Tech Brands: Engagement*),Universe,Q1 2019 (Survey Waves),False,508116719
lenovo_gwi_core_tech_brands_crosstab_export_2026-06-09.xlsx,f1eac9e09e90c47fe98e22784303079d9c689d4890ea090235fae6fc9587c1ad,Foglio1,N8,Tech Brands: Engagement*,Lenovo (Tech Brands: Engagement*),Universe,Q2 2019 (Survey Waves),False,505039636
lenovo_gwi_core_tech_brands_crosstab_export_2026-06-09.xlsx,f1eac9e09e90c47fe98e22784303079d9c689d4890ea090235fae6fc9587c1ad,Foglio1,O8,Tech Brands: Engagement*,Lenovo (Tech Brands: Engagement*),Universe,Q3 2019 (Survey Waves),False,482750829
lenovo_gwi_core_tech_brands_crosstab_export_2026-06-09.xlsx,f1eac9e09e90c47fe98e22784303079d9c689d4890ea090235fae6fc9587c1ad,Foglio1,P8,Tech Brands: Engagement*,Lenovo (Tech Brands: Engagement*),Universe,Q4 2019 (Survey Waves),False,479959432
lenovo_gwi_core_tech_brands_crosstab_export_2026-06-09.xlsx,f1eac9e09e90c47fe98e22784303079d9c689d4890ea090235fae6fc9587c1ad,Foglio1,Q8,Tech Brands: Engagement*,Lenovo (Tech Brands: Engagement*),Universe,Q1 2020 (Survey Waves),False,485077163
lenovo_gwi_core_tech_brands_crosstab_export_2026-06-09.xlsx,f1eac9e09e90c47fe98e22784303079d9c689d4890ea090235fae6fc9587c1ad,Foglio1,R8,Tech Brands: Engagement*,Lenovo (Tech Brands: Engagement*),Universe,Q2 2020 (Survey Waves),False,468170587
lenovo_gwi_core_tech_brands_crosstab_export_2026-06-09.xlsx,f1eac9e09e90c47fe98e22784303079d9c689d4890ea090235fae6fc9587c1ad,Foglio1,S8,Tech Brands: Engagement*,Lenovo (Tech Brands: Engagement*),Universe,Q3 2020 (Survey Waves),False,486795361
lenovo_gwi_core_tech_brands_crosstab_export_2026-06-09.xlsx,f1eac9e09e90c47fe98e22784303079d9c689d4890ea090235fae6fc9587c1ad,Foglio1,T8,Tech Brands: Engagement*,Lenovo (Tech Brands: Engagement*),Universe,Q4 2020 (Survey Waves),False,483012794
lenovo_gwi_core_tech_brands_crosstab_export_2026-06-09.xlsx,f1eac9e09e90c47fe98e22784303079d9c689d4890ea090235fae6fc9587c1ad,Foglio1,U8,Tech Brands: Engagement*,Lenovo (Tech Brands: Engagement*),Universe,Q1 2021 (Survey Waves),False,453955437
lenovo_gwi_core_tech_brands_crosstab_export_2026-06-09.xlsx,f1eac9e09e90c47fe98e22784303079d9c689d4890ea090235fae6fc9587c1ad,Foglio1,V8,Tech Brands: Engagement*,Lenovo (Tech Brands: Engagement*),Universe,Q2 2021 (Survey Waves),False,456018740
lenovo_gwi_core_tech_brands_crosstab_export_2026-06-09.xlsx,f1eac9e09e90c47fe98e22784303079d9c689d4890ea090235fae6fc9587c1ad,Foglio1,W8,Tech Brands: Engagement*,Lenovo (Tech Brands: Engagement*),Universe,Q3 2021 (Survey Waves),False,421675032
lenovo_gwi_core_tech_brands_crosstab_export_2026-06-09.xlsx,f1eac9e09e90c47fe98e22784303079d9c689d4890ea090235fae6fc9587c1ad,Foglio1,X8,Tech Brands: Engagement*,Lenovo (Tech Brands: Engagement*),Universe,Q4 2021 (Survey Waves),False,417561816
lenovo_gwi_core_tech_brands_crosstab_export_2026-06-09.xlsx,f1eac9e09e90c47fe98e22784303079d9c689d4890ea090235fae6fc9587c1ad,Foglio1,Y8,Tech Brands: Engagement*,Lenovo (Tech Brands: Engagement*),Universe,Q1 2022 (Survey Waves),False,409927654
lenovo_gwi_core_tech_brands_crosstab_export_2026-06-09.xlsx,f1eac9e09e90c47fe98e22784303079d9c689d4890ea090235fae6fc9587c1ad,Foglio1,Z8,Tech Brands: Engagement*,Lenovo (Tech Brands: Engagement*),Universe,Q2 2022 (Survey Waves),False,405782554
lenovo_gwi_core_tech_brands_crosstab_export_2026-06-09.xlsx,f1eac9e09e90c47fe98e22784303079d9c689d4890ea090235fae6fc9587c1ad,Foglio1,AA8,Tech Brands: Engagement*,Lenovo (Tech Brands: Engagement*),Universe,Q3 2022 (Survey Waves),False,425809516
lenovo_gwi_core_tech_brands_crosstab_export_2026-06-09.xlsx,f1eac9e09e90c47fe98e22784303079d9c689d4890ea090235fae6fc9587c1ad,Foglio1,AB8,Tech Brands: Engagement*,Lenovo (Tech Brands: Engagement*),Universe,Q4 2022 (Survey Waves),False,385124453
lenovo_gwi_core_tech_brands_crosstab_export_2026-06-09.xlsx,f1eac9e09e90c47fe98e22784303079d9c689d4890ea090235fae6fc9587c1ad,Foglio1,AC8,Tech Brands: Engagement*,Lenovo (Tech Brands: Engagement*),Universe,Q1 2023 (Survey Waves),False,388850754
lenovo_gwi_core_tech_brands_crosstab_export_2026-06-09.xlsx,f1eac9e09e90c47fe98e22784303079d9c689d4890ea090235fae6fc9587c1ad,Foglio1,AD8,Tech Brands: Engagement*,Lenovo (Tech Brands: Engagement*),Universe,Q2 2023 (Survey Waves),False,394379155
lenovo_gwi_core_tech_brands_crosstab_export_2026-06-09.xlsx,f1eac9e09e90c47fe98e22784303079d9c689d4890ea090235fae6fc9587c1ad,Foglio1,AE8,Tech Brands: Engagement*,Lenovo (Tech Brands: Engagement*),Universe,Q3 2023 (Survey Waves),False,401577769
lenovo_gwi_core_tech_brands_crosstab_export_2026-06-09.xlsx,f1eac9e09e90c47fe98e22784303079d9c689d4890ea090235fae6fc9587c1ad,Foglio1,AF8,Tech Brands: Engagement*,Lenovo (Tech Brands: Engagement*),Universe,Q4 2023 (Survey Waves),False,424146813
lenovo_gwi_core_tech_brands_crosstab_export_2026-06-09.xlsx,f1eac9e09e90c47fe98e22784303079d9c689d4890ea090235fae6fc9587c1ad,Foglio1,AG8,Tech Brands: Engagement*,Lenovo (Tech Brands: Engagement*),Universe,Q1 2024 (Survey Waves),False,430131632
lenovo_gwi_core_tech_brands_crosstab_export_2026-06-09.xlsx,f1eac9e09e90c47fe98e22784303079d9c689d4890ea090235fae6fc9587c1ad,Foglio1,AH8,Tech Brands: Engagement*,Lenovo (Tech Brands: Engagement*),Universe,Q2 2024 (Survey Waves),False,447368049
lenovo_gwi_core_tech_brands_crosstab_export_2026-06-09.xlsx,f1eac9e09e90c47fe98e22784303079d9c689d4890ea090235fae6fc9587c1ad,Foglio1,AI8,Tech Brands: Engagement*,Lenovo (Tech Brands: Engagement*),Universe,Q3 2024 (Survey Waves),False,472054485
lenovo_gwi_core_tech_brands_crosstab_export_2026-06-09.xlsx,f1eac9e09e90c47fe98e22784303079d9c689d4890ea090235fae6fc9587c1ad,Foglio1,AJ8,Tech Brands: Engagement*,Lenovo (Tech Brands: Engagement*),Universe,Q4 2024 (Survey Waves),False,454019549
lenovo_gwi_core_tech_brands_crosstab_export_2026-06-09.xlsx,f1eac9e09e90c47fe98e22784303079d9c689d4890ea090235fae6fc9587c1ad,Foglio1,AK8,Tech Brands: Engagement*,Lenovo (Tech Brands: Engagement*),Universe,Q1 2025 (Survey Waves),False,471124748
lenovo_gwi_core_tech_brands_crosstab_export_2026-06-09.xlsx,f1eac9e09e90c47fe98e22784303079d9c689d4890ea090235fae6fc9587c1ad,Foglio1,AL8,Tech Brands: Engagement*,Lenovo (Tech Brands: Engagement*),Universe,Q2 2025 (Survey Waves),False,480872129
lenovo_gwi_core_tech_brands_crosstab_export_2026-06-09.xlsx,f1eac9e09e90c47fe98e22784303079d9c689d4890ea090235fae6fc9587c1ad,Foglio1,AM8,Tech Brands: Engagement*,Lenovo (Tech Brands: Engagement*),Universe,Q3 2025 (Survey Waves),False,502531309
lenovo_gwi_core_tech_brands_crosstab_export_2026-06-09.xlsx,f1eac9e09e90c47fe98e22784303079d9c689d4890ea090235fae6fc9587c1ad,Foglio1,AN8,Tech Brands: Engagement*,Lenovo (Tech Brands: Engagement*),Universe,Q4 2025 (Survey Waves),False,502481507
lenovo_gwi_core_tech_brands_crosstab_export_2026-06-09.xlsx,f1eac9e09e90c47fe98e22784303079d9c689d4890ea090235fae6fc9587c1ad,Foglio1,AO8,Tech Brands: Engagement*,Lenovo (Tech Brands: Engagement*),Universe,Q1 2026 (Survey Waves),False,517936415
lenovo_gwi_core_tech_brands_crosstab_export_2026-06-09.xlsx,f1eac9e09e90c47fe98e22784303079d9c689d4890ea090235fae6fc9587c1ad,Foglio1,D9,Tech Brands: Engagement*,Lenovo (Tech Brands: Engagement*),Responses,Totals,True,467975
lenovo_gwi_core_tech_brands_crosstab_export_2026-06-09.xlsx,f1eac9e09e90c47fe98e22784303079d9c689d4890ea090235fae6fc9587c1ad,Foglio1,E9,Tech Brands: Engagement*,Lenovo (Tech Brands: Engagement*),Responses,Q1 2017 (Survey Waves),False,7012
lenovo_gwi_core_tech_brands_crosstab_export_2026-06-09.xlsx,f1eac9e09e90c47fe98e22784303079d9c689d4890ea090235fae6fc9587c1ad,Foglio1,F9,Tech Brands: Engagement*,Lenovo (Tech Brands: Engagement*),Responses,Q2 2017 (Survey Waves),False,6566
lenovo_gwi_core_tech_brands_crosstab_export_2026-06-09.xlsx,f1eac9e09e90c47fe98e22784303079d9c689d4890ea090235fae6fc9587c1ad,Foglio1,G9,Tech Brands: Engagement*,Lenovo (Tech Brands: Engagement*),Responses,Q3 2017 (Survey Waves),False,6793
lenovo_gwi_core_tech_brands_crosstab_export_2026-06-09.xlsx,f1eac9e09e90c47fe98e22784303079d9c689d4890ea090235fae6fc9587c1ad,Foglio1,H9,Tech Brands: Engagement*,Lenovo (Tech Brands: Engagement*),Responses,Q4 2017 (Survey Waves),False,7857
lenovo_gwi_core_tech_brands_crosstab_export_2026-06-09.xlsx,f1eac9e09e90c47fe98e22784303079d9c689d4890ea090235fae6fc9587c1ad,Foglio1,I9,Tech Brands: Engagement*,Lenovo (Tech Brands: Engagement*),Responses,Q1 2018 (Survey Waves),False,10933
lenovo_gwi_core_tech_brands_crosstab_export_2026-06-09.xlsx,f1eac9e09e90c47fe98e22784303079d9c689d4890ea090235fae6fc9587c1ad,Foglio1,J9,Tech Brands: Engagement*,Lenovo (Tech Brands: Engagement*),Responses,Q2 2018 (Survey Waves),False,9486
lenovo_gwi_core_tech_brands_crosstab_export_2026-06-09.xlsx,f1eac9e09e90c47fe98e22784303079d9c689d4890ea090235fae6fc9587c1ad,Foglio1,K9,Tech Brands: Engagement*,Lenovo (Tech Brands: Engagement*),Responses,Q3 2018 (Survey Waves),False,9160
lenovo_gwi_core_tech_brands_crosstab_export_2026-06-09.xlsx,f1eac9e09e90c47fe98e22784303079d9c689d4890ea090235fae6fc9587c1ad,Foglio1,L9,Tech Brands: Engagement*,Lenovo (Tech Brands: Engagement*),Responses,Q4 2018 (Survey Waves),False,10264
lenovo_gwi_core_tech_brands_crosstab_export_2026-06-09.xlsx,f1eac9e09e90c47fe98e22784303079d9c689d4890ea090235fae6fc9587c1ad,Foglio1,M9,Tech Brands: Engagement*,Lenovo (Tech Brands: Engagement*),Responses,Q1 2019 (Survey Waves),False,10933
lenovo_gwi_core_tech_brands_crosstab_export_2026-06-09.xlsx,f1eac9e09e90c47fe98e22784303079d9c689d4890ea090235fae6fc9587c1ad,Foglio1,N9,Tech Brands: Engagement*,Lenovo (Tech Brands: Engagement*),Responses,Q2 2019 (Survey Waves),False,10872
lenovo_gwi_core_tech_brands_crosstab_export_2026-06-09.xlsx,f1eac9e09e90c47fe98e22784303079d9c689d4890ea090235fae6fc9587c1ad,Foglio1,O9,Tech Brands: Engagement*,Lenovo (Tech Brands: Engagement*),Responses,Q3 2019 (Survey Waves),False,11297
lenovo_gwi_core_tech_brands_crosstab_export_2026-06-09.xlsx,f1eac9e09e90c47fe98e22784303079d9c689d4890ea090235fae6fc9587c1ad,Foglio1,P9,Tech Brands: Engagement*,Lenovo (Tech Brands: Engagement*),Responses,Q4 2019 (Survey Waves),False,12541
lenovo_gwi_core_tech_brands_crosstab_export_2026-06-09.xlsx,f1eac9e09e90c47fe98e22784303079d9c689d4890ea090235fae6fc9587c1ad,Foglio1,Q9,Tech Brands: Engagement*,Lenovo (Tech Brands: Engagement*),Responses,Q1 2020 (Survey Waves),False,13380
lenovo_gwi_core_tech_brands_crosstab_export_2026-06-09.xlsx,f1eac9e09e90c47fe98e22784303079d9c689d4890ea090235fae6fc9587c1ad,Foglio1,R9,Tech Brands: Engagement*,Lenovo (Tech Brands: Engagement*),Responses,Q2 2020 (Survey Waves),False,10824
lenovo_gwi_core_tech_brands_crosstab_export_2026-06-09.xlsx,f1eac9e09e90c47fe98e22784303079d9c689d4890ea090235fae6fc9587c1ad,Foglio1,S9,Tech Brands: Engagement*,Lenovo (Tech Brands: Engagement*),Responses,Q3 2020 (Survey Waves),False,11174
lenovo_gwi_core_tech_brands_crosstab_export_2026-06-09.xlsx,f1eac9e09e90c47fe98e22784303079d9c689d4890ea090235fae6fc9587c1ad,Foglio1,T9,Tech Brands: Engagement*,Lenovo (Tech Brands: Engagement*),Responses,Q4 2020 (Survey Waves),False,12019
lenovo_gwi_core_tech_brands_crosstab_export_2026-06-09.xlsx,f1eac9e09e90c47fe98e22784303079d9c689d4890ea090235fae6fc9587c1ad,Foglio1,U9,Tech Brands: Engagement*,Lenovo (Tech Brands: Engagement*),Responses,Q1 2021 (Survey Waves),False,11397
lenovo_gwi_core_tech_brands_crosstab_export_2026-06-09.xlsx,f1eac9e09e90c47fe98e22784303079d9c689d4890ea090235fae6fc9587c1ad,Foglio1,V9,Tech Brands: Engagement*,Lenovo (Tech Brands: Engagement*),Responses,Q2 2021 (Survey Waves),False,11395
lenovo_gwi_core_tech_brands_crosstab_export_2026-06-09.xlsx,f1eac9e09e90c47fe98e22784303079d9c689d4890ea090235fae6fc9587c1ad,Foglio1,W9,Tech Brands: Engagement*,Lenovo (Tech Brands: Engagement*),Responses,Q3 2021 (Survey Waves),False,12885
lenovo_gwi_core_tech_brands_crosstab_export_2026-06-09.xlsx,f1eac9e09e90c47fe98e22784303079d9c689d4890ea090235fae6fc9587c1ad,Foglio1,X9,Tech Brands: Engagement*,Lenovo (Tech Brands: Engagement*),Responses,Q4 2021 (Survey Waves),False,13886
lenovo_gwi_core_tech_brands_crosstab_export_2026-06-09.xlsx,f1eac9e09e90c47fe98e22784303079d9c689d4890ea090235fae6fc9587c1ad,Foglio1,Y9,Tech Brands: Engagement*,Lenovo (Tech Brands: Engagement*),Responses,Q1 2022 (Survey Waves),False,14999
lenovo_gwi_core_tech_brands_crosstab_export_2026-06-09.xlsx,f1eac9e09e90c47fe98e22784303079d9c689d4890ea090235fae6fc9587c1ad,Foglio1,Z9,Tech Brands: Engagement*,Lenovo (Tech Brands: Engagement*),Responses,Q2 2022 (Survey Waves),False,15361
lenovo_gwi_core_tech_brands_crosstab_export_2026-06-09.xlsx,f1eac9e09e90c47fe98e22784303079d9c689d4890ea090235fae6fc9587c1ad,Foglio1,AA9,Tech Brands: Engagement*,Lenovo (Tech Brands: Engagement*),Responses,Q3 2022 (Survey Waves),False,15578
lenovo_gwi_core_tech_brands_crosstab_export_2026-06-09.xlsx,f1eac9e09e90c47fe98e22784303079d9c689d4890ea090235fae6fc9587c1ad,Foglio1,AB9,Tech Brands: Engagement*,Lenovo (Tech Brands: Engagement*),Responses,Q4 2022 (Survey Waves),False,14977
lenovo_gwi_core_tech_brands_crosstab_export_2026-06-09.xlsx,f1eac9e09e90c47fe98e22784303079d9c689d4890ea090235fae6fc9587c1ad,Foglio1,AC9,Tech Brands: Engagement*,Lenovo (Tech Brands: Engagement*),Responses,Q1 2023 (Survey Waves),False,14603
lenovo_gwi_core_tech_brands_crosstab_export_2026-06-09.xlsx,f1eac9e09e90c47fe98e22784303079d9c689d4890ea090235fae6fc9587c1ad,Foglio1,AD9,Tech Brands: Engagement*,Lenovo (Tech Brands: Engagement*),Responses,Q2 2023 (Survey Waves),False,14996
lenovo_gwi_core_tech_brands_crosstab_export_2026-06-09.xlsx,f1eac9e09e90c47fe98e22784303079d9c689d4890ea090235fae6fc9587c1ad,Foglio1,AE9,Tech Brands: Engagement*,Lenovo (Tech Brands: Engagement*),Responses,Q3 2023 (Survey Waves),False,14906
lenovo_gwi_core_tech_brands_crosstab_export_2026-06-09.xlsx,f1eac9e09e90c47fe98e22784303079d9c689d4890ea090235fae6fc9587c1ad,Foglio1,AF9,Tech Brands: Engagement*,Lenovo (Tech Brands: Engagement*),Responses,Q4 2023 (Survey Waves),False,15226
lenovo_gwi_core_tech_brands_crosstab_export_2026-06-09.xlsx,f1eac9e09e90c47fe98e22784303079d9c689d4890ea090235fae6fc9587c1ad,Foglio1,AG9,Tech Brands: Engagement*,Lenovo (Tech Brands: Engagement*),Responses,Q1 2024 (Survey Waves),False,13437
lenovo_gwi_core_tech_brands_crosstab_export_2026-06-09.xlsx,f1eac9e09e90c47fe98e22784303079d9c689d4890ea090235fae6fc9587c1ad,Foglio1,AH9,Tech Brands: Engagement*,Lenovo (Tech Brands: Engagement*),Responses,Q2 2024 (Survey Waves),False,15164
lenovo_gwi_core_tech_brands_crosstab_export_2026-06-09.xlsx,f1eac9e09e90c47fe98e22784303079d9c689d4890ea090235fae6fc9587c1ad,Foglio1,AI9,Tech Brands: Engagement*,Lenovo (Tech Brands: Engagement*),Responses,Q3 2024 (Survey Waves),False,15843
lenovo_gwi_core_tech_brands_crosstab_export_2026-06-09.xlsx,f1eac9e09e90c47fe98e22784303079d9c689d4890ea090235fae6fc9587c1ad,Foglio1,AJ9,Tech Brands: Engagement*,Lenovo (Tech Brands: Engagement*),Responses,Q4 2024 (Survey Waves),False,15161
lenovo_gwi_core_tech_brands_crosstab_export_2026-06-09.xlsx,f1eac9e09e90c47fe98e22784303079d9c689d4890ea090235fae6fc9587c1ad,Foglio1,AK9,Tech Brands: Engagement*,Lenovo (Tech Brands: Engagement*),Responses,Q1 2025 (Survey Waves),False,14860
lenovo_gwi_core_tech_brands_crosstab_export_2026-06-09.xlsx,f1eac9e09e90c47fe98e22784303079d9c689d4890ea090235fae6fc9587c1ad,Foglio1,AL9,Tech Brands: Engagement*,Lenovo (Tech Brands: Engagement*),Responses,Q2 2025 (Survey Waves),False,15149
lenovo_gwi_core_tech_brands_crosstab_export_2026-06-09.xlsx,f1eac9e09e90c47fe98e22784303079d9c689d4890ea090235fae6fc9587c1ad,Foglio1,AM9,Tech Brands: Engagement*,Lenovo (Tech Brands: Engagement*),Responses,Q3 2025 (Survey Waves),False,15669
lenovo_gwi_core_tech_brands_crosstab_export_2026-06-09.xlsx,f1eac9e09e90c47fe98e22784303079d9c689d4890ea090235fae6fc9587c1ad,Foglio1,AN9,Tech Brands: Engagement*,Lenovo (Tech Brands: Engagement*),Responses,Q4 2025 (Survey Waves),False,15782
lenovo_gwi_core_tech_brands_crosstab_export_2026-06-09.xlsx,f1eac9e09e90c47fe98e22784303079d9c689d4890ea090235fae6fc9587c1ad,Foglio1,AO9,Tech Brands: Engagement*,Lenovo (Tech Brands: Engagement*),Responses,Q1 2026 (Survey Waves),False,15590
lenovo_gwi_core_tech_brands_crosstab_export_2026-06-09.xlsx,f1eac9e09e90c47fe98e22784303079d9c689d4890ea090235fae6fc9587c1ad,Foglio1,D10,Tech Brands: Engagement*,Lenovo (Tech Brands: Engagement*),Column %,Totals,True,0.192
lenovo_gwi_core_tech_brands_crosstab_export_2026-06-09.xlsx,f1eac9e09e90c47fe98e22784303079d9c689d4890ea090235fae6fc9587c1ad,Foglio1,E10,Tech Brands: Engagement*,Lenovo (Tech Brands: Engagement*),Column %,Q1 2017 (Survey Waves),False,0.292
lenovo_gwi_core_tech_brands_crosstab_export_2026-06-09.xlsx,f1eac9e09e90c47fe98e22784303079d9c689d4890ea090235fae6fc9587c1ad,Foglio1,F10,Tech Brands: Engagement*,Lenovo (Tech Brands: Engagement*),Column %,Q2 2017 (Survey Waves),False,0.284
lenovo_gwi_core_tech_brands_crosstab_export_2026-06-09.xlsx,f1eac9e09e90c47fe98e22784303079d9c689d4890ea090235fae6fc9587c1ad,Foglio1,G10,Tech Brands: Engagement*,Lenovo (Tech Brands: Engagement*),Column %,Q3 2017 (Survey Waves),False,0.29100000000000004
lenovo_gwi_core_tech_brands_crosstab_export_2026-06-09.xlsx,f1eac9e09e90c47fe98e22784303079d9c689d4890ea090235fae6fc9587c1ad,Foglio1,H10,Tech Brands: Engagement*,Lenovo (Tech Brands: Engagement*),Column %,Q4 2017 (Survey Waves),False,0.292
lenovo_gwi_core_tech_brands_crosstab_export_2026-06-09.xlsx,f1eac9e09e90c47fe98e22784303079d9c689d4890ea090235fae6fc9587c1ad,Foglio1,I10,Tech Brands: Engagement*,Lenovo (Tech Brands: Engagement*),Column %,Q1 2018 (Survey Waves),False,0.26899999999999996
lenovo_gwi_core_tech_brands_crosstab_export_2026-06-09.xlsx,f1eac9e09e90c47fe98e22784303079d9c689d4890ea090235fae6fc9587c1ad,Foglio1,J10,Tech Brands: Engagement*,Lenovo (Tech Brands: Engagement*),Column %,Q2 2018 (Survey Waves),False,0.258
lenovo_gwi_core_tech_brands_crosstab_export_2026-06-09.xlsx,f1eac9e09e90c47fe98e22784303079d9c689d4890ea090235fae6fc9587c1ad,Foglio1,K10,Tech Brands: Engagement*,Lenovo (Tech Brands: Engagement*),Column %,Q3 2018 (Survey Waves),False,0.255
lenovo_gwi_core_tech_brands_crosstab_export_2026-06-09.xlsx,f1eac9e09e90c47fe98e22784303079d9c689d4890ea090235fae6fc9587c1ad,Foglio1,L10,Tech Brands: Engagement*,Lenovo (Tech Brands: Engagement*),Column %,Q4 2018 (Survey Waves),False,0.245
lenovo_gwi_core_tech_brands_crosstab_export_2026-06-09.xlsx,f1eac9e09e90c47fe98e22784303079d9c689d4890ea090235fae6fc9587c1ad,Foglio1,M10,Tech Brands: Engagement*,Lenovo (Tech Brands: Engagement*),Column %,Q1 2019 (Survey Waves),False,0.226
lenovo_gwi_core_tech_brands_crosstab_export_2026-06-09.xlsx,f1eac9e09e90c47fe98e22784303079d9c689d4890ea090235fae6fc9587c1ad,Foglio1,N10,Tech Brands: Engagement*,Lenovo (Tech Brands: Engagement*),Column %,Q2 2019 (Survey Waves),False,0.222
lenovo_gwi_core_tech_brands_crosstab_export_2026-06-09.xlsx,f1eac9e09e90c47fe98e22784303079d9c689d4890ea090235fae6fc9587c1ad,Foglio1,O10,Tech Brands: Engagement*,Lenovo (Tech Brands: Engagement*),Column %,Q3 2019 (Survey Waves),False,0.209
lenovo_gwi_core_tech_brands_crosstab_export_2026-06-09.xlsx,f1eac9e09e90c47fe98e22784303079d9c689d4890ea090235fae6fc9587c1ad,Foglio1,P10,Tech Brands: Engagement*,Lenovo (Tech Brands: Engagement*),Column %,Q4 2019 (Survey Waves),False,0.205
lenovo_gwi_core_tech_brands_crosstab_export_2026-06-09.xlsx,f1eac9e09e90c47fe98e22784303079d9c689d4890ea090235fae6fc9587c1ad,Foglio1,Q10,Tech Brands: Engagement*,Lenovo (Tech Brands: Engagement*),Column %,Q1 2020 (Survey Waves),False,0.205
lenovo_gwi_core_tech_brands_crosstab_export_2026-06-09.xlsx,f1eac9e09e90c47fe98e22784303079d9c689d4890ea090235fae6fc9587c1ad,Foglio1,R10,Tech Brands: Engagement*,Lenovo (Tech Brands: Engagement*),Column %,Q2 2020 (Survey Waves),False,0.19699999999999998
lenovo_gwi_core_tech_brands_crosstab_export_2026-06-09.xlsx,f1eac9e09e90c47fe98e22784303079d9c689d4890ea090235fae6fc9587c1ad,Foglio1,S10,Tech Brands: Engagement*,Lenovo (Tech Brands: Engagement*),Column %,Q3 2020 (Survey Waves),False,0.203
lenovo_gwi_core_tech_brands_crosstab_export_2026-06-09.xlsx,f1eac9e09e90c47fe98e22784303079d9c689d4890ea090235fae6fc9587c1ad,Foglio1,T10,Tech Brands: Engagement*,Lenovo (Tech Brands: Engagement*),Column %,Q4 2020 (Survey Waves),False,0.19899999999999998
lenovo_gwi_core_tech_brands_crosstab_export_2026-06-09.xlsx,f1eac9e09e90c47fe98e22784303079d9c689d4890ea090235fae6fc9587c1ad,Foglio1,U10,Tech Brands: Engagement*,Lenovo (Tech Brands: Engagement*),Column %,Q1 2021 (Survey Waves),False,0.185
lenovo_gwi_core_tech_brands_crosstab_export_2026-06-09.xlsx,f1eac9e09e90c47fe98e22784303079d9c689d4890ea090235fae6fc9587c1ad,Foglio1,V10,Tech Brands: Engagement*,Lenovo (Tech Brands: Engagement*),Column %,Q2 2021 (Survey Waves),False,0.185
lenovo_gwi_core_tech_brands_crosstab_export_2026-06-09.xlsx,f1eac9e09e90c47fe98e22784303079d9c689d4890ea090235fae6fc9587c1ad,Foglio1,W10,Tech Brands: Engagement*,Lenovo (Tech Brands: Engagement*),Column %,Q3 2021 (Survey Waves),False,0.17
lenovo_gwi_core_tech_brands_crosstab_export_2026-06-09.xlsx,f1eac9e09e90c47fe98e22784303079d9c689d4890ea090235fae6fc9587c1ad,Foglio1,X10,Tech Brands: Engagement*,Lenovo (Tech Brands: Engagement*),Column %,Q4 2021 (Survey Waves),False,0.166
lenovo_gwi_core_tech_brands_crosstab_export_2026-06-09.xlsx,f1eac9e09e90c47fe98e22784303079d9c689d4890ea090235fae6fc9587c1ad,Foglio1,Y10,Tech Brands: Engagement*,Lenovo (Tech Brands: Engagement*),Column %,Q1 2022 (Survey Waves),False,0.163
lenovo_gwi_core_tech_brands_crosstab_export_2026-06-09.xlsx,f1eac9e09e90c47fe98e22784303079d9c689d4890ea090235fae6fc9587c1ad,Foglio1,Z10,Tech Brands: Engagement*,Lenovo (Tech Brands: Engagement*),Column %,Q2 2022 (Survey Waves),False,0.161
lenovo_gwi_core_tech_brands_crosstab_export_2026-06-09.xlsx,f1eac9e09e90c47fe98e22784303079d9c689d4890ea090235fae6fc9587c1ad,Foglio1,AA10,Tech Brands: Engagement*,Lenovo (Tech Brands: Engagement*),Column %,Q3 2022 (Survey Waves),False,0.168
lenovo_gwi_core_tech_brands_crosstab_export_2026-06-09.xlsx,f1eac9e09e90c47fe98e22784303079d9c689d4890ea090235fae6fc9587c1ad,Foglio1,AB10,Tech Brands: Engagement*,Lenovo (Tech Brands: Engagement*),Column %,Q4 2022 (Survey Waves),False,0.152
lenovo_gwi_core_tech_brands_crosstab_export_2026-06-09.xlsx,f1eac9e09e90c47fe98e22784303079d9c689d4890ea090235fae6fc9587c1ad,Foglio1,AC10,Tech Brands: Engagement*,Lenovo (Tech Brands: Engagement*),Column %,Q1 2023 (Survey Waves),False,0.151
lenovo_gwi_core_tech_brands_crosstab_export_2026-06-09.xlsx,f1eac9e09e90c47fe98e22784303079d9c689d4890ea090235fae6fc9587c1ad,Foglio1,AD10,Tech Brands: Engagement*,Lenovo (Tech Brands: Engagement*),Column %,Q2 2023 (Survey Waves),False,0.152
lenovo_gwi_core_tech_brands_crosstab_export_2026-06-09.xlsx,f1eac9e09e90c47fe98e22784303079d9c689d4890ea090235fae6fc9587c1ad,Foglio1,AE10,Tech Brands: Engagement*,Lenovo (Tech Brands: Engagement*),Column %,Q3 2023 (Survey Waves),False,0.153
lenovo_gwi_core_tech_brands_crosstab_export_2026-06-09.xlsx,f1eac9e09e90c47fe98e22784303079d9c689d4890ea090235fae6fc9587c1ad,Foglio1,AF10,Tech Brands: Engagement*,Lenovo (Tech Brands: Engagement*),Column %,Q4 2023 (Survey Waves),False,0.16
lenovo_gwi_core_tech_brands_crosstab_export_2026-06-09.xlsx,f1eac9e09e90c47fe98e22784303079d9c689d4890ea090235fae6fc9587c1ad,Foglio1,AG10,Tech Brands: Engagement*,Lenovo (Tech Brands: Engagement*),Column %,Q1 2024 (Survey Waves),False,0.155
lenovo_gwi_core_tech_brands_crosstab_export_2026-06-09.xlsx,f1eac9e09e90c47fe98e22784303079d9c689d4890ea090235fae6fc9587c1ad,Foglio1,AH10,Tech Brands: Engagement*,Lenovo (Tech Brands: Engagement*),Column %,Q2 2024 (Survey Waves),False,0.16
lenovo_gwi_core_tech_brands_crosstab_export_2026-06-09.xlsx,f1eac9e09e90c47fe98e22784303079d9c689d4890ea090235fae6fc9587c1ad,Foglio1,AI10,Tech Brands: Engagement*,Lenovo (Tech Brands: Engagement*),Column %,Q3 2024 (Survey Waves),False,0.16699999999999998
lenovo_gwi_core_tech_brands_crosstab_export_2026-06-09.xlsx,f1eac9e09e90c47fe98e22784303079d9c689d4890ea090235fae6fc9587c1ad,Foglio1,AJ10,Tech Brands: Engagement*,Lenovo (Tech Brands: Engagement*),Column %,Q4 2024 (Survey Waves),False,0.159
lenovo_gwi_core_tech_brands_crosstab_export_2026-06-09.xlsx,f1eac9e09e90c47fe98e22784303079d9c689d4890ea090235fae6fc9587c1ad,Foglio1,AK10,Tech Brands: Engagement*,Lenovo (Tech Brands: Engagement*),Column %,Q1 2025 (Survey Waves),False,0.16
lenovo_gwi_core_tech_brands_crosstab_export_2026-06-09.xlsx,f1eac9e09e90c47fe98e22784303079d9c689d4890ea090235fae6fc9587c1ad,Foglio1,AL10,Tech Brands: Engagement*,Lenovo (Tech Brands: Engagement*),Column %,Q2 2025 (Survey Waves),False,0.161
lenovo_gwi_core_tech_brands_crosstab_export_2026-06-09.xlsx,f1eac9e09e90c47fe98e22784303079d9c689d4890ea090235fae6fc9587c1ad,Foglio1,AM10,Tech Brands: Engagement*,Lenovo (Tech Brands: Engagement*),Column %,Q3 2025 (Survey Waves),False,0.16699999999999998
lenovo_gwi_core_tech_brands_crosstab_export_2026-06-09.xlsx,f1eac9e09e90c47fe98e22784303079d9c689d4890ea090235fae6fc9587c1ad,Foglio1,AN10,Tech Brands: Engagement*,Lenovo (Tech Brands: Engagement*),Column %,Q4 2025 (Survey Waves),False,0.165
lenovo_gwi_core_tech_brands_crosstab_export_2026-06-09.xlsx,f1eac9e09e90c47fe98e22784303079d9c689d4890ea090235fae6fc9587c1ad,Foglio1,AO10,Tech Brands: Engagement*,Lenovo (Tech Brands: Engagement*),Column %,Q1 2026 (Survey Waves),False,0.168
lenovo_gwi_core_tech_brands_crosstab_export_2026-06-09.xlsx,f1eac9e09e90c47fe98e22784303079d9c689d4890ea090235fae6fc9587c1ad,Foglio1,D11,Tech Brands: Engagement*,Lenovo (Tech Brands: Engagement*),Row %,Totals,True,1
lenovo_gwi_core_tech_brands_crosstab_export_2026-06-09.xlsx,f1eac9e09e90c47fe98e22784303079d9c689d4890ea090235fae6fc9587c1ad,Foglio1,E11,Tech Brands: Engagement*,Lenovo (Tech Brands: Engagement*),Row %,Q1 2017 (Survey Waves),False,1
lenovo_gwi_core_tech_brands_crosstab_export_2026-06-09.xlsx,f1eac9e09e90c47fe98e22784303079d9c689d4890ea090235fae6fc9587c1ad,Foglio1,F11,Tech Brands: Engagement*,Lenovo (Tech Brands: Engagement*),Row %,Q2 2017 (Survey Waves),False,1
lenovo_gwi_core_tech_brands_crosstab_export_2026-06-09.xlsx,f1eac9e09e90c47fe98e22784303079d9c689d4890ea090235fae6fc9587c1ad,Foglio1,G11,Tech Brands: Engagement*,Lenovo (Tech Brands: Engagement*),Row %,Q3 2017 (Survey Waves),False,1
lenovo_gwi_core_tech_brands_crosstab_export_2026-06-09.xlsx,f1eac9e09e90c47fe98e22784303079d9c689d4890ea090235fae6fc9587c1ad,Foglio1,H11,Tech Brands: Engagement*,Lenovo (Tech Brands: Engagement*),Row %,Q4 2017 (Survey Waves),False,1
lenovo_gwi_core_tech_brands_crosstab_export_2026-06-09.xlsx,f1eac9e09e90c47fe98e22784303079d9c689d4890ea090235fae6fc9587c1ad,Foglio1,I11,Tech Brands: Engagement*,Lenovo (Tech Brands: Engagement*),Row %,Q1 2018 (Survey Waves),False,1
lenovo_gwi_core_tech_brands_crosstab_export_2026-06-09.xlsx,f1eac9e09e90c47fe98e22784303079d9c689d4890ea090235fae6fc9587c1ad,Foglio1,J11,Tech Brands: Engagement*,Lenovo (Tech Brands: Engagement*),Row %,Q2 2018 (Survey Waves),False,1
lenovo_gwi_core_tech_brands_crosstab_export_2026-06-09.xlsx,f1eac9e09e90c47fe98e22784303079d9c689d4890ea090235fae6fc9587c1ad,Foglio1,K11,Tech Brands: Engagement*,Lenovo (Tech Brands: Engagement*),Row %,Q3 2018 (Survey Waves),False,1
lenovo_gwi_core_tech_brands_crosstab_export_2026-06-09.xlsx,f1eac9e09e90c47fe98e22784303079d9c689d4890ea090235fae6fc9587c1ad,Foglio1,L11,Tech Brands: Engagement*,Lenovo (Tech Brands: Engagement*),Row %,Q4 2018 (Survey Waves),False,1
lenovo_gwi_core_tech_brands_crosstab_export_2026-06-09.xlsx,f1eac9e09e90c47fe98e22784303079d9c689d4890ea090235fae6fc9587c1ad,Foglio1,M11,Tech Brands: Engagement*,Lenovo (Tech Brands: Engagement*),Row %,Q1 2019 (Survey Waves),False,1
lenovo_gwi_core_tech_brands_crosstab_export_2026-06-09.xlsx,f1eac9e09e90c47fe98e22784303079d9c689d4890ea090235fae6fc9587c1ad,Foglio1,N11,Tech Brands: Engagement*,Lenovo (Tech Brands: Engagement*),Row %,Q2 2019 (Survey Waves),False,1
lenovo_gwi_core_tech_brands_crosstab_export_2026-06-09.xlsx,f1eac9e09e90c47fe98e22784303079d9c689d4890ea090235fae6fc9587c1ad,Foglio1,O11,Tech Brands: Engagement*,Lenovo (Tech Brands: Engagement*),Row %,Q3 2019 (Survey Waves),False,1
lenovo_gwi_core_tech_brands_crosstab_export_2026-06-09.xlsx,f1eac9e09e90c47fe98e22784303079d9c689d4890ea090235fae6fc9587c1ad,Foglio1,P11,Tech Brands: Engagement*,Lenovo (Tech Brands: Engagement*),Row %,Q4 2019 (Survey Waves),False,1
lenovo_gwi_core_tech_brands_crosstab_export_2026-06-09.xlsx,f1eac9e09e90c47fe98e22784303079d9c689d4890ea090235fae6fc9587c1ad,Foglio1,Q11,Tech Brands: Engagement*,Lenovo (Tech Brands: Engagement*),Row %,Q1 2020 (Survey Waves),False,1
lenovo_gwi_core_tech_brands_crosstab_export_2026-06-09.xlsx,f1eac9e09e90c47fe98e22784303079d9c689d4890ea090235fae6fc9587c1ad,Foglio1,R11,Tech Brands: Engagement*,Lenovo (Tech Brands: Engagement*),Row %,Q2 2020 (Survey Waves),False,1
lenovo_gwi_core_tech_brands_crosstab_export_2026-06-09.xlsx,f1eac9e09e90c47fe98e22784303079d9c689d4890ea090235fae6fc9587c1ad,Foglio1,S11,Tech Brands: Engagement*,Lenovo (Tech Brands: Engagement*),Row %,Q3 2020 (Survey Waves),False,1
lenovo_gwi_core_tech_brands_crosstab_export_2026-06-09.xlsx,f1eac9e09e90c47fe98e22784303079d9c689d4890ea090235fae6fc9587c1ad,Foglio1,T11,Tech Brands: Engagement*,Lenovo (Tech Brands: Engagement*),Row %,Q4 2020 (Survey Waves),False,1
lenovo_gwi_core_tech_brands_crosstab_export_2026-06-09.xlsx,f1eac9e09e90c47fe98e22784303079d9c689d4890ea090235fae6fc9587c1ad,Foglio1,U11,Tech Brands: Engagement*,Lenovo (Tech Brands: Engagement*),Row %,Q1 2021 (Survey Waves),False,1
lenovo_gwi_core_tech_brands_crosstab_export_2026-06-09.xlsx,f1eac9e09e90c47fe98e22784303079d9c689d4890ea090235fae6fc9587c1ad,Foglio1,V11,Tech Brands: Engagement*,Lenovo (Tech Brands: Engagement*),Row %,Q2 2021 (Survey Waves),False,1
lenovo_gwi_core_tech_brands_crosstab_export_2026-06-09.xlsx,f1eac9e09e90c47fe98e22784303079d9c689d4890ea090235fae6fc9587c1ad,Foglio1,W11,Tech Brands: Engagement*,Lenovo (Tech Brands: Engagement*),Row %,Q3 2021 (Survey Waves),False,1
lenovo_gwi_core_tech_brands_crosstab_export_2026-06-09.xlsx,f1eac9e09e90c47fe98e22784303079d9c689d4890ea090235fae6fc9587c1ad,Foglio1,X11,Tech Brands: Engagement*,Lenovo (Tech Brands: Engagement*),Row %,Q4 2021 (Survey Waves),False,1
lenovo_gwi_core_tech_brands_crosstab_export_2026-06-09.xlsx,f1eac9e09e90c47fe98e22784303079d9c689d4890ea090235fae6fc9587c1ad,Foglio1,Y11,Tech Brands: Engagement*,Lenovo (Tech Brands: Engagement*),Row %,Q1 2022 (Survey Waves),False,1
lenovo_gwi_core_tech_brands_crosstab_export_2026-06-09.xlsx,f1eac9e09e90c47fe98e22784303079d9c689d4890ea090235fae6fc9587c1ad,Foglio1,Z11,Tech Brands: Engagement*,Lenovo (Tech Brands: Engagement*),Row %,Q2 2022 (Survey Waves),False,1
lenovo_gwi_core_tech_brands_crosstab_export_2026-06-09.xlsx,f1eac9e09e90c47fe98e22784303079d9c689d4890ea090235fae6fc9587c1ad,Foglio1,AA11,Tech Brands: Engagement*,Lenovo (Tech Brands: Engagement*),Row %,Q3 2022 (Survey Waves),False,1
lenovo_gwi_core_tech_brands_crosstab_export_2026-06-09.xlsx,f1eac9e09e90c47fe98e22784303079d9c689d4890ea090235fae6fc9587c1ad,Foglio1,AB11,Tech Brands: Engagement*,Lenovo (Tech Brands: Engagement*),Row %,Q4 2022 (Survey Waves),False,1
lenovo_gwi_core_tech_brands_crosstab_export_2026-06-09.xlsx,f1eac9e09e90c47fe98e22784303079d9c689d4890ea090235fae6fc9587c1ad,Foglio1,AC11,Tech Brands: Engagement*,Lenovo (Tech Brands: Engagement*),Row %,Q1 2023 (Survey Waves),False,1
lenovo_gwi_core_tech_brands_crosstab_export_2026-06-09.xlsx,f1eac9e09e90c47fe98e22784303079d9c689d4890ea090235fae6fc9587c1ad,Foglio1,AD11,Tech Brands: Engagement*,Lenovo (Tech Brands: Engagement*),Row %,Q2 2023 (Survey Waves),False,1
lenovo_gwi_core_tech_brands_crosstab_export_2026-06-09.xlsx,f1eac9e09e90c47fe98e22784303079d9c689d4890ea090235fae6fc9587c1ad,Foglio1,AE11,Tech Brands: Engagement*,Lenovo (Tech Brands: Engagement*),Row %,Q3 2023 (Survey Waves),False,1
lenovo_gwi_core_tech_brands_crosstab_export_2026-06-09.xlsx,f1eac9e09e90c47fe98e22784303079d9c689d4890ea090235fae6fc9587c1ad,Foglio1,AF11,Tech Brands: Engagement*,Lenovo (Tech Brands: Engagement*),Row %,Q4 2023 (Survey Waves),False,1
lenovo_gwi_core_tech_brands_crosstab_export_2026-06-09.xlsx,f1eac9e09e90c47fe98e22784303079d9c689d4890ea090235fae6fc9587c1ad,Foglio1,AG11,Tech Brands: Engagement*,Lenovo (Tech Brands: Engagement*),Row %,Q1 2024 (Survey Waves),False,1
lenovo_gwi_core_tech_brands_crosstab_export_2026-06-09.xlsx,f1eac9e09e90c47fe98e22784303079d9c689d4890ea090235fae6fc9587c1ad,Foglio1,AH11,Tech Brands: Engagement*,Lenovo (Tech Brands: Engagement*),Row %,Q2 2024 (Survey Waves),False,1
lenovo_gwi_core_tech_brands_crosstab_export_2026-06-09.xlsx,f1eac9e09e90c47fe98e22784303079d9c689d4890ea090235fae6fc9587c1ad,Foglio1,AI11,Tech Brands: Engagement*,Lenovo (Tech Brands: Engagement*),Row %,Q3 2024 (Survey Waves),False,1
lenovo_gwi_core_tech_brands_crosstab_export_2026-06-09.xlsx,f1eac9e09e90c47fe98e22784303079d9c689d4890ea090235fae6fc9587c1ad,Foglio1,AJ11,Tech Brands: Engagement*,Lenovo (Tech Brands: Engagement*),Row %,Q4 2024 (Survey Waves),False,1
lenovo_gwi_core_tech_brands_crosstab_export_2026-06-09.xlsx,f1eac9e09e90c47fe98e22784303079d9c689d4890ea090235fae6fc9587c1ad,Foglio1,AK11,Tech Brands: Engagement*,Lenovo (Tech Brands: Engagement*),Row %,Q1 2025 (Survey Waves),False,1
lenovo_gwi_core_tech_brands_crosstab_export_2026-06-09.xlsx,f1eac9e09e90c47fe98e22784303079d9c689d4890ea090235fae6fc9587c1ad,Foglio1,AL11,Tech Brands: Engagement*,Lenovo (Tech Brands: Engagement*),Row %,Q2 2025 (Survey Waves),False,1
lenovo_gwi_core_tech_brands_crosstab_export_2026-06-09.xlsx,f1eac9e09e90c47fe98e22784303079d9c689d4890ea090235fae6fc9587c1ad,Foglio1,AM11,Tech Brands: Engagement*,Lenovo (Tech Brands: Engagement*),Row %,Q3 2025 (Survey Waves),False,1
lenovo_gwi_core_tech_brands_crosstab_export_2026-06-09.xlsx,f1eac9e09e90c47fe98e22784303079d9c689d4890ea090235fae6fc9587c1ad,Foglio1,AN11,Tech Brands: Engagement*,Lenovo (Tech Brands: Engagement*),Row %,Q4 2025 (Survey Waves),False,1
lenovo_gwi_core_tech_brands_crosstab_export_2026-06-09.xlsx,f1eac9e09e90c47fe98e22784303079d9c689d4890ea090235fae6fc9587c1ad,Foglio1,AO11,Tech Brands: Engagement*,Lenovo (Tech Brands: Engagement*),Row %,Q1 2026 (Survey Waves),False,1
lenovo_gwi_core_tech_brands_crosstab_export_2026-06-09.xlsx,f1eac9e09e90c47fe98e22784303079d9c689d4890ea090235fae6fc9587c1ad,Foglio1,D12,Tech Brands: Engagement*,Lenovo (Tech Brands: Engagement*),Index,Totals,True,100
lenovo_gwi_core_tech_brands_crosstab_export_2026-06-09.xlsx,f1eac9e09e90c47fe98e22784303079d9c689d4890ea090235fae6fc9587c1ad,Foglio1,E12,Tech Brands: Engagement*,Lenovo (Tech Brands: Engagement*),Index,Q1 2017 (Survey Waves),False,100
lenovo_gwi_core_tech_brands_crosstab_export_2026-06-09.xlsx,f1eac9e09e90c47fe98e22784303079d9c689d4890ea090235fae6fc9587c1ad,Foglio1,F12,Tech Brands: Engagement*,Lenovo (Tech Brands: Engagement*),Index,Q2 2017 (Survey Waves),False,100
lenovo_gwi_core_tech_brands_crosstab_export_2026-06-09.xlsx,f1eac9e09e90c47fe98e22784303079d9c689d4890ea090235fae6fc9587c1ad,Foglio1,G12,Tech Brands: Engagement*,Lenovo (Tech Brands: Engagement*),Index,Q3 2017 (Survey Waves),False,100
lenovo_gwi_core_tech_brands_crosstab_export_2026-06-09.xlsx,f1eac9e09e90c47fe98e22784303079d9c689d4890ea090235fae6fc9587c1ad,Foglio1,H12,Tech Brands: Engagement*,Lenovo (Tech Brands: Engagement*),Index,Q4 2017 (Survey Waves),False,100
lenovo_gwi_core_tech_brands_crosstab_export_2026-06-09.xlsx,f1eac9e09e90c47fe98e22784303079d9c689d4890ea090235fae6fc9587c1ad,Foglio1,I12,Tech Brands: Engagement*,Lenovo (Tech Brands: Engagement*),Index,Q1 2018 (Survey Waves),False,100
lenovo_gwi_core_tech_brands_crosstab_export_2026-06-09.xlsx,f1eac9e09e90c47fe98e22784303079d9c689d4890ea090235fae6fc9587c1ad,Foglio1,J12,Tech Brands: Engagement*,Lenovo (Tech Brands: Engagement*),Index,Q2 2018 (Survey Waves),False,100
lenovo_gwi_core_tech_brands_crosstab_export_2026-06-09.xlsx,f1eac9e09e90c47fe98e22784303079d9c689d4890ea090235fae6fc9587c1ad,Foglio1,K12,Tech Brands: Engagement*,Lenovo (Tech Brands: Engagement*),Index,Q3 2018 (Survey Waves),False,100
lenovo_gwi_core_tech_brands_crosstab_export_2026-06-09.xlsx,f1eac9e09e90c47fe98e22784303079d9c689d4890ea090235fae6fc9587c1ad,Foglio1,L12,Tech Brands: Engagement*,Lenovo (Tech Brands: Engagement*),Index,Q4 2018 (Survey Waves),False,100
lenovo_gwi_core_tech_brands_crosstab_export_2026-06-09.xlsx,f1eac9e09e90c47fe98e22784303079d9c689d4890ea090235fae6fc9587c1ad,Foglio1,M12,Tech Brands: Engagement*,Lenovo (Tech Brands: Engagement*),Index,Q1 2019 (Survey Waves),False,100
lenovo_gwi_core_tech_brands_crosstab_export_2026-06-09.xlsx,f1eac9e09e90c47fe98e22784303079d9c689d4890ea090235fae6fc9587c1ad,Foglio1,N12,Tech Brands: Engagement*,Lenovo (Tech Brands: Engagement*),Index,Q2 2019 (Survey Waves),False,100
lenovo_gwi_core_tech_brands_crosstab_export_2026-06-09.xlsx,f1eac9e09e90c47fe98e22784303079d9c689d4890ea090235fae6fc9587c1ad,Foglio1,O12,Tech Brands: Engagement*,Lenovo (Tech Brands: Engagement*),Index,Q3 2019 (Survey Waves),False,100
lenovo_gwi_core_tech_brands_crosstab_export_2026-06-09.xlsx,f1eac9e09e90c47fe98e22784303079d9c689d4890ea090235fae6fc9587c1ad,Foglio1,P12,Tech Brands: Engagement*,Lenovo (Tech Brands: Engagement*),Index,Q4 2019 (Survey Waves),False,100
lenovo_gwi_core_tech_brands_crosstab_export_2026-06-09.xlsx,f1eac9e09e90c47fe98e22784303079d9c689d4890ea090235fae6fc9587c1ad,Foglio1,Q12,Tech Brands: Engagement*,Lenovo (Tech Brands: Engagement*),Index,Q1 2020 (Survey Waves),False,100
lenovo_gwi_core_tech_brands_crosstab_export_2026-06-09.xlsx,f1eac9e09e90c47fe98e22784303079d9c689d4890ea090235fae6fc9587c1ad,Foglio1,R12,Tech Brands: Engagement*,Lenovo (Tech Brands: Engagement*),Index,Q2 2020 (Survey Waves),False,100
lenovo_gwi_core_tech_brands_crosstab_export_2026-06-09.xlsx,f1eac9e09e90c47fe98e22784303079d9c689d4890ea090235fae6fc9587c1ad,Foglio1,S12,Tech Brands: Engagement*,Lenovo (Tech Brands: Engagement*),Index,Q3 2020 (Survey Waves),False,100
lenovo_gwi_core_tech_brands_crosstab_export_2026-06-09.xlsx,f1eac9e09e90c47fe98e22784303079d9c689d4890ea090235fae6fc9587c1ad,Foglio1,T12,Tech Brands: Engagement*,Lenovo (Tech Brands: Engagement*),Index,Q4 2020 (Survey Waves),False,100
lenovo_gwi_core_tech_brands_crosstab_export_2026-06-09.xlsx,f1eac9e09e90c47fe98e22784303079d9c689d4890ea090235fae6fc9587c1ad,Foglio1,U12,Tech Brands: Engagement*,Lenovo (Tech Brands: Engagement*),Index,Q1 2021 (Survey Waves),False,100
lenovo_gwi_core_tech_brands_crosstab_export_2026-06-09.xlsx,f1eac9e09e90c47fe98e22784303079d9c689d4890ea090235fae6fc9587c1ad,Foglio1,V12,Tech Brands: Engagement*,Lenovo (Tech Brands: Engagement*),Index,Q2 2021 (Survey Waves),False,100
lenovo_gwi_core_tech_brands_crosstab_export_2026-06-09.xlsx,f1eac9e09e90c47fe98e22784303079d9c689d4890ea090235fae6fc9587c1ad,Foglio1,W12,Tech Brands: Engagement*,Lenovo (Tech Brands: Engagement*),Index,Q3 2021 (Survey Waves),False,100
lenovo_gwi_core_tech_brands_crosstab_export_2026-06-09.xlsx,f1eac9e09e90c47fe98e22784303079d9c689d4890ea090235fae6fc9587c1ad,Foglio1,X12,Tech Brands: Engagement*,Lenovo (Tech Brands: Engagement*),Index,Q4 2021 (Survey Waves),False,100
lenovo_gwi_core_tech_brands_crosstab_export_2026-06-09.xlsx,f1eac9e09e90c47fe98e22784303079d9c689d4890ea090235fae6fc9587c1ad,Foglio1,Y12,Tech Brands: Engagement*,Lenovo (Tech Brands: Engagement*),Index,Q1 2022 (Survey Waves),False,100
lenovo_gwi_core_tech_brands_crosstab_export_2026-06-09.xlsx,f1eac9e09e90c47fe98e22784303079d9c689d4890ea090235fae6fc9587c1ad,Foglio1,Z12,Tech Brands: Engagement*,Lenovo (Tech Brands: Engagement*),Index,Q2 2022 (Survey Waves),False,100
lenovo_gwi_core_tech_brands_crosstab_export_2026-06-09.xlsx,f1eac9e09e90c47fe98e22784303079d9c689d4890ea090235fae6fc9587c1ad,Foglio1,AA12,Tech Brands: Engagement*,Lenovo (Tech Brands: Engagement*),Index,Q3 2022 (Survey Waves),False,100
lenovo_gwi_core_tech_brands_crosstab_export_2026-06-09.xlsx,f1eac9e09e90c47fe98e22784303079d9c689d4890ea090235fae6fc9587c1ad,Foglio1,AB12,Tech Brands: Engagement*,Lenovo (Tech Brands: Engagement*),Index,Q4 2022 (Survey Waves),False,100
lenovo_gwi_core_tech_brands_crosstab_export_2026-06-09.xlsx,f1eac9e09e90c47fe98e22784303079d9c689d4890ea090235fae6fc9587c1ad,Foglio1,AC12,Tech Brands: Engagement*,Lenovo (Tech Brands: Engagement*),Index,Q1 2023 (Survey Waves),False,100
lenovo_gwi_core_tech_brands_crosstab_export_2026-06-09.xlsx,f1eac9e09e90c47fe98e22784303079d9c689d4890ea090235fae6fc9587c1ad,Foglio1,AD12,Tech Brands: Engagement*,Lenovo (Tech Brands: Engagement*),Index,Q2 2023 (Survey Waves),False,100
lenovo_gwi_core_tech_brands_crosstab_export_2026-06-09.xlsx,f1eac9e09e90c47fe98e22784303079d9c689d4890ea090235fae6fc9587c1ad,Foglio1,AE12,Tech Brands: Engagement*,Lenovo (Tech Brands: Engagement*),Index,Q3 2023 (Survey Waves),False,100
lenovo_gwi_core_tech_brands_crosstab_export_2026-06-09.xlsx,f1eac9e09e90c47fe98e22784303079d9c689d4890ea090235fae6fc9587c1ad,Foglio1,AF12,Tech Brands: Engagement*,Lenovo (Tech Brands: Engagement*),Index,Q4 2023 (Survey Waves),False,100
lenovo_gwi_core_tech_brands_crosstab_export_2026-06-09.xlsx,f1eac9e09e90c47fe98e22784303079d9c689d4890ea090235fae6fc9587c1ad,Foglio1,AG12,Tech Brands: Engagement*,Lenovo (Tech Brands: Engagement*),Index,Q1 2024 (Survey Waves),False,100
lenovo_gwi_core_tech_brands_crosstab_export_2026-06-09.xlsx,f1eac9e09e90c47fe98e22784303079d9c689d4890ea090235fae6fc9587c1ad,Foglio1,AH12,Tech Brands: Engagement*,Lenovo (Tech Brands: Engagement*),Index,Q2 2024 (Survey Waves),False,100
lenovo_gwi_core_tech_brands_crosstab_export_2026-06-09.xlsx,f1eac9e09e90c47fe98e22784303079d9c689d4890ea090235fae6fc9587c1ad,Foglio1,AI12,Tech Brands: Engagement*,Lenovo (Tech Brands: Engagement*),Index,Q3 2024 (Survey Waves),False,100
lenovo_gwi_core_tech_brands_crosstab_export_2026-06-09.xlsx,f1eac9e09e90c47fe98e22784303079d9c689d4890ea090235fae6fc9587c1ad,Foglio1,AJ12,Tech Brands: Engagement*,Lenovo (Tech Brands: Engagement*),Index,Q4 2024 (Survey Waves),False,100
lenovo_gwi_core_tech_brands_crosstab_export_2026-06-09.xlsx,f1eac9e09e90c47fe98e22784303079d9c689d4890ea090235fae6fc9587c1ad,Foglio1,AK12,Tech Brands: Engagement*,Lenovo (Tech Brands: Engagement*),Index,Q1 2025 (Survey Waves),False,100
lenovo_gwi_core_tech_brands_crosstab_export_2026-06-09.xlsx,f1eac9e09e90c47fe98e22784303079d9c689d4890ea090235fae6fc9587c1ad,Foglio1,AL12,Tech Brands: Engagement*,Lenovo (Tech Brands: Engagement*),Index,Q2 2025 (Survey Waves),False,100
lenovo_gwi_core_tech_brands_crosstab_export_2026-06-09.xlsx,f1eac9e09e90c47fe98e22784303079d9c689d4890ea090235fae6fc9587c1ad,Foglio1,AM12,Tech Brands: Engagement*,Lenovo (Tech Brands: Engagement*),Index,Q3 2025 (Survey Waves),False,100
lenovo_gwi_core_tech_brands_crosstab_export_2026-06-09.xlsx,f1eac9e09e90c47fe98e22784303079d9c689d4890ea090235fae6fc9587c1ad,Foglio1,AN12,Tech Brands: Engagement*,Lenovo (Tech Brands: Engagement*),Index,Q4 2025 (Survey Waves),False,100
lenovo_gwi_core_tech_brands_crosstab_export_2026-06-09.xlsx,f1eac9e09e90c47fe98e22784303079d9c689d4890ea090235fae6fc9587c1ad,Foglio1,AO12,Tech Brands: Engagement*,Lenovo (Tech Brands: Engagement*),Index,Q1 2026 (Survey Waves),False,100
lenovo_gwi_core_tech_brands_crosstab_export_2026-06-09.xlsx,f1eac9e09e90c47fe98e22784303079d9c689d4890ea090235fae6fc9587c1ad,Foglio1,D13,Tech Brands: Consideration*,Lenovo (Tech Brands: Consideration*),Universe,Totals,True,306448729
lenovo_gwi_core_tech_brands_crosstab_export_2026-06-09.xlsx,f1eac9e09e90c47fe98e22784303079d9c689d4890ea090235fae6fc9587c1ad,Foglio1,E13,Tech Brands: Consideration*,Lenovo (Tech Brands: Consideration*),Universe,Q1 2017 (Survey Waves),False,383429845
lenovo_gwi_core_tech_brands_crosstab_export_2026-06-09.xlsx,f1eac9e09e90c47fe98e22784303079d9c689d4890ea090235fae6fc9587c1ad,Foglio1,F13,Tech Brands: Consideration*,Lenovo (Tech Brands: Consideration*),Universe,Q2 2017 (Survey Waves),False,358840146
lenovo_gwi_core_tech_brands_crosstab_export_2026-06-09.xlsx,f1eac9e09e90c47fe98e22784303079d9c689d4890ea090235fae6fc9587c1ad,Foglio1,G13,Tech Brands: Consideration*,Lenovo (Tech Brands: Consideration*),Universe,Q3 2017 (Survey Waves),False,367916944
lenovo_gwi_core_tech_brands_crosstab_export_2026-06-09.xlsx,f1eac9e09e90c47fe98e22784303079d9c689d4890ea090235fae6fc9587c1ad,Foglio1,H13,Tech Brands: Consideration*,Lenovo (Tech Brands: Consideration*),Universe,Q4 2017 (Survey Waves),False,385150160
lenovo_gwi_core_tech_brands_crosstab_export_2026-06-09.xlsx,f1eac9e09e90c47fe98e22784303079d9c689d4890ea090235fae6fc9587c1ad,Foglio1,I13,Tech Brands: Consideration*,Lenovo (Tech Brands: Consideration*),Universe,Q1 2018 (Survey Waves),False,365281815
lenovo_gwi_core_tech_brands_crosstab_export_2026-06-09.xlsx,f1eac9e09e90c47fe98e22784303079d9c689d4890ea090235fae6fc9587c1ad,Foglio1,J13,Tech Brands: Consideration*,Lenovo (Tech Brands: Consideration*),Universe,Q2 2018 (Survey Waves),False,337641095
lenovo_gwi_core_tech_brands_crosstab_export_2026-06-09.xlsx,f1eac9e09e90c47fe98e22784303079d9c689d4890ea090235fae6fc9587c1ad,Foglio1,K13,Tech Brands: Consideration*,Lenovo (Tech Brands: Consideration*),Universe,Q3 2018 (Survey Waves),False,327981053
lenovo_gwi_core_tech_brands_crosstab_export_2026-06-09.xlsx,f1eac9e09e90c47fe98e22784303079d9c689d4890ea090235fae6fc9587c1ad,Foglio1,L13,Tech Brands: Consideration*,Lenovo (Tech Brands: Consideration*),Universe,Q4 2018 (Survey Waves),False,317277764
lenovo_gwi_core_tech_brands_crosstab_export_2026-06-09.xlsx,f1eac9e09e90c47fe98e22784303079d9c689d4890ea090235fae6fc9587c1ad,Foglio1,M13,Tech Brands: Consideration*,Lenovo (Tech Brands: Consideration*),Universe,Q1 2019 (Survey Waves),False,306255534
lenovo_gwi_core_tech_brands_crosstab_export_2026-06-09.xlsx,f1eac9e09e90c47fe98e22784303079d9c689d4890ea090235fae6fc9587c1ad,Foglio1,N13,Tech Brands: Consideration*,Lenovo (Tech Brands: Consideration*),Universe,Q2 2019 (Survey Waves),False,306980966
lenovo_gwi_core_tech_brands_crosstab_export_2026-06-09.xlsx,f1eac9e09e90c47fe98e22784303079d9c689d4890ea090235fae6fc9587c1ad,Foglio1,O13,Tech Brands: Consideration*,Lenovo (Tech Brands: Consideration*),Universe,Q3 2019 (Survey Waves),False,288893782
lenovo_gwi_core_tech_brands_crosstab_export_2026-06-09.xlsx,f1eac9e09e90c47fe98e22784303079d9c689d4890ea090235fae6fc9587c1ad,Foglio1,P13,Tech Brands: Consideration*,Lenovo (Tech Brands: Consideration*),Universe,Q4 2019 (Survey Waves),False,293404226
lenovo_gwi_core_tech_brands_crosstab_export_2026-06-09.xlsx,f1eac9e09e90c47fe98e22784303079d9c689d4890ea090235fae6fc9587c1ad,Foglio1,Q13,Tech Brands: Consideration*,Lenovo (Tech Brands: Consideration*),Universe,Q1 2020 (Survey Waves),False,283181285
lenovo_gwi_core_tech_brands_crosstab_export_2026-06-09.xlsx,f1eac9e09e90c47fe98e22784303079d9c689d4890ea090235fae6fc9587c1ad,Foglio1,R13,Tech Brands: Consideration*,Lenovo (Tech Brands: Consideration*),Universe,Q2 2020 (Survey Waves),False,273303722
lenovo_gwi_core_tech_brands_crosstab_export_2026-06-09.xlsx,f1eac9e09e90c47fe98e22784303079d9c689d4890ea090235fae6fc9587c1ad,Foglio1,S13,Tech Brands: Consideration*,Lenovo (Tech Brands: Consideration*),Universe,Q3 2020 (Survey Waves),False,275294224
lenovo_gwi_core_tech_brands_crosstab_export_2026-06-09.xlsx,f1eac9e09e90c47fe98e22784303079d9c689d4890ea090235fae6fc9587c1ad,Foglio1,T13,Tech Brands: Consideration*,Lenovo (Tech Brands: Consideration*),Universe,Q4 2020 (Survey Waves),False,288517021
lenovo_gwi_core_tech_brands_crosstab_export_2026-06-09.xlsx,f1eac9e09e90c47fe98e22784303079d9c689d4890ea090235fae6fc9587c1ad,Foglio1,U13,Tech Brands: Consideration*,Lenovo (Tech Brands: Consideration*),Universe,Q1 2021 (Survey Waves),False,284431665
lenovo_gwi_core_tech_brands_crosstab_export_2026-06-09.xlsx,f1eac9e09e90c47fe98e22784303079d9c689d4890ea090235fae6fc9587c1ad,Foglio1,V13,Tech Brands: Consideration*,Lenovo (Tech Brands: Consideration*),Universe,Q2 2021 (Survey Waves),False,288289319
lenovo_gwi_core_tech_brands_crosstab_export_2026-06-09.xlsx,f1eac9e09e90c47fe98e22784303079d9c689d4890ea090235fae6fc9587c1ad,Foglio1,W13,Tech Brands: Consideration*,Lenovo (Tech Brands: Consideration*),Universe,Q3 2021 (Survey Waves),False,287909391
lenovo_gwi_core_tech_brands_crosstab_export_2026-06-09.xlsx,f1eac9e09e90c47fe98e22784303079d9c689d4890ea090235fae6fc9587c1ad,Foglio1,X13,Tech Brands: Consideration*,Lenovo (Tech Brands: Consideration*),Universe,Q4 2021 (Survey Waves),False,281352091
lenovo_gwi_core_tech_brands_crosstab_export_2026-06-09.xlsx,f1eac9e09e90c47fe98e22784303079d9c689d4890ea090235fae6fc9587c1ad,Foglio1,Y13,Tech Brands: Consideration*,Lenovo (Tech Brands: Consideration*),Universe,Q1 2022 (Survey Waves),False,270622484
lenovo_gwi_core_tech_brands_crosstab_export_2026-06-09.xlsx,f1eac9e09e90c47fe98e22784303079d9c689d4890ea090235fae6fc9587c1ad,Foglio1,Z13,Tech Brands: Consideration*,Lenovo (Tech Brands: Consideration*),Universe,Q2 2022 (Survey Waves),False,267070150
lenovo_gwi_core_tech_brands_crosstab_export_2026-06-09.xlsx,f1eac9e09e90c47fe98e22784303079d9c689d4890ea090235fae6fc9587c1ad,Foglio1,AA13,Tech Brands: Consideration*,Lenovo (Tech Brands: Consideration*),Universe,Q3 2022 (Survey Waves),False,275802292
lenovo_gwi_core_tech_brands_crosstab_export_2026-06-09.xlsx,f1eac9e09e90c47fe98e22784303079d9c689d4890ea090235fae6fc9587c1ad,Foglio1,AB13,Tech Brands: Consideration*,Lenovo (Tech Brands: Consideration*),Universe,Q4 2022 (Survey Waves),False,250996438
lenovo_gwi_core_tech_brands_crosstab_export_2026-06-09.xlsx,f1eac9e09e90c47fe98e22784303079d9c689d4890ea090235fae6fc9587c1ad,Foglio1,AC13,Tech Brands: Consideration*,Lenovo (Tech Brands: Consideration*),Universe,Q1 2023 (Survey Waves),False,260579629
lenovo_gwi_core_tech_brands_crosstab_export_2026-06-09.xlsx,f1eac9e09e90c47fe98e22784303079d9c689d4890ea090235fae6fc9587c1ad,Foglio1,AD13,Tech Brands: Consideration*,Lenovo (Tech Brands: Consideration*),Universe,Q2 2023 (Survey Waves),False,262419990
lenovo_gwi_core_tech_brands_crosstab_export_2026-06-09.xlsx,f1eac9e09e90c47fe98e22784303079d9c689d4890ea090235fae6fc9587c1ad,Foglio1,AE13,Tech Brands: Consideration*,Lenovo (Tech Brands: Consideration*),Universe,Q3 2023 (Survey Waves),False,273085724
lenovo_gwi_core_tech_brands_crosstab_export_2026-06-09.xlsx,f1eac9e09e90c47fe98e22784303079d9c689d4890ea090235fae6fc9587c1ad,Foglio1,AF13,Tech Brands: Consideration*,Lenovo (Tech Brands: Consideration*),Universe,Q4 2023 (Survey Waves),False,278618776
lenovo_gwi_core_tech_brands_crosstab_export_2026-06-09.xlsx,f1eac9e09e90c47fe98e22784303079d9c689d4890ea090235fae6fc9587c1ad,Foglio1,AG13,Tech Brands: Consideration*,Lenovo (Tech Brands: Consideration*),Universe,Q1 2024 (Survey Waves),False,292832811
lenovo_gwi_core_tech_brands_crosstab_export_2026-06-09.xlsx,f1eac9e09e90c47fe98e22784303079d9c689d4890ea090235fae6fc9587c1ad,Foglio1,AH13,Tech Brands: Consideration*,Lenovo (Tech Brands: Consideration*),Universe,Q2 2024 (Survey Waves),False,312018702
lenovo_gwi_core_tech_brands_crosstab_export_2026-06-09.xlsx,f1eac9e09e90c47fe98e22784303079d9c689d4890ea090235fae6fc9587c1ad,Foglio1,AI13,Tech Brands: Consideration*,Lenovo (Tech Brands: Consideration*),Universe,Q3 2024 (Survey Waves),False,310127020
lenovo_gwi_core_tech_brands_crosstab_export_2026-06-09.xlsx,f1eac9e09e90c47fe98e22784303079d9c689d4890ea090235fae6fc9587c1ad,Foglio1,AJ13,Tech Brands: Consideration*,Lenovo (Tech Brands: Consideration*),Universe,Q4 2024 (Survey Waves),False,304179763
lenovo_gwi_core_tech_brands_crosstab_export_2026-06-09.xlsx,f1eac9e09e90c47fe98e22784303079d9c689d4890ea090235fae6fc9587c1ad,Foglio1,AK13,Tech Brands: Consideration*,Lenovo (Tech Brands: Consideration*),Universe,Q1 2025 (Survey Waves),False,321308843
lenovo_gwi_core_tech_brands_crosstab_export_2026-06-09.xlsx,f1eac9e09e90c47fe98e22784303079d9c689d4890ea090235fae6fc9587c1ad,Foglio1,AL13,Tech Brands: Consideration*,Lenovo (Tech Brands: Consideration*),Universe,Q2 2025 (Survey Waves),False,321078207
lenovo_gwi_core_tech_brands_crosstab_export_2026-06-09.xlsx,f1eac9e09e90c47fe98e22784303079d9c689d4890ea090235fae6fc9587c1ad,Foglio1,AM13,Tech Brands: Consideration*,Lenovo (Tech Brands: Consideration*),Universe,Q3 2025 (Survey Waves),False,338075513
lenovo_gwi_core_tech_brands_crosstab_export_2026-06-09.xlsx,f1eac9e09e90c47fe98e22784303079d9c689d4890ea090235fae6fc9587c1ad,Foglio1,AN13,Tech Brands: Consideration*,Lenovo (Tech Brands: Consideration*),Universe,Q4 2025 (Survey Waves),False,343254340
lenovo_gwi_core_tech_brands_crosstab_export_2026-06-09.xlsx,f1eac9e09e90c47fe98e22784303079d9c689d4890ea090235fae6fc9587c1ad,Foglio1,AO13,Tech Brands: Consideration*,Lenovo (Tech Brands: Consideration*),Universe,Q1 2026 (Survey Waves),False,355200250
lenovo_gwi_core_tech_brands_crosstab_export_2026-06-09.xlsx,f1eac9e09e90c47fe98e22784303079d9c689d4890ea090235fae6fc9587c1ad,Foglio1,D14,Tech Brands: Consideration*,Lenovo (Tech Brands: Consideration*),Responses,Totals,True,276396
lenovo_gwi_core_tech_brands_crosstab_export_2026-06-09.xlsx,f1eac9e09e90c47fe98e22784303079d9c689d4890ea090235fae6fc9587c1ad,Foglio1,E14,Tech Brands: Consideration*,Lenovo (Tech Brands: Consideration*),Responses,Q1 2017 (Survey Waves),False,4186
lenovo_gwi_core_tech_brands_crosstab_export_2026-06-09.xlsx,f1eac9e09e90c47fe98e22784303079d9c689d4890ea090235fae6fc9587c1ad,Foglio1,F14,Tech Brands: Consideration*,Lenovo (Tech Brands: Consideration*),Responses,Q2 2017 (Survey Waves),False,3795
lenovo_gwi_core_tech_brands_crosstab_export_2026-06-09.xlsx,f1eac9e09e90c47fe98e22784303079d9c689d4890ea090235fae6fc9587c1ad,Foglio1,G14,Tech Brands: Consideration*,Lenovo (Tech Brands: Consideration*),Responses,Q3 2017 (Survey Waves),False,3883
lenovo_gwi_core_tech_brands_crosstab_export_2026-06-09.xlsx,f1eac9e09e90c47fe98e22784303079d9c689d4890ea090235fae6fc9587c1ad,Foglio1,H14,Tech Brands: Consideration*,Lenovo (Tech Brands: Consideration*),Responses,Q4 2017 (Survey Waves),False,4484
lenovo_gwi_core_tech_brands_crosstab_export_2026-06-09.xlsx,f1eac9e09e90c47fe98e22784303079d9c689d4890ea090235fae6fc9587c1ad,Foglio1,I14,Tech Brands: Consideration*,Lenovo (Tech Brands: Consideration*),Responses,Q1 2018 (Survey Waves),False,6328
lenovo_gwi_core_tech_brands_crosstab_export_2026-06-09.xlsx,f1eac9e09e90c47fe98e22784303079d9c689d4890ea090235fae6fc9587c1ad,Foglio1,J14,Tech Brands: Consideration*,Lenovo (Tech Brands: Consideration*),Responses,Q2 2018 (Survey Waves),False,5214
lenovo_gwi_core_tech_brands_crosstab_export_2026-06-09.xlsx,f1eac9e09e90c47fe98e22784303079d9c689d4890ea090235fae6fc9587c1ad,Foglio1,K14,Tech Brands: Consideration*,Lenovo (Tech Brands: Consideration*),Responses,Q3 2018 (Survey Waves),False,5053
lenovo_gwi_core_tech_brands_crosstab_export_2026-06-09.xlsx,f1eac9e09e90c47fe98e22784303079d9c689d4890ea090235fae6fc9587c1ad,Foglio1,L14,Tech Brands: Consideration*,Lenovo (Tech Brands: Consideration*),Responses,Q4 2018 (Survey Waves),False,5523
lenovo_gwi_core_tech_brands_crosstab_export_2026-06-09.xlsx,f1eac9e09e90c47fe98e22784303079d9c689d4890ea090235fae6fc9587c1ad,Foglio1,M14,Tech Brands: Consideration*,Lenovo (Tech Brands: Consideration*),Responses,Q1 2019 (Survey Waves),False,6297
lenovo_gwi_core_tech_brands_crosstab_export_2026-06-09.xlsx,f1eac9e09e90c47fe98e22784303079d9c689d4890ea090235fae6fc9587c1ad,Foglio1,N14,Tech Brands: Consideration*,Lenovo (Tech Brands: Consideration*),Responses,Q2 2019 (Survey Waves),False,6128
lenovo_gwi_core_tech_brands_crosstab_export_2026-06-09.xlsx,f1eac9e09e90c47fe98e22784303079d9c689d4890ea090235fae6fc9587c1ad,Foglio1,O14,Tech Brands: Consideration*,Lenovo (Tech Brands: Consideration*),Responses,Q3 2019 (Survey Waves),False,6381
lenovo_gwi_core_tech_brands_crosstab_export_2026-06-09.xlsx,f1eac9e09e90c47fe98e22784303079d9c689d4890ea090235fae6fc9587c1ad,Foglio1,P14,Tech Brands: Consideration*,Lenovo (Tech Brands: Consideration*),Responses,Q4 2019 (Survey Waves),False,7128
lenovo_gwi_core_tech_brands_crosstab_export_2026-06-09.xlsx,f1eac9e09e90c47fe98e22784303079d9c689d4890ea090235fae6fc9587c1ad,Foglio1,Q14,Tech Brands: Consideration*,Lenovo (Tech Brands: Consideration*),Responses,Q1 2020 (Survey Waves),False,7553
lenovo_gwi_core_tech_brands_crosstab_export_2026-06-09.xlsx,f1eac9e09e90c47fe98e22784303079d9c689d4890ea090235fae6fc9587c1ad,Foglio1,R14,Tech Brands: Consideration*,Lenovo (Tech Brands: Consideration*),Responses,Q2 2020 (Survey Waves),False,5865
lenovo_gwi_core_tech_brands_crosstab_export_2026-06-09.xlsx,f1eac9e09e90c47fe98e22784303079d9c689d4890ea090235fae6fc9587c1ad,Foglio1,S14,Tech Brands: Consideration*,Lenovo (Tech Brands: Consideration*),Responses,Q3 2020 (Survey Waves),False,6071
lenovo_gwi_core_tech_brands_crosstab_export_2026-06-09.xlsx,f1eac9e09e90c47fe98e22784303079d9c689d4890ea090235fae6fc9587c1ad,Foglio1,T14,Tech Brands: Consideration*,Lenovo (Tech Brands: Consideration*),Responses,Q4 2020 (Survey Waves),False,6849
lenovo_gwi_core_tech_brands_crosstab_export_2026-06-09.xlsx,f1eac9e09e90c47fe98e22784303079d9c689d4890ea090235fae6fc9587c1ad,Foglio1,U14,Tech Brands: Consideration*,Lenovo (Tech Brands: Consideration*),Responses,Q1 2021 (Survey Waves),False,6689
lenovo_gwi_core_tech_brands_crosstab_export_2026-06-09.xlsx,f1eac9e09e90c47fe98e22784303079d9c689d4890ea090235fae6fc9587c1ad,Foglio1,V14,Tech Brands: Consideration*,Lenovo (Tech Brands: Consideration*),Responses,Q2 2021 (Survey Waves),False,6695
lenovo_gwi_core_tech_brands_crosstab_export_2026-06-09.xlsx,f1eac9e09e90c47fe98e22784303079d9c689d4890ea090235fae6fc9587c1ad,Foglio1,W14,Tech Brands: Consideration*,Lenovo (Tech Brands: Consideration*),Responses,Q3 2021 (Survey Waves),False,7852
lenovo_gwi_core_tech_brands_crosstab_export_2026-06-09.xlsx,f1eac9e09e90c47fe98e22784303079d9c689d4890ea090235fae6fc9587c1ad,Foglio1,X14,Tech Brands: Consideration*,Lenovo (Tech Brands: Consideration*),Responses,Q4 2021 (Survey Waves),False,8428
lenovo_gwi_core_tech_brands_crosstab_export_2026-06-09.xlsx,f1eac9e09e90c47fe98e22784303079d9c689d4890ea090235fae6fc9587c1ad,Foglio1,Y14,Tech Brands: Consideration*,Lenovo (Tech Brands: Consideration*),Responses,Q1 2022 (Survey Waves),False,9113
lenovo_gwi_core_tech_brands_crosstab_export_2026-06-09.xlsx,f1eac9e09e90c47fe98e22784303079d9c689d4890ea090235fae6fc9587c1ad,Foglio1,Z14,Tech Brands: Consideration*,Lenovo (Tech Brands: Consideration*),Responses,Q2 2022 (Survey Waves),False,9246
lenovo_gwi_core_tech_brands_crosstab_export_2026-06-09.xlsx,f1eac9e09e90c47fe98e22784303079d9c689d4890ea090235fae6fc9587c1ad,Foglio1,AA14,Tech Brands: Consideration*,Lenovo (Tech Brands: Consideration*),Responses,Q3 2022 (Survey Waves),False,9137
lenovo_gwi_core_tech_brands_crosstab_export_2026-06-09.xlsx,f1eac9e09e90c47fe98e22784303079d9c689d4890ea090235fae6fc9587c1ad,Foglio1,AB14,Tech Brands: Consideration*,Lenovo (Tech Brands: Consideration*),Responses,Q4 2022 (Survey Waves),False,8863
lenovo_gwi_core_tech_brands_crosstab_export_2026-06-09.xlsx,f1eac9e09e90c47fe98e22784303079d9c689d4890ea090235fae6fc9587c1ad,Foglio1,AC14,Tech Brands: Consideration*,Lenovo (Tech Brands: Consideration*),Responses,Q1 2023 (Survey Waves),False,8819
lenovo_gwi_core_tech_brands_crosstab_export_2026-06-09.xlsx,f1eac9e09e90c47fe98e22784303079d9c689d4890ea090235fae6fc9587c1ad,Foglio1,AD14,Tech Brands: Consideration*,Lenovo (Tech Brands: Consideration*),Responses,Q2 2023 (Survey Waves),False,9178
lenovo_gwi_core_tech_brands_crosstab_export_2026-06-09.xlsx,f1eac9e09e90c47fe98e22784303079d9c689d4890ea090235fae6fc9587c1ad,Foglio1,AE14,Tech Brands: Consideration*,Lenovo (Tech Brands: Consideration*),Responses,Q3 2023 (Survey Waves),False,9014
lenovo_gwi_core_tech_brands_crosstab_export_2026-06-09.xlsx,f1eac9e09e90c47fe98e22784303079d9c689d4890ea090235fae6fc9587c1ad,Foglio1,AF14,Tech Brands: Consideration*,Lenovo (Tech Brands: Consideration*),Responses,Q4 2023 (Survey Waves),False,9087
lenovo_gwi_core_tech_brands_crosstab_export_2026-06-09.xlsx,f1eac9e09e90c47fe98e22784303079d9c689d4890ea090235fae6fc9587c1ad,Foglio1,AG14,Tech Brands: Consideration*,Lenovo (Tech Brands: Consideration*),Responses,Q1 2024 (Survey Waves),False,8224
lenovo_gwi_core_tech_brands_crosstab_export_2026-06-09.xlsx,f1eac9e09e90c47fe98e22784303079d9c689d4890ea090235fae6fc9587c1ad,Foglio1,AH14,Tech Brands: Consideration*,Lenovo (Tech Brands: Consideration*),Responses,Q2 2024 (Survey Waves),False,9348
lenovo_gwi_core_tech_brands_crosstab_export_2026-06-09.xlsx,f1eac9e09e90c47fe98e22784303079d9c689d4890ea090235fae6fc9587c1ad,Foglio1,AI14,Tech Brands: Consideration*,Lenovo (Tech Brands: Consideration*),Responses,Q3 2024 (Survey Waves),False,9462
lenovo_gwi_core_tech_brands_crosstab_export_2026-06-09.xlsx,f1eac9e09e90c47fe98e22784303079d9c689d4890ea090235fae6fc9587c1ad,Foglio1,AJ14,Tech Brands: Consideration*,Lenovo (Tech Brands: Consideration*),Responses,Q4 2024 (Survey Waves),False,9133
lenovo_gwi_core_tech_brands_crosstab_export_2026-06-09.xlsx,f1eac9e09e90c47fe98e22784303079d9c689d4890ea090235fae6fc9587c1ad,Foglio1,AK14,Tech Brands: Consideration*,Lenovo (Tech Brands: Consideration*),Responses,Q1 2025 (Survey Waves),False,9076
lenovo_gwi_core_tech_brands_crosstab_export_2026-06-09.xlsx,f1eac9e09e90c47fe98e22784303079d9c689d4890ea090235fae6fc9587c1ad,Foglio1,AL14,Tech Brands: Consideration*,Lenovo (Tech Brands: Consideration*),Responses,Q2 2025 (Survey Waves),False,9141
lenovo_gwi_core_tech_brands_crosstab_export_2026-06-09.xlsx,f1eac9e09e90c47fe98e22784303079d9c689d4890ea090235fae6fc9587c1ad,Foglio1,AM14,Tech Brands: Consideration*,Lenovo (Tech Brands: Consideration*),Responses,Q3 2025 (Survey Waves),False,9510
lenovo_gwi_core_tech_brands_crosstab_export_2026-06-09.xlsx,f1eac9e09e90c47fe98e22784303079d9c689d4890ea090235fae6fc9587c1ad,Foglio1,AN14,Tech Brands: Consideration*,Lenovo (Tech Brands: Consideration*),Responses,Q4 2025 (Survey Waves),False,9843
lenovo_gwi_core_tech_brands_crosstab_export_2026-06-09.xlsx,f1eac9e09e90c47fe98e22784303079d9c689d4890ea090235fae6fc9587c1ad,Foglio1,AO14,Tech Brands: Consideration*,Lenovo (Tech Brands: Consideration*),Responses,Q1 2026 (Survey Waves),False,9800
lenovo_gwi_core_tech_brands_crosstab_export_2026-06-09.xlsx,f1eac9e09e90c47fe98e22784303079d9c689d4890ea090235fae6fc9587c1ad,Foglio1,D15,Tech Brands: Consideration*,Lenovo (Tech Brands: Consideration*),Column %,Totals,True,0.12300000000000001
lenovo_gwi_core_tech_brands_crosstab_export_2026-06-09.xlsx,f1eac9e09e90c47fe98e22784303079d9c689d4890ea090235fae6fc9587c1ad,Foglio1,E15,Tech Brands: Consideration*,Lenovo (Tech Brands: Consideration*),Column %,Q1 2017 (Survey Waves),False,0.192
lenovo_gwi_core_tech_brands_crosstab_export_2026-06-09.xlsx,f1eac9e09e90c47fe98e22784303079d9c689d4890ea090235fae6fc9587c1ad,Foglio1,F15,Tech Brands: Consideration*,Lenovo (Tech Brands: Consideration*),Column %,Q2 2017 (Survey Waves),False,0.17800000000000002
lenovo_gwi_core_tech_brands_crosstab_export_2026-06-09.xlsx,f1eac9e09e90c47fe98e22784303079d9c689d4890ea090235fae6fc9587c1ad,Foglio1,G15,Tech Brands: Consideration*,Lenovo (Tech Brands: Consideration*),Column %,Q3 2017 (Survey Waves),False,0.182
lenovo_gwi_core_tech_brands_crosstab_export_2026-06-09.xlsx,f1eac9e09e90c47fe98e22784303079d9c689d4890ea090235fae6fc9587c1ad,Foglio1,H15,Tech Brands: Consideration*,Lenovo (Tech Brands: Consideration*),Column %,Q4 2017 (Survey Waves),False,0.188
lenovo_gwi_core_tech_brands_crosstab_export_2026-06-09.xlsx,f1eac9e09e90c47fe98e22784303079d9c689d4890ea090235fae6fc9587c1ad,Foglio1,I15,Tech Brands: Consideration*,Lenovo (Tech Brands: Consideration*),Column %,Q1 2018 (Survey Waves),False,0.174
lenovo_gwi_core_tech_brands_crosstab_export_2026-06-09.xlsx,f1eac9e09e90c47fe98e22784303079d9c689d4890ea090235fae6fc9587c1ad,Foglio1,J15,Tech Brands: Consideration*,Lenovo (Tech Brands: Consideration*),Column %,Q2 2018 (Survey Waves),False,0.156
lenovo_gwi_core_tech_brands_crosstab_export_2026-06-09.xlsx,f1eac9e09e90c47fe98e22784303079d9c689d4890ea090235fae6fc9587c1ad,Foglio1,K15,Tech Brands: Consideration*,Lenovo (Tech Brands: Consideration*),Column %,Q3 2018 (Survey Waves),False,0.151
lenovo_gwi_core_tech_brands_crosstab_export_2026-06-09.xlsx,f1eac9e09e90c47fe98e22784303079d9c689d4890ea090235fae6fc9587c1ad,Foglio1,L15,Tech Brands: Consideration*,Lenovo (Tech Brands: Consideration*),Column %,Q4 2018 (Survey Waves),False,0.14300000000000002
lenovo_gwi_core_tech_brands_crosstab_export_2026-06-09.xlsx,f1eac9e09e90c47fe98e22784303079d9c689d4890ea090235fae6fc9587c1ad,Foglio1,M15,Tech Brands: Consideration*,Lenovo (Tech Brands: Consideration*),Column %,Q1 2019 (Survey Waves),False,0.136
lenovo_gwi_core_tech_brands_crosstab_export_2026-06-09.xlsx,f1eac9e09e90c47fe98e22784303079d9c689d4890ea090235fae6fc9587c1ad,Foglio1,N15,Tech Brands: Consideration*,Lenovo (Tech Brands: Consideration*),Column %,Q2 2019 (Survey Waves),False,0.135
lenovo_gwi_core_tech_brands_crosstab_export_2026-06-09.xlsx,f1eac9e09e90c47fe98e22784303079d9c689d4890ea090235fae6fc9587c1ad,Foglio1,O15,Tech Brands: Consideration*,Lenovo (Tech Brands: Consideration*),Column %,Q3 2019 (Survey Waves),False,0.125
lenovo_gwi_core_tech_brands_crosstab_export_2026-06-09.xlsx,f1eac9e09e90c47fe98e22784303079d9c689d4890ea090235fae6fc9587c1ad,Foglio1,P15,Tech Brands: Consideration*,Lenovo (Tech Brands: Consideration*),Column %,Q4 2019 (Survey Waves),False,0.125
lenovo_gwi_core_tech_brands_crosstab_export_2026-06-09.xlsx,f1eac9e09e90c47fe98e22784303079d9c689d4890ea090235fae6fc9587c1ad,Foglio1,Q15,Tech Brands: Consideration*,Lenovo (Tech Brands: Consideration*),Column %,Q1 2020 (Survey Waves),False,0.12
lenovo_gwi_core_tech_brands_crosstab_export_2026-06-09.xlsx,f1eac9e09e90c47fe98e22784303079d9c689d4890ea090235fae6fc9587c1ad,Foglio1,R15,Tech Brands: Consideration*,Lenovo (Tech Brands: Consideration*),Column %,Q2 2020 (Survey Waves),False,0.115
lenovo_gwi_core_tech_brands_crosstab_export_2026-06-09.xlsx,f1eac9e09e90c47fe98e22784303079d9c689d4890ea090235fae6fc9587c1ad,Foglio1,S15,Tech Brands: Consideration*,Lenovo (Tech Brands: Consideration*),Column %,Q3 2020 (Survey Waves),False,0.115
lenovo_gwi_core_tech_brands_crosstab_export_2026-06-09.xlsx,f1eac9e09e90c47fe98e22784303079d9c689d4890ea090235fae6fc9587c1ad,Foglio1,T15,Tech Brands: Consideration*,Lenovo (Tech Brands: Consideration*),Column %,Q4 2020 (Survey Waves),False,0.11900000000000001
lenovo_gwi_core_tech_brands_crosstab_export_2026-06-09.xlsx,f1eac9e09e90c47fe98e22784303079d9c689d4890ea090235fae6fc9587c1ad,Foglio1,U15,Tech Brands: Consideration*,Lenovo (Tech Brands: Consideration*),Column %,Q1 2021 (Survey Waves),False,0.11599999999999999
lenovo_gwi_core_tech_brands_crosstab_export_2026-06-09.xlsx,f1eac9e09e90c47fe98e22784303079d9c689d4890ea090235fae6fc9587c1ad,Foglio1,V15,Tech Brands: Consideration*,Lenovo (Tech Brands: Consideration*),Column %,Q2 2021 (Survey Waves),False,0.11699999999999999
lenovo_gwi_core_tech_brands_crosstab_export_2026-06-09.xlsx,f1eac9e09e90c47fe98e22784303079d9c689d4890ea090235fae6fc9587c1ad,Foglio1,W15,Tech Brands: Consideration*,Lenovo (Tech Brands: Consideration*),Column %,Q3 2021 (Survey Waves),False,0.11599999999999999
lenovo_gwi_core_tech_brands_crosstab_export_2026-06-09.xlsx,f1eac9e09e90c47fe98e22784303079d9c689d4890ea090235fae6fc9587c1ad,Foglio1,X15,Tech Brands: Consideration*,Lenovo (Tech Brands: Consideration*),Column %,Q4 2021 (Survey Waves),False,0.11199999999999999
lenovo_gwi_core_tech_brands_crosstab_export_2026-06-09.xlsx,f1eac9e09e90c47fe98e22784303079d9c689d4890ea090235fae6fc9587c1ad,Foglio1,Y15,Tech Brands: Consideration*,Lenovo (Tech Brands: Consideration*),Column %,Q1 2022 (Survey Waves),False,0.10800000000000001
lenovo_gwi_core_tech_brands_crosstab_export_2026-06-09.xlsx,f1eac9e09e90c47fe98e22784303079d9c689d4890ea090235fae6fc9587c1ad,Foglio1,Z15,Tech Brands: Consideration*,Lenovo (Tech Brands: Consideration*),Column %,Q2 2022 (Survey Waves),False,0.106
lenovo_gwi_core_tech_brands_crosstab_export_2026-06-09.xlsx,f1eac9e09e90c47fe98e22784303079d9c689d4890ea090235fae6fc9587c1ad,Foglio1,AA15,Tech Brands: Consideration*,Lenovo (Tech Brands: Consideration*),Column %,Q3 2022 (Survey Waves),False,0.109
lenovo_gwi_core_tech_brands_crosstab_export_2026-06-09.xlsx,f1eac9e09e90c47fe98e22784303079d9c689d4890ea090235fae6fc9587c1ad,Foglio1,AB15,Tech Brands: Consideration*,Lenovo (Tech Brands: Consideration*),Column %,Q4 2022 (Survey Waves),False,0.099
lenovo_gwi_core_tech_brands_crosstab_export_2026-06-09.xlsx,f1eac9e09e90c47fe98e22784303079d9c689d4890ea090235fae6fc9587c1ad,Foglio1,AC15,Tech Brands: Consideration*,Lenovo (Tech Brands: Consideration*),Column %,Q1 2023 (Survey Waves),False,0.102
lenovo_gwi_core_tech_brands_crosstab_export_2026-06-09.xlsx,f1eac9e09e90c47fe98e22784303079d9c689d4890ea090235fae6fc9587c1ad,Foglio1,AD15,Tech Brands: Consideration*,Lenovo (Tech Brands: Consideration*),Column %,Q2 2023 (Survey Waves),False,0.10099999999999999
lenovo_gwi_core_tech_brands_crosstab_export_2026-06-09.xlsx,f1eac9e09e90c47fe98e22784303079d9c689d4890ea090235fae6fc9587c1ad,Foglio1,AE15,Tech Brands: Consideration*,Lenovo (Tech Brands: Consideration*),Column %,Q3 2023 (Survey Waves),False,0.10400000000000001
lenovo_gwi_core_tech_brands_crosstab_export_2026-06-09.xlsx,f1eac9e09e90c47fe98e22784303079d9c689d4890ea090235fae6fc9587c1ad,Foglio1,AF15,Tech Brands: Consideration*,Lenovo (Tech Brands: Consideration*),Column %,Q4 2023 (Survey Waves),False,0.105
lenovo_gwi_core_tech_brands_crosstab_export_2026-06-09.xlsx,f1eac9e09e90c47fe98e22784303079d9c689d4890ea090235fae6fc9587c1ad,Foglio1,AG15,Tech Brands: Consideration*,Lenovo (Tech Brands: Consideration*),Column %,Q1 2024 (Survey Waves),False,0.106
lenovo_gwi_core_tech_brands_crosstab_export_2026-06-09.xlsx,f1eac9e09e90c47fe98e22784303079d9c689d4890ea090235fae6fc9587c1ad,Foglio1,AH15,Tech Brands: Consideration*,Lenovo (Tech Brands: Consideration*),Column %,Q2 2024 (Survey Waves),False,0.11199999999999999
lenovo_gwi_core_tech_brands_crosstab_export_2026-06-09.xlsx,f1eac9e09e90c47fe98e22784303079d9c689d4890ea090235fae6fc9587c1ad,Foglio1,AI15,Tech Brands: Consideration*,Lenovo (Tech Brands: Consideration*),Column %,Q3 2024 (Survey Waves),False,0.11
lenovo_gwi_core_tech_brands_crosstab_export_2026-06-09.xlsx,f1eac9e09e90c47fe98e22784303079d9c689d4890ea090235fae6fc9587c1ad,Foglio1,AJ15,Tech Brands: Consideration*,Lenovo (Tech Brands: Consideration*),Column %,Q4 2024 (Survey Waves),False,0.106
lenovo_gwi_core_tech_brands_crosstab_export_2026-06-09.xlsx,f1eac9e09e90c47fe98e22784303079d9c689d4890ea090235fae6fc9587c1ad,Foglio1,AK15,Tech Brands: Consideration*,Lenovo (Tech Brands: Consideration*),Column %,Q1 2025 (Survey Waves),False,0.109
lenovo_gwi_core_tech_brands_crosstab_export_2026-06-09.xlsx,f1eac9e09e90c47fe98e22784303079d9c689d4890ea090235fae6fc9587c1ad,Foglio1,AL15,Tech Brands: Consideration*,Lenovo (Tech Brands: Consideration*),Column %,Q2 2025 (Survey Waves),False,0.10800000000000001
lenovo_gwi_core_tech_brands_crosstab_export_2026-06-09.xlsx,f1eac9e09e90c47fe98e22784303079d9c689d4890ea090235fae6fc9587c1ad,Foglio1,AM15,Tech Brands: Consideration*,Lenovo (Tech Brands: Consideration*),Column %,Q3 2025 (Survey Waves),False,0.11199999999999999
lenovo_gwi_core_tech_brands_crosstab_export_2026-06-09.xlsx,f1eac9e09e90c47fe98e22784303079d9c689d4890ea090235fae6fc9587c1ad,Foglio1,AN15,Tech Brands: Consideration*,Lenovo (Tech Brands: Consideration*),Column %,Q4 2025 (Survey Waves),False,0.11199999999999999
lenovo_gwi_core_tech_brands_crosstab_export_2026-06-09.xlsx,f1eac9e09e90c47fe98e22784303079d9c689d4890ea090235fae6fc9587c1ad,Foglio1,AO15,Tech Brands: Consideration*,Lenovo (Tech Brands: Consideration*),Column %,Q1 2026 (Survey Waves),False,0.115
lenovo_gwi_core_tech_brands_crosstab_export_2026-06-09.xlsx,f1eac9e09e90c47fe98e22784303079d9c689d4890ea090235fae6fc9587c1ad,Foglio1,D16,Tech Brands: Consideration*,Lenovo (Tech Brands: Consideration*),Row %,Totals,True,1
lenovo_gwi_core_tech_brands_crosstab_export_2026-06-09.xlsx,f1eac9e09e90c47fe98e22784303079d9c689d4890ea090235fae6fc9587c1ad,Foglio1,E16,Tech Brands: Consideration*,Lenovo (Tech Brands: Consideration*),Row %,Q1 2017 (Survey Waves),False,1
lenovo_gwi_core_tech_brands_crosstab_export_2026-06-09.xlsx,f1eac9e09e90c47fe98e22784303079d9c689d4890ea090235fae6fc9587c1ad,Foglio1,F16,Tech Brands: Consideration*,Lenovo (Tech Brands: Consideration*),Row %,Q2 2017 (Survey Waves),False,1
lenovo_gwi_core_tech_brands_crosstab_export_2026-06-09.xlsx,f1eac9e09e90c47fe98e22784303079d9c689d4890ea090235fae6fc9587c1ad,Foglio1,G16,Tech Brands: Consideration*,Lenovo (Tech Brands: Consideration*),Row %,Q3 2017 (Survey Waves),False,1
lenovo_gwi_core_tech_brands_crosstab_export_2026-06-09.xlsx,f1eac9e09e90c47fe98e22784303079d9c689d4890ea090235fae6fc9587c1ad,Foglio1,H16,Tech Brands: Consideration*,Lenovo (Tech Brands: Consideration*),Row %,Q4 2017 (Survey Waves),False,1
lenovo_gwi_core_tech_brands_crosstab_export_2026-06-09.xlsx,f1eac9e09e90c47fe98e22784303079d9c689d4890ea090235fae6fc9587c1ad,Foglio1,I16,Tech Brands: Consideration*,Lenovo (Tech Brands: Consideration*),Row %,Q1 2018 (Survey Waves),False,1
lenovo_gwi_core_tech_brands_crosstab_export_2026-06-09.xlsx,f1eac9e09e90c47fe98e22784303079d9c689d4890ea090235fae6fc9587c1ad,Foglio1,J16,Tech Brands: Consideration*,Lenovo (Tech Brands: Consideration*),Row %,Q2 2018 (Survey Waves),False,1
lenovo_gwi_core_tech_brands_crosstab_export_2026-06-09.xlsx,f1eac9e09e90c47fe98e22784303079d9c689d4890ea090235fae6fc9587c1ad,Foglio1,K16,Tech Brands: Consideration*,Lenovo (Tech Brands: Consideration*),Row %,Q3 2018 (Survey Waves),False,1
lenovo_gwi_core_tech_brands_crosstab_export_2026-06-09.xlsx,f1eac9e09e90c47fe98e22784303079d9c689d4890ea090235fae6fc9587c1ad,Foglio1,L16,Tech Brands: Consideration*,Lenovo (Tech Brands: Consideration*),Row %,Q4 2018 (Survey Waves),False,1
lenovo_gwi_core_tech_brands_crosstab_export_2026-06-09.xlsx,f1eac9e09e90c47fe98e22784303079d9c689d4890ea090235fae6fc9587c1ad,Foglio1,M16,Tech Brands: Consideration*,Lenovo (Tech Brands: Consideration*),Row %,Q1 2019 (Survey Waves),False,1
lenovo_gwi_core_tech_brands_crosstab_export_2026-06-09.xlsx,f1eac9e09e90c47fe98e22784303079d9c689d4890ea090235fae6fc9587c1ad,Foglio1,N16,Tech Brands: Consideration*,Lenovo (Tech Brands: Consideration*),Row %,Q2 2019 (Survey Waves),False,1
lenovo_gwi_core_tech_brands_crosstab_export_2026-06-09.xlsx,f1eac9e09e90c47fe98e22784303079d9c689d4890ea090235fae6fc9587c1ad,Foglio1,O16,Tech Brands: Consideration*,Lenovo (Tech Brands: Consideration*),Row %,Q3 2019 (Survey Waves),False,1
lenovo_gwi_core_tech_brands_crosstab_export_2026-06-09.xlsx,f1eac9e09e90c47fe98e22784303079d9c689d4890ea090235fae6fc9587c1ad,Foglio1,P16,Tech Brands: Consideration*,Lenovo (Tech Brands: Consideration*),Row %,Q4 2019 (Survey Waves),False,1
lenovo_gwi_core_tech_brands_crosstab_export_2026-06-09.xlsx,f1eac9e09e90c47fe98e22784303079d9c689d4890ea090235fae6fc9587c1ad,Foglio1,Q16,Tech Brands: Consideration*,Lenovo (Tech Brands: Consideration*),Row %,Q1 2020 (Survey Waves),False,1
lenovo_gwi_core_tech_brands_crosstab_export_2026-06-09.xlsx,f1eac9e09e90c47fe98e22784303079d9c689d4890ea090235fae6fc9587c1ad,Foglio1,R16,Tech Brands: Consideration*,Lenovo (Tech Brands: Consideration*),Row %,Q2 2020 (Survey Waves),False,1
lenovo_gwi_core_tech_brands_crosstab_export_2026-06-09.xlsx,f1eac9e09e90c47fe98e22784303079d9c689d4890ea090235fae6fc9587c1ad,Foglio1,S16,Tech Brands: Consideration*,Lenovo (Tech Brands: Consideration*),Row %,Q3 2020 (Survey Waves),False,1
lenovo_gwi_core_tech_brands_crosstab_export_2026-06-09.xlsx,f1eac9e09e90c47fe98e22784303079d9c689d4890ea090235fae6fc9587c1ad,Foglio1,T16,Tech Brands: Consideration*,Lenovo (Tech Brands: Consideration*),Row %,Q4 2020 (Survey Waves),False,1
lenovo_gwi_core_tech_brands_crosstab_export_2026-06-09.xlsx,f1eac9e09e90c47fe98e22784303079d9c689d4890ea090235fae6fc9587c1ad,Foglio1,U16,Tech Brands: Consideration*,Lenovo (Tech Brands: Consideration*),Row %,Q1 2021 (Survey Waves),False,1
lenovo_gwi_core_tech_brands_crosstab_export_2026-06-09.xlsx,f1eac9e09e90c47fe98e22784303079d9c689d4890ea090235fae6fc9587c1ad,Foglio1,V16,Tech Brands: Consideration*,Lenovo (Tech Brands: Consideration*),Row %,Q2 2021 (Survey Waves),False,1
lenovo_gwi_core_tech_brands_crosstab_export_2026-06-09.xlsx,f1eac9e09e90c47fe98e22784303079d9c689d4890ea090235fae6fc9587c1ad,Foglio1,W16,Tech Brands: Consideration*,Lenovo (Tech Brands: Consideration*),Row %,Q3 2021 (Survey Waves),False,1
lenovo_gwi_core_tech_brands_crosstab_export_2026-06-09.xlsx,f1eac9e09e90c47fe98e22784303079d9c689d4890ea090235fae6fc9587c1ad,Foglio1,X16,Tech Brands: Consideration*,Lenovo (Tech Brands: Consideration*),Row %,Q4 2021 (Survey Waves),False,1
lenovo_gwi_core_tech_brands_crosstab_export_2026-06-09.xlsx,f1eac9e09e90c47fe98e22784303079d9c689d4890ea090235fae6fc9587c1ad,Foglio1,Y16,Tech Brands: Consideration*,Lenovo (Tech Brands: Consideration*),Row %,Q1 2022 (Survey Waves),False,1
lenovo_gwi_core_tech_brands_crosstab_export_2026-06-09.xlsx,f1eac9e09e90c47fe98e22784303079d9c689d4890ea090235fae6fc9587c1ad,Foglio1,Z16,Tech Brands: Consideration*,Lenovo (Tech Brands: Consideration*),Row %,Q2 2022 (Survey Waves),False,1
lenovo_gwi_core_tech_brands_crosstab_export_2026-06-09.xlsx,f1eac9e09e90c47fe98e22784303079d9c689d4890ea090235fae6fc9587c1ad,Foglio1,AA16,Tech Brands: Consideration*,Lenovo (Tech Brands: Consideration*),Row %,Q3 2022 (Survey Waves),False,1
lenovo_gwi_core_tech_brands_crosstab_export_2026-06-09.xlsx,f1eac9e09e90c47fe98e22784303079d9c689d4890ea090235fae6fc9587c1ad,Foglio1,AB16,Tech Brands: Consideration*,Lenovo (Tech Brands: Consideration*),Row %,Q4 2022 (Survey Waves),False,1
lenovo_gwi_core_tech_brands_crosstab_export_2026-06-09.xlsx,f1eac9e09e90c47fe98e22784303079d9c689d4890ea090235fae6fc9587c1ad,Foglio1,AC16,Tech Brands: Consideration*,Lenovo (Tech Brands: Consideration*),Row %,Q1 2023 (Survey Waves),False,1
lenovo_gwi_core_tech_brands_crosstab_export_2026-06-09.xlsx,f1eac9e09e90c47fe98e22784303079d9c689d4890ea090235fae6fc9587c1ad,Foglio1,AD16,Tech Brands: Consideration*,Lenovo (Tech Brands: Consideration*),Row %,Q2 2023 (Survey Waves),False,1
lenovo_gwi_core_tech_brands_crosstab_export_2026-06-09.xlsx,f1eac9e09e90c47fe98e22784303079d9c689d4890ea090235fae6fc9587c1ad,Foglio1,AE16,Tech Brands: Consideration*,Lenovo (Tech Brands: Consideration*),Row %,Q3 2023 (Survey Waves),False,1
lenovo_gwi_core_tech_brands_crosstab_export_2026-06-09.xlsx,f1eac9e09e90c47fe98e22784303079d9c689d4890ea090235fae6fc9587c1ad,Foglio1,AF16,Tech Brands: Consideration*,Lenovo (Tech Brands: Consideration*),Row %,Q4 2023 (Survey Waves),False,1
lenovo_gwi_core_tech_brands_crosstab_export_2026-06-09.xlsx,f1eac9e09e90c47fe98e22784303079d9c689d4890ea090235fae6fc9587c1ad,Foglio1,AG16,Tech Brands: Consideration*,Lenovo (Tech Brands: Consideration*),Row %,Q1 2024 (Survey Waves),False,1
lenovo_gwi_core_tech_brands_crosstab_export_2026-06-09.xlsx,f1eac9e09e90c47fe98e22784303079d9c689d4890ea090235fae6fc9587c1ad,Foglio1,AH16,Tech Brands: Consideration*,Lenovo (Tech Brands: Consideration*),Row %,Q2 2024 (Survey Waves),False,1
lenovo_gwi_core_tech_brands_crosstab_export_2026-06-09.xlsx,f1eac9e09e90c47fe98e22784303079d9c689d4890ea090235fae6fc9587c1ad,Foglio1,AI16,Tech Brands: Consideration*,Lenovo (Tech Brands: Consideration*),Row %,Q3 2024 (Survey Waves),False,1
lenovo_gwi_core_tech_brands_crosstab_export_2026-06-09.xlsx,f1eac9e09e90c47fe98e22784303079d9c689d4890ea090235fae6fc9587c1ad,Foglio1,AJ16,Tech Brands: Consideration*,Lenovo (Tech Brands: Consideration*),Row %,Q4 2024 (Survey Waves),False,1
lenovo_gwi_core_tech_brands_crosstab_export_2026-06-09.xlsx,f1eac9e09e90c47fe98e22784303079d9c689d4890ea090235fae6fc9587c1ad,Foglio1,AK16,Tech Brands: Consideration*,Lenovo (Tech Brands: Consideration*),Row %,Q1 2025 (Survey Waves),False,1
lenovo_gwi_core_tech_brands_crosstab_export_2026-06-09.xlsx,f1eac9e09e90c47fe98e22784303079d9c689d4890ea090235fae6fc9587c1ad,Foglio1,AL16,Tech Brands: Consideration*,Lenovo (Tech Brands: Consideration*),Row %,Q2 2025 (Survey Waves),False,1
lenovo_gwi_core_tech_brands_crosstab_export_2026-06-09.xlsx,f1eac9e09e90c47fe98e22784303079d9c689d4890ea090235fae6fc9587c1ad,Foglio1,AM16,Tech Brands: Consideration*,Lenovo (Tech Brands: Consideration*),Row %,Q3 2025 (Survey Waves),False,1
lenovo_gwi_core_tech_brands_crosstab_export_2026-06-09.xlsx,f1eac9e09e90c47fe98e22784303079d9c689d4890ea090235fae6fc9587c1ad,Foglio1,AN16,Tech Brands: Consideration*,Lenovo (Tech Brands: Consideration*),Row %,Q4 2025 (Survey Waves),False,1
lenovo_gwi_core_tech_brands_crosstab_export_2026-06-09.xlsx,f1eac9e09e90c47fe98e22784303079d9c689d4890ea090235fae6fc9587c1ad,Foglio1,AO16,Tech Brands: Consideration*,Lenovo (Tech Brands: Consideration*),Row %,Q1 2026 (Survey Waves),False,1
lenovo_gwi_core_tech_brands_crosstab_export_2026-06-09.xlsx,f1eac9e09e90c47fe98e22784303079d9c689d4890ea090235fae6fc9587c1ad,Foglio1,D17,Tech Brands: Consideration*,Lenovo (Tech Brands: Consideration*),Index,Totals,True,100
lenovo_gwi_core_tech_brands_crosstab_export_2026-06-09.xlsx,f1eac9e09e90c47fe98e22784303079d9c689d4890ea090235fae6fc9587c1ad,Foglio1,E17,Tech Brands: Consideration*,Lenovo (Tech Brands: Consideration*),Index,Q1 2017 (Survey Waves),False,100
lenovo_gwi_core_tech_brands_crosstab_export_2026-06-09.xlsx,f1eac9e09e90c47fe98e22784303079d9c689d4890ea090235fae6fc9587c1ad,Foglio1,F17,Tech Brands: Consideration*,Lenovo (Tech Brands: Consideration*),Index,Q2 2017 (Survey Waves),False,100
lenovo_gwi_core_tech_brands_crosstab_export_2026-06-09.xlsx,f1eac9e09e90c47fe98e22784303079d9c689d4890ea090235fae6fc9587c1ad,Foglio1,G17,Tech Brands: Consideration*,Lenovo (Tech Brands: Consideration*),Index,Q3 2017 (Survey Waves),False,100
lenovo_gwi_core_tech_brands_crosstab_export_2026-06-09.xlsx,f1eac9e09e90c47fe98e22784303079d9c689d4890ea090235fae6fc9587c1ad,Foglio1,H17,Tech Brands: Consideration*,Lenovo (Tech Brands: Consideration*),Index,Q4 2017 (Survey Waves),False,100
lenovo_gwi_core_tech_brands_crosstab_export_2026-06-09.xlsx,f1eac9e09e90c47fe98e22784303079d9c689d4890ea090235fae6fc9587c1ad,Foglio1,I17,Tech Brands: Consideration*,Lenovo (Tech Brands: Consideration*),Index,Q1 2018 (Survey Waves),False,100
lenovo_gwi_core_tech_brands_crosstab_export_2026-06-09.xlsx,f1eac9e09e90c47fe98e22784303079d9c689d4890ea090235fae6fc9587c1ad,Foglio1,J17,Tech Brands: Consideration*,Lenovo (Tech Brands: Consideration*),Index,Q2 2018 (Survey Waves),False,100
lenovo_gwi_core_tech_brands_crosstab_export_2026-06-09.xlsx,f1eac9e09e90c47fe98e22784303079d9c689d4890ea090235fae6fc9587c1ad,Foglio1,K17,Tech Brands: Consideration*,Lenovo (Tech Brands: Consideration*),Index,Q3 2018 (Survey Waves),False,100
lenovo_gwi_core_tech_brands_crosstab_export_2026-06-09.xlsx,f1eac9e09e90c47fe98e22784303079d9c689d4890ea090235fae6fc9587c1ad,Foglio1,L17,Tech Brands: Consideration*,Lenovo (Tech Brands: Consideration*),Index,Q4 2018 (Survey Waves),False,100
lenovo_gwi_core_tech_brands_crosstab_export_2026-06-09.xlsx,f1eac9e09e90c47fe98e22784303079d9c689d4890ea090235fae6fc9587c1ad,Foglio1,M17,Tech Brands: Consideration*,Lenovo (Tech Brands: Consideration*),Index,Q1 2019 (Survey Waves),False,100
lenovo_gwi_core_tech_brands_crosstab_export_2026-06-09.xlsx,f1eac9e09e90c47fe98e22784303079d9c689d4890ea090235fae6fc9587c1ad,Foglio1,N17,Tech Brands: Consideration*,Lenovo (Tech Brands: Consideration*),Index,Q2 2019 (Survey Waves),False,100
lenovo_gwi_core_tech_brands_crosstab_export_2026-06-09.xlsx,f1eac9e09e90c47fe98e22784303079d9c689d4890ea090235fae6fc9587c1ad,Foglio1,O17,Tech Brands: Consideration*,Lenovo (Tech Brands: Consideration*),Index,Q3 2019 (Survey Waves),False,100
lenovo_gwi_core_tech_brands_crosstab_export_2026-06-09.xlsx,f1eac9e09e90c47fe98e22784303079d9c689d4890ea090235fae6fc9587c1ad,Foglio1,P17,Tech Brands: Consideration*,Lenovo (Tech Brands: Consideration*),Index,Q4 2019 (Survey Waves),False,100
lenovo_gwi_core_tech_brands_crosstab_export_2026-06-09.xlsx,f1eac9e09e90c47fe98e22784303079d9c689d4890ea090235fae6fc9587c1ad,Foglio1,Q17,Tech Brands: Consideration*,Lenovo (Tech Brands: Consideration*),Index,Q1 2020 (Survey Waves),False,100
lenovo_gwi_core_tech_brands_crosstab_export_2026-06-09.xlsx,f1eac9e09e90c47fe98e22784303079d9c689d4890ea090235fae6fc9587c1ad,Foglio1,R17,Tech Brands: Consideration*,Lenovo (Tech Brands: Consideration*),Index,Q2 2020 (Survey Waves),False,100
lenovo_gwi_core_tech_brands_crosstab_export_2026-06-09.xlsx,f1eac9e09e90c47fe98e22784303079d9c689d4890ea090235fae6fc9587c1ad,Foglio1,S17,Tech Brands: Consideration*,Lenovo (Tech Brands: Consideration*),Index,Q3 2020 (Survey Waves),False,100
lenovo_gwi_core_tech_brands_crosstab_export_2026-06-09.xlsx,f1eac9e09e90c47fe98e22784303079d9c689d4890ea090235fae6fc9587c1ad,Foglio1,T17,Tech Brands: Consideration*,Lenovo (Tech Brands: Consideration*),Index,Q4 2020 (Survey Waves),False,100
lenovo_gwi_core_tech_brands_crosstab_export_2026-06-09.xlsx,f1eac9e09e90c47fe98e22784303079d9c689d4890ea090235fae6fc9587c1ad,Foglio1,U17,Tech Brands: Consideration*,Lenovo (Tech Brands: Consideration*),Index,Q1 2021 (Survey Waves),False,100
lenovo_gwi_core_tech_brands_crosstab_export_2026-06-09.xlsx,f1eac9e09e90c47fe98e22784303079d9c689d4890ea090235fae6fc9587c1ad,Foglio1,V17,Tech Brands: Consideration*,Lenovo (Tech Brands: Consideration*),Index,Q2 2021 (Survey Waves),False,100
lenovo_gwi_core_tech_brands_crosstab_export_2026-06-09.xlsx,f1eac9e09e90c47fe98e22784303079d9c689d4890ea090235fae6fc9587c1ad,Foglio1,W17,Tech Brands: Consideration*,Lenovo (Tech Brands: Consideration*),Index,Q3 2021 (Survey Waves),False,100
lenovo_gwi_core_tech_brands_crosstab_export_2026-06-09.xlsx,f1eac9e09e90c47fe98e22784303079d9c689d4890ea090235fae6fc9587c1ad,Foglio1,X17,Tech Brands: Consideration*,Lenovo (Tech Brands: Consideration*),Index,Q4 2021 (Survey Waves),False,100
lenovo_gwi_core_tech_brands_crosstab_export_2026-06-09.xlsx,f1eac9e09e90c47fe98e22784303079d9c689d4890ea090235fae6fc9587c1ad,Foglio1,Y17,Tech Brands: Consideration*,Lenovo (Tech Brands: Consideration*),Index,Q1 2022 (Survey Waves),False,100
lenovo_gwi_core_tech_brands_crosstab_export_2026-06-09.xlsx,f1eac9e09e90c47fe98e22784303079d9c689d4890ea090235fae6fc9587c1ad,Foglio1,Z17,Tech Brands: Consideration*,Lenovo (Tech Brands: Consideration*),Index,Q2 2022 (Survey Waves),False,100
lenovo_gwi_core_tech_brands_crosstab_export_2026-06-09.xlsx,f1eac9e09e90c47fe98e22784303079d9c689d4890ea090235fae6fc9587c1ad,Foglio1,AA17,Tech Brands: Consideration*,Lenovo (Tech Brands: Consideration*),Index,Q3 2022 (Survey Waves),False,100
lenovo_gwi_core_tech_brands_crosstab_export_2026-06-09.xlsx,f1eac9e09e90c47fe98e22784303079d9c689d4890ea090235fae6fc9587c1ad,Foglio1,AB17,Tech Brands: Consideration*,Lenovo (Tech Brands: Consideration*),Index,Q4 2022 (Survey Waves),False,100
lenovo_gwi_core_tech_brands_crosstab_export_2026-06-09.xlsx,f1eac9e09e90c47fe98e22784303079d9c689d4890ea090235fae6fc9587c1ad,Foglio1,AC17,Tech Brands: Consideration*,Lenovo (Tech Brands: Consideration*),Index,Q1 2023 (Survey Waves),False,100
lenovo_gwi_core_tech_brands_crosstab_export_2026-06-09.xlsx,f1eac9e09e90c47fe98e22784303079d9c689d4890ea090235fae6fc9587c1ad,Foglio1,AD17,Tech Brands: Consideration*,Lenovo (Tech Brands: Consideration*),Index,Q2 2023 (Survey Waves),False,100
lenovo_gwi_core_tech_brands_crosstab_export_2026-06-09.xlsx,f1eac9e09e90c47fe98e22784303079d9c689d4890ea090235fae6fc9587c1ad,Foglio1,AE17,Tech Brands: Consideration*,Lenovo (Tech Brands: Consideration*),Index,Q3 2023 (Survey Waves),False,100
lenovo_gwi_core_tech_brands_crosstab_export_2026-06-09.xlsx,f1eac9e09e90c47fe98e22784303079d9c689d4890ea090235fae6fc9587c1ad,Foglio1,AF17,Tech Brands: Consideration*,Lenovo (Tech Brands: Consideration*),Index,Q4 2023 (Survey Waves),False,100
lenovo_gwi_core_tech_brands_crosstab_export_2026-06-09.xlsx,f1eac9e09e90c47fe98e22784303079d9c689d4890ea090235fae6fc9587c1ad,Foglio1,AG17,Tech Brands: Consideration*,Lenovo (Tech Brands: Consideration*),Index,Q1 2024 (Survey Waves),False,100
lenovo_gwi_core_tech_brands_crosstab_export_2026-06-09.xlsx,f1eac9e09e90c47fe98e22784303079d9c689d4890ea090235fae6fc9587c1ad,Foglio1,AH17,Tech Brands: Consideration*,Lenovo (Tech Brands: Consideration*),Index,Q2 2024 (Survey Waves),False,100
lenovo_gwi_core_tech_brands_crosstab_export_2026-06-09.xlsx,f1eac9e09e90c47fe98e22784303079d9c689d4890ea090235fae6fc9587c1ad,Foglio1,AI17,Tech Brands: Consideration*,Lenovo (Tech Brands: Consideration*),Index,Q3 2024 (Survey Waves),False,100
lenovo_gwi_core_tech_brands_crosstab_export_2026-06-09.xlsx,f1eac9e09e90c47fe98e22784303079d9c689d4890ea090235fae6fc9587c1ad,Foglio1,AJ17,Tech Brands: Consideration*,Lenovo (Tech Brands: Consideration*),Index,Q4 2024 (Survey Waves),False,100
lenovo_gwi_core_tech_brands_crosstab_export_2026-06-09.xlsx,f1eac9e09e90c47fe98e22784303079d9c689d4890ea090235fae6fc9587c1ad,Foglio1,AK17,Tech Brands: Consideration*,Lenovo (Tech Brands: Consideration*),Index,Q1 2025 (Survey Waves),False,100
lenovo_gwi_core_tech_brands_crosstab_export_2026-06-09.xlsx,f1eac9e09e90c47fe98e22784303079d9c689d4890ea090235fae6fc9587c1ad,Foglio1,AL17,Tech Brands: Consideration*,Lenovo (Tech Brands: Consideration*),Index,Q2 2025 (Survey Waves),False,100
lenovo_gwi_core_tech_brands_crosstab_export_2026-06-09.xlsx,f1eac9e09e90c47fe98e22784303079d9c689d4890ea090235fae6fc9587c1ad,Foglio1,AM17,Tech Brands: Consideration*,Lenovo (Tech Brands: Consideration*),Index,Q3 2025 (Survey Waves),False,100
lenovo_gwi_core_tech_brands_crosstab_export_2026-06-09.xlsx,f1eac9e09e90c47fe98e22784303079d9c689d4890ea090235fae6fc9587c1ad,Foglio1,AN17,Tech Brands: Consideration*,Lenovo (Tech Brands: Consideration*),Index,Q4 2025 (Survey Waves),False,100
lenovo_gwi_core_tech_brands_crosstab_export_2026-06-09.xlsx,f1eac9e09e90c47fe98e22784303079d9c689d4890ea090235fae6fc9587c1ad,Foglio1,AO17,Tech Brands: Consideration*,Lenovo (Tech Brands: Consideration*),Index,Q1 2026 (Survey Waves),False,100
