source_file,source_sha256,sheet,cell,row_number,column_number,value_type,value
lenovo_fifa_consumer_research_export_2026-05-21.xlsx,3c7a066bc263806231cd89e8a04669035bb12bd7903cdd9d0c463cf03104e333,TOC,A1,1,1,str,Table of Contents
lenovo_fifa_consumer_research_export_2026-05-21.xlsx,3c7a066bc263806231cd89e8a04669035bb12bd7903cdd9d0c463cf03104e333,TOC,A2,2,1,str,Sheet
lenovo_fifa_consumer_research_export_2026-05-21.xlsx,3c7a066bc263806231cd89e8a04669035bb12bd7903cdd9d0c463cf03104e333,TOC,B2,2,2,str,Output
lenovo_fifa_consumer_research_export_2026-05-21.xlsx,3c7a066bc263806231cd89e8a04669035bb12bd7903cdd9d0c463cf03104e333,TOC,C2,2,3,str,Caption
lenovo_fifa_consumer_research_export_2026-05-21.xlsx,3c7a066bc263806231cd89e8a04669035bb12bd7903cdd9d0c463cf03104e333,TOC,B3,3,2,str,Lenovo - Open Economics
lenovo_fifa_consumer_research_export_2026-05-21.xlsx,3c7a066bc263806231cd89e8a04669035bb12bd7903cdd9d0c463cf03104e333,TOC,C3,3,3,str,
lenovo_fifa_consumer_research_export_2026-05-21.xlsx,3c7a066bc263806231cd89e8a04669035bb12bd7903cdd9d0c463cf03104e333,TOC,A4,4,1,str,Tables
lenovo_fifa_consumer_research_export_2026-05-21.xlsx,3c7a066bc263806231cd89e8a04669035bb12bd7903cdd9d0c463cf03104e333,TOC,B4,4,2,str,Country by Wave
lenovo_fifa_consumer_research_export_2026-05-21.xlsx,3c7a066bc263806231cd89e8a04669035bb12bd7903cdd9d0c463cf03104e333,TOC,C4,4,3,str,Total sample; Unweighted
lenovo_fifa_consumer_research_export_2026-05-21.xlsx,3c7a066bc263806231cd89e8a04669035bb12bd7903cdd9d0c463cf03104e333,TOC,B5,5,2,str,FWC
lenovo_fifa_consumer_research_export_2026-05-21.xlsx,3c7a066bc263806231cd89e8a04669035bb12bd7903cdd9d0c463cf03104e333,TOC,C5,5,3,str,
lenovo_fifa_consumer_research_export_2026-05-21.xlsx,3c7a066bc263806231cd89e8a04669035bb12bd7903cdd9d0c463cf03104e333,TOC,A6,6,1,str,Tables
lenovo_fifa_consumer_research_export_2026-05-21.xlsx,3c7a066bc263806231cd89e8a04669035bb12bd7903cdd9d0c463cf03104e333,TOC,B6,6,2,str,Brand Aware - Lenovo FWC by FWC Lenovo Sponsorship Banner
lenovo_fifa_consumer_research_export_2026-05-21.xlsx,3c7a066bc263806231cd89e8a04669035bb12bd7903cdd9d0c463cf03104e333,TOC,C6,6,3,str,Filter: Wave 11 FWC Survey June 2024 AND Nat Rep; Weight: Nat Rep Weight_Final
lenovo_fifa_consumer_research_export_2026-05-21.xlsx,3c7a066bc263806231cd89e8a04669035bb12bd7903cdd9d0c463cf03104e333,TOC,A7,7,1,str,Tables
lenovo_fifa_consumer_research_export_2026-05-21.xlsx,3c7a066bc263806231cd89e8a04669035bb12bd7903cdd9d0c463cf03104e333,TOC,B7,7,2,str,Q18. Which of the following best describes how appealing you find each of these brands - Lenovo by FWC Lenovo Sponsorship Banner
lenovo_fifa_consumer_research_export_2026-05-21.xlsx,3c7a066bc263806231cd89e8a04669035bb12bd7903cdd9d0c463cf03104e333,TOC,C7,7,3,str,Filter: Wave 11 FWC Survey June 2024 AND Nat Rep; Weight: Nat Rep Weight_Final
lenovo_fifa_consumer_research_export_2026-05-21.xlsx,3c7a066bc263806231cd89e8a04669035bb12bd7903cdd9d0c463cf03104e333,TOC,A8,8,1,str,Tables
lenovo_fifa_consumer_research_export_2026-05-21.xlsx,3c7a066bc263806231cd89e8a04669035bb12bd7903cdd9d0c463cf03104e333,TOC,B8,8,2,str,"Q19. Thinking about the next time you need to choose something from a category in which these brands operate, how likely are you to choose the respective brand - Lenovo by FWC Lenovo Sponsorship Banner"
lenovo_fifa_consumer_research_export_2026-05-21.xlsx,3c7a066bc263806231cd89e8a04669035bb12bd7903cdd9d0c463cf03104e333,TOC,C8,8,3,str,Filter: Wave 11 FWC Survey June 2024 AND Nat Rep; Weight: Nat Rep Weight_Final
lenovo_fifa_consumer_research_export_2026-05-21.xlsx,3c7a066bc263806231cd89e8a04669035bb12bd7903cdd9d0c463cf03104e333,TOC,A9,9,1,str,Tables
lenovo_fifa_consumer_research_export_2026-05-21.xlsx,3c7a066bc263806231cd89e8a04669035bb12bd7903cdd9d0c463cf03104e333,TOC,B9,9,2,str,Brand Aware - Lenovo FWC by FWC Lenovo Sponsorship Banner
lenovo_fifa_consumer_research_export_2026-05-21.xlsx,3c7a066bc263806231cd89e8a04669035bb12bd7903cdd9d0c463cf03104e333,TOC,C9,9,3,str,Filter: Wave 16 - July 2025 FWC  AND Nat Rep; Weight: Nat Rep Weight_Final
lenovo_fifa_consumer_research_export_2026-05-21.xlsx,3c7a066bc263806231cd89e8a04669035bb12bd7903cdd9d0c463cf03104e333,TOC,A10,10,1,str,Tables
lenovo_fifa_consumer_research_export_2026-05-21.xlsx,3c7a066bc263806231cd89e8a04669035bb12bd7903cdd9d0c463cf03104e333,TOC,B10,10,2,str,QP2a. And how do you feel about each brand? Lenovo by FWC Lenovo Sponsorship Banner
lenovo_fifa_consumer_research_export_2026-05-21.xlsx,3c7a066bc263806231cd89e8a04669035bb12bd7903cdd9d0c463cf03104e333,TOC,C10,10,3,str,Filter: Wave 16 - July 2025 FWC  AND Nat Rep; Weight: Nat Rep Weight_Final
lenovo_fifa_consumer_research_export_2026-05-21.xlsx,3c7a066bc263806231cd89e8a04669035bb12bd7903cdd9d0c463cf03104e333,TOC,A11,11,1,str,Tables
lenovo_fifa_consumer_research_export_2026-05-21.xlsx,3c7a066bc263806231cd89e8a04669035bb12bd7903cdd9d0c463cf03104e333,TOC,B11,11,2,str," QP3. In the next 12 months, how likely are you to purchase or use products from any of the following brands? Lenovo by FWC Lenovo Sponsorship Banner"
lenovo_fifa_consumer_research_export_2026-05-21.xlsx,3c7a066bc263806231cd89e8a04669035bb12bd7903cdd9d0c463cf03104e333,TOC,C11,11,3,str,Filter: Wave 16 - July 2025 FWC  AND Nat Rep; Weight: Nat Rep Weight_Final
lenovo_fifa_consumer_research_export_2026-05-21.xlsx,3c7a066bc263806231cd89e8a04669035bb12bd7903cdd9d0c463cf03104e333,TOC,A12,12,1,str,Tables
lenovo_fifa_consumer_research_export_2026-05-21.xlsx,3c7a066bc263806231cd89e8a04669035bb12bd7903cdd9d0c463cf03104e333,TOC,B12,12,2,str,Brand Aware - Lenovo FWC by FWC Lenovo Sponsorship Banner
lenovo_fifa_consumer_research_export_2026-05-21.xlsx,3c7a066bc263806231cd89e8a04669035bb12bd7903cdd9d0c463cf03104e333,TOC,C12,12,3,str,Filter: Wave 20 - February 2026 Pre FWC AND Nat Rep; Weight: Nat Rep Weight_Final
lenovo_fifa_consumer_research_export_2026-05-21.xlsx,3c7a066bc263806231cd89e8a04669035bb12bd7903cdd9d0c463cf03104e333,TOC,A13,13,1,str,Tables
lenovo_fifa_consumer_research_export_2026-05-21.xlsx,3c7a066bc263806231cd89e8a04669035bb12bd7903cdd9d0c463cf03104e333,TOC,B13,13,2,str,QP2a. And how do you feel about each brand? Lenovo by FWC Lenovo Sponsorship Banner
lenovo_fifa_consumer_research_export_2026-05-21.xlsx,3c7a066bc263806231cd89e8a04669035bb12bd7903cdd9d0c463cf03104e333,TOC,C13,13,3,str,Filter: Wave 20 - February 2026 Pre FWC AND Nat Rep; Weight: Nat Rep Weight_Final
lenovo_fifa_consumer_research_export_2026-05-21.xlsx,3c7a066bc263806231cd89e8a04669035bb12bd7903cdd9d0c463cf03104e333,TOC,A14,14,1,str,Tables
lenovo_fifa_consumer_research_export_2026-05-21.xlsx,3c7a066bc263806231cd89e8a04669035bb12bd7903cdd9d0c463cf03104e333,TOC,B14,14,2,str," QP3. In the next 12 months, how likely are you to purchase or use products from any of the following brands? Lenovo by FWC Lenovo Sponsorship Banner"
lenovo_fifa_consumer_research_export_2026-05-21.xlsx,3c7a066bc263806231cd89e8a04669035bb12bd7903cdd9d0c463cf03104e333,TOC,C14,14,3,str,Filter: Wave 20 - February 2026 Pre FWC AND Nat Rep; Weight: Nat Rep Weight_Final
lenovo_fifa_consumer_research_export_2026-05-21.xlsx,3c7a066bc263806231cd89e8a04669035bb12bd7903cdd9d0c463cf03104e333,TOC,B15,15,2,str,FWWC
lenovo_fifa_consumer_research_export_2026-05-21.xlsx,3c7a066bc263806231cd89e8a04669035bb12bd7903cdd9d0c463cf03104e333,TOC,C15,15,3,str,
lenovo_fifa_consumer_research_export_2026-05-21.xlsx,3c7a066bc263806231cd89e8a04669035bb12bd7903cdd9d0c463cf03104e333,TOC,A16,16,1,str,Tables
lenovo_fifa_consumer_research_export_2026-05-21.xlsx,3c7a066bc263806231cd89e8a04669035bb12bd7903cdd9d0c463cf03104e333,TOC,B16,16,2,str,Q17b Brand Aware Lenovo by FWWC Lenovo Sponsorship Banner
lenovo_fifa_consumer_research_export_2026-05-21.xlsx,3c7a066bc263806231cd89e8a04669035bb12bd7903cdd9d0c463cf03104e333,TOC,C16,16,3,str,Filter: Wave 12 FWWC Survey June 2024 AND Nat Rep; Weight: Nat Rep Weight_Final
lenovo_fifa_consumer_research_export_2026-05-21.xlsx,3c7a066bc263806231cd89e8a04669035bb12bd7903cdd9d0c463cf03104e333,TOC,A17,17,1,str,Tables
lenovo_fifa_consumer_research_export_2026-05-21.xlsx,3c7a066bc263806231cd89e8a04669035bb12bd7903cdd9d0c463cf03104e333,TOC,B17,17,2,str,Q18. Which of the following best describes how appealing you find each of these brands - Lenovo by FWWC Lenovo Sponsorship Banner
lenovo_fifa_consumer_research_export_2026-05-21.xlsx,3c7a066bc263806231cd89e8a04669035bb12bd7903cdd9d0c463cf03104e333,TOC,C17,17,3,str,Filter: Wave 12 FWWC Survey June 2024 AND Nat Rep; Weight: Nat Rep Weight_Final
lenovo_fifa_consumer_research_export_2026-05-21.xlsx,3c7a066bc263806231cd89e8a04669035bb12bd7903cdd9d0c463cf03104e333,TOC,A18,18,1,str,Tables
lenovo_fifa_consumer_research_export_2026-05-21.xlsx,3c7a066bc263806231cd89e8a04669035bb12bd7903cdd9d0c463cf03104e333,TOC,B18,18,2,str,"Q19. Thinking about the next time you need to choose something from a category in which these brands operate, how likely are you to choose the respective brand - Lenovo by FWWC Lenovo Sponsorship Banner"
lenovo_fifa_consumer_research_export_2026-05-21.xlsx,3c7a066bc263806231cd89e8a04669035bb12bd7903cdd9d0c463cf03104e333,TOC,C18,18,3,str,Filter: Wave 12 FWWC Survey June 2024 AND Nat Rep; Weight: Nat Rep Weight_Final
lenovo_fifa_consumer_research_export_2026-05-21.xlsx,3c7a066bc263806231cd89e8a04669035bb12bd7903cdd9d0c463cf03104e333,TOC,A19,19,1,str,Tables
lenovo_fifa_consumer_research_export_2026-05-21.xlsx,3c7a066bc263806231cd89e8a04669035bb12bd7903cdd9d0c463cf03104e333,TOC,B19,19,2,str,Q17b Brand Aware Lenovo by FWWC Lenovo Sponsorship Banner
lenovo_fifa_consumer_research_export_2026-05-21.xlsx,3c7a066bc263806231cd89e8a04669035bb12bd7903cdd9d0c463cf03104e333,TOC,C19,19,3,str,Filter: Wave 17 - July 2025 FWWC  AND Nat Rep; Weight: Nat Rep Weight_Final
lenovo_fifa_consumer_research_export_2026-05-21.xlsx,3c7a066bc263806231cd89e8a04669035bb12bd7903cdd9d0c463cf03104e333,TOC,A20,20,1,str,Tables
lenovo_fifa_consumer_research_export_2026-05-21.xlsx,3c7a066bc263806231cd89e8a04669035bb12bd7903cdd9d0c463cf03104e333,TOC,B20,20,2,str,QP2a. And how do you feel about each brand? Lenovo by FWWC Lenovo Sponsorship Banner
lenovo_fifa_consumer_research_export_2026-05-21.xlsx,3c7a066bc263806231cd89e8a04669035bb12bd7903cdd9d0c463cf03104e333,TOC,C20,20,3,str,Filter: Wave 17 - July 2025 FWWC  AND Nat Rep; Weight: Nat Rep Weight_Final
lenovo_fifa_consumer_research_export_2026-05-21.xlsx,3c7a066bc263806231cd89e8a04669035bb12bd7903cdd9d0c463cf03104e333,TOC,A21,21,1,str,Tables
lenovo_fifa_consumer_research_export_2026-05-21.xlsx,3c7a066bc263806231cd89e8a04669035bb12bd7903cdd9d0c463cf03104e333,TOC,B21,21,2,str," QP3. In the next 12 months, how likely are you to purchase or use products from any of the following brands? Lenovo by FWWC Lenovo Sponsorship Banner"
lenovo_fifa_consumer_research_export_2026-05-21.xlsx,3c7a066bc263806231cd89e8a04669035bb12bd7903cdd9d0c463cf03104e333,TOC,C21,21,3,str,Filter: Wave 17 - July 2025 FWWC  AND Nat Rep; Weight: Nat Rep Weight_Final
lenovo_fifa_consumer_research_export_2026-05-21.xlsx,3c7a066bc263806231cd89e8a04669035bb12bd7903cdd9d0c463cf03104e333,TOC,A22,22,1,str,Tables
lenovo_fifa_consumer_research_export_2026-05-21.xlsx,3c7a066bc263806231cd89e8a04669035bb12bd7903cdd9d0c463cf03104e333,TOC,B22,22,2,str,Q17b Brand Aware Lenovo by FWWC Lenovo Sponsorship Banner
lenovo_fifa_consumer_research_export_2026-05-21.xlsx,3c7a066bc263806231cd89e8a04669035bb12bd7903cdd9d0c463cf03104e333,TOC,C22,22,3,str,Filter: Wave 21 - April 2026 FWWC AND Nat Rep; Weight: Nat Rep Weight_Final
lenovo_fifa_consumer_research_export_2026-05-21.xlsx,3c7a066bc263806231cd89e8a04669035bb12bd7903cdd9d0c463cf03104e333,TOC,A23,23,1,str,Tables
lenovo_fifa_consumer_research_export_2026-05-21.xlsx,3c7a066bc263806231cd89e8a04669035bb12bd7903cdd9d0c463cf03104e333,TOC,B23,23,2,str,QP2a. And how do you feel about each brand? Lenovo by FWWC Lenovo Sponsorship Banner
lenovo_fifa_consumer_research_export_2026-05-21.xlsx,3c7a066bc263806231cd89e8a04669035bb12bd7903cdd9d0c463cf03104e333,TOC,C23,23,3,str,Filter: Wave 21 - April 2026 FWWC AND Nat Rep; Weight: Nat Rep Weight_Final
lenovo_fifa_consumer_research_export_2026-05-21.xlsx,3c7a066bc263806231cd89e8a04669035bb12bd7903cdd9d0c463cf03104e333,TOC,A24,24,1,str,Tables
lenovo_fifa_consumer_research_export_2026-05-21.xlsx,3c7a066bc263806231cd89e8a04669035bb12bd7903cdd9d0c463cf03104e333,TOC,B24,24,2,str," QP3. In the next 12 months, how likely are you to purchase or use products from any of the following brands? Lenovo by FWWC Lenovo Sponsorship Banner"
lenovo_fifa_consumer_research_export_2026-05-21.xlsx,3c7a066bc263806231cd89e8a04669035bb12bd7903cdd9d0c463cf03104e333,TOC,C24,24,3,str,Filter: Wave 21 - April 2026 FWWC AND Nat Rep; Weight: Nat Rep Weight_Final
lenovo_fifa_consumer_research_export_2026-05-21.xlsx,3c7a066bc263806231cd89e8a04669035bb12bd7903cdd9d0c463cf03104e333,TOC,B25,25,2,str,CWC
lenovo_fifa_consumer_research_export_2026-05-21.xlsx,3c7a066bc263806231cd89e8a04669035bb12bd7903cdd9d0c463cf03104e333,TOC,C25,25,3,str,
lenovo_fifa_consumer_research_export_2026-05-21.xlsx,3c7a066bc263806231cd89e8a04669035bb12bd7903cdd9d0c463cf03104e333,TOC,A26,26,1,str,Tables
lenovo_fifa_consumer_research_export_2026-05-21.xlsx,3c7a066bc263806231cd89e8a04669035bb12bd7903cdd9d0c463cf03104e333,TOC,B26,26,2,str,Q17c CWC Brand Aware Lenovo by CWC Lenovo Sponsorship
lenovo_fifa_consumer_research_export_2026-05-21.xlsx,3c7a066bc263806231cd89e8a04669035bb12bd7903cdd9d0c463cf03104e333,TOC,C26,26,3,str,Filter: Wave 18 - August 2025 Post CWC AND Nat Rep; Weight: Nat Rep Weight_Final
lenovo_fifa_consumer_research_export_2026-05-21.xlsx,3c7a066bc263806231cd89e8a04669035bb12bd7903cdd9d0c463cf03104e333,TOC,A27,27,1,str,Tables
lenovo_fifa_consumer_research_export_2026-05-21.xlsx,3c7a066bc263806231cd89e8a04669035bb12bd7903cdd9d0c463cf03104e333,TOC,B27,27,2,str,QP2a. And how do you feel about each brand? Lenovo by CWC Lenovo Sponsorship
lenovo_fifa_consumer_research_export_2026-05-21.xlsx,3c7a066bc263806231cd89e8a04669035bb12bd7903cdd9d0c463cf03104e333,TOC,C27,27,3,str,Filter: Wave 18 - August 2025 Post CWC AND Nat Rep; Weight: Nat Rep Weight_Final
lenovo_fifa_consumer_research_export_2026-05-21.xlsx,3c7a066bc263806231cd89e8a04669035bb12bd7903cdd9d0c463cf03104e333,TOC,A28,28,1,str,Tables
lenovo_fifa_consumer_research_export_2026-05-21.xlsx,3c7a066bc263806231cd89e8a04669035bb12bd7903cdd9d0c463cf03104e333,TOC,B28,28,2,str," QP3. In the next 12 months, how likely are you to purchase or use products from any of the following brands? Lenovo by CWC Lenovo Sponsorship"
lenovo_fifa_consumer_research_export_2026-05-21.xlsx,3c7a066bc263806231cd89e8a04669035bb12bd7903cdd9d0c463cf03104e333,TOC,C28,28,3,str,Filter: Wave 18 - August 2025 Post CWC AND Nat Rep; Weight: Nat Rep Weight_Final
lenovo_fifa_consumer_research_export_2026-05-21.xlsx,3c7a066bc263806231cd89e8a04669035bb12bd7903cdd9d0c463cf03104e333,Tables,A1,1,1,str,Back to TOC
lenovo_fifa_consumer_research_export_2026-05-21.xlsx,3c7a066bc263806231cd89e8a04669035bb12bd7903cdd9d0c463cf03104e333,Tables,A2,2,1,str,Lenovo - Open Economics
lenovo_fifa_consumer_research_export_2026-05-21.xlsx,3c7a066bc263806231cd89e8a04669035bb12bd7903cdd9d0c463cf03104e333,Tables,A6,6,1,str,Back to TOC
lenovo_fifa_consumer_research_export_2026-05-21.xlsx,3c7a066bc263806231cd89e8a04669035bb12bd7903cdd9d0c463cf03104e333,Tables,A7,7,1,str,Country by Wave
lenovo_fifa_consumer_research_export_2026-05-21.xlsx,3c7a066bc263806231cd89e8a04669035bb12bd7903cdd9d0c463cf03104e333,Tables,A8,8,1,str,Column %
lenovo_fifa_consumer_research_export_2026-05-21.xlsx,3c7a066bc263806231cd89e8a04669035bb12bd7903cdd9d0c463cf03104e333,Tables,B8,8,2,str,Wave 11 - June 2024 FWC
lenovo_fifa_consumer_research_export_2026-05-21.xlsx,3c7a066bc263806231cd89e8a04669035bb12bd7903cdd9d0c463cf03104e333,Tables,C8,8,3,str,Wave 12 - June 2024 FWWC
lenovo_fifa_consumer_research_export_2026-05-21.xlsx,3c7a066bc263806231cd89e8a04669035bb12bd7903cdd9d0c463cf03104e333,Tables,D8,8,4,str,Wave 16 - July 2025 FWC 
lenovo_fifa_consumer_research_export_2026-05-21.xlsx,3c7a066bc263806231cd89e8a04669035bb12bd7903cdd9d0c463cf03104e333,Tables,E8,8,5,str,Wave 17 - July 2025 FWWC 
lenovo_fifa_consumer_research_export_2026-05-21.xlsx,3c7a066bc263806231cd89e8a04669035bb12bd7903cdd9d0c463cf03104e333,Tables,F8,8,6,str,Wave 18 - August 2025 Post CWC
lenovo_fifa_consumer_research_export_2026-05-21.xlsx,3c7a066bc263806231cd89e8a04669035bb12bd7903cdd9d0c463cf03104e333,Tables,G8,8,7,str,Wave 20 - February 2026 Pre FWC
lenovo_fifa_consumer_research_export_2026-05-21.xlsx,3c7a066bc263806231cd89e8a04669035bb12bd7903cdd9d0c463cf03104e333,Tables,H8,8,8,str,Wave 21 - April 2026 FWWC
lenovo_fifa_consumer_research_export_2026-05-21.xlsx,3c7a066bc263806231cd89e8a04669035bb12bd7903cdd9d0c463cf03104e333,Tables,A9,9,1,str,Argentina
lenovo_fifa_consumer_research_export_2026-05-21.xlsx,3c7a066bc263806231cd89e8a04669035bb12bd7903cdd9d0c463cf03104e333,Tables,B9,9,2,float,0.04631344942571
lenovo_fifa_consumer_research_export_2026-05-21.xlsx,3c7a066bc263806231cd89e8a04669035bb12bd7903cdd9d0c463cf03104e333,Tables,C9,9,3,float,0.05
lenovo_fifa_consumer_research_export_2026-05-21.xlsx,3c7a066bc263806231cd89e8a04669035bb12bd7903cdd9d0c463cf03104e333,Tables,D9,9,4,float,0.0413513625274
lenovo_fifa_consumer_research_export_2026-05-21.xlsx,3c7a066bc263806231cd89e8a04669035bb12bd7903cdd9d0c463cf03104e333,Tables,E9,9,5,float,0.04462094507162
lenovo_fifa_consumer_research_export_2026-05-21.xlsx,3c7a066bc263806231cd89e8a04669035bb12bd7903cdd9d0c463cf03104e333,Tables,F9,9,6,float,0.04309787527475
lenovo_fifa_consumer_research_export_2026-05-21.xlsx,3c7a066bc263806231cd89e8a04669035bb12bd7903cdd9d0c463cf03104e333,Tables,G9,9,7,float,0.04086636697998
lenovo_fifa_consumer_research_export_2026-05-21.xlsx,3c7a066bc263806231cd89e8a04669035bb12bd7903cdd9d0c463cf03104e333,Tables,H9,9,8,float,0.04760997905161
lenovo_fifa_consumer_research_export_2026-05-21.xlsx,3c7a066bc263806231cd89e8a04669035bb12bd7903cdd9d0c463cf03104e333,Tables,A10,10,1,str,Australia
lenovo_fifa_consumer_research_export_2026-05-21.xlsx,3c7a066bc263806231cd89e8a04669035bb12bd7903cdd9d0c463cf03104e333,Tables,B10,10,2,float,0.04631344942571
lenovo_fifa_consumer_research_export_2026-05-21.xlsx,3c7a066bc263806231cd89e8a04669035bb12bd7903cdd9d0c463cf03104e333,Tables,C10,10,3,float,0.05
lenovo_fifa_consumer_research_export_2026-05-21.xlsx,3c7a066bc263806231cd89e8a04669035bb12bd7903cdd9d0c463cf03104e333,Tables,D10,10,4,float,0.0413513625274
lenovo_fifa_consumer_research_export_2026-05-21.xlsx,3c7a066bc263806231cd89e8a04669035bb12bd7903cdd9d0c463cf03104e333,Tables,E10,10,5,float,0.04462094507162
lenovo_fifa_consumer_research_export_2026-05-21.xlsx,3c7a066bc263806231cd89e8a04669035bb12bd7903cdd9d0c463cf03104e333,Tables,F10,10,6,float,0.04309787527475
lenovo_fifa_consumer_research_export_2026-05-21.xlsx,3c7a066bc263806231cd89e8a04669035bb12bd7903cdd9d0c463cf03104e333,Tables,G10,10,7,float,0.04086636697998
lenovo_fifa_consumer_research_export_2026-05-21.xlsx,3c7a066bc263806231cd89e8a04669035bb12bd7903cdd9d0c463cf03104e333,Tables,H10,10,8,float,0.04760997905161
lenovo_fifa_consumer_research_export_2026-05-21.xlsx,3c7a066bc263806231cd89e8a04669035bb12bd7903cdd9d0c463cf03104e333,Tables,A11,11,1,str,Austria
lenovo_fifa_consumer_research_export_2026-05-21.xlsx,3c7a066bc263806231cd89e8a04669035bb12bd7903cdd9d0c463cf03104e333,Tables,B11,11,2,int,0
lenovo_fifa_consumer_research_export_2026-05-21.xlsx,3c7a066bc263806231cd89e8a04669035bb12bd7903cdd9d0c463cf03104e333,Tables,C11,11,3,int,0
lenovo_fifa_consumer_research_export_2026-05-21.xlsx,3c7a066bc263806231cd89e8a04669035bb12bd7903cdd9d0c463cf03104e333,Tables,D11,11,4,int,0
lenovo_fifa_consumer_research_export_2026-05-21.xlsx,3c7a066bc263806231cd89e8a04669035bb12bd7903cdd9d0c463cf03104e333,Tables,E11,11,5,int,0
lenovo_fifa_consumer_research_export_2026-05-21.xlsx,3c7a066bc263806231cd89e8a04669035bb12bd7903cdd9d0c463cf03104e333,Tables,F11,11,6,float,0.04309787527475
lenovo_fifa_consumer_research_export_2026-05-21.xlsx,3c7a066bc263806231cd89e8a04669035bb12bd7903cdd9d0c463cf03104e333,Tables,G11,11,7,int,0
lenovo_fifa_consumer_research_export_2026-05-21.xlsx,3c7a066bc263806231cd89e8a04669035bb12bd7903cdd9d0c463cf03104e333,Tables,H11,11,8,int,0
lenovo_fifa_consumer_research_export_2026-05-21.xlsx,3c7a066bc263806231cd89e8a04669035bb12bd7903cdd9d0c463cf03104e333,Tables,A12,12,1,str,Brazil
lenovo_fifa_consumer_research_export_2026-05-21.xlsx,3c7a066bc263806231cd89e8a04669035bb12bd7903cdd9d0c463cf03104e333,Tables,B12,12,2,float,0.04631344942571
lenovo_fifa_consumer_research_export_2026-05-21.xlsx,3c7a066bc263806231cd89e8a04669035bb12bd7903cdd9d0c463cf03104e333,Tables,C12,12,3,float,0.05
lenovo_fifa_consumer_research_export_2026-05-21.xlsx,3c7a066bc263806231cd89e8a04669035bb12bd7903cdd9d0c463cf03104e333,Tables,D12,12,4,float,0.0413513625274
lenovo_fifa_consumer_research_export_2026-05-21.xlsx,3c7a066bc263806231cd89e8a04669035bb12bd7903cdd9d0c463cf03104e333,Tables,E12,12,5,float,0.1074472357325
lenovo_fifa_consumer_research_export_2026-05-21.xlsx,3c7a066bc263806231cd89e8a04669035bb12bd7903cdd9d0c463cf03104e333,Tables,F12,12,6,float,0.04309787527475
lenovo_fifa_consumer_research_export_2026-05-21.xlsx,3c7a066bc263806231cd89e8a04669035bb12bd7903cdd9d0c463cf03104e333,Tables,G12,12,7,float,0.04086636697998
lenovo_fifa_consumer_research_export_2026-05-21.xlsx,3c7a066bc263806231cd89e8a04669035bb12bd7903cdd9d0c463cf03104e333,Tables,H12,12,8,float,0.09526756808227
lenovo_fifa_consumer_research_export_2026-05-21.xlsx,3c7a066bc263806231cd89e8a04669035bb12bd7903cdd9d0c463cf03104e333,Tables,A13,13,1,str,Canada
lenovo_fifa_consumer_research_export_2026-05-21.xlsx,3c7a066bc263806231cd89e8a04669035bb12bd7903cdd9d0c463cf03104e333,Tables,B13,13,2,float,0.04631344942571
lenovo_fifa_consumer_research_export_2026-05-21.xlsx,3c7a066bc263806231cd89e8a04669035bb12bd7903cdd9d0c463cf03104e333,Tables,C13,13,3,float,0.05
lenovo_fifa_consumer_research_export_2026-05-21.xlsx,3c7a066bc263806231cd89e8a04669035bb12bd7903cdd9d0c463cf03104e333,Tables,D13,13,4,float,0.04594136376794
lenovo_fifa_consumer_research_export_2026-05-21.xlsx,3c7a066bc263806231cd89e8a04669035bb12bd7903cdd9d0c463cf03104e333,Tables,E13,13,5,float,0.04462094507162
lenovo_fifa_consumer_research_export_2026-05-21.xlsx,3c7a066bc263806231cd89e8a04669035bb12bd7903cdd9d0c463cf03104e333,Tables,F13,13,6,float,0.04309787527475
lenovo_fifa_consumer_research_export_2026-05-21.xlsx,3c7a066bc263806231cd89e8a04669035bb12bd7903cdd9d0c463cf03104e333,Tables,G13,13,7,float,0.04871270944013
lenovo_fifa_consumer_research_export_2026-05-21.xlsx,3c7a066bc263806231cd89e8a04669035bb12bd7903cdd9d0c463cf03104e333,Tables,H13,13,8,float,0.04760997905161
lenovo_fifa_consumer_research_export_2026-05-21.xlsx,3c7a066bc263806231cd89e8a04669035bb12bd7903cdd9d0c463cf03104e333,Tables,A14,14,1,str,Chile
lenovo_fifa_consumer_research_export_2026-05-21.xlsx,3c7a066bc263806231cd89e8a04669035bb12bd7903cdd9d0c463cf03104e333,Tables,B14,14,2,int,0
lenovo_fifa_consumer_research_export_2026-05-21.xlsx,3c7a066bc263806231cd89e8a04669035bb12bd7903cdd9d0c463cf03104e333,Tables,C14,14,3,int,0
lenovo_fifa_consumer_research_export_2026-05-21.xlsx,3c7a066bc263806231cd89e8a04669035bb12bd7903cdd9d0c463cf03104e333,Tables,D14,14,4,int,0
lenovo_fifa_consumer_research_export_2026-05-21.xlsx,3c7a066bc263806231cd89e8a04669035bb12bd7903cdd9d0c463cf03104e333,Tables,E14,14,5,int,0
lenovo_fifa_consumer_research_export_2026-05-21.xlsx,3c7a066bc263806231cd89e8a04669035bb12bd7903cdd9d0c463cf03104e333,Tables,F14,14,6,float,0.04309787527475
lenovo_fifa_consumer_research_export_2026-05-21.xlsx,3c7a066bc263806231cd89e8a04669035bb12bd7903cdd9d0c463cf03104e333,Tables,G14,14,7,int,0
lenovo_fifa_consumer_research_export_2026-05-21.xlsx,3c7a066bc263806231cd89e8a04669035bb12bd7903cdd9d0c463cf03104e333,Tables,H14,14,8,int,0
lenovo_fifa_consumer_research_export_2026-05-21.xlsx,3c7a066bc263806231cd89e8a04669035bb12bd7903cdd9d0c463cf03104e333,Tables,A15,15,1,str,China
lenovo_fifa_consumer_research_export_2026-05-21.xlsx,3c7a066bc263806231cd89e8a04669035bb12bd7903cdd9d0c463cf03104e333,Tables,B15,15,2,float,0.04631344942571
lenovo_fifa_consumer_research_export_2026-05-21.xlsx,3c7a066bc263806231cd89e8a04669035bb12bd7903cdd9d0c463cf03104e333,Tables,C15,15,3,float,0.05
lenovo_fifa_consumer_research_export_2026-05-21.xlsx,3c7a066bc263806231cd89e8a04669035bb12bd7903cdd9d0c463cf03104e333,Tables,D15,15,4,float,0.0413513625274
lenovo_fifa_consumer_research_export_2026-05-21.xlsx,3c7a066bc263806231cd89e8a04669035bb12bd7903cdd9d0c463cf03104e333,Tables,E15,15,5,float,0.04462094507162
lenovo_fifa_consumer_research_export_2026-05-21.xlsx,3c7a066bc263806231cd89e8a04669035bb12bd7903cdd9d0c463cf03104e333,Tables,F15,15,6,float,0.04309787527475
lenovo_fifa_consumer_research_export_2026-05-21.xlsx,3c7a066bc263806231cd89e8a04669035bb12bd7903cdd9d0c463cf03104e333,Tables,G15,15,7,float,0.04086636697998
lenovo_fifa_consumer_research_export_2026-05-21.xlsx,3c7a066bc263806231cd89e8a04669035bb12bd7903cdd9d0c463cf03104e333,Tables,H15,15,8,float,0.04760997905161
lenovo_fifa_consumer_research_export_2026-05-21.xlsx,3c7a066bc263806231cd89e8a04669035bb12bd7903cdd9d0c463cf03104e333,Tables,A16,16,1,str,Egypt
lenovo_fifa_consumer_research_export_2026-05-21.xlsx,3c7a066bc263806231cd89e8a04669035bb12bd7903cdd9d0c463cf03104e333,Tables,B16,16,2,int,0
lenovo_fifa_consumer_research_export_2026-05-21.xlsx,3c7a066bc263806231cd89e8a04669035bb12bd7903cdd9d0c463cf03104e333,Tables,C16,16,3,int,0
lenovo_fifa_consumer_research_export_2026-05-21.xlsx,3c7a066bc263806231cd89e8a04669035bb12bd7903cdd9d0c463cf03104e333,Tables,D16,16,4,int,0
lenovo_fifa_consumer_research_export_2026-05-21.xlsx,3c7a066bc263806231cd89e8a04669035bb12bd7903cdd9d0c463cf03104e333,Tables,E16,16,5,int,0
lenovo_fifa_consumer_research_export_2026-05-21.xlsx,3c7a066bc263806231cd89e8a04669035bb12bd7903cdd9d0c463cf03104e333,Tables,F16,16,6,float,0.04309787527475
lenovo_fifa_consumer_research_export_2026-05-21.xlsx,3c7a066bc263806231cd89e8a04669035bb12bd7903cdd9d0c463cf03104e333,Tables,G16,16,7,int,0
lenovo_fifa_consumer_research_export_2026-05-21.xlsx,3c7a066bc263806231cd89e8a04669035bb12bd7903cdd9d0c463cf03104e333,Tables,H16,16,8,int,0
lenovo_fifa_consumer_research_export_2026-05-21.xlsx,3c7a066bc263806231cd89e8a04669035bb12bd7903cdd9d0c463cf03104e333,Tables,A17,17,1,str,France
lenovo_fifa_consumer_research_export_2026-05-21.xlsx,3c7a066bc263806231cd89e8a04669035bb12bd7903cdd9d0c463cf03104e333,Tables,B17,17,2,float,0.04631344942571
lenovo_fifa_consumer_research_export_2026-05-21.xlsx,3c7a066bc263806231cd89e8a04669035bb12bd7903cdd9d0c463cf03104e333,Tables,C17,17,3,float,0.05
lenovo_fifa_consumer_research_export_2026-05-21.xlsx,3c7a066bc263806231cd89e8a04669035bb12bd7903cdd9d0c463cf03104e333,Tables,D17,17,4,float,0.0413513625274
lenovo_fifa_consumer_research_export_2026-05-21.xlsx,3c7a066bc263806231cd89e8a04669035bb12bd7903cdd9d0c463cf03104e333,Tables,E17,17,5,float,0.04462094507162
lenovo_fifa_consumer_research_export_2026-05-21.xlsx,3c7a066bc263806231cd89e8a04669035bb12bd7903cdd9d0c463cf03104e333,Tables,F17,17,6,float,0.04309787527475
lenovo_fifa_consumer_research_export_2026-05-21.xlsx,3c7a066bc263806231cd89e8a04669035bb12bd7903cdd9d0c463cf03104e333,Tables,G17,17,7,float,0.04086636697998
lenovo_fifa_consumer_research_export_2026-05-21.xlsx,3c7a066bc263806231cd89e8a04669035bb12bd7903cdd9d0c463cf03104e333,Tables,H17,17,8,float,0.04760997905161
lenovo_fifa_consumer_research_export_2026-05-21.xlsx,3c7a066bc263806231cd89e8a04669035bb12bd7903cdd9d0c463cf03104e333,Tables,A18,18,1,str,Germany
lenovo_fifa_consumer_research_export_2026-05-21.xlsx,3c7a066bc263806231cd89e8a04669035bb12bd7903cdd9d0c463cf03104e333,Tables,B18,18,2,float,0.04631344942571
lenovo_fifa_consumer_research_export_2026-05-21.xlsx,3c7a066bc263806231cd89e8a04669035bb12bd7903cdd9d0c463cf03104e333,Tables,C18,18,3,float,0.05
lenovo_fifa_consumer_research_export_2026-05-21.xlsx,3c7a066bc263806231cd89e8a04669035bb12bd7903cdd9d0c463cf03104e333,Tables,D18,18,4,float,0.0413513625274
lenovo_fifa_consumer_research_export_2026-05-21.xlsx,3c7a066bc263806231cd89e8a04669035bb12bd7903cdd9d0c463cf03104e333,Tables,E18,18,5,float,0.04462094507162
lenovo_fifa_consumer_research_export_2026-05-21.xlsx,3c7a066bc263806231cd89e8a04669035bb12bd7903cdd9d0c463cf03104e333,Tables,F18,18,6,float,0.04309787527475
lenovo_fifa_consumer_research_export_2026-05-21.xlsx,3c7a066bc263806231cd89e8a04669035bb12bd7903cdd9d0c463cf03104e333,Tables,G18,18,7,float,0.04086636697998
lenovo_fifa_consumer_research_export_2026-05-21.xlsx,3c7a066bc263806231cd89e8a04669035bb12bd7903cdd9d0c463cf03104e333,Tables,H18,18,8,float,0.04760997905161
lenovo_fifa_consumer_research_export_2026-05-21.xlsx,3c7a066bc263806231cd89e8a04669035bb12bd7903cdd9d0c463cf03104e333,Tables,A19,19,1,str,Italy
lenovo_fifa_consumer_research_export_2026-05-21.xlsx,3c7a066bc263806231cd89e8a04669035bb12bd7903cdd9d0c463cf03104e333,Tables,B19,19,2,float,0.04631344942571
lenovo_fifa_consumer_research_export_2026-05-21.xlsx,3c7a066bc263806231cd89e8a04669035bb12bd7903cdd9d0c463cf03104e333,Tables,C19,19,3,float,0.05
lenovo_fifa_consumer_research_export_2026-05-21.xlsx,3c7a066bc263806231cd89e8a04669035bb12bd7903cdd9d0c463cf03104e333,Tables,D19,19,4,float,0.0413513625274
lenovo_fifa_consumer_research_export_2026-05-21.xlsx,3c7a066bc263806231cd89e8a04669035bb12bd7903cdd9d0c463cf03104e333,Tables,E19,19,5,float,0.04462094507162
lenovo_fifa_consumer_research_export_2026-05-21.xlsx,3c7a066bc263806231cd89e8a04669035bb12bd7903cdd9d0c463cf03104e333,Tables,F19,19,6,float,0.04309787527475
lenovo_fifa_consumer_research_export_2026-05-21.xlsx,3c7a066bc263806231cd89e8a04669035bb12bd7903cdd9d0c463cf03104e333,Tables,G19,19,7,float,0.04086636697998
lenovo_fifa_consumer_research_export_2026-05-21.xlsx,3c7a066bc263806231cd89e8a04669035bb12bd7903cdd9d0c463cf03104e333,Tables,H19,19,8,float,0.04760997905161
lenovo_fifa_consumer_research_export_2026-05-21.xlsx,3c7a066bc263806231cd89e8a04669035bb12bd7903cdd9d0c463cf03104e333,Tables,A20,20,1,str,Japan
lenovo_fifa_consumer_research_export_2026-05-21.xlsx,3c7a066bc263806231cd89e8a04669035bb12bd7903cdd9d0c463cf03104e333,Tables,B20,20,2,float,0.04631344942571
lenovo_fifa_consumer_research_export_2026-05-21.xlsx,3c7a066bc263806231cd89e8a04669035bb12bd7903cdd9d0c463cf03104e333,Tables,C20,20,3,float,0.05
lenovo_fifa_consumer_research_export_2026-05-21.xlsx,3c7a066bc263806231cd89e8a04669035bb12bd7903cdd9d0c463cf03104e333,Tables,D20,20,4,float,0.0413513625274
lenovo_fifa_consumer_research_export_2026-05-21.xlsx,3c7a066bc263806231cd89e8a04669035bb12bd7903cdd9d0c463cf03104e333,Tables,E20,20,5,float,0.04462094507162
lenovo_fifa_consumer_research_export_2026-05-21.xlsx,3c7a066bc263806231cd89e8a04669035bb12bd7903cdd9d0c463cf03104e333,Tables,F20,20,6,float,0.04309787527475
lenovo_fifa_consumer_research_export_2026-05-21.xlsx,3c7a066bc263806231cd89e8a04669035bb12bd7903cdd9d0c463cf03104e333,Tables,G20,20,7,float,0.04086636697998
lenovo_fifa_consumer_research_export_2026-05-21.xlsx,3c7a066bc263806231cd89e8a04669035bb12bd7903cdd9d0c463cf03104e333,Tables,H20,20,8,float,0.04760997905161
lenovo_fifa_consumer_research_export_2026-05-21.xlsx,3c7a066bc263806231cd89e8a04669035bb12bd7903cdd9d0c463cf03104e333,Tables,A21,21,1,str,Mexico
lenovo_fifa_consumer_research_export_2026-05-21.xlsx,3c7a066bc263806231cd89e8a04669035bb12bd7903cdd9d0c463cf03104e333,Tables,B21,21,2,float,0.05029640607632
lenovo_fifa_consumer_research_export_2026-05-21.xlsx,3c7a066bc263806231cd89e8a04669035bb12bd7903cdd9d0c463cf03104e333,Tables,C21,21,3,float,0.05
lenovo_fifa_consumer_research_export_2026-05-21.xlsx,3c7a066bc263806231cd89e8a04669035bb12bd7903cdd9d0c463cf03104e333,Tables,D21,21,4,float,0.05801596162594
lenovo_fifa_consumer_research_export_2026-05-21.xlsx,3c7a066bc263806231cd89e8a04669035bb12bd7903cdd9d0c463cf03104e333,Tables,E21,21,5,float,0.04462094507162
lenovo_fifa_consumer_research_export_2026-05-21.xlsx,3c7a066bc263806231cd89e8a04669035bb12bd7903cdd9d0c463cf03104e333,Tables,F21,21,6,float,0.04309787527475
lenovo_fifa_consumer_research_export_2026-05-21.xlsx,3c7a066bc263806231cd89e8a04669035bb12bd7903cdd9d0c463cf03104e333,Tables,G21,21,7,float,0.05925623212096
lenovo_fifa_consumer_research_export_2026-05-21.xlsx,3c7a066bc263806231cd89e8a04669035bb12bd7903cdd9d0c463cf03104e333,Tables,H21,21,8,float,0.04760997905161
lenovo_fifa_consumer_research_export_2026-05-21.xlsx,3c7a066bc263806231cd89e8a04669035bb12bd7903cdd9d0c463cf03104e333,Tables,A22,22,1,str,Morocco
lenovo_fifa_consumer_research_export_2026-05-21.xlsx,3c7a066bc263806231cd89e8a04669035bb12bd7903cdd9d0c463cf03104e333,Tables,B22,22,2,int,0
lenovo_fifa_consumer_research_export_2026-05-21.xlsx,3c7a066bc263806231cd89e8a04669035bb12bd7903cdd9d0c463cf03104e333,Tables,C22,22,3,float,0.05
lenovo_fifa_consumer_research_export_2026-05-21.xlsx,3c7a066bc263806231cd89e8a04669035bb12bd7903cdd9d0c463cf03104e333,Tables,D22,22,4,float,0.0413513625274
lenovo_fifa_consumer_research_export_2026-05-21.xlsx,3c7a066bc263806231cd89e8a04669035bb12bd7903cdd9d0c463cf03104e333,Tables,E22,22,5,float,0.04466556601669
lenovo_fifa_consumer_research_export_2026-05-21.xlsx,3c7a066bc263806231cd89e8a04669035bb12bd7903cdd9d0c463cf03104e333,Tables,F22,22,6,float,0.0431840710253
lenovo_fifa_consumer_research_export_2026-05-21.xlsx,3c7a066bc263806231cd89e8a04669035bb12bd7903cdd9d0c463cf03104e333,Tables,G22,22,7,float,0.04090723334696
lenovo_fifa_consumer_research_export_2026-05-21.xlsx,3c7a066bc263806231cd89e8a04669035bb12bd7903cdd9d0c463cf03104e333,Tables,H22,22,8,float,0.04760997905161
lenovo_fifa_consumer_research_export_2026-05-21.xlsx,3c7a066bc263806231cd89e8a04669035bb12bd7903cdd9d0c463cf03104e333,Tables,A23,23,1,str,Netherlands
lenovo_fifa_consumer_research_export_2026-05-21.xlsx,3c7a066bc263806231cd89e8a04669035bb12bd7903cdd9d0c463cf03104e333,Tables,B23,23,2,int,0
lenovo_fifa_consumer_research_export_2026-05-21.xlsx,3c7a066bc263806231cd89e8a04669035bb12bd7903cdd9d0c463cf03104e333,Tables,C23,23,3,float,0.05
lenovo_fifa_consumer_research_export_2026-05-21.xlsx,3c7a066bc263806231cd89e8a04669035bb12bd7903cdd9d0c463cf03104e333,Tables,D23,23,4,int,0
lenovo_fifa_consumer_research_export_2026-05-21.xlsx,3c7a066bc263806231cd89e8a04669035bb12bd7903cdd9d0c463cf03104e333,Tables,E23,23,5,float,0.04462094507162
lenovo_fifa_consumer_research_export_2026-05-21.xlsx,3c7a066bc263806231cd89e8a04669035bb12bd7903cdd9d0c463cf03104e333,Tables,F23,23,6,int,0
lenovo_fifa_consumer_research_export_2026-05-21.xlsx,3c7a066bc263806231cd89e8a04669035bb12bd7903cdd9d0c463cf03104e333,Tables,G23,23,7,int,0
lenovo_fifa_consumer_research_export_2026-05-21.xlsx,3c7a066bc263806231cd89e8a04669035bb12bd7903cdd9d0c463cf03104e333,Tables,H23,23,8,float,0.04760997905161
lenovo_fifa_consumer_research_export_2026-05-21.xlsx,3c7a066bc263806231cd89e8a04669035bb12bd7903cdd9d0c463cf03104e333,Tables,A24,24,1,str,New Zealand
lenovo_fifa_consumer_research_export_2026-05-21.xlsx,3c7a066bc263806231cd89e8a04669035bb12bd7903cdd9d0c463cf03104e333,Tables,B24,24,2,int,0
lenovo_fifa_consumer_research_export_2026-05-21.xlsx,3c7a066bc263806231cd89e8a04669035bb12bd7903cdd9d0c463cf03104e333,Tables,C24,24,3,float,0.05
lenovo_fifa_consumer_research_export_2026-05-21.xlsx,3c7a066bc263806231cd89e8a04669035bb12bd7903cdd9d0c463cf03104e333,Tables,D24,24,4,int,0
lenovo_fifa_consumer_research_export_2026-05-21.xlsx,3c7a066bc263806231cd89e8a04669035bb12bd7903cdd9d0c463cf03104e333,Tables,E24,24,5,float,0.04462094507162
lenovo_fifa_consumer_research_export_2026-05-21.xlsx,3c7a066bc263806231cd89e8a04669035bb12bd7903cdd9d0c463cf03104e333,Tables,F24,24,6,float,0.04309787527475
lenovo_fifa_consumer_research_export_2026-05-21.xlsx,3c7a066bc263806231cd89e8a04669035bb12bd7903cdd9d0c463cf03104e333,Tables,G24,24,7,int,0
lenovo_fifa_consumer_research_export_2026-05-21.xlsx,3c7a066bc263806231cd89e8a04669035bb12bd7903cdd9d0c463cf03104e333,Tables,H24,24,8,float,0.04760997905161
lenovo_fifa_consumer_research_export_2026-05-21.xlsx,3c7a066bc263806231cd89e8a04669035bb12bd7903cdd9d0c463cf03104e333,Tables,A25,25,1,str,Nigeria
lenovo_fifa_consumer_research_export_2026-05-21.xlsx,3c7a066bc263806231cd89e8a04669035bb12bd7903cdd9d0c463cf03104e333,Tables,B25,25,2,int,0
lenovo_fifa_consumer_research_export_2026-05-21.xlsx,3c7a066bc263806231cd89e8a04669035bb12bd7903cdd9d0c463cf03104e333,Tables,C25,25,3,float,0.05
lenovo_fifa_consumer_research_export_2026-05-21.xlsx,3c7a066bc263806231cd89e8a04669035bb12bd7903cdd9d0c463cf03104e333,Tables,D25,25,4,int,0
lenovo_fifa_consumer_research_export_2026-05-21.xlsx,3c7a066bc263806231cd89e8a04669035bb12bd7903cdd9d0c463cf03104e333,Tables,E25,25,5,float,0.04462094507162
lenovo_fifa_consumer_research_export_2026-05-21.xlsx,3c7a066bc263806231cd89e8a04669035bb12bd7903cdd9d0c463cf03104e333,Tables,F25,25,6,int,0
lenovo_fifa_consumer_research_export_2026-05-21.xlsx,3c7a066bc263806231cd89e8a04669035bb12bd7903cdd9d0c463cf03104e333,Tables,G25,25,7,int,0
lenovo_fifa_consumer_research_export_2026-05-21.xlsx,3c7a066bc263806231cd89e8a04669035bb12bd7903cdd9d0c463cf03104e333,Tables,H25,25,8,float,0.04765758903066
lenovo_fifa_consumer_research_export_2026-05-21.xlsx,3c7a066bc263806231cd89e8a04669035bb12bd7903cdd9d0c463cf03104e333,Tables,A26,26,1,str,Paraguay
lenovo_fifa_consumer_research_export_2026-05-21.xlsx,3c7a066bc263806231cd89e8a04669035bb12bd7903cdd9d0c463cf03104e333,Tables,B26,26,2,float,0.02440718784735
lenovo_fifa_consumer_research_export_2026-05-21.xlsx,3c7a066bc263806231cd89e8a04669035bb12bd7903cdd9d0c463cf03104e333,Tables,C26,26,3,int,0
lenovo_fifa_consumer_research_export_2026-05-21.xlsx,3c7a066bc263806231cd89e8a04669035bb12bd7903cdd9d0c463cf03104e333,Tables,D26,26,4,float,0.0229500062027
lenovo_fifa_consumer_research_export_2026-05-21.xlsx,3c7a066bc263806231cd89e8a04669035bb12bd7903cdd9d0c463cf03104e333,Tables,E26,26,5,int,0
lenovo_fifa_consumer_research_export_2026-05-21.xlsx,3c7a066bc263806231cd89e8a04669035bb12bd7903cdd9d0c463cf03104e333,Tables,F26,26,6,int,0
lenovo_fifa_consumer_research_export_2026-05-21.xlsx,3c7a066bc263806231cd89e8a04669035bb12bd7903cdd9d0c463cf03104e333,Tables,G26,26,7,float,0.02051491622395
lenovo_fifa_consumer_research_export_2026-05-21.xlsx,3c7a066bc263806231cd89e8a04669035bb12bd7903cdd9d0c463cf03104e333,Tables,H26,26,8,int,0
lenovo_fifa_consumer_research_export_2026-05-21.xlsx,3c7a066bc263806231cd89e8a04669035bb12bd7903cdd9d0c463cf03104e333,Tables,A27,27,1,str,Philippines
lenovo_fifa_consumer_research_export_2026-05-21.xlsx,3c7a066bc263806231cd89e8a04669035bb12bd7903cdd9d0c463cf03104e333,Tables,B27,27,2,int,0
lenovo_fifa_consumer_research_export_2026-05-21.xlsx,3c7a066bc263806231cd89e8a04669035bb12bd7903cdd9d0c463cf03104e333,Tables,C27,27,3,int,0
lenovo_fifa_consumer_research_export_2026-05-21.xlsx,3c7a066bc263806231cd89e8a04669035bb12bd7903cdd9d0c463cf03104e333,Tables,D27,27,4,int,0
lenovo_fifa_consumer_research_export_2026-05-21.xlsx,3c7a066bc263806231cd89e8a04669035bb12bd7903cdd9d0c463cf03104e333,Tables,E27,27,5,float,0.04462094507162
lenovo_fifa_consumer_research_export_2026-05-21.xlsx,3c7a066bc263806231cd89e8a04669035bb12bd7903cdd9d0c463cf03104e333,Tables,F27,27,6,int,0
lenovo_fifa_consumer_research_export_2026-05-21.xlsx,3c7a066bc263806231cd89e8a04669035bb12bd7903cdd9d0c463cf03104e333,Tables,G27,27,7,int,0
lenovo_fifa_consumer_research_export_2026-05-21.xlsx,3c7a066bc263806231cd89e8a04669035bb12bd7903cdd9d0c463cf03104e333,Tables,H27,27,8,int,0
lenovo_fifa_consumer_research_export_2026-05-21.xlsx,3c7a066bc263806231cd89e8a04669035bb12bd7903cdd9d0c463cf03104e333,Tables,A28,28,1,str,Portugal
lenovo_fifa_consumer_research_export_2026-05-21.xlsx,3c7a066bc263806231cd89e8a04669035bb12bd7903cdd9d0c463cf03104e333,Tables,B28,28,2,float,0.04631344942571
lenovo_fifa_consumer_research_export_2026-05-21.xlsx,3c7a066bc263806231cd89e8a04669035bb12bd7903cdd9d0c463cf03104e333,Tables,C28,28,3,int,0
lenovo_fifa_consumer_research_export_2026-05-21.xlsx,3c7a066bc263806231cd89e8a04669035bb12bd7903cdd9d0c463cf03104e333,Tables,D28,28,4,float,0.0413513625274
lenovo_fifa_consumer_research_export_2026-05-21.xlsx,3c7a066bc263806231cd89e8a04669035bb12bd7903cdd9d0c463cf03104e333,Tables,E28,28,5,int,0
lenovo_fifa_consumer_research_export_2026-05-21.xlsx,3c7a066bc263806231cd89e8a04669035bb12bd7903cdd9d0c463cf03104e333,Tables,F28,28,6,float,0.04309787527475
lenovo_fifa_consumer_research_export_2026-05-21.xlsx,3c7a066bc263806231cd89e8a04669035bb12bd7903cdd9d0c463cf03104e333,Tables,G28,28,7,float,0.04086636697998
lenovo_fifa_consumer_research_export_2026-05-21.xlsx,3c7a066bc263806231cd89e8a04669035bb12bd7903cdd9d0c463cf03104e333,Tables,H28,28,8,int,0
lenovo_fifa_consumer_research_export_2026-05-21.xlsx,3c7a066bc263806231cd89e8a04669035bb12bd7903cdd9d0c463cf03104e333,Tables,A29,29,1,str,Qatar
lenovo_fifa_consumer_research_export_2026-05-21.xlsx,3c7a066bc263806231cd89e8a04669035bb12bd7903cdd9d0c463cf03104e333,Tables,B29,29,2,float,0.03705075954057
lenovo_fifa_consumer_research_export_2026-05-21.xlsx,3c7a066bc263806231cd89e8a04669035bb12bd7903cdd9d0c463cf03104e333,Tables,C29,29,3,int,0
lenovo_fifa_consumer_research_export_2026-05-21.xlsx,3c7a066bc263806231cd89e8a04669035bb12bd7903cdd9d0c463cf03104e333,Tables,D29,29,4,float,0.03308109002192
lenovo_fifa_consumer_research_export_2026-05-21.xlsx,3c7a066bc263806231cd89e8a04669035bb12bd7903cdd9d0c463cf03104e333,Tables,E29,29,5,int,0
lenovo_fifa_consumer_research_export_2026-05-21.xlsx,3c7a066bc263806231cd89e8a04669035bb12bd7903cdd9d0c463cf03104e333,Tables,F29,29,6,int,0
lenovo_fifa_consumer_research_export_2026-05-21.xlsx,3c7a066bc263806231cd89e8a04669035bb12bd7903cdd9d0c463cf03104e333,Tables,G29,29,7,float,0.03269309358398
lenovo_fifa_consumer_research_export_2026-05-21.xlsx,3c7a066bc263806231cd89e8a04669035bb12bd7903cdd9d0c463cf03104e333,Tables,H29,29,8,int,0
lenovo_fifa_consumer_research_export_2026-05-21.xlsx,3c7a066bc263806231cd89e8a04669035bb12bd7903cdd9d0c463cf03104e333,Tables,A30,30,1,str,Saudi Arabia
lenovo_fifa_consumer_research_export_2026-05-21.xlsx,3c7a066bc263806231cd89e8a04669035bb12bd7903cdd9d0c463cf03104e333,Tables,B30,30,2,float,0.04631344942571
lenovo_fifa_consumer_research_export_2026-05-21.xlsx,3c7a066bc263806231cd89e8a04669035bb12bd7903cdd9d0c463cf03104e333,Tables,C30,30,3,float,0.05
lenovo_fifa_consumer_research_export_2026-05-21.xlsx,3c7a066bc263806231cd89e8a04669035bb12bd7903cdd9d0c463cf03104e333,Tables,D30,30,4,float,0.0413513625274
lenovo_fifa_consumer_research_export_2026-05-21.xlsx,3c7a066bc263806231cd89e8a04669035bb12bd7903cdd9d0c463cf03104e333,Tables,E30,30,5,float,0.04471018696176
lenovo_fifa_consumer_research_export_2026-05-21.xlsx,3c7a066bc263806231cd89e8a04669035bb12bd7903cdd9d0c463cf03104e333,Tables,F30,30,6,float,0.04314097315002
lenovo_fifa_consumer_research_export_2026-05-21.xlsx,3c7a066bc263806231cd89e8a04669035bb12bd7903cdd9d0c463cf03104e333,Tables,G30,30,7,float,0.04094809971394
lenovo_fifa_consumer_research_export_2026-05-21.xlsx,3c7a066bc263806231cd89e8a04669035bb12bd7903cdd9d0c463cf03104e333,Tables,H30,30,8,float,0.04770519900971
lenovo_fifa_consumer_research_export_2026-05-21.xlsx,3c7a066bc263806231cd89e8a04669035bb12bd7903cdd9d0c463cf03104e333,Tables,A31,31,1,str,South Africa
lenovo_fifa_consumer_research_export_2026-05-21.xlsx,3c7a066bc263806231cd89e8a04669035bb12bd7903cdd9d0c463cf03104e333,Tables,B31,31,2,float,0.04631344942571
lenovo_fifa_consumer_research_export_2026-05-21.xlsx,3c7a066bc263806231cd89e8a04669035bb12bd7903cdd9d0c463cf03104e333,Tables,C31,31,3,float,0.05
lenovo_fifa_consumer_research_export_2026-05-21.xlsx,3c7a066bc263806231cd89e8a04669035bb12bd7903cdd9d0c463cf03104e333,Tables,D31,31,4,float,0.0413513625274
lenovo_fifa_consumer_research_export_2026-05-21.xlsx,3c7a066bc263806231cd89e8a04669035bb12bd7903cdd9d0c463cf03104e333,Tables,E31,31,5,float,0.04462094507162
lenovo_fifa_consumer_research_export_2026-05-21.xlsx,3c7a066bc263806231cd89e8a04669035bb12bd7903cdd9d0c463cf03104e333,Tables,F31,31,6,float,0.04309787527475
lenovo_fifa_consumer_research_export_2026-05-21.xlsx,3c7a066bc263806231cd89e8a04669035bb12bd7903cdd9d0c463cf03104e333,Tables,G31,31,7,float,0.04086636697998
lenovo_fifa_consumer_research_export_2026-05-21.xlsx,3c7a066bc263806231cd89e8a04669035bb12bd7903cdd9d0c463cf03104e333,Tables,H31,31,8,float,0.04760997905161
lenovo_fifa_consumer_research_export_2026-05-21.xlsx,3c7a066bc263806231cd89e8a04669035bb12bd7903cdd9d0c463cf03104e333,Tables,A32,32,1,str,South Korea
lenovo_fifa_consumer_research_export_2026-05-21.xlsx,3c7a066bc263806231cd89e8a04669035bb12bd7903cdd9d0c463cf03104e333,Tables,B32,32,2,float,0.04631344942571
lenovo_fifa_consumer_research_export_2026-05-21.xlsx,3c7a066bc263806231cd89e8a04669035bb12bd7903cdd9d0c463cf03104e333,Tables,C32,32,3,float,0.05
lenovo_fifa_consumer_research_export_2026-05-21.xlsx,3c7a066bc263806231cd89e8a04669035bb12bd7903cdd9d0c463cf03104e333,Tables,D32,32,4,float,0.0413513625274
lenovo_fifa_consumer_research_export_2026-05-21.xlsx,3c7a066bc263806231cd89e8a04669035bb12bd7903cdd9d0c463cf03104e333,Tables,E32,32,5,float,0.04462094507162
lenovo_fifa_consumer_research_export_2026-05-21.xlsx,3c7a066bc263806231cd89e8a04669035bb12bd7903cdd9d0c463cf03104e333,Tables,F32,32,6,float,0.04309787527475
lenovo_fifa_consumer_research_export_2026-05-21.xlsx,3c7a066bc263806231cd89e8a04669035bb12bd7903cdd9d0c463cf03104e333,Tables,G32,32,7,float,0.04086636697998
lenovo_fifa_consumer_research_export_2026-05-21.xlsx,3c7a066bc263806231cd89e8a04669035bb12bd7903cdd9d0c463cf03104e333,Tables,H32,32,8,float,0.04760997905161
lenovo_fifa_consumer_research_export_2026-05-21.xlsx,3c7a066bc263806231cd89e8a04669035bb12bd7903cdd9d0c463cf03104e333,Tables,A33,33,1,str,Spain
lenovo_fifa_consumer_research_export_2026-05-21.xlsx,3c7a066bc263806231cd89e8a04669035bb12bd7903cdd9d0c463cf03104e333,Tables,B33,33,2,float,0.04631344942571
lenovo_fifa_consumer_research_export_2026-05-21.xlsx,3c7a066bc263806231cd89e8a04669035bb12bd7903cdd9d0c463cf03104e333,Tables,C33,33,3,float,0.05
lenovo_fifa_consumer_research_export_2026-05-21.xlsx,3c7a066bc263806231cd89e8a04669035bb12bd7903cdd9d0c463cf03104e333,Tables,D33,33,4,float,0.0413513625274
lenovo_fifa_consumer_research_export_2026-05-21.xlsx,3c7a066bc263806231cd89e8a04669035bb12bd7903cdd9d0c463cf03104e333,Tables,E33,33,5,float,0.04462094507162
lenovo_fifa_consumer_research_export_2026-05-21.xlsx,3c7a066bc263806231cd89e8a04669035bb12bd7903cdd9d0c463cf03104e333,Tables,F33,33,6,float,0.04309787527475
lenovo_fifa_consumer_research_export_2026-05-21.xlsx,3c7a066bc263806231cd89e8a04669035bb12bd7903cdd9d0c463cf03104e333,Tables,G33,33,7,float,0.04086636697998
lenovo_fifa_consumer_research_export_2026-05-21.xlsx,3c7a066bc263806231cd89e8a04669035bb12bd7903cdd9d0c463cf03104e333,Tables,H33,33,8,float,0.04760997905161
lenovo_fifa_consumer_research_export_2026-05-21.xlsx,3c7a066bc263806231cd89e8a04669035bb12bd7903cdd9d0c463cf03104e333,Tables,A34,34,1,str,Tunisia
lenovo_fifa_consumer_research_export_2026-05-21.xlsx,3c7a066bc263806231cd89e8a04669035bb12bd7903cdd9d0c463cf03104e333,Tables,B34,34,2,int,0
lenovo_fifa_consumer_research_export_2026-05-21.xlsx,3c7a066bc263806231cd89e8a04669035bb12bd7903cdd9d0c463cf03104e333,Tables,C34,34,3,int,0
lenovo_fifa_consumer_research_export_2026-05-21.xlsx,3c7a066bc263806231cd89e8a04669035bb12bd7903cdd9d0c463cf03104e333,Tables,D34,34,4,int,0
lenovo_fifa_consumer_research_export_2026-05-21.xlsx,3c7a066bc263806231cd89e8a04669035bb12bd7903cdd9d0c463cf03104e333,Tables,E34,34,5,int,0
lenovo_fifa_consumer_research_export_2026-05-21.xlsx,3c7a066bc263806231cd89e8a04669035bb12bd7903cdd9d0c463cf03104e333,Tables,F34,34,6,float,0.00861957505495
lenovo_fifa_consumer_research_export_2026-05-21.xlsx,3c7a066bc263806231cd89e8a04669035bb12bd7903cdd9d0c463cf03104e333,Tables,G34,34,7,int,0
lenovo_fifa_consumer_research_export_2026-05-21.xlsx,3c7a066bc263806231cd89e8a04669035bb12bd7903cdd9d0c463cf03104e333,Tables,H34,34,8,int,0
lenovo_fifa_consumer_research_export_2026-05-21.xlsx,3c7a066bc263806231cd89e8a04669035bb12bd7903cdd9d0c463cf03104e333,Tables,A35,35,1,str,United Arab Emirates
lenovo_fifa_consumer_research_export_2026-05-21.xlsx,3c7a066bc263806231cd89e8a04669035bb12bd7903cdd9d0c463cf03104e333,Tables,B35,35,2,int,0
lenovo_fifa_consumer_research_export_2026-05-21.xlsx,3c7a066bc263806231cd89e8a04669035bb12bd7903cdd9d0c463cf03104e333,Tables,C35,35,3,int,0
lenovo_fifa_consumer_research_export_2026-05-21.xlsx,3c7a066bc263806231cd89e8a04669035bb12bd7903cdd9d0c463cf03104e333,Tables,D35,35,4,int,0
lenovo_fifa_consumer_research_export_2026-05-21.xlsx,3c7a066bc263806231cd89e8a04669035bb12bd7903cdd9d0c463cf03104e333,Tables,E35,35,5,int,0
lenovo_fifa_consumer_research_export_2026-05-21.xlsx,3c7a066bc263806231cd89e8a04669035bb12bd7903cdd9d0c463cf03104e333,Tables,F35,35,6,float,0.04309787527475
lenovo_fifa_consumer_research_export_2026-05-21.xlsx,3c7a066bc263806231cd89e8a04669035bb12bd7903cdd9d0c463cf03104e333,Tables,G35,35,7,int,0
lenovo_fifa_consumer_research_export_2026-05-21.xlsx,3c7a066bc263806231cd89e8a04669035bb12bd7903cdd9d0c463cf03104e333,Tables,H35,35,8,int,0
lenovo_fifa_consumer_research_export_2026-05-21.xlsx,3c7a066bc263806231cd89e8a04669035bb12bd7903cdd9d0c463cf03104e333,Tables,A36,36,1,str,United Kingdom
lenovo_fifa_consumer_research_export_2026-05-21.xlsx,3c7a066bc263806231cd89e8a04669035bb12bd7903cdd9d0c463cf03104e333,Tables,B36,36,2,float,0.04631344942571
lenovo_fifa_consumer_research_export_2026-05-21.xlsx,3c7a066bc263806231cd89e8a04669035bb12bd7903cdd9d0c463cf03104e333,Tables,C36,36,3,float,0.05
lenovo_fifa_consumer_research_export_2026-05-21.xlsx,3c7a066bc263806231cd89e8a04669035bb12bd7903cdd9d0c463cf03104e333,Tables,D36,36,4,float,0.0413513625274
lenovo_fifa_consumer_research_export_2026-05-21.xlsx,3c7a066bc263806231cd89e8a04669035bb12bd7903cdd9d0c463cf03104e333,Tables,E36,36,5,float,0.04462094507162
lenovo_fifa_consumer_research_export_2026-05-21.xlsx,3c7a066bc263806231cd89e8a04669035bb12bd7903cdd9d0c463cf03104e333,Tables,F36,36,6,float,0.04309787527475
lenovo_fifa_consumer_research_export_2026-05-21.xlsx,3c7a066bc263806231cd89e8a04669035bb12bd7903cdd9d0c463cf03104e333,Tables,G36,36,7,float,0.04086636697998
lenovo_fifa_consumer_research_export_2026-05-21.xlsx,3c7a066bc263806231cd89e8a04669035bb12bd7903cdd9d0c463cf03104e333,Tables,H36,36,8,float,0.04760997905161
lenovo_fifa_consumer_research_export_2026-05-21.xlsx,3c7a066bc263806231cd89e8a04669035bb12bd7903cdd9d0c463cf03104e333,Tables,A37,37,1,str,Uruguay
lenovo_fifa_consumer_research_export_2026-05-21.xlsx,3c7a066bc263806231cd89e8a04669035bb12bd7903cdd9d0c463cf03104e333,Tables,B37,37,2,float,0.02408299370137
lenovo_fifa_consumer_research_export_2026-05-21.xlsx,3c7a066bc263806231cd89e8a04669035bb12bd7903cdd9d0c463cf03104e333,Tables,C37,37,3,int,0
lenovo_fifa_consumer_research_export_2026-05-21.xlsx,3c7a066bc263806231cd89e8a04669035bb12bd7903cdd9d0c463cf03104e333,Tables,D37,37,4,float,0.02212297895216
lenovo_fifa_consumer_research_export_2026-05-21.xlsx,3c7a066bc263806231cd89e8a04669035bb12bd7903cdd9d0c463cf03104e333,Tables,E37,37,5,int,0
lenovo_fifa_consumer_research_export_2026-05-21.xlsx,3c7a066bc263806231cd89e8a04669035bb12bd7903cdd9d0c463cf03104e333,Tables,F37,37,6,int,0
lenovo_fifa_consumer_research_export_2026-05-21.xlsx,3c7a066bc263806231cd89e8a04669035bb12bd7903cdd9d0c463cf03104e333,Tables,G37,37,7,float,0.02043318348999
lenovo_fifa_consumer_research_export_2026-05-21.xlsx,3c7a066bc263806231cd89e8a04669035bb12bd7903cdd9d0c463cf03104e333,Tables,H37,37,8,int,0
lenovo_fifa_consumer_research_export_2026-05-21.xlsx,3c7a066bc263806231cd89e8a04669035bb12bd7903cdd9d0c463cf03104e333,Tables,A38,38,1,str,USA
lenovo_fifa_consumer_research_export_2026-05-21.xlsx,3c7a066bc263806231cd89e8a04669035bb12bd7903cdd9d0c463cf03104e333,Tables,B38,38,2,float,0.1694609114487
lenovo_fifa_consumer_research_export_2026-05-21.xlsx,3c7a066bc263806231cd89e8a04669035bb12bd7903cdd9d0c463cf03104e333,Tables,C38,38,3,float,0.05
lenovo_fifa_consumer_research_export_2026-05-21.xlsx,3c7a066bc263806231cd89e8a04669035bb12bd7903cdd9d0c463cf03104e333,Tables,D38,38,4,float,0.1976181615184
lenovo_fifa_consumer_research_export_2026-05-21.xlsx,3c7a066bc263806231cd89e8a04669035bb12bd7903cdd9d0c463cf03104e333,Tables,E38,38,5,float,0.04462094507162
lenovo_fifa_consumer_research_export_2026-05-21.xlsx,3c7a066bc263806231cd89e8a04669035bb12bd7903cdd9d0c463cf03104e333,Tables,F38,38,6,float,0.04309787527475
lenovo_fifa_consumer_research_export_2026-05-21.xlsx,3c7a066bc263806231cd89e8a04669035bb12bd7903cdd9d0c463cf03104e333,Tables,G38,38,7,float,0.2052717613404
lenovo_fifa_consumer_research_export_2026-05-21.xlsx,3c7a066bc263806231cd89e8a04669035bb12bd7903cdd9d0c463cf03104e333,Tables,H38,38,8,float,0.04760997905161
lenovo_fifa_consumer_research_export_2026-05-21.xlsx,3c7a066bc263806231cd89e8a04669035bb12bd7903cdd9d0c463cf03104e333,Tables,A39,39,1,str,NET
lenovo_fifa_consumer_research_export_2026-05-21.xlsx,3c7a066bc263806231cd89e8a04669035bb12bd7903cdd9d0c463cf03104e333,Tables,B39,39,2,int,1
lenovo_fifa_consumer_research_export_2026-05-21.xlsx,3c7a066bc263806231cd89e8a04669035bb12bd7903cdd9d0c463cf03104e333,Tables,C39,39,3,int,1
lenovo_fifa_consumer_research_export_2026-05-21.xlsx,3c7a066bc263806231cd89e8a04669035bb12bd7903cdd9d0c463cf03104e333,Tables,D39,39,4,int,1
lenovo_fifa_consumer_research_export_2026-05-21.xlsx,3c7a066bc263806231cd89e8a04669035bb12bd7903cdd9d0c463cf03104e333,Tables,E39,39,5,int,1
lenovo_fifa_consumer_research_export_2026-05-21.xlsx,3c7a066bc263806231cd89e8a04669035bb12bd7903cdd9d0c463cf03104e333,Tables,F39,39,6,int,1
lenovo_fifa_consumer_research_export_2026-05-21.xlsx,3c7a066bc263806231cd89e8a04669035bb12bd7903cdd9d0c463cf03104e333,Tables,G39,39,7,int,1
lenovo_fifa_consumer_research_export_2026-05-21.xlsx,3c7a066bc263806231cd89e8a04669035bb12bd7903cdd9d0c463cf03104e333,Tables,H39,39,8,int,1
lenovo_fifa_consumer_research_export_2026-05-21.xlsx,3c7a066bc263806231cd89e8a04669035bb12bd7903cdd9d0c463cf03104e333,Tables,A40,40,1,str,Total sample; Unweighted
lenovo_fifa_consumer_research_export_2026-05-21.xlsx,3c7a066bc263806231cd89e8a04669035bb12bd7903cdd9d0c463cf03104e333,Tables,A44,44,1,str,Back to TOC
lenovo_fifa_consumer_research_export_2026-05-21.xlsx,3c7a066bc263806231cd89e8a04669035bb12bd7903cdd9d0c463cf03104e333,Tables,A45,45,1,str,FWC
lenovo_fifa_consumer_research_export_2026-05-21.xlsx,3c7a066bc263806231cd89e8a04669035bb12bd7903cdd9d0c463cf03104e333,Tables,A49,49,1,str,Back to TOC
lenovo_fifa_consumer_research_export_2026-05-21.xlsx,3c7a066bc263806231cd89e8a04669035bb12bd7903cdd9d0c463cf03104e333,Tables,A50,50,1,str,Brand Aware - Lenovo FWC by FWC Lenovo Sponsorship Banner
lenovo_fifa_consumer_research_export_2026-05-21.xlsx,3c7a066bc263806231cd89e8a04669035bb12bd7903cdd9d0c463cf03104e333,Tables,A51,51,1,str,Column %
lenovo_fifa_consumer_research_export_2026-05-21.xlsx,3c7a066bc263806231cd89e8a04669035bb12bd7903cdd9d0c463cf03104e333,Tables,B51,51,2,str,FWC Lenovo Sponsorship Aware
lenovo_fifa_consumer_research_export_2026-05-21.xlsx,3c7a066bc263806231cd89e8a04669035bb12bd7903cdd9d0c463cf03104e333,Tables,C51,51,3,str,FWC Lenovo Sponsorship Unaware
lenovo_fifa_consumer_research_export_2026-05-21.xlsx,3c7a066bc263806231cd89e8a04669035bb12bd7903cdd9d0c463cf03104e333,Tables,A52,52,1,str,Brand Aware - Lenovo FWC
lenovo_fifa_consumer_research_export_2026-05-21.xlsx,3c7a066bc263806231cd89e8a04669035bb12bd7903cdd9d0c463cf03104e333,Tables,B52,52,2,int,1
lenovo_fifa_consumer_research_export_2026-05-21.xlsx,3c7a066bc263806231cd89e8a04669035bb12bd7903cdd9d0c463cf03104e333,Tables,C52,52,3,float,0.5254189634959
lenovo_fifa_consumer_research_export_2026-05-21.xlsx,3c7a066bc263806231cd89e8a04669035bb12bd7903cdd9d0c463cf03104e333,Tables,A53,53,1,str,Column n
lenovo_fifa_consumer_research_export_2026-05-21.xlsx,3c7a066bc263806231cd89e8a04669035bb12bd7903cdd9d0c463cf03104e333,Tables,B53,53,2,int,8013
lenovo_fifa_consumer_research_export_2026-05-21.xlsx,3c7a066bc263806231cd89e8a04669035bb12bd7903cdd9d0c463cf03104e333,Tables,C53,53,3,int,12834
lenovo_fifa_consumer_research_export_2026-05-21.xlsx,3c7a066bc263806231cd89e8a04669035bb12bd7903cdd9d0c463cf03104e333,Tables,A54,54,1,str,Filter: Wave 11 FWC Survey June 2024 AND Nat Rep; Weight: Nat Rep Weight_Final
lenovo_fifa_consumer_research_export_2026-05-21.xlsx,3c7a066bc263806231cd89e8a04669035bb12bd7903cdd9d0c463cf03104e333,Tables,A58,58,1,str,Back to TOC
lenovo_fifa_consumer_research_export_2026-05-21.xlsx,3c7a066bc263806231cd89e8a04669035bb12bd7903cdd9d0c463cf03104e333,Tables,A59,59,1,str,Q18. Which of the following best describes how appealing you find each of these brands - Lenovo by FWC Lenovo Sponsorship Banner
lenovo_fifa_consumer_research_export_2026-05-21.xlsx,3c7a066bc263806231cd89e8a04669035bb12bd7903cdd9d0c463cf03104e333,Tables,A60,60,1,str,Column %
lenovo_fifa_consumer_research_export_2026-05-21.xlsx,3c7a066bc263806231cd89e8a04669035bb12bd7903cdd9d0c463cf03104e333,Tables,B60,60,2,str,FWC Lenovo Sponsorship Aware
lenovo_fifa_consumer_research_export_2026-05-21.xlsx,3c7a066bc263806231cd89e8a04669035bb12bd7903cdd9d0c463cf03104e333,Tables,C60,60,3,str,FWC Lenovo Sponsorship Unaware
lenovo_fifa_consumer_research_export_2026-05-21.xlsx,3c7a066bc263806231cd89e8a04669035bb12bd7903cdd9d0c463cf03104e333,Tables,A61,61,1,str,0 Not at all appealing
lenovo_fifa_consumer_research_export_2026-05-21.xlsx,3c7a066bc263806231cd89e8a04669035bb12bd7903cdd9d0c463cf03104e333,Tables,B61,61,2,float,0.01847534795616
lenovo_fifa_consumer_research_export_2026-05-21.xlsx,3c7a066bc263806231cd89e8a04669035bb12bd7903cdd9d0c463cf03104e333,Tables,C61,61,3,float,0.1230818407504
lenovo_fifa_consumer_research_export_2026-05-21.xlsx,3c7a066bc263806231cd89e8a04669035bb12bd7903cdd9d0c463cf03104e333,Tables,A62,62,1,str,1
lenovo_fifa_consumer_research_export_2026-05-21.xlsx,3c7a066bc263806231cd89e8a04669035bb12bd7903cdd9d0c463cf03104e333,Tables,B62,62,2,float,0.008022700358184
lenovo_fifa_consumer_research_export_2026-05-21.xlsx,3c7a066bc263806231cd89e8a04669035bb12bd7903cdd9d0c463cf03104e333,Tables,C62,62,3,float,0.03220219780245
lenovo_fifa_consumer_research_export_2026-05-21.xlsx,3c7a066bc263806231cd89e8a04669035bb12bd7903cdd9d0c463cf03104e333,Tables,A63,63,1,str,2
lenovo_fifa_consumer_research_export_2026-05-21.xlsx,3c7a066bc263806231cd89e8a04669035bb12bd7903cdd9d0c463cf03104e333,Tables,B63,63,2,float,0.01820897310978
lenovo_fifa_consumer_research_export_2026-05-21.xlsx,3c7a066bc263806231cd89e8a04669035bb12bd7903cdd9d0c463cf03104e333,Tables,C63,63,3,float,0.05053440268525
lenovo_fifa_consumer_research_export_2026-05-21.xlsx,3c7a066bc263806231cd89e8a04669035bb12bd7903cdd9d0c463cf03104e333,Tables,A64,64,1,str,3
lenovo_fifa_consumer_research_export_2026-05-21.xlsx,3c7a066bc263806231cd89e8a04669035bb12bd7903cdd9d0c463cf03104e333,Tables,B64,64,2,float,0.02951845921527
lenovo_fifa_consumer_research_export_2026-05-21.xlsx,3c7a066bc263806231cd89e8a04669035bb12bd7903cdd9d0c463cf03104e333,Tables,C64,64,3,float,0.06916399543122
lenovo_fifa_consumer_research_export_2026-05-21.xlsx,3c7a066bc263806231cd89e8a04669035bb12bd7903cdd9d0c463cf03104e333,Tables,A65,65,1,str,4
lenovo_fifa_consumer_research_export_2026-05-21.xlsx,3c7a066bc263806231cd89e8a04669035bb12bd7903cdd9d0c463cf03104e333,Tables,B65,65,2,float,0.03765877797935
lenovo_fifa_consumer_research_export_2026-05-21.xlsx,3c7a066bc263806231cd89e8a04669035bb12bd7903cdd9d0c463cf03104e333,Tables,C65,65,3,float,0.08050408658499
lenovo_fifa_consumer_research_export_2026-05-21.xlsx,3c7a066bc263806231cd89e8a04669035bb12bd7903cdd9d0c463cf03104e333,Tables,A66,66,1,str,5
lenovo_fifa_consumer_research_export_2026-05-21.xlsx,3c7a066bc263806231cd89e8a04669035bb12bd7903cdd9d0c463cf03104e333,Tables,B66,66,2,float,0.1035519345378
lenovo_fifa_consumer_research_export_2026-05-21.xlsx,3c7a066bc263806231cd89e8a04669035bb12bd7903cdd9d0c463cf03104e333,Tables,C66,66,3,float,0.1804075863523
lenovo_fifa_consumer_research_export_2026-05-21.xlsx,3c7a066bc263806231cd89e8a04669035bb12bd7903cdd9d0c463cf03104e333,Tables,A67,67,1,str,6
lenovo_fifa_consumer_research_export_2026-05-21.xlsx,3c7a066bc263806231cd89e8a04669035bb12bd7903cdd9d0c463cf03104e333,Tables,B67,67,2,float,0.103809235957
lenovo_fifa_consumer_research_export_2026-05-21.xlsx,3c7a066bc263806231cd89e8a04669035bb12bd7903cdd9d0c463cf03104e333,Tables,C67,67,3,float,0.1090508567173
lenovo_fifa_consumer_research_export_2026-05-21.xlsx,3c7a066bc263806231cd89e8a04669035bb12bd7903cdd9d0c463cf03104e333,Tables,A68,68,1,str,7
lenovo_fifa_consumer_research_export_2026-05-21.xlsx,3c7a066bc263806231cd89e8a04669035bb12bd7903cdd9d0c463cf03104e333,Tables,B68,68,2,float,0.1525498332904
lenovo_fifa_consumer_research_export_2026-05-21.xlsx,3c7a066bc263806231cd89e8a04669035bb12bd7903cdd9d0c463cf03104e333,Tables,C68,68,3,float,0.11682984423
lenovo_fifa_consumer_research_export_2026-05-21.xlsx,3c7a066bc263806231cd89e8a04669035bb12bd7903cdd9d0c463cf03104e333,Tables,A69,69,1,str,8
lenovo_fifa_consumer_research_export_2026-05-21.xlsx,3c7a066bc263806231cd89e8a04669035bb12bd7903cdd9d0c463cf03104e333,Tables,B69,69,2,float,0.1800387409766
lenovo_fifa_consumer_research_export_2026-05-21.xlsx,3c7a066bc263806231cd89e8a04669035bb12bd7903cdd9d0c463cf03104e333,Tables,C69,69,3,float,0.1044006213801
lenovo_fifa_consumer_research_export_2026-05-21.xlsx,3c7a066bc263806231cd89e8a04669035bb12bd7903cdd9d0c463cf03104e333,Tables,A70,70,1,str,9
lenovo_fifa_consumer_research_export_2026-05-21.xlsx,3c7a066bc263806231cd89e8a04669035bb12bd7903cdd9d0c463cf03104e333,Tables,B70,70,2,float,0.1318871664692
lenovo_fifa_consumer_research_export_2026-05-21.xlsx,3c7a066bc263806231cd89e8a04669035bb12bd7903cdd9d0c463cf03104e333,Tables,C70,70,3,float,0.05629910525133
lenovo_fifa_consumer_research_export_2026-05-21.xlsx,3c7a066bc263806231cd89e8a04669035bb12bd7903cdd9d0c463cf03104e333,Tables,A71,71,1,str,10 Very appealing
lenovo_fifa_consumer_research_export_2026-05-21.xlsx,3c7a066bc263806231cd89e8a04669035bb12bd7903cdd9d0c463cf03104e333,Tables,B71,71,2,float,0.2162788301503
lenovo_fifa_consumer_research_export_2026-05-21.xlsx,3c7a066bc263806231cd89e8a04669035bb12bd7903cdd9d0c463cf03104e333,Tables,C71,71,3,float,0.07752546281469
lenovo_fifa_consumer_research_export_2026-05-21.xlsx,3c7a066bc263806231cd89e8a04669035bb12bd7903cdd9d0c463cf03104e333,Tables,A72,72,1,str,T4B
lenovo_fifa_consumer_research_export_2026-05-21.xlsx,3c7a066bc263806231cd89e8a04669035bb12bd7903cdd9d0c463cf03104e333,Tables,B72,72,2,float,0.6807545708864
lenovo_fifa_consumer_research_export_2026-05-21.xlsx,3c7a066bc263806231cd89e8a04669035bb12bd7903cdd9d0c463cf03104e333,Tables,C72,72,3,float,0.3550550336761
lenovo_fifa_consumer_research_export_2026-05-21.xlsx,3c7a066bc263806231cd89e8a04669035bb12bd7903cdd9d0c463cf03104e333,Tables,A73,73,1,str,NET
lenovo_fifa_consumer_research_export_2026-05-21.xlsx,3c7a066bc263806231cd89e8a04669035bb12bd7903cdd9d0c463cf03104e333,Tables,B73,73,2,int,1
lenovo_fifa_consumer_research_export_2026-05-21.xlsx,3c7a066bc263806231cd89e8a04669035bb12bd7903cdd9d0c463cf03104e333,Tables,C73,73,3,int,1
lenovo_fifa_consumer_research_export_2026-05-21.xlsx,3c7a066bc263806231cd89e8a04669035bb12bd7903cdd9d0c463cf03104e333,Tables,A74,74,1,str,Column n
lenovo_fifa_consumer_research_export_2026-05-21.xlsx,3c7a066bc263806231cd89e8a04669035bb12bd7903cdd9d0c463cf03104e333,Tables,B74,74,2,int,8013
lenovo_fifa_consumer_research_export_2026-05-21.xlsx,3c7a066bc263806231cd89e8a04669035bb12bd7903cdd9d0c463cf03104e333,Tables,C74,74,3,int,12834
lenovo_fifa_consumer_research_export_2026-05-21.xlsx,3c7a066bc263806231cd89e8a04669035bb12bd7903cdd9d0c463cf03104e333,Tables,A75,75,1,str,Filter: Wave 11 FWC Survey June 2024 AND Nat Rep; Weight: Nat Rep Weight_Final
lenovo_fifa_consumer_research_export_2026-05-21.xlsx,3c7a066bc263806231cd89e8a04669035bb12bd7903cdd9d0c463cf03104e333,Tables,A79,79,1,str,Back to TOC
lenovo_fifa_consumer_research_export_2026-05-21.xlsx,3c7a066bc263806231cd89e8a04669035bb12bd7903cdd9d0c463cf03104e333,Tables,A80,80,1,str,"Q19. Thinking about the next time you need to choose something from a category in which these brands operate, how likely are you to choose the respective brand - Lenovo by FWC Lenovo Sponsorship Banner"
lenovo_fifa_consumer_research_export_2026-05-21.xlsx,3c7a066bc263806231cd89e8a04669035bb12bd7903cdd9d0c463cf03104e333,Tables,A81,81,1,str,Column %
lenovo_fifa_consumer_research_export_2026-05-21.xlsx,3c7a066bc263806231cd89e8a04669035bb12bd7903cdd9d0c463cf03104e333,Tables,B81,81,2,str,FWC Lenovo Sponsorship Aware
lenovo_fifa_consumer_research_export_2026-05-21.xlsx,3c7a066bc263806231cd89e8a04669035bb12bd7903cdd9d0c463cf03104e333,Tables,C81,81,3,str,FWC Lenovo Sponsorship Unaware
lenovo_fifa_consumer_research_export_2026-05-21.xlsx,3c7a066bc263806231cd89e8a04669035bb12bd7903cdd9d0c463cf03104e333,Tables,A82,82,1,str,0 I definitely won't buy / use this brand
lenovo_fifa_consumer_research_export_2026-05-21.xlsx,3c7a066bc263806231cd89e8a04669035bb12bd7903cdd9d0c463cf03104e333,Tables,B82,82,2,float,0.02888052651617
lenovo_fifa_consumer_research_export_2026-05-21.xlsx,3c7a066bc263806231cd89e8a04669035bb12bd7903cdd9d0c463cf03104e333,Tables,C82,82,3,float,0.1359343104608
lenovo_fifa_consumer_research_export_2026-05-21.xlsx,3c7a066bc263806231cd89e8a04669035bb12bd7903cdd9d0c463cf03104e333,Tables,A83,83,1,str,1
lenovo_fifa_consumer_research_export_2026-05-21.xlsx,3c7a066bc263806231cd89e8a04669035bb12bd7903cdd9d0c463cf03104e333,Tables,B83,83,2,float,0.007979462221551
lenovo_fifa_consumer_research_export_2026-05-21.xlsx,3c7a066bc263806231cd89e8a04669035bb12bd7903cdd9d0c463cf03104e333,Tables,C83,83,3,float,0.03350351275776
lenovo_fifa_consumer_research_export_2026-05-21.xlsx,3c7a066bc263806231cd89e8a04669035bb12bd7903cdd9d0c463cf03104e333,Tables,A84,84,1,str,2
lenovo_fifa_consumer_research_export_2026-05-21.xlsx,3c7a066bc263806231cd89e8a04669035bb12bd7903cdd9d0c463cf03104e333,Tables,B84,84,2,float,0.01755980824589
lenovo_fifa_consumer_research_export_2026-05-21.xlsx,3c7a066bc263806231cd89e8a04669035bb12bd7903cdd9d0c463cf03104e333,Tables,C84,84,3,float,0.05050989110117
lenovo_fifa_consumer_research_export_2026-05-21.xlsx,3c7a066bc263806231cd89e8a04669035bb12bd7903cdd9d0c463cf03104e333,Tables,A85,85,1,str,3
lenovo_fifa_consumer_research_export_2026-05-21.xlsx,3c7a066bc263806231cd89e8a04669035bb12bd7903cdd9d0c463cf03104e333,Tables,B85,85,2,float,0.03217518231472
lenovo_fifa_consumer_research_export_2026-05-21.xlsx,3c7a066bc263806231cd89e8a04669035bb12bd7903cdd9d0c463cf03104e333,Tables,C85,85,3,float,0.06556587649249
lenovo_fifa_consumer_research_export_2026-05-21.xlsx,3c7a066bc263806231cd89e8a04669035bb12bd7903cdd9d0c463cf03104e333,Tables,A86,86,1,str,4
lenovo_fifa_consumer_research_export_2026-05-21.xlsx,3c7a066bc263806231cd89e8a04669035bb12bd7903cdd9d0c463cf03104e333,Tables,B86,86,2,float,0.03480106975468
lenovo_fifa_consumer_research_export_2026-05-21.xlsx,3c7a066bc263806231cd89e8a04669035bb12bd7903cdd9d0c463cf03104e333,Tables,C86,86,3,float,0.06764882445653
lenovo_fifa_consumer_research_export_2026-05-21.xlsx,3c7a066bc263806231cd89e8a04669035bb12bd7903cdd9d0c463cf03104e333,Tables,A87,87,1,str,5
lenovo_fifa_consumer_research_export_2026-05-21.xlsx,3c7a066bc263806231cd89e8a04669035bb12bd7903cdd9d0c463cf03104e333,Tables,B87,87,2,float,0.1101030464268
lenovo_fifa_consumer_research_export_2026-05-21.xlsx,3c7a066bc263806231cd89e8a04669035bb12bd7903cdd9d0c463cf03104e333,Tables,C87,87,3,float,0.1581126556101
lenovo_fifa_consumer_research_export_2026-05-21.xlsx,3c7a066bc263806231cd89e8a04669035bb12bd7903cdd9d0c463cf03104e333,Tables,A88,88,1,str,6
lenovo_fifa_consumer_research_export_2026-05-21.xlsx,3c7a066bc263806231cd89e8a04669035bb12bd7903cdd9d0c463cf03104e333,Tables,B88,88,2,float,0.1030870609277
lenovo_fifa_consumer_research_export_2026-05-21.xlsx,3c7a066bc263806231cd89e8a04669035bb12bd7903cdd9d0c463cf03104e333,Tables,C88,88,3,float,0.1039803034964
lenovo_fifa_consumer_research_export_2026-05-21.xlsx,3c7a066bc263806231cd89e8a04669035bb12bd7903cdd9d0c463cf03104e333,Tables,A89,89,1,str,7
lenovo_fifa_consumer_research_export_2026-05-21.xlsx,3c7a066bc263806231cd89e8a04669035bb12bd7903cdd9d0c463cf03104e333,Tables,B89,89,2,float,0.1436977679601
lenovo_fifa_consumer_research_export_2026-05-21.xlsx,3c7a066bc263806231cd89e8a04669035bb12bd7903cdd9d0c463cf03104e333,Tables,C89,89,3,float,0.1135938148975
lenovo_fifa_consumer_research_export_2026-05-21.xlsx,3c7a066bc263806231cd89e8a04669035bb12bd7903cdd9d0c463cf03104e333,Tables,A90,90,1,str,8
lenovo_fifa_consumer_research_export_2026-05-21.xlsx,3c7a066bc263806231cd89e8a04669035bb12bd7903cdd9d0c463cf03104e333,Tables,B90,90,2,float,0.1730190434171
lenovo_fifa_consumer_research_export_2026-05-21.xlsx,3c7a066bc263806231cd89e8a04669035bb12bd7903cdd9d0c463cf03104e333,Tables,C90,90,3,float,0.1134661751895
lenovo_fifa_consumer_research_export_2026-05-21.xlsx,3c7a066bc263806231cd89e8a04669035bb12bd7903cdd9d0c463cf03104e333,Tables,A91,91,1,str,9
lenovo_fifa_consumer_research_export_2026-05-21.xlsx,3c7a066bc263806231cd89e8a04669035bb12bd7903cdd9d0c463cf03104e333,Tables,B91,91,2,float,0.1257776106032
lenovo_fifa_consumer_research_export_2026-05-21.xlsx,3c7a066bc263806231cd89e8a04669035bb12bd7903cdd9d0c463cf03104e333,Tables,C91,91,3,float,0.06609996008629
lenovo_fifa_consumer_research_export_2026-05-21.xlsx,3c7a066bc263806231cd89e8a04669035bb12bd7903cdd9d0c463cf03104e333,Tables,A92,92,1,str,10 I will definitely buy / use this brand
lenovo_fifa_consumer_research_export_2026-05-21.xlsx,3c7a066bc263806231cd89e8a04669035bb12bd7903cdd9d0c463cf03104e333,Tables,B92,92,2,float,0.2229194216121
lenovo_fifa_consumer_research_export_2026-05-21.xlsx,3c7a066bc263806231cd89e8a04669035bb12bd7903cdd9d0c463cf03104e333,Tables,C92,92,3,float,0.0915846754515
lenovo_fifa_consumer_research_export_2026-05-21.xlsx,3c7a066bc263806231cd89e8a04669035bb12bd7903cdd9d0c463cf03104e333,Tables,A93,93,1,str,T4B
lenovo_fifa_consumer_research_export_2026-05-21.xlsx,3c7a066bc263806231cd89e8a04669035bb12bd7903cdd9d0c463cf03104e333,Tables,B93,93,2,float,0.6654138435925
lenovo_fifa_consumer_research_export_2026-05-21.xlsx,3c7a066bc263806231cd89e8a04669035bb12bd7903cdd9d0c463cf03104e333,Tables,C93,93,3,float,0.3847446256248
lenovo_fifa_consumer_research_export_2026-05-21.xlsx,3c7a066bc263806231cd89e8a04669035bb12bd7903cdd9d0c463cf03104e333,Tables,A94,94,1,str,NET
lenovo_fifa_consumer_research_export_2026-05-21.xlsx,3c7a066bc263806231cd89e8a04669035bb12bd7903cdd9d0c463cf03104e333,Tables,B94,94,2,int,1
lenovo_fifa_consumer_research_export_2026-05-21.xlsx,3c7a066bc263806231cd89e8a04669035bb12bd7903cdd9d0c463cf03104e333,Tables,C94,94,3,int,1
lenovo_fifa_consumer_research_export_2026-05-21.xlsx,3c7a066bc263806231cd89e8a04669035bb12bd7903cdd9d0c463cf03104e333,Tables,A95,95,1,str,Column n
lenovo_fifa_consumer_research_export_2026-05-21.xlsx,3c7a066bc263806231cd89e8a04669035bb12bd7903cdd9d0c463cf03104e333,Tables,B95,95,2,int,6952
lenovo_fifa_consumer_research_export_2026-05-21.xlsx,3c7a066bc263806231cd89e8a04669035bb12bd7903cdd9d0c463cf03104e333,Tables,C95,95,3,int,11164
lenovo_fifa_consumer_research_export_2026-05-21.xlsx,3c7a066bc263806231cd89e8a04669035bb12bd7903cdd9d0c463cf03104e333,Tables,A96,96,1,str,Filter: Wave 11 FWC Survey June 2024 AND Nat Rep; Weight: Nat Rep Weight_Final
lenovo_fifa_consumer_research_export_2026-05-21.xlsx,3c7a066bc263806231cd89e8a04669035bb12bd7903cdd9d0c463cf03104e333,Tables,A100,100,1,str,Back to TOC
lenovo_fifa_consumer_research_export_2026-05-21.xlsx,3c7a066bc263806231cd89e8a04669035bb12bd7903cdd9d0c463cf03104e333,Tables,A101,101,1,str,Brand Aware - Lenovo FWC by FWC Lenovo Sponsorship Banner
lenovo_fifa_consumer_research_export_2026-05-21.xlsx,3c7a066bc263806231cd89e8a04669035bb12bd7903cdd9d0c463cf03104e333,Tables,A102,102,1,str,Column %
lenovo_fifa_consumer_research_export_2026-05-21.xlsx,3c7a066bc263806231cd89e8a04669035bb12bd7903cdd9d0c463cf03104e333,Tables,B102,102,2,str,FWC Lenovo Sponsorship Aware
lenovo_fifa_consumer_research_export_2026-05-21.xlsx,3c7a066bc263806231cd89e8a04669035bb12bd7903cdd9d0c463cf03104e333,Tables,C102,102,3,str,FWC Lenovo Sponsorship Unaware
lenovo_fifa_consumer_research_export_2026-05-21.xlsx,3c7a066bc263806231cd89e8a04669035bb12bd7903cdd9d0c463cf03104e333,Tables,A103,103,1,str,Brand Aware - Lenovo FWC
lenovo_fifa_consumer_research_export_2026-05-21.xlsx,3c7a066bc263806231cd89e8a04669035bb12bd7903cdd9d0c463cf03104e333,Tables,B103,103,2,int,1
lenovo_fifa_consumer_research_export_2026-05-21.xlsx,3c7a066bc263806231cd89e8a04669035bb12bd7903cdd9d0c463cf03104e333,Tables,C103,103,3,float,0.5203574518086
lenovo_fifa_consumer_research_export_2026-05-21.xlsx,3c7a066bc263806231cd89e8a04669035bb12bd7903cdd9d0c463cf03104e333,Tables,A104,104,1,str,Column n
lenovo_fifa_consumer_research_export_2026-05-21.xlsx,3c7a066bc263806231cd89e8a04669035bb12bd7903cdd9d0c463cf03104e333,Tables,B104,104,2,int,9739
lenovo_fifa_consumer_research_export_2026-05-21.xlsx,3c7a066bc263806231cd89e8a04669035bb12bd7903cdd9d0c463cf03104e333,Tables,C104,104,3,int,12151
lenovo_fifa_consumer_research_export_2026-05-21.xlsx,3c7a066bc263806231cd89e8a04669035bb12bd7903cdd9d0c463cf03104e333,Tables,A105,105,1,str,Filter: Wave 16 - July 2025 FWC  AND Nat Rep; Weight: Nat Rep Weight_Final
lenovo_fifa_consumer_research_export_2026-05-21.xlsx,3c7a066bc263806231cd89e8a04669035bb12bd7903cdd9d0c463cf03104e333,Tables,A109,109,1,str,Back to TOC
lenovo_fifa_consumer_research_export_2026-05-21.xlsx,3c7a066bc263806231cd89e8a04669035bb12bd7903cdd9d0c463cf03104e333,Tables,A110,110,1,str,QP2a. And how do you feel about each brand? Lenovo by FWC Lenovo Sponsorship Banner
lenovo_fifa_consumer_research_export_2026-05-21.xlsx,3c7a066bc263806231cd89e8a04669035bb12bd7903cdd9d0c463cf03104e333,Tables,A111,111,1,str,Column %
lenovo_fifa_consumer_research_export_2026-05-21.xlsx,3c7a066bc263806231cd89e8a04669035bb12bd7903cdd9d0c463cf03104e333,Tables,B111,111,2,str,FWC Lenovo Sponsorship Aware
lenovo_fifa_consumer_research_export_2026-05-21.xlsx,3c7a066bc263806231cd89e8a04669035bb12bd7903cdd9d0c463cf03104e333,Tables,C111,111,3,str,FWC Lenovo Sponsorship Unaware
lenovo_fifa_consumer_research_export_2026-05-21.xlsx,3c7a066bc263806231cd89e8a04669035bb12bd7903cdd9d0c463cf03104e333,Tables,A112,112,1,str,Unaware
lenovo_fifa_consumer_research_export_2026-05-21.xlsx,3c7a066bc263806231cd89e8a04669035bb12bd7903cdd9d0c463cf03104e333,Tables,B112,112,2,float,0.1311343159344
lenovo_fifa_consumer_research_export_2026-05-21.xlsx,3c7a066bc263806231cd89e8a04669035bb12bd7903cdd9d0c463cf03104e333,Tables,C112,112,3,float,0.5458484427894
lenovo_fifa_consumer_research_export_2026-05-21.xlsx,3c7a066bc263806231cd89e8a04669035bb12bd7903cdd9d0c463cf03104e333,Tables,A113,113,1,str,Dislike a lot
lenovo_fifa_consumer_research_export_2026-05-21.xlsx,3c7a066bc263806231cd89e8a04669035bb12bd7903cdd9d0c463cf03104e333,Tables,B113,113,2,float,0.004944156422202
lenovo_fifa_consumer_research_export_2026-05-21.xlsx,3c7a066bc263806231cd89e8a04669035bb12bd7903cdd9d0c463cf03104e333,Tables,C113,113,3,float,0.007430415368082
lenovo_fifa_consumer_research_export_2026-05-21.xlsx,3c7a066bc263806231cd89e8a04669035bb12bd7903cdd9d0c463cf03104e333,Tables,A114,114,1,str,Dislike
lenovo_fifa_consumer_research_export_2026-05-21.xlsx,3c7a066bc263806231cd89e8a04669035bb12bd7903cdd9d0c463cf03104e333,Tables,B114,114,2,float,0.0213558231121
lenovo_fifa_consumer_research_export_2026-05-21.xlsx,3c7a066bc263806231cd89e8a04669035bb12bd7903cdd9d0c463cf03104e333,Tables,C114,114,3,float,0.03054235819621
lenovo_fifa_consumer_research_export_2026-05-21.xlsx,3c7a066bc263806231cd89e8a04669035bb12bd7903cdd9d0c463cf03104e333,Tables,A115,115,1,str,Have no strong feelings either way
lenovo_fifa_consumer_research_export_2026-05-21.xlsx,3c7a066bc263806231cd89e8a04669035bb12bd7903cdd9d0c463cf03104e333,Tables,B115,115,2,float,0.1932126488469
lenovo_fifa_consumer_research_export_2026-05-21.xlsx,3c7a066bc263806231cd89e8a04669035bb12bd7903cdd9d0c463cf03104e333,Tables,C115,115,3,float,0.2020773974762
lenovo_fifa_consumer_research_export_2026-05-21.xlsx,3c7a066bc263806231cd89e8a04669035bb12bd7903cdd9d0c463cf03104e333,Tables,A116,116,1,str,Like
lenovo_fifa_consumer_research_export_2026-05-21.xlsx,3c7a066bc263806231cd89e8a04669035bb12bd7903cdd9d0c463cf03104e333,Tables,B116,116,2,float,0.4243313075107
lenovo_fifa_consumer_research_export_2026-05-21.xlsx,3c7a066bc263806231cd89e8a04669035bb12bd7903cdd9d0c463cf03104e333,Tables,C116,116,3,float,0.1703574401685
lenovo_fifa_consumer_research_export_2026-05-21.xlsx,3c7a066bc263806231cd89e8a04669035bb12bd7903cdd9d0c463cf03104e333,Tables,A117,117,1,str,Love
lenovo_fifa_consumer_research_export_2026-05-21.xlsx,3c7a066bc263806231cd89e8a04669035bb12bd7903cdd9d0c463cf03104e333,Tables,B117,117,2,float,0.2250217481737
lenovo_fifa_consumer_research_export_2026-05-21.xlsx,3c7a066bc263806231cd89e8a04669035bb12bd7903cdd9d0c463cf03104e333,Tables,C117,117,3,float,0.0437439460016
lenovo_fifa_consumer_research_export_2026-05-21.xlsx,3c7a066bc263806231cd89e8a04669035bb12bd7903cdd9d0c463cf03104e333,Tables,A118,118,1,str,Like + Love
lenovo_fifa_consumer_research_export_2026-05-21.xlsx,3c7a066bc263806231cd89e8a04669035bb12bd7903cdd9d0c463cf03104e333,Tables,B118,118,2,float,0.6493530556844
lenovo_fifa_consumer_research_export_2026-05-21.xlsx,3c7a066bc263806231cd89e8a04669035bb12bd7903cdd9d0c463cf03104e333,Tables,C118,118,3,float,0.2141013861701
lenovo_fifa_consumer_research_export_2026-05-21.xlsx,3c7a066bc263806231cd89e8a04669035bb12bd7903cdd9d0c463cf03104e333,Tables,A119,119,1,str,NET
lenovo_fifa_consumer_research_export_2026-05-21.xlsx,3c7a066bc263806231cd89e8a04669035bb12bd7903cdd9d0c463cf03104e333,Tables,B119,119,2,int,1
lenovo_fifa_consumer_research_export_2026-05-21.xlsx,3c7a066bc263806231cd89e8a04669035bb12bd7903cdd9d0c463cf03104e333,Tables,C119,119,3,int,1
lenovo_fifa_consumer_research_export_2026-05-21.xlsx,3c7a066bc263806231cd89e8a04669035bb12bd7903cdd9d0c463cf03104e333,Tables,A120,120,1,str,Column n
lenovo_fifa_consumer_research_export_2026-05-21.xlsx,3c7a066bc263806231cd89e8a04669035bb12bd7903cdd9d0c463cf03104e333,Tables,B120,120,2,int,9739
lenovo_fifa_consumer_research_export_2026-05-21.xlsx,3c7a066bc263806231cd89e8a04669035bb12bd7903cdd9d0c463cf03104e333,Tables,C120,120,3,int,12151
lenovo_fifa_consumer_research_export_2026-05-21.xlsx,3c7a066bc263806231cd89e8a04669035bb12bd7903cdd9d0c463cf03104e333,Tables,A121,121,1,str,Filter: Wave 16 - July 2025 FWC  AND Nat Rep; Weight: Nat Rep Weight_Final
lenovo_fifa_consumer_research_export_2026-05-21.xlsx,3c7a066bc263806231cd89e8a04669035bb12bd7903cdd9d0c463cf03104e333,Tables,A125,125,1,str,Back to TOC
lenovo_fifa_consumer_research_export_2026-05-21.xlsx,3c7a066bc263806231cd89e8a04669035bb12bd7903cdd9d0c463cf03104e333,Tables,A126,126,1,str," QP3. In the next 12 months, how likely are you to purchase or use products from any of the following brands? Lenovo by FWC Lenovo Sponsorship Banner"
lenovo_fifa_consumer_research_export_2026-05-21.xlsx,3c7a066bc263806231cd89e8a04669035bb12bd7903cdd9d0c463cf03104e333,Tables,A127,127,1,str,Column %
lenovo_fifa_consumer_research_export_2026-05-21.xlsx,3c7a066bc263806231cd89e8a04669035bb12bd7903cdd9d0c463cf03104e333,Tables,B127,127,2,str,FWC Lenovo Sponsorship Aware
lenovo_fifa_consumer_research_export_2026-05-21.xlsx,3c7a066bc263806231cd89e8a04669035bb12bd7903cdd9d0c463cf03104e333,Tables,C127,127,3,str,FWC Lenovo Sponsorship Unaware
lenovo_fifa_consumer_research_export_2026-05-21.xlsx,3c7a066bc263806231cd89e8a04669035bb12bd7903cdd9d0c463cf03104e333,Tables,A128,128,1,str,Unaware of Brand
lenovo_fifa_consumer_research_export_2026-05-21.xlsx,3c7a066bc263806231cd89e8a04669035bb12bd7903cdd9d0c463cf03104e333,Tables,B128,128,2,float,0.1311343159344
lenovo_fifa_consumer_research_export_2026-05-21.xlsx,3c7a066bc263806231cd89e8a04669035bb12bd7903cdd9d0c463cf03104e333,Tables,C128,128,3,float,0.5458484427894
lenovo_fifa_consumer_research_export_2026-05-21.xlsx,3c7a066bc263806231cd89e8a04669035bb12bd7903cdd9d0c463cf03104e333,Tables,A129,129,1,str,WILL BUY / USE in the NEXT WEEK
lenovo_fifa_consumer_research_export_2026-05-21.xlsx,3c7a066bc263806231cd89e8a04669035bb12bd7903cdd9d0c463cf03104e333,Tables,B129,129,2,float,0.1085250136921
lenovo_fifa_consumer_research_export_2026-05-21.xlsx,3c7a066bc263806231cd89e8a04669035bb12bd7903cdd9d0c463cf03104e333,Tables,C129,129,3,float,0.02944393077683
lenovo_fifa_consumer_research_export_2026-05-21.xlsx,3c7a066bc263806231cd89e8a04669035bb12bd7903cdd9d0c463cf03104e333,Tables,A130,130,1,str,WILL BUY / USE in the NEXT MONTH
lenovo_fifa_consumer_research_export_2026-05-21.xlsx,3c7a066bc263806231cd89e8a04669035bb12bd7903cdd9d0c463cf03104e333,Tables,B130,130,2,float,0.1133450136693
lenovo_fifa_consumer_research_export_2026-05-21.xlsx,3c7a066bc263806231cd89e8a04669035bb12bd7903cdd9d0c463cf03104e333,Tables,C130,130,3,float,0.03726070658876
lenovo_fifa_consumer_research_export_2026-05-21.xlsx,3c7a066bc263806231cd89e8a04669035bb12bd7903cdd9d0c463cf03104e333,Tables,A131,131,1,str,WILL BUY / USE in the NEXT 6 MONTHS
lenovo_fifa_consumer_research_export_2026-05-21.xlsx,3c7a066bc263806231cd89e8a04669035bb12bd7903cdd9d0c463cf03104e333,Tables,B131,131,2,float,0.1515338850224
lenovo_fifa_consumer_research_export_2026-05-21.xlsx,3c7a066bc263806231cd89e8a04669035bb12bd7903cdd9d0c463cf03104e333,Tables,C131,131,3,float,0.05931834592662
lenovo_fifa_consumer_research_export_2026-05-21.xlsx,3c7a066bc263806231cd89e8a04669035bb12bd7903cdd9d0c463cf03104e333,Tables,A132,132,1,str,WILL BUY / USE in the NEXT YEAR
lenovo_fifa_consumer_research_export_2026-05-21.xlsx,3c7a066bc263806231cd89e8a04669035bb12bd7903cdd9d0c463cf03104e333,Tables,B132,132,2,float,0.1837031624038
lenovo_fifa_consumer_research_export_2026-05-21.xlsx,3c7a066bc263806231cd89e8a04669035bb12bd7903cdd9d0c463cf03104e333,Tables,C132,132,3,float,0.07560078652574
lenovo_fifa_consumer_research_export_2026-05-21.xlsx,3c7a066bc263806231cd89e8a04669035bb12bd7903cdd9d0c463cf03104e333,Tables,A133,133,1,str,WILL NOT BUY / USE in the NEXT YEAR
lenovo_fifa_consumer_research_export_2026-05-21.xlsx,3c7a066bc263806231cd89e8a04669035bb12bd7903cdd9d0c463cf03104e333,Tables,B133,133,2,float,0.3117586092781
lenovo_fifa_consumer_research_export_2026-05-21.xlsx,3c7a066bc263806231cd89e8a04669035bb12bd7903cdd9d0c463cf03104e333,Tables,C133,133,3,float,0.2525277873926
lenovo_fifa_consumer_research_export_2026-05-21.xlsx,3c7a066bc263806231cd89e8a04669035bb12bd7903cdd9d0c463cf03104e333,Tables,A134,134,1,str,Next Year NET
lenovo_fifa_consumer_research_export_2026-05-21.xlsx,3c7a066bc263806231cd89e8a04669035bb12bd7903cdd9d0c463cf03104e333,Tables,B134,134,2,float,0.5571070747875
lenovo_fifa_consumer_research_export_2026-05-21.xlsx,3c7a066bc263806231cd89e8a04669035bb12bd7903cdd9d0c463cf03104e333,Tables,C134,134,3,float,0.2016237698179
lenovo_fifa_consumer_research_export_2026-05-21.xlsx,3c7a066bc263806231cd89e8a04669035bb12bd7903cdd9d0c463cf03104e333,Tables,A135,135,1,str,Next 6M NET
lenovo_fifa_consumer_research_export_2026-05-21.xlsx,3c7a066bc263806231cd89e8a04669035bb12bd7903cdd9d0c463cf03104e333,Tables,B135,135,2,float,0.3734039123838
lenovo_fifa_consumer_research_export_2026-05-21.xlsx,3c7a066bc263806231cd89e8a04669035bb12bd7903cdd9d0c463cf03104e333,Tables,C135,135,3,float,0.1260229832922
lenovo_fifa_consumer_research_export_2026-05-21.xlsx,3c7a066bc263806231cd89e8a04669035bb12bd7903cdd9d0c463cf03104e333,Tables,A136,136,1,str,Next Month NET
lenovo_fifa_consumer_research_export_2026-05-21.xlsx,3c7a066bc263806231cd89e8a04669035bb12bd7903cdd9d0c463cf03104e333,Tables,B136,136,2,float,0.2218700273613
lenovo_fifa_consumer_research_export_2026-05-21.xlsx,3c7a066bc263806231cd89e8a04669035bb12bd7903cdd9d0c463cf03104e333,Tables,C136,136,3,float,0.06670463736559
lenovo_fifa_consumer_research_export_2026-05-21.xlsx,3c7a066bc263806231cd89e8a04669035bb12bd7903cdd9d0c463cf03104e333,Tables,A137,137,1,str,NET
lenovo_fifa_consumer_research_export_2026-05-21.xlsx,3c7a066bc263806231cd89e8a04669035bb12bd7903cdd9d0c463cf03104e333,Tables,B137,137,2,int,1
lenovo_fifa_consumer_research_export_2026-05-21.xlsx,3c7a066bc263806231cd89e8a04669035bb12bd7903cdd9d0c463cf03104e333,Tables,C137,137,3,int,1
lenovo_fifa_consumer_research_export_2026-05-21.xlsx,3c7a066bc263806231cd89e8a04669035bb12bd7903cdd9d0c463cf03104e333,Tables,A138,138,1,str,Column n
lenovo_fifa_consumer_research_export_2026-05-21.xlsx,3c7a066bc263806231cd89e8a04669035bb12bd7903cdd9d0c463cf03104e333,Tables,B138,138,2,int,9739
lenovo_fifa_consumer_research_export_2026-05-21.xlsx,3c7a066bc263806231cd89e8a04669035bb12bd7903cdd9d0c463cf03104e333,Tables,C138,138,3,int,12151
lenovo_fifa_consumer_research_export_2026-05-21.xlsx,3c7a066bc263806231cd89e8a04669035bb12bd7903cdd9d0c463cf03104e333,Tables,A139,139,1,str,Filter: Wave 16 - July 2025 FWC  AND Nat Rep; Weight: Nat Rep Weight_Final
lenovo_fifa_consumer_research_export_2026-05-21.xlsx,3c7a066bc263806231cd89e8a04669035bb12bd7903cdd9d0c463cf03104e333,Tables,A143,143,1,str,Back to TOC
lenovo_fifa_consumer_research_export_2026-05-21.xlsx,3c7a066bc263806231cd89e8a04669035bb12bd7903cdd9d0c463cf03104e333,Tables,A144,144,1,str,Brand Aware - Lenovo FWC by FWC Lenovo Sponsorship Banner
lenovo_fifa_consumer_research_export_2026-05-21.xlsx,3c7a066bc263806231cd89e8a04669035bb12bd7903cdd9d0c463cf03104e333,Tables,A145,145,1,str,Column %
lenovo_fifa_consumer_research_export_2026-05-21.xlsx,3c7a066bc263806231cd89e8a04669035bb12bd7903cdd9d0c463cf03104e333,Tables,B145,145,2,str,FWC Lenovo Sponsorship Aware
lenovo_fifa_consumer_research_export_2026-05-21.xlsx,3c7a066bc263806231cd89e8a04669035bb12bd7903cdd9d0c463cf03104e333,Tables,C145,145,3,str,FWC Lenovo Sponsorship Unaware
lenovo_fifa_consumer_research_export_2026-05-21.xlsx,3c7a066bc263806231cd89e8a04669035bb12bd7903cdd9d0c463cf03104e333,Tables,A146,146,1,str,Brand Aware - Lenovo FWC
lenovo_fifa_consumer_research_export_2026-05-21.xlsx,3c7a066bc263806231cd89e8a04669035bb12bd7903cdd9d0c463cf03104e333,Tables,B146,146,2,int,1
lenovo_fifa_consumer_research_export_2026-05-21.xlsx,3c7a066bc263806231cd89e8a04669035bb12bd7903cdd9d0c463cf03104e333,Tables,C146,146,3,float,0.5347346507495
lenovo_fifa_consumer_research_export_2026-05-21.xlsx,3c7a066bc263806231cd89e8a04669035bb12bd7903cdd9d0c463cf03104e333,Tables,A147,147,1,str,Column n
lenovo_fifa_consumer_research_export_2026-05-21.xlsx,3c7a066bc263806231cd89e8a04669035bb12bd7903cdd9d0c463cf03104e333,Tables,B147,147,2,int,9906
lenovo_fifa_consumer_research_export_2026-05-21.xlsx,3c7a066bc263806231cd89e8a04669035bb12bd7903cdd9d0c463cf03104e333,Tables,C147,147,3,int,11899
lenovo_fifa_consumer_research_export_2026-05-21.xlsx,3c7a066bc263806231cd89e8a04669035bb12bd7903cdd9d0c463cf03104e333,Tables,A148,148,1,str,Filter: Wave 20 - February 2026 Pre FWC AND Nat Rep; Weight: Nat Rep Weight_Final
lenovo_fifa_consumer_research_export_2026-05-21.xlsx,3c7a066bc263806231cd89e8a04669035bb12bd7903cdd9d0c463cf03104e333,Tables,A152,152,1,str,Back to TOC
lenovo_fifa_consumer_research_export_2026-05-21.xlsx,3c7a066bc263806231cd89e8a04669035bb12bd7903cdd9d0c463cf03104e333,Tables,A153,153,1,str,QP2a. And how do you feel about each brand? Lenovo by FWC Lenovo Sponsorship Banner
lenovo_fifa_consumer_research_export_2026-05-21.xlsx,3c7a066bc263806231cd89e8a04669035bb12bd7903cdd9d0c463cf03104e333,Tables,A154,154,1,str,Column %
lenovo_fifa_consumer_research_export_2026-05-21.xlsx,3c7a066bc263806231cd89e8a04669035bb12bd7903cdd9d0c463cf03104e333,Tables,B154,154,2,str,FWC Lenovo Sponsorship Aware
lenovo_fifa_consumer_research_export_2026-05-21.xlsx,3c7a066bc263806231cd89e8a04669035bb12bd7903cdd9d0c463cf03104e333,Tables,C154,154,3,str,FWC Lenovo Sponsorship Unaware
lenovo_fifa_consumer_research_export_2026-05-21.xlsx,3c7a066bc263806231cd89e8a04669035bb12bd7903cdd9d0c463cf03104e333,Tables,A155,155,1,str,Unaware
lenovo_fifa_consumer_research_export_2026-05-21.xlsx,3c7a066bc263806231cd89e8a04669035bb12bd7903cdd9d0c463cf03104e333,Tables,B155,155,2,float,0.1219924565161
lenovo_fifa_consumer_research_export_2026-05-21.xlsx,3c7a066bc263806231cd89e8a04669035bb12bd7903cdd9d0c463cf03104e333,Tables,C155,155,3,float,0.531259407276
lenovo_fifa_consumer_research_export_2026-05-21.xlsx,3c7a066bc263806231cd89e8a04669035bb12bd7903cdd9d0c463cf03104e333,Tables,A156,156,1,str,Dislike a lot
lenovo_fifa_consumer_research_export_2026-05-21.xlsx,3c7a066bc263806231cd89e8a04669035bb12bd7903cdd9d0c463cf03104e333,Tables,B156,156,2,float,0.006256849312075
lenovo_fifa_consumer_research_export_2026-05-21.xlsx,3c7a066bc263806231cd89e8a04669035bb12bd7903cdd9d0c463cf03104e333,Tables,C156,156,3,float,0.007950856722615
lenovo_fifa_consumer_research_export_2026-05-21.xlsx,3c7a066bc263806231cd89e8a04669035bb12bd7903cdd9d0c463cf03104e333,Tables,A157,157,1,str,Dislike
lenovo_fifa_consumer_research_export_2026-05-21.xlsx,3c7a066bc263806231cd89e8a04669035bb12bd7903cdd9d0c463cf03104e333,Tables,B157,157,2,float,0.02077478130745
lenovo_fifa_consumer_research_export_2026-05-21.xlsx,3c7a066bc263806231cd89e8a04669035bb12bd7903cdd9d0c463cf03104e333,Tables,C157,157,3,float,0.03330167878606
lenovo_fifa_consumer_research_export_2026-05-21.xlsx,3c7a066bc263806231cd89e8a04669035bb12bd7903cdd9d0c463cf03104e333,Tables,A158,158,1,str,Have no strong feelings either way
lenovo_fifa_consumer_research_export_2026-05-21.xlsx,3c7a066bc263806231cd89e8a04669035bb12bd7903cdd9d0c463cf03104e333,Tables,B158,158,2,float,0.1887071607221
lenovo_fifa_consumer_research_export_2026-05-21.xlsx,3c7a066bc263806231cd89e8a04669035bb12bd7903cdd9d0c463cf03104e333,Tables,C158,158,3,float,0.2122140759252
lenovo_fifa_consumer_research_export_2026-05-21.xlsx,3c7a066bc263806231cd89e8a04669035bb12bd7903cdd9d0c463cf03104e333,Tables,A159,159,1,str,Like
lenovo_fifa_consumer_research_export_2026-05-21.xlsx,3c7a066bc263806231cd89e8a04669035bb12bd7903cdd9d0c463cf03104e333,Tables,B159,159,2,float,0.4172260537463
lenovo_fifa_consumer_research_export_2026-05-21.xlsx,3c7a066bc263806231cd89e8a04669035bb12bd7903cdd9d0c463cf03104e333,Tables,C159,159,3,float,0.1673431137815
lenovo_fifa_consumer_research_export_2026-05-21.xlsx,3c7a066bc263806231cd89e8a04669035bb12bd7903cdd9d0c463cf03104e333,Tables,A160,160,1,str,Love
lenovo_fifa_consumer_research_export_2026-05-21.xlsx,3c7a066bc263806231cd89e8a04669035bb12bd7903cdd9d0c463cf03104e333,Tables,B160,160,2,float,0.2450426983961
lenovo_fifa_consumer_research_export_2026-05-21.xlsx,3c7a066bc263806231cd89e8a04669035bb12bd7903cdd9d0c463cf03104e333,Tables,C160,160,3,float,0.04793086750862
lenovo_fifa_consumer_research_export_2026-05-21.xlsx,3c7a066bc263806231cd89e8a04669035bb12bd7903cdd9d0c463cf03104e333,Tables,A161,161,1,str,Like + Love
lenovo_fifa_consumer_research_export_2026-05-21.xlsx,3c7a066bc263806231cd89e8a04669035bb12bd7903cdd9d0c463cf03104e333,Tables,B161,161,2,float,0.6622687521423
lenovo_fifa_consumer_research_export_2026-05-21.xlsx,3c7a066bc263806231cd89e8a04669035bb12bd7903cdd9d0c463cf03104e333,Tables,C161,161,3,float,0.2152739812901
lenovo_fifa_consumer_research_export_2026-05-21.xlsx,3c7a066bc263806231cd89e8a04669035bb12bd7903cdd9d0c463cf03104e333,Tables,A162,162,1,str,NET
lenovo_fifa_consumer_research_export_2026-05-21.xlsx,3c7a066bc263806231cd89e8a04669035bb12bd7903cdd9d0c463cf03104e333,Tables,B162,162,2,int,1
lenovo_fifa_consumer_research_export_2026-05-21.xlsx,3c7a066bc263806231cd89e8a04669035bb12bd7903cdd9d0c463cf03104e333,Tables,C162,162,3,int,1
lenovo_fifa_consumer_research_export_2026-05-21.xlsx,3c7a066bc263806231cd89e8a04669035bb12bd7903cdd9d0c463cf03104e333,Tables,A163,163,1,str,Column n
lenovo_fifa_consumer_research_export_2026-05-21.xlsx,3c7a066bc263806231cd89e8a04669035bb12bd7903cdd9d0c463cf03104e333,Tables,B163,163,2,int,9906
lenovo_fifa_consumer_research_export_2026-05-21.xlsx,3c7a066bc263806231cd89e8a04669035bb12bd7903cdd9d0c463cf03104e333,Tables,C163,163,3,int,11899
lenovo_fifa_consumer_research_export_2026-05-21.xlsx,3c7a066bc263806231cd89e8a04669035bb12bd7903cdd9d0c463cf03104e333,Tables,A164,164,1,str,Filter: Wave 20 - February 2026 Pre FWC AND Nat Rep; Weight: Nat Rep Weight_Final
lenovo_fifa_consumer_research_export_2026-05-21.xlsx,3c7a066bc263806231cd89e8a04669035bb12bd7903cdd9d0c463cf03104e333,Tables,A168,168,1,str,Back to TOC
lenovo_fifa_consumer_research_export_2026-05-21.xlsx,3c7a066bc263806231cd89e8a04669035bb12bd7903cdd9d0c463cf03104e333,Tables,A169,169,1,str," QP3. In the next 12 months, how likely are you to purchase or use products from any of the following brands? Lenovo by FWC Lenovo Sponsorship Banner"
lenovo_fifa_consumer_research_export_2026-05-21.xlsx,3c7a066bc263806231cd89e8a04669035bb12bd7903cdd9d0c463cf03104e333,Tables,A170,170,1,str,Column %
lenovo_fifa_consumer_research_export_2026-05-21.xlsx,3c7a066bc263806231cd89e8a04669035bb12bd7903cdd9d0c463cf03104e333,Tables,B170,170,2,str,FWC Lenovo Sponsorship Aware
lenovo_fifa_consumer_research_export_2026-05-21.xlsx,3c7a066bc263806231cd89e8a04669035bb12bd7903cdd9d0c463cf03104e333,Tables,C170,170,3,str,FWC Lenovo Sponsorship Unaware
lenovo_fifa_consumer_research_export_2026-05-21.xlsx,3c7a066bc263806231cd89e8a04669035bb12bd7903cdd9d0c463cf03104e333,Tables,A171,171,1,str,Unaware of Brand
lenovo_fifa_consumer_research_export_2026-05-21.xlsx,3c7a066bc263806231cd89e8a04669035bb12bd7903cdd9d0c463cf03104e333,Tables,B171,171,2,float,0.1219924565161
lenovo_fifa_consumer_research_export_2026-05-21.xlsx,3c7a066bc263806231cd89e8a04669035bb12bd7903cdd9d0c463cf03104e333,Tables,C171,171,3,float,0.531259407276
lenovo_fifa_consumer_research_export_2026-05-21.xlsx,3c7a066bc263806231cd89e8a04669035bb12bd7903cdd9d0c463cf03104e333,Tables,A172,172,1,str,WILL BUY / USE in the NEXT WEEK
lenovo_fifa_consumer_research_export_2026-05-21.xlsx,3c7a066bc263806231cd89e8a04669035bb12bd7903cdd9d0c463cf03104e333,Tables,B172,172,2,float,0.118363124798
lenovo_fifa_consumer_research_export_2026-05-21.xlsx,3c7a066bc263806231cd89e8a04669035bb12bd7903cdd9d0c463cf03104e333,Tables,C172,172,3,float,0.03354263854936
lenovo_fifa_consumer_research_export_2026-05-21.xlsx,3c7a066bc263806231cd89e8a04669035bb12bd7903cdd9d0c463cf03104e333,Tables,A173,173,1,str,WILL BUY / USE in the NEXT MONTH
lenovo_fifa_consumer_research_export_2026-05-21.xlsx,3c7a066bc263806231cd89e8a04669035bb12bd7903cdd9d0c463cf03104e333,Tables,B173,173,2,float,0.1247414408191
lenovo_fifa_consumer_research_export_2026-05-21.xlsx,3c7a066bc263806231cd89e8a04669035bb12bd7903cdd9d0c463cf03104e333,Tables,C173,173,3,float,0.0352610849738
lenovo_fifa_consumer_research_export_2026-05-21.xlsx,3c7a066bc263806231cd89e8a04669035bb12bd7903cdd9d0c463cf03104e333,Tables,A174,174,1,str,WILL BUY / USE in the NEXT 6 MONTHS
lenovo_fifa_consumer_research_export_2026-05-21.xlsx,3c7a066bc263806231cd89e8a04669035bb12bd7903cdd9d0c463cf03104e333,Tables,B174,174,2,float,0.1571910743425
lenovo_fifa_consumer_research_export_2026-05-21.xlsx,3c7a066bc263806231cd89e8a04669035bb12bd7903cdd9d0c463cf03104e333,Tables,C174,174,3,float,0.06056751668487
lenovo_fifa_consumer_research_export_2026-05-21.xlsx,3c7a066bc263806231cd89e8a04669035bb12bd7903cdd9d0c463cf03104e333,Tables,A175,175,1,str,WILL BUY / USE in the NEXT YEAR
lenovo_fifa_consumer_research_export_2026-05-21.xlsx,3c7a066bc263806231cd89e8a04669035bb12bd7903cdd9d0c463cf03104e333,Tables,B175,175,2,float,0.1732116205507
lenovo_fifa_consumer_research_export_2026-05-21.xlsx,3c7a066bc263806231cd89e8a04669035bb12bd7903cdd9d0c463cf03104e333,Tables,C175,175,3,float,0.07285048137646
lenovo_fifa_consumer_research_export_2026-05-21.xlsx,3c7a066bc263806231cd89e8a04669035bb12bd7903cdd9d0c463cf03104e333,Tables,A176,176,1,str,WILL NOT BUY / USE in the NEXT YEAR
lenovo_fifa_consumer_research_export_2026-05-21.xlsx,3c7a066bc263806231cd89e8a04669035bb12bd7903cdd9d0c463cf03104e333,Tables,B176,176,2,float,0.3045002829737
lenovo_fifa_consumer_research_export_2026-05-21.xlsx,3c7a066bc263806231cd89e8a04669035bb12bd7903cdd9d0c463cf03104e333,Tables,C176,176,3,float,0.2665188711395
lenovo_fifa_consumer_research_export_2026-05-21.xlsx,3c7a066bc263806231cd89e8a04669035bb12bd7903cdd9d0c463cf03104e333,Tables,A177,177,1,str,Next Year NET
lenovo_fifa_consumer_research_export_2026-05-21.xlsx,3c7a066bc263806231cd89e8a04669035bb12bd7903cdd9d0c463cf03104e333,Tables,B177,177,2,float,0.5735072605103
lenovo_fifa_consumer_research_export_2026-05-21.xlsx,3c7a066bc263806231cd89e8a04669035bb12bd7903cdd9d0c463cf03104e333,Tables,C177,177,3,float,0.2022217215845
lenovo_fifa_consumer_research_export_2026-05-21.xlsx,3c7a066bc263806231cd89e8a04669035bb12bd7903cdd9d0c463cf03104e333,Tables,A178,178,1,str,Next 6M NET
lenovo_fifa_consumer_research_export_2026-05-21.xlsx,3c7a066bc263806231cd89e8a04669035bb12bd7903cdd9d0c463cf03104e333,Tables,B178,178,2,float,0.4002956399596
lenovo_fifa_consumer_research_export_2026-05-21.xlsx,3c7a066bc263806231cd89e8a04669035bb12bd7903cdd9d0c463cf03104e333,Tables,C178,178,3,float,0.129371240208
lenovo_fifa_consumer_research_export_2026-05-21.xlsx,3c7a066bc263806231cd89e8a04669035bb12bd7903cdd9d0c463cf03104e333,Tables,A179,179,1,str,Next Month NET
lenovo_fifa_consumer_research_export_2026-05-21.xlsx,3c7a066bc263806231cd89e8a04669035bb12bd7903cdd9d0c463cf03104e333,Tables,B179,179,2,float,0.2431045656171
lenovo_fifa_consumer_research_export_2026-05-21.xlsx,3c7a066bc263806231cd89e8a04669035bb12bd7903cdd9d0c463cf03104e333,Tables,C179,179,3,float,0.06880372352316
lenovo_fifa_consumer_research_export_2026-05-21.xlsx,3c7a066bc263806231cd89e8a04669035bb12bd7903cdd9d0c463cf03104e333,Tables,A180,180,1,str,NET
lenovo_fifa_consumer_research_export_2026-05-21.xlsx,3c7a066bc263806231cd89e8a04669035bb12bd7903cdd9d0c463cf03104e333,Tables,B180,180,2,int,1
lenovo_fifa_consumer_research_export_2026-05-21.xlsx,3c7a066bc263806231cd89e8a04669035bb12bd7903cdd9d0c463cf03104e333,Tables,C180,180,3,int,1
lenovo_fifa_consumer_research_export_2026-05-21.xlsx,3c7a066bc263806231cd89e8a04669035bb12bd7903cdd9d0c463cf03104e333,Tables,A181,181,1,str,Column n
lenovo_fifa_consumer_research_export_2026-05-21.xlsx,3c7a066bc263806231cd89e8a04669035bb12bd7903cdd9d0c463cf03104e333,Tables,B181,181,2,int,9906
lenovo_fifa_consumer_research_export_2026-05-21.xlsx,3c7a066bc263806231cd89e8a04669035bb12bd7903cdd9d0c463cf03104e333,Tables,C181,181,3,int,11899
lenovo_fifa_consumer_research_export_2026-05-21.xlsx,3c7a066bc263806231cd89e8a04669035bb12bd7903cdd9d0c463cf03104e333,Tables,A182,182,1,str,Filter: Wave 20 - February 2026 Pre FWC AND Nat Rep; Weight: Nat Rep Weight_Final
lenovo_fifa_consumer_research_export_2026-05-21.xlsx,3c7a066bc263806231cd89e8a04669035bb12bd7903cdd9d0c463cf03104e333,Tables,A186,186,1,str,Back to TOC
lenovo_fifa_consumer_research_export_2026-05-21.xlsx,3c7a066bc263806231cd89e8a04669035bb12bd7903cdd9d0c463cf03104e333,Tables,A187,187,1,str,FWWC
lenovo_fifa_consumer_research_export_2026-05-21.xlsx,3c7a066bc263806231cd89e8a04669035bb12bd7903cdd9d0c463cf03104e333,Tables,A191,191,1,str,Back to TOC
lenovo_fifa_consumer_research_export_2026-05-21.xlsx,3c7a066bc263806231cd89e8a04669035bb12bd7903cdd9d0c463cf03104e333,Tables,A192,192,1,str,Q17b Brand Aware Lenovo by FWWC Lenovo Sponsorship Banner
lenovo_fifa_consumer_research_export_2026-05-21.xlsx,3c7a066bc263806231cd89e8a04669035bb12bd7903cdd9d0c463cf03104e333,Tables,A193,193,1,str,Column %
lenovo_fifa_consumer_research_export_2026-05-21.xlsx,3c7a066bc263806231cd89e8a04669035bb12bd7903cdd9d0c463cf03104e333,Tables,B193,193,2,str,FWWC Lenovo Sponsorship Aware
lenovo_fifa_consumer_research_export_2026-05-21.xlsx,3c7a066bc263806231cd89e8a04669035bb12bd7903cdd9d0c463cf03104e333,Tables,C193,193,3,str,FWWC Lenovo Sponsorship Unaware
lenovo_fifa_consumer_research_export_2026-05-21.xlsx,3c7a066bc263806231cd89e8a04669035bb12bd7903cdd9d0c463cf03104e333,Tables,A194,194,1,str,Q17b Brand Aware Lenovo
lenovo_fifa_consumer_research_export_2026-05-21.xlsx,3c7a066bc263806231cd89e8a04669035bb12bd7903cdd9d0c463cf03104e333,Tables,B194,194,2,int,1
lenovo_fifa_consumer_research_export_2026-05-21.xlsx,3c7a066bc263806231cd89e8a04669035bb12bd7903cdd9d0c463cf03104e333,Tables,C194,194,3,float,0.4510455150178
lenovo_fifa_consumer_research_export_2026-05-21.xlsx,3c7a066bc263806231cd89e8a04669035bb12bd7903cdd9d0c463cf03104e333,Tables,A195,195,1,str,Column n
lenovo_fifa_consumer_research_export_2026-05-21.xlsx,3c7a066bc263806231cd89e8a04669035bb12bd7903cdd9d0c463cf03104e333,Tables,B195,195,2,int,7184
lenovo_fifa_consumer_research_export_2026-05-21.xlsx,3c7a066bc263806231cd89e8a04669035bb12bd7903cdd9d0c463cf03104e333,Tables,C195,195,3,int,12816
lenovo_fifa_consumer_research_export_2026-05-21.xlsx,3c7a066bc263806231cd89e8a04669035bb12bd7903cdd9d0c463cf03104e333,Tables,A196,196,1,str,Filter: Wave 12 FWWC Survey June 2024 AND Nat Rep; Weight: Nat Rep Weight_Final
lenovo_fifa_consumer_research_export_2026-05-21.xlsx,3c7a066bc263806231cd89e8a04669035bb12bd7903cdd9d0c463cf03104e333,Tables,A200,200,1,str,Back to TOC
lenovo_fifa_consumer_research_export_2026-05-21.xlsx,3c7a066bc263806231cd89e8a04669035bb12bd7903cdd9d0c463cf03104e333,Tables,A201,201,1,str,Q18. Which of the following best describes how appealing you find each of these brands - Lenovo by FWWC Lenovo Sponsorship Banner
lenovo_fifa_consumer_research_export_2026-05-21.xlsx,3c7a066bc263806231cd89e8a04669035bb12bd7903cdd9d0c463cf03104e333,Tables,A202,202,1,str,Column %
lenovo_fifa_consumer_research_export_2026-05-21.xlsx,3c7a066bc263806231cd89e8a04669035bb12bd7903cdd9d0c463cf03104e333,Tables,B202,202,2,str,FWWC Lenovo Sponsorship Aware
lenovo_fifa_consumer_research_export_2026-05-21.xlsx,3c7a066bc263806231cd89e8a04669035bb12bd7903cdd9d0c463cf03104e333,Tables,C202,202,3,str,FWWC Lenovo Sponsorship Unaware
lenovo_fifa_consumer_research_export_2026-05-21.xlsx,3c7a066bc263806231cd89e8a04669035bb12bd7903cdd9d0c463cf03104e333,Tables,A203,203,1,str,0 Not at all appealing
lenovo_fifa_consumer_research_export_2026-05-21.xlsx,3c7a066bc263806231cd89e8a04669035bb12bd7903cdd9d0c463cf03104e333,Tables,B203,203,2,float,0.02066028767477
lenovo_fifa_consumer_research_export_2026-05-21.xlsx,3c7a066bc263806231cd89e8a04669035bb12bd7903cdd9d0c463cf03104e333,Tables,C203,203,3,float,0.1500270175099
lenovo_fifa_consumer_research_export_2026-05-21.xlsx,3c7a066bc263806231cd89e8a04669035bb12bd7903cdd9d0c463cf03104e333,Tables,A204,204,1,str,1
lenovo_fifa_consumer_research_export_2026-05-21.xlsx,3c7a066bc263806231cd89e8a04669035bb12bd7903cdd9d0c463cf03104e333,Tables,B204,204,2,float,0.01076211293118
lenovo_fifa_consumer_research_export_2026-05-21.xlsx,3c7a066bc263806231cd89e8a04669035bb12bd7903cdd9d0c463cf03104e333,Tables,C204,204,3,float,0.03845957086188
lenovo_fifa_consumer_research_export_2026-05-21.xlsx,3c7a066bc263806231cd89e8a04669035bb12bd7903cdd9d0c463cf03104e333,Tables,A205,205,1,str,2
lenovo_fifa_consumer_research_export_2026-05-21.xlsx,3c7a066bc263806231cd89e8a04669035bb12bd7903cdd9d0c463cf03104e333,Tables,B205,205,2,float,0.01987515349407
lenovo_fifa_consumer_research_export_2026-05-21.xlsx,3c7a066bc263806231cd89e8a04669035bb12bd7903cdd9d0c463cf03104e333,Tables,C205,205,3,float,0.06145104822939
lenovo_fifa_consumer_research_export_2026-05-21.xlsx,3c7a066bc263806231cd89e8a04669035bb12bd7903cdd9d0c463cf03104e333,Tables,A206,206,1,str,3
lenovo_fifa_consumer_research_export_2026-05-21.xlsx,3c7a066bc263806231cd89e8a04669035bb12bd7903cdd9d0c463cf03104e333,Tables,B206,206,2,float,0.02999144199424
lenovo_fifa_consumer_research_export_2026-05-21.xlsx,3c7a066bc263806231cd89e8a04669035bb12bd7903cdd9d0c463cf03104e333,Tables,C206,206,3,float,0.07575545213672
lenovo_fifa_consumer_research_export_2026-05-21.xlsx,3c7a066bc263806231cd89e8a04669035bb12bd7903cdd9d0c463cf03104e333,Tables,A207,207,1,str,4
lenovo_fifa_consumer_research_export_2026-05-21.xlsx,3c7a066bc263806231cd89e8a04669035bb12bd7903cdd9d0c463cf03104e333,Tables,B207,207,2,float,0.04462907092204
lenovo_fifa_consumer_research_export_2026-05-21.xlsx,3c7a066bc263806231cd89e8a04669035bb12bd7903cdd9d0c463cf03104e333,Tables,C207,207,3,float,0.0811232570958
lenovo_fifa_consumer_research_export_2026-05-21.xlsx,3c7a066bc263806231cd89e8a04669035bb12bd7903cdd9d0c463cf03104e333,Tables,A208,208,1,str,5
lenovo_fifa_consumer_research_export_2026-05-21.xlsx,3c7a066bc263806231cd89e8a04669035bb12bd7903cdd9d0c463cf03104e333,Tables,B208,208,2,float,0.1069268233881
lenovo_fifa_consumer_research_export_2026-05-21.xlsx,3c7a066bc263806231cd89e8a04669035bb12bd7903cdd9d0c463cf03104e333,Tables,C208,208,3,float,0.1677955201259
lenovo_fifa_consumer_research_export_2026-05-21.xlsx,3c7a066bc263806231cd89e8a04669035bb12bd7903cdd9d0c463cf03104e333,Tables,A209,209,1,str,6
lenovo_fifa_consumer_research_export_2026-05-21.xlsx,3c7a066bc263806231cd89e8a04669035bb12bd7903cdd9d0c463cf03104e333,Tables,B209,209,2,float,0.1050712114762
lenovo_fifa_consumer_research_export_2026-05-21.xlsx,3c7a066bc263806231cd89e8a04669035bb12bd7903cdd9d0c463cf03104e333,Tables,C209,209,3,float,0.1086008905792
lenovo_fifa_consumer_research_export_2026-05-21.xlsx,3c7a066bc263806231cd89e8a04669035bb12bd7903cdd9d0c463cf03104e333,Tables,A210,210,1,str,7
lenovo_fifa_consumer_research_export_2026-05-21.xlsx,3c7a066bc263806231cd89e8a04669035bb12bd7903cdd9d0c463cf03104e333,Tables,B210,210,2,float,0.1526351658616
lenovo_fifa_consumer_research_export_2026-05-21.xlsx,3c7a066bc263806231cd89e8a04669035bb12bd7903cdd9d0c463cf03104e333,Tables,C210,210,3,float,0.1059171057718
lenovo_fifa_consumer_research_export_2026-05-21.xlsx,3c7a066bc263806231cd89e8a04669035bb12bd7903cdd9d0c463cf03104e333,Tables,A211,211,1,str,8
lenovo_fifa_consumer_research_export_2026-05-21.xlsx,3c7a066bc263806231cd89e8a04669035bb12bd7903cdd9d0c463cf03104e333,Tables,B211,211,2,float,0.1716054775185
lenovo_fifa_consumer_research_export_2026-05-21.xlsx,3c7a066bc263806231cd89e8a04669035bb12bd7903cdd9d0c463cf03104e333,Tables,C211,211,3,float,0.09372912911432
lenovo_fifa_consumer_research_export_2026-05-21.xlsx,3c7a066bc263806231cd89e8a04669035bb12bd7903cdd9d0c463cf03104e333,Tables,A212,212,1,str,9
lenovo_fifa_consumer_research_export_2026-05-21.xlsx,3c7a066bc263806231cd89e8a04669035bb12bd7903cdd9d0c463cf03104e333,Tables,B212,212,2,float,0.1265885213572
lenovo_fifa_consumer_research_export_2026-05-21.xlsx,3c7a066bc263806231cd89e8a04669035bb12bd7903cdd9d0c463cf03104e333,Tables,C212,212,3,float,0.04917252334092
lenovo_fifa_consumer_research_export_2026-05-21.xlsx,3c7a066bc263806231cd89e8a04669035bb12bd7903cdd9d0c463cf03104e333,Tables,A213,213,1,str,10 Very appealing
lenovo_fifa_consumer_research_export_2026-05-21.xlsx,3c7a066bc263806231cd89e8a04669035bb12bd7903cdd9d0c463cf03104e333,Tables,B213,213,2,float,0.2112547333821
lenovo_fifa_consumer_research_export_2026-05-21.xlsx,3c7a066bc263806231cd89e8a04669035bb12bd7903cdd9d0c463cf03104e333,Tables,C213,213,3,float,0.0679684852341
lenovo_fifa_consumer_research_export_2026-05-21.xlsx,3c7a066bc263806231cd89e8a04669035bb12bd7903cdd9d0c463cf03104e333,Tables,A214,214,1,str,T4B
lenovo_fifa_consumer_research_export_2026-05-21.xlsx,3c7a066bc263806231cd89e8a04669035bb12bd7903cdd9d0c463cf03104e333,Tables,B214,214,2,float,0.6620838981194
lenovo_fifa_consumer_research_export_2026-05-21.xlsx,3c7a066bc263806231cd89e8a04669035bb12bd7903cdd9d0c463cf03104e333,Tables,C214,214,3,float,0.3167872434612
lenovo_fifa_consumer_research_export_2026-05-21.xlsx,3c7a066bc263806231cd89e8a04669035bb12bd7903cdd9d0c463cf03104e333,Tables,A215,215,1,str,NET
lenovo_fifa_consumer_research_export_2026-05-21.xlsx,3c7a066bc263806231cd89e8a04669035bb12bd7903cdd9d0c463cf03104e333,Tables,B215,215,2,int,1
lenovo_fifa_consumer_research_export_2026-05-21.xlsx,3c7a066bc263806231cd89e8a04669035bb12bd7903cdd9d0c463cf03104e333,Tables,C215,215,3,int,1
lenovo_fifa_consumer_research_export_2026-05-21.xlsx,3c7a066bc263806231cd89e8a04669035bb12bd7903cdd9d0c463cf03104e333,Tables,A216,216,1,str,Column n
lenovo_fifa_consumer_research_export_2026-05-21.xlsx,3c7a066bc263806231cd89e8a04669035bb12bd7903cdd9d0c463cf03104e333,Tables,B216,216,2,int,7184
lenovo_fifa_consumer_research_export_2026-05-21.xlsx,3c7a066bc263806231cd89e8a04669035bb12bd7903cdd9d0c463cf03104e333,Tables,C216,216,3,int,12816
lenovo_fifa_consumer_research_export_2026-05-21.xlsx,3c7a066bc263806231cd89e8a04669035bb12bd7903cdd9d0c463cf03104e333,Tables,A217,217,1,str,Filter: Wave 12 FWWC Survey June 2024 AND Nat Rep; Weight: Nat Rep Weight_Final
lenovo_fifa_consumer_research_export_2026-05-21.xlsx,3c7a066bc263806231cd89e8a04669035bb12bd7903cdd9d0c463cf03104e333,Tables,A221,221,1,str,Back to TOC
lenovo_fifa_consumer_research_export_2026-05-21.xlsx,3c7a066bc263806231cd89e8a04669035bb12bd7903cdd9d0c463cf03104e333,Tables,A222,222,1,str,"Q19. Thinking about the next time you need to choose something from a category in which these brands operate, how likely are you to choose the respective brand - Lenovo by FWWC Lenovo Sponsorship Banner"
lenovo_fifa_consumer_research_export_2026-05-21.xlsx,3c7a066bc263806231cd89e8a04669035bb12bd7903cdd9d0c463cf03104e333,Tables,A223,223,1,str,Column %
lenovo_fifa_consumer_research_export_2026-05-21.xlsx,3c7a066bc263806231cd89e8a04669035bb12bd7903cdd9d0c463cf03104e333,Tables,B223,223,2,str,FWWC Lenovo Sponsorship Aware
lenovo_fifa_consumer_research_export_2026-05-21.xlsx,3c7a066bc263806231cd89e8a04669035bb12bd7903cdd9d0c463cf03104e333,Tables,C223,223,3,str,FWWC Lenovo Sponsorship Unaware
lenovo_fifa_consumer_research_export_2026-05-21.xlsx,3c7a066bc263806231cd89e8a04669035bb12bd7903cdd9d0c463cf03104e333,Tables,A224,224,1,str,0 I definitely won't buy / use this brand
lenovo_fifa_consumer_research_export_2026-05-21.xlsx,3c7a066bc263806231cd89e8a04669035bb12bd7903cdd9d0c463cf03104e333,Tables,B224,224,2,float,0.02900343317429
lenovo_fifa_consumer_research_export_2026-05-21.xlsx,3c7a066bc263806231cd89e8a04669035bb12bd7903cdd9d0c463cf03104e333,Tables,C224,224,3,float,0.1514955765462
lenovo_fifa_consumer_research_export_2026-05-21.xlsx,3c7a066bc263806231cd89e8a04669035bb12bd7903cdd9d0c463cf03104e333,Tables,A225,225,1,str,1
lenovo_fifa_consumer_research_export_2026-05-21.xlsx,3c7a066bc263806231cd89e8a04669035bb12bd7903cdd9d0c463cf03104e333,Tables,B225,225,2,float,0.01498820083496
lenovo_fifa_consumer_research_export_2026-05-21.xlsx,3c7a066bc263806231cd89e8a04669035bb12bd7903cdd9d0c463cf03104e333,Tables,C225,225,3,float,0.0478166605375
lenovo_fifa_consumer_research_export_2026-05-21.xlsx,3c7a066bc263806231cd89e8a04669035bb12bd7903cdd9d0c463cf03104e333,Tables,A226,226,1,str,2
lenovo_fifa_consumer_research_export_2026-05-21.xlsx,3c7a066bc263806231cd89e8a04669035bb12bd7903cdd9d0c463cf03104e333,Tables,B226,226,2,float,0.01784914055292
lenovo_fifa_consumer_research_export_2026-05-21.xlsx,3c7a066bc263806231cd89e8a04669035bb12bd7903cdd9d0c463cf03104e333,Tables,C226,226,3,float,0.05352039179608
lenovo_fifa_consumer_research_export_2026-05-21.xlsx,3c7a066bc263806231cd89e8a04669035bb12bd7903cdd9d0c463cf03104e333,Tables,A227,227,1,str,3
lenovo_fifa_consumer_research_export_2026-05-21.xlsx,3c7a066bc263806231cd89e8a04669035bb12bd7903cdd9d0c463cf03104e333,Tables,B227,227,2,float,0.03397807924491
lenovo_fifa_consumer_research_export_2026-05-21.xlsx,3c7a066bc263806231cd89e8a04669035bb12bd7903cdd9d0c463cf03104e333,Tables,C227,227,3,float,0.06612232295607
lenovo_fifa_consumer_research_export_2026-05-21.xlsx,3c7a066bc263806231cd89e8a04669035bb12bd7903cdd9d0c463cf03104e333,Tables,A228,228,1,str,4
lenovo_fifa_consumer_research_export_2026-05-21.xlsx,3c7a066bc263806231cd89e8a04669035bb12bd7903cdd9d0c463cf03104e333,Tables,B228,228,2,float,0.04269418328337
lenovo_fifa_consumer_research_export_2026-05-21.xlsx,3c7a066bc263806231cd89e8a04669035bb12bd7903cdd9d0c463cf03104e333,Tables,C228,228,3,float,0.07564521174215
lenovo_fifa_consumer_research_export_2026-05-21.xlsx,3c7a066bc263806231cd89e8a04669035bb12bd7903cdd9d0c463cf03104e333,Tables,A229,229,1,str,5
lenovo_fifa_consumer_research_export_2026-05-21.xlsx,3c7a066bc263806231cd89e8a04669035bb12bd7903cdd9d0c463cf03104e333,Tables,B229,229,2,float,0.1133686393832
lenovo_fifa_consumer_research_export_2026-05-21.xlsx,3c7a066bc263806231cd89e8a04669035bb12bd7903cdd9d0c463cf03104e333,Tables,C229,229,3,float,0.1550954963327
lenovo_fifa_consumer_research_export_2026-05-21.xlsx,3c7a066bc263806231cd89e8a04669035bb12bd7903cdd9d0c463cf03104e333,Tables,A230,230,1,str,6
lenovo_fifa_consumer_research_export_2026-05-21.xlsx,3c7a066bc263806231cd89e8a04669035bb12bd7903cdd9d0c463cf03104e333,Tables,B230,230,2,float,0.1054812526666
lenovo_fifa_consumer_research_export_2026-05-21.xlsx,3c7a066bc263806231cd89e8a04669035bb12bd7903cdd9d0c463cf03104e333,Tables,C230,230,3,float,0.09774750700949
lenovo_fifa_consumer_research_export_2026-05-21.xlsx,3c7a066bc263806231cd89e8a04669035bb12bd7903cdd9d0c463cf03104e333,Tables,A231,231,1,str,7
lenovo_fifa_consumer_research_export_2026-05-21.xlsx,3c7a066bc263806231cd89e8a04669035bb12bd7903cdd9d0c463cf03104e333,Tables,B231,231,2,float,0.1410455696678
lenovo_fifa_consumer_research_export_2026-05-21.xlsx,3c7a066bc263806231cd89e8a04669035bb12bd7903cdd9d0c463cf03104e333,Tables,C231,231,3,float,0.1076001979106
lenovo_fifa_consumer_research_export_2026-05-21.xlsx,3c7a066bc263806231cd89e8a04669035bb12bd7903cdd9d0c463cf03104e333,Tables,A232,232,1,str,8
lenovo_fifa_consumer_research_export_2026-05-21.xlsx,3c7a066bc263806231cd89e8a04669035bb12bd7903cdd9d0c463cf03104e333,Tables,B232,232,2,float,0.1641142754196
lenovo_fifa_consumer_research_export_2026-05-21.xlsx,3c7a066bc263806231cd89e8a04669035bb12bd7903cdd9d0c463cf03104e333,Tables,C232,232,3,float,0.1023481919491
lenovo_fifa_consumer_research_export_2026-05-21.xlsx,3c7a066bc263806231cd89e8a04669035bb12bd7903cdd9d0c463cf03104e333,Tables,A233,233,1,str,9
lenovo_fifa_consumer_research_export_2026-05-21.xlsx,3c7a066bc263806231cd89e8a04669035bb12bd7903cdd9d0c463cf03104e333,Tables,B233,233,2,float,0.1259980548825
lenovo_fifa_consumer_research_export_2026-05-21.xlsx,3c7a066bc263806231cd89e8a04669035bb12bd7903cdd9d0c463cf03104e333,Tables,C233,233,3,float,0.0518264239183
lenovo_fifa_consumer_research_export_2026-05-21.xlsx,3c7a066bc263806231cd89e8a04669035bb12bd7903cdd9d0c463cf03104e333,Tables,A234,234,1,str,10 I will definitely buy / use this brand
lenovo_fifa_consumer_research_export_2026-05-21.xlsx,3c7a066bc263806231cd89e8a04669035bb12bd7903cdd9d0c463cf03104e333,Tables,B234,234,2,float,0.2114791708898
lenovo_fifa_consumer_research_export_2026-05-21.xlsx,3c7a066bc263806231cd89e8a04669035bb12bd7903cdd9d0c463cf03104e333,Tables,C234,234,3,float,0.09078201930178
lenovo_fifa_consumer_research_export_2026-05-21.xlsx,3c7a066bc263806231cd89e8a04669035bb12bd7903cdd9d0c463cf03104e333,Tables,A235,235,1,str,T4B
lenovo_fifa_consumer_research_export_2026-05-21.xlsx,3c7a066bc263806231cd89e8a04669035bb12bd7903cdd9d0c463cf03104e333,Tables,B235,235,2,float,0.6426370708598
lenovo_fifa_consumer_research_export_2026-05-21.xlsx,3c7a066bc263806231cd89e8a04669035bb12bd7903cdd9d0c463cf03104e333,Tables,C235,235,3,float,0.3525568330797
lenovo_fifa_consumer_research_export_2026-05-21.xlsx,3c7a066bc263806231cd89e8a04669035bb12bd7903cdd9d0c463cf03104e333,Tables,A236,236,1,str,NET
lenovo_fifa_consumer_research_export_2026-05-21.xlsx,3c7a066bc263806231cd89e8a04669035bb12bd7903cdd9d0c463cf03104e333,Tables,B236,236,2,int,1
lenovo_fifa_consumer_research_export_2026-05-21.xlsx,3c7a066bc263806231cd89e8a04669035bb12bd7903cdd9d0c463cf03104e333,Tables,C236,236,3,int,1
lenovo_fifa_consumer_research_export_2026-05-21.xlsx,3c7a066bc263806231cd89e8a04669035bb12bd7903cdd9d0c463cf03104e333,Tables,A237,237,1,str,Column n
lenovo_fifa_consumer_research_export_2026-05-21.xlsx,3c7a066bc263806231cd89e8a04669035bb12bd7903cdd9d0c463cf03104e333,Tables,B237,237,2,int,6180
lenovo_fifa_consumer_research_export_2026-05-21.xlsx,3c7a066bc263806231cd89e8a04669035bb12bd7903cdd9d0c463cf03104e333,Tables,C237,237,3,int,11137
lenovo_fifa_consumer_research_export_2026-05-21.xlsx,3c7a066bc263806231cd89e8a04669035bb12bd7903cdd9d0c463cf03104e333,Tables,A238,238,1,str,Filter: Wave 12 FWWC Survey June 2024 AND Nat Rep; Weight: Nat Rep Weight_Final
lenovo_fifa_consumer_research_export_2026-05-21.xlsx,3c7a066bc263806231cd89e8a04669035bb12bd7903cdd9d0c463cf03104e333,Tables,A242,242,1,str,Back to TOC
lenovo_fifa_consumer_research_export_2026-05-21.xlsx,3c7a066bc263806231cd89e8a04669035bb12bd7903cdd9d0c463cf03104e333,Tables,A243,243,1,str,Q17b Brand Aware Lenovo by FWWC Lenovo Sponsorship Banner
lenovo_fifa_consumer_research_export_2026-05-21.xlsx,3c7a066bc263806231cd89e8a04669035bb12bd7903cdd9d0c463cf03104e333,Tables,A244,244,1,str,Column %
lenovo_fifa_consumer_research_export_2026-05-21.xlsx,3c7a066bc263806231cd89e8a04669035bb12bd7903cdd9d0c463cf03104e333,Tables,B244,244,2,str,FWWC Lenovo Sponsorship Aware
lenovo_fifa_consumer_research_export_2026-05-21.xlsx,3c7a066bc263806231cd89e8a04669035bb12bd7903cdd9d0c463cf03104e333,Tables,C244,244,3,str,FWWC Lenovo Sponsorship Unaware
lenovo_fifa_consumer_research_export_2026-05-21.xlsx,3c7a066bc263806231cd89e8a04669035bb12bd7903cdd9d0c463cf03104e333,Tables,A245,245,1,str,Q17b Brand Aware Lenovo
lenovo_fifa_consumer_research_export_2026-05-21.xlsx,3c7a066bc263806231cd89e8a04669035bb12bd7903cdd9d0c463cf03104e333,Tables,B245,245,2,int,1
lenovo_fifa_consumer_research_export_2026-05-21.xlsx,3c7a066bc263806231cd89e8a04669035bb12bd7903cdd9d0c463cf03104e333,Tables,C245,245,3,float,0.3751079332446
lenovo_fifa_consumer_research_export_2026-05-21.xlsx,3c7a066bc263806231cd89e8a04669035bb12bd7903cdd9d0c463cf03104e333,Tables,A246,246,1,str,Column n
lenovo_fifa_consumer_research_export_2026-05-21.xlsx,3c7a066bc263806231cd89e8a04669035bb12bd7903cdd9d0c463cf03104e333,Tables,B246,246,2,int,7896
lenovo_fifa_consumer_research_export_2026-05-21.xlsx,3c7a066bc263806231cd89e8a04669035bb12bd7903cdd9d0c463cf03104e333,Tables,C246,246,3,int,13107
lenovo_fifa_consumer_research_export_2026-05-21.xlsx,3c7a066bc263806231cd89e8a04669035bb12bd7903cdd9d0c463cf03104e333,Tables,A247,247,1,str,Filter: Wave 17 - July 2025 FWWC  AND Nat Rep; Weight: Nat Rep Weight_Final
lenovo_fifa_consumer_research_export_2026-05-21.xlsx,3c7a066bc263806231cd89e8a04669035bb12bd7903cdd9d0c463cf03104e333,Tables,A251,251,1,str,Back to TOC
lenovo_fifa_consumer_research_export_2026-05-21.xlsx,3c7a066bc263806231cd89e8a04669035bb12bd7903cdd9d0c463cf03104e333,Tables,A252,252,1,str,QP2a. And how do you feel about each brand? Lenovo by FWWC Lenovo Sponsorship Banner
lenovo_fifa_consumer_research_export_2026-05-21.xlsx,3c7a066bc263806231cd89e8a04669035bb12bd7903cdd9d0c463cf03104e333,Tables,A253,253,1,str,Column %
lenovo_fifa_consumer_research_export_2026-05-21.xlsx,3c7a066bc263806231cd89e8a04669035bb12bd7903cdd9d0c463cf03104e333,Tables,B253,253,2,str,FWWC Lenovo Sponsorship Aware
lenovo_fifa_consumer_research_export_2026-05-21.xlsx,3c7a066bc263806231cd89e8a04669035bb12bd7903cdd9d0c463cf03104e333,Tables,C253,253,3,str,FWWC Lenovo Sponsorship Unaware
lenovo_fifa_consumer_research_export_2026-05-21.xlsx,3c7a066bc263806231cd89e8a04669035bb12bd7903cdd9d0c463cf03104e333,Tables,A254,254,1,str,Unaware
lenovo_fifa_consumer_research_export_2026-05-21.xlsx,3c7a066bc263806231cd89e8a04669035bb12bd7903cdd9d0c463cf03104e333,Tables,B254,254,2,float,0.1377096492979
lenovo_fifa_consumer_research_export_2026-05-21.xlsx,3c7a066bc263806231cd89e8a04669035bb12bd7903cdd9d0c463cf03104e333,Tables,C254,254,3,float,0.6717435318207
lenovo_fifa_consumer_research_export_2026-05-21.xlsx,3c7a066bc263806231cd89e8a04669035bb12bd7903cdd9d0c463cf03104e333,Tables,A255,255,1,str,Dislike a lot
lenovo_fifa_consumer_research_export_2026-05-21.xlsx,3c7a066bc263806231cd89e8a04669035bb12bd7903cdd9d0c463cf03104e333,Tables,B255,255,2,float,0.005952409687456
lenovo_fifa_consumer_research_export_2026-05-21.xlsx,3c7a066bc263806231cd89e8a04669035bb12bd7903cdd9d0c463cf03104e333,Tables,C255,255,3,float,0.005240594692501
lenovo_fifa_consumer_research_export_2026-05-21.xlsx,3c7a066bc263806231cd89e8a04669035bb12bd7903cdd9d0c463cf03104e333,Tables,A256,256,1,str,Dislike
lenovo_fifa_consumer_research_export_2026-05-21.xlsx,3c7a066bc263806231cd89e8a04669035bb12bd7903cdd9d0c463cf03104e333,Tables,B256,256,2,float,0.01967442699065
lenovo_fifa_consumer_research_export_2026-05-21.xlsx,3c7a066bc263806231cd89e8a04669035bb12bd7903cdd9d0c463cf03104e333,Tables,C256,256,3,float,0.02059743554995
lenovo_fifa_consumer_research_export_2026-05-21.xlsx,3c7a066bc263806231cd89e8a04669035bb12bd7903cdd9d0c463cf03104e333,Tables,A257,257,1,str,Have no strong feelings either way
lenovo_fifa_consumer_research_export_2026-05-21.xlsx,3c7a066bc263806231cd89e8a04669035bb12bd7903cdd9d0c463cf03104e333,Tables,B257,257,2,float,0.1818497400957
lenovo_fifa_consumer_research_export_2026-05-21.xlsx,3c7a066bc263806231cd89e8a04669035bb12bd7903cdd9d0c463cf03104e333,Tables,C257,257,3,float,0.1309465115759
lenovo_fifa_consumer_research_export_2026-05-21.xlsx,3c7a066bc263806231cd89e8a04669035bb12bd7903cdd9d0c463cf03104e333,Tables,A258,258,1,str,Like
lenovo_fifa_consumer_research_export_2026-05-21.xlsx,3c7a066bc263806231cd89e8a04669035bb12bd7903cdd9d0c463cf03104e333,Tables,B258,258,2,float,0.4073044029816
lenovo_fifa_consumer_research_export_2026-05-21.xlsx,3c7a066bc263806231cd89e8a04669035bb12bd7903cdd9d0c463cf03104e333,Tables,C258,258,3,float,0.1298890392362
lenovo_fifa_consumer_research_export_2026-05-21.xlsx,3c7a066bc263806231cd89e8a04669035bb12bd7903cdd9d0c463cf03104e333,Tables,A259,259,1,str,Love
lenovo_fifa_consumer_research_export_2026-05-21.xlsx,3c7a066bc263806231cd89e8a04669035bb12bd7903cdd9d0c463cf03104e333,Tables,B259,259,2,float,0.2475093709466
lenovo_fifa_consumer_research_export_2026-05-21.xlsx,3c7a066bc263806231cd89e8a04669035bb12bd7903cdd9d0c463cf03104e333,Tables,C259,259,3,float,0.04158288712471
lenovo_fifa_consumer_research_export_2026-05-21.xlsx,3c7a066bc263806231cd89e8a04669035bb12bd7903cdd9d0c463cf03104e333,Tables,A260,260,1,str,Like + Love
lenovo_fifa_consumer_research_export_2026-05-21.xlsx,3c7a066bc263806231cd89e8a04669035bb12bd7903cdd9d0c463cf03104e333,Tables,B260,260,2,float,0.6548137739282
lenovo_fifa_consumer_research_export_2026-05-21.xlsx,3c7a066bc263806231cd89e8a04669035bb12bd7903cdd9d0c463cf03104e333,Tables,C260,260,3,float,0.1714719263609
lenovo_fifa_consumer_research_export_2026-05-21.xlsx,3c7a066bc263806231cd89e8a04669035bb12bd7903cdd9d0c463cf03104e333,Tables,A261,261,1,str,NET
lenovo_fifa_consumer_research_export_2026-05-21.xlsx,3c7a066bc263806231cd89e8a04669035bb12bd7903cdd9d0c463cf03104e333,Tables,B261,261,2,int,1
lenovo_fifa_consumer_research_export_2026-05-21.xlsx,3c7a066bc263806231cd89e8a04669035bb12bd7903cdd9d0c463cf03104e333,Tables,C261,261,3,int,1
lenovo_fifa_consumer_research_export_2026-05-21.xlsx,3c7a066bc263806231cd89e8a04669035bb12bd7903cdd9d0c463cf03104e333,Tables,A262,262,1,str,Column n
lenovo_fifa_consumer_research_export_2026-05-21.xlsx,3c7a066bc263806231cd89e8a04669035bb12bd7903cdd9d0c463cf03104e333,Tables,B262,262,2,int,7896
lenovo_fifa_consumer_research_export_2026-05-21.xlsx,3c7a066bc263806231cd89e8a04669035bb12bd7903cdd9d0c463cf03104e333,Tables,C262,262,3,int,13107
lenovo_fifa_consumer_research_export_2026-05-21.xlsx,3c7a066bc263806231cd89e8a04669035bb12bd7903cdd9d0c463cf03104e333,Tables,A263,263,1,str,Filter: Wave 17 - July 2025 FWWC  AND Nat Rep; Weight: Nat Rep Weight_Final
lenovo_fifa_consumer_research_export_2026-05-21.xlsx,3c7a066bc263806231cd89e8a04669035bb12bd7903cdd9d0c463cf03104e333,Tables,A267,267,1,str,Back to TOC
lenovo_fifa_consumer_research_export_2026-05-21.xlsx,3c7a066bc263806231cd89e8a04669035bb12bd7903cdd9d0c463cf03104e333,Tables,A268,268,1,str," QP3. In the next 12 months, how likely are you to purchase or use products from any of the following brands? Lenovo by FWWC Lenovo Sponsorship Banner"
lenovo_fifa_consumer_research_export_2026-05-21.xlsx,3c7a066bc263806231cd89e8a04669035bb12bd7903cdd9d0c463cf03104e333,Tables,A269,269,1,str,Column %
lenovo_fifa_consumer_research_export_2026-05-21.xlsx,3c7a066bc263806231cd89e8a04669035bb12bd7903cdd9d0c463cf03104e333,Tables,B269,269,2,str,FWWC Lenovo Sponsorship Aware
lenovo_fifa_consumer_research_export_2026-05-21.xlsx,3c7a066bc263806231cd89e8a04669035bb12bd7903cdd9d0c463cf03104e333,Tables,C269,269,3,str,FWWC Lenovo Sponsorship Unaware
lenovo_fifa_consumer_research_export_2026-05-21.xlsx,3c7a066bc263806231cd89e8a04669035bb12bd7903cdd9d0c463cf03104e333,Tables,A270,270,1,str,Unaware of Brand
lenovo_fifa_consumer_research_export_2026-05-21.xlsx,3c7a066bc263806231cd89e8a04669035bb12bd7903cdd9d0c463cf03104e333,Tables,B270,270,2,float,0.1377096492979
lenovo_fifa_consumer_research_export_2026-05-21.xlsx,3c7a066bc263806231cd89e8a04669035bb12bd7903cdd9d0c463cf03104e333,Tables,C270,270,3,float,0.6717435318207
lenovo_fifa_consumer_research_export_2026-05-21.xlsx,3c7a066bc263806231cd89e8a04669035bb12bd7903cdd9d0c463cf03104e333,Tables,A271,271,1,str,WILL BUY / USE in the NEXT WEEK
lenovo_fifa_consumer_research_export_2026-05-21.xlsx,3c7a066bc263806231cd89e8a04669035bb12bd7903cdd9d0c463cf03104e333,Tables,B271,271,2,float,0.1136629892326
lenovo_fifa_consumer_research_export_2026-05-21.xlsx,3c7a066bc263806231cd89e8a04669035bb12bd7903cdd9d0c463cf03104e333,Tables,C271,271,3,float,0.0237129909652
lenovo_fifa_consumer_research_export_2026-05-21.xlsx,3c7a066bc263806231cd89e8a04669035bb12bd7903cdd9d0c463cf03104e333,Tables,A272,272,1,str,WILL BUY / USE in the NEXT MONTH
lenovo_fifa_consumer_research_export_2026-05-21.xlsx,3c7a066bc263806231cd89e8a04669035bb12bd7903cdd9d0c463cf03104e333,Tables,B272,272,2,float,0.1100606219148
lenovo_fifa_consumer_research_export_2026-05-21.xlsx,3c7a066bc263806231cd89e8a04669035bb12bd7903cdd9d0c463cf03104e333,Tables,C272,272,3,float,0.02822046538136
lenovo_fifa_consumer_research_export_2026-05-21.xlsx,3c7a066bc263806231cd89e8a04669035bb12bd7903cdd9d0c463cf03104e333,Tables,A273,273,1,str,WILL BUY / USE in the NEXT 6 MONTHS
lenovo_fifa_consumer_research_export_2026-05-21.xlsx,3c7a066bc263806231cd89e8a04669035bb12bd7903cdd9d0c463cf03104e333,Tables,B273,273,2,float,0.1599917761998
lenovo_fifa_consumer_research_export_2026-05-21.xlsx,3c7a066bc263806231cd89e8a04669035bb12bd7903cdd9d0c463cf03104e333,Tables,C273,273,3,float,0.05032336574922
lenovo_fifa_consumer_research_export_2026-05-21.xlsx,3c7a066bc263806231cd89e8a04669035bb12bd7903cdd9d0c463cf03104e333,Tables,A274,274,1,str,WILL BUY / USE in the NEXT YEAR
lenovo_fifa_consumer_research_export_2026-05-21.xlsx,3c7a066bc263806231cd89e8a04669035bb12bd7903cdd9d0c463cf03104e333,Tables,B274,274,2,float,0.1917885845573
lenovo_fifa_consumer_research_export_2026-05-21.xlsx,3c7a066bc263806231cd89e8a04669035bb12bd7903cdd9d0c463cf03104e333,Tables,C274,274,3,float,0.05896298151355
lenovo_fifa_consumer_research_export_2026-05-21.xlsx,3c7a066bc263806231cd89e8a04669035bb12bd7903cdd9d0c463cf03104e333,Tables,A275,275,1,str,WILL NOT BUY / USE in the NEXT YEAR
lenovo_fifa_consumer_research_export_2026-05-21.xlsx,3c7a066bc263806231cd89e8a04669035bb12bd7903cdd9d0c463cf03104e333,Tables,B275,275,2,float,0.2867863787975
lenovo_fifa_consumer_research_export_2026-05-21.xlsx,3c7a066bc263806231cd89e8a04669035bb12bd7903cdd9d0c463cf03104e333,Tables,C275,275,3,float,0.16703666457
lenovo_fifa_consumer_research_export_2026-05-21.xlsx,3c7a066bc263806231cd89e8a04669035bb12bd7903cdd9d0c463cf03104e333,Tables,A276,276,1,str,Next Year NET
lenovo_fifa_consumer_research_export_2026-05-21.xlsx,3c7a066bc263806231cd89e8a04669035bb12bd7903cdd9d0c463cf03104e333,Tables,B276,276,2,float,0.5755039719045
lenovo_fifa_consumer_research_export_2026-05-21.xlsx,3c7a066bc263806231cd89e8a04669035bb12bd7903cdd9d0c463cf03104e333,Tables,C276,276,3,float,0.1612198036093
lenovo_fifa_consumer_research_export_2026-05-21.xlsx,3c7a066bc263806231cd89e8a04669035bb12bd7903cdd9d0c463cf03104e333,Tables,A277,277,1,str,Next 6M NET
lenovo_fifa_consumer_research_export_2026-05-21.xlsx,3c7a066bc263806231cd89e8a04669035bb12bd7903cdd9d0c463cf03104e333,Tables,B277,277,2,float,0.3837153873472
lenovo_fifa_consumer_research_export_2026-05-21.xlsx,3c7a066bc263806231cd89e8a04669035bb12bd7903cdd9d0c463cf03104e333,Tables,C277,277,3,float,0.1022568220958
lenovo_fifa_consumer_research_export_2026-05-21.xlsx,3c7a066bc263806231cd89e8a04669035bb12bd7903cdd9d0c463cf03104e333,Tables,A278,278,1,str,Next Month NET
lenovo_fifa_consumer_research_export_2026-05-21.xlsx,3c7a066bc263806231cd89e8a04669035bb12bd7903cdd9d0c463cf03104e333,Tables,B278,278,2,float,0.2237236111474
lenovo_fifa_consumer_research_export_2026-05-21.xlsx,3c7a066bc263806231cd89e8a04669035bb12bd7903cdd9d0c463cf03104e333,Tables,C278,278,3,float,0.05193345634656
lenovo_fifa_consumer_research_export_2026-05-21.xlsx,3c7a066bc263806231cd89e8a04669035bb12bd7903cdd9d0c463cf03104e333,Tables,A279,279,1,str,NET
lenovo_fifa_consumer_research_export_2026-05-21.xlsx,3c7a066bc263806231cd89e8a04669035bb12bd7903cdd9d0c463cf03104e333,Tables,B279,279,2,int,1
lenovo_fifa_consumer_research_export_2026-05-21.xlsx,3c7a066bc263806231cd89e8a04669035bb12bd7903cdd9d0c463cf03104e333,Tables,C279,279,3,int,1
lenovo_fifa_consumer_research_export_2026-05-21.xlsx,3c7a066bc263806231cd89e8a04669035bb12bd7903cdd9d0c463cf03104e333,Tables,A280,280,1,str,Column n
lenovo_fifa_consumer_research_export_2026-05-21.xlsx,3c7a066bc263806231cd89e8a04669035bb12bd7903cdd9d0c463cf03104e333,Tables,B280,280,2,int,7896
lenovo_fifa_consumer_research_export_2026-05-21.xlsx,3c7a066bc263806231cd89e8a04669035bb12bd7903cdd9d0c463cf03104e333,Tables,C280,280,3,int,13107
lenovo_fifa_consumer_research_export_2026-05-21.xlsx,3c7a066bc263806231cd89e8a04669035bb12bd7903cdd9d0c463cf03104e333,Tables,A281,281,1,str,Filter: Wave 17 - July 2025 FWWC  AND Nat Rep; Weight: Nat Rep Weight_Final
lenovo_fifa_consumer_research_export_2026-05-21.xlsx,3c7a066bc263806231cd89e8a04669035bb12bd7903cdd9d0c463cf03104e333,Tables,A285,285,1,str,Back to TOC
lenovo_fifa_consumer_research_export_2026-05-21.xlsx,3c7a066bc263806231cd89e8a04669035bb12bd7903cdd9d0c463cf03104e333,Tables,A286,286,1,str,Q17b Brand Aware Lenovo by FWWC Lenovo Sponsorship Banner
lenovo_fifa_consumer_research_export_2026-05-21.xlsx,3c7a066bc263806231cd89e8a04669035bb12bd7903cdd9d0c463cf03104e333,Tables,A287,287,1,str,Column %
lenovo_fifa_consumer_research_export_2026-05-21.xlsx,3c7a066bc263806231cd89e8a04669035bb12bd7903cdd9d0c463cf03104e333,Tables,B287,287,2,str,FWWC Lenovo Sponsorship Aware
lenovo_fifa_consumer_research_export_2026-05-21.xlsx,3c7a066bc263806231cd89e8a04669035bb12bd7903cdd9d0c463cf03104e333,Tables,C287,287,3,str,FWWC Lenovo Sponsorship Unaware
lenovo_fifa_consumer_research_export_2026-05-21.xlsx,3c7a066bc263806231cd89e8a04669035bb12bd7903cdd9d0c463cf03104e333,Tables,A288,288,1,str,Q17b Brand Aware Lenovo
lenovo_fifa_consumer_research_export_2026-05-21.xlsx,3c7a066bc263806231cd89e8a04669035bb12bd7903cdd9d0c463cf03104e333,Tables,B288,288,2,int,1
lenovo_fifa_consumer_research_export_2026-05-21.xlsx,3c7a066bc263806231cd89e8a04669035bb12bd7903cdd9d0c463cf03104e333,Tables,C288,288,3,float,0.3970158452407
lenovo_fifa_consumer_research_export_2026-05-21.xlsx,3c7a066bc263806231cd89e8a04669035bb12bd7903cdd9d0c463cf03104e333,Tables,A289,289,1,str,Column n
lenovo_fifa_consumer_research_export_2026-05-21.xlsx,3c7a066bc263806231cd89e8a04669035bb12bd7903cdd9d0c463cf03104e333,Tables,B289,289,2,int,7955
lenovo_fifa_consumer_research_export_2026-05-21.xlsx,3c7a066bc263806231cd89e8a04669035bb12bd7903cdd9d0c463cf03104e333,Tables,C289,289,3,int,12048
lenovo_fifa_consumer_research_export_2026-05-21.xlsx,3c7a066bc263806231cd89e8a04669035bb12bd7903cdd9d0c463cf03104e333,Tables,A290,290,1,str,Filter: Wave 21 - April 2026 FWWC AND Nat Rep; Weight: Nat Rep Weight_Final
lenovo_fifa_consumer_research_export_2026-05-21.xlsx,3c7a066bc263806231cd89e8a04669035bb12bd7903cdd9d0c463cf03104e333,Tables,A294,294,1,str,Back to TOC
lenovo_fifa_consumer_research_export_2026-05-21.xlsx,3c7a066bc263806231cd89e8a04669035bb12bd7903cdd9d0c463cf03104e333,Tables,A295,295,1,str,QP2a. And how do you feel about each brand? Lenovo by FWWC Lenovo Sponsorship Banner
lenovo_fifa_consumer_research_export_2026-05-21.xlsx,3c7a066bc263806231cd89e8a04669035bb12bd7903cdd9d0c463cf03104e333,Tables,A296,296,1,str,Column %
lenovo_fifa_consumer_research_export_2026-05-21.xlsx,3c7a066bc263806231cd89e8a04669035bb12bd7903cdd9d0c463cf03104e333,Tables,B296,296,2,str,FWWC Lenovo Sponsorship Aware
lenovo_fifa_consumer_research_export_2026-05-21.xlsx,3c7a066bc263806231cd89e8a04669035bb12bd7903cdd9d0c463cf03104e333,Tables,C296,296,3,str,FWWC Lenovo Sponsorship Unaware
lenovo_fifa_consumer_research_export_2026-05-21.xlsx,3c7a066bc263806231cd89e8a04669035bb12bd7903cdd9d0c463cf03104e333,Tables,A297,297,1,str,Unaware
lenovo_fifa_consumer_research_export_2026-05-21.xlsx,3c7a066bc263806231cd89e8a04669035bb12bd7903cdd9d0c463cf03104e333,Tables,B297,297,2,float,0.1553712519598
lenovo_fifa_consumer_research_export_2026-05-21.xlsx,3c7a066bc263806231cd89e8a04669035bb12bd7903cdd9d0c463cf03104e333,Tables,C297,297,3,float,0.6581922970987
lenovo_fifa_consumer_research_export_2026-05-21.xlsx,3c7a066bc263806231cd89e8a04669035bb12bd7903cdd9d0c463cf03104e333,Tables,A298,298,1,str,Dislike a lot
lenovo_fifa_consumer_research_export_2026-05-21.xlsx,3c7a066bc263806231cd89e8a04669035bb12bd7903cdd9d0c463cf03104e333,Tables,B298,298,2,float,0.004373846606393
lenovo_fifa_consumer_research_export_2026-05-21.xlsx,3c7a066bc263806231cd89e8a04669035bb12bd7903cdd9d0c463cf03104e333,Tables,C298,298,3,float,0.00501976229249
lenovo_fifa_consumer_research_export_2026-05-21.xlsx,3c7a066bc263806231cd89e8a04669035bb12bd7903cdd9d0c463cf03104e333,Tables,A299,299,1,str,Dislike
lenovo_fifa_consumer_research_export_2026-05-21.xlsx,3c7a066bc263806231cd89e8a04669035bb12bd7903cdd9d0c463cf03104e333,Tables,B299,299,2,float,0.01880159276317
lenovo_fifa_consumer_research_export_2026-05-21.xlsx,3c7a066bc263806231cd89e8a04669035bb12bd7903cdd9d0c463cf03104e333,Tables,C299,299,3,float,0.02027313490687
lenovo_fifa_consumer_research_export_2026-05-21.xlsx,3c7a066bc263806231cd89e8a04669035bb12bd7903cdd9d0c463cf03104e333,Tables,A300,300,1,str,Have no strong feelings either way
lenovo_fifa_consumer_research_export_2026-05-21.xlsx,3c7a066bc263806231cd89e8a04669035bb12bd7903cdd9d0c463cf03104e333,Tables,B300,300,2,float,0.1812314199076
lenovo_fifa_consumer_research_export_2026-05-21.xlsx,3c7a066bc263806231cd89e8a04669035bb12bd7903cdd9d0c463cf03104e333,Tables,C300,300,3,float,0.1500409052453
lenovo_fifa_consumer_research_export_2026-05-21.xlsx,3c7a066bc263806231cd89e8a04669035bb12bd7903cdd9d0c463cf03104e333,Tables,A301,301,1,str,Like
lenovo_fifa_consumer_research_export_2026-05-21.xlsx,3c7a066bc263806231cd89e8a04669035bb12bd7903cdd9d0c463cf03104e333,Tables,B301,301,2,float,0.3915047529476
lenovo_fifa_consumer_research_export_2026-05-21.xlsx,3c7a066bc263806231cd89e8a04669035bb12bd7903cdd9d0c463cf03104e333,Tables,C301,301,3,float,0.1295547667062
lenovo_fifa_consumer_research_export_2026-05-21.xlsx,3c7a066bc263806231cd89e8a04669035bb12bd7903cdd9d0c463cf03104e333,Tables,A302,302,1,str,Love
lenovo_fifa_consumer_research_export_2026-05-21.xlsx,3c7a066bc263806231cd89e8a04669035bb12bd7903cdd9d0c463cf03104e333,Tables,B302,302,2,float,0.2487171358154
lenovo_fifa_consumer_research_export_2026-05-21.xlsx,3c7a066bc263806231cd89e8a04669035bb12bd7903cdd9d0c463cf03104e333,Tables,C302,302,3,float,0.03691913375047
lenovo_fifa_consumer_research_export_2026-05-21.xlsx,3c7a066bc263806231cd89e8a04669035bb12bd7903cdd9d0c463cf03104e333,Tables,A303,303,1,str,Like + Love
lenovo_fifa_consumer_research_export_2026-05-21.xlsx,3c7a066bc263806231cd89e8a04669035bb12bd7903cdd9d0c463cf03104e333,Tables,B303,303,2,float,0.640221888763
lenovo_fifa_consumer_research_export_2026-05-21.xlsx,3c7a066bc263806231cd89e8a04669035bb12bd7903cdd9d0c463cf03104e333,Tables,C303,303,3,float,0.1664739004567
lenovo_fifa_consumer_research_export_2026-05-21.xlsx,3c7a066bc263806231cd89e8a04669035bb12bd7903cdd9d0c463cf03104e333,Tables,A304,304,1,str,NET
lenovo_fifa_consumer_research_export_2026-05-21.xlsx,3c7a066bc263806231cd89e8a04669035bb12bd7903cdd9d0c463cf03104e333,Tables,B304,304,2,int,1
lenovo_fifa_consumer_research_export_2026-05-21.xlsx,3c7a066bc263806231cd89e8a04669035bb12bd7903cdd9d0c463cf03104e333,Tables,C304,304,3,int,1
lenovo_fifa_consumer_research_export_2026-05-21.xlsx,3c7a066bc263806231cd89e8a04669035bb12bd7903cdd9d0c463cf03104e333,Tables,A305,305,1,str,Column n
lenovo_fifa_consumer_research_export_2026-05-21.xlsx,3c7a066bc263806231cd89e8a04669035bb12bd7903cdd9d0c463cf03104e333,Tables,B305,305,2,int,7955
lenovo_fifa_consumer_research_export_2026-05-21.xlsx,3c7a066bc263806231cd89e8a04669035bb12bd7903cdd9d0c463cf03104e333,Tables,C305,305,3,int,12048
lenovo_fifa_consumer_research_export_2026-05-21.xlsx,3c7a066bc263806231cd89e8a04669035bb12bd7903cdd9d0c463cf03104e333,Tables,A306,306,1,str,Filter: Wave 21 - April 2026 FWWC AND Nat Rep; Weight: Nat Rep Weight_Final
lenovo_fifa_consumer_research_export_2026-05-21.xlsx,3c7a066bc263806231cd89e8a04669035bb12bd7903cdd9d0c463cf03104e333,Tables,A310,310,1,str,Back to TOC
lenovo_fifa_consumer_research_export_2026-05-21.xlsx,3c7a066bc263806231cd89e8a04669035bb12bd7903cdd9d0c463cf03104e333,Tables,A311,311,1,str," QP3. In the next 12 months, how likely are you to purchase or use products from any of the following brands? Lenovo by FWWC Lenovo Sponsorship Banner"
lenovo_fifa_consumer_research_export_2026-05-21.xlsx,3c7a066bc263806231cd89e8a04669035bb12bd7903cdd9d0c463cf03104e333,Tables,A312,312,1,str,Column %
lenovo_fifa_consumer_research_export_2026-05-21.xlsx,3c7a066bc263806231cd89e8a04669035bb12bd7903cdd9d0c463cf03104e333,Tables,B312,312,2,str,FWWC Lenovo Sponsorship Aware
lenovo_fifa_consumer_research_export_2026-05-21.xlsx,3c7a066bc263806231cd89e8a04669035bb12bd7903cdd9d0c463cf03104e333,Tables,C312,312,3,str,FWWC Lenovo Sponsorship Unaware
lenovo_fifa_consumer_research_export_2026-05-21.xlsx,3c7a066bc263806231cd89e8a04669035bb12bd7903cdd9d0c463cf03104e333,Tables,A313,313,1,str,Unaware of Brand
lenovo_fifa_consumer_research_export_2026-05-21.xlsx,3c7a066bc263806231cd89e8a04669035bb12bd7903cdd9d0c463cf03104e333,Tables,B313,313,2,float,0.1553712519598
lenovo_fifa_consumer_research_export_2026-05-21.xlsx,3c7a066bc263806231cd89e8a04669035bb12bd7903cdd9d0c463cf03104e333,Tables,C313,313,3,float,0.6581922970987
lenovo_fifa_consumer_research_export_2026-05-21.xlsx,3c7a066bc263806231cd89e8a04669035bb12bd7903cdd9d0c463cf03104e333,Tables,A314,314,1,str,WILL BUY / USE in the NEXT WEEK
lenovo_fifa_consumer_research_export_2026-05-21.xlsx,3c7a066bc263806231cd89e8a04669035bb12bd7903cdd9d0c463cf03104e333,Tables,B314,314,2,float,0.1015283605433
lenovo_fifa_consumer_research_export_2026-05-21.xlsx,3c7a066bc263806231cd89e8a04669035bb12bd7903cdd9d0c463cf03104e333,Tables,C314,314,3,float,0.02368138363903
lenovo_fifa_consumer_research_export_2026-05-21.xlsx,3c7a066bc263806231cd89e8a04669035bb12bd7903cdd9d0c463cf03104e333,Tables,A315,315,1,str,WILL BUY / USE in the NEXT MONTH
lenovo_fifa_consumer_research_export_2026-05-21.xlsx,3c7a066bc263806231cd89e8a04669035bb12bd7903cdd9d0c463cf03104e333,Tables,B315,315,2,float,0.1099008485446
lenovo_fifa_consumer_research_export_2026-05-21.xlsx,3c7a066bc263806231cd89e8a04669035bb12bd7903cdd9d0c463cf03104e333,Tables,C315,315,3,float,0.02551135288575
lenovo_fifa_consumer_research_export_2026-05-21.xlsx,3c7a066bc263806231cd89e8a04669035bb12bd7903cdd9d0c463cf03104e333,Tables,A316,316,1,str,WILL BUY / USE in the NEXT 6 MONTHS
lenovo_fifa_consumer_research_export_2026-05-21.xlsx,3c7a066bc263806231cd89e8a04669035bb12bd7903cdd9d0c463cf03104e333,Tables,B316,316,2,float,0.1691414239426
lenovo_fifa_consumer_research_export_2026-05-21.xlsx,3c7a066bc263806231cd89e8a04669035bb12bd7903cdd9d0c463cf03104e333,Tables,C316,316,3,float,0.04951297327195
lenovo_fifa_consumer_research_export_2026-05-21.xlsx,3c7a066bc263806231cd89e8a04669035bb12bd7903cdd9d0c463cf03104e333,Tables,A317,317,1,str,WILL BUY / USE in the NEXT YEAR
lenovo_fifa_consumer_research_export_2026-05-21.xlsx,3c7a066bc263806231cd89e8a04669035bb12bd7903cdd9d0c463cf03104e333,Tables,B317,317,2,float,0.1765602635573
lenovo_fifa_consumer_research_export_2026-05-21.xlsx,3c7a066bc263806231cd89e8a04669035bb12bd7903cdd9d0c463cf03104e333,Tables,C317,317,3,float,0.05891292385347
lenovo_fifa_consumer_research_export_2026-05-21.xlsx,3c7a066bc263806231cd89e8a04669035bb12bd7903cdd9d0c463cf03104e333,Tables,A318,318,1,str,WILL NOT BUY / USE in the NEXT YEAR
lenovo_fifa_consumer_research_export_2026-05-21.xlsx,3c7a066bc263806231cd89e8a04669035bb12bd7903cdd9d0c463cf03104e333,Tables,B318,318,2,float,0.2874978514522
lenovo_fifa_consumer_research_export_2026-05-21.xlsx,3c7a066bc263806231cd89e8a04669035bb12bd7903cdd9d0c463cf03104e333,Tables,C318,318,3,float,0.1841890692511
lenovo_fifa_consumer_research_export_2026-05-21.xlsx,3c7a066bc263806231cd89e8a04669035bb12bd7903cdd9d0c463cf03104e333,Tables,A319,319,1,str,Next Year NET
lenovo_fifa_consumer_research_export_2026-05-21.xlsx,3c7a066bc263806231cd89e8a04669035bb12bd7903cdd9d0c463cf03104e333,Tables,B319,319,2,float,0.5571308965879
lenovo_fifa_consumer_research_export_2026-05-21.xlsx,3c7a066bc263806231cd89e8a04669035bb12bd7903cdd9d0c463cf03104e333,Tables,C319,319,3,float,0.1576186336502
lenovo_fifa_consumer_research_export_2026-05-21.xlsx,3c7a066bc263806231cd89e8a04669035bb12bd7903cdd9d0c463cf03104e333,Tables,A320,320,1,str,Next 6M NET
lenovo_fifa_consumer_research_export_2026-05-21.xlsx,3c7a066bc263806231cd89e8a04669035bb12bd7903cdd9d0c463cf03104e333,Tables,B320,320,2,float,0.3805706330306
lenovo_fifa_consumer_research_export_2026-05-21.xlsx,3c7a066bc263806231cd89e8a04669035bb12bd7903cdd9d0c463cf03104e333,Tables,C320,320,3,float,0.09870570979673
lenovo_fifa_consumer_research_export_2026-05-21.xlsx,3c7a066bc263806231cd89e8a04669035bb12bd7903cdd9d0c463cf03104e333,Tables,A321,321,1,str,Next Month NET
lenovo_fifa_consumer_research_export_2026-05-21.xlsx,3c7a066bc263806231cd89e8a04669035bb12bd7903cdd9d0c463cf03104e333,Tables,B321,321,2,float,0.211429209088
lenovo_fifa_consumer_research_export_2026-05-21.xlsx,3c7a066bc263806231cd89e8a04669035bb12bd7903cdd9d0c463cf03104e333,Tables,C321,321,3,float,0.04919273652478
lenovo_fifa_consumer_research_export_2026-05-21.xlsx,3c7a066bc263806231cd89e8a04669035bb12bd7903cdd9d0c463cf03104e333,Tables,A322,322,1,str,NET
lenovo_fifa_consumer_research_export_2026-05-21.xlsx,3c7a066bc263806231cd89e8a04669035bb12bd7903cdd9d0c463cf03104e333,Tables,B322,322,2,int,1
lenovo_fifa_consumer_research_export_2026-05-21.xlsx,3c7a066bc263806231cd89e8a04669035bb12bd7903cdd9d0c463cf03104e333,Tables,C322,322,3,int,1
lenovo_fifa_consumer_research_export_2026-05-21.xlsx,3c7a066bc263806231cd89e8a04669035bb12bd7903cdd9d0c463cf03104e333,Tables,A323,323,1,str,Column n
lenovo_fifa_consumer_research_export_2026-05-21.xlsx,3c7a066bc263806231cd89e8a04669035bb12bd7903cdd9d0c463cf03104e333,Tables,B323,323,2,int,7955
lenovo_fifa_consumer_research_export_2026-05-21.xlsx,3c7a066bc263806231cd89e8a04669035bb12bd7903cdd9d0c463cf03104e333,Tables,C323,323,3,int,12048
lenovo_fifa_consumer_research_export_2026-05-21.xlsx,3c7a066bc263806231cd89e8a04669035bb12bd7903cdd9d0c463cf03104e333,Tables,A324,324,1,str,Filter: Wave 21 - April 2026 FWWC AND Nat Rep; Weight: Nat Rep Weight_Final
lenovo_fifa_consumer_research_export_2026-05-21.xlsx,3c7a066bc263806231cd89e8a04669035bb12bd7903cdd9d0c463cf03104e333,Tables,A328,328,1,str,Back to TOC
lenovo_fifa_consumer_research_export_2026-05-21.xlsx,3c7a066bc263806231cd89e8a04669035bb12bd7903cdd9d0c463cf03104e333,Tables,A329,329,1,str,CWC
lenovo_fifa_consumer_research_export_2026-05-21.xlsx,3c7a066bc263806231cd89e8a04669035bb12bd7903cdd9d0c463cf03104e333,Tables,A333,333,1,str,Back to TOC
lenovo_fifa_consumer_research_export_2026-05-21.xlsx,3c7a066bc263806231cd89e8a04669035bb12bd7903cdd9d0c463cf03104e333,Tables,A334,334,1,str,Q17c CWC Brand Aware Lenovo by CWC Lenovo Sponsorship
lenovo_fifa_consumer_research_export_2026-05-21.xlsx,3c7a066bc263806231cd89e8a04669035bb12bd7903cdd9d0c463cf03104e333,Tables,A335,335,1,str,Column %
lenovo_fifa_consumer_research_export_2026-05-21.xlsx,3c7a066bc263806231cd89e8a04669035bb12bd7903cdd9d0c463cf03104e333,Tables,B335,335,2,str,CWC Lenovo Sponsorship Aware
lenovo_fifa_consumer_research_export_2026-05-21.xlsx,3c7a066bc263806231cd89e8a04669035bb12bd7903cdd9d0c463cf03104e333,Tables,C335,335,3,str,CWC Lenovo Sponsorship Unaware
lenovo_fifa_consumer_research_export_2026-05-21.xlsx,3c7a066bc263806231cd89e8a04669035bb12bd7903cdd9d0c463cf03104e333,Tables,A336,336,1,str,Q17c CWC Brand Aware Lenovo
lenovo_fifa_consumer_research_export_2026-05-21.xlsx,3c7a066bc263806231cd89e8a04669035bb12bd7903cdd9d0c463cf03104e333,Tables,B336,336,2,int,1
lenovo_fifa_consumer_research_export_2026-05-21.xlsx,3c7a066bc263806231cd89e8a04669035bb12bd7903cdd9d0c463cf03104e333,Tables,C336,336,3,float,0.4220695825496
lenovo_fifa_consumer_research_export_2026-05-21.xlsx,3c7a066bc263806231cd89e8a04669035bb12bd7903cdd9d0c463cf03104e333,Tables,A337,337,1,str,Column n
lenovo_fifa_consumer_research_export_2026-05-21.xlsx,3c7a066bc263806231cd89e8a04669035bb12bd7903cdd9d0c463cf03104e333,Tables,B337,337,2,int,9635
lenovo_fifa_consumer_research_export_2026-05-21.xlsx,3c7a066bc263806231cd89e8a04669035bb12bd7903cdd9d0c463cf03104e333,Tables,C337,337,3,int,13568
lenovo_fifa_consumer_research_export_2026-05-21.xlsx,3c7a066bc263806231cd89e8a04669035bb12bd7903cdd9d0c463cf03104e333,Tables,A338,338,1,str,Filter: Wave 18 - August 2025 Post CWC AND Nat Rep; Weight: Nat Rep Weight_Final
lenovo_fifa_consumer_research_export_2026-05-21.xlsx,3c7a066bc263806231cd89e8a04669035bb12bd7903cdd9d0c463cf03104e333,Tables,A342,342,1,str,Back to TOC
lenovo_fifa_consumer_research_export_2026-05-21.xlsx,3c7a066bc263806231cd89e8a04669035bb12bd7903cdd9d0c463cf03104e333,Tables,A343,343,1,str,QP2a. And how do you feel about each brand? Lenovo by CWC Lenovo Sponsorship
lenovo_fifa_consumer_research_export_2026-05-21.xlsx,3c7a066bc263806231cd89e8a04669035bb12bd7903cdd9d0c463cf03104e333,Tables,A344,344,1,str,Column %
lenovo_fifa_consumer_research_export_2026-05-21.xlsx,3c7a066bc263806231cd89e8a04669035bb12bd7903cdd9d0c463cf03104e333,Tables,B344,344,2,str,CWC Lenovo Sponsorship Aware
lenovo_fifa_consumer_research_export_2026-05-21.xlsx,3c7a066bc263806231cd89e8a04669035bb12bd7903cdd9d0c463cf03104e333,Tables,C344,344,3,str,CWC Lenovo Sponsorship Unaware
lenovo_fifa_consumer_research_export_2026-05-21.xlsx,3c7a066bc263806231cd89e8a04669035bb12bd7903cdd9d0c463cf03104e333,Tables,A345,345,1,str,Unaware
lenovo_fifa_consumer_research_export_2026-05-21.xlsx,3c7a066bc263806231cd89e8a04669035bb12bd7903cdd9d0c463cf03104e333,Tables,B345,345,2,float,0.1362174660321
lenovo_fifa_consumer_research_export_2026-05-21.xlsx,3c7a066bc263806231cd89e8a04669035bb12bd7903cdd9d0c463cf03104e333,Tables,C345,345,3,float,0.6310639879953
lenovo_fifa_consumer_research_export_2026-05-21.xlsx,3c7a066bc263806231cd89e8a04669035bb12bd7903cdd9d0c463cf03104e333,Tables,A346,346,1,str,Dislike a lot
lenovo_fifa_consumer_research_export_2026-05-21.xlsx,3c7a066bc263806231cd89e8a04669035bb12bd7903cdd9d0c463cf03104e333,Tables,B346,346,2,float,0.007067504283023
lenovo_fifa_consumer_research_export_2026-05-21.xlsx,3c7a066bc263806231cd89e8a04669035bb12bd7903cdd9d0c463cf03104e333,Tables,C346,346,3,float,0.006116816511171
lenovo_fifa_consumer_research_export_2026-05-21.xlsx,3c7a066bc263806231cd89e8a04669035bb12bd7903cdd9d0c463cf03104e333,Tables,A347,347,1,str,Dislike
lenovo_fifa_consumer_research_export_2026-05-21.xlsx,3c7a066bc263806231cd89e8a04669035bb12bd7903cdd9d0c463cf03104e333,Tables,B347,347,2,float,0.02734128563854
lenovo_fifa_consumer_research_export_2026-05-21.xlsx,3c7a066bc263806231cd89e8a04669035bb12bd7903cdd9d0c463cf03104e333,Tables,C347,347,3,float,0.02330528480382
lenovo_fifa_consumer_research_export_2026-05-21.xlsx,3c7a066bc263806231cd89e8a04669035bb12bd7903cdd9d0c463cf03104e333,Tables,A348,348,1,str,Have no strong feelings either way
lenovo_fifa_consumer_research_export_2026-05-21.xlsx,3c7a066bc263806231cd89e8a04669035bb12bd7903cdd9d0c463cf03104e333,Tables,B348,348,2,float,0.1963891696603
lenovo_fifa_consumer_research_export_2026-05-21.xlsx,3c7a066bc263806231cd89e8a04669035bb12bd7903cdd9d0c463cf03104e333,Tables,C348,348,3,float,0.1608171697869
lenovo_fifa_consumer_research_export_2026-05-21.xlsx,3c7a066bc263806231cd89e8a04669035bb12bd7903cdd9d0c463cf03104e333,Tables,A349,349,1,str,Like
lenovo_fifa_consumer_research_export_2026-05-21.xlsx,3c7a066bc263806231cd89e8a04669035bb12bd7903cdd9d0c463cf03104e333,Tables,B349,349,2,float,0.4254172958494
lenovo_fifa_consumer_research_export_2026-05-21.xlsx,3c7a066bc263806231cd89e8a04669035bb12bd7903cdd9d0c463cf03104e333,Tables,C349,349,3,float,0.1427991480756
lenovo_fifa_consumer_research_export_2026-05-21.xlsx,3c7a066bc263806231cd89e8a04669035bb12bd7903cdd9d0c463cf03104e333,Tables,A350,350,1,str,Love
lenovo_fifa_consumer_research_export_2026-05-21.xlsx,3c7a066bc263806231cd89e8a04669035bb12bd7903cdd9d0c463cf03104e333,Tables,B350,350,2,float,0.2075672785366
lenovo_fifa_consumer_research_export_2026-05-21.xlsx,3c7a066bc263806231cd89e8a04669035bb12bd7903cdd9d0c463cf03104e333,Tables,C350,350,3,float,0.03589759282717
lenovo_fifa_consumer_research_export_2026-05-21.xlsx,3c7a066bc263806231cd89e8a04669035bb12bd7903cdd9d0c463cf03104e333,Tables,A351,351,1,str,Like + Love
lenovo_fifa_consumer_research_export_2026-05-21.xlsx,3c7a066bc263806231cd89e8a04669035bb12bd7903cdd9d0c463cf03104e333,Tables,B351,351,2,float,0.6329845743861
lenovo_fifa_consumer_research_export_2026-05-21.xlsx,3c7a066bc263806231cd89e8a04669035bb12bd7903cdd9d0c463cf03104e333,Tables,C351,351,3,float,0.1786967409028
lenovo_fifa_consumer_research_export_2026-05-21.xlsx,3c7a066bc263806231cd89e8a04669035bb12bd7903cdd9d0c463cf03104e333,Tables,A352,352,1,str,NET
lenovo_fifa_consumer_research_export_2026-05-21.xlsx,3c7a066bc263806231cd89e8a04669035bb12bd7903cdd9d0c463cf03104e333,Tables,B352,352,2,int,1
lenovo_fifa_consumer_research_export_2026-05-21.xlsx,3c7a066bc263806231cd89e8a04669035bb12bd7903cdd9d0c463cf03104e333,Tables,C352,352,3,int,1
lenovo_fifa_consumer_research_export_2026-05-21.xlsx,3c7a066bc263806231cd89e8a04669035bb12bd7903cdd9d0c463cf03104e333,Tables,A353,353,1,str,Column n
lenovo_fifa_consumer_research_export_2026-05-21.xlsx,3c7a066bc263806231cd89e8a04669035bb12bd7903cdd9d0c463cf03104e333,Tables,B353,353,2,int,9635
lenovo_fifa_consumer_research_export_2026-05-21.xlsx,3c7a066bc263806231cd89e8a04669035bb12bd7903cdd9d0c463cf03104e333,Tables,C353,353,3,int,13568
lenovo_fifa_consumer_research_export_2026-05-21.xlsx,3c7a066bc263806231cd89e8a04669035bb12bd7903cdd9d0c463cf03104e333,Tables,A354,354,1,str,Filter: Wave 18 - August 2025 Post CWC AND Nat Rep; Weight: Nat Rep Weight_Final
lenovo_fifa_consumer_research_export_2026-05-21.xlsx,3c7a066bc263806231cd89e8a04669035bb12bd7903cdd9d0c463cf03104e333,Tables,A358,358,1,str,Back to TOC
lenovo_fifa_consumer_research_export_2026-05-21.xlsx,3c7a066bc263806231cd89e8a04669035bb12bd7903cdd9d0c463cf03104e333,Tables,A359,359,1,str," QP3. In the next 12 months, how likely are you to purchase or use products from any of the following brands? Lenovo by CWC Lenovo Sponsorship"
lenovo_fifa_consumer_research_export_2026-05-21.xlsx,3c7a066bc263806231cd89e8a04669035bb12bd7903cdd9d0c463cf03104e333,Tables,A360,360,1,str,Column %
lenovo_fifa_consumer_research_export_2026-05-21.xlsx,3c7a066bc263806231cd89e8a04669035bb12bd7903cdd9d0c463cf03104e333,Tables,B360,360,2,str,CWC Lenovo Sponsorship Aware
lenovo_fifa_consumer_research_export_2026-05-21.xlsx,3c7a066bc263806231cd89e8a04669035bb12bd7903cdd9d0c463cf03104e333,Tables,C360,360,3,str,CWC Lenovo Sponsorship Unaware
lenovo_fifa_consumer_research_export_2026-05-21.xlsx,3c7a066bc263806231cd89e8a04669035bb12bd7903cdd9d0c463cf03104e333,Tables,A361,361,1,str,Unaware of Brand
lenovo_fifa_consumer_research_export_2026-05-21.xlsx,3c7a066bc263806231cd89e8a04669035bb12bd7903cdd9d0c463cf03104e333,Tables,B361,361,2,float,0.1362174660321
lenovo_fifa_consumer_research_export_2026-05-21.xlsx,3c7a066bc263806231cd89e8a04669035bb12bd7903cdd9d0c463cf03104e333,Tables,C361,361,3,float,0.6310639879953
lenovo_fifa_consumer_research_export_2026-05-21.xlsx,3c7a066bc263806231cd89e8a04669035bb12bd7903cdd9d0c463cf03104e333,Tables,A362,362,1,str,WILL BUY / USE in the NEXT WEEK
lenovo_fifa_consumer_research_export_2026-05-21.xlsx,3c7a066bc263806231cd89e8a04669035bb12bd7903cdd9d0c463cf03104e333,Tables,B362,362,2,float,0.1011485739116
lenovo_fifa_consumer_research_export_2026-05-21.xlsx,3c7a066bc263806231cd89e8a04669035bb12bd7903cdd9d0c463cf03104e333,Tables,C362,362,3,float,0.02273877225515
lenovo_fifa_consumer_research_export_2026-05-21.xlsx,3c7a066bc263806231cd89e8a04669035bb12bd7903cdd9d0c463cf03104e333,Tables,A363,363,1,str,WILL BUY / USE in the NEXT MONTH
lenovo_fifa_consumer_research_export_2026-05-21.xlsx,3c7a066bc263806231cd89e8a04669035bb12bd7903cdd9d0c463cf03104e333,Tables,B363,363,2,float,0.105551180857
lenovo_fifa_consumer_research_export_2026-05-21.xlsx,3c7a066bc263806231cd89e8a04669035bb12bd7903cdd9d0c463cf03104e333,Tables,C363,363,3,float,0.02728894298095
lenovo_fifa_consumer_research_export_2026-05-21.xlsx,3c7a066bc263806231cd89e8a04669035bb12bd7903cdd9d0c463cf03104e333,Tables,A364,364,1,str,WILL BUY / USE in the NEXT 6 MONTHS
lenovo_fifa_consumer_research_export_2026-05-21.xlsx,3c7a066bc263806231cd89e8a04669035bb12bd7903cdd9d0c463cf03104e333,Tables,B364,364,2,float,0.1558838680038
lenovo_fifa_consumer_research_export_2026-05-21.xlsx,3c7a066bc263806231cd89e8a04669035bb12bd7903cdd9d0c463cf03104e333,Tables,C364,364,3,float,0.0479317650816
lenovo_fifa_consumer_research_export_2026-05-21.xlsx,3c7a066bc263806231cd89e8a04669035bb12bd7903cdd9d0c463cf03104e333,Tables,A365,365,1,str,WILL BUY / USE in the NEXT YEAR
lenovo_fifa_consumer_research_export_2026-05-21.xlsx,3c7a066bc263806231cd89e8a04669035bb12bd7903cdd9d0c463cf03104e333,Tables,B365,365,2,float,0.2003673518305
lenovo_fifa_consumer_research_export_2026-05-21.xlsx,3c7a066bc263806231cd89e8a04669035bb12bd7903cdd9d0c463cf03104e333,Tables,C365,365,3,float,0.074307871
lenovo_fifa_consumer_research_export_2026-05-21.xlsx,3c7a066bc263806231cd89e8a04669035bb12bd7903cdd9d0c463cf03104e333,Tables,A366,366,1,str,WILL NOT BUY / USE in the NEXT YEAR
lenovo_fifa_consumer_research_export_2026-05-21.xlsx,3c7a066bc263806231cd89e8a04669035bb12bd7903cdd9d0c463cf03104e333,Tables,B366,366,2,float,0.300831559365
lenovo_fifa_consumer_research_export_2026-05-21.xlsx,3c7a066bc263806231cd89e8a04669035bb12bd7903cdd9d0c463cf03104e333,Tables,C366,366,3,float,0.196668660687
lenovo_fifa_consumer_research_export_2026-05-21.xlsx,3c7a066bc263806231cd89e8a04669035bb12bd7903cdd9d0c463cf03104e333,Tables,A367,367,1,str,Next Year NET
lenovo_fifa_consumer_research_export_2026-05-21.xlsx,3c7a066bc263806231cd89e8a04669035bb12bd7903cdd9d0c463cf03104e333,Tables,B367,367,2,float,0.5629509746029
lenovo_fifa_consumer_research_export_2026-05-21.xlsx,3c7a066bc263806231cd89e8a04669035bb12bd7903cdd9d0c463cf03104e333,Tables,C367,367,3,float,0.1722673513177
lenovo_fifa_consumer_research_export_2026-05-21.xlsx,3c7a066bc263806231cd89e8a04669035bb12bd7903cdd9d0c463cf03104e333,Tables,A368,368,1,str,Next 6M NET
lenovo_fifa_consumer_research_export_2026-05-21.xlsx,3c7a066bc263806231cd89e8a04669035bb12bd7903cdd9d0c463cf03104e333,Tables,B368,368,2,float,0.3625836227724
lenovo_fifa_consumer_research_export_2026-05-21.xlsx,3c7a066bc263806231cd89e8a04669035bb12bd7903cdd9d0c463cf03104e333,Tables,C368,368,3,float,0.0979594803177
lenovo_fifa_consumer_research_export_2026-05-21.xlsx,3c7a066bc263806231cd89e8a04669035bb12bd7903cdd9d0c463cf03104e333,Tables,A369,369,1,str,Next Month NET
lenovo_fifa_consumer_research_export_2026-05-21.xlsx,3c7a066bc263806231cd89e8a04669035bb12bd7903cdd9d0c463cf03104e333,Tables,B369,369,2,float,0.2066997547686
lenovo_fifa_consumer_research_export_2026-05-21.xlsx,3c7a066bc263806231cd89e8a04669035bb12bd7903cdd9d0c463cf03104e333,Tables,C369,369,3,float,0.0500277152361
lenovo_fifa_consumer_research_export_2026-05-21.xlsx,3c7a066bc263806231cd89e8a04669035bb12bd7903cdd9d0c463cf03104e333,Tables,A370,370,1,str,NET
lenovo_fifa_consumer_research_export_2026-05-21.xlsx,3c7a066bc263806231cd89e8a04669035bb12bd7903cdd9d0c463cf03104e333,Tables,B370,370,2,int,1
lenovo_fifa_consumer_research_export_2026-05-21.xlsx,3c7a066bc263806231cd89e8a04669035bb12bd7903cdd9d0c463cf03104e333,Tables,C370,370,3,int,1
lenovo_fifa_consumer_research_export_2026-05-21.xlsx,3c7a066bc263806231cd89e8a04669035bb12bd7903cdd9d0c463cf03104e333,Tables,A371,371,1,str,Column n
lenovo_fifa_consumer_research_export_2026-05-21.xlsx,3c7a066bc263806231cd89e8a04669035bb12bd7903cdd9d0c463cf03104e333,Tables,B371,371,2,int,9635
lenovo_fifa_consumer_research_export_2026-05-21.xlsx,3c7a066bc263806231cd89e8a04669035bb12bd7903cdd9d0c463cf03104e333,Tables,C371,371,3,int,13568
lenovo_fifa_consumer_research_export_2026-05-21.xlsx,3c7a066bc263806231cd89e8a04669035bb12bd7903cdd9d0c463cf03104e333,Tables,A372,372,1,str,Filter: Wave 18 - August 2025 Post CWC AND Nat Rep; Weight: Nat Rep Weight_Final
lenovo_gwi_core_tech_brands_crosstab_export_2026-06-09.xlsx,f1eac9e09e90c47fe98e22784303079d9c689d4890ea090235fae6fc9587c1ad,Blank,B6,6,2,str,Source: GWI: GWI Core
lenovo_gwi_core_tech_brands_crosstab_export_2026-06-09.xlsx,f1eac9e09e90c47fe98e22784303079d9c689d4890ea090235fae6fc9587c1ad,Blank,B7,7,2,str,Base: All Internet Users (Audience Size)
lenovo_gwi_core_tech_brands_crosstab_export_2026-06-09.xlsx,f1eac9e09e90c47fe98e22784303079d9c689d4890ea090235fae6fc9587c1ad,Blank,B8,8,2,str,"Countries: USA, Canada, Egypt, Morocco, Ghana, Nigeria, Kenya, South Africa, Greece, Netherlands, Belgium, France, Spain, Portugal, Ireland, Bulgaria, Hungary, Serbia, Croatia, Italy, Romania, Switzerland, Czech Republic, Austria, UK, Denmark, Sweden, Norway, Poland, Germany, Mexico, Argentina, Brazil, Chile, Colombia, Malaysia, Australia, Indonesia, Philippines, New Zealand, Singapore, Thailand, Japan, South Korea, Vietnam, Hong Kong, China, Taiwan, Turkey, India, Saudi Arabia, UAE, Israel"
lenovo_gwi_core_tech_brands_crosstab_export_2026-06-09.xlsx,f1eac9e09e90c47fe98e22784303079d9c689d4890ea090235fae6fc9587c1ad,Blank,B9,9,2,str,"Waves: Q1 2017, Q1 2018, Q1 2019, Q1 2020, Q1 2021, Q1 2022, Q1 2023, Q1 2024, Q1 2025, Q1 2026, Q2 2017, Q2 2018, Q2 2019, Q2 2020, Q2 2021, Q2 2022, Q2 2023, Q2 2024, Q2 2025, Q3 2017, Q3 2018, Q3 2019, Q3 2020, Q3 2021, Q3 2022, Q3 2023, Q3 2024, Q3 2025, Q4 2017, Q4 2018, Q4 2019, Q4 2020, Q4 2021, Q4 2022, Q4 2023, Q4 2024, Q4 2025"
lenovo_gwi_core_tech_brands_crosstab_export_2026-06-09.xlsx,f1eac9e09e90c47fe98e22784303079d9c689d4890ea090235fae6fc9587c1ad,Blank,B10,10,2,str,Export Date: 9 Jun 2026
lenovo_gwi_core_tech_brands_crosstab_export_2026-06-09.xlsx,f1eac9e09e90c47fe98e22784303079d9c689d4890ea090235fae6fc9587c1ad,Blank,B11,11,2,str,Export Time: 13:36
lenovo_gwi_core_tech_brands_crosstab_export_2026-06-09.xlsx,f1eac9e09e90c47fe98e22784303079d9c689d4890ea090235fae6fc9587c1ad,Blank,B13,13,2,str,Question
lenovo_gwi_core_tech_brands_crosstab_export_2026-06-09.xlsx,f1eac9e09e90c47fe98e22784303079d9c689d4890ea090235fae6fc9587c1ad,Blank,C13,13,3,str,
lenovo_gwi_core_tech_brands_crosstab_export_2026-06-09.xlsx,f1eac9e09e90c47fe98e22784303079d9c689d4890ea090235fae6fc9587c1ad,Blank,D13,13,4,str,
lenovo_gwi_core_tech_brands_crosstab_export_2026-06-09.xlsx,f1eac9e09e90c47fe98e22784303079d9c689d4890ea090235fae6fc9587c1ad,Blank,E13,13,5,str,
lenovo_gwi_core_tech_brands_crosstab_export_2026-06-09.xlsx,f1eac9e09e90c47fe98e22784303079d9c689d4890ea090235fae6fc9587c1ad,Blank,F13,13,6,str,Survey Waves
lenovo_gwi_core_tech_brands_crosstab_export_2026-06-09.xlsx,f1eac9e09e90c47fe98e22784303079d9c689d4890ea090235fae6fc9587c1ad,Blank,G13,13,7,str,Survey Waves
lenovo_gwi_core_tech_brands_crosstab_export_2026-06-09.xlsx,f1eac9e09e90c47fe98e22784303079d9c689d4890ea090235fae6fc9587c1ad,Blank,H13,13,8,str,Survey Waves
lenovo_gwi_core_tech_brands_crosstab_export_2026-06-09.xlsx,f1eac9e09e90c47fe98e22784303079d9c689d4890ea090235fae6fc9587c1ad,Blank,I13,13,9,str,Survey Waves
lenovo_gwi_core_tech_brands_crosstab_export_2026-06-09.xlsx,f1eac9e09e90c47fe98e22784303079d9c689d4890ea090235fae6fc9587c1ad,Blank,J13,13,10,str,Survey Waves
lenovo_gwi_core_tech_brands_crosstab_export_2026-06-09.xlsx,f1eac9e09e90c47fe98e22784303079d9c689d4890ea090235fae6fc9587c1ad,Blank,K13,13,11,str,Survey Waves
lenovo_gwi_core_tech_brands_crosstab_export_2026-06-09.xlsx,f1eac9e09e90c47fe98e22784303079d9c689d4890ea090235fae6fc9587c1ad,Blank,L13,13,12,str,Survey Waves
lenovo_gwi_core_tech_brands_crosstab_export_2026-06-09.xlsx,f1eac9e09e90c47fe98e22784303079d9c689d4890ea090235fae6fc9587c1ad,Blank,M13,13,13,str,Survey Waves
lenovo_gwi_core_tech_brands_crosstab_export_2026-06-09.xlsx,f1eac9e09e90c47fe98e22784303079d9c689d4890ea090235fae6fc9587c1ad,Blank,N13,13,14,str,Survey Waves
lenovo_gwi_core_tech_brands_crosstab_export_2026-06-09.xlsx,f1eac9e09e90c47fe98e22784303079d9c689d4890ea090235fae6fc9587c1ad,Blank,O13,13,15,str,Survey Waves
lenovo_gwi_core_tech_brands_crosstab_export_2026-06-09.xlsx,f1eac9e09e90c47fe98e22784303079d9c689d4890ea090235fae6fc9587c1ad,Blank,P13,13,16,str,Survey Waves
lenovo_gwi_core_tech_brands_crosstab_export_2026-06-09.xlsx,f1eac9e09e90c47fe98e22784303079d9c689d4890ea090235fae6fc9587c1ad,Blank,Q13,13,17,str,Survey Waves
lenovo_gwi_core_tech_brands_crosstab_export_2026-06-09.xlsx,f1eac9e09e90c47fe98e22784303079d9c689d4890ea090235fae6fc9587c1ad,Blank,R13,13,18,str,Survey Waves
lenovo_gwi_core_tech_brands_crosstab_export_2026-06-09.xlsx,f1eac9e09e90c47fe98e22784303079d9c689d4890ea090235fae6fc9587c1ad,Blank,S13,13,19,str,Survey Waves
lenovo_gwi_core_tech_brands_crosstab_export_2026-06-09.xlsx,f1eac9e09e90c47fe98e22784303079d9c689d4890ea090235fae6fc9587c1ad,Blank,T13,13,20,str,Survey Waves
lenovo_gwi_core_tech_brands_crosstab_export_2026-06-09.xlsx,f1eac9e09e90c47fe98e22784303079d9c689d4890ea090235fae6fc9587c1ad,Blank,U13,13,21,str,Survey Waves
lenovo_gwi_core_tech_brands_crosstab_export_2026-06-09.xlsx,f1eac9e09e90c47fe98e22784303079d9c689d4890ea090235fae6fc9587c1ad,Blank,V13,13,22,str,Survey Waves
lenovo_gwi_core_tech_brands_crosstab_export_2026-06-09.xlsx,f1eac9e09e90c47fe98e22784303079d9c689d4890ea090235fae6fc9587c1ad,Blank,W13,13,23,str,Survey Waves
lenovo_gwi_core_tech_brands_crosstab_export_2026-06-09.xlsx,f1eac9e09e90c47fe98e22784303079d9c689d4890ea090235fae6fc9587c1ad,Blank,X13,13,24,str,Survey Waves
lenovo_gwi_core_tech_brands_crosstab_export_2026-06-09.xlsx,f1eac9e09e90c47fe98e22784303079d9c689d4890ea090235fae6fc9587c1ad,Blank,Y13,13,25,str,Survey Waves
lenovo_gwi_core_tech_brands_crosstab_export_2026-06-09.xlsx,f1eac9e09e90c47fe98e22784303079d9c689d4890ea090235fae6fc9587c1ad,Blank,Z13,13,26,str,Survey Waves
lenovo_gwi_core_tech_brands_crosstab_export_2026-06-09.xlsx,f1eac9e09e90c47fe98e22784303079d9c689d4890ea090235fae6fc9587c1ad,Blank,AA13,13,27,str,Survey Waves
lenovo_gwi_core_tech_brands_crosstab_export_2026-06-09.xlsx,f1eac9e09e90c47fe98e22784303079d9c689d4890ea090235fae6fc9587c1ad,Blank,AB13,13,28,str,Survey Waves
lenovo_gwi_core_tech_brands_crosstab_export_2026-06-09.xlsx,f1eac9e09e90c47fe98e22784303079d9c689d4890ea090235fae6fc9587c1ad,Blank,AC13,13,29,str,Survey Waves
lenovo_gwi_core_tech_brands_crosstab_export_2026-06-09.xlsx,f1eac9e09e90c47fe98e22784303079d9c689d4890ea090235fae6fc9587c1ad,Blank,AD13,13,30,str,Survey Waves
lenovo_gwi_core_tech_brands_crosstab_export_2026-06-09.xlsx,f1eac9e09e90c47fe98e22784303079d9c689d4890ea090235fae6fc9587c1ad,Blank,AE13,13,31,str,Survey Waves
lenovo_gwi_core_tech_brands_crosstab_export_2026-06-09.xlsx,f1eac9e09e90c47fe98e22784303079d9c689d4890ea090235fae6fc9587c1ad,Blank,AF13,13,32,str,Survey Waves
lenovo_gwi_core_tech_brands_crosstab_export_2026-06-09.xlsx,f1eac9e09e90c47fe98e22784303079d9c689d4890ea090235fae6fc9587c1ad,Blank,AG13,13,33,str,Survey Waves
lenovo_gwi_core_tech_brands_crosstab_export_2026-06-09.xlsx,f1eac9e09e90c47fe98e22784303079d9c689d4890ea090235fae6fc9587c1ad,Blank,AH13,13,34,str,Survey Waves
lenovo_gwi_core_tech_brands_crosstab_export_2026-06-09.xlsx,f1eac9e09e90c47fe98e22784303079d9c689d4890ea090235fae6fc9587c1ad,Blank,AI13,13,35,str,Survey Waves
lenovo_gwi_core_tech_brands_crosstab_export_2026-06-09.xlsx,f1eac9e09e90c47fe98e22784303079d9c689d4890ea090235fae6fc9587c1ad,Blank,AJ13,13,36,str,Survey Waves
lenovo_gwi_core_tech_brands_crosstab_export_2026-06-09.xlsx,f1eac9e09e90c47fe98e22784303079d9c689d4890ea090235fae6fc9587c1ad,Blank,AK13,13,37,str,Survey Waves
lenovo_gwi_core_tech_brands_crosstab_export_2026-06-09.xlsx,f1eac9e09e90c47fe98e22784303079d9c689d4890ea090235fae6fc9587c1ad,Blank,AL13,13,38,str,Survey Waves
lenovo_gwi_core_tech_brands_crosstab_export_2026-06-09.xlsx,f1eac9e09e90c47fe98e22784303079d9c689d4890ea090235fae6fc9587c1ad,Blank,AM13,13,39,str,Survey Waves
lenovo_gwi_core_tech_brands_crosstab_export_2026-06-09.xlsx,f1eac9e09e90c47fe98e22784303079d9c689d4890ea090235fae6fc9587c1ad,Blank,AN13,13,40,str,Survey Waves
lenovo_gwi_core_tech_brands_crosstab_export_2026-06-09.xlsx,f1eac9e09e90c47fe98e22784303079d9c689d4890ea090235fae6fc9587c1ad,Blank,AO13,13,41,str,Survey Waves
lenovo_gwi_core_tech_brands_crosstab_export_2026-06-09.xlsx,f1eac9e09e90c47fe98e22784303079d9c689d4890ea090235fae6fc9587c1ad,Blank,AP13,13,42,str,Survey Waves
lenovo_gwi_core_tech_brands_crosstab_export_2026-06-09.xlsx,f1eac9e09e90c47fe98e22784303079d9c689d4890ea090235fae6fc9587c1ad,Blank,B14,14,2,str,
lenovo_gwi_core_tech_brands_crosstab_export_2026-06-09.xlsx,f1eac9e09e90c47fe98e22784303079d9c689d4890ea090235fae6fc9587c1ad,Blank,C14,14,3,str,Name
lenovo_gwi_core_tech_brands_crosstab_export_2026-06-09.xlsx,f1eac9e09e90c47fe98e22784303079d9c689d4890ea090235fae6fc9587c1ad,Blank,D14,14,4,str,Metric
lenovo_gwi_core_tech_brands_crosstab_export_2026-06-09.xlsx,f1eac9e09e90c47fe98e22784303079d9c689d4890ea090235fae6fc9587c1ad,Blank,E14,14,5,str,Totals
lenovo_gwi_core_tech_brands_crosstab_export_2026-06-09.xlsx,f1eac9e09e90c47fe98e22784303079d9c689d4890ea090235fae6fc9587c1ad,Blank,F14,14,6,str,Q1 2017 (Survey Waves)
lenovo_gwi_core_tech_brands_crosstab_export_2026-06-09.xlsx,f1eac9e09e90c47fe98e22784303079d9c689d4890ea090235fae6fc9587c1ad,Blank,G14,14,7,str,Q2 2017 (Survey Waves)
lenovo_gwi_core_tech_brands_crosstab_export_2026-06-09.xlsx,f1eac9e09e90c47fe98e22784303079d9c689d4890ea090235fae6fc9587c1ad,Blank,H14,14,8,str,Q3 2017 (Survey Waves)
lenovo_gwi_core_tech_brands_crosstab_export_2026-06-09.xlsx,f1eac9e09e90c47fe98e22784303079d9c689d4890ea090235fae6fc9587c1ad,Blank,I14,14,9,str,Q4 2017 (Survey Waves)
lenovo_gwi_core_tech_brands_crosstab_export_2026-06-09.xlsx,f1eac9e09e90c47fe98e22784303079d9c689d4890ea090235fae6fc9587c1ad,Blank,J14,14,10,str,Q1 2018 (Survey Waves)
lenovo_gwi_core_tech_brands_crosstab_export_2026-06-09.xlsx,f1eac9e09e90c47fe98e22784303079d9c689d4890ea090235fae6fc9587c1ad,Blank,K14,14,11,str,Q2 2018 (Survey Waves)
lenovo_gwi_core_tech_brands_crosstab_export_2026-06-09.xlsx,f1eac9e09e90c47fe98e22784303079d9c689d4890ea090235fae6fc9587c1ad,Blank,L14,14,12,str,Q3 2018 (Survey Waves)
lenovo_gwi_core_tech_brands_crosstab_export_2026-06-09.xlsx,f1eac9e09e90c47fe98e22784303079d9c689d4890ea090235fae6fc9587c1ad,Blank,M14,14,13,str,Q4 2018 (Survey Waves)
lenovo_gwi_core_tech_brands_crosstab_export_2026-06-09.xlsx,f1eac9e09e90c47fe98e22784303079d9c689d4890ea090235fae6fc9587c1ad,Blank,N14,14,14,str,Q1 2019 (Survey Waves)
lenovo_gwi_core_tech_brands_crosstab_export_2026-06-09.xlsx,f1eac9e09e90c47fe98e22784303079d9c689d4890ea090235fae6fc9587c1ad,Blank,O14,14,15,str,Q2 2019 (Survey Waves)
lenovo_gwi_core_tech_brands_crosstab_export_2026-06-09.xlsx,f1eac9e09e90c47fe98e22784303079d9c689d4890ea090235fae6fc9587c1ad,Blank,P14,14,16,str,Q3 2019 (Survey Waves)
lenovo_gwi_core_tech_brands_crosstab_export_2026-06-09.xlsx,f1eac9e09e90c47fe98e22784303079d9c689d4890ea090235fae6fc9587c1ad,Blank,Q14,14,17,str,Q4 2019 (Survey Waves)
lenovo_gwi_core_tech_brands_crosstab_export_2026-06-09.xlsx,f1eac9e09e90c47fe98e22784303079d9c689d4890ea090235fae6fc9587c1ad,Blank,R14,14,18,str,Q1 2020 (Survey Waves)
lenovo_gwi_core_tech_brands_crosstab_export_2026-06-09.xlsx,f1eac9e09e90c47fe98e22784303079d9c689d4890ea090235fae6fc9587c1ad,Blank,S14,14,19,str,Q2 2020 (Survey Waves)
lenovo_gwi_core_tech_brands_crosstab_export_2026-06-09.xlsx,f1eac9e09e90c47fe98e22784303079d9c689d4890ea090235fae6fc9587c1ad,Blank,T14,14,20,str,Q3 2020 (Survey Waves)
lenovo_gwi_core_tech_brands_crosstab_export_2026-06-09.xlsx,f1eac9e09e90c47fe98e22784303079d9c689d4890ea090235fae6fc9587c1ad,Blank,U14,14,21,str,Q4 2020 (Survey Waves)
lenovo_gwi_core_tech_brands_crosstab_export_2026-06-09.xlsx,f1eac9e09e90c47fe98e22784303079d9c689d4890ea090235fae6fc9587c1ad,Blank,V14,14,22,str,Q1 2021 (Survey Waves)
lenovo_gwi_core_tech_brands_crosstab_export_2026-06-09.xlsx,f1eac9e09e90c47fe98e22784303079d9c689d4890ea090235fae6fc9587c1ad,Blank,W14,14,23,str,Q2 2021 (Survey Waves)
lenovo_gwi_core_tech_brands_crosstab_export_2026-06-09.xlsx,f1eac9e09e90c47fe98e22784303079d9c689d4890ea090235fae6fc9587c1ad,Blank,X14,14,24,str,Q3 2021 (Survey Waves)
lenovo_gwi_core_tech_brands_crosstab_export_2026-06-09.xlsx,f1eac9e09e90c47fe98e22784303079d9c689d4890ea090235fae6fc9587c1ad,Blank,Y14,14,25,str,Q4 2021 (Survey Waves)
lenovo_gwi_core_tech_brands_crosstab_export_2026-06-09.xlsx,f1eac9e09e90c47fe98e22784303079d9c689d4890ea090235fae6fc9587c1ad,Blank,Z14,14,26,str,Q1 2022 (Survey Waves)
lenovo_gwi_core_tech_brands_crosstab_export_2026-06-09.xlsx,f1eac9e09e90c47fe98e22784303079d9c689d4890ea090235fae6fc9587c1ad,Blank,AA14,14,27,str,Q2 2022 (Survey Waves)
lenovo_gwi_core_tech_brands_crosstab_export_2026-06-09.xlsx,f1eac9e09e90c47fe98e22784303079d9c689d4890ea090235fae6fc9587c1ad,Blank,AB14,14,28,str,Q3 2022 (Survey Waves)
lenovo_gwi_core_tech_brands_crosstab_export_2026-06-09.xlsx,f1eac9e09e90c47fe98e22784303079d9c689d4890ea090235fae6fc9587c1ad,Blank,AC14,14,29,str,Q4 2022 (Survey Waves)
lenovo_gwi_core_tech_brands_crosstab_export_2026-06-09.xlsx,f1eac9e09e90c47fe98e22784303079d9c689d4890ea090235fae6fc9587c1ad,Blank,AD14,14,30,str,Q1 2023 (Survey Waves)
lenovo_gwi_core_tech_brands_crosstab_export_2026-06-09.xlsx,f1eac9e09e90c47fe98e22784303079d9c689d4890ea090235fae6fc9587c1ad,Blank,AE14,14,31,str,Q2 2023 (Survey Waves)
lenovo_gwi_core_tech_brands_crosstab_export_2026-06-09.xlsx,f1eac9e09e90c47fe98e22784303079d9c689d4890ea090235fae6fc9587c1ad,Blank,AF14,14,32,str,Q3 2023 (Survey Waves)
lenovo_gwi_core_tech_brands_crosstab_export_2026-06-09.xlsx,f1eac9e09e90c47fe98e22784303079d9c689d4890ea090235fae6fc9587c1ad,Blank,AG14,14,33,str,Q4 2023 (Survey Waves)
lenovo_gwi_core_tech_brands_crosstab_export_2026-06-09.xlsx,f1eac9e09e90c47fe98e22784303079d9c689d4890ea090235fae6fc9587c1ad,Blank,AH14,14,34,str,Q1 2024 (Survey Waves)
lenovo_gwi_core_tech_brands_crosstab_export_2026-06-09.xlsx,f1eac9e09e90c47fe98e22784303079d9c689d4890ea090235fae6fc9587c1ad,Blank,AI14,14,35,str,Q2 2024 (Survey Waves)
lenovo_gwi_core_tech_brands_crosstab_export_2026-06-09.xlsx,f1eac9e09e90c47fe98e22784303079d9c689d4890ea090235fae6fc9587c1ad,Blank,AJ14,14,36,str,Q3 2024 (Survey Waves)
lenovo_gwi_core_tech_brands_crosstab_export_2026-06-09.xlsx,f1eac9e09e90c47fe98e22784303079d9c689d4890ea090235fae6fc9587c1ad,Blank,AK14,14,37,str,Q4 2024 (Survey Waves)
lenovo_gwi_core_tech_brands_crosstab_export_2026-06-09.xlsx,f1eac9e09e90c47fe98e22784303079d9c689d4890ea090235fae6fc9587c1ad,Blank,AL14,14,38,str,Q1 2025 (Survey Waves)
lenovo_gwi_core_tech_brands_crosstab_export_2026-06-09.xlsx,f1eac9e09e90c47fe98e22784303079d9c689d4890ea090235fae6fc9587c1ad,Blank,AM14,14,39,str,Q2 2025 (Survey Waves)
lenovo_gwi_core_tech_brands_crosstab_export_2026-06-09.xlsx,f1eac9e09e90c47fe98e22784303079d9c689d4890ea090235fae6fc9587c1ad,Blank,AN14,14,40,str,Q3 2025 (Survey Waves)
lenovo_gwi_core_tech_brands_crosstab_export_2026-06-09.xlsx,f1eac9e09e90c47fe98e22784303079d9c689d4890ea090235fae6fc9587c1ad,Blank,AO14,14,41,str,Q4 2025 (Survey Waves)
lenovo_gwi_core_tech_brands_crosstab_export_2026-06-09.xlsx,f1eac9e09e90c47fe98e22784303079d9c689d4890ea090235fae6fc9587c1ad,Blank,AP14,14,42,str,Q1 2026 (Survey Waves)
lenovo_gwi_core_tech_brands_crosstab_export_2026-06-09.xlsx,f1eac9e09e90c47fe98e22784303079d9c689d4890ea090235fae6fc9587c1ad,Blank,C15,15,3,str,Totals
lenovo_gwi_core_tech_brands_crosstab_export_2026-06-09.xlsx,f1eac9e09e90c47fe98e22784303079d9c689d4890ea090235fae6fc9587c1ad,Blank,D15,15,4,str,Universe
lenovo_gwi_core_tech_brands_crosstab_export_2026-06-09.xlsx,f1eac9e09e90c47fe98e22784303079d9c689d4890ea090235fae6fc9587c1ad,Blank,E15,15,5,int,2609522436
lenovo_gwi_core_tech_brands_crosstab_export_2026-06-09.xlsx,f1eac9e09e90c47fe98e22784303079d9c689d4890ea090235fae6fc9587c1ad,Blank,F15,15,6,int,2070674908
lenovo_gwi_core_tech_brands_crosstab_export_2026-06-09.xlsx,f1eac9e09e90c47fe98e22784303079d9c689d4890ea090235fae6fc9587c1ad,Blank,G15,15,7,int,2085976982
lenovo_gwi_core_tech_brands_crosstab_export_2026-06-09.xlsx,f1eac9e09e90c47fe98e22784303079d9c689d4890ea090235fae6fc9587c1ad,Blank,H15,15,8,int,2101354340
lenovo_gwi_core_tech_brands_crosstab_export_2026-06-09.xlsx,f1eac9e09e90c47fe98e22784303079d9c689d4890ea090235fae6fc9587c1ad,Blank,I15,15,9,int,2127537995
lenovo_gwi_core_tech_brands_crosstab_export_2026-06-09.xlsx,f1eac9e09e90c47fe98e22784303079d9c689d4890ea090235fae6fc9587c1ad,Blank,J15,15,10,int,2176008070
lenovo_gwi_core_tech_brands_crosstab_export_2026-06-09.xlsx,f1eac9e09e90c47fe98e22784303079d9c689d4890ea090235fae6fc9587c1ad,Blank,K15,15,11,int,2251822546
lenovo_gwi_core_tech_brands_crosstab_export_2026-06-09.xlsx,f1eac9e09e90c47fe98e22784303079d9c689d4890ea090235fae6fc9587c1ad,Blank,L15,15,12,int,2251822548
lenovo_gwi_core_tech_brands_crosstab_export_2026-06-09.xlsx,f1eac9e09e90c47fe98e22784303079d9c689d4890ea090235fae6fc9587c1ad,Blank,M15,15,13,int,2309003663
lenovo_gwi_core_tech_brands_crosstab_export_2026-06-09.xlsx,f1eac9e09e90c47fe98e22784303079d9c689d4890ea090235fae6fc9587c1ad,Blank,N15,15,14,int,2341993578
lenovo_gwi_core_tech_brands_crosstab_export_2026-06-09.xlsx,f1eac9e09e90c47fe98e22784303079d9c689d4890ea090235fae6fc9587c1ad,Blank,O15,15,15,int,2375701544
lenovo_gwi_core_tech_brands_crosstab_export_2026-06-09.xlsx,f1eac9e09e90c47fe98e22784303079d9c689d4890ea090235fae6fc9587c1ad,Blank,P15,15,16,int,2413552571
lenovo_gwi_core_tech_brands_crosstab_export_2026-06-09.xlsx,f1eac9e09e90c47fe98e22784303079d9c689d4890ea090235fae6fc9587c1ad,Blank,Q15,15,17,int,2448397115
lenovo_gwi_core_tech_brands_crosstab_export_2026-06-09.xlsx,f1eac9e09e90c47fe98e22784303079d9c689d4890ea090235fae6fc9587c1ad,Blank,R15,15,18,int,2470388918
lenovo_gwi_core_tech_brands_crosstab_export_2026-06-09.xlsx,f1eac9e09e90c47fe98e22784303079d9c689d4890ea090235fae6fc9587c1ad,Blank,S15,15,19,int,2489655074
lenovo_gwi_core_tech_brands_crosstab_export_2026-06-09.xlsx,f1eac9e09e90c47fe98e22784303079d9c689d4890ea090235fae6fc9587c1ad,Blank,T15,15,20,int,2513135201
lenovo_gwi_core_tech_brands_crosstab_export_2026-06-09.xlsx,f1eac9e09e90c47fe98e22784303079d9c689d4890ea090235fae6fc9587c1ad,Blank,U15,15,21,int,2542539048
lenovo_gwi_core_tech_brands_crosstab_export_2026-06-09.xlsx,f1eac9e09e90c47fe98e22784303079d9c689d4890ea090235fae6fc9587c1ad,Blank,V15,15,22,int,2564253260
lenovo_gwi_core_tech_brands_crosstab_export_2026-06-09.xlsx,f1eac9e09e90c47fe98e22784303079d9c689d4890ea090235fae6fc9587c1ad,Blank,W15,15,23,int,2585967473
lenovo_gwi_core_tech_brands_crosstab_export_2026-06-09.xlsx,f1eac9e09e90c47fe98e22784303079d9c689d4890ea090235fae6fc9587c1ad,Blank,X15,15,24,int,2607681685
lenovo_gwi_core_tech_brands_crosstab_export_2026-06-09.xlsx,f1eac9e09e90c47fe98e22784303079d9c689d4890ea090235fae6fc9587c1ad,Blank,Y15,15,25,int,2629395898
lenovo_gwi_core_tech_brands_crosstab_export_2026-06-09.xlsx,f1eac9e09e90c47fe98e22784303079d9c689d4890ea090235fae6fc9587c1ad,Blank,Z15,15,26,int,2637966886
lenovo_gwi_core_tech_brands_crosstab_export_2026-06-09.xlsx,f1eac9e09e90c47fe98e22784303079d9c689d4890ea090235fae6fc9587c1ad,Blank,AA15,15,27,int,2640106294
lenovo_gwi_core_tech_brands_crosstab_export_2026-06-09.xlsx,f1eac9e09e90c47fe98e22784303079d9c689d4890ea090235fae6fc9587c1ad,Blank,AB15,15,28,int,2657286779
lenovo_gwi_core_tech_brands_crosstab_export_2026-06-09.xlsx,f1eac9e09e90c47fe98e22784303079d9c689d4890ea090235fae6fc9587c1ad,Blank,AC15,15,29,int,2659426187
lenovo_gwi_core_tech_brands_crosstab_export_2026-06-09.xlsx,f1eac9e09e90c47fe98e22784303079d9c689d4890ea090235fae6fc9587c1ad,Blank,AD15,15,30,int,2696678497
lenovo_gwi_core_tech_brands_crosstab_export_2026-06-09.xlsx,f1eac9e09e90c47fe98e22784303079d9c689d4890ea090235fae6fc9587c1ad,Blank,AE15,15,31,int,2723821565
lenovo_gwi_core_tech_brands_crosstab_export_2026-06-09.xlsx,f1eac9e09e90c47fe98e22784303079d9c689d4890ea090235fae6fc9587c1ad,Blank,AF15,15,32,int,2753270503
lenovo_gwi_core_tech_brands_crosstab_export_2026-06-09.xlsx,f1eac9e09e90c47fe98e22784303079d9c689d4890ea090235fae6fc9587c1ad,Blank,AG15,15,33,int,2780413571
lenovo_gwi_core_tech_brands_crosstab_export_2026-06-09.xlsx,f1eac9e09e90c47fe98e22784303079d9c689d4890ea090235fae6fc9587c1ad,Blank,AH15,15,34,int,2905672645
lenovo_gwi_core_tech_brands_crosstab_export_2026-06-09.xlsx,f1eac9e09e90c47fe98e22784303079d9c689d4890ea090235fae6fc9587c1ad,Blank,AI15,15,35,int,2937977502
lenovo_gwi_core_tech_brands_crosstab_export_2026-06-09.xlsx,f1eac9e09e90c47fe98e22784303079d9c689d4890ea090235fae6fc9587c1ad,Blank,AJ15,15,36,int,2974474261
lenovo_gwi_core_tech_brands_crosstab_export_2026-06-09.xlsx,f1eac9e09e90c47fe98e22784303079d9c689d4890ea090235fae6fc9587c1ad,Blank,AK15,15,37,int,3006779024
lenovo_gwi_core_tech_brands_crosstab_export_2026-06-09.xlsx,f1eac9e09e90c47fe98e22784303079d9c689d4890ea090235fae6fc9587c1ad,Blank,AL15,15,38,int,3094058310
lenovo_gwi_core_tech_brands_crosstab_export_2026-06-09.xlsx,f1eac9e09e90c47fe98e22784303079d9c689d4890ea090235fae6fc9587c1ad,Blank,AM15,15,39,int,3129888606
lenovo_gwi_core_tech_brands_crosstab_export_2026-06-09.xlsx,f1eac9e09e90c47fe98e22784303079d9c689d4890ea090235fae6fc9587c1ad,Blank,AN15,15,40,int,3165718902
lenovo_gwi_core_tech_brands_crosstab_export_2026-06-09.xlsx,f1eac9e09e90c47fe98e22784303079d9c689d4890ea090235fae6fc9587c1ad,Blank,AO15,15,41,int,3201549198
lenovo_gwi_core_tech_brands_crosstab_export_2026-06-09.xlsx,f1eac9e09e90c47fe98e22784303079d9c689d4890ea090235fae6fc9587c1ad,Blank,AP15,15,42,int,3230378995
lenovo_gwi_core_tech_brands_crosstab_export_2026-06-09.xlsx,f1eac9e09e90c47fe98e22784303079d9c689d4890ea090235fae6fc9587c1ad,Blank,D16,16,4,str,Responses
lenovo_gwi_core_tech_brands_crosstab_export_2026-06-09.xlsx,f1eac9e09e90c47fe98e22784303079d9c689d4890ea090235fae6fc9587c1ad,Blank,E16,16,5,int,6919717
lenovo_gwi_core_tech_brands_crosstab_export_2026-06-09.xlsx,f1eac9e09e90c47fe98e22784303079d9c689d4890ea090235fae6fc9587c1ad,Blank,F16,16,6,int,87127
lenovo_gwi_core_tech_brands_crosstab_export_2026-06-09.xlsx,f1eac9e09e90c47fe98e22784303079d9c689d4890ea090235fae6fc9587c1ad,Blank,G16,16,7,int,86756
lenovo_gwi_core_tech_brands_crosstab_export_2026-06-09.xlsx,f1eac9e09e90c47fe98e22784303079d9c689d4890ea090235fae6fc9587c1ad,Blank,H16,16,8,int,92032
lenovo_gwi_core_tech_brands_crosstab_export_2026-06-09.xlsx,f1eac9e09e90c47fe98e22784303079d9c689d4890ea090235fae6fc9587c1ad,Blank,I16,16,9,int,95007
lenovo_gwi_core_tech_brands_crosstab_export_2026-06-09.xlsx,f1eac9e09e90c47fe98e22784303079d9c689d4890ea090235fae6fc9587c1ad,Blank,J16,16,10,int,107484
lenovo_gwi_core_tech_brands_crosstab_export_2026-06-09.xlsx,f1eac9e09e90c47fe98e22784303079d9c689d4890ea090235fae6fc9587c1ad,Blank,K16,16,11,int,109620
lenovo_gwi_core_tech_brands_crosstab_export_2026-06-09.xlsx,f1eac9e09e90c47fe98e22784303079d9c689d4890ea090235fae6fc9587c1ad,Blank,L16,16,12,int,111645
lenovo_gwi_core_tech_brands_crosstab_export_2026-06-09.xlsx,f1eac9e09e90c47fe98e22784303079d9c689d4890ea090235fae6fc9587c1ad,Blank,M16,16,13,int,136751
lenovo_gwi_core_tech_brands_crosstab_export_2026-06-09.xlsx,f1eac9e09e90c47fe98e22784303079d9c689d4890ea090235fae6fc9587c1ad,Blank,N16,16,14,int,137240
lenovo_gwi_core_tech_brands_crosstab_export_2026-06-09.xlsx,f1eac9e09e90c47fe98e22784303079d9c689d4890ea090235fae6fc9587c1ad,Blank,O16,16,15,int,137385
lenovo_gwi_core_tech_brands_crosstab_export_2026-06-09.xlsx,f1eac9e09e90c47fe98e22784303079d9c689d4890ea090235fae6fc9587c1ad,Blank,P16,16,16,int,141783
lenovo_gwi_core_tech_brands_crosstab_export_2026-06-09.xlsx,f1eac9e09e90c47fe98e22784303079d9c689d4890ea090235fae6fc9587c1ad,Blank,Q16,16,17,int,170416
lenovo_gwi_core_tech_brands_crosstab_export_2026-06-09.xlsx,f1eac9e09e90c47fe98e22784303079d9c689d4890ea090235fae6fc9587c1ad,Blank,R16,16,18,int,171885
lenovo_gwi_core_tech_brands_crosstab_export_2026-06-09.xlsx,f1eac9e09e90c47fe98e22784303079d9c689d4890ea090235fae6fc9587c1ad,Blank,S16,16,19,int,175570
lenovo_gwi_core_tech_brands_crosstab_export_2026-06-09.xlsx,f1eac9e09e90c47fe98e22784303079d9c689d4890ea090235fae6fc9587c1ad,Blank,T16,16,20,int,175601
lenovo_gwi_core_tech_brands_crosstab_export_2026-06-09.xlsx,f1eac9e09e90c47fe98e22784303079d9c689d4890ea090235fae6fc9587c1ad,Blank,U16,16,21,int,177337
lenovo_gwi_core_tech_brands_crosstab_export_2026-06-09.xlsx,f1eac9e09e90c47fe98e22784303079d9c689d4890ea090235fae6fc9587c1ad,Blank,V16,16,22,int,177572
lenovo_gwi_core_tech_brands_crosstab_export_2026-06-09.xlsx,f1eac9e09e90c47fe98e22784303079d9c689d4890ea090235fae6fc9587c1ad,Blank,W16,16,23,int,182588
lenovo_gwi_core_tech_brands_crosstab_export_2026-06-09.xlsx,f1eac9e09e90c47fe98e22784303079d9c689d4890ea090235fae6fc9587c1ad,Blank,X16,16,24,int,200159
lenovo_gwi_core_tech_brands_crosstab_export_2026-06-09.xlsx,f1eac9e09e90c47fe98e22784303079d9c689d4890ea090235fae6fc9587c1ad,Blank,Y16,16,25,int,220908
lenovo_gwi_core_tech_brands_crosstab_export_2026-06-09.xlsx,f1eac9e09e90c47fe98e22784303079d9c689d4890ea090235fae6fc9587c1ad,Blank,Z16,16,26,int,239853
lenovo_gwi_core_tech_brands_crosstab_export_2026-06-09.xlsx,f1eac9e09e90c47fe98e22784303079d9c689d4890ea090235fae6fc9587c1ad,Blank,AA16,16,27,int,239900
lenovo_gwi_core_tech_brands_crosstab_export_2026-06-09.xlsx,f1eac9e09e90c47fe98e22784303079d9c689d4890ea090235fae6fc9587c1ad,Blank,AB16,16,28,int,242430
lenovo_gwi_core_tech_brands_crosstab_export_2026-06-09.xlsx,f1eac9e09e90c47fe98e22784303079d9c689d4890ea090235fae6fc9587c1ad,Blank,AC16,16,29,int,239788
lenovo_gwi_core_tech_brands_crosstab_export_2026-06-09.xlsx,f1eac9e09e90c47fe98e22784303079d9c689d4890ea090235fae6fc9587c1ad,Blank,AD16,16,30,int,236949
lenovo_gwi_core_tech_brands_crosstab_export_2026-06-09.xlsx,f1eac9e09e90c47fe98e22784303079d9c689d4890ea090235fae6fc9587c1ad,Blank,AE16,16,31,int,233551
lenovo_gwi_core_tech_brands_crosstab_export_2026-06-09.xlsx,f1eac9e09e90c47fe98e22784303079d9c689d4890ea090235fae6fc9587c1ad,Blank,AF16,16,32,int,235257
lenovo_gwi_core_tech_brands_crosstab_export_2026-06-09.xlsx,f1eac9e09e90c47fe98e22784303079d9c689d4890ea090235fae6fc9587c1ad,Blank,AG16,16,33,int,234963
lenovo_gwi_core_tech_brands_crosstab_export_2026-06-09.xlsx,f1eac9e09e90c47fe98e22784303079d9c689d4890ea090235fae6fc9587c1ad,Blank,AH16,16,34,int,235077
lenovo_gwi_core_tech_brands_crosstab_export_2026-06-09.xlsx,f1eac9e09e90c47fe98e22784303079d9c689d4890ea090235fae6fc9587c1ad,Blank,AI16,16,35,int,235103
lenovo_gwi_core_tech_brands_crosstab_export_2026-06-09.xlsx,f1eac9e09e90c47fe98e22784303079d9c689d4890ea090235fae6fc9587c1ad,Blank,AJ16,16,36,int,236140
lenovo_gwi_core_tech_brands_crosstab_export_2026-06-09.xlsx,f1eac9e09e90c47fe98e22784303079d9c689d4890ea090235fae6fc9587c1ad,Blank,AK16,16,37,int,236119
lenovo_gwi_core_tech_brands_crosstab_export_2026-06-09.xlsx,f1eac9e09e90c47fe98e22784303079d9c689d4890ea090235fae6fc9587c1ad,Blank,AL16,16,38,int,235793
lenovo_gwi_core_tech_brands_crosstab_export_2026-06-09.xlsx,f1eac9e09e90c47fe98e22784303079d9c689d4890ea090235fae6fc9587c1ad,Blank,AM16,16,39,int,235926
lenovo_gwi_core_tech_brands_crosstab_export_2026-06-09.xlsx,f1eac9e09e90c47fe98e22784303079d9c689d4890ea090235fae6fc9587c1ad,Blank,AN16,16,40,int,235912
lenovo_gwi_core_tech_brands_crosstab_export_2026-06-09.xlsx,f1eac9e09e90c47fe98e22784303079d9c689d4890ea090235fae6fc9587c1ad,Blank,AO16,16,41,int,236059
lenovo_gwi_core_tech_brands_crosstab_export_2026-06-09.xlsx,f1eac9e09e90c47fe98e22784303079d9c689d4890ea090235fae6fc9587c1ad,Blank,AP16,16,42,int,236031
lenovo_gwi_core_tech_brands_crosstab_export_2026-06-09.xlsx,f1eac9e09e90c47fe98e22784303079d9c689d4890ea090235fae6fc9587c1ad,Blank,D17,17,4,str,Column %
lenovo_gwi_core_tech_brands_crosstab_export_2026-06-09.xlsx,f1eac9e09e90c47fe98e22784303079d9c689d4890ea090235fae6fc9587c1ad,Blank,E17,17,5,int,1
lenovo_gwi_core_tech_brands_crosstab_export_2026-06-09.xlsx,f1eac9e09e90c47fe98e22784303079d9c689d4890ea090235fae6fc9587c1ad,Blank,F17,17,6,int,1
lenovo_gwi_core_tech_brands_crosstab_export_2026-06-09.xlsx,f1eac9e09e90c47fe98e22784303079d9c689d4890ea090235fae6fc9587c1ad,Blank,G17,17,7,int,1
lenovo_gwi_core_tech_brands_crosstab_export_2026-06-09.xlsx,f1eac9e09e90c47fe98e22784303079d9c689d4890ea090235fae6fc9587c1ad,Blank,H17,17,8,int,1
lenovo_gwi_core_tech_brands_crosstab_export_2026-06-09.xlsx,f1eac9e09e90c47fe98e22784303079d9c689d4890ea090235fae6fc9587c1ad,Blank,I17,17,9,int,1
lenovo_gwi_core_tech_brands_crosstab_export_2026-06-09.xlsx,f1eac9e09e90c47fe98e22784303079d9c689d4890ea090235fae6fc9587c1ad,Blank,J17,17,10,int,1
lenovo_gwi_core_tech_brands_crosstab_export_2026-06-09.xlsx,f1eac9e09e90c47fe98e22784303079d9c689d4890ea090235fae6fc9587c1ad,Blank,K17,17,11,int,1
lenovo_gwi_core_tech_brands_crosstab_export_2026-06-09.xlsx,f1eac9e09e90c47fe98e22784303079d9c689d4890ea090235fae6fc9587c1ad,Blank,L17,17,12,int,1
lenovo_gwi_core_tech_brands_crosstab_export_2026-06-09.xlsx,f1eac9e09e90c47fe98e22784303079d9c689d4890ea090235fae6fc9587c1ad,Blank,M17,17,13,int,1
lenovo_gwi_core_tech_brands_crosstab_export_2026-06-09.xlsx,f1eac9e09e90c47fe98e22784303079d9c689d4890ea090235fae6fc9587c1ad,Blank,N17,17,14,int,1
lenovo_gwi_core_tech_brands_crosstab_export_2026-06-09.xlsx,f1eac9e09e90c47fe98e22784303079d9c689d4890ea090235fae6fc9587c1ad,Blank,O17,17,15,int,1
lenovo_gwi_core_tech_brands_crosstab_export_2026-06-09.xlsx,f1eac9e09e90c47fe98e22784303079d9c689d4890ea090235fae6fc9587c1ad,Blank,P17,17,16,int,1
lenovo_gwi_core_tech_brands_crosstab_export_2026-06-09.xlsx,f1eac9e09e90c47fe98e22784303079d9c689d4890ea090235fae6fc9587c1ad,Blank,Q17,17,17,int,1
lenovo_gwi_core_tech_brands_crosstab_export_2026-06-09.xlsx,f1eac9e09e90c47fe98e22784303079d9c689d4890ea090235fae6fc9587c1ad,Blank,R17,17,18,int,1
lenovo_gwi_core_tech_brands_crosstab_export_2026-06-09.xlsx,f1eac9e09e90c47fe98e22784303079d9c689d4890ea090235fae6fc9587c1ad,Blank,S17,17,19,int,1
lenovo_gwi_core_tech_brands_crosstab_export_2026-06-09.xlsx,f1eac9e09e90c47fe98e22784303079d9c689d4890ea090235fae6fc9587c1ad,Blank,T17,17,20,int,1
lenovo_gwi_core_tech_brands_crosstab_export_2026-06-09.xlsx,f1eac9e09e90c47fe98e22784303079d9c689d4890ea090235fae6fc9587c1ad,Blank,U17,17,21,int,1
lenovo_gwi_core_tech_brands_crosstab_export_2026-06-09.xlsx,f1eac9e09e90c47fe98e22784303079d9c689d4890ea090235fae6fc9587c1ad,Blank,V17,17,22,int,1
lenovo_gwi_core_tech_brands_crosstab_export_2026-06-09.xlsx,f1eac9e09e90c47fe98e22784303079d9c689d4890ea090235fae6fc9587c1ad,Blank,W17,17,23,int,1
lenovo_gwi_core_tech_brands_crosstab_export_2026-06-09.xlsx,f1eac9e09e90c47fe98e22784303079d9c689d4890ea090235fae6fc9587c1ad,Blank,X17,17,24,int,1
lenovo_gwi_core_tech_brands_crosstab_export_2026-06-09.xlsx,f1eac9e09e90c47fe98e22784303079d9c689d4890ea090235fae6fc9587c1ad,Blank,Y17,17,25,int,1
lenovo_gwi_core_tech_brands_crosstab_export_2026-06-09.xlsx,f1eac9e09e90c47fe98e22784303079d9c689d4890ea090235fae6fc9587c1ad,Blank,Z17,17,26,int,1
lenovo_gwi_core_tech_brands_crosstab_export_2026-06-09.xlsx,f1eac9e09e90c47fe98e22784303079d9c689d4890ea090235fae6fc9587c1ad,Blank,AA17,17,27,int,1
lenovo_gwi_core_tech_brands_crosstab_export_2026-06-09.xlsx,f1eac9e09e90c47fe98e22784303079d9c689d4890ea090235fae6fc9587c1ad,Blank,AB17,17,28,int,1
lenovo_gwi_core_tech_brands_crosstab_export_2026-06-09.xlsx,f1eac9e09e90c47fe98e22784303079d9c689d4890ea090235fae6fc9587c1ad,Blank,AC17,17,29,int,1
lenovo_gwi_core_tech_brands_crosstab_export_2026-06-09.xlsx,f1eac9e09e90c47fe98e22784303079d9c689d4890ea090235fae6fc9587c1ad,Blank,AD17,17,30,int,1
lenovo_gwi_core_tech_brands_crosstab_export_2026-06-09.xlsx,f1eac9e09e90c47fe98e22784303079d9c689d4890ea090235fae6fc9587c1ad,Blank,AE17,17,31,int,1
lenovo_gwi_core_tech_brands_crosstab_export_2026-06-09.xlsx,f1eac9e09e90c47fe98e22784303079d9c689d4890ea090235fae6fc9587c1ad,Blank,AF17,17,32,int,1
lenovo_gwi_core_tech_brands_crosstab_export_2026-06-09.xlsx,f1eac9e09e90c47fe98e22784303079d9c689d4890ea090235fae6fc9587c1ad,Blank,AG17,17,33,int,1
lenovo_gwi_core_tech_brands_crosstab_export_2026-06-09.xlsx,f1eac9e09e90c47fe98e22784303079d9c689d4890ea090235fae6fc9587c1ad,Blank,AH17,17,34,int,1
lenovo_gwi_core_tech_brands_crosstab_export_2026-06-09.xlsx,f1eac9e09e90c47fe98e22784303079d9c689d4890ea090235fae6fc9587c1ad,Blank,AI17,17,35,int,1
lenovo_gwi_core_tech_brands_crosstab_export_2026-06-09.xlsx,f1eac9e09e90c47fe98e22784303079d9c689d4890ea090235fae6fc9587c1ad,Blank,AJ17,17,36,int,1
lenovo_gwi_core_tech_brands_crosstab_export_2026-06-09.xlsx,f1eac9e09e90c47fe98e22784303079d9c689d4890ea090235fae6fc9587c1ad,Blank,AK17,17,37,int,1
lenovo_gwi_core_tech_brands_crosstab_export_2026-06-09.xlsx,f1eac9e09e90c47fe98e22784303079d9c689d4890ea090235fae6fc9587c1ad,Blank,AL17,17,38,int,1
lenovo_gwi_core_tech_brands_crosstab_export_2026-06-09.xlsx,f1eac9e09e90c47fe98e22784303079d9c689d4890ea090235fae6fc9587c1ad,Blank,AM17,17,39,int,1
lenovo_gwi_core_tech_brands_crosstab_export_2026-06-09.xlsx,f1eac9e09e90c47fe98e22784303079d9c689d4890ea090235fae6fc9587c1ad,Blank,AN17,17,40,int,1
lenovo_gwi_core_tech_brands_crosstab_export_2026-06-09.xlsx,f1eac9e09e90c47fe98e22784303079d9c689d4890ea090235fae6fc9587c1ad,Blank,AO17,17,41,int,1
lenovo_gwi_core_tech_brands_crosstab_export_2026-06-09.xlsx,f1eac9e09e90c47fe98e22784303079d9c689d4890ea090235fae6fc9587c1ad,Blank,AP17,17,42,int,1
lenovo_gwi_core_tech_brands_crosstab_export_2026-06-09.xlsx,f1eac9e09e90c47fe98e22784303079d9c689d4890ea090235fae6fc9587c1ad,Blank,D18,18,4,str,Row %
lenovo_gwi_core_tech_brands_crosstab_export_2026-06-09.xlsx,f1eac9e09e90c47fe98e22784303079d9c689d4890ea090235fae6fc9587c1ad,Blank,E18,18,5,int,1
lenovo_gwi_core_tech_brands_crosstab_export_2026-06-09.xlsx,f1eac9e09e90c47fe98e22784303079d9c689d4890ea090235fae6fc9587c1ad,Blank,F18,18,6,int,1
lenovo_gwi_core_tech_brands_crosstab_export_2026-06-09.xlsx,f1eac9e09e90c47fe98e22784303079d9c689d4890ea090235fae6fc9587c1ad,Blank,G18,18,7,int,1
lenovo_gwi_core_tech_brands_crosstab_export_2026-06-09.xlsx,f1eac9e09e90c47fe98e22784303079d9c689d4890ea090235fae6fc9587c1ad,Blank,H18,18,8,int,1
lenovo_gwi_core_tech_brands_crosstab_export_2026-06-09.xlsx,f1eac9e09e90c47fe98e22784303079d9c689d4890ea090235fae6fc9587c1ad,Blank,I18,18,9,int,1
lenovo_gwi_core_tech_brands_crosstab_export_2026-06-09.xlsx,f1eac9e09e90c47fe98e22784303079d9c689d4890ea090235fae6fc9587c1ad,Blank,J18,18,10,int,1
lenovo_gwi_core_tech_brands_crosstab_export_2026-06-09.xlsx,f1eac9e09e90c47fe98e22784303079d9c689d4890ea090235fae6fc9587c1ad,Blank,K18,18,11,int,1
lenovo_gwi_core_tech_brands_crosstab_export_2026-06-09.xlsx,f1eac9e09e90c47fe98e22784303079d9c689d4890ea090235fae6fc9587c1ad,Blank,L18,18,12,int,1
lenovo_gwi_core_tech_brands_crosstab_export_2026-06-09.xlsx,f1eac9e09e90c47fe98e22784303079d9c689d4890ea090235fae6fc9587c1ad,Blank,M18,18,13,int,1
lenovo_gwi_core_tech_brands_crosstab_export_2026-06-09.xlsx,f1eac9e09e90c47fe98e22784303079d9c689d4890ea090235fae6fc9587c1ad,Blank,N18,18,14,int,1
lenovo_gwi_core_tech_brands_crosstab_export_2026-06-09.xlsx,f1eac9e09e90c47fe98e22784303079d9c689d4890ea090235fae6fc9587c1ad,Blank,O18,18,15,int,1
lenovo_gwi_core_tech_brands_crosstab_export_2026-06-09.xlsx,f1eac9e09e90c47fe98e22784303079d9c689d4890ea090235fae6fc9587c1ad,Blank,P18,18,16,int,1
lenovo_gwi_core_tech_brands_crosstab_export_2026-06-09.xlsx,f1eac9e09e90c47fe98e22784303079d9c689d4890ea090235fae6fc9587c1ad,Blank,Q18,18,17,int,1
lenovo_gwi_core_tech_brands_crosstab_export_2026-06-09.xlsx,f1eac9e09e90c47fe98e22784303079d9c689d4890ea090235fae6fc9587c1ad,Blank,R18,18,18,int,1
lenovo_gwi_core_tech_brands_crosstab_export_2026-06-09.xlsx,f1eac9e09e90c47fe98e22784303079d9c689d4890ea090235fae6fc9587c1ad,Blank,S18,18,19,int,1
lenovo_gwi_core_tech_brands_crosstab_export_2026-06-09.xlsx,f1eac9e09e90c47fe98e22784303079d9c689d4890ea090235fae6fc9587c1ad,Blank,T18,18,20,int,1
lenovo_gwi_core_tech_brands_crosstab_export_2026-06-09.xlsx,f1eac9e09e90c47fe98e22784303079d9c689d4890ea090235fae6fc9587c1ad,Blank,U18,18,21,int,1
lenovo_gwi_core_tech_brands_crosstab_export_2026-06-09.xlsx,f1eac9e09e90c47fe98e22784303079d9c689d4890ea090235fae6fc9587c1ad,Blank,V18,18,22,int,1
lenovo_gwi_core_tech_brands_crosstab_export_2026-06-09.xlsx,f1eac9e09e90c47fe98e22784303079d9c689d4890ea090235fae6fc9587c1ad,Blank,W18,18,23,int,1
lenovo_gwi_core_tech_brands_crosstab_export_2026-06-09.xlsx,f1eac9e09e90c47fe98e22784303079d9c689d4890ea090235fae6fc9587c1ad,Blank,X18,18,24,int,1
lenovo_gwi_core_tech_brands_crosstab_export_2026-06-09.xlsx,f1eac9e09e90c47fe98e22784303079d9c689d4890ea090235fae6fc9587c1ad,Blank,Y18,18,25,int,1
lenovo_gwi_core_tech_brands_crosstab_export_2026-06-09.xlsx,f1eac9e09e90c47fe98e22784303079d9c689d4890ea090235fae6fc9587c1ad,Blank,Z18,18,26,int,1
lenovo_gwi_core_tech_brands_crosstab_export_2026-06-09.xlsx,f1eac9e09e90c47fe98e22784303079d9c689d4890ea090235fae6fc9587c1ad,Blank,AA18,18,27,int,1
lenovo_gwi_core_tech_brands_crosstab_export_2026-06-09.xlsx,f1eac9e09e90c47fe98e22784303079d9c689d4890ea090235fae6fc9587c1ad,Blank,AB18,18,28,int,1
lenovo_gwi_core_tech_brands_crosstab_export_2026-06-09.xlsx,f1eac9e09e90c47fe98e22784303079d9c689d4890ea090235fae6fc9587c1ad,Blank,AC18,18,29,int,1
lenovo_gwi_core_tech_brands_crosstab_export_2026-06-09.xlsx,f1eac9e09e90c47fe98e22784303079d9c689d4890ea090235fae6fc9587c1ad,Blank,AD18,18,30,int,1
lenovo_gwi_core_tech_brands_crosstab_export_2026-06-09.xlsx,f1eac9e09e90c47fe98e22784303079d9c689d4890ea090235fae6fc9587c1ad,Blank,AE18,18,31,int,1
lenovo_gwi_core_tech_brands_crosstab_export_2026-06-09.xlsx,f1eac9e09e90c47fe98e22784303079d9c689d4890ea090235fae6fc9587c1ad,Blank,AF18,18,32,int,1
lenovo_gwi_core_tech_brands_crosstab_export_2026-06-09.xlsx,f1eac9e09e90c47fe98e22784303079d9c689d4890ea090235fae6fc9587c1ad,Blank,AG18,18,33,int,1
lenovo_gwi_core_tech_brands_crosstab_export_2026-06-09.xlsx,f1eac9e09e90c47fe98e22784303079d9c689d4890ea090235fae6fc9587c1ad,Blank,AH18,18,34,int,1
lenovo_gwi_core_tech_brands_crosstab_export_2026-06-09.xlsx,f1eac9e09e90c47fe98e22784303079d9c689d4890ea090235fae6fc9587c1ad,Blank,AI18,18,35,int,1
lenovo_gwi_core_tech_brands_crosstab_export_2026-06-09.xlsx,f1eac9e09e90c47fe98e22784303079d9c689d4890ea090235fae6fc9587c1ad,Blank,AJ18,18,36,int,1
lenovo_gwi_core_tech_brands_crosstab_export_2026-06-09.xlsx,f1eac9e09e90c47fe98e22784303079d9c689d4890ea090235fae6fc9587c1ad,Blank,AK18,18,37,int,1
lenovo_gwi_core_tech_brands_crosstab_export_2026-06-09.xlsx,f1eac9e09e90c47fe98e22784303079d9c689d4890ea090235fae6fc9587c1ad,Blank,AL18,18,38,int,1
lenovo_gwi_core_tech_brands_crosstab_export_2026-06-09.xlsx,f1eac9e09e90c47fe98e22784303079d9c689d4890ea090235fae6fc9587c1ad,Blank,AM18,18,39,int,1
lenovo_gwi_core_tech_brands_crosstab_export_2026-06-09.xlsx,f1eac9e09e90c47fe98e22784303079d9c689d4890ea090235fae6fc9587c1ad,Blank,AN18,18,40,int,1
lenovo_gwi_core_tech_brands_crosstab_export_2026-06-09.xlsx,f1eac9e09e90c47fe98e22784303079d9c689d4890ea090235fae6fc9587c1ad,Blank,AO18,18,41,int,1
lenovo_gwi_core_tech_brands_crosstab_export_2026-06-09.xlsx,f1eac9e09e90c47fe98e22784303079d9c689d4890ea090235fae6fc9587c1ad,Blank,AP18,18,42,int,1
lenovo_gwi_core_tech_brands_crosstab_export_2026-06-09.xlsx,f1eac9e09e90c47fe98e22784303079d9c689d4890ea090235fae6fc9587c1ad,Blank,D19,19,4,str,Index
lenovo_gwi_core_tech_brands_crosstab_export_2026-06-09.xlsx,f1eac9e09e90c47fe98e22784303079d9c689d4890ea090235fae6fc9587c1ad,Blank,E19,19,5,int,100
lenovo_gwi_core_tech_brands_crosstab_export_2026-06-09.xlsx,f1eac9e09e90c47fe98e22784303079d9c689d4890ea090235fae6fc9587c1ad,Blank,F19,19,6,int,100
lenovo_gwi_core_tech_brands_crosstab_export_2026-06-09.xlsx,f1eac9e09e90c47fe98e22784303079d9c689d4890ea090235fae6fc9587c1ad,Blank,G19,19,7,int,100
lenovo_gwi_core_tech_brands_crosstab_export_2026-06-09.xlsx,f1eac9e09e90c47fe98e22784303079d9c689d4890ea090235fae6fc9587c1ad,Blank,H19,19,8,int,100
lenovo_gwi_core_tech_brands_crosstab_export_2026-06-09.xlsx,f1eac9e09e90c47fe98e22784303079d9c689d4890ea090235fae6fc9587c1ad,Blank,I19,19,9,int,100
lenovo_gwi_core_tech_brands_crosstab_export_2026-06-09.xlsx,f1eac9e09e90c47fe98e22784303079d9c689d4890ea090235fae6fc9587c1ad,Blank,J19,19,10,int,100
lenovo_gwi_core_tech_brands_crosstab_export_2026-06-09.xlsx,f1eac9e09e90c47fe98e22784303079d9c689d4890ea090235fae6fc9587c1ad,Blank,K19,19,11,int,100
lenovo_gwi_core_tech_brands_crosstab_export_2026-06-09.xlsx,f1eac9e09e90c47fe98e22784303079d9c689d4890ea090235fae6fc9587c1ad,Blank,L19,19,12,int,100
lenovo_gwi_core_tech_brands_crosstab_export_2026-06-09.xlsx,f1eac9e09e90c47fe98e22784303079d9c689d4890ea090235fae6fc9587c1ad,Blank,M19,19,13,int,100
lenovo_gwi_core_tech_brands_crosstab_export_2026-06-09.xlsx,f1eac9e09e90c47fe98e22784303079d9c689d4890ea090235fae6fc9587c1ad,Blank,N19,19,14,int,100
lenovo_gwi_core_tech_brands_crosstab_export_2026-06-09.xlsx,f1eac9e09e90c47fe98e22784303079d9c689d4890ea090235fae6fc9587c1ad,Blank,O19,19,15,int,100
lenovo_gwi_core_tech_brands_crosstab_export_2026-06-09.xlsx,f1eac9e09e90c47fe98e22784303079d9c689d4890ea090235fae6fc9587c1ad,Blank,P19,19,16,int,100
lenovo_gwi_core_tech_brands_crosstab_export_2026-06-09.xlsx,f1eac9e09e90c47fe98e22784303079d9c689d4890ea090235fae6fc9587c1ad,Blank,Q19,19,17,int,100
lenovo_gwi_core_tech_brands_crosstab_export_2026-06-09.xlsx,f1eac9e09e90c47fe98e22784303079d9c689d4890ea090235fae6fc9587c1ad,Blank,R19,19,18,int,100
lenovo_gwi_core_tech_brands_crosstab_export_2026-06-09.xlsx,f1eac9e09e90c47fe98e22784303079d9c689d4890ea090235fae6fc9587c1ad,Blank,S19,19,19,int,100
lenovo_gwi_core_tech_brands_crosstab_export_2026-06-09.xlsx,f1eac9e09e90c47fe98e22784303079d9c689d4890ea090235fae6fc9587c1ad,Blank,T19,19,20,int,100
lenovo_gwi_core_tech_brands_crosstab_export_2026-06-09.xlsx,f1eac9e09e90c47fe98e22784303079d9c689d4890ea090235fae6fc9587c1ad,Blank,U19,19,21,int,100
lenovo_gwi_core_tech_brands_crosstab_export_2026-06-09.xlsx,f1eac9e09e90c47fe98e22784303079d9c689d4890ea090235fae6fc9587c1ad,Blank,V19,19,22,int,100
lenovo_gwi_core_tech_brands_crosstab_export_2026-06-09.xlsx,f1eac9e09e90c47fe98e22784303079d9c689d4890ea090235fae6fc9587c1ad,Blank,W19,19,23,int,100
lenovo_gwi_core_tech_brands_crosstab_export_2026-06-09.xlsx,f1eac9e09e90c47fe98e22784303079d9c689d4890ea090235fae6fc9587c1ad,Blank,X19,19,24,int,100
lenovo_gwi_core_tech_brands_crosstab_export_2026-06-09.xlsx,f1eac9e09e90c47fe98e22784303079d9c689d4890ea090235fae6fc9587c1ad,Blank,Y19,19,25,int,100
lenovo_gwi_core_tech_brands_crosstab_export_2026-06-09.xlsx,f1eac9e09e90c47fe98e22784303079d9c689d4890ea090235fae6fc9587c1ad,Blank,Z19,19,26,int,100
lenovo_gwi_core_tech_brands_crosstab_export_2026-06-09.xlsx,f1eac9e09e90c47fe98e22784303079d9c689d4890ea090235fae6fc9587c1ad,Blank,AA19,19,27,int,100
lenovo_gwi_core_tech_brands_crosstab_export_2026-06-09.xlsx,f1eac9e09e90c47fe98e22784303079d9c689d4890ea090235fae6fc9587c1ad,Blank,AB19,19,28,int,100
lenovo_gwi_core_tech_brands_crosstab_export_2026-06-09.xlsx,f1eac9e09e90c47fe98e22784303079d9c689d4890ea090235fae6fc9587c1ad,Blank,AC19,19,29,int,100
lenovo_gwi_core_tech_brands_crosstab_export_2026-06-09.xlsx,f1eac9e09e90c47fe98e22784303079d9c689d4890ea090235fae6fc9587c1ad,Blank,AD19,19,30,int,100
lenovo_gwi_core_tech_brands_crosstab_export_2026-06-09.xlsx,f1eac9e09e90c47fe98e22784303079d9c689d4890ea090235fae6fc9587c1ad,Blank,AE19,19,31,int,100
lenovo_gwi_core_tech_brands_crosstab_export_2026-06-09.xlsx,f1eac9e09e90c47fe98e22784303079d9c689d4890ea090235fae6fc9587c1ad,Blank,AF19,19,32,int,100
lenovo_gwi_core_tech_brands_crosstab_export_2026-06-09.xlsx,f1eac9e09e90c47fe98e22784303079d9c689d4890ea090235fae6fc9587c1ad,Blank,AG19,19,33,int,100
lenovo_gwi_core_tech_brands_crosstab_export_2026-06-09.xlsx,f1eac9e09e90c47fe98e22784303079d9c689d4890ea090235fae6fc9587c1ad,Blank,AH19,19,34,int,100
lenovo_gwi_core_tech_brands_crosstab_export_2026-06-09.xlsx,f1eac9e09e90c47fe98e22784303079d9c689d4890ea090235fae6fc9587c1ad,Blank,AI19,19,35,int,100
lenovo_gwi_core_tech_brands_crosstab_export_2026-06-09.xlsx,f1eac9e09e90c47fe98e22784303079d9c689d4890ea090235fae6fc9587c1ad,Blank,AJ19,19,36,int,100
lenovo_gwi_core_tech_brands_crosstab_export_2026-06-09.xlsx,f1eac9e09e90c47fe98e22784303079d9c689d4890ea090235fae6fc9587c1ad,Blank,AK19,19,37,int,100
lenovo_gwi_core_tech_brands_crosstab_export_2026-06-09.xlsx,f1eac9e09e90c47fe98e22784303079d9c689d4890ea090235fae6fc9587c1ad,Blank,AL19,19,38,int,100
lenovo_gwi_core_tech_brands_crosstab_export_2026-06-09.xlsx,f1eac9e09e90c47fe98e22784303079d9c689d4890ea090235fae6fc9587c1ad,Blank,AM19,19,39,int,100
lenovo_gwi_core_tech_brands_crosstab_export_2026-06-09.xlsx,f1eac9e09e90c47fe98e22784303079d9c689d4890ea090235fae6fc9587c1ad,Blank,AN19,19,40,int,100
lenovo_gwi_core_tech_brands_crosstab_export_2026-06-09.xlsx,f1eac9e09e90c47fe98e22784303079d9c689d4890ea090235fae6fc9587c1ad,Blank,AO19,19,41,int,100
lenovo_gwi_core_tech_brands_crosstab_export_2026-06-09.xlsx,f1eac9e09e90c47fe98e22784303079d9c689d4890ea090235fae6fc9587c1ad,Blank,AP19,19,42,int,100
lenovo_gwi_core_tech_brands_crosstab_export_2026-06-09.xlsx,f1eac9e09e90c47fe98e22784303079d9c689d4890ea090235fae6fc9587c1ad,Blank,B20,20,2,str,Tech Brands: Engagement*
lenovo_gwi_core_tech_brands_crosstab_export_2026-06-09.xlsx,f1eac9e09e90c47fe98e22784303079d9c689d4890ea090235fae6fc9587c1ad,Blank,C20,20,3,str,Lenovo (Tech Brands: Engagement*)
lenovo_gwi_core_tech_brands_crosstab_export_2026-06-09.xlsx,f1eac9e09e90c47fe98e22784303079d9c689d4890ea090235fae6fc9587c1ad,Blank,D20,20,4,str,Universe
lenovo_gwi_core_tech_brands_crosstab_export_2026-06-09.xlsx,f1eac9e09e90c47fe98e22784303079d9c689d4890ea090235fae6fc9587c1ad,Blank,E20,20,5,int,479031025
lenovo_gwi_core_tech_brands_crosstab_export_2026-06-09.xlsx,f1eac9e09e90c47fe98e22784303079d9c689d4890ea090235fae6fc9587c1ad,Blank,F20,20,6,int,583391876
lenovo_gwi_core_tech_brands_crosstab_export_2026-06-09.xlsx,f1eac9e09e90c47fe98e22784303079d9c689d4890ea090235fae6fc9587c1ad,Blank,G20,20,7,int,571241422
lenovo_gwi_core_tech_brands_crosstab_export_2026-06-09.xlsx,f1eac9e09e90c47fe98e22784303079d9c689d4890ea090235fae6fc9587c1ad,Blank,H20,20,8,int,589546175
lenovo_gwi_core_tech_brands_crosstab_export_2026-06-09.xlsx,f1eac9e09e90c47fe98e22784303079d9c689d4890ea090235fae6fc9587c1ad,Blank,I20,20,9,int,598035351
lenovo_gwi_core_tech_brands_crosstab_export_2026-06-09.xlsx,f1eac9e09e90c47fe98e22784303079d9c689d4890ea090235fae6fc9587c1ad,Blank,J20,20,10,int,564572014
lenovo_gwi_core_tech_brands_crosstab_export_2026-06-09.xlsx,f1eac9e09e90c47fe98e22784303079d9c689d4890ea090235fae6fc9587c1ad,Blank,K20,20,11,int,558482836
lenovo_gwi_core_tech_brands_crosstab_export_2026-06-09.xlsx,f1eac9e09e90c47fe98e22784303079d9c689d4890ea090235fae6fc9587c1ad,Blank,L20,20,12,int,552798383
lenovo_gwi_core_tech_brands_crosstab_export_2026-06-09.xlsx,f1eac9e09e90c47fe98e22784303079d9c689d4890ea090235fae6fc9587c1ad,Blank,M20,20,13,int,543827838
lenovo_gwi_core_tech_brands_crosstab_export_2026-06-09.xlsx,f1eac9e09e90c47fe98e22784303079d9c689d4890ea090235fae6fc9587c1ad,Blank,N20,20,14,int,508116719
lenovo_gwi_core_tech_brands_crosstab_export_2026-06-09.xlsx,f1eac9e09e90c47fe98e22784303079d9c689d4890ea090235fae6fc9587c1ad,Blank,O20,20,15,int,505039636
lenovo_gwi_core_tech_brands_crosstab_export_2026-06-09.xlsx,f1eac9e09e90c47fe98e22784303079d9c689d4890ea090235fae6fc9587c1ad,Blank,P20,20,16,int,482750829
lenovo_gwi_core_tech_brands_crosstab_export_2026-06-09.xlsx,f1eac9e09e90c47fe98e22784303079d9c689d4890ea090235fae6fc9587c1ad,Blank,Q20,20,17,int,479959432
lenovo_gwi_core_tech_brands_crosstab_export_2026-06-09.xlsx,f1eac9e09e90c47fe98e22784303079d9c689d4890ea090235fae6fc9587c1ad,Blank,R20,20,18,int,485077163
lenovo_gwi_core_tech_brands_crosstab_export_2026-06-09.xlsx,f1eac9e09e90c47fe98e22784303079d9c689d4890ea090235fae6fc9587c1ad,Blank,S20,20,19,int,468170587
lenovo_gwi_core_tech_brands_crosstab_export_2026-06-09.xlsx,f1eac9e09e90c47fe98e22784303079d9c689d4890ea090235fae6fc9587c1ad,Blank,T20,20,20,int,486795361
lenovo_gwi_core_tech_brands_crosstab_export_2026-06-09.xlsx,f1eac9e09e90c47fe98e22784303079d9c689d4890ea090235fae6fc9587c1ad,Blank,U20,20,21,int,483012794
lenovo_gwi_core_tech_brands_crosstab_export_2026-06-09.xlsx,f1eac9e09e90c47fe98e22784303079d9c689d4890ea090235fae6fc9587c1ad,Blank,V20,20,22,int,453955437
lenovo_gwi_core_tech_brands_crosstab_export_2026-06-09.xlsx,f1eac9e09e90c47fe98e22784303079d9c689d4890ea090235fae6fc9587c1ad,Blank,W20,20,23,int,456018740
lenovo_gwi_core_tech_brands_crosstab_export_2026-06-09.xlsx,f1eac9e09e90c47fe98e22784303079d9c689d4890ea090235fae6fc9587c1ad,Blank,X20,20,24,int,421675032
lenovo_gwi_core_tech_brands_crosstab_export_2026-06-09.xlsx,f1eac9e09e90c47fe98e22784303079d9c689d4890ea090235fae6fc9587c1ad,Blank,Y20,20,25,int,417561816
lenovo_gwi_core_tech_brands_crosstab_export_2026-06-09.xlsx,f1eac9e09e90c47fe98e22784303079d9c689d4890ea090235fae6fc9587c1ad,Blank,Z20,20,26,int,409927654
lenovo_gwi_core_tech_brands_crosstab_export_2026-06-09.xlsx,f1eac9e09e90c47fe98e22784303079d9c689d4890ea090235fae6fc9587c1ad,Blank,AA20,20,27,int,405782554
lenovo_gwi_core_tech_brands_crosstab_export_2026-06-09.xlsx,f1eac9e09e90c47fe98e22784303079d9c689d4890ea090235fae6fc9587c1ad,Blank,AB20,20,28,int,425809516
lenovo_gwi_core_tech_brands_crosstab_export_2026-06-09.xlsx,f1eac9e09e90c47fe98e22784303079d9c689d4890ea090235fae6fc9587c1ad,Blank,AC20,20,29,int,385124453
lenovo_gwi_core_tech_brands_crosstab_export_2026-06-09.xlsx,f1eac9e09e90c47fe98e22784303079d9c689d4890ea090235fae6fc9587c1ad,Blank,AD20,20,30,int,388850754
lenovo_gwi_core_tech_brands_crosstab_export_2026-06-09.xlsx,f1eac9e09e90c47fe98e22784303079d9c689d4890ea090235fae6fc9587c1ad,Blank,AE20,20,31,int,394379155
lenovo_gwi_core_tech_brands_crosstab_export_2026-06-09.xlsx,f1eac9e09e90c47fe98e22784303079d9c689d4890ea090235fae6fc9587c1ad,Blank,AF20,20,32,int,401577769
lenovo_gwi_core_tech_brands_crosstab_export_2026-06-09.xlsx,f1eac9e09e90c47fe98e22784303079d9c689d4890ea090235fae6fc9587c1ad,Blank,AG20,20,33,int,424146813
lenovo_gwi_core_tech_brands_crosstab_export_2026-06-09.xlsx,f1eac9e09e90c47fe98e22784303079d9c689d4890ea090235fae6fc9587c1ad,Blank,AH20,20,34,int,430131632
lenovo_gwi_core_tech_brands_crosstab_export_2026-06-09.xlsx,f1eac9e09e90c47fe98e22784303079d9c689d4890ea090235fae6fc9587c1ad,Blank,AI20,20,35,int,447368049
lenovo_gwi_core_tech_brands_crosstab_export_2026-06-09.xlsx,f1eac9e09e90c47fe98e22784303079d9c689d4890ea090235fae6fc9587c1ad,Blank,AJ20,20,36,int,472054485
lenovo_gwi_core_tech_brands_crosstab_export_2026-06-09.xlsx,f1eac9e09e90c47fe98e22784303079d9c689d4890ea090235fae6fc9587c1ad,Blank,AK20,20,37,int,454019549
lenovo_gwi_core_tech_brands_crosstab_export_2026-06-09.xlsx,f1eac9e09e90c47fe98e22784303079d9c689d4890ea090235fae6fc9587c1ad,Blank,AL20,20,38,int,471124748
lenovo_gwi_core_tech_brands_crosstab_export_2026-06-09.xlsx,f1eac9e09e90c47fe98e22784303079d9c689d4890ea090235fae6fc9587c1ad,Blank,AM20,20,39,int,480872129
lenovo_gwi_core_tech_brands_crosstab_export_2026-06-09.xlsx,f1eac9e09e90c47fe98e22784303079d9c689d4890ea090235fae6fc9587c1ad,Blank,AN20,20,40,int,502531309
lenovo_gwi_core_tech_brands_crosstab_export_2026-06-09.xlsx,f1eac9e09e90c47fe98e22784303079d9c689d4890ea090235fae6fc9587c1ad,Blank,AO20,20,41,int,502481507
lenovo_gwi_core_tech_brands_crosstab_export_2026-06-09.xlsx,f1eac9e09e90c47fe98e22784303079d9c689d4890ea090235fae6fc9587c1ad,Blank,AP20,20,42,int,517936415
lenovo_gwi_core_tech_brands_crosstab_export_2026-06-09.xlsx,f1eac9e09e90c47fe98e22784303079d9c689d4890ea090235fae6fc9587c1ad,Blank,D21,21,4,str,Responses
lenovo_gwi_core_tech_brands_crosstab_export_2026-06-09.xlsx,f1eac9e09e90c47fe98e22784303079d9c689d4890ea090235fae6fc9587c1ad,Blank,E21,21,5,int,467975
lenovo_gwi_core_tech_brands_crosstab_export_2026-06-09.xlsx,f1eac9e09e90c47fe98e22784303079d9c689d4890ea090235fae6fc9587c1ad,Blank,F21,21,6,int,7012
lenovo_gwi_core_tech_brands_crosstab_export_2026-06-09.xlsx,f1eac9e09e90c47fe98e22784303079d9c689d4890ea090235fae6fc9587c1ad,Blank,G21,21,7,int,6566
lenovo_gwi_core_tech_brands_crosstab_export_2026-06-09.xlsx,f1eac9e09e90c47fe98e22784303079d9c689d4890ea090235fae6fc9587c1ad,Blank,H21,21,8,int,6793
lenovo_gwi_core_tech_brands_crosstab_export_2026-06-09.xlsx,f1eac9e09e90c47fe98e22784303079d9c689d4890ea090235fae6fc9587c1ad,Blank,I21,21,9,int,7857
lenovo_gwi_core_tech_brands_crosstab_export_2026-06-09.xlsx,f1eac9e09e90c47fe98e22784303079d9c689d4890ea090235fae6fc9587c1ad,Blank,J21,21,10,int,10933
lenovo_gwi_core_tech_brands_crosstab_export_2026-06-09.xlsx,f1eac9e09e90c47fe98e22784303079d9c689d4890ea090235fae6fc9587c1ad,Blank,K21,21,11,int,9486
lenovo_gwi_core_tech_brands_crosstab_export_2026-06-09.xlsx,f1eac9e09e90c47fe98e22784303079d9c689d4890ea090235fae6fc9587c1ad,Blank,L21,21,12,int,9160
lenovo_gwi_core_tech_brands_crosstab_export_2026-06-09.xlsx,f1eac9e09e90c47fe98e22784303079d9c689d4890ea090235fae6fc9587c1ad,Blank,M21,21,13,int,10264
lenovo_gwi_core_tech_brands_crosstab_export_2026-06-09.xlsx,f1eac9e09e90c47fe98e22784303079d9c689d4890ea090235fae6fc9587c1ad,Blank,N21,21,14,int,10933
lenovo_gwi_core_tech_brands_crosstab_export_2026-06-09.xlsx,f1eac9e09e90c47fe98e22784303079d9c689d4890ea090235fae6fc9587c1ad,Blank,O21,21,15,int,10872
lenovo_gwi_core_tech_brands_crosstab_export_2026-06-09.xlsx,f1eac9e09e90c47fe98e22784303079d9c689d4890ea090235fae6fc9587c1ad,Blank,P21,21,16,int,11297
lenovo_gwi_core_tech_brands_crosstab_export_2026-06-09.xlsx,f1eac9e09e90c47fe98e22784303079d9c689d4890ea090235fae6fc9587c1ad,Blank,Q21,21,17,int,12541
lenovo_gwi_core_tech_brands_crosstab_export_2026-06-09.xlsx,f1eac9e09e90c47fe98e22784303079d9c689d4890ea090235fae6fc9587c1ad,Blank,R21,21,18,int,13380
lenovo_gwi_core_tech_brands_crosstab_export_2026-06-09.xlsx,f1eac9e09e90c47fe98e22784303079d9c689d4890ea090235fae6fc9587c1ad,Blank,S21,21,19,int,10824
lenovo_gwi_core_tech_brands_crosstab_export_2026-06-09.xlsx,f1eac9e09e90c47fe98e22784303079d9c689d4890ea090235fae6fc9587c1ad,Blank,T21,21,20,int,11174
lenovo_gwi_core_tech_brands_crosstab_export_2026-06-09.xlsx,f1eac9e09e90c47fe98e22784303079d9c689d4890ea090235fae6fc9587c1ad,Blank,U21,21,21,int,12019
lenovo_gwi_core_tech_brands_crosstab_export_2026-06-09.xlsx,f1eac9e09e90c47fe98e22784303079d9c689d4890ea090235fae6fc9587c1ad,Blank,V21,21,22,int,11397
lenovo_gwi_core_tech_brands_crosstab_export_2026-06-09.xlsx,f1eac9e09e90c47fe98e22784303079d9c689d4890ea090235fae6fc9587c1ad,Blank,W21,21,23,int,11395
lenovo_gwi_core_tech_brands_crosstab_export_2026-06-09.xlsx,f1eac9e09e90c47fe98e22784303079d9c689d4890ea090235fae6fc9587c1ad,Blank,X21,21,24,int,12885
lenovo_gwi_core_tech_brands_crosstab_export_2026-06-09.xlsx,f1eac9e09e90c47fe98e22784303079d9c689d4890ea090235fae6fc9587c1ad,Blank,Y21,21,25,int,13886
lenovo_gwi_core_tech_brands_crosstab_export_2026-06-09.xlsx,f1eac9e09e90c47fe98e22784303079d9c689d4890ea090235fae6fc9587c1ad,Blank,Z21,21,26,int,14999
lenovo_gwi_core_tech_brands_crosstab_export_2026-06-09.xlsx,f1eac9e09e90c47fe98e22784303079d9c689d4890ea090235fae6fc9587c1ad,Blank,AA21,21,27,int,15361
lenovo_gwi_core_tech_brands_crosstab_export_2026-06-09.xlsx,f1eac9e09e90c47fe98e22784303079d9c689d4890ea090235fae6fc9587c1ad,Blank,AB21,21,28,int,15578
lenovo_gwi_core_tech_brands_crosstab_export_2026-06-09.xlsx,f1eac9e09e90c47fe98e22784303079d9c689d4890ea090235fae6fc9587c1ad,Blank,AC21,21,29,int,14977
lenovo_gwi_core_tech_brands_crosstab_export_2026-06-09.xlsx,f1eac9e09e90c47fe98e22784303079d9c689d4890ea090235fae6fc9587c1ad,Blank,AD21,21,30,int,14603
lenovo_gwi_core_tech_brands_crosstab_export_2026-06-09.xlsx,f1eac9e09e90c47fe98e22784303079d9c689d4890ea090235fae6fc9587c1ad,Blank,AE21,21,31,int,14996
lenovo_gwi_core_tech_brands_crosstab_export_2026-06-09.xlsx,f1eac9e09e90c47fe98e22784303079d9c689d4890ea090235fae6fc9587c1ad,Blank,AF21,21,32,int,14906
lenovo_gwi_core_tech_brands_crosstab_export_2026-06-09.xlsx,f1eac9e09e90c47fe98e22784303079d9c689d4890ea090235fae6fc9587c1ad,Blank,AG21,21,33,int,15226
lenovo_gwi_core_tech_brands_crosstab_export_2026-06-09.xlsx,f1eac9e09e90c47fe98e22784303079d9c689d4890ea090235fae6fc9587c1ad,Blank,AH21,21,34,int,13437
lenovo_gwi_core_tech_brands_crosstab_export_2026-06-09.xlsx,f1eac9e09e90c47fe98e22784303079d9c689d4890ea090235fae6fc9587c1ad,Blank,AI21,21,35,int,15164
lenovo_gwi_core_tech_brands_crosstab_export_2026-06-09.xlsx,f1eac9e09e90c47fe98e22784303079d9c689d4890ea090235fae6fc9587c1ad,Blank,AJ21,21,36,int,15843
lenovo_gwi_core_tech_brands_crosstab_export_2026-06-09.xlsx,f1eac9e09e90c47fe98e22784303079d9c689d4890ea090235fae6fc9587c1ad,Blank,AK21,21,37,int,15161
lenovo_gwi_core_tech_brands_crosstab_export_2026-06-09.xlsx,f1eac9e09e90c47fe98e22784303079d9c689d4890ea090235fae6fc9587c1ad,Blank,AL21,21,38,int,14860
lenovo_gwi_core_tech_brands_crosstab_export_2026-06-09.xlsx,f1eac9e09e90c47fe98e22784303079d9c689d4890ea090235fae6fc9587c1ad,Blank,AM21,21,39,int,15149
lenovo_gwi_core_tech_brands_crosstab_export_2026-06-09.xlsx,f1eac9e09e90c47fe98e22784303079d9c689d4890ea090235fae6fc9587c1ad,Blank,AN21,21,40,int,15669
lenovo_gwi_core_tech_brands_crosstab_export_2026-06-09.xlsx,f1eac9e09e90c47fe98e22784303079d9c689d4890ea090235fae6fc9587c1ad,Blank,AO21,21,41,int,15782
lenovo_gwi_core_tech_brands_crosstab_export_2026-06-09.xlsx,f1eac9e09e90c47fe98e22784303079d9c689d4890ea090235fae6fc9587c1ad,Blank,AP21,21,42,int,15590
lenovo_gwi_core_tech_brands_crosstab_export_2026-06-09.xlsx,f1eac9e09e90c47fe98e22784303079d9c689d4890ea090235fae6fc9587c1ad,Blank,D22,22,4,str,Column %
lenovo_gwi_core_tech_brands_crosstab_export_2026-06-09.xlsx,f1eac9e09e90c47fe98e22784303079d9c689d4890ea090235fae6fc9587c1ad,Blank,E22,22,5,float,0.192
lenovo_gwi_core_tech_brands_crosstab_export_2026-06-09.xlsx,f1eac9e09e90c47fe98e22784303079d9c689d4890ea090235fae6fc9587c1ad,Blank,F22,22,6,float,0.292
lenovo_gwi_core_tech_brands_crosstab_export_2026-06-09.xlsx,f1eac9e09e90c47fe98e22784303079d9c689d4890ea090235fae6fc9587c1ad,Blank,G22,22,7,float,0.284
lenovo_gwi_core_tech_brands_crosstab_export_2026-06-09.xlsx,f1eac9e09e90c47fe98e22784303079d9c689d4890ea090235fae6fc9587c1ad,Blank,H22,22,8,float,0.29100000000000004
lenovo_gwi_core_tech_brands_crosstab_export_2026-06-09.xlsx,f1eac9e09e90c47fe98e22784303079d9c689d4890ea090235fae6fc9587c1ad,Blank,I22,22,9,float,0.292
lenovo_gwi_core_tech_brands_crosstab_export_2026-06-09.xlsx,f1eac9e09e90c47fe98e22784303079d9c689d4890ea090235fae6fc9587c1ad,Blank,J22,22,10,float,0.26899999999999996
lenovo_gwi_core_tech_brands_crosstab_export_2026-06-09.xlsx,f1eac9e09e90c47fe98e22784303079d9c689d4890ea090235fae6fc9587c1ad,Blank,K22,22,11,float,0.258
lenovo_gwi_core_tech_brands_crosstab_export_2026-06-09.xlsx,f1eac9e09e90c47fe98e22784303079d9c689d4890ea090235fae6fc9587c1ad,Blank,L22,22,12,float,0.255
lenovo_gwi_core_tech_brands_crosstab_export_2026-06-09.xlsx,f1eac9e09e90c47fe98e22784303079d9c689d4890ea090235fae6fc9587c1ad,Blank,M22,22,13,float,0.245
lenovo_gwi_core_tech_brands_crosstab_export_2026-06-09.xlsx,f1eac9e09e90c47fe98e22784303079d9c689d4890ea090235fae6fc9587c1ad,Blank,N22,22,14,float,0.226
lenovo_gwi_core_tech_brands_crosstab_export_2026-06-09.xlsx,f1eac9e09e90c47fe98e22784303079d9c689d4890ea090235fae6fc9587c1ad,Blank,O22,22,15,float,0.222
lenovo_gwi_core_tech_brands_crosstab_export_2026-06-09.xlsx,f1eac9e09e90c47fe98e22784303079d9c689d4890ea090235fae6fc9587c1ad,Blank,P22,22,16,float,0.209
lenovo_gwi_core_tech_brands_crosstab_export_2026-06-09.xlsx,f1eac9e09e90c47fe98e22784303079d9c689d4890ea090235fae6fc9587c1ad,Blank,Q22,22,17,float,0.205
lenovo_gwi_core_tech_brands_crosstab_export_2026-06-09.xlsx,f1eac9e09e90c47fe98e22784303079d9c689d4890ea090235fae6fc9587c1ad,Blank,R22,22,18,float,0.205
lenovo_gwi_core_tech_brands_crosstab_export_2026-06-09.xlsx,f1eac9e09e90c47fe98e22784303079d9c689d4890ea090235fae6fc9587c1ad,Blank,S22,22,19,float,0.19699999999999998
lenovo_gwi_core_tech_brands_crosstab_export_2026-06-09.xlsx,f1eac9e09e90c47fe98e22784303079d9c689d4890ea090235fae6fc9587c1ad,Blank,T22,22,20,float,0.203
lenovo_gwi_core_tech_brands_crosstab_export_2026-06-09.xlsx,f1eac9e09e90c47fe98e22784303079d9c689d4890ea090235fae6fc9587c1ad,Blank,U22,22,21,float,0.19899999999999998
lenovo_gwi_core_tech_brands_crosstab_export_2026-06-09.xlsx,f1eac9e09e90c47fe98e22784303079d9c689d4890ea090235fae6fc9587c1ad,Blank,V22,22,22,float,0.185
lenovo_gwi_core_tech_brands_crosstab_export_2026-06-09.xlsx,f1eac9e09e90c47fe98e22784303079d9c689d4890ea090235fae6fc9587c1ad,Blank,W22,22,23,float,0.185
lenovo_gwi_core_tech_brands_crosstab_export_2026-06-09.xlsx,f1eac9e09e90c47fe98e22784303079d9c689d4890ea090235fae6fc9587c1ad,Blank,X22,22,24,float,0.17
lenovo_gwi_core_tech_brands_crosstab_export_2026-06-09.xlsx,f1eac9e09e90c47fe98e22784303079d9c689d4890ea090235fae6fc9587c1ad,Blank,Y22,22,25,float,0.166
lenovo_gwi_core_tech_brands_crosstab_export_2026-06-09.xlsx,f1eac9e09e90c47fe98e22784303079d9c689d4890ea090235fae6fc9587c1ad,Blank,Z22,22,26,float,0.163
lenovo_gwi_core_tech_brands_crosstab_export_2026-06-09.xlsx,f1eac9e09e90c47fe98e22784303079d9c689d4890ea090235fae6fc9587c1ad,Blank,AA22,22,27,float,0.161
lenovo_gwi_core_tech_brands_crosstab_export_2026-06-09.xlsx,f1eac9e09e90c47fe98e22784303079d9c689d4890ea090235fae6fc9587c1ad,Blank,AB22,22,28,float,0.168
lenovo_gwi_core_tech_brands_crosstab_export_2026-06-09.xlsx,f1eac9e09e90c47fe98e22784303079d9c689d4890ea090235fae6fc9587c1ad,Blank,AC22,22,29,float,0.152
lenovo_gwi_core_tech_brands_crosstab_export_2026-06-09.xlsx,f1eac9e09e90c47fe98e22784303079d9c689d4890ea090235fae6fc9587c1ad,Blank,AD22,22,30,float,0.151
lenovo_gwi_core_tech_brands_crosstab_export_2026-06-09.xlsx,f1eac9e09e90c47fe98e22784303079d9c689d4890ea090235fae6fc9587c1ad,Blank,AE22,22,31,float,0.152
lenovo_gwi_core_tech_brands_crosstab_export_2026-06-09.xlsx,f1eac9e09e90c47fe98e22784303079d9c689d4890ea090235fae6fc9587c1ad,Blank,AF22,22,32,float,0.153
lenovo_gwi_core_tech_brands_crosstab_export_2026-06-09.xlsx,f1eac9e09e90c47fe98e22784303079d9c689d4890ea090235fae6fc9587c1ad,Blank,AG22,22,33,float,0.16
lenovo_gwi_core_tech_brands_crosstab_export_2026-06-09.xlsx,f1eac9e09e90c47fe98e22784303079d9c689d4890ea090235fae6fc9587c1ad,Blank,AH22,22,34,float,0.155
lenovo_gwi_core_tech_brands_crosstab_export_2026-06-09.xlsx,f1eac9e09e90c47fe98e22784303079d9c689d4890ea090235fae6fc9587c1ad,Blank,AI22,22,35,float,0.16
lenovo_gwi_core_tech_brands_crosstab_export_2026-06-09.xlsx,f1eac9e09e90c47fe98e22784303079d9c689d4890ea090235fae6fc9587c1ad,Blank,AJ22,22,36,float,0.16699999999999998
lenovo_gwi_core_tech_brands_crosstab_export_2026-06-09.xlsx,f1eac9e09e90c47fe98e22784303079d9c689d4890ea090235fae6fc9587c1ad,Blank,AK22,22,37,float,0.159
lenovo_gwi_core_tech_brands_crosstab_export_2026-06-09.xlsx,f1eac9e09e90c47fe98e22784303079d9c689d4890ea090235fae6fc9587c1ad,Blank,AL22,22,38,float,0.16
lenovo_gwi_core_tech_brands_crosstab_export_2026-06-09.xlsx,f1eac9e09e90c47fe98e22784303079d9c689d4890ea090235fae6fc9587c1ad,Blank,AM22,22,39,float,0.161
lenovo_gwi_core_tech_brands_crosstab_export_2026-06-09.xlsx,f1eac9e09e90c47fe98e22784303079d9c689d4890ea090235fae6fc9587c1ad,Blank,AN22,22,40,float,0.16699999999999998
lenovo_gwi_core_tech_brands_crosstab_export_2026-06-09.xlsx,f1eac9e09e90c47fe98e22784303079d9c689d4890ea090235fae6fc9587c1ad,Blank,AO22,22,41,float,0.165
lenovo_gwi_core_tech_brands_crosstab_export_2026-06-09.xlsx,f1eac9e09e90c47fe98e22784303079d9c689d4890ea090235fae6fc9587c1ad,Blank,AP22,22,42,float,0.168
lenovo_gwi_core_tech_brands_crosstab_export_2026-06-09.xlsx,f1eac9e09e90c47fe98e22784303079d9c689d4890ea090235fae6fc9587c1ad,Blank,D23,23,4,str,Row %
lenovo_gwi_core_tech_brands_crosstab_export_2026-06-09.xlsx,f1eac9e09e90c47fe98e22784303079d9c689d4890ea090235fae6fc9587c1ad,Blank,E23,23,5,int,1
lenovo_gwi_core_tech_brands_crosstab_export_2026-06-09.xlsx,f1eac9e09e90c47fe98e22784303079d9c689d4890ea090235fae6fc9587c1ad,Blank,F23,23,6,int,1
lenovo_gwi_core_tech_brands_crosstab_export_2026-06-09.xlsx,f1eac9e09e90c47fe98e22784303079d9c689d4890ea090235fae6fc9587c1ad,Blank,G23,23,7,int,1
lenovo_gwi_core_tech_brands_crosstab_export_2026-06-09.xlsx,f1eac9e09e90c47fe98e22784303079d9c689d4890ea090235fae6fc9587c1ad,Blank,H23,23,8,int,1
lenovo_gwi_core_tech_brands_crosstab_export_2026-06-09.xlsx,f1eac9e09e90c47fe98e22784303079d9c689d4890ea090235fae6fc9587c1ad,Blank,I23,23,9,int,1
lenovo_gwi_core_tech_brands_crosstab_export_2026-06-09.xlsx,f1eac9e09e90c47fe98e22784303079d9c689d4890ea090235fae6fc9587c1ad,Blank,J23,23,10,int,1
lenovo_gwi_core_tech_brands_crosstab_export_2026-06-09.xlsx,f1eac9e09e90c47fe98e22784303079d9c689d4890ea090235fae6fc9587c1ad,Blank,K23,23,11,int,1
lenovo_gwi_core_tech_brands_crosstab_export_2026-06-09.xlsx,f1eac9e09e90c47fe98e22784303079d9c689d4890ea090235fae6fc9587c1ad,Blank,L23,23,12,int,1
lenovo_gwi_core_tech_brands_crosstab_export_2026-06-09.xlsx,f1eac9e09e90c47fe98e22784303079d9c689d4890ea090235fae6fc9587c1ad,Blank,M23,23,13,int,1
lenovo_gwi_core_tech_brands_crosstab_export_2026-06-09.xlsx,f1eac9e09e90c47fe98e22784303079d9c689d4890ea090235fae6fc9587c1ad,Blank,N23,23,14,int,1
lenovo_gwi_core_tech_brands_crosstab_export_2026-06-09.xlsx,f1eac9e09e90c47fe98e22784303079d9c689d4890ea090235fae6fc9587c1ad,Blank,O23,23,15,int,1
lenovo_gwi_core_tech_brands_crosstab_export_2026-06-09.xlsx,f1eac9e09e90c47fe98e22784303079d9c689d4890ea090235fae6fc9587c1ad,Blank,P23,23,16,int,1
lenovo_gwi_core_tech_brands_crosstab_export_2026-06-09.xlsx,f1eac9e09e90c47fe98e22784303079d9c689d4890ea090235fae6fc9587c1ad,Blank,Q23,23,17,int,1
lenovo_gwi_core_tech_brands_crosstab_export_2026-06-09.xlsx,f1eac9e09e90c47fe98e22784303079d9c689d4890ea090235fae6fc9587c1ad,Blank,R23,23,18,int,1
lenovo_gwi_core_tech_brands_crosstab_export_2026-06-09.xlsx,f1eac9e09e90c47fe98e22784303079d9c689d4890ea090235fae6fc9587c1ad,Blank,S23,23,19,int,1
lenovo_gwi_core_tech_brands_crosstab_export_2026-06-09.xlsx,f1eac9e09e90c47fe98e22784303079d9c689d4890ea090235fae6fc9587c1ad,Blank,T23,23,20,int,1
lenovo_gwi_core_tech_brands_crosstab_export_2026-06-09.xlsx,f1eac9e09e90c47fe98e22784303079d9c689d4890ea090235fae6fc9587c1ad,Blank,U23,23,21,int,1
lenovo_gwi_core_tech_brands_crosstab_export_2026-06-09.xlsx,f1eac9e09e90c47fe98e22784303079d9c689d4890ea090235fae6fc9587c1ad,Blank,V23,23,22,int,1
lenovo_gwi_core_tech_brands_crosstab_export_2026-06-09.xlsx,f1eac9e09e90c47fe98e22784303079d9c689d4890ea090235fae6fc9587c1ad,Blank,W23,23,23,int,1
lenovo_gwi_core_tech_brands_crosstab_export_2026-06-09.xlsx,f1eac9e09e90c47fe98e22784303079d9c689d4890ea090235fae6fc9587c1ad,Blank,X23,23,24,int,1
lenovo_gwi_core_tech_brands_crosstab_export_2026-06-09.xlsx,f1eac9e09e90c47fe98e22784303079d9c689d4890ea090235fae6fc9587c1ad,Blank,Y23,23,25,int,1
lenovo_gwi_core_tech_brands_crosstab_export_2026-06-09.xlsx,f1eac9e09e90c47fe98e22784303079d9c689d4890ea090235fae6fc9587c1ad,Blank,Z23,23,26,int,1
lenovo_gwi_core_tech_brands_crosstab_export_2026-06-09.xlsx,f1eac9e09e90c47fe98e22784303079d9c689d4890ea090235fae6fc9587c1ad,Blank,AA23,23,27,int,1
lenovo_gwi_core_tech_brands_crosstab_export_2026-06-09.xlsx,f1eac9e09e90c47fe98e22784303079d9c689d4890ea090235fae6fc9587c1ad,Blank,AB23,23,28,int,1
lenovo_gwi_core_tech_brands_crosstab_export_2026-06-09.xlsx,f1eac9e09e90c47fe98e22784303079d9c689d4890ea090235fae6fc9587c1ad,Blank,AC23,23,29,int,1
lenovo_gwi_core_tech_brands_crosstab_export_2026-06-09.xlsx,f1eac9e09e90c47fe98e22784303079d9c689d4890ea090235fae6fc9587c1ad,Blank,AD23,23,30,int,1
lenovo_gwi_core_tech_brands_crosstab_export_2026-06-09.xlsx,f1eac9e09e90c47fe98e22784303079d9c689d4890ea090235fae6fc9587c1ad,Blank,AE23,23,31,int,1
lenovo_gwi_core_tech_brands_crosstab_export_2026-06-09.xlsx,f1eac9e09e90c47fe98e22784303079d9c689d4890ea090235fae6fc9587c1ad,Blank,AF23,23,32,int,1
lenovo_gwi_core_tech_brands_crosstab_export_2026-06-09.xlsx,f1eac9e09e90c47fe98e22784303079d9c689d4890ea090235fae6fc9587c1ad,Blank,AG23,23,33,int,1
lenovo_gwi_core_tech_brands_crosstab_export_2026-06-09.xlsx,f1eac9e09e90c47fe98e22784303079d9c689d4890ea090235fae6fc9587c1ad,Blank,AH23,23,34,int,1
lenovo_gwi_core_tech_brands_crosstab_export_2026-06-09.xlsx,f1eac9e09e90c47fe98e22784303079d9c689d4890ea090235fae6fc9587c1ad,Blank,AI23,23,35,int,1
lenovo_gwi_core_tech_brands_crosstab_export_2026-06-09.xlsx,f1eac9e09e90c47fe98e22784303079d9c689d4890ea090235fae6fc9587c1ad,Blank,AJ23,23,36,int,1
lenovo_gwi_core_tech_brands_crosstab_export_2026-06-09.xlsx,f1eac9e09e90c47fe98e22784303079d9c689d4890ea090235fae6fc9587c1ad,Blank,AK23,23,37,int,1
lenovo_gwi_core_tech_brands_crosstab_export_2026-06-09.xlsx,f1eac9e09e90c47fe98e22784303079d9c689d4890ea090235fae6fc9587c1ad,Blank,AL23,23,38,int,1
lenovo_gwi_core_tech_brands_crosstab_export_2026-06-09.xlsx,f1eac9e09e90c47fe98e22784303079d9c689d4890ea090235fae6fc9587c1ad,Blank,AM23,23,39,int,1
lenovo_gwi_core_tech_brands_crosstab_export_2026-06-09.xlsx,f1eac9e09e90c47fe98e22784303079d9c689d4890ea090235fae6fc9587c1ad,Blank,AN23,23,40,int,1
lenovo_gwi_core_tech_brands_crosstab_export_2026-06-09.xlsx,f1eac9e09e90c47fe98e22784303079d9c689d4890ea090235fae6fc9587c1ad,Blank,AO23,23,41,int,1
lenovo_gwi_core_tech_brands_crosstab_export_2026-06-09.xlsx,f1eac9e09e90c47fe98e22784303079d9c689d4890ea090235fae6fc9587c1ad,Blank,AP23,23,42,int,1
lenovo_gwi_core_tech_brands_crosstab_export_2026-06-09.xlsx,f1eac9e09e90c47fe98e22784303079d9c689d4890ea090235fae6fc9587c1ad,Blank,D24,24,4,str,Index
lenovo_gwi_core_tech_brands_crosstab_export_2026-06-09.xlsx,f1eac9e09e90c47fe98e22784303079d9c689d4890ea090235fae6fc9587c1ad,Blank,E24,24,5,int,100
lenovo_gwi_core_tech_brands_crosstab_export_2026-06-09.xlsx,f1eac9e09e90c47fe98e22784303079d9c689d4890ea090235fae6fc9587c1ad,Blank,F24,24,6,int,100
lenovo_gwi_core_tech_brands_crosstab_export_2026-06-09.xlsx,f1eac9e09e90c47fe98e22784303079d9c689d4890ea090235fae6fc9587c1ad,Blank,G24,24,7,int,100
lenovo_gwi_core_tech_brands_crosstab_export_2026-06-09.xlsx,f1eac9e09e90c47fe98e22784303079d9c689d4890ea090235fae6fc9587c1ad,Blank,H24,24,8,int,100
lenovo_gwi_core_tech_brands_crosstab_export_2026-06-09.xlsx,f1eac9e09e90c47fe98e22784303079d9c689d4890ea090235fae6fc9587c1ad,Blank,I24,24,9,int,100
lenovo_gwi_core_tech_brands_crosstab_export_2026-06-09.xlsx,f1eac9e09e90c47fe98e22784303079d9c689d4890ea090235fae6fc9587c1ad,Blank,J24,24,10,int,100
lenovo_gwi_core_tech_brands_crosstab_export_2026-06-09.xlsx,f1eac9e09e90c47fe98e22784303079d9c689d4890ea090235fae6fc9587c1ad,Blank,K24,24,11,int,100
lenovo_gwi_core_tech_brands_crosstab_export_2026-06-09.xlsx,f1eac9e09e90c47fe98e22784303079d9c689d4890ea090235fae6fc9587c1ad,Blank,L24,24,12,int,100
lenovo_gwi_core_tech_brands_crosstab_export_2026-06-09.xlsx,f1eac9e09e90c47fe98e22784303079d9c689d4890ea090235fae6fc9587c1ad,Blank,M24,24,13,int,100
lenovo_gwi_core_tech_brands_crosstab_export_2026-06-09.xlsx,f1eac9e09e90c47fe98e22784303079d9c689d4890ea090235fae6fc9587c1ad,Blank,N24,24,14,int,100
lenovo_gwi_core_tech_brands_crosstab_export_2026-06-09.xlsx,f1eac9e09e90c47fe98e22784303079d9c689d4890ea090235fae6fc9587c1ad,Blank,O24,24,15,int,100
lenovo_gwi_core_tech_brands_crosstab_export_2026-06-09.xlsx,f1eac9e09e90c47fe98e22784303079d9c689d4890ea090235fae6fc9587c1ad,Blank,P24,24,16,int,100
lenovo_gwi_core_tech_brands_crosstab_export_2026-06-09.xlsx,f1eac9e09e90c47fe98e22784303079d9c689d4890ea090235fae6fc9587c1ad,Blank,Q24,24,17,int,100
lenovo_gwi_core_tech_brands_crosstab_export_2026-06-09.xlsx,f1eac9e09e90c47fe98e22784303079d9c689d4890ea090235fae6fc9587c1ad,Blank,R24,24,18,int,100
lenovo_gwi_core_tech_brands_crosstab_export_2026-06-09.xlsx,f1eac9e09e90c47fe98e22784303079d9c689d4890ea090235fae6fc9587c1ad,Blank,S24,24,19,int,100
lenovo_gwi_core_tech_brands_crosstab_export_2026-06-09.xlsx,f1eac9e09e90c47fe98e22784303079d9c689d4890ea090235fae6fc9587c1ad,Blank,T24,24,20,int,100
lenovo_gwi_core_tech_brands_crosstab_export_2026-06-09.xlsx,f1eac9e09e90c47fe98e22784303079d9c689d4890ea090235fae6fc9587c1ad,Blank,U24,24,21,int,100
lenovo_gwi_core_tech_brands_crosstab_export_2026-06-09.xlsx,f1eac9e09e90c47fe98e22784303079d9c689d4890ea090235fae6fc9587c1ad,Blank,V24,24,22,int,100
lenovo_gwi_core_tech_brands_crosstab_export_2026-06-09.xlsx,f1eac9e09e90c47fe98e22784303079d9c689d4890ea090235fae6fc9587c1ad,Blank,W24,24,23,int,100
lenovo_gwi_core_tech_brands_crosstab_export_2026-06-09.xlsx,f1eac9e09e90c47fe98e22784303079d9c689d4890ea090235fae6fc9587c1ad,Blank,X24,24,24,int,100
lenovo_gwi_core_tech_brands_crosstab_export_2026-06-09.xlsx,f1eac9e09e90c47fe98e22784303079d9c689d4890ea090235fae6fc9587c1ad,Blank,Y24,24,25,int,100
lenovo_gwi_core_tech_brands_crosstab_export_2026-06-09.xlsx,f1eac9e09e90c47fe98e22784303079d9c689d4890ea090235fae6fc9587c1ad,Blank,Z24,24,26,int,100
lenovo_gwi_core_tech_brands_crosstab_export_2026-06-09.xlsx,f1eac9e09e90c47fe98e22784303079d9c689d4890ea090235fae6fc9587c1ad,Blank,AA24,24,27,int,100
lenovo_gwi_core_tech_brands_crosstab_export_2026-06-09.xlsx,f1eac9e09e90c47fe98e22784303079d9c689d4890ea090235fae6fc9587c1ad,Blank,AB24,24,28,int,100
lenovo_gwi_core_tech_brands_crosstab_export_2026-06-09.xlsx,f1eac9e09e90c47fe98e22784303079d9c689d4890ea090235fae6fc9587c1ad,Blank,AC24,24,29,int,100
lenovo_gwi_core_tech_brands_crosstab_export_2026-06-09.xlsx,f1eac9e09e90c47fe98e22784303079d9c689d4890ea090235fae6fc9587c1ad,Blank,AD24,24,30,int,100
lenovo_gwi_core_tech_brands_crosstab_export_2026-06-09.xlsx,f1eac9e09e90c47fe98e22784303079d9c689d4890ea090235fae6fc9587c1ad,Blank,AE24,24,31,int,100
lenovo_gwi_core_tech_brands_crosstab_export_2026-06-09.xlsx,f1eac9e09e90c47fe98e22784303079d9c689d4890ea090235fae6fc9587c1ad,Blank,AF24,24,32,int,100
lenovo_gwi_core_tech_brands_crosstab_export_2026-06-09.xlsx,f1eac9e09e90c47fe98e22784303079d9c689d4890ea090235fae6fc9587c1ad,Blank,AG24,24,33,int,100
lenovo_gwi_core_tech_brands_crosstab_export_2026-06-09.xlsx,f1eac9e09e90c47fe98e22784303079d9c689d4890ea090235fae6fc9587c1ad,Blank,AH24,24,34,int,100
lenovo_gwi_core_tech_brands_crosstab_export_2026-06-09.xlsx,f1eac9e09e90c47fe98e22784303079d9c689d4890ea090235fae6fc9587c1ad,Blank,AI24,24,35,int,100
lenovo_gwi_core_tech_brands_crosstab_export_2026-06-09.xlsx,f1eac9e09e90c47fe98e22784303079d9c689d4890ea090235fae6fc9587c1ad,Blank,AJ24,24,36,int,100
lenovo_gwi_core_tech_brands_crosstab_export_2026-06-09.xlsx,f1eac9e09e90c47fe98e22784303079d9c689d4890ea090235fae6fc9587c1ad,Blank,AK24,24,37,int,100
lenovo_gwi_core_tech_brands_crosstab_export_2026-06-09.xlsx,f1eac9e09e90c47fe98e22784303079d9c689d4890ea090235fae6fc9587c1ad,Blank,AL24,24,38,int,100
lenovo_gwi_core_tech_brands_crosstab_export_2026-06-09.xlsx,f1eac9e09e90c47fe98e22784303079d9c689d4890ea090235fae6fc9587c1ad,Blank,AM24,24,39,int,100
lenovo_gwi_core_tech_brands_crosstab_export_2026-06-09.xlsx,f1eac9e09e90c47fe98e22784303079d9c689d4890ea090235fae6fc9587c1ad,Blank,AN24,24,40,int,100
lenovo_gwi_core_tech_brands_crosstab_export_2026-06-09.xlsx,f1eac9e09e90c47fe98e22784303079d9c689d4890ea090235fae6fc9587c1ad,Blank,AO24,24,41,int,100
lenovo_gwi_core_tech_brands_crosstab_export_2026-06-09.xlsx,f1eac9e09e90c47fe98e22784303079d9c689d4890ea090235fae6fc9587c1ad,Blank,AP24,24,42,int,100
lenovo_gwi_core_tech_brands_crosstab_export_2026-06-09.xlsx,f1eac9e09e90c47fe98e22784303079d9c689d4890ea090235fae6fc9587c1ad,Blank,B25,25,2,str,Tech Brands: Consideration*
lenovo_gwi_core_tech_brands_crosstab_export_2026-06-09.xlsx,f1eac9e09e90c47fe98e22784303079d9c689d4890ea090235fae6fc9587c1ad,Blank,C25,25,3,str,Lenovo (Tech Brands: Consideration*)
lenovo_gwi_core_tech_brands_crosstab_export_2026-06-09.xlsx,f1eac9e09e90c47fe98e22784303079d9c689d4890ea090235fae6fc9587c1ad,Blank,D25,25,4,str,Universe
lenovo_gwi_core_tech_brands_crosstab_export_2026-06-09.xlsx,f1eac9e09e90c47fe98e22784303079d9c689d4890ea090235fae6fc9587c1ad,Blank,E25,25,5,int,306448729
lenovo_gwi_core_tech_brands_crosstab_export_2026-06-09.xlsx,f1eac9e09e90c47fe98e22784303079d9c689d4890ea090235fae6fc9587c1ad,Blank,F25,25,6,int,383429845
lenovo_gwi_core_tech_brands_crosstab_export_2026-06-09.xlsx,f1eac9e09e90c47fe98e22784303079d9c689d4890ea090235fae6fc9587c1ad,Blank,G25,25,7,int,358840146
lenovo_gwi_core_tech_brands_crosstab_export_2026-06-09.xlsx,f1eac9e09e90c47fe98e22784303079d9c689d4890ea090235fae6fc9587c1ad,Blank,H25,25,8,int,367916944
lenovo_gwi_core_tech_brands_crosstab_export_2026-06-09.xlsx,f1eac9e09e90c47fe98e22784303079d9c689d4890ea090235fae6fc9587c1ad,Blank,I25,25,9,int,385150160
lenovo_gwi_core_tech_brands_crosstab_export_2026-06-09.xlsx,f1eac9e09e90c47fe98e22784303079d9c689d4890ea090235fae6fc9587c1ad,Blank,J25,25,10,int,365281815
lenovo_gwi_core_tech_brands_crosstab_export_2026-06-09.xlsx,f1eac9e09e90c47fe98e22784303079d9c689d4890ea090235fae6fc9587c1ad,Blank,K25,25,11,int,337641095
lenovo_gwi_core_tech_brands_crosstab_export_2026-06-09.xlsx,f1eac9e09e90c47fe98e22784303079d9c689d4890ea090235fae6fc9587c1ad,Blank,L25,25,12,int,327981053
lenovo_gwi_core_tech_brands_crosstab_export_2026-06-09.xlsx,f1eac9e09e90c47fe98e22784303079d9c689d4890ea090235fae6fc9587c1ad,Blank,M25,25,13,int,317277764
lenovo_gwi_core_tech_brands_crosstab_export_2026-06-09.xlsx,f1eac9e09e90c47fe98e22784303079d9c689d4890ea090235fae6fc9587c1ad,Blank,N25,25,14,int,306255534
lenovo_gwi_core_tech_brands_crosstab_export_2026-06-09.xlsx,f1eac9e09e90c47fe98e22784303079d9c689d4890ea090235fae6fc9587c1ad,Blank,O25,25,15,int,306980966
lenovo_gwi_core_tech_brands_crosstab_export_2026-06-09.xlsx,f1eac9e09e90c47fe98e22784303079d9c689d4890ea090235fae6fc9587c1ad,Blank,P25,25,16,int,288893782
lenovo_gwi_core_tech_brands_crosstab_export_2026-06-09.xlsx,f1eac9e09e90c47fe98e22784303079d9c689d4890ea090235fae6fc9587c1ad,Blank,Q25,25,17,int,293404226
lenovo_gwi_core_tech_brands_crosstab_export_2026-06-09.xlsx,f1eac9e09e90c47fe98e22784303079d9c689d4890ea090235fae6fc9587c1ad,Blank,R25,25,18,int,283181285
lenovo_gwi_core_tech_brands_crosstab_export_2026-06-09.xlsx,f1eac9e09e90c47fe98e22784303079d9c689d4890ea090235fae6fc9587c1ad,Blank,S25,25,19,int,273303722
lenovo_gwi_core_tech_brands_crosstab_export_2026-06-09.xlsx,f1eac9e09e90c47fe98e22784303079d9c689d4890ea090235fae6fc9587c1ad,Blank,T25,25,20,int,275294224
lenovo_gwi_core_tech_brands_crosstab_export_2026-06-09.xlsx,f1eac9e09e90c47fe98e22784303079d9c689d4890ea090235fae6fc9587c1ad,Blank,U25,25,21,int,288517021
lenovo_gwi_core_tech_brands_crosstab_export_2026-06-09.xlsx,f1eac9e09e90c47fe98e22784303079d9c689d4890ea090235fae6fc9587c1ad,Blank,V25,25,22,int,284431665
lenovo_gwi_core_tech_brands_crosstab_export_2026-06-09.xlsx,f1eac9e09e90c47fe98e22784303079d9c689d4890ea090235fae6fc9587c1ad,Blank,W25,25,23,int,288289319
lenovo_gwi_core_tech_brands_crosstab_export_2026-06-09.xlsx,f1eac9e09e90c47fe98e22784303079d9c689d4890ea090235fae6fc9587c1ad,Blank,X25,25,24,int,287909391
lenovo_gwi_core_tech_brands_crosstab_export_2026-06-09.xlsx,f1eac9e09e90c47fe98e22784303079d9c689d4890ea090235fae6fc9587c1ad,Blank,Y25,25,25,int,281352091
lenovo_gwi_core_tech_brands_crosstab_export_2026-06-09.xlsx,f1eac9e09e90c47fe98e22784303079d9c689d4890ea090235fae6fc9587c1ad,Blank,Z25,25,26,int,270622484
lenovo_gwi_core_tech_brands_crosstab_export_2026-06-09.xlsx,f1eac9e09e90c47fe98e22784303079d9c689d4890ea090235fae6fc9587c1ad,Blank,AA25,25,27,int,267070150
lenovo_gwi_core_tech_brands_crosstab_export_2026-06-09.xlsx,f1eac9e09e90c47fe98e22784303079d9c689d4890ea090235fae6fc9587c1ad,Blank,AB25,25,28,int,275802292
lenovo_gwi_core_tech_brands_crosstab_export_2026-06-09.xlsx,f1eac9e09e90c47fe98e22784303079d9c689d4890ea090235fae6fc9587c1ad,Blank,AC25,25,29,int,250996438
lenovo_gwi_core_tech_brands_crosstab_export_2026-06-09.xlsx,f1eac9e09e90c47fe98e22784303079d9c689d4890ea090235fae6fc9587c1ad,Blank,AD25,25,30,int,260579629
lenovo_gwi_core_tech_brands_crosstab_export_2026-06-09.xlsx,f1eac9e09e90c47fe98e22784303079d9c689d4890ea090235fae6fc9587c1ad,Blank,AE25,25,31,int,262419990
lenovo_gwi_core_tech_brands_crosstab_export_2026-06-09.xlsx,f1eac9e09e90c47fe98e22784303079d9c689d4890ea090235fae6fc9587c1ad,Blank,AF25,25,32,int,273085724
lenovo_gwi_core_tech_brands_crosstab_export_2026-06-09.xlsx,f1eac9e09e90c47fe98e22784303079d9c689d4890ea090235fae6fc9587c1ad,Blank,AG25,25,33,int,278618776
lenovo_gwi_core_tech_brands_crosstab_export_2026-06-09.xlsx,f1eac9e09e90c47fe98e22784303079d9c689d4890ea090235fae6fc9587c1ad,Blank,AH25,25,34,int,292832811
lenovo_gwi_core_tech_brands_crosstab_export_2026-06-09.xlsx,f1eac9e09e90c47fe98e22784303079d9c689d4890ea090235fae6fc9587c1ad,Blank,AI25,25,35,int,312018702
lenovo_gwi_core_tech_brands_crosstab_export_2026-06-09.xlsx,f1eac9e09e90c47fe98e22784303079d9c689d4890ea090235fae6fc9587c1ad,Blank,AJ25,25,36,int,310127020
lenovo_gwi_core_tech_brands_crosstab_export_2026-06-09.xlsx,f1eac9e09e90c47fe98e22784303079d9c689d4890ea090235fae6fc9587c1ad,Blank,AK25,25,37,int,304179763
lenovo_gwi_core_tech_brands_crosstab_export_2026-06-09.xlsx,f1eac9e09e90c47fe98e22784303079d9c689d4890ea090235fae6fc9587c1ad,Blank,AL25,25,38,int,321308843
lenovo_gwi_core_tech_brands_crosstab_export_2026-06-09.xlsx,f1eac9e09e90c47fe98e22784303079d9c689d4890ea090235fae6fc9587c1ad,Blank,AM25,25,39,int,321078207
lenovo_gwi_core_tech_brands_crosstab_export_2026-06-09.xlsx,f1eac9e09e90c47fe98e22784303079d9c689d4890ea090235fae6fc9587c1ad,Blank,AN25,25,40,int,338075513
lenovo_gwi_core_tech_brands_crosstab_export_2026-06-09.xlsx,f1eac9e09e90c47fe98e22784303079d9c689d4890ea090235fae6fc9587c1ad,Blank,AO25,25,41,int,343254340
lenovo_gwi_core_tech_brands_crosstab_export_2026-06-09.xlsx,f1eac9e09e90c47fe98e22784303079d9c689d4890ea090235fae6fc9587c1ad,Blank,AP25,25,42,int,355200250
lenovo_gwi_core_tech_brands_crosstab_export_2026-06-09.xlsx,f1eac9e09e90c47fe98e22784303079d9c689d4890ea090235fae6fc9587c1ad,Blank,D26,26,4,str,Responses
lenovo_gwi_core_tech_brands_crosstab_export_2026-06-09.xlsx,f1eac9e09e90c47fe98e22784303079d9c689d4890ea090235fae6fc9587c1ad,Blank,E26,26,5,int,276396
lenovo_gwi_core_tech_brands_crosstab_export_2026-06-09.xlsx,f1eac9e09e90c47fe98e22784303079d9c689d4890ea090235fae6fc9587c1ad,Blank,F26,26,6,int,4186
lenovo_gwi_core_tech_brands_crosstab_export_2026-06-09.xlsx,f1eac9e09e90c47fe98e22784303079d9c689d4890ea090235fae6fc9587c1ad,Blank,G26,26,7,int,3795
lenovo_gwi_core_tech_brands_crosstab_export_2026-06-09.xlsx,f1eac9e09e90c47fe98e22784303079d9c689d4890ea090235fae6fc9587c1ad,Blank,H26,26,8,int,3883
lenovo_gwi_core_tech_brands_crosstab_export_2026-06-09.xlsx,f1eac9e09e90c47fe98e22784303079d9c689d4890ea090235fae6fc9587c1ad,Blank,I26,26,9,int,4484
lenovo_gwi_core_tech_brands_crosstab_export_2026-06-09.xlsx,f1eac9e09e90c47fe98e22784303079d9c689d4890ea090235fae6fc9587c1ad,Blank,J26,26,10,int,6328
lenovo_gwi_core_tech_brands_crosstab_export_2026-06-09.xlsx,f1eac9e09e90c47fe98e22784303079d9c689d4890ea090235fae6fc9587c1ad,Blank,K26,26,11,int,5214
lenovo_gwi_core_tech_brands_crosstab_export_2026-06-09.xlsx,f1eac9e09e90c47fe98e22784303079d9c689d4890ea090235fae6fc9587c1ad,Blank,L26,26,12,int,5053
lenovo_gwi_core_tech_brands_crosstab_export_2026-06-09.xlsx,f1eac9e09e90c47fe98e22784303079d9c689d4890ea090235fae6fc9587c1ad,Blank,M26,26,13,int,5523
lenovo_gwi_core_tech_brands_crosstab_export_2026-06-09.xlsx,f1eac9e09e90c47fe98e22784303079d9c689d4890ea090235fae6fc9587c1ad,Blank,N26,26,14,int,6297
lenovo_gwi_core_tech_brands_crosstab_export_2026-06-09.xlsx,f1eac9e09e90c47fe98e22784303079d9c689d4890ea090235fae6fc9587c1ad,Blank,O26,26,15,int,6128
lenovo_gwi_core_tech_brands_crosstab_export_2026-06-09.xlsx,f1eac9e09e90c47fe98e22784303079d9c689d4890ea090235fae6fc9587c1ad,Blank,P26,26,16,int,6381
lenovo_gwi_core_tech_brands_crosstab_export_2026-06-09.xlsx,f1eac9e09e90c47fe98e22784303079d9c689d4890ea090235fae6fc9587c1ad,Blank,Q26,26,17,int,7128
lenovo_gwi_core_tech_brands_crosstab_export_2026-06-09.xlsx,f1eac9e09e90c47fe98e22784303079d9c689d4890ea090235fae6fc9587c1ad,Blank,R26,26,18,int,7553
lenovo_gwi_core_tech_brands_crosstab_export_2026-06-09.xlsx,f1eac9e09e90c47fe98e22784303079d9c689d4890ea090235fae6fc9587c1ad,Blank,S26,26,19,int,5865
lenovo_gwi_core_tech_brands_crosstab_export_2026-06-09.xlsx,f1eac9e09e90c47fe98e22784303079d9c689d4890ea090235fae6fc9587c1ad,Blank,T26,26,20,int,6071
lenovo_gwi_core_tech_brands_crosstab_export_2026-06-09.xlsx,f1eac9e09e90c47fe98e22784303079d9c689d4890ea090235fae6fc9587c1ad,Blank,U26,26,21,int,6849
lenovo_gwi_core_tech_brands_crosstab_export_2026-06-09.xlsx,f1eac9e09e90c47fe98e22784303079d9c689d4890ea090235fae6fc9587c1ad,Blank,V26,26,22,int,6689
lenovo_gwi_core_tech_brands_crosstab_export_2026-06-09.xlsx,f1eac9e09e90c47fe98e22784303079d9c689d4890ea090235fae6fc9587c1ad,Blank,W26,26,23,int,6695
lenovo_gwi_core_tech_brands_crosstab_export_2026-06-09.xlsx,f1eac9e09e90c47fe98e22784303079d9c689d4890ea090235fae6fc9587c1ad,Blank,X26,26,24,int,7852
lenovo_gwi_core_tech_brands_crosstab_export_2026-06-09.xlsx,f1eac9e09e90c47fe98e22784303079d9c689d4890ea090235fae6fc9587c1ad,Blank,Y26,26,25,int,8428
lenovo_gwi_core_tech_brands_crosstab_export_2026-06-09.xlsx,f1eac9e09e90c47fe98e22784303079d9c689d4890ea090235fae6fc9587c1ad,Blank,Z26,26,26,int,9113
lenovo_gwi_core_tech_brands_crosstab_export_2026-06-09.xlsx,f1eac9e09e90c47fe98e22784303079d9c689d4890ea090235fae6fc9587c1ad,Blank,AA26,26,27,int,9246
lenovo_gwi_core_tech_brands_crosstab_export_2026-06-09.xlsx,f1eac9e09e90c47fe98e22784303079d9c689d4890ea090235fae6fc9587c1ad,Blank,AB26,26,28,int,9137
lenovo_gwi_core_tech_brands_crosstab_export_2026-06-09.xlsx,f1eac9e09e90c47fe98e22784303079d9c689d4890ea090235fae6fc9587c1ad,Blank,AC26,26,29,int,8863
lenovo_gwi_core_tech_brands_crosstab_export_2026-06-09.xlsx,f1eac9e09e90c47fe98e22784303079d9c689d4890ea090235fae6fc9587c1ad,Blank,AD26,26,30,int,8819
lenovo_gwi_core_tech_brands_crosstab_export_2026-06-09.xlsx,f1eac9e09e90c47fe98e22784303079d9c689d4890ea090235fae6fc9587c1ad,Blank,AE26,26,31,int,9178
lenovo_gwi_core_tech_brands_crosstab_export_2026-06-09.xlsx,f1eac9e09e90c47fe98e22784303079d9c689d4890ea090235fae6fc9587c1ad,Blank,AF26,26,32,int,9014
lenovo_gwi_core_tech_brands_crosstab_export_2026-06-09.xlsx,f1eac9e09e90c47fe98e22784303079d9c689d4890ea090235fae6fc9587c1ad,Blank,AG26,26,33,int,9087
lenovo_gwi_core_tech_brands_crosstab_export_2026-06-09.xlsx,f1eac9e09e90c47fe98e22784303079d9c689d4890ea090235fae6fc9587c1ad,Blank,AH26,26,34,int,8224
lenovo_gwi_core_tech_brands_crosstab_export_2026-06-09.xlsx,f1eac9e09e90c47fe98e22784303079d9c689d4890ea090235fae6fc9587c1ad,Blank,AI26,26,35,int,9348
lenovo_gwi_core_tech_brands_crosstab_export_2026-06-09.xlsx,f1eac9e09e90c47fe98e22784303079d9c689d4890ea090235fae6fc9587c1ad,Blank,AJ26,26,36,int,9462
lenovo_gwi_core_tech_brands_crosstab_export_2026-06-09.xlsx,f1eac9e09e90c47fe98e22784303079d9c689d4890ea090235fae6fc9587c1ad,Blank,AK26,26,37,int,9133
lenovo_gwi_core_tech_brands_crosstab_export_2026-06-09.xlsx,f1eac9e09e90c47fe98e22784303079d9c689d4890ea090235fae6fc9587c1ad,Blank,AL26,26,38,int,9076
lenovo_gwi_core_tech_brands_crosstab_export_2026-06-09.xlsx,f1eac9e09e90c47fe98e22784303079d9c689d4890ea090235fae6fc9587c1ad,Blank,AM26,26,39,int,9141
lenovo_gwi_core_tech_brands_crosstab_export_2026-06-09.xlsx,f1eac9e09e90c47fe98e22784303079d9c689d4890ea090235fae6fc9587c1ad,Blank,AN26,26,40,int,9510
lenovo_gwi_core_tech_brands_crosstab_export_2026-06-09.xlsx,f1eac9e09e90c47fe98e22784303079d9c689d4890ea090235fae6fc9587c1ad,Blank,AO26,26,41,int,9843
lenovo_gwi_core_tech_brands_crosstab_export_2026-06-09.xlsx,f1eac9e09e90c47fe98e22784303079d9c689d4890ea090235fae6fc9587c1ad,Blank,AP26,26,42,int,9800
lenovo_gwi_core_tech_brands_crosstab_export_2026-06-09.xlsx,f1eac9e09e90c47fe98e22784303079d9c689d4890ea090235fae6fc9587c1ad,Blank,D27,27,4,str,Column %
lenovo_gwi_core_tech_brands_crosstab_export_2026-06-09.xlsx,f1eac9e09e90c47fe98e22784303079d9c689d4890ea090235fae6fc9587c1ad,Blank,E27,27,5,float,0.12300000000000001
lenovo_gwi_core_tech_brands_crosstab_export_2026-06-09.xlsx,f1eac9e09e90c47fe98e22784303079d9c689d4890ea090235fae6fc9587c1ad,Blank,F27,27,6,float,0.192
lenovo_gwi_core_tech_brands_crosstab_export_2026-06-09.xlsx,f1eac9e09e90c47fe98e22784303079d9c689d4890ea090235fae6fc9587c1ad,Blank,G27,27,7,float,0.17800000000000002
lenovo_gwi_core_tech_brands_crosstab_export_2026-06-09.xlsx,f1eac9e09e90c47fe98e22784303079d9c689d4890ea090235fae6fc9587c1ad,Blank,H27,27,8,float,0.182
lenovo_gwi_core_tech_brands_crosstab_export_2026-06-09.xlsx,f1eac9e09e90c47fe98e22784303079d9c689d4890ea090235fae6fc9587c1ad,Blank,I27,27,9,float,0.188
lenovo_gwi_core_tech_brands_crosstab_export_2026-06-09.xlsx,f1eac9e09e90c47fe98e22784303079d9c689d4890ea090235fae6fc9587c1ad,Blank,J27,27,10,float,0.174
lenovo_gwi_core_tech_brands_crosstab_export_2026-06-09.xlsx,f1eac9e09e90c47fe98e22784303079d9c689d4890ea090235fae6fc9587c1ad,Blank,K27,27,11,float,0.156
lenovo_gwi_core_tech_brands_crosstab_export_2026-06-09.xlsx,f1eac9e09e90c47fe98e22784303079d9c689d4890ea090235fae6fc9587c1ad,Blank,L27,27,12,float,0.151
lenovo_gwi_core_tech_brands_crosstab_export_2026-06-09.xlsx,f1eac9e09e90c47fe98e22784303079d9c689d4890ea090235fae6fc9587c1ad,Blank,M27,27,13,float,0.14300000000000002
lenovo_gwi_core_tech_brands_crosstab_export_2026-06-09.xlsx,f1eac9e09e90c47fe98e22784303079d9c689d4890ea090235fae6fc9587c1ad,Blank,N27,27,14,float,0.136
lenovo_gwi_core_tech_brands_crosstab_export_2026-06-09.xlsx,f1eac9e09e90c47fe98e22784303079d9c689d4890ea090235fae6fc9587c1ad,Blank,O27,27,15,float,0.135
lenovo_gwi_core_tech_brands_crosstab_export_2026-06-09.xlsx,f1eac9e09e90c47fe98e22784303079d9c689d4890ea090235fae6fc9587c1ad,Blank,P27,27,16,float,0.125
lenovo_gwi_core_tech_brands_crosstab_export_2026-06-09.xlsx,f1eac9e09e90c47fe98e22784303079d9c689d4890ea090235fae6fc9587c1ad,Blank,Q27,27,17,float,0.125
lenovo_gwi_core_tech_brands_crosstab_export_2026-06-09.xlsx,f1eac9e09e90c47fe98e22784303079d9c689d4890ea090235fae6fc9587c1ad,Blank,R27,27,18,float,0.12
lenovo_gwi_core_tech_brands_crosstab_export_2026-06-09.xlsx,f1eac9e09e90c47fe98e22784303079d9c689d4890ea090235fae6fc9587c1ad,Blank,S27,27,19,float,0.115
lenovo_gwi_core_tech_brands_crosstab_export_2026-06-09.xlsx,f1eac9e09e90c47fe98e22784303079d9c689d4890ea090235fae6fc9587c1ad,Blank,T27,27,20,float,0.115
lenovo_gwi_core_tech_brands_crosstab_export_2026-06-09.xlsx,f1eac9e09e90c47fe98e22784303079d9c689d4890ea090235fae6fc9587c1ad,Blank,U27,27,21,float,0.11900000000000001
lenovo_gwi_core_tech_brands_crosstab_export_2026-06-09.xlsx,f1eac9e09e90c47fe98e22784303079d9c689d4890ea090235fae6fc9587c1ad,Blank,V27,27,22,float,0.11599999999999999
lenovo_gwi_core_tech_brands_crosstab_export_2026-06-09.xlsx,f1eac9e09e90c47fe98e22784303079d9c689d4890ea090235fae6fc9587c1ad,Blank,W27,27,23,float,0.11699999999999999
lenovo_gwi_core_tech_brands_crosstab_export_2026-06-09.xlsx,f1eac9e09e90c47fe98e22784303079d9c689d4890ea090235fae6fc9587c1ad,Blank,X27,27,24,float,0.11599999999999999
lenovo_gwi_core_tech_brands_crosstab_export_2026-06-09.xlsx,f1eac9e09e90c47fe98e22784303079d9c689d4890ea090235fae6fc9587c1ad,Blank,Y27,27,25,float,0.11199999999999999
lenovo_gwi_core_tech_brands_crosstab_export_2026-06-09.xlsx,f1eac9e09e90c47fe98e22784303079d9c689d4890ea090235fae6fc9587c1ad,Blank,Z27,27,26,float,0.10800000000000001
lenovo_gwi_core_tech_brands_crosstab_export_2026-06-09.xlsx,f1eac9e09e90c47fe98e22784303079d9c689d4890ea090235fae6fc9587c1ad,Blank,AA27,27,27,float,0.106
lenovo_gwi_core_tech_brands_crosstab_export_2026-06-09.xlsx,f1eac9e09e90c47fe98e22784303079d9c689d4890ea090235fae6fc9587c1ad,Blank,AB27,27,28,float,0.109
lenovo_gwi_core_tech_brands_crosstab_export_2026-06-09.xlsx,f1eac9e09e90c47fe98e22784303079d9c689d4890ea090235fae6fc9587c1ad,Blank,AC27,27,29,float,0.099
lenovo_gwi_core_tech_brands_crosstab_export_2026-06-09.xlsx,f1eac9e09e90c47fe98e22784303079d9c689d4890ea090235fae6fc9587c1ad,Blank,AD27,27,30,float,0.102
lenovo_gwi_core_tech_brands_crosstab_export_2026-06-09.xlsx,f1eac9e09e90c47fe98e22784303079d9c689d4890ea090235fae6fc9587c1ad,Blank,AE27,27,31,float,0.10099999999999999
lenovo_gwi_core_tech_brands_crosstab_export_2026-06-09.xlsx,f1eac9e09e90c47fe98e22784303079d9c689d4890ea090235fae6fc9587c1ad,Blank,AF27,27,32,float,0.10400000000000001
lenovo_gwi_core_tech_brands_crosstab_export_2026-06-09.xlsx,f1eac9e09e90c47fe98e22784303079d9c689d4890ea090235fae6fc9587c1ad,Blank,AG27,27,33,float,0.105
lenovo_gwi_core_tech_brands_crosstab_export_2026-06-09.xlsx,f1eac9e09e90c47fe98e22784303079d9c689d4890ea090235fae6fc9587c1ad,Blank,AH27,27,34,float,0.106
lenovo_gwi_core_tech_brands_crosstab_export_2026-06-09.xlsx,f1eac9e09e90c47fe98e22784303079d9c689d4890ea090235fae6fc9587c1ad,Blank,AI27,27,35,float,0.11199999999999999
lenovo_gwi_core_tech_brands_crosstab_export_2026-06-09.xlsx,f1eac9e09e90c47fe98e22784303079d9c689d4890ea090235fae6fc9587c1ad,Blank,AJ27,27,36,float,0.11
lenovo_gwi_core_tech_brands_crosstab_export_2026-06-09.xlsx,f1eac9e09e90c47fe98e22784303079d9c689d4890ea090235fae6fc9587c1ad,Blank,AK27,27,37,float,0.106
lenovo_gwi_core_tech_brands_crosstab_export_2026-06-09.xlsx,f1eac9e09e90c47fe98e22784303079d9c689d4890ea090235fae6fc9587c1ad,Blank,AL27,27,38,float,0.109
lenovo_gwi_core_tech_brands_crosstab_export_2026-06-09.xlsx,f1eac9e09e90c47fe98e22784303079d9c689d4890ea090235fae6fc9587c1ad,Blank,AM27,27,39,float,0.10800000000000001
lenovo_gwi_core_tech_brands_crosstab_export_2026-06-09.xlsx,f1eac9e09e90c47fe98e22784303079d9c689d4890ea090235fae6fc9587c1ad,Blank,AN27,27,40,float,0.11199999999999999
lenovo_gwi_core_tech_brands_crosstab_export_2026-06-09.xlsx,f1eac9e09e90c47fe98e22784303079d9c689d4890ea090235fae6fc9587c1ad,Blank,AO27,27,41,float,0.11199999999999999
lenovo_gwi_core_tech_brands_crosstab_export_2026-06-09.xlsx,f1eac9e09e90c47fe98e22784303079d9c689d4890ea090235fae6fc9587c1ad,Blank,AP27,27,42,float,0.115
lenovo_gwi_core_tech_brands_crosstab_export_2026-06-09.xlsx,f1eac9e09e90c47fe98e22784303079d9c689d4890ea090235fae6fc9587c1ad,Blank,D28,28,4,str,Row %
lenovo_gwi_core_tech_brands_crosstab_export_2026-06-09.xlsx,f1eac9e09e90c47fe98e22784303079d9c689d4890ea090235fae6fc9587c1ad,Blank,E28,28,5,int,1
lenovo_gwi_core_tech_brands_crosstab_export_2026-06-09.xlsx,f1eac9e09e90c47fe98e22784303079d9c689d4890ea090235fae6fc9587c1ad,Blank,F28,28,6,int,1
lenovo_gwi_core_tech_brands_crosstab_export_2026-06-09.xlsx,f1eac9e09e90c47fe98e22784303079d9c689d4890ea090235fae6fc9587c1ad,Blank,G28,28,7,int,1
lenovo_gwi_core_tech_brands_crosstab_export_2026-06-09.xlsx,f1eac9e09e90c47fe98e22784303079d9c689d4890ea090235fae6fc9587c1ad,Blank,H28,28,8,int,1
lenovo_gwi_core_tech_brands_crosstab_export_2026-06-09.xlsx,f1eac9e09e90c47fe98e22784303079d9c689d4890ea090235fae6fc9587c1ad,Blank,I28,28,9,int,1
lenovo_gwi_core_tech_brands_crosstab_export_2026-06-09.xlsx,f1eac9e09e90c47fe98e22784303079d9c689d4890ea090235fae6fc9587c1ad,Blank,J28,28,10,int,1
lenovo_gwi_core_tech_brands_crosstab_export_2026-06-09.xlsx,f1eac9e09e90c47fe98e22784303079d9c689d4890ea090235fae6fc9587c1ad,Blank,K28,28,11,int,1
lenovo_gwi_core_tech_brands_crosstab_export_2026-06-09.xlsx,f1eac9e09e90c47fe98e22784303079d9c689d4890ea090235fae6fc9587c1ad,Blank,L28,28,12,int,1
lenovo_gwi_core_tech_brands_crosstab_export_2026-06-09.xlsx,f1eac9e09e90c47fe98e22784303079d9c689d4890ea090235fae6fc9587c1ad,Blank,M28,28,13,int,1
lenovo_gwi_core_tech_brands_crosstab_export_2026-06-09.xlsx,f1eac9e09e90c47fe98e22784303079d9c689d4890ea090235fae6fc9587c1ad,Blank,N28,28,14,int,1
lenovo_gwi_core_tech_brands_crosstab_export_2026-06-09.xlsx,f1eac9e09e90c47fe98e22784303079d9c689d4890ea090235fae6fc9587c1ad,Blank,O28,28,15,int,1
lenovo_gwi_core_tech_brands_crosstab_export_2026-06-09.xlsx,f1eac9e09e90c47fe98e22784303079d9c689d4890ea090235fae6fc9587c1ad,Blank,P28,28,16,int,1
lenovo_gwi_core_tech_brands_crosstab_export_2026-06-09.xlsx,f1eac9e09e90c47fe98e22784303079d9c689d4890ea090235fae6fc9587c1ad,Blank,Q28,28,17,int,1
lenovo_gwi_core_tech_brands_crosstab_export_2026-06-09.xlsx,f1eac9e09e90c47fe98e22784303079d9c689d4890ea090235fae6fc9587c1ad,Blank,R28,28,18,int,1
lenovo_gwi_core_tech_brands_crosstab_export_2026-06-09.xlsx,f1eac9e09e90c47fe98e22784303079d9c689d4890ea090235fae6fc9587c1ad,Blank,S28,28,19,int,1
lenovo_gwi_core_tech_brands_crosstab_export_2026-06-09.xlsx,f1eac9e09e90c47fe98e22784303079d9c689d4890ea090235fae6fc9587c1ad,Blank,T28,28,20,int,1
lenovo_gwi_core_tech_brands_crosstab_export_2026-06-09.xlsx,f1eac9e09e90c47fe98e22784303079d9c689d4890ea090235fae6fc9587c1ad,Blank,U28,28,21,int,1
lenovo_gwi_core_tech_brands_crosstab_export_2026-06-09.xlsx,f1eac9e09e90c47fe98e22784303079d9c689d4890ea090235fae6fc9587c1ad,Blank,V28,28,22,int,1
lenovo_gwi_core_tech_brands_crosstab_export_2026-06-09.xlsx,f1eac9e09e90c47fe98e22784303079d9c689d4890ea090235fae6fc9587c1ad,Blank,W28,28,23,int,1
lenovo_gwi_core_tech_brands_crosstab_export_2026-06-09.xlsx,f1eac9e09e90c47fe98e22784303079d9c689d4890ea090235fae6fc9587c1ad,Blank,X28,28,24,int,1
lenovo_gwi_core_tech_brands_crosstab_export_2026-06-09.xlsx,f1eac9e09e90c47fe98e22784303079d9c689d4890ea090235fae6fc9587c1ad,Blank,Y28,28,25,int,1
lenovo_gwi_core_tech_brands_crosstab_export_2026-06-09.xlsx,f1eac9e09e90c47fe98e22784303079d9c689d4890ea090235fae6fc9587c1ad,Blank,Z28,28,26,int,1
lenovo_gwi_core_tech_brands_crosstab_export_2026-06-09.xlsx,f1eac9e09e90c47fe98e22784303079d9c689d4890ea090235fae6fc9587c1ad,Blank,AA28,28,27,int,1
lenovo_gwi_core_tech_brands_crosstab_export_2026-06-09.xlsx,f1eac9e09e90c47fe98e22784303079d9c689d4890ea090235fae6fc9587c1ad,Blank,AB28,28,28,int,1
lenovo_gwi_core_tech_brands_crosstab_export_2026-06-09.xlsx,f1eac9e09e90c47fe98e22784303079d9c689d4890ea090235fae6fc9587c1ad,Blank,AC28,28,29,int,1
lenovo_gwi_core_tech_brands_crosstab_export_2026-06-09.xlsx,f1eac9e09e90c47fe98e22784303079d9c689d4890ea090235fae6fc9587c1ad,Blank,AD28,28,30,int,1
lenovo_gwi_core_tech_brands_crosstab_export_2026-06-09.xlsx,f1eac9e09e90c47fe98e22784303079d9c689d4890ea090235fae6fc9587c1ad,Blank,AE28,28,31,int,1
lenovo_gwi_core_tech_brands_crosstab_export_2026-06-09.xlsx,f1eac9e09e90c47fe98e22784303079d9c689d4890ea090235fae6fc9587c1ad,Blank,AF28,28,32,int,1
lenovo_gwi_core_tech_brands_crosstab_export_2026-06-09.xlsx,f1eac9e09e90c47fe98e22784303079d9c689d4890ea090235fae6fc9587c1ad,Blank,AG28,28,33,int,1
lenovo_gwi_core_tech_brands_crosstab_export_2026-06-09.xlsx,f1eac9e09e90c47fe98e22784303079d9c689d4890ea090235fae6fc9587c1ad,Blank,AH28,28,34,int,1
lenovo_gwi_core_tech_brands_crosstab_export_2026-06-09.xlsx,f1eac9e09e90c47fe98e22784303079d9c689d4890ea090235fae6fc9587c1ad,Blank,AI28,28,35,int,1
lenovo_gwi_core_tech_brands_crosstab_export_2026-06-09.xlsx,f1eac9e09e90c47fe98e22784303079d9c689d4890ea090235fae6fc9587c1ad,Blank,AJ28,28,36,int,1
lenovo_gwi_core_tech_brands_crosstab_export_2026-06-09.xlsx,f1eac9e09e90c47fe98e22784303079d9c689d4890ea090235fae6fc9587c1ad,Blank,AK28,28,37,int,1
lenovo_gwi_core_tech_brands_crosstab_export_2026-06-09.xlsx,f1eac9e09e90c47fe98e22784303079d9c689d4890ea090235fae6fc9587c1ad,Blank,AL28,28,38,int,1
lenovo_gwi_core_tech_brands_crosstab_export_2026-06-09.xlsx,f1eac9e09e90c47fe98e22784303079d9c689d4890ea090235fae6fc9587c1ad,Blank,AM28,28,39,int,1
lenovo_gwi_core_tech_brands_crosstab_export_2026-06-09.xlsx,f1eac9e09e90c47fe98e22784303079d9c689d4890ea090235fae6fc9587c1ad,Blank,AN28,28,40,int,1
lenovo_gwi_core_tech_brands_crosstab_export_2026-06-09.xlsx,f1eac9e09e90c47fe98e22784303079d9c689d4890ea090235fae6fc9587c1ad,Blank,AO28,28,41,int,1
lenovo_gwi_core_tech_brands_crosstab_export_2026-06-09.xlsx,f1eac9e09e90c47fe98e22784303079d9c689d4890ea090235fae6fc9587c1ad,Blank,AP28,28,42,int,1
lenovo_gwi_core_tech_brands_crosstab_export_2026-06-09.xlsx,f1eac9e09e90c47fe98e22784303079d9c689d4890ea090235fae6fc9587c1ad,Blank,D29,29,4,str,Index
lenovo_gwi_core_tech_brands_crosstab_export_2026-06-09.xlsx,f1eac9e09e90c47fe98e22784303079d9c689d4890ea090235fae6fc9587c1ad,Blank,E29,29,5,int,100
lenovo_gwi_core_tech_brands_crosstab_export_2026-06-09.xlsx,f1eac9e09e90c47fe98e22784303079d9c689d4890ea090235fae6fc9587c1ad,Blank,F29,29,6,int,100
lenovo_gwi_core_tech_brands_crosstab_export_2026-06-09.xlsx,f1eac9e09e90c47fe98e22784303079d9c689d4890ea090235fae6fc9587c1ad,Blank,G29,29,7,int,100
lenovo_gwi_core_tech_brands_crosstab_export_2026-06-09.xlsx,f1eac9e09e90c47fe98e22784303079d9c689d4890ea090235fae6fc9587c1ad,Blank,H29,29,8,int,100
lenovo_gwi_core_tech_brands_crosstab_export_2026-06-09.xlsx,f1eac9e09e90c47fe98e22784303079d9c689d4890ea090235fae6fc9587c1ad,Blank,I29,29,9,int,100
lenovo_gwi_core_tech_brands_crosstab_export_2026-06-09.xlsx,f1eac9e09e90c47fe98e22784303079d9c689d4890ea090235fae6fc9587c1ad,Blank,J29,29,10,int,100
lenovo_gwi_core_tech_brands_crosstab_export_2026-06-09.xlsx,f1eac9e09e90c47fe98e22784303079d9c689d4890ea090235fae6fc9587c1ad,Blank,K29,29,11,int,100
lenovo_gwi_core_tech_brands_crosstab_export_2026-06-09.xlsx,f1eac9e09e90c47fe98e22784303079d9c689d4890ea090235fae6fc9587c1ad,Blank,L29,29,12,int,100
lenovo_gwi_core_tech_brands_crosstab_export_2026-06-09.xlsx,f1eac9e09e90c47fe98e22784303079d9c689d4890ea090235fae6fc9587c1ad,Blank,M29,29,13,int,100
lenovo_gwi_core_tech_brands_crosstab_export_2026-06-09.xlsx,f1eac9e09e90c47fe98e22784303079d9c689d4890ea090235fae6fc9587c1ad,Blank,N29,29,14,int,100
lenovo_gwi_core_tech_brands_crosstab_export_2026-06-09.xlsx,f1eac9e09e90c47fe98e22784303079d9c689d4890ea090235fae6fc9587c1ad,Blank,O29,29,15,int,100
lenovo_gwi_core_tech_brands_crosstab_export_2026-06-09.xlsx,f1eac9e09e90c47fe98e22784303079d9c689d4890ea090235fae6fc9587c1ad,Blank,P29,29,16,int,100
lenovo_gwi_core_tech_brands_crosstab_export_2026-06-09.xlsx,f1eac9e09e90c47fe98e22784303079d9c689d4890ea090235fae6fc9587c1ad,Blank,Q29,29,17,int,100
lenovo_gwi_core_tech_brands_crosstab_export_2026-06-09.xlsx,f1eac9e09e90c47fe98e22784303079d9c689d4890ea090235fae6fc9587c1ad,Blank,R29,29,18,int,100
lenovo_gwi_core_tech_brands_crosstab_export_2026-06-09.xlsx,f1eac9e09e90c47fe98e22784303079d9c689d4890ea090235fae6fc9587c1ad,Blank,S29,29,19,int,100
lenovo_gwi_core_tech_brands_crosstab_export_2026-06-09.xlsx,f1eac9e09e90c47fe98e22784303079d9c689d4890ea090235fae6fc9587c1ad,Blank,T29,29,20,int,100
lenovo_gwi_core_tech_brands_crosstab_export_2026-06-09.xlsx,f1eac9e09e90c47fe98e22784303079d9c689d4890ea090235fae6fc9587c1ad,Blank,U29,29,21,int,100
lenovo_gwi_core_tech_brands_crosstab_export_2026-06-09.xlsx,f1eac9e09e90c47fe98e22784303079d9c689d4890ea090235fae6fc9587c1ad,Blank,V29,29,22,int,100
lenovo_gwi_core_tech_brands_crosstab_export_2026-06-09.xlsx,f1eac9e09e90c47fe98e22784303079d9c689d4890ea090235fae6fc9587c1ad,Blank,W29,29,23,int,100
lenovo_gwi_core_tech_brands_crosstab_export_2026-06-09.xlsx,f1eac9e09e90c47fe98e22784303079d9c689d4890ea090235fae6fc9587c1ad,Blank,X29,29,24,int,100
lenovo_gwi_core_tech_brands_crosstab_export_2026-06-09.xlsx,f1eac9e09e90c47fe98e22784303079d9c689d4890ea090235fae6fc9587c1ad,Blank,Y29,29,25,int,100
lenovo_gwi_core_tech_brands_crosstab_export_2026-06-09.xlsx,f1eac9e09e90c47fe98e22784303079d9c689d4890ea090235fae6fc9587c1ad,Blank,Z29,29,26,int,100
lenovo_gwi_core_tech_brands_crosstab_export_2026-06-09.xlsx,f1eac9e09e90c47fe98e22784303079d9c689d4890ea090235fae6fc9587c1ad,Blank,AA29,29,27,int,100
lenovo_gwi_core_tech_brands_crosstab_export_2026-06-09.xlsx,f1eac9e09e90c47fe98e22784303079d9c689d4890ea090235fae6fc9587c1ad,Blank,AB29,29,28,int,100
lenovo_gwi_core_tech_brands_crosstab_export_2026-06-09.xlsx,f1eac9e09e90c47fe98e22784303079d9c689d4890ea090235fae6fc9587c1ad,Blank,AC29,29,29,int,100
lenovo_gwi_core_tech_brands_crosstab_export_2026-06-09.xlsx,f1eac9e09e90c47fe98e22784303079d9c689d4890ea090235fae6fc9587c1ad,Blank,AD29,29,30,int,100
lenovo_gwi_core_tech_brands_crosstab_export_2026-06-09.xlsx,f1eac9e09e90c47fe98e22784303079d9c689d4890ea090235fae6fc9587c1ad,Blank,AE29,29,31,int,100
lenovo_gwi_core_tech_brands_crosstab_export_2026-06-09.xlsx,f1eac9e09e90c47fe98e22784303079d9c689d4890ea090235fae6fc9587c1ad,Blank,AF29,29,32,int,100
lenovo_gwi_core_tech_brands_crosstab_export_2026-06-09.xlsx,f1eac9e09e90c47fe98e22784303079d9c689d4890ea090235fae6fc9587c1ad,Blank,AG29,29,33,int,100
lenovo_gwi_core_tech_brands_crosstab_export_2026-06-09.xlsx,f1eac9e09e90c47fe98e22784303079d9c689d4890ea090235fae6fc9587c1ad,Blank,AH29,29,34,int,100
lenovo_gwi_core_tech_brands_crosstab_export_2026-06-09.xlsx,f1eac9e09e90c47fe98e22784303079d9c689d4890ea090235fae6fc9587c1ad,Blank,AI29,29,35,int,100
lenovo_gwi_core_tech_brands_crosstab_export_2026-06-09.xlsx,f1eac9e09e90c47fe98e22784303079d9c689d4890ea090235fae6fc9587c1ad,Blank,AJ29,29,36,int,100
lenovo_gwi_core_tech_brands_crosstab_export_2026-06-09.xlsx,f1eac9e09e90c47fe98e22784303079d9c689d4890ea090235fae6fc9587c1ad,Blank,AK29,29,37,int,100
lenovo_gwi_core_tech_brands_crosstab_export_2026-06-09.xlsx,f1eac9e09e90c47fe98e22784303079d9c689d4890ea090235fae6fc9587c1ad,Blank,AL29,29,38,int,100
lenovo_gwi_core_tech_brands_crosstab_export_2026-06-09.xlsx,f1eac9e09e90c47fe98e22784303079d9c689d4890ea090235fae6fc9587c1ad,Blank,AM29,29,39,int,100
lenovo_gwi_core_tech_brands_crosstab_export_2026-06-09.xlsx,f1eac9e09e90c47fe98e22784303079d9c689d4890ea090235fae6fc9587c1ad,Blank,AN29,29,40,int,100
lenovo_gwi_core_tech_brands_crosstab_export_2026-06-09.xlsx,f1eac9e09e90c47fe98e22784303079d9c689d4890ea090235fae6fc9587c1ad,Blank,AO29,29,41,int,100
lenovo_gwi_core_tech_brands_crosstab_export_2026-06-09.xlsx,f1eac9e09e90c47fe98e22784303079d9c689d4890ea090235fae6fc9587c1ad,Blank,AP29,29,42,int,100
lenovo_gwi_core_tech_brands_crosstab_export_2026-06-09.xlsx,f1eac9e09e90c47fe98e22784303079d9c689d4890ea090235fae6fc9587c1ad,Foglio1,A1,1,1,str,Question
lenovo_gwi_core_tech_brands_crosstab_export_2026-06-09.xlsx,f1eac9e09e90c47fe98e22784303079d9c689d4890ea090235fae6fc9587c1ad,Foglio1,B1,1,2,str,
lenovo_gwi_core_tech_brands_crosstab_export_2026-06-09.xlsx,f1eac9e09e90c47fe98e22784303079d9c689d4890ea090235fae6fc9587c1ad,Foglio1,C1,1,3,str,
lenovo_gwi_core_tech_brands_crosstab_export_2026-06-09.xlsx,f1eac9e09e90c47fe98e22784303079d9c689d4890ea090235fae6fc9587c1ad,Foglio1,D1,1,4,str,
lenovo_gwi_core_tech_brands_crosstab_export_2026-06-09.xlsx,f1eac9e09e90c47fe98e22784303079d9c689d4890ea090235fae6fc9587c1ad,Foglio1,E1,1,5,str,Survey Waves
lenovo_gwi_core_tech_brands_crosstab_export_2026-06-09.xlsx,f1eac9e09e90c47fe98e22784303079d9c689d4890ea090235fae6fc9587c1ad,Foglio1,F1,1,6,str,Survey Waves
lenovo_gwi_core_tech_brands_crosstab_export_2026-06-09.xlsx,f1eac9e09e90c47fe98e22784303079d9c689d4890ea090235fae6fc9587c1ad,Foglio1,G1,1,7,str,Survey Waves
lenovo_gwi_core_tech_brands_crosstab_export_2026-06-09.xlsx,f1eac9e09e90c47fe98e22784303079d9c689d4890ea090235fae6fc9587c1ad,Foglio1,H1,1,8,str,Survey Waves
lenovo_gwi_core_tech_brands_crosstab_export_2026-06-09.xlsx,f1eac9e09e90c47fe98e22784303079d9c689d4890ea090235fae6fc9587c1ad,Foglio1,I1,1,9,str,Survey Waves
lenovo_gwi_core_tech_brands_crosstab_export_2026-06-09.xlsx,f1eac9e09e90c47fe98e22784303079d9c689d4890ea090235fae6fc9587c1ad,Foglio1,J1,1,10,str,Survey Waves
lenovo_gwi_core_tech_brands_crosstab_export_2026-06-09.xlsx,f1eac9e09e90c47fe98e22784303079d9c689d4890ea090235fae6fc9587c1ad,Foglio1,K1,1,11,str,Survey Waves
lenovo_gwi_core_tech_brands_crosstab_export_2026-06-09.xlsx,f1eac9e09e90c47fe98e22784303079d9c689d4890ea090235fae6fc9587c1ad,Foglio1,L1,1,12,str,Survey Waves
lenovo_gwi_core_tech_brands_crosstab_export_2026-06-09.xlsx,f1eac9e09e90c47fe98e22784303079d9c689d4890ea090235fae6fc9587c1ad,Foglio1,M1,1,13,str,Survey Waves
lenovo_gwi_core_tech_brands_crosstab_export_2026-06-09.xlsx,f1eac9e09e90c47fe98e22784303079d9c689d4890ea090235fae6fc9587c1ad,Foglio1,N1,1,14,str,Survey Waves
lenovo_gwi_core_tech_brands_crosstab_export_2026-06-09.xlsx,f1eac9e09e90c47fe98e22784303079d9c689d4890ea090235fae6fc9587c1ad,Foglio1,O1,1,15,str,Survey Waves
lenovo_gwi_core_tech_brands_crosstab_export_2026-06-09.xlsx,f1eac9e09e90c47fe98e22784303079d9c689d4890ea090235fae6fc9587c1ad,Foglio1,P1,1,16,str,Survey Waves
lenovo_gwi_core_tech_brands_crosstab_export_2026-06-09.xlsx,f1eac9e09e90c47fe98e22784303079d9c689d4890ea090235fae6fc9587c1ad,Foglio1,Q1,1,17,str,Survey Waves
lenovo_gwi_core_tech_brands_crosstab_export_2026-06-09.xlsx,f1eac9e09e90c47fe98e22784303079d9c689d4890ea090235fae6fc9587c1ad,Foglio1,R1,1,18,str,Survey Waves
lenovo_gwi_core_tech_brands_crosstab_export_2026-06-09.xlsx,f1eac9e09e90c47fe98e22784303079d9c689d4890ea090235fae6fc9587c1ad,Foglio1,S1,1,19,str,Survey Waves
lenovo_gwi_core_tech_brands_crosstab_export_2026-06-09.xlsx,f1eac9e09e90c47fe98e22784303079d9c689d4890ea090235fae6fc9587c1ad,Foglio1,T1,1,20,str,Survey Waves
lenovo_gwi_core_tech_brands_crosstab_export_2026-06-09.xlsx,f1eac9e09e90c47fe98e22784303079d9c689d4890ea090235fae6fc9587c1ad,Foglio1,U1,1,21,str,Survey Waves
lenovo_gwi_core_tech_brands_crosstab_export_2026-06-09.xlsx,f1eac9e09e90c47fe98e22784303079d9c689d4890ea090235fae6fc9587c1ad,Foglio1,V1,1,22,str,Survey Waves
lenovo_gwi_core_tech_brands_crosstab_export_2026-06-09.xlsx,f1eac9e09e90c47fe98e22784303079d9c689d4890ea090235fae6fc9587c1ad,Foglio1,W1,1,23,str,Survey Waves
lenovo_gwi_core_tech_brands_crosstab_export_2026-06-09.xlsx,f1eac9e09e90c47fe98e22784303079d9c689d4890ea090235fae6fc9587c1ad,Foglio1,X1,1,24,str,Survey Waves
lenovo_gwi_core_tech_brands_crosstab_export_2026-06-09.xlsx,f1eac9e09e90c47fe98e22784303079d9c689d4890ea090235fae6fc9587c1ad,Foglio1,Y1,1,25,str,Survey Waves
lenovo_gwi_core_tech_brands_crosstab_export_2026-06-09.xlsx,f1eac9e09e90c47fe98e22784303079d9c689d4890ea090235fae6fc9587c1ad,Foglio1,Z1,1,26,str,Survey Waves
lenovo_gwi_core_tech_brands_crosstab_export_2026-06-09.xlsx,f1eac9e09e90c47fe98e22784303079d9c689d4890ea090235fae6fc9587c1ad,Foglio1,AA1,1,27,str,Survey Waves
lenovo_gwi_core_tech_brands_crosstab_export_2026-06-09.xlsx,f1eac9e09e90c47fe98e22784303079d9c689d4890ea090235fae6fc9587c1ad,Foglio1,AB1,1,28,str,Survey Waves
lenovo_gwi_core_tech_brands_crosstab_export_2026-06-09.xlsx,f1eac9e09e90c47fe98e22784303079d9c689d4890ea090235fae6fc9587c1ad,Foglio1,AC1,1,29,str,Survey Waves
lenovo_gwi_core_tech_brands_crosstab_export_2026-06-09.xlsx,f1eac9e09e90c47fe98e22784303079d9c689d4890ea090235fae6fc9587c1ad,Foglio1,AD1,1,30,str,Survey Waves
lenovo_gwi_core_tech_brands_crosstab_export_2026-06-09.xlsx,f1eac9e09e90c47fe98e22784303079d9c689d4890ea090235fae6fc9587c1ad,Foglio1,AE1,1,31,str,Survey Waves
lenovo_gwi_core_tech_brands_crosstab_export_2026-06-09.xlsx,f1eac9e09e90c47fe98e22784303079d9c689d4890ea090235fae6fc9587c1ad,Foglio1,AF1,1,32,str,Survey Waves
lenovo_gwi_core_tech_brands_crosstab_export_2026-06-09.xlsx,f1eac9e09e90c47fe98e22784303079d9c689d4890ea090235fae6fc9587c1ad,Foglio1,AG1,1,33,str,Survey Waves
lenovo_gwi_core_tech_brands_crosstab_export_2026-06-09.xlsx,f1eac9e09e90c47fe98e22784303079d9c689d4890ea090235fae6fc9587c1ad,Foglio1,AH1,1,34,str,Survey Waves
lenovo_gwi_core_tech_brands_crosstab_export_2026-06-09.xlsx,f1eac9e09e90c47fe98e22784303079d9c689d4890ea090235fae6fc9587c1ad,Foglio1,AI1,1,35,str,Survey Waves
lenovo_gwi_core_tech_brands_crosstab_export_2026-06-09.xlsx,f1eac9e09e90c47fe98e22784303079d9c689d4890ea090235fae6fc9587c1ad,Foglio1,AJ1,1,36,str,Survey Waves
lenovo_gwi_core_tech_brands_crosstab_export_2026-06-09.xlsx,f1eac9e09e90c47fe98e22784303079d9c689d4890ea090235fae6fc9587c1ad,Foglio1,AK1,1,37,str,Survey Waves
lenovo_gwi_core_tech_brands_crosstab_export_2026-06-09.xlsx,f1eac9e09e90c47fe98e22784303079d9c689d4890ea090235fae6fc9587c1ad,Foglio1,AL1,1,38,str,Survey Waves
lenovo_gwi_core_tech_brands_crosstab_export_2026-06-09.xlsx,f1eac9e09e90c47fe98e22784303079d9c689d4890ea090235fae6fc9587c1ad,Foglio1,AM1,1,39,str,Survey Waves
lenovo_gwi_core_tech_brands_crosstab_export_2026-06-09.xlsx,f1eac9e09e90c47fe98e22784303079d9c689d4890ea090235fae6fc9587c1ad,Foglio1,AN1,1,40,str,Survey Waves
lenovo_gwi_core_tech_brands_crosstab_export_2026-06-09.xlsx,f1eac9e09e90c47fe98e22784303079d9c689d4890ea090235fae6fc9587c1ad,Foglio1,AO1,1,41,str,Survey Waves
lenovo_gwi_core_tech_brands_crosstab_export_2026-06-09.xlsx,f1eac9e09e90c47fe98e22784303079d9c689d4890ea090235fae6fc9587c1ad,Foglio1,A2,2,1,str,
lenovo_gwi_core_tech_brands_crosstab_export_2026-06-09.xlsx,f1eac9e09e90c47fe98e22784303079d9c689d4890ea090235fae6fc9587c1ad,Foglio1,B2,2,2,str,Name
lenovo_gwi_core_tech_brands_crosstab_export_2026-06-09.xlsx,f1eac9e09e90c47fe98e22784303079d9c689d4890ea090235fae6fc9587c1ad,Foglio1,C2,2,3,str,Metric
lenovo_gwi_core_tech_brands_crosstab_export_2026-06-09.xlsx,f1eac9e09e90c47fe98e22784303079d9c689d4890ea090235fae6fc9587c1ad,Foglio1,D2,2,4,str,Totals
lenovo_gwi_core_tech_brands_crosstab_export_2026-06-09.xlsx,f1eac9e09e90c47fe98e22784303079d9c689d4890ea090235fae6fc9587c1ad,Foglio1,E2,2,5,str,Q1 2017 (Survey Waves)
lenovo_gwi_core_tech_brands_crosstab_export_2026-06-09.xlsx,f1eac9e09e90c47fe98e22784303079d9c689d4890ea090235fae6fc9587c1ad,Foglio1,F2,2,6,str,Q2 2017 (Survey Waves)
lenovo_gwi_core_tech_brands_crosstab_export_2026-06-09.xlsx,f1eac9e09e90c47fe98e22784303079d9c689d4890ea090235fae6fc9587c1ad,Foglio1,G2,2,7,str,Q3 2017 (Survey Waves)
lenovo_gwi_core_tech_brands_crosstab_export_2026-06-09.xlsx,f1eac9e09e90c47fe98e22784303079d9c689d4890ea090235fae6fc9587c1ad,Foglio1,H2,2,8,str,Q4 2017 (Survey Waves)
lenovo_gwi_core_tech_brands_crosstab_export_2026-06-09.xlsx,f1eac9e09e90c47fe98e22784303079d9c689d4890ea090235fae6fc9587c1ad,Foglio1,I2,2,9,str,Q1 2018 (Survey Waves)
lenovo_gwi_core_tech_brands_crosstab_export_2026-06-09.xlsx,f1eac9e09e90c47fe98e22784303079d9c689d4890ea090235fae6fc9587c1ad,Foglio1,J2,2,10,str,Q2 2018 (Survey Waves)
lenovo_gwi_core_tech_brands_crosstab_export_2026-06-09.xlsx,f1eac9e09e90c47fe98e22784303079d9c689d4890ea090235fae6fc9587c1ad,Foglio1,K2,2,11,str,Q3 2018 (Survey Waves)
lenovo_gwi_core_tech_brands_crosstab_export_2026-06-09.xlsx,f1eac9e09e90c47fe98e22784303079d9c689d4890ea090235fae6fc9587c1ad,Foglio1,L2,2,12,str,Q4 2018 (Survey Waves)
lenovo_gwi_core_tech_brands_crosstab_export_2026-06-09.xlsx,f1eac9e09e90c47fe98e22784303079d9c689d4890ea090235fae6fc9587c1ad,Foglio1,M2,2,13,str,Q1 2019 (Survey Waves)
lenovo_gwi_core_tech_brands_crosstab_export_2026-06-09.xlsx,f1eac9e09e90c47fe98e22784303079d9c689d4890ea090235fae6fc9587c1ad,Foglio1,N2,2,14,str,Q2 2019 (Survey Waves)
lenovo_gwi_core_tech_brands_crosstab_export_2026-06-09.xlsx,f1eac9e09e90c47fe98e22784303079d9c689d4890ea090235fae6fc9587c1ad,Foglio1,O2,2,15,str,Q3 2019 (Survey Waves)
lenovo_gwi_core_tech_brands_crosstab_export_2026-06-09.xlsx,f1eac9e09e90c47fe98e22784303079d9c689d4890ea090235fae6fc9587c1ad,Foglio1,P2,2,16,str,Q4 2019 (Survey Waves)
lenovo_gwi_core_tech_brands_crosstab_export_2026-06-09.xlsx,f1eac9e09e90c47fe98e22784303079d9c689d4890ea090235fae6fc9587c1ad,Foglio1,Q2,2,17,str,Q1 2020 (Survey Waves)
lenovo_gwi_core_tech_brands_crosstab_export_2026-06-09.xlsx,f1eac9e09e90c47fe98e22784303079d9c689d4890ea090235fae6fc9587c1ad,Foglio1,R2,2,18,str,Q2 2020 (Survey Waves)
lenovo_gwi_core_tech_brands_crosstab_export_2026-06-09.xlsx,f1eac9e09e90c47fe98e22784303079d9c689d4890ea090235fae6fc9587c1ad,Foglio1,S2,2,19,str,Q3 2020 (Survey Waves)
lenovo_gwi_core_tech_brands_crosstab_export_2026-06-09.xlsx,f1eac9e09e90c47fe98e22784303079d9c689d4890ea090235fae6fc9587c1ad,Foglio1,T2,2,20,str,Q4 2020 (Survey Waves)
lenovo_gwi_core_tech_brands_crosstab_export_2026-06-09.xlsx,f1eac9e09e90c47fe98e22784303079d9c689d4890ea090235fae6fc9587c1ad,Foglio1,U2,2,21,str,Q1 2021 (Survey Waves)
lenovo_gwi_core_tech_brands_crosstab_export_2026-06-09.xlsx,f1eac9e09e90c47fe98e22784303079d9c689d4890ea090235fae6fc9587c1ad,Foglio1,V2,2,22,str,Q2 2021 (Survey Waves)
lenovo_gwi_core_tech_brands_crosstab_export_2026-06-09.xlsx,f1eac9e09e90c47fe98e22784303079d9c689d4890ea090235fae6fc9587c1ad,Foglio1,W2,2,23,str,Q3 2021 (Survey Waves)
lenovo_gwi_core_tech_brands_crosstab_export_2026-06-09.xlsx,f1eac9e09e90c47fe98e22784303079d9c689d4890ea090235fae6fc9587c1ad,Foglio1,X2,2,24,str,Q4 2021 (Survey Waves)
lenovo_gwi_core_tech_brands_crosstab_export_2026-06-09.xlsx,f1eac9e09e90c47fe98e22784303079d9c689d4890ea090235fae6fc9587c1ad,Foglio1,Y2,2,25,str,Q1 2022 (Survey Waves)
lenovo_gwi_core_tech_brands_crosstab_export_2026-06-09.xlsx,f1eac9e09e90c47fe98e22784303079d9c689d4890ea090235fae6fc9587c1ad,Foglio1,Z2,2,26,str,Q2 2022 (Survey Waves)
lenovo_gwi_core_tech_brands_crosstab_export_2026-06-09.xlsx,f1eac9e09e90c47fe98e22784303079d9c689d4890ea090235fae6fc9587c1ad,Foglio1,AA2,2,27,str,Q3 2022 (Survey Waves)
lenovo_gwi_core_tech_brands_crosstab_export_2026-06-09.xlsx,f1eac9e09e90c47fe98e22784303079d9c689d4890ea090235fae6fc9587c1ad,Foglio1,AB2,2,28,str,Q4 2022 (Survey Waves)
lenovo_gwi_core_tech_brands_crosstab_export_2026-06-09.xlsx,f1eac9e09e90c47fe98e22784303079d9c689d4890ea090235fae6fc9587c1ad,Foglio1,AC2,2,29,str,Q1 2023 (Survey Waves)
lenovo_gwi_core_tech_brands_crosstab_export_2026-06-09.xlsx,f1eac9e09e90c47fe98e22784303079d9c689d4890ea090235fae6fc9587c1ad,Foglio1,AD2,2,30,str,Q2 2023 (Survey Waves)
lenovo_gwi_core_tech_brands_crosstab_export_2026-06-09.xlsx,f1eac9e09e90c47fe98e22784303079d9c689d4890ea090235fae6fc9587c1ad,Foglio1,AE2,2,31,str,Q3 2023 (Survey Waves)
lenovo_gwi_core_tech_brands_crosstab_export_2026-06-09.xlsx,f1eac9e09e90c47fe98e22784303079d9c689d4890ea090235fae6fc9587c1ad,Foglio1,AF2,2,32,str,Q4 2023 (Survey Waves)
lenovo_gwi_core_tech_brands_crosstab_export_2026-06-09.xlsx,f1eac9e09e90c47fe98e22784303079d9c689d4890ea090235fae6fc9587c1ad,Foglio1,AG2,2,33,str,Q1 2024 (Survey Waves)
lenovo_gwi_core_tech_brands_crosstab_export_2026-06-09.xlsx,f1eac9e09e90c47fe98e22784303079d9c689d4890ea090235fae6fc9587c1ad,Foglio1,AH2,2,34,str,Q2 2024 (Survey Waves)
lenovo_gwi_core_tech_brands_crosstab_export_2026-06-09.xlsx,f1eac9e09e90c47fe98e22784303079d9c689d4890ea090235fae6fc9587c1ad,Foglio1,AI2,2,35,str,Q3 2024 (Survey Waves)
lenovo_gwi_core_tech_brands_crosstab_export_2026-06-09.xlsx,f1eac9e09e90c47fe98e22784303079d9c689d4890ea090235fae6fc9587c1ad,Foglio1,AJ2,2,36,str,Q4 2024 (Survey Waves)
lenovo_gwi_core_tech_brands_crosstab_export_2026-06-09.xlsx,f1eac9e09e90c47fe98e22784303079d9c689d4890ea090235fae6fc9587c1ad,Foglio1,AK2,2,37,str,Q1 2025 (Survey Waves)
lenovo_gwi_core_tech_brands_crosstab_export_2026-06-09.xlsx,f1eac9e09e90c47fe98e22784303079d9c689d4890ea090235fae6fc9587c1ad,Foglio1,AL2,2,38,str,Q2 2025 (Survey Waves)
lenovo_gwi_core_tech_brands_crosstab_export_2026-06-09.xlsx,f1eac9e09e90c47fe98e22784303079d9c689d4890ea090235fae6fc9587c1ad,Foglio1,AM2,2,39,str,Q3 2025 (Survey Waves)
lenovo_gwi_core_tech_brands_crosstab_export_2026-06-09.xlsx,f1eac9e09e90c47fe98e22784303079d9c689d4890ea090235fae6fc9587c1ad,Foglio1,AN2,2,40,str,Q4 2025 (Survey Waves)
lenovo_gwi_core_tech_brands_crosstab_export_2026-06-09.xlsx,f1eac9e09e90c47fe98e22784303079d9c689d4890ea090235fae6fc9587c1ad,Foglio1,AO2,2,41,str,Q1 2026 (Survey Waves)
lenovo_gwi_core_tech_brands_crosstab_export_2026-06-09.xlsx,f1eac9e09e90c47fe98e22784303079d9c689d4890ea090235fae6fc9587c1ad,Foglio1,B3,3,2,str,Totals
lenovo_gwi_core_tech_brands_crosstab_export_2026-06-09.xlsx,f1eac9e09e90c47fe98e22784303079d9c689d4890ea090235fae6fc9587c1ad,Foglio1,C3,3,3,str,Universe
lenovo_gwi_core_tech_brands_crosstab_export_2026-06-09.xlsx,f1eac9e09e90c47fe98e22784303079d9c689d4890ea090235fae6fc9587c1ad,Foglio1,D3,3,4,int,2609522436
lenovo_gwi_core_tech_brands_crosstab_export_2026-06-09.xlsx,f1eac9e09e90c47fe98e22784303079d9c689d4890ea090235fae6fc9587c1ad,Foglio1,E3,3,5,int,2070674908
lenovo_gwi_core_tech_brands_crosstab_export_2026-06-09.xlsx,f1eac9e09e90c47fe98e22784303079d9c689d4890ea090235fae6fc9587c1ad,Foglio1,F3,3,6,int,2085976982
lenovo_gwi_core_tech_brands_crosstab_export_2026-06-09.xlsx,f1eac9e09e90c47fe98e22784303079d9c689d4890ea090235fae6fc9587c1ad,Foglio1,G3,3,7,int,2101354340
lenovo_gwi_core_tech_brands_crosstab_export_2026-06-09.xlsx,f1eac9e09e90c47fe98e22784303079d9c689d4890ea090235fae6fc9587c1ad,Foglio1,H3,3,8,int,2127537995
lenovo_gwi_core_tech_brands_crosstab_export_2026-06-09.xlsx,f1eac9e09e90c47fe98e22784303079d9c689d4890ea090235fae6fc9587c1ad,Foglio1,I3,3,9,int,2176008070
lenovo_gwi_core_tech_brands_crosstab_export_2026-06-09.xlsx,f1eac9e09e90c47fe98e22784303079d9c689d4890ea090235fae6fc9587c1ad,Foglio1,J3,3,10,int,2251822546
lenovo_gwi_core_tech_brands_crosstab_export_2026-06-09.xlsx,f1eac9e09e90c47fe98e22784303079d9c689d4890ea090235fae6fc9587c1ad,Foglio1,K3,3,11,int,2251822548
lenovo_gwi_core_tech_brands_crosstab_export_2026-06-09.xlsx,f1eac9e09e90c47fe98e22784303079d9c689d4890ea090235fae6fc9587c1ad,Foglio1,L3,3,12,int,2309003663
lenovo_gwi_core_tech_brands_crosstab_export_2026-06-09.xlsx,f1eac9e09e90c47fe98e22784303079d9c689d4890ea090235fae6fc9587c1ad,Foglio1,M3,3,13,int,2341993578
lenovo_gwi_core_tech_brands_crosstab_export_2026-06-09.xlsx,f1eac9e09e90c47fe98e22784303079d9c689d4890ea090235fae6fc9587c1ad,Foglio1,N3,3,14,int,2375701544
lenovo_gwi_core_tech_brands_crosstab_export_2026-06-09.xlsx,f1eac9e09e90c47fe98e22784303079d9c689d4890ea090235fae6fc9587c1ad,Foglio1,O3,3,15,int,2413552571
lenovo_gwi_core_tech_brands_crosstab_export_2026-06-09.xlsx,f1eac9e09e90c47fe98e22784303079d9c689d4890ea090235fae6fc9587c1ad,Foglio1,P3,3,16,int,2448397115
lenovo_gwi_core_tech_brands_crosstab_export_2026-06-09.xlsx,f1eac9e09e90c47fe98e22784303079d9c689d4890ea090235fae6fc9587c1ad,Foglio1,Q3,3,17,int,2470388918
lenovo_gwi_core_tech_brands_crosstab_export_2026-06-09.xlsx,f1eac9e09e90c47fe98e22784303079d9c689d4890ea090235fae6fc9587c1ad,Foglio1,R3,3,18,int,2489655074
lenovo_gwi_core_tech_brands_crosstab_export_2026-06-09.xlsx,f1eac9e09e90c47fe98e22784303079d9c689d4890ea090235fae6fc9587c1ad,Foglio1,S3,3,19,int,2513135201
lenovo_gwi_core_tech_brands_crosstab_export_2026-06-09.xlsx,f1eac9e09e90c47fe98e22784303079d9c689d4890ea090235fae6fc9587c1ad,Foglio1,T3,3,20,int,2542539048
lenovo_gwi_core_tech_brands_crosstab_export_2026-06-09.xlsx,f1eac9e09e90c47fe98e22784303079d9c689d4890ea090235fae6fc9587c1ad,Foglio1,U3,3,21,int,2564253260
lenovo_gwi_core_tech_brands_crosstab_export_2026-06-09.xlsx,f1eac9e09e90c47fe98e22784303079d9c689d4890ea090235fae6fc9587c1ad,Foglio1,V3,3,22,int,2585967473
lenovo_gwi_core_tech_brands_crosstab_export_2026-06-09.xlsx,f1eac9e09e90c47fe98e22784303079d9c689d4890ea090235fae6fc9587c1ad,Foglio1,W3,3,23,int,2607681685
lenovo_gwi_core_tech_brands_crosstab_export_2026-06-09.xlsx,f1eac9e09e90c47fe98e22784303079d9c689d4890ea090235fae6fc9587c1ad,Foglio1,X3,3,24,int,2629395898
lenovo_gwi_core_tech_brands_crosstab_export_2026-06-09.xlsx,f1eac9e09e90c47fe98e22784303079d9c689d4890ea090235fae6fc9587c1ad,Foglio1,Y3,3,25,int,2637966886
lenovo_gwi_core_tech_brands_crosstab_export_2026-06-09.xlsx,f1eac9e09e90c47fe98e22784303079d9c689d4890ea090235fae6fc9587c1ad,Foglio1,Z3,3,26,int,2640106294
lenovo_gwi_core_tech_brands_crosstab_export_2026-06-09.xlsx,f1eac9e09e90c47fe98e22784303079d9c689d4890ea090235fae6fc9587c1ad,Foglio1,AA3,3,27,int,2657286779
lenovo_gwi_core_tech_brands_crosstab_export_2026-06-09.xlsx,f1eac9e09e90c47fe98e22784303079d9c689d4890ea090235fae6fc9587c1ad,Foglio1,AB3,3,28,int,2659426187
lenovo_gwi_core_tech_brands_crosstab_export_2026-06-09.xlsx,f1eac9e09e90c47fe98e22784303079d9c689d4890ea090235fae6fc9587c1ad,Foglio1,AC3,3,29,int,2696678497
lenovo_gwi_core_tech_brands_crosstab_export_2026-06-09.xlsx,f1eac9e09e90c47fe98e22784303079d9c689d4890ea090235fae6fc9587c1ad,Foglio1,AD3,3,30,int,2723821565
lenovo_gwi_core_tech_brands_crosstab_export_2026-06-09.xlsx,f1eac9e09e90c47fe98e22784303079d9c689d4890ea090235fae6fc9587c1ad,Foglio1,AE3,3,31,int,2753270503
lenovo_gwi_core_tech_brands_crosstab_export_2026-06-09.xlsx,f1eac9e09e90c47fe98e22784303079d9c689d4890ea090235fae6fc9587c1ad,Foglio1,AF3,3,32,int,2780413571
lenovo_gwi_core_tech_brands_crosstab_export_2026-06-09.xlsx,f1eac9e09e90c47fe98e22784303079d9c689d4890ea090235fae6fc9587c1ad,Foglio1,AG3,3,33,int,2905672645
lenovo_gwi_core_tech_brands_crosstab_export_2026-06-09.xlsx,f1eac9e09e90c47fe98e22784303079d9c689d4890ea090235fae6fc9587c1ad,Foglio1,AH3,3,34,int,2937977502
lenovo_gwi_core_tech_brands_crosstab_export_2026-06-09.xlsx,f1eac9e09e90c47fe98e22784303079d9c689d4890ea090235fae6fc9587c1ad,Foglio1,AI3,3,35,int,2974474261
lenovo_gwi_core_tech_brands_crosstab_export_2026-06-09.xlsx,f1eac9e09e90c47fe98e22784303079d9c689d4890ea090235fae6fc9587c1ad,Foglio1,AJ3,3,36,int,3006779024
lenovo_gwi_core_tech_brands_crosstab_export_2026-06-09.xlsx,f1eac9e09e90c47fe98e22784303079d9c689d4890ea090235fae6fc9587c1ad,Foglio1,AK3,3,37,int,3094058310
lenovo_gwi_core_tech_brands_crosstab_export_2026-06-09.xlsx,f1eac9e09e90c47fe98e22784303079d9c689d4890ea090235fae6fc9587c1ad,Foglio1,AL3,3,38,int,3129888606
lenovo_gwi_core_tech_brands_crosstab_export_2026-06-09.xlsx,f1eac9e09e90c47fe98e22784303079d9c689d4890ea090235fae6fc9587c1ad,Foglio1,AM3,3,39,int,3165718902
lenovo_gwi_core_tech_brands_crosstab_export_2026-06-09.xlsx,f1eac9e09e90c47fe98e22784303079d9c689d4890ea090235fae6fc9587c1ad,Foglio1,AN3,3,40,int,3201549198
lenovo_gwi_core_tech_brands_crosstab_export_2026-06-09.xlsx,f1eac9e09e90c47fe98e22784303079d9c689d4890ea090235fae6fc9587c1ad,Foglio1,AO3,3,41,int,3230378995
lenovo_gwi_core_tech_brands_crosstab_export_2026-06-09.xlsx,f1eac9e09e90c47fe98e22784303079d9c689d4890ea090235fae6fc9587c1ad,Foglio1,C4,4,3,str,Responses
lenovo_gwi_core_tech_brands_crosstab_export_2026-06-09.xlsx,f1eac9e09e90c47fe98e22784303079d9c689d4890ea090235fae6fc9587c1ad,Foglio1,D4,4,4,int,6919717
lenovo_gwi_core_tech_brands_crosstab_export_2026-06-09.xlsx,f1eac9e09e90c47fe98e22784303079d9c689d4890ea090235fae6fc9587c1ad,Foglio1,E4,4,5,int,87127
lenovo_gwi_core_tech_brands_crosstab_export_2026-06-09.xlsx,f1eac9e09e90c47fe98e22784303079d9c689d4890ea090235fae6fc9587c1ad,Foglio1,F4,4,6,int,86756
lenovo_gwi_core_tech_brands_crosstab_export_2026-06-09.xlsx,f1eac9e09e90c47fe98e22784303079d9c689d4890ea090235fae6fc9587c1ad,Foglio1,G4,4,7,int,92032
lenovo_gwi_core_tech_brands_crosstab_export_2026-06-09.xlsx,f1eac9e09e90c47fe98e22784303079d9c689d4890ea090235fae6fc9587c1ad,Foglio1,H4,4,8,int,95007
lenovo_gwi_core_tech_brands_crosstab_export_2026-06-09.xlsx,f1eac9e09e90c47fe98e22784303079d9c689d4890ea090235fae6fc9587c1ad,Foglio1,I4,4,9,int,107484
lenovo_gwi_core_tech_brands_crosstab_export_2026-06-09.xlsx,f1eac9e09e90c47fe98e22784303079d9c689d4890ea090235fae6fc9587c1ad,Foglio1,J4,4,10,int,109620
lenovo_gwi_core_tech_brands_crosstab_export_2026-06-09.xlsx,f1eac9e09e90c47fe98e22784303079d9c689d4890ea090235fae6fc9587c1ad,Foglio1,K4,4,11,int,111645
lenovo_gwi_core_tech_brands_crosstab_export_2026-06-09.xlsx,f1eac9e09e90c47fe98e22784303079d9c689d4890ea090235fae6fc9587c1ad,Foglio1,L4,4,12,int,136751
lenovo_gwi_core_tech_brands_crosstab_export_2026-06-09.xlsx,f1eac9e09e90c47fe98e22784303079d9c689d4890ea090235fae6fc9587c1ad,Foglio1,M4,4,13,int,137240
lenovo_gwi_core_tech_brands_crosstab_export_2026-06-09.xlsx,f1eac9e09e90c47fe98e22784303079d9c689d4890ea090235fae6fc9587c1ad,Foglio1,N4,4,14,int,137385
lenovo_gwi_core_tech_brands_crosstab_export_2026-06-09.xlsx,f1eac9e09e90c47fe98e22784303079d9c689d4890ea090235fae6fc9587c1ad,Foglio1,O4,4,15,int,141783
lenovo_gwi_core_tech_brands_crosstab_export_2026-06-09.xlsx,f1eac9e09e90c47fe98e22784303079d9c689d4890ea090235fae6fc9587c1ad,Foglio1,P4,4,16,int,170416
lenovo_gwi_core_tech_brands_crosstab_export_2026-06-09.xlsx,f1eac9e09e90c47fe98e22784303079d9c689d4890ea090235fae6fc9587c1ad,Foglio1,Q4,4,17,int,171885
lenovo_gwi_core_tech_brands_crosstab_export_2026-06-09.xlsx,f1eac9e09e90c47fe98e22784303079d9c689d4890ea090235fae6fc9587c1ad,Foglio1,R4,4,18,int,175570
lenovo_gwi_core_tech_brands_crosstab_export_2026-06-09.xlsx,f1eac9e09e90c47fe98e22784303079d9c689d4890ea090235fae6fc9587c1ad,Foglio1,S4,4,19,int,175601
lenovo_gwi_core_tech_brands_crosstab_export_2026-06-09.xlsx,f1eac9e09e90c47fe98e22784303079d9c689d4890ea090235fae6fc9587c1ad,Foglio1,T4,4,20,int,177337
lenovo_gwi_core_tech_brands_crosstab_export_2026-06-09.xlsx,f1eac9e09e90c47fe98e22784303079d9c689d4890ea090235fae6fc9587c1ad,Foglio1,U4,4,21,int,177572
lenovo_gwi_core_tech_brands_crosstab_export_2026-06-09.xlsx,f1eac9e09e90c47fe98e22784303079d9c689d4890ea090235fae6fc9587c1ad,Foglio1,V4,4,22,int,182588
lenovo_gwi_core_tech_brands_crosstab_export_2026-06-09.xlsx,f1eac9e09e90c47fe98e22784303079d9c689d4890ea090235fae6fc9587c1ad,Foglio1,W4,4,23,int,200159
lenovo_gwi_core_tech_brands_crosstab_export_2026-06-09.xlsx,f1eac9e09e90c47fe98e22784303079d9c689d4890ea090235fae6fc9587c1ad,Foglio1,X4,4,24,int,220908
lenovo_gwi_core_tech_brands_crosstab_export_2026-06-09.xlsx,f1eac9e09e90c47fe98e22784303079d9c689d4890ea090235fae6fc9587c1ad,Foglio1,Y4,4,25,int,239853
lenovo_gwi_core_tech_brands_crosstab_export_2026-06-09.xlsx,f1eac9e09e90c47fe98e22784303079d9c689d4890ea090235fae6fc9587c1ad,Foglio1,Z4,4,26,int,239900
lenovo_gwi_core_tech_brands_crosstab_export_2026-06-09.xlsx,f1eac9e09e90c47fe98e22784303079d9c689d4890ea090235fae6fc9587c1ad,Foglio1,AA4,4,27,int,242430
lenovo_gwi_core_tech_brands_crosstab_export_2026-06-09.xlsx,f1eac9e09e90c47fe98e22784303079d9c689d4890ea090235fae6fc9587c1ad,Foglio1,AB4,4,28,int,239788
lenovo_gwi_core_tech_brands_crosstab_export_2026-06-09.xlsx,f1eac9e09e90c47fe98e22784303079d9c689d4890ea090235fae6fc9587c1ad,Foglio1,AC4,4,29,int,236949
lenovo_gwi_core_tech_brands_crosstab_export_2026-06-09.xlsx,f1eac9e09e90c47fe98e22784303079d9c689d4890ea090235fae6fc9587c1ad,Foglio1,AD4,4,30,int,233551
lenovo_gwi_core_tech_brands_crosstab_export_2026-06-09.xlsx,f1eac9e09e90c47fe98e22784303079d9c689d4890ea090235fae6fc9587c1ad,Foglio1,AE4,4,31,int,235257
lenovo_gwi_core_tech_brands_crosstab_export_2026-06-09.xlsx,f1eac9e09e90c47fe98e22784303079d9c689d4890ea090235fae6fc9587c1ad,Foglio1,AF4,4,32,int,234963
lenovo_gwi_core_tech_brands_crosstab_export_2026-06-09.xlsx,f1eac9e09e90c47fe98e22784303079d9c689d4890ea090235fae6fc9587c1ad,Foglio1,AG4,4,33,int,235077
lenovo_gwi_core_tech_brands_crosstab_export_2026-06-09.xlsx,f1eac9e09e90c47fe98e22784303079d9c689d4890ea090235fae6fc9587c1ad,Foglio1,AH4,4,34,int,235103
lenovo_gwi_core_tech_brands_crosstab_export_2026-06-09.xlsx,f1eac9e09e90c47fe98e22784303079d9c689d4890ea090235fae6fc9587c1ad,Foglio1,AI4,4,35,int,236140
lenovo_gwi_core_tech_brands_crosstab_export_2026-06-09.xlsx,f1eac9e09e90c47fe98e22784303079d9c689d4890ea090235fae6fc9587c1ad,Foglio1,AJ4,4,36,int,236119
lenovo_gwi_core_tech_brands_crosstab_export_2026-06-09.xlsx,f1eac9e09e90c47fe98e22784303079d9c689d4890ea090235fae6fc9587c1ad,Foglio1,AK4,4,37,int,235793
lenovo_gwi_core_tech_brands_crosstab_export_2026-06-09.xlsx,f1eac9e09e90c47fe98e22784303079d9c689d4890ea090235fae6fc9587c1ad,Foglio1,AL4,4,38,int,235926
lenovo_gwi_core_tech_brands_crosstab_export_2026-06-09.xlsx,f1eac9e09e90c47fe98e22784303079d9c689d4890ea090235fae6fc9587c1ad,Foglio1,AM4,4,39,int,235912
lenovo_gwi_core_tech_brands_crosstab_export_2026-06-09.xlsx,f1eac9e09e90c47fe98e22784303079d9c689d4890ea090235fae6fc9587c1ad,Foglio1,AN4,4,40,int,236059
lenovo_gwi_core_tech_brands_crosstab_export_2026-06-09.xlsx,f1eac9e09e90c47fe98e22784303079d9c689d4890ea090235fae6fc9587c1ad,Foglio1,AO4,4,41,int,236031
lenovo_gwi_core_tech_brands_crosstab_export_2026-06-09.xlsx,f1eac9e09e90c47fe98e22784303079d9c689d4890ea090235fae6fc9587c1ad,Foglio1,C5,5,3,str,Column %
lenovo_gwi_core_tech_brands_crosstab_export_2026-06-09.xlsx,f1eac9e09e90c47fe98e22784303079d9c689d4890ea090235fae6fc9587c1ad,Foglio1,D5,5,4,int,1
lenovo_gwi_core_tech_brands_crosstab_export_2026-06-09.xlsx,f1eac9e09e90c47fe98e22784303079d9c689d4890ea090235fae6fc9587c1ad,Foglio1,E5,5,5,int,1
lenovo_gwi_core_tech_brands_crosstab_export_2026-06-09.xlsx,f1eac9e09e90c47fe98e22784303079d9c689d4890ea090235fae6fc9587c1ad,Foglio1,F5,5,6,int,1
lenovo_gwi_core_tech_brands_crosstab_export_2026-06-09.xlsx,f1eac9e09e90c47fe98e22784303079d9c689d4890ea090235fae6fc9587c1ad,Foglio1,G5,5,7,int,1
lenovo_gwi_core_tech_brands_crosstab_export_2026-06-09.xlsx,f1eac9e09e90c47fe98e22784303079d9c689d4890ea090235fae6fc9587c1ad,Foglio1,H5,5,8,int,1
lenovo_gwi_core_tech_brands_crosstab_export_2026-06-09.xlsx,f1eac9e09e90c47fe98e22784303079d9c689d4890ea090235fae6fc9587c1ad,Foglio1,I5,5,9,int,1
lenovo_gwi_core_tech_brands_crosstab_export_2026-06-09.xlsx,f1eac9e09e90c47fe98e22784303079d9c689d4890ea090235fae6fc9587c1ad,Foglio1,J5,5,10,int,1
lenovo_gwi_core_tech_brands_crosstab_export_2026-06-09.xlsx,f1eac9e09e90c47fe98e22784303079d9c689d4890ea090235fae6fc9587c1ad,Foglio1,K5,5,11,int,1
lenovo_gwi_core_tech_brands_crosstab_export_2026-06-09.xlsx,f1eac9e09e90c47fe98e22784303079d9c689d4890ea090235fae6fc9587c1ad,Foglio1,L5,5,12,int,1
lenovo_gwi_core_tech_brands_crosstab_export_2026-06-09.xlsx,f1eac9e09e90c47fe98e22784303079d9c689d4890ea090235fae6fc9587c1ad,Foglio1,M5,5,13,int,1
lenovo_gwi_core_tech_brands_crosstab_export_2026-06-09.xlsx,f1eac9e09e90c47fe98e22784303079d9c689d4890ea090235fae6fc9587c1ad,Foglio1,N5,5,14,int,1
lenovo_gwi_core_tech_brands_crosstab_export_2026-06-09.xlsx,f1eac9e09e90c47fe98e22784303079d9c689d4890ea090235fae6fc9587c1ad,Foglio1,O5,5,15,int,1
lenovo_gwi_core_tech_brands_crosstab_export_2026-06-09.xlsx,f1eac9e09e90c47fe98e22784303079d9c689d4890ea090235fae6fc9587c1ad,Foglio1,P5,5,16,int,1
lenovo_gwi_core_tech_brands_crosstab_export_2026-06-09.xlsx,f1eac9e09e90c47fe98e22784303079d9c689d4890ea090235fae6fc9587c1ad,Foglio1,Q5,5,17,int,1
lenovo_gwi_core_tech_brands_crosstab_export_2026-06-09.xlsx,f1eac9e09e90c47fe98e22784303079d9c689d4890ea090235fae6fc9587c1ad,Foglio1,R5,5,18,int,1
lenovo_gwi_core_tech_brands_crosstab_export_2026-06-09.xlsx,f1eac9e09e90c47fe98e22784303079d9c689d4890ea090235fae6fc9587c1ad,Foglio1,S5,5,19,int,1
lenovo_gwi_core_tech_brands_crosstab_export_2026-06-09.xlsx,f1eac9e09e90c47fe98e22784303079d9c689d4890ea090235fae6fc9587c1ad,Foglio1,T5,5,20,int,1
lenovo_gwi_core_tech_brands_crosstab_export_2026-06-09.xlsx,f1eac9e09e90c47fe98e22784303079d9c689d4890ea090235fae6fc9587c1ad,Foglio1,U5,5,21,int,1
lenovo_gwi_core_tech_brands_crosstab_export_2026-06-09.xlsx,f1eac9e09e90c47fe98e22784303079d9c689d4890ea090235fae6fc9587c1ad,Foglio1,V5,5,22,int,1
lenovo_gwi_core_tech_brands_crosstab_export_2026-06-09.xlsx,f1eac9e09e90c47fe98e22784303079d9c689d4890ea090235fae6fc9587c1ad,Foglio1,W5,5,23,int,1
lenovo_gwi_core_tech_brands_crosstab_export_2026-06-09.xlsx,f1eac9e09e90c47fe98e22784303079d9c689d4890ea090235fae6fc9587c1ad,Foglio1,X5,5,24,int,1
lenovo_gwi_core_tech_brands_crosstab_export_2026-06-09.xlsx,f1eac9e09e90c47fe98e22784303079d9c689d4890ea090235fae6fc9587c1ad,Foglio1,Y5,5,25,int,1
lenovo_gwi_core_tech_brands_crosstab_export_2026-06-09.xlsx,f1eac9e09e90c47fe98e22784303079d9c689d4890ea090235fae6fc9587c1ad,Foglio1,Z5,5,26,int,1
lenovo_gwi_core_tech_brands_crosstab_export_2026-06-09.xlsx,f1eac9e09e90c47fe98e22784303079d9c689d4890ea090235fae6fc9587c1ad,Foglio1,AA5,5,27,int,1
lenovo_gwi_core_tech_brands_crosstab_export_2026-06-09.xlsx,f1eac9e09e90c47fe98e22784303079d9c689d4890ea090235fae6fc9587c1ad,Foglio1,AB5,5,28,int,1
lenovo_gwi_core_tech_brands_crosstab_export_2026-06-09.xlsx,f1eac9e09e90c47fe98e22784303079d9c689d4890ea090235fae6fc9587c1ad,Foglio1,AC5,5,29,int,1
lenovo_gwi_core_tech_brands_crosstab_export_2026-06-09.xlsx,f1eac9e09e90c47fe98e22784303079d9c689d4890ea090235fae6fc9587c1ad,Foglio1,AD5,5,30,int,1
lenovo_gwi_core_tech_brands_crosstab_export_2026-06-09.xlsx,f1eac9e09e90c47fe98e22784303079d9c689d4890ea090235fae6fc9587c1ad,Foglio1,AE5,5,31,int,1
lenovo_gwi_core_tech_brands_crosstab_export_2026-06-09.xlsx,f1eac9e09e90c47fe98e22784303079d9c689d4890ea090235fae6fc9587c1ad,Foglio1,AF5,5,32,int,1
lenovo_gwi_core_tech_brands_crosstab_export_2026-06-09.xlsx,f1eac9e09e90c47fe98e22784303079d9c689d4890ea090235fae6fc9587c1ad,Foglio1,AG5,5,33,int,1
lenovo_gwi_core_tech_brands_crosstab_export_2026-06-09.xlsx,f1eac9e09e90c47fe98e22784303079d9c689d4890ea090235fae6fc9587c1ad,Foglio1,AH5,5,34,int,1
lenovo_gwi_core_tech_brands_crosstab_export_2026-06-09.xlsx,f1eac9e09e90c47fe98e22784303079d9c689d4890ea090235fae6fc9587c1ad,Foglio1,AI5,5,35,int,1
lenovo_gwi_core_tech_brands_crosstab_export_2026-06-09.xlsx,f1eac9e09e90c47fe98e22784303079d9c689d4890ea090235fae6fc9587c1ad,Foglio1,AJ5,5,36,int,1
lenovo_gwi_core_tech_brands_crosstab_export_2026-06-09.xlsx,f1eac9e09e90c47fe98e22784303079d9c689d4890ea090235fae6fc9587c1ad,Foglio1,AK5,5,37,int,1
lenovo_gwi_core_tech_brands_crosstab_export_2026-06-09.xlsx,f1eac9e09e90c47fe98e22784303079d9c689d4890ea090235fae6fc9587c1ad,Foglio1,AL5,5,38,int,1
lenovo_gwi_core_tech_brands_crosstab_export_2026-06-09.xlsx,f1eac9e09e90c47fe98e22784303079d9c689d4890ea090235fae6fc9587c1ad,Foglio1,AM5,5,39,int,1
lenovo_gwi_core_tech_brands_crosstab_export_2026-06-09.xlsx,f1eac9e09e90c47fe98e22784303079d9c689d4890ea090235fae6fc9587c1ad,Foglio1,AN5,5,40,int,1
lenovo_gwi_core_tech_brands_crosstab_export_2026-06-09.xlsx,f1eac9e09e90c47fe98e22784303079d9c689d4890ea090235fae6fc9587c1ad,Foglio1,AO5,5,41,int,1
lenovo_gwi_core_tech_brands_crosstab_export_2026-06-09.xlsx,f1eac9e09e90c47fe98e22784303079d9c689d4890ea090235fae6fc9587c1ad,Foglio1,C6,6,3,str,Row %
lenovo_gwi_core_tech_brands_crosstab_export_2026-06-09.xlsx,f1eac9e09e90c47fe98e22784303079d9c689d4890ea090235fae6fc9587c1ad,Foglio1,D6,6,4,int,1
lenovo_gwi_core_tech_brands_crosstab_export_2026-06-09.xlsx,f1eac9e09e90c47fe98e22784303079d9c689d4890ea090235fae6fc9587c1ad,Foglio1,E6,6,5,int,1
lenovo_gwi_core_tech_brands_crosstab_export_2026-06-09.xlsx,f1eac9e09e90c47fe98e22784303079d9c689d4890ea090235fae6fc9587c1ad,Foglio1,F6,6,6,int,1
lenovo_gwi_core_tech_brands_crosstab_export_2026-06-09.xlsx,f1eac9e09e90c47fe98e22784303079d9c689d4890ea090235fae6fc9587c1ad,Foglio1,G6,6,7,int,1
lenovo_gwi_core_tech_brands_crosstab_export_2026-06-09.xlsx,f1eac9e09e90c47fe98e22784303079d9c689d4890ea090235fae6fc9587c1ad,Foglio1,H6,6,8,int,1
lenovo_gwi_core_tech_brands_crosstab_export_2026-06-09.xlsx,f1eac9e09e90c47fe98e22784303079d9c689d4890ea090235fae6fc9587c1ad,Foglio1,I6,6,9,int,1
lenovo_gwi_core_tech_brands_crosstab_export_2026-06-09.xlsx,f1eac9e09e90c47fe98e22784303079d9c689d4890ea090235fae6fc9587c1ad,Foglio1,J6,6,10,int,1
lenovo_gwi_core_tech_brands_crosstab_export_2026-06-09.xlsx,f1eac9e09e90c47fe98e22784303079d9c689d4890ea090235fae6fc9587c1ad,Foglio1,K6,6,11,int,1
lenovo_gwi_core_tech_brands_crosstab_export_2026-06-09.xlsx,f1eac9e09e90c47fe98e22784303079d9c689d4890ea090235fae6fc9587c1ad,Foglio1,L6,6,12,int,1
lenovo_gwi_core_tech_brands_crosstab_export_2026-06-09.xlsx,f1eac9e09e90c47fe98e22784303079d9c689d4890ea090235fae6fc9587c1ad,Foglio1,M6,6,13,int,1
lenovo_gwi_core_tech_brands_crosstab_export_2026-06-09.xlsx,f1eac9e09e90c47fe98e22784303079d9c689d4890ea090235fae6fc9587c1ad,Foglio1,N6,6,14,int,1
lenovo_gwi_core_tech_brands_crosstab_export_2026-06-09.xlsx,f1eac9e09e90c47fe98e22784303079d9c689d4890ea090235fae6fc9587c1ad,Foglio1,O6,6,15,int,1
lenovo_gwi_core_tech_brands_crosstab_export_2026-06-09.xlsx,f1eac9e09e90c47fe98e22784303079d9c689d4890ea090235fae6fc9587c1ad,Foglio1,P6,6,16,int,1
lenovo_gwi_core_tech_brands_crosstab_export_2026-06-09.xlsx,f1eac9e09e90c47fe98e22784303079d9c689d4890ea090235fae6fc9587c1ad,Foglio1,Q6,6,17,int,1
lenovo_gwi_core_tech_brands_crosstab_export_2026-06-09.xlsx,f1eac9e09e90c47fe98e22784303079d9c689d4890ea090235fae6fc9587c1ad,Foglio1,R6,6,18,int,1
lenovo_gwi_core_tech_brands_crosstab_export_2026-06-09.xlsx,f1eac9e09e90c47fe98e22784303079d9c689d4890ea090235fae6fc9587c1ad,Foglio1,S6,6,19,int,1
lenovo_gwi_core_tech_brands_crosstab_export_2026-06-09.xlsx,f1eac9e09e90c47fe98e22784303079d9c689d4890ea090235fae6fc9587c1ad,Foglio1,T6,6,20,int,1
lenovo_gwi_core_tech_brands_crosstab_export_2026-06-09.xlsx,f1eac9e09e90c47fe98e22784303079d9c689d4890ea090235fae6fc9587c1ad,Foglio1,U6,6,21,int,1
lenovo_gwi_core_tech_brands_crosstab_export_2026-06-09.xlsx,f1eac9e09e90c47fe98e22784303079d9c689d4890ea090235fae6fc9587c1ad,Foglio1,V6,6,22,int,1
lenovo_gwi_core_tech_brands_crosstab_export_2026-06-09.xlsx,f1eac9e09e90c47fe98e22784303079d9c689d4890ea090235fae6fc9587c1ad,Foglio1,W6,6,23,int,1
lenovo_gwi_core_tech_brands_crosstab_export_2026-06-09.xlsx,f1eac9e09e90c47fe98e22784303079d9c689d4890ea090235fae6fc9587c1ad,Foglio1,X6,6,24,int,1
lenovo_gwi_core_tech_brands_crosstab_export_2026-06-09.xlsx,f1eac9e09e90c47fe98e22784303079d9c689d4890ea090235fae6fc9587c1ad,Foglio1,Y6,6,25,int,1
lenovo_gwi_core_tech_brands_crosstab_export_2026-06-09.xlsx,f1eac9e09e90c47fe98e22784303079d9c689d4890ea090235fae6fc9587c1ad,Foglio1,Z6,6,26,int,1
lenovo_gwi_core_tech_brands_crosstab_export_2026-06-09.xlsx,f1eac9e09e90c47fe98e22784303079d9c689d4890ea090235fae6fc9587c1ad,Foglio1,AA6,6,27,int,1
lenovo_gwi_core_tech_brands_crosstab_export_2026-06-09.xlsx,f1eac9e09e90c47fe98e22784303079d9c689d4890ea090235fae6fc9587c1ad,Foglio1,AB6,6,28,int,1
lenovo_gwi_core_tech_brands_crosstab_export_2026-06-09.xlsx,f1eac9e09e90c47fe98e22784303079d9c689d4890ea090235fae6fc9587c1ad,Foglio1,AC6,6,29,int,1
lenovo_gwi_core_tech_brands_crosstab_export_2026-06-09.xlsx,f1eac9e09e90c47fe98e22784303079d9c689d4890ea090235fae6fc9587c1ad,Foglio1,AD6,6,30,int,1
lenovo_gwi_core_tech_brands_crosstab_export_2026-06-09.xlsx,f1eac9e09e90c47fe98e22784303079d9c689d4890ea090235fae6fc9587c1ad,Foglio1,AE6,6,31,int,1
lenovo_gwi_core_tech_brands_crosstab_export_2026-06-09.xlsx,f1eac9e09e90c47fe98e22784303079d9c689d4890ea090235fae6fc9587c1ad,Foglio1,AF6,6,32,int,1
lenovo_gwi_core_tech_brands_crosstab_export_2026-06-09.xlsx,f1eac9e09e90c47fe98e22784303079d9c689d4890ea090235fae6fc9587c1ad,Foglio1,AG6,6,33,int,1
lenovo_gwi_core_tech_brands_crosstab_export_2026-06-09.xlsx,f1eac9e09e90c47fe98e22784303079d9c689d4890ea090235fae6fc9587c1ad,Foglio1,AH6,6,34,int,1
lenovo_gwi_core_tech_brands_crosstab_export_2026-06-09.xlsx,f1eac9e09e90c47fe98e22784303079d9c689d4890ea090235fae6fc9587c1ad,Foglio1,AI6,6,35,int,1
lenovo_gwi_core_tech_brands_crosstab_export_2026-06-09.xlsx,f1eac9e09e90c47fe98e22784303079d9c689d4890ea090235fae6fc9587c1ad,Foglio1,AJ6,6,36,int,1
lenovo_gwi_core_tech_brands_crosstab_export_2026-06-09.xlsx,f1eac9e09e90c47fe98e22784303079d9c689d4890ea090235fae6fc9587c1ad,Foglio1,AK6,6,37,int,1
lenovo_gwi_core_tech_brands_crosstab_export_2026-06-09.xlsx,f1eac9e09e90c47fe98e22784303079d9c689d4890ea090235fae6fc9587c1ad,Foglio1,AL6,6,38,int,1
lenovo_gwi_core_tech_brands_crosstab_export_2026-06-09.xlsx,f1eac9e09e90c47fe98e22784303079d9c689d4890ea090235fae6fc9587c1ad,Foglio1,AM6,6,39,int,1
lenovo_gwi_core_tech_brands_crosstab_export_2026-06-09.xlsx,f1eac9e09e90c47fe98e22784303079d9c689d4890ea090235fae6fc9587c1ad,Foglio1,AN6,6,40,int,1
lenovo_gwi_core_tech_brands_crosstab_export_2026-06-09.xlsx,f1eac9e09e90c47fe98e22784303079d9c689d4890ea090235fae6fc9587c1ad,Foglio1,AO6,6,41,int,1
lenovo_gwi_core_tech_brands_crosstab_export_2026-06-09.xlsx,f1eac9e09e90c47fe98e22784303079d9c689d4890ea090235fae6fc9587c1ad,Foglio1,C7,7,3,str,Index
lenovo_gwi_core_tech_brands_crosstab_export_2026-06-09.xlsx,f1eac9e09e90c47fe98e22784303079d9c689d4890ea090235fae6fc9587c1ad,Foglio1,D7,7,4,int,100
lenovo_gwi_core_tech_brands_crosstab_export_2026-06-09.xlsx,f1eac9e09e90c47fe98e22784303079d9c689d4890ea090235fae6fc9587c1ad,Foglio1,E7,7,5,int,100
lenovo_gwi_core_tech_brands_crosstab_export_2026-06-09.xlsx,f1eac9e09e90c47fe98e22784303079d9c689d4890ea090235fae6fc9587c1ad,Foglio1,F7,7,6,int,100
lenovo_gwi_core_tech_brands_crosstab_export_2026-06-09.xlsx,f1eac9e09e90c47fe98e22784303079d9c689d4890ea090235fae6fc9587c1ad,Foglio1,G7,7,7,int,100
lenovo_gwi_core_tech_brands_crosstab_export_2026-06-09.xlsx,f1eac9e09e90c47fe98e22784303079d9c689d4890ea090235fae6fc9587c1ad,Foglio1,H7,7,8,int,100
lenovo_gwi_core_tech_brands_crosstab_export_2026-06-09.xlsx,f1eac9e09e90c47fe98e22784303079d9c689d4890ea090235fae6fc9587c1ad,Foglio1,I7,7,9,int,100
lenovo_gwi_core_tech_brands_crosstab_export_2026-06-09.xlsx,f1eac9e09e90c47fe98e22784303079d9c689d4890ea090235fae6fc9587c1ad,Foglio1,J7,7,10,int,100
lenovo_gwi_core_tech_brands_crosstab_export_2026-06-09.xlsx,f1eac9e09e90c47fe98e22784303079d9c689d4890ea090235fae6fc9587c1ad,Foglio1,K7,7,11,int,100
lenovo_gwi_core_tech_brands_crosstab_export_2026-06-09.xlsx,f1eac9e09e90c47fe98e22784303079d9c689d4890ea090235fae6fc9587c1ad,Foglio1,L7,7,12,int,100
lenovo_gwi_core_tech_brands_crosstab_export_2026-06-09.xlsx,f1eac9e09e90c47fe98e22784303079d9c689d4890ea090235fae6fc9587c1ad,Foglio1,M7,7,13,int,100
lenovo_gwi_core_tech_brands_crosstab_export_2026-06-09.xlsx,f1eac9e09e90c47fe98e22784303079d9c689d4890ea090235fae6fc9587c1ad,Foglio1,N7,7,14,int,100
lenovo_gwi_core_tech_brands_crosstab_export_2026-06-09.xlsx,f1eac9e09e90c47fe98e22784303079d9c689d4890ea090235fae6fc9587c1ad,Foglio1,O7,7,15,int,100
lenovo_gwi_core_tech_brands_crosstab_export_2026-06-09.xlsx,f1eac9e09e90c47fe98e22784303079d9c689d4890ea090235fae6fc9587c1ad,Foglio1,P7,7,16,int,100
lenovo_gwi_core_tech_brands_crosstab_export_2026-06-09.xlsx,f1eac9e09e90c47fe98e22784303079d9c689d4890ea090235fae6fc9587c1ad,Foglio1,Q7,7,17,int,100
lenovo_gwi_core_tech_brands_crosstab_export_2026-06-09.xlsx,f1eac9e09e90c47fe98e22784303079d9c689d4890ea090235fae6fc9587c1ad,Foglio1,R7,7,18,int,100
lenovo_gwi_core_tech_brands_crosstab_export_2026-06-09.xlsx,f1eac9e09e90c47fe98e22784303079d9c689d4890ea090235fae6fc9587c1ad,Foglio1,S7,7,19,int,100
lenovo_gwi_core_tech_brands_crosstab_export_2026-06-09.xlsx,f1eac9e09e90c47fe98e22784303079d9c689d4890ea090235fae6fc9587c1ad,Foglio1,T7,7,20,int,100
lenovo_gwi_core_tech_brands_crosstab_export_2026-06-09.xlsx,f1eac9e09e90c47fe98e22784303079d9c689d4890ea090235fae6fc9587c1ad,Foglio1,U7,7,21,int,100
lenovo_gwi_core_tech_brands_crosstab_export_2026-06-09.xlsx,f1eac9e09e90c47fe98e22784303079d9c689d4890ea090235fae6fc9587c1ad,Foglio1,V7,7,22,int,100
lenovo_gwi_core_tech_brands_crosstab_export_2026-06-09.xlsx,f1eac9e09e90c47fe98e22784303079d9c689d4890ea090235fae6fc9587c1ad,Foglio1,W7,7,23,int,100
lenovo_gwi_core_tech_brands_crosstab_export_2026-06-09.xlsx,f1eac9e09e90c47fe98e22784303079d9c689d4890ea090235fae6fc9587c1ad,Foglio1,X7,7,24,int,100
lenovo_gwi_core_tech_brands_crosstab_export_2026-06-09.xlsx,f1eac9e09e90c47fe98e22784303079d9c689d4890ea090235fae6fc9587c1ad,Foglio1,Y7,7,25,int,100
lenovo_gwi_core_tech_brands_crosstab_export_2026-06-09.xlsx,f1eac9e09e90c47fe98e22784303079d9c689d4890ea090235fae6fc9587c1ad,Foglio1,Z7,7,26,int,100
lenovo_gwi_core_tech_brands_crosstab_export_2026-06-09.xlsx,f1eac9e09e90c47fe98e22784303079d9c689d4890ea090235fae6fc9587c1ad,Foglio1,AA7,7,27,int,100
lenovo_gwi_core_tech_brands_crosstab_export_2026-06-09.xlsx,f1eac9e09e90c47fe98e22784303079d9c689d4890ea090235fae6fc9587c1ad,Foglio1,AB7,7,28,int,100
lenovo_gwi_core_tech_brands_crosstab_export_2026-06-09.xlsx,f1eac9e09e90c47fe98e22784303079d9c689d4890ea090235fae6fc9587c1ad,Foglio1,AC7,7,29,int,100
lenovo_gwi_core_tech_brands_crosstab_export_2026-06-09.xlsx,f1eac9e09e90c47fe98e22784303079d9c689d4890ea090235fae6fc9587c1ad,Foglio1,AD7,7,30,int,100
lenovo_gwi_core_tech_brands_crosstab_export_2026-06-09.xlsx,f1eac9e09e90c47fe98e22784303079d9c689d4890ea090235fae6fc9587c1ad,Foglio1,AE7,7,31,int,100
lenovo_gwi_core_tech_brands_crosstab_export_2026-06-09.xlsx,f1eac9e09e90c47fe98e22784303079d9c689d4890ea090235fae6fc9587c1ad,Foglio1,AF7,7,32,int,100
lenovo_gwi_core_tech_brands_crosstab_export_2026-06-09.xlsx,f1eac9e09e90c47fe98e22784303079d9c689d4890ea090235fae6fc9587c1ad,Foglio1,AG7,7,33,int,100
lenovo_gwi_core_tech_brands_crosstab_export_2026-06-09.xlsx,f1eac9e09e90c47fe98e22784303079d9c689d4890ea090235fae6fc9587c1ad,Foglio1,AH7,7,34,int,100
lenovo_gwi_core_tech_brands_crosstab_export_2026-06-09.xlsx,f1eac9e09e90c47fe98e22784303079d9c689d4890ea090235fae6fc9587c1ad,Foglio1,AI7,7,35,int,100
lenovo_gwi_core_tech_brands_crosstab_export_2026-06-09.xlsx,f1eac9e09e90c47fe98e22784303079d9c689d4890ea090235fae6fc9587c1ad,Foglio1,AJ7,7,36,int,100
lenovo_gwi_core_tech_brands_crosstab_export_2026-06-09.xlsx,f1eac9e09e90c47fe98e22784303079d9c689d4890ea090235fae6fc9587c1ad,Foglio1,AK7,7,37,int,100
lenovo_gwi_core_tech_brands_crosstab_export_2026-06-09.xlsx,f1eac9e09e90c47fe98e22784303079d9c689d4890ea090235fae6fc9587c1ad,Foglio1,AL7,7,38,int,100
lenovo_gwi_core_tech_brands_crosstab_export_2026-06-09.xlsx,f1eac9e09e90c47fe98e22784303079d9c689d4890ea090235fae6fc9587c1ad,Foglio1,AM7,7,39,int,100
lenovo_gwi_core_tech_brands_crosstab_export_2026-06-09.xlsx,f1eac9e09e90c47fe98e22784303079d9c689d4890ea090235fae6fc9587c1ad,Foglio1,AN7,7,40,int,100
lenovo_gwi_core_tech_brands_crosstab_export_2026-06-09.xlsx,f1eac9e09e90c47fe98e22784303079d9c689d4890ea090235fae6fc9587c1ad,Foglio1,AO7,7,41,int,100
lenovo_gwi_core_tech_brands_crosstab_export_2026-06-09.xlsx,f1eac9e09e90c47fe98e22784303079d9c689d4890ea090235fae6fc9587c1ad,Foglio1,A8,8,1,str,Tech Brands: Engagement*
lenovo_gwi_core_tech_brands_crosstab_export_2026-06-09.xlsx,f1eac9e09e90c47fe98e22784303079d9c689d4890ea090235fae6fc9587c1ad,Foglio1,B8,8,2,str,Lenovo (Tech Brands: Engagement*)
lenovo_gwi_core_tech_brands_crosstab_export_2026-06-09.xlsx,f1eac9e09e90c47fe98e22784303079d9c689d4890ea090235fae6fc9587c1ad,Foglio1,C8,8,3,str,Universe
lenovo_gwi_core_tech_brands_crosstab_export_2026-06-09.xlsx,f1eac9e09e90c47fe98e22784303079d9c689d4890ea090235fae6fc9587c1ad,Foglio1,D8,8,4,int,479031025
lenovo_gwi_core_tech_brands_crosstab_export_2026-06-09.xlsx,f1eac9e09e90c47fe98e22784303079d9c689d4890ea090235fae6fc9587c1ad,Foglio1,E8,8,5,int,583391876
lenovo_gwi_core_tech_brands_crosstab_export_2026-06-09.xlsx,f1eac9e09e90c47fe98e22784303079d9c689d4890ea090235fae6fc9587c1ad,Foglio1,F8,8,6,int,571241422
lenovo_gwi_core_tech_brands_crosstab_export_2026-06-09.xlsx,f1eac9e09e90c47fe98e22784303079d9c689d4890ea090235fae6fc9587c1ad,Foglio1,G8,8,7,int,589546175
lenovo_gwi_core_tech_brands_crosstab_export_2026-06-09.xlsx,f1eac9e09e90c47fe98e22784303079d9c689d4890ea090235fae6fc9587c1ad,Foglio1,H8,8,8,int,598035351
lenovo_gwi_core_tech_brands_crosstab_export_2026-06-09.xlsx,f1eac9e09e90c47fe98e22784303079d9c689d4890ea090235fae6fc9587c1ad,Foglio1,I8,8,9,int,564572014
lenovo_gwi_core_tech_brands_crosstab_export_2026-06-09.xlsx,f1eac9e09e90c47fe98e22784303079d9c689d4890ea090235fae6fc9587c1ad,Foglio1,J8,8,10,int,558482836
lenovo_gwi_core_tech_brands_crosstab_export_2026-06-09.xlsx,f1eac9e09e90c47fe98e22784303079d9c689d4890ea090235fae6fc9587c1ad,Foglio1,K8,8,11,int,552798383
lenovo_gwi_core_tech_brands_crosstab_export_2026-06-09.xlsx,f1eac9e09e90c47fe98e22784303079d9c689d4890ea090235fae6fc9587c1ad,Foglio1,L8,8,12,int,543827838
lenovo_gwi_core_tech_brands_crosstab_export_2026-06-09.xlsx,f1eac9e09e90c47fe98e22784303079d9c689d4890ea090235fae6fc9587c1ad,Foglio1,M8,8,13,int,508116719
lenovo_gwi_core_tech_brands_crosstab_export_2026-06-09.xlsx,f1eac9e09e90c47fe98e22784303079d9c689d4890ea090235fae6fc9587c1ad,Foglio1,N8,8,14,int,505039636
lenovo_gwi_core_tech_brands_crosstab_export_2026-06-09.xlsx,f1eac9e09e90c47fe98e22784303079d9c689d4890ea090235fae6fc9587c1ad,Foglio1,O8,8,15,int,482750829
lenovo_gwi_core_tech_brands_crosstab_export_2026-06-09.xlsx,f1eac9e09e90c47fe98e22784303079d9c689d4890ea090235fae6fc9587c1ad,Foglio1,P8,8,16,int,479959432
lenovo_gwi_core_tech_brands_crosstab_export_2026-06-09.xlsx,f1eac9e09e90c47fe98e22784303079d9c689d4890ea090235fae6fc9587c1ad,Foglio1,Q8,8,17,int,485077163
lenovo_gwi_core_tech_brands_crosstab_export_2026-06-09.xlsx,f1eac9e09e90c47fe98e22784303079d9c689d4890ea090235fae6fc9587c1ad,Foglio1,R8,8,18,int,468170587
lenovo_gwi_core_tech_brands_crosstab_export_2026-06-09.xlsx,f1eac9e09e90c47fe98e22784303079d9c689d4890ea090235fae6fc9587c1ad,Foglio1,S8,8,19,int,486795361
lenovo_gwi_core_tech_brands_crosstab_export_2026-06-09.xlsx,f1eac9e09e90c47fe98e22784303079d9c689d4890ea090235fae6fc9587c1ad,Foglio1,T8,8,20,int,483012794
lenovo_gwi_core_tech_brands_crosstab_export_2026-06-09.xlsx,f1eac9e09e90c47fe98e22784303079d9c689d4890ea090235fae6fc9587c1ad,Foglio1,U8,8,21,int,453955437
lenovo_gwi_core_tech_brands_crosstab_export_2026-06-09.xlsx,f1eac9e09e90c47fe98e22784303079d9c689d4890ea090235fae6fc9587c1ad,Foglio1,V8,8,22,int,456018740
lenovo_gwi_core_tech_brands_crosstab_export_2026-06-09.xlsx,f1eac9e09e90c47fe98e22784303079d9c689d4890ea090235fae6fc9587c1ad,Foglio1,W8,8,23,int,421675032
lenovo_gwi_core_tech_brands_crosstab_export_2026-06-09.xlsx,f1eac9e09e90c47fe98e22784303079d9c689d4890ea090235fae6fc9587c1ad,Foglio1,X8,8,24,int,417561816
lenovo_gwi_core_tech_brands_crosstab_export_2026-06-09.xlsx,f1eac9e09e90c47fe98e22784303079d9c689d4890ea090235fae6fc9587c1ad,Foglio1,Y8,8,25,int,409927654
lenovo_gwi_core_tech_brands_crosstab_export_2026-06-09.xlsx,f1eac9e09e90c47fe98e22784303079d9c689d4890ea090235fae6fc9587c1ad,Foglio1,Z8,8,26,int,405782554
lenovo_gwi_core_tech_brands_crosstab_export_2026-06-09.xlsx,f1eac9e09e90c47fe98e22784303079d9c689d4890ea090235fae6fc9587c1ad,Foglio1,AA8,8,27,int,425809516
lenovo_gwi_core_tech_brands_crosstab_export_2026-06-09.xlsx,f1eac9e09e90c47fe98e22784303079d9c689d4890ea090235fae6fc9587c1ad,Foglio1,AB8,8,28,int,385124453
lenovo_gwi_core_tech_brands_crosstab_export_2026-06-09.xlsx,f1eac9e09e90c47fe98e22784303079d9c689d4890ea090235fae6fc9587c1ad,Foglio1,AC8,8,29,int,388850754
lenovo_gwi_core_tech_brands_crosstab_export_2026-06-09.xlsx,f1eac9e09e90c47fe98e22784303079d9c689d4890ea090235fae6fc9587c1ad,Foglio1,AD8,8,30,int,394379155
lenovo_gwi_core_tech_brands_crosstab_export_2026-06-09.xlsx,f1eac9e09e90c47fe98e22784303079d9c689d4890ea090235fae6fc9587c1ad,Foglio1,AE8,8,31,int,401577769
lenovo_gwi_core_tech_brands_crosstab_export_2026-06-09.xlsx,f1eac9e09e90c47fe98e22784303079d9c689d4890ea090235fae6fc9587c1ad,Foglio1,AF8,8,32,int,424146813
lenovo_gwi_core_tech_brands_crosstab_export_2026-06-09.xlsx,f1eac9e09e90c47fe98e22784303079d9c689d4890ea090235fae6fc9587c1ad,Foglio1,AG8,8,33,int,430131632
lenovo_gwi_core_tech_brands_crosstab_export_2026-06-09.xlsx,f1eac9e09e90c47fe98e22784303079d9c689d4890ea090235fae6fc9587c1ad,Foglio1,AH8,8,34,int,447368049
lenovo_gwi_core_tech_brands_crosstab_export_2026-06-09.xlsx,f1eac9e09e90c47fe98e22784303079d9c689d4890ea090235fae6fc9587c1ad,Foglio1,AI8,8,35,int,472054485
lenovo_gwi_core_tech_brands_crosstab_export_2026-06-09.xlsx,f1eac9e09e90c47fe98e22784303079d9c689d4890ea090235fae6fc9587c1ad,Foglio1,AJ8,8,36,int,454019549
lenovo_gwi_core_tech_brands_crosstab_export_2026-06-09.xlsx,f1eac9e09e90c47fe98e22784303079d9c689d4890ea090235fae6fc9587c1ad,Foglio1,AK8,8,37,int,471124748
lenovo_gwi_core_tech_brands_crosstab_export_2026-06-09.xlsx,f1eac9e09e90c47fe98e22784303079d9c689d4890ea090235fae6fc9587c1ad,Foglio1,AL8,8,38,int,480872129
lenovo_gwi_core_tech_brands_crosstab_export_2026-06-09.xlsx,f1eac9e09e90c47fe98e22784303079d9c689d4890ea090235fae6fc9587c1ad,Foglio1,AM8,8,39,int,502531309
lenovo_gwi_core_tech_brands_crosstab_export_2026-06-09.xlsx,f1eac9e09e90c47fe98e22784303079d9c689d4890ea090235fae6fc9587c1ad,Foglio1,AN8,8,40,int,502481507
lenovo_gwi_core_tech_brands_crosstab_export_2026-06-09.xlsx,f1eac9e09e90c47fe98e22784303079d9c689d4890ea090235fae6fc9587c1ad,Foglio1,AO8,8,41,int,517936415
lenovo_gwi_core_tech_brands_crosstab_export_2026-06-09.xlsx,f1eac9e09e90c47fe98e22784303079d9c689d4890ea090235fae6fc9587c1ad,Foglio1,C9,9,3,str,Responses
lenovo_gwi_core_tech_brands_crosstab_export_2026-06-09.xlsx,f1eac9e09e90c47fe98e22784303079d9c689d4890ea090235fae6fc9587c1ad,Foglio1,D9,9,4,int,467975
lenovo_gwi_core_tech_brands_crosstab_export_2026-06-09.xlsx,f1eac9e09e90c47fe98e22784303079d9c689d4890ea090235fae6fc9587c1ad,Foglio1,E9,9,5,int,7012
lenovo_gwi_core_tech_brands_crosstab_export_2026-06-09.xlsx,f1eac9e09e90c47fe98e22784303079d9c689d4890ea090235fae6fc9587c1ad,Foglio1,F9,9,6,int,6566
lenovo_gwi_core_tech_brands_crosstab_export_2026-06-09.xlsx,f1eac9e09e90c47fe98e22784303079d9c689d4890ea090235fae6fc9587c1ad,Foglio1,G9,9,7,int,6793
lenovo_gwi_core_tech_brands_crosstab_export_2026-06-09.xlsx,f1eac9e09e90c47fe98e22784303079d9c689d4890ea090235fae6fc9587c1ad,Foglio1,H9,9,8,int,7857
lenovo_gwi_core_tech_brands_crosstab_export_2026-06-09.xlsx,f1eac9e09e90c47fe98e22784303079d9c689d4890ea090235fae6fc9587c1ad,Foglio1,I9,9,9,int,10933
lenovo_gwi_core_tech_brands_crosstab_export_2026-06-09.xlsx,f1eac9e09e90c47fe98e22784303079d9c689d4890ea090235fae6fc9587c1ad,Foglio1,J9,9,10,int,9486
lenovo_gwi_core_tech_brands_crosstab_export_2026-06-09.xlsx,f1eac9e09e90c47fe98e22784303079d9c689d4890ea090235fae6fc9587c1ad,Foglio1,K9,9,11,int,9160
lenovo_gwi_core_tech_brands_crosstab_export_2026-06-09.xlsx,f1eac9e09e90c47fe98e22784303079d9c689d4890ea090235fae6fc9587c1ad,Foglio1,L9,9,12,int,10264
lenovo_gwi_core_tech_brands_crosstab_export_2026-06-09.xlsx,f1eac9e09e90c47fe98e22784303079d9c689d4890ea090235fae6fc9587c1ad,Foglio1,M9,9,13,int,10933
lenovo_gwi_core_tech_brands_crosstab_export_2026-06-09.xlsx,f1eac9e09e90c47fe98e22784303079d9c689d4890ea090235fae6fc9587c1ad,Foglio1,N9,9,14,int,10872
lenovo_gwi_core_tech_brands_crosstab_export_2026-06-09.xlsx,f1eac9e09e90c47fe98e22784303079d9c689d4890ea090235fae6fc9587c1ad,Foglio1,O9,9,15,int,11297
lenovo_gwi_core_tech_brands_crosstab_export_2026-06-09.xlsx,f1eac9e09e90c47fe98e22784303079d9c689d4890ea090235fae6fc9587c1ad,Foglio1,P9,9,16,int,12541
lenovo_gwi_core_tech_brands_crosstab_export_2026-06-09.xlsx,f1eac9e09e90c47fe98e22784303079d9c689d4890ea090235fae6fc9587c1ad,Foglio1,Q9,9,17,int,13380
lenovo_gwi_core_tech_brands_crosstab_export_2026-06-09.xlsx,f1eac9e09e90c47fe98e22784303079d9c689d4890ea090235fae6fc9587c1ad,Foglio1,R9,9,18,int,10824
lenovo_gwi_core_tech_brands_crosstab_export_2026-06-09.xlsx,f1eac9e09e90c47fe98e22784303079d9c689d4890ea090235fae6fc9587c1ad,Foglio1,S9,9,19,int,11174
lenovo_gwi_core_tech_brands_crosstab_export_2026-06-09.xlsx,f1eac9e09e90c47fe98e22784303079d9c689d4890ea090235fae6fc9587c1ad,Foglio1,T9,9,20,int,12019
lenovo_gwi_core_tech_brands_crosstab_export_2026-06-09.xlsx,f1eac9e09e90c47fe98e22784303079d9c689d4890ea090235fae6fc9587c1ad,Foglio1,U9,9,21,int,11397
lenovo_gwi_core_tech_brands_crosstab_export_2026-06-09.xlsx,f1eac9e09e90c47fe98e22784303079d9c689d4890ea090235fae6fc9587c1ad,Foglio1,V9,9,22,int,11395
lenovo_gwi_core_tech_brands_crosstab_export_2026-06-09.xlsx,f1eac9e09e90c47fe98e22784303079d9c689d4890ea090235fae6fc9587c1ad,Foglio1,W9,9,23,int,12885
lenovo_gwi_core_tech_brands_crosstab_export_2026-06-09.xlsx,f1eac9e09e90c47fe98e22784303079d9c689d4890ea090235fae6fc9587c1ad,Foglio1,X9,9,24,int,13886
lenovo_gwi_core_tech_brands_crosstab_export_2026-06-09.xlsx,f1eac9e09e90c47fe98e22784303079d9c689d4890ea090235fae6fc9587c1ad,Foglio1,Y9,9,25,int,14999
lenovo_gwi_core_tech_brands_crosstab_export_2026-06-09.xlsx,f1eac9e09e90c47fe98e22784303079d9c689d4890ea090235fae6fc9587c1ad,Foglio1,Z9,9,26,int,15361
lenovo_gwi_core_tech_brands_crosstab_export_2026-06-09.xlsx,f1eac9e09e90c47fe98e22784303079d9c689d4890ea090235fae6fc9587c1ad,Foglio1,AA9,9,27,int,15578
lenovo_gwi_core_tech_brands_crosstab_export_2026-06-09.xlsx,f1eac9e09e90c47fe98e22784303079d9c689d4890ea090235fae6fc9587c1ad,Foglio1,AB9,9,28,int,14977
lenovo_gwi_core_tech_brands_crosstab_export_2026-06-09.xlsx,f1eac9e09e90c47fe98e22784303079d9c689d4890ea090235fae6fc9587c1ad,Foglio1,AC9,9,29,int,14603
lenovo_gwi_core_tech_brands_crosstab_export_2026-06-09.xlsx,f1eac9e09e90c47fe98e22784303079d9c689d4890ea090235fae6fc9587c1ad,Foglio1,AD9,9,30,int,14996
lenovo_gwi_core_tech_brands_crosstab_export_2026-06-09.xlsx,f1eac9e09e90c47fe98e22784303079d9c689d4890ea090235fae6fc9587c1ad,Foglio1,AE9,9,31,int,14906
lenovo_gwi_core_tech_brands_crosstab_export_2026-06-09.xlsx,f1eac9e09e90c47fe98e22784303079d9c689d4890ea090235fae6fc9587c1ad,Foglio1,AF9,9,32,int,15226
lenovo_gwi_core_tech_brands_crosstab_export_2026-06-09.xlsx,f1eac9e09e90c47fe98e22784303079d9c689d4890ea090235fae6fc9587c1ad,Foglio1,AG9,9,33,int,13437
lenovo_gwi_core_tech_brands_crosstab_export_2026-06-09.xlsx,f1eac9e09e90c47fe98e22784303079d9c689d4890ea090235fae6fc9587c1ad,Foglio1,AH9,9,34,int,15164
lenovo_gwi_core_tech_brands_crosstab_export_2026-06-09.xlsx,f1eac9e09e90c47fe98e22784303079d9c689d4890ea090235fae6fc9587c1ad,Foglio1,AI9,9,35,int,15843
lenovo_gwi_core_tech_brands_crosstab_export_2026-06-09.xlsx,f1eac9e09e90c47fe98e22784303079d9c689d4890ea090235fae6fc9587c1ad,Foglio1,AJ9,9,36,int,15161
lenovo_gwi_core_tech_brands_crosstab_export_2026-06-09.xlsx,f1eac9e09e90c47fe98e22784303079d9c689d4890ea090235fae6fc9587c1ad,Foglio1,AK9,9,37,int,14860
lenovo_gwi_core_tech_brands_crosstab_export_2026-06-09.xlsx,f1eac9e09e90c47fe98e22784303079d9c689d4890ea090235fae6fc9587c1ad,Foglio1,AL9,9,38,int,15149
lenovo_gwi_core_tech_brands_crosstab_export_2026-06-09.xlsx,f1eac9e09e90c47fe98e22784303079d9c689d4890ea090235fae6fc9587c1ad,Foglio1,AM9,9,39,int,15669
lenovo_gwi_core_tech_brands_crosstab_export_2026-06-09.xlsx,f1eac9e09e90c47fe98e22784303079d9c689d4890ea090235fae6fc9587c1ad,Foglio1,AN9,9,40,int,15782
lenovo_gwi_core_tech_brands_crosstab_export_2026-06-09.xlsx,f1eac9e09e90c47fe98e22784303079d9c689d4890ea090235fae6fc9587c1ad,Foglio1,AO9,9,41,int,15590
lenovo_gwi_core_tech_brands_crosstab_export_2026-06-09.xlsx,f1eac9e09e90c47fe98e22784303079d9c689d4890ea090235fae6fc9587c1ad,Foglio1,C10,10,3,str,Column %
lenovo_gwi_core_tech_brands_crosstab_export_2026-06-09.xlsx,f1eac9e09e90c47fe98e22784303079d9c689d4890ea090235fae6fc9587c1ad,Foglio1,D10,10,4,float,0.192
lenovo_gwi_core_tech_brands_crosstab_export_2026-06-09.xlsx,f1eac9e09e90c47fe98e22784303079d9c689d4890ea090235fae6fc9587c1ad,Foglio1,E10,10,5,float,0.292
lenovo_gwi_core_tech_brands_crosstab_export_2026-06-09.xlsx,f1eac9e09e90c47fe98e22784303079d9c689d4890ea090235fae6fc9587c1ad,Foglio1,F10,10,6,float,0.284
lenovo_gwi_core_tech_brands_crosstab_export_2026-06-09.xlsx,f1eac9e09e90c47fe98e22784303079d9c689d4890ea090235fae6fc9587c1ad,Foglio1,G10,10,7,float,0.29100000000000004
lenovo_gwi_core_tech_brands_crosstab_export_2026-06-09.xlsx,f1eac9e09e90c47fe98e22784303079d9c689d4890ea090235fae6fc9587c1ad,Foglio1,H10,10,8,float,0.292
lenovo_gwi_core_tech_brands_crosstab_export_2026-06-09.xlsx,f1eac9e09e90c47fe98e22784303079d9c689d4890ea090235fae6fc9587c1ad,Foglio1,I10,10,9,float,0.26899999999999996
lenovo_gwi_core_tech_brands_crosstab_export_2026-06-09.xlsx,f1eac9e09e90c47fe98e22784303079d9c689d4890ea090235fae6fc9587c1ad,Foglio1,J10,10,10,float,0.258
lenovo_gwi_core_tech_brands_crosstab_export_2026-06-09.xlsx,f1eac9e09e90c47fe98e22784303079d9c689d4890ea090235fae6fc9587c1ad,Foglio1,K10,10,11,float,0.255
lenovo_gwi_core_tech_brands_crosstab_export_2026-06-09.xlsx,f1eac9e09e90c47fe98e22784303079d9c689d4890ea090235fae6fc9587c1ad,Foglio1,L10,10,12,float,0.245
lenovo_gwi_core_tech_brands_crosstab_export_2026-06-09.xlsx,f1eac9e09e90c47fe98e22784303079d9c689d4890ea090235fae6fc9587c1ad,Foglio1,M10,10,13,float,0.226
lenovo_gwi_core_tech_brands_crosstab_export_2026-06-09.xlsx,f1eac9e09e90c47fe98e22784303079d9c689d4890ea090235fae6fc9587c1ad,Foglio1,N10,10,14,float,0.222
lenovo_gwi_core_tech_brands_crosstab_export_2026-06-09.xlsx,f1eac9e09e90c47fe98e22784303079d9c689d4890ea090235fae6fc9587c1ad,Foglio1,O10,10,15,float,0.209
lenovo_gwi_core_tech_brands_crosstab_export_2026-06-09.xlsx,f1eac9e09e90c47fe98e22784303079d9c689d4890ea090235fae6fc9587c1ad,Foglio1,P10,10,16,float,0.205
lenovo_gwi_core_tech_brands_crosstab_export_2026-06-09.xlsx,f1eac9e09e90c47fe98e22784303079d9c689d4890ea090235fae6fc9587c1ad,Foglio1,Q10,10,17,float,0.205
lenovo_gwi_core_tech_brands_crosstab_export_2026-06-09.xlsx,f1eac9e09e90c47fe98e22784303079d9c689d4890ea090235fae6fc9587c1ad,Foglio1,R10,10,18,float,0.19699999999999998
lenovo_gwi_core_tech_brands_crosstab_export_2026-06-09.xlsx,f1eac9e09e90c47fe98e22784303079d9c689d4890ea090235fae6fc9587c1ad,Foglio1,S10,10,19,float,0.203
lenovo_gwi_core_tech_brands_crosstab_export_2026-06-09.xlsx,f1eac9e09e90c47fe98e22784303079d9c689d4890ea090235fae6fc9587c1ad,Foglio1,T10,10,20,float,0.19899999999999998
lenovo_gwi_core_tech_brands_crosstab_export_2026-06-09.xlsx,f1eac9e09e90c47fe98e22784303079d9c689d4890ea090235fae6fc9587c1ad,Foglio1,U10,10,21,float,0.185
lenovo_gwi_core_tech_brands_crosstab_export_2026-06-09.xlsx,f1eac9e09e90c47fe98e22784303079d9c689d4890ea090235fae6fc9587c1ad,Foglio1,V10,10,22,float,0.185
lenovo_gwi_core_tech_brands_crosstab_export_2026-06-09.xlsx,f1eac9e09e90c47fe98e22784303079d9c689d4890ea090235fae6fc9587c1ad,Foglio1,W10,10,23,float,0.17
lenovo_gwi_core_tech_brands_crosstab_export_2026-06-09.xlsx,f1eac9e09e90c47fe98e22784303079d9c689d4890ea090235fae6fc9587c1ad,Foglio1,X10,10,24,float,0.166
lenovo_gwi_core_tech_brands_crosstab_export_2026-06-09.xlsx,f1eac9e09e90c47fe98e22784303079d9c689d4890ea090235fae6fc9587c1ad,Foglio1,Y10,10,25,float,0.163
lenovo_gwi_core_tech_brands_crosstab_export_2026-06-09.xlsx,f1eac9e09e90c47fe98e22784303079d9c689d4890ea090235fae6fc9587c1ad,Foglio1,Z10,10,26,float,0.161
lenovo_gwi_core_tech_brands_crosstab_export_2026-06-09.xlsx,f1eac9e09e90c47fe98e22784303079d9c689d4890ea090235fae6fc9587c1ad,Foglio1,AA10,10,27,float,0.168
lenovo_gwi_core_tech_brands_crosstab_export_2026-06-09.xlsx,f1eac9e09e90c47fe98e22784303079d9c689d4890ea090235fae6fc9587c1ad,Foglio1,AB10,10,28,float,0.152
lenovo_gwi_core_tech_brands_crosstab_export_2026-06-09.xlsx,f1eac9e09e90c47fe98e22784303079d9c689d4890ea090235fae6fc9587c1ad,Foglio1,AC10,10,29,float,0.151
lenovo_gwi_core_tech_brands_crosstab_export_2026-06-09.xlsx,f1eac9e09e90c47fe98e22784303079d9c689d4890ea090235fae6fc9587c1ad,Foglio1,AD10,10,30,float,0.152
lenovo_gwi_core_tech_brands_crosstab_export_2026-06-09.xlsx,f1eac9e09e90c47fe98e22784303079d9c689d4890ea090235fae6fc9587c1ad,Foglio1,AE10,10,31,float,0.153
lenovo_gwi_core_tech_brands_crosstab_export_2026-06-09.xlsx,f1eac9e09e90c47fe98e22784303079d9c689d4890ea090235fae6fc9587c1ad,Foglio1,AF10,10,32,float,0.16
lenovo_gwi_core_tech_brands_crosstab_export_2026-06-09.xlsx,f1eac9e09e90c47fe98e22784303079d9c689d4890ea090235fae6fc9587c1ad,Foglio1,AG10,10,33,float,0.155
lenovo_gwi_core_tech_brands_crosstab_export_2026-06-09.xlsx,f1eac9e09e90c47fe98e22784303079d9c689d4890ea090235fae6fc9587c1ad,Foglio1,AH10,10,34,float,0.16
lenovo_gwi_core_tech_brands_crosstab_export_2026-06-09.xlsx,f1eac9e09e90c47fe98e22784303079d9c689d4890ea090235fae6fc9587c1ad,Foglio1,AI10,10,35,float,0.16699999999999998
lenovo_gwi_core_tech_brands_crosstab_export_2026-06-09.xlsx,f1eac9e09e90c47fe98e22784303079d9c689d4890ea090235fae6fc9587c1ad,Foglio1,AJ10,10,36,float,0.159
lenovo_gwi_core_tech_brands_crosstab_export_2026-06-09.xlsx,f1eac9e09e90c47fe98e22784303079d9c689d4890ea090235fae6fc9587c1ad,Foglio1,AK10,10,37,float,0.16
lenovo_gwi_core_tech_brands_crosstab_export_2026-06-09.xlsx,f1eac9e09e90c47fe98e22784303079d9c689d4890ea090235fae6fc9587c1ad,Foglio1,AL10,10,38,float,0.161
lenovo_gwi_core_tech_brands_crosstab_export_2026-06-09.xlsx,f1eac9e09e90c47fe98e22784303079d9c689d4890ea090235fae6fc9587c1ad,Foglio1,AM10,10,39,float,0.16699999999999998
lenovo_gwi_core_tech_brands_crosstab_export_2026-06-09.xlsx,f1eac9e09e90c47fe98e22784303079d9c689d4890ea090235fae6fc9587c1ad,Foglio1,AN10,10,40,float,0.165
lenovo_gwi_core_tech_brands_crosstab_export_2026-06-09.xlsx,f1eac9e09e90c47fe98e22784303079d9c689d4890ea090235fae6fc9587c1ad,Foglio1,AO10,10,41,float,0.168
lenovo_gwi_core_tech_brands_crosstab_export_2026-06-09.xlsx,f1eac9e09e90c47fe98e22784303079d9c689d4890ea090235fae6fc9587c1ad,Foglio1,C11,11,3,str,Row %
lenovo_gwi_core_tech_brands_crosstab_export_2026-06-09.xlsx,f1eac9e09e90c47fe98e22784303079d9c689d4890ea090235fae6fc9587c1ad,Foglio1,D11,11,4,int,1
lenovo_gwi_core_tech_brands_crosstab_export_2026-06-09.xlsx,f1eac9e09e90c47fe98e22784303079d9c689d4890ea090235fae6fc9587c1ad,Foglio1,E11,11,5,int,1
lenovo_gwi_core_tech_brands_crosstab_export_2026-06-09.xlsx,f1eac9e09e90c47fe98e22784303079d9c689d4890ea090235fae6fc9587c1ad,Foglio1,F11,11,6,int,1
lenovo_gwi_core_tech_brands_crosstab_export_2026-06-09.xlsx,f1eac9e09e90c47fe98e22784303079d9c689d4890ea090235fae6fc9587c1ad,Foglio1,G11,11,7,int,1
lenovo_gwi_core_tech_brands_crosstab_export_2026-06-09.xlsx,f1eac9e09e90c47fe98e22784303079d9c689d4890ea090235fae6fc9587c1ad,Foglio1,H11,11,8,int,1
lenovo_gwi_core_tech_brands_crosstab_export_2026-06-09.xlsx,f1eac9e09e90c47fe98e22784303079d9c689d4890ea090235fae6fc9587c1ad,Foglio1,I11,11,9,int,1
lenovo_gwi_core_tech_brands_crosstab_export_2026-06-09.xlsx,f1eac9e09e90c47fe98e22784303079d9c689d4890ea090235fae6fc9587c1ad,Foglio1,J11,11,10,int,1
lenovo_gwi_core_tech_brands_crosstab_export_2026-06-09.xlsx,f1eac9e09e90c47fe98e22784303079d9c689d4890ea090235fae6fc9587c1ad,Foglio1,K11,11,11,int,1
lenovo_gwi_core_tech_brands_crosstab_export_2026-06-09.xlsx,f1eac9e09e90c47fe98e22784303079d9c689d4890ea090235fae6fc9587c1ad,Foglio1,L11,11,12,int,1
lenovo_gwi_core_tech_brands_crosstab_export_2026-06-09.xlsx,f1eac9e09e90c47fe98e22784303079d9c689d4890ea090235fae6fc9587c1ad,Foglio1,M11,11,13,int,1
lenovo_gwi_core_tech_brands_crosstab_export_2026-06-09.xlsx,f1eac9e09e90c47fe98e22784303079d9c689d4890ea090235fae6fc9587c1ad,Foglio1,N11,11,14,int,1
lenovo_gwi_core_tech_brands_crosstab_export_2026-06-09.xlsx,f1eac9e09e90c47fe98e22784303079d9c689d4890ea090235fae6fc9587c1ad,Foglio1,O11,11,15,int,1
lenovo_gwi_core_tech_brands_crosstab_export_2026-06-09.xlsx,f1eac9e09e90c47fe98e22784303079d9c689d4890ea090235fae6fc9587c1ad,Foglio1,P11,11,16,int,1
lenovo_gwi_core_tech_brands_crosstab_export_2026-06-09.xlsx,f1eac9e09e90c47fe98e22784303079d9c689d4890ea090235fae6fc9587c1ad,Foglio1,Q11,11,17,int,1
lenovo_gwi_core_tech_brands_crosstab_export_2026-06-09.xlsx,f1eac9e09e90c47fe98e22784303079d9c689d4890ea090235fae6fc9587c1ad,Foglio1,R11,11,18,int,1
lenovo_gwi_core_tech_brands_crosstab_export_2026-06-09.xlsx,f1eac9e09e90c47fe98e22784303079d9c689d4890ea090235fae6fc9587c1ad,Foglio1,S11,11,19,int,1
lenovo_gwi_core_tech_brands_crosstab_export_2026-06-09.xlsx,f1eac9e09e90c47fe98e22784303079d9c689d4890ea090235fae6fc9587c1ad,Foglio1,T11,11,20,int,1
lenovo_gwi_core_tech_brands_crosstab_export_2026-06-09.xlsx,f1eac9e09e90c47fe98e22784303079d9c689d4890ea090235fae6fc9587c1ad,Foglio1,U11,11,21,int,1
lenovo_gwi_core_tech_brands_crosstab_export_2026-06-09.xlsx,f1eac9e09e90c47fe98e22784303079d9c689d4890ea090235fae6fc9587c1ad,Foglio1,V11,11,22,int,1
lenovo_gwi_core_tech_brands_crosstab_export_2026-06-09.xlsx,f1eac9e09e90c47fe98e22784303079d9c689d4890ea090235fae6fc9587c1ad,Foglio1,W11,11,23,int,1
lenovo_gwi_core_tech_brands_crosstab_export_2026-06-09.xlsx,f1eac9e09e90c47fe98e22784303079d9c689d4890ea090235fae6fc9587c1ad,Foglio1,X11,11,24,int,1
lenovo_gwi_core_tech_brands_crosstab_export_2026-06-09.xlsx,f1eac9e09e90c47fe98e22784303079d9c689d4890ea090235fae6fc9587c1ad,Foglio1,Y11,11,25,int,1
lenovo_gwi_core_tech_brands_crosstab_export_2026-06-09.xlsx,f1eac9e09e90c47fe98e22784303079d9c689d4890ea090235fae6fc9587c1ad,Foglio1,Z11,11,26,int,1
lenovo_gwi_core_tech_brands_crosstab_export_2026-06-09.xlsx,f1eac9e09e90c47fe98e22784303079d9c689d4890ea090235fae6fc9587c1ad,Foglio1,AA11,11,27,int,1
lenovo_gwi_core_tech_brands_crosstab_export_2026-06-09.xlsx,f1eac9e09e90c47fe98e22784303079d9c689d4890ea090235fae6fc9587c1ad,Foglio1,AB11,11,28,int,1
lenovo_gwi_core_tech_brands_crosstab_export_2026-06-09.xlsx,f1eac9e09e90c47fe98e22784303079d9c689d4890ea090235fae6fc9587c1ad,Foglio1,AC11,11,29,int,1
lenovo_gwi_core_tech_brands_crosstab_export_2026-06-09.xlsx,f1eac9e09e90c47fe98e22784303079d9c689d4890ea090235fae6fc9587c1ad,Foglio1,AD11,11,30,int,1
lenovo_gwi_core_tech_brands_crosstab_export_2026-06-09.xlsx,f1eac9e09e90c47fe98e22784303079d9c689d4890ea090235fae6fc9587c1ad,Foglio1,AE11,11,31,int,1
lenovo_gwi_core_tech_brands_crosstab_export_2026-06-09.xlsx,f1eac9e09e90c47fe98e22784303079d9c689d4890ea090235fae6fc9587c1ad,Foglio1,AF11,11,32,int,1
lenovo_gwi_core_tech_brands_crosstab_export_2026-06-09.xlsx,f1eac9e09e90c47fe98e22784303079d9c689d4890ea090235fae6fc9587c1ad,Foglio1,AG11,11,33,int,1
lenovo_gwi_core_tech_brands_crosstab_export_2026-06-09.xlsx,f1eac9e09e90c47fe98e22784303079d9c689d4890ea090235fae6fc9587c1ad,Foglio1,AH11,11,34,int,1
lenovo_gwi_core_tech_brands_crosstab_export_2026-06-09.xlsx,f1eac9e09e90c47fe98e22784303079d9c689d4890ea090235fae6fc9587c1ad,Foglio1,AI11,11,35,int,1
lenovo_gwi_core_tech_brands_crosstab_export_2026-06-09.xlsx,f1eac9e09e90c47fe98e22784303079d9c689d4890ea090235fae6fc9587c1ad,Foglio1,AJ11,11,36,int,1
lenovo_gwi_core_tech_brands_crosstab_export_2026-06-09.xlsx,f1eac9e09e90c47fe98e22784303079d9c689d4890ea090235fae6fc9587c1ad,Foglio1,AK11,11,37,int,1
lenovo_gwi_core_tech_brands_crosstab_export_2026-06-09.xlsx,f1eac9e09e90c47fe98e22784303079d9c689d4890ea090235fae6fc9587c1ad,Foglio1,AL11,11,38,int,1
lenovo_gwi_core_tech_brands_crosstab_export_2026-06-09.xlsx,f1eac9e09e90c47fe98e22784303079d9c689d4890ea090235fae6fc9587c1ad,Foglio1,AM11,11,39,int,1
lenovo_gwi_core_tech_brands_crosstab_export_2026-06-09.xlsx,f1eac9e09e90c47fe98e22784303079d9c689d4890ea090235fae6fc9587c1ad,Foglio1,AN11,11,40,int,1
lenovo_gwi_core_tech_brands_crosstab_export_2026-06-09.xlsx,f1eac9e09e90c47fe98e22784303079d9c689d4890ea090235fae6fc9587c1ad,Foglio1,AO11,11,41,int,1
lenovo_gwi_core_tech_brands_crosstab_export_2026-06-09.xlsx,f1eac9e09e90c47fe98e22784303079d9c689d4890ea090235fae6fc9587c1ad,Foglio1,C12,12,3,str,Index
lenovo_gwi_core_tech_brands_crosstab_export_2026-06-09.xlsx,f1eac9e09e90c47fe98e22784303079d9c689d4890ea090235fae6fc9587c1ad,Foglio1,D12,12,4,int,100
lenovo_gwi_core_tech_brands_crosstab_export_2026-06-09.xlsx,f1eac9e09e90c47fe98e22784303079d9c689d4890ea090235fae6fc9587c1ad,Foglio1,E12,12,5,int,100
lenovo_gwi_core_tech_brands_crosstab_export_2026-06-09.xlsx,f1eac9e09e90c47fe98e22784303079d9c689d4890ea090235fae6fc9587c1ad,Foglio1,F12,12,6,int,100
lenovo_gwi_core_tech_brands_crosstab_export_2026-06-09.xlsx,f1eac9e09e90c47fe98e22784303079d9c689d4890ea090235fae6fc9587c1ad,Foglio1,G12,12,7,int,100
lenovo_gwi_core_tech_brands_crosstab_export_2026-06-09.xlsx,f1eac9e09e90c47fe98e22784303079d9c689d4890ea090235fae6fc9587c1ad,Foglio1,H12,12,8,int,100
lenovo_gwi_core_tech_brands_crosstab_export_2026-06-09.xlsx,f1eac9e09e90c47fe98e22784303079d9c689d4890ea090235fae6fc9587c1ad,Foglio1,I12,12,9,int,100
lenovo_gwi_core_tech_brands_crosstab_export_2026-06-09.xlsx,f1eac9e09e90c47fe98e22784303079d9c689d4890ea090235fae6fc9587c1ad,Foglio1,J12,12,10,int,100
lenovo_gwi_core_tech_brands_crosstab_export_2026-06-09.xlsx,f1eac9e09e90c47fe98e22784303079d9c689d4890ea090235fae6fc9587c1ad,Foglio1,K12,12,11,int,100
lenovo_gwi_core_tech_brands_crosstab_export_2026-06-09.xlsx,f1eac9e09e90c47fe98e22784303079d9c689d4890ea090235fae6fc9587c1ad,Foglio1,L12,12,12,int,100
lenovo_gwi_core_tech_brands_crosstab_export_2026-06-09.xlsx,f1eac9e09e90c47fe98e22784303079d9c689d4890ea090235fae6fc9587c1ad,Foglio1,M12,12,13,int,100
lenovo_gwi_core_tech_brands_crosstab_export_2026-06-09.xlsx,f1eac9e09e90c47fe98e22784303079d9c689d4890ea090235fae6fc9587c1ad,Foglio1,N12,12,14,int,100
lenovo_gwi_core_tech_brands_crosstab_export_2026-06-09.xlsx,f1eac9e09e90c47fe98e22784303079d9c689d4890ea090235fae6fc9587c1ad,Foglio1,O12,12,15,int,100
lenovo_gwi_core_tech_brands_crosstab_export_2026-06-09.xlsx,f1eac9e09e90c47fe98e22784303079d9c689d4890ea090235fae6fc9587c1ad,Foglio1,P12,12,16,int,100
lenovo_gwi_core_tech_brands_crosstab_export_2026-06-09.xlsx,f1eac9e09e90c47fe98e22784303079d9c689d4890ea090235fae6fc9587c1ad,Foglio1,Q12,12,17,int,100
lenovo_gwi_core_tech_brands_crosstab_export_2026-06-09.xlsx,f1eac9e09e90c47fe98e22784303079d9c689d4890ea090235fae6fc9587c1ad,Foglio1,R12,12,18,int,100
lenovo_gwi_core_tech_brands_crosstab_export_2026-06-09.xlsx,f1eac9e09e90c47fe98e22784303079d9c689d4890ea090235fae6fc9587c1ad,Foglio1,S12,12,19,int,100
lenovo_gwi_core_tech_brands_crosstab_export_2026-06-09.xlsx,f1eac9e09e90c47fe98e22784303079d9c689d4890ea090235fae6fc9587c1ad,Foglio1,T12,12,20,int,100
lenovo_gwi_core_tech_brands_crosstab_export_2026-06-09.xlsx,f1eac9e09e90c47fe98e22784303079d9c689d4890ea090235fae6fc9587c1ad,Foglio1,U12,12,21,int,100
lenovo_gwi_core_tech_brands_crosstab_export_2026-06-09.xlsx,f1eac9e09e90c47fe98e22784303079d9c689d4890ea090235fae6fc9587c1ad,Foglio1,V12,12,22,int,100
lenovo_gwi_core_tech_brands_crosstab_export_2026-06-09.xlsx,f1eac9e09e90c47fe98e22784303079d9c689d4890ea090235fae6fc9587c1ad,Foglio1,W12,12,23,int,100
lenovo_gwi_core_tech_brands_crosstab_export_2026-06-09.xlsx,f1eac9e09e90c47fe98e22784303079d9c689d4890ea090235fae6fc9587c1ad,Foglio1,X12,12,24,int,100
lenovo_gwi_core_tech_brands_crosstab_export_2026-06-09.xlsx,f1eac9e09e90c47fe98e22784303079d9c689d4890ea090235fae6fc9587c1ad,Foglio1,Y12,12,25,int,100
lenovo_gwi_core_tech_brands_crosstab_export_2026-06-09.xlsx,f1eac9e09e90c47fe98e22784303079d9c689d4890ea090235fae6fc9587c1ad,Foglio1,Z12,12,26,int,100
lenovo_gwi_core_tech_brands_crosstab_export_2026-06-09.xlsx,f1eac9e09e90c47fe98e22784303079d9c689d4890ea090235fae6fc9587c1ad,Foglio1,AA12,12,27,int,100
lenovo_gwi_core_tech_brands_crosstab_export_2026-06-09.xlsx,f1eac9e09e90c47fe98e22784303079d9c689d4890ea090235fae6fc9587c1ad,Foglio1,AB12,12,28,int,100
lenovo_gwi_core_tech_brands_crosstab_export_2026-06-09.xlsx,f1eac9e09e90c47fe98e22784303079d9c689d4890ea090235fae6fc9587c1ad,Foglio1,AC12,12,29,int,100
lenovo_gwi_core_tech_brands_crosstab_export_2026-06-09.xlsx,f1eac9e09e90c47fe98e22784303079d9c689d4890ea090235fae6fc9587c1ad,Foglio1,AD12,12,30,int,100
lenovo_gwi_core_tech_brands_crosstab_export_2026-06-09.xlsx,f1eac9e09e90c47fe98e22784303079d9c689d4890ea090235fae6fc9587c1ad,Foglio1,AE12,12,31,int,100
lenovo_gwi_core_tech_brands_crosstab_export_2026-06-09.xlsx,f1eac9e09e90c47fe98e22784303079d9c689d4890ea090235fae6fc9587c1ad,Foglio1,AF12,12,32,int,100
lenovo_gwi_core_tech_brands_crosstab_export_2026-06-09.xlsx,f1eac9e09e90c47fe98e22784303079d9c689d4890ea090235fae6fc9587c1ad,Foglio1,AG12,12,33,int,100
lenovo_gwi_core_tech_brands_crosstab_export_2026-06-09.xlsx,f1eac9e09e90c47fe98e22784303079d9c689d4890ea090235fae6fc9587c1ad,Foglio1,AH12,12,34,int,100
lenovo_gwi_core_tech_brands_crosstab_export_2026-06-09.xlsx,f1eac9e09e90c47fe98e22784303079d9c689d4890ea090235fae6fc9587c1ad,Foglio1,AI12,12,35,int,100
lenovo_gwi_core_tech_brands_crosstab_export_2026-06-09.xlsx,f1eac9e09e90c47fe98e22784303079d9c689d4890ea090235fae6fc9587c1ad,Foglio1,AJ12,12,36,int,100
lenovo_gwi_core_tech_brands_crosstab_export_2026-06-09.xlsx,f1eac9e09e90c47fe98e22784303079d9c689d4890ea090235fae6fc9587c1ad,Foglio1,AK12,12,37,int,100
lenovo_gwi_core_tech_brands_crosstab_export_2026-06-09.xlsx,f1eac9e09e90c47fe98e22784303079d9c689d4890ea090235fae6fc9587c1ad,Foglio1,AL12,12,38,int,100
lenovo_gwi_core_tech_brands_crosstab_export_2026-06-09.xlsx,f1eac9e09e90c47fe98e22784303079d9c689d4890ea090235fae6fc9587c1ad,Foglio1,AM12,12,39,int,100
lenovo_gwi_core_tech_brands_crosstab_export_2026-06-09.xlsx,f1eac9e09e90c47fe98e22784303079d9c689d4890ea090235fae6fc9587c1ad,Foglio1,AN12,12,40,int,100
lenovo_gwi_core_tech_brands_crosstab_export_2026-06-09.xlsx,f1eac9e09e90c47fe98e22784303079d9c689d4890ea090235fae6fc9587c1ad,Foglio1,AO12,12,41,int,100
lenovo_gwi_core_tech_brands_crosstab_export_2026-06-09.xlsx,f1eac9e09e90c47fe98e22784303079d9c689d4890ea090235fae6fc9587c1ad,Foglio1,A13,13,1,str,Tech Brands: Consideration*
lenovo_gwi_core_tech_brands_crosstab_export_2026-06-09.xlsx,f1eac9e09e90c47fe98e22784303079d9c689d4890ea090235fae6fc9587c1ad,Foglio1,B13,13,2,str,Lenovo (Tech Brands: Consideration*)
lenovo_gwi_core_tech_brands_crosstab_export_2026-06-09.xlsx,f1eac9e09e90c47fe98e22784303079d9c689d4890ea090235fae6fc9587c1ad,Foglio1,C13,13,3,str,Universe
lenovo_gwi_core_tech_brands_crosstab_export_2026-06-09.xlsx,f1eac9e09e90c47fe98e22784303079d9c689d4890ea090235fae6fc9587c1ad,Foglio1,D13,13,4,int,306448729
lenovo_gwi_core_tech_brands_crosstab_export_2026-06-09.xlsx,f1eac9e09e90c47fe98e22784303079d9c689d4890ea090235fae6fc9587c1ad,Foglio1,E13,13,5,int,383429845
lenovo_gwi_core_tech_brands_crosstab_export_2026-06-09.xlsx,f1eac9e09e90c47fe98e22784303079d9c689d4890ea090235fae6fc9587c1ad,Foglio1,F13,13,6,int,358840146
lenovo_gwi_core_tech_brands_crosstab_export_2026-06-09.xlsx,f1eac9e09e90c47fe98e22784303079d9c689d4890ea090235fae6fc9587c1ad,Foglio1,G13,13,7,int,367916944
lenovo_gwi_core_tech_brands_crosstab_export_2026-06-09.xlsx,f1eac9e09e90c47fe98e22784303079d9c689d4890ea090235fae6fc9587c1ad,Foglio1,H13,13,8,int,385150160
lenovo_gwi_core_tech_brands_crosstab_export_2026-06-09.xlsx,f1eac9e09e90c47fe98e22784303079d9c689d4890ea090235fae6fc9587c1ad,Foglio1,I13,13,9,int,365281815
lenovo_gwi_core_tech_brands_crosstab_export_2026-06-09.xlsx,f1eac9e09e90c47fe98e22784303079d9c689d4890ea090235fae6fc9587c1ad,Foglio1,J13,13,10,int,337641095
lenovo_gwi_core_tech_brands_crosstab_export_2026-06-09.xlsx,f1eac9e09e90c47fe98e22784303079d9c689d4890ea090235fae6fc9587c1ad,Foglio1,K13,13,11,int,327981053
lenovo_gwi_core_tech_brands_crosstab_export_2026-06-09.xlsx,f1eac9e09e90c47fe98e22784303079d9c689d4890ea090235fae6fc9587c1ad,Foglio1,L13,13,12,int,317277764
lenovo_gwi_core_tech_brands_crosstab_export_2026-06-09.xlsx,f1eac9e09e90c47fe98e22784303079d9c689d4890ea090235fae6fc9587c1ad,Foglio1,M13,13,13,int,306255534
lenovo_gwi_core_tech_brands_crosstab_export_2026-06-09.xlsx,f1eac9e09e90c47fe98e22784303079d9c689d4890ea090235fae6fc9587c1ad,Foglio1,N13,13,14,int,306980966
lenovo_gwi_core_tech_brands_crosstab_export_2026-06-09.xlsx,f1eac9e09e90c47fe98e22784303079d9c689d4890ea090235fae6fc9587c1ad,Foglio1,O13,13,15,int,288893782
lenovo_gwi_core_tech_brands_crosstab_export_2026-06-09.xlsx,f1eac9e09e90c47fe98e22784303079d9c689d4890ea090235fae6fc9587c1ad,Foglio1,P13,13,16,int,293404226
lenovo_gwi_core_tech_brands_crosstab_export_2026-06-09.xlsx,f1eac9e09e90c47fe98e22784303079d9c689d4890ea090235fae6fc9587c1ad,Foglio1,Q13,13,17,int,283181285
lenovo_gwi_core_tech_brands_crosstab_export_2026-06-09.xlsx,f1eac9e09e90c47fe98e22784303079d9c689d4890ea090235fae6fc9587c1ad,Foglio1,R13,13,18,int,273303722
lenovo_gwi_core_tech_brands_crosstab_export_2026-06-09.xlsx,f1eac9e09e90c47fe98e22784303079d9c689d4890ea090235fae6fc9587c1ad,Foglio1,S13,13,19,int,275294224
lenovo_gwi_core_tech_brands_crosstab_export_2026-06-09.xlsx,f1eac9e09e90c47fe98e22784303079d9c689d4890ea090235fae6fc9587c1ad,Foglio1,T13,13,20,int,288517021
lenovo_gwi_core_tech_brands_crosstab_export_2026-06-09.xlsx,f1eac9e09e90c47fe98e22784303079d9c689d4890ea090235fae6fc9587c1ad,Foglio1,U13,13,21,int,284431665
lenovo_gwi_core_tech_brands_crosstab_export_2026-06-09.xlsx,f1eac9e09e90c47fe98e22784303079d9c689d4890ea090235fae6fc9587c1ad,Foglio1,V13,13,22,int,288289319
lenovo_gwi_core_tech_brands_crosstab_export_2026-06-09.xlsx,f1eac9e09e90c47fe98e22784303079d9c689d4890ea090235fae6fc9587c1ad,Foglio1,W13,13,23,int,287909391
lenovo_gwi_core_tech_brands_crosstab_export_2026-06-09.xlsx,f1eac9e09e90c47fe98e22784303079d9c689d4890ea090235fae6fc9587c1ad,Foglio1,X13,13,24,int,281352091
lenovo_gwi_core_tech_brands_crosstab_export_2026-06-09.xlsx,f1eac9e09e90c47fe98e22784303079d9c689d4890ea090235fae6fc9587c1ad,Foglio1,Y13,13,25,int,270622484
lenovo_gwi_core_tech_brands_crosstab_export_2026-06-09.xlsx,f1eac9e09e90c47fe98e22784303079d9c689d4890ea090235fae6fc9587c1ad,Foglio1,Z13,13,26,int,267070150
lenovo_gwi_core_tech_brands_crosstab_export_2026-06-09.xlsx,f1eac9e09e90c47fe98e22784303079d9c689d4890ea090235fae6fc9587c1ad,Foglio1,AA13,13,27,int,275802292
lenovo_gwi_core_tech_brands_crosstab_export_2026-06-09.xlsx,f1eac9e09e90c47fe98e22784303079d9c689d4890ea090235fae6fc9587c1ad,Foglio1,AB13,13,28,int,250996438
lenovo_gwi_core_tech_brands_crosstab_export_2026-06-09.xlsx,f1eac9e09e90c47fe98e22784303079d9c689d4890ea090235fae6fc9587c1ad,Foglio1,AC13,13,29,int,260579629
lenovo_gwi_core_tech_brands_crosstab_export_2026-06-09.xlsx,f1eac9e09e90c47fe98e22784303079d9c689d4890ea090235fae6fc9587c1ad,Foglio1,AD13,13,30,int,262419990
lenovo_gwi_core_tech_brands_crosstab_export_2026-06-09.xlsx,f1eac9e09e90c47fe98e22784303079d9c689d4890ea090235fae6fc9587c1ad,Foglio1,AE13,13,31,int,273085724
lenovo_gwi_core_tech_brands_crosstab_export_2026-06-09.xlsx,f1eac9e09e90c47fe98e22784303079d9c689d4890ea090235fae6fc9587c1ad,Foglio1,AF13,13,32,int,278618776
lenovo_gwi_core_tech_brands_crosstab_export_2026-06-09.xlsx,f1eac9e09e90c47fe98e22784303079d9c689d4890ea090235fae6fc9587c1ad,Foglio1,AG13,13,33,int,292832811
lenovo_gwi_core_tech_brands_crosstab_export_2026-06-09.xlsx,f1eac9e09e90c47fe98e22784303079d9c689d4890ea090235fae6fc9587c1ad,Foglio1,AH13,13,34,int,312018702
lenovo_gwi_core_tech_brands_crosstab_export_2026-06-09.xlsx,f1eac9e09e90c47fe98e22784303079d9c689d4890ea090235fae6fc9587c1ad,Foglio1,AI13,13,35,int,310127020
lenovo_gwi_core_tech_brands_crosstab_export_2026-06-09.xlsx,f1eac9e09e90c47fe98e22784303079d9c689d4890ea090235fae6fc9587c1ad,Foglio1,AJ13,13,36,int,304179763
lenovo_gwi_core_tech_brands_crosstab_export_2026-06-09.xlsx,f1eac9e09e90c47fe98e22784303079d9c689d4890ea090235fae6fc9587c1ad,Foglio1,AK13,13,37,int,321308843
lenovo_gwi_core_tech_brands_crosstab_export_2026-06-09.xlsx,f1eac9e09e90c47fe98e22784303079d9c689d4890ea090235fae6fc9587c1ad,Foglio1,AL13,13,38,int,321078207
lenovo_gwi_core_tech_brands_crosstab_export_2026-06-09.xlsx,f1eac9e09e90c47fe98e22784303079d9c689d4890ea090235fae6fc9587c1ad,Foglio1,AM13,13,39,int,338075513
lenovo_gwi_core_tech_brands_crosstab_export_2026-06-09.xlsx,f1eac9e09e90c47fe98e22784303079d9c689d4890ea090235fae6fc9587c1ad,Foglio1,AN13,13,40,int,343254340
lenovo_gwi_core_tech_brands_crosstab_export_2026-06-09.xlsx,f1eac9e09e90c47fe98e22784303079d9c689d4890ea090235fae6fc9587c1ad,Foglio1,AO13,13,41,int,355200250
lenovo_gwi_core_tech_brands_crosstab_export_2026-06-09.xlsx,f1eac9e09e90c47fe98e22784303079d9c689d4890ea090235fae6fc9587c1ad,Foglio1,C14,14,3,str,Responses
lenovo_gwi_core_tech_brands_crosstab_export_2026-06-09.xlsx,f1eac9e09e90c47fe98e22784303079d9c689d4890ea090235fae6fc9587c1ad,Foglio1,D14,14,4,int,276396
lenovo_gwi_core_tech_brands_crosstab_export_2026-06-09.xlsx,f1eac9e09e90c47fe98e22784303079d9c689d4890ea090235fae6fc9587c1ad,Foglio1,E14,14,5,int,4186
lenovo_gwi_core_tech_brands_crosstab_export_2026-06-09.xlsx,f1eac9e09e90c47fe98e22784303079d9c689d4890ea090235fae6fc9587c1ad,Foglio1,F14,14,6,int,3795
lenovo_gwi_core_tech_brands_crosstab_export_2026-06-09.xlsx,f1eac9e09e90c47fe98e22784303079d9c689d4890ea090235fae6fc9587c1ad,Foglio1,G14,14,7,int,3883
lenovo_gwi_core_tech_brands_crosstab_export_2026-06-09.xlsx,f1eac9e09e90c47fe98e22784303079d9c689d4890ea090235fae6fc9587c1ad,Foglio1,H14,14,8,int,4484
lenovo_gwi_core_tech_brands_crosstab_export_2026-06-09.xlsx,f1eac9e09e90c47fe98e22784303079d9c689d4890ea090235fae6fc9587c1ad,Foglio1,I14,14,9,int,6328
lenovo_gwi_core_tech_brands_crosstab_export_2026-06-09.xlsx,f1eac9e09e90c47fe98e22784303079d9c689d4890ea090235fae6fc9587c1ad,Foglio1,J14,14,10,int,5214
lenovo_gwi_core_tech_brands_crosstab_export_2026-06-09.xlsx,f1eac9e09e90c47fe98e22784303079d9c689d4890ea090235fae6fc9587c1ad,Foglio1,K14,14,11,int,5053
lenovo_gwi_core_tech_brands_crosstab_export_2026-06-09.xlsx,f1eac9e09e90c47fe98e22784303079d9c689d4890ea090235fae6fc9587c1ad,Foglio1,L14,14,12,int,5523
lenovo_gwi_core_tech_brands_crosstab_export_2026-06-09.xlsx,f1eac9e09e90c47fe98e22784303079d9c689d4890ea090235fae6fc9587c1ad,Foglio1,M14,14,13,int,6297
lenovo_gwi_core_tech_brands_crosstab_export_2026-06-09.xlsx,f1eac9e09e90c47fe98e22784303079d9c689d4890ea090235fae6fc9587c1ad,Foglio1,N14,14,14,int,6128
lenovo_gwi_core_tech_brands_crosstab_export_2026-06-09.xlsx,f1eac9e09e90c47fe98e22784303079d9c689d4890ea090235fae6fc9587c1ad,Foglio1,O14,14,15,int,6381
lenovo_gwi_core_tech_brands_crosstab_export_2026-06-09.xlsx,f1eac9e09e90c47fe98e22784303079d9c689d4890ea090235fae6fc9587c1ad,Foglio1,P14,14,16,int,7128
lenovo_gwi_core_tech_brands_crosstab_export_2026-06-09.xlsx,f1eac9e09e90c47fe98e22784303079d9c689d4890ea090235fae6fc9587c1ad,Foglio1,Q14,14,17,int,7553
lenovo_gwi_core_tech_brands_crosstab_export_2026-06-09.xlsx,f1eac9e09e90c47fe98e22784303079d9c689d4890ea090235fae6fc9587c1ad,Foglio1,R14,14,18,int,5865
lenovo_gwi_core_tech_brands_crosstab_export_2026-06-09.xlsx,f1eac9e09e90c47fe98e22784303079d9c689d4890ea090235fae6fc9587c1ad,Foglio1,S14,14,19,int,6071
lenovo_gwi_core_tech_brands_crosstab_export_2026-06-09.xlsx,f1eac9e09e90c47fe98e22784303079d9c689d4890ea090235fae6fc9587c1ad,Foglio1,T14,14,20,int,6849
lenovo_gwi_core_tech_brands_crosstab_export_2026-06-09.xlsx,f1eac9e09e90c47fe98e22784303079d9c689d4890ea090235fae6fc9587c1ad,Foglio1,U14,14,21,int,6689
lenovo_gwi_core_tech_brands_crosstab_export_2026-06-09.xlsx,f1eac9e09e90c47fe98e22784303079d9c689d4890ea090235fae6fc9587c1ad,Foglio1,V14,14,22,int,6695
lenovo_gwi_core_tech_brands_crosstab_export_2026-06-09.xlsx,f1eac9e09e90c47fe98e22784303079d9c689d4890ea090235fae6fc9587c1ad,Foglio1,W14,14,23,int,7852
lenovo_gwi_core_tech_brands_crosstab_export_2026-06-09.xlsx,f1eac9e09e90c47fe98e22784303079d9c689d4890ea090235fae6fc9587c1ad,Foglio1,X14,14,24,int,8428
lenovo_gwi_core_tech_brands_crosstab_export_2026-06-09.xlsx,f1eac9e09e90c47fe98e22784303079d9c689d4890ea090235fae6fc9587c1ad,Foglio1,Y14,14,25,int,9113
lenovo_gwi_core_tech_brands_crosstab_export_2026-06-09.xlsx,f1eac9e09e90c47fe98e22784303079d9c689d4890ea090235fae6fc9587c1ad,Foglio1,Z14,14,26,int,9246
lenovo_gwi_core_tech_brands_crosstab_export_2026-06-09.xlsx,f1eac9e09e90c47fe98e22784303079d9c689d4890ea090235fae6fc9587c1ad,Foglio1,AA14,14,27,int,9137
lenovo_gwi_core_tech_brands_crosstab_export_2026-06-09.xlsx,f1eac9e09e90c47fe98e22784303079d9c689d4890ea090235fae6fc9587c1ad,Foglio1,AB14,14,28,int,8863
lenovo_gwi_core_tech_brands_crosstab_export_2026-06-09.xlsx,f1eac9e09e90c47fe98e22784303079d9c689d4890ea090235fae6fc9587c1ad,Foglio1,AC14,14,29,int,8819
lenovo_gwi_core_tech_brands_crosstab_export_2026-06-09.xlsx,f1eac9e09e90c47fe98e22784303079d9c689d4890ea090235fae6fc9587c1ad,Foglio1,AD14,14,30,int,9178
lenovo_gwi_core_tech_brands_crosstab_export_2026-06-09.xlsx,f1eac9e09e90c47fe98e22784303079d9c689d4890ea090235fae6fc9587c1ad,Foglio1,AE14,14,31,int,9014
lenovo_gwi_core_tech_brands_crosstab_export_2026-06-09.xlsx,f1eac9e09e90c47fe98e22784303079d9c689d4890ea090235fae6fc9587c1ad,Foglio1,AF14,14,32,int,9087
lenovo_gwi_core_tech_brands_crosstab_export_2026-06-09.xlsx,f1eac9e09e90c47fe98e22784303079d9c689d4890ea090235fae6fc9587c1ad,Foglio1,AG14,14,33,int,8224
lenovo_gwi_core_tech_brands_crosstab_export_2026-06-09.xlsx,f1eac9e09e90c47fe98e22784303079d9c689d4890ea090235fae6fc9587c1ad,Foglio1,AH14,14,34,int,9348
lenovo_gwi_core_tech_brands_crosstab_export_2026-06-09.xlsx,f1eac9e09e90c47fe98e22784303079d9c689d4890ea090235fae6fc9587c1ad,Foglio1,AI14,14,35,int,9462
lenovo_gwi_core_tech_brands_crosstab_export_2026-06-09.xlsx,f1eac9e09e90c47fe98e22784303079d9c689d4890ea090235fae6fc9587c1ad,Foglio1,AJ14,14,36,int,9133
lenovo_gwi_core_tech_brands_crosstab_export_2026-06-09.xlsx,f1eac9e09e90c47fe98e22784303079d9c689d4890ea090235fae6fc9587c1ad,Foglio1,AK14,14,37,int,9076
lenovo_gwi_core_tech_brands_crosstab_export_2026-06-09.xlsx,f1eac9e09e90c47fe98e22784303079d9c689d4890ea090235fae6fc9587c1ad,Foglio1,AL14,14,38,int,9141
lenovo_gwi_core_tech_brands_crosstab_export_2026-06-09.xlsx,f1eac9e09e90c47fe98e22784303079d9c689d4890ea090235fae6fc9587c1ad,Foglio1,AM14,14,39,int,9510
lenovo_gwi_core_tech_brands_crosstab_export_2026-06-09.xlsx,f1eac9e09e90c47fe98e22784303079d9c689d4890ea090235fae6fc9587c1ad,Foglio1,AN14,14,40,int,9843
lenovo_gwi_core_tech_brands_crosstab_export_2026-06-09.xlsx,f1eac9e09e90c47fe98e22784303079d9c689d4890ea090235fae6fc9587c1ad,Foglio1,AO14,14,41,int,9800
lenovo_gwi_core_tech_brands_crosstab_export_2026-06-09.xlsx,f1eac9e09e90c47fe98e22784303079d9c689d4890ea090235fae6fc9587c1ad,Foglio1,C15,15,3,str,Column %
lenovo_gwi_core_tech_brands_crosstab_export_2026-06-09.xlsx,f1eac9e09e90c47fe98e22784303079d9c689d4890ea090235fae6fc9587c1ad,Foglio1,D15,15,4,float,0.12300000000000001
lenovo_gwi_core_tech_brands_crosstab_export_2026-06-09.xlsx,f1eac9e09e90c47fe98e22784303079d9c689d4890ea090235fae6fc9587c1ad,Foglio1,E15,15,5,float,0.192
lenovo_gwi_core_tech_brands_crosstab_export_2026-06-09.xlsx,f1eac9e09e90c47fe98e22784303079d9c689d4890ea090235fae6fc9587c1ad,Foglio1,F15,15,6,float,0.17800000000000002
lenovo_gwi_core_tech_brands_crosstab_export_2026-06-09.xlsx,f1eac9e09e90c47fe98e22784303079d9c689d4890ea090235fae6fc9587c1ad,Foglio1,G15,15,7,float,0.182
lenovo_gwi_core_tech_brands_crosstab_export_2026-06-09.xlsx,f1eac9e09e90c47fe98e22784303079d9c689d4890ea090235fae6fc9587c1ad,Foglio1,H15,15,8,float,0.188
lenovo_gwi_core_tech_brands_crosstab_export_2026-06-09.xlsx,f1eac9e09e90c47fe98e22784303079d9c689d4890ea090235fae6fc9587c1ad,Foglio1,I15,15,9,float,0.174
lenovo_gwi_core_tech_brands_crosstab_export_2026-06-09.xlsx,f1eac9e09e90c47fe98e22784303079d9c689d4890ea090235fae6fc9587c1ad,Foglio1,J15,15,10,float,0.156
lenovo_gwi_core_tech_brands_crosstab_export_2026-06-09.xlsx,f1eac9e09e90c47fe98e22784303079d9c689d4890ea090235fae6fc9587c1ad,Foglio1,K15,15,11,float,0.151
lenovo_gwi_core_tech_brands_crosstab_export_2026-06-09.xlsx,f1eac9e09e90c47fe98e22784303079d9c689d4890ea090235fae6fc9587c1ad,Foglio1,L15,15,12,float,0.14300000000000002
lenovo_gwi_core_tech_brands_crosstab_export_2026-06-09.xlsx,f1eac9e09e90c47fe98e22784303079d9c689d4890ea090235fae6fc9587c1ad,Foglio1,M15,15,13,float,0.136
lenovo_gwi_core_tech_brands_crosstab_export_2026-06-09.xlsx,f1eac9e09e90c47fe98e22784303079d9c689d4890ea090235fae6fc9587c1ad,Foglio1,N15,15,14,float,0.135
lenovo_gwi_core_tech_brands_crosstab_export_2026-06-09.xlsx,f1eac9e09e90c47fe98e22784303079d9c689d4890ea090235fae6fc9587c1ad,Foglio1,O15,15,15,float,0.125
lenovo_gwi_core_tech_brands_crosstab_export_2026-06-09.xlsx,f1eac9e09e90c47fe98e22784303079d9c689d4890ea090235fae6fc9587c1ad,Foglio1,P15,15,16,float,0.125
lenovo_gwi_core_tech_brands_crosstab_export_2026-06-09.xlsx,f1eac9e09e90c47fe98e22784303079d9c689d4890ea090235fae6fc9587c1ad,Foglio1,Q15,15,17,float,0.12
lenovo_gwi_core_tech_brands_crosstab_export_2026-06-09.xlsx,f1eac9e09e90c47fe98e22784303079d9c689d4890ea090235fae6fc9587c1ad,Foglio1,R15,15,18,float,0.115
lenovo_gwi_core_tech_brands_crosstab_export_2026-06-09.xlsx,f1eac9e09e90c47fe98e22784303079d9c689d4890ea090235fae6fc9587c1ad,Foglio1,S15,15,19,float,0.115
lenovo_gwi_core_tech_brands_crosstab_export_2026-06-09.xlsx,f1eac9e09e90c47fe98e22784303079d9c689d4890ea090235fae6fc9587c1ad,Foglio1,T15,15,20,float,0.11900000000000001
lenovo_gwi_core_tech_brands_crosstab_export_2026-06-09.xlsx,f1eac9e09e90c47fe98e22784303079d9c689d4890ea090235fae6fc9587c1ad,Foglio1,U15,15,21,float,0.11599999999999999
lenovo_gwi_core_tech_brands_crosstab_export_2026-06-09.xlsx,f1eac9e09e90c47fe98e22784303079d9c689d4890ea090235fae6fc9587c1ad,Foglio1,V15,15,22,float,0.11699999999999999
lenovo_gwi_core_tech_brands_crosstab_export_2026-06-09.xlsx,f1eac9e09e90c47fe98e22784303079d9c689d4890ea090235fae6fc9587c1ad,Foglio1,W15,15,23,float,0.11599999999999999
lenovo_gwi_core_tech_brands_crosstab_export_2026-06-09.xlsx,f1eac9e09e90c47fe98e22784303079d9c689d4890ea090235fae6fc9587c1ad,Foglio1,X15,15,24,float,0.11199999999999999
lenovo_gwi_core_tech_brands_crosstab_export_2026-06-09.xlsx,f1eac9e09e90c47fe98e22784303079d9c689d4890ea090235fae6fc9587c1ad,Foglio1,Y15,15,25,float,0.10800000000000001
lenovo_gwi_core_tech_brands_crosstab_export_2026-06-09.xlsx,f1eac9e09e90c47fe98e22784303079d9c689d4890ea090235fae6fc9587c1ad,Foglio1,Z15,15,26,float,0.106
lenovo_gwi_core_tech_brands_crosstab_export_2026-06-09.xlsx,f1eac9e09e90c47fe98e22784303079d9c689d4890ea090235fae6fc9587c1ad,Foglio1,AA15,15,27,float,0.109
lenovo_gwi_core_tech_brands_crosstab_export_2026-06-09.xlsx,f1eac9e09e90c47fe98e22784303079d9c689d4890ea090235fae6fc9587c1ad,Foglio1,AB15,15,28,float,0.099
lenovo_gwi_core_tech_brands_crosstab_export_2026-06-09.xlsx,f1eac9e09e90c47fe98e22784303079d9c689d4890ea090235fae6fc9587c1ad,Foglio1,AC15,15,29,float,0.102
lenovo_gwi_core_tech_brands_crosstab_export_2026-06-09.xlsx,f1eac9e09e90c47fe98e22784303079d9c689d4890ea090235fae6fc9587c1ad,Foglio1,AD15,15,30,float,0.10099999999999999
lenovo_gwi_core_tech_brands_crosstab_export_2026-06-09.xlsx,f1eac9e09e90c47fe98e22784303079d9c689d4890ea090235fae6fc9587c1ad,Foglio1,AE15,15,31,float,0.10400000000000001
lenovo_gwi_core_tech_brands_crosstab_export_2026-06-09.xlsx,f1eac9e09e90c47fe98e22784303079d9c689d4890ea090235fae6fc9587c1ad,Foglio1,AF15,15,32,float,0.105
lenovo_gwi_core_tech_brands_crosstab_export_2026-06-09.xlsx,f1eac9e09e90c47fe98e22784303079d9c689d4890ea090235fae6fc9587c1ad,Foglio1,AG15,15,33,float,0.106
lenovo_gwi_core_tech_brands_crosstab_export_2026-06-09.xlsx,f1eac9e09e90c47fe98e22784303079d9c689d4890ea090235fae6fc9587c1ad,Foglio1,AH15,15,34,float,0.11199999999999999
lenovo_gwi_core_tech_brands_crosstab_export_2026-06-09.xlsx,f1eac9e09e90c47fe98e22784303079d9c689d4890ea090235fae6fc9587c1ad,Foglio1,AI15,15,35,float,0.11
lenovo_gwi_core_tech_brands_crosstab_export_2026-06-09.xlsx,f1eac9e09e90c47fe98e22784303079d9c689d4890ea090235fae6fc9587c1ad,Foglio1,AJ15,15,36,float,0.106
lenovo_gwi_core_tech_brands_crosstab_export_2026-06-09.xlsx,f1eac9e09e90c47fe98e22784303079d9c689d4890ea090235fae6fc9587c1ad,Foglio1,AK15,15,37,float,0.109
lenovo_gwi_core_tech_brands_crosstab_export_2026-06-09.xlsx,f1eac9e09e90c47fe98e22784303079d9c689d4890ea090235fae6fc9587c1ad,Foglio1,AL15,15,38,float,0.10800000000000001
lenovo_gwi_core_tech_brands_crosstab_export_2026-06-09.xlsx,f1eac9e09e90c47fe98e22784303079d9c689d4890ea090235fae6fc9587c1ad,Foglio1,AM15,15,39,float,0.11199999999999999
lenovo_gwi_core_tech_brands_crosstab_export_2026-06-09.xlsx,f1eac9e09e90c47fe98e22784303079d9c689d4890ea090235fae6fc9587c1ad,Foglio1,AN15,15,40,float,0.11199999999999999
lenovo_gwi_core_tech_brands_crosstab_export_2026-06-09.xlsx,f1eac9e09e90c47fe98e22784303079d9c689d4890ea090235fae6fc9587c1ad,Foglio1,AO15,15,41,float,0.115
lenovo_gwi_core_tech_brands_crosstab_export_2026-06-09.xlsx,f1eac9e09e90c47fe98e22784303079d9c689d4890ea090235fae6fc9587c1ad,Foglio1,C16,16,3,str,Row %
lenovo_gwi_core_tech_brands_crosstab_export_2026-06-09.xlsx,f1eac9e09e90c47fe98e22784303079d9c689d4890ea090235fae6fc9587c1ad,Foglio1,D16,16,4,int,1
lenovo_gwi_core_tech_brands_crosstab_export_2026-06-09.xlsx,f1eac9e09e90c47fe98e22784303079d9c689d4890ea090235fae6fc9587c1ad,Foglio1,E16,16,5,int,1
lenovo_gwi_core_tech_brands_crosstab_export_2026-06-09.xlsx,f1eac9e09e90c47fe98e22784303079d9c689d4890ea090235fae6fc9587c1ad,Foglio1,F16,16,6,int,1
lenovo_gwi_core_tech_brands_crosstab_export_2026-06-09.xlsx,f1eac9e09e90c47fe98e22784303079d9c689d4890ea090235fae6fc9587c1ad,Foglio1,G16,16,7,int,1
lenovo_gwi_core_tech_brands_crosstab_export_2026-06-09.xlsx,f1eac9e09e90c47fe98e22784303079d9c689d4890ea090235fae6fc9587c1ad,Foglio1,H16,16,8,int,1
lenovo_gwi_core_tech_brands_crosstab_export_2026-06-09.xlsx,f1eac9e09e90c47fe98e22784303079d9c689d4890ea090235fae6fc9587c1ad,Foglio1,I16,16,9,int,1
lenovo_gwi_core_tech_brands_crosstab_export_2026-06-09.xlsx,f1eac9e09e90c47fe98e22784303079d9c689d4890ea090235fae6fc9587c1ad,Foglio1,J16,16,10,int,1
lenovo_gwi_core_tech_brands_crosstab_export_2026-06-09.xlsx,f1eac9e09e90c47fe98e22784303079d9c689d4890ea090235fae6fc9587c1ad,Foglio1,K16,16,11,int,1
lenovo_gwi_core_tech_brands_crosstab_export_2026-06-09.xlsx,f1eac9e09e90c47fe98e22784303079d9c689d4890ea090235fae6fc9587c1ad,Foglio1,L16,16,12,int,1
lenovo_gwi_core_tech_brands_crosstab_export_2026-06-09.xlsx,f1eac9e09e90c47fe98e22784303079d9c689d4890ea090235fae6fc9587c1ad,Foglio1,M16,16,13,int,1
lenovo_gwi_core_tech_brands_crosstab_export_2026-06-09.xlsx,f1eac9e09e90c47fe98e22784303079d9c689d4890ea090235fae6fc9587c1ad,Foglio1,N16,16,14,int,1
lenovo_gwi_core_tech_brands_crosstab_export_2026-06-09.xlsx,f1eac9e09e90c47fe98e22784303079d9c689d4890ea090235fae6fc9587c1ad,Foglio1,O16,16,15,int,1
lenovo_gwi_core_tech_brands_crosstab_export_2026-06-09.xlsx,f1eac9e09e90c47fe98e22784303079d9c689d4890ea090235fae6fc9587c1ad,Foglio1,P16,16,16,int,1
lenovo_gwi_core_tech_brands_crosstab_export_2026-06-09.xlsx,f1eac9e09e90c47fe98e22784303079d9c689d4890ea090235fae6fc9587c1ad,Foglio1,Q16,16,17,int,1
lenovo_gwi_core_tech_brands_crosstab_export_2026-06-09.xlsx,f1eac9e09e90c47fe98e22784303079d9c689d4890ea090235fae6fc9587c1ad,Foglio1,R16,16,18,int,1
lenovo_gwi_core_tech_brands_crosstab_export_2026-06-09.xlsx,f1eac9e09e90c47fe98e22784303079d9c689d4890ea090235fae6fc9587c1ad,Foglio1,S16,16,19,int,1
lenovo_gwi_core_tech_brands_crosstab_export_2026-06-09.xlsx,f1eac9e09e90c47fe98e22784303079d9c689d4890ea090235fae6fc9587c1ad,Foglio1,T16,16,20,int,1
lenovo_gwi_core_tech_brands_crosstab_export_2026-06-09.xlsx,f1eac9e09e90c47fe98e22784303079d9c689d4890ea090235fae6fc9587c1ad,Foglio1,U16,16,21,int,1
lenovo_gwi_core_tech_brands_crosstab_export_2026-06-09.xlsx,f1eac9e09e90c47fe98e22784303079d9c689d4890ea090235fae6fc9587c1ad,Foglio1,V16,16,22,int,1
lenovo_gwi_core_tech_brands_crosstab_export_2026-06-09.xlsx,f1eac9e09e90c47fe98e22784303079d9c689d4890ea090235fae6fc9587c1ad,Foglio1,W16,16,23,int,1
lenovo_gwi_core_tech_brands_crosstab_export_2026-06-09.xlsx,f1eac9e09e90c47fe98e22784303079d9c689d4890ea090235fae6fc9587c1ad,Foglio1,X16,16,24,int,1
lenovo_gwi_core_tech_brands_crosstab_export_2026-06-09.xlsx,f1eac9e09e90c47fe98e22784303079d9c689d4890ea090235fae6fc9587c1ad,Foglio1,Y16,16,25,int,1
lenovo_gwi_core_tech_brands_crosstab_export_2026-06-09.xlsx,f1eac9e09e90c47fe98e22784303079d9c689d4890ea090235fae6fc9587c1ad,Foglio1,Z16,16,26,int,1
lenovo_gwi_core_tech_brands_crosstab_export_2026-06-09.xlsx,f1eac9e09e90c47fe98e22784303079d9c689d4890ea090235fae6fc9587c1ad,Foglio1,AA16,16,27,int,1
lenovo_gwi_core_tech_brands_crosstab_export_2026-06-09.xlsx,f1eac9e09e90c47fe98e22784303079d9c689d4890ea090235fae6fc9587c1ad,Foglio1,AB16,16,28,int,1
lenovo_gwi_core_tech_brands_crosstab_export_2026-06-09.xlsx,f1eac9e09e90c47fe98e22784303079d9c689d4890ea090235fae6fc9587c1ad,Foglio1,AC16,16,29,int,1
lenovo_gwi_core_tech_brands_crosstab_export_2026-06-09.xlsx,f1eac9e09e90c47fe98e22784303079d9c689d4890ea090235fae6fc9587c1ad,Foglio1,AD16,16,30,int,1
lenovo_gwi_core_tech_brands_crosstab_export_2026-06-09.xlsx,f1eac9e09e90c47fe98e22784303079d9c689d4890ea090235fae6fc9587c1ad,Foglio1,AE16,16,31,int,1
lenovo_gwi_core_tech_brands_crosstab_export_2026-06-09.xlsx,f1eac9e09e90c47fe98e22784303079d9c689d4890ea090235fae6fc9587c1ad,Foglio1,AF16,16,32,int,1
lenovo_gwi_core_tech_brands_crosstab_export_2026-06-09.xlsx,f1eac9e09e90c47fe98e22784303079d9c689d4890ea090235fae6fc9587c1ad,Foglio1,AG16,16,33,int,1
lenovo_gwi_core_tech_brands_crosstab_export_2026-06-09.xlsx,f1eac9e09e90c47fe98e22784303079d9c689d4890ea090235fae6fc9587c1ad,Foglio1,AH16,16,34,int,1
lenovo_gwi_core_tech_brands_crosstab_export_2026-06-09.xlsx,f1eac9e09e90c47fe98e22784303079d9c689d4890ea090235fae6fc9587c1ad,Foglio1,AI16,16,35,int,1
lenovo_gwi_core_tech_brands_crosstab_export_2026-06-09.xlsx,f1eac9e09e90c47fe98e22784303079d9c689d4890ea090235fae6fc9587c1ad,Foglio1,AJ16,16,36,int,1
lenovo_gwi_core_tech_brands_crosstab_export_2026-06-09.xlsx,f1eac9e09e90c47fe98e22784303079d9c689d4890ea090235fae6fc9587c1ad,Foglio1,AK16,16,37,int,1
lenovo_gwi_core_tech_brands_crosstab_export_2026-06-09.xlsx,f1eac9e09e90c47fe98e22784303079d9c689d4890ea090235fae6fc9587c1ad,Foglio1,AL16,16,38,int,1
lenovo_gwi_core_tech_brands_crosstab_export_2026-06-09.xlsx,f1eac9e09e90c47fe98e22784303079d9c689d4890ea090235fae6fc9587c1ad,Foglio1,AM16,16,39,int,1
lenovo_gwi_core_tech_brands_crosstab_export_2026-06-09.xlsx,f1eac9e09e90c47fe98e22784303079d9c689d4890ea090235fae6fc9587c1ad,Foglio1,AN16,16,40,int,1
lenovo_gwi_core_tech_brands_crosstab_export_2026-06-09.xlsx,f1eac9e09e90c47fe98e22784303079d9c689d4890ea090235fae6fc9587c1ad,Foglio1,AO16,16,41,int,1
lenovo_gwi_core_tech_brands_crosstab_export_2026-06-09.xlsx,f1eac9e09e90c47fe98e22784303079d9c689d4890ea090235fae6fc9587c1ad,Foglio1,C17,17,3,str,Index
lenovo_gwi_core_tech_brands_crosstab_export_2026-06-09.xlsx,f1eac9e09e90c47fe98e22784303079d9c689d4890ea090235fae6fc9587c1ad,Foglio1,D17,17,4,int,100
lenovo_gwi_core_tech_brands_crosstab_export_2026-06-09.xlsx,f1eac9e09e90c47fe98e22784303079d9c689d4890ea090235fae6fc9587c1ad,Foglio1,E17,17,5,int,100
lenovo_gwi_core_tech_brands_crosstab_export_2026-06-09.xlsx,f1eac9e09e90c47fe98e22784303079d9c689d4890ea090235fae6fc9587c1ad,Foglio1,F17,17,6,int,100
lenovo_gwi_core_tech_brands_crosstab_export_2026-06-09.xlsx,f1eac9e09e90c47fe98e22784303079d9c689d4890ea090235fae6fc9587c1ad,Foglio1,G17,17,7,int,100
lenovo_gwi_core_tech_brands_crosstab_export_2026-06-09.xlsx,f1eac9e09e90c47fe98e22784303079d9c689d4890ea090235fae6fc9587c1ad,Foglio1,H17,17,8,int,100
lenovo_gwi_core_tech_brands_crosstab_export_2026-06-09.xlsx,f1eac9e09e90c47fe98e22784303079d9c689d4890ea090235fae6fc9587c1ad,Foglio1,I17,17,9,int,100
lenovo_gwi_core_tech_brands_crosstab_export_2026-06-09.xlsx,f1eac9e09e90c47fe98e22784303079d9c689d4890ea090235fae6fc9587c1ad,Foglio1,J17,17,10,int,100
lenovo_gwi_core_tech_brands_crosstab_export_2026-06-09.xlsx,f1eac9e09e90c47fe98e22784303079d9c689d4890ea090235fae6fc9587c1ad,Foglio1,K17,17,11,int,100
lenovo_gwi_core_tech_brands_crosstab_export_2026-06-09.xlsx,f1eac9e09e90c47fe98e22784303079d9c689d4890ea090235fae6fc9587c1ad,Foglio1,L17,17,12,int,100
lenovo_gwi_core_tech_brands_crosstab_export_2026-06-09.xlsx,f1eac9e09e90c47fe98e22784303079d9c689d4890ea090235fae6fc9587c1ad,Foglio1,M17,17,13,int,100
lenovo_gwi_core_tech_brands_crosstab_export_2026-06-09.xlsx,f1eac9e09e90c47fe98e22784303079d9c689d4890ea090235fae6fc9587c1ad,Foglio1,N17,17,14,int,100
lenovo_gwi_core_tech_brands_crosstab_export_2026-06-09.xlsx,f1eac9e09e90c47fe98e22784303079d9c689d4890ea090235fae6fc9587c1ad,Foglio1,O17,17,15,int,100
lenovo_gwi_core_tech_brands_crosstab_export_2026-06-09.xlsx,f1eac9e09e90c47fe98e22784303079d9c689d4890ea090235fae6fc9587c1ad,Foglio1,P17,17,16,int,100
lenovo_gwi_core_tech_brands_crosstab_export_2026-06-09.xlsx,f1eac9e09e90c47fe98e22784303079d9c689d4890ea090235fae6fc9587c1ad,Foglio1,Q17,17,17,int,100
lenovo_gwi_core_tech_brands_crosstab_export_2026-06-09.xlsx,f1eac9e09e90c47fe98e22784303079d9c689d4890ea090235fae6fc9587c1ad,Foglio1,R17,17,18,int,100
lenovo_gwi_core_tech_brands_crosstab_export_2026-06-09.xlsx,f1eac9e09e90c47fe98e22784303079d9c689d4890ea090235fae6fc9587c1ad,Foglio1,S17,17,19,int,100
lenovo_gwi_core_tech_brands_crosstab_export_2026-06-09.xlsx,f1eac9e09e90c47fe98e22784303079d9c689d4890ea090235fae6fc9587c1ad,Foglio1,T17,17,20,int,100
lenovo_gwi_core_tech_brands_crosstab_export_2026-06-09.xlsx,f1eac9e09e90c47fe98e22784303079d9c689d4890ea090235fae6fc9587c1ad,Foglio1,U17,17,21,int,100
lenovo_gwi_core_tech_brands_crosstab_export_2026-06-09.xlsx,f1eac9e09e90c47fe98e22784303079d9c689d4890ea090235fae6fc9587c1ad,Foglio1,V17,17,22,int,100
lenovo_gwi_core_tech_brands_crosstab_export_2026-06-09.xlsx,f1eac9e09e90c47fe98e22784303079d9c689d4890ea090235fae6fc9587c1ad,Foglio1,W17,17,23,int,100
lenovo_gwi_core_tech_brands_crosstab_export_2026-06-09.xlsx,f1eac9e09e90c47fe98e22784303079d9c689d4890ea090235fae6fc9587c1ad,Foglio1,X17,17,24,int,100
lenovo_gwi_core_tech_brands_crosstab_export_2026-06-09.xlsx,f1eac9e09e90c47fe98e22784303079d9c689d4890ea090235fae6fc9587c1ad,Foglio1,Y17,17,25,int,100
lenovo_gwi_core_tech_brands_crosstab_export_2026-06-09.xlsx,f1eac9e09e90c47fe98e22784303079d9c689d4890ea090235fae6fc9587c1ad,Foglio1,Z17,17,26,int,100
lenovo_gwi_core_tech_brands_crosstab_export_2026-06-09.xlsx,f1eac9e09e90c47fe98e22784303079d9c689d4890ea090235fae6fc9587c1ad,Foglio1,AA17,17,27,int,100
lenovo_gwi_core_tech_brands_crosstab_export_2026-06-09.xlsx,f1eac9e09e90c47fe98e22784303079d9c689d4890ea090235fae6fc9587c1ad,Foglio1,AB17,17,28,int,100
lenovo_gwi_core_tech_brands_crosstab_export_2026-06-09.xlsx,f1eac9e09e90c47fe98e22784303079d9c689d4890ea090235fae6fc9587c1ad,Foglio1,AC17,17,29,int,100
lenovo_gwi_core_tech_brands_crosstab_export_2026-06-09.xlsx,f1eac9e09e90c47fe98e22784303079d9c689d4890ea090235fae6fc9587c1ad,Foglio1,AD17,17,30,int,100
lenovo_gwi_core_tech_brands_crosstab_export_2026-06-09.xlsx,f1eac9e09e90c47fe98e22784303079d9c689d4890ea090235fae6fc9587c1ad,Foglio1,AE17,17,31,int,100
lenovo_gwi_core_tech_brands_crosstab_export_2026-06-09.xlsx,f1eac9e09e90c47fe98e22784303079d9c689d4890ea090235fae6fc9587c1ad,Foglio1,AF17,17,32,int,100
lenovo_gwi_core_tech_brands_crosstab_export_2026-06-09.xlsx,f1eac9e09e90c47fe98e22784303079d9c689d4890ea090235fae6fc9587c1ad,Foglio1,AG17,17,33,int,100
lenovo_gwi_core_tech_brands_crosstab_export_2026-06-09.xlsx,f1eac9e09e90c47fe98e22784303079d9c689d4890ea090235fae6fc9587c1ad,Foglio1,AH17,17,34,int,100
lenovo_gwi_core_tech_brands_crosstab_export_2026-06-09.xlsx,f1eac9e09e90c47fe98e22784303079d9c689d4890ea090235fae6fc9587c1ad,Foglio1,AI17,17,35,int,100
lenovo_gwi_core_tech_brands_crosstab_export_2026-06-09.xlsx,f1eac9e09e90c47fe98e22784303079d9c689d4890ea090235fae6fc9587c1ad,Foglio1,AJ17,17,36,int,100
lenovo_gwi_core_tech_brands_crosstab_export_2026-06-09.xlsx,f1eac9e09e90c47fe98e22784303079d9c689d4890ea090235fae6fc9587c1ad,Foglio1,AK17,17,37,int,100
lenovo_gwi_core_tech_brands_crosstab_export_2026-06-09.xlsx,f1eac9e09e90c47fe98e22784303079d9c689d4890ea090235fae6fc9587c1ad,Foglio1,AL17,17,38,int,100
lenovo_gwi_core_tech_brands_crosstab_export_2026-06-09.xlsx,f1eac9e09e90c47fe98e22784303079d9c689d4890ea090235fae6fc9587c1ad,Foglio1,AM17,17,39,int,100
lenovo_gwi_core_tech_brands_crosstab_export_2026-06-09.xlsx,f1eac9e09e90c47fe98e22784303079d9c689d4890ea090235fae6fc9587c1ad,Foglio1,AN17,17,40,int,100
lenovo_gwi_core_tech_brands_crosstab_export_2026-06-09.xlsx,f1eac9e09e90c47fe98e22784303079d9c689d4890ea090235fae6fc9587c1ad,Foglio1,AO17,17,41,int,100
